time,x,y,z,L
0,0,1,0,0
0.1,-0.00487897,0.951068,0.0963572,-inf
0.2,-0.0190209,0.903585,0.185193,-inf
0.3,-0.0416514,0.856614,0.266038,-inf
0.4,-0.071943,0.809343,0.338314,-inf
0.5,-0.109007,0.761082,0.401389,-inf
0.6,-0.151893,0.711265,0.454634,-inf
0.7,-0.199587,0.65945,0.497469,-inf
0.8,-0.251023,0.605316,0.529408,-inf
0.9,-0.305094,0.548667,0.550103,-inf
1,-0.360663,0.489424,0.559374,-inf
1.1,-0.416588,0.427623,0.557244,-inf
1.2,-0.47174,0.36341,0.543952,-inf
1.3,-0.525022,0.297033,0.519966,-inf
1.4,-0.575399,0.22883,0.485981,-inf
1.5,-0.621915,0.159222,0.442913,-inf
1.6,-0.663716,0.0886974,0.391872,-inf
1.7,-0.700066,0.0177974,0.334139,-inf
1.8,-0.730367,-0.0528972,0.271121,-inf
1.9,-0.754164,-0.122783,0.204316,-inf
2,-0.771155,-0.191248,0.135259,-inf
2.1,-0.781192,-0.257691,0.065478,-inf
2.2,-0.784276,-0.321529,-0.00355417,-inf
2.3,-0.780552,-0.382219,-0.0704618,-inf
2.4,-0.770296,-0.439261,-0.134005,-inf
2.5,-0.7539,-0.492215,-0.193107,-inf
2.6,-0.731853,-0.540705,-0.24688,-inf
2.7,-0.704724,-0.584425,-0.294634,-inf
2.8,-0.673143,-0.623143,-0.335886,-inf
2.9,-0.637774,-0.656699,-0.370349,-inf
3,-0.599303,-0.685011,-0.397927,-inf
3.1,-0.558415,-0.708066,-0.418697,-inf
3.2,-0.515783,-0.725917,-0.432884,-inf
3.3,-0.472047,-0.738679,-0.44084,-inf
3.4,-0.427808,-0.746523,-0.443015,-inf
3.5,-0.383619,-0.749668,-0.439935,-inf
3.6,-0.339977,-0.748373,-0.432171,-inf
3.7,-0.297321,-0.742928,-0.42032,-inf
3.8,-0.256029,-0.733653,-0.404984,-inf
3.9,-0.216421,-0.720883,-0.386748,-inf
4,-0.178757,-0.704966,-0.366172,-inf
4.1,-0.143247,-0.686256,-0.343775,-inf
4.2,-0.110047,-0.665108,-0.320032,-inf
4.3,-0.0792713,-0.641871,-0.295365,-inf
4.4,-0.0509927,-0.616887,-0.270141,-inf
4.5,-0.025251,-0.590489,-0.244678,-inf
4.6,-0.00205635,-0.562992,-0.219238,-inf
4.7,0.0186047,-0.534699,-0.194039,-inf
4.8,0.0367653,-0.505893,-0.169254,-inf
4.9,0.0524738,-0.476842,-0.145018,-inf
5,0.0657906,-0.447794,-0.121434,-inf
5.1,0.0767848,-0.418978,-0.0985775,-inf
5.2,0.0855322,-0.390606,-0.0765038,-inf
5.3,0.0921129,-0.362873,-0.0552513,-inf
5.4,0.0966107,-0.335953,-0.0348478,-inf
5.5,0.0991115,-0.310006,-0.0153141,-inf
5.6,0.0997031,-0.285175,0.00333179,-inf
5.7,0.0984753,-0.261587,0.0210717,-inf
5.8,0.0955197,-0.239356,0.0378849,-inf
5.9,0.0909301,-0.218578,0.0537462,-inf
6,0.0848032,-0.199338,0.0686247,-inf
6.1,0.0772391,-0.181705,0.0824835,-inf
6.2,0.0683419,-0.165736,0.0952796,-inf
6.3,0.0582202,-0.151475,0.106964,-inf
6.4,0.0469879,-0.138953,0.117484,-inf
6.5,0.0347641,-0.128186,0.126783,-inf
6.6,0.0216738,-0.119181,0.134804,-inf
6.7,0.00784781,-0.111929,0.141489,-inf
6.8,-0.00657771,-0.106409,0.146785,-inf
6.9,-0.0214613,-0.10259,0.150643,-inf
7,-0.036657,-0.100425,0.153022,-inf
7.1,-0.0520153,-0.0998578,0.153889,-inf
7.2,-0.0673839,-0.100818,0.153226,-inf
7.3,-0.0826093,-0.103224,0.151026,-inf
7.4,-0.0975382,-0.106985,0.147299,-inf
7.5,-0.112019,-0.111997,0.142068,-inf
7.6,-0.125903,-0.11815,0.135376,-inf
7.7,-0.139047,-0.125321,0.127283,-inf
7.8,-0.151315,-0.133383,0.117864,-inf
7.9,-0.162579,-0.1422,0.107212,-inf
8,-0.17272,-0.151631,0.0954343,-inf
8.1,-0.181632,-0.161532,0.082653,-inf
8.2,-0.189222,-0.171755,0.0690011,-inf
8.3,-0.195408,-0.182151,0.0546217,-inf
8.4,-0.200127,-0.192572,0.0396652,-inf
8.5,-0.203327,-0.202871,0.0242867,-inf
8.6,-0.204975,-0.212903,0.00864366,-inf
8.7,-0.205053,-0.22253,-0.00710674,-inf
8.8,-0.203556,-0.231617,-0.0228101,-inf
8.9,-0.200497,-0.240038,-0.0383172,-inf
9,-0.195904,-0.247675,-0.0534855,-inf
9.1,-0.189816,-0.254417,-0.0681816,-inf
9.2,-0.182287,-0.260165,-0.0822819,-inf
9.3,-0.173383,-0.26483,-0.0956741,-inf
9.4,-0.163179,-0.268334,-0.108258,-inf
9.5,-0.151761,-0.270612,-0.119944,-inf
9.6,-0.139223,-0.271609,-0.130657,-inf
9.7,-0.125664,-0.271284,-0.140332,-inf
9.8,-0.111193,-0.269606,-0.148913,-inf
9.9,-0.0959197,-0.266558,-0.156359,-inf
10,-0.0799603,-0.262134,-0.162632,-inf
10.1,-0.0634332,-0.256341,-0.167707,-inf
10.2,-0.0464594,-0.249194,-0.171563,-inf
10.3,-0.0291618,-0.240724,-0.174183,-inf
10.4,-0.0116644,-0.230969,-0.175556,-inf
10.5,0.00590762,-0.219978,-0.175675,-inf
10.6,0.0234286,-0.207811,-0.174533,-inf
10.7,0.040772,-0.194536,-0.172125,-inf
10.8,0.0578112,-0.18023,-0.168448,-inf
10.9,0.0744191,-0.164981,-0.163498,-inf
11,0.0904684,-0.148881,-0.157276,-inf
11.1,0.105832,-0.132034,-0.149779,-inf
11.2,0.120382,-0.114549,-0.141011,-inf
11.3,0.133992,-0.096543,-0.130978,-inf
11.4,0.146536,-0.0781388,-0.119688,-inf
11.5,0.157888,-0.0594662,-0.107159,-inf
11.6,0.167927,-0.0406606,-0.0934135,-inf
11.7,0.176531,-0.0218625,-0.0784869,-inf
11.8,0.183586,-0.00321717,-0.0624244,-inf
11.9,0.18898,0.0151261,-0.0452857,-inf
12,0.19261,0.033015,-0.0271466,-inf
12.1,0.194379,0.0502948,-0.00810019,-inf
12.2,0.194203,0.0668093,0.0117407,-inf
12.3,0.192009,0.0824026,0.0322427,-inf
12.4,0.187738,0.0969196,0.0532509,-inf
12.5,0.181348,0.110208,0.0745884,-inf
12.6,0.172816,0.12212,0.0960569,-inf
12.7,0.16214,0.132513,0.117437,-inf
12.8,0.149339,0.141253,0.138491,-inf
12.9,0.134461,0.148216,0.158964,-inf
13,0.117575,0.153288,0.178588,-inf
13.1,0.0987808,0.156372,0.197086,-inf
13.2,0.0782047,0.157383,0.214177,-inf
13.3,0.0560016,0.156256,0.229582,-inf
13.4,0.0323536,0.152945,0.243028,-inf
13.5,0.00746983,0.147427,0.254258,-inf
13.6,-0.0184161,0.1397,0.263033,-inf
13.7,-0.0450478,0.129786,0.269143,-inf
13.8,-0.0721498,0.117732,0.272411,-inf
13.9,-0.0994307,0.103611,0.272701,-inf
14,-0.126588,0.0875216,0.269921,-inf
14.1,-0.153311,0.0695867,0.264025,-inf
14.2,-0.179289,0.0499539,0.255024,-inf
14.3,-0.204214,0.028794,0.242977,-inf
14.4,-0.227787,0.00629905,0.228,-inf
14.5,-0.249722,-0.0173199,0.21026,-inf
14.6,-0.269754,-0.041835,0.18997,-inf
14.7,-0.28764,-0.0670047,0.16739,-inf
14.8,-0.303165,-0.092577,0.142819,-inf
14.9,-0.316148,-0.118293,0.116583,-inf
15,-0.326438,-0.14389,0.0890369,-inf
15.1,-0.333924,-0.169104,0.0605468,-inf
15.2,-0.338529,-0.193678,0.0314869,-inf
15.3,-0.340215,-0.21736,0.00222941,-inf
15.4,-0.33898,-0.239907,-0.0268639,-inf
15.5,-0.334859,-0.261092,-0.0554488,-inf
15.6,-0.327918,-0.280702,-0.0832049,-inf
15.7,-0.318255,-0.298544,-0.109842,-inf
15.8,-0.305996,-0.314444,-0.135102,-inf
15.9,-0.291288,-0.328252,-0.158764,-inf
16,-0.274302,-0.339838,-0.180645,-inf
16.1,-0.255223,-0.349097,-0.2006,-inf
16.2,-0.23425,-0.35595,-0.218519,-inf
16.3,-0.21159,-0.360337,-0.234328,-inf
16.4,-0.187456,-0.362226,-0.247981,-inf
16.5,-0.162066,-0.361606,-0.259463,-inf
16.6,-0.135636,-0.358486,-0.268778,-inf
16.7,-0.108382,-0.352898,-0.275949,-inf
16.8,-0.0805165,-0.344893,-0.281013,-inf
16.9,-0.0522481,-0.334538,-0.284015,-inf
17,-0.0237807,-0.32192,-0.285001,-inf
17.1,0.00468652,-0.307138,-0.28402,-inf
17.2,0.0329592,-0.290309,-0.281116,-inf
17.3,0.0608468,-0.27156,-0.276326,-inf
17.4,0.0881625,-0.251032,-0.26968,-inf
17.5,0.114722,-0.228877,-0.261197,-inf
17.6,0.140341,-0.205256,-0.250887,-inf
17.7,0.164838,-0.180342,-0.238751,-inf
17.8,0.18803,-0.154316,-0.224782,-inf
17.9,0.209733,-0.127369,-0.208965,-inf
18,0.229761,-0.0997006,-0.191287,-inf
18.1,0.247928,-0.0715177,-0.171733,-inf
18.2,0.264045,-0.0430366,-0.150294,-inf
18.3,0.277924,-0.0144809,-0.126973,-inf
18.4,0.289377,0.0139181,-0.101787,-inf
18.5,0.298221,0.0419223,-0.0747762,-inf
18.6,0.304274,0.0692876,-0.0460063,-inf
18.7,0.307366,0.0957644,-0.0155765,-inf
18.8,0.307338,0.121099,0.0163766,-inf
18.9,0.304046,0.145037,0.0496742,-inf
19,0.297366,0.16732,0.0840919,-inf
19.1,0.2872,0.187694,0.119357,-inf
19.2,0.273477,0.205908,0.155146,-inf
19.3,0.256165,0.221719,0.191088,-inf
19.4,0.235269,0.234893,0.226765,-inf
19.5,0.210837,0.245213,0.261715,-inf
19.6,0.182966,0.252476,0.295443,-inf
19.7,0.151806,0.256503,0.327424,-inf
19.8,0.117558,0.25714,0.357117,-inf
19.9,0.0804771,0.254264,0.383977,-inf
20,0.0408745,0.247785,0.40747,-inf
20.1,-0.000887617,0.23765,0.427086,-inf
20.2,-0.0443978,0.223845,0.442358,-inf
20.3,-0.0892006,0.206403,0.452874,-inf
20.4,-0.134803,0.185398,0.4583,-inf
20.5,-0.180683,0.160951,0.458386,-inf
20.6,-0.226297,0.13323,0.452982,-inf
20.7,-0.271095,0.102447,0.442049,-inf
20.8,-0.314525,0.0688583,0.425662,-inf
20.9,-0.356051,0.0327612,0.404014,-inf
21,-0.395162,-0.00551125,0.377413,-inf
21.1,-0.431383,-0.0455936,0.34628,-inf
21.2,-0.464284,-0.0870941,0.311132,-inf
21.3,-0.493496,-0.129601,0.272578,-inf
21.4,-0.518709,-0.17269,0.231292,-inf
21.5,-0.539687,-0.21593,0.188002,-inf
21.6,-0.556268,-0.258892,0.143463,-inf
21.7,-0.568364,-0.301157,0.0984413,-inf
21.8,-0.575965,-0.342318,0.0536884,-inf
21.9,-0.579134,-0.381995,0.00992337,-inf
22,-0.578005,-0.419833,-0.0321865,-inf
22.1,-0.572772,-0.455512,-0.0720405,-inf
22.2,-0.563689,-0.488748,-0.109118,-inf
22.3,-0.551056,-0.519301,-0.142985,-inf
22.4,-0.535211,-0.54697,-0.173304,-inf
22.5,-0.516522,-0.571602,-0.199832,-inf
22.6,-0.495376,-0.593085,-0.222419,-inf
22.7,-0.472171,-0.611354,-0.241007,-inf
22.8,-0.447307,-0.626383,-0.25562,-inf
22.9,-0.421176,-0.638188,-0.266356,-inf
23,-0.39416,-0.646823,-0.273378,-inf
23.1,-0.366617,-0.652372,-0.276901,-inf
23.2,-0.338887,-0.654952,-0.277182,-inf
23.3,-0.31128,-0.654705,-0.274508,-inf
23.4,-0.284074,-0.651795,-0.269187,-inf
23.5,-0.25752,-0.646404,-0.261537,-inf
23.6,-0.231834,-0.638726,-0.251876,-inf
23.7,-0.207201,-0.628968,-0.240517,-inf
23.8,-0.183777,-0.617341,-0.227763,-inf
23.9,-0.161686,-0.604061,-0.213897,-inf
24,-0.141026,-0.589344,-0.199185,-inf
24.1,-0.121869,-0.573402,-0.183868,-inf
24.2,-0.104265,-0.556446,-0.168166,-inf
24.3,-0.0882421,-0.538677,-0.152273,-inf
24.4,-0.073811,-0.52029,-0.13636,-inf
24.5,-0.0609657,-0.50147,-0.120577,-inf
24.6,-0.049687,-0.482393,-0.10505,-inf
24.7,-0.0399434,-0.463221,-0.0898897,-inf
24.8,-0.0316938,-0.444108,-0.075186,-inf
24.9,-0.0248884,-0.425194,-0.0610156,-inf
25,-0.0194708,-0.406607,-0.0474417,-inf
25.1,-0.0153785,-0.388464,-0.0345163,-inf
25.2,-0.0125445,-0.370869,-0.0222823,-inf
25.3,-0.0108978,-0.353915,-0.0107748,-inf
25.4,-0.0103643,-0.337682,-2.28478e-05,-inf
25.5,-0.0108672,-0.322241,0.00994964,-inf
25.6,-0.0123276,-0.307649,0.0191227,-inf
25.7,-0.0146646,-0.293956,0.0274796,-inf
25.8,-0.0177958,-0.281198,0.0350064,-inf
25.9,-0.0216378,-0.269403,0.0416918,-inf
26,-0.0261058,-0.258589,0.0475265,-inf
26.1,-0.0311145,-0.248767,0.052504,-inf
26.2,-0.0365779,-0.239934,0.0566199,-inf
26.3,-0.0424097,-0.232085,0.0598728,-inf
26.4,-0.0485237,-0.225201,0.0622646,-inf
26.5,-0.0548341,-0.21926,0.0638004,-inf
26.6,-0.0612556,-0.21423,0.0644893,-inf
26.7,-0.0677042,-0.210074,0.0643448,-inf
26.8,-0.0740974,-0.206748,0.0633848,-inf
26.9,-0.0803547,-0.204202,0.0616323,-inf
27,-0.0863983,-0.20238,0.0591151,-inf
27.1,-0.0921533,-0.201223,0.0558665,-inf
27.2,-0.0975485,-0.200666,0.0519247,-inf
27.3,-0.102517,-0.200643,0.0473333,-inf
27.4,-0.106995,-0.201081,0.0421405,-inf
27.5,-0.110926,-0.201909,0.0363992,-inf
27.6,-0.114259,-0.20305,0.0301667,-inf
27.7,-0.116945,-0.20443,0.0235036,-inf
27.8,-0.118947,-0.205971,0.0164739,-inf
27.9,-0.12023,-0.207597,0.00914397,-inf
28,-0.120768,-0.209232,0.00158217,-inf
28.1,-0.120541,-0.210803,-0.00614217,-inf
28.2,-0.119537,-0.212237,-0.0139592,-inf
28.3,-0.117749,-0.213464,-0.0217992,-inf
28.4,-0.115178,-0.214418,-0.0295936,-inf
28.5,-0.111834,-0.215037,-0.037275,-inf
28.6,-0.107729,-0.215263,-0.0447781,-inf
28.7,-0.102886,-0.21504,-0.0520403,-inf
28.8,-0.0973312,-0.21432,-0.0590017,-inf
28.9,-0.0910976,-0.21306,-0.0656057,-inf
29,-0.0842238,-0.211222,-0.0717991,-inf
29.1,-0.0767532,-0.208773,-0.0775324,-inf
29.2,-0.0687342,-0.205688,-0.0827596,-inf
29.3,-0.0602195,-0.201946,-0.0874388,-inf
29.4,-0.0512659,-0.197534,-0.0915315,-inf
29.5,-0.0419339,-0.192444,-0.0950029,-inf
29.6,-0.0322871,-0.186677,-0.0978216,-inf
29.7,-0.0223923,-0.180237,-0.0999599,-inf
29.8,-0.0123187,-0.173137,-0.101393,-inf
29.9,-0.00213788,-0.165394,-0.1021,-inf
30,0.00807646,-0.157034,-0.102062,-inf
30.1,0.0182491,-0.148087,-0.101263,-inf
30.2,0.0283034,-0.138589,-0.0996931,-inf
30.3,0.0381617,-0.128582,-0.0973418,-inf
30.4,0.0477456,-0.118115,-0.094204,-inf
30.5,0.0569762,-0.10724,-0.0902779,-inf
30.6,0.0657749,-0.0960159,-0.0855657,-inf
30.7,0.0740634,-0.0845053,-0.0800738,-inf
30.8,0.0817641,-0.0727759,-0.0738135,-inf
30.9,0.088801,-0.0608995,-0.0668018,-inf
31,0.0951001,-0.0489515,-0.0590611,-inf
31.1,0.10059,-0.0370111,-0.0506208,-inf
31.2,0.105202,-0.0251602,-0.0415173,-inf
31.3,0.108873,-0.0134832,-0.0317948,-inf
31.4,0.111542,-0.00206639,-0.0215059,-inf
31.5,0.113157,0.00900253,-0.0107118,-inf
31.6,0.11367,0.0196353,0.000516795,-inf
31.7,0.113042,0.0297437,0.0121,-inf
31.8,0.111241,0.0392404,0.0239483,-inf
31.9,0.108247,0.0480397,0.0359628,-inf
32,0.104047,0.0560586,0.0480357,-inf
32.1,0.0986414,0.0632174,0.0600506,-inf
32.2,0.0920427,0.0694409,0.0718837,-inf
32.3,0.0842751,0.0746596,0.0834047,-inf
32.4,0.0753766,0.0788101,0.0944784,-inf
32.5,0.0653989,0.0818367,0.104967,-inf
32.6,0.0544075,0.0836919,0.114729,-inf
32.7,0.0424819,0.084338,0.123628,-inf
32.8,0.0297153,0.0837471,0.131527,-inf
32.9,0.0162141,0.0819027,0.138297,-inf
33,0.0020975,0.0788001,0.143817,-inf
33.1,-0.012504,0.0744469,0.147978,-inf
33.2,-0.0274495,0.0688636,0.150682,-inf
33.3,-0.0425893,0.0620841,0.151851,-inf
33.4,-0.0577664,0.0541553,0.151422,-inf
33.5,-0.072819,0.0451376,0.149353,-inf
33.6,-0.0875818,0.0351043,0.145626,-inf
33.7,-0.101889,0.0241415,0.140244,-inf
33.8,-0.115576,0.0123469,0.133232,-inf
33.9,-0.128483,-0.000170385,0.12464,-inf
34,-0.140454,-0.0132913,0.114543,-inf
34.1,-0.151344,-0.0268881,0.103035,-inf
34.2,-0.161018,-0.0408251,0.0902304,-inf
34.3,-0.169352,-0.0549611,0.0762647,-inf
34.4,-0.176237,-0.0691502,0.0612875,-inf
34.5,-0.181581,-0.0832437,0.0454622,-inf
34.6,-0.185307,-0.0970921,0.0289625,-inf
34.7,-0.187357,-0.110547,0.0119693,-inf
34.8,-0.18769,-0.123461,-0.00533254,-inf
34.9,-0.186286,-0.135692,-0.0227572,-inf
35,-0.183141,-0.147104,-0.0401212,-inf
35.1,-0.17827,-0.157568,-0.0572458,-inf
35.2,-0.171706,-0.166963,-0.0739597,-inf
35.3,-0.163497,-0.175178,-0.0901011,-inf
35.4,-0.153709,-0.182113,-0.105519,-inf
35.5,-0.142422,-0.187681,-0.120075,-inf
35.6,-0.129727,-0.191807,-0.133643,-inf
35.7,-0.11573,-0.194428,-0.146111,-inf
35.8,-0.100545,-0.195496,-0.15738,-inf
35.9,-0.084297,-0.194978,-0.167363,-inf
36,-0.0671179,-0.192853,-0.175986,-inf
36.1,-0.0491473,-0.189117,-0.183184,-inf
36.2,-0.0305304,-0.183776,-0.188904,-inf
36.3,-0.0114174,-0.176855,-0.1931,-inf
36.4,0.00803743,-0.168389,-0.195734,-inf
36.5,0.0276761,-0.158427,-0.196773,-inf
36.6,0.0473379,-0.147034,-0.196189,-inf
36.7,0.0668592,-0.134284,-0.193961,-inf
36.8,0.0860745,-0.120265,-0.190067,-inf
36.9,0.104816,-0.105078,-0.184492,-inf
37,0.122916,-0.088833,-0.177223,-inf
37.1,0.140204,-0.0716537,-0.168253,-inf
37.2,0.15651,-0.0536728,-0.157578,-inf
37.3,0.171663,-0.0350338,-0.145202,-inf
37.4,0.185494,-0.0158893,-0.131137,-inf
37.5,0.197835,0.00359862,-0.115406,-inf
37.6,0.208521,0.0232598,-0.0980441,-inf
37.7,0.217391,0.0429164,-0.0791037,-inf
37.8,0.224291,0.0623839,-0.0586539,-inf
37.9,0.229075,0.081472,-0.0367857,-inf
38,0.231605,0.0999861,-0.0136139,-inf
38.1,0.231759,0.117728,0.0107208,-inf
38.2,0.229428,0.134498,0.0360489,-inf
38.3,0.224522,0.150097,0.0621716,-inf
38.4,0.216975,0.164328,0.0888592,-inf
38.5,0.20674,0.176996,0.115852,-inf
38.6,0.193804,0.187915,0.142859,-inf
38.7,0.178179,0.196908,0.169565,-inf
38.8,0.159912,0.203807,0.195628,-inf
38.9,0.139086,0.208462,0.220687,-inf
39,0.115821,0.210736,0.244368,-inf
39.1,0.0902714,0.210517,0.26629,-inf
39.2,0.0626339,0.207712,0.286073,-inf
39.3,0.0331406,0.202255,0.303345,-inf
39.4,0.00206024,0.194107,0.317757,-inf
39.5,-0.0303046,0.183259,0.328986,-inf
39.6,-0.0636213,0.169733,0.336749,-inf
39.7,-0.097531,0.153585,0.340812,-inf
39.8,-0.131654,0.134903,0.340997,-inf
39.9,-0.165597,0.11381,0.33719,-inf
40,-0.198958,0.09046,0.329348,-inf
40.1,-0.231333,0.0650399,0.317501,-inf
40.2,-0.262328,0.0377663,0.301756,-inf
40.3,-0.29156,0.00888329,0.282292,-inf
40.4,-0.318671,-0.0213409,0.259364,-inf
40.5,-0.343328,-0.0526174,0.23329,-inf
40.6,-0.365237,-0.0846407,0.204451,-inf
40.7,-0.384141,-0.117093,0.173275,-inf
40.8,-0.399829,-0.149651,0.14023,-inf
40.9,-0.412141,-0.181985,0.105809,-inf
41,-0.420962,-0.213773,0.070521,-inf
41.1,-0.426233,-0.244696,0.034874,-inf
41.2,-0.427942,-0.274451,-0.000634912,-inf
41.3,-0.426126,-0.302746,-0.0355324,-inf
41.4,-0.42087,-0.329315,-0.069379,-inf
41.5,-0.412299,-0.353911,-0.101778,-inf
41.6,-0.400575,-0.376315,-0.132381,-inf
41.7,-0.385892,-0.396336,-0.160895,-inf
41.8,-0.368473,-0.413811,-0.187084,-inf
41.9,-0.348559,-0.428611,-0.210768,-inf
42,-0.326407,-0.440634,-0.231825,-inf
42.1,-0.302284,-0.449811,-0.250185,-inf
42.2,-0.276461,-0.456101,-0.265827,-inf
42.3,-0.249209,-0.459493,-0.278772,-inf
42.4,-0.220795,-0.460003,-0.289078,-inf
42.5,-0.191478,-0.457669,-0.296832,-inf
42.6,-0.16151,-0.452556,-0.302143,-inf
42.7,-0.131127,-0.444747,-0.305135,-inf
42.8,-0.100556,-0.434344,-0.305941,-inf
42.9,-0.0700075,-0.421466,-0.304692,-inf
43,-0.0396813,-0.406245,-0.30152,-inf
43.1,-0.0097635,-0.388828,-0.296545,-inf
43.2,0.0195713,-0.369369,-0.289876,-inf
43.3,0.0481583,-0.348033,-0.281606,-inf
43.4,0.0758416,-0.324992,-0.271811,-inf
43.5,0.102472,-0.300426,-0.260552,-inf
43.6,0.127904,-0.274518,-0.247868,-inf
43.7,0.151999,-0.247457,-0.233785,-inf
43.8,0.174615,-0.219437,-0.218314,-inf
43.9,0.195615,-0.190657,-0.201455,-inf
44,0.21486,-0.161317,-0.183199,-inf
44.1,0.232208,-0.131622,-0.163534,-inf
44.2,0.247519,-0.101783,-0.142447,-inf
44.3,0.26065,-0.0720117,-0.119934,-inf
44.4,0.271459,-0.0425245,-0.0960007,-inf
44.5,0.279804,-0.0135412,-0.0706677,-inf
44.6,0.285547,0.0147157,-0.0439794,-inf
44.7,0.288557,0.0420213,-0.0160064,-inf
44.8,0.288709,0.0681492,0.0131488,-inf
44.9,0.285892,0.0928726,0.0433481,-inf
45,0.28001,0.115965,0.0744138,-inf
45.1,0.270988,0.137204,0.106127,-inf
45.2,0.258772,0.156371,0.138225,-inf
45.3,0.24334,0.173252,0.170403,-inf
45.4,0.2247,0.187648,0.202317,-inf
45.5,0.202898,0.199367,0.233582,-inf
45.6,0.178019,0.208236,0.263783,-inf
45.7,0.150192,0.214099,0.29248,-inf
45.8,0.119589,0.216824,0.319214,-inf
45.9,0.0864297,0.216303,0.343521,-inf
46,0.0509805,0.212458,0.364943,-inf
46.1,0.0135519,0.205243,0.383039,-inf
46.2,-0.0255028,0.194647,0.397399,-inf
46.3,-0.0657911,0.180693,0.407658,-inf
46.4,-0.106887,0.163447,0.413508,-inf
46.5,-0.148338,0.143012,0.414713,-inf
46.6,-0.18967,0.119533,0.411117,-inf
46.7,-0.230399,0.0931928,0.402653,-inf
46.8,-0.270039,0.0642141,0.389349,-inf
46.9,-0.308112,0.0328555,0.371332,-inf
47,-0.344156,-0.00059126,0.348828,-inf
47.1,-0.377738,-0.0358049,0.322158,-inf
47.2,-0.408462,-0.0724394,0.291728,-inf
47.3,-0.435975,-0.110129,0.258025,-inf
47.4,-0.459976,-0.148493,0.221601,-inf
47.5,-0.480224,-0.187145,0.183057,-inf
47.6,-0.496538,-0.225694,0.143028,-inf
47.7,-0.508802,-0.263756,0.102164,-inf
47.8,-0.516965,-0.300956,0.0611164,-inf
47.9,-0.52104,-0.336937,0.0205143,-inf
48,-0.521102,-0.371363,-0.0190462,-inf
48.1,-0.517284,-0.403923,-0.0570178,-inf
48.2,-0.509768,-0.43434,-0.092914,-inf
48.3,-0.498784,-0.462367,-0.126318,-inf
48.4,-0.484599,-0.487796,-0.156887,-inf
48.5,-0.46751,-0.510457,-0.18436,-inf
48.6,-0.447837,-0.530215,-0.208552,-inf
48.7,-0.425913,-0.546977,-0.229357,-inf
48.8,-0.402079,-0.560687,-0.246742,-inf
48.9,-0.376677,-0.571323,-0.260738,-inf
49,-0.350042,-0.5789,-0.271436,-inf
49.1,-0.322495,-0.583462,-0.278976,-inf
49.2,-0.294346,-0.585082,-0.283538,-inf
49.3,-0.26588,-0.58386,-0.285333,-inf
49.4,-0.237364,-0.579916,-0.284594,-inf
49.5,-0.209038,-0.57339,-0.281566,-inf
49.6,-0.181119,-0.564438,-0.276497,-inf
49.7,-0.153798,-0.553228,-0.269637,-inf
49.8,-0.127243,-0.539935,-0.261222,-inf
49.9,-0.101598,-0.524745,-0.25148,-inf
50,-0.0769842,-0.507843,-0.24062,-inf
50.1,-0.0535047,-0.48942,-0.228831,-inf
50.2,-0.0312434,-0.469665,-0.216282,-inf
50.3,-0.0102688,-0.448765,-0.20312,-inf
50.4,0.00936427,-0.426903,-0.18947,-inf
50.5,0.0276126,-0.404261,-0.17544,-inf
50.6,0.0444423,-0.381012,-0.161113,-inf
50.7,0.0598276,-0.357326,-0.14656,-inf
50.8,0.0737486,-0.333367,-0.131834,-inf
50.9,0.0861901,-0.309291,-0.116978,-inf
51,0.097141,-0.285249,-0.102024,-inf
51.1,0.106593,-0.261385,-0.0869976,-inf
51.2,0.114539,-0.237837,-0.0719198,-inf
51.3,0.120975,-0.214737,-0.0568107,-inf
51.4,0.125901,-0.192209,-0.0416911,-inf
51.5,0.129314,-0.170374,-0.0265853,-inf
51.6,0.131219,-0.149346,-0.0115225,-inf
51.7,0.131621,-0.129231,0.00346063,-inf
51.8,0.130531,-0.110131,0.0183192,-inf
51.9,0.127963,-0.0921422,0.0329987,-inf
52,0.123939,-0.0753528,0.0474346,-inf
52.1,0.118487,-0.0598453,0.0615518,-inf
52.2,0.111643,-0.0456947,0.0752651,-inf
52.3,0.103451,-0.0329685,0.0884796,-inf
52.4,0.0939667,-0.021726,0.101092,-inf
52.5,0.0832562,-0.0120179,0.11299,-inf
52.6,0.0713963,-0.00388508,0.12406,-inf
52.7,0.0584759,0.00264131,0.13418,-inf
52.8,0.0445959,0.00754108,0.14323,-inf
52.9,0.0298694,0.0108054,0.151092,-inf
53,0.0144209,0.0124376,0.157652,-inf
53.1,-0.00161395,0.0124532,0.162802,-inf
53.2,-0.0180893,0.0108812,0.166447,-inf
53.3,-0.0348504,0.00776349,0.168504,-inf
53.4,-0.0517349,0.00315551,0.168906,-inf
53.5,-0.0685747,-0.00287385,0.167605,-inf
53.6,-0.0851981,-0.0102425,0.164573,-inf
53.7,-0.101431,-0.0188555,0.159804,-inf
53.8,-0.117102,-0.0286055,0.153316,-inf
53.9,-0.132039,-0.0393738,0.145151,-inf
54,-0.146078,-0.0510311,0.135373,-inf
54.1,-0.159062,-0.0634386,0.12407,-inf
54.2,-0.170845,-0.0764495,0.111353,-inf
54.3,-0.18129,-0.0899105,0.0973524,-inf
54.4,-0.190277,-0.103663,0.0822159,-inf
54.5,-0.197701,-0.117545,0.0661069,-inf
54.6,-0.203472,-0.131394,0.0492013,-inf
54.7,-0.207521,-0.145046,0.0316833,-inf
54.8,-0.209795,-0.15834,0.013743,-inf
54.9,-0.210262,-0.171119,-0.0044277,-inf
55,-0.208908,-0.183231,-0.0226379,-inf
55.1,-0.205739,-0.194531,-0.0407011,-inf
55.2,-0.200779,-0.204882,-0.0584382,-inf
55.3,-0.194068,-0.214158,-0.0756793,-inf
55.4,-0.185665,-0.222243,-0.0922665,-inf
55.5,-0.175641,-0.229034,-0.108055,-inf
55.6,-0.164085,-0.23444,-0.122913,-inf
55.7,-0.151093,-0.238384,-0.136726,-inf
55.8,-0.136778,-0.240802,-0.149392,-inf
55.9,-0.121256,-0.241645,-0.160824,-inf
56,-0.104656,-0.240879,-0.170949,-inf
56.1,-0.0871121,-0.238484,-0.179705,-inf
56.2,-0.0687626,-0.234454,-0.187045,-inf
56.3,-0.0497517,-0.228796,-0.192927,-inf
56.4,-0.0302268,-0.221534,-0.19732,-inf
56.5,-0.0103381,-0.212702,-0.200199,-inf
56.6,0.00976191,-0.20235,-0.201545,-inf
56.7,0.0299191,-0.190537,-0.20134,-inf
56.8,0.0499777,-0.177339,-0.199571,-inf
56.9,0.0697807,-0.162838,-0.196227,-inf
57,0.0891702,-0.147132,-0.191297,-inf
57.1,0.107987,-0.130328,-0.184773,-inf
57.2,0.126071,-0.112543,-0.176648,-inf
57.3,0.143263,-0.0939037,-0.166917,-inf
57.4,0.159401,-0.0745471,-0.155579,-inf
57.5,0.174325,-0.0546188,-0.14264,-inf
57.6,0.187876,-0.0342729,-0.128111,-inf
57.7,0.199895,-0.0136716,-0.112013,-inf
57.8,0.210228,0.00701564,-0.0943807,-inf
57.9,0.218722,0.0276126,-0.0752621,-inf
58,0.225233,0.0479372,-0.0547239,-inf
58.1,0.229622,0.0678024,-0.0328533,-inf
58.2,0.231763,0.0870172,-0.00976087,-inf
58.3,0.231538,0.105388,0.014417,-inf
58.4,0.228848,0.122721,0.0395159,-inf
58.5,0.223611,0.138822,0.0653421,-inf
58.6,0.215763,0.153498,0.0916718,-inf
58.7,0.205268,0.166563,0.118251,-inf
58.8,0.192114,0.177836,0.144797,-inf
58.9,0.17632,0.187147,0.171,-inf
59,0.157937,0.194335,0.196527,-inf
59.1,0.137049,0.199255,0.221026,-inf
59.2,0.113778,0.201779,0.244132,-inf
59.3,0.0882813,0.2018,0.265472,-inf
59.4,0.0607545,0.199231,0.284677,-inf
59.5,0.0314291,0.194012,0.301386,-inf
59.6,0.00057185,0.186109,0.315259,-inf
59.7,-0.0315178,0.175519,0.325984,-inf
59.8,-0.0645109,0.162268,0.333288,-inf
59.9,-0.0980538,0.146415,0.336946,-inf
60,-0.131773,0.128052,0.336788,-inf
60.1,-0.165281,0.107302,0.332707,-inf
60.2,-0.198182,0.0843229,0.324665,-inf
60.3,-0.230083,0.059301,0.312697,-inf
60.4,-0.260594,0.0324531,0.296911,-inf
60.5,-0.289343,0.00402205,0.277488,-inf
60.6,-0.315979,-0.0257254,0.25468,-inf
60.7,-0.340177,-0.0565027,0.228803,-inf
60.8,-0.36165,-0.0880075,0.200229,-inf
60.9,-0.380147,-0.119926,0.169382,-inf
61,-0.395465,-0.151937,0.13672,-inf
61.1,-0.407447,-0.183718,0.102727,-inf
61.2,-0.415983,-0.214949,0.0679003,-inf
61.3,-0.421016,-0.245317,0.0327379,-inf
61.4,-0.422536,-0.274522,-0.00227469,-inf
61.5,-0.420581,-0.30228,-0.0366749,-inf
61.6,-0.415235,-0.328326,-0.0700334,-inf
61.7,-0.406622,-0.352418,-0.101963,-inf
61.8,-0.394902,-0.374341,-0.132124,-inf
61.9,-0.380266,-0.393907,-0.160229,-inf
62,-0.362932,-0.410956,-0.186049,-inf
62.1,-0.343138,-0.42536,-0.209409,-inf
62.2,-0.321137,-0.43702,-0.230187,-inf
62.3,-0.297189,-0.445867,-0.248314,-inf
62.4,-0.271563,-0.451862,-0.263771,-inf
62.5,-0.244524,-0.454994,-0.276575,-inf
62.6,-0.216334,-0.455277,-0.286783,-inf
62.7,-0.187251,-0.45275,-0.294478,-inf
62.8,-0.157519,-0.447476,-0.299765,-inf
62.9,-0.127374,-0.439537,-0.302764,-inf
63,-0.0970383,-0.429034,-0.303599,-inf
63.1,-0.0667219,-0.416083,-0.302401,-inf
63.2,-0.0366217,-0.400816,-0.299294,-inf
63.3,-0.00692295,-0.383375,-0.294392,-inf
63.4,0.0222004,-0.363916,-0.287801,-inf
63.5,0.0505839,-0.342599,-0.279609,-inf
63.6,0.0780713,-0.319597,-0.269889,-inf
63.7,0.104513,-0.295085,-0.258696,-inf
63.8,0.129763,-0.269248,-0.246068,-inf
63.9,0.153679,-0.242271,-0.232029,-inf
64,0.176122,-0.214349,-0.216588,-inf
64.1,0.19695,-0.185678,-0.199743,-inf
64.2,0.216023,-0.156459,-0.181485,-inf
64.3,0.2332,-0.126897,-0.161801,-inf
64.4,0.248336,-0.0971999,-0.140682,-inf
64.5,0.261288,-0.0675812,-0.118123,-inf
64.6,0.271912,-0.0382569,-0.094131,-inf
64.7,0.280067,-0.00944674,-0.0687305,-inf
64.8,0.285613,0.0186265,-0.0419684,-inf
64.9,0.288418,0.0457379,-0.0139185,-inf
65,0.288357,0.0716606,0.015313,-inf
65.1,0.285321,0.0961677,0.0455838,-inf
65.2,0.279212,0.119033,0.076712,-inf
65.3,0.269957,0.140033,0.108474,-inf
65.4,0.257505,0.158949,0.140604,-inf
65.5,0.241834,0.17557,0.172792,-inf
65.6,0.222956,0.189694,0.204689,-inf
65.7,0.200919,0.201131,0.235908,-inf
65.8,0.175811,0.20971,0.26603,-inf
65.9,0.147764,0.215275,0.294612,-inf
66,0.116955,0.217695,0.321195,-inf
66.1,0.0836074,0.216866,0.345314,-inf
66.2,0.04799,0.21271,0.36651,-inf
66.3,0.0104176,0.205184,0.384343,-inf
66.4,-0.028753,0.194278,0.398408,-inf
66.5,-0.0691262,0.180021,0.408341,-inf
66.6,-0.110273,0.16248,0.413841,-inf
66.7,-0.151739,0.141761,0.414677,-inf
66.8,-0.193048,0.118012,0.410699,-inf
66.9,-0.233716,0.0914188,0.401848,-inf
67,-0.273257,0.0622077,0.38816,-inf
67.1,-0.311191,0.0306396,0.369769,-inf
67.2,-0.347061,-0.00299127,0.34691,-inf
67.3,-0.380435,-0.0383613,0.31991,-inf
67.4,-0.410919,-0.0751226,0.289184,-inf
67.5,-0.438164,-0.112908,0.255225,-inf
67.6,-0.461875,-0.151336,0.218588,-inf
67.7,-0.481813,-0.190019,0.17988,-inf
67.8,-0.497803,-0.228567,0.139737,-inf
67.9,-0.509734,-0.266596,0.0988111,-inf
68,-0.517561,-0.303732,0.057752,-inf
68.1,-0.521301,-0.33962,0.0171883,-inf
68.2,-0.521035,-0.373923,-0.0222872,-inf
68.3,-0.516898,-0.406337,-0.0601315,-inf
68.4,-0.509079,-0.436583,-0.0958629,-inf
68.5,-0.49781,-0.464419,-0.12907,-inf
68.6,-0.48336,-0.48964,-0.159417,-inf
68.7,-0.46603,-0.512078,-0.186648,-inf
68.8,-0.446141,-0.531602,-0.210584,-inf
68.9,-0.424027,-0.548122,-0.231127,-inf
69,-0.400029,-0.561583,-0.248247,-inf
69.1,-0.37449,-0.571969,-0.261982,-inf
69.2,-0.347743,-0.579295,-0.272427,-inf
69.3,-0.32011,-0.583609,-0.279725,-inf
69.4,-0.291896,-0.584986,-0.28406,-inf
69.5,-0.263389,-0.583527,-0.285645,-inf
69.6,-0.234851,-0.579355,-0.284714,-inf
69.7,-0.206522,-0.572612,-0.281512,-inf
69.8,-0.178616,-0.563453,-0.27629,-inf
69.9,-0.151323,-0.552047,-0.269293,-inf
70,-0.124809,-0.538573,-0.260761,-inf
70.1,-0.0992146,-0.523214,-0.250918,-inf
70.2,-0.0746619,-0.506158,-0.239971,-inf
70.3,-0.051251,-0.487594,-0.228108,-inf
70.4,-0.0290651,-0.467711,-0.215497,-inf
70.5,-0.00817159,-0.446698,-0.202283,-inf
70.6,0.0113756,-0.424737,-0.18859,-inf
70.7,0.0295338,-0.402008,-0.17452,-inf
70.8,0.0462699,-0.378686,-0.160159,-inf
70.9,0.0615582,-0.354941,-0.145574,-inf
71,0.0753791,-0.330934,-0.130819,-inf
71.1,0.0877176,-0.306823,-0.115933,-inf
71.2,0.0985624,-0.282757,-0.100949,-inf
71.3,0.107905,-0.258881,-0.0858906,-inf
71.4,0.115739,-0.235333,-0.0707802,-inf
71.5,0.12206,-0.212243,-0.0556369,-inf
71.6,0.126866,-0.189737,-0.0404819,-inf
71.7,0.130157,-0.167935,-0.0253397,-inf
71.8,0.131935,-0.146949,-0.0102403,-inf
71.9,0.132207,-0.126888,0.00477893,-inf
72,0.130984,-0.107852,0.019672,-inf
72.1,0.128279,-0.0899366,0.0343835,-inf
72.2,0.124115,-0.0732308,0.0488473,-inf
72.3,0.11852,-0.0578166,0.0629873,-inf
72.4,0.111531,-0.0437688,0.0767167,-inf
72.5,0.103194,-0.0311545,0.0899392,-inf
72.6,0.0935639,-0.0200328,0.10255,-inf
72.7,0.082708,-0.0104537,0.114437,-inf
72.8,0.0707046,-0.0024577,0.125482,-inf
72.9,0.0576437,0.00392467,0.135565,-inf
73,0.0436276,0.00867394,0.144565,-inf
73.1,0.0287708,0.0117821,0.152362,-inf
73.2,0.0131991,0.0132533,0.158842,-inf
73.3,-0.00295022,0.0131044,0.163898,-inf
73.4,-0.0195299,0.011365,0.167435,-inf
73.5,-0.0363838,0.00807851,0.16937,-inf
73.6,-0.0533483,0.00330155,0.169637,-inf
73.7,-0.0702541,-0.00289567,0.16819,-inf
73.8,-0.0869282,-0.0104297,0.165001,-inf
73.9,-0.103196,-0.0192041,0.160068,-inf
74,-0.118884,-0.0291103,0.15341,-inf
74.1,-0.133822,-0.0400281,0.145071,-inf
74.2,-0.147845,-0.0518267,0.135117,-inf
74.3,-0.160795,-0.0643662,0.123639,-inf
74.4,-0.172525,-0.0774985,0.110751,-inf
74.5,-0.182902,-0.091069,0.096585,-inf
74.6,-0.191805,-0.104918,0.0812911,-inf
74.7,-0.199128,-0.118884,0.0650353,-inf
74.8,-0.204786,-0.132801,0.0479949,-inf
74.9,-0.208708,-0.146506,0.0303562,-inf
75,-0.210843,-0.159838,0.0123105,-inf
75.1,-0.211162,-0.172639,-0.00594912,-inf
75.2,-0.209653,-0.184757,-0.024231,-inf
75.3,-0.206322,-0.196047,-0.0423483,-inf
75.4,-0.201195,-0.206373,-0.0601217,-inf
75.5,-0.194315,-0.215609,-0.0773815,-inf
75.6,-0.185741,-0.223639,-0.0939701,-inf
75.7,-0.175548,-0.230361,-0.109743,-inf
75.8,-0.163824,-0.235685,-0.124571,-inf
75.9,-0.150669,-0.239534,-0.138339,-inf
76,-0.136195,-0.241847,-0.150946,-inf
76.1,-0.120521,-0.242575,-0.162306,-inf
76.2,-0.103777,-0.241685,-0.172349,-inf
76.3,-0.0860974,-0.239158,-0.181013,-inf
76.4,-0.0676221,-0.234989,-0.188251,-inf
76.5,-0.048496,-0.229189,-0.194024,-inf
76.6,-0.0288672,-0.22178,-0.198301,-inf
76.7,-0.00888643,-0.212799,-0.201058,-inf
76.8,0.0112932,-0.202296,-0.202275,-inf
76.9,0.0315168,-0.190333,-0.201938,-inf
77,0.0516284,-0.176986,-0.200031,-inf
77.1,0.0714704,-0.16234,-0.196545,-inf
77.2,0.0908844,-0.146492,-0.19147,-inf
77.3,0.109711,-0.129551,-0.184796,-inf
77.4,0.12779,-0.111636,-0.176517,-inf
77.5,0.144961,-0.0928741,-0.16663,-inf
77.6,0.161062,-0.0734038,-0.155132,-inf
77.7,0.175934,-0.0533717,-0.14203,-inf
77.8,0.189415,-0.032933,-0.127335,-inf
77.9,0.201348,-0.012251,-0.11107,-inf
78,0.211578,0.0085038,-0.0932689,-inf
78.1,0.219953,0.0291541,-0.0739821,-inf
78.2,0.226327,0.049517,-0.0532773,-inf
78.3,0.230564,0.0694045,-0.0312432,-inf
78.4,0.232535,0.0886249,-0.00799247,-inf
78.5,0.232126,0.106984,0.0163363,-inf
78.6,0.229238,0.124287,0.0415763,-inf
78.7,0.223787,0.140338,0.067531,-inf
78.8,0.215715,0.154947,0.0939738,-inf
78.9,0.204985,0.167925,0.120648,-inf
79,0.191587,0.179093,0.147267,-inf
79.1,0.175544,0.188278,0.173519,-inf
79.2,0.156907,0.195323,0.199067,-inf
79.3,0.135765,0.200082,0.223557,-inf
79.4,0.112243,0.202428,0.246622,-inf
79.5,0.0865011,0.202256,0.267887,-inf
79.6,0.058738,0.199479,0.286982,-inf
79.7,0.029189,0.19404,0.303547,-inf
79.8,-0.00187564,0.185907,0.31724,-inf
79.9,-0.034153,0.175079,0.327752,-inf
80,-0.0673109,0.161584,0.334811,-inf
80.1,-0.100993,0.145484,0.338196,-inf
80.2,-0.134822,0.126874,0.33774,-inf
80.3,-0.168409,0.10588,0.333342,-inf
80.4,-0.201358,0.0826624,0.324968,-inf
80.5,-0.233272,0.0574108,0.312661,-inf
80.6,-0.263762,0.0303447,0.296533,-inf
80.7,-0.292457,0.00170988,0.276773,-inf
80.8,-0.319004,-0.0282244,0.253639,-inf
80.9,-0.343083,-0.0591694,0.227453,-inf
81,-0.364406,-0.0908204,0.198595,-inf
81.1,-0.382727,-0.122862,0.167492,-inf
81.2,-0.397845,-0.154972,0.134607,-inf
81.3,-0.409605,-0.186826,0.100429,-inf
81.4,-0.417904,-0.218104,0.0654583,-inf
81.5,-0.422687,-0.248494,0.0301932,-inf
81.6,-0.423949,-0.277695,-0.00487965,-inf
81.7,-0.421733,-0.305423,-0.0392981,-inf
81.8,-0.416126,-0.331415,-0.0726343,-inf
81.9,-0.407255,-0.355431,-0.104503,-inf
82,-0.395285,-0.377256,-0.134568,-inf
82.1,-0.380411,-0.396705,-0.162546,-inf
82.2,-0.362853,-0.413621,-0.188212,-inf
82.3,-0.342852,-0.427876,-0.211393,-inf
82.4,-0.320661,-0.439376,-0.231975,-inf
82.5,-0.296546,-0.448054,-0.249892,-inf
82.6,-0.270772,-0.453872,-0.265129,-inf
82.7,-0.243609,-0.456823,-0.277708,-inf
82.8,-0.215317,-0.456922,-0.28769,-inf
82.9,-0.186154,-0.454212,-0.29516,-inf
83,-0.156366,-0.448756,-0.300226,-inf
83.1,-0.126185,-0.44064,-0.303011,-inf
83.2,-0.0958351,-0.429966,-0.303643,-inf
83.3,-0.0655241,-0.416853,-0.302251,-inf
83.4,-0.0354482,-0.401432,-0.298961,-inf
83.5,-0.00579124,-0.383849,-0.29389,-inf
83.6,0.0232739,-0.364259,-0.287141,-inf
83.7,0.0515841,-0.342825,-0.278805,-inf
83.8,0.0789844,-0.319718,-0.268953,-inf
83.9,0.105326,-0.295116,-0.257641,-inf
84,0.130465,-0.269203,-0.244907,-inf
84.1,0.154261,-0.242166,-0.230774,-inf
84.2,0.176574,-0.214199,-0.21525,-inf
84.3,0.197265,-0.185498,-0.198335,-inf
84.4,0.216194,-0.156264,-0.180019,-inf
84.5,0.233221,-0.126702,-0.160289,-inf
84.6,0.248204,-0.0970196,-0.139137,-inf
84.7,0.261001,-0.0674301,-0.116558,-inf
84.8,0.271469,-0.0381489,-0.0925601,-inf
84.9,0.279467,-0.00939502,-0.0671684,-inf
85,0.284858,0.0186095,-0.0404307,-inf
85.1,0.28751,0.0456405,-0.0124218,-inf
85.2,0.287303,0.0714722,0.0167509,-inf
85.3,0.284126,0.0958786,0.0469444,-inf
85.4,0.277886,0.118635,0.0779759,-inf
85.5,0.26851,0.139519,0.109621,-inf
85.6,0.25595,0.158314,0.141614,-inf
85.7,0.240186,0.174809,0.173644,-inf
85.8,0.221232,0.188805,0.205364,-inf
85.9,0.199137,0.200115,0.236386,-inf
86,0.173992,0.208567,0.266295,-inf
86.1,0.14593,0.21401,0.294647,-inf
86.2,0.115129,0.216313,0.320987,-inf
86.3,0.0818147,0.215374,0.344853,-inf
86.4,0.0462564,0.211119,0.36579,-inf
86.5,0.00876902,0.203505,0.383362,-inf
86.6,-0.0302904,0.192526,0.397167,-inf
86.7,-0.0705269,0.178211,0.406849,-inf
86.8,-0.111513,0.160629,0.412109,-inf
86.9,-0.152794,0.139888,0.412722,-inf
87,-0.193897,0.116138,0.408543,-inf
87.1,-0.234341,0.0895642,0.399516,-inf
87.2,-0.27364,0.0603944,0.385681,-inf
87.3,-0.311321,0.0288897,0.367178,-inf
87.4,-0.346928,-0.00465557,0.344241,-inf
87.5,-0.380032,-0.0399182,0.317199,-inf
87.6,-0.410244,-0.0765509,0.286468,-inf
87.7,-0.437219,-0.114187,0.252539,-inf
87.8,-0.460664,-0.152448,0.215968,-inf
87.9,-0.480345,-0.190946,0.177356,-inf
88,-0.496088,-0.229293,0.137338,-inf
88.1,-0.507787,-0.267108,0.0965609,-inf
88.2,-0.515397,-0.304019,0.0556696,-inf
88.3,-0.518938,-0.339671,0.0152873,-inf
88.4,-0.518491,-0.373733,-0.0239983,-inf
88.5,-0.514193,-0.405899,-0.0616498,-inf
88.6,-0.506231,-0.435895,-0.0971908,-inf
88.7,-0.494839,-0.463482,-0.130215,-inf
88.8,-0.480283,-0.488453,-0.16039,-inf
88.9,-0.462864,-0.510644,-0.187465,-inf
89,-0.4429,-0.529925,-0.211264,-inf
89.1,-0.420724,-0.546208,-0.231691,-inf
89.2,-0.396675,-0.559438,-0.248718,-inf
89.3,-0.371092,-0.569599,-0.262383,-inf
89.4,-0.344307,-0.576707,-0.272781,-inf
89.5,-0.31664,-0.58081,-0.280057,-inf
89.6,-0.288394,-0.581984,-0.284391,-inf
89.7,-0.259853,-0.580328,-0.285995,-inf
89.8,-0.231278,-0.575966,-0.285101,-inf
89.9,-0.202908,-0.569037,-0.281951,-inf
90,-0.174955,-0.559698,-0.276793,-inf
90.1,-0.147608,-0.548116,-0.26987,-inf
90.2,-0.121032,-0.534468,-0.261418,-inf
90.3,-0.0953684,-0.518937,-0.251656,-inf
90.4,-0.0707377,-0.501711,-0.24079,-inf
90.5,-0.0472411,-0.482977,-0.229003,-inf
90.6,-0.0249623,-0.462924,-0.21646,-inf
90.7,-0.00396964,-0.441738,-0.203301,-inf
90.8,0.0156815,-0.419604,-0.189649,-inf
90.9,0.033947,-0.396701,-0.175602,-inf
91,0.0507915,-0.373202,-0.161243,-inf
91.1,0.0661873,-0.349278,-0.146636,-inf
91.2,0.0801123,-0.32509,-0.131833,-inf
91.3,0.0925486,-0.300797,-0.116871,-inf
91.4,0.103482,-0.27655,-0.101781,-inf
91.5,0.112901,-0.252493,-0.0865854,-inf
91.6,0.120796,-0.228766,-0.0713051,-inf
91.7,0.12716,-0.205501,-0.055959,-inf
91.8,0.131987,-0.182825,-0.0405682,-inf
91.9,0.135273,-0.16086,-0.0251577,-inf
92,0.137019,-0.139722,-0.0097588,-inf
92.1,0.137227,-0.11952,0.00558948,-inf
92.2,0.135904,-0.100358,0.0208387,-inf
92.3,0.133064,-0.0823351,0.0359303,-inf
92.4,0.128726,-0.0655416,0.0507944,-inf
92.5,0.122915,-0.0500629,0.0653502,-inf
92.6,0.115669,-0.0359769,0.0795059,-inf
92.7,0.107031,-0.0233535,0.0931595,-inf
92.8,0.0970574,-0.0122545,0.1062,-inf
92.9,0.0858154,-0.00273256,0.118507,-inf
93,0.0733845,0.00516923,0.129958,-inf
93.1,0.0598566,0.0114184,0.140424,-inf
93.2,0.0453367,0.0159935,0.149777,-inf
93.3,0.0299426,0.0188853,0.157889,-inf
93.4,0.0138043,0.0200967,0.164639,-inf
93.5,-0.00293606,0.0196441,0.169914,-inf
93.6,-0.0201259,0.0175573,0.173613,-inf
93.7,-0.0376031,0.0138801,0.175647,-inf
93.8,-0.0551974,0.00867036,0.175946,-inf
93.9,-0.0727329,0.00199993,0.174462,-inf
94,-0.0900294,-0.00604533,0.171165,-inf
94.1,-0.106905,-0.0153661,0.166051,-inf
94.2,-0.12318,-0.0258503,0.159141,-inf
94.3,-0.138675,-0.0373737,0.15048,-inf
94.4,-0.15322,-0.0498012,0.14014,-inf
94.5,-0.16665,-0.0629878,0.128216,-inf
94.6,-0.178814,-0.0767802,0.114827,-inf
94.7,-0.189572,-0.0910183,0.100113,-inf
94.8,-0.198798,-0.105537,0.0842315,-inf
94.9,-0.206385,-0.120168,0.067358,-inf
95,-0.212243,-0.13474,0.0496786,-inf
95.1,-0.2163,-0.149086,0.0313887,-inf
95.2,-0.218507,-0.163037,0.012689,-inf
95.3,-0.218831,-0.17643,-0.00621857,-inf
95.4,-0.217263,-0.189109,-0.025134,-inf
95.5,-0.21381,-0.200923,-0.0438625,-inf
95.6,-0.208503,-0.211733,-0.0622179,-inf
95.7,-0.201385,-0.221409,-0.0800245,-inf
95.8,-0.192521,-0.229832,-0.09712,-inf
95.9,-0.18199,-0.236897,-0.113356,-inf
96,-0.169883,-0.242512,-0.1286,-inf
96.1,-0.156307,-0.246599,-0.142736,-inf
96.2,-0.141376,-0.249095,-0.155662,-inf
96.3,-0.125218,-0.249951,-0.167292,-inf
96.4,-0.107964,-0.249135,-0.177557,-inf
96.5,-0.0897537,-0.246627,-0.186397,-inf
96.6,-0.0707331,-0.242424,-0.193767,-inf
96.7,-0.0510505,-0.236537,-0.19963,-inf
96.8,-0.0308581,-0.228991,-0.203959,-inf
96.9,-0.0103106,-0.219825,-0.20673,-inf
97,0.0104354,-0.20909,-0.207928,-inf
97.1,0.0312221,-0.196852,-0.207539,-inf
97.2,0.05189,-0.183188,-0.205552,-inf
97.3,0.0722789,-0.168187,-0.201957,-inf
97.4,0.0922276,-0.151949,-0.196746,-inf
97.5,0.111574,-0.134585,-0.189909,-inf
97.6,0.130155,-0.116218,-0.181441,-inf
97.7,0.147808,-0.0969782,-0.171337,-inf
97.8,0.164368,-0.0770072,-0.159594,-inf
97.9,0.179672,-0.0564554,-0.146217,-inf
98,0.193557,-0.0354816,-0.131215,-inf
98.1,0.205862,-0.0142528,-0.11461,-inf
98.2,0.216427,0.00705661,-0.0964336,-inf
98.3,0.225097,0.0282654,-0.0767338,-inf
98.4,0.231725,0.0491862,-0.0555769,-inf
98.5,0.236167,0.0696269,-0.0330504,-inf
98.6,0.238293,0.089391,-0.00926632,-inf
98.7,0.237983,0.10828,0.0156364,-inf
98.8,0.235134,0.126093,0.0414898,-inf
98.9,0.22966,0.142631,0.068095,-inf
99,0.221497,0.157697,0.0952217,-inf
99.1,0.210607,0.171098,0.122608,-inf
99.2,0.196977,0.182648,0.149962,-inf
99.3,0.180626,0.192171,0.176962,-inf
99.4,0.161608,0.199504,0.203264,-inf
99.5,0.140009,0.204495,0.228502,-inf
99.6,0.115955,0.207015,0.252298,-inf
99.7,0.0896104,0.206952,0.274264,-inf
99.8,0.0611763,0.204217,0.294017,-inf
99.9,0.0308932,0.198749,0.311183,-inf
100,-0.000962291,0.190514,0.325409,-inf
100.1,-0.0340798,0.179509,0.336372,-inf
100.2,-0.0681183,0.165762,0.343788,-inf
100.3,-0.102711,0.149336,0.347427,-inf
100.4,-0.137472,0.130324,0.347115,-inf
100.5,-0.171999,0.108857,0.342744,-inf
100.6,-0.205884,0.0850982,0.334279,-inf
100.7,-0.23872,0.0592408,0.321762,-inf
100.8,-0.270105,0.0315097,0.305308,-inf
100.9,-0.299657,0.00215694,0.285114,-inf
101,-0.327012,-0.0285416,0.261445,-inf
101.1,-0.351841,-0.0602896,0.234637,-inf
101.2,-0.373848,-0.0927744,0.205084,-inf
101.3,-0.392781,-0.125672,0.173228,-inf
101.4,-0.408433,-0.158653,0.139553,-inf
101.5,-0.420648,-0.191383,0.104563,-inf
101.6,-0.429319,-0.223535,0.0687777,-inf
101.7,-0.434394,-0.254788,0.0327151,-inf
101.8,-0.43587,-0.284835,-0.00312123,-inf
101.9,-0.433793,-0.313385,-0.0382534,-inf
102,-0.428257,-0.340169,-0.0722397,-inf
102.1,-0.419397,-0.364943,-0.104683,-inf
102.2,-0.407384,-0.387487,-0.135239,-inf
102.3,-0.392422,-0.407613,-0.163617,-inf
102.4,-0.37474,-0.425162,-0.189589,-inf
102.5,-0.35459,-0.440007,-0.212983,-inf
102.6,-0.332234,-0.452052,-0.233684,-inf
102.7,-0.307945,-0.461232,-0.251634,-inf
102.8,-0.281999,-0.467511,-0.266822,-inf
102.9,-0.254671,-0.470883,-0.27928,-inf
103,-0.226232,-0.471368,-0.289078,-inf
103.1,-0.196941,-0.469012,-0.296314,-inf
103.2,-0.16705,-0.463881,-0.301108,-inf
103.3,-0.136796,-0.456066,-0.303596,-inf
103.4,-0.106403,-0.445672,-0.303918,-inf
103.5,-0.0760802,-0.432823,-0.302218,-inf
103.6,-0.0460224,-0.417654,-0.298636,-inf
103.7,-0.0164114,-0.400313,-0.293301,-inf
103.8,0.0125832,-0.380959,-0.286329,-inf
103.9,0.0408033,-0.359757,-0.277823,-inf
104,0.0680996,-0.336881,-0.267867,-inf
104.1,0.0943305,-0.31251,-0.256525,-inf
104.2,0.11936,-0.286826,-0.243847,-inf
104.3,0.143056,-0.260018,-0.229863,-inf
104.4,0.16529,-0.232277,-0.214589,-inf
104.5,0.185931,-0.203798,-0.198031,-inf
104.6,0.204853,-0.174778,-0.180183,-inf
104.7,0.221925,-0.145417,-0.161038,-inf
104.8,0.237017,-0.115919,-0.140585,-inf
104.9,0.249998,-0.0864908,-0.118819,-inf
105,0.260737,-0.0573406,-0.0957465,-inf
105.1,0.269104,-0.0286802,-0.0713855,-inf
105.2,0.274973,-0.00072332,-0.0457755,-inf
105.3,0.27822,0.0263146,-0.0189801,-inf
105.4,0.278732,0.0522169,0.00890785,-inf
105.5,0.276406,0.0767672,0.0377626,-inf
105.6,0.271153,0.09975,0.067422,-inf
105.7,0.262901,0.120952,0.0976853,-inf
105.8,0.251604,0.140167,0.128312,-inf
105.9,0.237236,0.157191,0.159021,-inf
106,0.219807,0.171832,0.189493,-inf
106.1,0.199357,0.183911,0.219375,-inf
106.2,0.175965,0.19326,0.248282,-inf
106.3,0.149747,0.199732,0.275802,-inf
106.4,0.120865,0.203198,0.30151,-inf
106.5,0.0895199,0.203554,0.324973,-inf
106.6,0.0559593,0.200725,0.345758,-inf
106.7,0.0204715,0.194663,0.36345,-inf
106.8,-0.0166145,0.185354,0.37766,-inf
106.9,-0.0549327,0.172818,0.388039,-inf
107,-0.0940845,0.157111,0.394287,-inf
107.1,-0.133645,0.138327,0.396172,-inf
107.2,-0.173168,0.116599,0.39353,-inf
107.3,-0.212197,0.0920966,0.386283,-inf
107.4,-0.250271,0.0650251,0.374437,-inf
107.5,-0.286934,0.0356258,0.358091,-inf
107.6,-0.321745,0.00417168,0.337435,-inf
107.7,-0.354287,-0.0290356,0.312749,-inf
107.8,-0.384173,-0.0636698,0.284394,-inf
107.9,-0.411058,-0.099385,0.252808,-inf
108,-0.434643,-0.135821,0.218492,-inf
108.1,-0.454684,-0.172608,0.181995,-inf
108.2,-0.470989,-0.209373,0.143905,-inf
108.3,-0.483432,-0.245746,0.104827,-inf
108.4,-0.491942,-0.281366,0.0653689,-inf
108.5,-0.496513,-0.315885,0.0261271,-inf
108.6,-0.497194,-0.348974,-0.0123307,-inf
108.7,-0.49409,-0.380329,-0.0494781,-inf
108.8,-0.487358,-0.409672,-0.0848414,-inf
108.9,-0.477195,-0.436756,-0.118008,-inf
109,-0.463841,-0.46137,-0.148635,-inf
109.1,-0.447562,-0.483334,-0.176449,-inf
109.2,-0.428651,-0.502508,-0.201252,-inf
109.3,-0.407416,-0.518784,-0.222916,-inf
109.4,-0.384175,-0.532095,-0.241382,-inf
109.5,-0.359247,-0.542404,-0.256654,-inf
109.6,-0.332948,-0.549708,-0.268792,-inf
109.7,-0.305589,-0.554037,-0.277904,-inf
109.8,-0.277464,-0.555446,-0.284136,-inf
109.9,-0.248852,-0.554016,-0.287668,-inf
110,-0.220014,-0.549852,-0.288699,-inf
110.1,-0.191188,-0.543078,-0.287443,-inf
110.2,-0.162594,-0.533831,-0.28412,-inf
110.3,-0.134426,-0.522266,-0.278949,-inf
110.4,-0.106859,-0.508546,-0.272143,-inf
110.5,-0.0800452,-0.492842,-0.263902,-inf
110.6,-0.0541199,-0.47533,-0.254411,-inf
110.7,-0.0291991,-0.456193,-0.243837,-inf
110.8,-0.00538353,-0.435612,-0.232329,-inf
110.9,0.0172398,-0.413769,-0.220012,-inf
111,0.0385955,-0.390847,-0.206993,-inf
111.1,0.0586178,-0.367025,-0.193358,-inf
111.2,0.0772488,-0.34248,-0.179176,-inf
111.3,0.0944364,-0.317385,-0.164498,-inf
111.4,0.110133,-0.29191,-0.149364,-inf
111.5,0.124295,-0.266222,-0.133801,-inf
111.6,0.13688,-0.240482,-0.117829,-inf
111.7,0.147848,-0.21485,-0.101462,-inf
111.8,0.15716,-0.189478,-0.0847138,-inf
111.9,0.164778,-0.164519,-0.0675992,-inf
112,0.170668,-0.140119,-0.050138,-inf
112.1,0.174795,-0.116421,-0.0323573,-inf
112.2,0.17713,-0.0935638,-0.0142947,-inf
112.3,0.177646,-0.0716829,0.00400002,-inf
112.4,0.176324,-0.0509091,0.0224622,-inf
112.5,0.173151,-0.0313683,0.0410115,-inf
112.6,0.168122,-0.0131814,0.0595505,-inf
112.7,0.161245,0.0035371,0.0779644,-inf
112.8,0.152538,0.0186792,0.0961212,-inf
112.9,0.142034,0.0321448,0.113872,-inf
113,0.129782,0.0438427,0.131055,-inf
113.1,0.115848,0.0536918,0.147492,-inf
113.2,0.100315,0.0616219,0.162997,-inf
113.3,0.0832863,0.0675757,0.177377,-inf
113.4,0.0648838,0.0715094,0.190435,-inf
113.5,0.0452498,0.0733946,0.201976,-inf
113.6,0.0245455,0.0732186,0.211811,-inf
113.7,0.00295039,0.0709864,0.219762,-inf
113.8,-0.0193386,0.0667208,0.225665,-inf
113.9,-0.0421095,0.0604637,0.229378,-inf
114,-0.0651373,0.0522761,0.230785,-inf
114.1,-0.0881867,0.0422387,0.229797,-inf
114.2,-0.111015,0.0304515,0.226361,-inf
114.3,-0.133376,0.0170333,0.220456,-inf
114.4,-0.155025,0.00212151,0.212101,-inf
114.5,-0.175717,-0.0141296,0.201355,-inf
114.6,-0.195219,-0.0315497,0.188312,-inf
114.7,-0.213307,-0.0499548,0.173106,-inf
114.8,-0.229774,-0.0691485,0.155905,-inf
114.9,-0.244428,-0.0889246,0.13691,-inf
115,-0.257103,-0.10907,0.116348,-inf
115.1,-0.267654,-0.129365,0.0944711,-inf
115.2,-0.275963,-0.14959,0.0715467,-inf
115.3,-0.281938,-0.169526,0.0478553,-inf
115.4,-0.285518,-0.188954,0.0236823,-inf
115.5,-0.286668,-0.207665,-0.000686913,-inf
115.6,-0.285383,-0.225455,-0.0249733,-inf
115.7,-0.281685,-0.242134,-0.0489092,-inf
115.8,-0.275621,-0.257521,-0.0722427,-inf
115.9,-0.267264,-0.271454,-0.0947419,-inf
116,-0.256708,-0.283782,-0.116198,-inf
116.1,-0.244066,-0.294376,-0.136427,-inf
116.2,-0.229469,-0.303123,-0.155271,-inf
116.3,-0.213062,-0.30993,-0.1726,-inf
116.4,-0.195003,-0.314721,-0.188307,-inf
116.5,-0.175457,-0.317443,-0.202313,-inf
116.6,-0.154599,-0.31806,-0.214558,-inf
116.7,-0.132605,-0.316554,-0.225006,-inf
116.8,-0.109658,-0.312929,-0.233634,-inf
116.9,-0.0859396,-0.307203,-0.240436,-inf
117,-0.061632,-0.299411,-0.245414,-inf
117.1,-0.0369172,-0.289608,-0.24858,-inf
117.2,-0.0119758,-0.277859,-0.249949,-inf
117.3,0.0130132,-0.264247,-0.249537,-inf
117.4,0.0378727,-0.248865,-0.24736,-inf
117.5,0.0624269,-0.231823,-0.243432,-inf
117.6,0.086501,-0.213239,-0.237761,-inf
117.7,0.109921,-0.193245,-0.230353,-inf
117.8,0.132514,-0.17198,-0.221207,-inf
117.9,0.154104,-0.149596,-0.21032,-inf
118,0.174519,-0.126254,-0.197686,-inf
118.1,0.193583,-0.102125,-0.183296,-inf
118.2,0.21112,-0.0773862,-0.167147,-inf
118.3,0.226954,-0.0522259,-0.149236,-inf
118.4,0.240909,-0.0268393,-0.129572,-inf
118.5,0.25281,-0.00142911,-0.108175,-inf
118.6,0.262487,0.0237947,-0.0850829,-inf
118.7,0.269772,0.0486158,-0.0603526,-inf
118.8,0.274506,0.0728129,-0.0340679,-inf
118.9,0.276538,0.0961598,-0.00634189,-inf
119,0.275731,0.118428,0.0226791,-inf
119.1,0.271965,0.139386,0.052812,-inf
119.2,0.265139,0.158806,0.0838345,-inf
119.3,0.255177,0.176459,0.115484,-inf
119.4,0.242031,0.192122,0.147457,-inf
119.5,0.225686,0.205583,0.179409,-inf
119.6,0.206163,0.216635,0.210961,-inf
119.7,0.183521,0.225091,0.241699,-inf
119.8,0.157865,0.230776,0.271183,-inf
119.9,0.129342,0.233539,0.298954,-inf
120,0.0981467,0.233252,0.324544,-inf
120.1,0.0645212,0.229815,0.347485,-inf
120.2,0.0287531,0.223157,0.367323,-inf
120.3,-0.00882558,0.213244,0.383629,-inf
120.4,-0.0478418,0.200074,0.396013,-inf
120.5,-0.0878863,0.183687,0.404141,-inf
120.6,-0.128519,0.164161,0.407737,-inf
120.7,-0.169276,0.141614,0.406608,-inf
120.8,-0.209679,0.116204,0.400641,-inf
120.9,-0.249242,0.0881298,0.389819,-inf
121,-0.287483,0.057627,0.374218,-inf
121.1,-0.323933,0.0249662,0.354017,-inf
121.2,-0.358143,-0.00955051,0.329488,-inf
121.3,-0.389698,-0.0455933,0.300994,-inf
121.4,-0.418224,-0.0828102,0.268981,-inf
121.5,-0.443394,-0.120832,0.233967,-inf
121.6,-0.464936,-0.159278,0.196524,-inf
121.7,-0.482638,-0.197763,0.157269,-inf
121.8,-0.496351,-0.235902,0.116841,-inf
121.9,-0.505989,-0.273319,0.0758865,-inf
122,-0.511532,-0.309649,0.0350419,-inf
122.1,-0.513021,-0.344549,-0.00508397,-inf
122.2,-0.510558,-0.377696,-0.0439235,-inf
122.3,-0.504297,-0.408798,-0.0809636,-inf
122.4,-0.49444,-0.437594,-0.115756,-inf
122.5,-0.481233,-0.463857,-0.147923,-inf
122.6,-0.464953,-0.487398,-0.177166,-inf
122.7,-0.445905,-0.508064,-0.203263,-inf
122.8,-0.424411,-0.525741,-0.226069,-inf
122.9,-0.400803,-0.540353,-0.245512,-inf
123,-0.37542,-0.551859,-0.261592,-inf
123.1,-0.348595,-0.560255,-0.274365,-inf
123.2,-0.320654,-0.565567,-0.283943,-inf
123.3,-0.291908,-0.567852,-0.290481,-inf
123.4,-0.262653,-0.567195,-0.294168,-inf
123.5,-0.233162,-0.563703,-0.295217,-1.51052
123.6,-0.20369,-0.557503,-0.293859,-1.51052
123.7,-0.174463,-0.548741,-0.290329,-1.51052
123.8,-0.145688,-0.537577,-0.284865,-1.51052
123.9,-0.117547,-0.52418,-0.277696,-1.51052
124,-0.0901985,-0.508729,-0.269042,-1.51052
124.1,-0.0637812,-0.491409,-0.259106,-1.51052
124.2,-0.038414,-0.472407,-0.24807,-1.51052
124.3,-0.0141984,-0.451914,-0.236097,-1.51052
124.4,0.008779,-0.430119,-0.223329,-1.51052
124.5,0.0304448,-0.407209,-0.209884,-1.51052
124.6,0.0507364,-0.38337,-0.195859,-1.51052
124.7,0.0695999,-0.358785,-0.181333,-1.51052
124.8,0.0869883,-0.33363,-0.166366,-1.51052
124.9,0.10286,-0.308081,-0.151003,-1.51052
125,0.117177,-0.282306,-0.135276,-1.51052
125.1,0.129904,-0.256469,-0.11921,-1.51052
125.2,0.141008,-0.230731,-0.102821,-1.51052
125.3,0.150458,-0.205245,-0.0861236,-1.51052
125.4,0.158223,-0.180164,-0.0691324,-1.51052
125.5,0.164275,-0.155632,-0.0518655,-1.51052
125.6,0.168588,-0.131792,-0.0343471,-1.51052
125.7,0.171137,-0.108781,-0.0166104,-1.51052
125.8,0.171904,-0.0867301,0.00129987,-1.51052
125.9,0.170873,-0.0657685,0.0193259,-1.51052
126,0.168037,-0.0460186,0.0373951,-1.51052
126.1,0.163396,-0.0275973,0.0554188,-1.51052
126.2,0.156958,-0.0106156,0.0732923,-1.51052
126.3,0.148746,0.00482254,0.0908944,-1.51052
126.4,0.138793,0.0186207,0.108088,-1.51052
126.5,0.127147,0.0306915,0.124723,-1.51052
126.6,0.113873,0.0409568,0.140634,-1.51052
126.7,0.0990504,0.0493499,0.155649,-1.51052
126.8,0.0827789,0.0558157,0.169587,-1.51052
126.9,0.0651751,0.0603125,0.182263,-1.51052
127,0.0463744,0.0628129,0.193495,-1.51052
127.1,0.0265301,0.0633048,0.203105,-1.51052
127.2,0.00581316,0.0617927,0.210922,-1.51052
127.3,-0.0155895,0.0582983,0.216794,-1.51052
127.4,-0.0374762,0.0528612,0.220583,-1.51052
127.5,-0.0596329,0.0455394,0.222177,-1.51052
127.6,-0.0818355,0.0364093,0.221489,-1.51052
127.7,-0.103853,0.0255661,0.218465,-1.51052
127.8,-0.12545,0.0131228,0.213082,-1.51052
127.9,-0.146391,-0.000789799,0.205352,-1.51052
128,-0.166444,-0.0160247,0.195326,-1.51052
128.1,-0.185382,-0.0324196,0.183088,-1.51052
128.2,-0.202992,-0.0497985,0.168759,-1.51052
128.3,-0.21907,-0.0679737,0.152493,-1.51052
128.4,-0.233432,-0.0867478,0.134475,-1.51052
128.5,-0.245913,-0.105916,0.114917,-1.51052
128.6,-0.256371,-0.125268,0.0940524,-1.51052
128.7,-0.264688,-0.144592,0.072134,-1.51052
128.8,-0.270772,-0.163676,0.0494251,-1.51052
128.9,-0.274556,-0.18231,0.026196,-1.51052
129,-0.276003,-0.200289,0.00271826,-1.51052
129.1,-0.2751,-0.217418,-0.0207414,-1.51052
129.2,-0.271864,-0.233507,-0.0439255,-1.51052
129.3,-0.266333,-0.248383,-0.0665904,-1.51052
129.4,-0.25857,-0.261884,-0.0885102,-1.51052
129.5,-0.248662,-0.273863,-0.10948,-1.51052
129.6,-0.236712,-0.28419,-0.129316,-1.51052
129.7,-0.222842,-0.292752,-0.147862,-1.51052
129.8,-0.207187,-0.299454,-0.164984,-1.51052
129.9,-0.189896,-0.304221,-0.180572,-1.51052
130,-0.171127,-0.306995,-0.19454,-1.51052
130.1,-0.151044,-0.307737,-0.206824,-1.51052
130.2,-0.12982,-0.306427,-0.217379,-1.51052
130.3,-0.107627,-0.303061,-0.226175,-1.51052
130.4,-0.0846439,-0.297654,-0.233198,-1.51052
130.5,-0.061047,-0.290237,-0.238443,-1.51052
130.6,-0.0370144,-0.280858,-0.241915,-1.51052
130.7,-0.0127229,-0.269577,-0.24362,-1.51052
130.8,0.0116512,-0.256472,-0.243571,-1.51052
130.9,0.0359332,-0.241632,-0.241778,-1.51052
131,0.059949,-0.225158,-0.23825,-1.51052
131.1,0.0835255,-0.207166,-0.232992,-1.51052
131.2,0.10649,-0.18778,-0.226009,-1.51052
131.3,0.12867,-0.167137,-0.217298,-1.51052
131.4,0.149892,-0.145383,-0.206855,-1.51052
131.5,0.169983,-0.122674,-0.194674,-1.51052
131.6,0.188768,-0.0991759,-0.180748,-1.51052
131.7,0.206074,-0.0750625,-0.165074,-1.51052
131.8,0.221725,-0.0505172,-0.147652,-1.51052
131.9,0.235547,-0.0257308,-0.128492,-1.51052
132,0.247366,-0.000902212,-0.107616,-1.51052
132.1,0.257014,0.0237629,-0.0850611,-1.51052
132.2,0.264324,0.0480526,-0.0608868,-1.51052
132.3,0.26914,0.0717492,-0.0351764,-1.51052
132.4,0.271312,0.0946311,-0.00804167,-1.51052
132.5,0.270705,0.116473,0.0203729,-1.51052
132.6,0.267201,0.137049,0.0498874,-1.51052
132.7,0.260699,0.156133,0.0802842,-1.51052
132.8,0.251123,0.173502,0.111306,-1.51052
132.9,0.238426,0.188936,0.142657,-1.51052
133,0.222592,0.202225,0.174002,-1.51052
133.1,0.203638,0.213167,0.204969,-1.51052
133.2,0.181624,0.221576,0.235157,-1.51052
133.3,0.156647,0.22728,0.264135,-1.51052
133.4,0.128852,0.230131,0.291458,-1.51052
133.5,0.0984263,0.23,0.316666,-1.51052
133.6,0.0656044,0.226788,0.339305,-1.51052
133.7,0.0306657,0.220424,0.35893,-1.51052
133.8,-0.00606711,0.210872,0.375121,-1.51052
133.9,-0.0442313,0.198129,0.387497,-1.51052
134,-0.0834282,0.182231,0.395725,-1.51052
134.1,-0.123229,0.163251,0.399535,-1.51052
134.2,-0.163181,0.141304,0.398731,-1.51052
134.3,-0.202817,0.116542,0.393197,-1.51052
134.4,-0.241662,0.0891565,0.38291,-1.51052
134.5,-0.279243,0.059376,0.367936,-1.51052
134.6,-0.315099,0.0274634,0.348441,-1.51052
134.7,-0.348789,-0.0062872,0.324681,-1.51052
134.8,-0.379904,-0.0415545,0.297003,-1.51052
134.9,-0.408073,-0.0779948,0.265833,-1.51052
135,-0.432971,-0.115247,0.231668,-1.51052
135.1,-0.454325,-0.152939,0.195061,-1.51052
135.2,-0.471921,-0.190692,0.156608,-1.51052
135.3,-0.485606,-0.228129,0.116929,-1.51052
135.4,-0.495287,-0.264878,0.0766523,-1.51052
135.5,-0.500937,-0.300581,0.0363995,-1.51052
135.6,-0.502588,-0.334897,-0.00323373,-1.51052
135.7,-0.50033,-0.367507,-0.0416899,-1.51052
135.8,-0.494306,-0.39812,-0.0784629,-1.51052
135.9,-0.484708,-0.426475,-0.113108,-1.51052
136,-0.471768,-0.452344,-0.145249,-1.51052
136.1,-0.455752,-0.475536,-0.174584,-1.51052
136.2,-0.436952,-0.495895,-0.200886,-1.51052
136.3,-0.415681,-0.513304,-0.224003,-1.51052
136.4,-0.392261,-0.52768,-0.243855,-1.51052
136.5,-0.367019,-0.538979,-0.260428,-1.51052
136.6,-0.340283,-0.547188,-0.273768,-1.51052
136.7,-0.31237,-0.552328,-0.283973,-1.51052
136.8,-0.283588,-0.55445,-0.291185,-1.51052
136.9,-0.254227,-0.553631,-0.295577,-1.51052
137,-0.22456,-0.54997,-0.297351,-1.51052
137.1,-0.194837,-0.543589,-0.296721,-1.51052
137.2,-0.165288,-0.534627,-0.293912,-1.51052
137.3,-0.13612,-0.523237,-0.289147,-1.51052
137.4,-0.107517,-0.509584,-0.282644,-1.51052
137.5,-0.0796423,-0.493841,-0.274609,-1.51052
137.6,-0.0526397,-0.476189,-0.265235,-1.51052
137.7,-0.0266342,-0.456812,-0.254693,-1.51052
137.8,-0.00173481,-0.435897,-0.243136,-1.51052
137.9,0.0219636,-0.413632,-0.230695,-1.51052
138,0.0443783,-0.390204,-0.217477,-1.51052
138.1,0.0654361,-0.365798,-0.203572,-1.51052
138.2,0.0850721,-0.340597,-0.189048,-1.51052
138.3,0.103227,-0.314783,-0.173958,-1.51052
138.4,0.119846,-0.288532,-0.158337,-1.51052
138.5,0.134877,-0.262018,-0.142212,-1.51052
138.6,0.148272,-0.235411,-0.125599,-1.51052
138.7,0.159981,-0.208877,-0.108511,-1.51052
138.8,0.169959,-0.182581,-0.0909571,-1.51052
138.9,0.178158,-0.15668,-0.0729503,-1.51052
139,0.184534,-0.131333,-0.0545081,-1.51052
139.1,0.189046,-0.106691,-0.0356568,-1.51052
139.2,0.191653,-0.0829037,-0.016434,-1.51052
139.3,0.192322,-0.0601176,0.00310827,-1.51052
139.4,0.191023,-0.0384741,0.0229016,-1.51052
139.5,0.187736,-0.0181105,0.0428594,-1.51052
139.6,0.182449,0.000841051,0.0628759,-1.51052
139.7,0.175163,0.0182543,0.0828252,-1.51052
139.8,0.165891,0.0340097,0.102562,-1.51052
139.9,0.154663,0.0479958,0.12192,-1.51052
140,0.141526,0.0601103,0.140719,-1.51052
140.1,0.126545,0.0702612,0.15876,-1.51052
140.2,0.109806,0.0783686,0.175834,-1.51052
140.3,0.0914175,0.0843657,0.191723,-1.51052
140.4,0.0715085,0.0882008,0.206203,-1.51052
140.5,0.0502311,0.0898384,0.219055,-1.51052
140.6,0.0277591,0.0892603,0.230061,-1.51052
140.7,0.00428729,0.0864677,0.239018,-1.51052
140.8,-0.0199699,0.0814814,0.24574,-1.51052
140.9,-0.0447807,0.074343,0.250063,-1.51052
141,-0.069898,0.0651155,0.251853,-1.51052
141.1,-0.0950633,0.0538836,0.251007,-1.51052
141.2,-0.120009,0.0407535,0.247462,-1.51052
141.3,-0.144465,0.0258523,0.241195,-1.51052
141.4,-0.168158,0.00932772,0.232224,-1.51052
141.5,-0.190822,-0.00865351,0.220614,-1.51052
141.6,-0.212197,-0.0279071,0.206472,-1.51052
141.7,-0.232037,-0.0482331,0.18995,-1.51052
141.8,-0.250113,-0.069418,0.171237,-1.51052
141.9,-0.266219,-0.0912376,0.150561,-1.51052
142,-0.280169,-0.113459,0.12818,-1.51052
142.1,-0.291807,-0.135846,0.104378,-1.51052
142.2,-0.301007,-0.158156,0.0794584,-1.51052
142.3,-0.307672,-0.180152,0.0537358,-1.51052
142.4,-0.311738,-0.201598,0.0275312,-1.51052
142.5,-0.313173,-0.222265,0.00116361,-1.51052
142.6,-0.311976,-0.241935,-0.0250564,-1.51052
142.7,-0.308177,-0.2604,-0.0508325,-1.51052
142.8,-0.301834,-0.277469,-0.0758883,-1.51052
142.9,-0.293031,-0.292964,-0.0999714,-1.51052
143,-0.281879,-0.306729,-0.122857,-1.51052
143.1,-0.268506,-0.318624,-0.144351,-1.51052
143.2,-0.253061,-0.328532,-0.164289,-1.51052
143.3,-0.235705,-0.336354,-0.182538,-1.51052
143.4,-0.216613,-0.342016,-0.198996,-1.51052
143.5,-0.195968,-0.345461,-0.213589,-1.51052
143.6,-0.173959,-0.346655,-0.22627,-1.51052
143.7,-0.150779,-0.345586,-0.237013,-1.51052
143.8,-0.126621,-0.342258,-0.245813,-1.51052
143.9,-0.101681,-0.336695,-0.25268,-1.51052
144,-0.076149,-0.328941,-0.257635,-1.51052
144.1,-0.0502163,-0.319053,-0.260708,-1.51052
144.2,-0.0240691,-0.307106,-0.261931,-1.51052
144.3,0.00210932,-0.293188,-0.261338,-1.51052
144.4,0.0281391,-0.277402,-0.258962,-1.51052
144.5,0.0538432,-0.25986,-0.25483,-1.51052
144.6,0.0790473,-0.240691,-0.248965,-1.51052
144.7,0.103579,-0.220029,-0.24138,-1.51052
144.8,0.127266,-0.198023,-0.232085,-1.51052
144.9,0.149939,-0.174827,-0.221081,-1.51052
145,0.171425,-0.150609,-0.208363,-1.51052
145.1,0.191554,-0.125541,-0.193924,-1.51052
145.2,0.210153,-0.0998059,-0.177757,-1.51052
145.3,0.227048,-0.0735944,-0.159855,-1.51052
145.4,0.242066,-0.0471042,-0.140218,-1.51052
145.5,0.255034,-0.0205404,-0.118856,-1.51052
145.6,0.26578,0.00588486,-0.0957935,-1.51052
145.7,0.274137,0.0319534,-0.0710754,-1.51052
145.8,0.279942,0.0574415,-0.0447692,-1.51052
145.9,0.283041,0.082121,-0.0169715,-1.51052
146,0.283291,0.10576,0.0121884,-1.51052
146.1,0.280564,0.128125,0.0425446,-1.51052
146.2,0.274749,0.148982,0.0738915,-1.51052
146.3,0.26576,0.1681,0.105982,-1.51052
146.4,0.253538,0.185249,0.138526,-1.51052
146.5,0.238051,0.20021,0.171193,-1.51052
146.6,0.219307,0.21277,0.20361,-1.51052
146.7,0.197351,0.222731,0.235369,-1.51052
146.8,0.17227,0.229909,0.266032,-1.51052
146.9,0.144197,0.234143,0.295135,-1.51052
147,0.113311,0.235292,0.322203,-1.51052
147.1,0.0798398,0.233243,0.346754,-1.51052
147.2,0.0440596,0.227913,0.368315,-1.51052
147.3,0.00629166,0.219253,0.386434,-1.51052
147.4,-0.0330986,0.207248,0.400696,-1.51052
147.5,-0.0737065,0.191923,0.410731,-1.51052
147.6,-0.115094,0.173343,0.416232,-1.51052
147.7,-0.156794,0.151612,0.416966,-1.51052
147.8,-0.198323,0.126878,0.412786,-1.51052
147.9,-0.239185,0.099329,0.403635,-1.51052
148,-0.278885,0.0691904,0.389557,-1.51052
148.1,-0.316937,0.0367266,0.370695,-1.51052
148.2,-0.352873,0.00223474,0.347296,-1.51052
148.3,-0.386256,-0.033958,0.319699,-1.51052
148.4,-0.416687,-0.0714998,0.288336,-1.51052
148.5,-0.443815,-0.110019,0.253712,-1.51052
148.6,-0.46734,-0.149131,0.216401,-1.51052
148.7,-0.487026,-0.188443,0.177024,-1.51052
148.8,-0.502698,-0.227561,0.136233,-1.51052
148.9,-0.514248,-0.266098,0.0946926,-1.51052
149,-0.521633,-0.303678,0.0530652,-1.51052
149.1,-0.524879,-0.339941,0.0119892,-1.51052
149.2,-0.52407,-0.374552,-0.0279348,-1.51052
149.3,-0.519349,-0.407202,-0.0661584,-1.51052
149.4,-0.510911,-0.437615,-0.102197,-1.51052
149.5,-0.498996,-0.465548,-0.135638,-1.51052
149.6,-0.483881,-0.490797,-0.166147,-1.51052
149.7,-0.465873,-0.513196,-0.193471,-1.51052
149.8,-0.445299,-0.532616,-0.217437,-1.51052
149.9,-0.422501,-0.548971,-0.237952,-1.51052
150,-0.397825,-0.562209,-0.254993,-1.51052
150.1,-0.371616,-0.572316,-0.268606,-1.51052
150.2,-0.344214,-0.579313,-0.278892,-1.51052
150.3,-0.315944,-0.58325,-0.286004,-1.51052
150.4,-0.287113,-0.584207,-0.29013,-1.51052
150.5,-0.25801,-0.582291,-0.291491,-1.51052
150.6,-0.228899,-0.577626,-0.290325,-1.51052
150.7,-0.200021,-0.570359,-0.286883,-1.51052
150.8,-0.17159,-0.56065,-0.281417,-1.51052
150.9,-0.143796,-0.548671,-0.274176,-1.51052
151,-0.116806,-0.534604,-0.2654,-1.51052
151.1,-0.0907602,-0.518635,-0.255312,-1.51052
151.2,-0.0657803,-0.500956,-0.244118,-1.51052
151.3,-0.0419672,-0.48176,-0.232005,-1.51052
151.4,-0.0194044,-0.461237,-0.219136,-1.51052
151.5,0.00183968,-0.43958,-0.205653,-1.51052
151.6,0.0217098,-0.416973,-0.191675,-1.51052
151.7,0.0401616,-0.3936,-0.177301,-1.51052
151.8,0.0571595,-0.369639,-0.162611,-1.51052
151.9,0.0726754,-0.345261,-0.147667,-1.51052
152,0.0866862,-0.320632,-0.132518,-1.51052
152.1,0.0991735,-0.295913,-0.117201,-1.51052
152.2,0.110122,-0.271257,-0.101742,-1.51052
152.3,0.119518,-0.246811,-0.0861646,-1.51052
152.4,0.127351,-0.222718,-0.0704868,-1.51052
152.5,0.133613,-0.199113,-0.0547274,-1.51052
152.6,0.138295,-0.176127,-0.0389074,-1.51052
152.7,0.141393,-0.153882,-0.0230527,-1.51052
152.8,0.142905,-0.132498,-0.00719611,-1.51052
152.9,0.142833,-0.112088,0.00862103,-1.51052
153,0.141184,-0.0927574,0.0243471,-1.51052
153.1,0.137969,-0.0746078,0.0399192,-1.51052
153.2,0.133208,-0.0577331,0.0552628,-1.51052
153.3,0.126927,-0.0422209,0.0702912,-1.51052
153.4,0.119163,-0.028151,0.0849064,-1.51052
153.5,0.109963,-0.0155957,0.0989991,-1.51052
153.6,0.0993848,-0.00461848,0.112451,-1.51052
153.7,0.0874987,0.00472667,0.125134,-1.51052
153.8,0.074388,0.0123957,0.136917,-1.51052
153.9,0.0601497,0.0183556,0.147664,-1.51052
154,0.0448942,0.022585,0.157239,-1.51052
154.1,0.0287455,0.0250751,0.165507,-1.51052
154.2,0.0118407,0.0258303,0.172341,-1.51052
154.3,-0.00567082,0.0248686,0.177622,-1.51052
154.4,-0.0236283,0.0222225,0.181244,-1.51052
154.5,-0.0418613,0.0179388,0.183117,-1.51052
154.6,-0.0601911,0.0120794,0.18317,-1.51052
154.7,-0.078433,0.00472059,0.181353,-1.51052
154.8,-0.0963985,-0.00404659,0.177639,-1.51052
154.9,-0.113898,-0.0141172,0.172029,-1.51052
155,-0.130742,-0.0253728,0.164546,-1.51052
155.1,-0.146746,-0.0376827,0.155246,-1.51052
155.2,-0.161733,-0.0509046,0.144206,-1.51052
155.3,-0.175533,-0.0648865,0.131532,-1.51052
155.4,-0.187989,-0.0794678,0.117354,-1.51052
155.5,-0.198959,-0.0944808,0.101823,-1.51052
155.6,-0.208314,-0.109753,0.0851094,-1.51052
155.7,-0.215947,-0.12511,0.0673998,-1.51052
155.8,-0.221768,-0.140373,0.0488927,-1.51052
155.9,-0.225706,-0.155367,0.0297952,-1.51052
156,-0.227714,-0.16992,0.0103187,-1.51052
156.1,-0.227764,-0.183863,-0.00932483,-1.51052
156.2,-0.225851,-0.197034,-0.0289265,-1.51052
156.3,-0.221987,-0.20928,-0.0482844,-1.51052
156.4,-0.216208,-0.220458,-0.0672061,-1.51052
156.5,-0.208566,-0.230434,-0.0855116,-1.51052
156.6,-0.199132,-0.23909,-0.103035,-1.51052
156.7,-0.18799,-0.246318,-0.119628,-1.51052
156.8,-0.175242,-0.252028,-0.135157,-1.51052
156.9,-0.160998,-0.256141,-0.149506,-1.51052
157,-0.145383,-0.258595,-0.162577,-1.51052
157.1,-0.128528,-0.259345,-0.174288,-1.51052
157.2,-0.110573,-0.258359,-0.184571,-1.51052
157.3,-0.0916636,-0.255621,-0.193373,-1.51052
157.4,-0.0719495,-0.251132,-0.200652,-1.51052
157.5,-0.051585,-0.244905,-0.206377,-1.51052
157.6,-0.0307268,-0.23697,-0.210524,-1.51052
157.7,-0.00953344,-0.22737,-0.213076,-1.51052
157.8,0.0118348,-0.216161,-0.21402,-1.51052
157.9,0.0332165,-0.203412,-0.213346,-1.51052
158,0.0544497,-0.189206,-0.211046,-1.51052
158.1,0.0753712,-0.173635,-0.207112,-1.51052
158.2,0.0958174,-0.156805,-0.201537,-1.51052
158.3,0.115624,-0.138831,-0.194315,-1.51052
158.4,0.134625,-0.119841,-0.185438,-1.51052
158.5,0.152656,-0.0999692,-0.174901,-1.51052
158.6,0.16955,-0.0793627,-0.162702,-1.51052
158.7,0.185141,-0.058176,-0.148844,-1.51052
158.8,0.199264,-0.0365728,-0.133337,-1.51052
158.9,0.211754,-0.0147245,-0.116199,-1.51052
159,0.22245,0.00718958,-0.0974627,-1.51052
159.1,0.231195,0.0289835,-0.0771753,-1.51052
159.2,0.237836,0.0504653,-0.0554032,-1.51052
159.3,0.242229,0.0714377,-0.0322349,-1.51052
159.4,0.24424,0.0916997,-0.0077843,-1.51052
159.5,0.243748,0.111048,0.0178068,-1.51052
159.6,0.240646,0.129276,0.0443661,-1.51052
159.7,0.234849,0.146181,0.0716895,-1.51052
159.8,0.226291,0.161561,0.0995397,-1.51052
159.9,0.214932,0.175219,0.127647,-1.51052
160,0.200763,0.186964,0.155709,-1.51052
160.1,0.183803,0.196617,0.183395,-1.51052
160.2,0.164108,0.204009,0.210349,-1.51052
160.3,0.14177,0.20899,0.236192,-1.51052
160.4,0.11692,0.211423,0.260533,-1.51052
160.5,0.0897273,0.211197,0.282972,-1.51052
160.6,0.0604022,0.208224,0.303114,-1.51052
160.7,0.0291939,0.20244,0.320573,-1.51052
160.8,-0.00361085,0.193813,0.334985,-1.51052
160.9,-0.0376905,0.182341,0.346019,-1.51052
161,-0.0726923,0.168056,0.353385,-1.51052
161.1,-0.108237,0.151025,0.356849,-1.51052
161.2,-0.143926,0.131346,0.356236,-1.51052
161.3,-0.179345,0.109156,0.351441,-1.51052
161.4,-0.214074,0.0846233,0.342434,-1.51052
161.5,-0.247693,0.0579512,0.329265,-1.51052
161.6,-0.279792,0.0293721,0.312063,-1.51052
161.7,-0.309978,-0.000853225,0.291037,-1.51052
161.8,-0.337882,-0.0324394,0.266472,-1.51052
161.9,-0.363166,-0.0650807,0.238722,-1.51052
162,-0.385534,-0.0984551,0.208202,-1.51052
162.1,-0.40473,-0.132229,0.175375,-1.51052
162.2,-0.420549,-0.166064,0.140746,-1.51052
162.3,-0.432836,-0.19962,0.104842,-1.51052
162.4,-0.441492,-0.232559,0.0681995,-1.51052
162.5,-0.44647,-0.264555,0.0313555,-1.51052
162.6,-0.447774,-0.295296,-0.00517159,-1.51052
162.7,-0.445462,-0.324486,-0.0408914,-1.51052
162.8,-0.439638,-0.351853,-0.0753529,-1.51052
162.9,-0.430447,-0.37715,-0.108153,-1.51052
163,-0.418074,-0.400159,-0.138944,-1.51052
163.1,-0.402735,-0.420692,-0.167437,-1.51052
163.2,-0.384671,-0.43859,-0.193406,-1.51052
163.3,-0.364143,-0.453731,-0.216685,-1.51052
163.4,-0.341427,-0.46602,-0.237169,-1.51052
163.5,-0.316804,-0.475399,-0.25481,-1.51052
163.6,-0.29056,-0.481836,-0.269607,-1.51052
163.7,-0.262976,-0.485332,-0.281608,-1.51052
163.8,-0.234329,-0.485912,-0.290896,-1.51052
163.9,-0.204884,-0.483628,-0.297584,-1.51052
164,-0.174894,-0.478554,-0.301806,-1.51052
164.1,-0.1446,-0.470786,-0.303713,-1.51052
164.2,-0.114224,-0.460436,-0.303459,-1.51052
164.3,-0.0839745,-0.447632,-0.301203,-1.51052
164.4,-0.0540448,-0.432517,-0.297096,-1.51052
164.5,-0.0246123,-0.415242,-0.29128,-1.51052
164.6,0.00415866,-0.39597,-0.283885,-1.51052
164.7,0.0321158,-0.374871,-0.275022,-1.51052
164.8,0.0591173,-0.352119,-0.264786,-1.51052
164.9,0.0850297,-0.327896,-0.253251,-1.51052
165,0.109726,-0.302386,-0.240475,-1.51052
165.1,0.133085,-0.275775,-0.226495,-1.51052
165.2,0.154986,-0.248255,-0.211336,-1.51052
165.3,0.175313,-0.220017,-0.195008,-1.51052
165.4,0.193949,-0.191256,-0.177512,-1.51052
165.5,0.210776,-0.162168,-0.158841,-1.51052
165.6,0.225677,-0.13295,-0.13899,-1.51052
165.7,0.238535,-0.103804,-0.117954,-1.51052
165.8,0.249229,-0.0749305,-0.0957362,-1.51052
165.9,0.257643,-0.0465332,-0.0723541,-1.51052
166,0.263662,-0.0188171,-0.047841,-1.51052
166.1,0.267175,0.00801212,-0.0222528,-1.51052
166.2,0.268079,0.033748,0.00432852,-1.51052
166.3,0.26628,0.0581847,0.0317905,-1.51052
166.4,0.261697,0.0811178,0.0599876,-1.51052
166.5,0.254264,0.102346,0.0887387,-1.51052
166.6,0.243938,0.121671,0.117826,-1.51052
166.7,0.230696,0.138904,0.146994,-1.51052
166.8,0.214546,0.153861,0.175953,-1.51052
166.9,0.195523,0.166372,0.204378,-1.51052
167,0.1737,0.176279,0.231917,-1.51052
167.1,0.149182,0.18344,0.258191,-1.51052
167.2,0.122117,0.187734,0.282809,-1.51052
167.3,0.0926891,0.189061,0.305366,-1.51052
167.4,0.0611255,0.187345,0.325463,-1.51052
167.5,0.0276915,0.18254,0.34271,-1.51052
167.6,-0.00730928,0.174629,0.35674,-1.51052
167.7,-0.0435382,0.163626,0.367221,-1.51052
167.8,-0.0806255,0.149581,0.373864,-1.51052
167.9,-0.118175,0.132577,0.37644,-1.51052
168,-0.155772,0.112734,0.374782,-1.51052
168.1,-0.192987,0.0902064,0.368797,-1.51052
168.2,-0.229387,0.0651844,0.358474,-1.51052
168.3,-0.26454,0.03789,0.343882,-1.51052
168.4,-0.298026,0.00857664,0.325176,-1.51052
168.5,-0.329446,-0.0224749,0.302594,-1.51052
168.6,-0.358426,-0.0549598,0.276451,-1.51052
168.7,-0.38463,-0.0885531,0.247134,-1.51052
168.8,-0.407762,-0.122915,0.215091,-1.51052
168.9,-0.427574,-0.157696,0.180821,-1.51052
169,-0.44387,-0.192542,0.144859,-1.51052
169.1,-0.456508,-0.227099,0.107762,-1.51052
169.2,-0.465403,-0.26102,0.070095,-1.51052
169.3,-0.470527,-0.293968,0.0324163,-1.51052
169.4,-0.471904,-0.325625,-0.00473736,-1.51052
169.5,-0.469613,-0.355691,-0.0408626,-1.51052
169.6,-0.463781,-0.383891,-0.0755008,-1.51052
169.7,-0.454576,-0.40998,-0.108247,-1.51052
169.8,-0.442206,-0.433742,-0.138757,-1.51052
169.9,-0.426909,-0.454992,-0.16675,-1.51052
170,-0.408947,-0.47358,-0.192013,-1.51052
170.1,-0.388602,-0.48939,-0.214398,-1.51052
170.2,-0.366167,-0.502339,-0.233821,-1.51052
170.3,-0.341938,-0.512378,-0.250257,-1.51052
170.4,-0.316214,-0.519488,-0.263735,-1.51052
170.5,-0.289287,-0.523681,-0.274328,-1.51052
170.6,-0.261441,-0.524995,-0.28215,-1.51052
170.7,-0.232945,-0.523495,-0.287344,-1.51052
170.8,-0.204054,-0.519267,-0.290079,-1.51052
170.9,-0.175005,-0.512417,-0.290534,-1.51052
171,-0.146017,-0.50307,-0.288899,-1.51052
171.1,-0.117288,-0.491362,-0.285363,-1.51052
171.2,-0.0890013,-0.477443,-0.28011,-1.51052
171.3,-0.0613179,-0.461472,-0.273315,-1.51052
171.4,-0.0343843,-0.443616,-0.265139,-1.51052
171.5,-0.0083313,-0.424045,-0.255726,-1.51052
171.6,0.0167239,-0.402936,-0.245202,-1.51052
171.7,0.0406756,-0.380466,-0.233673,-1.51052
171.8,0.0634279,-0.356814,-0.221227,-1.51052
171.9,0.0848928,-0.332159,-0.207933,-1.51052
172,0.104988,-0.306679,-0.193842,-1.51052
172.1,0.123636,-0.280552,-0.17899,-1.51052
172.2,0.140761,-0.253955,-0.163402,-1.51052
172.3,0.156292,-0.227063,-0.147093,-1.51052
172.4,0.170156,-0.200048,-0.130072,-1.51052
172.5,0.182283,-0.173084,-0.112344,-1.51052
172.6,0.192602,-0.14634,-0.093918,-1.51052
172.7,0.201044,-0.119985,-0.0748055,-1.51052
172.8,0.207541,-0.094188,-0.0550278,-1.51052
172.9,0.212028,-0.0691134,-0.034618,-1.51052
173,0.214445,-0.0449253,-0.0136245,-1.51052
173.1,0.214736,-0.0217853,0.00788614,-1.51052
173.2,0.212853,0.000148022,0.0298265,-1.51052
173.3,0.20876,0.0207196,0.0520865,-1.51052
173.4,0.20243,0.0397787,0.0745324,-1.51052
173.5,0.193852,0.0571803,0.0970059,-1.51052
173.6,0.183034,0.0727863,0.119324,-1.51052
173.7,0.17,0.0864667,0.141282,-1.51052
173.8,0.154797,0.0981014,0.162653,-1.51052
173.9,0.137497,0.107582,0.183191,-1.51052
174,0.118195,0.114813,0.202637,-1.51052
174.1,0.0970147,0.119716,0.220723,-1.51052
174.2,0.074105,0.122227,0.237176,-1.51052
174.3,0.049643,0.122303,0.251724,-1.51052
174.4,0.0238323,0.119921,0.264107,-1.51052
174.5,-0.00309804,0.115081,0.274079,-1.51052
174.6,-0.0308955,0.107805,0.281415,-1.51052
174.7,-0.0592868,0.0981413,0.285925,-1.51052
174.8,-0.087981,0.0861621,0.287451,-1.51052
174.9,-0.116674,0.0719659,0.28588,-1.51052
175,-0.145052,0.0556762,0.281148,-1.51052
175.1,-0.172797,0.0374415,0.273238,-1.51052
175.2,-0.199595,0.0174338,0.262192,-1.51052
175.3,-0.225134,-0.00415258,0.248104,-1.51052
175.4,-0.249119,-0.0271032,0.231121,-1.51052
175.5,-0.271269,-0.051186,0.211444,-1.51052
175.6,-0.291326,-0.0761538,0.189322,-1.51052
175.7,-0.309061,-0.101748,0.165044,-1.51052
175.8,-0.324274,-0.127701,0.138937,-1.51052
175.9,-0.336799,-0.153741,0.111353,-1.51052
176,-0.346508,-0.179596,0.0826667,-1.51052
176.1,-0.353309,-0.204994,0.0532606,-1.51052
176.2,-0.357149,-0.229672,0.0235197,-1.51052
176.3,-0.358014,-0.253374,-0.00617851,-1.51052
176.4,-0.355927,-0.275859,-0.0354721,-1.51052
176.5,-0.350944,-0.296901,-0.0640221,-1.51052
176.6,-0.343157,-0.316292,-0.0915182,-1.51052
176.7,-0.332685,-0.333844,-0.117684,-1.51052
176.8,-0.319673,-0.349393,-0.142282,-1.51052
176.9,-0.304288,-0.362796,-0.165112,-1.51052
177,-0.286715,-0.373936,-0.186015,-1.51052
177.1,-0.267153,-0.382718,-0.204873,-1.51052
177.2,-0.245811,-0.389075,-0.221603,-1.51052
177.3,-0.222905,-0.392962,-0.236159,-1.51052
177.4,-0.198652,-0.394357,-0.248525,-1.51052
177.5,-0.173272,-0.393261,-0.258711,-1.51052
177.6,-0.146982,-0.389696,-0.26675,-1.51052
177.7,-0.119992,-0.383705,-0.272691,-1.51052
177.8,-0.0925114,-0.375347,-0.276595,-1.51052
177.9,-0.0647391,-0.364701,-0.278529,-1.51052
178,-0.036869,-0.351858,-0.278562,-1.51052
178.1,-0.00908771,-0.336926,-0.276763,-1.51052
178.2,0.0184247,-0.320025,-0.273194,-1.51052
178.3,0.045494,-0.301284,-0.267911,-1.51052
178.4,0.0719511,-0.280846,-0.260957,-1.51052
178.5,0.097631,-0.258861,-0.252369,-1.51052
178.6,0.122371,-0.235489,-0.242168,-1.51052
178.7,0.146011,-0.210895,-0.230367,-1.51052
178.8,0.168391,-0.185256,-0.21697,-1.51052
178.9,0.189352,-0.158753,-0.201973,-1.51052
179,0.208732,-0.131574,-0.185367,-1.51052
179.1,0.226371,-0.103915,-0.167142,-1.51052
179.2,0.242107,-0.0759767,-0.147291,-1.51052
179.3,0.255775,-0.0479663,-0.125816,-1.51052
179.4,0.267216,-0.0200969,-0.102729,-1.51052
179.5,0.276268,0.00741299,-0.0780582,-1.51052
179.6,0.282777,0.0343403,-0.0518565,-1.51052
179.7,0.286591,0.060458,-0.0242021,-1.51052
179.8,0.287572,0.0855357,0.00479507,-1.51052
179.9,0.285592,0.109341,0.0349893,-1.51052
180,0.280541,0.131643,0.0661956,-1.51052
180.1,0.272327,0.152209,0.0981877,-1.51052
180.2,0.260886,0.170812,0.130696,-1.51052
180.3,0.246181,0.187232,0.163408,-1.51052
180.4,0.228209,0.201256,0.195969,-1.51052
180.5,0.207005,0.212684,0.227988,-1.51052
180.6,0.182644,0.22133,0.259038,-1.51052
180.7,0.155245,0.227028,0.288666,-1.51052
180.8,0.124974,0.229632,0.316401,-1.51052
180.9,0.0920437,0.229024,0.341765,-1.51052
181,0.0567156,0.225113,0.364283,-1.51052
181.1,0.0192974,0.217842,0.383495,-1.51052
181.2,-0.0198588,0.207187,0.398972,-1.51052
181.3,-0.0603597,0.193163,0.410331,-1.51052
181.4,-0.101777,0.175824,0.417243,-1.51052
181.5,-0.143651,0.155264,0.419451,-1.51052
181.6,-0.185504,0.131619,0.416779,-1.51052
181.7,-0.226842,0.105067,0.409142,-1.51052
181.8,-0.267167,0.0758227,0.396551,-1.51052
181.9,-0.30599,0.0441416,0.37912,-1.51052
182,-0.342837,0.0103121,0.357062,-1.51052
182.1,-0.377259,-0.0253457,0.330689,-1.51052
182.2,-0.408844,-0.0624857,0.300406,-1.51052
182.3,-0.437226,-0.100741,0.266698,-1.51052
182.4,-0.462088,-0.139727,0.230121,-1.51052
182.5,-0.483175,-0.179054,0.191282,-1.51052
182.6,-0.500291,-0.218325,0.150829,-1.51052
182.7,-0.513309,-0.25715,0.109427,-1.51052
182.8,-0.522167,-0.295147,0.0677412,-1.51052
182.9,-0.526869,-0.33195,0.0264214,-1.51052
183,-0.527484,-0.367215,-0.0139167,-1.51052
183.1,-0.524138,-0.400624,-0.0527055,-1.51052
183.2,-0.517011,-0.43189,-0.0894379,-1.51052
183.3,-0.506333,-0.460759,-0.123677,-1.51052
183.4,-0.492371,-0.487015,-0.155064,-1.51052
183.5,-0.475425,-0.510479,-0.183319,-1.51052
183.6,-0.455818,-0.531012,-0.208245,-1.51052
183.7,-0.433891,-0.548515,-0.229723,-1.51052
183.8,-0.40999,-0.562925,-0.247712,-1.51052
183.9,-0.384464,-0.574218,-0.262236,-1.51052
184,-0.357656,-0.582405,-0.273383,-1.51052
184.1,-0.329896,-0.587528,-0.281291,-1.51052
184.2,-0.301499,-0.58966,-0.286143,-1.51052
184.3,-0.272762,-0.588899,-0.288151,-1.51052
184.4,-0.243956,-0.585366,-0.287553,-1.51052
184.5,-0.21533,-0.579203,-0.2846,-1.51052
184.6,-0.187106,-0.570567,-0.279547,-1.51052
184.7,-0.159482,-0.559626,-0.27265,-1.51052
184.8,-0.132629,-0.546562,-0.264156,-1.51052
184.9,-0.106696,-0.531559,-0.254298,-1.51052
185,-0.0818079,-0.514809,-0.243294,-1.51052
185.1,-0.058069,-0.496504,-0.231341,-1.51052
185.2,-0.0355654,-0.476836,-0.218615,-1.51052
185.3,-0.0143666,-0.455996,-0.20527,-1.51052
185.4,0.00547229,-0.434172,-0.191437,-1.51052
185.5,0.0239083,-0.411545,-0.177228,-1.51052
185.6,0.0409084,-0.388294,-0.162734,-1.51052
185.7,0.0564479,-0.36459,-0.148027,-1.51052
185.8,0.0705086,-0.340599,-0.133165,-1.51052
185.9,0.0830773,-0.31648,-0.118194,-1.51052
186,0.0941448,-0.292385,-0.103147,-1.51052
186.1,0.103705,-0.26846,-0.0880511,-1.51052
186.2,0.111754,-0.244844,-0.0729292,-1.51052
186.3,0.118291,-0.221668,-0.0578012,-1.51052
186.4,0.123315,-0.19906,-0.0426878,-1.51052
186.5,0.126829,-0.177138,-0.0276123,-1.51052
186.6,0.12884,-0.156017,-0.012603,-1.51052
186.7,0.129353,-0.135803,0.00230519,-1.51052
186.8,0.128383,-0.116598,0.0170695,-1.51052
186.9,0.125946,-0.0984972,0.0316378,-1.51052
187,0.122064,-0.0815878,0.0459485,-1.51052
187.1,0.116767,-0.0659515,0.0599295,-1.51052
187.2,0.110092,-0.0516626,0.073499,-1.51052
187.3,0.102084,-0.0387877,0.0865657,-1.51052
187.4,0.092799,-0.027385,0.0990299,-1.51052
187.5,0.082302,-0.0175044,0.110785,-1.51052
187.6,0.0706695,-0.00918603,0.121717,-1.51052
187.7,0.0579897,-0.00246026,0.131713,-1.51052
187.8,0.0443622,0.00265322,0.140654,-1.51052
187.9,0.029898,0.00614597,0.148425,-1.51052
188,0.0147198,0.00802137,0.154917,-1.51052
188.1,-0.00103918,0.00829512,0.160024,-1.51052
188.2,-0.0172358,0.00699565,0.163655,-1.51052
188.3,-0.0337182,0.0041644,0.165727,-1.51052
188.4,-0.0503271,-0.000144021,0.166176,-1.51052
188.5,-0.0668977,-0.00586185,0.164955,-1.51052
188.6,-0.0832615,-0.0129083,0.162035,-1.51052
188.7,-0.099248,-0.0211901,0.157412,-1.51052
188.8,-0.114687,-0.0306018,0.1511,-1.51052
188.9,-0.129413,-0.0410268,0.14314,-1.51052
189,-0.143263,-0.0523378,0.133595,-1.51052
189.1,-0.156082,-0.0643986,0.122549,-1.51052
189.2,-0.167726,-0.077065,0.110109,-1.51052
189.3,-0.178062,-0.0901861,0.0964028,-1.51052
189.4,-0.186969,-0.103606,0.081573,-1.51052
189.5,-0.194344,-0.117166,0.0657791,-1.51052
189.6,-0.200098,-0.130705,0.0491922,-1.51052
189.7,-0.204162,-0.144062,0.0319921,-1.51052
189.8,-0.206483,-0.157078,0.0143646,-1.51052
189.9,-0.207027,-0.169599,-0.00350258,-1.51052
190,-0.20578,-0.181475,-0.0214223,-1.51052
190.1,-0.202747,-0.192562,-0.0392116,-1.51052
190.2,-0.197948,-0.202725,-0.0566941,-1.51052
190.3,-0.191424,-0.211839,-0.0737026,-1.51052
190.4,-0.183229,-0.219789,-0.0900811,-1.51052
190.5,-0.173433,-0.226473,-0.105686,-1.51052
190.6,-0.162122,-0.231801,-0.120387,-1.51052
190.7,-0.14939,-0.235694,-0.134069,-1.51052
190.8,-0.135345,-0.23809,-0.146631,-1.51052
190.9,-0.120104,-0.23894,-0.157986,-1.51052
191,-0.103791,-0.238208,-0.168058,-1.51052
191.1,-0.086537,-0.235873,-0.176788,-1.51052
191.2,-0.0684797,-0.231928,-0.184123,-1.51052
191.3,-0.0497602,-0.226381,-0.190024,-1.51052
191.4,-0.0305237,-0.219251,-0.194457,-1.51052
191.5,-0.0109185,-0.210574,-0.197397,-1.51052
191.6,0.0089051,-0.200395,-0.198821,-1.51052
191.7,0.0287946,-0.188775,-0.198713,-1.51052
191.8,0.0485961,-0.175785,-0.197058,-1.51052
191.9,0.0681543,-0.161507,-0.193845,-1.51052
192,0.0873128,-0.146036,-0.189063,-1.51052
192.1,0.105914,-0.129477,-0.182702,-1.51052
192.2,0.1238,-0.111946,-0.174756,-1.51052
192.3,0.140812,-0.093566,-0.165221,-1.51052
192.4,0.156792,-0.0744729,-0.154096,-1.51052
192.5,0.171579,-0.0548097,-0.141386,-1.51052
192.6,0.185016,-0.0347281,-0.127102,-1.51052
192.7,0.196948,-0.0143881,-0.111268,-1.51052
192.8,0.207219,0.00604333,-0.0939159,-1.51052
192.9,0.215682,0.0263924,-0.0750949,-1.51052
193,0.222191,0.0464797,-0.0548707,-1.51052
193.1,0.226612,0.0661205,-0.0333297,-1.51052
193.2,0.228817,0.0851267,-0.0105809,-1.51052
193.3,0.228692,0.103307,0.0132413,-1.51052
193.4,0.226138,0.12047,0.037975,-1.51052
193.5,0.221073,0.136424,0.0634298,-1.51052
193.6,0.213436,0.15098,0.0893858,-1.51052
193.7,0.203188,0.163953,0.115594,-1.51052
193.8,0.190318,0.175164,0.141776,-1.51052
193.9,0.174844,0.184445,0.167628,-1.51052
194,0.156814,0.191638,0.192823,-1.51052
194.1,0.136312,0.196599,0.217016,-1.51052
194.2,0.113456,0.199201,0.239847,-1.51052
194.3,0.0884004,0.199338,0.260953,-1.51052
194.4,0.0613355,0.196923,0.279968,-1.51052
194.5,0.0324884,0.191897,0.296538,-1.51052
194.6,0.00212054,0.184225,0.310329,-1.51052
194.7,-0.0294744,0.173902,0.321032,-1.51052
194.8,-0.0619738,0.160953,0.328377,-1.51052
194.9,-0.0950303,0.145436,0.332141,-1.51052
195,-0.128277,0.127439,0.332154,-1.51052
195.1,-0.161333,0.107082,0.328309,-1.51052
195.2,-0.193809,0.0845199,0.320565,-1.51052
195.3,-0.225316,0.0599346,0.30895,-1.51052
195.4,-0.255473,0.0335384,0.293567,-1.51052
195.5,-0.28391,0.00556974,0.27459,-1.51052
195.6,-0.310279,-0.0237097,0.25226,-1.51052
195.7,-0.33426,-0.0540183,0.226885,-1.51052
195.8,-0.355567,-0.0850585,0.198827,-1.51052
195.9,-0.37395,-0.116521,0.168497,-1.51052
196,-0.389205,-0.14809,0.136342,-1.51052
196.1,-0.401173,-0.179447,0.102838,-1.51052
196.2,-0.409744,-0.210276,0.0684704,-1.51052
196.3,-0.414855,-0.240267,0.0337285,-1.51052
196.4,-0.416493,-0.269123,-0.000909733,-1.51052
196.5,-0.414692,-0.296562,-0.0349882,-1.51052
196.6,-0.409528,-0.322321,-0.0680822,-1.51052
196.7,-0.401121,-0.34616,-0.0998075,-1.51052
196.8,-0.389624,-0.367862,-0.129826,-1.51052
196.9,-0.375222,-0.38724,-0.157851,-1.51052
197,-0.358128,-0.404134,-0.183651,-1.51052
197.1,-0.338572,-0.418414,-0.207046,-1.51052
197.2,-0.316803,-0.429979,-0.227913,-1.51052
197.3,-0.293076,-0.438758,-0.246177,-1.51052
197.4,-0.267655,-0.444709,-0.26181,-1.51052
197.5,-0.240802,-0.447817,-0.274827,-1.51052
197.6,-0.212775,-0.448095,-0.285274,-1.51052
197.7,-0.18383,-0.445579,-0.293229,-1.51052
197.8,-0.15421,-0.440327,-0.298788,-1.51052
197.9,-0.124148,-0.432418,-0.302064,-1.51052
198,-0.0938688,-0.42195,-0.303177,-1.51052
198.1,-0.063581,-0.409037,-0.302248,-1.51052
198.2,-0.0334833,-0.393807,-0.299395,-1.51052
198.3,-0.00376244,-0.376402,-0.294729,-1.51052
198.4,0.0254053,-0.356972,-0.288347,-1.51052
198.5,0.0538527,-0.335679,-0.280335,-1.51052
198.6,0.0814202,-0.312691,-0.27076,-1.51052
198.7,0.107954,-0.288185,-0.259673,-1.51052
198.8,0.133306,-0.262343,-0.247109,-1.51052
198.9,0.157328,-0.235353,-0.233089,-1.51052
199,0.179875,-0.207408,-0.217619,-1.51052
199.1,0.200803,-0.178704,-0.200695,-1.51052
199.2,0.219965,-0.149445,-0.182306,-1.51052
199.3,0.237215,-0.119836,-0.162439,-1.51052
199.4,0.252403,-0.0900892,-0.141084,-1.51052
199.5,0.265382,-0.060419,-0.118237,-1.51052
199.6,0.276001,-0.0310446,-0.0939047,-1.51052
199.7,0.284114,-0.00218917,-0.0681147,-1.51052
199.8,0.289577,0.0259212,-0.0409162,-1.51052
199.9,0.292253,0.0530575,-0.0123874,-1.51052
200,0.292014,0.078989,0.0173607,-1.51052
200.1,0.288745,0.103484,0.0481794,-1.51052
200.2,0.282349,0.126313,0.0798794,-1.51052
200.3,0.272748,0.147247,0.112229,-1.51052
200.4,0.25989,0.166065,0.144951,-1.51052
200.5,0.243756,0.182549,0.177726,-1.51052
200.6,0.224356,0.196494,0.210192,-1.51052
200.7,0.201741,0.207709,0.241951,-1.51052
200.8,0.176003,0.216016,0.27257,-1.51052
200.9,0.14728,0.221259,0.301592,-1.51052
201,0.115754,0.223306,0.328547,-1.51052
201.1,0.0816556,0.222049,0.352956,-1.51052
201.2,0.0452632,0.217412,0.374351,-1.51052
201.3,0.00690094,0.209352,0.392281,-1.51052
201.4,-0.0330637,0.197861,0.406333,-1.51052
201.5,-0.0742241,0.18297,0.41614,-1.51052
201.6,-0.11614,0.164749,0.421398,-1.51052
201.7,-0.158344,0.143311,0.421876,-1.51052
201.8,-0.200351,0.118807,0.417428,-1.51052
201.9,-0.241664,0.0914309,0.408003,-1.51052
202,-0.281787,0.0614147,0.393648,-1.51052
202.1,-0.320234,0.0290274,0.374511,-1.51052
202.2,-0.356538,-0.00542883,0.350842,-1.51052
202.3,-0.390263,-0.0416223,0.322987,-1.51052
202.4,-0.42101,-0.0791968,0.291382,-1.51052
202.5,-0.448431,-0.117777,0.25654,-1.51052
202.6,-0.47223,-0.156974,0.219038,-1.51052
202.7,-0.492171,-0.196393,0.179503,-1.51052
202.8,-0.508085,-0.235638,0.138593,-1.51052
202.9,-0.519866,-0.274318,0.0969765,-1.51052
203,-0.527479,-0.312056,0.0553192,-1.51052
203.1,-0.53095,-0.348492,0.0142629,-1.51052
203.2,-0.530371,-0.383289,-0.0255898,-1.51052
203.3,-0.525891,-0.416139,-0.0636892,-1.51052
203.4,-0.517708,-0.446767,-0.0995502,-1.51052
203.5,-0.506069,-0.47493,-0.132761,-1.51052
203.6,-0.491255,-0.500426,-0.16299,-1.51052
203.7,-0.473579,-0.52309,-0.189985,-1.51052
203.8,-0.453372,-0.542798,-0.213577,-1.51052
203.9,-0.43098,-0.559463,-0.233676,-1.51052
204,-0.406754,-0.573038,-0.250265,-1.51052
204.1,-0.381043,-0.583512,-0.263394,-1.51052
204.2,-0.354187,-0.590908,-0.273171,-1.51052
204.3,-0.326515,-0.595282,-0.279754,-1.51052
204.4,-0.298336,-0.596715,-0.283339,-1.51052
204.5,-0.269939,-0.595317,-0.284154,-1.51052
204.6,-0.241589,-0.591218,-0.282444,-1.51052
204.7,-0.213526,-0.584566,-0.278468,-1.51052
204.8,-0.185963,-0.575523,-0.272487,-1.51052
204.9,-0.159087,-0.564266,-0.264759,-1.51052
205,-0.133061,-0.550976,-0.255532,-1.51052
205.1,-0.108023,-0.535844,-0.245041,-1.51052
205.2,-0.0840874,-0.519061,-0.233502,-1.51052
205.3,-0.0613504,-0.50082,-0.221112,-1.51052
205.4,-0.0398875,-0.481312,-0.208045,-1.51052
205.5,-0.0197587,-0.460728,-0.194455,-1.51052
205.6,-0.00100955,-0.439252,-0.180473,-1.51052
205.7,0.0163265,-0.417064,-0.166209,-1.51052
205.8,0.0322258,-0.394337,-0.151754,-1.51052
205.9,0.0466734,-0.37124,-0.137183,-1.51052
206,0.0596606,-0.347931,-0.122555,-1.51052
206.1,0.0711841,-0.324564,-0.107917,-1.51052
206.2,0.0812448,-0.301285,-0.0933043,-1.51052
206.3,0.0898468,-0.278232,-0.0787471,-1.51052
206.4,0.0969969,-0.255535,-0.0642698,-1.51052
206.5,0.102704,-0.233319,-0.0498944,-1.51052
206.6,0.10698,-0.2117,-0.035643,-1.51052
206.7,0.109838,-0.190788,-0.0215396,-1.51052
206.8,0.111294,-0.170687,-0.00761168,-1.51052
206.9,0.111367,-0.151492,0.00610776,-1.51052
207,0.11008,-0.133293,0.0195795,-1.51052
207.1,0.107461,-0.116173,0.0327569,-1.51052
207.2,0.103541,-0.100208,0.0455859,-1.51052
207.3,0.0983574,-0.0854657,0.0580041,-1.51052
207.4,0.0919558,-0.0720087,0.069942,-1.51052
207.5,0.0843876,-0.0598903,0.0813224,-1.51052
207.6,0.0757127,-0.049156,0.0920623,-1.51052
207.7,0.0659994,-0.0398431,0.102074,-1.51052
207.8,0.0553253,-0.0319797,0.111265,-1.51052
207.9,0.0437769,-0.0255847,0.119543,-1.51052
208,0.0314503,-0.0206672,0.126815,-1.51052
208.1,0.0184505,-0.0172258,0.132991,-1.51052
208.2,0.00489154,-0.0152487,0.137984,-1.51052
208.3,-0.00910437,-0.0147132,0.141718,-1.51052
208.4,-0.0234077,-0.0155851,0.144122,-1.51052
208.5,-0.0378825,-0.0178192,0.145139,-1.51052
208.6,-0.0523877,-0.0213589,0.144724,-1.51052
208.7,-0.0667786,-0.0261364,0.14285,-1.51052
208.8,-0.0809086,-0.032073,0.139504,-1.51052
208.9,-0.0946304,-0.0390794,0.134691,-1.51052
209,-0.107799,-0.0470565,0.128437,-1.51052
209.1,-0.120271,-0.0558959,0.120784,-1.51052
209.2,-0.131911,-0.0654809,0.111795,-1.51052
209.3,-0.142588,-0.0756875,0.10155,-1.51052
209.4,-0.152182,-0.0863855,0.0901452,-1.51052
209.5,-0.160582,-0.0974397,0.077694,-1.51052
209.6,-0.16769,-0.108711,0.0643227,-1.51052
209.7,-0.173421,-0.120059,0.0501693,-1.51052
209.8,-0.177703,-0.131342,0.0353812,-1.51052
209.9,-0.180481,-0.142419,0.0201124,-1.51052
210,-0.181715,-0.153151,0.00452106,-1.51052
210.1,-0.18138,-0.163403,-0.0112331,-1.51052
210.2,-0.179468,-0.173044,-0.0269914,-1.51052
210.3,-0.175987,-0.181952,-0.0425984,-1.51052
210.4,-0.170958,-0.190009,-0.0579041,-1.51052
210.5,-0.164421,-0.197108,-0.0727658,-1.51052
210.6,-0.156425,-0.203151,-0.0870497,-1.51052
210.7,-0.147034,-0.208051,-0.100632,-1.51052
210.8,-0.136325,-0.211729,-0.113399,-1.51052
210.9,-0.124385,-0.214123,-0.125249,-1.51052
211,-0.111309,-0.215179,-0.136092,-1.51052
211.1,-0.0972028,-0.214856,-0.145847,-1.51052
211.2,-0.0821782,-0.213126,-0.154446,-1.51052
211.3,-0.0663541,-0.209976,-0.161829,-1.51052
211.4,-0.0498547,-0.205401,-0.167946,-1.51052
211.5,-0.0328086,-0.199412,-0.172754,-1.51052
211.6,-0.0153487,-0.192031,-0.176218,-1.51052
211.7,0.00238916,-0.183292,-0.178308,-1.51052
211.8,0.0202662,-0.173241,-0.178999,-1.51052
211.9,0.0381415,-0.161936,-0.17827,-1.51052
212,0.0558722,-0.149444,-0.176103,-1.51052
212.1,0.0733138,-0.135845,-0.172486,-1.51052
212.2,0.0903207,-0.121228,-0.167406,-1.51052
212.3,0.106746,-0.105693,-0.160855,-1.51052
212.4,0.122443,-0.0893473,-0.15283,-1.51052
212.5,0.137263,-0.0723101,-0.14333,-1.51052
212.6,0.15106,-0.0547073,-0.132361,-1.51052
212.7,0.163686,-0.0366736,-0.119937,-1.51052
212.8,0.174999,-0.0183513,-0.10608,-1.51052
212.9,0.184856,0.000110466,-0.0908235,-1.51052
213,0.193119,0.018556,-0.074213,-1.51052
213.1,0.199655,0.036824,-0.05631,-1.51052
213.2,0.20434,0.0547486,-0.0371934,-1.51052
213.3,0.207057,0.0721601,-0.0169616,-1.51052
213.4,0.207699,0.0888863,0.00426581,-1.51052
213.5,0.206175,0.104753,0.0263457,-1.51052
213.6,0.202407,0.119588,0.049111,-1.51052
213.7,0.196337,0.133219,0.0723694,-1.51052
213.8,0.187924,0.145479,0.095904,-1.51052
213.9,0.177155,0.156203,0.119473,-1.51052
214,0.164037,0.165239,0.142814,-1.51052
214.1,0.148609,0.17244,0.165642,-1.51052
214.2,0.130936,0.177675,0.187656,-1.51052
214.3,0.111115,0.180823,0.208546,-1.51052
214.4,0.0892749,0.181784,0.22799,-1.51052
214.5,0.0655758,0.180476,0.245671,-1.51052
214.6,0.04021,0.176835,0.261275,-1.51052
214.7,0.0134001,0.170825,0.274502,-1.51052
214.8,-0.0146019,0.162433,0.285075,-1.51052
214.9,-0.0435181,0.151671,0.292746,-1.51052
215,-0.0730472,0.13858,0.297302,-1.51052
215.1,-0.102869,0.123231,0.298578,-1.51052
215.2,-0.13265,0.105721,0.296456,-1.51052
215.3,-0.162045,0.0861759,0.290874,-1.51052
215.4,-0.190709,0.0647501,0.281831,-1.51052
215.5,-0.218298,0.0416233,0.269384,-1.51052
215.6,-0.244476,0.0170002,0.253653,-1.51052
215.7,-0.268925,-0.00889304,0.234821,-1.51052
215.8,-0.291345,-0.0358107,0.213122,-1.51052
215.9,-0.311463,-0.0634914,0.188847,-1.51052
216,-0.329039,-0.0916613,0.162329,-1.51052
216.1,-0.343867,-0.120038,0.133939,-1.51052
216.2,-0.355778,-0.148335,0.104075,-1.51052
216.3,-0.364646,-0.176265,0.0731529,-1.51052
216.4,-0.370387,-0.203544,0.0415975,-1.51052
216.5,-0.372959,-0.229898,0.00983011,-1.51052
216.6,-0.37236,-0.25506,-0.0217396,-1.51052
216.7,-0.36863,-0.278783,-0.0527229,-1.51052
216.8,-0.361847,-0.300834,-0.0827596,-1.51052
216.9,-0.352121,-0.321002,-0.111525,-1.51052
217,-0.339594,-0.339099,-0.138733,-1.51052
217.1,-0.324435,-0.354961,-0.164141,-1.51052
217.2,-0.306832,-0.368448,-0.187554,-1.51052
217.3,-0.286995,-0.379449,-0.208817,-1.51052
217.4,-0.265144,-0.387878,-0.227821,-1.51052
217.5,-0.241509,-0.393675,-0.244497,-1.51052
217.6,-0.216324,-0.396805,-0.258813,-1.51052
217.7,-0.189825,-0.39726,-0.270769,-1.51052
217.8,-0.162248,-0.395053,-0.280391,-1.51052
217.9,-0.133823,-0.39022,-0.287726,-1.51052
218,-0.104777,-0.382818,-0.292837,-1.51052
218.1,-0.0753276,-0.372922,-0.295795,-1.51052
218.2,-0.045687,-0.360625,-0.296678,-1.51052
218.3,-0.0160586,-0.346035,-0.295561,-1.51052
218.4,0.013361,-0.329276,-0.292516,-1.51052
218.5,0.0423824,-0.310482,-0.287605,-1.51052
218.6,0.0708216,-0.289802,-0.280881,-1.51052
218.7,0.0984995,-0.267392,-0.272384,-1.51052
218.8,0.12524,-0.24342,-0.262142,-1.51052
218.9,0.15087,-0.218062,-0.250168,-1.51052
219,0.175216,-0.191503,-0.236466,-1.51052
219.1,0.198106,-0.163934,-0.221029,-1.51052
219.2,0.219364,-0.135556,-0.203842,-1.51052
219.3,0.238815,-0.106576,-0.18489,-1.51052
219.4,0.256282,-0.0772081,-0.164157,-1.51052
219.5,0.271587,-0.0476736,-0.141633,-1.51052
219.6,0.284549,-0.0182004,-0.11732,-1.51052
219.7,0.294992,0.0109772,-0.0912362,-1.51052
219.8,0.302739,0.0396193,-0.0634246,-1.51052
219.9,0.307621,0.0674806,-0.0339551,-1.51052
220,0.309478,0.0943118,-0.0029322,-1.51052
220.1,0.308161,0.119861,0.0295003,-1.51052
220.2,0.303537,0.143873,0.0631552,-1.51052
220.3,0.295497,0.166097,0.0977982,-1.51052
220.4,0.283954,0.18628,0.133146,-1.51052
220.5,0.268855,0.204179,0.168866,-1.51052
220.6,0.250181,0.219556,0.204576,-1.51052
220.7,0.227954,0.232187,0.23985,-1.51052
220.8,0.202241,0.241861,0.274219,-1.51052
220.9,0.173157,0.248389,0.307182,-1.51052
221,0.140869,0.251602,0.338214,-1.51052
221.1,0.105597,0.251361,0.366776,-1.51052
221.2,0.0676142,0.247555,0.392331,-1.51052
221.3,0.0272483,0.240109,0.414356,-1.51052
221.4,-0.0151229,0.228988,0.432358,-1.51052
221.5,-0.0590743,0.214194,0.445891,-1.51052
221.6,-0.104139,0.195777,0.454573,-1.51052
221.7,-0.149817,0.173827,0.458098,-1.51052
221.8,-0.19558,0.148484,0.456251,-1.51052
221.9,-0.240884,0.119932,0.448922,-1.51052
222,-0.285181,0.0883975,0.43611,-1.51052
222.1,-0.327927,0.0541525,0.417929,-1.51052
222.2,-0.368596,0.0175062,0.394611,-1.51052
222.3,-0.40669,-0.0211971,0.366503,-1.51052
222.4,-0.441752,-0.0615829,0.334055,-1.51052
222.5,-0.473374,-0.103253,0.297815,-1.51052
222.6,-0.501209,-0.145792,0.258411,-1.51052
222.7,-0.524974,-0.188773,0.216534,-1.51052
222.8,-0.544458,-0.231766,0.172919,-1.51052
222.9,-0.559525,-0.274347,0.128323,-1.51052
223,-0.570115,-0.316101,0.0835044,-1.51052
223.1,-0.576243,-0.356632,0.0392013,-1.51052
223.2,-0.577996,-0.395567,-0.003887,-1.51052
223.3,-0.575528,-0.432566,-0.0451177,-1.51052
223.4,-0.569054,-0.46732,-0.0839191,-1.51052
223.5,-0.558841,-0.499562,-0.119802,-1.51052
223.6,-0.545204,-0.529064,-0.152366,-1.51052
223.7,-0.528489,-0.555642,-0.181308,-1.51052
223.8,-0.50907,-0.579158,-0.206415,-1.51052
223.9,-0.487338,-0.599516,-0.227572,-1.51052
224,-0.463689,-0.616664,-0.244747,-1.51052
224.1,-0.43852,-0.63059,-0.257989,-1.51052
224.2,-0.412218,-0.641324,-0.26742,-1.51052
224.3,-0.385157,-0.648928,-0.273218,-1.51052
224.4,-0.357688,-0.6535,-0.275613,-1.51052
224.5,-0.330139,-0.655162,-0.274872,-1.51052
224.6,-0.302808,-0.654064,-0.271288,-1.51052
224.7,-0.275966,-0.650377,-0.265171,-1.51052
224.8,-0.249848,-0.644284,-0.256839,-1.51052
224.9,-0.224661,-0.635986,-0.246607,-1.51052
225,-0.200579,-0.625688,-0.234786,-1.51052
225.1,-0.177747,-0.613604,-0.22167,-1.51052
225.2,-0.156279,-0.599949,-0.207536,-1.51052
225.3,-0.136265,-0.584936,-0.192642,-1.51052
225.4,-0.117768,-0.568778,-0.177221,-1.51052
225.5,-0.100831,-0.55168,-0.161485,-1.51052
225.6,-0.0854758,-0.533841,-0.145619,-1.51052
225.7,-0.0717063,-0.515453,-0.129788,-1.51052
225.8,-0.0595122,-0.496696,-0.114134,-1.51052
225.9,-0.0488696,-0.477741,-0.0987781,-1.51052
226,-0.0397432,-0.458747,-0.0838237,-1.51052
226.1,-0.0320885,-0.439862,-0.0693575,-1.51052
226.2,-0.025853,-0.421222,-0.0554516,-1.51052
226.3,-0.0209775,-0.40295,-0.0421659,-1.51052
226.4,-0.0173975,-0.385157,-0.0295496,-1.51052
226.5,-0.015044,-0.367945,-0.0176431,-1.51052
226.6,-0.0138441,-0.351399,-0.00647974,-1.51052
226.7,-0.0137223,-0.335597,0.00391321,-1.51052
226.8,-0.0146003,-0.320604,0.0135132,-1.51052
226.9,-0.0163979,-0.306473,0.0223016,-1.51052
227,-0.0190331,-0.293249,0.030263,-1.51052
227.1,-0.0224225,-0.280964,0.0373849,-1.51052
227.2,-0.0264817,-0.269643,0.0436573,-1.51052
227.3,-0.0311254,-0.259299,0.0490728,-1.51052
227.4,-0.0362676,-0.249938,0.0536264,-1.51052
227.5,-0.0418219,-0.241557,0.057316,-1.51052
227.6,-0.047702,-0.234142,0.0601424,-1.51052
227.7,-0.0538217,-0.227675,0.06211,-1.51052
227.8,-0.0600956,-0.222129,0.0632267,-1.51052
227.9,-0.0664391,-0.217469,0.0635046,-1.51052
228,-0.0727691,-0.213655,0.0629599,-1.51052
228.1,-0.0790044,-0.210641,0.061614,-1.51052
228.2,-0.0850661,-0.208374,0.0594929,-1.51052
228.3,-0.0908782,-0.206797,0.0566275,-1.51052
228.4,-0.096368,-0.205848,0.0530543,-1.51052
228.5,-0.101467,-0.205463,0.0488143,-1.51052
228.6,-0.10611,-0.205572,0.0439537,-1.51052
228.7,-0.110239,-0.206104,0.0385232,-1.51052
228.8,-0.113798,-0.206984,0.032578,-1.51052
228.9,-0.116739,-0.208139,0.0261768,-1.51052
229,-0.11902,-0.209493,0.0193817,-1.51052
229.1,-0.120604,-0.210969,0.0122577,-1.51052
229.2,-0.121463,-0.212492,0.00487146,-1.51052
229.3,-0.121572,-0.213988,-0.00270857,-1.51052
229.4,-0.120917,-0.215384,-0.0104134,-1.51052
229.5,-0.119488,-0.21661,-0.0181741,-1.51052
229.6,-0.117282,-0.217598,-0.0259221,-1.51052
229.7,-0.114306,-0.218286,-0.0335903,-1.51052
229.8,-0.110569,-0.218612,-0.0411131,-1.51052
229.9,-0.10609,-0.218521,-0.0484276,-1.51052
230,-0.100893,-0.217961,-0.0554732,-1.51052
230.1,-0.0950064,-0.216889,-0.0621926,-1.51052
230.2,-0.0884668,-0.215261,-0.0685317,-1.51052
230.3,-0.0813144,-0.213045,-0.07444,-1.51052
230.4,-0.0735947,-0.210211,-0.0798705,-1.51052
230.5,-0.0653577,-0.206736,-0.0847801,-1.51052
230.6,-0.0566574,-0.202604,-0.0891292,-1.51052
230.7,-0.0475517,-0.197805,-0.0928817,-1.51052
230.8,-0.038102,-0.192334,-0.0960053,-1.51052
230.9,-0.0283726,-0.186194,-0.0984708,-1.51052
231,-0.0184306,-0.179393,-0.100252,-1.51052
231.1,-0.00834565,-0.171947,-0.101328,-1.51052
231.2,0.0018107,-0.163876,-0.101677,-1.51052
231.3,0.011965,-0.155207,-0.101283,-1.51052
231.4,0.0220422,-0.145974,-0.100134,-1.51052
231.5,0.0319662,-0.136215,-0.0982178,-1.51052
231.6,0.0416599,-0.125975,-0.0955281,-1.51052
231.7,0.0510459,-0.115303,-0.0920608,-1.51052
231.8,0.0600462,-0.104255,-0.087816,-1.51052
231.9,0.0685833,-0.0928891,-0.0827975,-1.51052
232,0.0765802,-0.0812712,-0.0770139,-1.51052
232.1,0.083961,-0.0694695,-0.0704786,-1.51052
232.2,0.0906515,-0.0575569,-0.0632106,-1.51052
232.3,0.0965795,-0.0456095,-0.055235,-1.51052
232.4,0.101676,-0.033707,-0.0465836,-1.51052
232.5,0.105875,-0.0219315,-0.0372956,-1.51052
232.6,0.109115,-0.0103673,-0.027418,-1.51052
232.7,0.111341,0.000899466,-0.0170064,-1.51052
232.8,0.112501,0.0117818,-0.00612503,-1.51052
232.9,0.112553,0.0221924,0.00515251,-1.51052
233,0.11146,0.0320443,0.0167433,-1.51052
233.1,0.109197,0.0412517,0.0285552,-1.51052
233.2,0.105745,0.0497309,0.0404868,-1.51052
233.3,0.101099,0.0574012,0.0524281,-1.51052
233.4,0.095263,0.0641857,0.064261,-1.51052
233.5,0.0882544,0.0700121,0.0758605,-1.51052
233.6,0.080103,0.0748143,0.087096,-1.51052
233.7,0.0708519,0.0785327,0.0978324,-1.51052
233.8,0.0605578,0.0811156,0.107932,-1.51052
233.9,0.0492912,0.0825199,0.117258,-1.51052
234,0.0371364,0.0827124,0.125674,-1.51052
234.1,0.024191,0.0816702,0.133049,-1.51052
234.2,0.0105655,0.0793817,0.139257,-1.51052
234.3,-0.00361765,0.0758473,0.144184,-1.51052
234.4,-0.0182251,0.0710798,0.147726,-1.51052
234.5,-0.0331138,0.065105,0.149795,-1.51052
234.6,-0.0481326,0.0579617,0.150319,-1.51052
234.7,-0.0631243,0.0497018,0.149244,-1.51052
234.8,-0.0779271,0.0403905,0.146538,-1.51052
234.9,-0.0923772,0.0301054,0.142191,-1.51052
235,-0.106311,0.0189365,0.136215,-1.51052
235.1,-0.119567,0.00698518,0.128645,-1.51052
235.2,-0.131989,-0.00563646,0.119539,-1.51052
235.3,-0.143426,-0.0188069,0.108978,-1.51052
235.4,-0.153739,-0.0323965,0.0970642,-1.51052
235.5,-0.162798,-0.0462686,0.0839191,-1.51052
235.6,-0.170487,-0.0602812,0.0696811,-1.51052
235.7,-0.176703,-0.0742888,0.0545041,-1.51052
235.8,-0.181362,-0.0881435,0.0385535,-1.51052
235.9,-0.184394,-0.101698,0.022004,-1.51052
236,-0.185748,-0.114804,0.00503631,-1.51052
236.1,-0.185393,-0.12732,-0.0121664,-1.51052
236.2,-0.183313,-0.139105,-0.0294209,-1.51052
236.3,-0.179513,-0.150029,-0.0465474,-1.51052
236.4,-0.174014,-0.159965,-0.0633716,-1.51052
236.5,-0.166854,-0.168798,-0.0797273,-1.51052
236.6,-0.158089,-0.176423,-0.0954583,-1.51052
236.7,-0.147789,-0.182744,-0.11042,-1.51052
236.8,-0.136036,-0.187681,-0.124478,-1.51052
236.9,-0.122927,-0.191162,-0.137515,-1.51052
237,-0.10857,-0.193133,-0.149423,-1.51052
237.1,-0.0930832,-0.193551,-0.160107,-1.51052
237.2,-0.0765923,-0.192388,-0.169488,-1.51052
237.3,-0.0592315,-0.189629,-0.177493,-1.51052
237.4,-0.0411415,-0.185273,-0.184063,-1.51052
237.5,-0.0224684,-0.179336,-0.189148,-1.51052
237.6,-0.00336293,-0.171845,-0.192704,-1.51052
237.7,0.0160202,-0.16284,-0.194695,-1.51052
237.8,0.0355228,-0.152377,-0.19509,-1.51052
237.9,0.0549841,-0.140523,-0.193863,-1.51052
238,0.0742407,-0.127357,-0.190993,-1.51052
238.1,0.0931273,-0.112972,-0.186461,-1.51052
238.2,0.111477,-0.0974707,-0.180253,-1.51052
238.3,0.129122,-0.0809693,-0.172357,-1.51052
238.4,0.145892,-0.0635932,-0.162768,-1.51052
238.5,0.161619,-0.0454787,-0.151486,-1.51052
238.6,0.176133,-0.0267718,-0.138518,-1.51052
238.7,0.189267,-0.00762817,-0.12388,-1.51052
238.8,0.200854,0.0117882,-0.107602,-1.51052
238.9,0.210734,0.0313053,-0.0897241,-1.51052
239,0.218748,0.0507436,-0.0703062,-1.51052
239.1,0.224746,0.0699177,-0.0494262,-1.51052
239.2,0.228588,0.0886368,-0.0271845,-1.51052
239.3,0.230142,0.106706,-0.00370568,-1.51052
239.4,0.229293,0.123929,0.0208584,-1.51052
239.5,0.22594,0.140106,0.0463276,-1.51052
239.6,0.220004,0.155041,0.0724916,-1.51052
239.7,0.211427,0.168538,0.0991102,-1.51052
239.8,0.200176,0.18041,0.125913,-1.51052
239.9,0.186248,0.190473,0.152602,-1.51052
240,0.16967,0.198557,0.178852,-1.51052
240.1,0.150503,0.204501,0.204318,-1.51052
240.2,0.128845,0.208162,0.228636,-1.51052
240.3,0.104827,0.209415,0.251431,-1.51052
240.4,0.0786217,0.208155,0.272326,-1.51052
240.5,0.0504374,0.204301,0.290949,-1.51052
240.6,0.0205197,0.197799,0.306938,-1.51052
240.7,-0.0108512,0.188621,0.319959,-1.51052
240.8,-0.0433629,0.176773,0.329707,-1.51052
240.9,-0.0766747,0.162289,0.33592,-1.51052
241,-0.110422,0.145237,0.33839,-1.51052
241.1,-0.144223,0.12572,0.336965,-1.51052
241.2,-0.177682,0.103871,0.33156,-1.51052
241.3,-0.210402,0.0798572,0.322161,-1.51052
241.4,-0.241983,0.0538758,0.308828,-1.51052
241.5,-0.27204,0.0261528,0.291697,-1.51052
241.6,-0.300203,-0.00305959,0.270973,-1.51052
241.7,-0.326125,-0.0334868,0.246936,-1.51052
241.8,-0.349491,-0.0648352,0.219924,-1.51052
241.9,-0.370023,-0.0967967,0.190334,-1.51052
242,-0.387486,-0.129053,0.158605,-1.51052
242.1,-0.401689,-0.16128,0.125212,-1.51052
242.2,-0.41249,-0.193155,0.090649,-1.51052
242.3,-0.419797,-0.224358,0.0554202,-1.51052
242.4,-0.423568,-0.254577,0.0200251,-1.51052
242.5,-0.423812,-0.283517,-0.0150528,-1.51052
242.6,-0.420583,-0.310898,-0.0493574,-1.51052
242.7,-0.413981,-0.336462,-0.0824692,-1.51052
242.8,-0.404142,-0.359974,-0.114014,-1.51052
242.9,-0.391241,-0.381228,-0.143667,-1.51052
243,-0.375481,-0.400045,-0.17116,-1.51052
243.1,-0.357088,-0.416275,-0.196279,-1.51052
243.2,-0.336309,-0.429801,-0.218869,-1.51052
243.3,-0.313402,-0.440533,-0.238827,-1.51052
243.4,-0.288633,-0.448413,-0.256101,-1.51052
243.5,-0.262272,-0.453413,-0.270685,-1.51052
243.6,-0.234585,-0.45553,-0.282614,-1.51052
243.7,-0.205835,-0.454789,-0.291954,-1.51052
243.8,-0.176277,-0.451238,-0.298799,-1.51052
243.9,-0.146155,-0.444948,-0.303259,-1.51052
244,-0.115701,-0.436007,-0.305459,-1.51052
244.1,-0.0851341,-0.424526,-0.305527,-1.51052
244.2,-0.0546619,-0.410625,-0.303593,-1.51052
244.3,-0.0244782,-0.394443,-0.299778,-1.51052
244.4,0.00523472,-0.376128,-0.294194,-1.51052
244.5,0.0343051,-0.355838,-0.286942,-1.51052
244.6,0.0625702,-0.33374,-0.278103,-1.51052
244.7,0.089875,-0.310009,-0.267744,-1.51052
244.8,0.11607,-0.284825,-0.255914,-1.51052
244.9,0.14101,-0.258375,-0.242644,-1.51052
245,0.164551,-0.23085,-0.227952,-1.51052
245.1,0.186553,-0.202446,-0.21184,-1.51052
245.2,0.206872,-0.173363,-0.194304,-1.51052
245.3,0.225366,-0.143804,-0.175332,-1.51052
245.4,0.24189,-0.113979,-0.154909,-1.51052
245.5,0.256299,-0.0840996,-0.133028,-1.51052
245.6,0.268447,-0.0543819,-0.109686,-1.51052
245.7,0.278188,-0.0250459,-0.0848968,-1.51052
245.8,0.285379,0.00368533,-0.0586919,-1.51052
245.9,0.289881,0.0315856,-0.0311286,-1.51052
246,0.291562,0.0584266,-0.00229372,-1.51052
246.1,0.290302,0.0839788,0.0276916,-1.51052
246.2,0.285991,0.108013,0.0586679,-1.51052
246.3,0.278542,0.1303,0.0904346,-1.51052
246.4,0.267886,0.150617,0.122748,-1.51052
246.5,0.253983,0.168744,0.15532,-1.51052
246.6,0.236824,0.184471,0.18782,-1.51052
246.7,0.216434,0.197597,0.219878,-1.51052
246.8,0.192877,0.207938,0.251088,-1.51052
246.9,0.166259,0.215326,0.281013,-1.51052
247,0.136732,0.219612,0.309194,-1.51052
247.1,0.104494,0.220675,0.335162,-1.51052
247.2,0.0697895,0.218417,0.358446,-1.51052
247.3,0.0329099,0.212775,0.378584,-1.51052
247.4,-0.00580801,0.203717,0.395143,-1.51052
247.5,-0.0459862,0.191249,0.407726,-1.51052
247.6,-0.0872092,0.175416,0.415989,-1.51052
247.7,-0.129031,0.156301,0.419653,-1.51052
247.8,-0.17098,0.134028,0.418516,-1.51052
247.9,-0.21257,0.108764,0.412464,-1.51052
248,-0.253308,0.0807127,0.401476,-1.51052
248.1,-0.292703,0.0501182,0.385631,-1.51052
248.2,-0.330278,0.0172588,0.36511,-1.51052
248.3,-0.365578,-0.0175549,0.34019,-1.51052
248.4,-0.398182,-0.0539846,0.311245,-1.51052
248.5,-0.427708,-0.0916693,0.278732,-1.51052
248.6,-0.453827,-0.130231,0.243181,-1.51052
248.7,-0.476263,-0.169281,0.205182,-1.51052
248.8,-0.494803,-0.208424,0.165366,-1.51052
248.9,-0.509298,-0.247269,0.124391,-1.51052
249,-0.519664,-0.28543,0.0829213,-1.51052
249.1,-0.525887,-0.322538,0.04161,-1.51052
249.2,-0.528013,-0.358241,0.00108243,-1.51052
249.3,-0.526149,-0.392212,-0.0380792,-1.51052
249.4,-0.52046,-0.424156,-0.075349,-1.51052
249.5,-0.511158,-0.453807,-0.110268,-1.51052
249.6,-0.498498,-0.480937,-0.142452,-1.51052
249.7,-0.482769,-0.505355,-0.171597,-1.51052
249.8,-0.464287,-0.526911,-0.197478,-1.51052
249.9,-0.443387,-0.545491,-0.219951,-1.51052
250,-0.420413,-0.561021,-0.23895,-1.51052
250.1,-0.395713,-0.573465,-0.254478,-1.51052
250.2,-0.369631,-0.582822,-0.266603,-1.51052
250.3,-0.342501,-0.589125,-0.275447,-1.51052
250.4,-0.314645,-0.592436,-0.281178,-1.51052
250.5,-0.286363,-0.592845,-0.283999,-1.51052
250.6,-0.257934,-0.590465,-0.284141,-1.51052
250.7,-0.229616,-0.585433,-0.281852,-1.51052
250.8,-0.201637,-0.577898,-0.277388,-1.51052
250.9,-0.174202,-0.568027,-0.271005,-1.51052
251,-0.147491,-0.555996,-0.262956,-1.51052
251.1,-0.121658,-0.541988,-0.253481,-1.51052
251.2,-0.0968349,-0.526192,-0.242804,-1.51052
251.3,-0.0731305,-0.5088,-0.231135,-1.51052
251.4,-0.0506349,-0.490002,-0.218657,-1.51052
251.5,-0.0294204,-0.46999,-0.205537,-1.51052
251.6,-0.00954408,-0.448949,-0.191917,-1.51052
251.7,0.00895046,-0.427064,-0.177919,-1.51052
251.8,0.0260306,-0.404511,-0.163645,-1.51052
251.9,0.041673,-0.381463,-0.149176,-1.51052
252,0.0558616,-0.358084,-0.134581,-1.51052
252.1,0.0685867,-0.334534,-0.119911,-1.51052
252.2,0.0798428,-0.310963,-0.105208,-1.51052
252.3,0.0896283,-0.287516,-0.0905043,-1.51052
252.4,0.0979445,-0.26433,-0.0758256,-1.51052
252.5,0.104795,-0.241536,-0.0611947,-1.51052
252.6,0.110186,-0.219258,-0.0466327,-1.51052
252.7,0.114125,-0.197611,-0.032162,-1.51052
252.8,0.116622,-0.176707,-0.017808,-1.51052
252.9,0.117691,-0.156649,-0.00360079,-1.51052
253,0.117348,-0.137535,0.0104231,-1.51052
253.1,0.115614,-0.119455,0.0242198,-1.51052
253.2,0.112514,-0.102494,0.0377374,-1.51052
253.3,0.108078,-0.0867279,0.0509152,-1.51052
253.4,0.102344,-0.0722277,0.0636841,-1.51052
253.5,0.0953572,-0.059056,0.0759666,-1.51052
253.6,0.0871699,-0.0472676,0.0876777,-1.51052
253.7,0.0778438,-0.0369094,0.0987259,-1.51052
253.8,0.06745,-0.0280191,0.109015,-1.51052
253.9,0.0560695,-0.0206254,0.118444,-1.51052
254,0.0437932,-0.0147472,0.126913,-1.51052
254.1,0.0307223,-0.0103931,0.13432,-1.51052
254.2,0.0169678,-0.00756088,0.140569,-1.51052
254.3,0.00265022,-0.0062371,0.145568,-1.51052
254.4,-0.0121012,-0.00639686,0.149232,-1.51052
254.5,-0.0271493,-0.00800343,0.15149,-1.51052
254.6,-0.0423504,-0.0110082,0.152281,-1.51052
254.7,-0.0575551,-0.0153505,0.15156,-1.51052
254.8,-0.0726109,-0.0209581,0.149298,-1.51052
254.9,-0.0873631,-0.0277471,0.145486,-1.51052
255,-0.101657,-0.0356226,0.140133,-1.51052
255.1,-0.115339,-0.0444794,0.133269,-1.51052
255.2,-0.128262,-0.0542027,0.124944,-1.51052
255.3,-0.140282,-0.0646691,0.115228,-1.51052
255.4,-0.151264,-0.0757474,0.10421,-1.51052
255.5,-0.161084,-0.0873004,0.0919969,-2.94754
255.6,-0.169628,-0.099186,0.0787128,-2.94754
255.7,-0.176795,-0.111258,0.0644949,-2.94754
255.8,-0.182501,-0.12337,0.0494926,-2.94754
255.9,-0.186673,-0.135372,0.0338645,-2.94754
256,-0.189258,-0.147119,0.0177753,-2.94754
256.1,-0.190218,-0.158464,0.00139346,-2.94754
256.2,-0.189533,-0.16927,-0.0151119,-2.94754
256.3,-0.187197,-0.1794,-0.0315738,-2.94754
256.4,-0.183225,-0.188728,-0.0478294,-2.94754
256.5,-0.177644,-0.197134,-0.0637228,-2.94754
256.6,-0.170497,-0.204508,-0.0791066,-2.94754
256.7,-0.161844,-0.210751,-0.0938435,-2.94754
256.8,-0.151754,-0.215774,-0.107807,-2.94754
256.9,-0.140312,-0.219501,-0.120884,-2.94754
257,-0.127611,-0.221867,-0.132971,-2.94754
257.1,-0.113754,-0.222822,-0.143979,-2.94754
257.2,-0.0988532,-0.222325,-0.153831,-2.94754
257.3,-0.0830283,-0.220353,-0.162458,-2.94754
257.4,-0.0664042,-0.216894,-0.169806,-2.94754
257.5,-0.0491114,-0.211947,-0.175825,-2.94754
257.6,-0.0312848,-0.205528,-0.180478,-2.94754
257.7,-0.0130625,-0.197663,-0.183731,-2.94754
257.8,0.00541385,-0.188389,-0.185557,-2.94754
257.9,0.0240006,-0.17776,-0.185934,-2.94754
258,0.0425518,-0.165836,-0.184844,-2.94754
258.1,0.0609199,-0.152692,-0.18227,-2.94754
258.2,0.0789559,-0.138413,-0.1782,-2.94754
258.3,0.0965097,-0.123093,-0.172624,-2.94754
258.4,0.11343,-0.106838,-0.165533,-2.94754
258.5,0.129566,-0.0897631,-0.156924,-2.94754
258.6,0.144764,-0.0719917,-0.146797,-2.94754
258.7,0.158875,-0.0536568,-0.135158,-2.94754
258.8,0.171746,-0.0348994,-0.122021,-2.94754
258.9,0.18323,-0.0158685,-0.107408,-2.94754
259,0.193179,0.00328023,-0.0913529,-2.94754
259.1,0.201454,0.0223843,-0.0739039,-2.94754
259.2,0.207916,0.0412757,-0.0551247,-2.94754
259.3,0.212437,0.0597816,-0.0350978,-2.94754
259.4,0.214897,0.0777256,-0.0139261,-2.94754
259.5,0.215188,0.0949285,0.00826405,-2.94754
259.6,0.213215,0.11121,0.0313221,-2.94754
259.7,0.208901,0.126391,0.0550715,-2.94754
259.8,0.202185,0.140293,0.079309,-2.94754
259.9,0.19303,0.152741,0.103805,-2.94754
260,0.181424,0.16357,0.128305,-2.94754
260.1,0.167378,0.172618,0.152529,-2.94754
260.2,0.150937,0.179736,0.176179,-2.94754
260.3,0.132172,0.184788,0.198936,-2.94754
260.4,0.11119,0.187654,0.220472,-2.94754
260.5,0.08813,0.18823,0.240451,-2.94754
260.6,0.0631634,0.186433,0.258538,-2.94754
260.7,0.0364963,0.182203,0.274406,-2.94754
260.8,0.00836655,0.175504,0.287743,-2.94754
260.9,-0.0209583,0.166327,0.298262,-2.94754
261,-0.0511835,0.154691,0.305709,-2.94754
261.1,-0.0819904,0.140642,0.309867,-2.94754
261.2,-0.113042,0.124259,0.310572,-2.94754
261.3,-0.143986,0.105649,0.307711,-2.94754
261.4,-0.174463,0.0849477,0.301232,-2.94754
261.5,-0.204112,0.0623212,0.291145,-2.94754
261.6,-0.232575,0.0379616,0.277527,-2.94754
261.7,-0.259504,0.0120865,0.260518,-2.94754
261.8,-0.284572,-0.0150645,0.240323,-2.94754
261.9,-0.307471,-0.0432322,0.217204,-2.94754
262,-0.327926,-0.0721417,0.191479,-2.94754
262.1,-0.345692,-0.101506,0.16351,-2.94754
262.2,-0.360566,-0.13103,0.133696,-2.94754
262.3,-0.372384,-0.160417,0.102463,-2.94754
262.4,-0.381026,-0.189367,0.0702529,-2.94754
262.5,-0.386417,-0.217589,0.0375128,-2.94754
262.6,-0.388526,-0.244799,0.00468436,-2.94754
262.7,-0.387365,-0.270727,-0.0278064,-2.94754
262.8,-0.382989,-0.295118,-0.0595586,-2.94754
262.9,-0.375491,-0.317738,-0.0902042,-2.94754
263,-0.364996,-0.338375,-0.119414,-2.94754
263.1,-0.351665,-0.356841,-0.146904,-2.94754
263.2,-0.335681,-0.372975,-0.172435,-2.94754
263.3,-0.31725,-0.38664,-0.195819,-2.94754
263.4,-0.296594,-0.397729,-0.216914,-2.94754
263.5,-0.273947,-0.406163,-0.235623,-2.94754
263.6,-0.24955,-0.411889,-0.251893,-2.94754
263.7,-0.22365,-0.41488,-0.265709,-2.94754
263.8,-0.19649,-0.415135,-0.277088,-2.94754
263.9,-0.168312,-0.412676,-0.286075,-2.94754
264,-0.139352,-0.407548,-0.292735,-2.94754
264.1,-0.10984,-0.399816,-0.297148,-2.94754
264.2,-0.0799945,-0.389565,-0.299403,-2.94754
264.3,-0.0500279,-0.376895,-0.299592,-2.94754
264.4,-0.0201419,-0.361922,-0.297805,-2.94754
264.5,0.00947014,-0.344777,-0.294127,-2.94754
264.6,0.0386229,-0.3256,-0.288631,-2.94754
264.7,0.0671379,-0.304545,-0.281381,-2.94754
264.8,0.0948423,-0.281773,-0.272426,-2.94754
264.9,0.121567,-0.257457,-0.261798,-2.94754
265,0.147147,-0.231775,-0.24952,-2.94754
265.1,0.171417,-0.204914,-0.235599,-2.94754
265.2,0.194212,-0.177066,-0.22003,-2.94754
265.3,0.215367,-0.148432,-0.202803,-2.94754
265.4,0.234717,-0.119219,-0.183902,-2.94754
265.5,0.252091,-0.0896391,-0.163311,-2.94754
265.6,0.267322,-0.0599109,-0.141019,-2.94754
265.7,0.280239,-0.0302595,-0.117028,-2.94754
265.8,0.290671,-0.000914968,-0.0913505,-2.94754
265.9,0.298454,0.027887,-0.0640253,-2.94754
266,0.303424,0.0559064,-0.0351162,-2.94754
266.1,0.305427,0.0828993,-0.00472027,-2.94754
266.2,0.304323,0.108619,0.0270278,-2.94754
266.3,0.299983,0.132819,0.0599512,-2.94754
266.4,0.2923,0.155252,0.0938279,-2.94754
266.5,0.281194,0.175674,0.128388,-2.94754
266.6,0.266611,0.193845,0.163315,-2.94754
266.7,0.248531,0.209536,0.198242,-2.94754
266.8,0.226976,0.222527,0.23276,-2.94754
266.9,0.202008,0.232613,0.266419,-2.94754
267,0.173737,0.239608,0.298737,-2.94754
267.1,0.142322,0.243349,0.329206,-2.94754
267.2,0.107974,0.243697,0.357306,-2.94754
267.3,0.070957,0.240543,0.382515,-2.94754
267.4,0.0315846,0.233815,0.404325,-2.94754
267.5,-0.00977854,0.223473,0.422254,-2.94754
267.6,-0.0527222,0.209519,0.435866,-2.94754
267.7,-0.0967952,0.191998,0.444783,-2.94754
267.8,-0.141512,0.170997,0.4487,-2.94754
267.9,-0.186361,0.146647,0.447399,-2.94754
268,-0.230814,0.119126,0.440761,-2.94754
268.1,-0.274335,0.0886524,0.428771,-2.94754
268.2,-0.316393,0.0554875,0.411528,-2.94754
268.3,-0.356472,0.0199309,0.389243,-2.94754
268.4,-0.394084,-0.0176834,0.362235,-2.94754
268.5,-0.428776,-0.0569919,0.330932,-2.94754
268.6,-0.460144,-0.0976068,0.295849,-2.94754
268.7,-0.48784,-0.139123,0.257587,-2.94754
268.8,-0.511578,-0.181122,0.216807,-2.94754
268.9,-0.531141,-0.223185,0.174215,-2.94754
269,-0.546384,-0.264894,0.130543,-2.94754
269.1,-0.557238,-0.305839,0.0865257,-2.94754
269.2,-0.563702,-0.34563,0.0428832,-2.94754
269.3,-0.56585,-0.383898,0.000299233,-2.94754
269.4,-0.563818,-0.420302,-0.040594,-2.94754
269.5,-0.557806,-0.454535,-0.0792307,-2.94754
269.6,-0.548064,-0.486326,-0.115123,-2.94754
269.7,-0.534887,-0.515445,-0.147868,-2.94754
269.8,-0.518606,-0.541703,-0.177155,-2.94754
269.9,-0.499578,-0.564955,-0.202764,-2.94754
270,-0.47818,-0.585096,-0.224562,-2.94754
270.1,-0.454794,-0.602068,-0.242506,-2.94754
270.2,-0.429806,-0.615848,-0.256627,-2.94754
270.3,-0.403593,-0.626456,-0.267029,-2.94754
270.4,-0.376519,-0.633944,-0.273873,-2.94754
270.5,-0.34893,-0.638399,-0.27737,-2.94754
270.6,-0.321148,-0.639933,-0.27777,-2.94754
270.7,-0.29347,-0.638685,-0.275348,-2.94754
270.8,-0.266163,-0.634815,-0.270399,-2.94754
270.9,-0.239464,-0.628497,-0.263226,-2.94754
271,-0.213582,-0.619923,-0.254131,-2.94754
271.1,-0.188692,-0.609289,-0.24341,-2.94754
271.2,-0.164944,-0.596801,-0.231346,-2.94754
271.3,-0.142459,-0.582667,-0.218206,-2.94754
271.4,-0.121331,-0.567095,-0.204236,-2.94754
271.5,-0.101632,-0.550292,-0.189661,-2.94754
271.6,-0.0834122,-0.532459,-0.174682,-2.94754
271.7,-0.066703,-0.513793,-0.159478,-2.94754
271.8,-0.0515188,-0.494482,-0.144205,-2.94754
271.9,-0.0378598,-0.474707,-0.128996,-2.94754
272,-0.0257135,-0.454639,-0.113967,-2.94754
272.1,-0.0150573,-0.434438,-0.0992113,-2.94754
272.2,-0.00585944,-0.414255,-0.0848108,-2.94754
272.3,0.0019189,-0.394229,-0.0708311,-2.94754
272.4,0.00832263,-0.374489,-0.0573266,-2.94754
272.5,0.0134016,-0.355153,-0.044342,-2.94754
272.6,0.0172096,-0.336327,-0.0319139,-2.94754
272.7,0.0198039,-0.318108,-0.0200735,-2.94754
272.8,0.0212447,-0.300582,-0.00884684,-2.94754
272.9,0.0215946,-0.283825,0.00174273,-2.94754
273,0.0209181,-0.267901,0.0116742,-2.94754
273.1,0.0192823,-0.252868,0.0209279,-2.94754
273.2,0.0167558,-0.238772,0.0294849,-2.94754
273.3,0.0134092,-0.225651,0.0373265,-2.94754
273.4,0.00931492,-0.213533,0.0444346,-2.94754
273.5,0.00454729,-0.20244,0.0507913,-2.94754
273.6,-0.000817707,-0.192383,0.0563792,-2.94754
273.7,-0.00670237,-0.183365,0.0611819,-2.94754
273.8,-0.0130274,-0.175384,0.0651848,-2.94754
273.9,-0.0197122,-0.168427,0.0683748,-2.94754
274,-0.026675,-0.162476,0.070742,-2.94754
274.1,-0.033833,-0.157505,0.0722795,-2.94754
274.2,-0.0411031,-0.15348,0.0729844,-2.94754
274.3,-0.0484022,-0.150363,0.0728586,-2.94754
274.4,-0.0556474,-0.148108,0.0719091,-2.94754
274.5,-0.0627569,-0.146664,0.0701485,-2.94754
274.6,-0.0696506,-0.145973,0.0675954,-2.94754
274.7,-0.0762504,-0.145975,0.0642747,-2.94754
274.8,-0.082481,-0.146603,0.060218,-2.94754
274.9,-0.0882707,-0.147787,0.0554629,-2.94754
275,-0.0935518,-0.149454,0.0500537,-2.94754
275.1,-0.0982613,-0.151526,0.0440405,-2.94754
275.2,-0.102342,-0.153927,0.0374793,-2.94754
275.3,-0.105741,-0.156575,0.0304309,-2.94754
275.4,-0.108414,-0.159391,0.0229609,-2.94754
275.5,-0.110321,-0.162292,0.0151387,-2.94754
275.6,-0.111432,-0.165199,0.00703669,-2.94754
275.7,-0.111722,-0.168032,-0.00127036,-2.94754
275.8,-0.111174,-0.170715,-0.0097063,-2.94754
275.9,-0.109779,-0.173171,-0.0181943,-2.94754
276,-0.107536,-0.17533,-0.0266579,-2.94754
276.1,-0.104451,-0.177123,-0.0350212,-2.94754
276.2,-0.100537,-0.178487,-0.0432103,-2.94754
276.3,-0.0958168,-0.179363,-0.0511534,-2.94754
276.4,-0.0903171,-0.179697,-0.0587816,-2.94754
276.5,-0.0840731,-0.179442,-0.0660291,-2.94754
276.6,-0.0771261,-0.178555,-0.0728339,-2.94754
276.7,-0.0695231,-0.177001,-0.0791379,-2.94754
276.8,-0.061317,-0.174751,-0.084887,-2.94754
276.9,-0.0525658,-0.171783,-0.0900315,-2.94754
277,-0.0433324,-0.168082,-0.0945256,-2.94754
277.1,-0.0336838,-0.16364,-0.098328,-2.94754
277.2,-0.0236911,-0.158456,-0.101401,-2.94754
277.3,-0.0134289,-0.152536,-0.103713,-2.94754
277.4,-0.00297493,-0.145893,-0.105233,-2.94754
277.5,0.00759039,-0.138549,-0.105936,-2.94754
277.6,0.0181843,-0.130531,-0.105801,-2.94754
277.7,0.0287221,-0.121872,-0.104811,-2.94754
277.8,0.0391175,-0.112614,-0.102952,-2.94754
277.9,0.0492832,-0.102804,-0.100214,-2.94754
278,0.0591309,-0.0924958,-0.0965924,-2.94754
278.1,0.0685722,-0.081749,-0.0920865,-2.94754
278.2,0.0775189,-0.0706291,-0.0867006,-2.94754
278.3,0.0858833,-0.0592068,-0.0804445,-2.94754
278.4,0.0935793,-0.0475578,-0.0733341,-2.94754
278.5,0.100522,-0.0357627,-0.0653916,-2.94754
278.6,0.106631,-0.023906,-0.0566469,-2.94754
278.7,0.111826,-0.0120759,-0.0471373,-2.94754
278.8,0.116034,-0.000364059,-0.036909,-2.94754
278.9,0.119186,0.0111357,-0.0260173,-2.94754
279,0.121218,0.0223274,-0.0145274,-2.94754
279.1,0.122074,0.033114,-0.00251447,-2.94754
279.2,0.121706,0.0433983,0.00993549,-2.94754
279.3,0.120076,0.0530833,0.0227258,-2.94754
279.4,0.117153,0.0620736,0.0357493,-2.94754
279.5,0.112922,0.0702761,0.0488882,-2.94754
279.6,0.107376,0.0776012,0.0620151,-2.94754
279.7,0.100524,0.0839637,0.0749938,-2.94754
279.8,0.0923869,0.0892841,0.0876804,-2.94754
279.9,0.0830024,0.0934896,0.0999248,-2.94754
280,0.0724219,0.0965154,0.111573,-2.94754
280.1,0.0607129,0.0983054,0.122468,-2.94754
280.2,0.0479585,0.0988139,0.132455,-2.94754
280.3,0.0342573,0.0980061,0.14138,-2.94754
280.4,0.0197228,0.0958593,0.149097,-2.94754
280.5,0.00448286,0.0923637,0.155468,-2.94754
280.6,-0.0113216,0.0875231,0.160366,-2.94754
280.7,-0.0275376,0.0813555,0.163682,-2.94754
280.8,-0.044002,0.0738933,0.165321,-2.94754
280.9,-0.0605434,0.065184,0.165211,-2.94754
281,-0.0769841,0.0552894,0.163301,-2.94754
281.1,-0.0931427,0.0442861,0.159565,-2.94754
281.2,-0.108836,0.0322647,0.154004,-2.94754
281.3,-0.123884,0.0193292,0.146644,-2.94754
281.4,-0.138107,0.00559585,0.137537,-2.94754
281.5,-0.151335,-0.00880745,0.126761,-2.94754
281.6,-0.163407,-0.023743,0.114422,-2.94754
281.7,-0.174172,-0.0390645,0.100646,-2.94754
281.8,-0.183493,-0.0546189,0.085582,-2.94754
281.9,-0.191251,-0.0702479,0.0693952,-2.94754
282,-0.197341,-0.0857901,0.0522675,-2.94754
282.1,-0.201679,-0.101083,0.0343919,-2.94754
282.2,-0.204201,-0.115964,0.015969,-2.94754
282.3,-0.204862,-0.130274,-0.00279588,-2.94754
282.4,-0.203637,-0.143858,-0.0216973,-2.94754
282.5,-0.200524,-0.156567,-0.0405326,-2.94754
282.6,-0.19554,-0.168261,-0.0591052,-2.94754
282.7,-0.188718,-0.178807,-0.0772272,-2.94754
282.8,-0.180115,-0.188085,-0.0947224,-2.94754
282.9,-0.1698,-0.195987,-0.111427,-2.94754
283,-0.157861,-0.202417,-0.127193,-2.94754
283.1,-0.144397,-0.207293,-0.141886,-2.94754
283.2,-0.129523,-0.210547,-0.155387,-2.94754
283.3,-0.113363,-0.212128,-0.167594,-2.94754
283.4,-0.0960507,-0.211997,-0.178418,-2.94754
283.5,-0.0777281,-0.210134,-0.187784,-2.94754
283.6,-0.0585445,-0.20653,-0.19563,-2.94754
283.7,-0.0386547,-0.201195,-0.201902,-2.94754
283.8,-0.0182181,-0.194152,-0.206558,-2.94754
283.9,0.0026019,-0.185438,-0.209563,-2.94754
284,0.0236385,-0.175107,-0.210887,-2.94754
284.1,0.0447224,-0.163224,-0.210505,-2.94754
284.2,0.0656819,-0.149869,-0.208396,-2.94754
284.3,0.0863433,-0.135134,-0.204541,-2.94754
284.4,0.106531,-0.119124,-0.198924,-2.94754
284.5,0.126069,-0.101956,-0.191532,-2.94754
284.6,0.144778,-0.0837593,-0.182354,-2.94754
284.7,0.16248,-0.064673,-0.171384,-2.94754
284.8,0.178995,-0.0448479,-0.15862,-2.94754
284.9,0.194144,-0.0244444,-0.144069,-2.94754
285,0.20775,-0.00363281,-0.127746,-2.94754
285.1,0.219636,0.0174077,-0.109682,-2.94754
285.2,0.22963,0.0384898,-0.0899185,-2.94754
285.3,0.237565,0.0594186,-0.0685193,-2.94754
285.4,0.243282,0.0799928,-0.0455686,-2.94754
285.5,0.24663,0.100006,-0.021176,-2.94754
285.6,0.247473,0.119248,0.00452103,-2.94754
285.7,0.245688,0.137505,0.0313545,-2.94754
285.8,0.241171,0.154564,0.0591235,-2.94754
285.9,0.23384,0.170212,0.0875937,-2.94754
286,0.223638,0.184242,0.116496,-2.94754
286.1,0.210537,0.196449,0.145528,-2.94754
286.2,0.194539,0.206641,0.174355,-2.94754
286.3,0.175685,0.214634,0.202614,-2.94754
286.4,0.154048,0.220261,0.229919,-2.94754
286.5,0.129746,0.223371,0.255865,-2.94754
286.6,0.102934,0.223834,0.280036,-2.94754
286.7,0.0738117,0.221543,0.302016,-2.94754
286.8,0.0426179,0.21642,0.321394,-2.94754
286.9,0.00963276,0.208413,0.337779,-2.94754
287,-0.024826,0.197504,0.350808,-2.94754
287.1,-0.0604063,0.183708,0.360161,-2.94754
287.2,-0.0967265,0.167075,0.365565,-2.94754
287.3,-0.133381,0.14769,0.366811,-2.94754
287.4,-0.169945,0.125677,0.363758,-2.94754
287.5,-0.205987,0.101192,0.356344,-2.94754
287.6,-0.241069,0.07443,0.344584,-2.94754
287.7,-0.274762,0.0456159,0.328582,-2.94754
287.8,-0.30665,0.0150061,0.308524,-2.94754
287.9,-0.336341,-0.0171162,0.284677,-2.94754
288,-0.363471,-0.0504449,0.257383,-2.94754
288.1,-0.387716,-0.084655,0.227052,-2.94754
288.2,-0.408795,-0.119408,0.194152,-2.94754
288.3,-0.426478,-0.154357,0.159194,-2.94754
288.4,-0.440584,-0.189151,0.122721,-2.94754
288.5,-0.45099,-0.223443,0.085293,-2.94754
288.6,-0.457629,-0.256893,0.0474709,-2.94754
288.7,-0.460489,-0.289173,0.00980387,-2.94754
288.8,-0.459613,-0.319974,-0.0271849,-2.94754
288.9,-0.455091,-0.349006,-0.0630099,-2.94754
289,-0.447064,-0.376008,-0.0972336,-2.94754
289.1,-0.435711,-0.400745,-0.129474,-2.94754
289.2,-0.421246,-0.423013,-0.159411,-2.94754
289.3,-0.403914,-0.442642,-0.186788,-2.94754
289.4,-0.38398,-0.459492,-0.211415,-2.94754
289.5,-0.361727,-0.473459,-0.233165,-2.94754
289.6,-0.337446,-0.484473,-0.251972,-2.94754
289.7,-0.311431,-0.492493,-0.267827,-2.94754
289.8,-0.283977,-0.497512,-0.280767,-2.94754
289.9,-0.255372,-0.499549,-0.290875,-2.94754
290,-0.225893,-0.498651,-0.298264,-2.94754
290.1,-0.195805,-0.49489,-0.303076,-2.94754
290.2,-0.165358,-0.488357,-0.305469,-2.94754
290.3,-0.134786,-0.479166,-0.305613,-2.94754
290.4,-0.104305,-0.467443,-0.303678,-2.94754
290.5,-0.0741144,-0.453332,-0.299834,-2.94754
290.6,-0.0443966,-0.436986,-0.294241,-2.94754
290.7,-0.0153195,-0.418569,-0.287046,-2.94754
290.8,0.0129636,-0.398251,-0.27838,-2.94754
290.9,0.0403113,-0.376211,-0.268356,-2.94754
291,0.0665927,-0.352629,-0.257067,-2.94754
291.1,0.091685,-0.327692,-0.244585,-2.94754
291.2,0.115472,-0.301586,-0.230965,-2.94754
291.3,0.137841,-0.274502,-0.216243,-2.94754
291.4,0.158684,-0.246631,-0.200441,-2.94754
291.5,0.177894,-0.218166,-0.183567,-2.94754
291.6,0.195362,-0.189301,-0.165622,-2.94754
291.7,0.210982,-0.160229,-0.146601,-2.94754
291.8,0.224646,-0.131147,-0.126499,-2.94754
291.9,0.236246,-0.102251,-0.105317,-2.94754
292,0.245674,-0.0737385,-0.0830614,-2.94754
292.1,0.252823,-0.0458084,-0.0597558,-2.94754
292.2,0.257591,-0.0186594,-0.0354403,-2.94754
292.3,0.25988,0.00750946,-0.0101778,-2.94754
292.4,0.259598,0.0324996,0.0159424,-2.94754
292.5,0.256667,0.0561137,0.0428009,-2.94754
292.6,0.251018,0.0781571,0.0702462,-2.94754
292.7,0.242604,0.0984388,0.0980924,-2.94754
292.8,0.231394,0.116773,0.126119,-2.94754
292.9,0.217383,0.132982,0.15407,-2.94754
293,0.200592,0.146897,0.181659,-2.94754
293.1,0.181074,0.158361,0.208567,-2.94754
293.2,0.158913,0.167231,0.234451,-2.94754
293.3,0.13423,0.173382,0.258948,-2.94754
293.4,0.107182,0.176707,0.281684,-2.94754
293.5,0.0779642,0.177123,0.302278,-2.94754
293.6,0.0468101,0.174572,0.320356,-2.94754
293.7,0.0139889,0.169023,0.335559,-2.94754
293.8,-0.0201947,0.160472,0.347553,-2.94754
293.9,-0.0554047,0.148952,0.356041,-2.94754
294,-0.0912776,0.134523,0.360773,-2.94754
294.1,-0.127427,0.117281,0.361553,-2.94754
294.2,-0.163452,0.0973579,0.358253,-2.94754
294.3,-0.19894,0.0749152,0.350814,-2.94754
294.4,-0.233477,0.0501488,0.339252,-2.94754
294.5,-0.266656,0.0232851,0.323665,-2.94754
294.6,-0.298082,-0.00542173,0.304226,-2.94754
294.7,-0.327381,-0.0356921,0.281187,-2.94754
294.8,-0.35421,-0.0672253,0.254869,-2.94754
294.9,-0.378259,-0.0997031,0.22566,-2.94754
295,-0.39926,-0.132795,0.193997,-2.94754
295.1,-0.416992,-0.166162,0.160365,-2.94754
295.2,-0.431284,-0.199463,0.125276,-2.94754
295.3,-0.442017,-0.232361,0.0892586,-2.94754
295.4,-0.449123,-0.264522,0.0528457,-2.94754
295.5,-0.45259,-0.295629,0.0165585,-2.94754
295.6,-0.452455,-0.32538,-0.0191047,-2.94754
295.7,-0.448805,-0.353492,-0.0536803,-2.94754
295.8,-0.44177,-0.37971,-0.0867489,-2.94754
295.9,-0.431518,-0.403803,-0.117943,-2.94754
296,-0.418254,-0.425572,-0.146953,-2.94754
296.1,-0.402209,-0.444846,-0.173528,-2.94754
296.2,-0.383636,-0.461489,-0.197482,-2.94754
296.3,-0.362804,-0.475395,-0.218687,-2.94754
296.4,-0.339992,-0.486491,-0.237076,-2.94754
296.5,-0.315483,-0.494735,-0.252631,-2.94754
296.6,-0.28956,-0.500115,-0.265385,-2.94754
296.7,-0.262497,-0.502645,-0.275412,-2.94754
296.8,-0.234565,-0.502367,-0.282818,-2.94754
296.9,-0.206017,-0.499346,-0.287736,-2.94754
297,-0.177095,-0.493668,-0.290318,-2.94754
297.1,-0.148026,-0.485436,-0.290727,-2.94754
297.2,-0.119017,-0.474772,-0.28913,-2.94754
297.3,-0.090261,-0.461809,-0.285694,-2.94754
297.4,-0.061934,-0.446693,-0.280579,-2.94754
297.5,-0.0341961,-0.42958,-0.273934,-2.94754
297.6,-0.00719366,-0.41063,-0.265893,-2.94754
297.7,0.01894,-0.390012,-0.256576,-2.94754
297.8,0.0440823,-0.367899,-0.246082,-2.94754
297.9,0.06812,-0.344465,-0.234495,-2.94754
298,0.0909469,-0.319888,-0.221877,-2.94754
298.1,0.112463,-0.294346,-0.208278,-2.94754
298.2,0.132571,-0.26802,-0.193729,-2.94754
298.3,0.151178,-0.24109,-0.17825,-2.94754
298.4,0.16819,-0.213736,-0.161853,-2.94754
298.5,0.183518,-0.186139,-0.14454,-2.94754
298.6,0.197068,-0.158479,-0.126314,-2.94754
298.7,0.20875,-0.130938,-0.107179,-2.94754
298.8,0.218474,-0.103695,-0.0871417,-2.94754
298.9,0.226149,-0.0769336,-0.0662215,-2.94754
299,0.23169,-0.0508325,-0.0444498,-2.94754
299.1,0.235012,-0.0255723,-0.0218756,-2.94754
299.2,0.23604,-0.00133229,0.00143138,-2.94754
299.3,0.234705,0.0217101,0.0253776,-2.94754
299.4,0.230947,0.0433798,0.0498432,-2.94754
299.5,0.224724,0.0635051,0.0746806,-2.94754
299.6,0.216005,0.0819193,0.0997128,-2.94754
299.7,0.204781,0.0984618,0.124734,-2.94754
299.8,0.191066,0.11298,0.149511,-2.94754
299.9,0.174896,0.125331,0.173782,-2.94754
300,0.156336,0.135385,0.197265,-2.94754
300.1,0.135479,0.143024,0.219659,-2.94754
300.2,0.112451,0.148148,0.240647,-2.94754
300.3,0.0874075,0.150675,0.259907,-2.94754
300.4,0.0605379,0.150545,0.277117,-2.94754
300.5,0.032063,0.14772,0.291963,-2.94754
300.6,0.00223406,0.142186,0.304148,-2.94754
300.7,-0.0286688,0.133957,0.3134,-2.94754
300.8,-0.0603402,0.123075,0.319481,-2.94754
300.9,-0.0924527,0.10961,0.322195,-2.94754
301,-0.124662,0.0936615,0.321396,-2.94754
301.1,-0.156612,0.0753591,0.316995,-2.94754
301.2,-0.18794,0.0548605,0.308963,-2.94754
301.3,-0.218284,0.0323514,0.297334,-2.94754
301.4,-0.24729,0.00804316,0.28221,-2.94754
301.5,-0.274615,-0.0178289,0.263759,-2.94754
301.6,-0.299939,-0.0450085,0.242208,-2.94754
301.7,-0.322963,-0.0732218,0.217844,-2.94754
301.8,-0.343425,-0.102181,0.191007,-2.94754
301.9,-0.361095,-0.131588,0.162078,-2.94754
302,-0.375784,-0.161139,0.131471,-2.94754
302.1,-0.387348,-0.19053,0.0996251,-2.94754
302.2,-0.395683,-0.219456,0.0669916,-2.94754
302.3,-0.400735,-0.247624,0.0340219,-2.94754
302.4,-0.402491,-0.274748,0.00115804,-2.94754
302.5,-0.400984,-0.30056,-0.0311777,-2.94754
302.6,-0.396286,-0.324809,-0.0625919,-2.94754
302.7,-0.388508,-0.347264,-0.0927277,-2.94754
302.8,-0.377794,-0.367719,-0.121271,-2.94754
302.9,-0.364316,-0.385995,-0.147953,-2.94754
303,-0.348273,-0.401936,-0.172556,-2.94754
303.1,-0.32988,-0.415418,-0.194912,-2.94754
303.2,-0.309369,-0.426343,-0.214901,-2.94754
303.3,-0.286981,-0.434639,-0.23245,-2.94754
303.4,-0.262962,-0.440265,-0.247529,-2.94754
303.5,-0.237557,-0.443204,-0.260146,-2.94754
303.6,-0.211013,-0.443463,-0.270341,-2.94754
303.7,-0.183568,-0.441074,-0.278182,-2.94754
303.8,-0.155452,-0.43609,-0.283755,-2.94754
303.9,-0.126889,-0.428583,-0.287163,-2.94754
304,-0.0980882,-0.418642,-0.288515,-2.94754
304.1,-0.0692506,-0.406374,-0.287923,-2.94754
304.2,-0.0405648,-0.391897,-0.285497,-2.94754
304.3,-0.0122089,-0.375343,-0.28134,-2.94754
304.4,0.0156487,-0.356853,-0.275546,-2.94754
304.5,0.0428485,-0.336579,-0.268197,-2.94754
304.6,0.0692384,-0.31468,-0.259358,-2.94754
304.7,0.0946723,-0.29132,-0.249083,-2.94754
304.8,0.119008,-0.266671,-0.237409,-2.94754
304.9,0.142108,-0.240911,-0.22436,-2.94754
305,0.163835,-0.21422,-0.209946,-2.94754
305.1,0.184052,-0.186785,-0.194171,-2.94754
305.2,0.202624,-0.158795,-0.17703,-2.94754
305.3,0.219412,-0.130446,-0.158514,-2.94754
305.4,0.234281,-0.101935,-0.138619,-2.94754
305.5,0.24709,-0.0734641,-0.117344,-2.94754
305.6,0.257704,-0.0452394,-0.0946987,-2.94754
305.7,0.265985,-0.0174696,-0.0707086,-2.94754
305.8,0.271802,0.00963353,-0.0454193,-2.94754
305.9,0.275028,0.0358558,-0.0189011,-2.94754
306,0.275545,0.0609815,0.00874655,-2.94754
306.1,0.273245,0.0847945,0.0373914,-2.94754
306.2,0.268039,0.10708,0.0668652,-2.94754
306.3,0.259851,0.127624,0.0969615,-2.94754
306.4,0.248634,0.146219,0.127434,-2.94754
306.5,0.234361,0.162663,0.157999,-2.94754
306.6,0.217042,0.176762,0.188333,-2.94754
306.7,0.196714,0.188337,0.218079,-2.94754
306.8,0.173458,0.197219,0.246849,-2.94754
306.9,0.147391,0.20326,0.274233,-2.94754
307,0.118672,0.206332,0.299803,-2.94754
307.1,0.0875052,0.206331,0.323126,-2.94754
307.2,0.0541363,0.203179,0.343772,-2.94754
307.3,0.0188539,0.19683,0.361326,-2.94754
307.4,-0.018013,0.187268,0.375402,-2.94754
307.5,-0.0560989,0.174513,0.385652,-2.94754
307.6,-0.095006,0.158621,0.391781,-2.94754
307.7,-0.13431,0.139687,0.393557,-2.94754
307.8,-0.173567,0.117841,0.390821,-2.94754
307.9,-0.212321,0.093252,0.383495,-2.94754
308,-0.250113,0.0661258,0.37159,-2.94754
308.1,-0.28649,0.0367023,0.355205,-2.94754
308.2,-0.321011,0.0052533,0.334532,-2.94754
308.3,-0.353262,-0.0279208,0.309849,-2.94754
308.4,-0.382859,-0.0624952,0.28152,-2.94754
308.5,-0.409459,-0.0981256,0.24998,-2.94754
308.6,-0.432765,-0.134453,0.215729,-2.94754
308.7,-0.452533,-0.17111,0.179313,-2.94754
308.8,-0.468575,-0.207725,0.141318,-2.94754
308.9,-0.480764,-0.243931,0.102344,-2.94754
309,-0.489032,-0.279367,0.0629973,-2.94754
309.1,-0.493371,-0.313688,0.0238686,-2.94754
309.2,-0.493831,-0.346567,-0.0144783,-2.94754
309.3,-0.490519,-0.377701,-0.0515207,-2.94754
309.4,-0.483586,-0.406814,-0.0867886,-2.94754
309.5,-0.473234,-0.43366,-0.119873,-2.94754
309.6,-0.459696,-0.458029,-0.150434,-2.94754
309.7,-0.44324,-0.479744,-0.178201,-2.94754
309.8,-0.424156,-0.498662,-0.202977,-2.94754
309.9,-0.402749,-0.514679,-0.224635,-2.94754
310,-0.379334,-0.527726,-0.243118,-2.94754
310.1,-0.354231,-0.537768,-0.258429,-2.94754
310.2,-0.327752,-0.5448,-0.270626,-2.94754
310.3,-0.300206,-0.548852,-0.279815,-2.94754
310.4,-0.271885,-0.549979,-0.286143,-2.94754
310.5,-0.243067,-0.548262,-0.289784,-2.94754
310.6,-0.214011,-0.543804,-0.290934,-2.94754
310.7,-0.184956,-0.536728,-0.289805,-2.94754
310.8,-0.156119,-0.527171,-0.286611,-2.94754
310.9,-0.127695,-0.515287,-0.281568,-2.94754
311,-0.0998601,-0.501237,-0.274882,-2.94754
311.1,-0.0727674,-0.485193,-0.266748,-2.94754
311.2,-0.0465527,-0.467331,-0.257348,-2.94754
311.3,-0.0213347,-0.447831,-0.246841,-2.94754
311.4,0.00278342,-0.426876,-0.235371,-2.94754
311.5,0.0257114,-0.404648,-0.223058,-2.94754
311.6,0.0473702,-0.381329,-0.210002,-2.94754
311.7,0.0676898,-0.357101,-0.196285,-2.94754
311.8,0.0866073,-0.33214,-0.18197,-2.94754
311.9,0.104065,-0.306623,-0.167104,-2.94754
312,0.120011,-0.280722,-0.151721,-2.94754
312.1,0.134393,-0.254604,-0.135844,-2.94754
312.2,0.147164,-0.228437,-0.119489,-2.94754
312.3,0.158275,-0.202381,-0.102669,-2.94754
312.4,0.167682,-0.176596,-0.0853959,-2.94754
312.5,0.17534,-0.151237,-0.0676833,-2.94754
312.6,0.181205,-0.126455,-0.0495518,-2.94754
312.7,0.185237,-0.102399,-0.0310306,-2.94754
312.8,0.1874,-0.0792151,-0.0121608,-2.94754
312.9,0.18766,-0.0570442,0.00700234,-2.94754
313,0.185992,-0.0360238,0.0263874,-2.94754
313.1,0.182378,-0.0162869,0.0459051,-2.94754
313.2,0.17681,0.00203882,0.0654475,-2.94754
313.3,0.169292,0.0188317,0.0848874,-2.94754
313.4,0.159841,0.033977,0.104079,-2.94754
313.5,0.14849,0.047368,0.122857,-2.94754
313.6,0.135289,0.0589073,0.141043,-2.94754
313.7,0.120307,0.068508,0.158441,-2.94754
313.8,0.103634,0.0760951,0.174846,-2.94754
313.9,0.0853784,0.0816071,0.190045,-2.94754
314,0.0656723,0.0849971,0.203824,-2.94754
314.1,0.0446681,0.0862345,0.215968,-2.94754
314.2,0.02254,0.0853059,0.226272,-2.94754
314.3,-0.000518406,0.0822169,0.234541,-2.94754
314.4,-0.0242945,0.0769922,0.240599,-2.94754
314.5,-0.0485595,0.0696773,0.244295,-2.94754
314.6,-0.0730705,0.0603381,0.245503,-2.94754
314.7,-0.0975741,0.0490619,0.244132,-2.94754
314.8,-0.121809,0.0359566,0.240129,-2.94754
314.9,-0.145512,0.0211505,0.233478,-2.94754
315,-0.168417,0.00479163,0.224207,-2.94754
315.1,-0.190268,-0.0129538,0.212385,-2.94754
315.2,-0.210813,-0.031903,0.198125,-2.94754
315.3,-0.229817,-0.051858,0.181579,-2.94754
315.4,-0.247059,-0.0726085,0.162938,-2.94754
315.5,-0.262342,-0.0939341,0.142426,-2.94754
315.6,-0.27549,-0.115607,0.120299,-2.94754
315.7,-0.286357,-0.137393,0.0968338,-2.94754
315.8,-0.294822,-0.159061,0.0723263,-2.94754
315.9,-0.300798,-0.180375,0.0470829,-2.94754
316,-0.304225,-0.201107,0.0214139,-2.94754
316.1,-0.305077,-0.221037,-0.0043725,-2.94754
316.2,-0.303356,-0.23995,-0.0299772,-2.94754
316.3,-0.299097,-0.257648,-0.0551153,-2.94754
316.4,-0.292358,-0.273945,-0.0795217,-2.94754
316.5,-0.283225,-0.288672,-0.102955,-2.94754
316.6,-0.271807,-0.301676,-0.125199,-2.94754
316.7,-0.258231,-0.312825,-0.146068,-2.94754
316.8,-0.242644,-0.322005,-0.165406,-2.94754
316.9,-0.225205,-0.329125,-0.183085,-2.94754
317,-0.206086,-0.334113,-0.199007,-2.94754
317.1,-0.185465,-0.336918,-0.2131,-2.94754
317.2,-0.163528,-0.337508,-0.225319,-2.94754
317.3,-0.140464,-0.335872,-0.235636,-2.94754
317.4,-0.116464,-0.332019,-0.244045,-2.94754
317.5,-0.0917188,-0.325975,-0.250553,-2.94754
317.6,-0.0664168,-0.317783,-0.255175,-2.94754
317.7,-0.0407457,-0.307502,-0.257938,-2.94754
317.8,-0.0148904,-0.295209,-0.258867,-2.94754
317.9,0.0109675,-0.280991,-0.257992,-2.94754
318,0.0366487,-0.264952,-0.255338,-2.94754
318.1,0.0619765,-0.247207,-0.250927,-2.94754
318.2,0.0867762,-0.22788,-0.244777,-2.94754
318.3,0.110874,-0.207111,-0.236896,-2.94754
318.4,0.134098,-0.185045,-0.227289,-2.94754
318.5,0.156274,-0.161841,-0.215955,-2.94754
318.6,0.177231,-0.137663,-0.202887,-2.94754
318.7,0.196794,-0.112688,-0.188077,-2.94754
318.8,0.214788,-0.0870982,-0.171519,-2.94754
318.9,0.231039,-0.0610856,-0.153207,-2.94754
319,0.245371,-0.0348495,-0.133147,-2.94754
319.1,0.257611,-0.00859641,-0.111354,-2.94754
319.2,0.267586,0.0174601,-0.08786,-2.94754
319.3,0.275128,0.0431005,-0.0627178,-2.94754
319.4,0.280077,0.0680999,-0.0360059,-2.94754
319.5,0.28228,0.0922289,-0.0078328,-2.94754
319.6,0.281599,0.115255,0.0216592,-2.94754
319.7,0.27791,0.136945,0.0522902,-2.94754
319.8,0.271111,0.157065,0.0838401,-2.94754
319.9,0.26112,0.175384,0.116047,-2.94754
320,0.247889,0.191677,0.148606,-2.94754
320.1,0.231399,0.205723,0.181173,-2.94754
320.2,0.211667,0.217317,0.213362,-2.94754
320.3,0.188753,0.226263,0.244755,-2.94754
320.4,0.162758,0.232385,0.274905,-2.94754
320.5,0.133829,0.235528,0.303343,-2.94754
320.6,0.102162,0.235559,0.329592,-2.94754
320.7,0.0679996,0.232375,0.353172,-2.94754
320.8,0.0316322,0.225903,0.373617,-2.94754
320.9,-0.00660457,0.216104,0.390486,-2.94754
321,-0.0463325,0.202977,0.403378,-2.94754
321.1,-0.0871358,0.186559,0.411943,-2.94754
321.2,-0.128567,0.166927,0.415898,-2.94754
321.3,-0.170155,0.144199,0.415038,-2.94754
321.4,-0.21141,0.118536,0.409244,-2.94754
321.5,-0.251838,0.0901367,0.398492,-2.94754
321.6,-0.290946,0.0592402,0.382859,-2.94754
321.7,-0.328253,0.0261207,0.362521,-2.94754
321.8,-0.363302,-0.00891519,0.337754,-2.94754
321.9,-0.395668,-0.0455324,0.308929,-2.94754
322,-0.424968,-0.083373,0.2765,-2.94754
322.1,-0.450866,-0.122061,0.240996,-2.94754
322.2,-0.473084,-0.16121,0.203007,-2.94754
322.3,-0.491405,-0.200426,0.163161,-2.94754
322.4,-0.505676,-0.239318,0.122118,-2.94754
322.5,-0.515811,-0.277503,0.0805403,-2.94754
322.6,-0.521789,-0.31461,0.0390821,-2.94754
322.7,-0.523652,-0.350287,-0.0016304,-2.94754
322.8,-0.521507,-0.384207,-0.0410136,-2.94754
322.9,-0.515512,-0.416073,-0.0785402,-2.94754
323,-0.505876,-0.445619,-0.113749,-2.94754
323.1,-0.492852,-0.472616,-0.146254,-2.94754
323.2,-0.476726,-0.49687,-0.175748,-2.94754
323.3,-0.457811,-0.518229,-0.202003,-2.94754
323.4,-0.436438,-0.536578,-0.224874,-2.94754
323.5,-0.412951,-0.55184,-0.244289,-2.94754
323.6,-0.387695,-0.563977,-0.26025,-2.94754
323.7,-0.361014,-0.572986,-0.272819,-2.94754
323.8,-0.333241,-0.578897,-0.282116,-2.94754
323.9,-0.304695,-0.58177,-0.288303,-2.94754
324,-0.275677,-0.581692,-0.29158,-2.94754
324.1,-0.246468,-0.578777,-0.292172,-2.94754
324.2,-0.217324,-0.573156,-0.290321,-2.94754
324.3,-0.188477,-0.564979,-0.286277,-2.94754
324.4,-0.160134,-0.55441,-0.280291,-2.94754
324.5,-0.132476,-0.541624,-0.272606,-2.94754
324.6,-0.105661,-0.526805,-0.263456,-2.94754
324.7,-0.0798262,-0.510139,-0.253056,-2.94754
324.8,-0.0550851,-0.49182,-0.241606,-2.94754
324.9,-0.0315341,-0.472038,-0.229281,-2.94754
325,-0.00925285,-0.450986,-0.216236,-2.94754
325.1,0.0116935,-0.428853,-0.202604,-2.94754
325.2,0.031252,-0.405824,-0.188494,-2.94754
325.3,0.0493794,-0.38208,-0.173997,-2.94754
325.4,0.0660409,-0.357798,-0.159186,-2.94754
325.5,0.081208,-0.333148,-0.144116,-2.94754
325.6,0.0948569,-0.308295,-0.12883,-2.94754
325.7,0.106968,-0.283399,-0.113359,-2.94754
325.8,0.117523,-0.258612,-0.0977282,-2.94754
325.9,0.126509,-0.234081,-0.081957,-2.94754
326,0.133911,-0.209948,-0.0660632,-2.94754
326.1,0.139718,-0.186348,-0.0500655,-2.94754
326.2,0.143921,-0.163412,-0.0339864,-2.94754
326.3,0.146513,-0.141264,-0.0178545,-2.94754
326.4,0.147491,-0.120022,-0.00170625,-2.94754
326.5,0.146856,-0.0997999,0.014412,-2.94754
326.6,0.144612,-0.0807055,0.0304428,-2.94754
326.7,0.140772,-0.0628397,0.0463166,-2.94754
326.8,0.135357,-0.0462975,0.0619513,-2.94754
326.9,0.128393,-0.0311667,0.0772523,-2.94754
327,0.119921,-0.0175277,0.0921128,-2.94754
327.1,0.109989,-0.00545239,0.106415,-2.94754
327.2,0.0986605,0.00499595,0.120032,-2.94754
327.3,0.0860101,0.0137641,0.132828,-2.94754
327.4,0.072127,0.0208092,0.144663,-2.94754
327.5,0.0571144,0.0261001,0.155393,-2.94754
327.6,0.0410899,0.0296179,0.164877,-2.94754
327.7,0.0241852,0.0313566,0.172974,-2.94754
327.8,0.00654558,0.0313243,0.179555,-2.94754
327.9,-0.0116711,0.0295432,0.184497,-2.94754
328,-0.0302956,0.0260506,0.187694,-2.94754
328.1,-0.0491488,0.020899,0.189058,-2.94754
328.2,-0.0680438,0.0141561,0.18852,-2.94754
328.3,-0.0867879,0.00590484,0.186036,-2.94754
328.4,-0.105185,-0.00375688,0.181585,-2.94754
328.5,-0.12304,-0.0147168,0.175177,-2.94754
328.6,-0.140157,-0.026849,0.166847,-2.94754
328.7,-0.156347,-0.0400151,0.15666,-2.94754
328.8,-0.17143,-0.0540653,0.144706,-2.94754
328.9,-0.185234,-0.0688398,0.131106,-2.94754
329,-0.197601,-0.0841708,0.116001,-2.94754
329.1,-0.208389,-0.0998839,0.0995569,-2.94754
329.2,-0.217474,-0.1158,0.0819577,-2.94754
329.3,-0.224749,-0.131738,0.0634023,-2.94754
329.4,-0.230129,-0.147515,0.0441011,-2.94754
329.5,-0.233551,-0.162953,0.0242716,-2.94754
329.6,-0.234973,-0.177872,0.0041343,-2.94754
329.7,-0.234375,-0.192104,-0.0160913,-2.94754
329.8,-0.231759,-0.205484,-0.0361908,-2.94754
329.9,-0.227148,-0.217858,-0.0559582,-2.94754
330,-0.220585,-0.229082,-0.0751991,-2.94754
330.1,-0.212132,-0.239025,-0.0937331,-2.94754
330.2,-0.201868,-0.247569,-0.111396,-2.94754
330.3,-0.189887,-0.254609,-0.128041,-2.94754
330.4,-0.176298,-0.260058,-0.143538,-2.94754
330.5,-0.161221,-0.263841,-0.157778,-2.94754
330.6,-0.144787,-0.265902,-0.170668,-2.94754
330.7,-0.127135,-0.266197,-0.18213,-2.94754
330.8,-0.108411,-0.264703,-0.192104,-2.94754
330.9,-0.0887654,-0.261408,-0.200542,-2.94754
331,-0.0683546,-0.25632,-0.20741,-2.94754
331.1,-0.0473366,-0.249457,-0.212681,-2.94754
331.2,-0.0258722,-0.240855,-0.216337,-2.94754
331.3,-0.00412349,-0.230564,-0.218365,-2.94754
331.4,0.0177462,-0.218647,-0.218756,-2.94754
331.5,0.0395728,-0.205178,-0.217502,-2.94754
331.6,0.0611917,-0.190246,-0.2146,-2.94754
331.7,0.0824375,-0.17395,-0.210041,-2.94754
331.8,0.103145,-0.156402,-0.203821,-2.94754
331.9,0.123146,-0.137723,-0.195932,-2.94754
332,0.142275,-0.118046,-0.186368,-2.94754
332.1,0.160364,-0.0975126,-0.175125,-2.94754
332.2,0.177244,-0.0762742,-0.162201,-2.94754
332.3,0.192748,-0.0544914,-0.147598,-2.94754
332.4,0.206708,-0.0323332,-0.131328,-2.94754
332.5,0.218958,-0.00997677,-0.113411,-2.94754
332.6,0.229336,0.0123935,-0.0938811,-2.94754
332.7,0.237683,0.0345864,-0.0727901,-2.94754
332.8,0.243845,0.0564048,-0.050209,-2.94754
332.9,0.247678,0.0776468,-0.0262324,-2.94754
333,0.249049,0.0981066,-0.00098187,-2.94754
333.1,0.247837,0.117576,0.0253918,-2.94754
333.2,0.243939,0.135847,0.0527059,-2.94754
333.3,0.237271,0.15271,0.0807443,-2.94754
333.4,0.227774,0.167963,0.109257,-2.94754
333.5,0.215414,0.181404,0.13796,-2.94754
333.6,0.200186,0.192843,0.166536,-2.94754
333.7,0.182122,0.202099,0.194641,-2.94754
333.8,0.161286,0.209004,0.221902,-2.94754
333.9,0.137783,0.213408,0.247928,-2.94754
334,0.111755,0.215179,0.272315,-2.94754
334.1,0.0833883,0.214209,0.294653,-2.94754
334.2,0.0529067,0.210413,0.314537,-2.94754
334.3,0.0205759,0.203735,0.331576,-2.94754
334.4,-0.0133014,0.194151,0.345405,-2.94754
334.5,-0.0483871,0.181668,0.355695,-2.94754
334.6,-0.0843128,0.166327,0.362162,-2.94754
334.7,-0.120684,0.148204,0.364581,-2.94754
334.8,-0.157089,0.127413,0.362793,-2.94754
334.9,-0.1931,0.1041,0.356711,-2.94754
335,-0.228287,0.0784493,0.346327,-2.94754
335.1,-0.262224,0.050675,0.331717,-2.94754
335.2,-0.294495,0.0210238,0.313038,-2.94754
335.3,-0.324704,-0.0102309,0.290529,-2.94754
335.4,-0.352484,-0.0427912,0.264505,-2.94754
335.5,-0.377501,-0.0763399,0.23535,-2.94754
335.6,-0.399464,-0.110545,0.203507,-2.94754
335.7,-0.418129,-0.145063,0.169468,-2.94754
335.8,-0.433302,-0.179548,0.13376,-2.94754
335.9,-0.444844,-0.213654,0.0969303,-2.94754
336,-0.452669,-0.24704,0.0595333,-2.94754
336.1,-0.45675,-0.279376,0.0221156,-2.94754
336.2,-0.457109,-0.310351,-0.0147976,-2.94754
336.3,-0.453823,-0.339669,-0.0507141,-2.94754
336.4,-0.447015,-0.367063,-0.0851861,-2.94754
336.5,-0.436848,-0.39229,-0.117818,-2.94754
336.6,-0.423524,-0.415138,-0.148273,-2.94754
336.7,-0.407275,-0.435426,-0.176278,-2.94754
336.8,-0.388357,-0.453006,-0.201621,-2.94754
336.9,-0.367044,-0.467764,-0.224158,-2.94754
337,-0.343622,-0.479617,-0.243804,-2.94754
337.1,-0.318381,-0.488515,-0.260529,-2.94754
337.2,-0.291613,-0.49444,-0.274355,-2.94754
337.3,-0.263604,-0.497402,-0.285349,-2.94754
337.4,-0.234634,-0.497437,-0.293613,-2.94754
337.5,-0.204968,-0.494609,-0.299277,-2.94754
337.6,-0.17486,-0.489002,-0.302491,-2.94754
337.7,-0.144546,-0.480719,-0.30342,-2.94754
337.8,-0.114247,-0.469882,-0.30223,-2.94754
337.9,-0.0841649,-0.456628,-0.299091,-2.94754
338,-0.054488,-0.441104,-0.294163,-2.94754
338.1,-0.025387,-0.423469,-0.287595,-2.94754
338.2,0.00298089,-0.403891,-0.279522,-2.94754
338.3,0.0304713,-0.382543,-0.270062,-2.94754
338.4,0.0569504,-0.359603,-0.259313,-2.94754
338.5,0.0822936,-0.335254,-0.247354,-2.94754
338.6,0.106383,-0.309681,-0.234244,-2.94754
338.7,0.129106,-0.283072,-0.220026,-2.94754
338.8,0.150352,-0.255616,-0.204725,-2.94754
338.9,0.170015,-0.227504,-0.188355,-2.94754
339,0.187987,-0.198927,-0.170918,-2.94754
339.1,0.204163,-0.170078,-0.152413,-2.94754
339.2,0.218434,-0.141151,-0.132834,-2.94754
339.3,0.230694,-0.112341,-0.11218,-2.94754
339.4,0.240835,-0.0838436,-0.0904569,-2.94754
339.5,0.24875,-0.0558554,-0.0676813,-2.94754
339.6,0.254337,-0.0285738,-0.0438875,-2.94754
339.7,0.257496,-0.00219649,-0.0191305,-2.94754
339.8,0.258134,0.0230793,0.00651017,-2.94754
339.9,0.256168,0.0470571,0.0329263,-2.94754
340,0.251527,0.0695428,0.0599786,-2.94754
340.1,0.244156,0.0903453,0.0874945,-2.94754
340.2,0.23402,0.109278,0.115267,-2.94754
340.3,0.221102,0.126163,0.143056,-2.94754
340.4,0.205417,0.140827,0.170586,-2.94754
340.5,0.187004,0.153112,0.197552,-2.94754
340.6,0.165936,0.162871,0.223624,-2.94754
340.7,0.142321,0.169972,0.248447,-2.94754
340.8,0.116301,0.174304,0.271654,-2.94754
340.9,0.0880564,0.175775,0.292871,-2.94754
341,0.0578055,0.174319,0.311723,-2.94754
341.1,0.0258028,0.169895,0.327848,-2.94754
341.2,-0.00766182,0.162491,0.340907,-2.94754
341.3,-0.042266,0.152125,0.350591,-2.94754
341.4,-0.0776586,0.138848,0.356635,-2.94754
341.5,-0.113464,0.122742,0.358825,-2.94754
341.6,-0.14929,0.103925,0.357009,-2.94754
341.7,-0.18473,0.0825471,0.351103,-2.94754
341.8,-0.219374,0.0587906,0.341097,-2.94754
341.9,-0.252815,0.0328695,0.327057,-2.94754
342,-0.284655,0.00502615,0.309126,-2.94754
342.1,-0.314518,-0.0244707,0.287528,-2.94754
342.2,-0.342048,-0.0553298,0.262554,-2.94754
342.3,-0.366928,-0.0872414,0.234563,-2.94754
342.4,-0.388874,-0.119881,0.203973,-2.94754
342.5,-0.407651,-0.152916,0.171246,-2.94754
342.6,-0.423069,-0.186007,0.13688,-2.94754
342.7,-0.43499,-0.218817,0.101392,-2.94754
342.8,-0.443328,-0.251014,0.0653113,-2.94754
342.9,-0.448049,-0.282276,0.0291574,-2.94754
343,-0.449173,-0.312297,-0.00656653,-2.94754
343.1,-0.446766,-0.340789,-0.0413877,-2.94754
343.2,-0.44094,-0.367487,-0.0748735,-2.94754
343.3,-0.431849,-0.392153,-0.10664,-2.94754
343.4,-0.419681,-0.414576,-0.136358,-2.94754
343.5,-0.404655,-0.434577,-0.163758,-2.94754
343.6,-0.387014,-0.452005,-0.188628,-2.94754
343.7,-0.367018,-0.466745,-0.210822,-2.94754
343.8,-0.344942,-0.478711,-0.230247,-2.94754
343.9,-0.321062,-0.48785,-0.246868,-2.94754
344,-0.295661,-0.494136,-0.260697,-2.94754
344.1,-0.269014,-0.497574,-0.27179,-2.94754
344.2,-0.241391,-0.498196,-0.28024,-2.94754
344.3,-0.213051,-0.496055,-0.286166,-2.94754
344.4,-0.184237,-0.491229,-0.289711,-2.94754
344.5,-0.155183,-0.483815,-0.29103,-2.94754
344.6,-0.1261,-0.473925,-0.290284,-2.94754
344.7,-0.0971891,-0.461687,-0.287639,-2.94754
344.8,-0.0686307,-0.447242,-0.28325,-2.94754
344.9,-0.0405921,-0.430741,-0.277269,-2.94754
345,-0.0132254,-0.412341,-0.269831,-2.94754
345.1,0.0133297,-0.392208,-0.261057,-2.94754
345.2,0.038945,-0.370511,-0.251051,-2.94754
345.3,0.0635016,-0.347426,-0.239897,-2.94754
345.4,0.0868884,-0.323128,-0.227663,-2.94754
345.5,0.109,-0.297795,-0.2144,-2.94754
345.6,0.129735,-0.271608,-0.200143,-2.94754
345.7,0.148996,-0.244748,-0.184912,-2.94754
345.8,0.166686,-0.217395,-0.168721,-2.94754
345.9,0.182708,-0.189732,-0.151572,-2.94754
346,0.196968,-0.161941,-0.133467,-2.94754
346.1,0.20937,-0.134205,-0.114409,-2.94754
346.2,0.219818,-0.106708,-0.0944014,-2.94754
346.3,0.228219,-0.0796319,-0.0734609,-2.94754
346.4,0.23448,-0.0531618,-0.0516149,-2.94754
346.5,0.238513,-0.0274808,-0.0289081,-2.94754
346.6,0.240235,-0.00277188,-0.00540551,-2.94754
346.7,0.239571,0.0207831,0.018804,-2.94754
346.8,0.236455,0.0430045,0.043605,-2.94754
346.9,0.230835,0.0637154,0.0688538,-2.94754
347,0.222675,0.0827433,0.0943769,-2.94754
347.1,0.211957,0.0999216,0.11997,-2.94754
347.2,0.198686,0.115091,0.145401,-2.94754
347.3,0.182891,0.128102,0.170408,-2.94754
347.4,0.164628,0.138815,0.194705,-2.94754
347.5,0.143984,0.147107,0.217986,-2.94754
347.6,0.121076,0.152868,0.239928,-2.94754
347.7,0.0960542,0.156008,0.260199,-2.94754
347.8,0.0691028,0.156458,0.278466,-2.94754
347.9,0.0404386,0.154171,0.294402,-2.94754
348,0.0103105,0.149126,0.307694,-2.94754
348.1,-0.0210023,0.141327,0.318051,-2.94754
348.2,-0.0531934,0.130809,0.32522,-2.94754
348.3,-0.0859327,0.117634,0.328983,-2.94754
348.4,-0.118871,0.101895,0.329178,-2.94754
348.5,-0.151646,0.0837162,0.325693,-2.94754
348.6,-0.183885,0.0632503,0.318484,-2.94754
348.7,-0.215219,0.0406794,0.307569,-2.94754
348.8,-0.245279,0.0162127,0.293036,-2.94754
348.9,-0.27371,-0.00991561,0.275039,-2.94754
349,-0.300178,-0.0374489,0.2538,-2.94754
349.1,-0.324372,-0.0661117,0.2296,-2.94754
349.2,-0.346011,-0.0956129,0.202778,-2.94754
349.3,-0.364853,-0.12565,0.173717,-2.94754
349.4,-0.380694,-0.155915,0.142839,-2.94754
349.5,-0.393375,-0.186094,0.110592,-2.94754
349.6,-0.402782,-0.215878,0.0774392,-2.94754
349.7,-0.408848,-0.244963,0.0438479,-2.94754
349.8,-0.411552,-0.273055,0.0102771,-2.94754
349.9,-0.410919,-0.299877,-0.0228324,-2.94754
350,-0.407015,-0.325168,-0.0550681,-2.94754
350.1,-0.399947,-0.348688,-0.0860538,-2.94754
350.2,-0.389857,-0.370221,-0.115457,-2.94754
350.3,-0.376918,-0.389578,-0.142991,-2.94754
350.4,-0.361329,-0.406597,-0.168424,-2.94754
350.5,-0.343309,-0.421144,-0.191573,-2.94754
350.6,-0.323095,-0.433114,-0.212306,-2.94754
350.7,-0.300931,-0.442431,-0.230544,-2.94754
350.8,-0.277071,-0.449046,-0.246249,-2.94754
350.9,-0.251766,-0.452938,-0.259427,-2.94754
351,-0.225268,-0.454111,-0.270118,-2.94754
351.1,-0.197823,-0.452594,-0.278391,-2.94754
351.2,-0.169667,-0.448437,-0.284338,-2.94754
351.3,-0.141029,-0.44171,-0.288067,-2.94754
351.4,-0.112124,-0.432504,-0.289695,-2.94754
351.5,-0.0831561,-0.420922,-0.289343,-2.94754
351.6,-0.0543172,-0.407085,-0.287133,-2.94754
351.7,-0.0257875,-0.391123,-0.283179,-2.94754
351.8,0.00226402,-0.373179,-0.277587,-2.94754
351.9,0.0296783,-0.353404,-0.270448,-2.94754
352,0.0563046,-0.331957,-0.261841,-2.94754
352.1,0.0819996,-0.309004,-0.251829,-2.94754
352.2,0.106625,-0.284715,-0.24046,-2.94754
352.3,0.130047,-0.259266,-0.227766,-2.94754
352.4,0.152135,-0.232839,-0.213766,-2.94754
352.5,0.172757,-0.205618,-0.198468,-2.94754
352.6,0.191785,-0.177789,-0.181872,-2.94754
352.7,0.209088,-0.149546,-0.163972,-2.94754
352.8,0.224536,-0.121083,-0.144762,-2.94754
352.9,0.237997,-0.0925973,-0.124239,-2.94754
353,0.24934,-0.0642912,-0.102408,-2.94754
353.1,0.258435,-0.0363687,-0.0792876,-2.94754
353.2,0.265156,-0.00903659,-0.0549119,-2.94754
353.3,0.269378,0.0174961,-0.0293384,-2.94754
353.4,0.270986,0.043019,-0.00265079,-2.94754
353.5,0.269875,0.0673211,0.0250371,-2.94754
353.6,0.26595,0.0901919,0.0535775,-2.94754
353.7,0.259137,0.111423,0.0827869,-2.94754
353.8,0.249378,0.13081,0.112444,-2.94754
353.9,0.236642,0.148152,0.142289,-2.94754
354,0.220924,0.16326,0.172025,-2.94754
354.1,0.202251,0.175953,0.201322,-2.94754
354.2,0.180686,0.186062,0.229816,-2.94754
354.3,0.156328,0.193436,0.25712,-2.94754
354.4,0.129315,0.197943,0.282826,-2.94754
354.5,0.0998297,0.199472,0.306517,-2.94754
354.6,0.0680931,0.197938,0.327776,-2.94754
354.7,0.0343692,0.193283,0.346194,-2.94754
354.8,-0.0010381,0.18548,0.361384,-2.94754
354.9,-0.0377882,0.174535,0.372993,-2.94754
355,-0.075507,0.160488,0.380712,-2.94754
355.1,-0.113793,0.143416,0.384289,-2.94754
355.2,-0.152221,0.123432,0.383538,-2.94754
355.3,-0.190352,0.100685,0.378347,-2.94754
355.4,-0.227741,0.0753606,0.368687,-2.94754
355.5,-0.263942,0.0476794,0.354614,-2.94754
355.6,-0.298521,0.0178935,0.336274,-2.94754
355.7,-0.331062,-0.0137158,0.313896,-2.94754
355.8,-0.361176,-0.0468412,0.287795,-2.94754
355.9,-0.38851,-0.0811544,0.258358,-2.94754
356,-0.412752,-0.116311,0.226039,-2.94754
356.1,-0.433639,-0.151954,0.191348,-2.94754
356.2,-0.450961,-0.187722,0.154833,-2.94754
356.3,-0.464564,-0.223253,0.117069,-2.94754
356.4,-0.474352,-0.258192,0.0786399,-2.94754
356.5,-0.480289,-0.292192,0.0401258,-2.94754
356.6,-0.482393,-0.324924,0.0020863,-2.94754
356.7,-0.480739,-0.356079,-0.0349522,-2.94754
356.8,-0.475452,-0.385374,-0.0705086,-2.94754
356.9,-0.466701,-0.412552,-0.104156,-2.94754
357,-0.454697,-0.437389,-0.135531,-2.94754
357.1,-0.439681,-0.459694,-0.164336,-2.94754
357.2,-0.421923,-0.47931,-0.190342,-2.94754
357.3,-0.401711,-0.496113,-0.21339,-2.94754
357.4,-0.379347,-0.510017,-0.233388,-2.94754
357.5,-0.355136,-0.520968,-0.250306,-2.94754
357.6,-0.329387,-0.528946,-0.264169,-2.94754
357.7,-0.302402,-0.533959,-0.275053,-2.94754
357.8,-0.274472,-0.536048,-0.283074,-2.94754
357.9,-0.245877,-0.535275,-0.288384,-2.94754
358,-0.21688,-0.531728,-0.291157,-2.94754
358.1,-0.187724,-0.525517,-0.291584,-2.94754
358.2,-0.158635,-0.516766,-0.289865,-2.94754
358.3,-0.129816,-0.505616,-0.286201,-2.94754
358.4,-0.101453,-0.49222,-0.28079,-2.94754
358.5,-0.07371,-0.47674,-0.27382,-2.94754
358.6,-0.0467349,-0.459346,-0.265465,-2.94754
358.7,-0.0206579,-0.440212,-0.255883,-2.94754
358.8,0.00440537,-0.419516,-0.245212,-2.94754
358.9,0.0283522,-0.397439,-0.233571,-2.94754
359,0.0510906,-0.374162,-0.221059,-2.94754
359.1,0.0725377,-0.349865,-0.207756,-2.94754
359.2,0.0926175,-0.324728,-0.193723,-2.94754
359.3,0.111259,-0.298928,-0.179004,-2.94754
359.4,0.128397,-0.272641,-0.163632,-2.94754
359.5,0.143965,-0.246042,-0.147627,-2.94754
359.6,0.157901,-0.219301,-0.131002,-2.94754
359.7,0.170145,-0.192587,-0.113767,-2.94754
359.8,0.180635,-0.166068,-0.0959294,-2.94754
359.9,0.189311,-0.139908,-0.0775011,-2.94754
360,0.196116,-0.114269,-0.0584999,-2.94754
360.1,0.200993,-0.0893109,-0.0389537,-2.94754
360.2,0.20389,-0.0651914,-0.0189035,-2.94754
360.3,0.204759,-0.0420649,0.00159375,-2.94754
360.4,0.203559,-0.0200831,0.022463,-2.94754
360.5,0.200257,0.000606559,0.0436087,-2.94754
360.6,0.194831,0.0198608,0.0649138,-2.94754
360.7,0.187273,0.0375419,0.0862388,-2.94754
360.8,0.177588,0.0535187,0.107422,-2.94754
360.9,0.1658,0.067668,0.12828,-2.94754
361,0.15195,0.0798755,0.148611,-2.94754
361.1,0.136102,0.0900379,0.168193,-2.94754
361.2,0.118344,0.0980641,0.186791,-2.94754
361.3,0.0987852,0.103877,0.204162,-2.94754
361.4,0.0775609,0.107416,0.220056,-2.94754
361.5,0.0548315,0.108636,0.234223,-2.94754
361.6,0.030782,0.107514,0.24642,-2.94754
361.7,0.00562096,0.104043,0.256416,-2.94754
361.8,-0.0204209,0.0982428,0.264002,-2.94754
361.9,-0.0470928,0.090152,0.26899,-2.94754
362,-0.074127,0.0798341,0.271227,-2.94754
362.1,-0.101242,0.0673762,0.270595,-2.94754
362.2,-0.128148,0.0528889,0.267022,-2.94754
362.3,-0.154548,0.0365062,0.260477,-2.94754
362.4,-0.180145,0.0183844,0.25098,-2.94754
362.5,-0.204648,-0.00129875,0.238602,-2.94754
362.6,-0.227773,-0.0223465,0.223461,-2.94754
362.7,-0.249253,-0.0445447,0.205725,-2.94754
362.8,-0.268839,-0.0676642,0.185606,-2.94754
362.9,-0.286303,-0.0914639,0.163357,-2.94754
363,-0.301449,-0.115694,0.139267,-2.94754
363.1,-0.314106,-0.140098,0.113653,-2.94754
363.2,-0.32414,-0.164419,0.0868515,-2.94754
363.3,-0.331448,-0.188399,0.0592137,-2.94754
363.4,-0.335966,-0.211786,0.0310952,-2.94754
363.5,-0.337663,-0.234334,0.00284862,-2.94754
363.6,-0.336543,-0.255809,-0.025184,-2.94754
363.7,-0.332644,-0.27599,-0.0526781,-2.94754
363.8,-0.326036,-0.294673,-0.0793328,-2.94754
363.9,-0.316815,-0.311671,-0.104876,-2.94754
364,-0.305106,-0.326817,-0.129067,-2.94754
364.1,-0.291054,-0.339966,-0.1517,-2.94754
364.2,-0.274823,-0.350994,-0.172607,-2.94754
364.3,-0.256594,-0.359801,-0.191653,-2.94754
364.4,-0.236558,-0.366311,-0.208739,-2.94754
364.5,-0.214914,-0.370468,-0.2238,-2.94754
364.6,-0.191867,-0.37224,-0.236798,-2.94754
364.7,-0.167624,-0.371617,-0.247722,-2.94754
364.8,-0.142391,-0.36861,-0.256582,-2.94754
364.9,-0.116375,-0.363247,-0.263405,-2.94754
365,-0.0897767,-0.355579,-0.268233,-2.94754
365.1,-0.0627935,-0.345669,-0.271111,-2.94754
365.2,-0.0356176,-0.3336,-0.272094,-2.94754
365.3,-0.00843622,-0.319467,-0.271231,-2.94754
365.4,0.0185688,-0.303379,-0.268574,-2.94754
365.5,0.0452201,-0.285458,-0.264163,-2.94754
365.6,0.0713442,-0.265835,-0.258036,-2.94754
365.7,0.0967709,-0.244655,-0.250218,-2.94754
365.8,0.121332,-0.222068,-0.240727,-2.94754
365.9,0.144861,-0.198237,-0.229571,-2.94754
366,0.167191,-0.17333,-0.21675,-2.94754
366.1,0.188155,-0.147526,-0.202259,-2.94754
366.2,0.207587,-0.121009,-0.18609,-2.94754
366.3,0.225317,-0.0939731,-0.168232,-2.94754
366.4,0.241176,-0.0666165,-0.14868,-2.94754
366.5,0.254996,-0.039146,-0.127437,-2.94754
366.6,0.266608,-0.0117745,-0.104518,-2.94754
366.7,0.275845,0.0152792,-0.0799553,-2.94754
366.8,0.282546,0.0417911,-0.0538026,-2.94754
366.9,0.286556,0.0675324,-0.0261419,-2.94754
367,0.287728,0.0922711,0.00291317,-2.94754
367.1,0.285931,0.115773,0.0332135,-2.94754
367.2,0.28105,0.137802,0.0645703,-2.94754
367.3,0.27299,0.158125,0.0967533,-2.94754
367.4,0.261681,0.176511,0.129489,-2.94754
367.5,0.247084,0.192736,0.162459,-2.94754
367.6,0.229193,0.206584,0.195306,-2.94754
367.7,0.20804,0.217851,0.227632,-2.94754
367.8,0.183699,0.226347,0.259005,-2.94754
367.9,0.156286,0.231902,0.288966,-2.94754
368,0.125968,0.234369,0.317039,-2.94754
368.1,0.0929577,0.233623,0.342737,-2.94754
368.2,0.057516,0.229572,0.365581,-2.94754
368.3,0.0199523,0.222154,0.385103,-2.94754
368.4,-0.0193793,0.211344,0.400869,-2.94754
368.5,-0.0600831,0.197155,0.412487,-2.94754
368.6,-0.101727,0.179636,0.419625,-2.94754
368.7,-0.14385,0.158883,0.42202,-2.94754
368.8,-0.185967,0.13503,0.419492,-2.94754
368.9,-0.227581,0.108253,0.411951,-2.94754
369,-0.26819,0.0787672,0.399409,-2.94754
369.1,-0.3073,0.0468286,0.381975,-2.94754
369.2,-0.34443,0.0127265,0.359866,-2.94754
369.3,-0.379127,-0.0232181,0.333395,-2.94754
369.4,-0.410977,-0.0606573,0.302969,-2.94754
369.5,-0.439606,-0.0992215,0.269078,-2.94754
369.6,-0.464695,-0.138526,0.232282,-2.94754
369.7,-0.485986,-0.178176,0.193197,-2.94754
369.8,-0.50328,-0.217773,0.152476,-2.94754
369.9,-0.516449,-0.256924,0.11079,-2.94754
370,-0.525429,-0.295245,0.068815,-2.94754
370.1,-0.530224,-0.332366,0.0272065,-2.94754
370.2,-0.530903,-0.367941,-0.0134123,-2.94754
370.3,-0.527594,-0.40165,-0.0524671,-2.94754
370.4,-0.520479,-0.433204,-0.0894449,-2.94754
370.5,-0.509789,-0.462347,-0.123904,-2.94754
370.6,-0.495794,-0.488861,-0.155481,-2.94754
370.7,-0.478798,-0.512566,-0.183893,-2.94754
370.8,-0.459128,-0.533324,-0.208941,-2.94754
370.9,-0.437126,-0.551033,-0.230505,-2.94754
371,-0.413144,-0.565632,-0.248545,-2.94754
371.1,-0.387534,-0.577096,-0.263085,-2.94754
371.2,-0.360641,-0.585438,-0.274215,-2.94754
371.3,-0.3328,-0.590701,-0.282077,-2.94754
371.4,-0.304329,-0.592957,-0.286854,-2.94754
371.5,-0.275525,-0.592308,-0.288763,-2.94754
371.6,-0.246664,-0.588876,-0.288047,-2.94754
371.7,-0.217995,-0.582804,-0.284958,-2.94754
371.8,-0.189742,-0.57425,-0.279758,-2.94754
371.9,-0.162105,-0.563386,-0.272706,-2.94754
372,-0.135255,-0.550394,-0.264052,-2.94754
372.1,-0.10934,-0.535461,-0.254034,-2.94754
372.2,-0.0844859,-0.51878,-0.242872,-2.94754
372.3,-0.0607968,-0.500545,-0.230769,-2.94754
372.4,-0.0383576,-0.480949,-0.217902,-2.94754
372.5,-0.0172366,-0.460185,-0.204429,-2.94754
372.6,0.00251244,-0.43844,-0.190484,-2.94754
372.7,0.0208483,-0.415899,-0.176182,-2.94754
372.8,0.03774,-0.392739,-0.161614,-2.94754
372.9,0.0531649,-0.369133,-0.146858,-2.94754
373,0.0671072,-0.345247,-0.131971,-2.94754
373.1,0.0795563,-0.321239,-0.117001,-2.94754
373.2,0.0905058,-0.297261,-0.101983,-2.94754
373.3,0.0999523,-0.273459,-0.0869464,-2.94754
373.4,0.107895,-0.24997,-0.0719131,-2.94754
373.5,0.114336,-0.226926,-0.0569042,-2.94754
373.6,0.119278,-0.204451,-0.0419407,-2.94754
373.7,0.122726,-0.182663,-0.0270458,-2.94754
373.8,0.12469,-0.161675,-0.012247,-2.94754
373.9,0.12518,-0.141592,0.00242171,-2.94754
374,0.124211,-0.122512,0.0169191,-2.94754
374.1,0.121803,-0.104528,0.0311951,-2.94754
374.2,0.117982,-0.0877259,0.0451906,-2.94754
374.3,0.112777,-0.0721843,0.0588367,-2.94754
374.4,0.106228,-0.0579747,0.0720553,-2.94754
374.5,0.0983831,-0.0451611,0.0847593,-2.94754
374.6,0.0892969,-0.0337991,0.0968535,-2.94754
374.7,0.0790361,-0.023936,0.108236,-2.94754
374.8,0.067677,-0.0156093,0.1188,-2.94754
374.9,0.055307,-0.00884725,0.128436,-2.94754
375,0.0420244,-0.00366727,0.137033,-2.94754
375.1,0.0279387,-7.59432e-05,0.144482,-2.94754
375.2,0.0131698,0.00193168,0.150678,-2.94754
375.3,-0.00215184,0.00237254,0.155523,-2.94754
375.4,-0.0178868,0.0012759,0.15893,-2.94754
375.5,-0.0338874,-0.00131635,0.160823,-2.94754
375.6,-0.049999,-0.00534963,0.161142,-2.94754
375.7,-0.0660618,-0.0107567,0.159842,-2.94754
375.8,-0.0819126,-0.0174577,0.156899,-2.94754
375.9,-0.0973866,-0.0253608,0.152309,-2.94754
376,-0.11232,-0.0343626,0.146089,-2.94754
376.1,-0.126551,-0.0443487,0.138279,-2.94754
376.2,-0.139925,-0.055195,0.12894,-2.94754
376.3,-0.152291,-0.0667685,0.118155,-2.94754
376.4,-0.163511,-0.0789284,0.106027,-2.94754
376.5,-0.173456,-0.091528,0.0926798,-2.94754
376.6,-0.182011,-0.104416,0.0782507,-2.94754
376.7,-0.189075,-0.117437,0.0628933,-2.94754
376.8,-0.194564,-0.130435,0.0467725,-2.94754
376.9,-0.19841,-0.143254,0.0300613,-2.94754
377,-0.200563,-0.15574,0.0129384,-2.94754
377.1,-0.20099,-0.167743,-0.00441528,-2.94754
377.2,-0.199678,-0.179117,-0.0218197,-2.94754
377.3,-0.19663,-0.189722,-0.0390982,-2.94754
377.4,-0.191868,-0.199428,-0.0560808,-2.94754
377.5,-0.185429,-0.208114,-0.0726058,-2.94754
377.6,-0.177367,-0.215667,-0.0885218,-2.94754
377.7,-0.16775,-0.221989,-0.10369,-2.94754
377.8,-0.156658,-0.226991,-0.117983,-2.94754
377.9,-0.144186,-0.230599,-0.131288,-2.94754
378,-0.130437,-0.23275,-0.143506,-2.94754
378.1,-0.115524,-0.233398,-0.154551,-2.94754
378.2,-0.0995686,-0.232506,-0.164348,-2.94754
378.3,-0.0826982,-0.230056,-0.172837,-2.94754
378.4,-0.0650465,-0.22604,-0.179966,-2.94754
378.5,-0.0467517,-0.220466,-0.185693,-2.94754
378.6,-0.0279558,-0.213353,-0.189984,-2.94754
378.7,-0.00880371,-0.204735,-0.192811,-2.94754
378.8,0.0105569,-0.194658,-0.194152,-2.94754
378.9,0.0299766,-0.183179,-0.193988,-2.94754
379,0.0493039,-0.17037,-0.192305,-2.94754
379.1,0.0683863,-0.156311,-0.189087,-2.94754
379.2,0.0870699,-0.141094,-0.184326,-2.94754
379.3,0.1052,-0.124823,-0.178012,-2.94754
379.4,0.12262,-0.107611,-0.170137,-2.94754
379.5,0.139175,-0.0895805,-0.160699,-2.94754
379.6,0.154708,-0.0708635,-0.149697,-2.94754
379.7,0.169063,-0.051601,-0.137139,-2.94754
379.8,0.182084,-0.031942,-0.123038,-2.94754
379.9,0.19362,-0.0120435,-0.107418,-2.94754
380,0.203518,0.00793045,-0.0903147,-2.94754
380.1,0.211635,0.0278093,-0.0717789,-2.94754
380.2,0.217829,0.0474169,-0.0518786,-2.94754
380.3,0.221968,0.0665724,-0.0307017,-2.94754
380.4,0.22393,0.0850912,-0.00835873,-2.94754
380.5,0.223605,0.102787,0.015015,-2.94754
380.6,0.220898,0.119471,0.0392577,-2.94754
380.7,0.215731,0.134957,0.0641798,-2.94754
380.8,0.208047,0.149061,0.0895632,-2.94754
380.9,0.197811,0.161601,0.115162,-2.94754
381,0.185016,0.172406,0.140702,-2.94754
381.1,0.169683,0.181311,0.165886,-2.94754
381.2,0.151862,0.188163,0.190393,-2.94754
381.3,0.131638,0.192823,0.213886,-2.94754
381.4,0.10913,0.195171,0.236017,-2.94754
381.5,0.0844917,0.195102,0.256429,-2.94754
381.6,0.057913,0.192536,0.274772,-2.94754
381.7,0.0296178,0.187416,0.290701,-2.94754
381.8,-0.000136098,0.179712,0.303896,-2.94754
381.9,-0.0310602,0.169422,0.314059,-2.94754
382,-0.0628382,0.156572,0.320933,-2.94754
382.1,-0.0951299,0.141221,0.324304,-2.94754
382.2,-0.127577,0.123459,0.324012,-2.94754
382.3,-0.159807,0.103406,0.319959,-2.94754
382.4,-0.191442,0.0812125,0.312107,-2.94754
382.5,-0.222103,0.057061,0.30049,-2.94754
382.6,-0.251418,0.0311599,0.285211,-2.94754
382.7,-0.279028,0.00374362,0.266441,-2.94754
382.8,-0.304597,-0.024931,0.244418,-2.94754
382.9,-0.327814,-0.0545879,0.219442,-2.94754
383,-0.348399,-0.0849357,0.191867,-2.94754
383.1,-0.366113,-0.115672,0.16209,-2.94754
383.2,-0.380758,-0.146487,0.130547,-2.94754
383.3,-0.392179,-0.177071,0.0976963,-2.94754
383.4,-0.40027,-0.207114,0.0640108,-2.94754
383.5,-0.404969,-0.236315,0.0299629,-2.94754
383.6,-0.406265,-0.264382,-0.00398488,-2.94754
383.7,-0.40419,-0.291041,-0.0373911,-2.94754
383.8,-0.398819,-0.316034,-0.0698449,-2.94754
383.9,-0.390266,-0.339127,-0.100974,-2.94754
384,-0.378679,-0.360108,-0.13045,-2.94754
384.1,-0.36424,-0.378795,-0.157995,-2.94754
384.2,-0.347152,-0.395029,-0.183382,-2.94754
384.3,-0.327642,-0.408685,-0.206435,-2.94754
384.4,-0.305947,-0.419661,-0.227033,-2.94754
384.5,-0.282319,-0.427889,-0.245098,-2.94754
384.6,-0.257013,-0.433327,-0.260601,-2.94754
384.7,-0.230284,-0.435959,-0.273549,-2.94754
384.8,-0.202387,-0.435795,-0.283983,-2.94754
384.9,-0.173569,-0.432872,-0.291972,-2.94754
385,-0.144071,-0.427245,-0.297604,-2.94754
385.1,-0.114124,-0.41899,-0.30098,-2.94754
385.2,-0.0839468,-0.408205,-0.30221,-2.94754
385.3,-0.0537497,-0.394999,-0.301404,-2.94754
385.4,-0.0237304,-0.379499,-0.298668,-2.94754
385.5,0.005923,-0.361843,-0.294103,-2.94754
385.6,0.035032,-0.342182,-0.287794,-2.94754
385.7,0.0634262,-0.320673,-0.279817,-2.94754
385.8,0.0909418,-0.297486,-0.270229,-2.94754
385.9,0.11742,-0.272796,-0.259073,-2.94754
386,0.142705,-0.246785,-0.246376,-2.94754
386.1,0.166644,-0.21964,-0.232151,-2.94754
386.2,0.189084,-0.191557,-0.216398,-2.94754
386.3,0.209873,-0.162735,-0.19911,-2.94754
386.4,0.228855,-0.133378,-0.180272,-2.94754
386.5,0.245875,-0.103697,-0.159872,-2.94754
386.6,0.260777,-0.0739061,-0.137897,-2.94754
386.7,0.273402,-0.0442252,-0.114348,-2.94754
386.8,0.283594,-0.0148787,-0.0892366,-2.94754
386.9,0.291198,0.0139046,-0.062597,-2.94754
387,0.296064,0.0418924,-0.0344882,-2.94754
387.1,0.29805,0.0688494,-0.0050001,-2.94754
387.2,0.297023,0.0945382,0.0257416,-2.94754
387.3,0.292865,0.118721,0.0575713,-2.94754
387.4,0.285479,0.141161,0.0902806,-2.94754
387.5,0.274788,0.161623,0.123616,-2.94754
387.6,0.260745,0.179881,0.157278,-2.94754
387.7,0.243333,0.195712,0.190922,-2.94754
387.8,0.222574,0.208909,0.224161,-2.94754
387.9,0.198529,0.219274,0.256571,-2.94754
388,0.171303,0.226631,0.287694,-2.94754
388.1,0.141049,0.230823,0.317052,-2.94754
388.2,0.107968,0.231719,0.344149,-2.94754
388.3,0.0723107,0.229216,0.368492,-2.94754
388.4,0.0343773,0.223242,0.389597,-2.94754
388.5,-0.00548546,0.213761,0.407005,-2.94754
388.6,-0.0468866,0.200775,0.4203,-2.94754
388.7,-0.0893961,0.184327,0.429116,-2.94754
388.8,-0.132551,0.164498,0.433161,-2.94754
388.9,-0.175862,0.141416,0.432219,-2.94754
389,-0.218824,0.115248,0.426168,-2.94754
389.1,-0.260924,0.086203,0.414985,-2.94754
389.2,-0.301653,0.0545319,0.398753,-2.94754
389.3,-0.340513,0.0205206,0.37766,-2.94754
389.4,-0.377032,-0.015511,0.351998,-2.94754
389.5,-0.410773,-0.0532142,0.32216,-2.94754
389.6,-0.441341,-0.0922167,0.288625,-2.94754
389.7,-0.468393,-0.132128,0.251953,-2.94754
389.8,-0.491647,-0.172547,0.212763,-2.94754
389.9,-0.510884,-0.213067,0.17172,-2.94754
390,-0.525953,-0.253284,0.129514,-2.94754
390.1,-0.536772,-0.2928,0.0868442,-2.94754
390.2,-0.543329,-0.331234,0.0443941,-2.94754
390.3,-0.54568,-0.368226,0.00281918,-2.94754
390.4,-0.543942,-0.40344,-0.0372723,-2.94754
390.5,-0.538293,-0.436574,-0.0753323,-2.94754
390.6,-0.528959,-0.467358,-0.110884,-2.94754
390.7,-0.516213,-0.49556,-0.14353,-2.94754
390.8,-0.500361,-0.520987,-0.172958,-2.94754
390.9,-0.481736,-0.543489,-0.198941,-2.94754
391,-0.460692,-0.562956,-0.221337,-2.94754
391.1,-0.437591,-0.579316,-0.240083,-2.94754
391.2,-0.412797,-0.592538,-0.255194,-2.94754
391.3,-0.38667,-0.602629,-0.26675,-2.94754
391.4,-0.359561,-0.609628,-0.274889,-2.94754
391.5,-0.3318,-0.613607,-0.279796,-2.94754
391.6,-0.303702,-0.614665,-0.281694,-2.94754
391.7,-0.275553,-0.612926,-0.280836,-2.94754
391.8,-0.247618,-0.608534,-0.277488,-2.94754
391.9,-0.22013,-0.601652,-0.271929,-2.94754
392,-0.193296,-0.592456,-0.264437,-2.94754
392.1,-0.167298,-0.581129,-0.255285,-2.94754
392.2,-0.142286,-0.567867,-0.244735,-2.94754
392.3,-0.118389,-0.552866,-0.233032,-2.94754
392.4,-0.0957104,-0.536325,-0.220402,-2.94754
392.5,-0.0743325,-0.518441,-0.207052,-2.94754
392.6,-0.0543178,-0.499412,-0.193165,-2.94754
392.7,-0.035712,-0.479427,-0.178901,-2.94754
392.8,-0.0185456,-0.458672,-0.164398,-2.94754
392.9,-0.00283631,-0.437327,-0.149776,-2.94754
393,0.0114089,-0.415563,-0.135132,-2.94754
393.1,0.0241921,-0.393542,-0.120548,-2.94754
393.2,0.0355226,-0.37142,-0.106089,-2.94754
393.3,0.0454159,-0.349343,-0.0918094,-2.94754
393.4,0.0538919,-0.327447,-0.0777519,-2.94754
393.5,0.0609748,-0.305861,-0.0639513,-2.94754
393.6,0.0666917,-0.284704,-0.050437,-2.94754
393.7,0.0710726,-0.264088,-0.0372342,-2.94754
393.8,0.0741498,-0.244114,-0.0243669,-2.94754
393.9,0.0759579,-0.224876,-0.0118586,-2.94754
394,0.0765343,-0.206462,0.000265817,-2.94754
394.1,0.0759185,-0.188948,0.0119788,-2.94754
394.2,0.0741532,-0.172405,0.0232497,-2.94754
394.3,0.0712844,-0.156896,0.034044,-2.94754
394.4,0.0673616,-0.142476,0.0443228,-2.94754
394.5,0.0624385,-0.129191,0.0540433,-2.94754
394.6,0.0565731,-0.117081,0.0631588,-2.94754
394.7,0.0498285,-0.106177,0.0716192,-2.94754
394.8,0.0422729,-0.096504,0.079372,-2.94754
394.9,0.0339795,-0.0880763,0.086363,-2.94754
395,0.0250275,-0.0809015,0.0925376,-2.94754
395.1,0.015501,-0.0749789,0.097842,-2.94754
395.2,0.0054898,-0.0702989,0.102225,-2.94754
395.3,-0.00491158,-0.0668436,0.105638,-2.94754
395.4,-0.015604,-0.0645866,0.108038,-2.94754
395.5,-0.0264843,-0.0634926,0.109391,-2.94754
395.6,-0.0374462,-0.0635182,0.109666,-2.94754
395.7,-0.0483809,-0.0646114,0.108845,-2.94754
395.8,-0.0591783,-0.0667119,0.106918,-2.94754
395.9,-0.0697278,-0.0697519,0.103889,-2.94754
396,-0.0799198,-0.0736559,0.0997704,-2.94754
396.1,-0.0896464,-0.0783417,0.094588,-2.94754
396.2,-0.0988032,-0.0837205,0.0883803,-2.94754
396.3,-0.10729,-0.089698,0.0811973,-2.94754
396.4,-0.115012,-0.0961749,0.073101,-2.94754
396.5,-0.121882,-0.103048,0.0641645,-2.94754
396.6,-0.12782,-0.110211,0.0544709,-2.94754
396.7,-0.132754,-0.117554,0.0441123,-2.94754
396.8,-0.136623,-0.124969,0.0331886,-2.94754
396.9,-0.139377,-0.132346,0.0218059,-2.94754
397,-0.140973,-0.139574,0.010075,-2.94754
397.1,-0.141384,-0.146547,-0.00189001,-2.94754
397.2,-0.140591,-0.153162,-0.0139737,-2.94754
397.3,-0.138589,-0.159317,-0.0260607,-2.94754
397.4,-0.135383,-0.164917,-0.0380369,-2.94754
397.5,-0.130989,-0.169873,-0.0497913,-2.94754
397.6,-0.125435,-0.174101,-0.0612168,-2.94754
397.7,-0.11876,-0.177526,-0.0722112,-2.94754
397.8,-0.111011,-0.180079,-0.0826785,-2.94754
397.9,-0.102245,-0.181702,-0.0925289,-2.94754
398,-0.0925282,-0.182343,-0.10168,-2.94754
398.1,-0.0819347,-0.181961,-0.110055,-2.94754
398.2,-0.0705454,-0.180524,-0.117586,-2.94754
398.3,-0.0584477,-0.178012,-0.124211,-2.94754
398.4,-0.0457351,-0.17441,-0.129876,-2.94754
398.5,-0.0325061,-0.169719,-0.134533,-2.94754
398.6,-0.0188637,-0.163944,-0.138137,-2.94754
398.7,-0.00491487,-0.157105,-0.140654,-2.94754
398.8,0.00922984,-0.149227,-0.142051,-2.94754
398.9,0.0234571,-0.14035,-0.142301,-2.94754
399,0.0376511,-0.130518,-0.141382,-2.94754
399.1,0.0516939,-0.119788,-0.139276,-2.94754
399.2,0.0654662,-0.108223,-0.135969,-2.94754
399.3,0.0788474,-0.0958979,-0.131452,-2.94754
399.4,0.0917162,-0.0828925,-0.125721,-2.94754
399.5,0.103951,-0.0692964,-0.118776,-2.94754
399.6,0.115431,-0.055206,-0.110625,-2.94754
399.7,0.126036,-0.0407252,-0.101281,-2.94754
399.8,0.135649,-0.025964,-0.0907667,-2.94754
399.9,0.144152,-0.0110388,-0.0791118,-2.94754
400,0.151434,0.0039288,-0.0663578,-2.94754
400.1,0.157388,0.0188123,-0.0525575,-2.94754
400.2,0.161913,0.0334812,-0.0377768,-2.94754
400.3,0.164914,0.0478018,-0.0220954,-2.94754
400.4,0.166305,0.0616382,-0.00560879,-2.94754
400.5,0.166012,0.0748532,0.0115714,-2.94754
400.6,0.163972,0.0873097,0.0293165,-2.94754
400.7,0.160135,0.0988717,0.0474806,-2.94754
400.8,0.154467,0.109406,0.0659003,-2.94754
400.9,0.146952,0.118782,0.0843957,-2.94754
401,0.137592,0.126878,0.102771,-2.94754
401.1,0.126409,0.133575,0.120817,-2.94754
401.2,0.113447,0.138768,0.138312,-2.94754
401.3,0.0987729,0.142358,0.155025,-2.94754
401.4,0.0824761,0.144261,0.170722,-2.94754
401.5,0.0646704,0.144406,0.185164,-2.94754
401.6,0.0454929,0.142739,0.198119,-2.94754
401.7,0.0251038,0.139221,0.209359,-2.94754
401.8,0.00368537,0.133834,0.218672,-2.94754
401.9,-0.0185598,0.126578,0.225862,-2.94754
402,-0.0414106,0.117475,0.23076,-2.94754
402.1,-0.0646305,0.106566,0.23322,-2.94754
402.2,-0.0879698,0.0939172,0.233134,-2.94754
402.3,-0.11117,0.079613,0.230428,-2.94754
402.4,-0.133967,0.0637611,0.225068,-2.94754
402.5,-0.156095,0.0464895,0.217061,-2.94754
402.6,-0.177293,0.0279454,0.206461,-2.94754
402.7,-0.197304,0.00829442,0.193359,-2.94754
402.8,-0.215886,-0.0122817,0.177894,-2.94754
402.9,-0.23281,-0.0335871,0.160239,-2.94754
403,-0.247868,-0.055414,0.140607,-2.94754
403.1,-0.260873,-0.0775457,0.119239,-2.94754
403.2,-0.271666,-0.0997589,0.0964056,-2.94754
403.3,-0.280115,-0.121827,0.0723941,-2.94754
403.4,-0.286116,-0.143524,0.0475074,-2.94754
403.5,-0.289598,-0.164624,0.0220547,-2.94754
403.6,-0.290519,-0.184909,-0.0036542,-2.94754
403.7,-0.288868,-0.204168,-0.0293157,-2.94754
403.8,-0.284667,-0.222201,-0.0546378,-2.94754
403.9,-0.277961,-0.238822,-0.0793457,-2.94754
404,-0.268827,-0.253857,-0.103186,-2.94754
404.1,-0.257361,-0.267152,-0.125929,-2.94754
404.2,-0.243684,-0.278571,-0.147373,-2.94754
404.3,-0.227935,-0.287996,-0.167345,-2.94754
404.4,-0.210269,-0.29533,-0.1857,-2.94754
404.5,-0.190853,-0.300495,-0.20232,-2.94754
404.6,-0.169866,-0.303436,-0.217115,-2.94754
404.7,-0.147493,-0.304116,-0.230018,-2.94754
404.8,-0.123927,-0.302521,-0.240985,-2.94754
404.9,-0.0993618,-0.298654,-0.249989,-2.94754
405,-0.073995,-0.292539,-0.257016,-2.94754
405.1,-0.0480245,-0.284216,-0.262066,-2.94754
405.2,-0.0216476,-0.273744,-0.265144,-2.94754
405.3,0.00493886,-0.261198,-0.26626,-2.94754
405.4,0.0315393,-0.246669,-0.265425,-2.94754
405.5,0.0579592,-0.230261,-0.262649,-2.94754
405.6,0.0840047,-0.212093,-0.257939,-2.94754
405.7,0.109483,-0.192297,-0.251296,-2.94754
405.8,0.134199,-0.171017,-0.242718,-2.94754
405.9,0.157961,-0.148409,-0.232196,-2.94754
406,0.180573,-0.124641,-0.219719,-2.94754
406.1,0.20184,-0.0998916,-0.205274,-2.94754
406.2,0.221562,-0.0743489,-0.188847,-2.94754
406.3,0.239543,-0.0482123,-0.170429,-2.94754
406.4,0.255582,-0.0216903,-0.150019,-2.94754
406.5,0.26948,0.00499894,-0.127626,-2.94754
406.6,0.281041,0.0316289,-0.103277,-2.94754
406.7,0.290072,0.0579649,-0.077021,-2.94754
406.8,0.296385,0.0837651,-0.0489338,-2.94754
406.9,0.299801,0.108782,-0.0191228,-2.94754
407,0.300156,0.132762,0.0122675,-2.94754
407.1,0.297301,0.155451,0.0450516,-2.94754
407.2,0.291107,0.176592,0.0789993,-2.94754
407.3,0.281472,0.195929,0.113834,-2.94754
407.4,0.268322,0.213211,0.14923,-2.94754
407.5,0.251619,0.228192,0.184815,-2.94754
407.6,0.231366,0.240639,0.220171,-2.94754
407.7,0.207608,0.250331,0.25484,-2.94754
407.8,0.180438,0.257063,0.288327,-2.94754
407.9,0.149999,0.260655,0.320113,-2.94754
408,0.11649,0.26095,0.349661,-2.94754
408.1,0.0801598,0.257821,0.376432,-2.94754
408.2,0.0413138,0.251175,0.399894,-2.94754
408.3,0.000308116,0.240954,0.419544,-2.94754
408.4,-0.0424523,0.227142,0.434916,-2.94754
408.5,-0.0865187,0.209765,0.445602,-2.94754
408.6,-0.131405,0.188893,0.451267,-2.94754
408.7,-0.176596,0.164641,0.45166,-2.94754
408.8,-0.221556,0.137171,0.446629,-2.94754
408.9,-0.26574,0.106689,0.436127,-2.94754
409,-0.308601,0.0734442,0.420222,-2.94754
409.1,-0.34961,0.0377271,0.399098,-2.94754
409.2,-0.388257,-0.000135973,0.373052,-2.94754
409.3,-0.42407,-0.0397864,0.34249,-2.94754
409.4,-0.456621,-0.0808391,0.307918,-2.94754
409.5,-0.485539,-0.122889,0.269926,-2.94754
409.6,-0.510514,-0.165517,0.229176,-2.94754
409.7,-0.531306,-0.208298,0.18638,-2.94754
409.8,-0.547747,-0.250808,0.142281,-2.94754
409.9,-0.559744,-0.29263,0.0976298,-2.94754
410,-0.567279,-0.333363,0.0531686,-2.94754
410.1,-0.570408,-0.372627,0.00960706,-2.94754
410.2,-0.569253,-0.410069,-0.0323944,-2.94754
410.3,-0.564001,-0.44537,-0.0722397,-2.94754
410.4,-0.554894,-0.478244,-0.10941,-2.94754
410.5,-0.542223,-0.50845,-0.143473,-2.94754
410.6,-0.526315,-0.535784,-0.174087,-2.94754
410.7,-0.507529,-0.560089,-0.201005,-2.94754
410.8,-0.486242,-0.58125,-0.224072,-2.94754
410.9,-0.462845,-0.599196,-0.243223,-2.94754
411,-0.437728,-0.613896,-0.258473,-2.94754
411.1,-0.411277,-0.625361,-0.26991,-2.94754
411.2,-0.383868,-0.633637,-0.277688,-2.94754
411.3,-0.355855,-0.638803,-0.282011,-2.94754
411.4,-0.327572,-0.640968,-0.283126,-2.94754
411.5,-0.299327,-0.640269,-0.281309,-2.94754
411.6,-0.271398,-0.636863,-0.276857,-2.94754
411.7,-0.244034,-0.630924,-0.270077,-2.94754
411.8,-0.21745,-0.622642,-0.261278,-2.94754
411.9,-0.191835,-0.612218,-0.250761,-2.94754
412,-0.167345,-0.599857,-0.23882,-2.94754
412.1,-0.14411,-0.585772,-0.225727,-2.94754
412.2,-0.12223,-0.570172,-0.211738,-2.94754
412.3,-0.101784,-0.55327,-0.197085,-2.94754
412.4,-0.0828282,-0.53527,-0.181976,-2.94754
412.5,-0.0653981,-0.516374,-0.166596,-2.94754
412.6,-0.0495127,-0.496776,-0.151106,-2.94754
412.7,-0.0351759,-0.476659,-0.135646,-2.94754
412.8,-0.0223787,-0.456202,-0.120332,-2.94754
412.9,-0.0111012,-0.435569,-0.105266,-2.94754
413,-0.00131449,-0.414915,-0.0905285,-2.94754
413.1,0.00701778,-0.394386,-0.076188,-2.94754
413.2,0.0139382,-0.374116,-0.0623001,-2.94754
413.3,0.0194944,-0.354226,-0.0489104,-2.94754
413.4,0.0237381,-0.33483,-0.0360563,-2.94754
413.5,0.0267246,-0.316028,-0.0237693,-2.94754
413.6,0.0285118,-0.297911,-0.0120761,-2.94754
413.7,0.0291604,-0.280559,-0.00100053,-2.94754
413.8,0.0287332,-0.264045,0.00943562,-2.94754
413.9,0.0272953,-0.248427,0.0192116,-2.94754
414,0.0249136,-0.233758,0.0283069,-2.94754
414.1,0.0216573,-0.220081,0.0367013,-2.94754
414.2,0.0175974,-0.207429,0.0443739,-2.94754
414.3,0.0128072,-0.195826,0.0513041,-2.94754
414.4,0.00736203,-0.185289,0.057471,-2.94754
414.5,0.00133913,-0.175826,0.0628546,-2.94754
414.6,-0.00518214,-0.167437,0.0674355,-2.94754
414.7,-0.0121206,-0.160115,0.071196,-2.94754
414.8,-0.0193935,-0.153843,0.074121,-2.94754
414.9,-0.0269166,-0.1486,0.0761982,-2.94754
415,-0.0346046,-0.144355,0.0774191,-2.94754
415.1,-0.0423717,-0.141072,0.07778,-2.94754
415.2,-0.0501319,-0.138707,0.0772821,-2.94754
415.3,-0.0577997,-0.13721,0.0759327,-2.94754
415.4,-0.0652906,-0.136526,0.0737453,-2.94754
415.5,-0.0725215,-0.136595,0.0707402,-2.94754
415.6,-0.0794122,-0.137349,0.0669443,-2.94754
415.7,-0.0858852,-0.138718,0.0623921,-2.94754
415.8,-0.0918668,-0.140628,0.0571247,-2.94754
415.9,-0.0972879,-0.143002,0.0511901,-2.94754
416,-0.102084,-0.145759,0.0446429,-2.94754
416.1,-0.106198,-0.148815,0.0375434,-2.94754
416.2,-0.109577,-0.152089,0.0299577,-2.94754
416.3,-0.112176,-0.155494,0.0219561,-2.94754
416.4,-0.113957,-0.158946,0.0136131,-2.94754
416.5,-0.11489,-0.162363,0.00500608,-2.94754
416.6,-0.114952,-0.165661,-0.00378538,-2.94754
416.7,-0.114129,-0.168761,-0.0126805,-2.94754
416.8,-0.112415,-0.171585,-0.0215982,-2.94754
416.9,-0.109811,-0.174061,-0.030458,-2.94754
417,-0.106328,-0.176119,-0.0391806,-2.94754
417.1,-0.101982,-0.177694,-0.0476888,-2.94754
417.2,-0.0967997,-0.178727,-0.0559083,-2.94754
417.3,-0.0908127,-0.179165,-0.0637678,-2.94754
417.4,-0.0840604,-0.178959,-0.0712,-2.94754
417.5,-0.076589,-0.178068,-0.0781414,-2.94754
417.6,-0.0684505,-0.176459,-0.0845331,-2.94754
417.7,-0.0597026,-0.174105,-0.0903203,-2.94754
417.8,-0.0504082,-0.170984,-0.0954531,-2.94754
417.9,-0.0406353,-0.167085,-0.0998858,-2.94754
418,-0.0304558,-0.162402,-0.103577,-2.94754
418.1,-0.0199457,-0.156938,-0.106491,-2.94754
418.2,-0.00918462,-0.150702,-0.108594,-2.94754
418.3,0.00174507,-0.143711,-0.109858,-2.94754
418.4,0.0127582,-0.135991,-0.110259,-2.94754
418.5,0.0237674,-0.127572,-0.109776,-2.94754
418.6,0.0346834,-0.118494,-0.108393,-2.94754
418.7,0.0454156,-0.108803,-0.106098,-2.94754
418.8,0.0558723,-0.0985496,-0.102882,-2.94754
418.9,0.0659612,-0.0877939,-0.0987419,-2.94754
419,0.0755899,-0.0766006,-0.0936789,-2.94754
419.1,0.0846664,-0.0650404,-0.0876995,-2.94754
419.2,0.0930996,-0.0531896,-0.0808159,-2.94754
419.3,0.1008,-0.0411295,-0.0730468,-2.94754
419.4,0.10768,-0.028946,-0.064418,-2.94754
419.5,0.113656,-0.0167295,-0.0549631,-2.94754
419.6,0.118647,-0.00457369,-0.0447243,-2.94754
419.7,0.122577,0.00742449,-0.0337529,-2.94754
419.8,0.125375,0.0191657,-0.0221103,-2.94754
419.9,0.126979,0.030549,-0.00986838,-2.94754
420,0.127331,0.0414725,0.00288994,-2.94754
420.1,0.126387,0.0518342,0.0160704,-2.94754
420.2,0.124107,0.0615329,0.0295674,-2.94754
420.3,0.120466,0.0704696,0.043264,-2.94754
420.4,0.115452,0.0785477,0.0570323,-2.94754
420.5,0.109062,0.0856751,0.0707345,-2.94754
420.6,0.101312,0.0917646,0.0842236,-2.94754
420.7,0.0922296,0.0967353,0.0973449,-2.94754
420.8,0.0818604,0.100514,0.109938,-2.94754
420.9,0.0702651,0.103036,0.121839,-2.94754
421,0.0575212,0.104247,0.132882,-2.94754
421.1,0.0437227,0.104103,0.142904,-2.94754
421.2,0.0289798,0.102573,0.151745,-2.94754
421.3,0.0134181,0.0996378,0.159253,-2.94754
421.4,-0.00282171,0.0952935,0.165287,-2.94754
421.5,-0.019586,0.0895499,0.169721,-2.94754
421.6,-0.0367089,0.0824322,0.172445,-2.94754
421.7,-0.054015,0.073981,0.173369,-2.94754
421.8,-0.0713206,0.0642525,0.172427,-2.94754
421.9,-0.0884368,0.0533181,0.169577,-2.94754
422,-0.105172,0.0412647,0.164804,-2.94754
422.1,-0.121334,0.0281933,0.158121,-2.94754
422.2,-0.136734,0.014219,0.14957,-2.94754
422.3,-0.151188,-0.00053087,0.139219,-2.94754
422.4,-0.164521,-0.0159175,0.127165,-2.94754
422.5,-0.176568,-0.0317923,0.113531,-2.94754
422.6,-0.187179,-0.0479985,0.0984638,-2.94754
422.7,-0.196219,-0.0643731,0.0821292,-2.94754
422.8,-0.203569,-0.0807486,0.0647122,-2.94754
422.9,-0.209132,-0.0969552,0.0464115,-2.94754
423,-0.212829,-0.112823,0.0274359,-2.94754
423.1,-0.214604,-0.128183,0.00800024,-2.94754
423.2,-0.214421,-0.142871,-0.0116783,-2.94754
423.3,-0.212267,-0.156728,-0.0313843,-2.94754
423.4,-0.20815,-0.169603,-0.0509076,-2.94754
423.5,-0.202098,-0.181352,-0.0700466,-2.94754
423.6,-0.19416,-0.191845,-0.0886108,-2.94754
423.7,-0.184401,-0.200962,-0.106423,-2.94754
423.8,-0.172906,-0.208596,-0.123322,-2.94754
423.9,-0.159772,-0.214655,-0.139162,-2.94754
424,-0.145113,-0.219062,-0.153814,-2.94754
424.1,-0.129053,-0.221753,-0.167166,-2.94754
424.2,-0.111726,-0.222684,-0.179122,-2.94754
424.3,-0.0932775,-0.221823,-0.1896,-2.94754
424.4,-0.0738577,-0.219155,-0.198534,-2.94754
424.5,-0.0536241,-0.214682,-0.205867,-2.94754
424.6,-0.0327391,-0.20842,-0.211556,-2.94754
424.7,-0.011369,-0.200401,-0.215563,-2.94754
424.8,0.0103166,-0.190671,-0.21786,-2.94754
424.9,0.0321452,-0.179293,-0.218422,-2.94754
425,0.0539424,-0.16634,-0.217227,-2.94754
425.1,0.0755315,-0.151902,-0.214258,-2.94754
425.2,0.0967344,-0.13608,-0.209499,-2.94754
425.3,0.117371,-0.118987,-0.202935,-2.94754
425.4,0.137261,-0.100751,-0.194554,-2.94754
425.5,0.156221,-0.0815078,-0.184345,-2.94754
425.6,0.174069,-0.0614072,-0.172303,-2.94754
425.7,0.190621,-0.0406082,-0.158427,-2.94754
425.8,0.205693,-0.0192803,-0.142725,-2.94754
425.9,0.219105,0.00239734,-0.125215,-2.94754
426,0.230677,0.024237,-0.105928,-2.94754
426.1,0.240233,0.0460425,-0.0849135,-2.94754
426.2,0.247605,0.0676105,-0.0622395,-2.94754
426.3,0.252629,0.0887315,-0.037999,-2.94754
426.4,0.255156,0.109191,-0.0123118,-2.94754
426.5,0.255048,0.12877,0.014672,-2.94754
426.6,0.252185,0.14725,0.0427692,-2.94754
426.7,0.246464,0.164409,0.0717618,-2.94754
426.8,0.237811,0.18003,0.101396,-2.94754
426.9,0.226173,0.193898,0.131382,-2.94754
427,0.211534,0.205807,0.161393,-2.94754
427.1,0.193906,0.21556,0.191073,-2.94754
427.2,0.173343,0.222973,0.220035,-2.94754
427.3,0.149937,0.227879,0.247867,-2.94754
427.4,0.123821,0.230127,0.274144,-2.94754
427.5,0.0951741,0.229592,0.29843,-2.94754
427.6,0.0642162,0.226173,0.32029,-2.94754
427.7,0.0312111,0.219799,0.339302,-2.94754
427.8,-0.00353598,0.210428,0.355067,-2.94754
427.9,-0.0396818,0.198052,0.36722,-2.94754
428,-0.0768489,0.182702,0.375443,-2.94754
428.1,-0.114631,0.16444,0.379475,-2.94754
428.2,-0.152598,0.143372,0.379123,-2.94754
428.3,-0.190305,0.119637,0.374272,-2.94754
428.4,-0.227301,0.0934125,0.364887,-2.94754
428.5,-0.263133,0.0649122,0.351024,-2.94754
428.6,-0.297361,0.034382,0.332823,-2.94754
428.7,-0.329561,0.00209862,0.310517,-2.94754
428.8,-0.359338,-0.031635,0.284419,-2.94754
428.9,-0.386331,-0.0664939,0.254919,-2.94754
429,-0.410223,-0.102135,0.222475,-2.94754
429.1,-0.430745,-0.138205,0.187598,-2.94754
429.2,-0.44768,-0.174343,0.150841,-2.94754
429.3,-0.46087,-0.210187,0.112784,-2.94754
429.4,-0.470213,-0.245381,0.0740153,-2.94754
429.5,-0.475669,-0.279579,0.0351207,-2.94754
429.6,-0.477252,-0.31245,-0.00333526,-2.94754
429.7,-0.475034,-0.343685,-0.0408212,-2.94754
429.8,-0.469136,-0.372998,-0.0768508,-2.94754
429.9,-0.459727,-0.400131,-0.110993,-2.94754
430,-0.447013,-0.42486,-0.142879,-2.94754
430.1,-0.431237,-0.446989,-0.172207,-2.94754
430.2,-0.412665,-0.466361,-0.198744,-2.94754
430.3,-0.391586,-0.482851,-0.222328,-2.94754
430.4,-0.368301,-0.496369,-0.242861,-2.94754
430.5,-0.343117,-0.506861,-0.26031,-2.94754
430.6,-0.316341,-0.514304,-0.274696,-2.94754
430.7,-0.288277,-0.518707,-0.28609,-2.94754
430.8,-0.259219,-0.520106,-0.294605,-2.94754
430.9,-0.229448,-0.518565,-0.300383,-2.94754
431,-0.199228,-0.514172,-0.303593,-2.94754
431.1,-0.168809,-0.507033,-0.304418,-2.94754
431.2,-0.138418,-0.497275,-0.30305,-2.94754
431.3,-0.108266,-0.485038,-0.299679,-2.94754
431.4,-0.0785426,-0.470477,-0.294493,-2.94754
431.5,-0.0494216,-0.453755,-0.287666,-2.94754
431.6,-0.0210587,-0.435044,-0.279358,-2.94754
431.7,0.00640547,-0.414523,-0.269713,-2.94754
431.8,0.0328434,-0.392372,-0.258853,-2.94754
431.9,0.058139,-0.368779,-0.24688,-2.94754
432,0.082185,-0.343929,-0.233875,-2.94754
432.1,0.104882,-0.318012,-0.2199,-2.94754
432.2,0.126134,-0.291215,-0.204998,-2.94754
432.3,0.145851,-0.263726,-0.189198,-2.94754
432.4,0.163944,-0.235734,-0.172516,-2.94754
432.5,0.180325,-0.207426,-0.154957,-2.94754
432.6,0.194907,-0.178989,-0.136523,-2.94754
432.7,0.207601,-0.150608,-0.117214,-2.94754
432.8,0.21832,-0.12247,-0.0970327,-2.94754
432.9,0.226979,-0.0947585,-0.0759893,-2.94754
433,0.23349,-0.0676593,-0.0541062,-2.94754
433.1,0.237773,-0.0413556,-0.0314213,-2.94754
433.2,0.23975,-0.0160297,-0.00799192,-2.94754
433.3,0.239349,0.0081374,0.0161015,-2.94754
433.4,0.236511,0.0309674,0.0407529,-2.94754
433.5,0.231185,0.0522851,0.0658281,-2.94754
433.6,0.223336,0.0719198,0.0911635,-2.94754
433.7,0.21295,0.0897065,0.116566,-2.94754
433.8,0.200028,0.105488,0.141811,-2.94754
433.9,0.184601,0.119116,0.16665,-2.94754
434,0.166721,0.130453,0.190806,-2.94754
434.1,0.146472,0.139376,0.213981,-2.94754
434.2,0.123968,0.145777,0.235862,-2.94754
434.3,0.099354,0.149565,0.256124,-2.94754
434.4,0.0728082,0.150671,0.27444,-2.94754
434.5,0.0445415,0.149048,0.290489,-2.94754
434.6,0.0147964,0.144671,0.303959,-2.94754
434.7,-0.0161547,0.137545,0.314564,-2.94754
434.8,-0.0480123,0.127701,0.322048,-2.94754
434.9,-0.080453,0.115198,0.326193,-2.94754
435,-0.113134,0.100125,0.326831,-2.94754
435.1,-0.145698,0.0826032,0.323845,-2.94754
435.2,-0.17778,0.0627799,0.317183,-2.94754
435.3,-0.209013,0.0408328,0.306854,-2.94754
435.4,-0.239032,0.0169665,0.292935,-2.94754
435.5,-0.267485,-0.00858974,0.275569,-2.94754
435.6,-0.294037,-0.0355841,0.254965,-2.94754
435.7,-0.318379,-0.0637456,0.231392,-2.94754
435.8,-0.340228,-0.0927875,0.205176,-2.94754
435.9,-0.359338,-0.122411,0.17669,-2.94754
436,-0.375503,-0.152311,0.146342,-2.94754
436.1,-0.388559,-0.182178,0.114573,-2.94754
436.2,-0.398386,-0.211703,0.0818379,-2.94754
436.3,-0.40491,-0.240585,0.0485961,-2.94754
436.4,-0.408103,-0.268531,0.015303,-2.94754
436.5,-0.407983,-0.295262,-0.0176035,-2.94754
436.6,-0.404609,-0.320518,-0.0497115,-2.94754
436.7,-0.39808,-0.344056,-0.0806436,-2.94754
436.8,-0.388531,-0.36566,-0.110064,-2.94754
436.9,-0.376128,-0.385137,-0.137684,-2.94754
437,-0.361062,-0.402321,-0.163263,-2.94754
437.1,-0.343549,-0.417076,-0.186612,-2.94754
437.2,-0.323819,-0.429292,-0.207595,-2.94754
437.3,-0.302112,-0.438888,-0.226121,-2.94754
437.4,-0.278678,-0.445812,-0.242148,-2.94754
437.5,-0.253766,-0.450038,-0.255673,-2.94754
437.6,-0.227626,-0.451566,-0.266728,-2.94754
437.7,-0.200501,-0.450419,-0.275378,-2.94754
437.8,-0.172628,-0.446643,-0.281706,-2.94754
437.9,-0.144234,-0.440305,-0.285817,-2.94754
438,-0.115534,-0.43149,-0.287824,-2.94754
438.1,-0.0867349,-0.420299,-0.287845,-2.94754
438.2,-0.0580277,-0.406848,-0.285999,-2.94754
438.3,-0.0295937,-0.391265,-0.282398,-2.94754
438.4,-0.00160306,-0.373688,-0.277147,-2.94754
438.5,0.0257839,-0.354267,-0.270339,-2.94754
438.6,0.0524155,-0.333158,-0.262052,-2.94754
438.7,0.0781471,-0.310524,-0.252351,-2.94754
438.8,0.10284,-0.286534,-0.241283,-2.94754
438.9,0.126359,-0.261361,-0.228883,-2.94754
439,0.148573,-0.235186,-0.215171,-2.94754
439.1,0.16935,-0.20819,-0.200157,-2.94754
439.2,0.188561,-0.18056,-0.183841,-2.94754
439.3,0.206075,-0.152486,-0.166217,-2.94754
439.4,0.221761,-0.124161,-0.147282,-2.94754
439.5,0.235487,-0.0957835,-0.12703,-2.94754
439.6,0.247123,-0.0675527,-0.105466,-2.94754
439.7,0.256537,-0.0396719,-0.0826064,-2.94754
439.8,0.263602,-0.0123471,-0.0584839,-2.94754
439.9,0.268194,0.0142135,-0.0331527,-2.94754
440,0.270195,0.0398001,-0.0066927,-2.94754
440.1,0.269498,0.0642023,0.0207864,-2.94754
440.2,0.266008,0.0872097,0.049142,-2.94754
440.3,0.259646,0.108614,0.0781956,-2.94754
440.4,0.250353,0.12821,0.107731,-2.94754
440.5,0.238093,0.145798,0.137496,-2.94754
440.6,0.222856,0.161186,0.167198,-2.94754
440.7,0.204666,0.174192,0.196512,-2.94754
440.8,0.183578,0.184646,0.225081,-2.94754
440.9,0.159687,0.192395,0.252519,-2.94754
441,0.133126,0.197302,0.278425,-2.94754
441.1,0.104067,0.199255,0.302383,-2.94754
441.2,0.072728,0.198165,0.323974,-2.94754
441.3,0.0393649,0.193969,0.342791,-2.94754
441.4,0.00427535,0.186636,0.358443,-2.94754
441.5,-0.0322061,0.176166,0.370572,-2.94754
441.6,-0.0697111,0.162595,0.378864,-2.94754
441.7,-0.107842,0.145994,0.383057,-2.94754
441.8,-0.146179,0.126469,0.382956,-2.94754
441.9,-0.184286,0.104165,0.378438,-2.94754
442,-0.221718,0.0792615,0.369461,-2.94754
442.1,-0.258031,0.0519726,0.356069,-2.94754
442.2,-0.292789,0.0225455,0.338393,-2.94754
442.3,-0.325574,-0.00874294,0.31665,-2.94754
442.4,-0.355993,-0.0415901,0.291139,-2.94754
442.5,-0.383689,-0.0756712,0.262238,-2.94754
442.6,-0.408343,-0.110644,0.23039,-2.94754
442.7,-0.429685,-0.146156,0.196095,-2.94754
442.8,-0.447498,-0.181845,0.159893,-2.94754
442.9,-0.461619,-0.217351,0.122355,-2.94754
443,-0.471944,-0.252316,0.084064,-2.94754
443.1,-0.478426,-0.286395,0.0455981,-2.94754
443.2,-0.481077,-0.319255,0.00751958,-2.94754
443.3,-0.479961,-0.350585,-0.029641,-2.94754
443.4,-0.475195,-0.380097,-0.0653964,-2.94754
443.5,-0.466943,-0.407532,-0.0993126,-2.94754
443.6,-0.455407,-0.432661,-0.131016,-2.94754
443.7,-0.440824,-0.455288,-0.160201,-2.94754
443.8,-0.423459,-0.475249,-0.186627,-2.94754
443.9,-0.403596,-0.492418,-0.210126,-2.94754
444,-0.381534,-0.506701,-0.230595,-2.94754
444.1,-0.357579,-0.51804,-0.247994,-2.94754
444.2,-0.332037,-0.52641,-0.26234,-2.94754
444.3,-0.305211,-0.531814,-0.273701,-2.94754
444.4,-0.277393,-0.534286,-0.282187,-2.94754
444.5,-0.248865,-0.533888,-0.287943,-2.94754
444.6,-0.21989,-0.530702,-0.291138,-2.94754
444.7,-0.190716,-0.524834,-0.29196,-2.94754
444.8,-0.16157,-0.516406,-0.290607,-2.94754
444.9,-0.13266,-0.505556,-0.28728,-2.94754
445,-0.104174,-0.492434,-0.282174,-2.94754
445.1,-0.0762786,-0.477202,-0.275479,-2.94754
445.2,-0.0491251,-0.460027,-0.267368,-2.94754
445.3,-0.0228468,-0.441083,-0.258002,-2.94754
445.4,0.00243799,-0.420547,-0.247519,-2.94754
445.5,0.0266238,-0.398601,-0.23604,-2.94754
445.6,0.0496161,-0.375423,-0.223666,-2.94754
445.7,0.0713298,-0.351195,-0.210477,-2.94754
445.8,0.0916865,-0.326097,-0.196537,-2.94754
445.9,0.110614,-0.300307,-0.181891,-2.94754
446,0.128042,-0.274002,-0.166572,-2.94754
446.1,0.143906,-0.247357,-0.150601,-2.94754
446.2,0.158141,-0.220543,-0.133991,-2.94754
446.3,0.170683,-0.19373,-0.116751,-2.94754
446.4,0.18147,-0.167088,-0.0988884,-2.94754
446.5,0.190441,-0.140783,-0.0804148,-2.94754
446.6,0.197534,-0.114976,-0.0613466,-2.94754
446.7,0.202691,-0.0898316,-0.0417105,-2.94754
446.8,0.205858,-0.0655077,-0.0215459,-2.94754
446.9,0.206984,-0.042161,-0.000908601,-2.94754
447,0.206026,-0.0199453,0.0201276,-2.94754
447.1,0.202949,0.000989496,0.0414684,-2.94754
447.2,0.197726,0.0204978,0.0629973,-2.94754
447.3,0.190348,0.0384392,0.0845754,-2.94754
447.4,0.180815,0.0546799,0.106041,-2.94754
447.5,0.169149,0.0690936,0.12721,-2.94754
447.6,0.15539,0.081563,0.147878,-2.94754
447.7,0.139598,0.0919817,0.167823,-2.94754
447.8,0.121857,0.100255,0.186806,-2.94754
447.9,0.102277,0.106303,0.204581,-2.94754
448,0.0809898,0.110062,0.220893,-2.94754
448.1,0.0581554,0.111483,0.235488,-2.94754
448.2,0.0339578,0.110538,0.248116,-2.94754
448.3,0.00860566,0.107221,0.258541,-2.94754
448.4,-0.0176697,0.101546,0.266546,-2.94754
448.5,-0.0446164,0.0935491,0.271937,-2.94754
448.6,-0.0719646,0.0832919,0.274554,-2.94754
448.7,-0.0994304,0.0708593,0.274272,-2.94754
448.8,-0.12672,0.0563602,0.271011,-2.94754
448.9,-0.153532,0.0399275,0.264737,-2.94754
449,-0.179567,0.0217166,0.255462,-2.94754
449.1,-0.204527,0.00190496,0.243254,-2.94754
449.2,-0.228124,-0.0193104,0.228227,-2.94754
449.3,-0.250084,-0.0417143,0.210547,-2.94754
449.4,-0.270152,-0.0650766,0.190427,-2.94754
449.5,-0.288096,-0.0891543,0.168119,-2.94754
449.6,-0.303712,-0.113695,0.143914,-2.94754
449.7,-0.316826,-0.13844,0.118132,-2.94754
449.8,-0.327297,-0.163129,0.0911142,-2.94754
449.9,-0.33502,-0.187501,0.0632171,-2.94754
450,-0.339924,-0.211299,0.0348024,-2.94754
450.1,-0.341975,-0.234274,0.00622933,-2.94754
450.2,-0.341176,-0.256189,-0.022153,-2.94754
450.3,-0.337562,-0.276818,-0.0500129,-2.94754
450.4,-0.331201,-0.295953,-0.0770423,-2.94754
450.5,-0.32219,-0.313403,-0.102962,-2.94754
450.6,-0.310654,-0.328997,-0.127526,-2.94754
450.7,-0.296738,-0.342588,-0.150522,-2.94754
450.8,-0.280607,-0.354048,-0.171777,-2.94754
450.9,-0.262445,-0.363274,-0.191153,-2.94754
451,-0.242443,-0.370186,-0.208549,-2.94754
451.1,-0.220803,-0.374729,-0.223896,-2.94754
451.2,-0.197733,-0.376867,-0.237156,-2.94754
451.3,-0.173442,-0.376588,-0.248318,-2.94754
451.4,-0.148139,-0.373903,-0.257393,-2.94754
451.5,-0.122032,-0.368839,-0.264411,-2.94754
451.6,-0.0953243,-0.361444,-0.269414,-2.94754
451.7,-0.0682148,-0.351784,-0.272453,-2.94754
451.8,-0.0408974,-0.339938,-0.273583,-2.94754
451.9,-0.01356,-0.326003,-0.27286,-2.94754
452,0.0136145,-0.310088,-0.270336,-2.94754
452.1,0.0404487,-0.292314,-0.266059,-2.94754
452.2,0.0667692,-0.272813,-0.260068,-2.94754
452.3,0.0924061,-0.251728,-0.252392,-2.94754
452.4,0.117192,-0.229211,-0.243052,-2.94754
452.5,0.140961,-0.205424,-0.232059,-2.94754
452.6,0.163549,-0.180534,-0.219415,-2.94754
452.7,0.184789,-0.154721,-0.205116,-2.94754
452.8,0.204517,-0.128167,-0.189153,-2.94754
452.9,0.222564,-0.101066,-0.171516,-2.94754
453,0.238764,-0.0736152,-0.1522,-2.94754
453.1,0.252948,-0.0460211,-0.131205,-2.94754
453.2,0.264949,-0.0184951,-0.108541,-2.94754
453.3,0.274602,0.00874476,-0.0842374,-2.94754
453.4,0.281744,0.0354755,-0.0583432,-2.94754
453.5,0.28622,0.0614693,-0.0309343,-2.94754
453.6,0.287884,0.0864949,-0.00211703,-2.94754
453.7,0.286601,0.110318,0.0279667,-2.94754
453.8,0.282254,0.132705,0.0591364,-2.94754
453.9,0.274745,0.153421,0.0911701,-2.94754
454,0.264,0.172236,0.123803,-2.94754
454.1,0.249974,0.188924,0.156726,-2.94754
454.2,0.232657,0.203267,0.189589,-2.94754
454.3,0.212072,0.215062,0.222002,-2.94754
454.4,0.188285,0.224115,0.253539,-2.94754
454.5,0.161408,0.230253,0.283747,-2.94754
454.6,0.131596,0.233324,0.312153,-2.94754
454.7,0.0990536,0.233202,0.338273,-2.94754
454.8,0.0640337,0.229787,0.361625,-2.94754
454.9,0.0268366,0.223013,0.381739,-2.94754
455,-0.0121915,0.212848,0.398175,-2.94754
455.1,-0.0526625,0.199298,0.410535,-1.47728
455.2,-0.094151,0.182408,0.418473,-1.47728
455.3,-0.1362,0.162263,0.421714,-1.47728
455.4,-0.178331,0.138991,0.420064,-1.47728
455.5,-0.220046,0.112761,0.413416,-1.47728
455.6,-0.260847,0.0837819,0.401763,-1.47728
455.7,-0.300235,0.052302,0.385198,-1.47728
455.8,-0.337729,0.0186048,0.363916,-1.47728
455.9,-0.372871,-0.0169941,0.338215,-1.47728
456,-0.405238,-0.0541514,0.308485,-1.47728
456.1,-0.434449,-0.0925014,0.275201,-1.47728
456.2,-0.460178,-0.131662,0.238911,-1.47728
456.3,-0.482152,-0.171239,0.200221,-1.47728
456.4,-0.500163,-0.210835,0.159778,-1.47728
456.5,-0.514071,-0.250057,0.118252,-1.47728
456.6,-0.5238,-0.288517,0.0763153,-1.47728
456.7,-0.529343,-0.325845,0.0346297,-1.47728
456.8,-0.530755,-0.361688,-0.00617589,-1.47728
456.9,-0.528156,-0.395723,-0.0455182,-1.47728
457,-0.521718,-0.427654,-0.0828731,-1.47728
457.1,-0.511663,-0.45722,-0.117786,-1.47728
457.2,-0.498255,-0.484196,-0.149879,-1.47728
457.3,-0.481791,-0.508396,-0.178856,-1.47728
457.4,-0.462595,-0.529673,-0.204502,-1.47728
457.5,-0.441006,-0.547919,-0.226685,-1.47728
457.6,-0.417375,-0.563066,-0.245349,-1.47728
457.7,-0.392054,-0.575083,-0.260507,-1.47728
457.8,-0.365388,-0.583975,-0.272239,-1.47728
457.9,-0.337716,-0.589781,-0.280677,-1.47728
458,-0.309357,-0.592568,-0.285997,-1.47728
458.1,-0.280613,-0.592431,-0.288412,-1.47728
458.2,-0.251763,-0.589491,-0.288158,-1.47728
458.3,-0.223062,-0.583884,-0.285488,-1.47728
458.4,-0.194738,-0.575769,-0.280661,-1.47728
458.5,-0.166993,-0.565313,-0.273936,-1.47728
458.6,-0.140005,-0.552697,-0.265566,-1.47728
458.7,-0.113927,-0.538108,-0.255791,-1.47728
458.8,-0.0888863,-0.521736,-0.244835,-1.47728
458.9,-0.0649921,-0.503776,-0.232902,-1.47728
459,-0.0423323,-0.484422,-0.220175,-1.47728
459.1,-0.0209781,-0.463864,-0.206816,-1.47728
459.2,-0.000985608,-0.442293,-0.192961,-1.47728
459.3,0.0176016,-0.419893,-0.178729,-1.47728
459.4,0.034751,-0.396842,-0.164217,-1.47728
459.5,0.0504383,-0.373315,-0.149502,-1.47728
459.6,0.0646467,-0.349478,-0.134647,-1.47728
459.7,0.0773646,-0.32549,-0.1197,-1.47728
459.8,0.0885849,-0.301505,-0.104699,-1.47728
459.9,0.0983037,-0.27767,-0.0896739,-1.47728
460,0.10652,-0.254123,-0.0746475,-1.47728
460.1,0.113234,-0.230997,-0.0596413,-1.47728
460.2,0.118449,-0.208417,-0.0446758,-1.47728
460.3,0.122171,-0.186504,-0.0297738,-1.47728
460.4,0.124407,-0.165369,-0.0149619,-1.47728
460.5,0.125168,-0.14512,-0.000272843,-1.47728
460.6,0.124467,-0.125856,0.0142536,-1.47728
460.7,0.122324,-0.107671,0.0285691,-1.47728
460.8,0.118762,-0.0906521,0.0426161,-1.47728
460.9,0.113812,-0.074879,0.0563277,-1.47728
461,0.10751,-0.0604249,0.0696272,-1.47728
461.1,0.099903,-0.0473549,0.0824291,-1.47728
461.2,0.0910442,-0.0357265,0.0946398,-1.47728
461.3,0.0809981,-0.0255882,0.106158,-1.47728
461.4,0.0698391,-0.0169797,0.116879,-1.47728
461.5,0.0576525,-0.00993068,0.126692,-1.47728
461.6,0.0445346,-0.00446082,0.135487,-1.47728
461.7,0.0305926,-0.000578699,0.143154,-1.47728
461.8,0.0159448,0.00171846,0.149588,-1.47728
461.9,0.000719415,0.00244533,0.154689,-1.47728
462,-0.0149456,0.00162887,0.158368,-1.47728
462.1,-0.0309041,-0.000691403,0.160545,-1.47728
462.2,-0.0470026,-0.00446328,0.161159,-1.47728
462.3,-0.0630822,-0.00962184,0.160161,-1.47728
462.4,-0.0789801,-0.0160896,0.157524,-1.47728
462.5,-0.094532,-0.023777,0.153239,-1.47728
462.6,-0.109573,-0.0325827,0.14732,-1.47728
462.7,-0.123943,-0.0423943,0.139802,-1.47728
462.8,-0.137482,-0.0530894,0.130743,-1.47728
462.9,-0.150042,-0.0645366,0.120221,-1.47728
463,-0.161481,-0.0765966,0.108336,-1.47728
463.1,-0.171668,-0.0891237,0.0952074,-1.47728
463.2,-0.180486,-0.101967,0.0809706,-1.47728
463.3,-0.18783,-0.114972,0.0657765,-1.47728
463.4,-0.193615,-0.127984,0.0497877,-1.47728
463.5,-0.197767,-0.140845,0.0331761,-1.47728
463.6,-0.200235,-0.153402,0.0161196,-1.47728
463.7,-0.200982,-0.165502,-0.00120136,-1.47728
463.8,-0.199992,-0.177,-0.0186062,-1.47728
463.9,-0.197264,-0.187755,-0.0359176,-1.47728
464,-0.192817,-0.197634,-0.0529641,-1.47728
464.1,-0.186686,-0.206515,-0.0695822,-1.47728
464.2,-0.17892,-0.214284,-0.0856188,-1.47728
464.3,-0.169586,-0.220839,-0.100932,-1.47728
464.4,-0.158762,-0.22609,-0.115394,-1.47728
464.5,-0.14654,-0.229959,-0.128887,-1.47728
464.6,-0.13302,-0.232382,-0.141311,-1.47728
464.7,-0.118316,-0.23331,-0.152577,-1.47728
464.8,-0.102546,-0.232705,-0.162609,-1.47728
464.9,-0.0858375,-0.230543,-0.171343,-1.47728
465,-0.0683226,-0.226817,-0.178725,-1.47728
465.1,-0.0501389,-0.22153,-0.184713,-1.47728
465.2,-0.0314276,-0.2147,-0.189271,-1.47728
465.3,-0.0123333,-0.206358,-0.19237,-1.47728
465.4,0.00699702,-0.196547,-0.193987,-1.47728
465.5,0.0264141,-0.185324,-0.194102,-1.47728
465.6,0.0457669,-0.172757,-0.1927,-1.47728
465.7,0.064903,-0.158924,-0.189767,-1.47728
465.8,0.0836689,-0.143916,-0.185292,-1.47728
465.9,0.10191,-0.127834,-0.179264,-1.47728
466,0.11947,-0.110789,-0.171678,-1.47728
466.1,0.136193,-0.0929028,-0.162529,-1.47728
466.2,0.151923,-0.0743052,-0.151816,-1.47728
466.3,0.166504,-0.0551355,-0.139544,-1.47728
466.4,0.179781,-0.0355413,-0.125727,-1.47728
466.5,0.191599,-0.0156783,-0.110385,-1.47728
466.6,0.201808,0.00429085,-0.0935528,-1.47728
466.7,0.210261,0.0241967,-0.0752774,-1.47728
466.8,0.216818,0.0438642,-0.0556236,-1.47728
466.9,0.221343,0.0631131,-0.0346756,-1.47728
467,0.223713,0.0817596,-0.0125396,-1.47728
467.1,0.223815,0.0996173,0.0106539,-1.47728
467.2,0.221552,0.116498,0.0347481,-1.47728
467.3,0.216842,0.132216,0.0595585,-1.47728
467.4,0.209624,0.146584,0.0848723,-1.47728
467.5,0.199859,0.159423,0.110448,-1.47728
467.6,0.187534,0.170557,0.136018,-1.47728
467.7,0.172665,0.17982,0.161288,-1.47728
467.8,0.155297,0.187058,0.185942,-1.47728
467.9,0.135508,0.192129,0.209644,-1.47728
468,0.113411,0.194908,0.232049,-1.47728
468.1,0.0891537,0.195288,0.252801,-1.47728
468.2,0.0629181,0.193185,0.271547,-1.47728
468.3,0.0349226,0.188537,0.287943,-1.47728
468.4,0.00541888,0.181309,0.30166,-1.47728
468.5,-0.0253101,0.171492,0.312399,-1.47728
468.6,-0.0569527,0.15911,0.319893,-1.47728
468.7,-0.089173,0.144214,0.32392,-1.47728
468.8,-0.121615,0.126887,0.32431,-1.47728
468.9,-0.15391,0.107245,0.320951,-1.47728
469,-0.185679,0.0854342,0.313797,-1.47728
469.1,-0.216543,0.0616295,0.302866,-1.47728
469.2,-0.246129,0.0360351,0.28825,-1.47728
469.3,-0.274076,0.00888084,0.270106,-1.47728
469.4,-0.30004,-0.0195802,0.248662,-1.47728
469.5,-0.323708,-0.0490754,0.224206,-1.47728
469.6,-0.344793,-0.0793157,0.197081,-1.47728
469.7,-0.363048,-0.110001,0.16768,-1.47728
469.8,-0.378267,-0.140822,0.13643,-1.47728
469.9,-0.390287,-0.171468,0.103788,-1.47728
470,-0.398994,-0.20163,0.0702229,-1.47728
470.1,-0.404317,-0.231004,0.0362094,-1.47728
470.2,-0.406236,-0.259297,0.0022123,-1.47728
470.3,-0.404775,-0.286231,-0.0313224,-1.47728
470.4,-0.400001,-0.311546,-0.0639777,-1.47728
470.5,-0.392021,-0.335001,-0.0953735,-1.47728
470.6,-0.38098,-0.356382,-0.125173,-1.47728
470.7,-0.36705,-0.3755,-0.15309,-1.47728
470.8,-0.350432,-0.392193,-0.178886,-1.47728
470.9,-0.331349,-0.406328,-0.202378,-1.47728
471,-0.310038,-0.4178,-0.223433,-1.47728
471.1,-0.286747,-0.426535,-0.241966,-1.47728
471.2,-0.26173,-0.432485,-0.25794,-1.47728
471.3,-0.235244,-0.43563,-0.271355,-1.47728
471.4,-0.207543,-0.435977,-0.282247,-1.47728
471.5,-0.178877,-0.433555,-0.290679,-1.47728
471.6,-0.149486,-0.428418,-0.296737,-1.47728
471.7,-0.119605,-0.420638,-0.300521,-1.47728
471.8,-0.0894546,-0.410309,-0.302137,-1.47728
471.9,-0.0592462,-0.397537,-0.301697,-1.47728
472,-0.02918,-0.382448,-0.299309,-1.47728
472.1,0.000554091,-0.365176,-0.295073,-1.47728
472.2,0.0297761,-0.34587,-0.28908,-1.47728
472.3,0.058314,-0.324688,-0.281404,-1.47728
472.4,0.0860029,-0.301795,-0.272109,-1.47728
472.5,0.112683,-0.277367,-0.261238,-1.47728
472.6,0.138199,-0.251583,-0.248822,-1.47728
472.7,0.162397,-0.224632,-0.234876,-1.47728
472.8,0.185123,-0.196706,-0.219403,-1.47728
472.9,0.206226,-0.168004,-0.202396,-1.47728
473,0.225551,-0.138729,-0.183842,-1.47728
473.1,0.242943,-0.109091,-0.163727,-1.47728
473.2,0.258244,-0.0793038,-0.14204,-1.47728
473.3,0.271298,-0.0495858,-0.118776,-1.47728
473.4,0.281947,-0.0201609,-0.0939458,-1.47728
473.5,0.290036,0.00874303,-0.0675794,-1.47728
473.6,0.295414,0.0368942,-0.0397304,-1.47728
473.7,0.297935,0.0640576,-0.0104829,-1.47728
473.8,0.297467,0.0899962,0.0200444,-1.47728
473.9,0.293889,0.114472,0.0516934,-1.47728
474,0.287098,0.137248,0.0842636,-1.47728
474.1,0.277014,0.158089,0.11751,-1.47728
474.2,0.263583,0.176766,0.151141,-1.47728
474.3,0.246784,0.193057,0.18482,-1.47728
474.4,0.22663,0.206749,0.218168,-1.47728
474.5,0.203175,0.217644,0.250767,-1.47728
474.6,0.176517,0.225562,0.282165,-1.47728
474.7,0.146798,0.230342,0.311885,-1.47728
474.8,0.114212,0.231847,0.339436,-1.47728
474.9,0.0789998,0.229968,0.364322,-1.47728
475,0.0414527,0.22463,0.386056,-1.47728
475.1,0.00190921,0.215788,0.404174,-1.47728
475.2,-0.0392473,0.203437,0.41825,-1.47728
475.3,-0.0815935,0.187613,0.427909,-1.47728
475.4,-0.124672,0.16839,0.432843,-1.47728
475.5,-0.167997,0.145886,0.432823,-1.47728
475.6,-0.211066,0.120262,0.427708,-1.47728
475.7,-0.253367,0.0917208,0.417457,-1.47728
475.8,-0.294388,0.060504,0.402133,-1.47728
475.9,-0.33363,0.026892,0.381905,-1.47728
476,-0.370615,-0.00880125,0.357047,-1.47728
476.1,-0.404898,-0.0462318,0.327933,-1.47728
476.2,-0.436075,-0.0850312,0.295029,-1.47728
476.3,-0.463795,-0.124812,0.258879,-1.47728
476.4,-0.487763,-0.165174,0.220095,-1.47728
476.5,-0.507748,-0.205711,0.179334,-1.47728
476.6,-0.523587,-0.246018,0.137284,-1.47728
476.7,-0.535185,-0.285696,0.0946417,-1.47728
476.8,-0.542518,-0.32436,0.0520972,-1.47728
476.9,-0.54563,-0.361646,0.0103118,-1.47728
477,-0.544627,-0.397213,-0.0300965,-1.47728
477.1,-0.539675,-0.430752,-0.0685676,-1.47728
477.2,-0.530994,-0.461987,-0.104611,-1.47728
477.3,-0.518848,-0.490679,-0.137815,-1.47728
477.4,-0.503537,-0.516629,-0.16785,-1.47728
477.5,-0.485392,-0.539678,-0.194474,-1.47728
477.6,-0.464761,-0.559707,-0.21753,-1.47728
477.7,-0.442007,-0.57664,-0.236941,-1.47728
477.8,-0.417495,-0.590438,-0.252709,-1.47728
477.9,-0.391585,-0.601101,-0.264902,-1.47728
478,-0.364629,-0.608662,-0.273648,-1.47728
478.1,-0.336964,-0.613187,-0.279125,-1.47728
478.2,-0.308906,-0.614772,-0.28155,-1.47728
478.3,-0.280748,-0.613535,-0.28117,-1.47728
478.4,-0.252757,-0.609618,-0.278251,-1.47728
478.5,-0.225173,-0.60318,-0.27307,-1.47728
478.6,-0.198209,-0.594395,-0.265905,-1.47728
478.7,-0.172049,-0.583445,-0.257031,-1.47728
478.8,-0.146851,-0.570525,-0.246712,-1.47728
478.9,-0.122746,-0.555829,-0.235198,-1.47728
479,-0.0998434,-0.539557,-0.222717,-1.47728
479.1,-0.078228,-0.521908,-0.20948,-1.47728
479.2,-0.0579663,-0.503077,-0.195675,-1.47728
479.3,-0.0391066,-0.483257,-0.181465,-1.47728
479.4,-0.0216819,-0.462634,-0.166994,-1.47728
479.5,-0.0057123,-0.441389,-0.152384,-1.47728
479.6,0.00879367,-0.419694,-0.137737,-1.47728
479.7,0.0218366,-0.397714,-0.123136,-1.47728
479.8,0.0334246,-0.375606,-0.10865,-1.47728
479.9,0.0435723,-0.353516,-0.0943357,-1.47728
480,0.052299,-0.331584,-0.080237,-1.47728
480.1,0.0596281,-0.30994,-0.0663904,-1.47728
480.2,0.0655865,-0.288704,-0.0528259,-1.47728
480.3,0.0702036,-0.267988,-0.0395696,-1.47728
480.4,0.0735115,-0.247897,-0.0266454,-1.47728
480.5,0.0755445,-0.228527,-0.0140768,-1.47728
480.6,0.0763395,-0.209964,-0.00188839,-1.47728
480.7,0.0759358,-0.192288,0.00989289,-1.47728
480.8,0.0743755,-0.17557,0.0212371,-1.47728
480.9,0.071704,-0.159875,0.0321103,-1.47728
481,0.0679704,-0.145259,0.0424747,-1.47728
481.1,0.0632274,-0.13177,0.0522883,-1.47728
481.2,0.0575326,-0.119449,0.0615051,-1.47728
481.3,0.0509479,-0.108329,0.0700758,-1.47728
481.4,0.0435407,-0.0984336,0.0779483,-1.47728
481.5,0.0353834,-0.0897813,0.0850688,-1.47728
481.6,0.0265538,-0.0823804,0.0913828,-1.47728
481.7,0.0171355,-0.0762313,0.0968366,-1.47728
481.8,0.00721693,-0.0713261,0.101378,-1.47728
481.9,-0.00310813,-0.0676484,0.104959,-1.47728
482,-0.0137414,-0.0651731,0.107536,-1.47728
482.1,-0.0245806,-0.0638667,0.109071,-1.47728
482.2,-0.0355199,-0.0636871,0.109535,-1.47728
482.3,-0.0464512,-0.0645838,0.108907,-1.47728
482.4,-0.0572646,-0.0664981,0.107176,-1.47728
482.5,-0.0678496,-0.0693634,0.104342,-1.47728
482.6,-0.0780966,-0.0731058,0.100417,-1.47728
482.7,-0.0878975,-0.077644,0.0954251,-1.47728
482.8,-0.0971473,-0.0828907,0.0894014,-1.47728
482.9,-0.105745,-0.0887524,0.0823944,-1.47728
483,-0.113595,-0.0951309,0.0744638,-1.47728
483.1,-0.120609,-0.101924,0.0656807,-1.47728
483.2,-0.126706,-0.109025,0.0561264,-1.47728
483.3,-0.131812,-0.116326,0.0458915,-1.47728
483.4,-0.135865,-0.123718,0.0350743,-1.47728
483.5,-0.138811,-0.131091,0.0237799,-1.47728
483.6,-0.140608,-0.138335,0.0121181,-1.47728
483.7,-0.141226,-0.145343,0.000202295,-1.47728
483.8,-0.140644,-0.152011,-0.0118523,-1.47728
483.9,-0.138855,-0.158238,-0.0239304,-1.47728
484,-0.135861,-0.163927,-0.0359178,-1.47728
484.1,-0.131678,-0.168988,-0.047703,-1.47728
484.2,-0.126331,-0.173337,-0.0591782,-1.47728
484.3,-0.119856,-0.176896,-0.0702406,-1.47728
484.4,-0.1123,-0.179597,-0.0807931,-1.47728
484.5,-0.103717,-0.181378,-0.0907448,-1.47728
484.6,-0.0941736,-0.182187,-0.100012,-1.47728
484.7,-0.0837405,-0.181981,-0.108517,-1.47728
484.8,-0.0724979,-0.180727,-0.116191,-1.47728
484.9,-0.060532,-0.178402,-0.122971,-1.47728
485,-0.0479353,-0.174991,-0.128801,-1.47728
485.1,-0.0348051,-0.17049,-0.133632,-1.47728
485.2,-0.0212437,-0.164906,-0.137419,-1.47728
485.3,-0.00735737,-0.158255,-0.140125,-1.47728
485.4,0.00674421,-0.150562,-0.141718,-1.47728
485.5,0.0209483,-0.141863,-0.14217,-1.47728
485.6,0.0351395,-0.132203,-0.141458,-1.47728
485.7,0.0492005,-0.121635,-0.139563,-1.47728
485.8,0.0630122,-0.110222,-0.136471,-1.47728
485.9,0.0764543,-0.0980353,-0.132171,-1.47728
486,0.0894059,-0.0851552,-0.126658,-1.47728
486.1,0.101746,-0.0716691,-0.119933,-1.47728
486.2,0.113352,-0.0576722,-0.112001,-1.47728
486.3,0.124106,-0.0432667,-0.102875,-1.47728
486.4,0.133888,-0.0285617,-0.0925745,-1.47728
486.5,0.142583,-0.0136723,-0.0811295,-1.47728
486.6,0.150077,0.00128097,-0.0685788,-1.47728
486.7,0.156263,0.0161725,-0.0549731,-1.47728
486.8,0.161039,0.0308725,-0.0403757,-1.47728
486.9,0.164308,0.0452481,-0.024864,-1.47728
487,0.165984,0.0591638,-0.00853048,-1.47728
487.1,0.16599,0.0724828,0.00851618,-1.47728
487.2,0.164261,0.0850679,0.0261505,-1.47728
487.3,0.160745,0.0967832,0.0442297,-1.47728
487.4,0.155406,0.107495,0.0625936,-1.47728
487.5,0.148223,0.117072,0.0810654,-1.47728
487.6,0.139195,0.125391,0.0994522,-1.47728
487.7,0.128342,0.132334,0.117547,-1.47728
487.8,0.115703,0.137792,0.135131,-1.47728
487.9,0.101341,0.141665,0.151975,-1.47728
488,0.0853405,0.143867,0.167845,-1.47728
488.1,0.0678121,0.144324,0.182503,-1.47728
488.2,0.0488881,0.14298,0.195716,-1.47728
488.3,0.0287247,0.139793,0.207255,-1.47728
488.4,0.00750004,0.134741,0.216906,-1.47728
488.5,-0.0145869,0.127821,0.22447,-1.47728
488.6,-0.0373186,0.119051,0.229772,-1.47728
488.7,-0.0604611,0.108469,0.232664,-1.47728
488.8,-0.0837672,0.0961358,0.23303,-1.47728
488.9,-0.10698,0.082133,0.230789,-1.47728
489,-0.129837,0.0665644,0.2259,-1.47728
489.1,-0.152072,0.049554,0.218365,-1.47728
489.2,-0.173423,0.0312458,0.208227,-1.47728
489.3,-0.193633,0.0118019,0.195572,-1.47728
489.4,-0.212458,-0.0085989,0.18053,-1.47728
489.5,-0.229665,-0.0297631,0.163268,-1.47728
489.6,-0.245044,-0.0514854,0.143991,-1.47728
489.7,-0.258404,-0.0735504,0.122937,-1.47728
489.8,-0.269581,-0.0957363,0.100369,-1.47728
489.9,-0.278437,-0.117817,0.0765721,-1.47728
490,-0.284864,-0.139567,0.0518472,-1.47728
490.1,-0.288786,-0.160759,0.0265018,-1.47728
490.2,-0.290154,-0.181176,0.00084564,-1.47728
490.3,-0.288955,-0.200603,-0.0248166,-1.47728
490.4,-0.285201,-0.218841,-0.050191,-1.47728
490.5,-0.278935,-0.235699,-0.0749997,-1.47728
490.6,-0.270228,-0.251003,-0.0989854,-1.47728
490.7,-0.259173,-0.264594,-0.121915,-1.47728
490.8,-0.245887,-0.276334,-0.143581,-1.47728
490.9,-0.230505,-0.286101,-0.163806,-1.47728
491,-0.213179,-0.293795,-0.182439,-1.47728
491.1,-0.194075,-0.299334,-0.199359,-1.47728
491.2,-0.173368,-0.30266,-0.21447,-1.47728
491.3,-0.151243,-0.303732,-0.227703,-1.47728
491.4,-0.127892,-0.302532,-0.239007,-1.47728
491.5,-0.103507,-0.299061,-0.248353,-1.47728
491.6,-0.0782868,-0.293337,-0.255726,-1.47728
491.7,-0.0524279,-0.2854,-0.261122,-1.47728
491.8,-0.0261281,-0.275304,-0.264546,-1.47728
491.9,0.000415859,-0.263122,-0.266007,-1.47728
492,0.0270083,-0.248941,-0.265516,-1.47728
492.1,0.0534544,-0.232863,-0.263083,-1.47728
492.2,0.0795604,-0.215004,-0.258715,-1.47728
492.3,0.105133,-0.195495,-0.252414,-1.47728
492.4,0.129979,-0.174478,-0.244178,-1.47728
492.5,0.153904,-0.152105,-0.234,-1.47728
492.6,0.176714,-0.128543,-0.22187,-1.47728
492.7,0.198212,-0.103969,-0.207773,-1.47728
492.8,0.218202,-0.0785682,-0.191697,-1.47728
492.9,0.236485,-0.0525389,-0.173631,-1.47728
493,0.252862,-0.0260878,-0.153571,-1.47728
493.1,0.267133,0.00056869,-0.131527,-1.47728
493.2,0.279102,0.0272055,-0.107521,-1.47728
493.3,0.288574,0.0535895,-0.0815987,-1.47728
493.4,0.29536,0.07948,-0.0538301,-1.47728
493.5,0.299281,0.10463,-0.0243174,-1.47728
493.6,0.30017,0.128789,0.00680151,-1.47728
493.7,0.297874,0.1517,0.0393483,-1.47728
493.8,0.29226,0.173108,0.0731006,-1.47728
493.9,0.283222,0.192756,0.10779,-1.47728
494,0.270681,0.210393,0.143099,-1.47728
494.1,0.254594,0.225773,0.178663,-1.47728
494.2,0.234954,0.238658,0.214073,-1.47728
494.3,0.211799,0.248826,0.248876,-1.47728
494.4,0.185215,0.25607,0.282585,-1.47728
494.5,0.155336,0.260204,0.314683,-1.47728
494.6,0.12235,0.261067,0.344636,-1.47728
494.7,0.0864984,0.258528,0.371904,-1.47728
494.8,0.0480765,0.252487,0.395955,-1.47728
494.9,0.00743175,0.24288,0.416278,-1.47728
495,-0.035039,0.229684,0.432401,-1.47728
495.1,-0.0788945,0.212917,0.443907,-1.47728
495.2,-0.123655,0.192642,0.450444,-1.47728
495.3,-0.168809,0.168966,0.451749,-1.47728
495.4,-0.213824,0.142042,0.447651,-1.47728
495.5,-0.258157,0.11207,0.438085,-1.47728
495.6,-0.301261,0.0792917,0.423099,-1.47728
495.7,-0.342601,0.0439898,0.402858,-1.47728
495.8,-0.381666,0.00648507,0.377638,-1.47728
495.9,-0.417976,-0.0328692,0.347827,-1.47728
496,-0.451095,-0.0736922,0.313916,-1.47728
496.1,-0.480641,-0.115582,0.27648,-1.47728
496.2,-0.506295,-0.158122,0.236169,-1.47728
496.3,-0.527803,-0.200887,0.193688,-1.47728
496.4,-0.544985,-0.243452,0.149776,-1.47728
496.5,-0.557735,-0.285401,0.105183,-1.47728
496.6,-0.566023,-0.326328,0.0606545,-1.47728
496.7,-0.569892,-0.365849,0.0169054,-1.47728
496.8,-0.569453,-0.403607,-0.0253943,-1.47728
496.9,-0.564882,-0.439276,-0.0656368,-1.47728
497,-0.556412,-0.472565,-0.10329,-1.47728
497.1,-0.544325,-0.503225,-0.137905,-1.47728
497.2,-0.528944,-0.531045,-0.169127,-1.47728
497.3,-0.510622,-0.555861,-0.196691,-1.47728
497.4,-0.489733,-0.57755,-0.220428,-1.47728
497.5,-0.466667,-0.596034,-0.240257,-1.47728
497.6,-0.441812,-0.611275,-0.256179,-1.47728
497.7,-0.415559,-0.623276,-0.268271,-1.47728
497.8,-0.388281,-0.632078,-0.276676,-1.47728
497.9,-0.36034,-0.637755,-0.28159,-1.47728
498,-0.332072,-0.64041,-0.283253,-1.47728
498.1,-0.303789,-0.640176,-0.281936,-1.47728
498.2,-0.275774,-0.637205,-0.277934,-1.47728
498.3,-0.248281,-0.63167,-0.271552,-1.47728
498.4,-0.221532,-0.623758,-0.263099,-1.47728
498.5,-0.19572,-0.613668,-0.252877,-1.47728
498.6,-0.171006,-0.601605,-0.241182,-1.47728
498.7,-0.147524,-0.587779,-0.228288,-1.47728
498.8,-0.12538,-0.572403,-0.214456,-1.47728
498.9,-0.104656,-0.555685,-0.19992,-1.47728
499,-0.0854122,-0.537833,-0.184892,-1.47728
499.1,-0.0676876,-0.51905,-0.169562,-1.47728
499.2,-0.0515043,-0.49953,-0.154094,-1.47728
499.3,-0.0368687,-0.479459,-0.13863,-1.47728
499.4,-0.0237741,-0.459015,-0.123292,-1.47728
499.5,-0.0122028,-0.438366,-0.108181,-1.47728
499.6,-0.00212747,-0.41767,-0.0933831,-1.47728
499.7,0.00648662,-0.397072,-0.0789676,-1.47728
499.8,0.0136807,-0.376709,-0.064992,-1.47728
499.9,0.0195012,-0.356705,-0.0515032,-1.47728
500,0.0239989,-0.337174,-0.0385399,-1.47728
500.1,0.0272278,-0.31822,-0.0261342,-1.47728
500.2,0.0292452,-0.299936,-0.0143136,-1.47728
500.3,0.0301108,-0.282403,-0.00310209,-1.47728
500.4,0.0298867,-0.265696,0.0074781,-1.47728
500.5,0.028637,-0.249876,0.017406,-1.47728
500.6,0.0264279,-0.234997,0.026661,-1.47728
500.7,0.0233279,-0.221104,0.0352224,-1.47728
500.8,0.0194073,-0.208231,0.0430694,-1.47728
500.9,0.0147385,-0.196407,0.0501807,-1.47728
501,0.00939635,-0.185648,0.0565353,-1.47728
501.1,0.00345742,-0.175965,0.0621121,-1.47728
501.2,-0.00299948,-0.167359,0.0668913,-1.47728
501.3,-0.00989362,-0.159825,0.0708541,-1.47728
501.4,-0.0171425,-0.15335,0.0739841,-1.47728
501.5,-0.0246622,-0.147911,0.0762679,-1.47728
501.6,-0.0323676,-0.14348,0.0776956,-1.47728
501.7,-0.0401726,-0.140023,0.0782617,-1.47728
501.8,-0.0479912,-0.137497,0.0779658,-1.47728
501.9,-0.0557372,-0.135855,0.0768135,-1.47728
502,-0.0633257,-0.13504,0.0748162,-1.47728
502.1,-0.0706729,-0.134995,0.0719925,-1.47728
502.2,-0.0776975,-0.135653,0.0683676,-1.47728
502.3,-0.0843208,-0.136945,0.0639739,-1.47728
502.4,-0.090468,-0.138797,0.0588511,-1.47728
502.5,-0.0960683,-0.141133,0.0530455,-1.47728
502.6,-0.101056,-0.143871,0.0466104,-1.47728
502.7,-0.105371,-0.146929,0.039605,-1.47728
502.8,-0.10896,-0.150224,0.0320942,-1.47728
502.9,-0.111776,-0.15367,0.0241477,-1.47728
503,-0.113778,-0.157184,0.0158395,-1.47728
503.1,-0.114934,-0.16068,0.00724667,-1.47728
503.2,-0.11522,-0.164075,-0.00155113,-1.47728
503.3,-0.11462,-0.16729,-0.0104729,-1.47728
503.4,-0.113124,-0.170245,-0.0194372,-1.47728
503.5,-0.110734,-0.172866,-0.0283627,-1.47728
503.6,-0.107456,-0.175082,-0.0371693,-1.47728
503.7,-0.103306,-0.176827,-0.0457789,-1.47728
503.8,-0.0983089,-0.178041,-0.0541159,-1.47728
503.9,-0.0924946,-0.178668,-0.0621079,-1.47728
504,-0.0859012,-0.178658,-0.0696861,-1.47728
504.1,-0.0785733,-0.177969,-0.0767859,-1.47728
504.2,-0.0705619,-0.176565,-0.0833468,-1.47728
504.3,-0.0619238,-0.174416,-0.0893128,-1.47728
504.4,-0.0527209,-0.171502,-0.0946325,-1.47728
504.5,-0.0430204,-0.167807,-0.099259,-1.47728
504.6,-0.0328937,-0.163324,-0.10315,-1.47728
504.7,-0.0224162,-0.158055,-0.106267,-1.47728
504.8,-0.0116671,-0.152006,-0.108577,-1.47728
504.9,-0.000728654,-0.145194,-0.110051,-1.47728
505,0.0103142,-0.137641,-0.110662,-1.47728
505.1,0.0213742,-0.129378,-0.110389,-1.47728
505.2,0.0323621,-0.120442,-0.109216,-1.47728
505.3,0.0431869,-0.110877,-0.107128,-1.47728
505.4,0.0537569,-0.100735,-0.104117,-1.47728
505.5,0.0639793,-0.0900727,-0.100177,-1.47728
505.6,0.0737613,-0.0789542,-0.0953088,-1.47728
505.7,0.0830103,-0.0674493,-0.0895178,-1.47728
505.8,0.0916345,-0.0556332,-0.0828145,-1.47728
505.9,0.0995434,-0.0435867,-0.0752163,-1.47728
506,0.106649,-0.0313951,-0.0667473,-1.47728
506.1,0.112865,-0.0191481,-0.0574393,-1.47728
506.2,0.11811,-0.00693907,-0.0473325,-1.47728
506.3,0.122306,0.00513512,-0.0364763,-1.47728
506.4,0.125382,0.0169752,-0.0249301,-1.47728
506.5,0.127272,0.0284801,-0.0127634,-1.47728
506.6,0.127917,0.0395474,-5.70327e-05,-1.47728
506.7,0.127268,0.0500746,0.013097,-1.47728
506.8,0.125286,0.0599598,0.0265951,-1.47728
506.9,0.121941,0.0691027,0.0403223,-1.47728
507,0.117218,0.0774058,0.0541527,-1.47728
507.1,0.111112,0.0847752,0.0679497,-1.47728
507.2,0.103634,0.091122,0.0815676,-1.47728
507.3,0.0948096,0.0963634,0.0948525,-1.47728
507.4,0.08468,0.100424,0.107644,-1.47728
507.5,0.0733027,0.103236,0.119778,-1.47728
507.6,0.0607518,0.104743,0.131088,-1.47728
507.7,0.047118,0.104899,0.141409,-1.47728
507.8,0.0325084,0.103668,0.150579,-1.47728
507.9,0.0170458,0.101029,0.158442,-1.47728
508,0.000868265,0.0969737,0.164856,-1.47728
508.1,-0.0158726,0.0915096,0.169688,-1.47728
508.2,-0.0330127,0.084658,0.172824,-1.47728
508.3,-0.0503776,0.0764562,0.174169,-1.47728
508.4,-0.0677843,0.0669571,0.17365,-1.47728
508.5,-0.0850439,0.0562291,0.171221,-1.47728
508.6,-0.101964,0.0443558,0.16686,-1.47728
508.7,-0.118352,0.0314359,0.160573,-1.47728
508.8,-0.134016,0.0175816,0.152396,-1.47728
508.9,-0.14877,0.0029184,0.142392,-1.47728
509,-0.162436,-0.0124167,0.130652,-1.47728
509.1,-0.174846,-0.0282765,0.117295,-1.47728
509.2,-0.185846,-0.0445052,0.102463,-1.47728
509.3,-0.195295,-0.0609401,0.086318,-1.47728
509.4,-0.203072,-0.0774138,0.0690436,-1.47728
509.5,-0.209073,-0.093756,0.0508365,-1.47728
509.6,-0.213215,-0.109796,0.0319048,-1.47728
509.7,-0.215437,-0.125363,0.0124637,-1.47728
509.8,-0.215698,-0.140292,-0.00726859,-1.47728
509.9,-0.213981,-0.154421,-0.0270747,-1.47728
510,-0.210288,-0.167596,-0.0467419,-1.47728
510.1,-0.204644,-0.179672,-0.0660655,-1.47728
510.2,-0.197093,-0.190515,-0.0848513,-1.47728
510.3,-0.187697,-0.2,-0.102919,-1.47728
510.4,-0.176538,-0.20802,-0.120102,-1.47728
510.5,-0.163712,-0.214477,-0.13625,-1.47728
510.6,-0.149327,-0.21929,-0.151232,-1.47728
510.7,-0.133508,-0.222394,-0.164931,-1.47728
510.8,-0.116387,-0.223738,-0.177248,-1.47728
510.9,-0.0981072,-0.223289,-0.188097,-1.47728
511,-0.0788188,-0.221027,-0.19741,-1.47728
511.1,-0.0586784,-0.216951,-0.205128,-1.47728
511.2,-0.0378479,-0.211075,-0.211205,-1.47728
511.3,-0.0164933,-0.203426,-0.215603,-1.47728
511.4,0.00521579,-0.194048,-0.218292,-1.47728
511.5,0.0271073,-0.182999,-0.219246,-1.47728
511.6,0.0490065,-0.170353,-0.218444,-1.47728
511.7,0.0707369,-0.156194,-0.215868,-1.47728
511.8,0.0921204,-0.140621,-0.211501,-1.47728
511.9,0.112977,-0.123747,-0.205328,-1.47728
512,0.133125,-0.105694,-0.197337,-1.47728
512.1,0.152383,-0.0865993,-0.187517,-1.47728
512.2,0.170568,-0.0666085,-0.17586,-1.47728
512.3,0.187494,-0.0458792,-0.162364,-1.47728
512.4,0.202979,-0.0245793,-0.147036,-1.47728
512.5,0.216841,-0.00288612,-0.129889,-1.47728
512.6,0.228897,0.0190138,-0.110951,-1.47728
512.7,0.238973,0.0409257,-0.090268,-1.47728
512.8,0.246895,0.0626472,-0.0679018,-1.47728
512.9,0.2525,0.0839694,-0.0439396,-1.47728
513,0.255633,0.104678,-0.0184948,-1.47728
513.1,0.256154,0.124555,0.00828991,-1.47728
513.2,0.253936,0.14338,0.0362389,-1.47728
513.3,0.248874,0.160931,0.0651421,-1.47728
513.4,0.240884,0.176989,0.0947534,-1.47728
513.5,0.22991,0.191338,0.12479,-1.47728
513.6,0.215923,0.203768,0.154934,-1.47728
513.7,0.198931,0.21408,0.184833,-1.47728
513.8,0.178977,0.222086,0.214105,-1.47728
513.9,0.156144,0.227613,0.242343,-1.47728
514,0.130557,0.230506,0.269122,-1.47728
514.1,0.102383,0.230633,0.294006,-1.47728
514.2,0.0718339,0.227888,0.316556,-1.47728
514.3,0.039164,0.22219,0.336346,-1.47728
514.4,0.00467031,0.213491,0.352967,-1.47728
514.5,-0.0313112,0.201775,0.366043,-1.47728
514.6,-0.0684091,0.187064,0.375244,-1.47728
514.7,-0.106221,0.169412,0.380292,-1.47728
514.8,-0.144322,0.148916,0.380978,-1.47728
514.9,-0.182267,0.125707,0.377166,-1.47728
515,-0.219603,0.0999546,0.368803,-1.47728
515.1,-0.255877,0.0718651,0.355922,-1.47728
515.2,-0.290641,0.0416781,0.338648,-1.47728
515.3,-0.323467,0.00966421,0.317191,-1.47728
515.4,-0.35395,-0.0238781,0.291848,-1.47728
515.5,-0.381719,-0.0586273,0.262996,-1.47728
515.6,-0.406447,-0.0942433,0.231078,-1.47728
515.7,-0.42785,-0.130373,0.196599,-1.47728
515.8,-0.445699,-0.166655,0.160106,-1.47728
515.9,-0.459823,-0.202726,0.122176,-1.47728
516,-0.470106,-0.238228,0.0834009,-1.47728
516.1,-0.476495,-0.27281,0.0443707,-1.47728
516.2,-0.478991,-0.306137,0.00565873,-1.47728
516.3,-0.477655,-0.337893,-0.0321922,-1.47728
516.4,-0.472598,-0.367786,-0.0686824,-1.47728
516.5,-0.463979,-0.395551,-0.103366,-1.47728
516.6,-0.451998,-0.420954,-0.135857,-1.47728
516.7,-0.436891,-0.443794,-0.165838,-1.47728
516.8,-0.418923,-0.463903,-0.193061,-1.47728
516.9,-0.398377,-0.48115,-0.217345,-1.47728
517,-0.375555,-0.495437,-0.23858,-1.47728
517.1,-0.350764,-0.506702,-0.256719,-1.47728
517.2,-0.324314,-0.514915,-0.271773,-1.47728
517.3,-0.296511,-0.520079,-0.283802,-1.47728
517.4,-0.267651,-0.522225,-0.292912,-1.47728
517.5,-0.238021,-0.52141,-0.299243,-1.47728
517.6,-0.20789,-0.517719,-0.302959,-1.47728
517.7,-0.17751,-0.511254,-0.304243,-1.47728
517.8,-0.147116,-0.502139,-0.303287,-1.47728
517.9,-0.116921,-0.490512,-0.300286,-1.47728
518,-0.0871205,-0.476525,-0.295429,-1.47728
518.1,-0.0578909,-0.46034,-0.288897,-1.47728
518.2,-0.0293914,-0.442127,-0.280856,-1.47728
518.3,-0.00176511,-0.422065,-0.271454,-1.47728
518.4,0.0248585,-0.400335,-0.260822,-1.47728
518.5,0.0503619,-0.377122,-0.249068,-1.47728
518.6,0.0746376,-0.352613,-0.236279,-1.47728
518.7,0.0975856,-0.326996,-0.222524,-1.47728
518.8,0.119112,-0.300459,-0.207852,-1.47728
518.9,0.139126,-0.27319,-0.192295,-1.47728
519,0.157542,-0.245377,-0.175873,-1.47728
519.1,0.174273,-0.217206,-0.158595,-1.47728
519.2,0.189233,-0.188864,-0.140464,-1.47728
519.3,0.202337,-0.160535,-0.121481,-1.47728
519.4,0.2135,-0.132404,-0.101647,-1.47728
519.5,0.222638,-0.104656,-0.080971,-1.47728
519.6,0.229667,-0.0774719,-0.0594715,-1.47728
519.7,0.234506,-0.0510355,-0.0371814,-1.47728
519.8,0.237079,-0.0255272,-0.0141519,-1.47728
519.9,0.237314,-0.00112645,0.00954396,-1.47728
520,0.235151,0.0219897,0.0338088,-1.47728
520.1,0.230538,0.0436474,0.058518,-1.47728
520.2,0.223438,0.0636768,0.0835184,-1.47728
520.3,0.21383,0.0819135,0.108628,-1.47728
520.4,0.201715,0.0982004,0.133634,-1.47728
520.5,0.187115,0.112389,0.158299,-1.47728
520.6,0.170076,0.12434,0.182356,-1.47728
520.7,0.150673,0.13393,0.205519,-1.47728
520.8,0.129012,0.141048,0.227483,-1.47728
520.9,0.105227,0.1456,0.247933,-1.47728
521,0.0794867,0.147512,0.266546,-1.47728
521.1,0.05199,0.146732,0.283004,-1.47728
521.2,0.0229682,0.143232,0.296998,-1.47728
521.3,-0.00731779,0.137006,0.30824,-1.47728
521.4,-0.0385793,0.12808,0.316468,-1.47728
521.5,-0.0705035,0.116504,0.321459,-1.47728
521.6,-0.102757,0.102361,0.323032,-1.47728
521.7,-0.134992,0.0857585,0.32106,-1.47728
521.8,-0.166849,0.0668376,0.315471,-1.47728
521.9,-0.197965,0.0457656,0.306258,-1.47728
522,-0.227981,0.0227373,0.293477,-1.47728
522.1,-0.256546,-0.00202703,0.277251,-1.47728
522.2,-0.283323,-0.0282846,0.257768,-1.47728
522.3,-0.307999,-0.0557725,0.235274,-1.47728
522.4,-0.330287,-0.0842116,0.210076,-1.47728
522.5,-0.349935,-0.11331,0.182525,-1.47728
522.6,-0.366727,-0.142766,0.153015,-1.47728
522.7,-0.380487,-0.172277,0.12197,-1.47728
522.8,-0.391084,-0.201535,0.0898334,-1.47728
522.9,-0.398432,-0.230241,0.0570578,-1.47728
523,-0.40249,-0.258102,0.0240927,-1.47728
523.1,-0.403259,-0.284838,-0.00862529,-1.47728
523.2,-0.400787,-0.310185,-0.0406825,-1.47728
523.3,-0.395158,-0.333899,-0.0716965,-1.47728
523.4,-0.386494,-0.355756,-0.101324,-1.47728
523.5,-0.374949,-0.37556,-0.129265,-1.47728
523.6,-0.360705,-0.393137,-0.155268,-1.47728
523.7,-0.343967,-0.408344,-0.179131,-1.47728
523.8,-0.324956,-0.421062,-0.200701,-1.47728
523.9,-0.303907,-0.431204,-0.219876,-1.47728
524,-0.281063,-0.438707,-0.236596,-1.47728
524.1,-0.25667,-0.443538,-0.250846,-1.47728
524.2,-0.230975,-0.445689,-0.262644,-1.47728
524.3,-0.204221,-0.445174,-0.272042,-1.47728
524.4,-0.176644,-0.442032,-0.279115,-1.47728
524.5,-0.148472,-0.436322,-0.283957,-1.47728
524.6,-0.119924,-0.428123,-0.286673,-1.47728
524.7,-0.091205,-0.417529,-0.287375,-1.47728
524.8,-0.0625119,-0.40465,-0.286178,-1.47728
524.9,-0.034029,-0.389609,-0.283191,-1.47728
525,-0.00592993,-0.372541,-0.278516,-1.47728
525.1,0.0216211,-0.353591,-0.272245,-1.47728
525.2,0.0484685,-0.33291,-0.264456,-1.47728
525.3,0.0744639,-0.310661,-0.255214,-1.47728
525.4,0.0994645,-0.287008,-0.244567,-1.47728
525.5,0.123332,-0.262125,-0.232551,-1.47728
525.6,0.14593,-0.236189,-0.219187,-1.47728
525.7,0.167124,-0.209382,-0.204484,-1.47728
525.8,0.186782,-0.181889,-0.188444,-1.47728
525.9,0.204769,-0.1539,-0.171062,-1.47728
526,0.220949,-0.12561,-0.152331,-1.47728
526.1,0.23519,-0.0972159,-0.132246,-1.47728
526.2,0.247354,-0.0689183,-0.110811,-1.47728
526.3,0.257307,-0.040922,-0.0880379,-1.47728
526.4,0.264918,-0.0134343,-0.0639576,-1.47728
526.5,0.270057,0.0133346,-0.0386208,-1.47728
526.6,0.272602,0.0391726,-0.0121036,-1.47728
526.7,0.272442,0.0638666,0.0154882,-1.47728
526.8,0.269474,0.0872033,0.0440158,-1.47728
526.9,0.263613,0.108971,0.0733043,-1.47728
527,0.254794,0.12896,0.103141,-1.47728
527.1,0.242975,0.146967,0.133275,-1.47728
527.2,0.228139,0.162794,0.163417,-1.47728
527.3,0.210302,0.176254,0.19324,-1.47728
527.4,0.189514,0.187173,0.222387,-1.47728
527.5,0.16586,0.195389,0.25047,-1.47728
527.6,0.139469,0.200762,0.277082,-1.47728
527.7,0.110507,0.203171,0.3018,-1.47728
527.8,0.079186,0.202519,0.324198,-1.47728
527.9,0.0457587,0.198738,0.343857,-1.47728
528,0.0105193,0.191789,0.360375,-1.47728
528.1,-0.0261992,0.181666,0.373381,-1.47728
528.2,-0.0640287,0.168398,0.382543,-1.47728
528.3,-0.102571,0.152048,0.387587,-1.47728
528.4,-0.141402,0.132719,0.388299,-1.47728
528.5,-0.180081,0.110549,0.384541,-1.47728
528.6,-0.218159,0.0857124,0.376256,-1.47728
528.7,-0.255182,0.0584216,0.363474,-1.47728
528.8,-0.290708,0.0289206,0.346311,-1.47728
528.9,-0.324306,-0.00251541,0.324976,-1.47728
529,-0.355573,-0.035584,0.299761,-1.47728
529.1,-0.384141,-0.0699598,0.271038,-1.47728
529.2,-0.409679,-0.105299,0.239248,-1.47728
529.3,-0.431905,-0.141245,0.204893,-1.47728
529.4,-0.45059,-0.177433,0.16852,-1.47728
529.5,-0.465561,-0.213498,0.130705,-1.47728
529.6,-0.476703,-0.249076,0.0920417,-1.47728
529.7,-0.483961,-0.283815,0.0531222,-1.47728
529.8,-0.487338,-0.317377,0.0145227,-1.47728
529.9,-0.486894,-0.349443,-0.0232107,-1.47728
530,-0.482741,-0.379718,-0.0595743,-1.47728
530.1,-0.47504,-0.407935,-0.0941177,-1.47728
530.2,-0.463992,-0.433859,-0.126452,-1.47728
530.3,-0.449834,-0.457286,-0.156255,-1.47728
530.4,-0.432833,-0.478047,-0.183275,-1.47728
530.5,-0.413278,-0.496009,-0.20733,-1.47728
530.6,-0.39147,-0.511075,-0.22831,-1.47728
530.7,-0.36772,-0.52318,-0.246165,-1.47728
530.8,-0.342341,-0.532296,-0.260909,-1.47728
530.9,-0.31564,-0.538425,-0.272606,-1.47728
531,-0.287918,-0.541597,-0.281366,-1.47728
531.1,-0.25946,-0.541872,-0.287334,-1.47728
531.2,-0.230538,-0.539333,-0.290685,-1.47728
531.3,-0.201404,-0.534085,-0.291611,-1.47728
531.4,-0.17229,-0.526249,-0.290316,-1.47728
531.5,-0.143408,-0.515966,-0.287008,-1.47728
531.6,-0.114949,-0.503387,-0.281893,-1.47728
531.7,-0.0870829,-0.488673,-0.275168,-1.47728
531.8,-0.0599625,-0.471994,-0.267018,-1.47728
531.9,-0.0337212,-0.453525,-0.257611,-1.47728
532,-0.00847711,-0.433445,-0.247098,-1.47728
532.1,0.0156659,-0.411936,-0.235609,-1.47728
532.2,0.0386159,-0.389179,-0.223254,-1.47728
532.3,0.0602909,-0.365356,-0.210123,-1.47728
532.4,0.0806169,-0.340645,-0.196287,-1.47728
532.5,0.0995265,-0.315227,-0.181799,-1.47728
532.6,0.116956,-0.289276,-0.166699,-1.47728
532.7,0.132847,-0.262965,-0.151014,-1.47728
532.8,0.14714,-0.236466,-0.134761,-1.47728
532.9,0.159781,-0.209946,-0.117953,-1.47728
533,0.170713,-0.18357,-0.100598,-1.47728
533.1,0.179882,-0.1575,-0.0827082,-1.47728
533.2,0.187237,-0.131896,-0.0642983,-1.47728
533.3,0.192725,-0.106915,-0.0453916,-1.47728
533.4,0.1963,-0.0827104,-0.0260226,-1.47728
533.5,0.197916,-0.0594337,-0.00623942,-1.47728
533.6,0.197536,-0.0372325,0.0138932,-1.47728
533.7,0.195129,-0.0162505,0.0342921,-1.47728
533.8,0.190672,0.00337262,0.0548543,-1.47728
533.9,0.184156,0.0215028,0.0754558,-1.47728
534,0.175584,0.0380121,0.0959517,-1.47728
534.1,0.164975,0.0527796,0.116176,-1.47728
534.2,0.152364,0.0656933,0.135945,-1.47728
534.3,0.137808,0.0766509,0.155055,-1.47728
534.4,0.121382,0.0855616,0.17329,-1.47728
534.5,0.103187,0.0923476,0.190423,-1.47728
534.6,0.0833424,0.0969456,0.206218,-1.47728
534.7,0.0619953,0.0993086,0.220441,-1.47728
534.8,0.0393144,0.0994071,0.232858,-1.47728
534.9,0.0154913,0.0972306,0.243248,-1.47728
535,-0.00926076,0.0927891,0.251404,-1.47728
535.1,-0.0347088,0.0861136,0.257139,-1.47728
535.2,-0.0606026,0.0772574,0.260297,-1.47728
535.3,-0.0866781,0.0662964,0.260753,-1.47728
535.4,-0.11266,0.0533287,0.258421,-1.47728
535.5,-0.138268,0.0384753,0.253254,-1.47728
535.6,-0.163217,0.0218787,0.245253,-1.47728
535.7,-0.187225,0.00370185,0.234464,-1.47728
535.8,-0.210019,-0.0158728,0.220979,-1.47728
535.9,-0.231336,-0.0366455,0.204939,-1.47728
536,-0.250928,-0.0584015,0.186525,-1.47728
536.1,-0.268569,-0.0809133,0.165962,-1.47728
536.2,-0.284057,-0.103944,0.143506,-1.47728
536.3,-0.297217,-0.127248,0.119448,-1.47728
536.4,-0.307904,-0.150579,0.0940973,-1.47728
536.5,-0.316004,-0.173689,0.0677822,-1.47728
536.6,-0.321439,-0.19633,0.0408383,-1.47728
536.7,-0.324162,-0.218265,0.013602,-1.47728
536.8,-0.324161,-0.239261,-0.0135963,-1.47728
536.9,-0.321455,-0.2591,-0.0404395,-1.47728
537,-0.316095,-0.277576,-0.0666297,-1.47728
537.1,-0.30816,-0.294501,-0.0918933,-1.47728
537.2,-0.297755,-0.309704,-0.115985,-1.47728
537.3,-0.285009,-0.323035,-0.13869,-1.47728
537.4,-0.27007,-0.334363,-0.159828,-1.47728
537.5,-0.253101,-0.34358,-0.179251,-1.47728
537.6,-0.23428,-0.3506,-0.196844,-1.47728
537.7,-0.213796,-0.355359,-0.212523,-1.47728
537.8,-0.191841,-0.357813,-0.226235,-1.47728
537.9,-0.168615,-0.357942,-0.237949,-1.47728
538,-0.144318,-0.355745,-0.24766,-1.47728
538.1,-0.11915,-0.35124,-0.255377,-1.47728
538.2,-0.0933085,-0.344466,-0.261127,-1.47728
538.3,-0.0669891,-0.335477,-0.264943,-1.47728
538.4,-0.040383,-0.324343,-0.266867,-1.47728
538.5,-0.0136774,-0.31115,-0.266939,-1.47728
538.6,0.0129445,-0.295998,-0.265201,-1.47728
538.7,0.0393036,-0.279001,-0.26169,-1.47728
538.8,0.0652243,-0.260281,-0.256436,-1.47728
538.9,0.0905334,-0.239975,-0.249462,-1.47728
539,0.11506,-0.218227,-0.240785,-1.47728
539.1,0.138634,-0.195193,-0.230411,-1.47728
539.2,0.161086,-0.171037,-0.21834,-1.47728
539.3,0.182245,-0.145931,-0.204568,-1.47728
539.4,0.201942,-0.120056,-0.189085,-1.47728
539.5,0.220005,-0.0936013,-0.171883,-1.47728
539.6,0.236261,-0.0667619,-0.152956,-1.47728
539.7,0.250539,-0.0397418,-0.132307,-1.47728
539.8,0.262665,-0.0127513,-0.109949,-1.47728
539.9,0.272472,0.0139931,-0.0859115,-1.47728
540,0.279793,0.0402688,-0.0602471,-1.47728
540.1,0.28447,0.0658484,-0.033033,-1.47728
540.2,0.286352,0.0905003,-0.00437743,-1.47728
540.3,0.285302,0.11399,0.0255764,-1.47728
540.4,0.281199,0.136083,0.0566468,-1.47728
540.5,0.273943,0.156544,0.0886109,-1.47728
540.6,0.263456,0.175141,0.121203,-1.47728
540.7,0.249692,0.191647,0.154114,-1.47728
540.8,0.232634,0.205843,0.186994,-1.47728
540.9,0.212307,0.217522,0.219451,-1.47728
541,0.188773,0.226491,0.25106,-1.47728
541.1,0.162138,0.232572,0.281369,-1.47728
541.2,0.132558,0.235613,0.309902,-1.47728
541.3,0.100233,0.235484,0.336176,-1.47728
541.4,0.0654142,0.232083,0.359705,-1.47728
541.5,0.0283992,0.225341,0.380021,-1.47728
541.6,-0.0104681,0.215223,0.39668,-1.47728
541.7,-0.0508015,0.201732,0.40928,-1.47728
541.8,-0.0921772,0.18491,0.417474,-1.47728
541.9,-0.13414,0.16484,0.420981,-1.47728
542,-0.17621,0.141647,0.419603,-1.47728
542.1,-0.217894,0.115496,0.413229,-1.47728
542.2,-0.258689,0.086594,0.401845,-1.47728
542.3,-0.298099,0.0551866,0.38554,-1.47728
542.4,-0.335639,0.021555,0.364505,-1.47728
542.5,-0.370852,-0.0139872,0.339031,-1.47728
542.6,-0.40331,-0.0510986,0.309503,-1.47728
542.7,-0.432633,-0.0894147,0.276393,-1.47728
542.8,-0.458488,-0.128554,0.240246,-1.47728
542.9,-0.480601,-0.168125,0.201664,-1.47728
543,-0.498761,-0.20773,0.161292,-1.47728
543.1,-0.512822,-0.246973,0.1198,-1.47728
543.2,-0.522706,-0.28547,0.0778597,-1.47728
543.3,-0.528401,-0.322847,0.0361337,-1.47728
543.4,-0.529961,-0.358752,-0.0047473,-1.47728
543.5,-0.527499,-0.392859,-0.0441975,-1.47728
543.6,-0.521187,-0.424872,-0.0816897,-1.47728
543.7,-0.511242,-0.454528,-0.116766,-1.47728
543.8,-0.497927,-0.481599,-0.149044,-1.47728
543.9,-0.481537,-0.505897,-0.178224,-1.47728
544,-0.462393,-0.527273,-0.204086,-1.47728
544.1,-0.440835,-0.545618,-0.226495,-1.47728
544.2,-0.417211,-0.560861,-0.245389,-1.47728
544.3,-0.391873,-0.572969,-0.260781,-1.47728
544.4,-0.365169,-0.581946,-0.272744,-1.47728
544.5,-0.337435,-0.587826,-0.281407,-1.47728
544.6,-0.308992,-0.590677,-0.286946,-1.47728
544.7,-0.280143,-0.590592,-0.28957,-1.47728
544.8,-0.251167,-0.587689,-0.289512,-1.47728
544.9,-0.222321,-0.582106,-0.287026,-1.47728
545,-0.193835,-0.573997,-0.282367,-1.47728
545.1,-0.165912,-0.563531,-0.275796,-1.47728
545.2,-0.138731,-0.550887,-0.267563,-1.47728
545.3,-0.112446,-0.536252,-0.257908,-1.47728
545.4,-0.0871892,-0.519815,-0.247053,-1.47728
545.5,-0.0630689,-0.501773,-0.235203,-1.47728
545.6,-0.0401756,-0.482316,-0.22254,-1.47728
545.7,-0.0185826,-0.46164,-0.209224,-1.47728
545.8,0.0016521,-0.439932,-0.195393,-1.47728
545.9,0.0204828,-0.417377,-0.181163,-1.47728
546,0.0378747,-0.394156,-0.16663,-1.47728
546.1,0.0538013,-0.370444,-0.151871,-1.47728
546.2,0.0682433,-0.346407,-0.136947,-1.47728
546.3,0.0811867,-0.322207,-0.121905,-1.47728
546.4,0.0926217,-0.297999,-0.106783,-1.47728
546.5,0.102542,-0.273931,-0.0916085,-1.47728
546.6,0.110942,-0.250144,-0.0764044,-1.47728
546.7,0.117822,-0.226772,-0.0611909,-1.47728
546.8,0.123181,-0.203944,-0.0459885,-1.47728
546.9,0.127021,-0.181781,-0.0308196,-1.47728
547,0.129347,-0.160399,-0.0157113,-1.47728
547.1,0.130166,-0.139907,-0.000696842,-1.47728
547.2,0.129491,-0.120408,0.0141826,-1.47728
547.3,0.127336,-0.101999,0.0288769,-1.47728
547.4,0.123724,-0.0847699,0.043326,-1.47728
547.5,0.118681,-0.0688039,0.0574599,-1.47728
547.6,0.112245,-0.0541774,0.0711984,-1.47728
547.7,0.104458,-0.0409588,0.0844515,-1.47728
547.8,0.0953739,-0.0292087,0.0971205,-1.47728
547.9,0.0850567,-0.0189789,0.109099,-1.47728
548,0.0735808,-0.010312,0.120275,-1.47728
548.1,0.0610323,-0.00324072,0.130533,-1.47728
548.2,0.0475088,0.00221294,0.139755,-1.47728
548.3,0.0331198,0.00603803,0.147824,-1.47728
548.4,0.0179863,0.0082354,0.154627,-1.47728
548.5,0.00224008,0.00881823,0.160059,-1.47728
548.6,-0.0139767,0.00781239,0.164024,-1.47728
548.7,-0.0305129,0.00525683,0.166436,-1.47728
548.8,-0.0472098,0.00120372,0.167227,-1.47728
548.9,-0.0639025,-0.0042815,0.166345,-1.47728
549,-0.080422,-0.0111203,0.163758,-1.47728
549.1,-0.0965969,-0.0192213,0.159456,-1.47728
549.2,-0.112256,-0.028481,0.15345,-1.47728
549.3,-0.127231,-0.0387843,0.145776,-1.47728
549.4,-0.141358,-0.0500053,0.136491,-1.47728
549.5,-0.154479,-0.0620087,0.125679,-1.47728
549.6,-0.166446,-0.074651,0.113441,-1.47728
549.7,-0.177123,-0.0877817,0.099901,-1.47728
549.8,-0.186387,-0.101245,0.0852016,-1.47728
549.9,-0.19413,-0.114881,0.0694997,-1.47728
550,-0.20026,-0.128529,0.0529656,-1.47728
550.1,-0.204702,-0.142026,0.035779,-1.47728
550.2,-0.2074,-0.155214,0.0181259,-1.47728
550.3,-0.208318,-0.167933,0.000195472,-1.47728
550.4,-0.207436,-0.180034,-0.0178238,-1.47728
550.5,-0.204756,-0.19137,-0.0357466,-1.47728
550.6,-0.200296,-0.201804,-0.0533939,-1.47728
550.7,-0.194092,-0.211208,-0.0705958,-1.47728
550.8,-0.186197,-0.219464,-0.0871929,-1.47728
550.9,-0.176679,-0.226468,-0.103038,-1.47728
551,-0.165619,-0.232124,-0.117999,-1.47728
551.1,-0.153112,-0.236354,-0.131957,-1.47728
551.2,-0.139264,-0.239091,-0.144806,-1.47728
551.3,-0.124191,-0.240283,-0.156458,-1.47728
551.4,-0.108015,-0.239891,-0.166836,-1.47728
551.5,-0.0908684,-0.237891,-0.175875,-1.47728
551.6,-0.0728867,-0.234275,-0.183524,-1.47728
551.7,-0.0542114,-0.229045,-0.18974,-1.47728
551.8,-0.0349875,-0.222221,-0.194489,-1.47728
551.9,-0.0153633,-0.213833,-0.197745,-1.47728
552,0.00451086,-0.203927,-0.199484,-1.47728
552.1,0.0244825,-0.192559,-0.199691,-1.47728
552.2,0.0443975,-0.1798,-0.19835,-1.47728
552.3,0.0641005,-0.165729,-0.19545,-1.47728
552.4,0.0834351,-0.150439,-0.190979,-1.47728
552.5,0.102244,-0.134034,-0.184928,-1.47728
552.6,0.120368,-0.116627,-0.177291,-1.47728
552.7,0.137649,-0.0983406,-0.168062,-1.47728
552.8,0.153927,-0.0793087,-0.157239,-1.47728
552.9,0.169044,-0.0596731,-0.144826,-1.47728
553,0.18284,-0.0395843,-0.130833,-1.47728
553.1,0.195158,-0.0192009,-0.115279,-1.47728
553.2,0.205844,0.00131087,-0.0981955,-1.47728
553.3,0.214748,0.0217782,-0.0796265,-1.47728
553.4,0.221722,0.042022,-0.0596339,-1.47728
553.5,0.22663,0.0618583,-0.0382991,-1.47728
553.6,0.229341,0.0810988,-0.015726,-1.47728
553.7,0.229738,0.0995525,0.00795649,-1.47728
553.8,0.227718,0.117027,0.0325926,-1.47728
553.9,0.223194,0.133329,0.0579979,-1.47728
554,0.216099,0.14827,0.0839583,-1.47728
554.1,0.206392,0.161661,0.11023,-1.47728
554.2,0.194052,0.173323,0.136541,-1.47728
554.3,0.179092,0.183083,0.162591,-1.47728
554.4,0.161553,0.190781,0.188057,-1.47728
554.5,0.141512,0.196269,0.212595,-1.47728
554.6,0.119077,0.199416,0.235848,-1.47728
554.7,0.0943972,0.200109,0.257449,-1.47728
554.8,0.0676548,0.198258,0.277031,-1.47728
554.9,0.0390701,0.193796,0.294237,-1.47728
555,0.00889806,0.186684,0.308724,-1.47728
555.1,-0.0225734,0.176909,0.320175,-1.47728
555.2,-0.0550265,0.16449,0.328312,-1.47728
555.3,-0.0881173,0.149476,0.332897,-1.47728
555.4,-0.121481,0.131951,0.333748,-1.47728
555.5,-0.154738,0.112029,0.330742,-1.47728
555.6,-0.187499,0.0898548,0.323825,-1.47728
555.7,-0.219373,0.0656074,0.313008,-1.47728
555.8,-0.249974,0.039493,0.29838,-1.47728
555.9,-0.278927,0.0117455,0.2801,-1.47728
556,-0.305879,-0.0173773,0.258396,-1.47728
556.1,-0.330502,-0.0475967,0.233563,-1.47728
556.2,-0.352499,-0.0786172,0.205955,-1.47728
556.3,-0.371614,-0.110131,0.175974,-1.47728
556.4,-0.38763,-0.141821,0.144065,-1.47728
556.5,-0.400378,-0.173368,0.110699,-1.47728
556.6,-0.409738,-0.204454,0.0763643,-1.47728
556.7,-0.415635,-0.234767,0.041552,-1.47728
556.8,-0.418048,-0.264006,0.00674595,-1.47728
556.9,-0.417,-0.291884,-0.0275898,-1.47728
557,-0.41256,-0.318132,-0.0610212,-1.47728
557.1,-0.404839,-0.342505,-0.0931529,-1.47728
557.2,-0.393985,-0.36478,-0.123635,-1.47728
557.3,-0.380177,-0.384763,-0.15217,-1.47728
557.4,-0.363624,-0.402288,-0.178511,-1.47728
557.5,-0.344555,-0.417219,-0.20247,-1.47728
557.6,-0.323214,-0.429447,-0.22391,-1.47728
557.7,-0.299859,-0.438896,-0.242747,-1.47728
557.8,-0.274753,-0.445518,-0.258945,-1.47728
557.9,-0.248158,-0.449293,-0.27251,-1.47728
558,-0.220337,-0.450227,-0.283484,-1.47728
558.1,-0.191545,-0.448352,-0.29194,-1.47728
558.2,-0.16203,-0.443722,-0.297973,-1.47728
558.3,-0.132028,-0.436414,-0.301693,-1.47728
558.4,-0.101764,-0.426521,-0.303223,-1.47728
558.5,-0.0714523,-0.414154,-0.302684,-1.47728
558.6,-0.0412925,-0.39944,-0.300198,-1.47728
558.7,-0.0114738,-0.382517,-0.295879,-1.47728
558.8,0.0178257,-0.363535,-0.28983,-1.47728
558.9,0.0464376,-0.342653,-0.28214,-1.47728
559,0.0742015,-0.320039,-0.272882,-1.47728
559.1,0.100964,-0.295868,-0.262112,-1.47728
559.2,0.126575,-0.270321,-0.249871,-1.47728
559.3,0.15089,-0.243584,-0.236181,-1.47728
559.4,0.173763,-0.215849,-0.221053,-1.47728
559.5,0.195052,-0.187313,-0.204487,-1.47728
559.6,0.214612,-0.158175,-0.186473,-1.47728
559.7,0.232298,-0.128642,-0.166999,-1.47728
559.8,0.247963,-0.0989219,-0.146052,-1.47728
559.9,0.261459,-0.0692289,-0.123628,-1.47728
560,0.27264,-0.0397802,-0.0997291,-1.47728
560.1,0.281357,-0.0107973,-0.0743783,-1.47728
560.2,0.287468,0.0174955,-0.0476181,-1.47728
560.3,0.290836,0.0448706,-0.0195184,-1.47728
560.4,0.291331,0.0710989,0.009819,-1.47728
560.5,0.288835,0.0959501,0.0402562,-1.47728
560.6,0.283249,0.119195,0.0716156,-1.47728
560.7,0.274489,0.140605,0.103677,-1.47728
560.8,0.262498,0.159958,0.136178,-1.47728
560.9,0.247249,0.177038,0.168811,-1.47728
561,0.228743,0.191637,0.201227,-1.47728
561.1,0.207023,0.203561,0.233038,-1.47728
561.2,0.18217,0.212629,0.263824,-1.47728
561.3,0.154308,0.218682,0.293135,-1.47728
561.4,0.123608,0.22158,0.320508,-1.47728
561.5,0.0902867,0.221212,0.345467,-1.47728
561.6,0.0546102,0.217494,0.367544,-1.47728
561.7,0.0168892,0.210373,0.386285,-1.47728
561.8,-0.0225216,0.199835,0.401271,-1.47728
561.9,-0.0632271,0.185899,0.412122,-1.47728
562,-0.104797,0.168626,0.41852,-1.47728
562.1,-0.146774,0.148117,0.420217,-1.47728
562.2,-0.188678,0.124514,0.417044,-1.47728
562.3,-0.230018,0.0979975,0.408927,-1.47728
562.4,-0.2703,0.0687904,0.395885,-1.47728
562.5,-0.309035,0.0371507,0.37804,-1.47728
562.6,-0.345755,0.00337121,0.355615,-1.47728
562.7,-0.380016,-0.0322251,0.328928,-1.47728
562.8,-0.411412,-0.0692894,0.29839,-1.47728
562.9,-0.439582,-0.107453,0.264491,-1.47728
563,-0.464217,-0.146331,0.22779,-1.47728
563.1,-0.485067,-0.185531,0.188898,-1.47728
563.2,-0.501945,-0.22466,0.148459,-1.47728
563.3,-0.514729,-0.263325,0.107139,-1.47728
563.4,-0.523365,-0.301149,0.0656004,-1.47728
563.5,-0.527864,-0.337766,0.024488,-1.47728
563.6,-0.528297,-0.372835,-0.0155877,-1.47728
563.7,-0.524799,-0.406042,-0.0540657,-1.47728
563.8,-0.517554,-0.437102,-0.0904459,-1.47728
563.9,-0.506794,-0.465765,-0.124299,-1.47728
564,-0.49279,-0.491819,-0.155274,-1.47728
564.1,-0.475845,-0.51509,-0.183099,-1.47728
564.2,-0.456282,-0.535441,-0.207583,-1.47728
564.3,-0.434443,-0.552776,-0.228616,-1.47728
564.4,-0.410675,-0.567039,-0.246162,-1.47728
564.5,-0.385326,-0.578206,-0.260251,-1.47728
564.6,-0.358737,-0.586293,-0.270976,-1.47728
564.7,-0.331238,-0.591345,-0.27848,-1.47728
564.8,-0.303142,-0.593436,-0.282949,-1.47728
564.9,-0.274743,-0.592667,-0.284597,-1.47728
565,-0.246309,-0.589162,-0.283666,-1.47728
565.1,-0.218087,-0.583063,-0.280408,-1.47728
565.2,-0.190296,-0.574528,-0.27508,-1.47728
565.3,-0.163131,-0.563728,-0.267939,-1.47728
565.4,-0.136761,-0.550843,-0.259234,-1.47728
565.5,-0.111329,-0.536059,-0.249199,-1.47728
565.6,-0.0869578,-0.519567,-0.238053,-1.47728
565.7,-0.0637486,-0.501558,-0.225994,-1.47728
565.8,-0.0417834,-0.482224,-0.213202,-1.47728
565.9,-0.0211276,-0.461755,-0.199831,-1.47728
566,-0.00183206,-0.440335,-0.186015,-1.47728
566.1,0.0160645,-0.418147,-0.171869,-1.47728
566.2,0.0325339,-0.395365,-0.157486,-1.47728
566.3,0.0475563,-0.372159,-0.142942,-1.47728
566.4,0.0611189,-0.348691,-0.128297,-1.47728
566.5,0.0732139,-0.325117,-0.113599,-1.47728
566.6,0.0838382,-0.301585,-0.0988863,-1.47728
566.7,0.0929917,-0.278237,-0.0841874,-1.47728
566.8,0.100677,-0.255207,-0.0695268,-1.47728
566.9,0.106899,-0.232622,-0.0549264,-1.47728
567,0.111665,-0.210604,-0.0404076,-1.47728
567.1,0.114984,-0.189266,-0.0259938,-1.47728
567.2,0.116868,-0.168715,-0.011712,-1.47728
567.3,0.117332,-0.149053,0.00240501,-1.47728
567.4,0.116394,-0.130374,0.016318,-1.47728
567.5,0.114077,-0.112765,0.02998,-1.47728
567.6,0.110408,-0.0963077,0.0433356,-1.47728
567.7,0.105422,-0.081076,0.0563207,-1.47728
567.8,0.0991587,-0.0671368,0.0688631,-1.47728
567.9,0.0916667,-0.0545491,0.0808822,-1.47728
568,0.0830026,-0.0433642,0.0922907,-1.47728
568.1,0.0732321,-0.0336249,0.102995,-1.47728
568.2,0.0624303,-0.025365,0.112898,-1.47728
568.3,0.0506826,-0.0186088,0.121899,-1.47728
568.4,0.038084,-0.0133707,0.129897,-1.47728
568.5,0.02474,-0.00965444,0.136793,-1.47728
568.6,0.0107653,-0.00745301,0.142493,-1.47728
568.7,-0.00371578,-0.00674801,0.146909,-1.47728
568.8,-0.0185709,-0.0075094,0.149961,-1.47728
568.9,-0.0336603,-0.00969533,0.151583,-1.47728
569,-0.0488381,-0.013252,0.151721,-1.47728
569.1,-0.0639539,-0.0181139,0.150337,-1.47728
569.2,-0.0788542,-0.0242038,0.147411,-1.47728
569.3,-0.0933846,-0.0314331,0.142942,-1.47728
569.4,-0.107392,-0.0397026,0.136946,-1.47728
569.5,-0.120724,-0.0489031,0.129464,-1.47728
569.6,-0.133237,-0.0589162,0.120552,-1.47728
569.7,-0.14479,-0.0696154,0.110291,-1.47728
569.8,-0.155253,-0.0808671,0.0987752,-1.47728
569.9,-0.164507,-0.0925321,0.0861201,-1.47728
570,-0.172443,-0.104467,0.0724545,-1.47728
570.1,-0.178969,-0.116525,0.0579209,-1.47728
570.2,-0.184004,-0.128559,0.0426725,-1.47728
570.3,-0.187485,-0.140421,0.02687,-1.47728
570.4,-0.189365,-0.151966,0.0106798,-1.47728
570.5,-0.189613,-0.163051,-0.0057299,-1.47728
570.6,-0.188217,-0.173538,-0.022191,-1.47728
570.7,-0.185179,-0.183297,-0.0385387,-1.47728
570.8,-0.180518,-0.192204,-0.0546133,-1.47728
570.9,-0.17427,-0.200144,-0.070263,-1.47728
571,-0.166485,-0.207011,-0.0853447,-1.47728
571.1,-0.157225,-0.21271,-0.0997263,-1.47728
571.2,-0.146567,-0.217159,-0.113287,-1.47728
571.3,-0.134598,-0.220286,-0.125918,-1.47728
571.4,-0.121418,-0.222033,-0.137523,-1.47728
571.5,-0.107131,-0.222353,-0.148017,-1.47728
571.6,-0.0918536,-0.221215,-0.157327,-1.47728
571.7,-0.0757071,-0.218598,-0.165392,-1.47728
571.8,-0.0588186,-0.214496,-0.172158,-1.47728
571.9,-0.0413203,-0.208916,-0.177581,-1.47728
572,-0.0233483,-0.201877,-0.181626,-1.47728
572.1,-0.00504211,-0.193411,-0.184262,-1.47728
572.2,0.0134562,-0.183561,-0.185464,-1.47728
572.3,0.0320022,-0.172384,-0.185211,-1.47728
572.4,0.0504494,-0.159947,-0.183487,-1.47728
572.5,0.06865,-0.146328,-0.180276,-1.47728
572.6,0.0864546,-0.131615,-0.175566,-1.47728
572.7,0.103713,-0.11591,-0.169349,-1.47728
572.8,0.120274,-0.0993199,-0.161619,-1.47728
572.9,0.135986,-0.0819641,-0.152372,-1.47728
573,0.150698,-0.0639702,-0.141613,-1.47728
573.1,0.164259,-0.0454742,-0.129349,-1.47728
573.2,0.176518,-0.0266204,-0.115598,-1.47728
573.3,0.18733,-0.00756028,-0.100388,-1.47728
573.4,0.196548,0.0115477,-0.0837581,-1.47728
573.5,0.204036,0.0305389,-0.0657629,-1.47728
573.6,0.209658,0.0492435,-0.0464741,-1.47728
573.7,0.21329,0.0674874,-0.0259828,-1.47728
573.8,0.214818,0.0850933,-0.0044016,-1.47728
573.9,0.214139,0.101882,0.018133,-1.47728
574,0.211165,0.117673,0.0414595,-1.47728
574.1,0.205827,0.132288,0.0653902,-1.47728
574.2,0.198074,0.145552,0.0897109,-1.47728
574.3,0.18788,0.157292,0.114181,-1.47728
574.4,0.175242,0.167345,0.138537,-1.47728
574.5,0.160186,0.175556,0.162489,-1.47728
574.6,0.142767,0.181781,0.185732,-1.47728
574.7,0.123074,0.185891,0.207943,-1.47728
574.8,0.101224,0.187772,0.228791,-1.47728
574.9,0.0773719,0.18733,0.247941,-1.47728
575,0.0517037,0.184492,0.26506,-1.47728
575.1,0.0244384,0.179209,0.279828,-1.47728
575.2,-0.0041735,0.171456,0.291945,-1.47728
575.3,-0.0338529,0.161234,0.301136,-1.47728
575.4,-0.0642952,0.148577,0.307164,-1.47728
575.5,-0.0951739,0.133543,0.309836,-1.47728
575.6,-0.126146,0.116223,0.309009,-1.47728
575.7,-0.156856,0.0967362,0.304594,-1.47728
575.8,-0.186944,0.0752322,0.296568,-1.47728
575.9,-0.21605,0.0518875,0.284969,-1.47728
576,-0.243822,0.0269051,0.2699,-1.47728
576.1,-0.26992,0.000511899,0.25153,-1.47728
576.2,-0.294026,-0.0270443,0.230088,-1.47728
576.3,-0.315845,-0.0554976,0.205861,-1.47728
576.4,-0.335116,-0.0845683,0.179183,-1.47728
576.5,-0.351613,-0.113966,0.150434,-1.47728
576.6,-0.365148,-0.143395,0.120024,-1.47728
576.7,-0.375577,-0.172557,0.0883851,-1.47728
576.8,-0.382799,-0.201157,0.0559621,-1.47728
576.9,-0.386758,-0.228906,0.0231993,-1.47728
577,-0.387442,-0.255527,-0.00946845,-1.47728
577.1,-0.384881,-0.280757,-0.0416262,-1.47728
577.2,-0.379146,-0.304349,-0.0728874,-1.47728
577.3,-0.370345,-0.32608,-0.102901,-1.47728
577.4,-0.358618,-0.345747,-0.131357,-1.47728
577.5,-0.344134,-0.363174,-0.157992,-1.47728
577.6,-0.327088,-0.378211,-0.182588,-1.47728
577.7,-0.30769,-0.390734,-0.204978,-1.47728
577.8,-0.28617,-0.400648,-0.225038,-1.47728
577.9,-0.262763,-0.407885,-0.242691,-1.47728
578,-0.237713,-0.412403,-0.257901,-1.47728
578.1,-0.211264,-0.414186,-0.270666,-1.47728
578.2,-0.18366,-0.413244,-0.281015,-1.47728
578.3,-0.15514,-0.409608,-0.289002,-1.47728
578.4,-0.125936,-0.403333,-0.294698,-1.47728
578.5,-0.0962742,-0.39449,-0.298186,-1.47728
578.6,-0.0663698,-0.383172,-0.299557,-1.47728
578.7,-0.0364304,-0.369485,-0.298901,-1.47728
578.8,-0.00665428,-0.353552,-0.296306,-1.47728
578.9,0.0227687,-0.335508,-0.29185,-1.47728
579,0.051656,-0.315498,-0.285603,-1.47728
579.1,0.0798315,-0.293681,-0.277621,-1.47728
579.2,0.107124,-0.270221,-0.267946,-1.47728
579.3,0.133365,-0.245293,-0.256604,-1.47728
579.4,0.15839,-0.21908,-0.243611,-1.47728
579.5,0.182032,-0.191772,-0.228968,-1.47728
579.6,0.204128,-0.163563,-0.212668,-1.47728
579.7,0.22451,-0.134658,-0.194696,-1.47728
579.8,0.243011,-0.105266,-0.175037,-1.47728
579.9,0.259461,-0.0756025,-0.153676,-1.47728
580,0.273689,-0.0458887,-0.130607,-1.47728
580.1,0.285525,-0.0163525,-0.105836,-1.47728
580.2,0.2948,0.0127731,-0.079387,-1.47728
580.3,0.301349,0.0412501,-0.0513095,-1.47728
580.4,0.305011,0.0688364,-0.021682,-1.47728
580.5,0.305637,0.0952864,0.00938183,-1.47728
580.6,0.303091,0.120352,0.0417284,-1.47728
580.7,0.297255,0.143787,0.0751605,-1.47728
580.8,0.288031,0.165343,0.109434,-1.47728
580.9,0.27535,0.184779,0.144257,-1.47728
581,0.259173,0.201858,0.17929,-1.47728
581.1,0.239498,0.216354,0.214145,-1.47728
581.2,0.216364,0.228053,0.248394,-1.47728
581.3,0.189855,0.236759,0.281569,-1.47728
581.4,0.160103,0.242293,0.313174,-1.47728
581.5,0.12729,0.244503,0.342694,-1.47728
581.6,0.0916508,0.243264,0.369604,-1.47728
581.7,0.053473,0.238482,0.393387,-1.47728
581.8,0.0130944,0.230097,0.413542,-1.47728
581.9,-0.0290989,0.218091,0.429606,-1.47728
582,-0.0726765,0.202482,0.441165,-1.47728
582.1,-0.11717,0.183335,0.447872,-1.47728
582.2,-0.16208,0.160758,0.449459,-1.47728
582.3,-0.206885,0.134902,0.445752,-1.47728
582.4,-0.251052,0.105963,0.436678,-1.47728
582.5,-0.294043,0.0741817,0.422273,-1.47728
582.6,-0.335333,0.0398361,0.402686,-1.47728
582.7,-0.374416,0.00324255,0.378179,-1.47728
582.8,-0.410817,-0.0352503,0.349123,-1.47728
582.9,-0.444105,-0.0752666,0.315988,-1.47728
583,-0.473897,-0.116409,0.27933,-1.47728
583.1,-0.499874,-0.158266,0.239782,-1.47728
583.2,-0.52178,-0.200417,0.198029,-1.47728
583.3,-0.539431,-0.242441,0.154793,-1.47728
583.4,-0.552714,-0.283922,0.110813,-1.47728
583.5,-0.561593,-0.32446,0.0668194,-1.47728
583.6,-0.566101,-0.363671,0.0235206,-1.47728
583.7,-0.566342,-0.401199,-0.0184198,-1.47728
583.8,-0.562483,-0.436716,-0.0583969,-1.47728
583.9,-0.554746,-0.469933,-0.0958779,-1.47728
584,-0.543405,-0.500595,-0.130412,-1.47728
584.1,-0.528774,-0.528491,-0.161637,-1.47728
584.2,-0.511197,-0.553451,-0.189283,-1.47728
584.3,-0.491043,-0.57535,-0.21317,-1.47728
584.4,-0.468692,-0.594104,-0.233208,-1.47728
584.5,-0.44453,-0.609671,-0.249387,-1.47728
584.6,-0.418941,-0.622049,-0.261773,-1.47728
584.7,-0.392297,-0.631272,-0.270499,-1.47728
584.8,-0.364957,-0.637409,-0.27575,-1.47728
584.9,-0.337256,-0.64056,-0.277757,-1.47728
585,-0.309505,-0.64085,-0.276785,-1.47728
585.1,-0.281988,-0.638429,-0.273119,-1.47728
585.2,-0.254961,-0.633464,-0.26706,-1.47728
585.3,-0.228646,-0.626138,-0.258912,-1.47728
585.4,-0.203238,-0.616646,-0.248978,-1.47728
585.5,-0.1789,-0.605189,-0.237548,-1.47728
585.6,-0.155769,-0.591976,-0.224899,-1.47728
585.7,-0.133953,-0.577215,-0.211291,-1.47728
585.8,-0.113535,-0.561114,-0.196962,-1.47728
585.9,-0.094577,-0.543878,-0.182126,-1.47728
586,-0.07712,-0.525707,-0.166976,-1.47728
586.1,-0.0611866,-0.506795,-0.15168,-1.47728
586.2,-0.046784,-0.487326,-0.136384,-1.47728
586.3,-0.0339055,-0.467476,-0.121215,-1.47728
586.4,-0.0225331,-0.447413,-0.106279,-1.47728
586.5,-0.0126389,-0.427292,-0.091665,-1.47728
586.6,-0.00418691,-0.407258,-0.0774469,-1.47728
586.7,0.00286571,-0.387446,-0.063686,-1.47728
586.8,0.00856722,-0.36798,-0.0504324,-1.47728
586.9,0.0129705,-0.34897,-0.0377275,-1.47728
587,0.0161321,-0.330521,-0.0256054,-1.47728
587.1,0.018112,-0.312721,-0.014095,-1.47728
587.2,0.0189724,-0.295651,-0.00322123,-1.47728
587.3,0.0187782,-0.279383,0.00699401,-1.47728
587.4,0.0175962,-0.263976,0.0165305,-1.47728
587.5,0.0154953,-0.249481,0.0253694,-1.47728
587.6,0.0125462,-0.235941,0.0334925,-1.47728
587.7,0.00882125,-0.223387,0.0408821,-1.47728
587.8,0.00439478,-0.211845,0.0475209,-1.47728
587.9,-0.000657349,-0.201328,0.0533924,-1.47728
588,-0.0062576,-0.191844,0.058481,-1.47728
588.1,-0.012327,-0.183393,0.0627722,-1.47728
588.2,-0.018785,-0.175966,0.0662536,-1.47728
588.3,-0.0255504,-0.169547,0.0689153,-1.47728
588.4,-0.0325406,-0.164113,0.0707503,-1.47728
588.5,-0.0396728,-0.159633,0.0717555,-1.47728
588.6,-0.046864,-0.156071,0.0719318,-1.47728
588.7,-0.0540317,-0.153383,0.0712853,-1.47728
588.8,-0.061094,-0.151521,0.0698274,-1.47728
588.9,-0.0679707,-0.150431,0.0675753,-1.47728
589,-0.0745834,-0.150052,0.0645522,-1.47728
589.1,-0.0808564,-0.15032,0.0607875,-1.47728
589.2,-0.0867173,-0.151168,0.0563172,-1.47728
589.3,-0.0920977,-0.152522,0.0511832,-1.47728
589.4,-0.0969335,-0.15431,0.0454335,-1.47728
589.5,-0.101166,-0.156452,0.0391219,-1.47728
589.6,-0.104741,-0.158871,0.0323071,-1.47728
589.7,-0.107612,-0.161486,0.0250527,-1.47728
589.8,-0.109739,-0.164218,0.0174262,-1.47728
589.9,-0.111088,-0.166986,0.0094983,-1.47728
590,-0.111631,-0.169711,0.00134218,-1.47728
590.1,-0.111351,-0.172316,-0.00696727,-1.47728
590.2,-0.110235,-0.174725,-0.0153543,-1.47728
590.3,-0.10828,-0.176867,-0.0237432,-1.47728
590.4,-0.105489,-0.178672,-0.0320587,-1.47728
590.5,-0.101873,-0.180076,-0.0402273,-1.47728
590.6,-0.0974508,-0.18102,-0.0481771,-1.47728
590.7,-0.0922474,-0.181447,-0.0558392,-1.47728
590.8,-0.0862948,-0.181309,-0.0631475,-1.47728
590.9,-0.0796317,-0.180562,-0.0700396,-1.47728
591,-0.0723027,-0.179168,-0.0764567,-1.47728
591.1,-0.0643581,-0.177096,-0.0823439,-1.47728
591.2,-0.0558533,-0.174323,-0.0876507,-1.47728
591.3,-0.0468488,-0.17083,-0.0923305,-1.47728
591.4,-0.0374095,-0.166607,-0.096341,-1.47728
591.5,-0.0276042,-0.161651,-0.0996439,-1.47728
591.6,-0.0175055,-0.155965,-0.102205,-1.47728
591.7,-0.00718897,-0.14956,-0.103994,-1.47728
591.8,0.00326671,-0.142454,-0.104985,-1.47728
591.9,0.0137806,-0.134671,-0.105154,-1.47728
592,0.0242696,-0.126242,-0.104484,-1.47728
592.1,0.0346489,-0.117207,-0.10296,-1.47728
592.2,0.0448327,-0.107608,-0.10057,-1.47728
592.3,0.0547338,-0.0974973,-0.0973077,-1.47728
592.4,0.064265,-0.0869314,-0.0931711,-1.47728
592.5,0.0733389,-0.0759729,-0.0881625,-1.47728
592.6,0.0818687,-0.0646899,-0.0822895,-1.47728
592.7,0.0897685,-0.0531554,-0.0755654,-1.47728
592.8,0.0969541,-0.0414473,-0.06801,-1.47728
592.9,0.103344,-0.0296479,-0.0596497,-1.47728
593,0.108858,-0.0178431,-0.0505185,-1.47728
593.1,0.113423,-0.0061222,-0.0406589,-1.47728
593.2,0.116967,0.00542267,-0.0301219,-1.47728
593.3,0.119427,0.0166974,-0.0189682,-1.47728
593.4,0.120743,0.0276063,-0.00726822,-1.47728
593.5,0.120865,0.0380532,0.00489711,-1.47728
593.6,0.119751,0.047942,0.0174364,-1.47728
593.7,0.117369,0.0571778,0.0302477,-1.47728
593.8,0.113696,0.0656674,0.0432187,-1.47728
593.9,0.108724,0.0733209,0.0562273,-1.47728
594,0.102454,0.0800522,0.0691422,-1.47728
594.1,0.0949029,0.0857804,0.0818241,-1.47728
594.2,0.0861016,0.090431,0.094127,-1.47728
594.3,0.0760952,0.0939365,0.1059,-1.47728
594.4,0.0649443,0.0962383,0.11699,-1.47728
594.5,0.0527252,0.0972868,0.127242,-1.47728
594.6,0.0395291,0.0970436,0.136503,-1.47728
594.7,0.0254625,0.0954813,0.144627,-1.47728
594.8,0.0106463,0.0925852,0.151473,-1.47728
594.9,-0.00478519,0.0883537,0.156912,-1.47728
595,-0.0206853,0.0827992,0.160828,-1.47728
595.1,-0.0368967,0.075948,0.163122,-1.47728
595.2,-0.053253,0.0678411,0.163714,-1.47728
595.3,-0.0695808,0.0585342,0.162544,-1.47728
595.4,-0.085702,0.0480973,0.159578,-1.47728
595.5,-0.101436,0.0366144,0.154804,-1.47728
595.6,-0.116603,0.0241833,0.148237,-1.47728
595.7,-0.131025,0.0109143,0.139919,-1.47728
595.8,-0.144531,-0.0030706,0.129918,-1.47728
595.9,-0.156956,-0.017639,0.118326,-1.47728
596,-0.168147,-0.0326493,0.105258,-1.47728
596.1,-0.177963,-0.0479526,0.0908532,-1.47728
596.2,-0.186278,-0.0633942,0.0752683,-1.47728
596.3,-0.192983,-0.0788154,0.0586765,-1.47728
596.4,-0.197986,-0.0940555,0.0412639,-1.47728
596.5,-0.201215,-0.108954,0.0232258,-1.47728
596.6,-0.202617,-0.123351,0.00476339,-1.47728
596.7,-0.20216,-0.137091,-0.01392,-1.47728
596.8,-0.199832,-0.150024,-0.0326226,-1.47728
596.9,-0.195641,-0.162009,-0.0511472,-1.47728
597,-0.189615,-0.172909,-0.0693041,-1.47728
597.1,-0.181799,-0.182601,-0.0869138,-1.47728
597.2,-0.172256,-0.190973,-0.103809,-1.47728
597.3,-0.161066,-0.197924,-0.119835,-1.47728
597.4,-0.148323,-0.203367,-0.134854,-1.47728
597.5,-0.134133,-0.20723,-0.148741,-1.47728
597.6,-0.118616,-0.209454,-0.161388,-1.47728
597.7,-0.1019,-0.209996,-0.172699,-1.47728
597.8,-0.0841232,-0.208827,-0.182594,-1.47728
597.9,-0.0654306,-0.205936,-0.191006,-1.47728
598,-0.0459733,-0.201323,-0.197878,-1.47728
598.1,-0.0259079,-0.195006,-0.203162,-1.47728
598.2,-0.00539522,-0.187017,-0.206819,-1.47728
598.3,0.0154006,-0.177401,-0.208818,-1.47728
598.4,0.0363121,-0.166219,-0.20913,-1.47728
598.5,0.0571696,-0.153544,-0.207734,-1.47728
598.6,0.0778012,-0.139462,-0.204608,-1.47728
598.7,0.098033,-0.124072,-0.199736,-1.47728
598.8,0.11769,-0.107487,-0.193103,-1.47728
598.9,0.136595,-0.0898286,-0.184698,-1.47728
599,0.15457,-0.0712318,-0.174512,-1.47728
599.1,0.171438,-0.0518416,-0.162542,-1.47728
599.2,0.187019,-0.0318136,-0.148792,-1.47728
599.3,0.201137,-0.0113131,-0.133274,-1.47728
599.4,0.213616,0.00948545,-0.116012,-1.47728
599.5,0.224282,0.0303991,-0.0970448,-1.47728
599.6,0.23297,0.0512373,-0.076427,-1.47728
599.7,0.239515,0.0718025,-0.0542347,-1.47728
599.8,0.243767,0.0918916,-0.0305673,-1.47728
599.9,0.245584,0.111297,-0.00555097,-1.47728
600,0.244838,0.129808,0.020659,-1.47728
600.1,0.241418,0.147213,0.0478757,-1.47728
600.2,0.235236,0.1633,0.0758791,-1.47728
600.3,0.226225,0.177861,0.104415,-1.47728
600.4,0.214345,0.190692,0.133197,-1.47728
600.5,0.199588,0.201597,0.161904,-1.47728
600.6,0.181978,0.21039,0.190189,-1.47728
600.7,0.161577,0.216899,0.217675,-1.47728
600.8,0.138483,0.220967,0.243968,-1.47728
600.9,0.112836,0.222457,0.268661,-1.47728
601,0.0848178,0.221254,0.29134,-1.47728
601.1,0.0546491,0.217269,0.311596,-1.47728
601.2,0.0225926,0.210441,0.329032,-1.47728
601.3,-0.011051,0.200739,0.343279,-1.47728
601.4,-0.0459456,0.188163,0.354,-1.47728
601.5,-0.0817238,0.172751,0.360907,-1.47728
601.6,-0.117992,0.154573,0.363768,-1.47728
601.7,-0.154337,0.133737,0.362415,-1.47728
601.8,-0.190331,0.110386,0.356754,-1.47728
601.9,-0.225543,0.0846974,0.346772,-1.47728
602,-0.259544,0.0568832,0.332536,-1.47728
602.1,-0.291914,0.027186,0.314197,-1.47728
602.2,-0.322254,-0.00412355,0.291987,-1.47728
602.3,-0.350192,-0.0367504,0.266216,-1.47728
602.4,-0.375391,-0.0703789,0.237264,-1.47728
602.5,-0.397554,-0.104678,0.205571,-1.47728
602.6,-0.41643,-0.139307,0.171627,-1.47728
602.7,-0.431822,-0.173918,0.135957,-1.47728
602.8,-0.443582,-0.208164,0.0991106,-1.47728
602.9,-0.451623,-0.241705,0.0616426,-1.47728
603,-0.455909,-0.27421,0.0241029,-1.47728
603.1,-0.456459,-0.305364,-0.0129793,-1.47728
603.2,-0.453345,-0.334871,-0.0491072,-1.47728
603.3,-0.446684,-0.36246,-0.0838275,-1.47728
603.4,-0.43664,-0.387885,-0.116739,-1.47728
603.5,-0.423408,-0.410932,-0.147498,-1.47728
603.6,-0.407221,-0.431418,-0.175824,-1.47728
603.7,-0.388332,-0.44919,-0.201503,-1.47728
603.8,-0.367014,-0.464131,-0.22438,-1.47728
603.9,-0.343552,-0.476157,-0.244367,-1.47728
604,-0.318238,-0.485214,-0.261428,-1.47728
604.1,-0.291364,-0.491281,-0.275581,-1.47728
604.2,-0.263217,-0.494366,-0.286889,-1.47728
604.3,-0.234078,-0.494504,-0.295449,-1.47728
604.4,-0.204214,-0.491755,-0.301389,-1.47728
604.5,-0.173882,-0.486202,-0.304857,-1.47728
604.6,-0.14332,-0.477949,-0.306014,-1.47728
604.7,-0.112751,-0.467114,-0.305027,-1.47728
604.8,-0.0823805,-0.453835,-0.302061,-1.47728
604.9,-0.052399,-0.438258,-0.297277,-1.47728
605,-0.0229807,-0.420543,-0.290822,-1.47728
605.1,0.00571413,-0.400857,-0.282829,-1.47728
605.2,0.0335378,-0.379374,-0.273416,-1.47728
605.3,0.0603531,-0.356273,-0.262677,-1.47728
605.4,0.0860317,-0.331738,-0.250691,-1.47728
605.5,0.110452,-0.305955,-0.237516,-1.47728
605.6,0.133497,-0.279115,-0.223191,-1.47728
605.7,0.155052,-0.251409,-0.20774,-1.47728
605.8,0.175007,-0.223028,-0.191174,-1.47728
605.9,0.19325,-0.194169,-0.173495,-1.47728
606,0.209669,-0.165027,-0.154697,-1.47728
606.1,0.224152,-0.135799,-0.134776,-1.47728
606.2,0.236587,-0.106683,-0.113726,-1.47728
606.3,0.24686,-0.0778799,-0.091554,-1.47728
606.4,0.254861,-0.0495903,-0.0682765,-1.47728
606.5,0.26048,-0.0220162,-0.0439285,-1.47728
606.6,0.263612,0.0046397,-0.0185666,-1.47728
606.7,0.264162,0.0301749,0.00772626,-1.47728
606.8,0.26204,0.0543876,0.0348377,-1.47728
606.9,0.257172,0.0770779,0.0626227,-1.47728
607,0.249499,0.0980493,0.0909013,-1.47728
607.1,0.238982,0.11711,0.119458,-1.47728
607.2,0.225606,0.134074,0.148041,-1.47728
607.3,0.209383,0.148767,0.176364,-1.47728
607.4,0.190353,0.161021,0.204109,-1.47728
607.5,0.168592,0.170687,0.23093,-1.47728
607.6,0.14421,0.177629,0.25646,-1.47728
607.7,0.117356,0.181731,0.280315,-1.47728
607.8,0.0882157,0.1829,0.302104,-1.47728
607.9,0.0570166,0.181066,0.321438,-1.47728
608,0.0240225,0.176187,0.337942,-1.47728
608.1,-0.0104657,0.168252,0.351263,-1.47728
608.2,-0.0461134,0.157281,0.361082,-1.47728
608.3,-0.0825563,0.143325,0.367126,-1.47728
608.4,-0.119405,0.126472,0.369176,-1.47728
608.5,-0.156253,0.106843,0.367078,-1.47728
608.6,-0.19268,0.0845946,0.36075,-1.47728
608.7,-0.228262,0.0599162,0.350187,-1.47728
608.8,-0.262579,0.0330296,0.335465,-1.47728
608.9,-0.295221,0.00418601,0.316741,-1.47728
609,-0.325801,-0.0263365,0.294254,-1.47728
609.1,-0.353957,-0.0582368,0.268314,-1.47728
609.2,-0.379362,-0.0911948,0.239304,-1.47728
609.3,-0.40173,-0.124876,0.207661,-1.47728
609.4,-0.420822,-0.158938,0.173874,-1.47728
609.5,-0.436451,-0.193031,0.138464,-1.47728
609.6,-0.448479,-0.22681,0.101973,-1.47728
609.7,-0.456828,-0.259934,0.0649501,-1.47728
609.8,-0.46147,-0.292075,0.0279358,-1.47728
609.9,-0.462432,-0.322919,-0.0085493,-1.47728
610,-0.459794,-0.352176,-0.0440183,-1.47728
610.1,-0.453677,-0.379576,-0.0780279,-1.47728
610.2,-0.44425,-0.404878,-0.110187,-1.47728
610.3,-0.431713,-0.427873,-0.140162,-1.47728
610.4,-0.416299,-0.448379,-0.167684,-1.47728
610.5,-0.398265,-0.466251,-0.192546,-1.47728
610.6,-0.377884,-0.481375,-0.214604,-1.47728
610.7,-0.35544,-0.493669,-0.233779,-1.47728
610.8,-0.331225,-0.503085,-0.250043,-1.47728
610.9,-0.305528,-0.509604,-0.263424,-1.47728
611,-0.278634,-0.513238,-0.273991,-1.47728
611.1,-0.25082,-0.514024,-0.281852,-1.47728
611.2,-0.222349,-0.512024,-0.287144,-1.47728
611.3,-0.193471,-0.507323,-0.290024,-1.47728
611.4,-0.164419,-0.500024,-0.290663,-1.47728
611.5,-0.135408,-0.490247,-0.28924,-1.47728
611.6,-0.106634,-0.478127,-0.285933,-1.47728
611.7,-0.078278,-0.463812,-0.280914,-1.47728
611.8,-0.0505027,-0.447455,-0.274347,-1.47728
611.9,-0.0234552,-0.429222,-0.266382,-1.47728
612,0.00273152,-0.409281,-0.257151,-1.47728
612.1,0.0279367,-0.387806,-0.246769,-1.47728
612.2,0.0520502,-0.364972,-0.235333,-1.47728
612.3,0.0749707,-0.340958,-0.22292,-1.47728
612.4,0.0966036,-0.315942,-0.209589,-1.47728
612.5,0.116859,-0.290103,-0.195384,-1.47728
612.6,0.135652,-0.263619,-0.180334,-1.47728
612.7,0.152899,-0.23667,-0.164457,-1.47728
612.8,0.168516,-0.209432,-0.147764,-1.47728
612.9,0.182424,-0.182082,-0.130258,-1.47728
613,0.194541,-0.154797,-0.111944,-1.47728
613.1,0.204786,-0.127753,-0.0928293,-1.47728
613.2,0.213081,-0.101123,-0.0729272,-1.47728
613.3,0.219346,-0.075082,-0.0522622,-1.47728
613.4,0.223509,-0.0498029,-0.0308727,-1.47728
613.5,0.225499,-0.0254568,-0.00881518,-1.47728
613.6,0.225252,-0.0022136,0.0138336,-1.47728
613.7,0.222716,0.0197598,0.0369735,-1.47728
613.8,0.217845,0.0402996,0.0604792,-1.47728
613.9,0.210613,0.0592467,0.0841992,-1.47728
614,0.201004,0.0764474,0.107955,-1.47728
614.1,0.189027,0.0917553,0.131542,-1.47728
614.2,0.174709,0.105033,0.15473,-1.47728
614.3,0.158103,0.116154,0.177267,-1.47728
614.4,0.139286,0.125002,0.198883,-1.47728
614.5,0.118366,0.13148,0.21929,-1.47728
614.6,0.0954785,0.135503,0.238194,-1.47728
614.7,0.0707877,0.137007,0.255298,-1.47728
614.8,0.0444888,0.135949,0.270306,-1.47728
614.9,0.0168057,0.132307,0.282938,-1.47728
615,-0.0120107,0.126085,0.292929,-1.47728
615.1,-0.0416843,0.11731,0.300046,-1.47728
615.2,-0.0719174,0.10604,0.304087,-1.47728
615.3,-0.102394,0.092355,0.304895,-1.47728
615.4,-0.132785,0.0763666,0.302361,-1.47728
615.5,-0.162753,0.0582116,0.296428,-1.47728
615.6,-0.191957,0.0380537,0.287098,-1.47728
615.7,-0.220061,0.0160817,0.274434,-1.47728
615.8,-0.246737,-0.00749236,0.258557,-1.47728
615.9,-0.271671,-0.0324355,0.239647,-1.47728
616,-0.294573,-0.0584967,0.217941,-1.47728
616.1,-0.315176,-0.0854096,0.193725,-1.47728
616.2,-0.333245,-0.112897,0.16733,-1.47728
616.3,-0.348581,-0.140673,0.139123,-1.47728
616.4,-0.361022,-0.168449,0.109497,-1.47728
616.5,-0.370447,-0.195937,0.0788639,-1.47728
616.6,-0.376776,-0.222851,0.0476418,-1.47728
616.7,-0.37997,-0.248916,0.0162464,-1.47728
616.8,-0.380033,-0.273868,-0.014919,-1.47728
616.9,-0.377006,-0.297456,-0.0454717,-1.47728
617,-0.37097,-0.31945,-0.0750582,-1.47728
617.1,-0.362038,-0.339638,-0.10336,-1.47728
617.2,-0.350351,-0.357835,-0.130097,-1.47728
617.3,-0.336078,-0.373875,-0.155035,-1.47728
617.4,-0.31941,-0.387621,-0.177982,-1.47728
617.5,-0.300553,-0.398962,-0.198793,-1.47728
617.6,-0.279726,-0.407811,-0.217364,-1.47728
617.7,-0.257157,-0.41411,-0.233634,-1.47728
617.8,-0.233077,-0.417825,-0.247579,-1.47728
617.9,-0.207719,-0.418944,-0.259206,-1.47728
618,-0.181312,-0.417482,-0.268551,-1.47728
618.1,-0.154083,-0.413473,-0.275671,-1.47728
618.2,-0.126249,-0.406973,-0.28064,-1.47728
618.3,-0.0980236,-0.398053,-0.283541,-1.47728
618.4,-0.0696073,-0.386805,-0.284464,-1.47728
618.5,-0.0411938,-0.373331,-0.283498,-1.47728
618.6,-0.0129677,-0.357752,-0.280731,-1.47728
618.7,0.0148949,-0.340195,-0.27624,-1.47728
618.8,0.0422253,-0.320801,-0.270096,-1.47728
618.9,0.0688609,-0.299721,-0.262355,-1.47728
619,0.0946445,-0.277111,-0.253062,-1.47728
619.1,0.119423,-0.253137,-0.242248,-1.47728
619.2,0.143044,-0.227971,-0.229932,-1.47728
619.3,0.165359,-0.201792,-0.216122,-1.47728
619.4,0.186219,-0.174783,-0.200817,-1.47728
619.5,0.205472,-0.147134,-0.184011,-1.47728
619.6,0.22297,-0.119041,-0.165695,-1.47728
619.7,0.238561,-0.0907034,-0.14586,-1.47728
619.8,0.252092,-0.0623275,-0.124506,-1.47728
619.9,0.263412,-0.0341231,-0.101643,-1.47728
620,0.272371,-0.00630507,-0.0772946,-1.47728
620.1,0.278823,0.020908,-0.0515084,-1.47728
620.2,0.282627,0.0472942,-0.0243559,-1.47728
620.3,0.283652,0.0726289,0.00406086,-1.47728
620.4,0.281777,0.0966863,0.0336053,-1.47728
620.5,0.276899,0.119241,0.0641032,-1.47728
620.6,0.268932,0.140068,0.0953401,-1.47728
620.7,0.257815,0.158948,0.12706,-1.47728
620.8,0.243514,0.175666,0.158965,-1.47728
620.9,0.226027,0.190017,0.190717,-1.47728
621,0.205388,0.201807,0.221941,-1.47728
621.1,0.18167,0.210857,0.252228,-1.47728
621.2,0.154988,0.217005,0.281143,-1.47728
621.3,0.125502,0.220111,0.308235,-1.47728
621.4,0.0934171,0.22006,0.33304,-1.47728
621.5,0.0589852,0.216764,0.355102,-1.47728
621.6,0.0225029,0.210167,0.373976,-1.47728
621.7,-0.0156899,0.200246,0.389247,-1.47728
621.8,-0.0552138,0.187015,0.400539,-1.47728
621.9,-0.0956544,0.170526,0.407533,-1.47728
622,-0.136568,0.150869,0.409974,-1.47728
622.1,-0.177491,0.128176,0.407685,-1.47728
622.2,-0.217945,0.102617,0.400577,-1.47728
622.3,-0.257446,0.0744011,0.388651,-1.47728
622.4,-0.295518,0.0437751,0.372008,-1.47728
622.5,-0.331697,0.0110187,0.350845,-1.47728
622.6,-0.365546,-0.023558,0.325453,-1.47728
622.7,-0.396659,-0.0596187,0.296213,-1.47728
622.8,-0.424675,-0.0968059,0.263586,-1.47728
622.9,-0.449281,-0.134747,0.228099,-1.47728
623,-0.470219,-0.173059,0.190336,-1.47728
623.1,-0.487293,-0.211356,0.150915,-1.47728
623.2,-0.500368,-0.249255,0.110478,-1.47728
623.3,-0.509376,-0.286382,0.0696675,-1.47728
623.4,-0.51431,-0.322375,0.029113,-1.47728
623.5,-0.515227,-0.356897,-0.0105858,-1.47728
623.6,-0.51224,-0.389631,-0.0488739,-1.47728
623.7,-0.505516,-0.420292,-0.0852527,-1.47728
623.8,-0.495268,-0.448626,-0.11929,-1.47728
623.9,-0.481748,-0.474416,-0.150626,-1.47728
624,-0.465242,-0.49748,-0.17898,-1.47728
624.1,-0.446059,-0.517675,-0.204145,-1.47728
624.2,-0.424524,-0.534895,-0.225996,-1.47728
624.3,-0.400972,-0.549074,-0.244476,-1.47728
624.4,-0.37574,-0.560178,-0.259599,-1.47728
624.5,-0.349162,-0.56821,-0.271435,-1.47728
624.6,-0.321559,-0.573206,-0.280108,-1.47728
624.7,-0.29324,-0.575227,-0.285781,-1.47728
624.8,-0.264496,-0.574365,-0.288652,-1.47728
624.9,-0.235596,-0.570731,-0.288942,-1.47728
625,-0.206786,-0.564458,-0.286885,-1.47728
625.1,-0.178289,-0.555694,-0.282723,-1.47728
625.2,-0.150303,-0.544602,-0.276696,-1.47728
625.3,-0.123004,-0.531354,-0.269037,-1.47728
625.4,-0.0965432,-0.516129,-0.259967,-1.47728
625.5,-0.0710511,-0.499112,-0.249691,-1.47728
625.6,-0.046639,-0.48049,-0.238396,-1.47728
625.7,-0.0234004,-0.460453,-0.226246,-1.47728
625.8,-0.00141338,-0.439187,-0.213386,-1.47728
625.9,0.0192573,-0.416878,-0.199939,-1.47728
626,0.0385582,-0.393708,-0.186005,-1.47728
626.1,0.0564448,-0.369854,-0.171666,-1.47728
626.2,0.0728802,-0.345491,-0.156989,-1.47728
626.3,0.0878331,-0.320784,-0.142024,-1.47728
626.4,0.101277,-0.295899,-0.126806,-1.47728
626.5,0.113187,-0.270991,-0.111366,-1.47728
626.6,0.123543,-0.246212,-0.0957248,-1.47728
626.7,0.132326,-0.221709,-0.0798999,-1.47728
626.8,0.139518,-0.197622,-0.063909,-1.47728
626.9,0.145103,-0.174087,-0.0477715,-1.47728
627,0.149068,-0.151235,-0.0315114,-1.47728
627.1,0.151402,-0.129191,-0.0151599,-1.47728
627.2,0.152098,-0.108075,0.00124304,-1.47728
627.3,0.151153,-0.0880015,0.0176465,-1.47728
627.4,0.148571,-0.0690797,0.0339877,-1.47728
627.5,0.14436,-0.0514127,0.0501909,-1.47728
627.6,0.13854,-0.0350975,0.0661672,-1.47728
627.7,0.131138,-0.0202237,0.0818145,-1.47728
627.8,0.122192,-0.00687361,0.097018,-1.47728
627.9,0.111753,0.00487891,0.111652,-1.47728
628,0.0998852,0.0149692,0.125579,-1.47728
628.1,0.0866657,0.0233426,0.138657,-1.47728
628.2,0.0721871,0.0299554,0.150736,-1.47728
628.3,0.0565569,0.0347759,0.161664,-1.47728
628.4,0.0398976,0.0377851,0.171293,-1.47728
628.5,0.0223466,0.0389775,0.179474,-1.47728
628.6,0.00405556,0.0383621,0.186072,-1.47728
628.7,-0.0148108,0.035963,0.19096,-1.47728
628.8,-0.0340758,0.0318195,0.194029,-1.47728
628.9,-0.0535528,0.0259869,0.195186,-1.47728
629,-0.0730471,0.0185366,0.194365,-1.47728
629.1,-0.0923583,0.00955547,0.19152,-1.47728
629.2,-0.111283,-0.000853923,0.186636,-1.47728
629.3,-0.129618,-0.0125742,0.179724,-1.47728
629.4,-0.147162,-0.025474,0.170827,-1.47728
629.5,-0.163719,-0.039409,0.160017,-1.47728
629.6,-0.179105,-0.0542233,0.147393,-1.47728
629.7,-0.193142,-0.0697508,0.133085,-1.47728
629.8,-0.20567,-0.0858173,0.117246,-1.47728
629.9,-0.216546,-0.102242,0.100052,-1.47728
630,-0.225642,-0.11884,0.0816981,-1.47728
630.1,-0.232854,-0.135424,0.0623952,-1.47728
630.2,-0.238097,-0.151806,0.0423645,-1.47728
630.3,-0.24131,-0.167801,0.0218339,-1.47728
630.4,-0.242455,-0.183228,0.00103325,-1.47728
630.5,-0.241515,-0.197912,-0.0198095,-1.47728
630.6,-0.238499,-0.211686,-0.0404728,-1.47728
630.7,-0.233434,-0.224393,-0.0607449,-1.47728
630.8,-0.22637,-0.235887,-0.080427,-1.47728
630.9,-0.217374,-0.246036,-0.0993359,-1.47728
631,-0.206534,-0.254721,-0.117306,-1.47728
631.1,-0.193949,-0.261839,-0.134189,-1.47728
631.2,-0.179736,-0.267301,-0.149859,-1.47728
631.3,-0.164022,-0.271035,-0.164206,-1.47728
631.4,-0.146942,-0.272986,-0.17714,-1.47728
631.5,-0.128643,-0.273114,-0.188588,-1.47728
631.6,-0.109276,-0.271398,-0.198495,-1.47728
631.7,-0.0889972,-0.26783,-0.206816,-1.47728
631.8,-0.0679668,-0.26242,-0.21352,-1.47728
631.9,-0.0463477,-0.255192,-0.218587,-1.47728
632,-0.0243044,-0.246186,-0.222002,-1.47728
632.1,-0.00200256,-0.235455,-0.223757,-1.47728
632.2,0.0203914,-0.223066,-0.223844,-1.47728
632.3,0.0427106,-0.209099,-0.222261,-1.47728
632.4,0.0647877,-0.193646,-0.219003,-1.47728
632.5,0.0864551,-0.176813,-0.214066,-1.47728
632.6,0.107545,-0.158714,-0.207445,-1.47728
632.7,0.127888,-0.139477,-0.199134,-1.47728
632.8,0.147315,-0.119236,-0.189126,-1.47728
632.9,0.165656,-0.0981404,-0.177417,-1.47728
633,0.182742,-0.0763447,-0.164004,-1.47728
633.1,0.1984,-0.0540141,-0.148889,-1.47728
633.2,0.212463,-0.0313224,-0.132083,-1.47728
633.3,0.224761,-0.00845112,-0.113606,-1.47728
633.4,0.23513,0.0144108,-0.0934924,-1.47728
633.5,0.243407,0.0370674,-0.0717945,-1.47728
633.6,0.249438,0.0593173,-0.0485849,-1.47728
633.7,0.253077,0.0809538,-0.0239608,-1.47728
633.8,0.254187,0.101767,0.00195274,-1.47728
633.9,0.252648,0.121543,0.029,-1.47728
634,0.248356,0.140071,0.0569924,-1.47728
634.1,0.241226,0.157137,0.0857064,-1.47728
634.2,0.231199,0.172534,0.114883,-1.47728
634.3,0.218243,0.186057,0.14423,-1.47728
634.4,0.202358,0.197513,0.173418,-1.47728
634.5,0.183577,0.206718,0.202091,-1.47728
634.6,0.16197,0.213503,0.229865,-1.47728
634.7,0.137647,0.217714,0.256337,-1.47728
634.8,0.11076,0.219221,0.281089,-1.47728
634.9,0.0815007,0.217912,0.303701,-1.47728
635,0.0501048,0.213707,0.323757,-1.47728
635.1,0.0168478,0.20655,0.340857,-1.47728
635.2,-0.0179557,0.196419,0.354629,-1.47728
635.3,-0.0539558,0.183326,0.364738,-1.47728
635.4,-0.0907715,0.167317,0.370899,-1.47728
635.5,-0.127996,0.148474,0.372889,-1.47728
635.6,-0.165205,0.126916,0.370551,-1.47728
635.7,-0.20196,0.102799,0.363807,-1.47728
635.8,-0.23782,0.0763134,0.352661,-1.47728
635.9,-0.272348,0.0476838,0.337201,-1.47728
636,-0.305122,0.0171654,0.317602,-1.47728
636.1,-0.335739,-0.0149584,0.294121,-1.47728
636.2,-0.363828,-0.0483805,0.267094,-1.47728
636.3,-0.389053,-0.0827742,0.236927,-1.47728
636.4,-0.411124,-0.117798,0.204085,-1.47728
636.5,-0.429798,-0.153101,0.169084,-1.47728
636.6,-0.444887,-0.188329,0.132469,-1.47728
636.7,-0.456257,-0.223129,0.094809,-1.47728
636.8,-0.463833,-0.257154,0.0566742,-1.47728
636.9,-0.467595,-0.290071,0.0186257,-1.47728
637,-0.467579,-0.321564,-0.0188,-1.47728
637.1,-0.463872,-0.351336,-0.0551029,-1.47728
637.2,-0.456611,-0.379119,-0.0898308,-1.47728
637.3,-0.445972,-0.404671,-0.122587,-1.47728
637.4,-0.43217,-0.427782,-0.153038,-1.47728
637.5,-0.41545,-0.448273,-0.180913,-1.47728
637.6,-0.39608,-0.466002,-0.206013,-1.47728
637.7,-0.374345,-0.480858,-0.2282,-1.47728
637.8,-0.35054,-0.492765,-0.247402,-1.47728
637.9,-0.324964,-0.50168,-0.263603,-1.47728
638,-0.297918,-0.507591,-0.27684,-1.47728
638.1,-0.269693,-0.510515,-0.287193,-1.47728
638.2,-0.240571,-0.510497,-0.29478,-1.47728
638.3,-0.210824,-0.507607,-0.299746,-1.47728
638.4,-0.180704,-0.501935,-0.302255,-1.47728
638.5,-0.150449,-0.493594,-0.302486,-1.47728
638.6,-0.120277,-0.482711,-0.300618,-1.47728
638.7,-0.0903892,-0.469428,-0.296833,-1.47728
638.8,-0.0609686,-0.453899,-0.291302,-1.47728
638.9,-0.0321817,-0.436288,-0.284185,-1.47728
639,-0.00417955,-0.416765,-0.275628,-1.47728
639.1,0.0229002,-0.395507,-0.265757,-1.47728
639.2,0.0489316,-0.372695,-0.254678,-1.47728
639.3,0.0737984,-0.348513,-0.242478,-1.47728
639.4,0.097392,-0.323146,-0.229224,-1.47728
639.5,0.11961,-0.296782,-0.214964,-1.47728
639.6,0.140352,-0.269609,-0.199732,-1.47728
639.7,0.159524,-0.241813,-0.183545,-1.47728
639.8,0.17703,-0.213585,-0.166412,-1.47728
639.9,0.192775,-0.185112,-0.148335,-1.47728
640,0.206665,-0.156582,-0.12931,-1.47728
640.1,0.218606,-0.128183,-0.10934,-1.47728
640.2,0.228502,-0.100105,-0.0884295,-1.47728
640.3,0.236261,-0.0725352,-0.066595,-1.47728
640.4,0.241791,-0.045662,-0.0438675,-1.47728
640.5,0.245006,-0.0196732,-0.0202963,-1.47728
640.6,0.245825,0.00524455,0.00404656,-1.47728
640.7,0.244174,0.028906,0.0290637,-1.47728
640.8,0.239994,0.0511285,0.0546293,-1.47728
640.9,0.233235,0.0717329,0.0805873,-1.47728
641,0.223869,0.0905452,0.106751,-1.47728
641.1,0.211886,0.107398,0.132901,-1.47728
641.2,0.197298,0.122131,0.158789,-1.47728
641.3,0.180146,0.134596,0.184139,-1.47728
641.4,0.160498,0.144657,0.20865,-1.47728
641.5,0.138455,0.152192,0.231999,-1.47728
641.6,0.114148,0.157097,0.253851,-1.47728
641.7,0.0877455,0.159288,0.273865,-1.47728
641.8,0.0594478,0.158701,0.291699,-1.47728
641.9,0.0294896,0.155299,0.307019,-1.47728
642,-0.00186174,0.14907,0.319513,-1.47728
642.1,-0.0343091,0.14003,0.328894,-1.47728
642.2,-0.0675285,0.128225,0.334915,-1.47728
642.3,-0.101173,0.113732,0.337373,-1.47728
642.4,-0.134879,0.0966582,0.33612,-1.47728
642.5,-0.168271,0.0771417,0.33107,-1.47728
642.6,-0.200966,0.0553511,0.322201,-1.47728
642.7,-0.232585,0.0314839,0.309561,-1.47728
642.8,-0.262756,0.00576482,0.293269,-1.47728
642.9,-0.291123,-0.0215569,0.273513,-1.47728
643,-0.317352,-0.0502106,0.250549,-1.47728
643.1,-0.341137,-0.0799074,0.224693,-1.47728
643.2,-0.362206,-0.110344,0.196313,-1.47728
643.3,-0.380329,-0.141209,0.165825,-1.47728
643.4,-0.395316,-0.172183,0.133675,-1.47728
643.5,-0.407024,-0.202948,0.100336,-1.47728
643.6,-0.415359,-0.233189,0.0662879,-1.47728
643.7,-0.420274,-0.262601,0.0320102,-1.47728
643.8,-0.421769,-0.290889,-0.00203045,-1.47728
643.9,-0.419891,-0.317776,-0.0353916,-1.47728
644,-0.414727,-0.343007,-0.0676642,-1.47728
644.1,-0.406407,-0.366347,-0.0984805,-1.47728
644.2,-0.395091,-0.387589,-0.12752,-1.47728
644.3,-0.380971,-0.406551,-0.154514,-1.47728
644.4,-0.364263,-0.423082,-0.179248,-1.47728
644.5,-0.345202,-0.43706,-0.20156,-1.47728
644.6,-0.324036,-0.448391,-0.221344,-1.47728
644.7,-0.30102,-0.457011,-0.23854,-1.47728
644.8,-0.276414,-0.462886,-0.253137,-1.47728
644.9,-0.250478,-0.466007,-0.265161,-1.47728
645,-0.223466,-0.466391,-0.274674,-1.47728
645.1,-0.195624,-0.464078,-0.281765,-1.47728
645.2,-0.16719,-0.459132,-0.286544,-1.47728
645.3,-0.138388,-0.451634,-0.289132,-1.47728
645.4,-0.109432,-0.441682,-0.289662,-1.47728
645.5,-0.0805199,-0.429392,-0.288267,-1.47728
645.6,-0.0518383,-0.414891,-0.285076,-1.47728
645.7,-0.0235605,-0.398319,-0.280211,-1.47728
645.8,0.00415185,-0.379823,-0.273783,-1.47728
645.9,0.0311473,-0.359559,-0.265889,-1.47728
646,0.0572836,-0.337692,-0.256612,-1.47728
646.1,0.0824257,-0.314391,-0.246015,-1.47728
646.2,0.106444,-0.289827,-0.234149,-1.47728
646.3,0.129214,-0.264179,-0.221047,-1.47728
646.4,0.150613,-0.237627,-0.206731,-1.47728
646.5,0.17052,-0.210355,-0.19121,-1.47728
646.6,0.188815,-0.18255,-0.174485,-1.47728
646.7,0.205377,-0.154401,-0.156552,-1.47728
646.8,0.220085,-0.126099,-0.137407,-1.47728
646.9,0.232818,-0.0978388,-0.11705,-1.47728
647,0.243455,-0.0698172,-0.0954879,-1.47728
647.1,0.251876,-0.0422327,-0.0727406,-1.47728
647.2,0.257965,-0.0152858,-0.0488451,-1.47728
647.3,0.261609,0.0108214,-0.0238598,-1.47728
647.4,0.262703,0.0358862,0.00213129,-1.47728
647.5,0.261153,0.059706,0.0290149,-1.47728
647.6,0.256875,0.0820793,0.0566456,-1.47728
647.7,0.249805,0.102807,0.0848437,-1.47728
647.8,0.239895,0.121695,0.113394,-1.47728
647.9,0.227122,0.138555,0.142045,-1.47728
648,0.211492,0.153206,0.170512,-1.47728
648.1,0.193037,0.165478,0.198475,-1.47728
648.2,0.171825,0.175216,0.22559,-1.47728
648.3,0.147959,0.182278,0.251487,-1.47728
648.4,0.121581,0.186543,0.27578,-1.47728
648.5,0.0928699,0.18791,0.298075,-1.47728
648.6,0.0620457,0.186305,0.317978,-1.47728
648.7,0.0293667,0.181677,0.335108,-1.47728
648.8,-0.0048714,0.174009,0.349104,-1.47728
648.9,-0.0403385,0.163312,0.359637,-1.47728
649,-0.0766738,0.149631,0.366423,-1.47728
649.1,-0.113491,0.133046,0.369233,-1.47728
649.2,-0.150382,0.113672,0.367898,-1.47728
649.3,-0.186929,0.0916581,0.362323,-1.47728
649.4,-0.222705,0.0671873,0.35249,-1.47728
649.5,-0.257287,0.0404756,0.338459,-1.47728
649.6,-0.290261,0.0117693,0.320375,-1.47728
649.7,-0.321234,-0.0186581,0.298464,-1.47728
649.8,-0.349837,-0.050509,0.273025,-1.47728
649.9,-0.375734,-0.0834659,0.244431,-1.47728
650,-0.398632,-0.117196,0.213113,-1.47728
650.1,-0.418282,-0.151357,0.179553,-1.47728
650.2,-0.434485,-0.185601,0.144271,-1.47728
650.3,-0.447096,-0.219579,0.107808,-1.47728
650.4,-0.456026,-0.252949,0.0707155,-1.47728
650.5,-0.461237,-0.285381,0.0335392,-1.47728
650.6,-0.462748,-0.316556,-0.00319408,-1.47728
650.7,-0.460629,-0.346179,-0.038989,-1.47728
650.8,-0.454997,-0.373977,-0.0733922,-1.47728
650.9,-0.446011,-0.399704,-0.106002,-1.47728
651,-0.433868,-0.423142,-0.136473,-1.47728
651.1,-0.418797,-0.444107,-0.164525,-1.47728
651.2,-0.401051,-0.462445,-0.189938,-1.47728
651.3,-0.380902,-0.478038,-0.212559,-1.47728
651.4,-0.358635,-0.490799,-0.232297,-1.47728
651.5,-0.33454,-0.500672,-0.249116,-1.47728
651.6,-0.308909,-0.507637,-0.263035,-1.47728
651.7,-0.282028,-0.511697,-0.274117,-1.47728
651.8,-0.254177,-0.512888,-0.282464,-1.47728
651.9,-0.225622,-0.511267,-0.288208,-1.47728
652,-0.196617,-0.506916,-0.291503,-1.47728
652.1,-0.167397,-0.499936,-0.292521,-1.47728
652.2,-0.138183,-0.490444,-0.291437,-1.47728
652.3,-0.109174,-0.478574,-0.28843,-1.47728
652.4,-0.080555,-0.464472,-0.283673,-1.47728
652.5,-0.0524921,-0.448291,-0.277332,-1.47728
652.6,-0.0251363,-0.430197,-0.269557,-1.47728
652.7,0.00137601,-0.410356,-0.260483,-1.47728
652.8,0.0269209,-0.388944,-0.250226,-1.47728
652.9,0.0513852,-0.366137,-0.238885,-1.47728
653,0.0746645,-0.342113,-0.226539,-1.47728
653.1,0.0966615,-0.317053,-0.213248,-1.47728
653.2,0.117284,-0.291136,-0.199056,-1.47728
653.3,0.136444,-0.264542,-0.183994,-1.47728
653.4,0.154054,-0.237453,-0.168079,-1.47728
653.5,0.170031,-0.210046,-0.151321,-1.47728
653.6,0.184291,-0.182501,-0.133724,-1.47728
653.7,0.196748,-0.154997,-0.115291,-1.47728
653.8,0.207321,-0.127711,-0.0960283,-1.47728
653.9,0.215927,-0.100821,-0.075948,-1.47728
654,0.222484,-0.0745025,-0.0550729,-1.47728
654.1,0.226916,-0.0489321,-0.0334402,-1.47728
654.2,0.229149,-0.024284,-0.0111051,-1.47728
654.3,0.229116,-0.000731172,0.0118565,-1.47728
654.4,0.22676,0.021556,0.0353448,-1.47728
654.5,0.222034,0.0424101,0.0592344,-1.47728
654.6,0.214905,0.0616682,0.0833729,-1.47728
654.7,0.205357,0.0791728,0.10758,-1.47728
654.8,0.193393,0.0947735,0.131649,-1.47728
654.9,0.179039,0.108328,0.155346,-1.47728
655,0.162345,0.119707,0.178414,-1.47728
655.1,0.143387,0.12879,0.200577,-1.47728
655.2,0.12227,0.135473,0.221541,-1.47728
655.3,0.0991285,0.13967,0.241006,-1.47728
655.4,0.0741288,0.141312,0.258663,-1.47728
655.5,0.0474663,0.140353,0.274211,-1.47728
655.6,0.0193667,0.136766,0.287357,-1.47728
655.7,-0.00991605,0.130554,0.29783,-1.47728
655.8,-0.0401021,0.121741,0.305385,-1.47728
655.9,-0.0708888,0.110382,0.309813,-1.47728
656,-0.101955,0.0965568,0.310946,-1.47728
656.1,-0.132964,0.0803761,0.308669,-1.47728
656.2,-0.163573,0.0619767,0.30292,-1.47728
656.3,-0.193432,0.0415231,0.293696,-1.47728
656.4,-0.222198,0.0192055,0.281055,-1.47728
656.5,-0.249533,-0.00476188,0.265119,-1.47728
656.6,-0.275118,-0.0301431,0.24607,-1.47728
656.7,-0.298652,-0.0566835,0.224146,-1.47728
656.8,-0.319861,-0.0841127,0.19964,-1.47728
656.9,-0.338505,-0.112149,0.172888,-1.47728
657,-0.354376,-0.140501,0.144267,-1.47728
657.1,-0.367309,-0.168876,0.114178,-1.47728
657.2,-0.377177,-0.196978,0.0830452,-1.47728
657.3,-0.383898,-0.224518,0.051297,-1.47728
657.4,-0.38743,-0.251213,0.0193609,-1.47728
657.5,-0.387777,-0.276795,-0.012348,-1.47728
657.6,-0.384982,-0.301007,-0.0434362,-1.47728
657.7,-0.379123,-0.323615,-0.0735399,-1.47728
657.8,-0.370317,-0.344403,-0.102331,-1.47728
657.9,-0.35871,-0.363178,-0.129523,-1.47728
658,-0.344474,-0.379775,-0.154874,-1.47728
658.1,-0.327803,-0.394053,-0.178187,-1.47728
658.2,-0.30891,-0.405897,-0.199315,-1.47728
658.3,-0.288017,-0.415221,-0.218153,-1.47728
658.4,-0.265357,-0.421963,-0.23464,-1.47728
658.5,-0.241168,-0.426088,-0.248752,-1.47728
658.6,-0.215686,-0.427588,-0.260502,-1.47728
658.7,-0.189145,-0.426475,-0.269929,-1.47728
658.8,-0.161775,-0.422785,-0.277095,-1.47728
658.9,-0.133799,-0.416573,-0.282081,-1.47728
659,-0.105429,-0.407915,-0.284976,-1.47728
659.1,-0.0768699,-0.396901,-0.285879,-1.47728
659.2,-0.0483163,-0.383637,-0.284886,-1.47728
659.3,-0.0199528,-0.368242,-0.28209,-1.47728
659.4,0.00804466,-0.350849,-0.27758,-1.47728
659.5,0.0355086,-0.331597,-0.271431,-1.47728
659.6,0.0622783,-0.310639,-0.263706,-1.47728
659.7,0.088199,-0.288132,-0.254458,-1.47728
659.8,0.11312,-0.264242,-0.243722,-1.47728
659.9,0.136895,-0.239142,-0.231523,-1.47728
660,0.159377,-0.213009,-0.217873,-1.47728
660.1,0.180421,-0.186028,-0.202774,-1.47728
660.2,0.199883,-0.158386,-0.18622,-1.47728
660.3,0.217616,-0.130278,-0.168205,-1.47728
660.4,0.233475,-0.101902,-0.14872,-1.47728
660.5,0.247311,-0.0734612,-0.127762,-1.47728
660.6,0.258978,-0.0451635,-0.105337,-1.47728
660.7,0.268331,-0.0172204,-0.0814671,-1.47728
660.8,0.275225,0.0101523,-0.0561913,-1.47728
660.9,0.279524,0.036736,-0.0295742,-1.47728
661,0.281098,0.0623095,-0.00170895,-1.47728
661.1,0.279828,0.0866504,0.0272784,-1.47728
661.2,0.27561,0.109536,0.0572255,-1.47728
661.3,0.268358,0.130746,0.0879309,-1.47728
661.4,0.258007,0.150061,0.119153,-1.47728
661.5,0.24452,0.167271,0.150607,-1.47728
661.6,0.227889,0.182172,0.181972,-1.47728
661.7,0.20814,0.19457,0.212887,-1.47728
661.8,0.185339,0.204286,0.242957,-1.47728
661.9,0.159591,0.211158,0.271763,-1.47728
662,0.131044,0.215045,0.298862,-1.47728
662.1,0.0998903,0.215827,0.323805,-1.47728
662.2,0.0663694,0.213414,0.346141,-1.47728
662.3,0.0307638,0.207744,0.365429,-1.47728
662.4,-0.006601,0.198789,0.381256,-1.47728
662.5,-0.0453595,0.186554,0.393244,-1.47728
662.6,-0.085111,0.171082,0.401067,-1.47728
662.7,-0.125425,0.152457,0.404459,-1.47728
662.8,-0.165849,0.130798,0.40323,-1.47728
662.9,-0.205913,0.106267,0.39727,-1.47728
663,-0.245144,0.0790615,0.386562,-1.47728
663.1,-0.28307,0.0494164,0.37118,-1.47728
663.2,-0.31923,0.0176009,0.351295,-1.47728
663.3,-0.353188,-0.0160851,0.327172,-1.47728
663.4,-0.384535,-0.0513153,0.299163,-1.47728
663.5,-0.412905,-0.0877413,0.267702,-1.47728
663.6,-0.437977,-0.124998,0.233291,-1.47728
663.7,-0.459483,-0.16271,0.19649,-1.47728
663.8,-0.477215,-0.200497,0.157898,-1.47728
663.9,-0.491024,-0.237978,0.118139,-1.47728
664,-0.500825,-0.274781,0.0778453,-1.47728
664.1,-0.506596,-0.310548,0.0376384,-1.47728
664.2,-0.508376,-0.344936,-0.00188507,-1.47728
664.3,-0.50626,-0.377628,-0.0401686,-1.47728
664.4,-0.5004,-0.408333,-0.0767078,-1.47728
664.5,-0.490992,-0.436794,-0.111061,-1.47728
664.6,-0.478273,-0.462783,-0.142856,-1.47728
664.7,-0.462516,-0.486113,-0.171795,-1.47728
664.8,-0.444017,-0.50663,-0.197657,-1.47728
664.9,-0.423092,-0.524221,-0.220296,-1.47728
665,-0.400068,-0.538807,-0.239638,-1.47728
665.1,-0.375275,-0.550346,-0.255675,-1.47728
665.2,-0.349041,-0.55883,-0.268461,-1.47728
665.3,-0.321687,-0.564284,-0.278102,-1.47728
665.4,-0.293521,-0.566762,-0.284745,-1.47728
665.5,-0.264832,-0.566343,-0.288574,-1.47728
665.6,-0.235893,-0.563132,-0.289795,-1.47728
665.7,-0.206952,-0.557253,-0.288634,-1.47728
665.8,-0.178238,-0.548847,-0.285321,-1.47728
665.9,-0.149952,-0.53807,-0.28009,-1.47728
666,-0.122276,-0.525087,-0.273167,-1.47728
666.1,-0.095368,-0.510076,-0.264769,-1.47728
666.2,-0.069365,-0.493215,-0.255096,-1.47728
666.3,-0.0443852,-0.474689,-0.244333,-1.47728
666.4,-0.0205294,-0.454685,-0.232641,-1.47728
666.5,0.0021168,-0.433388,-0.220162,-1.47728
666.6,0.0234809,-0.410984,-0.207018,-1.47728
666.7,0.0435016,-0.387654,-0.193308,-1.47728
666.8,0.0621263,-0.363577,-0.179112,-1.47728
666.9,0.0793098,-0.338928,-0.164493,-1.47728
667,0.0950125,-0.313878,-0.149501,-1.47728
667.1,0.109199,-0.288593,-0.134169,-1.47728
667.2,0.121836,-0.263232,-0.118525,-1.47728
667.3,0.132894,-0.237953,-0.102587,-1.47728
667.4,0.142344,-0.212908,-0.0863713,-1.47728
667.5,0.150159,-0.188242,-0.0698941,-1.47728
667.6,0.156315,-0.164098,-0.0531733,-1.47728
667.7,0.160787,-0.140614,-0.0362322,-1.47728
667.8,0.163555,-0.117923,-0.0191025,-1.47728
667.9,0.164602,-0.0961532,-0.00182562,-1.47728
668,0.163917,-0.0754278,0.0155447,-1.47728
668.1,0.161492,-0.0558656,0.0329413,-1.47728
668.2,0.15733,-0.0375795,0.0502823,-1.47728
668.3,0.151441,-0.0206761,0.0674708,-1.47728
668.4,0.143845,-0.00525582,0.0843945,-1.47728
668.5,0.134575,0.00858888,0.100927,-1.47728
668.6,0.123677,0.0207737,0.116927,-1.47728
668.7,0.111212,0.0312236,0.132244,-1.47728
668.8,0.0972567,0.0398741,0.146715,-1.47728
668.9,0.0819032,0.0466718,0.160172,-1.47728
669,0.0652618,0.0515762,0.172444,-1.47728
669.1,0.0474597,0.0545599,0.183357,-1.47728
669.2,0.0286413,0.0556104,0.192744,-1.47728
669.3,0.00896712,0.0547307,0.200446,-1.47728
669.4,-0.0113868,0.05194,0.206315,-1.47728
669.5,-0.0322304,0.0472743,0.210221,-1.47728
669.6,-0.0533619,0.0407872,0.212056,-1.47728
669.7,-0.0745696,0.0325498,0.211733,-1.47728
669.8,-0.0956347,0.0226508,0.209197,-1.47728
669.9,-0.116334,0.0111959,0.20442,-1.47728
670,-0.136444,-0.00169213,0.19741,-1.47728
670.1,-0.155743,-0.0158751,0.188206,-1.47728
670.2,-0.174015,-0.0311999,0.176882,-1.47728
670.3,-0.191052,-0.0475006,0.163544,-1.47728
670.4,-0.206661,-0.0645994,0.148332,-1.47728
670.5,-0.220662,-0.0823091,0.131414,-1.47728
670.6,-0.232893,-0.100435,0.112982,-1.47728
670.7,-0.243215,-0.118777,0.0932547,-1.47728
670.8,-0.251509,-0.137132,0.0724636,-1.47728
670.9,-0.257681,-0.155298,0.0508556,-1.47728
671,-0.261661,-0.173072,0.0286842,-1.47728
671.1,-0.263407,-0.190258,0.00620572,-1.47728
671.2,-0.262901,-0.206666,-0.0163265,-1.47728
671.3,-0.260148,-0.222113,-0.0386661,-1.47728
671.4,-0.255182,-0.236429,-0.0605787,-1.47728
671.5,-0.248054,-0.249456,-0.0818449,-1.47728
671.6,-0.238841,-0.261049,-0.102263,-1.47728
671.7,-0.227636,-0.271079,-0.121654,-1.47728
671.8,-0.21455,-0.279433,-0.139857,-1.47728
671.9,-0.199708,-0.286016,-0.156738,-1.47728
672,-0.18325,-0.29075,-0.172181,-1.47728
672.1,-0.165323,-0.293574,-0.186095,-1.47728
672.2,-0.146084,-0.294446,-0.198409,-1.47728
672.3,-0.125696,-0.293341,-0.209069,-1.47728
672.4,-0.104327,-0.290252,-0.218036,-1.47728
672.5,-0.0821464,-0.285187,-0.225289,-1.47728
672.6,-0.0593269,-0.278173,-0.230813,-1.47728
672.7,-0.0360417,-0.269252,-0.234603,-1.47728
672.8,-0.0124641,-0.258478,-0.23666,-1.47728
672.9,0.0112328,-0.245922,-0.236988,-1.47728
673,0.0348761,-0.231669,-0.235591,-1.47728
673.1,0.0582936,-0.215814,-0.232473,-1.47728
673.2,0.0813134,-0.198467,-0.227636,-1.47728
673.3,0.103763,-0.179747,-0.221079,-1.47728
673.4,0.125472,-0.159785,-0.2128,-1.47728
673.5,0.146266,-0.138723,-0.202794,-1.47728
673.6,0.165973,-0.116712,-0.191053,-1.47728
673.7,0.184419,-0.0939123,-0.177572,-1.47728
673.8,0.201429,-0.0704948,-0.162349,-1.47728
673.9,0.21683,-0.046638,-0.145386,-1.47728
674,0.230449,-0.0225286,-0.126695,-1.47728
674.1,0.242113,0.00163852,-0.1063,-1.47728
674.2,0.251653,0.0256617,-0.0842415,-1.47728
674.3,0.258907,0.0493327,-0.0605794,-1.47728
674.4,0.263719,0.0724379,-0.0353984,-1.47728
674.5,0.26594,0.0947593,-0.00881104,-1.47728
674.6,0.265439,0.116076,0.0190386,-1.47728
674.7,0.262096,0.136165,0.0479721,-1.47728
674.8,0.255815,0.154805,0.0777745,-1.47728
674.9,0.246521,0.171775,0.108193,-1.47728
675,0.234166,0.186861,0.138935,-1.47728
675.1,0.218734,0.199854,0.169674,-1.47728
675.2,0.200243,0.210558,0.200046,-1.47728
675.3,0.17875,0.218788,0.229656,-1.47728
675.4,0.154351,0.224377,0.258087,-1.47728
675.5,0.127187,0.227175,0.284901,-1.47728
675.6,0.0974399,0.227059,0.309651,-1.47728
675.7,0.0653399,0.223929,0.331893,-1.47728
675.8,0.0311594,0.217716,0.351193,-1.47728
675.9,-0.00478683,0.208382,0.36714,-1.47728
676,-0.0421445,0.195925,0.379362,-1.47728
676.1,-0.0805242,0.180378,0.387534,-1.47728
676.2,-0.119507,0.161813,0.39139,-1.47728
676.3,-0.158652,0.140339,0.390735,-1.47728
676.4,-0.1975,0.116105,0.385455,-1.47728
676.5,-0.235588,0.0892966,0.375522,-1.47728
676.6,-0.272451,0.0601374,0.360998,-1.47728
676.7,-0.307639,0.0288834,0.342038,-1.47728
676.8,-0.340719,-0.00417832,0.318888,-1.47728
676.9,-0.371288,-0.0387339,0.29188,-1.47728
677,-0.39898,-0.0744473,0.261425,-1.47728
677.1,-0.423474,-0.110965,0.228002,-1.47728
677.2,-0.444499,-0.147923,0.192147,-1.47728
677.3,-0.461841,-0.184949,0.154436,-1.47728
677.4,-0.475345,-0.221673,0.115472,-1.47728
677.5,-0.484914,-0.25773,0.0758651,-1.47728
677.6,-0.490517,-0.292767,0.036221,-1.47728
677.7,-0.492177,-0.326448,-0.0028784,-1.47728
677.8,-0.489977,-0.358457,-0.0408873,-1.47728
677.9,-0.484052,-0.388506,-0.0773087,-1.47728
678,-0.474583,-0.416336,-0.111704,-1.47728
678.1,-0.461791,-0.441719,-0.143701,-1.47728
678.2,-0.445933,-0.464464,-0.172998,-1.47728
678.3,-0.42729,-0.484413,-0.199366,-1.47728
678.4,-0.406163,-0.501446,-0.222649,-1.47728
678.5,-0.382866,-0.515479,-0.24276,-1.47728
678.6,-0.357717,-0.526461,-0.259676,-1.47728
678.7,-0.331036,-0.534376,-0.273434,-1.47728
678.8,-0.303133,-0.53924,-0.28412,-1.47728
678.9,-0.27431,-0.541098,-0.291864,-1.47728
679,-0.244853,-0.54002,-0.296828,-1.47728
679.1,-0.215031,-0.536102,-0.299198,-1.47728
679.2,-0.185093,-0.529458,-0.299177,-1.47728
679.3,-0.155268,-0.520222,-0.296976,-1.47728
679.4,-0.125763,-0.508541,-0.292805,-1.47728
679.5,-0.0967658,-0.494575,-0.28687,-1.47728
679.6,-0.0684418,-0.478494,-0.279365,-1.47728
679.7,-0.0409392,-0.460474,-0.270468,-1.47728
679.8,-0.0143891,-0.440696,-0.260342,-1.47728
679.9,0.0110928,-0.419344,-0.249126,-1.47728
680,0.0354038,-0.396605,-0.236941,-1.47728
680.1,0.0584519,-0.372665,-0.223884,-1.47728
680.2,0.0801542,-0.34771,-0.210035,-1.47728
680.3,0.100434,-0.321924,-0.195452,-1.47728
680.4,0.119222,-0.295491,-0.180178,-1.47728
680.5,0.136448,-0.268591,-0.164242,-1.47728
680.6,0.152049,-0.241401,-0.147662,-1.47728
680.7,0.165959,-0.214099,-0.130449,-1.47728
680.8,0.178117,-0.186857,-0.11261,-1.47728
680.9,0.188461,-0.159847,-0.0941514,-1.47728
681,0.196927,-0.133236,-0.0750847,-1.47728
681.1,0.203458,-0.107193,-0.055428,-1.47728
681.2,0.207994,-0.0818797,-0.035211,-1.47728
681.3,0.210483,-0.0574591,-0.0144774,-1.47728
681.4,0.210875,-0.0340896,0.00671162,-1.47728
681.5,0.209128,-0.0119264,0.0282753,-1.47728
681.6,0.20521,0.00887895,0.0501112,-1.47728
681.7,0.199101,0.0281798,0.0720937,-1.47728
681.8,0.190792,0.0458352,0.0940738,-1.47728
681.9,0.180292,0.0617113,0.115879,-1.47728
682,0.167628,0.0756821,0.137315,-1.47728
682.1,0.152849,0.0876318,0.158165,-1.47728
682.2,0.136023,0.0974558,0.178197,-1.47728
682.3,0.117245,0.105063,0.197164,-1.47728
682.4,0.0966339,0.110376,0.214808,-1.47728
682.5,0.0743358,0.113335,0.230869,-1.47728
682.6,0.0505216,0.113899,0.245087,-1.47728
682.7,0.0253882,0.112046,0.257211,-1.47728
682.8,-0.000842904,0.107775,0.267004,-1.47728
682.9,-0.0279277,0.101111,0.27425,-1.47728
683,-0.0556018,0.0920983,0.278764,-1.47728
683.1,-0.0835842,0.0808084,0.280393,-1.47728
683.2,-0.11158,0.0673365,0.279025,-1.47728
683.3,-0.139287,0.0518026,0.274595,-1.47728
683.4,-0.166397,0.0343507,0.267085,-1.47728
683.5,-0.192602,0.0151476,0.256528,-1.47728
683.6,-0.217604,-0.00561833,0.243013,-1.47728
683.7,-0.241111,-0.0277389,0.226677,-1.47728
683.8,-0.262851,-0.0509889,0.20771,-1.47728
683.9,-0.282573,-0.0751282,0.186344,-1.47728
684,-0.30005,-0.0999052,0.162857,-1.47728
684.1,-0.315084,-0.12506,0.137559,-1.47728
684.2,-0.327512,-0.150327,0.110788,-1.47728
684.3,-0.337205,-0.175441,0.0829023,-1.47728
684.4,-0.344068,-0.200137,0.0542698,-1.47728
684.5,-0.348046,-0.224156,0.025262,-1.47728
684.6,-0.34912,-0.247249,-0.00375564,-1.47728
684.7,-0.347306,-0.269178,-0.0324317,-1.47728
684.8,-0.342656,-0.289721,-0.0604356,-1.47728
684.9,-0.335252,-0.308672,-0.0874634,-1.47728
685,-0.325205,-0.325846,-0.113243,-1.47728
685.1,-0.312653,-0.341077,-0.137538,-1.47728
685.2,-0.297753,-0.354225,-0.160149,-1.47728
685.3,-0.280684,-0.36517,-0.180915,-1.47728
685.4,-0.261636,-0.373817,-0.199713,-1.47728
685.5,-0.24081,-0.380096,-0.216455,-1.47728
685.6,-0.218415,-0.383958,-0.231089,-1.47728
685.7,-0.194664,-0.385378,-0.243591,-1.47728
685.8,-0.169768,-0.384355,-0.253964,-1.47728
685.9,-0.143941,-0.380906,-0.262232,-1.47728
686,-0.117391,-0.375068,-0.268436,-1.47728
686.1,-0.0903209,-0.366899,-0.272626,-1.47728
686.2,-0.0629304,-0.35647,-0.274864,-1.47728
686.3,-0.0354111,-0.34387,-0.275212,-1.47728
686.4,-0.00794905,-0.329201,-0.273729,-1.47728
686.5,0.0192756,-0.31258,-0.270473,-1.47728
686.6,0.0460882,-0.294132,-0.265494,-1.47728
686.7,0.0723184,-0.273997,-0.258833,-1.47728
686.8,0.0977997,-0.25232,-0.250519,-1.47728
686.9,0.122368,-0.229258,-0.240574,-1.47728
687,0.14586,-0.204977,-0.229008,-1.47728
687.1,0.168115,-0.179647,-0.215822,-1.47728
687.2,0.188971,-0.15345,-0.201014,-1.47728
687.3,0.208264,-0.126571,-0.184573,-1.47728
687.4,0.225831,-0.0992056,-0.16649,-1.47728
687.5,0.241507,-0.0715526,-0.146761,-1.47728
687.6,0.255128,-0.0438189,-0.125386,-1.47728
687.7,0.26653,-0.0162169,-0.10238,-1.47728
687.8,0.27555,0.0110352,-0.0777743,-1.47728
687.9,0.282033,0.0377146,-0.0516228,-1.47728
688,0.285826,0.063594,-0.024006,-1.47728
688.1,0.286789,0.0884432,0.00496376,-1.47728
688.2,0.284793,0.11203,0.0351385,-1.47728
688.3,0.279727,0.134121,0.0663311,-1.47728
688.4,0.271501,0.154487,0.0983129,-1.47728
688.5,0.260047,0.172898,0.130812,-1.47728
688.6,0.245331,0.189134,0.163515,-1.47728
688.7,0.227349,0.202982,0.196064,-1.47728
688.8,0.206137,0.214241,0.228067,-1.47728
688.9,0.181768,0.222726,0.259096,-1.47728
689,0.154365,0.22827,0.288697,-1.47728
689.1,0.124092,0.230728,0.316398,-1.47728
689.2,0.0911647,0.22998,0.341721,-1.47728
689.3,0.0558434,0.225938,0.364189,-1.47728
689.4,0.0184373,0.218542,0.383345,-1.47728
689.5,-0.0207008,0.207769,0.39876,-1.47728
689.6,-0.0611771,0.193636,0.41005,-1.47728
689.7,-0.102562,0.176195,0.416888,-1.47728
689.8,-0.144398,0.155542,0.419019,-1.47728
689.9,-0.186203,0.131814,0.416269,-1.47728
690,-0.227486,0.105186,0.408553,-1.47728
690.1,-0.267749,0.0758767,0.395885,-1.47728
690.2,-0.306501,0.0441397,0.378379,-1.47728
690.3,-0.34327,0.0102643,0.356252,-1.47728
690.4,-0.377608,-0.0254294,0.329817,-1.47728
690.5,-0.409103,-0.0625951,0.299479,-1.47728
690.6,-0.43739,-0.100865,0.265725,-1.47728
690.7,-0.462153,-0.139857,0.229111,-1.47728
690.8,-0.483137,-0.179179,0.190247,-1.47728
690.9,-0.500149,-0.218435,0.149779,-1.47728
691,-0.513062,-0.257236,0.108371,-1.47728
691.1,-0.521814,-0.295199,0.0666893,-1.47728
691.2,-0.526412,-0.33196,0.0253826,-1.47728
691.3,-0.526924,-0.367175,-0.0149344,-1.47728
691.4,-0.523477,-0.400526,-0.0536956,-1.47728
691.5,-0.516253,-0.431728,-0.0903952,-1.47728
691.6,-0.505481,-0.460526,-0.124598,-1.47728
691.7,-0.491429,-0.486706,-0.155946,-1.47728
691.8,-0.474397,-0.510089,-0.184161,-1.47728
691.9,-0.454708,-0.530536,-0.209048,-1.47728
692,-0.432702,-0.54795,-0.23049,-1.47728
692.1,-0.408726,-0.562268,-0.248444,-1.47728
692.2,-0.383128,-0.573466,-0.262939,-1.47728
692.3,-0.356251,-0.581556,-0.27406,-1.47728
692.4,-0.328424,-0.58658,-0.281949,-1.47728
692.5,-0.299963,-0.588612,-0.286786,-1.47728
692.6,-0.271162,-0.587749,-0.288784,-1.47728
692.7,-0.242293,-0.584113,-0.288182,-1.47728
692.8,-0.213604,-0.577846,-0.285228,-1.47728
692.9,-0.185317,-0.569104,-0.28018,-1.47728
693,-0.157629,-0.558057,-0.27329,-1.47728
693.1,-0.130712,-0.544885,-0.264804,-1.47728
693.2,-0.104714,-0.529774,-0.254956,-1.47728
693.3,-0.0797591,-0.512914,-0.243961,-1.47728
693.4,-0.0559531,-0.494499,-0.232015,-1.47728
693.5,-0.0333819,-0.474719,-0.219293,-1.47728
693.6,-0.0121152,-0.453766,-0.205948,-1.47728
693.7,0.0077912,-0.431827,-0.192109,-1.47728
693.8,0.0262937,-0.409085,-0.177886,-1.47728
693.9,0.0433585,-0.385718,-0.163368,-1.47728
694,0.0589599,-0.361898,-0.148628,-1.47728
694.1,0.0730786,-0.337791,-0.133722,-1.47728
694.2,0.0857001,-0.313555,-0.118693,-1.47728
694.3,0.0968141,-0.289345,-0.103575,-1.47728
694.4,0.106413,-0.265306,-0.0883938,-1.47728
694.5,0.114492,-0.241577,-0.0731715,-1.47728
694.6,0.121047,-0.218293,-0.0579277,-1.47728
694.7,0.126077,-0.19558,-0.042683,-1.47728
694.8,0.129584,-0.173559,-0.0274608,-1.47728
694.9,0.131571,-0.152345,-0.0122901,-1.47728
695,0.132045,-0.132045,0.00279368,-1.47728
695.1,0.131017,-0.112764,0.0177464,-1.47728
695.2,0.128502,-0.0945968,0.0325144,-1.47728
695.3,0.124522,-0.0776329,0.0470342,-1.47728
695.4,0.119106,-0.0619555,0.0612317,-1.47728
695.5,0.112289,-0.0476402,0.0750222,-1.47728
695.6,0.104118,-0.034755,0.0883117,-1.47728
695.7,0.0946469,-0.0233597,0.100997,-1.47728
695.8,0.0839422,-0.0135051,0.112968,-1.47728
695.9,0.0720809,-0.00523289,0.124109,-1.47728
696,0.0591521,0.00142566,0.1343,-1.47728
696.1,0.0452567,0.00644997,0.14342,-1.47728
696.2,0.0305076,0.00983093,0.151352,-1.47728
696.3,0.0150297,0.0115714,0.15798,-1.47728
696.4,-0.00104131,0.011687,0.163197,-1.47728
696.5,-0.0175595,0.0102062,0.166908,-1.47728
696.6,-0.0343698,0.00717069,0.169028,-1.47728
696.7,-0.0513098,0.00263581,0.16949,-1.47728
696.8,-0.068211,-0.00332972,0.168246,-1.47728
696.9,-0.0849011,-0.0106439,0.165266,-1.47728
697,-0.101206,-0.0192118,0.160545,-1.47728
697.1,-0.116953,-0.0289262,0.154099,-1.47728
697.2,-0.13197,-0.0396682,0.145969,-1.47728
697.3,-0.146092,-0.0513085,0.136219,-1.47728
697.4,-0.159162,-0.0637081,0.124938,-1.47728
697.5,-0.171032,-0.07672,0.112235,-1.47728
697.6,-0.181566,-0.0901904,0.0982405,-1.47728
697.7,-0.190642,-0.103961,0.0831023,-1.47728
697.8,-0.198154,-0.117868,0.0669841,-1.47728
697.9,-0.204012,-0.13175,0.0500615,-1.47728
698,-0.208146,-0.145442,0.0325194,-1.47728
698.1,-0.210502,-0.158782,0.0145481,-1.47728
698.2,-0.211048,-0.171612,-0.00365981,-1.47728
698.3,-0.209769,-0.18378,-0.021913,-1.47728
698.4,-0.20667,-0.19514,-0.0400243,-1.47728
698.5,-0.201774,-0.205556,-0.0578138,-1.47728
698.6,-0.195123,-0.214899,-0.0751111,-1.47728
698.7,-0.186774,-0.223054,-0.0917575,-1.47728
698.8,-0.176798,-0.229916,-0.107608,-1.47728
698.9,-0.165283,-0.235394,-0.12253,-1.47728
699,-0.152327,-0.239409,-0.136407,-1.47728
699.1,-0.13804,-0.241899,-0.149139,-1.47728
699.2,-0.122541,-0.242813,-0.160637,-1.47728
699.3,-0.105956,-0.242117,-0.170829,-1.47728
699.4,-0.0884204,-0.239788,-0.179653,-1.47728
699.5,-0.0700729,-0.235822,-0.187059,-1.47728
699.6,-0.0510572,-0.230226,-0.193008,-1.47728
699.7,-0.0315208,-0.22302,-0.197469,-1.47728
699.8,-0.0116139,-0.214242,-0.200416,-1.47728
699.9,0.00851123,-0.203937,-0.201829,-1.47728
700,0.0287003,-0.192168,-0.201693,-1.47728
700.1,0.0487978,-0.179007,-0.199994,-1.47728
700.2,0.0686467,-0.164538,-0.196721,-1.47728
700.3,0.0880891,-0.148857,-0.191864,-1.47728
700.4,0.106966,-0.132072,-0.185413,-1.47728
700.5,0.125118,-0.114298,-0.177363,-1.47728
700.6,0.142385,-0.095662,-0.167708,-1.47728
700.7,0.158607,-0.0763012,-0.156448,-1.47728
700.8,0.173622,-0.0563604,-0.143586,-1.47728
700.9,0.187271,-0.0359935,-0.129134,-1.47728
701,0.199396,-0.0153622,-0.113113,-1.47728
701.1,0.209842,0.00536436,-0.0955551,-1.47728
701.2,0.218457,0.0260101,-0.0765083,-1.47728
701.3,0.225096,0.0463933,-0.0560378,-1.47728
701.4,0.22962,0.066327,-0.034229,-1.47728
701.5,0.231901,0.0856205,-0.0111911,-1.47728
701.6,0.231822,0.10408,0.0129412,-1.47728
701.7,0.229282,0.121512,0.0380055,-1.47728
701.8,0.224196,0.137721,0.06381,-1.47728
701.9,0.216502,0.152516,0.0901325,-1.47728
702,0.206161,0.165708,0.116721,-1.47728
702.1,0.193159,0.177118,0.143294,-1.47728
702.2,0.177513,0.186573,0.169544,-1.47728
702.3,0.159272,0.193912,0.195139,-1.47728
702.4,0.138518,0.19899,0.219727,-1.47728
702.5,0.115372,0.201677,0.242944,-1.47728
702.6,0.0899877,0.201863,0.264417,-1.47728
702.7,0.0625589,0.199463,0.283776,-1.47728
702.8,0.0333151,0.194413,0.300659,-1.47728
702.9,0.00252107,0.186678,0.314725,-1.47728
703,-0.0295254,0.176252,0.325659,-1.47728
703.1,-0.062497,0.163161,0.333185,-1.47728
703.2,-0.0960411,0.147461,0.337074,-1.47728
703.3,-0.129785,0.129242,0.337154,-1.47728
703.4,-0.163341,0.108626,0.333313,-1.47728
703.5,-0.196315,0.0857679,0.325509,-1.47728
703.6,-0.228312,0.0608531,0.313772,-1.47728
703.7,-0.258942,0.0340965,0.298205,-1.47728
703.8,-0.287831,0.00573982,0.278987,-1.47728
703.9,-0.314626,-0.0239516,0.256363,-1.47728
704,-0.339,-0.054692,0.230647,-1.47728
704.1,-0.360664,-0.0861796,0.20221,-1.47728
704.2,-0.379366,-0.118101,0.17147,-1.47728
704.3,-0.394897,-0.150135,0.138886,-1.47728
704.4,-0.407097,-0.181959,0.104941,-1.47728
704.5,-0.415856,-0.213253,0.0701317,-1.47728
704.6,-0.421112,-0.243702,0.0349573,-1.47728
704.7,-0.422852,-0.273007,-9.54388e-05,-1.47728
704.8,-0.421112,-0.30088,-0.0345618,-1.47728
704.9,-0.415973,-0.327056,-0.06801,-1.47728
705,-0.407557,-0.351292,-0.100049,-1.47728
705.1,-0.396022,-0.37337,-0.130337,-1.47728
705.2,-0.381558,-0.393101,-0.158584,-1.47728
705.3,-0.364381,-0.410323,-0.184555,-1.47728
705.4,-0.344729,-0.424906,-0.208072,-1.47728
705.5,-0.322852,-0.43675,-0.229012,-1.47728
705.6,-0.299015,-0.445783,-0.247302,-1.47728
705.7,-0.273481,-0.451965,-0.262918,-1.47728
705.8,-0.246519,-0.455283,-0.275879,-1.47728
705.9,-0.218392,-0.45575,-0.286238,-1.47728
706,-0.189356,-0.453403,-0.294077,-1.47728
706.1,-0.159657,-0.448304,-0.2995,-1.47728
706.2,-0.129532,-0.440534,-0.302626,-1.47728
706.3,-0.0992045,-0.430193,-0.303583,-1.47728
706.4,-0.068884,-0.417397,-0.302497,-1.47728
706.5,-0.0387689,-0.402276,-0.299496,-1.47728
706.6,-0.00904482,-0.384973,-0.294695,-1.47728
706.7,0.0201136,-0.36564,-0.2882,-1.47728
706.8,0.0485416,-0.344441,-0.2801,-1.47728
706.9,0.0760827,-0.321546,-0.270471,-1.47728
707,0.102587,-0.29713,-0.259368,-1.47728
707.1,0.127908,-0.271377,-0.246831,-1.47728
707.2,0.151906,-0.244474,-0.232885,-1.47728
707.3,0.174439,-0.216613,-0.217539,-1.47728
707.4,0.195367,-0.187991,-0.200793,-1.47728
707.5,0.21455,-0.158808,-0.182638,-1.47728
707.6,0.231847,-0.129269,-0.163063,-1.47728
707.7,0.247115,-0.099582,-0.142055,-1.47728
707.8,0.260211,-0.0699592,-0.119611,-1.47728
707.9,0.27099,-0.0406165,-0.0957372,-1.47728
708,0.279311,-0.0117732,-0.0704557,-1.47728
708.1,0.285036,0.0163485,-0.0438119,-1.47728
708.2,0.28803,0.0435238,-0.0158776,-1.47728
708.3,0.288172,0.0695266,0.0132436,-1.47728
708.4,0.285347,0.0941299,0.0434123,-1.47728
708.5,0.27946,0.117108,0.0744498,-1.47728
708.6,0.270435,0.138237,0.106136,-1.47728
708.7,0.25822,0.157299,0.138208,-1.47728
708.8,0.242791,0.174082,0.170359,-1.47728
708.9,0.224157,0.188384,0.202245,-1.47728
709,0.202364,0.200014,0.23348,-1.47728
709.1,0.177496,0.2088,0.26365,-1.47728
709.2,0.149684,0.214585,0.292313,-1.47728
709.3,0.119099,0.217238,0.319012,-1.47728
709.4,0.0859624,0.21665,0.343282,-1.47728
709.5,0.0505391,0.212744,0.364665,-1.47728
709.6,0.0131404,0.205474,0.38272,-1.47728
709.7,-0.0258803,0.194827,0.397039,-1.47728
709.8,-0.0661307,0.18083,0.407257,-1.47728
709.9,-0.107185,0.163546,0.413068,-1.47728
710,-0.148589,0.14308,0.414236,-1.47728
710.1,-0.189872,0.119575,0.410604,-1.47728
710.2,-0.230548,0.0932157,0.402108,-1.47728
710.3,-0.270132,0.0642242,0.388777,-1.47728
710.4,-0.308146,0.0328588,0.370737,-1.47728
710.5,-0.34413,-0.000588572,0.348216,-1.47728
710.6,-0.377651,-0.0357969,0.321534,-1.47728
710.7,-0.408312,-0.0724201,0.291098,-1.47728
710.8,-0.435761,-0.110093,0.257395,-1.47728
710.9,-0.4597,-0.148435,0.220977,-1.47728
711,-0.479886,-0.187059,0.182444,-1.47728
711.1,-0.49614,-0.225577,0.14243,-1.47728
711.2,-0.508345,-0.263603,0.101587,-1.47728
711.3,-0.516451,-0.300763,0.0605615,-1.47728
711.4,-0.520472,-0.336701,0.0199846,-1.47728
711.5,-0.520483,-0.37108,-0.0195492,-1.47728
711.6,-0.516615,-0.403591,-0.057494,-1.47728
711.7,-0.509053,-0.433956,-0.093364,-1.47728
711.8,-0.498025,-0.46193,-0.126743,-1.47728
711.9,-0.483799,-0.487305,-0.15729,-1.47728
712,-0.466671,-0.509909,-0.184744,-1.47728
712.1,-0.44696,-0.52961,-0.208921,-1.47728
712.2,-0.424999,-0.546315,-0.229715,-1.47728
712.3,-0.401131,-0.559966,-0.247093,-1.47728
712.4,-0.375694,-0.570543,-0.261087,-1.47728
712.5,-0.349023,-0.57806,-0.271787,-1.47728
712.6,-0.321441,-0.582562,-0.279335,-1.47728
712.7,-0.293255,-0.584121,-0.283908,-1.47728
712.8,-0.264752,-0.582838,-0.285719,-1.47728
712.9,-0.236196,-0.578832,-0.284999,-1.47728
713,-0.207828,-0.572243,-0.281992,-1.47728
713.1,-0.179865,-0.563227,-0.276947,-1.47728
713.2,-0.152499,-0.551951,-0.27011,-1.47728
713.3,-0.125895,-0.538592,-0.26172,-1.47728
713.4,-0.100199,-0.523333,-0.252002,-1.47728
713.5,-0.0755322,-0.506361,-0.241163,-1.47728
713.6,-0.0519974,-0.487866,-0.229392,-1.47728
713.7,-0.0296791,-0.468037,-0.216858,-1.47728
713.8,-0.00864638,-0.44706,-0.203706,-1.47728
713.9,0.0110455,-0.425121,-0.19006,-1.47728
714,0.0293527,-0.402398,-0.176026,-1.47728
714.1,0.0462406,-0.379068,-0.161687,-1.47728
714.2,0.0616824,-0.355299,-0.147114,-1.47728
714.3,0.0756572,-0.331255,-0.132357,-1.47728
714.4,0.0881492,-0.307093,-0.11746,-1.47728
714.5,0.0991456,-0.282965,-0.102453,-1.47728
714.6,0.108637,-0.259015,-0.0873621,-1.47728
714.7,0.116616,-0.235381,-0.0722071,-1.47728
714.8,0.123077,-0.212197,-0.0570082,-1.47728
714.9,0.128017,-0.189587,-0.041786,-1.47728
715,0.131434,-0.167674,-0.026565,-1.47728
715.1,0.133331,-0.14657,-0.011375,-1.47728
715.2,0.133711,-0.126386,0.00374695,-1.47728
715.3,0.132585,-0.107223,0.0187549,-1.47728
715.4,0.129966,-0.0891777,0.0335934,-1.47728
715.5,0.125874,-0.0723407,0.0481961,-1.47728
715.6,0.120337,-0.0567954,0.0624865,-1.47728
715.7,0.11339,-0.0426179,0.0763772,-1.47728
715.8,0.105078,-0.0298771,0.089771,-1.47728
715.9,0.0954563,-0.0186333,0.102562,-1.47728
716,0.0845899,-0.00893815,0.114636,-1.47728
716.1,0.0725569,-0.000833846,0.125875,-1.47728
716.2,0.0594469,0.00564775,0.136156,-1.47728
716.3,0.0453618,0.0104856,0.145354,-1.47728
716.4,0.0304161,0.0136704,0.15335,-1.47728
716.5,0.0147359,0.0152048,0.160025,-1.47728
716.6,-0.00154116,0.0151045,0.16527,-1.47728
716.7,-0.0182671,0.013398,0.168986,-1.47728
716.8,-0.0352846,0.0101276,0.17109,-1.47728
716.9,-0.0524289,0.00534919,0.171511,-1.47728
717,-0.0695291,-0.000867676,0.170201,-1.47728
717.1,-0.0864104,-0.00843998,0.167131,-1.47728
717.2,-0.102896,-0.0172716,0.162294,-1.47728
717.3,-0.118811,-0.0272539,0.15571,-1.47728
717.4,-0.133981,-0.0382664,0.147419,-1.47728
717.5,-0.14824,-0.0501781,0.137488,-1.47728
717.6,-0.161427,-0.0628483,0.126007,-1.47728
717.7,-0.173394,-0.0761279,0.11309,-1.47728
717.8,-0.184002,-0.0898613,0.0988684,-1.47728
717.9,-0.193129,-0.103888,0.0834944,-1.47728
718,-0.200668,-0.118043,0.0671348,-1.47728
718.1,-0.206529,-0.132162,0.0499687,-1.47728
718.2,-0.210641,-0.146078,0.0321845,-1.47728
718.3,-0.212952,-0.159628,0.0139757,-1.47728
718.4,-0.213428,-0.172653,-0.00446178,-1.47728
718.5,-0.212058,-0.184998,-0.0229338,-1.47728
718.6,-0.208847,-0.196517,-0.0412507,-1.47728
718.7,-0.203819,-0.207072,-0.0592302,-1.47728
718.8,-0.197018,-0.216533,-0.0767002,-1.47728
718.9,-0.188502,-0.224785,-0.0935005,-1.47728
719,-0.178345,-0.231722,-0.109484,-1.47728
719.1,-0.166636,-0.237253,-0.12452,-1.47728
719.2,-0.153477,-0.2413,-0.138491,-1.47728
719.3,-0.138977,-0.2438,-0.151294,-1.47728
719.4,-0.123259,-0.244702,-0.162844,-1.47728
719.5,-0.106453,-0.243972,-0.173068,-1.47728
719.6,-0.0886922,-0.241591,-0.181904,-1.47728
719.7,-0.0701196,-0.237552,-0.189305,-1.47728
719.8,-0.0508804,-0.231865,-0.195231,-1.47728
719.9,-0.0311235,-0.224552,-0.199653,-1.47728
720,-0.0110008,-0.215649,-0.202545,-1.47728
720.1,0.00933385,-0.205206,-0.203889,-1.47728
720.2,0.0297248,-0.193284,-0.203669,-1.47728
720.3,0.0500152,-0.179959,-0.201874,-1.47728
720.4,0.0700467,-0.165316,-0.198491,-1.47728
720.5,0.0896601,-0.149452,-0.193511,-1.47728
720.6,0.108695,-0.132476,-0.186926,-1.47728
720.7,0.126991,-0.114507,-0.178728,-1.47728
720.8,0.144387,-0.0956719,-0.168913,-1.47728
720.9,0.16072,-0.0761097,-0.157479,-1.47728
721,0.175829,-0.0559674,-0.144431,-1.47728
721.1,0.189553,-0.0354004,-0.12978,-1.47728
721.2,0.201732,-0.0145726,-0.113546,-1.47728
721.3,0.21221,0.00634505,-0.0957631,-1.47728
721.4,0.220835,0.0271746,-0.0764778,-1.47728
721.5,0.227458,0.0477324,-0.0557564,-1.47728
721.6,0.231941,0.0678293,-0.0336855,-1.47728
721.7,0.234154,0.0872728,-0.0103754,-1.47728
721.8,0.233979,0.105867,0.0140375,-1.47728
721.9,0.231315,0.123416,0.0393884,-1.47728
722,0.226077,0.139724,0.0654826,-1.47728
722.1,0.218201,0.154595,0.0920951,-1.47728
722.2,0.207649,0.167842,0.11897,-1.47728
722.3,0.194408,0.179281,0.145821,-1.47728
722.4,0.178496,0.18874,0.172337,-1.47728
722.5,0.159963,0.196055,0.19818,-1.47728
722.6,0.138894,0.20108,0.222994,-1.47728
722.7,0.115411,0.203686,0.246408,-1.47728
722.8,0.0896717,0.203761,0.268047,-1.47728
722.9,0.0618732,0.201219,0.287533,-1.47728
723,0.0322491,0.195997,0.304502,-1.47728
723.1,0.00106842,0.188062,0.318607,-1.47728
723.2,-0.0313662,0.177408,0.329531,-1.47728
723.3,-0.0647224,0.164062,0.336997,-1.47728
723.4,-0.0986425,0.148083,0.340774,-1.47728
723.5,-0.132748,0.129562,0.34069,-1.47728
723.6,-0.166648,0.108624,0.336635,-1.47728
723.7,-0.199942,0.0854275,0.32857,-1.47728
723.8,-0.232229,0.060161,0.31653,-1.47728
723.9,-0.263119,0.033043,0.300623,-1.47728
724,-0.292231,0.00431902,0.281033,-1.47728
724.1,-0.319211,-0.0257417,0.258015,-1.47728
724.2,-0.34373,-0.0568495,0.231889,-1.47728
724.3,-0.365498,-0.0886987,0.203036,-1.47728
724.4,-0.384261,-0.120972,0.171883,-1.47728
724.5,-0.399813,-0.153345,0.138897,-1.47728
724.6,-0.411996,-0.185491,0.104569,-1.47728
724.7,-0.420699,-0.217088,0.069404,-1.47728
724.8,-0.425865,-0.247819,0.0339081,-1.47728
724.9,-0.427486,-0.27738,-0.00142625,-1.47728
725,-0.425601,-0.305485,-0.0361297,-1.47728
725.1,-0.420296,-0.331867,-0.069767,-1.47728
725.2,-0.411696,-0.356281,-0.101946,-1.47728
725.3,-0.399967,-0.37851,-0.132322,-1.47728
725.4,-0.385302,-0.398365,-0.160608,-1.47728
725.5,-0.367923,-0.415686,-0.18657,-1.47728
725.6,-0.348071,-0.430343,-0.210032,-1.47728
725.7,-0.326004,-0.442238,-0.230876,-1.47728
725.8,-0.301986,-0.451302,-0.249033,-1.47728
725.9,-0.276287,-0.457497,-0.264485,-1.47728
726,-0.249178,-0.460811,-0.277256,-1.47728
726.1,-0.220923,-0.461261,-0.287403,-1.47728
726.2,-0.191782,-0.458887,-0.295016,-1.47728
726.3,-0.162001,-0.453753,-0.300204,-1.47728
726.4,-0.131818,-0.445943,-0.303093,-1.47728
726.5,-0.101455,-0.435559,-0.303813,-1.47728
726.6,-0.0711228,-0.42272,-0.302499,-1.47728
726.7,-0.0410185,-0.407558,-0.299281,-1.47728
726.8,-0.0113261,-0.390218,-0.29428,-1.47728
726.9,0.0177818,-0.370855,-0.287606,-1.47728
727,0.0461425,-0.349632,-0.279352,-1.47728
727.1,0.0736021,-0.326721,-0.269595,-1.47728
727.2,0.100013,-0.3023,-0.258396,-1.47728
727.3,0.125235,-0.27655,-0.245797,-1.47728
727.4,0.149127,-0.249661,-0.231824,-1.47728
727.5,0.171554,-0.221823,-0.21649,-1.47728
727.6,0.19238,-0.193234,-0.199795,-1.47728
727.7,0.211468,-0.164091,-0.181731,-1.47728
727.8,0.22868,-0.134599,-0.162289,-1.47728
727.9,0.243879,-0.104965,-0.141457,-1.47728
728,0.256925,-0.0753978,-0.119231,-1.47728
728.1,0.267679,-0.0461118,-0.0956163,-1.47728
728.2,0.276003,-0.0173235,-0.0706349,-1.47728
728.3,0.281762,0.0107476,-0.0443297,-1.47728
728.4,0.284827,0.0378799,-0.0167698,-1.47728
728.5,0.285077,0.0638505,0.0119446,-1.47728
728.6,0.282404,0.0884359,0.0416787,-1.47728
728.7,0.276713,0.111414,0.0722592,-1.47728
728.8,0.267931,0.132565,0.103472,-1.47728
728.9,0.256006,0.151673,0.135062,-1.47728
729,0.240916,0.16853,0.166732,-1.47728
729.1,0.222668,0.182938,0.198144,-1.47728
729.2,0.201308,0.19471,0.228925,-1.47728
729.3,0.176918,0.203675,0.258668,-1.47728
729.4,0.149623,0.209679,0.286943,-1.47728
729.5,0.119593,0.212592,0.313304,-1.47728
729.6,0.0870414,0.212308,0.337295,-1.47728
729.7,0.052228,0.208748,0.358467,-1.47728
729.8,0.0154563,0.201868,0.37639,-1.47728
729.9,-0.0229281,0.191655,0.390659,-1.47728
730,-0.0625416,0.178131,0.400916,-1.47728
730.1,-0.102967,0.16136,0.406857,-1.47728
730.2,-0.143761,0.141442,0.408248,-1.47728
730.3,-0.18446,0.118517,0.40493,-1.47728
730.4,-0.224588,0.0927646,0.396833,-1.47728
730.5,-0.263668,0.0644015,0.383979,-1.47728
730.6,-0.301229,0.0336808,0.366487,-1.47728
730.7,-0.336818,0.000887979,0.344571,-1.47728
730.8,-0.370006,-0.0336622,0.318537,-1.47728
730.9,-0.400401,-0.0696302,0.288779,-1.47728
731,-0.427653,-0.106657,0.255766,-1.47728
731.1,-0.451463,-0.144369,0.220034,-1.47728
731.2,-0.471589,-0.182385,0.182166,-1.47728
731.3,-0.487846,-0.22032,0.14278,-1.47728
731.4,-0.500115,-0.257796,0.102513,-1.47728
731.5,-0.50834,-0.294443,0.0619998,-1.47728
731.6,-0.512528,-0.329905,0.0218582,-1.47728
731.7,-0.512744,-0.363851,-0.0173258,-1.47728
731.8,-0.509112,-0.395971,-0.0550125,-1.47728
731.9,-0.501807,-0.425989,-0.0907204,-1.47728
732,-0.491048,-0.453658,-0.124035,-1.47728
732.1,-0.477092,-0.478769,-0.154614,-1.47728
732.2,-0.460226,-0.501148,-0.182192,-1.47728
732.3,-0.44076,-0.52066,-0.206582,-1.47728
732.4,-0.419019,-0.537207,-0.22767,-1.47728
732.5,-0.395337,-0.550729,-0.245414,-1.47728
732.6,-0.370047,-0.561199,-0.259838,-1.47728
732.7,-0.343478,-0.568627,-0.271021,-1.47728
732.8,-0.315947,-0.57305,-0.279094,-1.47728
732.9,-0.287757,-0.574538,-0.284225,-1.47728
733,-0.259193,-0.573183,-0.286614,-1.47728
733.1,-0.230519,-0.5691,-0.286482,-1.47728
733.2,-0.201973,-0.562424,-0.284065,-1.47728
733.3,-0.173774,-0.553305,-0.2796,-1.47728
733.4,-0.146113,-0.541904,-0.273326,-1.47728
733.5,-0.119161,-0.528396,-0.265472,-1.47728
733.6,-0.0930645,-0.512958,-0.256254,-1.47728
733.7,-0.0679492,-0.495775,-0.245874,-1.47728
733.8,-0.0439225,-0.477032,-0.234512,-1.47728
733.9,-0.0210742,-0.456918,-0.222329,-1.47728
734,0.000520623,-0.435617,-0.209465,-1.47728
734.1,0.0208,-0.413313,-0.196038,-1.47728
734.2,0.0397128,-0.390185,-0.182147,-1.47728
734.3,0.0572166,-0.366409,-0.167871,-1.47728
734.4,0.0732762,-0.342157,-0.153272,-1.47728
734.5,0.0878618,-0.317593,-0.138398,-1.47728
734.6,0.100948,-0.292878,-0.123287,-1.47728
734.7,0.112512,-0.268166,-0.107965,-1.47728
734.8,0.122535,-0.243608,-0.0924543,-1.47728
734.9,0.130997,-0.219346,-0.0767726,-1.47728
735,0.137884,-0.195519,-0.0609378,-1.47728
735.1,0.14318,-0.17226,-0.0449702,-1.47728
735.2,0.146875,-0.149698,-0.0288947,-1.47728
735.3,0.148957,-0.127956,-0.0127435,-1.47728
735.4,0.149422,-0.10715,0.00344218,-1.47728
735.5,0.148269,-0.0873928,0.0196107,-1.47728
735.6,0.145503,-0.0687912,0.0356984,-1.47728
735.7,0.141135,-0.0514456,0.0516292,-1.47728
735.8,0.135185,-0.03545,0.0673141,-1.47728
735.9,0.127683,-0.0208914,0.0826512,-1.47728
736,0.11867,-0.00784929,0.0975266,-1.47728
736.1,0.108198,0.00360534,0.111816,-1.47728
736.2,0.0963309,0.0134107,0.125384,-1.47728
736.3,0.0831494,0.021515,0.138091,-1.47728
736.4,0.0687462,0.0278774,0.149791,-1.47728
736.5,0.0532297,0.0324689,0.160335,-1.47728
736.6,0.0367226,0.0352732,0.169578,-1.47728
736.7,0.0193621,0.0362875,0.177379,-1.47728
736.8,0.00129929,0.0355231,0.183605,-1.47728
736.9,-0.0173023,0.0330062,0.188135,-1.47728
737,-0.0362678,0.0287784,0.190866,-1.47728
737.1,-0.0554126,0.0228964,0.191711,-1.47728
737.2,-0.074545,0.015433,0.190607,-1.47728
737.3,-0.0934677,0.00647603,0.187515,-1.47728
737.4,-0.111981,-0.00387134,0.182423,-1.47728
737.5,-0.129886,-0.0154916,0.175348,-1.47728
737.6,-0.146986,-0.0282535,0.166333,-1.47728
737.7,-0.163091,-0.0420136,0.155454,-1.47728
737.8,-0.178018,-0.056617,0.142812,-1.47728
737.9,-0.191599,-0.0718993,0.128536,-1.47728
738,-0.203676,-0.0876882,0.112779,-1.47728
738.1,-0.214111,-0.103805,0.0957159,-1.47728
738.2,-0.222782,-0.120069,0.0775392,-1.47728
738.3,-0.229589,-0.136293,0.058456,-1.47728
738.4,-0.23445,-0.152296,0.0386839,-1.47728
738.5,-0.23731,-0.167894,0.0184461,-1.47728
738.6,-0.238132,-0.18291,-0.00203254,-1.47728
738.7,-0.236903,-0.197173,-0.0225295,-1.47728
738.8,-0.233632,-0.210521,-0.0428286,-1.47728
738.9,-0.22835,-0.222799,-0.0627237,-1.47728
739,-0.221107,-0.233866,-0.0820213,-1.47728
739.1,-0.211972,-0.243593,-0.100543,-1.47728
739.2,-0.20103,-0.251865,-0.118128,-1.47728
739.3,-0.188382,-0.258581,-0.134633,-1.47728
739.4,-0.174144,-0.263657,-0.149933,-1.47728
739.5,-0.15844,-0.267024,-0.163922,-1.47728
739.6,-0.141406,-0.268628,-0.176513,-1.47728
739.7,-0.123186,-0.268433,-0.187635,-1.47728
739.8,-0.10393,-0.266418,-0.197231,-1.47728
739.9,-0.0837922,-0.262578,-0.205258,-1.47728
740,-0.0629316,-0.256924,-0.211685,-1.47728
740.1,-0.0415092,-0.249483,-0.21649,-1.47728
740.2,-0.0196881,-0.240294,-0.219658,-1.47728
740.3,0.00236743,-0.229412,-0.221178,-1.47728
740.4,0.0244923,-0.216904,-0.221042,-1.47728
740.5,0.0465206,-0.202852,-0.219246,-1.47728
740.6,0.068286,-0.187348,-0.215785,-1.47728
740.7,0.0896218,-0.170497,-0.210651,-1.47728
740.8,0.11036,-0.152414,-0.203841,-1.47728
740.9,0.130334,-0.133227,-0.195346,-1.47728
741,0.149373,-0.113072,-0.185162,-1.47728
741.1,0.16731,-0.0920956,-0.173283,-1.47728
741.2,0.183973,-0.0704539,-0.159708,-1.47728
741.3,0.199195,-0.0483119,-0.144441,-1.47728
741.4,0.212806,-0.0258429,-0.127496,-1.47728
741.5,0.224639,-0.00322821,-0.108897,-1.47728
741.6,0.234531,0.0193437,-0.0886803,-1.47728
741.7,0.242323,0.0416776,-0.0669038,-1.47728
741.8,0.247862,0.0635727,-0.0436448,-1.47728
741.9,0.251006,0.0848236,-0.0190058,-1.47728
742,0.251622,0.105221,0.00688261,-1.47728
742.1,0.249593,0.124555,0.0338592,-1.47728
742.2,0.24482,0.142614,0.0617298,-1.47728
742.3,0.237225,0.159189,0.0902659,-1.47728
742.4,0.226754,0.174073,0.119204,-1.47728
742.5,0.21338,0.187067,0.148248,-1.47728
742.6,0.197111,0.19798,0.177066,-1.47728
742.7,0.177987,0.206634,0.205301,-1.47728
742.8,0.156084,0.212862,0.232568,-1.47728
742.9,0.131519,0.216518,0.258467,-1.47728
743,0.10445,0.217475,0.282584,-1.47728
743.1,0.0750752,0.21563,0.304503,-1.47728
743.2,0.0436358,0.210906,0.323816,-1.47728
743.3,0.0104118,0.203256,0.340134,-1.47728
743.4,-0.024279,0.192663,0.353094,-1.47728
743.5,-0.0600844,0.179146,0.362376,-1.47728
743.6,-0.0966224,0.162755,0.367708,-1.47728
743.7,-0.133487,0.143581,0.368882,-1.47728
743.8,-0.170255,0.121747,0.365757,-1.47728
743.9,-0.206493,0.0974146,0.35827,-1.47728
744,-0.241765,0.0707779,0.34644,-1.47728
744.1,-0.27564,0.042065,0.330368,-1.47728
744.2,-0.307703,0.0115342,0.310242,-1.47728
744.3,-0.337562,-0.0205299,0.28633,-1.47728
744.4,-0.364854,-0.0538192,0.258975,-1.47728
744.5,-0.389256,-0.0880074,0.228588,-1.47728
744.6,-0.410486,-0.122755,0.195638,-1.47728
744.7,-0.428315,-0.157712,0.160638,-1.47728
744.8,-0.442564,-0.192529,0.124131,-1.47728
744.9,-0.45311,-0.226857,0.086678,-1.47728
745,-0.459887,-0.260354,0.0488419,-1.47728
745.1,-0.462884,-0.292692,0.0111725,-1.47728
745.2,-0.462144,-0.323561,-0.0258064,-1.47728
745.3,-0.457762,-0.352672,-0.0616085,-1.47728
745.4,-0.449876,-0.379763,-0.0957961,-1.47728
745.5,-0.438669,-0.404598,-0.127987,-1.47728
745.6,-0.424356,-0.426974,-0.157861,-1.47728
745.7,-0.407183,-0.446721,-0.185163,-1.47728
745.8,-0.387416,-0.463699,-0.209703,-1.47728
745.9,-0.365338,-0.477805,-0.231355,-1.47728
746,-0.341243,-0.488968,-0.250055,-1.47728
746.1,-0.315426,-0.497149,-0.265794,-1.47728
746.2,-0.288182,-0.50234,-0.278614,-1.47728
746.3,-0.259798,-0.504563,-0.288598,-1.47728
746.4,-0.230553,-0.503864,-0.295863,-1.47728
746.5,-0.200711,-0.500315,-0.300553,-1.47728
746.6,-0.170523,-0.494009,-0.302829,-1.47728
746.7,-0.14022,-0.485059,-0.302865,-1.47728
746.8,-0.110018,-0.473592,-0.300836,-1.47728
746.9,-0.0801159,-0.459753,-0.296914,-1.47728
747,-0.0506932,-0.443693,-0.291265,-1.47728
747.1,-0.0219155,-0.425578,-0.284039,-1.47728
747.2,0.0060666,-0.405577,-0.275373,-1.47728
747.3,0.033115,-0.383866,-0.265384,-1.47728
747.4,0.0591026,-0.360628,-0.25417,-1.47728
747.5,0.0839109,-0.336045,-0.241809,-1.47728
747.6,0.107428,-0.310303,-0.228361,-1.47728
747.7,0.129548,-0.283591,-0.213865,-1.47728
747.8,0.150167,-0.256098,-0.198349,-1.47728
747.9,0.169184,-0.228012,-0.181825,-1.47728
748,0.186499,-0.199523,-0.164297,-1.47728
748.1,0.20201,-0.170823,-0.145763,-1.47728
748.2,0.215618,-0.142103,-0.12622,-1.47728
748.3,0.227221,-0.113553,-0.10567,-1.47728
748.4,0.236718,-0.0853672,-0.0841193,-1.47728
748.5,0.244012,-0.0577371,-0.0615887,-1.47728
748.6,0.249005,-0.0308554,-0.0381146,-1.47728
748.7,0.251605,-0.00491466,-0.0137547,-1.47728
748.8,0.251729,0.0198934,0.0114092,-1.47728
748.9,0.2493,0.0433787,0.0372677,-1.47728
749,0.244257,0.0653536,0.0636808,-1.47728
749.1,0.236551,0.0856342,0.0904766,-1.47728
749.2,0.226155,0.104042,0.117451,-1.47728
749.3,0.213063,0.120405,0.144365,-1.47728
749.4,0.197293,0.134562,0.170953,-1.47728
749.5,0.178893,0.146359,0.196915,-1.47728
749.6,0.157942,0.155661,0.221932,-1.47728
749.7,0.13455,0.162344,0.245662,-1.47728
749.8,0.108864,0.166305,0.267751,-1.47728
749.9,0.0810662,0.167462,0.28784,-1.47728
750,0.0513744,0.165757,0.305575,-1.47728
750.1,0.0200412,0.161155,0.320611,-1.47728
750.2,-0.0126472,0.153653,0.33263,-1.47728
750.3,-0.0463744,0.143274,0.341341,-1.47728
750.4,-0.0807971,0.130074,0.346501,-1.47728
750.5,-0.11555,0.114141,0.347914,-1.47728
750.6,-0.15025,0.0955954,0.345446,-1.47728
750.7,-0.184507,0.0745877,0.339025,-1.47728
750.8,-0.217924,0.0513012,0.328655,-1.47728
750.9,-0.250109,0.0259483,0.314409,-1.47728
751,-0.280681,-0.00123115,0.296437,-1.47728
751.1,-0.309279,-0.0299729,0.274959,-1.47728
751.2,-0.335566,-0.0599913,0.250265,-1.47728
751.3,-0.359237,-0.0909835,0.222707,-1.47728
751.4,-0.380025,-0.122633,0.192688,-1.47728
751.5,-0.397707,-0.154616,0.160655,-1.47728
751.6,-0.412105,-0.186603,0.127088,-1.47728
751.7,-0.42309,-0.218268,0.0924831,-1.47728
751.8,-0.430584,-0.249289,0.0573448,-1.47728
751.9,-0.434558,-0.279355,0.0221701,-1.47728
752,-0.435033,-0.308169,-0.0125621,-1.47728
752.1,-0.432075,-0.335455,-0.0464023,-1.47728
752.2,-0.425796,-0.360958,-0.07894,-1.47728
752.3,-0.416343,-0.384446,-0.109811,-1.47728
752.4,-0.403899,-0.405719,-0.138703,-1.47728
752.5,-0.388677,-0.424602,-0.165361,-1.47728
752.6,-0.370908,-0.440951,-0.189585,-1.47728
752.7,-0.350846,-0.454656,-0.211234,-1.47728
752.8,-0.32875,-0.465633,-0.230221,-1.47728
752.9,-0.304891,-0.47383,-0.24651,-1.47728
753,-0.279538,-0.479225,-0.260111,-1.47728
753.1,-0.252957,-0.481821,-0.271075,-1.47728
753.2,-0.225408,-0.481648,-0.279485,-1.47728
753.3,-0.197142,-0.478759,-0.285451,-1.47728
753.4,-0.168395,-0.473229,-0.289102,-1.47728
753.5,-0.139394,-0.465149,-0.290579,-1.47728
753.6,-0.110347,-0.454632,-0.29003,-1.47728
753.7,-0.0814504,-0.441799,-0.287601,-1.47728
753.8,-0.0528848,-0.426789,-0.283434,-1.47728
753.9,-0.0248171,-0.409748,-0.277663,-1.47728
754,0.00259826,-0.390831,-0.270406,-1.47728
754.1,0.0292181,-0.3702,-0.261768,-1.47728
754.2,0.0549088,-0.348024,-0.251838,-1.47728
754.3,0.0795449,-0.324474,-0.240686,-1.47728
754.4,0.103007,-0.299727,-0.228366,-1.47728
754.5,0.12518,-0.27396,-0.214916,-1.47728
754.6,0.145953,-0.247355,-0.20036,-1.47728
754.7,0.165216,-0.220095,-0.184711,-1.47728
754.8,0.182859,-0.192364,-0.167973,-1.47728
754.9,0.198774,-0.164349,-0.150144,-1.47728
755,0.212852,-0.136237,-0.131223,-1.47728
755.1,0.224983,-0.108218,-0.111211,-1.47728
755.2,0.235058,-0.0804828,-0.0901169,-1.47728
755.3,0.24297,-0.0532227,-0.0679601,-1.47728
755.4,0.248616,-0.0266309,-0.0447773,-1.47728
755.5,0.251894,-0.000900987,-0.0206253,-1.47728
755.6,0.252711,0.0237735,0.00441529,-1.47728
755.7,0.250985,0.0471999,0.0302363,-1.47728
755.8,0.246642,0.0691872,0.0566997,-1.47728
755.9,0.239629,0.0895477,0.0836352,-1.47728
756,0.229906,0.108098,0.110839,-1.47728
756.1,0.21746,0.124661,0.138076,-1.47728
756.2,0.202299,0.139069,0.165077,-1.47728
756.3,0.184462,0.151164,0.191545,-1.47728
756.4,0.164019,0.160799,0.217154,-1.47728
756.5,0.141071,0.167847,0.241562,-1.47728
756.6,0.115758,0.172195,0.264409,-1.47728
756.7,0.0882536,0.173753,0.285329,-1.47728
756.8,0.0587688,0.172452,0.303956,-1.47728
756.9,0.0275507,0.168252,0.319937,-1.47728
757,-0.00511919,0.161137,0.332938,-1.47728
757.1,-0.0389274,0.151124,0.342656,-1.47728
757.2,-0.0735321,0.13826,0.348829,-1.47728
757.3,-0.108568,0.122624,0.351245,-1.47728
757.4,-0.143651,0.104327,0.349752,-1.47728
757.5,-0.178385,0.0835146,0.344261,-1.47728
757.6,-0.212369,0.0603627,0.334755,-1.47728
757.7,-0.245204,0.0350784,0.321294,-1.47728
757.8,-0.2765,0.00789698,0.30401,-1.47728
757.9,-0.305885,-0.0209204,0.283112,-1.47728
758,-0.333011,-0.0510902,0.258879,-1.47728
758.1,-0.357561,-0.0823102,0.231654,-1.47728
758.2,-0.379256,-0.114264,0.201836,-1.47728
758.3,-0.397857,-0.146625,0.169872,-1.47728
758.4,-0.413175,-0.179062,0.136242,-1.47728
758.5,-0.425067,-0.211244,0.101449,-1.47728
758.6,-0.433443,-0.242843,0.0660054,-1.47728
758.7,-0.438263,-0.273544,0.030419,-1.47728
758.8,-0.439538,-0.303043,-0.00481836,-1.47728
758.9,-0.437326,-0.331056,-0.0392424,-1.47728
759,-0.431731,-0.357319,-0.0724266,-1.47728
759.1,-0.422895,-0.381595,-0.103991,-1.47728
759.2,-0.410998,-0.403674,-0.133606,-1.47728
759.3,-0.396248,-0.423372,-0.161001,-1.47728
759.4,-0.378879,-0.440541,-0.185961,-1.47728
759.5,-0.359142,-0.455059,-0.208333,-1.47728
759.6,-0.337302,-0.466839,-0.228017,-1.47728
759.7,-0.31363,-0.475821,-0.244968,-1.47728
759.8,-0.2884,-0.481978,-0.259188,-1.47728
759.9,-0.261882,-0.485308,-0.270723,-1.47728
760,-0.234342,-0.485836,-0.279652,-1.47728
760.1,-0.206035,-0.483613,-0.286085,-1.47728
760.2,-0.177204,-0.478709,-0.29015,-1.47728
760.3,-0.148079,-0.471216,-0.291991,-1.47728
760.4,-0.118875,-0.461242,-0.291759,-1.47728
760.5,-0.0897911,-0.44891,-0.289606,-1.47728
760.6,-0.0610127,-0.434356,-0.285679,-1.47728
760.7,-0.0327098,-0.417727,-0.280118,-1.47728
760.8,-0.00503939,-0.399179,-0.273048,-1.47728
760.9,0.0218533,-0.378873,-0.264582,-1.47728
761,0.0478336,-0.356978,-0.254814,-1.47728
761.1,0.0727753,-0.333666,-0.243821,-1.47728
761.2,0.096559,-0.309115,-0.231663,-1.47728
761.3,0.119071,-0.283503,-0.218384,-1.47728
761.4,0.140199,-0.257012,-0.204011,-1.47728
761.5,0.159837,-0.229823,-0.188561,-1.47728
761.6,0.177876,-0.202124,-0.17204,-1.47728
761.7,0.194209,-0.174098,-0.154449,-1.47728
761.8,0.20873,-0.145935,-0.135785,-1.47728
761.9,0.22133,-0.117822,-0.116048,-1.47728
762,0.231904,-0.08995,-0.0952444,-1.47728
762.1,0.240344,-0.0625101,-0.0733904,-1.47728
762.2,0.246548,-0.0356943,-0.0505172,-1.47728
762.3,0.250415,-0.00969531,-0.0266753,-1.47728
762.4,0.251853,0.0152942,-0.00193777,-1.47728
762.5,0.250776,0.0390821,0.0235957,-1.47728
762.6,0.247112,0.0614781,0.0497963,-1.47728
762.7,0.2408,0.0822947,0.0765038,-1.47728
762.8,0.2318,0.101348,0.103525,-1.47728
762.9,0.220092,0.118462,0.130635,-1.47728
763,0.205679,0.133466,0.157575,-1.47728
763.1,0.188592,0.1462,0.184057,-1.47728
763.2,0.168894,0.156517,0.209766,-1.47728
763.3,0.146676,0.164285,0.234366,-1.47728
763.4,0.122069,0.169389,0.257504,-1.47728
763.5,0.0952361,0.171732,0.278818,-1.47728
763.6,0.0663784,0.171242,0.297943,-1.47728
763.7,0.0357322,0.167872,0.314527,-1.47728
763.8,0.00356897,0.1616,0.328231,-1.47728
763.9,-0.0298077,0.152434,0.338747,-1.47728
764,-0.0640651,0.140413,0.345804,-1.47728
764.1,-0.0988456,0.125608,0.349176,-1.47728
764.2,-0.133772,0.108123,0.348698,-1.47728
764.3,-0.168453,0.0880921,0.344264,-1.47728
764.4,-0.202492,0.0656839,0.335838,-1.47728
764.5,-0.235489,0.0410964,0.32346,-1.47728
764.6,-0.267056,0.0145567,0.307242,-1.47728
764.7,-0.296816,-0.0136818,0.287372,-1.47728
764.8,-0.324417,-0.0433425,0.264107,-1.47728
764.9,-0.349535,-0.0741293,0.237773,-1.47728
765,-0.371882,-0.105731,0.208751,-1.47728
765.1,-0.39121,-0.137824,0.177473,-1.47728
765.2,-0.407317,-0.17008,0.144408,-1.47728
765.3,-0.420048,-0.202169,0.110049,-1.47728
765.4,-0.4293,-0.233765,0.074905,-1.47728
765.5,-0.43502,-0.264549,0.0394808,-1.47728
765.6,-0.437204,-0.294215,0.00427039,-1.47728
765.7,-0.435897,-0.322475,-0.0302571,-1.47728
765.8,-0.431189,-0.349061,-0.0636673,-1.47728
765.9,-0.423214,-0.37373,-0.0955693,-1.47728
766,-0.412137,-0.396263,-0.125622,-1.47728
766.1,-0.39816,-0.416473,-0.153541,-1.47728
766.2,-0.381508,-0.4342,-0.179097,-1.47728
766.3,-0.362425,-0.449317,-0.202119,-1.47728
766.4,-0.341172,-0.461726,-0.222494,-1.47728
766.5,-0.318017,-0.471362,-0.240163,-1.47728
766.6,-0.29323,-0.478186,-0.255115,-1.47728
766.7,-0.267083,-0.482191,-0.267381,-1.47728
766.8,-0.239841,-0.483394,-0.277032,-1.47728
766.9,-0.211761,-0.481838,-0.284167,-1.47728
767,-0.183088,-0.477587,-0.288908,-1.47728
767.1,-0.154055,-0.470728,-0.291393,-1.47728
767.2,-0.12488,-0.461363,-0.291769,-1.47728
767.3,-0.0957661,-0.44961,-0.290187,-1.47728
767.4,-0.0669027,-0.435601,-0.286791,-1.47728
767.5,-0.0384636,-0.419479,-0.281723,-1.47728
767.6,-0.0106097,-0.401398,-0.275108,-1.47728
767.7,0.0165103,-0.381516,-0.267062,-1.47728
767.8,0.0427582,-0.36,-0.25768,-1.47728
767.9,0.0680046,-0.337022,-0.247044,-1.47728
768,0.0921273,-0.312756,-0.235215,-1.47728
768.1,0.115009,-0.287381,-0.22224,-1.47728
768.2,0.136538,-0.261077,-0.208149,-1.47728
768.3,0.156603,-0.234027,-0.19296,-1.47728
768.4,0.175094,-0.206415,-0.176682,-1.47728
768.5,0.191903,-0.178429,-0.159314,-1.47728
768.6,0.20692,-0.150255,-0.140855,-1.47728
768.7,0.220037,-0.122083,-0.121303,-1.47728
768.8,0.231144,-0.0941029,-0.100662,-1.47728
768.9,0.240134,-0.0665076,-0.0789463,-1.47728
769,0.246899,-0.0394899,-0.0561836,-1.47728
769.1,0.251337,-0.0132436,-0.0324198,-1.47728
769.2,0.253352,0.0120371,-0.00772352,-1.47728
769.3,0.252854,0.0361586,0.0178109,-1.47728
769.4,0.249766,0.0589282,0.0440599,-1.47728
769.5,0.244023,0.0801561,0.0708688,-1.47728
769.6,0.235579,0.099656,0.0980501,-1.47728
769.7,0.224408,0.117247,0.125383,-1.47728
769.8,0.210506,0.132757,0.152613,-1.47728
769.9,0.193898,0.14602,0.179455,-1.47728
770,0.174639,0.156886,0.205598,-1.47728
770.1,0.152813,0.165216,0.230703,-1.47728
770.2,0.128544,0.17089,0.254418,-1.47728
770.3,0.101988,0.173805,0.276378,-1.47728
770.4,0.0733395,0.173884,0.296213,-1.47728
770.5,0.0428286,0.171071,0.313562,-1.47728
770.6,0.0107216,0.165338,0.328079,-1.47728
770.7,-0.0226821,0.156687,0.339445,-1.47728
770.8,-0.0570528,0.145149,0.347374,-1.47728
770.9,-0.0920345,0.130788,0.35163,-1.47728
771,-0.12725,0.113701,0.352029,-1.47728
771.1,-0.162308,0.0940166,0.34845,-1.47728
771.2,-0.196806,0.071897,0.340843,-1.47728
771.3,-0.230343,0.0475352,0.32923,-1.47728
771.4,-0.262521,0.0211539,0.313709,-1.47728
771.5,-0.29296,-0.00699694,0.294453,-1.47728
771.6,-0.321296,-0.0366433,0.27171,-1.47728
771.7,-0.347196,-0.0674905,0.245794,-1.47728
771.8,-0.370361,-0.0992274,0.217081,-1.47728
771.9,-0.390533,-0.131531,0.185997,-1.47728
772,-0.407497,-0.16407,0.153012,-1.47728
772.1,-0.421088,-0.196512,0.118619,-1.47728
772.2,-0.431191,-0.228527,0.0833317,-1.47728
772.3,-0.437742,-0.259792,0.0476627,-1.47728
772.4,-0.440728,-0.289995,0.0121154,-1.47728
772.5,-0.440185,-0.318843,-0.0228297,-1.47728
772.6,-0.436197,-0.34606,-0.0567254,-1.47728
772.7,-0.428889,-0.371397,-0.0891671,-1.47728
772.8,-0.418424,-0.394628,-0.1198,-1.47728
772.9,-0.404999,-0.415559,-0.148324,-1.47728
773,-0.388838,-0.434022,-0.174497,-1.47728
773.1,-0.370184,-0.449884,-0.198137,-1.47728
773.2,-0.349299,-0.463041,-0.219119,-1.47728
773.3,-0.326451,-0.473421,-0.237372,-1.47728
773.4,-0.301916,-0.48098,-0.252878,-1.47728
773.5,-0.275967,-0.485706,-0.265663,-1.47728
773.6,-0.248872,-0.487612,-0.275794,-1.47728
773.7,-0.220893,-0.486736,-0.283366,-1.47728
773.8,-0.19228,-0.483141,-0.288503,-1.47728
773.9,-0.163269,-0.476909,-0.291342,-1.47728
774,-0.134083,-0.46814,-0.292034,-1.47728
774.1,-0.104929,-0.456953,-0.290733,-1.47728
774.2,-0.0759979,-0.443476,-0.28759,-1.47728
774.3,-0.0474674,-0.427854,-0.28275,-1.47728
774.4,-0.0195,-0.410237,-0.276348,-1.47728
774.5,0.00775413,-0.390784,-0.268504,-1.47728
774.6,0.0341562,-0.369664,-0.259323,-1.47728
774.7,0.059577,-0.347045,-0.248891,-1.47728
774.8,0.083895,-0.323102,-0.237277,-1.47728
774.9,0.106995,-0.298015,-0.224535,-1.47728
775,0.128766,-0.271962,-0.210699,-1.47728
775.1,0.149099,-0.245127,-0.195794,-1.47728
775.2,0.167889,-0.217691,-0.179829,-1.47728
775.3,0.18503,-0.189842,-0.162808,-1.47728
775.4,0.200415,-0.161764,-0.144732,-1.47728
775.5,0.213941,-0.133645,-0.125597,-1.47728
775.6,0.2255,-0.105674,-0.105407,-1.47728
775.7,0.234987,-0.0780409,-0.0841715,-1.47728
775.8,0.2423,-0.0509362,-0.0619149,-1.47728
775.9,0.247337,-0.0245512,-0.0386764,-1.47728
776,0.250004,0.000922545,-0.0145168,-1.47728
776.1,0.250213,0.0252938,0.010479,-1.47728
776.2,0.247884,0.0483727,0.0361982,-1.47728
776.3,0.242954,0.0699714,0.0624982,-1.47728
776.4,0.235371,0.0899056,0.0892044,-1.47728
776.5,0.225106,0.107996,0.11611,-1.47728
776.6,0.212151,0.124071,0.142975,-1.47728
776.7,0.196521,0.137967,0.16953,-1.47728
776.8,0.178265,0.14953,0.195476,-1.47728
776.9,0.157457,0.158623,0.220491,-1.47728
777,0.134209,0.165121,0.244231,-1.47728
777.1,0.108665,0.168921,0.266343,-1.47728
777.2,0.0810068,0.169938,0.286466,-1.47728
777.3,0.0514502,0.168112,0.304245,-1.47728
777.4,0.0202475,0.16341,0.319335,-1.47728
777.5,-0.0123164,0.155824,0.331415,-1.47728
777.6,-0.0459256,0.145377,0.340197,-1.47728
777.7,-0.0802376,0.132124,0.345434,-1.47728
777.8,-0.114888,0.116151,0.346929,-1.47728
777.9,-0.149494,0.0975763,0.344547,-1.47728
778,-0.183665,0.07655,0.338217,-1.47728
778.1,-0.217006,0.0532538,0.327939,-1.47728
778.2,-0.249124,0.0278986,0.313785,-1.47728
778.3,-0.279638,0.000722953,0.295903,-1.47728
778.4,-0.308187,-0.0280099,0.274513,-1.47728
778.5,-0.334434,-0.0580155,0.249902,-1.47728
778.6,-0.358072,-0.0889919,0.222419,-1.47728
778.7,-0.378835,-0.120624,0.192469,-1.47728
778.8,-0.396498,-0.152588,0.160495,-1.47728
778.9,-0.410883,-0.184555,0.126977,-1.47728
779,-0.421859,-0.2162,0.0924091,-1.47728
779.1,-0.429346,-0.247201,0.0572958,-1.47728
779.2,-0.433316,-0.277248,0.0221335,-1.47728
779.3,-0.433787,-0.306044,-0.0125993,-1.47728
779.4,-0.430826,-0.333312,-0.046453,-1.47728
779.5,-0.42454,-0.358797,-0.0790166,-1.47728
779.6,-0.415078,-0.382268,-0.109926,-1.47728
779.7,-0.40262,-0.403523,-0.138867,-1.47728
779.8,-0.387378,-0.422387,-0.165584,-1.47728
779.9,-0.369584,-0.438717,-0.189876,-1.47728
780,-0.349489,-0.452399,-0.211601,-1.47728
780.1,-0.327353,-0.463352,-0.23067,-1.47728
780.2,-0.303445,-0.471522,-0.247046,-1.47728
780.3,-0.278033,-0.476886,-0.260737,-1.47728
780.4,-0.251385,-0.479446,-0.271792,-1.47728
780.5,-0.22376,-0.479232,-0.280293,-1.47728
780.6,-0.195408,-0.476296,-0.286347,-1.47728
780.7,-0.166568,-0.470712,-0.290083,-1.47728
780.8,-0.137464,-0.462572,-0.291639,-1.47728
780.9,-0.108308,-0.451986,-0.291162,-1.47728
781,-0.0792948,-0.439078,-0.288796,-1.47728
781.1,-0.050607,-0.423985,-0.284681,-1.47728
781.2,-0.0224125,-0.406852,-0.278948,-1.47728
781.3,0.00513271,-0.387835,-0.271716,-1.47728
781.4,0.0318841,-0.367097,-0.263086,-1.47728
781.5,0.0577063,-0.344805,-0.253146,-1.47728
781.6,0.0824718,-0.321133,-0.241963,-1.47728
781.7,0.106059,-0.296257,-0.22959,-1.47728
781.8,0.128351,-0.270356,-0.216064,-1.47728
781.9,0.149234,-0.243612,-0.201407,-1.47728
782,0.168595,-0.21621,-0.185629,-1.47728
782.1,0.186323,-0.188335,-0.168733,-1.47728
782.2,0.202305,-0.160175,-0.150718,-1.47728
782.3,0.216429,-0.13192,-0.131581,-1.47728
782.4,0.228584,-0.103761,-0.111322,-1.47728
782.5,0.238656,-0.0758914,-0.0899494,-1.47728
782.6,0.246537,-0.0485055,-0.0674851,-1.47728
782.7,0.252118,-0.0217988,-0.0439664,-1.47728
782.8,0.255297,0.0040325,-0.019452,-1.47728
782.9,0.255978,0.028792,0.00597461,-1.47728
783,0.254075,0.0522839,0.0322017,-1.47728
783.1,0.249516,0.0743144,0.0590868,-1.47728
783.2,0.242242,0.0946927,0.0864542,-1.47728
783.3,0.232216,0.113232,0.114094,-1.47728
783.4,0.219422,0.129754,0.141764,-1.47728
783.5,0.203871,0.144086,0.169188,-1.47728
783.6,0.185603,0.156068,0.196058,-1.47728
783.7,0.164689,0.165553,0.222044,-1.47728
783.8,0.141235,0.17241,0.246791,-1.47728
783.9,0.115384,0.176525,0.269932,-1.47728
784,0.0873149,0.177807,0.291091,-1.47728
784.1,0.0572444,0.176189,0.309896,-1.47728
784.2,0.0254262,0.171628,0.325986,-1.47728
784.3,-0.00785087,0.164112,0.33902,-1.47728
784.4,-0.0422656,0.153658,0.348691,-1.47728
784.5,-0.0774681,0.140315,0.354735,-1.47728
784.6,-0.113085,0.124166,0.356939,-1.47728
784.7,-0.148723,0.105326,0.35515,-1.47728
784.8,-0.183979,0.0839436,0.349285,-1.47728
784.9,-0.218443,0.0602012,0.339333,-1.47728
785,-0.251711,0.0343105,0.325359,-1.47728
785.1,-0.283386,0.00651283,0.307507,-1.47728
785.2,-0.31309,-0.0229249,0.285996,-1.47728
785.3,-0.340473,-0.0537128,0.261118,-1.47728
785.4,-0.365214,-0.0855427,0.23323,-1.47728
785.5,-0.387032,-0.118092,0.202746,-1.47728
785.6,-0.405692,-0.151028,0.170127,-1.47728
785.7,-0.421003,-0.184015,0.135867,-1.47728
785.8,-0.432828,-0.216716,0.100481,-1.47728
785.9,-0.441079,-0.2488,0.0644958,-1.47728
786,-0.445724,-0.279947,0.0284284,-1.47728
786.1,-0.446779,-0.309851,-0.00722031,-1.47728
786.2,-0.44431,-0.338226,-0.0419793,-1.47728
786.3,-0.438427,-0.364807,-0.0754176,-1.47728
786.4,-0.429283,-0.389355,-0.107152,-1.47728
786.5,-0.417064,-0.411662,-0.136855,-1.47728
786.6,-0.401989,-0.431547,-0.164256,-1.47728
786.7,-0.384297,-0.448861,-0.189145,-1.47728
786.8,-0.364249,-0.463487,-0.211372,-1.47728
786.9,-0.342114,-0.475339,-0.230846,-1.47728
787,-0.318172,-0.484363,-0.247529,-1.47728
787.1,-0.292701,-0.490534,-0.261432,-1.47728
787.2,-0.265977,-0.493855,-0.272609,-1.47728
787.3,-0.238267,-0.494358,-0.28115,-1.47728
787.4,-0.209831,-0.492095,-0.287173,-1.47728
787.5,-0.180912,-0.487143,-0.290815,-1.47728
787.6,-0.151742,-0.479598,-0.292231,-1.47728
787.7,-0.122535,-0.469572,-0.29158,-1.47728
787.8,-0.0934896,-0.457192,-0.28902,-1.47728
787.9,-0.0647892,-0.442599,-0.284708,-1.47728
788,-0.0366015,-0.425942,-0.27879,-1.47728
788.1,-0.00908039,-0.407379,-0.271397,-1.47728
788.2,0.0176328,-0.387076,-0.262649,-1.47728
788.3,0.0434075,-0.365202,-0.252644,-1.47728
788.4,0.0681224,-0.341933,-0.241465,-1.47728
788.5,0.0916635,-0.317444,-0.229176,-1.47728
788.6,0.113922,-0.291916,-0.215825,-1.47728
788.7,0.134794,-0.265529,-0.201443,-1.47728
788.8,0.154177,-0.238465,-0.186051,-1.47728
788.9,0.171971,-0.210908,-0.169655,-1.47728
789,0.188075,-0.183041,-0.152261,-1.47728
789.1,0.20239,-0.15505,-0.133866,-1.47728
789.2,0.214815,-0.12712,-0.114472,-1.47728
789.3,0.225251,-0.0994376,-0.0940849,-1.47728
789.4,0.233599,-0.0721888,-0.0727203,-1.47728
789.5,0.239763,-0.0455613,-0.0504076,-1.47728
789.6,0.243651,-0.0197424,-0.0271944,-1.47728
789.7,0.245175,0.00508092,-0.00314933,-1.47728
789.8,0.244256,0.0287227,0.0216336,-1.47728
789.9,0.240827,0.0509989,0.047033,-1.47728
790,0.234834,0.0717285,0.0728976,-1.47728
790.1,0.226238,0.0907348,0.0990451,-1.47728
790.2,0.215023,0.107847,0.125262,-1.47728
790.3,0.201192,0.122902,0.151304,-1.47728
790.4,0.184777,0.135746,0.176899,-1.47728
790.5,0.165837,0.146238,0.201748,-1.47728
790.6,0.144463,0.15425,0.225532,-1.47728
790.7,0.120777,0.159671,0.247915,-1.47728
790.8,0.0949377,0.162411,0.268554,-1.47728
790.9,0.067136,0.162398,0.287102,-1.47728
791,0.0375981,0.159587,0.303223,-1.47728
791.1,0.00658316,0.153957,0.316592,-1.47728
791.2,-0.0256188,0.145515,0.326916,-1.47728
791.3,-0.0586896,0.134299,0.333931,-1.47728
791.4,-0.0922873,0.120375,0.337421,-1.47728
791.5,-0.126051,0.103842,0.337221,-1.47728
791.6,-0.159605,0.0848288,0.333227,-1.47728
791.7,-0.192568,0.0634962,0.325398,-1.47728
791.8,-0.224558,0.0400335,0.313764,-1.47728
791.9,-0.255197,0.0146582,0.298423,-1.47728
792,-0.284124,-0.0123868,0.279547,-1.47728
792.1,-0.310997,-0.0408361,0.257374,-1.47728
792.2,-0.335499,-0.0704049,0.232205,-1.47728
792.3,-0.35735,-0.100793,0.204396,-1.47728
792.4,-0.376304,-0.13169,0.174354,-1.47728
792.5,-0.392161,-0.162779,0.14252,-1.47728
792.6,-0.404764,-0.193738,0.109362,-1.47728
792.7,-0.414005,-0.224253,0.0753603,-1.47728
792.8,-0.419824,-0.254013,0.0409989,-1.47728
792.9,-0.422209,-0.282719,0.00675071,-1.47728
793,-0.421193,-0.310091,-0.0269327,-1.47728
793.1,-0.416855,-0.335865,-0.0596307,-1.47728
793.2,-0.409313,-0.3598,-0.0909623,-1.47728
793.3,-0.398719,-0.38168,-0.120593,-1.47728
793.4,-0.38526,-0.401317,-0.148238,-1.47728
793.5,-0.369146,-0.418552,-0.173667,-1.47728
793.6,-0.350607,-0.433253,-0.196705,-1.47728
793.7,-0.329888,-0.445319,-0.21723,-1.47728
793.8,-0.307247,-0.454679,-0.235171,-1.47728
793.9,-0.282941,-0.461291,-0.250502,-1.47728
794,-0.257233,-0.465138,-0.263241,-1.47728
794.1,-0.230378,-0.466231,-0.273442,-1.47728
794.2,-0.202626,-0.464606,-0.281187,-1.47728
794.3,-0.174219,-0.460319,-0.28658,-1.47728
794.4,-0.145385,-0.453447,-0.289743,-1.47728
794.5,-0.11634,-0.444085,-0.290804,-1.47728
794.6,-0.0872893,-0.432346,-0.289898,-1.47728
794.7,-0.0584219,-0.418352,-0.287155,-1.47728
794.8,-0.0299154,-0.402242,-0.282699,-1.47728
794.9,-0.00193533,-0.384162,-0.276645,-1.47728
795,0.0253637,-0.364266,-0.269093,-1.47728
795.1,0.0518363,-0.342717,-0.26013,-1.47728
795.2,0.0773449,-0.319684,-0.249823,-1.47728
795.3,0.101758,-0.295338,-0.238226,-1.47728
795.4,0.124948,-0.269858,-0.225377,-1.47728
795.5,0.146792,-0.243424,-0.211298,-1.47728
795.6,0.167167,-0.216219,-0.196002,-1.47728
795.7,0.185952,-0.188431,-0.179491,-1.47728
795.8,0.203025,-0.160249,-0.16176,-1.47728
795.9,0.218264,-0.131866,-0.142807,-1.47728
796,0.231545,-0.103475,-0.122627,-1.47728
796.1,0.242748,-0.0752751,-0.101226,-1.47728
796.2,0.251751,-0.0474649,-0.0786208,-1.47728
796.3,0.258433,-0.020246,-0.0548425,-1.47728
796.4,0.262682,0.00617844,-0.0299449,-1.47728
796.5,0.264388,0.0316044,-0.00400606,-1.47728
796.6,0.263452,0.0558275,0.0228673,-1.47728
796.7,0.259788,0.0786444,0.0505364,-1.47728
796.8,0.253324,0.099854,0.0788282,-1.47728
796.9,0.244008,0.119259,0.107534,-1.47728
797,0.231811,0.136667,0.136409,-1.47728
797.1,0.21673,0.151894,0.165171,-1.47728
797.2,0.198791,0.164767,0.193509,-1.47728
797.3,0.178054,0.175125,0.221077,-1.47728
797.4,0.154614,0.18282,0.247507,-1.47728
797.5,0.128603,0.187726,0.272413,-1.47728
797.6,0.100195,0.189736,0.295398,-1.47728
797.7,0.069601,0.188768,0.316062,-1.47728
797.8,0.0370729,0.184766,0.334017,-1.47728
797.9,0.00290039,0.177702,0.34889,-1.47728
798,-0.0325911,0.167583,0.360343,-1.47728
798.1,-0.0690442,0.154444,0.368077,-1.47728
798.2,-0.106074,0.138359,0.371845,-1.47728
798.3,-0.143275,0.119435,0.371464,-1.47728
798.4,-0.180225,0.0978141,0.366819,-1.47728
798.5,-0.216495,0.0736733,0.357875,-1.47728
798.6,-0.251658,0.0472231,0.344676,-1.47728
798.7,-0.285293,0.0187049,0.327348,-1.47728
798.8,-0.316997,-0.0116115,0.306102,-1.47728
798.9,-0.346392,-0.0434313,0.281226,-1.47728
799,-0.373133,-0.0764385,0.253081,-1.47728
799.1,-0.396913,-0.110301,0.222092,-1.47728
799.2,-0.417472,-0.144675,0.188735,-1.47728
799.3,-0.434599,-0.179211,0.15353,-1.47728
799.4,-0.448135,-0.213557,0.117021,-1.47728
799.5,-0.457978,-0.247368,0.0797641,-1.47728
799.6,-0.464081,-0.280306,0.0423134,-1.47728
799.7,-0.466452,-0.312049,0.00520687,-1.47728
799.8,-0.465151,-0.342294,-0.0310471,-1.47728
799.9,-0.460287,-0.370761,-0.0659809,-1.47728
800,-0.452013,-0.397195,-0.0991767,-1.47728
800.1,-0.440522,-0.421374,-0.130275,-1.47728
800.2,-0.426038,-0.443103,-0.158977,-1.47728
800.3,-0.408814,-0.462223,-0.18505,-1.47728
800.4,-0.389121,-0.478607,-0.208327,-1.47728
800.5,-0.367245,-0.492161,-0.228703,-1.47728
800.6,-0.343479,-0.502825,-0.246133,-1.47728
800.7,-0.318117,-0.51057,-0.260627,-1.47728
800.8,-0.291449,-0.515397,-0.272242,-1.47728
800.9,-0.263761,-0.517334,-0.281074,-1.47728
801,-0.235323,-0.516438,-0.287255,-1.47728
801.1,-0.206393,-0.512785,-0.290938,-1.47728
801.2,-0.177213,-0.506474,-0.292296,-1.47728
801.3,-0.148006,-0.497621,-0.291507,-1.47728
801.4,-0.118977,-0.486359,-0.288757,-1.47728
801.5,-0.0903137,-0.472831,-0.284223,-1.47728
801.6,-0.0621859,-0.457192,-0.278077,-1.47728
801.7,-0.0347467,-0.439604,-0.270478,-1.47728
801.8,-0.00813406,-0.420238,-0.261568,-1.47728
801.9,0.0175273,-0.399266,-0.251471,-1.47728
802,0.0421241,-0.376865,-0.240294,-1.47728
802.1,0.0655529,-0.353214,-0.228123,-1.47728
802.2,0.0877178,-0.328493,-0.215026,-1.47728
802.3,0.108529,-0.302881,-0.201053,-1.47728
802.4,0.127901,-0.276559,-0.186241,-1.47728
802.5,0.14575,-0.249705,-0.170611,-1.47728
802.6,0.161996,-0.222498,-0.154178,-1.47728
802.7,0.176559,-0.195115,-0.136947,-1.47728
802.8,0.189359,-0.167733,-0.118922,-1.47728
802.9,0.200317,-0.140528,-0.10011,-1.47728
803,0.209355,-0.113675,-0.0805202,-1.47728
803.1,0.216396,-0.0873477,-0.0601721,-1.47728
803.2,0.221365,-0.0617187,-0.0390979,-1.47728
803.3,0.224193,-0.0369597,-0.0173459,-1.47728
803.4,0.224814,-0.0132404,0.00501641,-1.47728
803.5,0.223172,0.00927186,0.0278991,-1.47728
803.6,0.219221,0.0304127,0.0511881,-1.47728
803.7,0.212926,0.0500221,0.0747437,-1.47728
803.8,0.204269,0.067945,0.0983994,-1.47728
803.9,0.193249,0.0840331,0.121962,-1.47728
804,0.179886,0.0981463,0.145215,-1.47728
804.1,0.164224,0.110154,0.167914,-1.47728
804.2,0.146331,0.119938,0.189799,-1.47728
804.3,0.126301,0.127394,0.210591,-1.47728
804.4,0.104259,0.132432,0.23,-1.47728
804.5,0.0803567,0.134982,0.247732,-1.47728
804.6,0.0547779,0.134992,0.263492,-1.47728
804.7,0.0277337,0.132432,0.276995,-1.47728
804.8,-0.000536756,0.127297,0.287972,-1.47728
804.9,-0.0297682,0.119606,0.296178,-1.47728
805,-0.0596728,0.109403,0.3014,-1.47728
805.1,-0.0899429,0.0967595,0.303465,-1.47728
805.2,-0.120256,0.0817756,0.302243,-1.47728
805.3,-0.150279,0.0645773,0.29766,-1.47728
805.4,-0.179675,0.0453173,0.289693,-1.47728
805.5,-0.208107,0.024174,0.278381,-1.47728
805.6,-0.235243,0.00134978,0.263821,-1.47728
805.7,-0.260768,-0.0229315,0.246168,-1.47728
805.8,-0.284381,-0.0484266,0.225638,-1.47728
805.9,-0.305808,-0.0748762,0.202494,-1.47728
806,-0.324803,-0.102008,0.177048,-1.47728
806.1,-0.341152,-0.129541,0.149652,-1.47728
806.2,-0.354681,-0.157188,0.120685,-1.47728
806.3,-0.365251,-0.184663,0.090552,-1.47728
806.4,-0.372766,-0.211678,0.059665,-1.47728
806.5,-0.377172,-0.237957,0.0284391,-1.47728
806.6,-0.378456,-0.26323,-0.00271905,-1.47728
806.7,-0.376644,-0.287243,-0.0334204,-1.47728
806.8,-0.371799,-0.309758,-0.0633015,-1.47728
806.9,-0.364022,-0.330557,-0.0920308,-1.47728
807,-0.353441,-0.349445,-0.119315,-1.47728
807.1,-0.340216,-0.366248,-0.144902,-1.47728
807.2,-0.324525,-0.380818,-0.168583,-1.47728
807.3,-0.306568,-0.393035,-0.190196,-1.47728
807.4,-0.286559,-0.402801,-0.209619,-1.47728
807.5,-0.26472,-0.410047,-0.226777,-1.47728
807.6,-0.24128,-0.414729,-0.241628,-1.47728
807.7,-0.216471,-0.416828,-0.254167,-1.47728
807.8,-0.190523,-0.416346,-0.264419,-1.47728
807.9,-0.163662,-0.41331,-0.27243,-1.47728
808,-0.13611,-0.407766,-0.278267,-1.47728
808.1,-0.108079,-0.39978,-0.282008,-1.47728
808.2,-0.0797749,-0.389434,-0.283739,-1.47728
808.3,-0.0513948,-0.376827,-0.28355,-1.47728
808.4,-0.0231261,-0.36207,-0.281526,-1.47728
808.5,0.00485186,-0.345288,-0.277747,-1.47728
808.6,0.0323673,-0.326618,-0.272286,-1.47728
808.7,0.0592551,-0.306203,-0.265204,-1.47728
808.8,0.0853557,-0.284199,-0.256549,-1.47728
808.9,0.110514,-0.260767,-0.246356,-1.47728
809,0.134576,-0.236077,-0.234648,-1.47728
809.1,0.157393,-0.210304,-0.221436,-1.47728
809.2,0.178814,-0.18363,-0.206723,-1.47728
809.3,0.198687,-0.156242,-0.190503,-1.47728
809.4,0.216864,-0.128333,-0.172768,-1.47728
809.5,0.23319,-0.100103,-0.15351,-1.47728
809.6,0.247515,-0.0717537,-0.132723,-1.47728
809.7,0.259684,-0.0434947,-0.110413,-1.47728
809.8,0.269547,-0.0155392,-0.0865999,-1.47728
809.9,0.276955,0.0118955,-0.0613213,-1.47728
810,0.281765,0.038588,-0.0346397,-1.47728
810.1,0.283839,0.0643145,-0.00664596,-1.47728
810.2,0.283054,0.088849,0.0225361,-1.47728
810.3,0.279298,0.111965,0.0527458,-1.47728
810.4,0.272477,0.133437,0.0837831,-1.47728
810.5,0.262522,0.153043,0.115407,-1.47728
810.6,0.249386,0.170566,0.147333,-1.47728
810.7,0.233056,0.185796,0.179238,-1.47728
810.8,0.213551,0.198533,0.210759,-1.47728
810.9,0.19093,0.208593,0.241496,-1.47728
811,0.165292,0.215807,0.271024,-1.47728
811.1,0.13678,0.220025,0.298894,-1.47728
811.2,0.105584,0.221123,0.324646,-1.47728
811.3,0.0719372,0.219001,0.347817,-1.47728
811.4,0.0361215,0.213593,0.367956,-1.47728
811.5,-0.00153854,0.20486,0.384634,-1.47728
811.6,-0.0406767,0.192805,0.397458,-1.47728
811.7,-0.0808902,0.177463,0.406086,-1.47728
811.8,-0.121745,0.158913,0.410237,-1.47728
811.9,-0.162781,0.137269,0.409705,-1.47728
812,-0.203525,0.112688,0.404367,-1.47728
812.1,-0.243493,0.0853664,0.39419,-1.47728
812.2,-0.282204,0.0555366,0.379238,-1.47728
812.3,-0.319187,0.0234669,0.359673,-1.47728
812.4,-0.353993,-0.0105426,0.335754,-1.47728
812.5,-0.386204,-0.0461641,0.30783,-1.47728
812.6,-0.41544,-0.0830468,0.276335,-1.47728
812.7,-0.441369,-0.120822,0.241776,-1.47728
812.8,-0.463712,-0.15911,0.204718,-1.47728
812.9,-0.48225,-0.197525,0.16577,-1.47728
813,-0.496824,-0.23568,0.125569,-1.47728
813.1,-0.507343,-0.273197,0.0847609,-1.47728
813.2,-0.513778,-0.309709,0.0439838,-1.47728
813.3,-0.516162,-0.344869,0.00385131,-1.47728
813.4,-0.514589,-0.378351,-0.0350625,-1.47728
813.5,-0.509207,-0.409858,-0.0722361,-1.47728
813.6,-0.500215,-0.439123,-0.107211,-1.47728
813.7,-0.487851,-0.465917,-0.1396,-1.47728
813.8,-0.472391,-0.490043,-0.169093,-1.47728
813.9,-0.454137,-0.511345,-0.195455,-1.47728
814,-0.43341,-0.529703,-0.218532,-1.47728
814.1,-0.410543,-0.545036,-0.238243,-1.47728
814.2,-0.385874,-0.557299,-0.254576,-1.47728
814.3,-0.359739,-0.566483,-0.267584,-1.47728
814.4,-0.332465,-0.572611,-0.277372,-1.47728
814.5,-0.304367,-0.575738,-0.28409,-1.47728
814.6,-0.275743,-0.575942,-0.287927,-1.47728
814.7,-0.24687,-0.573331,-0.289095,-1.47728
814.8,-0.218005,-0.568028,-0.287828,-1.47728
814.9,-0.189378,-0.560179,-0.284364,-1.47728
815,-0.161197,-0.549941,-0.278948,-1.47728
815.1,-0.133646,-0.537483,-0.271816,-1.47728
815.2,-0.106884,-0.522982,-0.263195,-1.47728
815.3,-0.0810492,-0.506623,-0.253297,-1.47728
815.4,-0.0562602,-0.488592,-0.242317,-1.47728
815.5,-0.032616,-0.469079,-0.230429,-1.47728
815.6,-0.0101996,-0.44827,-0.217785,-1.47728
815.7,0.0109202,-0.426353,-0.204516,-1.47728
815.8,0.0306864,-0.403511,-0.190731,-1.47728
815.9,0.0490523,-0.379924,-0.176522,-1.47728
816,0.065979,-0.355766,-0.161959,-1.47728
816.1,0.0814342,-0.331207,-0.147098,-1.47728
816.2,0.0953902,-0.306412,-0.131982,-1.47728
816.3,0.107823,-0.28154,-0.116643,-1.47728
816.4,0.118712,-0.256744,-0.101104,-1.47728
816.5,0.128038,-0.232172,-0.0853844,-1.47728
816.6,0.135783,-0.207966,-0.0695025,-1.47728
816.7,0.141934,-0.184263,-0.0534764,-1.47728
816.8,0.146475,-0.161196,-0.0373281,-1.47728
816.9,0.149396,-0.13889,-0.0210856,-1.47728
817,0.15069,-0.117467,-0.00478525,-1.47728
817.1,0.150353,-0.097043,0.0115268,-1.47728
817.2,0.148386,-0.0777281,0.027793,-1.47728
817.3,0.144798,-0.0596268,0.0439433,-1.47728
817.4,0.139604,-0.0428375,0.0598947,-1.47728
817.5,0.132829,-0.0274516,0.075551,-1.47728
817.6,0.124507,-0.0135533,0.0908037,-1.47728
817.7,0.114686,-0.00121876,0.105532,-1.47728
817.8,0.103423,0.0094848,0.119606,-1.47728
817.9,0.0907908,0.0184998,0.132885,-1.47728
818,0.0768769,0.0257792,0.145225,-1.47728
818.1,0.0617822,0.0312874,0.156476,-1.47728
818.2,0.0456229,0.0350013,0.16649,-1.47728
818.3,0.0285302,0.0369108,0.175121,-1.47728
818.4,0.0106494,0.03702,0.182231,-1.47728
818.5,-0.00786093,0.0353474,0.18769,-1.47728
818.6,-0.0268297,0.0319269,0.191384,-1.47728
818.7,-0.0460756,0.0268078,0.193216,-1.47728
818.8,-0.0654083,0.0200553,0.193111,-1.47728
818.9,-0.0846314,0.0117502,0.191016,-1.47728
819,-0.103544,0.00198863,0.186905,-1.47728
819.1,-0.121945,-0.00911807,0.18078,-1.47728
819.2,-0.139634,-0.0214445,0.172671,-1.47728
819.3,-0.156415,-0.0348521,0.162639,-1.47728
819.4,-0.172101,-0.0491903,0.150773,-1.47728
819.5,-0.186513,-0.064298,0.13719,-1.47728
819.6,-0.199486,-0.0800051,0.122032,-1.47728
819.7,-0.210872,-0.0961347,0.105466,-1.47728
819.8,-0.220539,-0.112505,0.0876772,-1.47728
819.9,-0.228374,-0.12893,0.0688692,-1.47728
820,-0.234286,-0.145225,0.0492571,-1.47728
820.1,-0.238206,-0.161204,0.0290639,-1.47728
820.2,-0.240087,-0.176686,0.00851669,-1.47728
820.3,-0.239905,-0.191495,-0.012158,-1.47728
820.4,-0.237658,-0.205462,-0.0327383,-1.47728
820.5,-0.233367,-0.218429,-0.0530106,-1.47728
820.6,-0.227073,-0.230245,-0.072773,-1.47728
820.7,-0.218836,-0.240775,-0.091838,-1.47728
820.8,-0.208735,-0.249896,-0.110034,-1.47728
820.9,-0.196863,-0.257499,-0.127209,-1.47728
821,-0.183331,-0.26349,-0.143228,-1.47728
821.1,-0.16826,-0.267793,-0.157976,-1.47728
821.2,-0.151782,-0.270345,-0.171355,-1.47728
821.3,-0.134037,-0.271103,-0.183287,-1.47728
821.4,-0.115175,-0.270036,-0.193709,-1.47728
821.5,-0.0953475,-0.267132,-0.202572,-1.47728
821.6,-0.0747135,-0.262396,-0.20984,-1.47728
821.7,-0.0534335,-0.255844,-0.215488,-1.47728
821.8,-0.0316705,-0.247512,-0.219498,-1.47728
821.9,-0.00958891,-0.237445,-0.221859,-1.47728
822,0.0126459,-0.225708,-0.222562,-1.47728
822.1,0.034868,-0.212373,-0.221603,-1.47728
822.2,0.0569109,-0.197528,-0.218976,-1.47728
822.3,0.0786075,-0.181273,-0.214678,-1.47728
822.4,0.0997906,-0.163718,-0.208703,-1.47728
822.5,0.120292,-0.144985,-0.201044,-1.47728
822.6,0.139943,-0.125207,-0.191697,-1.47728
822.7,0.158575,-0.104525,-0.180654,-1.47728
822.8,0.176017,-0.0830915,-0.167913,-1.47728
822.9,0.192101,-0.0610674,-0.153474,-1.47728
823,0.206656,-0.0386225,-0.137345,-1.47728
823.1,0.219514,-0.0159347,-0.119543,-1.47728
823.2,0.23051,0.00681065,-0.100098,-1.47728
823.3,0.23948,0.0294209,-0.0790559,-1.47728
823.4,0.24627,0.0516974,-0.0564816,-1.47728
823.5,0.250728,0.0734364,-0.0324641,-1.47728
823.6,0.252718,0.0944296,-0.00711843,-1.47728
823.7,0.252113,0.114466,0.0194109,-1.47728
823.8,0.248802,0.133335,0.0469472,-1.47728
823.9,0.242697,0.150823,0.0752801,-1.47728
824,0.233728,0.166723,0.104164,-1.47728
824.1,0.221855,0.18083,0.133319,-1.47728
824.2,0.207066,0.192947,0.162431,-1.47728
824.3,0.189382,0.202888,0.191154,-1.47728
824.4,0.16886,0.210479,0.219116,-1.47728
824.5,0.145597,0.215562,0.245922,-1.47728
824.6,0.119728,0.217999,0.271162,-1.47728
824.7,0.0914306,0.217673,0.294418,-1.47728
824.8,0.0609243,0.214492,0.315274,-1.47728
824.9,0.0284692,0.208392,0.333328,-1.47728
825,-0.00563516,0.199341,0.348198,-1.47728
825.1,-0.0410528,0.187337,0.359539,-1.47728
825.2,-0.0774152,0.172414,0.367049,-1.47728
825.3,-0.114327,0.154641,0.370485,-1.47728
825.4,-0.15137,0.134126,0.369666,-1.47728
825.5,-0.188115,0.111008,0.364488,-1.47728
825.6,-0.224122,0.0854668,0.354924,-1.47728
825.7,-0.258955,0.0577132,0.341034,-1.47728
825.8,-0.292189,0.0279907,0.322959,-1.47728
825.9,-0.323415,-0.00342841,0.300927,-1.47728
826,-0.352252,-0.0362465,0.275245,-1.47728
826.1,-0.378355,-0.070145,0.246291,-1.47728
826.2,-0.401416,-0.104789,0.214507,-1.47728
826.3,-0.421178,-0.139833,0.180388,-1.47728
826.4,-0.437434,-0.174924,0.144467,-1.47728
826.5,-0.45003,-0.20971,0.1073,-1.47728
826.6,-0.458871,-0.243844,0.0694543,-1.47728
826.7,-0.463917,-0.27699,0.031492,-1.47728
826.8,-0.465184,-0.308825,-0.0060446,-1.47728
826.9,-0.46274,-0.339047,-0.0426451,-1.47728
827,-0.456702,-0.36738,-0.0778426,-1.47728
827.1,-0.447232,-0.393571,-0.111222,-1.47728
827.2,-0.43453,-0.4174,-0.14243,-1.47728
827.3,-0.418828,-0.438679,-0.171174,-1.47728
827.4,-0.400385,-0.457252,-0.197229,-1.47728
827.5,-0.379477,-0.472996,-0.220438,-1.47728
827.6,-0.356395,-0.485824,-0.240703,-1.47728
827.7,-0.331436,-0.49568,-0.257988,-1.47728
827.8,-0.304896,-0.50254,-0.272311,-1.47728
827.9,-0.27707,-0.506412,-0.283736,-1.47728
828,-0.248242,-0.507329,-0.292364,-1.47728
828.1,-0.218686,-0.505351,-0.298329,-1.47728
828.2,-0.18866,-0.500562,-0.301786,-1.47728
828.3,-0.158407,-0.493065,-0.302907,-1.47728
828.4,-0.128151,-0.48298,-0.301868,-1.47728
828.5,-0.0980995,-0.470445,-0.298846,-1.47728
828.6,-0.068442,-0.455607,-0.294015,-1.47728
828.7,-0.0393514,-0.438627,-0.287536,-1.47728
828.8,-0.0109849,-0.419672,-0.279555,-1.47728
828.9,0.0165139,-0.398916,-0.270203,-1.47728
829,0.0430137,-0.376538,-0.25959,-1.47728
829.1,0.068393,-0.352721,-0.247808,-1.47728
829.2,0.0925387,-0.327649,-0.234927,-1.47728
829.3,0.115344,-0.30151,-0.221,-1.47728
829.4,0.136705,-0.274492,-0.206062,-1.47728
829.5,0.156523,-0.246783,-0.190134,-1.47728
829.6,0.174699,-0.218572,-0.173226,-1.47728
829.7,0.191136,-0.190049,-0.15534,-1.47728
829.8,0.205734,-0.161404,-0.136473,-1.47728
829.9,0.218398,-0.132825,-0.116625,-1.47728
830,0.229027,-0.104505,-0.0957988,-1.47728
830.1,0.237525,-0.0766331,-0.0740066,-1.47728
830.2,0.243797,-0.0494003,-0.0512751,-1.47728
830.3,0.24775,-0.0229971,-0.0276487,-1.47728
830.4,0.249299,0.00238633,-0.00319372,-1.47728
830.5,0.248364,0.0265614,0.0219983,-1.47728
830.6,0.244879,0.0493413,0.0478072,-1.47728
830.7,0.238787,0.0705424,0.0740827,-1.47728
830.8,0.230053,0.0899857,0.100642,-1.47728
830.9,0.218657,0.107498,0.127272,-1.47728
831,0.204604,0.122914,0.153725,-1.47728
831.1,0.187927,0.136077,0.179726,-1.47728
831.2,0.168684,0.146846,0.204974,-1.47728
831.3,0.146968,0.155089,0.229143,-1.47728
831.4,0.122903,0.160696,0.251894,-1.47728
831.5,0.0966478,0.163573,0.272877,-1.47728
831.6,0.0683979,0.163648,0.29174,-1.47728
831.7,0.0383821,0.160876,0.308137,-1.47728
831.8,0.00686357,0.155235,0.321742,-1.47728
831.9,-0.0258631,0.146733,0.332252,-1.47728
832,-0.0594747,0.135407,0.3394,-1.47728
832.1,-0.0936236,0.121325,0.342965,-1.47728
832.2,-0.127943,0.104588,0.342779,-1.47728
832.3,-0.162051,0.0853268,0.338735,-1.47728
832.4,-0.195559,0.0637044,0.330792,-1.47728
832.5,-0.22808,0.0399136,0.318981,-1.47728
832.6,-0.25923,0.0141752,0.303404,-1.47728
832.7,-0.288641,-0.0132636,0.284236,-1.47728
832.8,-0.315965,-0.0421332,0.261721,-1.47728
832.9,-0.340884,-0.0721441,0.236167,-1.47728
833,-0.36311,-0.102992,0.207941,-1.47728
833.1,-0.382397,-0.13436,0.177456,-1.47728
833.2,-0.398541,-0.165927,0.145165,-1.47728
833.3,-0.411385,-0.197368,0.111546,-1.47728
833.4,-0.420822,-0.228361,0.0770907,-1.47728
833.5,-0.426792,-0.258593,0.042292,-1.47728
833.6,-0.429285,-0.287762,0.00763253,-1.47728
833.7,-0.428339,-0.315582,-0.0264276,-1.47728
833.8,-0.424034,-0.341786,-0.0594605,-1.47728
833.9,-0.416494,-0.366133,-0.0910791,-1.47728
834,-0.405877,-0.388404,-0.120944,-1.47728
834.1,-0.392373,-0.408409,-0.148769,-1.47728
834.2,-0.376199,-0.425989,-0.174323,-1.47728
834.3,-0.35759,-0.441012,-0.197429,-1.47728
834.4,-0.336798,-0.453377,-0.217967,-1.47728
834.5,-0.314085,-0.463015,-0.23587,-1.47728
834.6,-0.289713,-0.469884,-0.251117,-1.47728
834.7,-0.263949,-0.473969,-0.263731,-1.47728
834.8,-0.237053,-0.475285,-0.273772,-1.47728
834.9,-0.209277,-0.473868,-0.281328,-1.47728
835,-0.180866,-0.469777,-0.286512,-1.47728
835.1,-0.15205,-0.463093,-0.289452,-1.47728
835.2,-0.123046,-0.453913,-0.290287,-1.47728
835.3,-0.0940579,-0.442351,-0.289157,-1.47728
835.4,-0.0652753,-0.428534,-0.286202,-1.47728
835.5,-0.036874,-0.412601,-0.281554,-1.47728
835.6,-0.00901691,-0.3947,-0.275335,-1.47728
835.7,0.0181442,-0.374988,-0.267652,-1.47728
835.8,0.0444678,-0.353627,-0.258599,-1.47728
835.9,0.0698209,-0.330788,-0.248252,-1.47728
836,0.0940771,-0.306643,-0.23667,-1.47728
836.1,0.117115,-0.281368,-0.223896,-1.47728
836.2,0.138818,-0.255143,-0.209959,-1.47728
836.3,0.159069,-0.228151,-0.194874,-1.47728
836.4,0.177754,-0.200576,-0.178648,-1.47728
836.5,0.19476,-0.172605,-0.161281,-1.47728
836.6,0.209972,-0.144427,-0.142768,-1.47728
836.7,0.223276,-0.116232,-0.123109,-1.47728
836.8,0.234556,-0.0882132,-0.102308,-1.47728
836.9,0.2437,-0.0605646,-0.0803778,-1.47728
837,0.250595,-0.0334823,-0.0573479,-1.47728
837.1,0.255134,-0.00716322,-0.0332655,-1.47728
837.2,0.257215,0.0181949,-0.0082014,-1.47728
837.3,0.256745,0.0423946,0.0177472,-1.47728
837.4,0.253641,0.0652392,0.0444533,-1.47728
837.5,0.247834,0.0865345,0.0717573,-1.47728
837.6,0.239276,0.10609,0.099466,-1.47728
837.7,0.227935,0.12372,0.127352,-1.47728
837.8,0.213808,0.139247,0.155153,-1.47728
837.9,0.196917,0.152503,0.182577,-1.47728
838,0.177316,0.16333,0.209301,-1.47728
838.1,0.155092,0.171588,0.234977,-1.47728
838.2,0.130367,0.177151,0.259242,-1.47728
838.3,0.103303,0.179915,0.281718,-1.47728
838.4,0.074096,0.179797,0.302027,-1.47728
838.5,0.0429823,0.17674,0.319794,-1.47728
838.6,0.0102338,0.170714,0.334664,-1.47728
838.7,-0.0238429,0.16172,0.346306,-1.47728
838.8,-0.0589101,0.14979,0.354429,-1.47728
838.9,-0.0946032,0.134986,0.358787,-1.47728
839,-0.130536,0.117409,0.359192,-1.47728
839.1,-0.166306,0.0971879,0.355522,-1.47728
839.2,-0.201503,0.0744892,0.347725,-1.47728
839.3,-0.235714,0.0495094,0.335825,-1.47728
839.4,-0.268534,0.0224761,0.319926,-1.47728
839.5,-0.299572,-0.0063556,0.300209,-1.47728
839.6,-0.328457,-0.0367056,0.276929,-1.47728
839.7,-0.35485,-0.068273,0.250415,-1.47728
839.8,-0.378445,-0.10074,0.221054,-1.47728
839.9,-0.39898,-0.133776,0.189289,-1.47728
840,-0.416239,-0.167045,0.155604,-1.47728
840.1,-0.430054,-0.200207,0.12051,-1.47728
840.2,-0.440312,-0.232924,0.0845353,-1.47728
840.3,-0.446949,-0.264869,0.0482079,-1.47728
840.4,-0.449959,-0.295724,0.0120453,-1.47728
840.5,-0.44938,-0.325192,-0.0234596,-1.47728
840.6,-0.445304,-0.352992,-0.057849,-1.47728
840.7,-0.437862,-0.378873,-0.0907098,-1.47728
840.8,-0.427225,-0.402607,-0.121681,-1.47728
840.9,-0.413599,-0.423997,-0.150459,-1.47728
841,-0.397214,-0.442877,-0.176801,-1.47728
841.1,-0.378326,-0.459112,-0.200525,-1.47728
841.2,-0.357201,-0.472602,-0.221508,-1.47728
841.3,-0.334118,-0.483274,-0.239686,-1.47728
841.4,-0.309358,-0.49109,-0.255047,-1.47728
841.5,-0.283201,-0.496038,-0.267625,-1.47728
841.6,-0.255923,-0.498136,-0.277494,-1.47728
841.7,-0.227789,-0.497427,-0.284762,-1.47728
841.8,-0.199053,-0.493977,-0.289559,-1.47728
841.9,-0.169954,-0.487872,-0.292037,-1.47728
842,-0.140718,-0.479219,-0.292355,-1.47728
842.1,-0.11155,-0.468137,-0.290677,-1.47728
842.2,-0.0826432,-0.454762,-0.287166,-1.47728
842.3,-0.0541728,-0.43924,-0.281975,-1.47728
842.4,-0.0262993,-0.421726,-0.27525,-1.47728
842.5,0.000830403,-0.402382,-0.267119,-1.47728
842.6,0.0270815,-0.381378,-0.257695,-1.47728
842.7,0.0523295,-0.358886,-0.247073,-1.47728
842.8,0.0764586,-0.335083,-0.235328,-1.47728
842.9,0.0993597,-0.310146,-0.22252,-1.47728
843,0.120929,-0.284257,-0.20869,-1.47728
843.1,0.141065,-0.257595,-0.193867,-1.47728
843.2,0.159669,-0.230345,-0.178067,-1.47728
843.3,0.176646,-0.202688,-0.161295,-1.47728
843.4,0.191896,-0.174808,-0.143553,-1.47728
843.5,0.205324,-0.146889,-0.124843,-1.47728
843.6,0.216832,-0.119116,-0.105166,-1.47728
843.7,0.226325,-0.091673,-0.084533,-1.47728
843.8,0.233708,-0.0647455,-0.0629635,-1.47728
843.9,0.238888,-0.0385187,-0.0404938,-1.47728
844,0.241778,-0.0131776,-0.0171786,-1.47728
844.1,0.242298,0.0110936,0.00690476,-1.47728
844.2,0.240375,0.0341121,0.0316535,-1.47728
844.3,0.23595,0.0556979,0.0569366,-1.47728
844.4,0.228975,0.0756741,0.0825937,-1.47728
844.5,0.219425,0.0938693,0.108433,-1.47728
844.6,0.20729,0.110118,0.134234,-1.47728
844.7,0.192587,0.124265,0.159745,-1.47728
844.8,0.17536,0.136163,0.184689,-1.47728
844.9,0.155679,0.145678,0.208764,-1.47728
845,0.133647,0.152694,0.231651,-1.47728
845.1,0.109399,0.157108,0.253017,-1.47728
845.2,0.0831052,0.158839,0.272523,-1.47728
845.3,0.0549676,0.157829,0.289834,-1.47728
845.4,0.0252224,0.154043,0.304624,-1.47728
845.5,-0.00586284,0.147471,0.316586,-1.47728
845.6,-0.0379912,0.138134,0.325443,-1.47728
845.7,-0.0708399,0.126081,0.330956,-1.47728
845.8,-0.104064,0.11139,0.332932,-1.47728
845.9,-0.137304,0.0941705,0.331232,-1.47728
846,-0.170186,0.0745636,0.325778,-1.47728
846.1,-0.202334,0.0527385,0.316557,-1.47728
846.2,-0.233373,0.0288936,0.303625,-1.47728
846.3,-0.262939,0.00325358,0.287106,-1.47728
846.4,-0.290681,-0.0239329,0.267193,-1.47728
846.5,-0.316273,-0.0523964,0.244143,-1.47728
846.6,-0.339416,-0.0818497,0.218274,-1.47728
846.7,-0.359846,-0.111993,0.189954,-1.47728
846.8,-0.377338,-0.142515,0.159594,-1.47728
846.9,-0.391711,-0.173104,0.127637,-1.47728
847,-0.402828,-0.203443,0.0945493,-1.47728
847.1,-0.410599,-0.233223,0.0608026,-1.47728
847.2,-0.414983,-0.262142,0.0268683,-1.47728
847.3,-0.415982,-0.289911,-0.00679675,-1.47728
847.4,-0.413647,-0.31626,-0.0397599,-1.47728
847.5,-0.408067,-0.340934,-0.0716219,-1.47728
847.6,-0.399371,-0.363707,-0.102025,-1.47728
847.7,-0.387721,-0.384375,-0.130657,-1.47728
847.8,-0.373307,-0.40276,-0.157259,-1.47728
847.9,-0.356344,-0.418715,-0.181622,-1.47728
848,-0.337063,-0.432122,-0.203591,-1.47728
848.1,-0.315709,-0.442891,-0.223063,-1.47728
848.2,-0.292535,-0.450959,-0.239983,-1.47728
848.3,-0.267798,-0.456295,-0.25434,-1.47728
848.4,-0.241752,-0.458891,-0.26616,-1.47728
848.5,-0.214648,-0.458767,-0.275503,-1.47728
848.6,-0.186731,-0.455962,-0.282457,-1.47728
848.7,-0.158233,-0.450541,-0.287125,-1.47728
848.8,-0.129378,-0.442585,-0.289626,-1.47728
848.9,-0.100376,-0.432194,-0.290085,-1.47728
849,-0.0714249,-0.419481,-0.288629,-1.47728
849.1,-0.04271,-0.404575,-0.28538,-1.47728
849.2,-0.0144048,-0.387614,-0.280453,-1.47728
849.3,0.0133281,-0.368745,-0.27395,-1.47728
849.4,0.0403357,-0.348127,-0.265961,-1.47728
849.5,0.0664732,-0.325921,-0.25656,-1.47728
849.6,0.0916026,-0.302297,-0.245806,-1.47728
849.7,0.115591,-0.27743,-0.23374,-1.47728
849.8,0.138308,-0.251496,-0.22039,-1.47728
849.9,0.159627,-0.22468,-0.205773,-1.47728
850,0.17942,-0.197166,-0.189893,-1.47728
850.1,0.197563,-0.169143,-0.172747,-1.47728
850.2,0.213927,-0.140803,-0.15433,-1.47728
850.3,0.228386,-0.112342,-0.134637,-1.47728
850.4,0.240812,-0.0839582,-0.11367,-1.47728
850.5,0.251078,-0.0558515,-0.0914361,-1.47728
850.6,0.259058,-0.0282257,-0.0679615,-1.47728
850.7,0.26463,-0.00128616,-0.0432891,-1.47728
850.8,0.267678,0.0247598,-0.017486,-1.47728
850.9,0.268093,0.0497041,0.00935337,-1.47728
851,0.265777,0.0733387,0.037103,-1.47728
851.1,0.260647,0.0954571,0.065603,-1.47728
851.2,0.252638,0.115855,0.0946571,-1.47728
851.3,0.241705,0.134334,0.124032,-1.47728
851.4,0.22783,0.1507,0.153457,-1.47728
851.5,0.211022,0.16477,0.182626,-1.47728
851.6,0.191325,0.176372,0.2112,-1.47728
851.7,0.168814,0.185348,0.238813,-1.47728
851.8,0.143607,0.191556,0.265074,-1.47728
851.9,0.115858,0.194877,0.289581,-1.47728
852,0.0857631,0.195212,0.311921,-1.47728
852.1,0.0535595,0.192489,0.331688,-1.47728
852.2,0.0195242,0.186665,0.348491,-1.47728
852.3,-0.0160275,0.177729,0.361961,-1.47728
852.4,-0.0527459,0.1657,0.37177,-1.47728
852.5,-0.0902501,0.150634,0.377638,-1.47728
852.6,-0.128135,0.132623,0.379343,-1.47728
852.7,-0.165975,0.111793,0.376733,-1.47728
852.8,-0.203335,0.0883087,0.369733,-1.47728
852.9,-0.239775,0.062367,0.358347,-1.47728
853,-0.274861,0.0341992,0.342668,-1.47728
853.1,-0.308171,0.00406685,0.322871,-1.47728
853.2,-0.339307,-0.0277413,0.299218,-1.47728
853.3,-0.367898,-0.0609128,0.272045,-1.47728
853.4,-0.393612,-0.0951163,0.241762,-1.47728
853.5,-0.416162,-0.130007,0.208836,-1.47728
853.6,-0.435308,-0.165229,0.173783,-1.47728
853.7,-0.450866,-0.200426,0.137154,-1.47728
853.8,-0.462705,-0.235242,0.0995159,-1.47728
853.9,-0.470754,-0.269329,0.0614433,-1.47728
854,-0.474998,-0.302351,0.0234976,-1.47728
854.1,-0.475476,-0.333991,-0.0137836,-1.47728
854.2,-0.47228,-0.363952,-0.0499002,-1.47728
854.3,-0.46555,-0.391966,-0.0844,-1.47728
854.4,-0.455467,-0.417791,-0.116887,-1.47728
854.5,-0.442251,-0.441216,-0.147029,-1.47728
854.6,-0.426149,-0.462066,-0.174559,-1.47728
854.7,-0.407433,-0.480197,-0.199278,-1.47728
854.8,-0.386391,-0.495502,-0.221054,-1.47728
854.9,-0.363322,-0.507906,-0.239818,-1.47728
855,-0.338528,-0.517368,-0.255561,-1.47728
855.1,-0.31231,-0.523877,-0.268324,-1.47728
855.2,-0.28496,-0.527453,-0.278195,-1.47728
855.3,-0.256763,-0.528143,-0.2853,-1.47728
855.4,-0.227987,-0.526019,-0.289793,-1.47728
855.5,-0.198885,-0.521173,-0.291848,-1.47728
855.6,-0.169692,-0.513719,-0.291653,-1.47728
855.7,-0.140623,-0.503785,-0.289402,-1.47728
855.8,-0.111874,-0.491515,-0.285288,-1.47728
855.9,-0.0836216,-0.477062,-0.279496,-1.47728
856,-0.0560248,-0.460589,-0.272203,-1.47728
856.1,-0.0292257,-0.442265,-0.263567,-1.47728
856.2,-0.00335129,-0.422266,-0.253732,-1.47728
856.3,0.021485,-0.400769,-0.242823,-1.47728
856.4,0.0451809,-0.377952,-0.230942,-1.47728
856.5,0.0676438,-0.353997,-0.218175,-1.47728
856.6,0.0887885,-0.329084,-0.204587,-1.47728
856.7,0.108536,-0.303391,-0.190228,-1.47728
856.8,0.12681,-0.277097,-0.175133,-1.47728
856.9,0.143538,-0.250378,-0.159323,-1.47728
857,0.158651,-0.223409,-0.142813,-1.47728
857.1,0.172078,-0.196364,-0.12561,-1.47728
857.2,0.18375,-0.169414,-0.107722,-1.47728
857.3,0.1936,-0.142729,-0.0891561,-1.47728
857.4,0.201559,-0.116477,-0.0699265,-1.47728
857.5,0.207564,-0.0908246,-0.0500563,-1.47728
857.6,0.21155,-0.0659364,-0.0295815,-1.47728
857.7,0.213461,-0.0419747,-0.00855345,-1.47728
857.8,0.213245,-0.0190994,0.0129574,-1.47728
857.9,0.210857,0.00253259,0.03486,-1.47728
858,0.206264,0.0227684,0.0570404,-1.47728
858.1,0.199444,0.04146,0.0793607,-1.47728
858.2,0.190392,0.0584649,0.101659,-1.47728
858.3,0.179119,0.0736482,0.12375,-1.47728
858.4,0.165656,0.0868834,0.145425,-1.47728
858.5,0.150056,0.0980542,0.166455,-1.47728
858.6,0.132395,0.107057,0.186596,-1.47728
858.7,0.112775,0.1138,0.205588,-1.47728
858.8,0.0913242,0.118209,0.223164,-1.47728
858.9,0.0681981,0.120228,0.239055,-1.47728
859,0.0435783,0.119817,0.252994,-1.47728
859.1,0.0176728,0.11696,0.264727,-1.47728
859.2,-0.00928556,0.111661,0.274014,-1.47728
859.3,-0.0370413,0.10395,0.280642,-1.47728
859.4,-0.0653191,0.0938797,0.284428,-1.47728
859.5,-0.0938272,0.0815285,0.285227,-1.47728
859.6,-0.122261,0.0670002,0.282938,-1.47728
859.7,-0.15031,0.0504232,0.277507,-1.47728
859.8,-0.177658,0.0319508,0.268933,-1.47728
859.9,-0.203994,0.011759,0.257266,-1.47728
860,-0.229012,-0.00995452,0.242613,-1.47728
860.1,-0.252422,-0.0329726,0.225132,-1.47728
860.2,-0.273951,-0.0570611,0.205031,-1.47728
860.3,-0.293349,-0.0819719,0.182567,-1.47728
860.4,-0.310395,-0.107446,0.158034,-1.47728
860.5,-0.324898,-0.133217,0.131761,-1.47728
860.6,-0.336701,-0.159013,0.104104,-1.47728
860.7,-0.345685,-0.184566,0.0754336,-1.47728
860.8,-0.351767,-0.209606,0.0461312,-1.47728
860.9,-0.354903,-0.233873,0.0165762,-1.47728
861,-0.355086,-0.257117,-0.0128605,-1.47728
861.1,-0.352346,-0.279102,-0.0418249,-1.47728
861.2,-0.346748,-0.299606,-0.069987,-1.47728
861.3,-0.338386,-0.318427,-0.0970464,-1.47728
861.4,-0.327384,-0.335383,-0.122737,-1.47728
861.5,-0.313892,-0.350316,-0.14683,-1.47728
861.6,-0.298078,-0.363089,-0.169137,-1.47728
861.7,-0.280129,-0.373589,-0.189508,-1.47728
861.8,-0.260245,-0.38173,-0.207831,-1.47728
861.9,-0.238633,-0.387448,-0.224032,-1.47728
862,-0.21551,-0.390703,-0.238072,-1.47728
862.1,-0.191092,-0.391478,-0.249938,-1.47728
862.2,-0.165595,-0.389779,-0.259644,-1.47728
862.3,-0.139234,-0.385631,-0.267225,-1.47728
862.4,-0.112219,-0.379081,-0.272732,-1.47728
862.5,-0.0847545,-0.370191,-0.276223,-1.47728
862.6,-0.0570391,-0.359042,-0.277765,-1.47728
862.7,-0.0292642,-0.345729,-0.277426,-1.47728
862.8,-0.00161455,-0.33036,-0.275269,-1.47728
862.9,0.0257311,-0.313058,-0.271355,-1.47728
863,0.0525995,-0.293954,-0.265733,-1.47728
863.1,0.0788222,-0.273192,-0.258446,-1.47728
863.2,0.104234,-0.250923,-0.249523,-1.47728
863.3,0.128673,-0.227308,-0.238985,-1.47728
863.4,0.151978,-0.202515,-0.22684,-1.47728
863.5,0.173987,-0.17672,-0.213089,-1.47728
863.6,0.194542,-0.150107,-0.197726,-1.47728
863.7,0.213479,-0.122866,-0.180743,-1.47728
863.8,0.230636,-0.0951916,-0.16213,-1.47728
863.9,0.24585,-0.0672879,-0.141883,-1.47728
864,0.258958,-0.0393634,-0.120003,-1.47728
864.1,0.269797,-0.0116324,-0.0965097,-1.47728
864.2,0.278207,0.0156852,-0.0714368,-1.47728
864.3,0.284034,0.0423651,-0.0448434,-1.47728
864.4,0.287128,0.0681788,-0.0168164,-1.47728
864.5,0.287353,0.0928954,0.0125244,-1.47728
864.6,0.284585,0.116282,0.0430229,-1.47728
864.7,0.278717,0.138107,0.0744826,-1.47728
864.8,0.269664,0.158139,0.106665,-1.47728
864.9,0.257369,0.176151,0.139289,-1.47728
865,0.241802,0.191925,0.17203,-1.47728
865.1,0.222971,0.205251,0.204522,-1.47728
865.2,0.20092,0.215931,0.236363,-1.47728
865.3,0.175735,0.223785,0.267118,-1.47728
865.4,0.147547,0.228649,0.296328,-1.47728
865.5,0.116536,0.230387,0.323518,-1.47728
865.6,0.0829271,0.228885,0.348208,-1.47728
865.7,0.0469937,0.224062,0.369926,-1.47728
865.8,0.0090562,0.215867,0.388217,-1.47728
865.9,-0.0305215,0.204288,0.402664,-1.47728
866,-0.071336,0.189349,0.412894,-1.47728
866.1,-0.112949,0.171114,0.418598,-1.47728
866.2,-0.154897,0.14969,0.419536,-1.47728
866.3,-0.196693,0.125222,0.415558,-1.47728
866.4,-0.237842,0.0978981,0.406601,-1.47728
866.5,-0.277848,0.0679455,0.392705,-1.47728
866.6,-0.316223,0.0356277,0.37401,-1.47728
866.7,-0.352498,0.00124258,0.350756,-1.47728
866.8,-0.386233,-0.0348824,0.323281,-1.47728
866.9,-0.417028,-0.0723946,0.292013,-1.47728
867,-0.444526,-0.110922,0.257457,-1.47728
867.1,-0.468429,-0.150077,0.220186,-1.47728
867.2,-0.488494,-0.189468,0.18082,-1.47728
867.3,-0.504545,-0.228698,0.140014,-1.47728
867.4,-0.516471,-0.267378,0.0984358,-1.47728
867.5,-0.524228,-0.305131,0.0567496,-1.47728
867.6,-0.527838,-0.341594,0.0155981,-1.47728
867.7,-0.527386,-0.376431,-0.0244134,-1.47728
867.8,-0.523012,-0.40933,-0.0627316,-1.47728
867.9,-0.514912,-0.440013,-0.098867,-1.47728
868,-0.503326,-0.468236,-0.132402,-1.47728
868.1,-0.48853,-0.493792,-0.162998,-1.47728
868.2,-0.470833,-0.516513,-0.190398,-1.47728
868.3,-0.450563,-0.536271,-0.214424,-1.47728
868.4,-0.428064,-0.552975,-0.234981,-1.47728
868.5,-0.403683,-0.566575,-0.252044,-1.47728
868.6,-0.37777,-0.577055,-0.265655,-1.47728
868.7,-0.350664,-0.584435,-0.275919,-1.47728
868.8,-0.322693,-0.588767,-0.282984,-1.47728
868.9,-0.294167,-0.590128,-0.287044,-1.47728
869,-0.265377,-0.588626,-0.28832,-1.47728
869.1,-0.236588,-0.584387,-0.287053,-1.47728
869.2,-0.208043,-0.577556,-0.283497,-1.47728
869.3,-0.179956,-0.568296,-0.277908,-1.47728
869.4,-0.15252,-0.556777,-0.270542,-1.47728
869.5,-0.125899,-0.543184,-0.261642,-1.47728
869.6,-0.100235,-0.527702,-0.251438,-1.47728
869.7,-0.0756478,-0.510525,-0.240143,-1.47728
869.8,-0.0522365,-0.491844,-0.227949,-1.47728
869.9,-0.0300822,-0.471851,-0.215027,-1.47728
870,-0.00925043,-0.450738,-0.201524,-1.47728
870.1,0.0102075,-0.428689,-0.187568,-1.47728
870.2,0.0282516,-0.405887,-0.173263,-1.47728
870.3,0.0448515,-0.382508,-0.158697,-1.47728
870.4,0.0599846,-0.358722,-0.143938,-1.47728
870.5,0.0736345,-0.334692,-0.12904,-1.47728
870.6,0.0857894,-0.310577,-0.114046,-1.47728
870.7,0.0964415,-0.286526,-0.0989869,-1.47728
870.8,0.105586,-0.262683,-0.0838891,-1.47728
870.9,0.113219,-0.239185,-0.068774,-1.47728
871,0.11934,-0.216163,-0.0536616,-1.47728
871.1,0.123952,-0.193741,-0.0385731,-1.47728
871.2,0.127057,-0.172037,-0.0235331,-1.47728
871.3,0.128661,-0.151162,-0.00857129,-1.47728
871.4,0.128775,-0.131222,0.00627556,-1.47728
871.5,0.127411,-0.112317,0.0209624,-1.47728
871.6,0.124589,-0.0945383,0.035435,-1.47728
871.7,0.120334,-0.0779728,0.0496291,-1.47728
871.8,0.114675,-0.0626995,0.0634705,-1.47728
871.9,0.107654,-0.0487904,0.0768752,-1.47728
872,0.0993179,-0.0363097,0.0897499,-1.47728
872.1,0.0897251,-0.0253131,0.101993,-1.47728
872.2,0.0789439,-0.0158475,0.113498,-1.47728
872.3,0.0670539,-0.00795036,0.12415,-1.47728
872.4,0.0541461,-0.001649,0.133835,-1.47728
872.5,0.040323,0.00304011,0.142436,-1.47728
872.6,0.0256988,0.00611184,0.149841,-1.47728
872.7,0.0103985,0.00757299,0.155939,-1.47728
872.8,-0.00544225,0.00744274,0.160632,-1.47728
872.9,-0.0216782,0.00575308,0.16383,-1.47728
873,-0.0381558,0.00254899,0.165455,-1.47728
873.1,-0.0547147,-0.00211141,0.165448,-1.47728
873.2,-0.0711896,-0.00815693,0.163767,-1.47728
873.3,-0.0874116,-0.0155035,0.160391,-1.47728
873.4,-0.103211,-0.0240547,0.155319,-1.47728
873.5,-0.11842,-0.0337023,0.148574,-1.47728
873.6,-0.132872,-0.0443269,0.140201,-1.47728
873.7,-0.146408,-0.0557993,0.13027,-1.47728
873.8,-0.158877,-0.0679811,0.118871,-1.47728
873.9,-0.170137,-0.0807268,0.106116,-1.47728
874,-0.180059,-0.0938844,0.0921364,-1.47728
874.1,-0.188528,-0.107297,0.0770789,-1.47728
874.2,-0.195444,-0.120807,0.0611057,-1.47728
874.3,-0.200725,-0.134252,0.04439,-1.47728
874.4,-0.204304,-0.147474,0.0271127,-1.47728
874.5,-0.206135,-0.160314,0.00945964,-1.47728
874.6,-0.206189,-0.172619,-0.00838206,-1.47728
874.7,-0.204458,-0.184241,-0.0262269,-1.47728
874.8,-0.20095,-0.195041,-0.0438942,-1.47728
874.9,-0.195691,-0.204885,-0.0612104,-1.47728
875,-0.188725,-0.213652,-0.0780118,-1.47728
875.1,-0.180111,-0.22123,-0.094146,-1.47728
875.2,-0.169923,-0.22752,-0.109473,-1.47728
875.3,-0.158247,-0.232435,-0.123868,-1.47728
875.4,-0.145184,-0.235903,-0.137219,-1.47728
875.5,-0.130841,-0.237864,-0.149429,-1.47728
875.6,-0.115339,-0.238273,-0.160414,-1.47728
875.7,-0.0988018,-0.237097,-0.170104,-1.47728
875.8,-0.0813631,-0.23432,-0.17844,-1.47728
875.9,-0.0631605,-0.229939,-0.185374,-1.47728
876,-0.0443364,-0.223964,-0.190867,-1.47728
876.1,-0.0250362,-0.21642,-0.194888,-1.47728
876.2,-0.00540858,-0.207344,-0.197413,-1.47728
876.3,0.0143958,-0.196786,-0.198421,-1.47728
876.4,0.0342245,-0.184809,-0.197895,-1.47728
876.5,0.0539234,-0.171487,-0.195823,-1.47728
876.6,0.0733371,-0.156906,-0.192192,-1.47728
876.7,0.0923094,-0.141163,-0.186991,-1.47728
876.8,0.110683,-0.124365,-0.180213,-1.47728
876.9,0.128299,-0.106631,-0.171852,-1.47728
877,0.145,-0.0880865,-0.161903,-1.47728
877.1,0.160627,-0.0688691,-0.150368,-1.47728
877.2,0.175021,-0.049124,-0.137253,-1.47728
877.3,0.188025,-0.029005,-0.122573,-1.47728
877.4,0.199484,-0.00867353,-0.106354,-1.47728
877.5,0.209246,0.0117019,-0.0886321,-1.47728
877.6,0.217162,0.0319461,-0.0694612,-1.47728
877.7,0.223092,0.0518787,-0.0489124,-1.47728
877.8,0.226902,0.0713143,-0.027078,-1.47728
877.9,0.228469,0.0900643,-0.00407398,-1.47728
878,0.227683,0.107938,0.0199582,-1.47728
878.1,0.224449,0.124743,0.0448491,-1.47728
878.2,0.218691,0.14029,0.0704007,-1.47728
878.3,0.210354,0.154391,0.0963852,-1.47728
878.4,0.199408,0.166862,0.122546,-1.47728
878.5,0.185848,0.177529,0.148599,-1.47728
878.6,0.169702,0.186225,0.174233,-1.47728
878.7,0.151027,0.192798,0.199118,-1.47728
878.8,0.129915,0.197107,0.222905,-1.47728
878.9,0.106494,0.199033,0.245233,-1.47728
879,0.080929,0.198473,0.265738,-1.47728
879.1,0.0534195,0.195349,0.28406,-1.47728
879.2,0.0242016,0.189608,0.299848,-1.47728
879.3,-0.00645482,0.181225,0.312777,-1.47728
879.4,-0.0382485,0.170201,0.322548,-1.47728
879.5,-0.0708506,0.156571,0.328905,-1.47728
879.6,-0.103909,0.140401,0.331639,-1.47728
879.7,-0.137053,0.121787,0.330597,-1.47728
879.8,-0.169899,0.10086,0.32569,-1.47728
879.9,-0.202061,0.0777803,0.316895,-1.47728
880,-0.23315,0.0527385,0.304262,-1.47728
880.1,-0.262789,0.0259538,0.287912,-1.47728
880.2,-0.290615,-0.0023293,0.268037,-1.47728
880.3,-0.316288,-0.031844,0.244898,-1.47728
880.4,-0.339496,-0.0623045,0.218814,-1.47728
880.5,-0.359965,-0.0934106,0.190162,-1.47728
880.6,-0.377457,-0.124852,0.159361,-1.47728
880.7,-0.391781,-0.156311,0.126868,-1.47728
880.8,-0.40279,-0.187471,0.0931581,-1.47728
880.9,-0.410388,-0.218018,0.0587188,-1.47728
881,-0.414526,-0.247647,0.0240353,-1.47728
881.1,-0.415203,-0.276064,-0.0104208,-1.47728
881.2,-0.412464,-0.302992,-0.0442026,-1.47728
881.3,-0.406398,-0.328175,-0.076897,-1.47728
881.4,-0.397133,-0.35138,-0.108133,-1.47728
881.5,-0.384831,-0.372399,-0.137586,-1.47728
881.6,-0.369685,-0.391051,-0.164986,-1.47728
881.7,-0.35191,-0.407185,-0.190115,-1.47728
881.8,-0.331743,-0.420679,-0.212809,-1.47728
881.9,-0.309433,-0.43144,-0.232958,-1.47728
882,-0.285238,-0.439405,-0.2505,-1.47728
882.1,-0.259421,-0.44454,-0.26542,-1.47728
882.2,-0.232241,-0.446837,-0.277738,-1.47728
882.3,-0.203958,-0.446315,-0.287512,-1.47728
882.4,-0.174821,-0.443015,-0.294822,-1.47728
882.5,-0.145072,-0.437003,-0.29977,-1.47728
882.6,-0.114942,-0.428361,-0.302468,-1.47728
882.7,-0.0846494,-0.417192,-0.303038,-1.47728
882.8,-0.0544014,-0.403613,-0.301598,-1.47728
882.9,-0.0243929,-0.387757,-0.298264,-1.47728
883,0.00519187,-0.369766,-0.293142,-1.47728
883.1,0.034179,-0.349795,-0.286325,-1.47728
883.2,0.0624031,-0.328006,-0.277893,-1.47728
883.3,0.0897058,-0.304571,-0.267907,-1.47728
883.4,0.115934,-0.279668,-0.256414,-1.47728
883.5,0.140939,-0.25348,-0.243444,-1.47728
883.6,0.164574,-0.226196,-0.229012,-1.47728
883.7,0.186693,-0.198011,-0.21312,-1.47728
883.8,0.207149,-0.169124,-0.195763,-1.47728
883.9,0.225796,-0.139737,-0.176928,-1.47728
884,0.242485,-0.110061,-0.156602,-1.47728
884.1,0.257067,-0.0803058,-0.134776,-1.47728
884.2,0.26939,-0.0506897,-0.111448,-1.47728
884.3,0.279307,-0.0214331,-0.086632,-1.47728
884.4,0.286668,0.00723952,-0.0603608,-1.47728
884.5,0.291332,0.0351002,-0.032692,-1.47728
884.6,0.293163,0.0619189,-0.00371348,-1.47728
884.7,0.292035,0.0874636,0.0264524,-1.47728
884.8,0.287838,0.111502,0.0576444,-1.47728
884.9,0.280479,0.133804,0.0896599,-1.47728
885,0.269887,0.154143,0.122252,-1.47728
885.1,0.256019,0.172295,0.155131,-1.47728
885.2,0.238862,0.188047,0.187962,-1.47728
885.3,0.21844,0.201197,0.22037,-1.47728
885.4,0.194816,0.211555,0.251944,-1.47728
885.5,0.168094,0.218951,0.282242,-1.47728
885.6,0.138426,0.223233,0.310799,-1.47728
885.7,0.106008,0.224275,0.337138,-1.47728
885.8,0.0710878,0.221979,0.360782,-1.47728
885.9,0.0339573,0.216278,0.381262,-1.47728
886,-0.00504442,0.207138,0.398137,-1.47728
886.1,-0.0455364,0.194563,0.411004,-1.47728
886.2,-0.0870997,0.178595,0.41951,-1.47728
886.3,-0.129284,0.159318,0.423373,-1.47728
886.4,-0.171612,0.136855,0.422384,-1.47728
886.5,-0.213595,0.111372,0.416426,-1.47728
886.6,-0.254731,0.0830738,0.405475,-1.47728
886.7,-0.294526,0.0522056,0.389609,-1.47728
886.8,-0.332495,0.0190471,0.36901,-1.47728
886.9,-0.368179,-0.016089,0.343957,-1.47728
887,-0.401151,-0.052862,0.314828,-1.47728
887.1,-0.431024,-0.0909083,0.282084,-1.47728
887.2,-0.457465,-0.129847,0.246263,-1.47728
887.3,-0.480194,-0.169284,0.207961,-1.47728
887.4,-0.498996,-0.208824,0.16782,-1.47728
887.5,-0.513719,-0.24807,0.126506,-1.47728
887.6,-0.52428,-0.286634,0.0846925,-1.47728
887.7,-0.530663,-0.324141,0.043042,-1.47728
887.8,-0.532915,-0.360238,0.00218893,-1.47728
887.9,-0.531147,-0.394595,-0.0372761,-1.47728
888,-0.525524,-0.426913,-0.0748198,-1.47728
888.1,-0.516263,-0.456926,-0.109977,-1.47728
888.2,-0.503621,-0.484403,-0.142358,-1.47728
888.3,-0.487894,-0.509152,-0.171655,-1.47728
888.4,-0.469401,-0.531022,-0.197641,-1.47728
888.5,-0.448481,-0.549899,-0.220171,-1.47728
888.6,-0.425484,-0.56571,-0.239179,-1.47728
888.7,-0.400763,-0.578419,-0.254669,-1.47728
888.8,-0.374665,-0.588027,-0.266712,-1.47728
888.9,-0.347531,-0.594566,-0.275434,-1.47728
889,-0.319684,-0.598103,-0.281005,-1.47728
889.1,-0.291428,-0.598728,-0.283636,-1.47728
889.2,-0.263047,-0.596558,-0.283561,-1.47728
889.3,-0.234797,-0.59173,-0.281035,-1.47728
889.4,-0.206913,-0.584398,-0.276318,-1.47728
889.5,-0.179598,-0.574731,-0.269674,-1.47728
889.6,-0.153033,-0.562906,-0.261361,-1.47728
889.7,-0.127373,-0.54911,-0.251624,-1.47728
889.8,-0.102748,-0.533534,-0.240696,-1.47728
889.9,-0.0792667,-0.516371,-0.228789,-1.47728
890,-0.0570168,-0.497814,-0.216094,-1.47728
890.1,-0.0360684,-0.478056,-0.202783,-1.47728
890.2,-0.0164759,-0.457284,-0.189002,-1.47728
890.3,0.00172055,-0.435683,-0.174879,-1.47728
890.4,0.018492,-0.41343,-0.160519,-1.47728
890.5,0.0338194,-0.390698,-0.146011,-1.47728
890.6,0.0476916,-0.36765,-0.131424,-1.47728
890.7,0.0601035,-0.344446,-0.116815,-1.47728
890.8,0.0710554,-0.321234,-0.102229,-1.47728
890.9,0.0805513,-0.298158,-0.0877013,-1.47728
891,0.0885985,-0.275352,-0.0732595,-1.47728
891.1,0.0952069,-0.252944,-0.058928,-1.47728
891.2,0.100389,-0.231055,-0.0447292,-1.47728
891.3,0.104158,-0.209797,-0.0306856,-1.47728
891.4,0.106532,-0.189278,-0.0168218,-1.47728
891.5,0.107529,-0.169595,-0.00316638,-1.47728
891.6,0.107173,-0.150842,0.010247,-1.47728
891.7,0.105489,-0.133104,0.0233783,-1.47728
891.8,0.102508,-0.116459,0.0361804,-1.47728
891.9,0.0982659,-0.100979,0.0485992,-1.47728
892,0.0928033,-0.0867279,0.0605727,-1.47728
892.1,0.0861685,-0.073763,0.0720322,-1.47728
892.2,0.0784165,-0.0621329,0.0829024,-1.47728
892.3,0.0696104,-0.0518786,0.0931024,-1.47728
892.4,0.0598212,-0.0430323,0.102548,-1.47728
892.5,0.0491289,-0.0356174,0.11115,-1.47728
892.6,0.0376222,-0.0296478,0.118822,-1.47728
892.7,0.0253984,-0.0251279,0.125476,-1.47728
892.8,0.0125637,-0.0220517,0.131027,-1.47728
892.9,-0.000767688,-0.0204028,0.135398,-1.47728
893,-0.0144742,-0.0201541,0.138517,-1.47728
893.1,-0.0284274,-0.0212677,0.140323,-1.47728
893.2,-0.0424933,-0.0236947,0.140766,-1.47728
893.3,-0.0565339,-0.0273752,0.13981,-1.47728
893.4,-0.070408,-0.0322387,0.137434,-1.47728
893.5,-0.0839732,-0.0382042,0.133634,-1.47728
893.6,-0.0970877,-0.045181,0.128422,-1.47728
893.7,-0.109612,-0.0530688,0.121829,-1.47728
893.8,-0.121409,-0.0617588,0.113905,-1.47728
893.9,-0.13235,-0.0711347,0.104714,-1.47728
894,-0.142313,-0.0810734,0.0943412,-1.47728
894.1,-0.151182,-0.0914462,0.0828849,-1.47728
894.2,-0.158857,-0.10212,0.0704587,-1.47728
894.3,-0.165246,-0.11296,0.0571887,-1.47728
894.4,-0.170271,-0.123828,0.043211,-1.47728
894.5,-0.173869,-0.134586,0.0286701,-1.47728
894.6,-0.175992,-0.145098,0.013716,-1.47728
894.7,-0.176604,-0.15523,-0.00149805,-1.47728
894.8,-0.175688,-0.164853,-0.0168182,-1.47728
894.9,-0.173242,-0.173842,-0.0320919,-1.47728
895,-0.169277,-0.182079,-0.0471708,-1.47728
895.1,-0.163819,-0.189454,-0.0619117,-1.47728
895.2,-0.15691,-0.195865,-0.0761792,-1.47728
895.3,-0.148603,-0.201221,-0.0898464,-1.47728
895.4,-0.138965,-0.205438,-0.102796,-1.47728
895.5,-0.128072,-0.208448,-0.114921,-1.47728
895.6,-0.116011,-0.21019,-0.126125,-1.47728
895.7,-0.10288,-0.210617,-0.136324,-1.47728
895.8,-0.0887825,-0.209695,-0.14544,-1.47728
895.9,-0.0738302,-0.207399,-0.15341,-1.47728
896,-0.0581406,-0.203719,-0.160177,-1.47728
896.1,-0.0418365,-0.198658,-0.165693,-1.47728
896.2,-0.025045,-0.192227,-0.169918,-1.47728
896.3,-0.00789711,-0.184454,-0.172817,-1.47728
896.4,0.0094732,-0.175376,-0.174362,-1.47728
896.5,0.0269292,-0.16504,-0.174528,-1.47728
896.6,0.0443321,-0.153508,-0.173295,-1.47728
896.7,0.0615412,-0.140848,-0.170648,-1.47728
896.8,0.0784141,-0.127143,-0.166572,-1.47728
896.9,0.0948076,-0.112483,-0.161057,-1.47728
897,0.110577,-0.0969684,-0.154098,-1.47728
897.1,0.125579,-0.0807088,-0.145691,-1.47728
897.2,0.139667,-0.0638226,-0.13584,-1.47728
897.3,0.152699,-0.0464366,-0.124554,-1.47728
897.4,0.164531,-0.0286852,-0.111851,-1.47728
897.5,0.175023,-0.0107103,-0.0977578,-1.47728
897.6,0.184037,0.00733987,-0.082313,-1.47728
897.7,0.191442,0.0253109,-0.065569,-1.47728
897.8,0.19711,0.0430433,-0.0475938,-1.47728
897.9,0.200923,0.0603734,-0.0284734,-1.47728
898,0.20277,0.0771345,-0.0083135,-1.47728
898.1,0.202555,0.0931576,0.0127589,-1.47728
898.2,0.200193,0.108273,0.0345938,-1.47728
898.3,0.195617,0.122313,0.0570175,-1.47728
898.4,0.188776,0.13511,0.0798322,-1.47728
898.5,0.179644,0.146504,0.102817,-1.47728
898.6,0.168216,0.156338,0.125727,-1.47728
898.7,0.15451,0.164466,0.148297,-1.47728
898.8,0.138577,0.17075,0.170246,-1.47728
898.9,0.120492,0.175067,0.191277,-1.47728
899,0.100362,0.177308,0.211083,-1.47728
899.1,0.0783264,0.177382,0.229354,-1.47728
899.2,0.0545529,0.175215,0.245783,-1.47728
899.3,0.0292411,0.170758,0.260071,-1.47728
899.4,0.00261939,0.163982,0.271936,-1.47728
899.5,-0.0250568,0.154887,0.28112,-1.47728
899.6,-0.0535077,0.143495,0.287396,-1.47728
899.7,-0.0824328,0.129857,0.290575,-1.47728
899.8,-0.111515,0.114053,0.290515,-1.47728
899.9,-0.140425,0.0961891,0.287121,-1.47728
900,-0.168826,0.0763985,0.280356,-1.47728
900.1,-0.196384,0.0548416,0.270239,-1.47728
900.2,-0.222765,0.0317031,0.25685,-1.47728
900.3,-0.247649,0.00719103,0.240326,-1.47728
900.4,-0.270732,-0.0184667,0.220863,-1.47728
900.5,-0.291732,-0.0450243,0.198707,-1.47728
900.6,-0.310394,-0.072222,0.174155,-1.47728
900.7,-0.326495,-0.0997893,0.147543,-1.47728
900.8,-0.339846,-0.127449,0.119238,-1.47728
900.9,-0.350299,-0.15492,0.089633,-1.47728
901,-0.357743,-0.181924,0.0591342,-1.47728
901.1,-0.362109,-0.208186,0.0281517,-1.47728
901.2,-0.363371,-0.233441,-0.00290977,-1.47728
901.3,-0.361538,-0.257434,-0.0336596,-1.47728
901.4,-0.356661,-0.279928,-0.0637296,-1.47728
901.5,-0.348826,-0.300703,-0.0927814,-1.47728
901.6,-0.338149,-0.31956,-0.120511,-1.47728
901.7,-0.324777,-0.336322,-0.146655,-1.47728
901.8,-0.308879,-0.350837,-0.17099,-1.47728
901.9,-0.290645,-0.362976,-0.193336,-1.47728
902,-0.270282,-0.372638,-0.213556,-1.47728
902.1,-0.248008,-0.379747,-0.231554,-1.47728
902.2,-0.224048,-0.384252,-0.247269,-1.47728
902.3,-0.198631,-0.386127,-0.260677,-1.47728
902.4,-0.171989,-0.385369,-0.27178,-1.47728
902.5,-0.144351,-0.381998,-0.280605,-1.47728
902.6,-0.115943,-0.376057,-0.287197,-1.47728
902.7,-0.0869841,-0.367605,-0.291614,-1.47728
902.8,-0.0576902,-0.356722,-0.29392,-1.47728
902.9,-0.0282683,-0.343505,-0.294183,-1.47728
903,0.00108063,-0.328065,-0.29247,-1.47728
903.1,0.0301618,-0.310526,-0.288839,-1.47728
903.2,0.0587863,-0.291028,-0.283343,-1.47728
903.3,0.0867695,-0.269718,-0.276021,-1.47728
903.4,0.113931,-0.246757,-0.266904,-1.47728
903.5,0.140091,-0.222314,-0.256008,-1.47728
903.6,0.165073,-0.196568,-0.243337,-1.47728
903.7,0.188699,-0.169707,-0.228889,-1.47728
903.8,0.210791,-0.141924,-0.21265,-1.47728
903.9,0.231169,-0.113425,-0.194605,-1.47728
904,0.249651,-0.0844197,-0.174736,-1.47728
904.1,0.266055,-0.0551269,-0.153032,-1.47728
904.2,0.280196,-0.0257724,-0.129488,-1.47728
904.3,0.291892,0.00341099,-0.104118,-1.47728
904.4,0.30096,0.0321841,-0.076953,-1.47728
904.5,0.307225,0.0603021,-0.0480527,-1.47728
904.6,0.310516,0.0875148,-0.0175081,-1.47728
904.7,0.310676,0.113569,0.0145522,-1.47728
904.8,0.307561,0.138207,0.0479571,-1.47728
904.9,0.301047,0.161175,0.0824898,-1.47728
905,0.291034,0.182215,0.117884,-1.47728
905.1,0.277451,0.201077,0.153825,-1.47728
905.2,0.260263,0.217517,0.189945,-1.47728
905.3,0.23947,0.231302,0.225831,-1.47728
905.4,0.215119,0.242211,0.261027,-1.47728
905.5,0.187304,0.250041,0.295036,-1.47728
905.6,0.156169,0.254611,0.327335,-1.47728
905.7,0.121912,0.255766,0.357383,-1.47728
905.8,0.084786,0.25338,0.384632,-1.47728
905.9,0.0450972,0.24736,0.408543,-1.47728
906,0.00320575,0.237652,0.428602,-1.47728
906.1,-0.0404788,0.224238,0.444332,-1.47728
906.2,-0.0855024,0.207149,0.455317,-1.47728
906.3,-0.131372,0.186455,0.46121,-1.47728
906.4,-0.177566,0.162276,0.461753,-1.47728
906.5,-0.223539,0.134777,0.456786,-1.47728
906.6,-0.268738,0.104168,0.44626,-1.47728
906.7,-0.312608,0.0707044,0.430241,-1.47728
906.8,-0.354609,0.0346811,0.408913,-1.47728
906.9,-0.394223,-0.00356876,0.382579,-1.47728
907,-0.430971,-0.04368,0.351651,-1.47728
907.1,-0.464418,-0.0852604,0.316646,-1.47728
907.2,-0.494185,-0.127897,0.278168,-1.47728
907.3,-0.519958,-0.171164,0.236894,-1.47728
907.4,-0.541494,-0.214628,0.193552,-1.47728
907.5,-0.558625,-0.257857,0.148904,-1.47728
907.6,-0.571257,-0.300428,0.10372,-1.47728
907.7,-0.579376,-0.341933,0.0587612,-1.47728
907.8,-0.583041,-0.381986,0.0147545,-1.47728
907.9,-0.582382,-0.420229,-0.0276226,-1.47728
908,-0.577592,-0.456337,-0.0677592,-1.47728
908.1,-0.568922,-0.490024,-0.105124,-1.47728
908.2,-0.556674,-0.521044,-0.139274,-1.47728
908.3,-0.541187,-0.549194,-0.169861,-1.47728
908.4,-0.522829,-0.574317,-0.196632,-1.47728
908.5,-0.501993,-0.596298,-0.219433,-1.47728
908.6,-0.479077,-0.61507,-0.238198,-1.47728
908.7,-0.454487,-0.630605,-0.252945,-1.47728
908.8,-0.428619,-0.642918,-0.263771,-1.47728
908.9,-0.401858,-0.65206,-0.270835,-1.47728
909,-0.37457,-0.658117,-0.274352,-1.47728
909.1,-0.347097,-0.661206,-0.274581,-1.47728
909.2,-0.319754,-0.661468,-0.27181,-1.47728
909.3,-0.292825,-0.659068,-0.266351,-1.47728
909.4,-0.266563,-0.65419,-0.258525,-1.47728
909.5,-0.241188,-0.647029,-0.248656,-1.47728
909.6,-0.216889,-0.637795,-0.237063,-1.47728
909.7,-0.193823,-0.6267,-0.224053,-1.47728
909.8,-0.172116,-0.613962,-0.209918,-1.47728
909.9,-0.151867,-0.599799,-0.194929,-1.47728
910,-0.13315,-0.584427,-0.179335,-1.47728
910.1,-0.116013,-0.568056,-0.163362,-1.47728
910.2,-0.100484,-0.550891,-0.147211,-1.47728
910.3,-0.0865708,-0.533127,-0.131062,-1.47728
910.4,-0.0742662,-0.514953,-0.115068,-1.47728
910.5,-0.0635475,-0.496542,-0.0993649,-1.47728
910.6,-0.0543797,-0.478061,-0.0840665,-1.47728
910.7,-0.0467174,-0.459661,-0.0692698,-1.47728
910.8,-0.0405063,-0.441483,-0.0550561,-1.47728
910.9,-0.0356845,-0.423654,-0.0414932,-1.47728
911,-0.0321841,-0.406291,-0.0286369,-1.47728
911.1,-0.029932,-0.389494,-0.0165331,-1.47728
911.2,-0.0288511,-0.373356,-0.00521925,-1.47728
911.3,-0.0288608,-0.357953,0.00527419,-1.47728
911.4,-0.0298778,-0.343353,0.0149227,-1.47728
911.5,-0.0318165,-0.32961,0.0237068,-1.47728
911.6,-0.0345898,-0.316768,0.0316111,-1.47728
911.7,-0.038109,-0.30486,0.0386242,-1.47728
911.8,-0.0422847,-0.29391,0.0447381,-1.47728
911.9,-0.0470265,-0.283929,0.0499481,-1.47728
912,-0.0522441,-0.274922,0.0542531,-1.47728
912.1,-0.057847,-0.266882,0.0576552,-1.47728
912.2,-0.0637452,-0.259797,0.0601602,-1.47728
912.3,-0.0698495,-0.253643,0.0617779,-1.47728
912.4,-0.0760717,-0.248391,0.0625221,-1.47728
912.5,-0.0823254,-0.244005,0.0624113,-1.47728
912.6,-0.0885262,-0.24044,0.0614682,-1.47728
912.7,-0.0945922,-0.237649,0.0597206,-1.47728
912.8,-0.100445,-0.235575,0.0572012,-1.47728
912.9,-0.106008,-0.234159,0.0539474,-1.47728
913,-0.111211,-0.233339,0.0500017,-1.47728
913.1,-0.115987,-0.233045,0.0454111,-1.47728
913.2,-0.120273,-0.233208,0.0402272,-1.47728
913.3,-0.124014,-0.233754,0.0345054,-1.47728
913.4,-0.127159,-0.23461,0.0283051,-1.47728
913.5,-0.129661,-0.2357,0.0216884,-1.47728
913.6,-0.131485,-0.236947,0.0147202,-1.47728
913.7,-0.132596,-0.238277,0.00746707,-1.47728
913.8,-0.132971,-0.239614,-2.94995e-06,-1.47728
913.9,-0.13259,-0.240885,-0.00762143,-1.47728
914,-0.131444,-0.24202,-0.01532,-1.47728
914.1,-0.129526,-0.24295,-0.023031,-1.47728
914.2,-0.126839,-0.243609,-0.0306882,-1.47728
914.3,-0.123392,-0.243937,-0.0382272,-1.47728
914.4,-0.1192,-0.243876,-0.0455861,-1.47728
914.5,-0.114283,-0.243373,-0.0527058,-1.47728
914.6,-0.108669,-0.24238,-0.0595301,-1.47728
914.7,-0.102389,-0.240855,-0.0660066,-1.47728
914.8,-0.0954805,-0.238761,-0.0720863,-1.47728
914.9,-0.0879861,-0.236065,-0.0777238,-1.47728
915,-0.0799519,-0.232744,-0.0828774,-1.47728
915.1,-0.0714281,-0.228776,-0.0875093,-1.47728
915.2,-0.0624686,-0.224148,-0.091585,-1.47728
915.3,-0.0531306,-0.218853,-0.0950735,-1.47728
915.4,-0.0434744,-0.21289,-0.0979472,-1.47728
915.5,-0.0335625,-0.206262,-0.100181,-1.47728
915.6,-0.0234602,-0.19898,-0.101754,-1.47728
915.7,-0.0132343,-0.191062,-0.102647,-1.47728
915.8,-0.00295396,-0.18253,-0.102843,-1.47728
915.9,0.00731066,-0.17341,-0.10233,-1.47728
916,0.0174879,-0.163738,-0.101094,-1.47728
916.1,0.0275051,-0.153553,-0.0991287,-1.47728
916.2,0.0372891,-0.142898,-0.0964271,-1.47728
916.3,0.0467659,-0.131823,-0.0929863,-1.47728
916.4,0.0558617,-0.120381,-0.0888063,-1.47728
916.5,0.0645027,-0.108632,-0.0838906,-1.47728
916.6,0.0726155,-0.0966391,-0.0782466,-1.47728
916.7,0.0801281,-0.0844683,-0.0718862,-1.47728
916.8,0.0869695,-0.0721908,-0.0648261,-1.47728
916.9,0.0930707,-0.0598806,-0.0570887,-1.47728
917,0.0983656,-0.0476147,-0.0487024,-1.47728
917.1,0.102791,-0.0354729,-0.0397024,-1.47728
917.2,0.106287,-0.0235368,-0.0301314,-1.47728
917.3,0.1088,-0.0118898,-0.0200398,-1.47728
917.4,0.11028,-0.000616118,-0.00948646,-1.47728
917.5,0.110684,0.0101995,0.00146096,-1.47728
917.6,0.109977,0.0204727,0.0127259,-1.47728
917.7,0.108131,0.03012,0.0242228,-1.47728
917.8,0.105128,0.0390601,0.035857,-1.47728
917.9,0.100958,0.0472138,0.0475257,-1.47728
918,0.095625,0.0545059,0.0591177,-1.47728
918.1,0.0891413,0.0608654,0.070515,-1.47728
918.2,0.0815327,0.0662267,0.0815935,-1.47728
918.3,0.0728375,0.0705306,0.0922245,-1.47728
918.4,0.0631071,0.0737251,0.102276,-1.47728
918.5,0.052406,0.0757664,0.111616,-1.47728
918.6,0.0408119,0.0766197,0.120113,-1.47728
918.7,0.0284158,0.0762603,0.127637,-1.47728
918.8,0.015321,0.074674,0.134067,-1.47728
918.9,0.00164278,0.0718581,0.139288,-1.47728
919,-0.0124927,0.0678218,0.143196,-1.47728
919.1,-0.0269496,0.0625867,0.1457,-1.47728
919.2,-0.0415835,0.0561868,0.146726,-1.47728
919.3,-0.0562435,0.0486691,0.146215,-1.47728
919.4,-0.070774,0.0400931,0.14413,-1.47728
919.5,-0.0850164,0.030531,0.140451,-1.47728
919.6,-0.0988112,0.0200667,0.135183,-1.47728
919.7,-0.112001,0.0087957,0.128352,-1.47728
919.8,-0.124431,-0.00317603,0.120006,-1.47728
919.9,-0.135954,-0.0157329,0.110215,-1.47728
920,-0.146429,-0.0287509,0.0990703,-1.47728
920.1,-0.155726,-0.0420988,0.0866823,-1.47728
920.2,-0.163728,-0.0556399,0.0731791,-1.47728
920.3,-0.17033,-0.0692329,0.058704,-1.47728
920.4,-0.175442,-0.0827344,0.0434131,-1.47728
920.5,-0.178991,-0.0959997,0.0274725,-1.47728
920.6,-0.18092,-0.108885,0.0110551,-1.47728
920.7,-0.181192,-0.121249,-0.005662,-1.47728
920.8,-0.179784,-0.132953,-0.0225009,-1.47728
920.9,-0.176693,-0.143867,-0.0392854,-1.47728
921,-0.171934,-0.153865,-0.0558437,-1.47728
921.1,-0.165538,-0.16283,-0.0720109,-1.47728
921.2,-0.157551,-0.170656,-0.0876307,-1.47728
921.3,-0.148035,-0.177244,-0.102557,-1.47728
921.4,-0.137067,-0.182512,-0.116655,-1.47728
921.5,-0.124736,-0.186384,-0.129802,-1.47728
921.6,-0.111142,-0.188802,-0.141888,-1.47728
921.7,-0.0963965,-0.189719,-0.152816,-1.47728
921.8,-0.08062,-0.189101,-0.1625,-1.47728
921.9,-0.0639404,-0.186929,-0.170865,-1.47728
922,-0.046493,-0.183197,-0.177849,-1.47728
922.1,-0.0284186,-0.177913,-0.183395,-1.47728
922.2,-0.00986347,-0.171099,-0.187458,-1.47728
922.3,0.00902214,-0.162789,-0.189998,-1.47728
922.4,0.0280843,-0.153033,-0.190983,-1.47728
922.5,0.0471659,-0.141892,-0.190384,-1.47728
922.6,0.0661074,-0.129438,-0.188177,-1.47728
922.7,0.0847471,-0.115757,-0.184343,-1.47728
922.8,0.102921,-0.100947,-0.178866,-1.47728
922.9,0.120465,-0.085116,-0.171734,-1.47728
923,0.137213,-0.0683838,-0.16294,-1.47728
923.1,0.152998,-0.05088,-0.152482,-1.47728
923.2,0.167654,-0.0327444,-0.140365,-1.47728
923.3,0.181016,-0.014126,-0.126603,-1.47728
923.4,0.19292,0.00481735,-0.111222,-1.47728
923.5,0.203207,0.0239198,-0.0942578,-1.47728
923.6,0.211721,0.043008,-0.0757647,-1.47728
923.7,0.218312,0.0619023,-0.0558135,-1.47728
923.8,0.222838,0.0804176,-0.0344958,-1.47728
923.9,0.225169,0.0983644,-0.0119266,-1.47728
924,0.225186,0.115551,0.0117541,-1.47728
924.1,0.222787,0.131782,0.0363788,-1.47728
924.2,0.217886,0.146865,0.0617518,-1.47728
924.3,0.210419,0.160609,0.0876481,-1.47728
924.4,0.200347,0.172827,0.113814,-1.47728
924.5,0.187657,0.183337,0.139966,-1.47728
924.6,0.172364,0.191969,0.165799,-1.47728
924.7,0.154519,0.198562,0.190981,-1.47728
924.8,0.134201,0.202971,0.215164,-1.47728
924.9,0.111531,0.205065,0.237988,-1.47728
925,0.0866613,0.204737,0.259086,-1.47728
925.1,0.0597835,0.201899,0.278092,-1.47728
925.2,0.0311244,0.196488,0.294653,-1.47728
925.3,0.000945733,0.188468,0.308431,-1.47728
925.4,-0.0304588,0.177833,0.319121,-1.47728
925.5,-0.0627665,0.164606,0.326453,-1.47728
925.6,-0.0956299,0.148842,0.330203,-1.47728
925.7,-0.128682,0.13063,0.330203,-1.47728
925.8,-0.161542,0.110088,0.326346,-1.47728
925.9,-0.193821,0.0873686,0.318592,-1.47728
926,-0.225131,0.0626528,0.306971,-1.47728
926.1,-0.25509,0.0361519,0.291587,-1.47728
926.2,-0.283329,0.00810285,0.272613,-1.47728
926.3,-0.309501,-0.0212338,0.250293,-1.47728
926.4,-0.333286,-0.0515775,0.224932,-1.47728
926.5,-0.354398,-0.0826322,0.196893,-1.47728
926.6,-0.372589,-0.11409,0.166588,-1.47728
926.7,-0.387655,-0.145635,0.134462,-1.47728
926.8,-0.399436,-0.176952,0.100989,-1.47728
926.9,-0.407824,-0.207723,0.0666554,-1.47728
927,-0.412755,-0.237643,0.0319483,-1.47728
927.1,-0.414217,-0.266414,-0.00265573,-1.47728
927.2,-0.412243,-0.293754,-0.0367017,-1.47728
927.3,-0.406909,-0.319403,-0.0697663,-1.47728
927.4,-0.398335,-0.34312,-0.101466,-1.47728
927.5,-0.386673,-0.364691,-0.131465,-1.47728
927.6,-0.372108,-0.383928,-0.159477,-1.47728
927.7,-0.354852,-0.400671,-0.185269,-1.47728
927.8,-0.335134,-0.414792,-0.208664,-1.47728
927.9,-0.313203,-0.426191,-0.229538,-1.47728
928,-0.289313,-0.434795,-0.247814,-1.47728
928.1,-0.263727,-0.440564,-0.263466,-1.47728
928.2,-0.236707,-0.443484,-0.276505,-1.47728
928.3,-0.208512,-0.443566,-0.286977,-1.47728
928.4,-0.179395,-0.440846,-0.294957,-1.47728
928.5,-0.149601,-0.435383,-0.300539,-1.47728
928.6,-0.119363,-0.427257,-0.303833,-1.47728
928.7,-0.0889064,-0.416566,-0.304956,-1.47728
928.8,-0.0584407,-0.403423,-0.304026,-1.47728
928.9,-0.0281659,-0.387957,-0.301157,-1.47728
929,0.00172957,-0.370309,-0.296455,-1.47728
929.1,0.0310673,-0.350632,-0.290016,-1.47728
929.2,0.0596775,-0.329088,-0.281918,-1.47728
929.3,0.0873978,-0.305846,-0.272226,-1.47728
929.4,0.114071,-0.281084,-0.260988,-1.47728
929.5,0.139545,-0.254986,-0.248234,-1.47728
929.6,0.163668,-0.227741,-0.23398,-1.47728
929.7,0.186291,-0.199544,-0.218229,-1.47728
929.8,0.207264,-0.170595,-0.200975,-1.47728
929.9,0.226435,-0.141101,-0.182205,-1.47728
930,0.243654,-0.111269,-0.161905,-1.47728
930.1,0.258765,-0.0813153,-0.140062,-1.47728
930.2,0.271615,-0.0514583,-0.116674,-1.47728
930.3,0.282049,-0.0219217,-0.0917497,-1.47728
930.4,0.289914,0.00706709,-0.0653196,-1.47728
930.5,0.295064,0.0352769,-0.0374375,-1.47728
930.6,0.297356,0.0624738,-0.008188,-1.47728
930.7,0.29666,0.088422,0.0223098,-1.47728
930.8,0.292858,0.112885,0.0538973,-1.47728
930.9,0.285851,0.135627,0.0863739,-1.47728
931,0.275562,0.156415,0.119494,-1.47728
931.1,0.26194,0.175023,0.152966,-1.47728
931.2,0.244968,0.191229,0.186455,-1.47728
931.3,0.224661,0.204826,0.219582,-1.47728
931.4,0.201077,0.215617,0.25193,-1.47728
931.5,0.174316,0.223423,0.28305,-1.47728
931.6,0.144524,0.228089,0.312467,-1.47728
931.7,0.111896,0.229479,0.339693,-1.47728
931.8,0.0766748,0.22749,0.364238,-1.47728
931.9,0.0391537,0.222046,0.385618,-1.47728
932,-0.00032804,0.213109,0.403377,-1.47728
932.1,-0.0413868,0.200675,0.417092,-1.47728
932.2,-0.0835994,0.184783,0.426398,-1.47728
932.3,-0.126509,0.16551,0.430992,-1.47728
932.4,-0.169633,0.142977,0.43065,-1.47728
932.5,-0.21247,0.117347,0.425241,-1.47728
932.6,-0.254511,0.0888234,0.414729,-1.47728
932.7,-0.295248,0.0576502,0.399182,-1.47728
932.8,-0.334186,0.0241083,0.378774,-1.47728
932.9,-0.37085,-0.0114877,0.353782,-1.47728
933,-0.404802,-0.048794,0.324583,-1.47728
933.1,-0.435642,-0.0874425,0.291644,-1.47728
933.2,-0.463024,-0.127047,0.25551,-1.47728
933.3,-0.486658,-0.167208,0.216788,-1.47728
933.4,-0.506317,-0.207522,0.176134,-1.47728
933.5,-0.521843,-0.247586,0.134232,-1.47728
933.6,-0.533145,-0.287002,0.0917727,-1.47728
933.7,-0.540202,-0.32539,0.0494401,-1.47728
933.8,-0.543059,-0.362387,0.00788882,-1.47728
933.9,-0.541826,-0.397656,-0.0322702,-1.47728
934,-0.53667,-0.43089,-0.0704841,-1.47728
934.1,-0.52781,-0.461816,-0.10627,-1.47728
934.2,-0.51551,-0.490198,-0.139221,-1.47728
934.3,-0.500071,-0.515839,-0.169016,-1.47728
934.4,-0.48182,-0.538583,-0.195417,-1.47728
934.5,-0.461106,-0.558313,-0.218272,-1.47728
934.6,-0.438287,-0.574954,-0.237508,-1.47728
934.7,-0.413725,-0.588469,-0.253128,-1.47728
934.8,-0.387779,-0.598858,-0.265203,-1.47728
934.9,-0.360798,-0.606156,-0.273861,-1.47728
935,-0.333115,-0.610429,-0.27928,-1.47728
935.1,-0.305043,-0.611772,-0.281676,-1.47728
935.2,-0.276873,-0.610304,-0.281295,-1.47728
935.3,-0.248868,-0.606166,-0.278399,-1.47728
935.4,-0.221267,-0.599517,-0.273264,-1.47728
935.5,-0.194281,-0.590528,-0.266163,-1.47728
935.6,-0.168091,-0.579382,-0.257369,-1.47728
935.7,-0.142855,-0.566272,-0.247142,-1.47728
935.8,-0.118702,-0.551392,-0.235726,-1.47728
935.9,-0.0957416,-0.534939,-0.223348,-1.47728
936,-0.0740579,-0.517112,-0.210215,-1.47728
936.1,-0.0537177,-0.498104,-0.196509,-1.47728
936.2,-0.0347699,-0.478108,-0.182391,-1.47728
936.3,-0.0172485,-0.457308,-0.168002,-1.47728
936.4,-0.00117461,-0.435885,-0.153459,-1.47728
936.5,0.0134415,-0.414011,-0.138861,-1.47728
936.6,0.0265986,-0.391849,-0.12429,-1.47728
936.7,0.0383027,-0.369557,-0.109812,-1.47728
936.8,0.0485659,-0.347281,-0.0954807,-1.47728
936.9,0.0574051,-0.32516,-0.0813381,-1.47728
937,0.064841,-0.303326,-0.0674192,-1.47728
937.1,0.0708974,-0.281899,-0.0537529,-1.47728
937.2,0.0756008,-0.260993,-0.0403645,-1.47728
937.3,0.0789803,-0.240713,-0.0272775,-1.47728
937.4,0.0810672,-0.221157,-0.0145154,-1.47728
937.5,0.0818951,-0.202412,-0.00210363,-1.47728
937.6,0.0815005,-0.184562,0.00993005,-1.47728
937.7,0.0799227,-0.167679,0.021554,-1.47728
937.8,0.0772046,-0.15183,0.0327322,-1.47728
937.9,0.0733925,-0.137074,0.043424,-1.47728
938,0.0685375,-0.12346,0.0535844,-1.47728
938.1,0.062695,-0.111033,0.0631635,-1.47728
938.2,0.0559259,-0.0998285,0.0721078,-1.47728
938.3,0.0482965,-0.0898732,0.0803605,-1.47728
938.4,0.0398788,-0.081187,0.0878628,-1.47728
938.5,0.0307509,-0.073781,0.0945549,-1.47728
938.6,0.0209968,-0.0676582,0.100377,-1.47728
938.7,0.0107064,-0.0628125,0.105272,-1.47728
938.8,-2.48641e-05,-0.0592293,0.109185,-1.47728
938.9,-0.0110963,-0.0568852,0.112068,-1.47728
939,-0.0224026,-0.0557477,0.113876,-1.47728
939.1,-0.0338345,-0.0557757,0.114576,-1.47728
939.2,-0.0452799,-0.0569189,0.114141,-1.47728
939.3,-0.0566244,-0.0591188,0.112556,-1.47728
939.4,-0.0677527,-0.0623082,0.109819,-1.47728
939.5,-0.07855,-0.0664122,0.105937,-1.47728
939.6,-0.0889027,-0.0713483,0.100933,-1.47728
939.7,-0.0987003,-0.0770271,0.0948407,-1.47728
939.8,-0.107836,-0.0833528,0.0877086,-1.47728
939.9,-0.116209,-0.0902245,0.079597,-1.47728
940,-0.123725,-0.0975363,0.0705784,-1.47728
940.1,-0.130298,-0.105179,0.0607366,-1.47728
940.2,-0.135848,-0.11304,0.0501654,-1.47728
940.3,-0.14031,-0.121007,0.0389673,-1.47728
940.4,-0.143625,-0.128963,0.0272517,-1.47728
940.5,-0.145747,-0.136797,0.0151339,-1.47728
940.6,-0.146642,-0.144396,0.0027327,-1.47728
940.7,-0.146288,-0.15165,-0.00983089,-1.47728
940.8,-0.144674,-0.158454,-0.0224355,-1.47728
940.9,-0.141803,-0.164707,-0.0349609,-1.47728
941,-0.137689,-0.170313,-0.0472897,-1.47728
941.1,-0.132356,-0.175185,-0.0593085,-1.47728
941.2,-0.125841,-0.17924,-0.0709091,-1.47728
941.3,-0.118191,-0.182406,-0.0819893,-1.47728
941.4,-0.109464,-0.184618,-0.0924538,-1.47728
941.5,-0.099724,-0.18582,-0.102215,-1.47728
941.6,-0.0890469,-0.185967,-0.111191,-1.47728
941.7,-0.0775143,-0.185022,-0.119311,-1.47728
941.8,-0.0652154,-0.182961,-0.126508,-1.47728
941.9,-0.0522454,-0.179766,-0.132725,-1.47728
942,-0.0387048,-0.175433,-0.137911,-1.47728
942.1,-0.0246991,-0.169967,-0.14202,-1.47728
942.2,-0.0103379,-0.163383,-0.145014,-1.47728
942.3,0.00426543,-0.155706,-0.146859,-1.47728
942.4,0.0189947,-0.146973,-0.147527,-1.47728
942.5,0.0337309,-0.137227,-0.146994,-1.47728
942.6,0.0483529,-0.126524,-0.145241,-1.47728
942.7,0.0627378,-0.114927,-0.142251,-1.47728
942.8,0.0767616,-0.102509,-0.138015,-1.47728
942.9,0.090299,-0.0893521,-0.132525,-1.47728
943,0.103225,-0.0755453,-0.12578,-1.47728
943.1,0.115413,-0.0611864,-0.117785,-1.47728
943.2,0.12674,-0.0463802,-0.108549,-1.47728
943.3,0.137082,-0.0312387,-0.0980926,-1.47728
943.4,0.146319,-0.0158803,-0.0864415,-1.47728
943.5,0.154332,-0.000429194,-0.0736333,-1.47728
943.6,0.161009,0.0149851,-0.0597168,-1.47728
943.7,0.166241,0.0302287,-0.0447537,-1.47728
943.8,0.169927,0.045164,-0.02882,-1.47728
943.9,0.171975,0.0596506,-0.0120076,-1.47728
944,0.172303,0.0735465,0.00557518,-1.47728
944.1,0.170839,0.086709,0.023802,-1.47728
944.2,0.167526,0.0989963,0.0425283,-1.47728
944.3,0.162322,0.110268,0.0615914,-1.47728
944.4,0.155202,0.120389,0.0808104,-1.47728
944.5,0.146161,0.129227,0.0999873,-1.47728
944.6,0.135213,0.136659,0.118908,-1.47728
944.7,0.122396,0.142567,0.137346,-1.47728
944.8,0.107768,0.146848,0.155063,-1.47728
944.9,0.0914153,0.149407,0.171814,-1.47728
945,0.073446,0.150166,0.187349,-1.47728
945.1,0.0539942,0.149061,0.201423,-1.47728
945.2,0.0332182,0.146047,0.213793,-1.47728
945.3,0.0113,0.141095,0.224231,-1.47728
945.4,-0.0115564,0.134198,0.232524,-1.47728
945.5,-0.035127,0.125372,0.238484,-1.47728
945.6,-0.05917,0.114651,0.241949,-1.47728
945.7,-0.0834293,0.102096,0.242791,-1.47728
945.8,-0.107638,0.0877869,0.240921,-1.47728
945.9,-0.131521,0.0718281,0.236287,-1.47728
946,-0.154803,0.0543454,0.228886,-1.47728
946.1,-0.177207,0.0354852,0.218756,-1.47728
946.2,-0.198466,0.0154138,0.205982,-1.47728
946.3,-0.21832,-0.00568536,0.190696,-1.47728
946.4,-0.236527,-0.027613,0.173068,-1.47728
946.5,-0.252863,-0.0501568,0.153311,-1.47728
946.6,-0.267126,-0.0730942,0.131672,-1.47728
946.7,-0.279143,-0.096195,0.108424,-1.47728
946.8,-0.288768,-0.119225,0.083868,-1.47728
946.9,-0.295884,-0.141948,0.0583172,-1.47728
947,-0.300409,-0.164129,0.0320955,-1.47728
947.1,-0.302291,-0.185541,0.00552863,-1.47728
947.2,-0.301514,-0.205961,-0.0210627,-1.47728
947.3,-0.298088,-0.225179,-0.0473689,-1.47728
947.4,-0.292059,-0.242998,-0.0730977,-1.47728
947.5,-0.283497,-0.259233,-0.0979785,-1.47728
947.6,-0.2725,-0.273722,-0.121767,-1.47728
947.7,-0.259188,-0.286316,-0.144246,-1.47728
947.8,-0.243701,-0.296889,-0.16523,-1.47728
947.9,-0.226197,-0.305335,-0.184563,-1.47728
948,-0.206847,-0.31157,-0.202122,-1.47728
948.1,-0.185835,-0.31553,-0.217809,-1.47728
948.2,-0.16335,-0.317173,-0.231555,-1.47728
948.3,-0.13959,-0.316479,-0.243315,-1.47728
948.4,-0.114754,-0.313447,-0.253061,-1.47728
948.5,-0.089045,-0.308095,-0.260786,-1.47728
948.6,-0.0626642,-0.300462,-0.266493,-1.47728
948.7,-0.0358133,-0.290603,-0.270192,-1.47728
948.8,-0.00869207,-0.278591,-0.271902,-1.47728
948.9,0.0185014,-0.264514,-0.271641,-1.47728
949,0.045571,-0.248476,-0.269426,-1.47728
949.1,0.0723219,-0.230594,-0.26527,-1.47728
949.2,0.0985607,-0.210998,-0.259184,-1.47728
949.3,0.124094,-0.189832,-0.251168,-1.47728
949.4,0.14873,-0.167249,-0.241221,-1.47728
949.5,0.172274,-0.143418,-0.229333,-1.47728
949.6,0.194531,-0.118514,-0.21549,-1.47728
949.7,0.215306,-0.0927244,-0.19968,-1.47728
949.8,0.234401,-0.0662474,-0.181888,-1.47728
949.9,0.251618,-0.03929,-0.162106,-1.47728
950,0.266756,-0.0120686,-0.140336,-1.47728
950.1,0.279619,0.0151915,-0.116592,-1.47728
950.2,0.29001,0.0422569,-0.0909103,-1.47728
950.3,0.297738,0.0688864,-0.0633486,-1.47728
950.4,0.30262,0.0948324,-0.0339963,-1.47728
950.5,0.304482,0.119842,-0.00297742,-1.47728
950.6,0.303165,0.143658,0.0295441,-1.47728
950.7,0.29853,0.166023,0.0633608,-1.47728
950.8,0.290458,0.186676,0.0982182,-1.47728
950.9,0.278862,0.205362,0.133813,-1.47728
951,0.263683,0.22183,0.169793,-1.47728
951.1,0.244903,0.235837,0.205759,-1.47728
951.2,0.222546,0.247152,0.241265,-1.47728
951.3,0.196682,0.255562,0.275829,-1.47728
951.4,0.167429,0.260871,0.308934,-1.47728
951.5,0.134961,0.262908,0.340044,-1.47728
951.6,0.0995053,0.26153,0.36861,-1.47728
951.7,0.0613425,0.256625,0.394087,-1.47728
951.8,0.0208086,0.248117,0.415947,-1.47728
951.9,-0.0217098,0.235969,0.433696,-1.47728
952,-0.0657788,0.220187,0.44689,-1.47728
952.1,-0.110923,0.200819,0.455149,-1.47728
952.2,-0.156634,0.17796,0.458175,-1.47728
952.3,-0.202377,0.151751,0.455763,-1.47728
952.4,-0.247602,0.122379,0.447813,-1.47728
952.5,-0.291755,0.0900771,0.434339,-1.47728
952.6,-0.33429,0.0551188,0.415471,-1.47728
952.7,-0.374678,0.0178179,0.391457,-1.47728
952.8,-0.412421,-0.0214771,0.362659,-1.47728
952.9,-0.447066,-0.0623883,0.329547,-1.47728
953,-0.478206,-0.104514,0.292681,-1.47728
953.1,-0.505498,-0.147436,0.252706,-1.47728
953.2,-0.528666,-0.190727,0.210323,-1.47728
953.3,-0.547507,-0.233954,0.166279,-1.47728
953.4,-0.561892,-0.276692,0.121336,-1.47728
953.5,-0.57177,-0.318528,0.0762588,-1.47728
953.6,-0.577164,-0.359066,0.0317858,-1.47728
953.7,-0.578171,-0.397936,-0.0113847,-1.47728
953.8,-0.574952,-0.434799,-0.0526139,-1.47728
953.9,-0.567732,-0.469351,-0.0913365,-1.47728
954,-0.556785,-0.501329,-0.127071,-1.47728
954.1,-0.54243,-0.530508,-0.159429,-1.47728
954.2,-0.525021,-0.556712,-0.188116,-1.47728
954.3,-0.504936,-0.579804,-0.212932,-1.47728
954.4,-0.482567,-0.599696,-0.233772,-1.47728
954.5,-0.458315,-0.616339,-0.250617,-1.47728
954.6,-0.432575,-0.629729,-0.263527,-1.47728
954.7,-0.405736,-0.639898,-0.272632,-1.47728
954.8,-0.37817,-0.646915,-0.278119,-1.47728
954.9,-0.350225,-0.650879,-0.280226,-1.47728
955,-0.322228,-0.651919,-0.279224,-1.47728
955.1,-0.294474,-0.650187,-0.275411,-1.47728
955.2,-0.267229,-0.645856,-0.269099,-1.47728
955.3,-0.240727,-0.639112,-0.260606,-1.47728
955.4,-0.21517,-0.630158,-0.250249,-1.47728
955.5,-0.190729,-0.619201,-0.238335,-1.47728
955.6,-0.167545,-0.606456,-0.225154,-1.47728
955.7,-0.145731,-0.592137,-0.210982,-1.47728
955.8,-0.125373,-0.576459,-0.196071,-1.47728
955.9,-0.106534,-0.559635,-0.180648,-1.47728
956,-0.089254,-0.54187,-0.16492,-1.47728
956.1,-0.0735543,-0.523364,-0.149066,-1.47728
956.2,-0.0594396,-0.504307,-0.133245,-1.47728
956.3,-0.0468997,-0.48488,-0.117593,-1.47728
956.4,-0.0359116,-0.465254,-0.102224,-1.47728
956.5,-0.0264421,-0.445588,-0.0872368,-1.47728
956.6,-0.0184488,-0.426031,-0.0727125,-1.47728
956.7,-0.0118819,-0.406718,-0.0587184,-1.47728
956.8,-0.00668561,-0.387775,-0.0453099,-1.47728
956.9,-0.00279891,-0.369314,-0.0325327,-1.47728
957,-0.000156764,-0.351435,-0.0204244,-1.47728
957.1,0.0013093,-0.334229,-0.00901595,-1.47728
957.2,0.00167063,-0.317775,0.00166649,-1.47728
957.3,0.00100095,-0.302139,0.0116008,-1.47728
957.4,-0.000623957,-0.287378,0.0207679,-1.47728
957.5,-0.0031265,-0.273539,0.029151,-1.47728
957.6,-0.00642752,-0.26066,0.0367352,-1.47728
957.7,-0.0104465,-0.248766,0.0435072,-1.47728
957.8,-0.0151015,-0.237877,0.0494556,-1.47728
957.9,-0.0203098,-0.228001,0.0545706,-1.47728
958,-0.0259876,-0.219138,0.0588442,-1.47728
958.1,-0.0320504,-0.21128,0.0622712,-1.47728
958.2,-0.0384135,-0.204413,0.0648489,-1.47728
958.3,-0.0449919,-0.198513,0.0665778,-1.47728
958.4,-0.0517009,-0.193549,0.0674624,-1.47728
958.5,-0.0584565,-0.189485,0.0675114,-1.47728
958.6,-0.0651758,-0.186276,0.0667379,-1.47728
958.7,-0.0717773,-0.183875,0.0651603,-1.47728
958.8,-0.0781818,-0.182225,0.0628022,-1.47728
958.9,-0.0843127,-0.181268,0.0596927,-1.47728
959,-0.0900965,-0.180939,0.0558666,-1.47728
959.1,-0.0954635,-0.18117,0.0513641,-1.47728
959.2,-0.100348,-0.18189,0.0462309,-1.47728
959.3,-0.10469,-0.183026,0.040518,-1.47728
959.4,-0.108434,-0.1845,0.0342808,-1.47728
959.5,-0.111531,-0.186237,0.0275795,-1.47728
959.6,-0.113937,-0.188157,0.0204777,-1.47728
959.7,-0.115615,-0.190182,0.0130422,-1.47728
959.8,-0.116537,-0.192236,0.00534227,-1.47728
959.9,-0.116677,-0.194241,-0.00255115,-1.47728
960,-0.116022,-0.196123,-0.0105661,-1.47728
960.1,-0.114563,-0.197809,-0.0186304,-1.47728
960.2,-0.112297,-0.199232,-0.0266725,-1.47728
960.3,-0.109231,-0.200324,-0.0346216,-1.47728
960.4,-0.105378,-0.201026,-0.0424089,-1.47728
960.5,-0.100757,-0.201279,-0.049968,-1.47728
960.6,-0.0953941,-0.201033,-0.0572351,-1.47728
960.7,-0.0893217,-0.20024,-0.0641495,-1.47728
960.8,-0.0825779,-0.198861,-0.0706541,-1.47728
960.9,-0.0752063,-0.196859,-0.0766954,-1.47728
961,-0.0672559,-0.194208,-0.0822237,-1.47728
961.1,-0.0587802,-0.190883,-0.0871932,-1.47728
961.2,-0.0498373,-0.186871,-0.0915619,-1.47728
961.3,-0.0404892,-0.182162,-0.0952919,-1.47728
961.4,-0.0308014,-0.176753,-0.0983487,-1.47728
961.5,-0.0208429,-0.170649,-0.100702,-1.47728
961.6,-0.0106854,-0.163862,-0.102324,-1.47728
961.7,-0.00040325,-0.156407,-0.103192,-1.47728
961.8,0.00992708,-0.148311,-0.103284,-1.47728
961.9,0.0202272,-0.139602,-0.102586,-1.47728
962,0.0304174,-0.130318,-0.101082,-1.47728
962.1,0.0404165,-0.120502,-0.0987636,-1.47728
962.2,0.0501428,-0.110202,-0.095624,-1.47728
962.3,0.0595139,-0.0994722,-0.0916611,-1.47728
962.4,0.0684476,-0.0883726,-0.0868768,-1.47728
962.5,0.0768621,-0.0769678,-0.0812778,-1.47728
962.6,0.0846764,-0.0653274,-0.074876,-1.47728
962.7,0.0918111,-0.0535252,-0.0676889,-1.47728
962.8,0.0981888,-0.0416393,-0.0597404,-1.47728
962.9,0.103735,-0.0297512,-0.0510613,-1.47728
963,0.108378,-0.0179459,-0.04169,-1.47728
963.1,0.112051,-0.00631057,-0.0316729,-1.47728
963.2,0.114693,0.00506533,-0.0210654,-1.47728
963.3,0.116247,0.016091,-0.00993194,-1.47728
963.4,0.116664,0.0266751,0.00165323,-1.47728
963.5,0.115904,0.036726,0.0136061,-1.47728
963.6,0.113934,0.0461533,0.0258327,-1.47728
963.7,0.110732,0.0548682,0.0382293,-1.47728
963.8,0.106286,0.0627846,0.0506828,-1.47728
963.9,0.100597,0.0698202,0.0630712,-1.47728
964,0.0936783,0.075897,0.0752648,-1.47728
964.1,0.0855553,0.0809432,0.0871273,-1.47728
964.2,0.0762685,0.0848932,0.0985175,-1.47728
964.3,0.0658724,0.0876898,0.109291,-1.47728
964.4,0.0544358,0.0892841,0.119302,-1.47728
964.5,0.0420423,0.0896373,0.128406,-1.47728
964.6,0.0287896,0.0887213,0.136462,-1.47728
964.7,0.0147893,0.0865196,0.143336,-1.47728
964.8,0.000165918,0.0830279,0.148904,-1.47728
964.9,-0.0149441,0.0782551,0.153051,-1.47728
965,-0.0303937,0.0722233,0.15568,-1.47728
965.1,-0.0460269,0.0649683,0.15671,-1.47728
965.2,-0.0616803,0.0565399,0.156078,-1.47728
965.3,-0.0771857,0.0470017,0.153744,-1.47728
965.4,-0.0923717,0.0364305,0.14969,-1.47728
965.5,-0.107067,0.0249164,0.143924,-1.47728
965.6,-0.1211,0.0125616,0.136475,-1.47728
965.7,-0.134307,-0.000520171,0.127401,-1.47728
965.8,-0.146529,-0.014205,0.116779,-1.47728
965.9,-0.157615,-0.0283598,0.104712,-1.47728
966,-0.167427,-0.042844,0.091325,-1.47728
966.1,-0.175841,-0.0575111,0.0767586,-1.47728
966.2,-0.182745,-0.0722102,0.0611721,-1.47728
966.3,-0.188047,-0.0867877,0.0447374,-1.47728
966.4,-0.19167,-0.101089,0.0276365,-1.47728
966.5,-0.193558,-0.114962,0.0100585,-1.47728
966.6,-0.193673,-0.128255,-0.00780422,-1.47728
966.7,-0.191994,-0.140823,-0.0257592,-1.47728
966.8,-0.188524,-0.152527,-0.043617,-1.47728
966.9,-0.18328,-0.163233,-0.0611937,-1.47728
967,-0.1763,-0.17282,-0.078314,-1.47728
967.1,-0.167638,-0.181176,-0.0948129,-1.47728
967.2,-0.157364,-0.188199,-0.110537,-1.47728
967.3,-0.145561,-0.193801,-0.125348,-1.47728
967.4,-0.132329,-0.197908,-0.139118,-1.47728
967.5,-0.117776,-0.200458,-0.151736,-1.47728
967.6,-0.102023,-0.201404,-0.163103,-1.47728
967.7,-0.0852001,-0.200714,-0.173135,-1.47728
967.8,-0.0674434,-0.198369,-0.181759,-1.47728
967.9,-0.0488973,-0.194367,-0.188913,-1.47728
968,-0.0297114,-0.188718,-0.194546,-1.47728
968.1,-0.0100402,-0.181448,-0.198614,-1.47728
968.2,0.009958,-0.172597,-0.201081,-1.47728
968.3,0.0301215,-0.162217,-0.201916,-1.47728
968.4,0.0502859,-0.150375,-0.201093,-1.47728
968.5,0.0702841,-0.137151,-0.19859,-1.47728
968.6,0.0899474,-0.122636,-0.194389,-1.47728
968.7,0.109105,-0.106934,-0.188474,-1.47728
968.8,0.127585,-0.090162,-0.180832,-1.47728
968.9,0.145214,-0.0724454,-0.171456,-1.47728
969,0.161818,-0.0539223,-0.160342,-1.47728
969.1,0.177224,-0.0347405,-0.147492,-1.47728
969.2,0.191259,-0.0150575,-0.132921,-1.47728
969.3,0.203751,0.00496002,-0.116648,-1.47728
969.4,0.214533,0.0251371,-0.0987121,-1.47728
969.5,0.22344,0.0452908,-0.0791636,-1.47728
969.6,0.230314,0.0652318,-0.0580742,-1.47728
969.7,0.235007,0.0847646,-0.0355369,-1.47728
969.8,0.237377,0.103689,-0.0116696,-1.47728
969.9,0.237301,0.121803,0.0133822,-1.47728
970,0.234667,0.138901,0.0394438,-1.47728
970.1,0.229385,0.154778,0.0663093,-1.47728
970.2,0.221387,0.169233,0.0937409,-1.47728
970.3,0.210627,0.182067,0.121469,-1.47728
970.4,0.197093,0.19309,0.149193,-1.47728
970.5,0.1808,0.202118,0.176585,-1.47728
970.6,0.161799,0.208984,0.203291,-1.47728
970.7,0.140177,0.213531,0.228937,-1.47728
970.8,0.11606,0.215624,0.253135,-1.47728
970.9,0.0896113,0.215146,0.275491,-1.47728
971,0.0610359,0.212005,0.295612,-1.47728
971.1,0.0305761,0.206135,0.313117,-1.47728
971.2,-0.00148823,0.197499,0.327645,-1.47728
971.3,-0.0348426,0.186091,0.338865,-1.47728
971.4,-0.0691414,0.171936,0.34649,-1.47728
971.5,-0.104013,0.155094,0.350283,-1.47728
971.6,-0.139064,0.135661,0.350066,-1.47728
971.7,-0.173889,0.113764,0.34573,-1.47728
971.8,-0.208072,0.0895665,0.337239,-1.47728
971.9,-0.241199,0.0632634,0.324632,-1.47728
972,-0.272865,0.0350805,0.308032,-1.47728
972.1,-0.302679,0.00527126,0.287634,-1.47728
972.2,-0.330274,-0.025886,0.263712,-1.47728
972.3,-0.355315,-0.0580923,0.236605,-1.47728
972.4,-0.377502,-0.0910323,0.206716,-1.47728
972.5,-0.39658,-0.124379,0.174496,-1.47728
972.6,-0.41234,-0.157799,0.140434,-1.47728
972.7,-0.424623,-0.190956,0.105047,-1.47728
972.8,-0.433323,-0.223518,0.0688618,-1.47728
972.9,-0.438386,-0.255163,0.0324047,-1.47728
973,-0.439812,-0.285578,-0.00381228,-1.47728
973.1,-0.437648,-0.314473,-0.0393039,-1.47728
973.2,-0.43199,-0.341574,-0.0736221,-1.47728
973.3,-0.422976,-0.366636,-0.106365,-1.47728
973.4,-0.410782,-0.389437,-0.137182,-1.47728
973.5,-0.395614,-0.40979,-0.165784,-1.47728
973.6,-0.377707,-0.427533,-0.191936,-1.47728
973.7,-0.357314,-0.442541,-0.215469,-1.47728
973.8,-0.334704,-0.454715,-0.236269,-1.47728
973.9,-0.310153,-0.463993,-0.254277,-1.47728
974,-0.283942,-0.47034,-0.269486,-1.47728
974.1,-0.256348,-0.473751,-0.281931,-1.47728
974.2,-0.227645,-0.474247,-0.291685,-1.47728
974.3,-0.198098,-0.471875,-0.298851,-1.47728
974.4,-0.167957,-0.466705,-0.303552,-1.47728
974.5,-0.137465,-0.458829,-0.305926,-1.47728
974.6,-0.106845,-0.448355,-0.306121,-1.47728
974.7,-0.0763083,-0.435407,-0.304282,-1.47728
974.8,-0.0460514,-0.420124,-0.300553,-1.47728
974.9,-0.0162563,-0.402656,-0.295065,-1.47728
975,0.012907,-0.383164,-0.287939,-1.47728
975.1,0.0412802,-0.361816,-0.279277,-1.47728
975.2,0.0687141,-0.338786,-0.269165,-1.47728
975.3,0.0950672,-0.314255,-0.257671,-1.47728
975.4,0.120204,-0.288409,-0.244844,-1.47728
975.5,0.143993,-0.261437,-0.230714,-1.47728
975.6,0.166304,-0.233532,-0.215298,-1.47728
975.7,0.18701,-0.204889,-0.198602,-1.47728
975.8,0.205981,-0.175708,-0.18062,-1.47728
975.9,0.22309,-0.14619,-0.161342,-1.47728
976,0.238206,-0.11654,-0.14076,-1.47728
976.1,0.251198,-0.0869643,-0.118867,-1.47728
976.2,0.261936,-0.0576739,-0.0956673,-1.47728
976.3,0.270289,-0.0288809,-0.0711807,-1.47728
976.4,0.27613,-0.000799846,-0.0454455,-1.47728
976.5,0.279339,0.0263529,-0.0185252,-1.47728
976.6,0.279799,0.0523601,0.00948741,-1.47728
976.7,0.277409,0.0770044,0.0384663,-1.47728
976.8,0.272079,0.10007,0.0682486,-1.47728
976.9,0.263739,0.121343,0.0986329,-1.47728
977,0.25234,0.140615,0.129377,-1.47728
977.1,0.237861,0.157683,0.1602,-1.47728
977.2,0.220308,0.172356,0.190781,-1.47728
977.3,0.199725,0.184451,0.220763,-1.47728
977.4,0.176189,0.193803,0.249759,-1.47728
977.5,0.149819,0.200262,0.277358,-1.47728
977.6,0.120778,0.203702,0.303131,-1.47728
977.7,0.0892686,0.204018,0.326642,-1.47728
977.8,0.0555393,0.201133,0.347459,-1.47728
977.9,0.0198806,0.195002,0.365163,-1.47728
978,-0.0173765,0.18561,0.379365,-1.47728
978.1,-0.0558639,0.172979,0.389714,-1.47728
978.2,-0.0951808,0.157165,0.395911,-1.47728
978.3,-0.1349,0.138264,0.397722,-1.47728
978.4,-0.174574,0.116409,0.394986,-1.47728
978.5,-0.213743,0.0917716,0.387625,-1.47728
978.6,-0.251945,0.0645587,0.375648,-1.47728
978.7,-0.288722,0.0350132,0.359155,-1.47728
978.8,-0.323632,0.00340961,0.338341,-1.47728
978.9,-0.356255,-0.0299486,0.313487,-1.47728
979,-0.386206,-0.0647336,0.284959,-1.47728
979.1,-0.413139,-0.100598,0.2532,-1.47728
979.2,-0.436755,-0.137179,0.218712,-1.47728
979.3,-0.456809,-0.174106,0.182052,-1.47728
979.4,-0.473113,-0.211006,0.143809,-1.47728
979.5,-0.485539,-0.247506,0.104592,-1.47728
979.6,-0.494019,-0.283244,0.0650129,-1.47728
979.7,-0.498549,-0.317872,0.0256699,-1.47728
979.8,-0.49918,-0.351061,-0.0128671,-1.47728
979.9,-0.49602,-0.382505,-0.0500702,-1.47728
980,-0.489227,-0.411927,-0.0854647,-1.47728
980.1,-0.479001,-0.439081,-0.118638,-1.47728
980.2,-0.465584,-0.463754,-0.149248,-1.47728
980.3,-0.449246,-0.485769,-0.177022,-1.47728
980.4,-0.430281,-0.504985,-0.201762,-1.47728
980.5,-0.408999,-0.521298,-0.223344,-1.47728
980.6,-0.38572,-0.534638,-0.241711,-1.47728
980.7,-0.360764,-0.544972,-0.256868,-1.47728
980.8,-0.334451,-0.552299,-0.268879,-1.47728
980.9,-0.30709,-0.556647,-0.277853,-1.47728
981,-0.278977,-0.558076,-0.283941,-1.47728
981.1,-0.250392,-0.556667,-0.287324,-1.47728
981.2,-0.221595,-0.552526,-0.288204,-1.47728
981.3,-0.192827,-0.545778,-0.286799,-1.47728
981.4,-0.164304,-0.536563,-0.28333,-1.47728
981.5,-0.136222,-0.525035,-0.27802,-1.47728
981.6,-0.108754,-0.51136,-0.271081,-1.47728
981.7,-0.0820534,-0.495709,-0.262718,-1.47728
981.8,-0.056252,-0.47826,-0.253118,-1.47728
981.9,-0.0314653,-0.459194,-0.24245,-1.47728
982,-0.00779255,-0.438694,-0.230863,-1.47728
982.1,0.014681,-0.416944,-0.218486,-1.47728
982.2,0.0358819,-0.394124,-0.205426,-1.47728
982.3,0.0557465,-0.370414,-0.191773,-1.47728
982.4,0.074219,-0.345992,-0.177595,-1.47728
982.5,0.0912499,-0.321029,-0.162948,-1.47728
982.6,0.106794,-0.295695,-0.14787,-1.47728
982.7,0.120811,-0.270155,-0.132391,-1.47728
982.8,0.13326,-0.24457,-0.116531,-1.47728
982.9,0.144105,-0.219097,-0.100306,-1.47728
983,0.153309,-0.19389,-0.0837311,-1.47728
983.1,0.16084,-0.169095,-0.0668204,-1.47728
983.2,0.166663,-0.14486,-0.049594,-1.47728
983.3,0.170749,-0.121323,-0.0320786,-1.47728
983.4,0.17307,-0.0986225,-0.0143108,-1.47728
983.5,0.173604,-0.0768903,0.0036609,-1.47728
983.6,0.172333,-0.0562546,0.0217742,-1.47728
983.7,0.169247,-0.0368384,0.0399512,-1.47728
983.8,0.164344,-0.0187596,0.0580981,-1.47728
983.9,0.157632,-0.00212983,0.0761042,-1.47728
984,0.149132,0.0129461,0.0938422,-1.47728
984.1,0.138877,0.026371,0.111169,-1.47728
984.2,0.126917,0.0380566,0.127928,-1.47728
984.3,0.113316,0.0479244,0.143948,-1.47728
984.4,0.0981582,0.0559069,0.15905,-1.47728
984.5,0.0815432,0.0619491,0.173048,-1.47728
984.6,0.0635916,0.0660091,0.185754,-1.47728
984.7,0.0444418,0.06806,0.196979,-1.47728
984.8,0.0242513,0.0680904,0.20654,-1.47728
984.9,0.00319496,0.0661059,0.214267,-1.47728
985,-0.0185357,0.0621296,0.220003,-1.47728
985.1,-0.0407347,0.0562027,0.22361,-1.47728
985.2,-0.0631831,0.0483855,0.224977,-1.47728
985.3,-0.0856525,0.038757,0.224018,-1.47728
985.4,-0.107907,0.0274151,0.22068,-1.47728
985.5,-0.129708,0.0144758,0.214944,-1.47728
985.6,-0.150817,7.32984e-05,0.206829,-1.47728
985.7,-0.170997,-0.015642,0.196388,-1.47728
985.8,-0.19002,-0.0325041,0.183713,-1.47728
985.9,-0.207669,-0.0503336,0.168931,-1.47728
986,-0.223741,-0.068939,0.152205,-1.47728
986.1,-0.238051,-0.0881195,0.133726,-1.47728
986.2,-0.250435,-0.107667,0.113713,-1.47728
986.3,-0.260751,-0.127368,0.0924089,-1.47728
986.4,-0.268882,-0.147008,0.0700711,-1.47728
986.5,-0.27474,-0.166373,0.0469701,-1.47728
986.6,-0.27826,-0.185249,0.0233818,-1.47728
986.7,-0.279409,-0.203432,-0.000417634,-1.47728
986.8,-0.278179,-0.220723,-0.0241576,-1.47728
986.9,-0.274588,-0.236935,-0.0475779,-1.47728
987,-0.268682,-0.251891,-0.0704331,-1.47728
987.1,-0.260528,-0.265431,-0.0924966,-1.47728
987.2,-0.250216,-0.277408,-0.113563,-1.47728
987.3,-0.237855,-0.287693,-0.133452,-1.47728
987.4,-0.22357,-0.296175,-0.152006,-1.47728
987.5,-0.207502,-0.302762,-0.169095,-1.47728
987.6,-0.189803,-0.307378,-0.184612,-1.47728
987.7,-0.170635,-0.309969,-0.198474,-1.47728
987.8,-0.150166,-0.310499,-0.21062,-1.47728
987.9,-0.12857,-0.30895,-0.221009,-1.47728
988,-0.106024,-0.305321,-0.229614,-1.47728
988.1,-0.0827067,-0.299631,-0.236426,-1.47728
988.2,-0.0587985,-0.291914,-0.241441,-1.47728
988.3,-0.0344783,-0.282219,-0.244666,-1.47728
988.4,-0.00992456,-0.270611,-0.246112,-1.47728
988.5,0.0146853,-0.257171,-0.245791,-1.47728
988.6,0.0391752,-0.24199,-0.243716,-1.47728
988.7,0.0633703,-0.225174,-0.239895,-1.47728
988.8,0.0870964,-0.20684,-0.234337,-1.47728
988.9,0.11018,-0.187115,-0.227043,-1.47728
989,0.132447,-0.16614,-0.218012,-1.47728
989.1,0.153724,-0.144063,-0.207239,-1.47728
989.2,0.173837,-0.121044,-0.194719,-1.47728
989.3,0.192609,-0.0972493,-0.180444,-1.47728
989.4,0.209867,-0.0728573,-0.16441,-1.47728
989.5,0.225433,-0.0480534,-0.146618,-1.47728
989.6,0.239132,-0.0230313,-0.127077,-1.47728
989.7,0.250791,0.0020078,-0.105812,-1.47728
989.8,0.260238,0.0268556,-0.0828602,-1.47728
989.9,0.267309,0.0512974,-0.0582841,-1.47728
990,0.271844,0.0751134,-0.0321695,-1.47728
990.1,0.273695,0.0980795,-0.00463235,-1.47728
990.2,0.272728,0.119968,0.0241785,-1.47728
990.3,0.268823,0.140552,0.0540776,-1.47728
990.4,0.261883,0.159602,0.0848411,-1.47728
990.5,0.251835,0.176894,0.116205,-1.47728
990.6,0.238632,0.192208,0.147866,-1.47728
990.7,0.222263,0.205331,0.17948,-1.47728
990.8,0.20275,0.216062,0.21067,-1.47728
990.9,0.180157,0.224215,0.241023,-1.47728
991,0.154588,0.229619,0.270104,-1.47728
991.1,0.126194,0.232125,0.297458,-1.47728
991.2,0.0951696,0.231608,0.322622,-1.47728
991.3,0.0617578,0.22797,0.345135,-1.47728
991.4,0.026246,0.221145,0.364549,-1.47728
991.5,-0.0110347,0.2111,0.380445,-1.47728
991.6,-0.049713,0.197835,0.392441,-1.47728
991.7,-0.0893818,0.181393,0.400207,-1.47728
991.8,-0.129605,0.161853,0.40348,-1.47728
991.9,-0.169922,0.139334,0.402071,-1.47728
992,-0.209859,0.113995,0.395875,-1.47728
992.1,-0.248937,0.0860347,0.384879,-1.47728
992.2,-0.286678,0.0556884,0.369165,-1.47728
992.3,-0.322618,0.0232257,0.348912,-1.47728
992.4,-0.356318,-0.0110528,0.324395,-1.47728
992.5,-0.387367,-0.0468194,0.295974,-1.47728
992.6,-0.415397,-0.0837245,0.264094,-1.47728
992.7,-0.440087,-0.121402,0.229267,-1.47728
992.8,-0.461171,-0.159475,0.19206,-1.47728
992.9,-0.47844,-0.197561,0.153082,-1.47728
993,-0.49175,-0.235281,0.112964,-1.47728
993.1,-0.501016,-0.272261,0.0723414,-1.47728
993.2,-0.506222,-0.308141,0.0318418,-1.47728
993.3,-0.507409,-0.342581,-0.00793602,-1.47728
993.4,-0.504678,-0.375263,-0.0464344,-1.47728
993.5,-0.498182,-0.405899,-0.0831494,-1.47728
993.6,-0.488122,-0.434229,-0.117641,-1.47728
993.7,-0.47474,-0.460032,-0.14954,-1.47728
993.8,-0.45831,-0.483118,-0.178552,-1.47728
993.9,-0.439133,-0.503338,-0.204461,-1.47728
994,-0.417526,-0.520579,-0.227124,-1.47728
994.1,-0.393819,-0.534766,-0.246473,-1.47728
994.2,-0.368342,-0.545859,-0.262505,-1.47728
994.3,-0.341426,-0.553852,-0.275277,-1.47728
994.4,-0.313392,-0.558773,-0.284899,-1.47728
994.5,-0.284547,-0.560677,-0.291521,-1.47728
994.6,-0.255182,-0.559646,-0.295328,-1.47728
994.7,-0.225568,-0.555787,-0.296528,-1.47728
994.8,-0.195956,-0.549226,-0.295343,-1.47728
994.9,-0.166571,-0.540106,-0.292005,-1.47728
995,-0.137619,-0.528584,-0.286743,-1.47728
995.1,-0.109279,-0.514829,-0.279779,-1.47728
995.2,-0.0817126,-0.499017,-0.271324,-1.47728
995.3,-0.0550577,-0.481332,-0.261574,-1.47728
995.4,-0.0294352,-0.461958,-0.250703,-1.47728
995.5,-0.00494929,-0.441086,-0.238867,-1.47728
995.6,0.0183104,-0.418902,-0.226199,-1.47728
995.7,0.0402664,-0.395596,-0.21281,-1.47728
995.8,0.0608514,-0.371351,-0.19879,-1.47728
995.9,0.0800059,-0.346351,-0.184212,-1.47728
996,0.0976769,-0.320774,-0.169129,-1.47728
996.1,0.113816,-0.294796,-0.15358,-1.47728
996.2,0.128378,-0.268587,-0.137593,-1.47728
996.3,0.141321,-0.242316,-0.121187,-1.47728
996.4,0.152602,-0.216145,-0.104376,-1.47728
996.5,0.162183,-0.190234,-0.0871715,-1.47728
996.6,0.170024,-0.164736,-0.069588,-1.47728
996.7,0.176088,-0.139805,-0.0516433,-1.47728
996.8,0.180341,-0.115587,-0.0333636,-1.47728
996.9,0.182751,-0.0922252,-0.0147857,-1.47728
997,0.18329,-0.0698598,0.00404067,-1.47728
997.1,0.181937,-0.0486255,0.0230503,-1.47728
997.2,0.178677,-0.0286524,0.0421615,-1.47728
997.3,0.173504,-0.0100655,0.0612746,-1.47728
997.4,0.166426,0.00701651,0.0802717,-1.47728
997.5,0.157458,0.0224819,0.0990164,-1.47728
997.6,0.146636,0.0362268,0.117355,-1.47728
997.7,0.134007,0.0481564,0.135119,-1.47728
997.8,0.119637,0.0581861,0.152124,-1.47728
997.9,0.103613,0.066243,0.168176,-1.47728
998,0.0860404,0.0722667,0.183074,-1.47728
998.1,0.0670439,0.0762116,0.196613,-1.47728
998.2,0.0467701,0.0780469,0.208588,-1.47728
998.3,0.0253851,0.0777592,0.218801,-1.47728
998.4,0.00307475,0.0753525,0.227067,-1.47728
998.5,-0.0199576,0.0708498,0.233214,-1.47728
998.6,-0.0434924,0.0642935,0.237094,-1.47728
998.7,-0.0672967,0.0557461,0.238584,-1.47728
998.8,-0.0911264,0.0452905,0.237592,-1.47728
998.9,-0.11473,0.0330294,0.234061,-1.47728
999,-0.137853,0.0190856,0.227971,-1.47728
999.1,-0.16024,0.00360048,0.219343,-1.47728
999.2,-0.181639,-0.0132665,0.208236,-1.47728
999.3,-0.201808,-0.0313395,0.194751,-1.47728
999.4,-0.220515,-0.0504284,0.17903,-1.47728
999.5,-0.237545,-0.0703302,0.161248,-1.47728
999.6,-0.252703,-0.0908319,0.141615,-1.47728
999.7,-0.265814,-0.111713,0.120372,-1.47728
999.8,-0.276732,-0.132748,0.0977801,-1.47728
999.9,-0.285335,-0.153709,0.0741214,-1.47728
1000,-0.29153,-0.174369,0.0496881,-1.47728
