time,x,y,z,L
0,1,0,1,0
0.1,0.90032,-0.0902014,0.895637,-inf
0.2,0.802454,-0.161845,0.784843,-inf
0.3,0.707904,-0.216878,0.670495,-inf
0.4,0.617827,-0.257551,0.554738,-inf
0.5,0.533052,-0.2862,0.439074,-inf
0.6,0.454107,-0.305094,0.324473,-inf
0.7,0.381263,-0.316336,0.211495,-inf
0.8,0.314574,-0.32181,0.100399,-0.331447
0.9,0.253922,-0.32316,-0.00875902,-0.0850144
1,0.199055,-0.321796,-0.116052,0.0493734
1.1,0.149621,-0.318901,-0.221626,0.142949
1.2,0.105201,-0.315462,-0.325656,0.214643
1.3,0.065328,-0.312294,-0.428321,0.27269
1.4,0.02951,-0.310068,-0.529787,0.321471
1.5,-0.00275584,-0.309335,-0.630193,0.363601
1.6,-0.0319726,-0.310556,-0.729648,0.400758
1.7,-0.0586358,-0.314122,-0.828227,0.43407
1.8,-0.0832285,-0.320377,-0.925972,0.464328
1.9,-0.106219,-0.329638,-1.02289,0.492097
2,-0.128061,-0.342209,-1.11895,0.517793
2.1,-0.149193,-0.358403,-1.2141,0.541727
2.2,-0.170044,-0.378552,-1.30822,0.564133
2.3,-0.191034,-0.403023,-1.40117,0.58519
2.4,-0.212581,-0.432234,-1.49274,0.605035
2.5,-0.235106,-0.46666,-1.58269,0.623774
2.6,-0.259037,-0.50685,-1.67068,0.641484
2.7,-0.28482,-0.553439,-1.75627,0.658221
2.8,-0.312921,-0.607154,-1.83895,0.67402
2.9,-0.343838,-0.668822,-1.91802,0.688899
3,-0.378103,-0.739381,-1.99264,0.702853
3.1,-0.416293,-0.819871,-2.06171,0.715858
3.2,-0.459035,-0.91143,-2.12387,0.727866
3.3,-0.507007,-1.01527,-2.17739,0.738803
3.4,-0.56094,-1.13263,-2.22011,0.74856
3.5,-0.621612,-1.26472,-2.24931,0.75699
3.6,-0.689836,-1.41258,-2.26163,0.763898
3.7,-0.766432,-1.57691,-2.2529,0.769028
3.8,-0.852181,-1.75782,-2.21807,0.772053
3.9,-0.947758,-1.95446,-2.15113,0.772556
4,-1.05363,-2.1645,-2.04513,0.770014
4.1,-1.16989,-2.38353,-1.89236,0.763777
4.2,-1.29608,-2.6043,-1.6848,0.753046
4.3,-1.43094,-2.81597,-1.41502,0.736852
4.4,-1.57208,-3.00353,-1.0776,0.714032
4.5,-1.7157,-3.1477,-0.671086,0.714032
4.6,-1.85638,-3.22589,-0.200494,0.714032
4.7,-1.98695,-3.21444,0.3203,0.714032
4.8,-2.09881,-3.09271,0.867059,0.714032
4.9,-2.18256,-2.84826,1.40582,0.714032
5,-2.22912,-2.482,1.89663,0.714032
5.1,-2.23113,-2.01125,2.30022,0.714032
5.2,-2.18436,-1.46858,2.58623,0.714032
5.3,-2.08862,-0.896291,2.73992,0.714032
5.4,-1.94787,-0.337822,2.76475,0.714032
5.5,-1.76955,0.170562,2.68008,0.714032
5.6,-1.56326,0.605091,2.51499,0.714032
5.7,-1.33928,0.955633,2.30128,0.714032
5.8,-1.10731,1.22345,2.06768,0.714032
5.9,-0.875588,1.41729,1.83662,0.714032
6,-0.650563,1.54942,1.62344,0.714032
6.1,-0.436842,1.63265,1.43707,0.714032
6.2,-0.237431,1.67847,1.28145,0.714032
6.3,-0.0540585,1.69623,1.15709,0.714032
6.4,0.11249,1.69297,1.06228,0.714032
6.5,0.262071,1.67369,0.994038,0.714032
6.6,0.39495,1.64175,0.94872,0.714032
6.7,0.511623,1.59931,0.922387,0.714032
6.8,0.612703,1.54773,0.911042,0.714032
6.9,0.698853,1.48794,0.910763,0.714032
7,0.770747,1.42068,0.917797,0.714032
7.1,0.829069,1.34674,0.928639,0.714032
7.2,0.874517,1.26704,0.940102,0.714032
7.3,0.907824,1.18273,0.949387,0.714032
7.4,0.929768,1.09515,0.954139,0.714032
7.5,0.941193,1.00583,0.952497,0.714032
7.6,0.943012,0.916402,0.943111,0.714032
7.7,0.936209,0.828498,0.925133,0.714032
7.8,0.921826,0.743676,0.898188,0.714032
7.9,0.900945,0.663335,0.862315,0.714032
8,0.874672,0.588645,0.817887,0.714032
8.1,0.844102,0.520514,0.765532,0.714032
8.2,0.810302,0.45957,0.706045,0.714032
8.3,0.774281,0.406167,0.640313,0.714032
8.4,0.736977,0.360411,0.569244,0.714032
8.5,0.699234,0.322197,0.493721,0.714032
8.6,0.661801,0.291251,0.414562,0.714032
8.7,0.625321,0.267177,0.3325,-0.115438
8.8,0.590336,0.249499,0.248173,-0.0714224
8.9,0.557286,0.2377,0.162123,-0.0209315
9,0.526521,0.231256,0.0748033,0.0325498
9.1,0.498309,0.22966,-0.0134121,0.0860552
9.2,0.472845,0.232445,-0.102216,0.137587
9.3,0.450265,0.239199,-0.191353,0.186079
9.4,0.430654,0.249572,-0.280609,0.23113
9.5,0.414059,0.263288,-0.369798,0.272735
9.6,0.400503,0.280141,-0.458751,0.311088
9.7,0.389986,0.300004,-0.547305,0.346466
9.8,0.382504,0.322824,-0.635296,0.379164
9.9,0.378048,0.348624,-0.722548,0.409459
10,0.37662,0.3775,-0.808868,0.437603
10.1,0.378231,0.409619,-0.894034,0.463813
10.2,0.382912,0.445221,-0.977788,0.488273
10.3,0.390715,0.484615,-1.05983,0.511133
10.4,0.401724,0.528176,-1.13979,0.532519
10.5,0.416049,0.576349,-1.21723,0.552527
10.6,0.433839,0.629641,-1.29164,0.571229
10.7,0.455277,0.688621,-1.36237,0.588675
10.8,0.480589,0.753908,-1.42865,0.604891
10.9,0.510036,0.826166,-1.48956,0.619881
11,0.543922,0.906085,-1.54396,0.633625
11.1,0.582587,0.994351,-1.5905,0.646077
11.2,0.626403,1.09161,-1.62751,0.657162
11.3,0.675762,1.1984,-1.65302,0.666773
11.4,0.731063,1.3151,-1.66469,0.674766
11.5,0.792691,1.44176,-1.65974,0.680954
11.6,0.860976,1.57801,-1.63497,0.685094
11.7,0.936154,1.72282,-1.58673,0.686895
11.8,1.0183,1.87428,-1.51102,0.685991
11.9,1.10724,2.0293,-1.40359,0.681941
12,1.20247,2.18331,-1.26029,0.674219
12.1,1.30299,2.32996,-1.07744,0.662203
12.2,1.40722,2.46099,-0.852538,0.645175
12.3,1.51284,2.56622,-0.585068,0.622307
12.4,1.6167,2.63394,-0.277509,0.622307
12.5,1.71482,2.65188,0.0637037,0.622307
12.6,1.80242,2.60862,0.427491,0.622307
12.7,1.87425,2.49562,0.798097,0.622307
12.8,1.92495,2.3093,1.15602,0.622307
12.9,1.94965,2.05286,1.48009,0.622307
13,1.9446,1.73693,1.7504,0.622307
13.1,1.90776,1.37877,1.95151,0.622307
13.2,1.83917,0.9999,2.075,0.622307
13.3,1.74096,0.622805,2.12055,0.622307
13.4,1.61712,0.267527,2.09532,0.622307
13.5,1.47296,-0.0508174,2.01191,0.622307
13.6,1.31439,-0.32317,1.88563,0.622307
13.7,1.14737,-0.546313,1.7319,0.622307
13.8,0.977347,-0.721719,1.56438,0.622307
13.9,0.808942,-0.854012,1.39393,0.622307
14,0.645807,-0.949484,1.22831,0.622307
14.1,0.490619,-1.01491,1.07254,0.622307
14.2,0.34516,-1.05678,0.929318,0.622307
14.3,0.210464,-1.08083,0.799716,0.622307
14.4,0.0869592,-1.0919,0.68366,0.622307
14.5,-0.0253783,-1.09388,0.580396,0.622307
14.6,-0.126902,-1.08984,0.488805,-0.53118
14.7,-0.218187,-1.08215,0.407631,-0.156045
14.8,-0.299949,-1.07256,0.335619,-0.00993962
14.9,-0.372981,-1.06239,0.271604,0.0761529
15,-0.438106,-1.05257,0.214548,0.134358
15.1,-0.496144,-1.04377,0.163559,0.176668
15.2,-0.54789,-1.03646,0.117896,0.208911
15.3,-0.594101,-1.03093,0.0769526,0.23435
15.4,-0.635482,-1.02736,0.0402504,0.254979
15.5,-0.672684,-1.02583,0.00741948,0.272081
15.6,-0.706299,-1.02635,-0.0218158,0.286515
15.7,-0.736863,-1.02889,-0.047652,0.298868
15.8,-0.764853,-1.03334,-0.0702205,0.309543
15.9,-0.790691,-1.03958,-0.0896005,0.318823
16,-0.814744,-1.04745,-0.10583,0.326899
16.1,-0.837329,-1.05676,-0.118919,0.333905
16.2,-0.858711,-1.06729,-0.128854,0.339924
16.3,-0.87911,-1.0788,-0.135612,0.345014
16.4,-0.8987,-1.09104,-0.139168,0.349206
16.5,-0.917615,-1.10372,-0.139504,0.352514
16.6,-0.935945,-1.11654,-0.136612,0.354942
16.7,-0.953746,-1.12918,-0.130509,0.356488
16.8,-0.971033,-1.14132,-0.121242,0.357141
16.9,-0.987793,-1.15262,-0.108891,0.356894
17,-1.00398,-1.16272,-0.0935823,0.355737
17.1,-1.01951,-1.17129,-0.0754888,0.353663
17.2,-1.0343,-1.178,-0.0548377,0.35067
17.3,-1.04821,-1.18254,-0.0319118,0.346763
17.4,-1.06111,-1.1846,-0.00705148,0.341952
17.5,-1.07286,-1.18396,0.0193467,0.336254
17.6,-1.08328,-1.18039,0.0468336,0.329692
17.7,-1.09223,-1.17377,0.0749142,0.322367
17.8,-1.09954,-1.16402,0.103056,0.314278
17.9,-1.10508,-1.15112,0.130702,0.314278
18,-1.10871,-1.13517,0.157281,0.314278
18.1,-1.11034,-1.11631,0.18223,0.314278
18.2,-1.10989,-1.09479,0.205001,0.314278
18.3,-1.10731,-1.07092,0.225087,0.314278
18.4,-1.10261,-1.04508,0.242028,0.314278
18.5,-1.09582,-1.0177,0.255431,0.314278
18.6,-1.08702,-0.989264,0.26498,0.314278
18.7,-1.07632,-0.960265,0.270437,0.314278
18.8,-1.06387,-0.931219,0.271655,0.314278
18.9,-1.04986,-0.902631,0.268569,0.314278
19,-1.0345,-0.874984,0.261201,0.314278
19.1,-1.01804,-0.848732,0.249648,0.314278
19.2,-1.00073,-0.824282,0.234075,0.314278
19.3,-0.982838,-0.801994,0.214707,0.195348
19.4,-0.964649,-0.78217,0.191819,0.195798
19.5,-0.946434,-0.76506,0.16572,0.198157
19.6,-0.928463,-0.750857,0.136752,0.202412
19.7,-0.910998,-0.739706,0.105271,0.208505
19.8,-0.894285,-0.731702,0.0716508,0.216328
19.9,-0.878555,-0.726903,0.0362678,0.225723
20,-0.864022,-0.725332,-0.000497501,0.236494
20.1,-0.850878,-0.726984,-0.0382652,0.248419
20.2,-0.839298,-0.731832,-0.0766566,0.261258
20.3,-0.829433,-0.739835,-0.115295,0.274769
20.4,-0.82142,-0.750938,-0.153802,0.288716
20.5,-0.815373,-0.76508,-0.191801,0.302878
20.6,-0.811391,-0.782193,-0.228909,0.31705
20.7,-0.809558,-0.802202,-0.264737,0.331051
20.8,-0.80994,-0.825029,-0.298889,0.344717
20.9,-0.812591,-0.850588,-0.330954,0.357908
21,-0.81755,-0.878781,-0.360509,0.370501
21.1,-0.824843,-0.909494,-0.387115,0.382384
21.2,-0.834482,-0.942593,-0.410316,0.39346
21.3,-0.846462,-0.977914,-0.42964,0.403639
21.4,-0.860762,-1.01525,-0.444598,0.412836
21.5,-0.877343,-1.05436,-0.454694,0.420969
21.6,-0.89614,-1.09492,-0.459424,0.427959
21.7,-0.917064,-1.13656,-0.458289,0.433725
21.8,-0.939993,-1.17881,-0.450808,0.43818
21.9,-0.964768,-1.22111,-0.436533,0.441241
22,-0.991186,-1.2628,-0.415071,0.442816
22.1,-1.019,-1.30312,-0.386111,0.442811
22.2,-1.0479,-1.34118,-0.349451,0.44113
22.3,-1.07752,-1.37601,-0.305035,0.437674
22.4,-1.10744,-1.40655,-0.252989,0.432345
22.5,-1.13717,-1.43167,-0.193654,0.425047
22.6,-1.16615,-1.45021,-0.127621,0.415691
22.7,-1.19377,-1.46107,-0.0557576,0.404195
22.8,-1.21938,-1.4632,0.0207819,0.404195
22.9,-1.2423,-1.45574,0.100558,0.404195
23,-1.26184,-1.43805,0.181871,0.404195
23.1,-1.27733,-1.40979,0.262811,0.404195
23.2,-1.28814,-1.37099,0.341326,0.404195
23.3,-1.29373,-1.32207,0.415318,0.404195
23.4,-1.29368,-1.26387,0.482747,0.404195
23.5,-1.2877,-1.19763,0.541743,0.404195
23.6,-1.27566,-1.12492,0.590708,0.404195
23.7,-1.2576,-1.04757,0.628399,0.404195
23.8,-1.23375,-0.967541,0.653987,0.404195
23.9,-1.20452,-0.88686,0.667082,0.404195
24,-1.17043,-0.807462,0.667712,0.404195
24.1,-1.13216,-0.731108,0.656292,0.404195
24.2,-1.09048,-0.659312,0.633546,0.404195
24.3,-1.04621,-0.593285,0.600436,0.404195
24.4,-1.00018,-0.53392,0.558073,0.404195
24.5,-0.953228,-0.481792,0.507637,0.404195
24.6,-0.906148,-0.437192,0.450314,0.404195
24.7,-0.85967,-0.400159,0.387235,0.404195
24.8,-0.81445,-0.370532,0.319446,0.404195
24.9,-0.771061,-0.348001,0.247883,0.0109071
25,-0.729984,-0.332156,0.173365,0.0379802
25.1,-0.691613,-0.322529,0.096592,0.0706845
25.2,-0.656258,-0.318633,0.018159,0.107174
25.3,-0.624154,-0.319991,-0.0614345,0.145606
25.4,-0.595471,-0.326162,-0.141767,0.184432
25.5,-0.570322,-0.336755,-0.222479,0.222519
25.6,-0.548774,-0.351441,-0.303257,0.259148
25.7,-0.530862,-0.369965,-0.383816,0.293925
25.8,-0.516595,-0.392144,-0.463889,0.326683
25.9,-0.505969,-0.417871,-0.543211,0.357401
26,-0.498972,-0.447115,-0.621509,0.386135
26.1,-0.495595,-0.47992,-0.698489,0.412983
26.2,-0.495838,-0.516398,-0.773825,0.438053
26.3,-0.499714,-0.556729,-0.847147,0.461453
26.4,-0.507256,-0.601155,-0.918031,0.483278
26.5,-0.518517,-0.649972,-0.985981,0.503607
26.6,-0.533578,-0.703526,-1.05042,0.522502
26.7,-0.552547,-0.762201,-1.11066,0.540004
26.8,-0.575558,-0.826403,-1.1659,0.556134
26.9,-0.602774,-0.896546,-1.21519,0.570888
27,-0.634378,-0.973025,-1.25741,0.584243
27.1,-0.670573,-1.05618,-1.29126,0.596148
27.2,-0.71157,-1.14626,-1.31522,0.606525
27.3,-0.757578,-1.24335,-1.3275,0.615265
27.4,-0.808781,-1.3473,-1.32611,0.622228
27.5,-0.865317,-1.45763,-1.30877,0.627229
27.6,-0.927245,-1.5734,-1.27298,0.630049
27.7,-0.994501,-1.69308,-1.21608,0.630416
27.8,-1.06685,-1.81437,-1.13533,0.628007
27.9,-1.1438,-1.93409,-1.02812,0.622441
28,-1.22458,-2.04796,-0.892242,0.613278
28.1,-1.30802,-2.15063,-0.72622,0.600016
28.2,-1.39248,-2.23563,-0.529796,0.58209
28.3,-1.47585,-2.29563,-0.304437,0.58209
28.4,-1.55547,-2.32291,-0.0538493,0.58209
28.5,-1.62823,-2.31006,0.215635,0.58209
28.6,-1.69064,-2.25098,0.494944,0.58209
28.7,-1.73909,-2.14199,0.772582,0.58209
28.8,-1.77012,-1.98284,1.03546,0.58209
28.9,-1.78077,-1.77742,1.27022,0.58209
29,-1.76893,-1.53378,1.4649,0.58209
29.1,-1.73363,-1.26347,1.61048,0.58209
29.2,-1.67523,-0.980116,1.70212,0.58209
29.3,-1.59536,-0.697722,1.73953,0.58209
29.4,-1.49678,-0.428906,1.72668,0.58209
29.5,-1.38308,-0.1836,1.67071,0.58209
29.6,-1.25826,0.031637,1.58062,0.58209
29.7,-1.12644,0.213651,1.46586,0.58209
29.8,-0.991467,0.36223,1.33524,0.58209
29.9,-0.856742,0.479375,1.19626,0.58209
30,-0.725075,0.56851,1.05477,0.58209
30.1,-0.598645,0.633773,0.914962,0.58209
30.2,-0.479016,0.679485,0.779589,0.58209
30.3,-0.367198,0.709783,0.650226,0.58209
30.4,-0.26373,0.728406,0.527582,0.58209
30.5,-0.168767,0.738609,0.411768,0.58209
30.6,-0.0821641,0.743138,0.302522,0.58209
30.7,-0.00355272,0.744263,0.199382,-0.33318
30.8,0.0675964,0.743831,0.101809,-0.0525465
30.9,0.13192,0.743328,0.00926622,0.0724046
31,0.19012,0.743937,-0.0787261,0.154355
31.1,0.242931,0.746598,-0.162561,0.215016
31.2,0.291101,0.752054,-0.242531,0.26296
31.3,0.335365,0.760892,-0.31882,0.302506
31.4,0.376441,0.773576,-0.391503,0.336125
31.5,0.415016,0.790477,-0.460551,0.365344
31.6,0.451745,0.811891,-0.525829,0.391147
31.7,0.487245,0.838056,-0.587102,0.414187
31.8,0.522094,0.869159,-0.644032,0.434906
31.9,0.556831,0.905346,-0.696182,0.453599
32,0.591957,0.946716,-0.743009,0.470459
32.1,0.627929,0.993319,-0.783865,0.485607
32.2,0.665166,1.04514,-0.817991,0.499105
32.3,0.704041,1.10209,-0.844518,0.510973
32.4,0.744876,1.16397,-0.862462,0.521192
32.5,0.787938,1.23044,-0.870735,0.529709
32.6,0.833431,1.30098,-0.868151,0.53644
32.7,0.881475,1.37486,-0.85345,0.541275
32.8,0.932099,1.45105,-0.825336,0.544071
32.9,0.985214,1.52821,-0.782529,0.544656
33,1.0406,1.60459,-0.723845,0.542831
33.1,1.09785,1.67806,-0.648301,0.538367
33.2,1.15641,1.746,-0.555247,0.531009
33.3,1.21547,1.80541,-0.44453,0.520476
33.4,1.27402,1.85289,-0.316665,0.506464
33.5,1.33079,1.88488,-0.173019,0.506464
33.6,1.38431,1.89778,-0.0159568,0.506464
33.7,1.4329,1.88828,0.151064,0.506464
33.8,1.47477,1.85374,0.323501,0.506464
33.9,1.50809,1.79252,0.495873,0.506464
34,1.5311,1.70434,0.662046,0.506464
34.1,1.54227,1.59051,0.815678,0.506464
34.2,1.54043,1.454,0.95075,0.506464
34.3,1.52484,1.29932,1.06212,0.506464
34.4,1.49537,1.13213,1.14601,0.506464
34.5,1.45244,0.958736,1.2003,0.506464
34.6,1.39705,0.785528,1.22469,0.506464
34.7,1.3307,0.618365,1.22048,0.506464
34.8,1.25525,0.462148,1.19032,0.506464
34.9,1.1728,0.320528,1.13779,0.506464
35,1.08552,0.195817,1.06687,0.506464
35.1,0.995549,0.0890551,0.98162,0.506464
35.2,0.904846,0.000193808,0.885788,0.506464
35.3,0.815152,-0.0716556,0.782652,0.506464
35.4,0.727921,-0.127965,0.6749,0.506464
35.5,0.644311,-0.170553,0.564621,0.506464
35.6,0.56519,-0.201389,0.453348,0.506464
35.7,0.491152,-0.222445,0.342139,0.506464
35.8,0.422552,-0.235599,0.231667,-0.707432
35.9,0.359541,-0.242565,0.122316,-0.306866
36,0.3021,-0.244869,0.0142542,-0.100405
36.1,0.250078,-0.243834,-0.092488,0.0300752
36.2,0.203219,-0.240588,-0.197972,0.124366
36.3,0.161197,-0.236074,-0.302308,0.197722
36.4,0.123632,-0.231077,-0.405628,0.257563
36.5,0.0901148,-0.226237,-0.508066,0.308053
36.6,0.0602184,-0.222077,-0.609745,0.351751
36.7,0.0335125,-0.219021,-0.710773,0.390329
36.8,0.00957104,-0.217418,-0.811238,0.424933
36.9,-0.0120217,-0.217557,-0.911208,0.456372
37,-0.0316672,-0.219686,-1.01073,0.485234
37.1,-0.0497513,-0.22403,-1.10982,0.511955
37.2,-0.0666435,-0.2308,-1.2085,0.536866
37.3,-0.0826985,-0.240211,-1.30674,0.560221
37.4,-0.0982582,-0.252493,-1.40451,0.582217
37.5,-0.113655,-0.267903,-1.50175,0.603012
37.6,-0.129216,-0.286735,-1.59839,0.62273
37.7,-0.145268,-0.309335,-1.6943,0.641472
37.8,-0.162141,-0.336108,-1.78934,0.659316
37.9,-0.180178,-0.367533,-1.88333,0.676328
38,-0.199736,-0.404179,-1.97601,0.692557
38.1,-0.221199,-0.446709,-2.06706,0.708038
38.2,-0.244982,-0.495906,-2.15609,0.722796
38.3,-0.271543,-0.552676,-2.24257,0.736841
38.4,-0.301387,-0.618072,-2.32582,0.750172
38.5,-0.33508,-0.6933,-2.40499,0.76277
38.6,-0.373255,-0.779728,-2.47894,0.774598
38.7,-0.416625,-0.878893,-2.54623,0.7856
38.8,-0.465989,-0.992478,-2.605,0.79569
38.9,-0.522235,-1.12229,-2.65283,0.804749
39,-0.586341,-1.27017,-2.68661,0.812616
39.1,-0.659366,-1.4379,-2.70239,0.819076
39.2,-0.742425,-1.62696,-2.69511,0.823844
39.3,-0.836643,-1.83823,-2.65847,0.826549
39.4,-0.943071,-2.07148,-2.58467,0.82671
39.5,-1.06256,-2.32467,-2.46439,0.823714
39.6,-1.19555,-2.59302,-2.28686,0.816778
39.7,-1.34183,-2.86778,-2.04042,0.804924
39.8,-1.5001,-3.13491,-1.71367,0.786935
39.9,-1.66755,-3.37392,-1.29755,0.761327
40,-1.83938,-3.55742,-0.788587,0.761327
40.1,-2.0083,-3.65231,-0.193007,0.761327
40.2,-2.16447,-3.62353,0.46897,0.761327
40.3,-2.2958,-3.44097,1.16051,0.761327
40.4,-2.38909,-3.08867,1.82956,0.761327
40.5,-2.43194,-2.57349,2.41617,0.761327
40.6,-2.41506,-1.92896,2.86514,0.761327
40.7,-2.33439,-1.21086,3.14008,0.761327
40.8,-2.19216,-0.484897,3.23279,0.761327
40.9,-1.99649,0.188821,3.1636,0.761327
41,-1.75965,0.767857,2.97307,0.761327
41.1,-1.49574,1.23206,2.70956,0.761327
41.2,-1.2184,1.58091,2.41816,0.761327
41.3,-0.939363,1.82688,2.1341,0.761327
41.4,-0.667718,1.98832,1.88086,0.761327
41.5,-0.409881,2.08402,1.67137,0.761327
41.6,-0.169988,2.13009,1.51061,0.761327
41.7,0.0495716,2.13877,1.39814,0.761327
41.8,0.247607,2.11842,1.33015,0.761327
41.9,0.423673,2.07417,1.30089,0.761327
42,0.577738,2.00884,1.30349,0.761327
42.1,0.709968,1.92389,1.33046,0.761327
42.2,0.820617,1.8202,1.37408,0.761327
42.3,0.910002,1.69878,1.42667,0.761327
42.4,0.978529,1.56121,1.48091,0.761327
42.5,1.02676,1.40992,1.53015,0.761327
42.6,1.05546,1.24824,1.56876,0.761327
42.7,1.06571,1.08021,1.59243,0.761327
42.8,1.05887,0.910357,1.5983,0.761327
42.9,1.03662,0.743227,1.58502,0.761327
43,1.00088,0.583073,1.55262,0.761327
43.1,0.953787,0.4335,1.5023,0.761327
43.2,0.897571,0.297258,1.4361,0.761327
43.3,0.83446,0.176138,1.35656,0.761327
43.4,0.766598,0.0709965,1.2664,0.761327
43.5,0.695966,-0.0181434,1.16829,0.761327
43.6,0.624322,-0.0919341,1.06462,0.761327
43.7,0.553171,-0.151525,0.957426,0.761327
43.8,0.483749,-0.198387,0.848334,0.761327
43.9,0.417024,-0.234164,0.73858,0.761327
44,0.353711,-0.260551,0.629042,0.761327
44.1,0.294299,-0.279202,0.520297,0.761327
44.2,0.239077,-0.291673,0.412689,0.761327
44.3,0.188164,-0.299383,0.306383,0.761327
44.4,0.14154,-0.303599,0.201421,0.761327
44.5,0.0990764,-0.305429,0.0977662,-0.169858
44.6,0.0605553,-0.305831,-0.00466404,-0.0143774
44.7,0.0256972,-0.305623,-0.105974,0.0866572
44.8,-0.00582291,-0.305498,-0.206269,0.162622
44.9,-0.0343597,-0.306042,-0.305648,0.223846
45,-0.0602854,-0.307751,-0.40419,0.275316
45.1,-0.0839801,-0.311046,-0.501953,0.319851
45.2,-0.105825,-0.316296,-0.598973,0.3592
45.3,-0.126199,-0.323827,-0.695257,0.39452
45.4,-0.145474,-0.333942,-0.790789,0.426613
45.5,-0.164013,-0.346932,-0.885521,0.456055
45.6,-0.182176,-0.363089,-0.979378,0.483267
45.7,-0.200313,-0.382721,-1.07225,0.508568
45.8,-0.218773,-0.406163,-1.16399,0.5322
45.9,-0.237907,-0.433782,-1.25441,0.554349
46,-0.258067,-0.465997,-1.34326,0.57516
46.1,-0.279616,-0.50328,-1.43024,0.594744
46.2,-0.302928,-0.546172,-1.51497,0.613183
46.3,-0.3284,-0.595283,-1.59697,0.630538
46.4,-0.356449,-0.651305,-1.67565,0.646846
46.5,-0.387526,-0.715012,-1.75027,0.662124
46.6,-0.422114,-0.787258,-1.81989,0.676369
46.7,-0.460736,-0.868973,-1.88338,0.689553
46.8,-0.503957,-0.961141,-1.93929,0.701625
46.9,-0.552382,-1.06477,-1.98585,0.712504
47,-0.606654,-1.18084,-2.02084,0.722076
47.1,-0.667446,-1.31022,-2.04158,0.730185
47.2,-0.735434,-1.45352,-2.04473,0.736628
47.3,-0.811273,-1.61094,-2.02633,0.741143
47.4,-0.895543,-1.782,-1.98165,0.743396
47.5,-0.988673,-1.96516,-1.90522,0.742972
47.6,-1.09084,-2.15743,-1.79095,0.739354
47.7,-1.20184,-2.35383,-1.63237,0.73191
47.8,-1.32086,-2.5468,-1.42317,0.719873
47.9,-1.44634,-2.7257,-1.15811,0.702334
48,-1.57567,-2.87661,-0.834291,0.678218
48.1,-1.70503,-2.98253,-0.452827,0.678218
48.2,-1.82922,-3.0246,-0.0207287,0.678218
48.3,-1.94174,-2.98431,0.447528,0.678218
48.4,-2.03512,-2.8469,0.92943,0.678218
48.5,-2.10152,-2.60535,1.39565,0.678218
48.6,-2.13368,-2.26381,1.81352,0.678218
48.7,-2.12609,-1.83914,2.15246,0.678218
48.8,-2.07587,-1.35934,2.38991,0.678218
48.9,-1.9835,-0.858851,2.51583,0.678218
49,-1.8527,-0.372178,2.53413,0.678218
49.1,-1.68989,0.072062,2.46056,0.678218
49.2,-1.50316,0.45489,2.31815,0.678218
49.3,-1.30113,0.767769,2.13207,0.678218
49.4,-1.09195,1.01104,1.92537,0.678218
49.5,-0.882646,1.19109,1.71652,0.678218
49.6,-0.678805,1.31751,1.51858,0.678218
49.7,-0.484504,1.40069,1.3396,0.678218
49.8,-0.302472,1.45035,1.18365,0.678218
49.9,-0.134316,1.47477,1.05188,0.678218
50,0.0192121,1.48051,0.943554,0.678218
50.1,0.157981,1.47254,0.856815,0.678218
50.2,0.282271,1.45443,0.789202,0.678218
50.3,0.392623,1.42867,0.738005,0.678218
50.4,0.489723,1.39693,0.70048,-0.00855399
50.5,0.574321,1.36037,0.67396,0.0496578
50.6,0.647188,1.31974,0.655925,0.0496578
50.7,0.709082,1.27564,0.644036,0.0496578
50.8,0.760741,1.22857,0.636154,0.0496578
50.9,0.802882,1.17902,0.630357,0.0496578
51,0.836198,1.12754,0.624951,0.0496578
51.1,0.861376,1.07471,0.618481,0.0496578
51.2,0.879092,1.02122,0.609735,0.0496578
51.3,0.890028,0.967754,0.597749,0.0496578
51.4,0.894866,0.91506,0.581799,0.0496578
51.5,0.894297,0.863867,0.561392,0.0496578
51.6,0.889011,0.814875,0.536249,0.0496578
51.7,0.879698,0.768723,0.506277,0.0496578
51.8,0.867041,0.725973,0.471545,0.0496578
51.9,0.851703,0.687092,0.432252,0.0496578
52,0.834328,0.652448,0.388698,0.0496578
52.1,0.815525,0.622303,0.341256,0.0739574
52.2,0.795868,0.596828,0.290344,0.0840185
52.3,0.775886,0.576102,0.236406,0.0976032
52.4,0.756064,0.560135,0.179893,0.114462
52.5,0.736837,0.548875,0.121253,0.134181
52.6,0.718593,0.542229,0.0609215,0.156225
52.7,0.70167,0.540076,-0.000682061,0.179998
52.8,0.686365,0.542279,-0.0631564,0.204902
52.9,0.672931,0.5487,-0.126116,0.230379
53,0.661586,0.559211,-0.189186,0.255949
53.1,0.652513,0.573699,-0.252001,0.281221
53.2,0.645871,0.592072,-0.314194,0.305894
53.3,0.641795,0.614268,-0.375394,0.329745
53.4,0.640403,0.64025,-0.435216,0.352615
53.5,0.641798,0.670013,-0.493251,0.374397
53.6,0.646076,0.703574,-0.549061,0.395019
53.7,0.653326,0.740977,-0.602172,0.414432
53.8,0.663634,0.782279,-0.652058,0.432601
53.9,0.677083,0.827545,-0.698138,0.449498
54,0.693753,0.876837,-0.739767,0.465095
54.1,0.713725,0.930197,-0.776223,0.479358
54.2,0.737071,0.987632,-0.806705,0.492247
54.3,0.763857,1.04909,-0.830321,0.503709
54.4,0.79413,1.11442,-0.846093,0.513678
54.5,0.827917,1.18335,-0.852953,0.522069
54.6,0.865207,1.25548,-0.849755,0.528781
54.7,0.905941,1.33015,-0.835294,0.533692
54.8,0.949993,1.40648,-0.808337,0.536657
54.9,0.997151,1.48328,-0.767671,0.537508
55,1.04709,1.559,-0.712177,0.536053
55.1,1.09935,1.63171,-0.640919,0.532074
55.2,1.15333,1.69907,-0.553265,0.525332
55.3,1.2082,1.75836,-0.44903,0.515562
55.4,1.26299,1.80651,-0.32863,0.502487
55.5,1.31647,1.84026,-0.193245,0.485812
55.6,1.36725,1.85631,-0.0449553,0.485812
55.7,1.41373,1.8516,0.113169,0.485812
55.8,1.45424,1.82359,0.277065,0.485812
55.9,1.48703,1.77064,0.441781,0.485812
56,1.51043,1.69227,0.601726,0.485812
56.1,1.52294,1.58944,0.751036,0.485812
56.2,1.52339,1.46458,0.884043,0.485812
56.3,1.511,1.32159,0.995769,0.485812
56.4,1.48551,1.16549,1.08238,0.485812
56.5,1.44718,1.00199,1.14151,0.485812
56.6,1.39683,0.837043,1.17241,0.485812
56.7,1.33572,0.676226,1.17586,0.485812
56.8,1.26553,0.524364,1.15394,0.485812
56.9,1.18815,0.385209,1.1097,0.485812
57,1.10562,0.261309,1.04672,0.485812
57.1,1.01995,0.154019,0.968721,0.485812
57.2,0.933042,0.0636437,0.879278,0.485812
57.3,0.846602,-0.0103621,0.781583,0.485812
57.4,0.762092,-0.0691624,0.67833,0.485812
57.5,0.680702,-0.114318,0.571669,0.485812
57.6,0.603349,-0.147597,0.463229,0.485812
57.7,0.530691,-0.170821,0.354179,0.485812
57.8,0.463152,-0.185762,0.245304,-0.528134
57.9,0.400951,-0.194067,0.137091,-0.287172
58,0.34414,-0.19722,0.0297987,-0.108014
58.1,0.292631,-0.196521,-0.0764697,0.0179697
58.2,0.24623,-0.193086,-0.181717,0.112163
58.3,0.204666,-0.187857,-0.286008,0.18645
58.4,0.167609,-0.181614,-0.389443,0.247419
58.5,0.134695,-0.174993,-0.492134,0.298999
58.6,0.105541,-0.168509,-0.594193,0.343684
58.7,0.0797547,-0.162572,-0.695723,0.383139
58.8,0.0569473,-0.157508,-0.796814,0.418518
58.9,0.0367394,-0.153573,-0.897539,0.450645
59,0.0187658,-0.150974,-0.997959,0.480125
59.1,0.00267838,-0.149879,-1.09812,0.507408
59.2,-0.0118525,-0.150431,-1.19805,0.532837
59.3,-0.0251381,-0.152761,-1.29777,0.556679
59.4,-0.0374724,-0.156999,-1.39728,0.579142
59.5,-0.049134,-0.163281,-1.49659,0.600394
59.6,-0.0603886,-0.171761,-1.59567,0.620568
59.7,-0.0714927,-0.182618,-1.6945,0.639776
59.8,-0.0826968,-0.196068,-1.79304,0.658107
59.9,-0.0942502,-0.212369,-1.89124,0.675637
60,-0.106406,-0.231832,-1.98901,0.692429
60.1,-0.119425,-0.254834,-2.08627,0.708536
60.2,-0.133583,-0.281826,-2.18288,0.724001
60.3,-0.149176,-0.313349,-2.27867,0.738858
60.4,-0.166531,-0.350044,-2.37345,0.753134
60.5,-0.186006,-0.392675,-2.46691,0.766848
60.6,-0.208008,-0.442142,-2.5587,0.78001
60.7,-0.232996,-0.499503,-2.64833,0.792622
60.8,-0.261497,-0.565997,-2.73518,0.804673
60.9,-0.294112,-0.643067,-2.81842,0.816141
61,-0.331535,-0.732377,-2.89694,0.826987
61.1,-0.374564,-0.835829,-2.9693,0.83715
61.2,-0.424114,-0.955571,-3.03359,0.846546
61.3,-0.481226,-1.09397,-3.08728,0.855055
61.4,-0.547078,-1.25357,-3.12704,0.862512
61.5,-0.622983,-1.43698,-3.14846,0.868696
61.6,-0.710369,-1.64662,-3.14583,0.873309
61.7,-0.81074,-1.88442,-3.11174,0.875955
61.8,-0.92559,-2.15119,-3.03677,0.876113
61.9,-1.05626,-2.44573,-2.90921,0.873099
62,-1.20371,-2.76356,-2.71506,0.866025
62.1,-1.36813,-3.09514,-2.4384,0.853756
62.2,-1.54849,-3.4238,-2.0628,0.834851
62.3,-1.74181,-3.72364,-1.57409,0.807512
62.4,-1.94244,-3.95829,-0.964924,0.807512
62.5,-2.14134,-4.08207,-0.241279,0.807512
62.6,-2.32571,-4.04528,0.570483,0.807512
62.7,-2.47946,-3.80493,1.41891,0.807512
62.8,-2.58488,-3.33973,2.22954,0.807512
62.9,-2.62553,-2.66395,2.91729,0.807512
63,-2.58989,-1.83238,3.40784,0.807512
63.1,-2.47434,-0.930297,3.65987,0.807512
63.2,-2.28435,-0.0510102,3.67698,0.807512
63.3,-2.03308,0.7288,3.50299,0.807512
63.4,-1.73827,1.36429,3.20446,0.807512
63.5,-1.41862,1.84382,2.85032,0.807512
63.6,-1.09084,2.18005,2.4974,0.807512
63.7,-0.768212,2.39787,2.18461,0.807512
63.8,-0.460178,2.52433,1.93375,0.807512
63.9,-0.172883,2.58257,1.7534,0.807512
64,0.0900232,2.58947,1.64324,0.807512
64.1,0.326532,2.55555,1.5974,0.807512
64.2,0.535568,2.48629,1.60665,0.807512
64.3,0.716505,2.38378,1.65968,0.807512
64.4,0.868883,2.24852,1.74388,0.807512
64.5,0.992322,2.08104,1.84593,0.807512
64.6,1.08658,1.88306,1.95254,0.807512
64.7,1.1517,1.65835,2.05124,0.807512
64.8,1.18817,1.41294,2.13135,0.807512
64.9,1.19714,1.15478,2.18482,0.807512
65,1.18044,0.892971,2.20677,0.807512
65.1,1.14061,0.636796,2.19566,0.807512
65.2,1.08081,0.394662,2.15298,0.807512
65.3,1.00462,0.173318,2.08256,0.807512
65.4,0.91582,-0.0226036,1.98973,0.807512
65.5,0.818161,-0.190673,1.88041,0.807512
65.6,0.715175,-0.330447,1.76037,0.807512
65.7,0.610015,-0.443064,1.6347,0.807512
65.8,0.505372,-0.530771,1.50751,0.807512
65.9,0.40343,-0.596471,1.3819,0.807512
66,0.305873,-0.643348,1.25993,0.807512
66.1,0.21392,-0.674589,1.14283,0.807512
66.2,0.128378,-0.693204,1.03116,0.807512
66.3,0.0497037,-0.701921,0.924988,0.807512
66.4,-0.0219327,-0.703144,0.824053,0.807512
66.5,-0.0865909,-0.698942,0.727897,0.807512
66.6,-0.144506,-0.691074,0.635965,0.807512
66.7,-0.196044,-0.681009,0.54768,0.807512
66.8,-0.241664,-0.669968,0.462492,-0.350264
66.9,-0.281886,-0.658957,0.379909,-0.184877
67,-0.317268,-0.648796,0.299517,-0.0774678
67.1,-0.348385,-0.640151,0.220981,0.00151367
67.2,-0.375813,-0.633559,0.144051,0.0640456
67.3,-0.400121,-0.629452,0.0685565,0.116033
67.4,-0.421859,-0.628175,-0.00559832,0.160759
67.5,-0.441556,-0.630007,-0.0784419,0.200202
67.6,-0.459712,-0.63517,-0.149941,0.235616
67.7,-0.4768,-0.643848,-0.220004,0.267828
67.8,-0.493265,-0.656197,-0.288487,0.297397
67.9,-0.50952,-0.672351,-0.355194,0.324712
68,-0.525956,-0.692432,-0.419881,0.350047
68.1,-0.542932,-0.716556,-0.482249,0.373596
68.2,-0.560789,-0.744835,-0.541946,0.395499
68.3,-0.579844,-0.777375,-0.598563,0.415853
68.4,-0.600392,-0.814283,-0.651626,0.434727
68.5,-0.622711,-0.855651,-0.700592,0.45216
68.6,-0.647063,-0.901558,-0.744841,0.468176
68.7,-0.673688,-0.952053,-0.783669,0.482772
68.8,-0.702806,-1.00714,-0.816283,0.495931
68.9,-0.734616,-1.06676,-0.841792,0.507615
69,-0.769285,-1.13075,-0.859206,0.517768
69.1,-0.806945,-1.19883,-0.867441,0.526313
69.2,-0.847681,-1.27056,-0.865323,0.533152
69.3,-0.891518,-1.34528,-0.851612,0.538164
69.4,-0.9384,-1.42205,-0.825028,0.541202
69.5,-0.988179,-1.49965,-0.784309,0.542097
69.6,-1.04058,-1.57646,-0.728275,0.540652
69.7,-1.09519,-1.65047,-0.655934,0.536647
69.8,-1.15141,-1.71925,-0.566598,0.529822
69.9,-1.20846,-1.77993,-0.46004,0.519918
70,-1.26533,-1.82932,-0.336658,0.506638
70.1,-1.32081,-1.86396,-0.197649,0.489677
70.2,-1.37345,-1.88039,-0.0451558,0.489677
70.3,-1.42163,-1.87535,0.117632,0.489677
70.4,-1.4636,-1.84618,0.286472,0.489677
70.5,-1.49755,-1.7911,0.45618,0.489677
70.6,-1.52175,-1.70962,0.62089,0.489677
70.7,-1.53465,-1.60273,0.774451,0.489677
70.8,-1.53502,-1.47305,0.910927,0.489677
70.9,-1.52207,-1.32467,1.02513,0.489677
71,-1.49555,-1.16291,1.1131,0.489677
71.1,-1.45575,-0.993812,1.17245,0.489677
71.2,-1.40354,-0.823594,1.20251,0.489677
71.3,-1.34028,-0.658089,1.20421,0.489677
71.4,-1.26773,-0.502282,1.17987,0.489677
71.5,-1.18789,-0.360002,1.13277,0.489677
71.6,-1.10287,-0.233793,1.06671,0.489677
71.7,-1.01476,-0.124948,0.985634,0.489677
71.8,-0.925527,-0.0336605,0.893255,0.489677
71.9,-0.836926,0.0407448,0.792878,0.489677
72,-0.750442,0.0995687,0.687256,0.489677
72.1,-0.667276,0.144501,0.578564,0.489677
72.2,-0.588345,0.177423,0.468429,0.489677
72.3,-0.514296,0.200254,0.357998,0.489677
72.4,-0.445533,0.214843,0.248026,-0.6506
72.5,-0.382255,0.222896,0.138961,-0.325714
72.6,-0.324486,0.225944,0.0310301,-0.119968
72.7,-0.272111,0.225323,-0.0756984,0.0139161
72.8,-0.224911,0.222174,-0.181255,0.111032
72.9,-0.182584,0.217461,-0.285729,0.186528
73,-0.144776,0.211981,-0.389238,0.248003
73.1,-0.111098,0.206387,-0.491908,0.299765
73.2,-0.0811412,0.20121,-0.593862,0.344475
73.3,-0.0544897,0.196877,-0.695207,0.383876
73.4,-0.0307316,0.193737,-0.796035,0.41916
73.5,-0.00946388,0.19207,-0.896419,0.451174
73.6,0.00970224,0.192112,-0.996414,0.480529
73.7,0.0271395,0.194068,-1.09606,0.507682
73.8,0.0432036,0.198122,-1.19536,0.532978
73.9,0.0582337,0.204457,-1.29434,0.556684
74,0.0725542,0.213262,-1.39298,0.579006
74.1,0.0864777,0.224744,-1.49123,0.600109
74.2,0.100308,0.239139,-1.58907,0.620126
74.3,0.114343,0.256723,-1.68641,0.639162
74.4,0.128884,0.277823,-1.78316,0.657305
74.5,0.144234,0.302828,-1.8792,0.674626
74.6,0.160711,0.332199,-1.97437,0.69118
74.7,0.178647,0.366487,-2.06844,0.707013
74.8,0.198403,0.406338,-2.16117,0.722158
74.9,0.220371,0.452519,-2.25219,0.736639
75,0.244985,0.505924,-2.34105,0.750468
75.1,0.27273,0.567598,-2.42718,0.763644
75.2,0.304152,0.638749,-2.50981,0.776156
75.3,0.339868,0.720764,-2.58795,0.787972
75.4,0.380579,0.815218,-2.66033,0.799046
75.5,0.427077,0.923875,-2.72527,0.809304
75.6,0.480254,1.04867,-2.78059,0.818644
75.7,0.54111,1.19165,-2.82347,0.826924
75.8,0.610746,1.35492,-2.85025,0.833954
75.9,0.690353,1.54041,-2.8562,0.839478
76,0.781177,1.74968,-2.83532,0.843163
76.1,0.884456,1.98343,-2.78004,0.844568
76.2,1.00131,2.24085,-2.68106,0.843125
76.3,1.13257,2.51876,-2.5273,0.838103
76.4,1.27852,2.81028,-2.30613,0.828573
76.5,1.43851,3.10342,-2.00431,0.813368
76.6,1.61053,3.37942,-1.60966,0.791037
76.7,1.79057,3.61167,-1.11419,0.791037
76.8,1.9721,3.76586,-0.518363,0.791037
76.9,2.14567,3.80268,0.163619,0.791037
77,2.29898,3.68408,0.899405,0.791037
77.1,2.41774,3.38319,1.63743,0.791037
77.2,2.48745,2.89553,2.31225,0.791037
77.3,2.496,2.2467,2.85715,0.791037
77.4,2.43631,1.49155,3.22104,0.791037
77.5,2.30821,0.702619,3.38267,0.791037
77.6,2.11855,-0.0478651,3.35517,0.791037
77.7,1.87972,-0.704558,3.17924,0.791037
77.8,1.60698,-1.2375,2.90906,0.791037
77.9,1.31577,-1.64112,2.59804,0.791037
78,1.01969,-1.92703,2.28937,0.791037
78.1,0.729481,-2.11533,2.0126,0.791037
78.2,0.45281,-2.22756,1.78446,0.791037
78.3,0.194692,-2.28247,1.61183,0.791037
78.4,-0.0419085,-2.29424,1.49477,0.791037
78.5,-0.255429,-2.2724,1.42917,0.791037
78.6,-0.445166,-2.22257,1.40834,0.791037
78.7,-0.610875,-2.14762,1.42416,0.791037
78.8,-0.752524,-2.04885,1.46764,0.791037
78.9,-0.87017,-1.927,1.52936,0.791037
79,-0.963952,-1.78318,1.5999,0.791037
79.1,-1.03414,-1.61943,1.67025,0.791037
79.2,-1.08122,-1.43904,1.73235,0.791037
79.3,-1.10604,-1.24651,1.77949,0.791037
79.4,-1.1098,-1.04734,1.80678,0.791037
79.5,-1.09417,-0.847495,1.81133,0.791037
79.6,-1.06122,-0.652857,1.79226,0.791037
79.7,-1.01335,-0.468711,1.75046,0.791037
79.8,-0.953192,-0.299311,1.6882,0.791037
79.9,-0.883482,-0.147651,1.60868,0.791037
80,-0.806903,-0.0154077,1.51552,0.791037
80.1,-0.72599,0.0969559,1.41235,0.791037
80.2,-0.643027,0.189989,1.30248,0.791037
80.3,-0.559991,0.264998,1.18876,0.791037
80.4,-0.478518,0.323791,1.07346,0.791037
80.5,-0.399904,0.368452,0.958247,0.791037
80.6,-0.325117,0.401159,0.844299,0.791037
80.7,-0.254826,0.424047,0.732343,0.791037
80.8,-0.189439,0.439124,0.62277,0.791037
80.9,-0.129143,0.448218,0.515719,0.791037
81,-0.0739421,0.45295,0.411162,0.791037
81.1,-0.0236971,0.454735,0.308964,0.791037
81.2,0.0218437,0.454787,0.208939,-0.309213
81.3,0.0630142,0.454138,0.110883,-0.0906776
81.4,0.100207,0.453655,0.0146013,0.0281082
81.5,0.133852,0.454067,-0.0800757,0.111971
81.6,0.164403,0.455984,-0.173281,0.177331
81.7,0.192323,0.459922,-0.265106,0.231149
81.8,0.218077,0.466317,-0.355598,0.277065
81.9,0.242123,0.47555,-0.44476,0.317222
82,0.26491,0.487962,-0.532548,0.352984
82.1,0.286877,0.503868,-0.618869,0.385258
82.2,0.308448,0.523571,-0.703583,0.414679
82.3,0.330038,0.547374,-0.786496,0.441698
82.4,0.352049,0.575593,-0.867358,0.466642
82.5,0.374877,0.608559,-0.945852,0.489754
82.6,0.398915,0.646632,-1.02159,0.51121
82.7,0.424551,0.690199,-1.09409,0.531141
82.8,0.452175,0.739675,-1.16277,0.549635
82.9,0.482183,0.795506,-1.22694,0.56675
83,0.514974,0.858153,-1.28575,0.582513
83.1,0.550955,0.928086,-1.33818,0.596922
83.2,0.590538,1.00575,-1.38304,0.609954
83.3,0.634136,1.09155,-1.41888,0.621548
83.4,0.682155,1.18578,-1.44399,0.631618
83.5,0.734986,1.28856,-1.45638,0.640041
83.6,0.79298,1.39977,-1.45375,0.646658
83.7,0.856425,1.51887,-1.43345,0.651265
83.8,0.925511,1.64484,-1.39256,0.653608
83.9,1.00027,1.77592,-1.3279,0.653379
84,1.08054,1.90943,-1.23619,0.650209
84.1,1.16584,2.0416,-1.11425,0.643654
84.2,1.25534,2.16731,-0.959363,0.63321
84.3,1.34771,2.28005,-0.769717,0.618282
84.4,1.44108,2.37194,-0.545015,0.598206
84.5,1.53294,2.43401,-0.287156,0.598206
84.6,1.62014,2.45685,-0.000899877,0.598206
84.7,1.69895,2.43156,0.305643,0.598206
84.8,1.76523,2.35111,0.620926,0.598206
84.9,1.81472,2.2118,0.930489,0.598206
85,1.84341,2.01457,1.21821,0.598206
85.1,1.84803,1.76567,1.46818,0.598206
85.2,1.82646,1.47648,1.66693,0.598206
85.3,1.77809,1.1623,1.80539,0.598206
85.4,1.7039,0.840218,1.88011,0.598206
85.5,1.60642,0.526792,1.89339,0.598206
85.6,1.48939,0.235934,1.8524,0.598206
85.7,1.35732,-0.022421,1.76746,0.598206
85.8,1.21505,-0.242745,1.65024,0.598206
85.9,1.06727,-0.423542,1.51206,0.598206
86,0.918196,-0.566475,1.3628,0.598206
86.1,0.771394,-0.675307,1.21028,0.598206
86.2,0.62966,-0.754924,1.06016,0.598206
86.3,0.495039,-0.810555,0.916154,0.598206
86.4,0.368889,-0.847245,0.78039,0.598206
86.5,0.251982,-0.869548,0.6538,0.598206
86.6,0.144613,-0.881393,0.536505,0.598206
86.7,0.0467045,-0.88605,0.42812,0.598206
86.8,-0.042092,-0.886184,0.327981,-0.714954
86.9,-0.12232,-0.883916,0.235317,-0.13383
87,-0.194651,-0.880916,0.149355,0.0179108
87.1,-0.259831,-0.878478,0.0693918,0.108936
87.2,-0.318644,-0.877597,-0.00517357,0.172859
87.3,-0.371884,-0.879024,-0.0748177,0.221438
87.4,-0.420328,-0.883321,-0.13989,0.260272
87.5,-0.464727,-0.890899,-0.200616,0.292372
87.6,-0.505793,-0.902047,-0.257102,0.319657
87.7,-0.544192,-0.916957,-0.309348,0.343282
87.8,-0.580543,-0.935741,-0.357252,0.364016
87.9,-0.615412,-0.95844,-0.400622,0.382372
88,-0.649311,-0.985032,-0.43918,0.398691
88.1,-0.6827,-1.01543,-0.472574,0.413197
88.2,-0.715983,-1.0495,-0.500381,0.426029
88.3,-0.749509,-1.087,-0.522119,0.437266
88.4,-0.783569,-1.12765,-0.537252,0.446944
88.5,-0.818392,-1.17105,-0.545204,0.455059
88.6,-0.854144,-1.2167,-0.545374,0.461582
88.7,-0.890923,-1.26398,-0.537155,0.466461
88.8,-0.928751,-1.31214,-0.519962,0.469619
88.9,-0.967566,-1.36023,-0.493261,0.47097
89,-1.00722,-1.4072,-0.456612,0.470405
89.1,-1.04746,-1.45177,-0.40972,0.467809
89.2,-1.08795,-1.49253,-0.352484,0.463052
89.3,-1.12821,-1.52793,-0.285064,0.455999
89.4,-1.16768,-1.55629,-0.207939,0.446515
89.5,-1.20569,-1.57592,-0.121967,0.434466
89.6,-1.24146,-1.58516,-0.0284247,0.434466
89.7,-1.27414,-1.58251,0.0709676,0.434466
89.8,-1.30283,-1.56672,0.174055,0.434466
89.9,-1.32661,-1.53696,0.278298,0.434466
90,-1.34461,-1.49287,0.380863,0.434466
90.1,-1.35601,-1.43473,0.478755,0.434466
90.2,-1.36016,-1.36344,0.568989,0.434466
90.3,-1.35654,-1.28056,0.648774,0.434466
90.4,-1.34491,-1.18822,0.715691,0.434466
90.5,-1.32524,-1.08897,0.767855,0.434466
90.6,-1.29778,-0.985674,0.804019,0.434466
90.7,-1.26303,-0.881253,0.823621,0.434466
90.8,-1.2217,-0.778524,0.82677,0.434466
90.9,-1.17472,-0.680022,0.814169,0.434466
91,-1.12313,-0.58787,0.786996,0.434466
91.1,-1.06805,-0.503702,0.746765,0.434466
91.2,-1.01064,-0.428643,0.695176,0.434466
91.3,-0.952018,-0.36332,0.633988,0.434466
91.4,-0.893238,-0.307927,0.564904,0.434466
91.5,-0.835255,-0.262293,0.489495,0.434466
91.6,-0.778902,-0.22597,0.40915,0.434466
91.7,-0.72488,-0.198317,0.325057,-0.117009
91.8,-0.673756,-0.17858,0.238195,-0.0793407
91.9,-0.62597,-0.165948,0.149354,-0.0311929
92,-0.58184,-0.159617,0.0591516,0.0230696
92.1,-0.541581,-0.158819,-0.0319341,0.0791071
92.2,-0.505315,-0.162857,-0.123541,0.133739
92.3,-0.473094,-0.171116,-0.215396,0.185185
92.4,-0.444909,-0.183082,-0.307289,0.232742
92.5,-0.420706,-0.198338,-0.399056,0.276344
92.6,-0.400404,-0.216571,-0.490558,0.316234
92.7,-0.383904,-0.237567,-0.581672,0.352776
92.8,-0.371102,-0.261209,-0.672276,0.386352
92.9,-0.361893,-0.28747,-0.76224,0.417319
93,-0.356189,-0.316414,-0.851417,0.445991
93.1,-0.353918,-0.348186,-0.939638,0.472631
93.2,-0.355032,-0.383013,-1.0267,0.497464
93.3,-0.359514,-0.421202,-1.11235,0.520671
93.4,-0.367381,-0.463135,-1.1963,0.542399
93.5,-0.37869,-0.509267,-1.27819,0.562765
93.6,-0.393537,-0.560131,-1.35757,0.581856
93.7,-0.412064,-0.616331,-1.4339,0.599738
93.8,-0.434461,-0.678539,-1.50653,0.616451
93.9,-0.460967,-0.747493,-1.57465,0.632012
94,-0.491871,-0.823982,-1.63725,0.646418
94.1,-0.527511,-0.908836,-1.69314,0.659639
94.2,-0.568272,-1.00289,-1.74083,0.67162
94.3,-0.614583,-1.10694,-1.7785,0.682273
94.4,-0.666901,-1.22171,-1.80396,0.69148
94.5,-0.725702,-1.34768,-1.81459,0.699077
94.6,-0.791447,-1.48507,-1.80722,0.704856
94.7,-0.864551,-1.63354,-1.7782,0.708551
94.8,-0.945323,-1.79203,-1.72327,0.70983
94.9,-1.0339,-1.95843,-1.63775,0.708285
95,-1.13012,-2.12924,-1.51661,0.703416
95.1,-1.23345,-2.29911,-1.35488,0.694625
95.2,-1.34278,-2.46058,-1.14815,0.681202
95.3,-1.45627,-2.60375,-0.893411,0.662313
95.4,-1.57121,-2.71635,-0.590166,0.662313
95.5,-1.68388,-2.7843,-0.241666,0.662313
95.6,-1.78954,-2.79291,0.14383,0.662313
95.7,-1.88255,-2.72886,0.552251,0.662313
95.8,-1.95669,-2.58282,0.963826,0.662313
95.9,-2.00578,-2.35217,1.35455,0.662313
96,-2.02436,-2.04304,1.69916,0.662313
96.1,-2.00855,-1.67077,1.97508,0.662313
96.2,-1.95666,-1.25819,2.1665,0.662313
96.3,-1.86958,-0.832089,2.26706,0.662313
96.4,-1.75066,-0.418722,2.28045,0.662313
96.5,-1.60524,-0.0397943,2.21882,0.662313
96.6,-1.43988,0.290025,2.09952,0.662313
96.7,-1.26157,0.563672,1.94159,0.662313
96.8,-1.07694,0.78069,1.76278,0.662313
96.9,-0.891804,0.945361,1.57769,0.662313
97,-0.710874,1.06469,1.39711,0.662313
97.1,-0.537676,1.1467,1.22811,0.662313
97.2,-0.374639,1.19926,1.07469,0.662313
97.3,-0.223253,1.22938,0.938497,0.662313
97.4,-0.08425,1.24292,0.819618,0.662313
97.5,0.0422051,1.24456,0.717133,0.662313
97.6,0.156356,1.23791,0.62958,0.662313
97.7,0.258722,1.22564,0.555259,-0.204782
97.8,0.349989,1.20972,0.492424,-0.0462778
97.9,0.430938,1.19156,0.439397,0.0423318
98,0.502388,1.17212,0.39463,0.0990155
98.1,0.565155,1.15209,0.356732,0.137745
98.2,0.620033,1.13193,0.324468,0.165222
98.3,0.667777,1.11194,0.296764,0.185195
98.4,0.709093,1.09235,0.272686,0.199971
98.5,0.744639,1.07331,0.251433,0.211065
98.6,0.775022,1.05494,0.232323,0.219523
98.7,0.800802,1.03733,0.214778,0.226094
98.8,0.822492,1.02057,0.198316,0.231332
98.9,0.840568,1.00473,0.182541,0.235657
99,0.855465,0.989907,0.16713,0.239387
99.1,0.867585,0.976166,0.151833,0.242771
99.2,0.8773,0.963587,0.136458,0.246005
99.3,0.884953,0.952247,0.120867,0.249237
99.4,0.890861,0.942218,0.104975,0.252575
99.5,0.895318,0.933565,0.0887364,0.256121
99.6,0.898597,0.926347,0.0721465,0.259916
99.7,0.900949,0.920614,0.0552336,0.263999
99.8,0.902604,0.916406,0.0380554,0.268387
99.9,0.903777,0.913751,0.0206956,0.273077
100,0.904661,0.912668,0.00325934,0.278053
100.1,0.905434,0.913161,-0.0141292,0.283284
100.2,0.906257,0.915222,-0.0313302,0.28873
100.3,0.907273,0.918831,-0.048191,0.294344
100.4,0.908609,0.923953,-0.0645482,0.300068
100.5,0.910376,0.930543,-0.0802303,0.305844
100.6,0.912671,0.938539,-0.0950594,0.311607
100.7,0.915574,0.947867,-0.108854,0.317291
100.8,0.919149,0.95844,-0.121429,0.322833
100.9,0.923446,0.970153,-0.132603,0.328168
101,0.928499,0.982888,-0.142193,0.333228
101.1,0.934327,0.99651,-0.150023,0.337951
101.2,0.940934,1.01087,-0.155925,0.342287
101.3,0.948308,1.02579,-0.159741,0.346167
101.4,0.95642,1.0411,-0.161326,0.349541
101.5,0.965226,1.05658,-0.160556,0.352359
101.6,0.974668,1.07202,-0.157328,0.354571
101.7,0.984668,1.08717,-0.151563,0.356135
101.8,0.995134,1.10178,-0.143218,0.35701
101.9,1.00596,1.11558,-0.132283,0.35716
102,1.01702,1.1283,-0.118791,0.356555
102.1,1.02817,1.13965,-0.102818,0.35517
102.2,1.03926,1.14935,-0.0844919,0.352982
102.3,1.05013,1.15712,-0.0639927,0.349984
102.4,1.0606,1.1627,-0.0415544,0.346308
102.5,1.07049,1.16586,-0.0174658,0.341543
102.6,1.07961,1.16638,0.00793059,0.33612
102.7,1.08778,1.1641,0.034243,0.329929
102.8,1.09481,1.1589,0.0610356,0.323012
102.9,1.10054,1.15073,0.0878373,0.319918
103,1.1048,1.13958,0.114151,0.319918
103.1,1.10745,1.12554,0.139469,0.319918
103.2,1.10838,1.10875,0.16328,0.319918
103.3,1.1075,1.08943,0.185092,0.319918
103.4,1.10476,1.06786,0.204441,0.319918
103.5,1.10012,1.04438,0.220905,0.319918
103.6,1.09362,1.01939,0.234119,0.319918
103.7,1.0853,0.993322,0.243782,0.319918
103.8,1.07526,0.966631,0.249666,0.319918
103.9,1.06362,0.939788,0.251621,0.319918
104,1.05055,0.91326,0.249571,0.319918
104.1,1.03623,0.887498,0.243519,0.319918
104.2,1.02088,0.862927,0.233537,0.319918
104.3,1.00472,0.839938,0.219763,0.319918
104.4,0.988005,0.818875,0.202391,0.203916
104.5,0.97098,0.800036,0.181661,0.204096
104.6,0.953901,0.783671,0.157854,0.206013
104.7,0.937017,0.769979,0.131277,0.209663
104.8,0.920573,0.759113,0.102264,0.215007
104.9,0.904801,0.751181,0.0711583,0.221953
105,0.889919,0.746254,0.0383169,0.230372
105.1,0.876132,0.744368,0.00410017,0.240097
105.2,0.863626,0.745534,-0.0311288,0.250931
105.3,0.852567,0.749737,-0.067006,0.262671
105.4,0.843107,0.756947,-0.103167,0.275091
105.5,0.835376,0.767116,-0.139247,0.28798
105.6,0.82949,0.780191,-0.174878,0.301131
105.7,0.825546,0.796105,-0.20969,0.31435
105.8,0.823627,0.814787,-0.243307,0.327463
105.9,0.823798,0.836156,-0.275345,0.340311
106,0.826113,0.860121,-0.305409,0.352753
106.1,0.83061,0.88658,-0.333096,0.364665
106.2,0.837313,0.915412,-0.357988,0.375933
106.3,0.846231,0.946478,-0.379653,0.386459
106.4,0.857357,0.979605,-0.397651,0.396148
106.5,0.870669,1.01459,-0.411527,0.404916
106.6,0.886123,1.05117,-0.420823,0.412679
106.7,0.903653,1.08906,-0.425081,0.419357
106.8,0.923168,1.12786,-0.42385,0.424871
106.9,0.944546,1.16715,-0.416701,0.429137
107,0.967631,1.20639,-0.403241,0.432075
107.1,0.992226,1.24497,-0.383131,0.433599
107.2,1.01809,1.28217,-0.356112,0.433623
107.3,1.04494,1.3172,-0.322027,0.432056
107.4,1.07242,1.34916,-0.280852,0.42881
107.5,1.10014,1.37711,-0.232731,0.423802
107.6,1.12765,1.40003,-0.177997,0.416945
107.7,1.15444,1.41691,-0.117206,0.408162
107.8,1.17995,1.42677,-0.0511553,0.397394
107.9,1.2036,1.4287,0.0191084,0.397394
108,1.22477,1.42195,0.0922925,0.397394
108.1,1.24283,1.40595,0.166881,0.397394
108.2,1.2572,1.38042,0.241174,0.397394
108.3,1.2673,1.34537,0.313353,0.397394
108.4,1.27266,1.30118,0.381553,0.397394
108.5,1.27289,1.24855,0.443956,0.397394
108.6,1.26773,1.18856,0.498881,0.397394
108.7,1.25705,1.12256,0.544872,0.397394
108.8,1.24087,1.05214,0.580773,0.397394
108.9,1.21939,0.979021,0.605777,0.397394
109,1.19293,0.904993,0.619452,0.397394
109.1,1.16198,0.831789,0.621735,0.397394
109.2,1.12711,0.76101,0.6129,0.397394
109.3,1.08899,0.694057,0.593512,0.397394
109.4,1.04837,0.632084,0.564357,0.397394
109.5,1.00599,0.575974,0.526375,0.397394
109.6,0.962615,0.526337,0.480591,0.397394
109.7,0.918971,0.483527,0.428056,0.397394
109.8,0.875744,0.447672,0.369795,0.397394
109.9,0.833552,0.418711,0.306774,0.397394
110,0.792946,0.396441,0.239877,0.0375469
110.1,0.754396,0.380554,0.169892,0.0608368
110.2,0.718296,0.370677,0.0975094,0.0891929
110.3,0.684966,0.36641,0.0233282,0.121198
110.4,0.654657,0.367349,-0.0521355,0.15537
110.5,0.627558,0.373114,-0.128436,0.190396
110.6,0.603806,0.383363,-0.205183,0.225244
110.7,0.583495,0.397805,-0.28203,0.259185
110.8,0.566684,0.41621,-0.358657,0.291765
110.9,0.553409,0.43841,-0.434758,0.322733
111,0.543689,0.464307,-0.510031,0.35198
111.1,0.537536,0.49387,-0.584163,0.37949
111.2,0.53496,0.527131,-0.65682,0.405294
111.3,0.535976,0.564186,-0.727635,0.429452
111.4,0.540612,0.605191,-0.796196,0.452028
111.5,0.548909,0.65035,-0.862033,0.473087
111.6,0.560924,0.699917,-0.924606,0.492681
111.7,0.576737,0.754177,-0.983289,0.51085
111.8,0.596449,0.813442,-1.03735,0.527616
111.9,0.620179,0.878027,-1.08595,0.542985
112,0.648067,0.948234,-1.12809,0.55694
112.1,0.680265,1.02432,-1.16264,0.569443
112.2,0.716931,1.10645,-1.18826,0.580431
112.3,0.758219,1.19468,-1.20345,0.589814
112.4,0.804264,1.28886,-1.20649,0.597474
112.5,0.85516,1.38856,-1.19546,0.603259
112.6,0.910938,1.49299,-1.16827,0.60698
112.7,0.971526,1.60089,-1.1227,0.608409
112.8,1.03671,1.7104,-1.05646,0.607271
112.9,1.10609,1.81895,-0.967363,0.603257
113,1.17902,1.92312,-0.853512,0.595988
113.1,1.25454,2.01863,-0.71356,0.585049
113.2,1.33133,2.1003,-0.547062,0.569971
113.3,1.40769,2.16222,-0.354858,0.550242
113.4,1.48146,2.19806,-0.139477,0.550242
113.5,1.5501,2.20153,0.0945303,0.550242
113.6,1.61074,2.16712,0.340431,0.550242
113.7,1.66035,2.0909,0.58942,0.550242
113.8,1.69588,1.97137,0.831098,0.550242
113.9,1.71461,1.8101,1.05434,0.550242
114,1.71438,1.61201,1.24846,0.550242
114.1,1.69385,1.38517,1.40447,0.550242
114.2,1.65272,1.13996,1.51621,0.550242
114.3,1.59174,0.887888,1.581,0.550242
114.4,1.5127,0.640241,1.59974,0.550242
114.5,1.41824,0.406827,1.57648,0.550242
114.6,1.31155,0.195126,1.5175,0.550242
114.7,1.19613,0.00990149,1.43024,0.550242
114.8,1.07544,-0.146726,1.32235,0.550242
114.9,0.952713,-0.274881,1.20087,0.550242
115,0.830782,-0.376361,1.07175,0.550242
115.1,0.711974,-0.454043,0.939676,0.550242
115.2,0.598093,-0.511357,0.808033,0.550242
115.3,0.490435,-0.551885,0.679097,0.550242
115.4,0.389837,-0.579077,0.554223,0.550242
115.5,0.296741,-0.596088,0.434077,0.550242
115.6,0.211263,-0.605698,0.318846,0.550242
115.7,0.133266,-0.610289,0.208407,0.550242
115.8,0.0624144,-0.611859,0.102463,-0.199654
115.9,-0.00176625,-0.612067,0.000639794,0.000440521
116,-0.059849,-0.612266,-0.0974448,0.110071
116.1,-0.112469,-0.613564,-0.192138,0.186609
116.2,-0.160295,-0.616858,-0.283727,0.245403
116.3,-0.204009,-0.62288,-0.372419,0.293128
116.4,-0.244294,-0.632236,-0.458339,0.333322
116.5,-0.281818,-0.645429,-0.541526,0.368082
116.6,-0.317229,-0.662893,-0.621929,0.398734
116.7,-0.351155,-0.685008,-0.699406,0.426155
116.8,-0.384196,-0.712124,-0.773727,0.450938
116.9,-0.416929,-0.744567,-0.844561,0.473494
117,-0.449904,-0.782652,-0.911479,0.494106
117.1,-0.483651,-0.826683,-0.973937,0.512965
117.2,-0.518676,-0.876957,-1.03127,0.530197
117.3,-0.555465,-0.933751,-1.08267,0.545874
117.4,-0.594484,-0.997309,-1.12719,0.560026
117.5,-0.636173,-1.06782,-1.16369,0.572645
117.6,-0.680946,-1.14538,-1.19085,0.583688
117.7,-0.729179,-1.22996,-1.20716,0.593076
117.8,-0.781202,-1.32131,-1.21087,0.6007
117.9,-0.837275,-1.41892,-1.20003,0.606409
118,-0.897569,-1.52189,-1.17252,0.610015
118.1,-0.962131,-1.62885,-1.12606,0.611287
118.2,-1.03084,-1.73779,-1.05832,0.609948
118.3,-1.10337,-1.84599,-0.967071,0.605671
118.4,-1.17911,-1.94985,-0.85039,0.598079
118.5,-1.25715,-2.04488,-0.706935,0.586741
118.6,-1.33615,-2.12566,-0.536313,0.571175
118.7,-1.41439,-2.18605,-0.339482,0.571175
118.8,-1.48968,-2.21948,-0.119168,0.571175
118.9,-1.55942,-2.21949,0.119797,0.571175
119,-1.62068,-2.18047,0.370317,0.571175
119.1,-1.67033,-2.09853,0.623179,0.571175
119.2,-1.70533,-1.97235,0.867582,0.571175
119.3,-1.72291,-1.80385,1.09207,0.571175
119.4,-1.72093,-1.59842,1.28576,0.571175
119.5,-1.69815,-1.36462,1.43967,0.571175
119.6,-1.65435,-1.11335,1.54782,0.571175
119.7,-1.59044,-0.856488,1.6079,0.571175
119.8,-1.50836,-0.605523,1.6213,0.571175
119.9,-1.41091,-0.370289,1.59252,0.571175
120,-1.30141,-0.158124,1.52827,0.571175
120.1,-1.18346,0.0264606,1.43634,0.571175
120.2,-1.06058,0.18165,1.32454,0.571175
120.3,-0.936032,0.307874,1.2,0.571175
120.4,-0.812652,0.407197,1.06866,0.571175
120.5,-0.692741,0.482707,0.935127,0.571175
120.6,-0.578062,0.537989,0.80268,0.571175
120.7,-0.469865,0.576718,0.67348,0.571175
120.8,-0.368937,0.602398,0.548773,0.571175
120.9,-0.275671,0.618205,0.429131,0.571175
121,-0.19014,0.626914,0.314666,0.571175
121.1,-0.112166,0.630892,0.205197,0.571175
121.2,-0.0413802,0.632115,0.100385,-0.168511
121.3,0.0227193,0.632213,-0.000171022,0.0140287
121.4,0.0807286,0.632514,-0.09687,0.118406
121.5,0.133301,0.6341,-0.190067,0.192137
121.6,0.181119,0.637844,-0.280047,0.249091
121.7,0.224877,0.644458,-0.367015,0.29547
121.8,0.265263,0.654527,-0.451086,0.334611
121.9,0.302951,0.668538,-0.532283,0.368503
122,0.338594,0.686907,-0.610541,0.39841
122.1,0.372818,0.709998,-0.685698,0.425167
122.2,0.406225,0.73814,-0.7575,0.449343
122.3,0.439388,0.77164,-0.825593,0.471326
122.4,0.472854,0.810785,-0.889519,0.491383
122.5,0.507144,0.855851,-0.948706,0.509695
122.6,0.542757,0.907093,-1.00246,0.526375
122.7,0.580165,0.964739,-1.04994,0.541486
122.8,0.619816,1.02897,-1.09016,0.555049
122.9,0.662131,1.0999,-1.12197,0.567046
123,0.707492,1.17753,-1.14403,0.577426
123.1,0.756243,1.26169,-1.15481,0.586103
123.2,0.808665,1.35202,-1.15259,0.592958
123.3,0.864967,1.44782,-1.13548,0.597833
123.4,0.92525,1.54801,-1.10143,0.600532
123.5,0.989482,1.65101,-1.04831,0.60082
123.6,1.05745,1.75462,-0.974017,0.598413
123.7,1.12873,1.8559,-0.876634,0.592986
123.8,1.2026,1.95113,-0.754643,0.58416
123.9,1.27803,2.03576,-0.60722,0.571514
124,1.35361,2.10446,-0.43457,0.55458
124.1,1.42753,2.15139,-0.238302,0.55458
124.2,1.49758,2.17051,-0.0217734,0.55458
124.3,1.56121,2.15616,0.209678,0.55458
124.4,1.61561,2.10377,0.448697,0.55458
124.5,1.65789,2.01066,0.686176,0.55458
124.6,1.6853,1.8767,0.911868,0.55458
124.7,1.69548,1.70481,1.11533,0.55458
124.8,1.68673,1.50098,1.28707,0.55458
124.9,1.65821,1.27386,1.41965,0.55458
125,1.61008,1.03379,1.50859,0.55458
125.1,1.5435,0.791656,1.55273,0.55458
125.2,1.46053,0.557622,1.55415,0.55458
125.3,1.36393,0.340129,1.51752,0.55458
125.4,1.25688,0.145269,1.44925,0.55458
125.5,1.14272,-0.0234057,1.35645,0.55458
125.6,1.0247,-0.16469,1.24615,0.55458
125.7,0.905762,-0.279291,1.12463,0.55458
125.8,0.788451,-0.369284,0.997088,0.55458
125.9,0.674815,-0.437585,0.867529,0.55458
126,0.566409,-0.487497,0.738804,0.55458
126.1,0.464323,-0.52238,0.612782,0.55458
126.2,0.36923,-0.545422,0.490544,0.55458
126.3,0.281447,-0.55951,0.372594,0.55458
126.4,0.201007,-0.567177,0.259034,0.55458
126.5,0.127713,-0.570585,0.149714,0.55458
126.6,0.0612018,-0.571552,0.0443505,-0.0950415
126.7,0.000983722,-0.571582,-0.0573981,0.0525484
126.8,-0.0535124,-0.571912,-0.155871,0.146014
126.9,-0.10291,-0.573554,-0.251369,0.214751
127,-0.147861,-0.577335,-0.344135,0.26913
127.1,-0.189025,-0.583937,-0.43434,0.314151
127.2,-0.227061,-0.593929,-0.522077,0.35262
127.3,-0.262611,-0.607796,-0.607359,0.386256
127.4,-0.296303,-0.625963,-0.690118,0.416174
127.5,-0.328741,-0.648817,-0.770199,0.443126
127.6,-0.360509,-0.676722,-0.847364,0.467627
127.7,-0.392168,-0.710031,-0.921279,0.490038
127.8,-0.424259,-0.749099,-0.991511,0.510608
127.9,-0.457308,-0.794282,-1.05752,0.52951
128,-0.491821,-0.845941,-1.11862,0.546856
128.1,-0.528294,-0.904432,-1.17401,0.562711
128.2,-0.567206,-0.970094,-1.2227,0.577098
128.3,-0.609024,-1.04323,-1.26354,0.590007
128.4,-0.654192,-1.12406,-1.29514,0.601393
128.5,-0.703131,-1.21269,-1.31589,0.611176
128.6,-0.756223,-1.30904,-1.32394,0.619242
128.7,-0.813791,-1.41275,-1.31715,0.625438
128.8,-0.876079,-1.5231,-1.29317,0.629567
128.9,-0.943213,-1.63882,-1.24939,0.63139
129,-1.01516,-1.75802,-1.1831,0.630614
129.1,-1.09166,-1.87796,-1.09157,0.626892
129.2,-1.17219,-1.99493,-0.972311,0.619815
129.3,-1.25585,-2.10411,-0.823357,0.608916
129.4,-1.34132,-2.19957,-0.643688,0.593661
129.5,-1.4268,-2.27432,-0.433725,0.573447
129.6,-1.50996,-2.32071,-0.195864,0.573447
129.7,-1.58792,-2.33093,0.0650442,0.573447
129.8,-1.6574,-2.29792,0.341402,0.573447
129.9,-1.71481,-2.21642,0.622914,0.573447
130,-1.75655,-2.0841,0.897132,0.573447
130.1,-1.7793,-1.90246,1.15053,0.573447
130.2,-1.78044,-1.67732,1.37003,0.573447
130.3,-1.75833,-1.41847,1.54467,0.573447
130.4,-1.71256,-1.13872,1.66712,0.573447
130.5,-1.64409,-0.852226,1.73454,0.573447
130.6,-1.55511,-0.572692,1.74865,0.573447
130.7,-1.44881,-0.311771,1.71506,0.573447
130.8,-1.32906,-0.0779958,1.64203,0.573447
130.9,-1.19999,0.123602,1.53901,0.573447
131,-1.06565,0.291273,1.41537,0.573447
131.1,-0.929756,0.42593,1.27948,0.573447
131.2,-0.795469,0.53035,1.13816,0.573447
131.3,-0.665332,0.608406,0.996535,0.573447
131.4,-0.541253,0.664419,0.858135,0.573447
131.5,-0.424542,0.702701,0.725145,0.573447
131.6,-0.315989,0.727256,0.598708,0.573447
131.7,-0.215948,0.741637,0.479219,0.573447
131.8,-0.124425,0.748881,0.366586,0.573447
131.9,-0.0411637,0.751525,0.260424,0.573447
132,0.0342893,0.751647,0.160213,-0.166024
132.1,0.102521,0.750925,0.0653953,0.0105086
132.2,0.164205,0.750703,-0.0245542,0.11157
132.3,0.220067,0.752046,-0.110086,0.182285
132.4,0.270851,0.755797,-0.191555,0.236363
132.5,0.317303,0.762619,-0.269209,0.279985
132.6,0.360154,0.773035,-0.343187,0.316477
132.7,0.40011,0.787461,-0.413519,0.347815
132.8,0.437843,0.806223,-0.48013,0.375249
132.9,0.473992,0.829582,-0.542843,0.399596
133,0.509154,0.857744,-0.601378,0.421403
133.1,0.543889,0.890866,-0.655355,0.441038
133.2,0.578716,0.929062,-0.704294,0.458746
133.3,0.614111,0.972396,-0.74761,0.474683
133.4,0.650511,1.02088,-0.784614,0.488943
133.5,0.688307,1.07444,-0.814508,0.501565
133.6,0.727844,1.13293,-0.836385,0.512552
133.7,0.769412,1.19608,-0.849234,0.521869
133.8,0.813242,1.26344,-0.851945,0.529449
133.9,0.859492,1.3344,-0.843329,0.535197
134,0.908231,1.40807,-0.822146,0.538988
134.1,0.95943,1.48329,-0.787147,0.54067
134.2,1.01293,1.55855,-0.737144,0.54006
134.3,1.06842,1.63192,-0.671096,0.536951
134.4,1.12544,1.7011,-0.588225,0.531107
134.5,1.1833,1.76335,-0.488157,0.522267
134.6,1.24111,1.81554,-0.371088,0.510145
134.7,1.29777,1.8543,-0.237949,0.494443
134.8,1.35194,1.87614,-0.0905679,0.494443
134.9,1.40207,1.87773,0.0682145,0.494443
135,1.44649,1.85616,0.234504,0.494443
135.1,1.48342,1.80936,0.403425,0.494443
135.2,1.51111,1.73638,0.56933,0.494443
135.3,1.52797,1.63772,0.726149,0.494443
135.4,1.53268,1.51543,0.86786,0.494443
135.5,1.52429,1.37313,0.989014,0.494443
135.6,1.50239,1.21574,1.08524,0.494443
135.7,1.4671,1.04908,1.15362,0.494443
135.8,1.41911,0.879308,1.19293,0.494443
135.9,1.35962,0.7124,1.20359,0.494443
136,1.29026,0.553618,1.18749,0.494443
136.1,1.21297,0.407164,1.14759,0.494443
136.2,1.12981,0.27599,1.08754,0.494443
136.3,1.0429,0.161779,1.01125,0.494443
136.4,0.95423,0.0650696,0.922506,0.494443
136.5,0.865632,-0.0145461,0.824737,0.494443
136.6,0.778673,-0.0781755,0.720868,0.494443
136.7,0.694645,-0.127388,0.613251,0.494443
136.8,0.614554,-0.164005,0.50368,0.494443
136.9,0.539133,-0.189931,0.393448,0.494443
137,0.468863,-0.207036,0.28343,0.494443
137.1,0.404008,-0.217067,0.174168,-0.411114
137.2,0.344648,-0.221605,0.0659551,-0.174118
137.3,0.290713,-0.222045,-0.041091,-0.0238144
137.4,0.242018,-0.219584,-0.14697,0.0825013
137.5,0.19829,-0.21524,-0.251751,0.163753
137.6,0.159192,-0.209856,-0.355545,0.229117
137.7,0.12435,-0.204128,-0.458475,0.283655
137.8,0.0933607,-0.198623,-0.560662,0.330427
137.9,0.0658153,-0.193796,-0.662218,0.37141
138,0.0413025,-0.190016,-0.763242,0.407941
138.1,0.0194191,-0.187581,-0.863811,0.44096
138.2,-0.000225131,-0.186735,-0.963988,0.471142
138.3,-0.018005,-0.187689,-1.06381,0.49899
138.4,-0.0342782,-0.190626,-1.16332,0.524879
138.5,-0.0493853,-0.195722,-1.26251,0.549098
138.6,-0.0636515,-0.203156,-1.36138,0.571872
138.7,-0.0773883,-0.21312,-1.45991,0.593378
138.8,-0.090897,-0.22583,-1.55807,0.613759
138.9,-0.104472,-0.241535,-1.65578,0.63313
139,-0.118407,-0.260534,-1.75299,0.651583
139.1,-0.132997,-0.283177,-1.84957,0.669195
139.2,-0.148547,-0.309884,-1.9454,0.686027
139.3,-0.165374,-0.341154,-2.0403,0.702129
139.4,-0.18382,-0.377581,-2.13403,0.717541
139.5,-0.204255,-0.419863,-2.22631,0.732289
139.6,-0.227085,-0.468824,-2.31674,0.746392
139.7,-0.252763,-0.525428,-2.40483,0.759856
139.8,-0.281798,-0.590796,-2.48993,0.772676
139.9,-0.314766,-0.666222,-2.57121,0.784833
140,-0.352321,-0.753188,-2.64758,0.796289
140.1,-0.395203,-0.853373,-2.7176,0.806987
140.2,-0.444252,-0.968641,-2.77942,0.816844
140.3,-0.500414,-1.10102,-2.83062,0.825742
140.4,-0.564743,-1.25266,-2.86804,0.833522
140.5,-0.638398,-1.42565,-2.8876,0.839968
140.6,-0.722618,-1.62191,-2.88404,0.844796
140.7,-0.818683,-1.84278,-2.8507,0.847631
140.8,-0.927832,-2.08852,-2.77923,0.847982
140.9,-1.05113,-2.35758,-2.65943,0.845215
141,-1.18926,-2.6455,-2.47934,0.838519
141.1,-1.34222,-2.9435,-2.22563,0.826862
141.2,-1.50891,-3.23691,-1.88485,0.808957
141.3,-1.68657,-3.50357,-1.44569,0.783208
141.4,-1.87021,-3.71306,-0.902633,0.783208
141.5,-2.05204,-3.82771,-0.260944,0.783208
141.6,-2.22124,-3.8067,0.458,0.783208
141.7,-2.36427,-3.61417,1.21307,0.783208
141.8,-2.46618,-3.23042,1.94459,0.783208
141.9,-2.5128,-2.66279,2.58297,0.783208
142,-2.49354,-1.95061,3.06423,0.783208
142.1,-2.40393,-1.15966,3.34738,0.783208
142.2,-2.24688,-0.366645,3.4256,0.783208
142.3,-2.03205,0.359995,3.32593,0.783208
142.4,-1.7737,0.97423,3.0981,0.783208
142.5,-1.4878,1.45686,2.79902,0.783208
142.6,-1.18948,1.81108,2.47973,0.783208
142.7,-0.891397,2.05376,2.1785,0.783208
142.8,-0.603096,2.20695,1.91943,0.783208
142.9,-0.331114,2.29179,1.71467,0.783208
143,-0.0795357,2.3254,1.56769,0.783208
143.1,0.149335,2.31998,1.47625,0.783208
143.2,0.354347,2.2832,1.43467,0.783208
143.3,0.535013,2.21924,1.43524,0.783208
143.4,0.691168,2.13001,1.46902,0.783208
143.5,0.822787,2.01639,1.52641,0.783208
143.6,0.929918,1.87919,1.59754,0.783208
143.7,1.01272,1.71998,1.67276,0.783208
143.8,1.07153,1.54154,1.74309,0.783208
143.9,1.10699,1.34803,1.8008,0.783208
144,1.12015,1.14479,1.83986,0.783208
144.1,1.11249,0.937955,1.8563,0.783208
144.2,1.08597,0.733842,1.8483,0.783208
144.3,1.04291,0.538363,1.81606,0.783208
144.4,0.985975,0.356514,1.76145,0.783208
144.5,0.917968,0.192027,1.68753,0.783208
144.6,0.841719,0.0472387,1.598,0.783208
144.7,0.759946,-0.0768699,1.49676,0.783208
144.8,0.675141,-0.180486,1.38748,0.783208
144.9,0.589495,-0.264709,1.27337,0.783208
145,0.504855,-0.331271,1.15704,0.783208
145.1,0.422705,-0.382278,1.04048,0.783208
145.2,0.34418,-0.419999,0.925099,0.783208
145.3,0.270089,-0.446702,0.811797,0.783208
145.4,0.200952,-0.464544,0.701081,0.783208
145.5,0.137044,-0.475505,0.593156,0.783208
145.6,0.0784353,-0.481354,0.488021,0.783208
145.7,0.0250311,-0.48364,0.385546,0.783208
145.8,-0.0233908,-0.483694,0.285525,0.783208
145.9,-0.0671486,-0.48265,0.187731,-0.19778
146,-0.106629,-0.481463,0.0919349,-0.0403838
146.1,-0.142266,-0.480933,-0.00206345,0.0597337
146.2,-0.17452,-0.481725,-0.0944289,0.134116
146.3,-0.203866,-0.484399,-0.185282,0.193652
146.4,-0.230785,-0.489424,-0.274694,0.243502
146.5,-0.255751,-0.497202,-0.362691,0.286524
146.6,-0.279229,-0.508086,-0.449246,0.324465
146.7,-0.301671,-0.522392,-0.534283,0.358458
146.8,-0.323517,-0.540418,-0.617677,0.38927
146.9,-0.345191,-0.562454,-0.699247,0.417443
147,-0.367105,-0.588792,-0.778757,0.443363
147.1,-0.38966,-0.619735,-0.855906,0.467313
147.2,-0.41325,-0.655605,-0.930323,0.489497
147.3,-0.43826,-0.696744,-1.00155,0.510067
147.4,-0.465074,-0.743519,-1.06905,0.529129
147.5,-0.494076,-0.796313,-1.13216,0.546751
147.6,-0.52565,-0.855527,-1.19008,0.562973
147.7,-0.56018,-0.921557,-1.24187,0.577803
147.8,-0.598054,-0.994781,-1.28642,0.591226
147.9,-0.639652,-1.07552,-1.32241,0.603194
148,-0.685349,-1.16401,-1.34827,0.613631
148.1,-0.735497,-1.26032,-1.36221,0.62243
148.2,-0.790411,-1.36429,-1.36214,0.629447
148.3,-0.850345,-1.47542,-1.34571,0.634498
148.4,-0.91546,-1.59274,-1.31031,0.637356
148.5,-0.985782,-1.71468,-1.25313,0.637742
148.6,-1.06115,-1.83887,-1.17129,0.635323
148.7,-1.14114,-1.96197,-1.06198,0.629706
148.8,-1.225,-2.07956,-0.922807,0.620435
148.9,-1.31159,-2.18598,-0.752116,0.606984
149,-1.39924,-2.2744,-0.549524,0.588765
149.1,-1.48579,-2.33705,-0.316469,0.588765
149.2,-1.56849,-2.36568,-0.0567715,0.588765
149.3,-1.64407,-2.35236,0.22293,0.588765
149.4,-1.70889,-2.29054,0.513042,0.588765
149.5,-1.75913,-2.17625,0.801346,0.588765
149.6,-1.79116,-2.00924,1.0739,0.588765
149.7,-1.80184,-1.79372,1.31652,0.588765
149.8,-1.78899,-1.53841,1.51652,0.588765
149.9,-1.75163,-1.25574,1.66452,0.588765
150,-1.69019,-0.960339,1.75565,0.588765
150.1,-1.60648,-0.667074,1.78999,0.588765
150.2,-1.50347,-0.389215,1.77216,0.588765
150.3,-1.385,-0.137025,1.71008,0.588765
150.4,-1.25533,0.0829127,1.61351,0.588765
150.5,-1.11876,0.267658,1.49256,0.588765
150.6,-0.979311,0.417362,1.3565,0.588765
150.7,-0.840491,0.534439,1.21311,0.588765
150.8,-0.705168,0.622709,1.06834,0.588765
150.9,-0.575536,0.686652,0.926408,0.588765
151,-0.453147,0.730848,0.789971,0.588765
151.1,-0.338977,0.759619,0.660491,0.588765
151.2,-0.233521,0.776825,0.538549,0.588765
151.3,-0.136887,0.785785,0.424133,0.588765
151.4,-0.048881,0.789274,0.316873,0.588765
151.5,0.0309114,0.789562,0.216216,-0.277723
151.6,0.103059,0.788481,0.121549,-0.038846
151.7,0.168232,0.787487,0.0322795,0.0783075
151.8,0.22716,0.787733,-0.052114,0.156242
151.9,0.280601,0.790119,-0.132055,0.214154
152,0.329316,0.795349,-0.207857,0.259952
152.1,0.374053,0.803969,-0.279718,0.297697
152.2,0.415535,0.816398,-0.347722,0.329738
152.3,0.454449,0.83296,-0.411844,0.357527
152.4,0.491447,0.8539,-0.471954,0.382013
152.5,0.527135,0.879399,-0.527821,0.403813
152.6,0.56208,0.90958,-0.579115,0.423349
152.7,0.596801,0.944516,-0.625411,0.440898
152.8,0.631774,0.984226,-0.666188,0.45664
152.9,0.667427,1.02867,-0.700829,0.470685
153,0.70414,1.07772,-0.728624,0.483086
153.1,0.742244,1.13119,-0.748773,0.493854
153.2,0.782011,1.18875,-0.760392,0.502967
153.3,0.823651,1.24994,-0.76252,0.510369
153.4,0.867301,1.31411,-0.754145,0.515976
153.5,0.913016,1.38043,-0.734226,0.519681
153.6,0.960751,1.44777,-0.701741,0.521348
153.7,1.01035,1.51475,-0.65574,0.52082
153.8,1.06151,1.57965,-0.595425,0.517913
153.9,1.1138,1.64042,-0.520246,0.512426
154,1.1666,1.6947,-0.430015,0.504134
154.1,1.21912,1.73983,-0.325034,0.492802
154.2,1.27039,1.77299,-0.206224,0.478181
154.3,1.31923,1.79128,-0.0752436,0.478181
154.4,1.36433,1.79198,0.065431,0.478181
154.5,1.40426,1.77274,0.212485,0.478181
154.6,1.43753,1.73187,0.361829,0.478181
154.7,1.46266,1.66863,0.508765,0.478181
154.8,1.4783,1.58337,0.648253,0.478181
154.9,1.48334,1.47772,0.775274,0.478181
155,1.47697,1.35452,0.885221,0.478181
155.1,1.45879,1.21769,0.974293,0.478181
155.2,1.42885,1.07191,1.03981,0.478181
155.3,1.38765,0.922245,1.08038,0.478181
155.4,1.33615,0.773687,1.09595,0.478181
155.5,1.27565,0.630778,1.08769,0.478181
155.6,1.20774,0.497293,1.05772,0.478181
155.7,1.13416,0.376062,1.00882,0.478181
155.8,1.05672,0.268902,0.944085,0.478181
155.9,0.977164,0.176675,0.866677,0.478181
156,0.897133,0.0994157,0.77955,0.478181
156.1,0.818067,0.0365076,0.68532,0.478181
156.2,0.74119,-0.0131321,0.58618,0.478181
156.3,0.667493,-0.0508777,0.483885,0.478181
156.4,0.597731,-0.0782475,0.379768,0.478181
156.5,0.532442,-0.0967884,0.274798,-0.384933
156.6,0.471968,-0.107992,0.169638,-0.249308
156.7,0.416482,-0.113239,0.0647119,-0.114583
156.8,0.366014,-0.11377,-0.0397375,-0.00174692
156.9,0.320482,-0.110664,-0.143595,0.0894844
157,0.279716,-0.104847,-0.246832,0.16408
157.1,0.243482,-0.0970882,-0.349476,0.226391
157.2,0.211503,-0.0880165,-0.451582,0.279565
157.3,0.183474,-0.0781335,-0.553224,0.325818
157.4,0.159075,-0.0678286,-0.654474,0.366717
157.5,0.137987,-0.057394,-0.755404,0.403391
157.6,0.119896,-0.0470387,-0.856078,0.436669
157.7,0.104503,-0.0369019,-0.956549,0.467169
157.8,0.0915247,-0.0270647,-1.05686,0.495359
157.9,0.0807019,-0.01756,-1.15705,0.521601
158,0.0717975,-0.00838143,-1.25715,0.546175
158.1,0.0645996,0.000509776,-1.35718,0.569305
158.2,0.0589215,0.00917899,-1.45715,0.591171
158.3,0.0546014,0.0177139,-1.55708,0.611917
158.4,0.0515024,0.0262213,-1.65696,0.631664
158.5,0.0495115,0.0348255,-1.75681,0.650512
158.6,0.0485391,0.0436674,-1.85661,0.668545
158.7,0.0485186,0.0529047,-1.95638,0.685836
158.8,0.0494052,0.0627135,-2.0561,0.702446
158.9,0.0511764,0.0732904,-2.15576,0.718428
159,0.0538315,0.0848563,-2.25534,0.73383
159.1,0.0573924,0.0976606,-2.35484,0.748692
159.2,0.0619042,0.111987,-2.45421,0.763051
159.3,0.0674366,0.128162,-2.55344,0.776937
159.4,0.0740861,0.146561,-2.65247,0.790377
159.5,0.0819788,0.167621,-2.75124,0.803397
159.6,0.0912736,0.191854,-2.84969,0.816016
159.7,0.102167,0.219858,-2.9477,0.828251
159.8,0.1149,0.252341,-3.04514,0.840115
159.9,0.129761,0.290137,-3.14183,0.851617
160,0.147102,0.334237,-3.23752,0.862761
160.1,0.167341,0.385811,-3.33187,0.873547
160.2,0.190978,0.446252,-3.42443,0.883965
160.3,0.218613,0.517206,-3.51459,0.893999
160.4,0.250955,0.600623,-3.60149,0.90362
160.5,0.288853,0.698796,-3.68399,0.912784
160.6,0.333307,0.814414,-3.76051,0.921426
160.7,0.385501,0.950588,-3.82886,0.929452
160.8,0.446823,1.11088,-3.88606,0.936732
160.9,0.51889,1.29925,-3.92799,0.943082
161,0.603554,1.51997,-3.94905,0.948247
161.1,0.702905,1.77734,-3.94157,0.951876
161.2,0.819227,2.07521,-3.89524,0.953488
161.3,0.954892,2.41603,-3.79636,0.952423
161.4,1.11216,2.79942,-3.62718,0.947793
161.5,1.29281,3.21981,-3.36557,0.938407
161.6,1.49753,3.66311,-2.9855,0.922691
161.7,1.72504,4.10243,-2.45942,0.898593
161.8,1.97082,4.49369,-1.76372,0.86348
161.9,2.22561,4.77314,-0.888414,0.86348
162,2.47413,4.86069,0.148922,0.86348
162.1,2.69467,4.67378,1.28895,0.86348
162.2,2.8606,4.15372,2.4248,0.86348
162.3,2.94474,3.29773,3.41619,0.86348
162.4,2.92582,2.17899,4.12764,0.86348
162.5,2.79495,0.93572,4.47695,0.86348
162.6,2.55871,-0.2723,4.46594,0.86348
162.7,2.23715,-1.31606,4.17362,0.86348
162.8,1.85778,-2.12861,3.71876,0.86348
162.9,1.4488,-2.70415,3.21779,0.86348
163,1.03418,-3.07584,2.75852,0.86348
163.1,0.631613,-3.29045,2.39369,0.86348
163.2,0.252766,-3.39064,2.14671,0.86348
163.3,-0.0953108,-3.40676,2.02089,0.86348
163.4,-0.408462,-3.35568,2.00709,0.86348
163.5,-0.683976,-3.24337,2.0884,0.86348
163.6,-0.919607,-3.0691,2.24263,0.86348
163.7,-1.11312,-2.83006,2.44365,0.86348
163.8,-1.26229,-2.52561,2.66297,0.86348
163.9,-1.36529,-2.16049,2.87201,0.86348
164,-1.42126,-1.74649,3.04523,0.86348
164.1,-1.43086,-1.30187,3.16337,0.86348
164.2,-1.39665,-0.849036,3.21588,0.86348
164.3,-1.32314,-0.410957,3.20172,0.86348
164.4,-1.21648,-0.00764742,3.12825,0.86348
164.5,-1.08389,0.346348,3.00861,0.86348
164.6,-0.932969,0.642912,2.85854,0.86348
164.7,-0.771072,0.879887,2.69352,0.86348
164.8,-0.60483,1.05969,2.52673,0.86348
164.9,-0.439855,1.18762,2.36803,0.86348
165,-0.280649,1.27032,2.22382,0.86348
165.1,-0.130631,1.31469,2.09735,0.86348
165.2,0.00774138,1.32715,1.98937,0.86348
165.3,0.13282,1.31336,1.89881,0.86348
165.4,0.243615,1.2782,1.82335,0.86348
165.5,0.339655,1.2258,1.76001,0.86348
165.6,0.420883,1.15976,1.70551,0.86348
165.7,0.487566,1.08324,1.65658,0.86348
165.8,0.540233,0.99914,1.61019,0.86348
165.9,0.579627,0.910121,1.56373,0.86348
166,0.606663,0.818656,1.51508,0.86348
166.1,0.622396,0.727012,1.46262,0.86348
166.2,0.627986,0.637224,1.4053,0.86348
166.3,0.624662,0.551046,1.34254,0.86348
166.4,0.613687,0.469925,1.27415,0.86348
166.5,0.596328,0.394975,1.20031,0.86348
166.6,0.57382,0.326973,1.12142,0.86348
166.7,0.547338,0.266377,1.03804,0.86348
166.8,0.517976,0.213352,0.950802,0.86348
166.9,0.486726,0.167813,0.860359,0.86348
167,0.454467,0.129476,0.767338,0.86348
167.1,0.421961,0.0979006,0.672305,0.86348
167.2,0.389849,0.0725443,0.57575,0.86348
167.3,0.358657,0.052801,0.478084,0.86348
167.4,0.3288,0.038039,0.379635,-0.678802
167.5,0.300594,0.0276299,0.280659,-0.407635
167.6,0.274269,0.0209714,0.181351,-0.215242
167.7,0.249974,0.0175038,0.0818489,-0.0810936
167.8,0.227794,0.0167202,-0.0177474,0.01986
167.9,0.207762,0.0181736,-0.117372,0.100325
168,0.189867,0.0214796,-0.216981,0.16706
168.1,0.174065,0.0263162,-0.316549,0.224012
168.2,0.160291,0.0324226,-0.416061,0.273668
168.3,0.148462,0.0395961,-0.515508,0.317689
168.4,0.138487,0.0476886,-0.614884,0.357239
168.5,0.130271,0.0566023,-0.714186,0.393159
168.6,0.123723,0.0662867,-0.813407,0.426077
168.7,0.118757,0.0767343,-0.912543,0.456471
168.8,0.115295,0.0879784,-1.01158,0.484713
168.9,0.113274,0.10009,-1.11051,0.511099
169,0.112644,0.113179,-1.20931,0.535865
169.1,0.113373,0.127389,-1.30795,0.559204
169.2,0.115446,0.142903,-1.40641,0.581274
169.3,0.11887,0.159943,-1.50463,0.602206
169.4,0.123674,0.17877,-1.60258,0.622109
169.5,0.129912,0.199693,-1.70019,0.641076
169.6,0.137662,0.223074,-1.79736,0.659184
169.7,0.147036,0.249329,-1.89401,0.676497
169.8,0.158174,0.278945,-1.98998,0.69307
169.9,0.171256,0.312483,-2.08512,0.708946
170,0.1865,0.350596,-2.1792,0.724161
170.1,0.204172,0.394037,-2.27193,0.73874
170.2,0.224588,0.443681,-2.36297,0.7527
170.3,0.248126,0.500537,-2.45183,0.766047
170.4,0.275231,0.56577,-2.5379,0.778776
170.5,0.306422,0.640715,-2.62038,0.790869
170.6,0.342307,0.7269,-2.69824,0.802292
170.7,0.383592,0.82605,-2.7701,0.81299
170.8,0.431088,0.940092,-2.83419,0.822885
170.9,0.485722,1.07114,-2.88816,0.831865
171,0.54854,1.22142,-2.92898,0.839778
171.1,0.620704,1.39321,-2.95266,0.846419
171.2,0.703475,1.58862,-2.95409,0.851513
171.3,0.798177,1.80926,-2.9267,0.8547
171.4,0.906116,2.05582,-2.8622,0.855504
171.5,1.02847,2.32723,-2.7504,0.853309
171.6,1.16607,2.61969,-2.57915,0.84732
171.7,1.31912,2.92519,-2.33468,0.836525
171.8,1.48677,3.22984,-2.00273,0.819651
171.9,1.66659,3.51212,-1.57063,0.795114
172,1.85388,3.7418,-1.03094,0.795114
172.1,2.04114,3.88045,-0.386524,0.795114
172.2,2.21763,3.88518,0.343596,0.795114
172.3,2.36967,3.71655,1.11981,0.795114
172.4,2.48172,3.35016,1.88206,0.795114
172.5,2.53866,2.78886,2.55771,0.795114
172.6,2.52869,2.06944,3.07742,0.795114
172.7,2.44616,1.25834,3.39395,0.795114
172.8,2.29312,0.436122,3.49567,0.795114
172.9,2.07893,-0.32321,3.40768,0.795114
173,1.81809,-0.96843,3.18092,0.795114
173.1,1.52721,-1.47692,2.87547,0.795114
173.2,1.22224,-1.85058,2.54614,0.795114
173.3,0.916595,-2.10659,2.23433,0.795114
173.4,0.620432,-2.2681,1.96634,0.795114
173.5,0.340736,-2.35749,1.75552,0.795114
173.6,0.0818839,-2.3929,1.60577,0.795114
173.7,-0.153635,-2.38719,1.51482,0.795114
173.8,-0.364546,-2.3483,1.47666,0.795114
173.9,-0.550262,-2.28044,1.48301,0.795114
174,-0.710526,-2.18543,1.52426,0.795114
174.1,-0.845216,-2.06402,1.59003,0.795114
174.2,-0.954288,-1.91703,1.6696,0.795114
174.3,-1.03782,-1.74616,1.7525,0.795114
174.4,-1.09611,-1.55459,1.829,0.795114
174.5,-1.1298,-1.34703,1.89083,0.795114
174.6,-1.14,-1.12953,1.93164,0.795114
174.7,-1.12833,-0.908971,1.94743,0.795114
174.8,-1.09692,-0.692346,1.93663,0.795114
174.9,-1.04834,-0.486097,1.89987,0.795114
175,-0.985474,-0.295547,1.8396,0.795114
175.1,-0.91138,-0.124538,1.75948,0.795114
175.2,-0.829106,0.0246739,1.66377,0.795114
175.3,-0.741553,0.151325,1.5568,0.795114
175.4,-0.651355,0.255907,1.44257,0.795114
175.5,-0.560801,0.339853,1.32448,0.795114
175.6,-0.471792,0.405221,1.20523,0.795114
175.7,-0.385836,0.454407,1.08679,0.795114
175.8,-0.304059,0.489922,0.970514,0.795114
175.9,-0.227247,0.514225,0.857192,0.795114
176,-0.15588,0.529614,0.747215,0.795114
176.1,-0.0901861,0.538174,0.64067,0.795114
176.2,-0.0301843,0.541742,0.537446,0.795114
176.3,0.024271,0.541909,0.43731,0.795114
176.4,0.0734514,0.540034,0.339976,-0.76092
176.5,0.117722,0.537263,0.245145,-0.227721
176.6,0.157511,0.534553,0.152538,-0.0671943
176.7,0.193292,0.532699,0.0619122,0.0344689
176.8,0.22556,0.532359,-0.026924,0.109605
176.9,0.254821,0.534078,-0.114109,0.169516
177,0.281579,0.538312,-0.199723,0.219549
177.1,0.306331,0.545444,-0.283792,0.262656
177.2,0.32956,0.555802,-0.366286,0.300626
177.3,0.351732,0.569679,-0.447121,0.334614
177.4,0.373296,0.587342,-0.526156,0.365399
177.5,0.394682,0.609045,-0.603196,0.393521
177.6,0.416304,0.635039,-0.677985,0.419366
177.7,0.438559,0.66558,-0.750204,0.443211
177.8,0.461834,0.700931,-0.819462,0.465259
177.9,0.486502,0.741365,-0.88529,0.485654
178,0.512927,0.787166,-0.947124,0.504495
178.1,0.541467,0.838622,-1.0043,0.521849
178.2,0.572474,0.896017,-1.05602,0.537748
178.3,0.606289,0.959613,-1.10137,0.552198
178.4,0.643248,1.02963,-1.13927,0.565177
178.5,0.683669,1.10621,-1.16846,0.576637
178.6,0.727851,1.18938,-1.1875,0.5865
178.7,0.776056,1.27899,-1.19474,0.594659
178.8,0.828498,1.37464,-1.18834,0.600974
178.9,0.885315,1.47559,-1.16626,0.605269
179,0.946543,1.58066,-1.12632,0.607327
179.1,1.01208,1.68812,-1.06628,0.606891
179.2,1.08162,1.79556,-0.983911,0.603656
179.3,1.15464,1.89976,-0.877256,0.597266
179.4,1.23031,1.99663,-0.744816,0.58732
179.5,1.30745,2.08123,-0.5859,0.573363
179.6,1.38447,2.14782,-0.400996,0.554891
179.7,1.45938,2.19013,-0.192173,0.554891
179.8,1.52975,2.20184,0.0365652,0.554891
179.9,1.59283,2.1772,0.279066,0.554891
180,1.64561,2.11179,0.52706,0.554891
180.1,1.68507,2.00345,0.770541,0.554891
180.2,1.70841,1.85289,0.99853,0.554891
180.3,1.71331,1.66418,1.20017,0.554891
180.4,1.69822,1.44455,1.36597,0.554891
180.5,1.66256,1.20383,1.48901,0.554891
180.6,1.60682,0.953309,1.56566,0.554891
180.7,1.53253,0.704369,1.59595,0.554891
180.8,1.44212,0.467246,1.58312,0.554891
180.9,1.33866,0.250034,1.53294,0.554891
181,1.22556,0.0581889,1.4526,0.554891
181.1,1.10633,-0.105516,1.34973,0.554891
181.2,0.984244,-0.240662,1.23152,0.554891
181.3,0.862249,-0.348651,1.10423,0.554891
181.4,0.742797,-0.432109,0.972844,0.554891
181.5,0.627825,-0.494344,0.841068,0.554891
181.6,0.518755,-0.538907,0.711443,0.554891
181.7,0.416537,-0.569285,0.585541,0.554891
181.8,0.321709,-0.588708,0.464192,0.554891
181.9,0.234469,-0.600044,0.347693,0.554891
182,0.154742,-0.605772,0.235994,0.554891
182.1,0.0822421,-0.607983,0.128837,-0.306678
182.2,0.0165296,-0.608416,0.0258662,-0.0384604
182.3,-0.0429436,-0.608498,-0.0733001,0.0854309
182.4,-0.0967961,-0.609395,-0.169019,0.168616
182.5,-0.145688,-0.612054,-0.261592,0.231302
182.6,-0.190297,-0.617249,-0.351248,0.281582
182.7,-0.231304,-0.625614,-0.438135,0.323582
182.8,-0.26938,-0.637679,-0.522313,0.359689
182.9,-0.305178,-0.653894,-0.603756,0.391391
183,-0.33933,-0.674654,-0.682349,0.419662
183.1,-0.372441,-0.700317,-0.757886,0.445159
183.2,-0.405095,-0.731216,-0.830067,0.468336
183.3,-0.437847,-0.767673,-0.898492,0.489504
183.4,-0.471234,-0.81,-0.962654,0.508878
183.5,-0.505768,-0.8585,-1.02192,0.5266
183.6,-0.541941,-0.913464,-1.07554,0.542755
183.7,-0.580227,-0.975158,-1.12258,0.557386
183.8,-0.621074,-1.0438,-1.16198,0.570494
183.9,-0.664908,-1.11952,-1.19247,0.582047
184,-0.712121,-1.20236,-1.21258,0.591977
184.1,-0.763062,-1.29213,-1.22063,0.600183
184.2,-0.81802,-1.38845,-1.21472,0.606526
184.3,-0.877201,-1.49055,-1.19274,0.610831
184.4,-0.940698,-1.59721,-1.15244,0.612877
184.5,-1.00846,-1.70666,-1.09146,0.612402
184.6,-1.08022,-1.81639,-1.00747,0.609091
184.7,-1.15547,-1.92306,-0.898402,0.60258
184.8,-1.2334,-2.02243,-0.762645,0.592451
184.9,-1.31281,-2.10931,-0.59943,0.578234
185,-1.39209,-2.17769,-0.409223,0.559409
185.1,-1.46917,-2.221,-0.194149,0.559409
185.2,-1.54155,-2.23257,0.0416211,0.559409
185.3,-1.60636,-2.20633,0.291638,0.559409
185.4,-1.66048,-2.13767,0.547208,0.559409
185.5,-1.70077,-2.02432,0.797803,0.559409
185.6,-1.72429,-1.86715,1.03188,0.559409
185.7,-1.72866,-1.67052,1.23808,0.559409
185.8,-1.7123,-1.44221,1.40654,0.559409
185.9,-1.67464,-1.19266,1.53017,0.559409
186,-1.61628,-0.933784,1.60547,0.559409
186.1,-1.53887,-0.677519,1.63274,0.559409
186.2,-1.445,-0.434461,1.61573,0.559409
186.3,-1.33792,-0.212867,1.56071,0.559409
186.4,-1.22121,-0.0181611,1.47538,0.559409
186.5,-1.0985,0.14706,1.36778,0.559409
186.6,-0.973177,0.282639,1.24542,0.559409
186.7,-0.848252,0.39027,1.11469,0.559409
186.8,-0.726211,0.472856,0.980663,0.559409
186.9,-0.608994,0.533943,0.84703,0.559409
187,-0.498008,0.577267,0.716275,0.559409
187.1,-0.394172,0.606451,0.589889,0.559409
187.2,-0.297988,0.624815,0.468611,0.559409
187.3,-0.209613,0.635284,0.352655,0.559409
187.4,-0.128931,0.640365,0.241896,0.559409
187.5,-0.0556175,0.642158,0.136017,-0.273398
187.6,0.0108026,0.6424,0.0346128,-0.0286741
187.7,0.0709084,0.642508,-0.0627305,0.0906623
187.8,0.125346,0.643633,-0.156392,0.171379
187.9,0.174797,0.646707,-0.246687,0.232341
188,0.219961,0.652484,-0.333847,0.281272
188.1,0.261532,0.661579,-0.418015,0.322145
188.2,0.300195,0.674503,-0.499243,0.35727
188.3,0.336611,0.691685,-0.577489,0.388087
188.4,0.371418,0.713497,-0.652617,0.415541
188.5,0.405225,0.740269,-0.724395,0.440265
188.6,0.438616,0.772303,-0.792495,0.462694
188.7,0.472143,0.80988,-0.856484,0.483127
188.8,0.506335,0.853264,-0.915819,0.501763
188.9,0.541692,0.902699,-0.969834,0.518732
189,0.57869,0.9584,-1.01773,0.53411
189.1,0.617779,1.02054,-1.05857,0.547927
189.2,0.659376,1.08921,-1.09124,0.560174
189.3,0.703867,1.16442,-1.11447,0.570808
189.4,0.751593,1.24602,-1.12681,0.579751
189.5,0.802836,1.33364,-1.1266,0.586892
189.6,0.857809,1.42664,-1.11204,0.592084
189.7,0.916621,1.52401,-1.08117,0.595141
189.8,0.979256,1.62426,-1.03196,0.595841
189.9,1.04553,1.72533,-0.962399,0.593914
190,1.11504,1.82447,-0.870613,0.589051
190.1,1.18715,1.91819,-0.755111,0.580894
190.2,1.26088,2.0022,-0.615023,0.569042
190.3,1.33491,2.0715,-0.450421,0.553049
190.4,1.40756,2.12054,-0.262671,0.553049
190.5,1.47675,2.14353,-0.0547547,0.553049
190.6,1.54006,2.13499,0.168485,0.553049
190.7,1.59482,2.09034,0.400284,0.553049
190.8,1.63824,2.00669,0.632156,0.553049
190.9,1.66766,1.88348,0.854424,0.553049
191,1.68071,1.72297,1.05705,0.553049
191.1,1.67564,1.53037,1.2307,0.553049
191.2,1.65148,1.3135,1.36779,0.553049
191.3,1.60819,1.08201,1.46341,0.553049
191.4,1.54671,0.846281,1.51575,0.553049
191.5,1.46885,0.616263,1.52612,0.553049
191.6,1.37713,0.400468,1.49846,0.553049
191.7,1.27457,0.20528,1.43856,0.553049
191.8,1.16435,0.0346918,1.35309,0.553049
191.9,1.04966,-0.109601,1.24883,0.553049
192,0.933422,-0.227832,1.13201,0.553049
192.1,0.818191,-0.321675,1.00787,0.553049
192.2,0.706072,-0.393733,0.880561,0.553049
192.3,0.598695,-0.447094,0.753108,0.553049
192.4,0.497232,-0.484979,0.627564,0.553049
192.5,0.402441,-0.510507,0.505182,0.553049
192.6,0.314722,-0.526544,0.386607,0.553049
192.7,0.23418,-0.535631,0.272055,0.553049
192.8,0.160683,-0.539959,0.161465,0.553049
192.9,0.0939231,-0.541384,0.0546103,-0.136985
193,0.0334569,-0.541453,-0.0488111,0.0298291
193.1,-0.0212486,-0.541443,-0.149117,0.130724
193.2,-0.0707867,-0.542402,-0.246601,0.203712
193.3,-0.115784,-0.545193,-0.34151,0.260947
193.4,-0.156883,-0.550526,-0.434026,0.30807
193.5,-0.194726,-0.558993,-0.524262,0.348183
193.6,-0.229945,-0.5711,-0.612256,0.38317
193.7,-0.26316,-0.58729,-0.697972,0.414241
193.8,-0.294968,-0.607965,-0.781294,0.442211
193.9,-0.325949,-0.633505,-0.862027,0.46764
194,-0.356663,-0.664284,-0.939887,0.490922
194.1,-0.387651,-0.700677,-1.0145,0.512332
194.2,-0.419441,-0.74307,-1.08539,0.532064
194.3,-0.452546,-0.791863,-1.15194,0.550249
194.4,-0.487471,-0.84747,-1.21345,0.566967
194.5,-0.52471,-0.910305,-1.269,0.582261
194.6,-0.564751,-0.980771,-1.31753,0.596134
194.7,-0.608071,-1.05923,-1.35775,0.60856
194.8,-0.655134,-1.14597,-1.38816,0.619477
194.9,-0.70638,-1.24114,-1.40696,0.628789
195,-0.762212,-1.34467,-1.41207,0.636362
195.1,-0.822975,-1.45621,-1.40113,0.642022
195.2,-0.888926,-1.57494,-1.37145,0.645549
195.3,-0.960194,-1.69945,-1.32012,0.646672
195.4,-1.03672,-1.82758,-1.24405,0.645063
195.5,-1.11822,-1.95617,-1.14018,0.640332
195.6,-1.20404,-2.08093,-1.00572,0.632019
195.7,-1.29317,-2.19627,-0.838521,0.619597
195.8,-1.38406,-2.29529,-0.637613,0.602465
195.9,-1.47461,-2.36992,-0.403776,0.602465
196,-1.56212,-2.41138,-0.140189,0.602465
196.1,-1.64328,-2.4109,0.147024,0.602465
196.2,-1.71432,-2.36082,0.448513,0.602465
196.3,-1.77122,-2.25592,0.75189,0.602465
196.4,-1.80999,-2.09472,1.04254,0.602465
196.5,-1.82711,-1.88045,1.30511,0.602465
196.6,-1.81996,-1.62135,1.52537,0.602465
196.7,-1.78717,-1.33002,1.69229,0.602465
196.8,-1.72883,-1.02188,1.79954,0.602465
196.9,-1.64656,-0.713085,1.84622,0.602465
197,-1.54331,-0.418392,1.83652,0.602465
197.1,-1.42301,-0.149487,1.77857,0.602465
197.2,-1.29014,0.0859093,1.68273,0.602465
197.3,-1.14931,0.284113,1.56001,0.602465
197.4,-1.00483,0.444925,1.42061,0.602465
197.5,-0.860518,0.570735,1.27314,0.602465
197.6,-0.719502,0.665554,1.12426,0.602465
197.7,-0.584189,0.73417,0.978623,0.602465
197.8,-0.456291,0.781512,0.839217,0.602465
197.9,-0.336898,0.812232,0.707655,0.602465
198,-0.226577,0.830479,0.584569,0.602465
198.1,-0.125476,0.839804,0.46993,0.602465
198.2,-0.0334178,0.84316,0.363306,0.602465
198.3,0.0500093,0.842948,0.264064,-0.336377
198.4,0.125384,0.841087,0.171502,-0.0638769
198.5,0.193391,0.839092,0.0849393,0.0600328
198.6,0.25478,0.838147,0.00377171,0.140309
198.7,0.310325,0.839166,-0.0724988,0.198942
198.8,0.360806,0.842849,-0.144251,0.244696
198.9,0.406984,0.849727,-0.211743,0.281992
199,0.449593,0.860197,-0.275113,0.313356
199.1,0.48933,0.874546,-0.334386,0.340343
199.2,0.526847,0.892976,-0.389481,0.363954
199.3,0.56275,0.915617,-0.440218,0.384848
199.4,0.597598,0.942535,-0.486322,0.403465
199.5,0.631898,0.973734,-0.527431,0.420097
199.6,0.666109,1.00916,-0.563099,0.434935
199.7,0.700635,1.0487,-0.592801,0.448091
199.8,0.73583,1.09215,-0.615937,0.459627
199.9,0.771989,1.13923,-0.631841,0.469559
200,0.809347,1.18956,-0.639793,0.47787
200.1,0.848076,1.2426,-0.639029,0.484513
200.2,0.888272,1.29769,-0.628768,0.489418
200.3,0.929951,1.35399,-0.608236,0.492495
200.4,0.973037,1.41043,-0.576711,0.49362
200.5,1.01735,1.46576,-0.53357,0.492672
200.6,1.0626,1.51846,-0.478354,0.489499
200.7,1.10836,1.5668,-0.410841,0.483937
200.8,1.15408,1.60886,-0.331133,0.475813
200.9,1.19906,1.64252,-0.239738,0.464946
201,1.24247,1.66562,-0.13766,0.451155
201.1,1.28335,1.67604,-0.026459,0.451155
201.2,1.32064,1.67181,0.0917101,0.451155
201.3,1.3532,1.65136,0.214107,0.451155
201.4,1.37989,1.61362,0.337474,0.451155
201.5,1.39959,1.55823,0.45817,0.451155
201.6,1.41131,1.48567,0.572369,0.451155
201.7,1.41423,1.39727,0.676298,0.451155
201.8,1.40778,1.29525,0.766514,0.451155
201.9,1.39169,1.18254,0.840146,0.451155
202,1.36603,1.06263,0.895111,0.451155
202.1,1.3312,0.939263,0.930227,0.451155
202.2,1.28793,0.816185,0.94525,0.451155
202.3,1.23722,0.696865,0.940805,0.451155
202.4,1.18029,0.584281,0.918237,0.451155
202.5,1.11849,0.480774,0.879421,0.451155
202.6,1.05322,0.387987,0.826546,0.451155
202.7,0.985899,0.306874,0.761917,0.451155
202.8,0.917843,0.237768,0.687783,0.451155
202.9,0.850263,0.180482,0.606216,0.451155
203,0.784211,0.134431,0.519032,0.451155
203.1,0.720572,0.0987544,0.427759,0.451155
203.2,0.660055,0.0724246,0.333628,-0.227732
203.3,0.603199,0.0543404,0.237597,-0.169457
203.4,0.550386,0.0433991,0.140387,-0.0963746
203.5,0.501861,0.0385493,0.042519,-0.0185938
203.6,0.457747,0.0388272,-0.055645,0.0560887
203.7,0.418071,0.0433783,-0.153862,0.124034
203.8,0.38278,0.0514681,-0.251978,0.184502
203.9,0.351764,0.0624855,-0.349898,0.238049
204,0.324869,0.0759408,-0.447568,0.285626
204.1,0.301915,0.0914595,-0.544956,0.328187
204.2,0.282712,0.108775,-0.642039,0.366569
204.3,0.267064,0.127722,-0.738798,0.40146
204.4,0.254783,0.148227,-0.835208,0.433421
204.5,0.245698,0.170299,-0.931231,0.462897
204.6,0.239657,0.19403,-1.02682,0.490244
204.7,0.236536,0.219583,-1.12191,0.515749
204.8,0.236241,0.247194,-1.2164,0.539639
204.9,0.238713,0.277169,-1.31018,0.562098
205,0.243932,0.309883,-1.40311,0.583275
205.1,0.251917,0.345783,-1.49499,0.603287
205.2,0.262734,0.385393,-1.5856,0.622228
205.3,0.276495,0.429317,-1.67463,0.640172
205.4,0.293362,0.478244,-1.76172,0.657173
205.5,0.313553,0.532958,-1.8464,0.67327
205.6,0.337345,0.594345,-1.92808,0.688483
205.7,0.365077,0.663392,-2.00602,0.702816
205.8,0.397155,0.7412,-2.07929,0.716255
205.9,0.434057,0.828971,-2.14671,0.728766
206,0.476334,0.928005,-2.20677,0.740289
206.1,0.524612,1.03967,-2.2576,0.750736
206.2,0.579589,1.16533,-2.2968,0.759986
206.3,0.642023,1.30632,-2.32141,0.767874
206.4,0.71272,1.46373,-2.32769,0.774182
206.5,0.792494,1.63825,-2.31108,0.778627
206.6,0.882114,1.82986,-2.266,0.780849
206.7,0.982226,2.03739,-2.18587,0.780387
206.8,1.09322,2.25795,-2.06309,0.776664
206.9,1.21507,2.48622,-1.88933,0.768966
207,1.34709,2.7136,-1.65615,0.756409
207.1,1.48764,2.92745,-1.35605,0.737929
207.2,1.63384,3.11053,-0.984207,0.712249
207.3,1.78119,3.24118,-0.540803,0.712249
207.4,1.92343,3.29469,-0.0337853,0.712249
207.5,2.05249,3.24641,0.518693,0.712249
207.6,2.15891,3.0766,1.08724,0.712249
207.7,2.23275,2.77637,1.63296,0.712249
207.8,2.26489,2.35273,2.11269,0.712249
207.9,2.24863,1.83048,2.48719,0.712249
208,2.181,1.24917,2.72989,0.712249
208.1,2.06352,0.655457,2.83277,0.712249
208.2,1.90193,0.0934217,2.80705,0.712249
208.3,1.70518,-0.403472,2.6787,0.712249
208.4,1.48384,-0.816299,2.48094,0.712249
208.5,1.24859,-1.14013,2.24685,0.712249
208.6,1.00902,-1.38053,2.00433,0.712249
208.7,0.77296,-1.54904,1.77375,0.712249
208.8,0.54625,-1.65932,1.56802,0.712249
208.9,0.332902,-1.72442,1.39383,0.712249
209,0.135391,-1.7554,1.25333,0.712249
209.1,-0.0449775,-1.76079,1.14563,0.712249
209.2,-0.207716,-1.74678,1.06805,0.712249
209.3,-0.352871,-1.71753,1.01685,0.712249
209.4,-0.480804,-1.67571,0.987808,0.712249
209.5,-0.592045,-1.62297,0.976505,0.712249
209.6,-0.687197,-1.56037,0.978521,0.712249
209.7,-0.766894,-1.48874,0.989561,0.712249
209.8,-0.831785,-1.40889,1.00555,0.712249
209.9,-0.882546,-1.32183,1.02276,0.712249
210,-0.919892,-1.22884,1.03784,0.712249
210.1,-0.944609,-1.13146,1.04799,0.712249
210.2,-0.957567,-1.03148,1.05095,0.712249
210.3,-0.95973,-0.930846,1.04509,0.712249
210.4,-0.952159,-0.831531,1.02938,0.712249
210.5,-0.935998,-0.735424,1.00338,0.712249
210.6,-0.912454,-0.644224,0.967146,0.712249
210.7,-0.882768,-0.55935,0.92116,0.712249
210.8,-0.848182,-0.481895,0.866203,0.712249
210.9,-0.809906,-0.412599,0.803257,0.712249
211,-0.76909,-0.351861,0.733404,0.712249
211.1,-0.726798,-0.299771,0.657741,0.712249
211.2,-0.683985,-0.256157,0.577315,0.712249
211.3,-0.641492,-0.220642,0.493082,0.712249
211.4,-0.600033,-0.192702,0.405882,-0.233758
211.5,-0.560203,-0.171717,0.316424,-0.181686
211.6,-0.522475,-0.157024,0.225297,-0.117885
211.7,-0.487217,-0.147954,0.132972,-0.0488422
211.8,-0.454697,-0.143859,0.0398229,0.0196918
211.9,-0.425098,-0.144143,-0.0538612,0.0842211
212,-0.398533,-0.148272,-0.147857,0.143323
212.1,-0.375056,-0.155788,-0.241992,0.196825
212.2,-0.354676,-0.166312,-0.336131,0.245127
212.3,-0.337371,-0.179547,-0.430161,0.288825
212.4,-0.323094,-0.195279,-0.523985,0.328527
212.5,-0.311787,-0.213375,-0.617512,0.364788
212.6,-0.303391,-0.23378,-0.710647,0.398082
212.7,-0.297848,-0.256515,-0.803291,0.42881
212.8,-0.295112,-0.281675,-0.895325,0.457302
212.9,-0.295154,-0.309426,-0.986616,0.483828
213,-0.297968,-0.340007,-1.077,0.508612
213.1,-0.303573,-0.373723,-1.16628,0.531834
213.2,-0.31202,-0.410955,-1.25422,0.55364
213.3,-0.323395,-0.452155,-1.34053,0.574148
213.4,-0.33782,-0.497847,-1.42485,0.593448
213.5,-0.355463,-0.548637,-1.50673,0.61161
213.6,-0.376534,-0.605205,-1.58564,0.628681
213.7,-0.401292,-0.668313,-1.66091,0.64469
213.8,-0.43005,-0.738799,-1.7317,0.659643
213.9,-0.463173,-0.81757,-1.79698,0.673526
214,-0.501079,-0.90559,-1.85549,0.686302
214.1,-0.544241,-1.00385,-1.90565,0.697907
214.2,-0.593182,-1.11333,-1.94551,0.708244
214.3,-0.648464,-1.23494,-1.97269,0.717184
214.4,-0.710674,-1.36937,-1.98428,0.724552
214.5,-0.780395,-1.51703,-1.97678,0.730121
214.6,-0.858168,-1.67774,-1.946,0.733602
214.7,-0.944429,-1.85052,-1.88708,0.734632
214.8,-1.03943,-2.03321,-1.79453,0.732762
214.9,-1.1431,-2.22198,-1.66237,0.727437
215,-1.25494,-2.41087,-1.48457,0.717989
215.1,-1.37377,-2.59123,-1.25564,0.70361
215.2,-1.49759,-2.75147,-0.971711,0.683354
215.3,-1.62333,-2.87694,-0.631875,0.683354
215.4,-1.74667,-2.95068,-0.23985,0.683354
215.5,-1.86207,-2.95489,0.194396,0.683354
215.6,-1.96287,-2.87358,0.653579,0.683354
215.7,-2.04173,-2.69597,1.11331,0.683354
215.8,-2.0914,-2.42007,1.54417,0.683354
215.9,-2.10566,-2.05515,1.91582,0.683354
216,-2.08033,-1.62188,2.20229,0.683354
216.1,-2.01404,-1.14962,2.3871,0.683354
216.2,-1.90856,-0.671301,2.46621,0.683354
216.3,-1.76856,-0.217507,2.44798,0.683354
216.4,-1.60088,0.188253,2.35021,0.683354
216.5,-1.41347,0.531924,2.1956,0.683354
216.6,-1.21443,0.808739,2.00721,0.683354
216.7,-1.01113,1.02126,1.80517,0.683354
216.8,-0.809786,1.17671,1.60502,0.683354
216.9,-0.615194,1.28448,1.41735,0.683354
217,-0.430777,1.35423,1.24844,0.683354
217.1,-0.258751,1.39475,1.10119,0.683354
217.2,-0.100349,1.41341,0.976138,0.683354
217.3,0.043939,1.41603,0.872315,0.683354
217.4,0.174152,1.40699,0.78787,0.683354
217.5,0.290681,1.38947,0.72052,0.683354
217.6,0.394139,1.36571,0.667831,-0.0805264
217.7,0.485252,1.33725,0.627383,0.011346
217.8,0.564801,1.30511,0.596865,0.0659668
217.9,0.633575,1.27002,0.574119,0.0998077
218,0.692344,1.23251,0.557167,0.120659
218.1,0.741851,1.19301,0.544218,0.132846
218.2,0.782807,1.1519,0.533673,0.132846
218.3,0.815892,1.10959,0.524125,0.132846
218.4,0.841762,1.06652,0.514363,0.132846
218.5,0.861054,1.02316,0.50337,0.132846
218.6,0.874389,0.980011,0.490319,0.132846
218.7,0.882381,0.937593,0.474568,0.132846
218.8,0.885632,0.896435,0.455655,0.132846
218.9,0.884739,0.857051,0.433276,0.132846
219,0.880288,0.819922,0.40728,0.132846
219.1,0.872855,0.785483,0.377641,0.132846
219.2,0.862997,0.754112,0.344447,0.121804
219.3,0.851253,0.726125,0.307872,0.125617
219.4,0.838138,0.701768,0.268162,0.131769
219.5,0.824136,0.681224,0.225614,0.140339
219.6,0.809701,0.664611,0.180562,0.151273
219.7,0.795252,0.651997,0.133363,0.16442
219.8,0.781172,0.6434,0.0843871,0.179534
219.9,0.767807,0.638802,0.0340098,0.196315
220,0.755468,0.638158,-0.0173922,0.214413
220.1,0.744431,0.641406,-0.0694437,0.233464
220.2,0.734939,0.648472,-0.121771,0.253117
220.3,0.727204,0.65928,-0.174002,0.273041
220.4,0.721412,0.673755,-0.225759,0.292948
220.5,0.717723,0.691832,-0.276662,0.31259
220.6,0.716277,0.713451,-0.326317,0.331763
220.7,0.717195,0.738564,-0.374317,0.3503
220.8,0.720583,0.76713,-0.420231,0.368066
220.9,0.726533,0.799115,-0.463604,0.384954
221,0.735124,0.834483,-0.503946,0.400877
221.1,0.746426,0.873191,-0.540732,0.415757
221.2,0.760495,0.915182,-0.573395,0.42953
221.3,0.777376,0.960369,-0.601322,0.442132
221.4,0.797101,1.00862,-0.623854,0.453494
221.5,0.819681,1.05975,-0.640285,0.463552
221.6,0.845106,1.11348,-0.649867,0.472233
221.7,0.873337,1.16945,-0.651817,0.47945
221.8,0.904295,1.22714,-0.645333,0.48511
221.9,0.937855,1.28591,-0.629613,0.48911
222,0.973834,1.34493,-0.603885,0.491329
222.1,1.01198,1.40315,-0.567449,0.491635
222.2,1.05194,1.45932,-0.519728,0.489884
222.3,1.09329,1.51196,-0.460333,0.485919
222.4,1.13547,1.55938,-0.389134,0.479572
222.5,1.17783,1.59968,-0.306343,0.470669
222.6,1.21956,1.63086,-0.212596,0.459032
222.7,1.25976,1.65085,-0.109025,0.444488
222.8,1.29742,1.65769,0.00268406,0.444488
222.9,1.33144,1.64963,0.120274,0.444488
223,1.36068,1.6253,0.240941,0.444488
223.1,1.38399,1.5839,0.361422,0.444488
223.2,1.40032,1.52535,0.478136,0.444488
223.3,1.40872,1.45037,0.587393,0.444488
223.4,1.40844,1.36052,0.685629,0.444488
223.5,1.39902,1.25814,0.769663,0.444488
223.6,1.38026,1.14626,0.836928,0.444488
223.7,1.35232,1.02831,0.88564,0.444488
223.8,1.31567,0.907941,0.914898,0.444488
223.9,1.27108,0.788717,0.924685,0.444488
224,1.21957,0.673877,0.915783,0.444488
224.1,1.16237,0.566155,0.88962,0.444488
224.2,1.10079,0.467655,0.848084,0.444488
224.3,1.0362,0.37981,0.793315,0.444488
224.4,0.969946,0.303409,0.727529,0.444488
224.5,0.903293,0.238662,0.652859,0.444488
224.6,0.837375,0.18531,0.571256,0.444488
224.7,0.773182,0.142738,0.484414,0.444488
224.8,0.711533,0.110086,0.393754,0.444488
224.9,0.653083,0.0863566,0.300417,-0.189886
225,0.598326,0.0704928,0.20529,-0.130459
225.1,0.547609,0.0614484,0.109041,-0.0599372
225.2,0.501146,0.0582335,0.012155,0.0131157
225.3,0.459045,0.0599468,-0.0850289,0.0826922
225.4,0.421319,0.0657946,-0.182279,0.146126
225.5,0.387911,0.0751009,-0.279445,0.202922
225.6,0.358713,0.0873089,-0.376427,0.253567
225.7,0.333577,0.101979,-0.473164,0.29886
225.8,0.312335,0.118785,-0.569611,0.33961
225.9,0.294807,0.137504,-0.665732,0.376534
226,0.280816,0.158012,-0.76149,0.410235
226.1,0.270192,0.180275,-0.856841,0.441203
226.2,0.262785,0.204345,-0.951727,0.469835
226.3,0.258466,0.230351,-1.04607,0.49645
226.4,0.257134,0.2585,-1.13978,0.521305
226.5,0.258722,0.289072,-1.23273,0.544607
226.6,0.2632,0.322417,-1.32477,0.566521
226.7,0.270576,0.358962,-1.41569,0.587181
226.8,0.280902,0.399207,-1.50525,0.606691
226.9,0.294278,0.443735,-1.59315,0.625133
227,0.310852,0.493209,-1.67899,0.642571
227.1,0.330826,0.548385,-1.7623,0.659046
227.2,0.35446,0.610111,-1.84248,0.674583
227.3,0.382073,0.679334,-1.91877,0.689189
227.4,0.414051,0.757098,-1.99022,0.702853
227.5,0.450845,0.844537,-2.05563,0.715538
227.6,0.492975,0.942866,-2.11351,0.727188
227.7,0.54103,1.05334,-2.16197,0.737714
227.8,0.595664,1.17721,-2.19866,0.746994
227.9,0.657582,1.31563,-2.22064,0.754863
228,0.727522,1.46951,-2.2243,0.761104
228.1,0.80622,1.63933,-2.2052,0.765438
228.2,0.894355,1.82484,-2.15804,0.767506
228.3,0.992463,2.02464,-2.07656,0.766856
228.4,1.10082,2.23566,-1.95368,0.762927
228.5,1.21929,2.45251,-1.78175,0.755022
228.6,1.34707,2.66676,-1.55317,0.742291
228.7,1.48248,2.86623,-1.26143,0.723714
228.8,1.62263,3.03466,-0.90271,0.698074
228.9,1.76317,3.15194,-0.477969,0.698074
229,1.89812,3.19552,0.0046181,0.698074
229.1,2.01989,3.14328,0.52764,0.698074
229.2,2.11974,2.9779,1.06372,0.698074
229.3,2.18853,2.69201,1.57724,0.698074
229.4,2.21795,2.29249,2.02907,0.698074
229.5,2.20191,1.802,2.38376,0.698074
229.6,2.13772,1.25624,2.61708,0.698074
229.7,2.02674,0.697345,2.72122,0.698074
229.8,1.87415,0.165447,2.70544,0.698074
229.9,1.68807,-0.308402,2.5924,0.698074
230,1.4782,-0.705905,2.41165,0.698074
230.1,1.25445,-1.02135,2.19324,0.698074
230.2,1.02581,-1.25874,1.96301,0.698074
230.3,0.79973,-1.42798,1.7403,0.698074
230.4,0.58186,-1.54128,1.53779,0.698074
230.5,0.376153,-1.61077,1.36244,0.698074
230.6,0.185095,-1.64695,1.21693,0.698074
230.7,0.0100365,-1.65825,1.10104,0.698074
230.8,-0.148495,-1.65092,1.01272,0.698074
230.9,-0.290526,-1.62937,0.948943,0.698074
231,-0.416427,-1.59656,0.906167,0.698074
231.1,-0.526761,-1.5544,0.880661,0.698074
231.2,-0.622182,-1.50411,0.868695,0.698074
231.3,-0.703379,-1.44655,0.866647,0.698074
231.4,-0.771048,-1.38243,0.871082,0.698074
231.5,-0.825888,-1.31248,0.878816,0.698074
231.6,-0.868606,-1.23758,0.886973,0.698074
231.7,-0.899933,-1.15878,0.893039,0.698074
231.8,-0.920639,-1.07728,0.894908,0.698074
231.9,-0.931545,-0.994473,0.890918,0.698074
232,-0.933527,-0.911786,0.87986,0.698074
232.1,-0.927516,-0.830674,0.860971,0.698074
232.2,-0.914491,-0.752513,0.8339,0.698074
232.3,-0.89546,-0.678538,0.798662,0.698074
232.4,-0.871447,-0.609789,0.755567,0.698074
232.5,-0.843463,-0.547082,0.705151,0.698074
232.6,-0.812491,-0.490986,0.648104,0.698074
232.7,-0.779462,-0.44184,0.585203,0.698074
232.8,-0.745242,-0.399765,0.517253,0.698074
232.9,-0.710614,-0.364696,0.445044,0.698074
233,-0.676275,-0.336422,0.369322,-0.0890958
233.1,-0.642829,-0.314622,0.29076,-0.0570498
233.2,-0.610789,-0.298901,0.209957,-0.0178545
233.3,-0.580579,-0.288827,0.127433,0.026168
233.4,-0.55254,-0.283958,0.0436309,0.0725577
233.5,-0.52694,-0.283867,-0.0410718,0.119212
233.6,-0.503983,-0.288162,-0.126354,0.16463
233.7,-0.483818,-0.296497,-0.21194,0.207915
233.8,-0.466548,-0.308585,-0.297588,0.248633
233.9,-0.452244,-0.324202,-0.383076,0.286661
234,-0.440951,-0.343194,-0.468195,0.322052
234.1,-0.4327,-0.365476,-0.552739,0.354953
234.2,-0.427513,-0.391035,-0.636493,0.385547
234.3,-0.425413,-0.419928,-0.719224,0.414023
234.4,-0.426428,-0.452282,-0.800673,0.440559
234.5,-0.4306,-0.48829,-0.880545,0.465314
234.6,-0.437989,-0.528212,-0.958498,0.488424
234.7,-0.448676,-0.57237,-1.03413,0.510003
234.8,-0.462768,-0.621146,-1.10696,0.530141
234.9,-0.480402,-0.674977,-1.17643,0.548904
235,-0.501744,-0.734347,-1.24187,0.566337
235.1,-0.526994,-0.799776,-1.30245,0.582463
235.2,-0.556383,-0.871806,-1.35722,0.597281
235.3,-0.590171,-0.95098,-1.40502,0.610766
235.4,-0.628644,-1.03781,-1.44447,0.622867
235.5,-0.672106,-1.13272,-1.47395,0.633504
235.6,-0.720869,-1.236,-1.49152,0.642565
235.7,-0.775228,-1.34773,-1.49494,0.649901
235.8,-0.835446,-1.46763,-1.48164,0.655323
235.9,-0.901711,-1.59495,-1.44869,0.658591
236,-0.974092,-1.72829,-1.39289,0.659414
236.1,-1.05248,-1.86539,-1.31084,0.657438
236.2,-1.1365,-2.0029,-1.19912,0.652242
236.3,-1.22545,-2.13617,-1.05463,0.643328
236.4,-1.31817,-2.25909,-0.874943,0.630125
236.5,-1.41297,-2.36406,-0.658965,0.611975
236.6,-1.50751,-2.44215,-0.407575,0.611975
236.7,-1.59878,-2.48363,-0.124381,0.611975
236.8,-1.68316,-2.47883,0.183659,0.611975
236.9,-1.75646,-2.4194,0.505927,0.611975
237,-1.81426,-2.29992,0.828419,0.611975
237.1,-1.85221,-2.11932,1.13476,0.611975
237.2,-1.86657,-1.88198,1.40797,0.611975
237.3,-1.85461,-1.59793,1.63275,0.611975
237.4,-1.81508,-1.28189,1.79774,0.611975
237.5,-1.7484,-0.951378,1.89721,0.611975
237.6,-1.65663,-0.624205,1.93157,0.611975
237.7,-1.54327,-0.316078,1.90681,0.611975
237.8,-1.4128,-0.0388611,1.83293,0.611975
237.9,-1.27017,0.2002,1.72194,0.611975
238,-1.12033,0.398318,1.58599,0.611975
238.1,-0.967863,0.556359,1.43602,0.611975
238.2,-0.81667,0.677741,1.28087,0.611975
238.3,-0.669893,0.767339,1.12713,0.611975
238.4,-0.529876,0.830585,0.97921,0.611975
238.5,-0.398221,0.872838,0.839725,0.611975
238.6,-0.275888,0.898996,0.709924,0.611975
238.7,-0.163312,0.913311,0.590094,0.611975
238.8,-0.0605129,0.919341,0.479912,0.611975
238.9,0.0327963,0.919981,0.378709,0.611975
239,0.117121,0.917537,0.285662,-0.204441
239.1,0.193115,0.913818,0.199925,-0.0197632
239.2,0.261519,0.910221,0.120708,0.0822889
239.3,0.323122,0.907812,0.0473235,0.151372
239.4,0.378724,0.907392,-0.0207913,0.202643
239.5,0.429116,0.909554,-0.0840684,0.242883
239.6,0.47506,0.914725,-0.142811,0.275716
239.7,0.517283,0.923202,-0.1972,0.303282
239.8,0.556462,0.935175,-0.247305,0.326924
239.9,0.593226,0.950747,-0.293095,0.347516
240,0.628149,0.969948,-0.334449,0.365638
240.1,0.66175,0.992741,-0.371161,0.381678
240.2,0.694492,1.01903,-0.402956,0.395891
240.3,0.726783,1.04865,-0.429497,0.408441
240.4,0.758972,1.08137,-0.45039,0.419426
240.5,0.79135,1.1169,-0.4652,0.428894
240.6,0.824149,1.15486,-0.473458,0.436859
240.7,0.857537,1.19477,-0.474682,0.443302
240.8,0.891618,1.23606,-0.468388,0.448187
240.9,0.926424,1.27804,-0.454118,0.451454
241,0.961915,1.31991,-0.431462,0.453031
241.1,0.997969,1.36071,-0.4001,0.452833
241.2,1.03438,1.39939,-0.359831,0.450764
241.3,1.07086,1.43474,-0.310621,0.446721
241.4,1.10701,1.46547,-0.252651,0.440596
241.5,1.14237,1.49021,-0.186356,0.432285
241.6,1.17638,1.50758,-0.112474,0.421682
241.7,1.20839,1.51624,-0.0320707,0.408702
241.8,1.23771,1.51496,0.0534399,0.408702
241.9,1.26359,1.50272,0.142306,0.408702
242,1.28528,1.47882,0.232474,0.408702
242.1,1.30206,1.44292,0.321651,0.408702
242.2,1.31325,1.39518,0.407406,0.408702
242.3,1.31828,1.33621,0.487288,0.408702
242.4,1.31672,1.26716,0.558962,0.408702
242.5,1.30831,1.18962,0.620349,0.408702
242.6,1.29299,1.10555,0.669745,0.408702
242.7,1.27091,1.0172,0.705916,0.408702
242.8,1.2424,0.926911,0.728149,0.408702
242.9,1.20802,0.837025,0.736259,0.408702
243,1.16846,0.749714,0.730555,0.408702
243.1,1.12456,0.666881,0.711765,0.408702
243.2,1.07724,0.590086,0.680939,0.408702
243.3,1.02745,0.520499,0.639346,0.408702
243.4,0.976166,0.458903,0.588366,0.408702
243.5,0.924301,0.405712,0.529402,0.408702
243.6,0.872722,0.361021,0.463801,0.408702
243.7,0.822204,0.324665,0.392809,0.408702
243.8,0.773422,0.29628,0.317534,-0.049756
243.9,0.726947,0.275364,0.238933,-0.0227527
244,0.683243,0.26134,0.157814,0.0124962
244.1,0.642671,0.253594,0.0748457,0.0535862
244.2,0.605503,0.251522,-0.00942716,0.0978433
244.3,0.571926,0.254554,-0.0945627,0.142898
244.4,0.542058,0.262179,-0.180202,0.187027
244.5,0.515962,0.273957,-0.266049,0.229187
244.6,0.493657,0.289528,-0.351854,0.268863
244.7,0.475128,0.308619,-0.437393,0.305896
244.8,0.460341,0.331044,-0.522459,0.340327
244.9,0.449253,0.356702,-0.606845,0.372304
245,0.441817,0.385578,-0.690334,0.40201
245.1,0.437994,0.417737,-0.77269,0.429639
245.2,0.43776,0.453325,-0.853645,0.45537
245.3,0.441109,0.492561,-0.93289,0.479362
245.4,0.448061,0.535735,-1.01006,0.501747
245.5,0.458665,0.583205,-1.08473,0.522636
245.6,0.473002,0.63539,-1.15637,0.542114
245.7,0.491187,0.692765,-1.22439,0.56024
245.8,0.513374,0.755851,-1.28805,0.577052
245.9,0.539752,0.825204,-1.34647,0.592563
246,0.570546,0.901393,-1.39859,0.606765
246.1,0.606012,0.984977,-1.44315,0.619619
246.2,0.646437,1.07646,-1.47866,0.631064
246.3,0.69212,1.17626,-1.50334,0.641005
246.4,0.743365,1.2846,-1.51509,0.649313
246.5,0.800456,1.40144,-1.51148,0.655819
246.6,0.863629,1.52635,-1.48974,0.660312
246.7,0.933028,1.65831,-1.44675,0.662527
246.8,1.00866,1.79559,-1.37913,0.66214
246.9,1.0903,1.93543,-1.28335,0.658764
247,1.17745,2.07389,-1.156,0.651937
247.1,1.26921,2.20561,-0.994104,0.641122
247.2,1.36417,2.32368,-0.795677,0.625697
247.3,1.46034,2.41967,-0.560345,0.604957
247.4,1.55503,2.48399,-0.290112,0.604957
247.5,1.6449,2.50654,0.00990141,0.604957
247.6,1.72594,2.4778,0.330925,0.604957
247.7,1.79375,2.39033,0.66045,0.604957
247.8,1.84376,2.24039,0.982834,0.604957
247.9,1.87176,2.02932,1.28072,0.604957
248,1.87432,1.76433,1.53718,0.604957
248.1,1.84931,1.45813,1.73812,0.604957
248.2,1.79621,1.12751,1.87445,0.604957
248.3,1.71627,0.790924,1.9433,0.604957
248.4,1.61233,0.465912,1.94801,0.604957
248.5,1.48852,0.166857,1.89701,0.604957
248.6,1.3497,-0.0963472,1.80185,0.604957
248.7,1.201,-0.318603,1.67521,0.604957
248.8,1.04734,-0.499066,1.52909,0.604957
248.9,0.89306,-0.640104,1.37371,0.604957
249,0.741774,-0.746124,1.21699,0.604957
249.1,0.596274,-0.822527,1.06451,0.604957
249.2,0.458554,-0.87491,0.919772,0.604957
249.3,0.329902,-0.908551,0.78467,0.604957
249.4,0.211006,-0.928126,0.659902,0.604957
249.5,0.102079,-0.937601,0.545374,0.604957
249.6,0.00297005,-0.940233,0.440518,0.604957
249.7,-0.0867348,-0.938634,0.344523,-0.395539
249.8,-0.167631,-0.934858,0.256502,-0.0939027
249.9,-0.240431,-0.930496,0.175589,0.0361278
250,-0.30591,-0.926765,0.101005,0.11777
250.1,-0.364871,-0.924578,0.0320922,0.175932
250.2,-0.418116,-0.924615,-0.0316776,0.220335
250.3,-0.466426,-0.927364,-0.0906983,0.25582
250.4,-0.510545,-0.933168,-0.145237,0.285135
250.5,-0.551176,-0.942251,-0.195445,0.309959
250.6,-0.588969,-0.954741,-0.241366,0.331371
250.7,-0.62452,-0.970687,-0.282951,0.350084
250.8,-0.658373,-0.990065,-0.320066,0.366571
250.9,-0.691011,-1.01279,-0.352505,0.381148
251,-0.722862,-1.03872,-0.379997,0.394022
251.1,-0.754297,-1.06765,-0.402218,0.405325
251.2,-0.785627,-1.0993,-0.418803,0.415126
251.3,-0.817106,-1.13333,-0.429354,0.42346
251.4,-0.848925,-1.16931,-0.433453,0.430328
251.5,-0.881215,-1.20674,-0.430684,0.435706
251.6,-0.914039,-1.245,-0.420646,0.439549
251.7,-0.947393,-1.28338,-0.402979,0.441801
251.8,-0.981198,-1.32106,-0.377391,0.44239
251.9,-1.0153,-1.35711,-0.343692,0.441235
252,-1.04947,-1.39049,-0.301825,0.438251
252.1,-1.08339,-1.42007,-0.25191,0.433343
252.2,-1.11666,-1.44466,-0.194278,0.426424
252.3,-1.14882,-1.46305,-0.129508,0.417405
252.4,-1.17931,-1.47403,-0.0584555,0.406204
252.5,-1.20755,-1.47649,0.017729,0.406204
252.6,-1.23288,-1.46946,0.0976028,0.406204
252.7,-1.25465,-1.45222,0.17945,0.406204
252.8,-1.27218,-1.42435,0.261329,0.406204
252.9,-1.28488,-1.38578,0.34114,0.406204
253,-1.2922,-1.33687,0.416721,0.406204
253.1,-1.29369,-1.27842,0.485955,0.406204
253.2,-1.28907,-1.2116,0.546882,0.406204
253.3,-1.27818,-1.13799,0.597814,0.406204
253.4,-1.26107,-1.05943,0.637419,0.406204
253.5,-1.23796,-0.977915,0.664788,0.406204
253.6,-1.20922,-0.895518,0.679464,0.406204
253.7,-1.17542,-0.814235,0.681429,0.406204
253.8,-1.13723,-0.735897,0.671067,0.406204
253.9,-1.09543,-0.662081,0.649093,0.406204
254,-1.05085,-0.59406,0.616474,0.406204
254.1,-1.00436,-0.532776,0.574341,0.406204
254.2,-0.956812,-0.478844,0.523902,0.406204
254.3,-0.909028,-0.432579,0.466374,0.406204
254.4,-0.861762,-0.394034,0.402924,0.406204
254.5,-0.815694,-0.363052,0.334628,0.406204
254.6,-0.771416,-0.339317,0.262453,-0.000376177
254.7,-0.729426,-0.322406,0.187239,0.0266594
254.8,-0.690133,-0.311834,0.109707,0.0597682
254.9,-0.653859,-0.307094,0.0304653,0.0970049
255,-0.620849,-0.307688,-0.0499788,0.136402
255.1,-0.591275,-0.313153,-0.131199,0.176279
255.2,-0.565254,-0.323076,-0.212836,0.21541
255.3,-0.542855,-0.33711,-0.294578,0.253017
255.4,-0.524111,-0.354979,-0.376147,0.28868
255.5,-0.509028,-0.376485,-0.457284,0.322231
255.6,-0.497598,-0.401506,-0.537734,0.353651
255.7,-0.489804,-0.429998,-0.617237,0.383011
255.8,-0.485632,-0.461994,-0.695514,0.41042
255.9,-0.485076,-0.497598,-0.772256,0.436
256,-0.488142,-0.536983,-0.847115,0.459871
256.1,-0.494857,-0.58039,-0.919687,0.482137
256.2,-0.505269,-0.628115,-0.989504,0.502889
256.3,-0.519456,-0.680508,-1.05601,0.522197
256.4,-0.537519,-0.737962,-1.11857,0.540109
256.5,-0.559593,-0.800904,-1.1764,0.556655
256.6,-0.58584,-0.869771,-1.22861,0.571839
256.7,-0.616446,-0.944997,-1.27411,0.585644
256.8,-0.651623,-1.02698,-1.31164,0.598027
256.9,-0.691593,-1.11602,-1.33973,0.608919
257,-0.736583,-1.21232,-1.35666,0.618221
257.1,-0.786806,-1.31583,-1.36043,0.625798
257.2,-0.842437,-1.42622,-1.3488,0.631481
257.3,-0.903584,-1.54275,-1.31926,0.635057
257.4,-0.970247,-1.66409,-1.26907,0.636265
257.5,-1.04227,-1.78819,-1.19538,0.634793
257.6,-1.11926,-1.91212,-1.0954,0.630269
257.7,-1.20056,-2.03188,-0.966586,0.622262
257.8,-1.28511,-2.14228,-0.807037,0.610273
257.9,-1.37141,-2.23699,-0.615931,0.593741
258,-1.45746,-2.30862,-0.394059,0.593741
258.1,-1.5407,-2.34913,-0.144391,0.593741
258.2,-1.61804,-2.35054,0.127449,0.593741
258.3,-1.68597,-2.30583,0.412936,0.593741
258.4,-1.74075,-2.21016,0.700802,0.593741
258.5,-1.77866,-2.06199,0.977736,0.593741
258.6,-1.79642,-1.86399,1.22966,0.593741
258.7,-1.79151,-1.62331,1.44338,0.593741
258.8,-1.76253,-1.35111,1.6084,0.593741
258.9,-1.70944,-1.06125,1.7183,0.593741
259,-1.63356,-0.768525,1.77151,0.593741
259.1,-1.53747,-0.486734,1.77112,0.593741
259.2,-1.42471,-0.227124,1.72394,0.593741
259.3,-1.29938,0.00251427,1.63912,0.593741
259.4,-1.16575,0.198053,1.52661,0.593741
259.5,-1.02793,0.358636,1.39594,0.593741
259.6,-0.889566,0.485932,1.25535,0.593741
259.7,-0.753739,0.583293,1.11136,0.593741
259.8,-0.622851,0.654965,0.968725,0.593741
259.9,-0.498658,0.705475,0.830587,0.593741
260,-0.382321,0.739208,0.698797,0.593741
260.1,-0.274493,0.760157,0.57422,0.593741
260.2,-0.175409,0.771802,0.45704,0.593741
260.3,-0.084974,0.777083,0.347011,0.593741
260.4,-0.00285057,0.778428,0.243648,-0.601368
260.5,0.0714768,0.777809,0.146367,-0.0978563
260.6,0.138642,0.776804,0.0545763,0.0445172
260.7,0.199353,0.776665,-0.0322597,0.133229
260.8,0.254357,0.77838,-0.11459,0.197229
260.9,0.304411,0.782721,-0.192758,0.246964
261,0.350267,0.790292,-0.266994,0.287479
261.1,0.392655,0.801562,-0.337416,0.321589
261.2,0.432276,0.816896,-0.404031,0.351005
261.3,0.469794,0.836575,-0.466741,0.376819
261.4,0.505833,0.860812,-0.525344,0.399751
261.5,0.540977,0.889766,-0.579539,0.420285
261.6,0.575764,0.923543,-0.628926,0.438741
261.7,0.61069,0.962198,-0.673008,0.455333
261.8,0.646208,1.00573,-0.71119,0.470193
261.9,0.682723,1.05408,-0.742778,0.483392
262,0.72059,1.10709,-0.766982,0.494957
262.1,0.760114,1.16451,-0.782917,0.504876
262.2,0.80154,1.22596,-0.789613,0.513105
262.3,0.845044,1.29088,-0.786029,0.519568
262.4,0.890725,1.35851,-0.771076,0.524163
262.5,0.938586,1.42786,-0.743653,0.526764
262.6,0.988524,1.49763,-0.702702,0.527214
262.7,1.04031,1.56619,-0.647277,0.525334
262.8,1.09355,1.63158,-0.576637,0.520929
262.9,1.1477,1.69147,-0.490361,0.513753
263,1.20202,1.7432,-0.388476,0.503584
263.1,1.25559,1.78386,-0.271606,0.490153
263.2,1.30727,1.81038,-0.141102,0.490153
263.3,1.35575,1.81978,0.000847135,0.490153
263.4,1.39957,1.80933,0.15115,0.490153
263.5,1.43717,1.77688,0.305843,0.490153
263.6,1.46699,1.72116,0.460212,0.490153
263.7,1.48753,1.64201,0.609037,0.490153
263.8,1.4975,1.54058,0.746944,0.490153
263.9,1.49588,1.41935,0.868824,0.490153
264,1.48206,1.28208,0.970268,0.490153
264.1,1.45591,1.13345,1.04795,0.490153
264.2,1.41777,0.978739,1.09989,0.490153
264.3,1.36846,0.823335,1.12553,0.490153
264.4,1.30922,0.672271,1.12571,0.490153
264.5,1.24163,0.529864,1.10237,0.490153
264.6,1.16749,0.39946,1.05831,0.490153
264.7,1.08866,0.283325,0.996771,0.490153
264.8,1.00703,0.182667,0.92112,0.490153
264.9,0.924349,0.0977564,0.834593,0.490153
265,0.842202,0.028107,0.74009,0.490153
265.1,0.761941,-0.0273246,0.640068,0.490153
265.2,0.684676,-0.0699418,0.536506,0.490153
265.3,0.611263,-0.10134,0.430923,0.490153
265.4,0.542325,-0.123173,0.324423,0.490153
265.5,0.478266,-0.137052,0.217766,-0.363293
265.6,0.419306,-0.144482,0.111437,-0.197135
265.7,0.365506,-0.146823,0.00571391,-0.0595552
265.8,0.3168,-0.14527,-0.0992725,0.0472651
265.9,0.273023,-0.140848,-0.203493,0.131703
266,0.233936,-0.13442,-0.306982,0.200502
266.1,0.199248,-0.126698,-0.40981,0.258147
266.2,0.168634,-0.11826,-0.512061,0.3076
266.3,0.141753,-0.109563,-0.613828,0.350866
266.4,0.118255,-0.100961,-0.715195,0.389343
266.5,0.0977963,-0.0927245,-0.81624,0.424028
266.6,0.0800421,-0.0850515,-0.917029,0.455653
266.7,0.0646745,-0.0780829,-1.01762,0.484762
266.8,0.0513944,-0.0719141,-1.11805,0.511768
266.9,0.0399238,-0.0666061,-1.21837,0.536989
267,0.0300068,-0.0621942,-1.31859,0.560675
267.1,0.0214092,-0.0586966,-1.41875,0.583025
267.2,0.013918,-0.0561207,-1.51885,0.6042
267.3,0.00734019,-0.0544693,-1.61891,0.624329
267.4,0.00150062,-0.0537456,-1.71893,0.643521
267.5,-0.00375953,-0.0539572,-1.81892,0.661868
267.6,-0.0085851,-0.0551205,-1.91889,0.679446
267.7,-0.0131093,-0.0572638,-2.01883,0.696322
267.8,-0.017456,-0.0604311,-2.11874,0.712552
267.9,-0.0217425,-0.0646852,-2.21862,0.728187
268,-0.0260818,-0.0701113,-2.31846,0.74327
268.1,-0.0305857,-0.0768212,-2.41825,0.75784
268.2,-0.0353672,-0.0849572,-2.51798,0.771931
268.3,-0.040544,-0.0946981,-2.61764,0.785573
268.4,-0.0462415,-0.106264,-2.7172,0.798794
268.5,-0.0525965,-0.119927,-2.81665,0.811617
268.6,-0.0597613,-0.136014,-2.91593,0.824063
268.7,-0.0679083,-0.154924,-3.015,0.836152
268.8,-0.0772352,-0.177138,-3.1138,0.847898
268.9,-0.0879712,-0.203234,-3.21223,0.859315
269,-0.100384,-0.233909,-3.31018,0.870413
269.1,-0.11479,-0.269997,-3.40747,0.881198
269.2,-0.131561,-0.312503,-3.50389,0.891674
269.3,-0.151139,-0.36263,-3.59913,0.901838
269.4,-0.17405,-0.421821,-3.69277,0.911682
269.5,-0.20092,-0.491803,-3.78422,0.921189
269.6,-0.232497,-0.574635,-3.87269,0.930332
269.7,-0.269671,-0.672769,-3.95707,0.939069
269.8,-0.313501,-0.789103,-4.03581,0.947338
269.9,-0.365247,-0.927035,-4.10675,0.955051
270,-0.426396,-1.0905,-4.16692,0.962079
270.1,-0.498696,-1.28396,-4.21213,0.968243
270.2,-0.584172,-1.5123,-4.2366,0.973293
270.3,-0.685139,-1.78063,-4.23234,0.976875
270.4,-0.804162,-2.09372,-4.18838,0.978502
270.5,-0.943969,-2.45509,-4.08994,0.977499
270.6,-1.10724,-2.86538,-3.9175,0.97294
270.7,-1.29622,-3.31972,-3.64622,0.963572
270.8,-1.51205,-3.80382,-3.24624,0.947716
270.9,-1.75376,-4.28876,-2.6851,0.923162
271,-2.01675,-4.72533,-1.93384,0.887037
271.1,-2.29106,-5.04038,-0.978596,0.887037
271.2,-2.55963,-5.14014,0.162283,0.887037
271.3,-2.79771,-4.92684,1.42003,0.887037
271.4,-2.97468,-4.3316,2.66781,0.887037
271.5,-3.05935,-3.35491,3.73891,0.887037
271.6,-3.028,-2.09061,4.47618,0.887037
271.7,-2.8721,-0.708428,4.79279,0.887037
271.8,-2.60149,0.604075,4.70658,0.887037
271.9,-2.2411,1.70591,4.32433,0.887037
272,-1.82317,2.53507,3.79085,0.887037
272.1,-1.37917,3.09974,3.23827,0.887037
272.2,-0.934647,3.44718,2.7593,0.887037
272.3,-0.507584,3.63328,2.40457,0.887037
272.4,-0.109338,3.70389,2.19239,0.887037
272.5,0.253383,3.68798,2.12018,0.887037
272.6,0.576463,3.59844,2.1726,0.887037
272.7,0.856799,3.43658,2.32604,0.887037
272.8,1.09139,3.19811,2.55067,0.887037
272.9,1.27709,2.87922,2.81211,0.887037
273,1.41092,2.48188,3.07396,0.887037
273.1,1.49082,2.01716,3.30176,0.887037
273.2,1.51644,1.50576,3.46772,0.887037
273.3,1.4898,0.975467,3.55489,0.887037
273.4,1.41554,0.45645,3.55916,0.887037
273.5,1.30063,-0.0240272,3.48848,0.887037
273.6,1.15365,-0.445634,3.35945,0.887037
273.7,0.983891,-0.796749,3.19281,0.887037
273.8,0.800448,-1.07399,3.00916,0.887037
273.9,0.611554,-1.28025,2.82596,0.887037
274,0.424177,-1.42228,2.656,0.887037
274.1,0.243886,-1.50847,2.50715,0.887037
274.2,0.0749044,-1.54732,2.38296,0.887037
274.3,-0.0797207,-1.54658,2.28354,0.887037
274.4,-0.217922,-1.51297,2.20652,0.887037
274.5,-0.338416,-1.45217,2.14798,0.887037
274.6,-0.440545,-1.36913,2.10314,0.887037
274.7,-0.524157,-1.26829,2.06694,0.887037
274.8,-0.589525,-1.15381,2.03455,0.887037
274.9,-0.637282,-1.02973,2.00166,0.887037
275,-0.668381,-0.899974,1.96477,0.887037
275.1,-0.684052,-0.768308,1.92126,0.887037
275.2,-0.685752,-0.638236,1.86949,0.887037
275.3,-0.675117,-0.512865,1.80868,0.887037
275.4,-0.653898,-0.394793,1.73885,0.887037
275.5,-0.6239,-0.286024,1.66059,0.887037
275.6,-0.586913,-0.187941,1.57493,0.887037
275.7,-0.544663,-0.101317,1.48309,0.887037
275.8,-0.498756,-0.0263749,1.3864,0.887037
275.9,-0.450642,0.0371264,1.28613,0.887037
276,-0.401594,0.0897946,1.18341,0.887037
276.1,-0.352691,0.132501,1.0792,0.887037
276.2,-0.304819,0.166286,0.974283,0.887037
276.3,-0.258672,0.192281,0.869227,0.887037
276.4,-0.214774,0.211638,0.764446,0.887037
276.5,-0.173486,0.225485,0.660205,0.887037
276.6,-0.135033,0.234888,0.556657,0.887037
276.7,-0.0995192,0.240831,0.453873,0.887037
276.8,-0.0669505,0.244202,0.351859,0.887037
276.9,-0.0372524,0.245789,0.250588,0.887037
277,-0.0102874,0.246283,0.150009,-0.209147
277.1,0.0141302,0.246282,0.0500612,-0.0500006
277.2,0.0362212,0.2463,-0.0493142,0.0532671
277.3,0.0562306,0.246774,-0.148171,0.131269
277.4,0.0744185,0.248081,-0.246551,0.194483
277.5,0.0910535,0.250544,-0.344486,0.247895
277.6,0.106407,0.254443,-0.441992,0.2943
277.7,0.120751,0.26003,-0.539069,0.335425
277.8,0.134352,0.267536,-0.635705,0.372419
277.9,0.147475,0.277185,-0.731867,0.406079
278,0.16038,0.289198,-0.82751,0.436983
278.1,0.173324,0.303808,-0.922565,0.465559
278.2,0.186562,0.321266,-1.01695,0.492136
278.3,0.20035,0.341851,-1.11054,0.516967
278.4,0.21495,0.365877,-1.20319,0.540253
278.5,0.230627,0.393704,-1.29474,0.56215
278.6,0.24766,0.425745,-1.38495,0.582785
278.7,0.266345,0.462473,-1.47355,0.602257
278.8,0.286995,0.504433,-1.56019,0.620642
278.9,0.309951,0.552247,-1.64444,0.637995
279,0.335584,0.606622,-1.72575,0.654353
279.1,0.364301,0.668355,-1.80347,0.669737
279.2,0.396552,0.738335,-1.87674,0.684144
279.3,0.432831,0.817541,-1.94452,0.697556
279.4,0.473684,0.907028,-2.00548,0.709927
279.5,0.519707,1.00791,-2.05798,0.721189
279.6,0.571548,1.12131,-2.09996,0.731238
279.7,0.629896,1.24829,-2.12886,0.739936
279.8,0.695469,1.38976,-2.14154,0.747098
279.9,0.768991,1.54628,-2.13414,0.752481
280,0.851143,1.71787,-2.10204,0.755779
280.1,0.942502,1.90363,-2.03975,0.7566
280.2,1.04345,2.10135,-1.94099,0.754456
280.3,1.15403,2.30695,-1.79884,0.748743
280.4,1.27377,2.51385,-1.60618,0.738725
280.5,1.4015,2.71231,-1.35643,0.723509
280.6,1.53502,2.88898,-1.04476,0.702035
280.7,1.67092,3.0268,-0.669824,0.702035
280.8,1.80432,3.10581,-0.235785,0.702035
280.9,1.92885,3.105,0.245589,0.702035
281,2.03681,3.00562,0.753601,0.702035
281.1,2.11974,2.79555,1.25895,0.702035
281.2,2.16934,2.47376,1.72658,0.702035
281.3,2.17866,2.05318,2.12103,0.702035
281.4,2.14332,1.56042,2.41331,0.702035
281.5,2.0624,1.03172,2.58699,0.702035
281.6,1.93872,0.506007,2.64124,0.702035
281.7,1.77834,0.017642,2.58983,0.702035
281.8,1.5896,-0.408922,2.45653,0.702035
281.9,1.38177,-0.761075,2.2692,0.702035
282,1.16392,-1.0369,2.05444,0.702035
282.1,0.944028,-1.24217,1.83415,0.702035
282.2,0.728546,-1.38694,1.62417,0.702035
282.3,0.522257,-1.48265,1.43451,0.702035
282.4,0.328419,-1.54019,1.27037,0.702035
282.5,0.149013,-1.56888,1.13345,0.702035
282.6,-0.0149613,-1.5761,1.02311,0.702035
282.7,-0.16321,-1.56736,0.93732,0.702035
282.8,-0.295911,-1.54658,0.873258,0.702035
282.9,-0.413534,-1.5164,0.827767,0.702035
283,-0.516711,-1.47858,0.797589,0.702035
283.1,-0.60615,-1.43428,0.779516,0.702035
283.2,-0.682582,-1.38431,0.770471,0.702035
283.3,-0.746737,-1.32931,0.767571,0.702035
283.4,-0.799334,-1.26989,0.768156,0.702035
283.5,-0.841086,-1.20675,0.769833,0.702035
283.6,-0.872707,-1.14068,0.770504,0.702035
283.7,-0.894926,-1.07259,0.768392,0.702035
283.8,-0.908494,-1.0035,0.76206,0.702035
283.9,-0.914191,-0.934488,0.750421,0.702035
284,-0.912828,-0.866655,0.732727,0.702035
284.1,-0.905239,-0.80106,0.708551,0.702035
284.2,-0.892279,-0.738681,0.677755,0.702035
284.3,-0.874806,-0.680372,0.640444,0.702035
284.4,-0.853673,-0.626835,0.596922,0.702035
284.5,-0.82971,-0.578607,0.547635,0.702035
284.6,-0.80371,-0.536054,0.493131,0.702035
284.7,-0.776418,-0.499384,0.434007,0.702035
284.8,-0.748521,-0.46866,0.370883,-0.0105685
284.9,-0.720641,-0.443825,0.304366,0.00837207
285,-0.69333,-0.424728,0.235037,0.0327839
285.1,-0.66707,-0.411151,0.163433,0.0617552
285.2,-0.642273,-0.402832,0.0900462,0.0940969
285.3,-0.619287,-0.39949,0.0153193,0.128538
285.4,-0.5984,-0.400843,-0.0603476,0.163902
285.5,-0.579846,-0.406628,-0.136593,0.199222
285.6,-0.563812,-0.416612,-0.213085,0.233786
285.7,-0.55045,-0.430599,-0.289514,0.267117
285.8,-0.539878,-0.448444,-0.365582,0.298934
285.9,-0.532192,-0.47005,-0.440994,0.329092
286,-0.527474,-0.495378,-0.515448,0.357546
286.1,-0.525796,-0.524441,-0.588624,0.384306
286.2,-0.527227,-0.557309,-0.660177,0.409414
286.3,-0.531837,-0.594103,-0.729723,0.432927
286.4,-0.539707,-0.634992,-0.79683,0.454904
286.5,-0.550926,-0.680192,-0.861005,0.475398
286.6,-0.565597,-0.729951,-0.92168,0.494454
286.7,-0.583839,-0.784547,-0.978198,0.512099
286.8,-0.605786,-0.844271,-1.0298,0.528348
286.9,-0.631588,-0.909407,-1.07559,0.543194
287,-0.661406,-0.980216,-1.11456,0.556613
287.1,-0.695407,-1.05689,-1.1455,0.568556
287.2,-0.733757,-1.13955,-1.16708,0.578953
287.3,-0.776612,-1.22812,-1.17773,0.587704
287.4,-0.824093,-1.32234,-1.17571,0.594681
287.5,-0.876274,-1.42165,-1.15911,0.599721
287.6,-0.933149,-1.52508,-1.12585,0.602627
287.7,-0.994598,-1.63118,-1.07375,0.603161
287.8,-1.06034,-1.73787,-1.00067,0.601039
287.9,-1.1299,-1.84233,-0.904586,0.595935
288,-1.20253,-1.94094,-0.783886,0.587472
288.1,-1.27717,-2.02922,-0.6376,0.575229
288.2,-1.3524,-2.10193,-0.465769,0.558733
288.3,-1.4264,-2.15318,-0.26981,0.558733
288.4,-1.49695,-2.17687,-0.0528824,0.558733
288.5,-1.56147,-2.16719,0.179856,0.558733
288.6,-1.61712,-2.11935,0.421179,0.558733
288.7,-1.66094,-2.03036,0.662024,0.558733
288.8,-1.6901,-1.89978,0.892076,0.558733
288.9,-1.70214,-1.73023,1.1007,0.558733
289,-1.69524,-1.5275,1.27809,0.558733
289.1,-1.66844,-1.30013,1.41643,0.558733
289.2,-1.62177,-1.05852,1.51085,0.558733
289.3,-1.55631,-0.813747,1.55985,0.558733
289.4,-1.47406,-0.576266,1.56525,0.558733
289.5,-1.37776,-0.354854,1.53163,0.558733
289.6,-1.2706,-0.155932,1.46537,0.558733
289.7,-1.15595,0.0166737,1.37371,0.558733
289.8,-1.03714,0.161555,1.26382,0.558733
289.9,-0.91716,0.279298,1.14219,0.558733
290,-0.798633,0.371928,1.01418,0.558733
290.1,-0.683669,0.442361,0.883964,0.558733
290.2,-0.573882,0.493942,0.754508,0.558733
290.3,-0.470408,0.530085,0.627774,0.558733
290.4,-0.373955,0.554044,0.504903,0.558733
290.5,-0.284869,0.568773,0.386434,0.558733
290.6,-0.2032,0.576861,0.272485,0.558733
290.7,-0.128763,0.580524,0.162911,0.558733
290.8,-0.0611986,0.58162,0.0574237,-0.115101
290.9,-2.00896e-05,0.581691,-0.0443271,0.0416302
291,0.0553457,0.582,-0.142691,0.138318
291.1,0.105526,0.583581,-0.23798,0.208663
291.2,0.151178,0.587277,-0.330447,0.263962
291.3,0.192968,0.593782,-0.42027,0.309546
291.4,0.23156,0.603672,-0.50755,0.348371
291.5,0.267605,0.617439,-0.592305,0.382235
291.6,0.301734,0.635507,-0.674468,0.412297
291.7,0.334559,0.658264,-0.753889,0.439336
291.8,0.366667,0.686069,-0.830328,0.463883
291.9,0.398624,0.71927,-0.90345,0.486309
292,0.430975,0.758211,-0.972821,0.506871
292.1,0.464244,0.803237,-1.03789,0.525745
292.2,0.49894,0.854692,-1.09799,0.543046
292.3,0.535556,0.912914,-1.15231,0.55884
292.4,0.574568,0.978217,-1.19986,0.573152
292.5,0.616436,1.05087,-1.23948,0.58597
292.6,0.661597,1.13108,-1.2698,0.59725
292.7,0.710462,1.21889,-1.28924,0.606912
292.8,0.763397,1.31418,-1.29596,0.614842
292.9,0.82071,1.41656,-1.28786,0.620886
293,0.882624,1.52524,-1.26263,0.62485
293.1,0.949243,1.63892,-1.21775,0.626495
293.2,1.02051,1.75565,-1.1506,0.62553
293.3,1.09614,1.87269,-1.05858,0.621612
293.4,1.17558,1.98632,-0.939342,0.61434
293.5,1.25792,2.09177,-0.791098,0.603249
293.6,1.34183,2.18323,-0.613012,0.587827
293.7,1.42551,2.25389,-0.405682,0.567487
293.8,1.50665,2.29636,-0.171637,0.567487
293.9,1.58244,2.3032,0.0842165,0.567487
294,1.64967,2.26772,0.354344,0.567487
294.1,1.70488,2.18507,0.628672,0.567487
294.2,1.74459,2.05326,0.895137,0.567487
294.3,1.76565,1.87399,1.14074,0.567487
294.4,1.76557,1.65304,1.35298,0.567487
294.5,1.74283,1.39997,1.52149,0.567487
294.6,1.6971,1.12713,1.63935,0.567487
294.7,1.62936,0.848106,1.70393,0.567487
294.8,1.54175,0.575997,1.71697,0.567487
294.9,1.43738,0.321941,1.68384,0.567487
295,1.31997,0.0941059,1.61243,0.567487
295.1,1.19354,-0.102667,1.51176,0.567487
295.2,1.062,-0.266661,1.3908,0.567487
295.3,0.928927,-0.398697,1.25757,0.567487
295.4,0.7974,-0.501395,1.11865,0.567487
295.5,0.669889,-0.578438,0.978998,0.567487
295.6,0.548255,-0.633964,0.842067,0.567487
295.7,0.433785,-0.672123,0.710016,0.567487
295.8,0.327258,-0.696791,0.584003,0.567487
295.9,0.229032,-0.711418,0.46446,0.567487
296,0.139125,-0.718974,0.351341,0.567487
296.1,0.057295,-0.721948,0.244312,0.567487
296.2,-0.0168941,-0.722389,0.142897,-0.164146
296.3,-0.0840112,-0.721961,0.0465813,0.0129465
296.4,-0.144714,-0.722003,-0.0451264,0.114508
296.5,-0.199711,-0.723584,-0.132649,0.185811
296.6,-0.249734,-0.727554,-0.216319,0.240517
296.7,-0.295518,-0.734589,-0.29637,0.284778
296.8,-0.337786,-0.745231,-0.372927,0.321906
296.9,-0.377236,-0.759913,-0.446014,0.353871
297,-0.414539,-0.778987,-0.51555,0.38192
297.1,-0.450332,-0.802743,-0.581353,0.406871
297.2,-0.485216,-0.83142,-0.643139,0.429273
297.3,-0.519755,-0.865215,-0.700524,0.449496
297.4,-0.554477,-0.904286,-0.753018,0.467789
297.5,-0.589874,-0.948753,-0.800025,0.484313
297.6,-0.626398,-0.998683,-0.840833,0.499163
297.7,-0.664462,-1.05408,-0.874614,0.512384
297.8,-0.704438,-1.11487,-0.900416,0.523979
297.9,-0.746647,-1.18085,-0.917164,0.533916
298,-0.791357,-1.25168,-0.923662,0.54213
298.1,-0.838766,-1.32682,-0.918607,0.548523
298.2,-0.888991,-1.40547,-0.90061,0.55297
298.3,-0.942048,-1.48652,-0.868237,0.555309
298.4,-0.997826,-1.56849,-0.820074,0.555353
298.5,-1.05607,-1.64946,-0.754814,0.55288
298.6,-1.11633,-1.72703,-0.67138,0.547635
298.7,-1.17795,-1.79831,-0.569079,0.539338
298.8,-1.24006,-1.8599,-0.447791,0.527674
298.9,-1.3015,-1.90806,-0.30817,0.51231
299,-1.36086,-1.93878,-0.151852,0.51231
299.1,-1.41649,-1.94811,0.0183773,0.51231
299.2,-1.46654,-1.93249,0.198492,0.51231
299.3,-1.50901,-1.88915,0.383256,0.51231
299.4,-1.54191,-1.81656,0.566419,0.51231
299.5,-1.56335,-1.7148,0.741095,0.51231
299.6,-1.57172,-1.5858,0.900301,0.51231
299.7,-1.56585,-1.43336,1.03759,0.51231
299.8,-1.54512,-1.2629,1.14768,0.51231
299.9,-1.50952,-1.08103,1.22697,0.51231
300,-1.45975,-0.894862,1.27384,0.51231
300.1,-1.39707,-0.711353,1.28867,0.51231
300.2,-1.32327,-0.53666,1.27357,0.51231
300.3,-1.2405,-0.375694,1.23202,0.51231
300.4,-1.1511,-0.231879,1.16829,0.51231
300.5,-1.05744,-0.107126,1.08693,0.51231
300.6,-0.961763,-0.00198678,0.992354,0.51231
300.7,-0.866118,0.0840961,0.88853,0.51231
300.8,-0.772251,0.152487,0.778781,0.51231
300.9,-0.68159,0.205065,0.665741,0.51231
301,-0.595232,0.243977,0.551378,0.51231
301.1,-0.51396,0.271439,0.437067,0.51231
301.2,-0.438275,0.289598,0.323704,0.51231
301.3,-0.368434,0.300445,0.211803,0.51231
301.4,-0.304487,0.305763,0.101609,-0.308104
301.5,-0.246323,0.307115,-0.00682243,-0.0788278
301.6,-0.193702,0.305837,-0.113556,0.0512923
301.7,-0.146291,0.303059,-0.218721,0.143053
301.8,-0.10369,0.299723,-0.322478,0.213863
301.9,-0.0654555,0.296607,-0.42499,0.271472
302,-0.0311188,0.294353,-0.526408,0.320057
302.1,-0.000200679,0.293491,-0.62686,0.36213
302.2,0.0277787,0.294462,-0.726448,0.399312
302.3,0.053292,0.297643,-0.825243,0.432698
302.4,0.0768003,0.303362,-0.923284,0.463059
302.5,0.098751,0.311923,-1.02058,0.490949
302.6,0.119577,0.323616,-1.11711,0.516776
302.7,0.139697,0.33874,-1.21282,0.540849
302.8,0.15952,0.357612,-1.30761,0.563398
302.9,0.179448,0.380582,-1.40136,0.584605
303,0.19988,0.408048,-1.49388,0.604606
303.1,0.221217,0.440465,-1.58496,0.623509
303.2,0.243868,0.47836,-1.67429,0.641394
303.3,0.26826,0.522344,-1.76149,0.658321
303.4,0.294838,0.573118,-1.84608,0.674329
303.5,0.32408,0.631489,-1.92746,0.68944
303.6,0.356498,0.698373,-2.00486,0.703657
303.7,0.392649,0.774797,-2.07731,0.716963
303.8,0.433139,0.861899,-2.14356,0.729322
303.9,0.478631,0.960912,-2.20206,0.740669
304,0.529845,1.07313,-2.25084,0.750911
304.1,0.587556,1.19986,-2.28742,0.759919
304.2,0.652586,1.34231,-2.30869,0.767519
304.3,0.725784,1.50145,-2.3108,0.773482
304.4,0.807992,1.6778,-2.28901,0.777513
304.5,0.899985,1.87109,-2.23759,0.779233
304.6,1.00238,2.07979,-2.1498,0.778161
304.7,1.11551,2.30058,-2.01794,0.7737
304.8,1.23925,2.52752,-1.83371,0.765103
304.9,1.37274,2.75131,-1.58886,0.751463
305,1.51415,2.9585,-1.27638,0.731679
305.1,1.6603,3.13108,-0.892365,0.704444
305.2,1.80641,3.24684,-0.438387,0.704444
305.3,1.94589,3.28109,0.0757783,0.704444
305.4,2.07043,3.21004,0.629935,0.704444
305.5,2.17051,3.0159,1.19291,0.704444
305.6,2.23633,2.69271,1.72492,0.704444
305.7,2.25924,2.25085,2.18342,0.704444
305.8,2.23324,1.71804,2.53149,0.704444
305.9,2.15624,1.13536,2.74608,0.704444
306,2.03058,0.549121,2.823,0.704444
306.1,1.86266,0.0013513,2.77652,0.704444
306.2,1.66174,-0.477418,2.63415,0.704444
306.3,1.43842,-0.871177,2.42912,0.704444
306.4,1.20315,-1.17722,2.19344,0.704444
306.5,0.965135,-1.40241,1.95339,0.704444
306.6,0.731779,-1.55874,1.72773,0.704444
306.7,0.508535,-1.65975,1.52803,0.704444
306.8,0.299082,-1.71806,1.36002,0.704444
306.9,0.105642,-1.7442,1.22522,0.704444
307,-0.0706571,-1.74623,1.12243,0.704444
307.1,-0.229447,-1.72991,1.04876,0.704444
307.2,-0.370849,-1.69913,1.00046,0.704444
307.3,-0.49527,-1.65635,0.973347,0.704444
307.4,-0.603264,-1.60311,0.963079,0.704444
307.5,-0.695452,-1.54043,0.965347,0.704444
307.6,-0.772477,-1.4691,0.975983,0.704444
307.7,-0.834999,-1.38994,0.991056,0.704444
307.8,-0.883699,-1.30397,1.00697,0.704444
307.9,-0.919304,-1.21244,1.02054,0.704444
308,-0.942602,-1.11688,1.02908,0.704444
308.1,-0.954465,-1.01905,1.03048,0.704444
308.2,-0.955855,-0.920808,1.0232,0.704444
308.3,-0.94782,-0.824066,1.00629,0.704444
308.4,-0.931491,-0.730628,0.979368,0.704444
308.5,-0.908049,-0.642109,0.94251,0.704444
308.6,-0.878708,-0.559856,0.896196,0.704444
308.7,-0.844679,-0.484897,0.841193,0.704444
308.8,-0.807136,-0.417924,0.77845,0.704444
308.9,-0.767195,-0.359305,0.709011,0.704444
309,-0.725885,-0.309115,0.633929,0.704444
309.1,-0.684131,-0.26718,0.55421,0.704444
309.2,-0.642745,-0.233135,0.470774,0.704444
309.3,-0.60242,-0.206476,0.384429,-0.20336
309.4,-0.563728,-0.186611,0.295861,-0.152089
309.5,-0.527132,-0.172905,0.205639,-0.0909342
309.6,-0.492985,-0.164721,0.114226,-0.0255821
309.7,-0.461552,-0.161445,0.0219885,0.039126
309.8,-0.433012,-0.162512,-0.070786,0.100245
309.9,-0.407479,-0.167419,-0.163871,0.156525
310,-0.385012,-0.175736,-0.257089,0.207764
310.1,-0.365624,-0.187112,-0.350296,0.254267
310.2,-0.3493,-0.201275,-0.443369,0.296526
310.3,-0.336004,-0.218036,-0.536199,0.335065
310.4,-0.32569,-0.237285,-0.628681,0.370368
310.5,-0.318307,-0.258989,-0.720705,0.40286
310.6,-0.313813,-0.283193,-0.812151,0.432902
310.7,-0.312175,-0.310013,-0.902882,0.460794
310.8,-0.313379,-0.339639,-0.992737,0.486785
310.9,-0.317434,-0.372332,-1.08153,0.51108
311,-0.324376,-0.408424,-1.16901,0.533844
311.1,-0.334272,-0.448319,-1.25493,0.555211
311.2,-0.347226,-0.492493,-1.33892,0.575289
311.3,-0.36338,-0.541496,-1.42057,0.594157
311.4,-0.382918,-0.595955,-1.49937,0.611875
311.5,-0.406072,-0.65657,-1.5747,0.628482
311.6,-0.433119,-0.724112,-1.64577,0.643993
311.7,-0.464389,-0.799421,-1.71162,0.658404
311.8,-0.500261,-0.883387,-1.77108,0.671688
311.9,-0.541165,-0.97693,-1.8227,0.683791
312,-0.58758,-1.08096,-1.86469,0.69463
312.1,-0.640019,-1.19632,-1.89487,0.704089
312.2,-0.699023,-1.3237,-1.91059,0.712011
312.3,-0.765132,-1.4635,-1.90865,0.718191
312.4,-0.838855,-1.61566,-1.88526,0.722368
312.5,-0.920612,-1.77939,-1.83601,0.724212
312.6,-1.01066,-1.9529,-1.75588,0.723315
312.7,-1.109,-2.13295,-1.63939,0.719174
312.8,-1.21524,-2.31446,-1.48093,0.711181
312.9,-1.32842,-2.48998,-1.27526,0.698607
313,-1.44684,-2.64943,-1.01836,0.680594
313.1,-1.56788,-2.77993,-0.708589,0.656136
313.2,-1.68782,-2.86625,-0.348157,0.656136
313.3,-1.80175,-2.89196,0.0554208,0.656136
313.4,-1.90371,-2.84151,0.488154,0.656136
313.5,-1.98699,-2.70313,0.929375,0.656136
313.6,-2.04469,-2.47207,1.35306,0.656136
313.7,-2.07059,-2.15323,1.73092,0.656136
313.8,-2.06002,-1.76214,2.03696,0.656136
313.9,-2.01071,-1.32338,2.25221,0.656136
314,-1.92323,-0.866693,2.36831,0.656136
314.1,-1.80097,-0.421777,2.38851,0.656136
314.2,-1.6496,-0.0134421,2.32594,0.656136
314.3,-1.47626,0.341457,2.20003,0.656136
314.4,-1.28859,0.634807,2.03224,0.656136
314.5,-1.09389,0.866095,1.84259,0.656136
314.6,-0.898523,1.04021,1.6475,0.656136
314.7,-0.707632,1.16509,1.45891,0.656136
314.8,-0.525043,1.2497,1.28453,0.656136
314.9,-0.35337,1.30272,1.12858,0.656136
315,-0.194204,1.33178,0.992652,0.656136
315.1,-0.0483189,1.34313,0.876583,0.656136
315.2,0.0841096,1.34167,0.779135,0.656136
315.3,0.20333,1.33107,0.698485,0.656136
315.4,0.309866,1.31401,0.632553,-0.170213
315.5,0.404407,1.29239,0.579216,-0.0343231
315.6,0.487729,1.26752,0.536419,0.0429429
315.7,0.560635,1.24031,0.502244,0.0914267
315.8,0.623927,1.21138,0.474935,0.123136
315.9,0.678378,1.18117,0.452907,0.144124
316,0.724725,1.15003,0.434748,0.157886
316.1,0.763665,1.11825,0.41921,0.16662
316.2,0.795855,1.0861,0.405205,0.171859
316.3,0.821915,1.05385,0.391798,0.174672
316.4,0.842433,1.02179,0.378201,0.175884
316.5,0.857969,0.990229,0.363762,0.17615
316.6,0.86906,0.959477,0.347967,0.175979
316.7,0.876221,0.929855,0.33042,0.175826
316.8,0.879949,0.901677,0.310844,0.176037
316.9,0.880723,0.875248,0.289064,0.176936
317,0.879005,0.85085,0.265001,0.178742
317.1,0.875237,0.82874,0.238658,0.181679
317.2,0.869844,0.809143,0.210105,0.185875
317.3,0.863228,0.792246,0.179476,0.191414
317.4,0.85577,0.778202,0.14695,0.198319
317.5,0.847829,0.767128,0.112747,0.206572
317.6,0.839737,0.759106,0.0771162,0.216095
317.7,0.831801,0.754189,0.0403311,0.226771
317.8,0.824304,0.752401,0.00268278,0.238451
317.9,0.817502,0.753744,-0.0355239,0.250957
318,0.811625,0.7582,-0.0739729,0.264101
318.1,0.806882,0.765738,-0.112339,0.27769
318.2,0.803454,0.776312,-0.150288,0.291532
318.3,0.801503,0.789868,-0.187477,0.305446
318.4,0.80117,0.806343,-0.223552,0.319261
318.5,0.802575,0.825664,-0.25815,0.332825
318.6,0.805819,0.847751,-0.290893,0.345997
318.7,0.810986,0.872512,-0.32139,0.358654
318.8,0.818143,0.899841,-0.349236,0.370684
318.9,0.827339,0.929611,-0.374007,0.381988
319,0.838605,0.961672,-0.395266,0.392473
319.1,0.851953,0.995838,-0.412562,0.402054
319.2,0.867376,1.03189,-0.425429,0.41065
319.3,0.884841,1.06954,-0.433398,0.418182
319.4,0.904291,1.10846,-0.435999,0.42457
319.5,0.92564,1.14824,-0.432774,0.429735
319.6,0.948765,1.1884,-0.423288,0.433595
319.7,0.973507,1.22836,-0.407149,0.436064
319.8,0.999659,1.26743,-0.384029,0.437056
319.9,1.02697,1.30486,-0.353686,0.436483
320,1.05513,1.33977,-0.316,0.434249
320.1,1.08377,1.37122,-0.270998,0.430265
320.2,1.11246,1.39816,-0.218889,0.424441
320.3,1.14074,1.41956,-0.160096,0.416692
320.4,1.16804,1.43434,-0.0952839,0.406939
320.5,1.19379,1.4415,-0.0253743,0.39512
320.6,1.21737,1.44012,0.0484463,0.39512
320.7,1.23813,1.42949,0.124738,0.39512
320.8,1.25543,1.40912,0.201839,0.39512
320.9,1.26867,1.37881,0.277915,0.39512
321,1.27729,1.33871,0.351036,0.39512
321.1,1.28082,1.28937,0.41926,0.39512
321.2,1.2789,1.23168,0.480732,0.39512
321.3,1.27132,1.16688,0.533782,0.39512
321.4,1.25802,1.09651,0.577015,0.39512
321.5,1.23908,1.0223,0.609378,0.39512
321.6,1.21477,0.946116,0.630202,0.39512
321.7,1.18551,0.869801,0.639216,0.39512
321.8,1.15183,0.795119,0.636529,0.39512
321.9,1.1144,0.723658,0.622583,0.39512
322,1.07394,0.656762,0.598094,0.39512
322.1,1.03123,0.595502,0.563978,0.39512
322.2,0.987057,0.540655,0.521274,0.39512
322.3,0.942201,0.492717,0.471078,0.39512
322.4,0.897397,0.451926,0.41448,-6.19075
322.5,0.853321,0.418301,0.352525,-6.19075
322.6,0.810582,0.391686,0.286175,0.0157313
322.7,0.769704,0.371794,0.216294,0.036413
322.8,0.731134,0.358254,0.143645,0.0632308
322.9,0.695237,0.350645,0.0688838,0.0947014
323,0.6623,0.348532,-0.00742552,0.129287
323.1,0.632546,0.351492,-0.0848015,0.165414
323.2,0.606134,0.359138,-0.16283,0.201798
323.3,0.583176,0.371128,-0.241151,0.237497
323.4,0.563743,0.387181,-0.319441,0.271902
323.5,0.547873,0.407084,-0.3974,0.304663
323.6,0.535589,0.43069,-0.474739,0.335622
323.7,0.526895,0.457924,-0.551167,0.364739
323.8,0.521795,0.488781,-0.626378,0.392042
323.9,0.520295,0.523324,-0.700042,0.4176
324,0.522408,0.561679,-0.771792,0.441492
324.1,0.528161,0.604033,-0.841209,0.463797
324.2,0.5376,0.650626,-0.907815,0.484595
324.3,0.550792,0.701744,-0.971054,0.503921
324.4,0.567824,0.757708,-1.03028,0.521837
324.5,0.58881,0.818864,-1.08473,0.53836
324.6,0.613884,0.885564,-1.13353,0.553491
324.7,0.643201,0.958141,-1.17563,0.567211
324.8,0.67693,1.03688,-1.20984,0.579479
324.9,0.71525,1.12198,-1.23476,0.590224
325,0.758332,1.2135,-1.24877,0.599352
325.1,0.806329,1.31129,-1.25006,0.606733
325.2,0.85935,1.41489,-1.23659,0.612207
325.3,0.917434,1.52346,-1.20611,0.615569
325.4,0.98051,1.63564,-1.15624,0.616581
325.5,1.04835,1.74941,-1.08455,0.614948
325.6,1.12054,1.86196,-0.988703,0.610329
325.7,1.19635,1.96958,-0.866686,0.60233
325.8,1.27478,2.06761,-0.717118,0.590502
325.9,1.35437,2.15039,-0.539624,0.574343
326,1.43328,2.21154,-0.335272,0.574343
326.1,1.50918,2.2442,-0.107009,0.574343
326.2,1.57931,2.24171,0.139985,0.574343
326.3,1.64059,2.19833,0.398148,0.574343
326.4,1.68976,2.11019,0.657717,0.574343
326.5,1.72365,1.97623,0.907326,0.574343
326.6,1.73943,1.79881,1.13503,0.574343
326.7,1.73495,1.58397,1.32965,0.574343
326.8,1.70901,1.341,1.48213,0.574343
326.9,1.66152,1.08149,1.58672,0.574343
327,1.59355,0.817875,1.64156,0.574343
327.1,1.50725,0.562001,1.64864,0.574343
327.2,1.40561,0.323782,1.61313,0.574343
327.3,1.29212,0.110418,1.54232,0.574343
327.4,1.17051,-0.0738766,1.44445,0.574343
327.5,1.04441,-0.227669,1.32763,0.574343
327.6,0.917123,-0.351778,1.19911,0.574343
327.7,0.791483,-0.44862,1.06485,0.574343
327.8,0.669768,-0.521565,0.929369,0.574343
327.9,0.553698,-0.574401,0.795834,0.574343
328,0.444463,-0.61094,0.666264,0.574343
328.1,0.342788,-0.634764,0.541772,0.574343
328.2,0.249005,-0.649083,0.422811,0.574343
328.3,0.16313,-0.656675,0.309396,0.574343
328.4,0.0849335,-0.659891,0.201271,0.574343
328.5,0.0140035,-0.660682,0.0980435,-0.132317
328.6,-0.0502005,-0.660644,-0.000725442,0.0312864
328.7,-0.108305,-0.661076,-0.0954567,0.12921
328.8,-0.160986,-0.663024,-0.186516,0.19935
328.9,-0.208948,-0.667334,-0.274191,0.253893
329,-0.252899,-0.674688,-0.358679,0.298476
329.1,-0.293537,-0.685644,-0.440083,0.336187
329.2,-0.331543,-0.700664,-0.518413,0.368883
329.3,-0.367575,-0.720139,-0.593578,0.39775
329.4,-0.402261,-0.744407,-0.665394,0.423573
329.5,-0.436199,-0.773766,-0.733578,0.446884
329.6,-0.469959,-0.80849,-0.797745,0.468047
329.7,-0.50408,-0.848827,-0.857404,0.48731
329.8,-0.539074,-0.895001,-0.911947,0.504834
329.9,-0.575422,-0.947207,-0.960644,0.520719
330,-0.613577,-1.0056,-1.00263,0.535016
330.1,-0.653961,-1.07026,-1.03688,0.547732
330.2,-0.696959,-1.14119,-1.06223,0.55884
330.3,-0.742913,-1.21825,-1.07733,0.568277
330.4,-0.792112,-1.30112,-1.08068,0.575947
330.5,-0.844774,-1.38922,-1.07062,0.58172
330.6,-0.901026,-1.48164,-1.04535,0.585432
330.7,-0.960878,-1.57708,-1.00299,0.586878
330.8,-1.02419,-1.67369,-0.941661,0.585816
330.9,-1.09063,-1.76904,-0.859607,0.581965
331,-1.15964,-1.86004,-0.75537,0.574998
331.1,-1.23038,-1.94285,-0.628013,0.564549
331.2,-1.30169,-2.01297,-0.477399,0.550212
331.3,-1.37208,-2.06538,-0.304496,0.531546
331.4,-1.43968,-2.09475,-0.11168,0.531546
331.5,-1.50231,-2.09588,0.0970238,0.531546
331.6,-1.55755,-2.06427,0.315838,0.531546
331.7,-1.60279,-1.99672,0.537343,0.531546
331.8,-1.63551,-1.89199,0.752857,0.531546
331.9,-1.65338,-1.7513,0.95311,0.531546
332,-1.65458,-1.57856,1.12913,0.531546
332.1,-1.63792,-1.38017,1.27322,0.531546
332.2,-1.60306,-1.16451,1.37983,0.531546
332.3,-1.55054,-0.941003,1.44611,0.531546
332.4,-1.48175,-0.719111,1.47212,0.531546
332.5,-1.39882,-0.507328,1.46048,0.531546
332.6,-1.3044,-0.312448,1.41585,0.531546
332.7,-1.20144,-0.139157,1.34406,0.531546
332.8,-1.09293,0.0100137,1.25137,0.531546
332.9,-0.981761,0.134461,1.14378,0.531546
333,-0.870487,0.235118,1.02658,0.531546
333.1,-0.761297,0.31399,0.904122,0.531546
333.2,-0.65594,0.373731,0.779717,0.531546
333.3,-0.55573,0.417276,0.655737,0.531546
333.4,-0.461577,0.447581,0.533738,0.531546
333.5,-0.374026,0.467442,0.414631,0.531546
333.6,-0.293318,0.479393,0.298851,0.531546
333.7,-0.219445,0.485663,0.186501,0.531546
333.8,-0.152201,0.488165,0.0774764,-0.234374
333.9,-0.0912339,0.488513,-0.0284442,-0.0171906
334,-0.0360843,0.488053,-0.13153,0.0994246
334.1,0.0137803,0.4879,-0.232054,0.18091
334.2,0.0589375,0.48897,-0.33026,0.243689
334.3,0.0999898,0.492022,-0.426348,0.29481
334.4,0.137548,0.497689,-0.520458,0.337999
334.5,0.172219,0.506505,-0.612673,0.375469
334.6,0.204602,0.518938,-0.703007,0.408627
334.7,0.235278,0.535407,-0.791409,0.438414
334.8,0.264813,0.556307,-0.877761,0.465477
334.9,0.293757,0.582024,-0.961869,0.490271
335,0.322642,0.612951,-1.04346,0.513122
335.1,0.351991,0.649498,-1.12218,0.534262
335.2,0.382313,0.692101,-1.19757,0.553858
335.3,0.414116,0.741229,-1.26905,0.57202
335.4,0.447904,0.797379,-1.33592,0.588821
335.5,0.48418,0.86108,-1.3973,0.604296
335.6,0.523453,0.932869,-1.45215,0.618449
335.7,0.566234,1.01328,-1.49917,0.631251
335.8,0.613032,1.1028,-1.53683,0.642642
335.9,0.664352,1.20181,-1.56329,0.65253
336,0.720681,1.31055,-1.57636,0.660784
336.1,0.782466,1.42895,-1.57348,0.66723
336.2,0.85009,1.55654,-1.55169,0.671649
336.3,0.923826,1.69229,-1.50766,0.673762
336.4,1.00379,1.83433,-1.43775,0.673233
336.5,1.08985,1.97976,-1.33812,0.669651
336.6,1.18155,2.12435,-1.20502,0.662531
336.7,1.27803,2.26231,-1.03515,0.651298
336.8,1.37783,2.38615,-0.826247,0.635289
336.9,1.47887,2.48668,-0.577819,0.61375
337,1.57832,2.55338,-0.291983,0.61375
337.1,1.67256,2.57516,0.025678,0.61375
337.2,1.7573,2.54158,0.365508,0.61375
337.3,1.82777,2.44458,0.713685,0.61375
337.4,1.87906,2.28028,1.05294,0.61375
337.5,1.90662,2.05059,1.36422,0.61375
337.6,1.90686,1.76398,1.62915,0.61375
337.7,1.87761,1.435,1.83282,0.61375
337.8,1.81855,1.08244,1.96613,0.61375
337.9,1.73123,0.726611,2.02704,0.61375
338,1.61898,0.386346,2.02034,0.61375
338.1,1.4864,0.0766011,1.95619,0.61375
338.2,1.33886,-0.192846,1.84779,0.61375
338.3,1.18187,-0.417527,1.70913,0.61375
338.4,1.02062,-0.597493,1.55307,0.61375
338.5,0.859624,-0.736057,1.39028,0.61375
338.6,0.702558,-0.838465,1.22874,0.61375
338.7,0.552198,-0.91077,1.07388,0.61375
338.8,0.410477,-0.95902,0.928922,0.61375
338.9,0.278587,-0.988764,0.795439,0.61375
339,0.157115,-1.00481,0.673806,0.61375
339.1,0.0461742,-1.01113,0.563648,0.61375
339.2,-0.0544741,-1.01096,0.464153,0.61375
339.3,-0.145318,-1.00681,0.37431,-0.262775
339.4,-0.227012,-1.00065,0.293067,-0.054562
339.5,-0.300307,-0.993934,0.219424,0.0540431
339.6,-0.366009,-0.987781,0.152488,0.124973
339.7,-0.424934,-0.982999,0.0915022,0.176086
339.8,-0.477886,-0.980165,0.0358479,0.21516
339.9,-0.525641,-0.97968,-0.0149544,0.246258
340,-0.56893,-0.981804,-0.0612577,0.271797
340.1,-0.608434,-0.986684,-0.103301,0.293268
340.2,-0.644779,-0.994381,-0.141222,0.311645
340.3,-0.678534,-1.00488,-0.175074,0.327582
340.4,-0.710208,-1.0181,-0.204835,0.341515
340.5,-0.740254,-1.03392,-0.230425,0.35374
340.6,-0.769064,-1.05215,-0.251712,0.364456
340.7,-0.796974,-1.07255,-0.26853,0.373787
340.8,-0.824263,-1.09485,-0.280685,0.381808
340.9,-0.851156,-1.1187,-0.287971,0.388558
341,-0.87782,-1.14373,-0.290179,0.394048
341.1,-0.904367,-1.16949,-0.287111,0.398272
341.2,-0.930855,-1.19549,-0.278598,0.401204
341.3,-0.957285,-1.22117,-0.264512,0.402815
341.4,-0.983604,-1.24592,-0.244786,0.403061
341.5,-1.0097,-1.2691,-0.219432,0.4019
341.6,-1.03542,-1.29,-0.188559,0.399285
341.7,-1.06054,-1.3079,-0.152391,0.395173
341.8,-1.0848,-1.32208,-0.111286,0.389524
341.9,-1.10788,-1.33181,-0.065748,0.382304
342,-1.12946,-1.33643,-0.0164332,0.373492
342.1,-1.14915,-1.33534,0.0358447,0.363081
342.2,-1.16657,-1.32805,0.0901244,0.363081
342.3,-1.18132,-1.31423,0.145314,0.363081
342.4,-1.19303,-1.2937,0.200216,0.363081
342.5,-1.20134,-1.2665,0.253569,0.363081
342.6,-1.20597,-1.23289,0.304091,0.363081
342.7,-1.20666,-1.19335,0.350529,0.363081
342.8,-1.20327,-1.14856,0.391715,0.363081
342.9,-1.19571,-1.0994,0.426617,0.363081
343,-1.18403,-1.0469,0.454378,0.363081
343.1,-1.16835,-0.992195,0.474353,0.363081
343.2,-1.14889,-0.936461,0.486124,0.363081
343.3,-1.12598,-0.880882,0.489508,0.363081
343.4,-1.10002,-0.826587,0.484544,0.363081
343.5,-1.07146,-0.774604,0.47147,0.363081
343.6,-1.04082,-0.725829,0.450696,0.363081
343.7,-1.00864,-0.681005,0.42276,0.363081
343.8,-0.975479,-0.640711,0.388297,0.363081
343.9,-0.941871,-0.605362,0.347996,0.363081
344,-0.908348,-0.575222,0.30257,0.363081
344.1,-0.875404,-0.550417,0.25273,0.0976362
344.2,-0.843494,-0.530962,0.199161,0.109228
344.3,-0.813026,-0.516781,0.142512,0.124886
344.4,-0.784356,-0.507733,0.0833853,0.144028
344.5,-0.757795,-0.503634,0.0223376,0.165969
344.6,-0.733603,-0.504277,-0.0401218,0.189954
344.7,-0.711995,-0.509451,-0.103525,0.215241
344.8,-0.693146,-0.518954,-0.167437,0.241163
344.9,-0.677198,-0.532606,-0.23145,0.267165
345,-0.664261,-0.550257,-0.295172,0.292805
345.1,-0.654423,-0.571788,-0.358219,0.317762
345.2,-0.647755,-0.597122,-0.420203,0.341807
345.3,-0.644314,-0.626219,-0.480725,0.364787
345.4,-0.644152,-0.659075,-0.539361,0.386605
345.5,-0.647314,-0.69572,-0.595658,0.4072
345.6,-0.653849,-0.736214,-0.649118,0.426533
345.7,-0.663804,-0.780634,-0.699191,0.44458
345.8,-0.677233,-0.829069,-0.745264,0.461319
345.9,-0.69419,-0.881603,-0.786655,0.476727
346,-0.714735,-0.938302,-0.822594,0.490772
346.1,-0.738922,-0.999189,-0.852226,0.503415
346.2,-0.766803,-1.06422,-0.874595,0.514599
346.3,-0.798415,-1.13325,-0.888648,0.524256
346.4,-0.83377,-1.206,-0.893235,0.532294
346.5,-0.872846,-1.28201,-0.887118,0.538604
346.6,-0.915567,-1.36059,-0.868994,0.543053
346.7,-0.961787,-1.44076,-0.837532,0.545483
346.8,-1.01126,-1.52119,-0.791431,0.545714
346.9,-1.06363,-1.60018,-0.729498,0.543532
347,-1.11837,-1.67559,-0.650754,0.538703
347.1,-1.17481,-1.7448,-0.554578,0.530963
347.2,-1.23204,-1.80482,-0.44086,0.520026
347.3,-1.28896,-1.85227,-0.310185,0.505588
347.4,-1.34422,-1.88358,-0.164008,0.505588
347.5,-1.39628,-1.89521,-0.00480087,0.505588
347.6,-1.44341,-1.88393,0.163864,0.505588
347.7,-1.48376,-1.84721,0.337335,0.505588
347.8,-1.51548,-1.78354,0.510041,0.505588
347.9,-1.53682,-1.69284,0.6758,0.505588
348,-1.54623,-1.57661,0.828271,0.505588
348.1,-1.54258,-1.43803,0.961497,0.505588
348.2,-1.52519,-1.28175,1.07046,0.505588
348.3,-1.49396,-1.11356,1.15155,0.505588
348.4,-1.44937,-0.939838,1.20284,0.505588
348.5,-1.39249,-0.766947,1.22422,0.505588
348.6,-1.32484,-0.600682,1.21718,0.505588
348.7,-1.24833,-0.445828,1.18449,0.505588
348.8,-1.16507,-0.305902,1.12979,0.505588
348.9,-1.07722,-0.183075,1.05714,0.505588
349,-0.986921,-0.0782582,0.970547,0.505588
349.1,-0.896105,0.00870022,0.873749,0.505588
349.2,-0.806483,0.078768,0.769964,0.505588
349.3,-0.71948,0.133469,0.661818,0.505588
349.4,-0.636219,0.17465,0.551339,0.505588
349.5,-0.557538,0.204289,0.440004,0.505588
349.6,-0.484001,0.224357,0.328827,0.505588
349.7,-0.41594,0.236716,0.218446,-0.644857
349.8,-0.353483,0.243064,0.109215,-0.275353
349.9,-0.296595,0.244905,0.00128633,-0.0821058
350,-0.24511,0.243541,-0.105324,0.0427758
350.1,-0.198763,0.240079,-0.210685,0.134029
350.2,-0.15722,0.235446,-0.314911,0.205496
350.3,-0.120096,0.230408,-0.418134,0.264061
350.4,-0.0869779,0.225591,-0.520488,0.31364
350.5,-0.0574381,0.221507,-0.622097,0.356658
350.6,-0.0310457,0.21857,-0.723065,0.394714
350.7,-0.00737474,0.21712,-0.823479,0.428905
350.8,0.0139893,0.217442,-0.923403,0.46001
350.9,0.0334466,0.21978,-1.02288,0.488596
351,0.0513813,0.224356,-1.12194,0.515085
351.1,0.0681615,0.23138,-1.22057,0.539798
351.2,0.0841405,0.241069,-1.31877,0.56298
351.3,0.099659,0.253653,-1.4165,0.584825
351.4,0.115049,0.269394,-1.51369,0.605485
351.5,0.130637,0.288591,-1.61027,0.625082
351.6,0.146749,0.311593,-1.70611,0.643713
351.7,0.163717,0.338814,-1.80107,0.661456
351.8,0.181885,0.370743,-1.89494,0.678373
351.9,0.201613,0.407955,-1.98749,0.694512
352,0.223287,0.451127,-2.07837,0.709908
352.1,0.247327,0.501054,-2.16718,0.724584
352.2,0.274194,0.558659,-2.25338,0.738548
352.3,0.3044,0.625009,-2.33629,0.751798
352.4,0.338518,0.701327,-2.415,0.764313
352.5,0.377189,0.789003,-2.48837,0.776055
352.6,0.421135,0.889588,-2.55492,0.786963
352.7,0.471164,1.00479,-2.61272,0.79695
352.8,0.528174,1.13641,-2.6593,0.805893
352.9,0.593155,1.28631,-2.69148,0.813625
353,0.667173,1.45625,-2.70518,0.819925
353.1,0.751349,1.64768,-2.69524,0.824499
353.2,0.846807,1.86138,-2.65519,0.826968
353.3,0.954585,2.09698,-2.57708,0.826838
353.4,1.07551,2.35223,-2.45142,0.823478
353.5,1.20997,2.62198,-2.26729,0.816087
353.6,1.35765,2.897,-2.01297,0.803662
353.7,1.51714,3.16264,-1.67715,0.784962
353.8,1.68544,3.39765,-1.25118,0.758468
353.9,1.8575,3.57394,-0.73234,0.758468
354,2.02578,3.65791,-0.128104,0.758468
354.1,2.18014,3.61457,0.539647,0.758468
354.2,2.3083,3.41476,1.23229,0.758468
354.3,2.39704,3.04448,1.89643,0.758468
354.4,2.43412,2.51329,2.47182,0.758468
354.5,2.41071,1.85744,2.90449,0.758468
354.6,2.32336,1.13455,3.16059,0.758468
354.7,2.17496,0.410585,3.23504,0.758468
354.8,1.97418,-0.255623,3.15084,0.758468
354.9,1.73362,-0.823815,2.95006,0.758468
355,1.46744,-1.2761,2.68128,0.758468
355.1,1.18916,-1.61368,2.38885,0.758468
355.2,0.910266,-1.85001,2.10686,0.758468
355.3,0.639577,-2.00373,1.85761,0.758468
355.4,0.383253,-2.09349,1.65308,0.758468
355.5,0.14522,-2.13505,1.49755,0.758468
355.6,-0.0722798,-2.14025,1.39013,0.758468
355.7,-0.268152,-2.11704,1.32675,0.758468
355.8,-0.442008,-2.07027,1.30148,0.758468
355.9,-0.593843,-2.00259,1.30732,0.758468
356,-0.723834,-1.91532,1.33675,0.758468
356.1,-0.832237,-1.80935,1.38201,0.758468
356.2,-0.919376,-1.68572,1.4354,0.758468
356.3,-0.985668,-1.54611,1.48964,0.758468
356.4,-1.03169,-1.39307,1.53816,0.758468
356.5,-1.05826,-1.23001,1.57545,0.758468
356.6,-1.06646,-1.06109,1.59734,0.758468
356.7,-1.05771,-0.890859,1.60113,0.758468
356.8,-1.03371,-0.723875,1.58564,0.758468
356.9,-0.996432,-0.564349,1.55106,0.758468
357,-0.948029,-0.41581,1.4987,0.758468
357.1,-0.89074,-0.28091,1.43071,0.758468
357.2,-0.826797,-0.161334,1.34966,0.758468
357.3,-0.758335,-0.0578358,1.2583,0.758468
357.4,-0.687316,0.0296521,1.15927,0.758468
357.5,-0.615478,0.101855,1.05495,0.758468
357.6,-0.544297,0.159975,0.947332,0.758468
357.7,-0.474981,0.205518,0.837999,0.758468
357.8,-0.408468,0.240149,0.728144,0.758468
357.9,-0.345448,0.265566,0.618607,0.758468
358,-0.286385,0.283424,0.509936,0.758468
358.1,-0.231545,0.295268,0.402447,0.758468
358.2,-0.181031,0.302505,0.296289,0.758468
358.3,-0.134807,0.306386,0.191489,0.758468
358.4,-0.0927294,0.308006,0.0880037,-0.149842
358.5,-0.0545727,0.308308,-0.0142566,-0.00261511
358.6,-0.020049,0.308097,-0.115398,0.0951167
358.7,0.0111724,0.308054,-0.215526,0.169242
358.8,0.0394504,0.308755,-0.314739,0.229282
358.9,0.06516,0.310687,-0.413113,0.279924
359,0.0886836,0.314267,-0.510705,0.323845
359.1,0.110404,0.319859,-0.607545,0.36272
359.2,0.1307,0.327786,-0.703639,0.397662
359.3,0.149944,0.33835,-0.798964,0.429445
359.4,0.168502,0.351843,-0.89347,0.458626
359.5,0.186731,0.36856,-0.987075,0.485613
359.6,0.204985,0.388814,-1.07966,0.510715
359.7,0.223613,0.412942,-1.17108,0.534169
359.8,0.242968,0.44132,-1.26112,0.556155
359.9,0.263404,0.474374,-1.34954,0.576813
360,0.285286,0.512586,-1.43601,0.59625
360.1,0.308993,0.556504,-1.52014,0.614548
360.2,0.334924,0.606749,-1.60143,0.631761
360.3,0.363504,0.664023,-1.67927,0.647925
360.4,0.395185,0.729107,-1.75287,0.663053
360.5,0.430458,0.802864,-1.82129,0.677139
360.6,0.469849,0.886225,-1.88331,0.690151
360.7,0.513929,0.980171,-1.93746,0.702032
360.8,0.563307,1.0857,-1.98188,0.712698
360.9,0.618627,1.20375,-2.0143,0.722027
361,0.680557,1.33515,-2.03192,0.729856
361.1,0.749767,1.48044,-2.03133,0.735973
361.2,0.826893,1.63968,-2.00844,0.740103
361.3,0.912486,1.81221,-1.95843,0.741902
361.4,1.00693,1.99627,-1.87575,0.740938
361.5,1.11033,2.18855,-1.75429,0.736677
361.6,1.22238,2.38364,-1.58762,0.728468
361.7,1.34216,2.57351,-1.36964,0.715525
361.8,1.46791,2.74704,-1.09552,0.696915
361.9,1.59685,2.88981,-0.763013,0.671542
362,1.72493,2.98459,-0.3742,0.671542
362.1,1.84676,3.01259,0.0626996,0.671542
362.2,1.9557,2.95595,0.531906,0.671542
362.3,2.04421,2.80118,1.00979,0.671542
362.4,2.10458,2.54314,1.46645,0.671542
362.5,2.12985,2.18815,1.86957,0.671542
362.6,2.11496,1.755,2.18992,0.671542
362.7,2.05764,1.27284,2.40709,0.671542
362.8,1.9589,0.776171,2.51354,0.671542
362.9,1.82297,0.29845,2.5153,0.671542
363,1.65656,-0.133465,2.42946,0.671542
363.1,1.46782,-0.502536,2.27942,0.671542
363.2,1.26528,-0.801895,2.08995,0.671542
363.3,1.05686,-1.03302,1.88318,0.671542
363.4,0.849315,-1.2029,1.6765,0.671542
363.5,0.647929,-1.32124,1.48202,0.671542
363.6,0.456522,-1.39829,1.30702,0.671542
363.7,0.277608,-1.4435,1.155,0.671542
363.8,0.112631,-1.46479,1.0268,0.671542
363.9,-0.0377763,-1.46844,0.921488,0.671542
364,-0.17356,-1.45916,0.837132,0.671542
364.1,-0.295055,-1.44032,0.771267,0.671542
364.2,-0.402832,-1.41429,0.721226,-0.092516
364.3,-0.497593,-1.38264,0.684328,0.00189243
364.4,-0.5801,-1.34647,0.657986,0.0565864
364.5,-0.651125,-1.30651,0.639763,0.0565864
364.6,-0.711428,-1.26333,0.627408,0.0565864
364.7,-0.761746,-1.2174,0.618867,0.0565864
364.8,-0.802792,-1.16921,0.612301,0.0565864
364.9,-0.835257,-1.11927,0.606092,0.0565864
365,-0.859819,-1.06816,0.598853,0.0565864
365.1,-0.877149,-1.01651,0.589433,0.0565864
365.2,-0.887914,-0.964987,0.576912,0.0565864
365.3,-0.892787,-0.914292,0.560606,0.0565864
365.4,-0.89244,-0.865113,0.540045,0.0565864
365.5,-0.887546,-0.818112,0.514961,0.0565864
365.6,-0.878775,-0.773894,0.485265,0.0565864
365.7,-0.866787,-0.732988,0.45102,0.0565864
365.8,-0.852226,-0.695838,0.412414,0.0565864
365.9,-0.835712,-0.662794,0.36973,0.0565864
366,-0.817834,-0.63411,0.323322,0.0858114
366.1,-0.799145,-0.60995,0.273588,0.0959408
366.2,-0.780158,-0.590398,0.220954,0.109345
366.3,-0.761341,-0.575469,0.165854,0.125774
366.4,-0.743117,-0.565123,0.108723,0.144838
366.5,-0.72586,-0.559278,0.0499841,0.166047
366.6,-0.709903,-0.557828,-0.00995094,0.188855
366.7,-0.695535,-0.560649,-0.0706852,0.212717
366.8,-0.683003,-0.56762,-0.131835,0.23712
366.9,-0.672524,-0.578621,-0.193024,0.261625
367,-0.664279,-0.593551,-0.253884,0.285866
367.1,-0.658427,-0.612327,-0.314043,0.309558
367.2,-0.655101,-0.63489,-0.373121,0.332484
367.3,-0.654421,-0.661206,-0.430725,0.354488
367.4,-0.656491,-0.691266,-0.486436,0.375459
367.5,-0.661407,-0.725082,-0.539807,0.395317
367.6,-0.669255,-0.762685,-0.590351,0.414008
367.7,-0.68012,-0.804116,-0.637534,0.431488
367.8,-0.69408,-0.849419,-0.680766,0.447721
367.9,-0.711212,-0.898625,-0.719392,0.462671
368,-0.731585,-0.951743,-0.752689,0.476298
368.1,-0.755262,-1.00873,-0.779856,0.488554
368.2,-0.782293,-1.06949,-0.80001,0.499381
368.3,-0.812708,-1.13382,-0.812191,0.508705
368.4,-0.84651,-1.20137,-0.815361,0.516439
368.5,-0.88366,-1.27166,-0.808421,0.522477
368.6,-0.924069,-1.34397,-0.790235,0.526695
368.7,-0.967573,-1.41734,-0.759662,0.528945
368.8,-1.01392,-1.4905,-0.715612,0.529061
368.9,-1.06275,-1.56186,-0.657119,0.526851
369,-1.11355,-1.62946,-0.583438,0.522103
369.1,-1.16568,-1.69096,-0.494154,0.514587
369.2,-1.2183,-1.74372,-0.389324,0.504049
369.3,-1.27039,-1.78482,-0.269617,0.490216
369.4,-1.32075,-1.81121,-0.136448,0.490216
369.5,-1.368,-1.8199,0.00790649,0.490216
369.6,-1.41061,-1.80824,0.160263,0.490216
369.7,-1.44698,-1.77413,0.316558,0.490216
369.8,-1.47551,-1.71641,0.471987,0.490216
369.9,-1.49468,-1.63505,0.621265,0.490216
370,-1.50319,-1.53135,0.758984,0.490216
370.1,-1.50005,-1.40798,0.880047,0.490216
370.2,-1.48466,-1.26881,0.980106,0.490216
370.3,-1.45692,-1.11868,1.05594,0.490216
370.4,-1.41722,-0.962951,1.1057,0.490216
370.5,-1.36643,-0.807044,1.12899,0.490216
370.6,-1.30584,-0.655982,1.12678,0.490216
370.7,-1.23704,-0.51403,1.10116,0.490216
370.8,-1.16186,-0.384452,1.05501,0.490216
370.9,-1.08219,-0.269414,0.991639,0.490216
371,-0.999914,-0.170025,0.914447,0.490216
371.1,-0.916774,-0.0864623,0.82667,0.490216
371.2,-0.834338,-0.0181596,0.731188,0.490216
371.3,-0.753942,0.0359867,0.630428,0.490216
371.4,-0.676671,0.0774232,0.526329,0.490216
371.5,-0.60336,0.107773,0.42037,0.490216
371.6,-0.534606,0.128703,0.313618,0.490216
371.7,-0.470794,0.141828,0.206802,-0.351117
371.8,-0.412121,0.148652,0.100379,-0.183835
371.9,-0.358631,0.150525,-0.00539229,-0.0482667
372,-0.310244,0.148631,-0.110398,0.0565216
372.1,-0.266783,0.143985,-0.214621,0.139391
372.2,-0.227998,0.137438,-0.318102,0.207017
372.3,-0.19359,0.12969,-0.420916,0.263776
372.4,-0.163228,0.121309,-0.523154,0.312546
372.5,-0.136565,0.112743,-0.624907,0.355275
372.6,-0.113249,0.104342,-0.726261,0.393321
372.7,-0.0929328,0.096369,-0.827294,0.427656
372.8,-0.0752794,0.0890201,-0.928072,0.45899
372.9,-0.0599693,0.0824346,-1.02865,0.487854
373,-0.0467019,0.0767085,-1.12907,0.514651
373.1,-0.0351977,0.0719052,-1.22938,0.539691
373.2,-0.025199,0.0680645,-1.32959,0.56322
373.3,-0.0164698,0.0652106,-1.42973,0.585431
373.4,-0.00879442,0.0633595,-1.52981,0.606481
373.5,-0.00197657,0.0625244,-1.62984,0.626499
373.6,0.00416278,0.0627215,-1.72983,0.64559
373.7,0.00978748,0.0639741,-1.82979,0.663844
373.8,0.0150485,0.0663173,-1.92971,0.681336
373.9,0.0200867,0.0698018,-2.02959,0.698132
374,0.0250349,0.0744979,-2.12943,0.714288
374.1,0.0300215,0.0804995,-2.22921,0.729852
374.2,0.0351726,0.0879286,-2.32894,0.744867
374.3,0.0406157,0.0969402,-2.42859,0.759372
374.4,0.0464825,0.107728,-2.52814,0.773399
374.5,0.0529131,0.120531,-2.62758,0.786978
374.6,0.0600592,0.135642,-2.72685,0.800135
374.7,0.0680889,0.153416,-2.82593,0.812892
374.8,0.0771917,0.174282,-2.92474,0.825269
374.9,0.0875841,0.198757,-3.02321,0.837283
375,0.0995161,0.227465,-3.12122,0.848946
375.1,0.113279,0.261152,-3.21862,0.860269
375.2,0.129214,0.300711,-3.31522,0.871257
375.3,0.147724,0.347216,-3.41075,0.881912
375.4,0.169285,0.401947,-3.50482,0.892229
375.5,0.194461,0.466434,-3.59694,0.902196
375.6,0.223922,0.542501,-3.68641,0.911791
375.7,0.258465,0.632312,-3.77228,0.920979
375.8,0.299034,0.738424,-3.85321,0.929709
375.9,0.346748,0.863838,-3.9274,0.937906
376,0.402928,1.01203,-3.99233,0.94546
376.1,0.469125,1.18696,-4.04449,0.952222
376.2,0.54714,1.39303,-4.07909,0.957978
376.3,0.639034,1.6349,-4.08949,0.962432
376.4,0.74712,1.91715,-4.06665,0.965176
376.5,0.873893,2.2436,-3.99834,0.965644
376.6,1.02189,2.61611,-3.86837,0.963067
376.7,1.19343,3.03262,-3.65589,0.956399
376.8,1.39008,3.48421,-3.33523,0.944241
376.9,1.61193,3.95087,-2.87713,0.924746
377,1.85643,4.39654,-2.25248,0.895506
377.1,2.11685,4.7646,-1.44022,0.895506
377.2,2.38069,4.97722,-0.440446,0.895506
377.3,2.62847,4.94357,0.709111,0.895506
377.4,2.83413,4.58185,1.91976,0.895506
377.5,2.9681,3.8535,3.0544,0.895506
377.6,3.00343,2.79572,3.95684,0.895506
377.7,2.92338,1.5285,4.50375,0.895506
377.8,2.72705,0.221869,4.65282,0.895506
377.9,2.42986,-0.962684,4.45594,0.895506
378,2.05862,-1.92132,4.02981,0.895506
378.1,1.64397,-2.62223,3.5072,0.895506
378.2,1.21375,-3.08825,2.99828,0.895506
378.3,0.789578,-3.36762,2.57499,0.895506
378.4,0.386168,-3.50999,2.2735,0.895506
378.5,0.0126296,-3.55334,2.10404,0.895506
378.6,-0.325675,-3.52038,2.0605,0.895506
378.7,-0.625375,-3.42036,2.12669,0.895506
378.8,-0.883822,-3.25346,2.27975,0.895506
378.9,-1.09841,-3.01609,2.4918,0.895506
379,-1.26648,-2.70601,2.73153,0.895506
379.1,-1.38563,-2.32656,2.96659,0.895506
379.2,-1.4544,-1.88909,3.16714,0.895506
379.3,-1.47295,-1.41291,3.30973,0.895506
379.4,-1.44353,-0.922921,3.38061,0.895506
379.5,-1.3707,-0.445484,3.37711,0.895506
379.6,-1.26093,-0.00409922,3.30665,0.895506
379.7,-1.12209,0.383826,3.18384,0.895506
379.8,-0.96256,0.70835,3.0267,0.895506
379.9,-0.790539,0.966568,2.85313,0.895506
380,-0.613437,1.16099,2.67836,0.895506
380.1,-0.437544,1.2975,2.51377,0.895506
380.2,-0.267901,1.38355,2.36657,0.895506
380.3,-0.108343,1.42679,2.24026,0.895506
380.4,0.038366,1.43432,2.13542,0.895506
380.5,0.170356,1.41232,2.05046,0.895506
380.6,0.28648,1.36608,1.98238,0.895506
380.7,0.386168,1.30014,1.92739,0.895506
380.8,0.469303,1.21848,1.88142,0.895506
380.9,0.536143,1.12471,1.84047,0.895506
381,0.58725,1.02222,1.80089,0.895506
381.1,0.623451,0.914239,1.75961,0.895506
381.2,0.645789,0.803801,1.7142,0.895506
381.3,0.655488,0.693735,1.66298,0.895506
381.4,0.653911,0.586577,1.60492,0.895506
381.5,0.642518,0.484494,1.53966,0.895506
381.6,0.622812,0.389232,1.4673,0.895506
381.7,0.596299,0.302076,1.38836,0.895506
381.8,0.564444,0.223859,1.30361,0.895506
381.9,0.528626,0.154981,1.21394,0.895506
382,0.490116,0.0954652,1.1203,0.895506
382.1,0.45005,0.0450228,1.02359,0.895506
382.2,0.409415,0.0031213,0.924609,0.895506
382.3,0.369044,-0.0309436,0.824055,0.895506
382.4,0.32962,-0.0579841,0.722491,0.895506
382.5,0.291679,-0.0788656,0.620359,0.895506
382.6,0.255624,-0.0944623,0.517982,0.895506
382.7,0.221737,-0.105624,0.415591,0.895506
382.8,0.190195,-0.11315,0.313337,0.895506
382.9,0.161084,-0.117776,0.211309,-0.426095
383,0.134416,-0.120165,0.109552,-0.158967
383.1,0.110142,-0.120904,0.00807875,-0.022145
383.2,0.0881678,-0.120501,-0.0931167,0.0739916
383.3,0.0683598,-0.119396,-0.194054,0.148926
383.4,0.0505605,-0.117962,-0.294758,0.210639
383.5,0.0345947,-0.116511,-0.395256,0.263267
383.6,0.0202762,-0.115307,-0.495572,0.309253
383.7,0.00741394,-0.114568,-0.59573,0.350165
383.8,-0.00418412,-0.11448,-0.695747,0.38707
383.9,-0.014708,-0.115199,-0.795638,0.420729
384,-0.0243435,-0.116864,-0.895411,0.451702
384.1,-0.0332713,-0.119599,-0.995069,0.480412
384.2,-0.0416665,-0.123525,-1.09461,0.507187
384.3,-0.0496988,-0.128762,-1.19404,0.532286
384.4,-0.0575336,-0.135438,-1.29333,0.555916
384.5,-0.0653334,-0.143694,-1.39247,0.578248
384.6,-0.0732595,-0.15369,-1.49144,0.59942
384.7,-0.0814741,-0.165613,-1.59021,0.619548
384.8,-0.0901436,-0.179681,-1.68873,0.63873
384.9,-0.0994408,-0.196152,-1.78695,0.657048
385,-0.109549,-0.215331,-1.8848,0.674571
385.1,-0.120666,-0.237578,-1.9822,0.691358
385.2,-0.133007,-0.263322,-2.07903,0.707459
385.3,-0.146813,-0.293066,-2.17514,0.722912
385.4,-0.162353,-0.327404,-2.27035,0.737752
385.5,-0.179932,-0.367037,-2.36442,0.752003
385.6,-0.199898,-0.412787,-2.45702,0.765681
385.7,-0.222652,-0.465614,-2.54776,0.778794
385.8,-0.248656,-0.526643,-2.63608,0.79134
385.9,-0.278441,-0.597177,-2.7213,0.803303
386,-0.312623,-0.678725,-2.80248,0.814657
386.1,-0.351915,-0.773016,-2.8784,0.825354
386.2,-0.397136,-0.882008,-2.94746,0.835327
386.3,-0.449224,-1.00789,-3.00754,0.844477
386.4,-0.509247,-1.15304,-3.05584,0.85267
386.5,-0.578404,-1.31997,-3.08871,0.859723
386.6,-0.658019,-1.51114,-3.10133,0.865387
386.7,-0.749515,-1.72876,-3.08749,0.869334
386.8,-0.854355,-1.97428,-3.0392,0.871127
386.9,-0.973943,-2.24777,-2.94643,0.870194
387,-1.10945,-2.5469,-2.79689,0.865789
387.1,-1.26154,-2.86552,-2.57619,0.856946
387.2,-1.42996,-3.19182,-2.26854,0.842456
387.3,-1.61303,-3.50632,-1.85856,0.820766
387.4,-1.80691,-3.78005,-1.33455,0.789974
387.5,-2.00487,-3.97408,-0.693676,0.789974
387.6,-2.19675,-4.04198,0.0514928,0.789974
387.7,-2.36879,-3.93677,0.866646,0.789974
387.8,-2.50457,-3.62296,1.6932,0.789974
387.9,-2.58695,-3.09124,2.45369,0.789974
388,-2.60132,-2.3694,3.0671,0.789974
388.1,-2.53893,-1.52236,3.47073,0.789974
388.2,-2.39934,-0.637772,3.63894,0.789974
388.3,-2.19061,0.197416,3.58937,0.789974
388.4,-1.9274,0.918353,3.37352,0.789974
388.5,-1.6276,1.49247,3.05815,0.789974
388.6,-1.30901,1.91701,2.70707,0.789974
388.7,-0.986939,2.20895,2.36992,0.789974
388.8,-0.673129,2.39371,2.07899,0.789974
388.9,-0.375741,2.49672,1.8511,0.789974
389,-0.0999412,2.53873,1.6917,0.789974
389.1,0.151276,2.53437,1.59875,0.789974
389.2,0.376305,2.49247,1.56561,0.789974
389.3,0.574308,2.41743,1.58286,0.789974
389.4,0.744799,2.3109,1.63935,0.789974
389.5,0.887424,2.17336,1.72291,0.789974
389.6,1.00191,2.00552,1.82086,0.789974
389.7,1.08815,1.80947,1.92073,0.789974
389.8,1.1463,1.5892,2.01108,0.789974
389.9,1.17703,1.35074,2.08225,0.789974
390,1.18157,1.1018,2.12718,0.789974
390.1,1.16183,0.85099,2.14178,0.789974
390.2,1.12035,0.606887,2.12507,0.789974
390.3,1.06024,0.377142,2.07874,0.789974
390.4,0.984922,0.167791,2.00656,0.789974
390.5,0.898013,-0.0171132,1.9136,0.789974
390.6,0.80305,-0.175539,1.80533,0.789974
390.7,0.703344,-0.307255,1.68709,0.789974
390.8,0.601841,-0.41345,1.56353,0.789974
390.9,0.501041,-0.496303,1.43842,0.789974
391,0.402967,-0.558572,1.31457,0.789974
391.1,0.309176,-0.603263,1.1939,0.789974
391.2,0.220785,-0.633378,1.07754,0.789974
391.3,0.138529,-0.651749,0.966024,0.789974
391.4,0.0628161,-0.660951,0.859452,0.789974
391.5,-0.00621712,-0.663251,0.757615,0.789974
391.6,-0.0686466,-0.660611,0.660129,0.789974
391.7,-0.124713,-0.654697,0.56652,0.789974
391.8,-0.174781,-0.646905,0.476295,-0.592246
391.9,-0.2193,-0.638398,0.388984,-0.285745
392,-0.258777,-0.630132,0.304166,-0.1323
392.1,-0.293755,-0.622891,0.221492,-0.0313735
392.2,-0.324791,-0.61731,0.140682,0.0437467
392.3,-0.352444,-0.613906,0.061536,0.103745
392.4,-0.377264,-0.613097,-0.0160757,0.153914
392.5,-0.399785,-0.615221,-0.0922132,0.197218
392.6,-0.420518,-0.620554,-0.166873,0.235463
392.7,-0.43995,-0.629325,-0.239992,0.269802
392.8,-0.458542,-0.641731,-0.31145,0.301006
392.9,-0.476728,-0.657942,-0.381073,0.329604
393,-0.494917,-0.678115,-0.448633,0.355966
393.1,-0.513492,-0.702398,-0.513847,0.380355
393.2,-0.532815,-0.730934,-0.576374,0.402959
393.3,-0.553226,-0.763865,-0.635811,0.423913
393.4,-0.575047,-0.801328,-0.691687,0.443312
393.5,-0.598581,-0.843457,-0.743455,0.461217
393.6,-0.624115,-0.890368,-0.790487,0.477663
393.7,-0.651918,-0.942153,-0.83206,0.492662
393.8,-0.682242,-0.998863,-0.867354,0.506203
393.9,-0.715315,-1.06048,-0.895439,0.518257
394,-0.751338,-1.12691,-0.915271,0.528768
394.1,-0.790478,-1.19792,-0.925696,0.537661
394.2,-0.832857,-1.27309,-0.925447,0.544837
394.3,-0.878535,-1.35182,-0.91317,0.550173
394.4,-0.927493,-1.43319,-0.887445,0.553516
394.5,-0.979616,-1.51596,-0.846843,0.554689
394.6,-1.03466,-1.59848,-0.789997,0.553482
394.7,-1.09222,-1.67866,-0.715706,0.549657
394.8,-1.15172,-1.75388,-0.623072,0.542945
394.9,-1.21235,-1.82107,-0.511667,0.533051
395,-1.27307,-1.8767,-0.381729,0.519652
395.1,-1.3326,-1.91695,-0.234365,0.50241
395.2,-1.38939,-1.93786,-0.0717373,0.50241
395.3,-1.44167,-1.9357,0.1028,0.50241
395.4,-1.48753,-1.90731,0.284669,0.50241
395.5,-1.52496,-1.8505,0.468173,0.50241
395.6,-1.55201,-1.76453,0.646781,0.50241
395.7,-1.56693,-1.65037,0.813575,0.50241
395.8,-1.5683,-1.51082,0.961841,0.50241
395.9,-1.55522,-1.35047,1.0857,0.50241
396,-1.52735,-1.1753,1.18069,0.50241
396.1,-1.48503,-0.99216,1.24417,0.50241
396.2,-1.4292,-0.808082,1.27548,0.50241
396.3,-1.36139,-0.629625,1.27585,0.50241
396.4,-1.28355,-0.462332,1.24805,0.50241
396.5,-1.19792,-0.310381,1.19594,0.50241
396.6,-1.10683,-0.176447,1.12392,0.50241
396.7,-1.01259,-0.0617737,1.03646,0.50241
396.8,-0.917343,0.0336322,0.937746,0.50241
396.9,-0.822978,0.110719,0.831399,0.50241
397,-0.731079,0.171095,0.720398,0.50241
397.1,-0.642909,0.21676,0.607038,0.50241
397.2,-0.559407,0.249881,0.492987,0.50241
397.3,-0.481219,0.272626,0.37938,0.50241
397.4,-0.408725,0.287053,0.266923,0.50241
397.5,-0.342083,0.295037,0.155999,-0.55923
397.6,-0.281266,0.298243,0.0467586,-0.169364
397.7,-0.226104,0.298111,-0.0607977,-0.00678581
397.8,-0.176314,0.295868,-0.166764,0.100282
397.9,-0.131536,0.292543,-0.271283,0.180109
398,-0.0913527,0.288989,-0.374514,0.24365
398.1,-0.0553134,0.285912,-0.476613,0.296414
398.2,-0.0229497,0.283892,-0.57772,0.341573
398.3,0.00621278,0.283406,-0.67795,0.381117
398.4,0.0326446,0.284857,-0.777392,0.416369
398.5,0.056807,0.288589,-0.876105,0.448241
398.6,0.079148,0.294909,-0.974118,0.477386
398.7,0.100101,0.304103,-1.07143,0.504277
398.8,0.120086,0.316454,-1.16801,0.529271
398.9,0.139508,0.332256,-1.26381,0.552635
399,0.158766,0.351828,-1.35871,0.574575
399.1,0.178251,0.375526,-1.45258,0.59525
399.2,0.198352,0.403758,-1.54525,0.614783
399.3,0.219465,0.436996,-1.63647,0.633269
399.4,0.241996,0.475784,-1.72595,0.650782
399.5,0.266367,0.520757,-1.8133,0.667373
399.6,0.293028,0.572646,-1.89803,0.683076
399.7,0.322457,0.632291,-1.97951,0.697909
399.8,0.355175,0.700646,-2.05696,0.711871
399.9,0.391749,0.778784,-2.12936,0.724941
400,0.432799,0.867895,-2.19546,0.737077
400.1,0.479005,0.969266,-2.25364,0.748212
400.2,0.531108,1.08425,-2.30184,0.758248
400.3,0.58991,1.21422,-2.33751,0.767049
400.4,0.65626,1.36043,-2.35739,0.774435
400.5,0.731039,1.52391,-2.35746,0.780167
400.6,0.815118,1.70517,-2.33276,0.783937
400.7,0.909297,1.90391,-2.27729,0.78535
400.8,1.01421,2.11849,-2.18398,0.783906
400.9,1.1302,2.34532,-2.04474,0.778978
401,1.25707,2.57802,-1.8509,0.76979
401.1,1.39392,2.80664,-1.59386,0.755388
401.2,1.53874,3.01677,-1.26648,0.734621
401.3,1.68812,3.1892,-0.865025,0.734621
401.4,1.83693,3.30039,-0.391794,0.734621
401.5,1.97816,3.32442,0.142007,0.734621
401.6,2.103,3.2368,0.714011,0.734621
401.7,2.20148,3.02009,1.29038,0.734621
401.8,2.26347,2.66997,1.82875,0.734621
401.9,2.28027,2.19984,2.28489,0.734621
402,2.24612,1.6411,2.62181,0.734621
402.1,2.15954,1.03822,2.81829,0.734621
402.2,2.02366,0.439589,2.87333,0.734621
402.3,1.8457,-0.112443,2.80481,0.734621
402.4,1.63564,-0.588598,2.64331,0.734621
402.5,1.40456,-0.975001,2.42395,0.734621
402.6,1.16309,-1.27121,2.17937,0.734621
402.7,0.920457,-1.4859,1.93557,0.734621
402.8,0.683896,-1.63228,1.7105,0.734621
402.9,0.458649,-1.72443,1.51476,0.734621
403,0.248166,-1.7751,1.35313,0.734621
403.1,0.0544713,-1.79459,1.22638,0.734621
403.2,-0.121459,-1.79061,1.13266,0.734621
403.3,-0.279359,-1.76852,1.06859,0.734621
403.4,-0.419401,-1.73182,1.02999,0.734621
403.5,-0.542009,-1.68268,1.0123,0.734621
403.6,-0.647728,-1.62243,1.01083,0.734621
403.7,-0.737154,-1.552,1.02095,0.734621
403.8,-0.810907,-1.4722,1.03819,0.734621
403.9,-0.869632,-1.38398,1.05838,0.734621
404,-0.914015,-1.28858,1.07772,0.734621
404.1,-0.944809,-1.18754,1.09293,0.734621
404.2,-0.96286,-1.08272,1.10133,0.734621
404.3,-0.969116,-0.976169,1.10087,0.734621
404.4,-0.964643,-0.870066,1.09019,0.734621
404.5,-0.950606,-0.766529,1.0686,0.734621
404.6,-0.928256,-0.667515,1.03598,0.734621
404.7,-0.898898,-0.574703,0.992725,0.734621
404.8,-0.863857,-0.489422,0.939608,0.734621
404.9,-0.82444,-0.412613,0.877657,0.734621
405,-0.781897,-0.344829,0.808046,0.734621
405.1,-0.737399,-0.28626,0.731983,0.734621
405.2,-0.692003,-0.236791,0.650641,0.734621
405.3,-0.646646,-0.196054,0.565094,0.734621
405.4,-0.602129,-0.1635,0.476288,0.734621
405.5,-0.55912,-0.138459,0.385026,-0.276686
405.6,-0.518155,-0.120194,0.291967,-0.20875
405.7,-0.479647,-0.107952,0.197636,-0.129682
405.8,-0.4439,-0.100996,0.102441,-0.0489371
405.9,-0.41112,-0.0986368,0.00669155,0.0271247
406,-0.381432,-0.10025,-0.0893829,0.0959276
406.1,-0.354893,-0.105287,-0.185613,0.157208
406.2,-0.331505,-0.113284,-0.281875,0.211663
406.3,-0.311231,-0.123864,-0.378075,0.260242
406.4,-0.294006,-0.136734,-0.474143,0.303859
406.5,-0.279747,-0.151688,-0.570016,0.343309
406.6,-0.268363,-0.168597,-0.665637,0.379246
406.7,-0.259764,-0.18741,-0.760946,0.412204
406.8,-0.253867,-0.20815,-0.855876,0.442615
406.9,-0.2506,-0.230908,-0.950349,0.470827
407,-0.249915,-0.255846,-1.04427,0.497122
407.1,-0.251782,-0.28319,-1.13752,0.521726
407.2,-0.256201,-0.313236,-1.22995,0.544824
407.3,-0.263205,-0.346346,-1.3214,0.566567
407.4,-0.272858,-0.382953,-1.41164,0.587075
407.5,-0.285265,-0.423563,-1.5004,0.606444
407.6,-0.300574,-0.468764,-1.58735,0.624749
407.7,-0.318976,-0.519224,-1.67207,0.642045
407.8,-0.340713,-0.575702,-1.75404,0.658369
407.9,-0.366081,-0.639048,-1.8326,0.673742
408,-0.395434,-0.710209,-1.90694,0.688164
408.1,-0.429185,-0.790223,-1.97605,0.701616
408.2,-0.467812,-0.880214,-2.03864,0.714059
408.3,-0.511857,-0.981366,-2.0931,0.725424
408.4,-0.561925,-1.09489,-2.13743,0.735614
408.5,-0.618678,-1.22196,-2.16912,0.744496
408.6,-0.68282,-1.36359,-2.18509,0.751889
408.7,-0.755073,-1.52053,-2.18151,0.75756
408.8,-0.836137,-1.69299,-2.15378,0.761209
408.9,-0.926626,-1.88031,-2.09642,0.762454
409,-1.02698,-2.0806,-2.00306,0.760816
409.1,-1.13733,-2.29012,-1.86661,0.755701
409.2,-1.25732,-2.50264,-1.67965,0.746379
409.3,-1.3859,-2.70877,-1.43509,0.731964
409.4,-1.52103,-2.89538,-1.1274,0.7114
409.5,-1.65944,-3.04542,-0.754283,0.7114
409.6,-1.79637,-3.13849,-0.318826,0.7114
409.7,-1.92549,-3.15266,0.168253,0.7114
409.8,-2.03901,-3.06764,0.68698,0.7114
409.9,-2.12824,-2.86934,1.2081,0.7114
410,-2.18444,-2.55464,1.69563,0.7114
410.1,-2.20011,-2.13488,2.1122,0.7114
410.2,-2.17027,-1.63611,2.42621,0.7114
410.3,-2.09344,-1.09527,2.61861,0.7114
410.4,-1.97208,-0.553143,2.68668,0.7114
410.5,-1.81214,-0.0464703,2.64336,0.7114
410.6,-1.62204,0.398012,2.51282,0.7114
410.7,-1.41137,0.766023,2.32411,0.7114
410.8,-1.18958,1.05476,2.10536,0.7114
410.9,-0.965057,1.26981,1.87993,0.7114
411,-0.744588,1.42149,1.66485,0.7114
411.1,-0.533248,1.52173,1.4709,0.7114
411.2,-0.334503,1.58194,1.30372,0.7114
411.3,-0.150475,1.61187,1.1652,0.7114
411.4,0.0177433,1.61923,1.05469,0.7114
411.5,0.1698,1.60972,0.970046,0.7114
411.6,0.305836,1.58738,0.908271,0.7114
411.7,0.426291,1.55489,0.86598,0.7114
411.8,0.531775,1.51401,0.839667,0.7114
411.9,0.622973,1.46589,0.825862,0.7114
412,0.700597,1.41135,0.821225,0.7114
412.1,0.76536,1.35104,0.822608,0.7114
412.2,0.81797,1.28567,0.82711,0.7114
412.3,0.859138,1.21602,0.832118,0.7114
412.4,0.889592,1.14303,0.835355,0.7114
412.5,0.910082,1.06778,0.834912,0.7114
412.6,0.921401,0.991476,0.82927,0.7114
412.7,0.924382,0.915389,0.817316,0.7114
412.8,0.919901,0.840792,0.798326,0.7114
412.9,0.908869,0.768902,0.771943,0.7114
413,0.892222,0.700815,0.738128,0.7114
413.1,0.870902,0.637468,0.697114,0.7114
413.2,0.845843,0.579605,0.649337,0.7114
413.3,0.81795,0.527766,0.595377,0.7114
413.4,0.788084,0.482287,0.535907,0.7114
413.5,0.757047,0.443319,0.471632,0.7114
413.6,0.72557,0.41085,0.403261,0.7114
413.7,0.694307,0.384733,0.33147,-0.0376602
413.8,0.663832,0.364726,0.256885,-0.00882912
413.9,0.634637,0.350515,0.180072,0.025584
414,0.607133,0.34175,0.101532,0.0638737
414.1,0.581661,0.338066,0.0217062,0.104261
414.2,0.558495,0.33911,-0.0590203,0.145183
414.3,0.537847,0.344555,-0.14031,0.185457
414.4,0.519884,0.354115,-0.221862,0.224297
414.5,0.504729,0.367554,-0.303402,0.261254
414.6,0.492475,0.384693,-0.384675,0.296122
414.7,0.483193,0.405414,-0.465429,0.328855
414.8,0.476936,0.429664,-0.54541,0.359499
414.9,0.473754,0.457454,-0.624352,0.388147
415,0.473693,0.488857,-0.701964,0.414916
415.1,0.476806,0.524013,-0.777924,0.439921
415.2,0.483158,0.563117,-0.851863,0.463273
415.3,0.492827,0.606423,-0.923357,0.485064
415.4,0.505913,0.654238,-0.991913,0.505374
415.5,0.522536,0.706911,-1.05695,0.524261
415.6,0.54284,0.76483,-1.11779,0.541764
415.7,0.566994,0.828407,-1.17362,0.557903
415.8,0.59519,0.898056,-1.22351,0.572674
415.9,0.627641,0.974177,-1.26632,0.586051
416,0.664576,1.05712,-1.30075,0.597983
416.1,0.706228,1.14713,-1.32526,0.608391
416.2,0.75283,1.2443,-1.33809,0.617168
416.3,0.804586,1.3485,-1.33719,0.62417
416.4,0.861655,1.45926,-1.32028,0.629216
416.5,0.924114,1.57563,-1.28484,0.632082
416.6,0.991917,1.6961,-1.22815,0.632494
416.7,1.06484,1.81837,-1.14744,0.63013
416.8,1.14242,1.93922,-1.04005,0.624604
416.9,1.22388,2.05439,-0.903693,0.615474
417,1.30806,2.15842,-0.736841,0.602233
417.1,1.39333,2.2448,-0.539171,0.584303
417.2,1.47755,2.30608,-0.312111,0.584303
417.3,1.55806,2.3344,-0.0593562,0.584303
417.4,1.6317,2.3222,0.212724,0.584303
417.5,1.69495,2.26323,0.494962,0.584303
417.6,1.74413,2.15367,0.775699,0.584303
417.7,1.77574,1.99321,1.04163,0.584303
417.8,1.78675,1.78577,1.27917,0.584303
417.9,1.775,1.53949,1.47611,0.584303
418,1.73953,1.26613,1.62328,0.584303
418.1,1.68066,0.97956,1.71574,0.584303
418.2,1.60007,0.694035,1.75323,0.584303
418.3,1.50056,0.42239,1.73982,0.584303
418.4,1.38575,0.174703,1.68284,0.584303
418.5,1.25974,-0.0423977,1.59146,0.584303
418.6,1.12669,-0.225757,1.47532,0.584303
418.7,0.99049,-0.375219,1.34339,0.584303
418.8,0.854595,-0.492865,1.20325,0.584303
418.9,0.721837,-0.58221,1.06083,0.584303
419,0.59441,-0.647481,0.920345,0.584303
419.1,0.473884,-0.693073,0.784552,0.584303
419.2,0.36127,-0.723178,0.655013,0.584303
419.3,0.257102,-0.74158,0.532411,0.584303
419.4,0.161527,-0.751561,0.416834,0.584303
419.5,0.074391,-0.755884,0.307994,0.584303
419.6,-0.00468461,-0.756827,0.205407,-0.32503
419.7,-0.0762379,-0.756243,0.108513,-0.0513106
419.8,-0.140914,-0.755613,0.0167609,0.0725248
419.9,-0.199422,-0.756119,-0.0703423,0.153838
420,-0.252503,-0.758693,-0.153199,0.214009
420.1,-0.300909,-0.764072,-0.232109,0.261535
420.2,-0.34538,-0.772833,-0.307261,0.300706
420.3,-0.386635,-0.78543,-0.378733,0.333981
420.4,-0.425363,-0.802225,-0.446499,0.362875
420.5,-0.462219,-0.823499,-0.510425,0.38837
420.6,-0.497818,-0.849476,-0.570277,0.411116
420.7,-0.532736,-0.880327,-0.62572,0.431548
420.8,-0.567508,-0.916178,-0.676318,0.449961
420.9,-0.602627,-0.957108,-0.721536,0.466544
421,-0.638547,-1.00314,-0.760731,0.481416
421.1,-0.675675,-1.05423,-0.793159,0.494638
421.2,-0.714371,-1.11027,-0.817966,0.506227
421.3,-0.754948,-1.171,-0.834194,0.516162
421.4,-0.797656,-1.23607,-0.840789,0.524392
421.5,-0.842679,-1.30492,-0.836611,0.530833
421.6,-0.890123,-1.37677,-0.820457,0.535373
421.7,-0.939993,-1.45058,-0.791106,0.537872
421.8,-0.992182,-1.52498,-0.747367,0.538163
421.9,-1.04645,-1.59824,-0.688163,0.53605
422,-1.10238,-1.66823,-0.612633,0.531311
422.1,-1.15939,-1.7324,-0.52026,0.5237
422.2,-1.21668,-1.78783,-0.411021,0.512946
422.3,-1.27324,-1.8313,-0.285556,0.498765
422.4,-1.32784,-1.85941,-0.145321,0.498765
422.5,-1.37904,-1.86881,0.00727328,0.498765
422.6,-1.42524,-1.85648,0.168798,0.498765
422.7,-1.46471,-1.82005,0.334828,0.498765
422.8,-1.49574,-1.75813,0.500094,0.498765
422.9,-1.51667,-1.67066,0.658772,0.498765
423,-1.52611,-1.55904,0.804899,0.498765
423.1,-1.52297,-1.42622,0.932865,0.498765
423.2,-1.50664,-1.27654,1.03792,0.498765
423.3,-1.47701,-1.11539,1.11662,0.498765
423.4,-1.43456,-0.948711,1.16706,0.498765
423.5,-1.38025,-0.782485,1.189,0.498765
423.6,-1.31555,-0.622184,1.18372,0.498765
423.7,-1.24222,-0.47238,1.1537,0.498765
423.8,-1.16227,-0.336485,1.10228,0.498765
423.9,-1.07775,-0.21667,1.03319,0.498765
424,-0.990703,-0.113928,0.950216,0.498765
424.1,-0.902989,-0.0282407,0.856877,0.498765
424.2,-0.816263,0.0411974,0.756259,0.498765
424.3,-0.731914,0.095741,0.650908,0.498765
424.4,-0.651055,0.137077,0.542819,0.498765
424.5,-0.574522,0.167045,0.433473,0.498765
424.6,-0.502895,0.187493,0.323904,0.498765
424.7,-0.436527,0.20019,0.214788,-0.488782
424.8,-0.375575,0.206758,0.10652,-0.238368
424.9,-0.320036,0.208642,-0.00070542,-0.07053
425,-0.269777,0.207101,-0.106834,0.0467847
425.1,-0.22457,0.203206,-0.211902,0.135159
425.2,-0.184112,0.197856,-0.315996,0.205417
425.3,-0.148053,0.191793,-0.419227,0.263483
425.4,-0.116012,0.185623,-0.521714,0.312897
425.5,-0.0875929,0.179833,-0.62357,0.355918
425.6,-0.0623941,0.174815,-0.724896,0.394062
425.7,-0.0400207,0.17088,-0.825777,0.428385
425.8,-0.0200881,0.16828,-0.926284,0.459646
425.9,-0.00222663,0.167221,-1.02647,0.4884
426,0.013916,0.167878,-1.12637,0.515066
426.1,0.0286743,0.170407,-1.22601,0.539961
426.2,0.0423655,0.174959,-1.32539,0.563334
426.3,0.0552911,0.181691,-1.42452,0.585378
426.4,0.0677396,0.190772,-1.52337,0.60625
426.5,0.0799891,0.2024,-1.62192,0.626075
426.6,0.0923117,0.216803,-1.72012,0.644957
426.7,0.104978,0.234257,-1.8179,0.662979
426.8,0.11826,0.25509,-1.91517,0.680211
426.9,0.132439,0.279698,-2.01182,0.696711
427,0.147813,0.30855,-2.1077,0.712525
427.1,0.164697,0.342211,-2.20262,0.727691
427.2,0.183436,0.381345,-2.29634,0.742236
427.3,0.204413,0.426741,-2.38851,0.756179
427.4,0.228053,0.479327,-2.47873,0.769529
427.5,0.254838,0.540187,-2.56644,0.782286
427.6,0.285317,0.610585,-2.65092,0.794434
427.7,0.320114,0.691979,-2.73124,0.805947
427.8,0.359944,0.78604,-2.80615,0.816777
427.9,0.405624,0.894657,-2.87404,0.826855
428,0.45808,1.01993,-2.93276,0.836081
428.1,0.518363,1.16413,-2.97953,0.84432
428.2,0.587643,1.32962,-3.01069,0.851386
428.3,0.667202,1.5187,-3.02147,0.85703
428.4,0.758408,1.73337,-3.00572,0.860921
428.5,0.862655,1.97484,-2.95563,0.862625
428.6,0.981257,2.24292,-2.86139,0.861569
428.7,1.11528,2.53501,-2.71114,0.857016
428.8,1.26526,2.84475,-2.49108,0.848016
428.9,1.43086,3.16034,-2.18623,0.833368
429,1.61026,3.46258,-1.78226,0.811565
429.1,1.79961,3.72336,-1.26866,0.78075
429.2,1.99228,3.90535,-0.643567,0.78075
429.3,2.17835,3.96451,0.0800312,0.78075
429.4,2.3446,3.8568,0.868679,0.78075
429.5,2.4753,3.54949,1.66635,0.78075
429.6,2.5542,3.03457,2.39972,0.78075
429.7,2.56749,2.33872,2.99258,0.78075
429.8,2.5069,1.52309,3.38583,0.78075
429.9,2.37197,0.670075,3.55483,0.78075
430,2.17027,-0.13822,3.51519,0.78075
430.1,1.91563,-0.839784,3.31441,0.78075
430.2,1.62505,-1.40247,3.01489,0.78075
430.3,1.31554,-1.82219,2.67708,0.78075
430.4,1.00191,-2.1139,2.3487,0.78075
430.5,0.695613,-2.30121,2.06138,0.78075
430.6,0.4047,-2.40828,1.83214,0.78075
430.7,0.134324,-2.45534,1.66704,0.78075
430.8,-0.11251,-2.45697,1.56487,0.78075
430.9,-0.334205,-2.42238,1.51988,0.78075
431,-0.529968,-2.35645,1.52364,0.78075
431.1,-0.699404,-2.26126,1.56609,0.78075
431.2,-0.842273,-2.13754,1.63615,0.78075
431.3,-0.958418,-1.98597,1.7223,0.78075
431.4,-1.0478,-1.80818,1.81309,0.78075
431.5,-1.11061,-1.60738,1.89786,0.78075
431.6,-1.14742,-1.38857,1.96737,0.78075
431.7,-1.15929,-1.1583,2.01456,0.78075
431.8,-1.14787,-0.924084,2.03488,0.78075
431.9,-1.11536,-0.693677,2.02654,0.78075
432,-1.06451,-0.474233,1.99023,0.78075
432.1,-0.998383,-0.271667,1.92869,0.78075
432.2,-0.920271,-0.0902416,1.846,0.78075
432.3,-0.833457,0.0675639,1.74693,0.78075
432.4,-0.741068,0.200942,1.6363,0.78075
432.5,-0.645941,0.310478,1.51852,0.78075
432.6,-0.550534,0.397792,1.3973,0.78075
432.7,-0.456882,0.465171,1.27555,0.78075
432.8,-0.366588,0.515257,1.15536,0.78075
432.9,-0.280846,0.550789,1.03812,0.78075
433,-0.200478,0.574429,0.924602,0.78075
433.1,-0.125982,0.588646,0.815136,0.78075
433.2,-0.057588,0.595662,0.709731,0.78075
433.3,0.00469677,0.597424,0.608183,0.78075
433.4,0.0610366,0.595606,0.510173,0.78075
433.5,0.111727,0.591629,0.415327,0.78075
433.6,0.15716,0.586687,0.323271,-0.296443
433.7,0.197794,0.581768,0.23366,-0.11842
433.8,0.234127,0.57769,0.146196,-0.00929871
433.9,0.266683,0.575124,0.0606416,0.0698546
434,0.295992,0.574621,-0.0231763,0.132221
434.1,0.322583,0.576632,-0.105368,0.183898
434.2,0.346972,0.581532,-0.185979,0.228189
434.3,0.369659,0.589635,-0.264998,0.26707
434.4,0.391123,0.601208,-0.342354,0.301796
434.5,0.411825,0.61649,-0.417917,0.333204
434.6,0.432198,0.6357,-0.491506,0.361869
434.7,0.45266,0.659044,-0.562877,0.388198
434.8,0.473604,0.686726,-0.63173,0.412479
434.9,0.495407,0.71895,-0.697696,0.434921
435,0.51843,0.755924,-0.760336,0.455675
435.1,0.543019,0.797856,-0.819129,0.474844
435.2,0.569506,0.844952,-0.873466,0.492496
435.3,0.598213,0.897407,-0.922632,0.50867
435.4,0.629445,0.955389,-0.965802,0.523377
435.5,0.663496,1.01902,-1.00202,0.536603
435.6,0.700638,1.08836,-1.03019,0.548307
435.7,0.741117,1.16334,-1.04907,0.558426
435.8,0.785145,1.24375,-1.05726,0.566868
435.9,0.832882,1.32918,-1.05323,0.573513
436,0.884421,1.41891,-1.03528,0.578211
436.1,0.939761,1.51188,-1.00164,0.580777
436.2,0.99878,1.60658,-0.950517,0.580994
436.3,1.0612,1.70097,-0.880162,0.578604
436.4,1.12654,1.79239,-0.789045,0.573312
436.5,1.19409,1.87753,-0.676033,0.564785
436.6,1.26285,1.95241,-0.540625,0.55265
436.7,1.33151,2.01247,-0.383232,0.5365
436.8,1.39844,2.05278,-0.205463,0.5365
436.9,1.46167,2.06829,-0.0103804,0.5365
437,1.51898,2.05438,0.197333,0.5365
437.1,1.56793,2.00733,0.411373,0.5365
437.2,1.60604,1.92497,0.624043,0.5365
437.3,1.63097,1.80725,0.826739,0.5365
437.4,1.6407,1.65651,1.01069,0.5365
437.5,1.63375,1.47761,1.16783,0.5365
437.6,1.60935,1.27756,1.29168,0.5365
437.7,1.56755,1.06485,1.37807,0.5365
437.8,1.50924,0.84854,1.42547,0.5365
437.9,1.43608,0.637309,1.43498,0.5365
438,1.35033,0.438604,1.40994,0.5365
438.1,1.25467,0.258088,1.35526,0.5365
438.2,1.15197,0.0993963,1.27668,0.5365
438.3,1.04508,-0.0357982,1.18008,0.5365
438.4,0.936634,-0.147503,1.0709,0.5365
438.5,0.828966,-0.237009,0.953859,0.5365
438.6,0.724017,-0.306467,0.832706,0.5365
438.7,0.623308,-0.358512,0.710275,0.5365
438.8,0.52796,-0.395953,0.588545,0.5365
438.9,0.438716,-0.421556,0.468787,0.5365
439,0.355996,-0.437906,0.35172,0.5365
439.1,0.279944,-0.447324,0.237661,0.5365
439.2,0.210485,-0.451839,0.126655,0.5365
439.3,0.147373,-0.453188,0.0185789,-0.105919
439.4,0.0902308,-0.452832,-0.0867825,0.0442939
439.5,0.0385927,-0.45199,-0.189677,0.140985
439.6,-0.00806939,-0.451672,-0.290349,0.212751
439.7,-0.0503204,-0.452711,-0.389013,0.269889
439.8,-0.0887435,-0.455797,-0.485842,0.317423
439.9,-0.123927,-0.461512,-0.580954,0.358202
440,-0.156453,-0.470351,-0.674415,0.393991
440.1,-0.186895,-0.482753,-0.766229,0.425947
440.2,-0.215808,-0.499122,-0.856342,0.454859
440.3,-0.243735,-0.519842,-0.944636,0.481279
440.4,-0.271203,-0.5453,-1.03093,0.505605
440.5,-0.298724,-0.575898,-1.11496,0.52812
440.6,-0.326804,-0.612062,-1.19639,0.549033
440.7,-0.355942,-0.654256,-1.27479,0.568493
440.8,-0.386633,-0.702988,-1.34962,0.5866
440.9,-0.41938,-0.758809,-1.42018,0.603421
441,-0.45469,-0.822312,-1.48566,0.61899
441.1,-0.493079,-0.894125,-1.54503,0.633308
441.2,-0.535077,-0.97489,-1.59703,0.64635
441.3,-0.581223,-1.06523,-1.64014,0.658061
441.4,-0.632061,-1.16572,-1.67253,0.66835
441.5,-0.688132,-1.27677,-1.69198,0.677092
441.6,-0.749957,-1.39859,-1.69586,0.684118
441.7,-0.818006,-1.531,-1.68109,0.689212
441.8,-0.892665,-1.67326,-1.64413,0.692101
441.9,-0.974176,-1.82387,-1.58097,0.692446
442,-1.06257,-1.98022,-1.48729,0.689834
442.1,-1.15755,-2.13835,-1.35868,0.683765
442.2,-1.2584,-2.29256,-1.19095,0.673649
442.3,-1.36384,-2.43519,-0.980793,0.65879
442.4,-1.47187,-2.55651,-0.72652,0.638385
442.5,-1.57968,-2.64494,-0.429089,0.638385
442.6,-1.68354,-2.68774,-0.093166,0.638385
442.7,-1.77886,-2.67229,0.271958,0.638385
442.8,-1.86038,-2.58801,0.65196,0.638385
442.9,-1.92252,-2.42855,1.02798,0.638385
443,-1.9599,-2.19402,1.37827,0.638385
443.1,-1.96807,-1.89223,1.68104,0.638385
443.2,-1.94408,-1.53861,1.91782,0.638385
443.3,-1.88705,-1.15426,2.07659,0.638385
443.4,-1.79834,-0.762781,2.15368,0.638385
443.5,-1.68139,-0.386545,2.15379,0.638385
443.6,-1.54126,-0.0435532,2.08833,0.638385
443.7,-1.38394,0.254331,1.9727,0.638385
443.8,-1.21566,0.501649,1.82333,0.638385
443.9,-1.04233,0.698411,1.6554,0.638385
444,-0.869068,0.848529,1.48136,0.638385
444.1,-0.70002,0.958172,1.31045,0.638385
444.2,-0.538299,1.03438,1.14878,0.638385
444.3,-0.386051,1.08407,0.999894,0.638385
444.4,-0.244588,1.11351,0.865338,0.638385
444.5,-0.114546,1.12801,0.745318,0.638385
444.6,0.00395429,1.13187,0.639178,0.638385
444.7,0.111172,1.12849,0.545787,0.638385
444.8,0.207623,1.12048,0.463807,-0.225858
444.9,0.293991,1.10979,0.391862,-0.0484883
445,0.371052,1.09784,0.328643,0.0489454
445.1,0.439625,1.08569,0.272962,0.112365
445.2,0.500537,1.07404,0.22378,0.157183
445.3,0.55459,1.06342,0.18021,0.190505
445.4,0.602551,1.05414,0.141508,0.216193
445.5,0.645139,1.04642,0.107062,0.236569
445.6,0.683019,1.04035,0.0763778,0.25311
445.7,0.716799,1.03599,0.049062,0.266812
445.8,0.747031,1.03331,0.0248069,0.278352
445.9,0.77421,1.03226,0.00337628,0.288206
446,0.798778,1.03275,-0.0154069,0.296708
446.1,0.821126,1.03468,-0.0316724,0.304094
446.2,0.841595,1.0379,-0.0455123,0.310533
446.3,0.860479,1.04229,-0.0569908,0.316142
446.4,0.878033,1.04766,-0.0661512,0.320999
446.5,0.894468,1.05384,-0.073024,0.325159
446.6,0.90996,1.06066,-0.077633,0.328657
446.7,0.924649,1.0679,-0.0800012,0.331512
446.8,0.938642,1.07538,-0.0801564,0.333735
446.9,0.952018,1.08288,-0.078136,0.335333
447,0.964827,1.09019,-0.073992,0.336304
447.1,0.977095,1.09709,-0.0677943,0.336647
447.2,0.988823,1.10337,-0.0596351,0.336368
447.3,0.999994,1.10881,-0.0496312,0.335459
447.4,1.01057,1.11323,-0.0379269,0.333929
447.5,1.02051,1.11642,-0.0246948,0.331783
447.6,1.02973,1.11821,-0.0101373,0.329039
447.7,1.03818,1.11846,0.00551488,0.325706
447.8,1.04576,1.11703,0.0220035,0.321823
447.9,1.0524,1.11383,0.0390458,0.317386
448,1.05802,1.1088,0.0563385,0.312525
448.1,1.06253,1.10191,0.0735628,0.307207
448.2,1.06587,1.09318,0.0903902,0.30152
448.3,1.06797,1.08266,0.10649,0.295537
448.4,1.0688,1.07047,0.121534,0.289339
448.5,1.0683,1.05674,0.135211,0.283009
448.6,1.06648,1.04165,0.147224,0.283009
448.7,1.06334,1.02541,0.157306,0.283009
448.8,1.05891,1.00828,0.165225,0.283009
448.9,1.05324,0.990514,0.170784,0.283009
449,1.04639,0.972401,0.17383,0.283009
449.1,1.03847,0.954234,0.174258,0.283009
449.2,1.02959,0.936307,0.172007,0.2443
449.3,1.01986,0.91891,0.167063,0.240958
449.4,1.00944,0.902321,0.159457,0.238501
449.5,0.99849,0.886801,0.149263,0.237005
449.6,0.987163,0.872589,0.136593,0.236541
449.7,0.975633,0.8599,0.121595,0.237152
449.8,0.964074,0.84892,0.104446,0.238863
449.9,0.95266,0.839809,0.0853509,0.24167
450,0.94156,0.832697,0.0645349,0.245546
450.1,0.930941,0.827686,0.0422415,0.25044
450.2,0.920961,0.824853,0.0187282,0.256278
450.3,0.911768,0.82425,-0.00573582,0.262967
450.4,0.903501,0.825905,-0.030873,0.270396
450.5,0.896289,0.829828,-0.0563986,0.278444
450.6,0.890246,0.836009,-0.0820222,0.286981
450.7,0.885474,0.844421,-0.107449,0.295874
450.8,0.882063,0.855021,-0.132379,0.304989
450.9,0.880089,0.867753,-0.156511,0.314203
451,0.879614,0.882543,-0.179537,0.323383
451.1,0.880688,0.899305,-0.201148,0.332411
451.2,0.883347,0.917935,-0.221031,0.341179
451.3,0.887611,0.938311,-0.238871,0.34958
451.4,0.893487,0.960289,-0.254355,0.357519
451.5,0.900966,0.983704,-0.267166,0.364903
451.6,0.910023,1.00836,-0.276996,0.371648
451.7,0.920616,1.03404,-0.283541,0.377675
451.8,0.932684,1.06048,-0.286511,0.382909
451.9,0.946144,1.08738,-0.285637,0.387277
452,0.960892,1.11441,-0.280672,0.390711
452.1,0.976799,1.14118,-0.271409,0.393143
452.2,0.993712,1.16728,-0.257686,0.394513
452.3,1.01145,1.19223,-0.239397,0.394758
452.4,1.02979,1.21553,-0.216512,0.393823
452.5,1.04851,1.23664,-0.18908,0.391649
452.6,1.06732,1.25499,-0.157253,0.388197
452.7,1.08594,1.27002,-0.121289,0.38342
452.8,1.10403,1.28115,-0.0815678,0.37729
452.9,1.12125,1.28786,-0.0385936,0.369786
453,1.13723,1.28966,0.00700128,0.360895
453.1,1.15161,1.28615,0.0544621,0.360895
453.2,1.16401,1.27703,0.102923,0.360895
453.3,1.1741,1.26216,0.151428,0.360895
453.4,1.18152,1.2415,0.198954,0.360895
453.5,1.186,1.21522,0.244447,0.360895
453.6,1.1873,1.18366,0.286861,0.360895
453.7,1.18523,1.1473,0.325196,0.360895
453.8,1.17969,1.10681,0.358537,0.360895
453.9,1.17066,1.06299,0.386096,0.360895
454,1.15819,1.01673,0.407233,0.360895
454.1,1.14243,0.968989,0.421484,0.360895
454.2,1.12359,0.920755,0.428569,0.360895
454.3,1.10197,0.872998,0.428391,0.360895
454.4,1.07792,0.826633,0.421025,0.360895
454.5,1.05185,0.782492,0.4067,0.360895
454.6,1.0242,0.741297,0.385777,0.360895
454.7,0.995427,0.703648,0.358715,0.360895
454.8,0.966,0.670017,0.32605,0.360895
454.9,0.936383,0.64075,0.288361,0.360895
455,0.907019,0.616071,0.24625,0.124736
455.1,0.878328,0.596104,0.200318,0.132806
455.2,0.850697,0.58088,0.151158,0.14431
455.3,0.824474,0.570363,0.099333,0.158998
455.4,0.799971,0.564464,0.0453812,0.176215
455.5,0.777456,0.563057,-0.0101929,0.19563
455.6,0.757162,0.565999,-0.0669149,0.216608
455.7,0.739283,0.57314,-0.124337,0.238604
455.8,0.723983,0.584337,-0.182033,0.261116
455.9,0.711394,0.599458,-0.239592,0.28372
456,0.701628,0.618393,-0.296609,0.306069
456.1,0.694774,0.641055,-0.35268,0.32789
456.2,0.690907,0.667383,-0.407391,0.34898
456.3,0.690089,0.69734,-0.460313,0.369187
456.4,0.692374,0.730913,-0.510989,0.388399
456.5,0.697812,0.768103,-0.55893,0.406535
456.6,0.706447,0.808924,-0.603606,0.423533
456.7,0.718321,0.85339,-0.644435,0.439342
456.8,0.733473,0.901504,-0.680782,0.453912
456.9,0.751938,0.953243,-0.711945,0.467197
457,0.773741,1.00854,-0.737159,0.479143
457.1,0.798899,1.06726,-0.755585,0.489686
457.2,0.827408,1.12917,-0.76632,0.498754
457.3,0.859237,1.19393,-0.768397,0.506259
457.4,0.894316,1.26102,-0.760803,0.512097
457.5,0.932527,1.32974,-0.7425,0.516149
457.6,0.973683,1.39914,-0.712464,0.518275
457.7,1.01751,1.46803,-0.669731,0.518318
457.8,1.06364,1.53488,-0.613469,0.516099
457.9,1.11157,1.59787,-0.543059,0.511422
458,1.16066,1.65484,-0.458206,0.504073
458.1,1.21011,1.70338,-0.359048,0.493824
458.2,1.25897,1.74084,-0.246288,0.480437
458.3,1.30609,1.76448,-0.121299,0.480437
458.4,1.3502,1.77167,0.0137799,0.480437
458.5,1.3899,1.76005,0.15601,0.480437
458.6,1.42373,1.72782,0.301686,0.480437
458.7,1.45024,1.67397,0.446466,0.480437
458.8,1.46805,1.59851,0.585592,0.480437
458.9,1.47598,1.50263,0.714205,0.480437
459,1.47313,1.38866,0.827714,0.480437
459.1,1.45897,1.26007,0.922169,0.480437
459.2,1.43339,1.12111,0.994588,0.480437
459.3,1.3967,0.976572,1.04318,0.480437
459.4,1.34968,0.831304,1.06742,0.480437
459.5,1.29346,0.68987,1.06799,0.480437
459.6,1.22948,0.556203,1.04659,0.480437
459.7,1.15937,0.433389,1.00567,0.480437
459.8,1.08487,0.323566,0.948088,0.480437
459.9,1.00768,0.22793,0.876878,0.480437
460,0.929437,0.146835,0.794963,0.480437
460.1,0.851617,0.0799451,0.705001,0.480437
460.2,0.775491,0.0264028,0.609273,0.480437
460.3,0.702113,-0.0149953,0.509649,0.480437
460.4,0.632309,-0.0456494,0.407589,0.480437
460.5,0.56669,-0.0670327,0.304182,-0.372634
460.6,0.505671,-0.0805989,0.200203,-0.260868
460.7,0.44949,-0.087718,0.0961671,-0.137097
460.8,0.398238,-0.0896362,-0.00760344,-0.0258569
460.9,0.351888,-0.087454,-0.110933,0.0670241
461,0.310315,-0.0821194,-0.213746,0.143932
461.1,0.273326,-0.0744295,-0.316035,0.208439
461.2,0.240676,-0.0650388,-0.41783,0.263509
461.3,0.212087,-0.0544713,-0.519185,0.311351
461.4,0.187264,-0.0431338,-0.620162,0.353572
461.5,0.165907,-0.0313299,-0.720821,0.391349
461.6,0.14772,-0.0192736,-0.821219,0.425552
461.7,0.132416,-0.0071018,-0.921405,0.456832
461.8,0.11973,0.00511455,-1.02142,0.485687
461.9,0.109415,0.0173608,-1.12129,0.512498
462,0.10125,0.0296703,-1.22104,0.537564
462.1,0.0950388,0.0421183,-1.32069,0.561121
462.2,0.0906145,0.0548168,-1.42025,0.583359
462.3,0.0878375,0.0679111,-1.5197,0.604431
462.4,0.0865971,0.0815783,-1.61905,0.624462
462.5,0.0868113,0.0960268,-1.71828,0.643558
462.6,0.0884275,0.111497,-1.81737,0.661806
462.7,0.0914226,0.128266,-1.9163,0.679279
462.8,0.0958038,0.146648,-2.01501,0.69604
462.9,0.10161,0.167004,-2.11347,0.712143
463,0.108912,0.189745,-2.21159,0.727632
463.1,0.117818,0.215347,-2.3093,0.742547
463.2,0.128473,0.244356,-2.40648,0.756919
463.3,0.141065,0.277408,-2.50297,0.770774
463.4,0.155829,0.315237,-2.59857,0.784131
463.5,0.173052,0.358702,-2.69304,0.797005
463.6,0.193086,0.408804,-2.78603,0.809401
463.7,0.216348,0.466711,-2.87708,0.821317
463.8,0.24334,0.533784,-2.96561,0.832743
463.9,0.274651,0.611609,-3.0508,0.843654
464,0.310983,0.702022,-3.1316,0.854013
464.1,0.353154,0.807136,-3.20659,0.86376
464.2,0.402123,0.929358,-3.27386,0.872812
464.3,0.458998,1.07138,-3.33087,0.881053
464.4,0.525051,1.23615,-3.37421,0.888318
464.5,0.601724,1.42674,-3.39933,0.894389
464.6,0.690611,1.64621,-3.40021,0.898966
464.7,0.793429,1.89713,-3.36896,0.901645
464.8,0.911931,2.18107,-3.29532,0.901891
464.9,1.04777,2.49752,-3.16636,0.898991
465,1.20222,2.84248,-2.9662,0.892011
465.1,1.37582,3.20635,-2.67643,0.879738
465.2,1.56776,3.57136,-2.27743,0.860619
465.3,1.77512,3.9088,-1.75148,0.832691
465.4,1.99189,4.17714,-1.0882,0.832691
465.5,2.2081,4.32288,-0.292525,0.832691
465.6,2.40927,4.28665,0.606161,0.832691
465.7,2.57687,4.01652,1.54759,0.832691
465.8,2.69031,3.48701,2.44286,0.832691
465.9,2.73058,2.71697,3.19034,0.832691
466,2.68471,1.77528,3.70335,0.832691
466.1,2.54945,0.76665,3.93824,0.832691
466.2,2.33237,-0.198353,3.90763,0.832691
466.3,2.04985,-1.03402,3.67138,0.832691
466.4,1.72291,-1.69594,3.31245,0.832691
466.5,1.37283,-2.17924,2.91152,0.832691
466.6,1.01791,-2.50516,2.53114,0.832691
466.7,0.672086,-2.70563,2.21112,0.832691
466.8,0.344877,-2.81188,1.9713,0.832691
466.9,0.0422294,-2.84837,1.81714,0.832691
467,-0.2324,-2.83123,1.74484,0.832691
467.1,-0.477044,-2.76909,1.74488,0.832691
467.2,-0.690462,-2.66518,1.80423,0.832691
467.3,-0.871679,-2.5198,1.90748,0.832691
467.4,-1.0198,-2.33267,2.03771,0.832691
467.5,-1.13403,-2.10498,2.17743,0.832691
467.6,-1.21391,-1.84071,2.30975,0.832691
467.7,-1.25955,-1.54724,2.41987,0.832691
467.8,-1.27193,-1.23502,2.49643,0.832691
467.9,-1.25301,-0.916509,2.53256,0.832691
468,-1.20579,-0.604553,2.52622,0.832691
468.1,-1.13418,-0.310844,2.4798,0.832691
468.2,-1.04271,-0.0446284,2.39909,0.832691
468.3,-0.936193,0.187973,2.29191,0.832691
468.4,-0.819436,0.384035,2.1667,0.832691
468.5,-0.696915,0.543425,2.03146,0.832691
468.6,-0.572586,0.668123,1.89297,0.832691
468.7,-0.449768,0.761475,1.75642,0.832691
468.8,-0.331108,0.827528,1.62541,0.832691
468.9,-0.218604,0.870514,1.50212,0.832691
469,-0.113664,0.894508,1.38752,0.832691
469.1,-0.0171951,0.903223,1.2817,0.832691
469.2,0.0703183,0.899928,1.18416,0.832691
469.3,0.148724,0.887431,1.09402,0.832691
469.4,0.218133,0.868112,1.01018,0.832691
469.5,0.27885,0.843968,0.931509,0.832691
469.6,0.331326,0.81667,0.85689,0.832691
469.7,0.376116,0.787609,0.785305,0.832691
469.8,0.413841,0.757948,0.715863,0.832691
469.9,0.445163,0.72865,0.647815,0.832691
470,0.470768,0.700511,0.58056,-0.183548
470.1,0.49134,0.674184,0.513639,-0.126845
470.2,0.507559,0.650194,0.446721,-0.0777421
470.3,0.520082,0.628959,0.379587,-0.0336693
470.4,0.52954,0.610804,0.312117,0.00702552
470.5,0.536528,0.595972,0.244275,0.0453483
470.6,0.541609,0.584641,0.176088,0.081878
470.7,0.545302,0.576931,0.10764,0.116932
470.8,0.548088,0.572922,0.0390569,0.150651
470.9,0.550409,0.572661,-0.0294986,0.183083
471,0.552667,0.576176,-0.0978352,0.214221
471.1,0.555227,0.583479,-0.165736,0.244041
471.2,0.558422,0.594584,-0.232958,0.272526
471.3,0.562555,0.609503,-0.299237,0.299628
471.4,0.5679,0.628261,-0.36428,0.325365
471.5,0.574708,0.650892,-0.427767,0.349725
471.6,0.583211,0.677448,-0.489341,0.372715
471.7,0.593624,0.707994,-0.548609,0.394343
471.8,0.60615,0.74261,-0.605129,0.414619
471.9,0.620978,0.781385,-0.658408,0.43355
472,0.63829,0.824412,-0.707888,0.451137
472.1,0.658259,0.87178,-0.752943,0.467374
472.2,0.681048,0.923558,-0.792867,0.482244
472.3,0.70681,0.97978,-0.826866,0.49572
472.4,0.735685,1.04043,-0.854051,0.507757
472.5,0.767794,1.10539,-0.873435,0.518298
472.6,0.80323,1.17445,-0.88393,0.527265
472.7,0.84205,1.24723,-0.884356,0.53456
472.8,0.884259,1.32315,-0.873453,0.540066
472.9,0.929795,1.40138,-0.849912,0.543638
473,0.978509,1.48077,-0.812421,0.54511
473.1,1.03014,1.5598,-0.759725,0.544288
473.2,1.08428,1.63658,-0.690729,0.54095
473.3,1.14038,1.70873,-0.604608,0.534849
473.4,1.19767,1.77347,-0.500962,0.525713
473.5,1.25518,1.82761,-0.379982,0.513249
473.6,1.31172,1.86767,-0.242633,0.497143
473.7,1.36586,1.89008,-0.0908152,0.497143
473.8,1.41599,1.89139,0.0725122,0.497143
473.9,1.46033,1.86867,0.243291,0.497143
474,1.49704,1.81981,0.416444,0.497143
474.1,1.5243,1.74392,0.586102,0.497143
474.2,1.54045,1.64161,0.745978,0.497143
474.3,1.54414,1.51512,0.889866,0.497143
474.4,1.53442,1.36833,1.01219,0.497143
474.5,1.51088,1.20641,1.10855,0.497143
474.6,1.47368,1.03547,1.17608,0.497143
474.7,1.42358,0.86191,1.21367,0.497143
474.8,1.36185,0.691867,1.22195,0.497143
474.9,1.29021,0.5307,1.20303,0.497143
475,1.21065,0.382627,1.1601,0.497143
475.1,1.12533,0.250546,1.09702,0.497143
475.2,1.0364,0.136044,1.01784,0.497143
475.3,0.945912,0.0395293,0.926465,0.497143
475.4,0.855699,-0.0395407,0.826397,0.497143
475.5,0.767343,-0.102403,0.720581,0.497143
475.6,0.682129,-0.15074,0.611364,0.497143
475.7,0.601051,-0.186467,0.500515,0.497143
475.8,0.524818,-0.211563,0.389291,0.497143
475.9,0.453888,-0.227951,0.278525,0.497143
476,0.388496,-0.237415,0.16872,-0.437337
476.1,0.328696,-0.241563,0.0601312,-0.17382
476.2,0.274391,-0.241804,-0.0471538,-0.0195848
476.3,0.225371,-0.239346,-0.153161,0.0872506
476.4,0.181337,-0.23521,-0.25798,0.168271
476.5,0.141934,-0.230246,-0.361735,0.233227
476.6,0.106764,-0.225152,-0.46456,0.287337
476.7,0.075409,-0.220497,-0.566584,0.333709
476.8,0.04744,-0.216745,-0.667921,0.374329
476.9,0.0224305,-0.214273,-0.768669,0.410537
477,-3.84417e-05,-0.213391,-0.868905,0.443265
477.1,-0.0203729,-0.214361,-0.968683,0.473186
477.2,-0.0389635,-0.217411,-1.06804,0.500795
477.3,-0.0561844,-0.222753,-1.16699,0.526463
477.4,-0.0723941,-0.230594,-1.26553,0.550474
477.5,-0.087937,-0.241151,-1.36364,0.573048
477.6,-0.103146,-0.25466,-1.46127,0.594359
477.7,-0.118347,-0.271392,-1.55836,0.614545
477.8,-0.133863,-0.291659,-1.65481,0.633716
477.9,-0.150015,-0.315829,-1.75051,0.65196
478,-0.167137,-0.344337,-1.84528,0.66935
478.1,-0.185573,-0.377697,-1.93892,0.68594
478.2,-0.205688,-0.416518,-2.03116,0.701775
478.3,-0.227876,-0.461511,-2.12165,0.716883
478.4,-0.252565,-0.513512,-2.20996,0.731285
478.5,-0.280232,-0.573491,-2.2955,0.744984
478.6,-0.311403,-0.642566,-2.37754,0.757972
478.7,-0.346673,-0.72202,-2.45512,0.770225
478.8,-0.386708,-0.813302,-2.52701,0.781698
478.9,-0.432257,-0.918028,-2.59161,0.792324
479,-0.484157,-1.03796,-2.64687,0.802005
479.1,-0.543343,-1.17496,-2.6901,0.810608
479.2,-0.610835,-1.3309,-2.7179,0.817951
479.3,-0.687733,-1.50753,-2.72587,0.823796
479.4,-0.775179,-1.70619,-2.70848,0.827825
479.5,-0.874301,-1.92745,-2.65879,0.829627
479.6,-0.986116,-2.17055,-2.56835,0.828672
479.7,-1.11137,-2.43256,-2.42711,0.82428
479.8,-1.25033,-2.70733,-2.22369,0.815593
479.9,-1.40241,-2.98418,-1.94613,0.801537
480,-1.56583,-3.24656,-1.58337,0.780784
480.1,-1.73704,-3.47102,-1.1278,0.751718
480.2,-1.91028,-3.62724,-0.578989,0.751718
480.3,-2.07719,-3.68012,0.0518978,0.751718
480.4,-2.22683,-3.59484,0.738054,0.751718
480.5,-2.3463,-3.345,1.43559,0.751718
480.6,-2.42223,-2.92237,2.08715,0.751718
480.7,-2.44296,-2.34438,2.63176,0.751718
480.8,-2.40089,-1.65514,3.01907,0.751718
480.9,-2.29434,-0.917343,3.22265,0.751718
481,-2.1281,-0.197554,3.24626,0.751718
481.1,-1.91235,0.449082,3.12038,0.751718
481.2,-1.66061,0.98843,2.89119,0.751718
481.3,-1.38725,1.40882,2.60784,0.751718
481.4,-1.10546,1.71614,2.31268,0.751718
481.5,-0.826082,1.92643,2.03668,0.751718
481.6,-0.557188,2.05913,1.79899,0.751718
481.7,-0.304258,2.13249,1.609,0.751718
481.8,-0.0706725,2.16128,1.46912,0.751718
481.9,0.141714,2.15614,1.37717,0.751718
482,0.332052,2.12401,1.32826,0.751718
482.1,0.500084,2.06888,1.31588,0.751718
482.2,0.645858,1.99286,1.33262,0.751718
482.3,0.769561,1.89702,1.37064,0.751718
482.4,0.871446,1.78223,1.42194,0.751718
482.5,0.951842,1.64972,1.47872,0.751718
482.6,1.0112,1.50156,1.53369,0.751718
482.7,1.05017,1.3407,1.58044,0.751718
482.8,1.06966,1.17103,1.61378,0.751718
482.9,1.07091,0.997037,1.62998,0.751718
483,1.05546,0.823513,1.62688,0.751718
483.1,1.02518,0.6551,1.60385,0.751718
483.2,0.982177,0.49592,1.56163,0.751718
483.3,0.9287,0.349289,1.502,0.751718
483.4,0.867064,0.21755,1.42741,0.751718
483.5,0.799535,0.102039,1.34069,0.751718
483.6,0.728245,0.00315584,1.24466,0.751718
483.7,0.65512,-0.0794872,1.14198,0.751718
483.8,0.581837,-0.146883,1.03494,0.751718
483.9,0.509796,-0.200442,0.92544,0.751718
484,0.440117,-0.241817,0.814922,0.751718
484.1,0.37365,-0.272765,0.704445,0.751718
484.2,0.310996,-0.295034,0.594726,0.751718
484.3,0.252537,-0.310293,0.486201,0.751718
484.4,0.198466,-0.320078,0.379101,0.751718
484.5,0.148817,-0.325774,0.273503,0.751718
484.6,0.103499,-0.328598,0.169385,-0.370896
484.7,0.0623199,-0.329606,0.0666672,-0.104022
484.8,0.0250144,-0.329707,-0.0347622,0.0256976
484.9,-0.00873827,-0.329668,-0.135021,0.11561
485,-0.0392953,-0.330142,-0.234221,0.185132
485.1,-0.0670369,-0.331677,-0.332454,0.242094
485.2,-0.0923552,-0.334743,-0.429793,0.290515
485.3,-0.115646,-0.339741,-0.526282,0.33275
485.4,-0.137305,-0.347027,-0.621936,0.370293
485.5,-0.157719,-0.356924,-0.716742,0.404147
485.6,-0.177272,-0.369736,-0.810657,0.435015
485.7,-0.196336,-0.385767,-0.903602,0.463404
485.8,-0.215279,-0.405325,-0.995465,0.48969
485.9,-0.234465,-0.428742,-1.08609,0.514154
486,-0.254255,-0.456382,-1.17529,0.537012
486.1,-0.275013,-0.48865,-1.26279,0.558428
486.2,-0.297108,-0.526,-1.34829,0.578528
486.3,-0.320921,-0.568949,-1.43139,0.597405
486.4,-0.346849,-0.618078,-1.51159,0.615127
486.5,-0.37531,-0.674037,-1.58829,0.631737
486.6,-0.406747,-0.73755,-1.66071,0.647256
486.7,-0.441634,-0.80941,-1.72794,0.661681
486.8,-0.480477,-0.890465,-1.78879,0.674988
486.9,-0.523817,-0.981603,-1.84184,0.687125
487,-0.572231,-1.08371,-1.8853,0.698011
487.1,-0.626319,-1.19763,-1.91701,0.707531
487.2,-0.6867,-1.32404,-1.93431,0.71553
487.3,-0.753988,-1.46337,-1.934,0.721805
487.4,-0.828756,-1.61558,-1.91226,0.726096
487.5,-0.911492,-1.77994,-1.86462,0.728073
487.6,-1.00252,-1.9547,-1.78599,0.727328
487.7,-1.10189,-2.13669,-1.67077,0.723358
487.8,-1.20928,-2.32085,-1.51319,0.715552
487.9,-1.3238,-2.49975,-1.30777,0.703175
488,-1.44378,-2.66322,-1.05023,0.685361
488.1,-1.56664,-2.7982,-0.738635,0.661094
488.2,-1.68865,-2.88914,-0.37491,0.661094
488.3,-1.8049,-2.91913,0.0336259,0.661094
488.4,-1.90932,-2.87201,0.472995,0.661094
488.5,-1.99506,-2.73532,0.922275,0.661094
488.6,-2.05506,-2.50374,1.35487,0.661094
488.7,-2.08285,-2.18183,1.74164,0.661094
488.8,-2.07359,-1.7852,2.05564,0.661094
488.9,-2.02483,-1.33894,2.27703,0.661094
489,-1.93708,-0.873659,2.39693,0.661094
489.1,-1.81373,-0.420016,2.41848,0.661094
489.2,-1.66058,-0.00368575,2.35517,0.661094
489.3,-1.48494,0.357897,2.22702,0.661094
489.4,-1.29462,0.656368,2.05622,0.661094
489.5,-1.09711,0.891241,1.86343,0.661094
489.6,-0.898923,1.06762,1.66554,0.661094
489.7,-0.70532,1.19371,1.4748,0.661094
489.8,-0.520201,1.27876,1.2991,0.661094
489.9,-0.346226,1.33168,1.14267,0.661094
490,-0.185004,1.36024,1.00706,0.661094
490.1,-0.0373222,1.37081,0.892032,0.661094
490.2,0.0966466,1.36833,0.79625,0.661094
490.3,0.217152,1.35647,0.717774,0.661094
490.4,0.324718,1.33789,0.654412,-0.160252
490.5,0.420034,1.31448,0.603921,-0.0305568
490.6,0.503872,1.28751,0.564134,0.0433738
490.7,0.577029,1.25787,0.533018,0.0893827
490.8,0.640301,1.22617,0.508706,0.119009
490.9,0.694453,1.19286,0.489507,0.138023
491,0.740219,1.15829,0.473908,0.149895
491.1,0.778293,1.1228,0.460568,0.156799
491.2,0.809335,1.08671,0.44832,0.160236
491.3,0.833973,1.05035,0.436164,0.161316
491.4,0.852807,1.01408,0.42326,0.161316
491.5,0.866418,0.978287,0.408925,0.161316
491.6,0.875365,0.943355,0.392627,0.161316
491.7,0.880195,0.90968,0.373973,0.161316
491.8,0.881436,0.877647,0.352699,0.155869
491.9,0.879606,0.84762,0.32866,0.156047
492,0.875203,0.819933,0.301815,0.157473
492.1,0.86871,0.794881,0.272211,0.160364
492.2,0.860588,0.772715,0.239971,0.164874
492.3,0.851278,0.753638,0.205279,0.171095
492.4,0.841194,0.73781,0.168367,0.17906
492.5,0.830726,0.725344,0.129502,0.188685
492.6,0.820233,0.716312,0.0889811,0.199886
492.7,0.810047,0.710754,0.0471181,0.212487
492.8,0.80047,0.708677,0.00424092,0.226279
492.9,0.791775,0.710066,-0.0393134,0.241026
493,0.784205,0.714889,-0.0832009,0.256484
493.1,0.77798,0.723099,-0.127072,0.272404
493.2,0.773289,0.734642,-0.17057,0.288553
493.3,0.770302,0.749458,-0.213331,0.304715
493.4,0.769166,0.767486,-0.254981,0.320695
493.5,0.770005,0.788661,-0.295135,0.336324
493.6,0.77293,0.812914,-0.33339,0.351453
493.7,0.77803,0.840173,-0.369326,0.365957
493.8,0.785381,0.870354,-0.402503,0.379722
493.9,0.795042,0.903361,-0.432456,0.392654
494,0.807056,0.939074,-0.458694,0.404662
494.1,0.821451,0.977343,-0.480703,0.415668
494.2,0.838234,1.01798,-0.497942,0.425594
494.3,0.857391,1.06073,-0.509852,0.434362
494.4,0.878884,1.10529,-0.515857,0.441895
494.5,0.902644,1.15126,-0.515375,0.44811
494.6,0.928566,1.19815,-0.507834,0.45292
494.7,0.956503,1.24535,-0.492688,0.45623
494.8,0.98626,1.29213,-0.469445,0.457951
494.9,1.01758,1.33764,-0.437693,0.457967
495,1.05015,1.38085,-0.397141,0.45617
495.1,1.08358,1.42065,-0.34766,0.452445
495.2,1.1174,1.45576,-0.28933,0.446674
495.3,1.15106,1.48485,-0.222487,0.438739
495.4,1.18393,1.50651,-0.147769,0.428524
495.5,1.21533,1.51939,-0.0661492,0.415972
495.6,1.24448,1.52219,0.0210369,0.415972
495.7,1.2706,1.51383,0.112097,0.415972
495.8,1.29286,1.49349,0.205006,0.415972
495.9,1.31047,1.46075,0.297469,0.415972
496,1.32268,1.41562,0.387015,0.415972
496.1,1.32886,1.35863,0.471112,0.415972
496.2,1.32849,1.29084,0.547313,0.415972
496.3,1.32125,1.2138,0.6134,0.415972
496.4,1.30699,1.12947,0.667513,0.415972
496.5,1.28581,1.04011,0.708264,0.415972
496.6,1.25799,0.94815,0.734796,0.415972
496.7,1.22404,0.856033,0.746806,0.415972
496.8,1.18464,0.766057,0.744515,0.415972
496.9,1.14062,0.680264,0.728599,0.415972
497,1.09289,0.600347,0.700093,0.415972
497.1,1.04244,0.527602,0.660279,0.415972
497.2,0.99025,0.462915,0.610577,0.415972
497.3,0.937283,0.406782,0.552442,0.415972
497.4,0.884436,0.359355,0.487288,0.415972
497.5,0.832522,0.320502,0.416423,0.415972
497.6,0.782251,0.289872,0.341017,0.415972
497.7,0.734228,0.266963,0.262084,-0.0390307
497.8,0.688944,0.251178,0.180478,-0.00452275
497.9,0.646787,0.24188,0.0969054,0.0367289
498,0.608044,0.238434,0.0119383,0.081863
498.1,0.572919,0.240235,-0.0739617,0.128229
498.2,0.541539,0.246737,-0.160424,0.173845
498.3,0.513972,0.257465,-0.247147,0.217489
498.4,0.490238,0.272026,-0.333881,0.258548
498.5,0.47032,0.290115,-0.420407,0.296823
498.6,0.454181,0.311514,-0.506527,0.332352
498.7,0.441769,0.336098,-0.592045,0.365295
498.8,0.433029,0.363824,-0.676762,0.395854
498.9,0.427913,0.394737,-0.76046,0.424241
499,0.426385,0.428961,-0.842892,0.450654
499.1,0.428426,0.466696,-0.923777,0.475269
499.2,0.434045,0.508219,-1.00278,0.498235
499.3,0.443278,0.553873,-1.07952,0.519674
499.4,0.456193,0.604071,-1.15351,0.539684
499.5,0.472895,0.659285,-1.2242,0.558335
499.6,0.493525,0.720038,-1.29091,0.575676
499.7,0.518264,0.786899,-1.35283,0.59173
499.8,0.547331,0.860464,-1.40899,0.606499
499.9,0.580981,0.941334,-1.45821,0.619958
500,0.619502,1.03009,-1.4991,0.632055
500.1,0.663205,1.12722,-1.52998,0.64271
500.2,0.712414,1.23312,-1.54887,0.65181
500.3,0.767449,1.34791,-1.55345,0.659203
500.4,0.828594,1.47142,-1.54102,0.664695
500.5,0.896071,1.60296,-1.50852,0.668042
500.6,0.969982,1.74118,-1.45256,0.668943
500.7,1.05025,1.88383,-1.3695,0.667033
500.8,1.13653,2.0275,-1.25565,0.661877
500.9,1.22814,2.1674,-1.10758,0.652958
501,1.32391,2.29715,-0.922545,0.639676
501.1,1.4221,2.40873,-0.699161,0.62134
501.2,1.52031,2.49262,-0.438116,0.62134
501.3,1.6154,2.53837,-0.143015,0.62134
501.4,1.70351,2.53545,0.178905,0.62134
501.5,1.78023,2.47477,0.516405,0.62134
501.6,1.84082,2.35027,0.854497,0.62134
501.7,1.88064,2.16069,1.17554,0.62134
501.8,1.89564,1.91074,1.46121,0.62134
501.9,1.88293,1.6113,1.69504,0.62134
502,1.84117,1.27843,1.86492,0.62134
502.1,1.77085,0.931139,1.96498,0.62134
502.2,1.67427,0.588643,1.99611,0.62134
502.3,1.5552,0.267684,1.96525,0.62134
502.4,1.41849,-0.0193318,1.88358,0.62134
502.5,1.26943,-0.265102,1.76427,0.62134
502.6,1.11328,-0.467157,1.62047,0.62134
502.7,0.954832,-0.626897,1.46376,0.62134
502.8,0.798153,-0.748335,1.30341,0.62134
502.9,0.646463,-0.836902,1.14613,0.62134
503,0.502133,-0.898485,0.996322,0.62134
503.1,0.36675,-0.938777,0.856464,0.62134
503.2,0.241236,-0.962894,0.72763,0.62134
503.3,0.125974,-0.975212,0.609917,0.62134
503.4,0.0209302,-0.97934,0.502821,0.62134
503.5,-0.0742337,-0.978172,0.405508,-0.72472
503.6,-0.160069,-0.973984,0.317015,-0.164474
503.7,-0.237263,-0.968532,0.236375,-0.00514239
503.8,-0.306587,-0.963152,0.162694,0.0876075
503.9,-0.368848,-0.958841,0.0951958,0.151138
504,-0.424855,-0.956336,0.0332364,0.198337
504.1,-0.475404,-0.956163,-0.0236893,0.235257
504.2,-0.521253,-0.958686,-0.0759543,0.265219
504.3,-0.563121,-0.964141,-0.12381,0.290217
504.4,-0.60167,-0.972659,-0.167399,0.311516
504.5,-0.637512,-0.984288,-0.206767,0.329947
504.6,-0.6712,-0.999003,-0.241875,0.346062
504.7,-0.703228,-1.01672,-0.272613,0.360236
504.8,-0.734034,-1.03729,-0.298812,0.372714
504.9,-0.763996,-1.06051,-0.320252,0.383656
505,-0.793434,-1.08613,-0.336676,0.393161
505.1,-0.822612,-1.11382,-0.347801,0.401282
505.2,-0.851734,-1.14321,-0.353328,0.408037
505.3,-0.880945,-1.17385,-0.352961,0.413421
505.4,-0.910332,-1.20521,-0.34642,0.417409
505.5,-0.939919,-1.23671,-0.333459,0.419961
505.6,-0.969666,-1.26766,-0.313888,0.421028
505.7,-0.999472,-1.29732,-0.287596,0.420544
505.8,-1.02917,-1.32486,-0.254579,0.418471
505.9,-1.05852,-1.34942,-0.214961,0.414718
506,-1.08724,-1.37006,-0.169024,0.409232
506.1,-1.11496,-1.38586,-0.117231,0.401953
506.2,-1.14127,-1.39591,-0.060244,0.392832
506.3,-1.16573,-1.39934,0.00106453,0.381824
506.4,-1.18783,-1.39543,0.065611,0.381824
506.5,-1.20708,-1.38359,0.132114,0.381824
506.6,-1.22297,-1.36345,0.199125,0.381824
506.7,-1.23502,-1.3349,0.265066,0.381824
506.8,-1.24281,-1.29809,0.328299,0.381824
506.9,-1.24597,-1.2535,0.387184,0.381824
507,-1.24425,-1.20191,0.440167,0.381824
507.1,-1.23747,-1.14436,0.485845,0.381824
507.2,-1.22563,-1.08212,0.52304,0.381824
507.3,-1.20883,-1.01665,0.550852,0.381824
507.4,-1.1873,-0.949464,0.568687,0.381824
507.5,-1.1614,-0.882116,0.576273,0.381824
507.6,-1.13162,-0.816082,0.573646,0.381824
507.7,-1.0985,-0.752708,0.561117,0.381824
507.8,-1.06268,-0.693158,0.539229,0.381824
507.9,-1.02482,-0.638381,0.5087,0.381824
508,-0.985616,-0.589094,0.470367,0.381824
508.1,-0.945738,-0.545787,0.42513,0.381824
508.2,-0.905835,-0.508742,0.373906,0.381824
508.3,-0.866512,-0.478052,0.317589,0.381824
508.4,-0.828316,-0.453662,0.257025,0.0560027
508.5,-0.791732,-0.435399,0.192991,0.0738714
508.6,-0.757177,-0.423008,0.12619,0.096651
508.7,-0.725004,-0.416182,0.057245,0.123332
508.8,-0.695499,-0.414597,-0.0132912,0.152752
508.9,-0.668891,-0.417925,-0.0849323,0.183771
509,-0.645357,-0.425862,-0.157246,0.215393
509.1,-0.625029,-0.438138,-0.229842,0.246832
509.2,-0.608005,-0.454527,-0.30236,0.27752
509.3,-0.594353,-0.474857,-0.374458,0.307083
509.4,-0.584119,-0.49901,-0.445801,0.335299
509.5,-0.577341,-0.526927,-0.516046,0.362052
509.6,-0.574046,-0.558605,-0.584834,0.387296
509.7,-0.574263,-0.594097,-0.651778,0.411031
509.8,-0.578025,-0.633506,-0.71645,0.433276
509.9,-0.585375,-0.676978,-0.778372,0.454063
510,-0.596366,-0.7247,-0.837,0.473418
510.1,-0.611067,-0.776884,-0.891714,0.491364
510.2,-0.629559,-0.833756,-0.9418,0.507911
510.3,-0.65194,-0.89554,-0.986442,0.523054
510.4,-0.678317,-0.962436,-1.0247,0.536771
510.5,-0.708803,-1.03459,-1.05549,0.549022
510.6,-0.743511,-1.11206,-1.0776,0.559743
510.7,-0.782544,-1.19478,-1.08964,0.568847
510.8,-0.825978,-1.28248,-1.09007,0.576219
510.9,-0.873845,-1.37463,-1.07719,0.581717
511,-0.926109,-1.47038,-1.0492,0.585165
511.1,-0.982636,-1.56846,-1.00421,0.586353
511.2,-1.04316,-1.66704,-0.940347,0.585032
511.3,-1.10723,-1.76373,-0.855875,0.580915
511.4,-1.17419,-1.85542,-0.749376,0.573673
511.5,-1.24312,-1.93833,-0.619973,0.562937
511.6,-1.31277,-2.00797,-0.467608,0.548301
511.7,-1.38158,-2.05937,-0.293344,0.529321
511.8,-1.44764,-2.08728,-0.0996602,0.529321
511.9,-1.50872,-2.08661,0.109316,0.529321
512,-1.56236,-2.05302,0.327725,0.529321
512.1,-1.60599,-1.9835,0.548105,0.529321
512.2,-1.63705,-1.87701,0.76179,0.529321
512.3,-1.65329,-1.73499,0.959593,0.529321
512.4,-1.6529,-1.56151,1.1327,0.529321
512.5,-1.63477,-1.36309,1.27361,0.529321
512.6,-1.59861,-1.14813,1.37702,0.529321
512.7,-1.54501,-0.926012,1.4403,0.529321
512.8,-1.47542,-0.706071,1.46369,0.529321
512.9,-1.39196,-0.496627,1.44994,0.529321
513,-1.2973,-0.304283,1.40375,0.529321
513.1,-1.19436,-0.133551,1.33094,0.529321
513.2,-1.08611,0.0131825,1.23771,0.529321
513.3,-0.975397,0.135418,1.12995,0.529321
513.4,-0.864734,0.234146,1.01287,0.529321
513.5,-0.756264,0.311396,0.890703,0.529321
513.6,-0.651699,0.369814,0.766687,0.529321
513.7,-0.552319,0.412313,0.643126,0.529321
513.8,-0.459003,0.441812,0.521528,0.529321
513.9,-0.372277,0.461069,0.402773,0.529321
514,-0.292364,0.472583,0.287275,0.529321
514.1,-0.219245,0.478546,0.175131,0.529321
514.2,-0.152708,0.480839,0.0662319,-0.205142
514.3,-0.0923973,0.481052,-0.0396394,-0.00502721
514.4,-0.0378513,0.480508,-0.142749,0.107424
514.5,0.0114606,0.480302,-0.243363,0.186998
514.6,0.0561138,0.481338,-0.341721,0.248704
514.7,0.0967072,0.484363,-0.438017,0.299157
514.8,0.133847,0.49,-0.532389,0.341908
514.9,0.168138,0.498779,-0.624915,0.379078
515,0.200171,0.51116,-0.71561,0.412026
515.1,0.230525,0.527561,-0.804423,0.441664
515.2,0.259762,0.548377,-0.891236,0.468622
515.3,0.288427,0.573993,-0.975858,0.493343
515.4,0.31705,0.604804,-1.05802,0.516146
515.5,0.346149,0.641224,-1.13737,0.537259
515.6,0.376234,0.683697,-1.21346,0.556845
515.7,0.407809,0.732698,-1.28572,0.575014
515.8,0.44138,0.788738,-1.35344,0.591837
515.9,0.47745,0.852359,-1.41578,0.607349
516,0.516532,0.924118,-1.47167,0.621553
516.1,0.55914,1.00457,-1.51984,0.634423
516.2,0.605791,1.09424,-1.55877,0.6459
516.3,0.657,1.19355,-1.5866,0.655892
516.4,0.713264,1.30277,-1.60114,0.664268
516.5,0.775048,1.4219,-1.59983,0.670858
516.6,0.842755,1.55054,-1.57967,0.675441
516.7,0.916684,1.68771,-1.53729,0.677743
516.8,0.996975,1.83163,-1.46896,0.677424
516.9,1.08354,1.97947,-1.37074,0.674076
517,1.17596,2.12705,-1.23873,0.667208
517.1,1.27339,2.2686,-1.06944,0.656243
517.2,1.37443,2.39659,-0.860372,0.640513
517.3,1.47701,2.50173,-0.610774,0.619248
517.4,1.5783,2.57325,-0.32251,0.619248
517.5,1.67466,2.5997,-0.000964987,0.619248
517.6,1.76175,2.57019,0.344283,0.619248
517.7,1.83466,2.4761,0.699306,0.619248
517.8,1.88837,2.31302,1.04649,0.619248
517.9,1.91814,2.08248,1.36623,0.619248
518,1.92018,1.79281,1.63941,0.619248
518.1,1.89218,1.45872,1.85036,0.619248
518.2,1.83367,1.09949,1.98938,0.619248
518.3,1.74618,0.736111,2.05404,0.619248
518.4,1.63303,0.388149,2.04912,0.619248
518.5,1.49894,0.0712129,1.98499,0.619248
518.6,1.34938,-0.204466,1.87531,0.619248
518.7,1.19003,-0.434187,1.73455,0.619248
518.8,1.02622,-0.61797,1.57609,0.619248
518.9,0.862607,-0.759233,1.41094,0.619248
519,0.702959,-0.863402,1.24739,0.619248
519.1,0.550134,-0.936732,1.09101,0.619248
519.2,0.406112,-0.985456,0.945102,0.619248
519.3,0.272115,-1.01527,0.811253,0.619248
519.4,0.148744,-1.0311,0.689809,0.619248
519.5,0.0361166,-1.03701,0.580342,0.619248
519.6,-0.0660102,-1.03626,0.481981,0.619248
519.7,-0.15813,-1.03139,0.39365,-0.257247
519.8,-0.240903,-1.02437,0.314232,-0.054634
519.9,-0.315088,-1.01667,0.242667,0.0521197
520,-0.381493,-1.00939,0.178005,0.121756
520.1,-0.44094,-1.00331,0.119435,0.171739
520.2,-0.494233,-0.999011,0.0662864,0.209744
520.3,-0.542147,-0.996864,0.0180293,0.239832
520.4,-0.585411,-0.997118,-0.0257383,0.264391
520.5,-0.624705,-0.999907,-0.0653042,0.284921
520.6,-0.66065,-1.00528,-0.100857,0.302401
520.7,-0.693809,-1.01322,-0.132498,0.317486
520.8,-0.724689,-1.02363,-0.160261,0.330628
520.9,-0.753737,-1.03639,-0.184118,0.342123
521,-0.78134,-1.05132,-0.203997,0.352175
521.1,-0.807834,-1.06819,-0.21979,0.360918
521.2,-0.833495,-1.08673,-0.231367,0.368432
521.3,-0.858547,-1.10665,-0.238584,0.374765
521.4,-0.883163,-1.12758,-0.241299,0.379935
521.5,-0.907461,-1.14913,-0.239377,0.383943
521.6,-0.931511,-1.17087,-0.232709,0.386775
521.7,-0.955331,-1.19232,-0.221225,0.388406
521.8,-0.97889,-1.21296,-0.204901,0.388815
521.9,-1.00211,-1.23224,-0.183781,0.387962
522,-1.02487,-1.2496,-0.157987,0.385818
522.1,-1.04699,-1.26443,-0.127734,0.382352
522.2,-1.06828,-1.27615,-0.0933417,0.377536
522.3,-1.08848,-1.28419,-0.055241,0.371356
522.4,-1.10732,-1.28801,-0.0139824,0.363801
522.5,-1.12452,-1.28714,0.0297653,0.354873
522.6,-1.13975,-1.2812,0.0752215,0.354873
522.7,-1.1527,-1.26992,0.121506,0.354873
522.8,-1.16309,-1.25317,0.167661,0.354873
522.9,-1.17063,-1.23096,0.212674,0.354873
523,-1.17508,-1.20347,0.255517,0.354873
523.1,-1.17625,-1.17105,0.295179,0.354873
523.2,-1.17401,-1.13422,0.330703,0.354873
523.3,-1.16829,-1.09364,0.361228,0.354873
523.4,-1.1591,-1.0501,0.386019,0.354873
523.5,-1.14653,-1.00446,0.404494,0.354873
523.6,-1.13075,-0.957659,0.41624,0.354873
523.7,-1.112,-0.91064,0.42102,0.354873
523.8,-1.09059,-0.864323,0.418774,0.354873
523.9,-1.06688,-0.819573,0.409604,0.354873
524,-1.04127,-0.777166,0.393755,0.354873
524.1,-1.01421,-0.737776,0.371591,0.354873
524.2,-0.986138,-0.701957,0.343572,0.354873
524.3,-0.957522,-0.670138,0.310219,0.354873
524.4,-0.928808,-0.642633,0.272098,0.354873
524.5,-0.900427,-0.619643,0.229791,0.131199
524.6,-0.872781,-0.601271,0.18388,0.139987
524.7,-0.846243,-0.587541,0.134933,0.152026
524.8,-0.821146,-0.578411,0.0834978,0.166969
524.9,-0.797788,-0.573792,0.0300932,0.184363
525,-0.776427,-0.573566,-0.0247906,0.203691
525.1,-0.757284,-0.577595,-0.0806904,0.224416
525.2,-0.740546,-0.585741,-0.137167,0.246022
525.3,-0.72637,-0.597868,-0.193799,0.268046
525.4,-0.714885,-0.613858,-0.250177,0.290095
525.5,-0.706197,-0.633608,-0.305896,0.311848
525.6,-0.700393,-0.65704,-0.360549,0.333053
525.7,-0.697548,-0.684098,-0.413717,0.353521
525.8,-0.697722,-0.714749,-0.464961,0.373107
525.9,-0.70097,-0.748979,-0.513817,0.391706
526,-0.707339,-0.786785,-0.559786,0.409238
526.1,-0.716873,-0.828172,-0.602324,0.425639
526.2,-0.729612,-0.873141,-0.640841,0.440855
526.3,-0.74559,-0.921675,-0.674687,0.454836
526.4,-0.764837,-0.973725,-0.703155,0.467528
526.5,-0.787372,-1.02919,-0.72547,0.478874
526.6,-0.813199,-1.08789,-0.740794,0.488806
526.7,-0.842301,-1.14956,-0.748226,0.497246
526.8,-0.874629,-1.21378,-0.746814,0.504103
526.9,-0.910092,-1.27997,-0.735572,0.509268
527,-0.948546,-1.34737,-0.713506,0.512618
527.1,-0.989771,-1.41495,-0.679653,0.51401
527.2,-1.03346,-1.48144,-0.633139,0.513284
527.3,-1.07921,-1.54524,-0.573247,0.51026
527.4,-1.12647,-1.60449,-0.499506,0.504744
527.5,-1.17456,-1.65701,-0.411796,0.496525
527.6,-1.22265,-1.70039,-0.310458,0.485379
527.7,-1.26975,-1.73205,-0.196413,0.471081
527.8,-1.31471,-1.74941,-0.0712559,0.471081
527.9,-1.35625,-1.75002,0.0626735,0.471081
528,-1.39299,-1.73181,0.202283,0.471081
528.1,-1.42354,-1.6933,0.343789,0.471081
528.2,-1.4465,-1.63388,0.48287,0.471081
528.3,-1.46062,-1.55392,0.614911,0.471081
528.4,-1.46485,-1.45494,0.735314,0.471081
528.5,-1.45845,-1.33954,0.839855,0.471081
528.6,-1.44101,-1.21129,0.925022,0.471081
528.7,-1.41258,-1.07445,0.988297,0.471081
528.8,-1.3736,-0.933635,1.02832,0.471081
528.9,-1.32493,-0.793434,1.04492,0.471081
529,-1.26775,-0.658052,1.03904,0.471081
529.1,-1.20351,-0.531035,1.01251,0.471081
529.2,-1.13381,-0.415094,0.967758,0.471081
529.3,-1.06032,-0.312038,0.907592,0.471081
529.4,-0.984685,-0.222803,0.834876,0.471081
529.5,-0.908432,-0.147564,0.752343,0.471081
529.6,-0.832938,-0.0858785,0.662447,0.471081
529.7,-0.759378,-0.036851,0.567281,0.471081
529.8,-0.688718,0.000709424,0.468546,0.471081
529.9,-0.621708,0.0281528,0.367565,0.471081
530,-0.558896,0.0468787,0.265322,-0.299192
530.1,-0.500646,0.0582543,0.162515,-0.192775
530.2,-0.447159,0.0635588,0.0596122,-0.0828785
530.3,-0.398505,0.0639482,-0.0430962,0.0152428
530.4,-0.354639,0.0604381,-0.145448,0.0984982
530.5,-0.315435,0.0538972,-0.24737,0.168717
530.6,-0.2807,0.0450506,-0.348851,0.228539
530.7,-0.2502,0.0344875,-0.449911,0.280252
530.8,-0.223672,0.0226723,-0.550592,0.325619
530.9,-0.200838,0.00995704,-0.650942,0.365968
531,-0.18142,-0.00340572,-0.751007,0.402292
531.1,-0.165147,-0.017251,-0.850831,0.435341
531.2,-0.151758,-0.0314903,-0.950447,0.465683
531.3,-0.141017,-0.0461016,-1.04988,0.493759
531.4,-0.132708,-0.0611218,-1.14915,0.519911
531.5,-0.126642,-0.0766396,-1.24826,0.544406
531.6,-0.122659,-0.092791,-1.34721,0.56746
531.7,-0.12063,-0.109756,-1.44598,0.589246
531.8,-0.120457,-0.127758,-1.54455,0.609905
531.9,-0.122074,-0.147062,-1.64289,0.629551
532,-0.12545,-0.16798,-1.74094,0.648281
532.1,-0.130587,-0.190871,-1.83865,0.666174
532.2,-0.137526,-0.216149,-1.93592,0.683297
532.3,-0.146344,-0.244289,-2.03266,0.699704
532.4,-0.157162,-0.275837,-2.12872,0.715441
532.5,-0.170142,-0.311424,-2.22392,0.730544
532.6,-0.185498,-0.351773,-2.31804,0.745042
532.7,-0.203496,-0.397721,-2.41076,0.758953
532.8,-0.224463,-0.450234,-2.5017,0.772289
532.9,-0.248794,-0.510427,-2.59035,0.785049
533,-0.27696,-0.579586,-2.67605,0.797223
533.1,-0.30952,-0.659185,-2.75792,0.808787
533.2,-0.347129,-0.75091,-2.83481,0.819697
533.3,-0.39055,-0.856666,-2.90521,0.829892
533.4,-0.440667,-0.97858,-2.96714,0.839281
533.5,-0.498492,-1.11897,-3.01797,0.847738
533.6,-0.565166,-1.2803,-3.05427,0.855092
533.7,-0.64196,-1.46501,-3.07155,0.861112
533.8,-0.730247,-1.67533,-3.06398,0.865489
533.9,-0.831455,-1.91288,-3.02407,0.867816
534,-0.946978,-2.17806,-2.94239,0.867555
534.1,-1.07802,-2.46911,-2.80732,0.864009
534.2,-1.22535,-2.78088,-2.60514,0.856277
534.3,-1.38894,-3.10307,-2.32057,0.843208
534.4,-1.56745,-3.41832,-1.93825,0.823357
534.5,-1.75762,-3.70029,-1.44564,0.794925
534.6,-1.95349,-3.91288,-0.837616,0.794925
534.7,-2.14583,-4.01184,-0.122653,0.794925
534.8,-2.32188,-3.95046,0.670771,0.794925
534.9,-2.46596,-3.69026,1.49055,0.794925
535,-2.56117,-3.21505,2.26413,0.794925
535.1,-2.59227,-2.54304,2.91127,0.794925
535.2,-2.54907,-1.72985,3.36437,0.794925
535.3,-2.42903,-0.857754,3.58838,0.794925
535.4,-2.23815,-0.0141772,3.59036,0.794925
535.5,-1.9895,0.730548,3.41384,0.794925
535.6,-1.70017,1.33626,3.12209,0.794925
535.7,-1.38795,1.79341,2.7796,0.794925
535.8,-1.06867,2.1146,2.43916,0.794925
535.9,-0.754855,2.32342,2.13683,0.794925
536,-0.455427,2.44533,1.89282,0.794925
536.1,-0.17619,2.5022,1.71514,0.794925
536.2,0.0794149,2.5101,1.60353,0.794925
536.3,0.309513,2.47926,1.55258,0.794925
536.4,0.513143,2.41519,1.55379,0.794925
536.5,0.689793,2.3202,1.59675,0.794925
536.6,0.83913,2.19503,1.66989,0.794925
536.7,0.960904,2.04024,1.76103,0.794925
536.8,1.05498,1.85736,1.85799,0.794925
536.9,1.12147,1.64961,1.9493,0.794925
537,1.16086,1.42219,2.02499,0.794925
537.1,1.17418,1.18201,2.07735,0.794925
537.2,1.16308,0.937146,2.10141,0.794925
537.3,1.12985,0.695928,2.09516,0.794925
537.4,1.07732,0.466102,2.05933,0.794925
537.5,1.00874,0.254072,1.99687,0.794925
537.6,0.927558,0.0644496,1.91224,0.794925
537.7,0.837258,-0.100101,1.8106,0.794925
537.8,0.741145,-0.238732,1.69717,0.794925
537.9,0.642219,-0.352102,1.57668,0.794925
538,0.543072,-0.441979,1.45312,0.794925
538.1,0.445845,-0.510837,1.32955,0.794925
538.2,0.352221,-0.561507,1.20815,0.794925
538.3,0.263446,-0.596911,1.09034,0.794925
538.4,0.180374,-0.619866,0.976866,0.794925
538.5,0.103519,-0.632975,0.868006,0.794925
538.6,0.0331106,-0.638563,0.763697,0.794925
538.7,-0.0308485,-0.638659,0.663659,0.794925
538.8,-0.0885359,-0.635001,0.567492,0.794925
538.9,-0.140264,-0.629057,0.474752,0.794925
539,-0.186444,-0.622054,0.384997,-0.345533
539.1,-0.227554,-0.615007,0.297822,-0.158321
539.2,-0.264113,-0.608751,0.212881,-0.0444835
539.3,-0.296664,-0.603967,0.129896,0.0373348
539.4,-0.325757,-0.60121,0.048659,0.101377
539.5,-0.351935,-0.600932,-0.0309683,0.154208
539.6,-0.375731,-0.603501,-0.109056,0.199366
539.7,-0.397656,-0.609219,-0.185609,0.238949
539.8,-0.418202,-0.61834,-0.260576,0.274283
539.9,-0.437835,-0.631081,-0.333845,0.306242
540,-0.456995,-0.647635,-0.40525,0.335423
540.1,-0.476098,-0.668178,-0.474569,0.362247
540.2,-0.495538,-0.692878,-0.541524,0.387006
540.3,-0.515686,-0.721901,-0.605776,0.409915
540.4,-0.536895,-0.755411,-0.666923,0.431127
540.5,-0.559498,-0.793569,-0.72449,0.450748
540.6,-0.583812,-0.836532,-0.777925,0.46885
540.7,-0.61014,-0.884446,-0.826585,0.485475
540.8,-0.638766,-0.937434,-0.869734,0.500641
540.9,-0.66996,-0.995576,-0.906524,0.51434
541,-0.703968,-1.05889,-0.935994,0.526542
541.1,-0.741014,-1.12732,-0.957055,0.537196
541.2,-0.781285,-1.20064,-0.968497,0.546225
541.3,-0.824924,-1.27849,-0.968983,0.553527
541.4,-0.872014,-1.36026,-0.957069,0.558976
541.5,-0.922559,-1.44505,-0.931233,0.562413
541.6,-0.976459,-1.5316,-0.889925,0.563653
541.7,-1.03348,-1.6182,-0.831642,0.562478
541.8,-1.09324,-1.70267,-0.755039,0.558635
541.9,-1.15514,-1.78229,-0.659076,0.55184
542,-1.21836,-1.85376,-0.5432,0.54178
542.1,-1.28181,-1.91332,-0.407559,0.528167
542.2,-1.34416,-1.95682,-0.253235,0.510456
542.3,-1.40376,-1.97997,-0.0824575,0.510456
542.4,-1.45874,-1.97867,0.101239,0.510456
542.5,-1.50703,-1.94942,0.292963,0.510456
542.6,-1.54649,-1.88979,0.486576,0.510456
542.7,-1.57501,-1.79893,0.675002,0.510456
542.8,-1.5907,-1.67785,0.850729,0.510456
542.9,-1.59202,-1.52965,1.00647,0.510456
543,-1.578,-1.35936,1.13589,0.510456
543.1,-1.5483,-1.17356,1.23422,0.510456
543.2,-1.50329,-0.979745,1.29875,0.510456
543.3,-1.44405,-0.785575,1.32898,0.510456
543.4,-1.37224,-0.598115,1.32646,0.510456
543.5,-1.28999,-0.42325,1.29443,0.510456
543.6,-1.19973,-0.26532,1.23724,0.510456
543.7,-1.10395,-0.126997,1.15975,0.510456
543.8,-1.00513,-0.00938562,1.06686,0.510456
543.9,-0.905514,0.0877295,0.963039,0.510456
544,-0.807083,0.16556,0.852129,0.510456
544.1,-0.711472,0.225983,0.737215,0.510456
544.2,-0.619961,0.271247,0.620631,0.510456
544.3,-0.533488,0.303733,0.504032,0.510456
544.4,-0.452675,0.325788,0.388504,0.510456
544.5,-0.377869,0.339606,0.274688,0.510456
544.6,-0.309184,0.347169,0.162899,0.510456
544.7,-0.246547,0.350218,0.0532199,-0.193586
544.8,-0.189737,0.350253,-0.0544078,-0.0126752
544.9,-0.138424,0.34854,-0.160128,0.098791
545,-0.0921973,0.346141,-0.26412,0.179971
545.1,-0.0505952,0.343936,-0.366571,0.243834
545.2,-0.0131225,0.342652,-0.467654,0.2965
545.3,0.0207312,0.342891,-0.567514,0.341379
545.4,0.0514806,0.345159,-0.666264,0.38056
545.5,0.0796354,0.349885,-0.763979,0.415412
545.6,0.105695,0.357446,-0.860697,0.446868
545.7,0.130145,0.368191,-0.956416,0.475587
545.8,0.153459,0.382452,-1.05109,0.502044
545.9,0.176095,0.400565,-1.14464,0.526591
546,0.198501,0.422888,-1.23693,0.549489
546.1,0.221118,0.449808,-1.32778,0.570937
546.2,0.244385,0.481761,-1.41695,0.591083
546.3,0.268741,0.51924,-1.50412,0.61004
546.4,0.294636,0.562805,-1.58889,0.627889
546.5,0.322533,0.613095,-1.67077,0.644686
546.6,0.352914,0.670836,-1.74911,0.660464
546.7,0.386292,0.736838,-1.82312,0.675236
546.8,0.423211,0.812001,-1.89181,0.688989
546.9,0.464251,0.897302,-1.95393,0.701689
547,0.510035,0.993774,-2.00792,0.713274
547.1,0.561226,1.10247,-2.05184,0.723653
547.2,0.618522,1.2244,-2.08328,0.732696
547.3,0.682645,1.36044,-2.09928,0.740231
547.4,0.754318,1.51114,-2.09622,0.746032
547.5,0.834227,1.67659,-2.06972,0.74981
547.6,0.922965,1.85605,-2.01463,0.751198
547.7,1.02094,2.04759,-1.925,0.749738
547.8,1.12827,2.24756,-1.79427,0.744858
547.9,1.24459,2.45005,-1.61556,0.735874
548,1.36888,2.64622,-1.3824,0.721938
548.1,1.49924,2.82384,-1.08979,0.702054
548.2,1.63256,2.96717,-0.735686,0.702054
548.3,1.76444,3.05742,-0.322951,0.702054
548.4,1.88896,3.07441,0.138658,0.702054
548.5,1.99894,2.99939,0.631038,0.702054
548.6,2.08628,2.81902,1.12766,0.702054
548.7,2.14286,2.52966,1.59569,0.702054
548.8,2.16157,2.14056,2.00062,0.702054
548.9,2.13751,1.67437,2.31254,0.702054
549,2.06895,1.16415,2.51231,0.702054
549.1,1.95775,0.647271,2.59525,0.702054
549.2,1.80906,0.158442,2.57117,0.702054
549.3,1.63045,-0.276003,2.46077,0.702054
549.4,1.4308,-0.640809,2.29021,0.702054
549.5,1.21902,-0.931439,2.08571,0.702054
549.6,1.0032,-1.1516,1.86976,0.702054
549.7,0.790029,-1.31001,1.65932,0.702054
549.8,0.584625,-1.41749,1.46562,0.702054
549.9,0.390563,-1.48482,1.29498,0.702054
550,0.210111,-1.52154,1.15,0.702054
550.1,0.0444958,-1.53543,1.03074,0.702054
550.2,-0.105822,-1.53241,0.935636,0.702054
550.3,-0.240912,-1.51682,0.862258,0.702054
550.4,-0.361182,-1.49168,0.807721,0.702054
550.5,-0.467237,-1.45902,0.768997,0.702054
550.6,-0.559784,-1.42019,0.743074,0.702054
550.7,-0.639567,-1.37608,0.727056,0.702054
550.8,-0.707334,-1.32738,0.718217,0.702054
550.9,-0.763819,-1.27467,0.714034,0.702054
551,-0.809741,-1.21851,0.712218,0.702054
551.1,-0.845808,-1.15955,0.710736,0.702054
551.2,-0.872726,-1.09854,0.707832,0.702054
551.3,-0.891211,-1.03629,0.702043,0.702054
551.4,-0.901989,-0.973714,0.692207,0.702054
551.5,-0.905808,-0.911735,0.677461,0.702054
551.6,-0.903432,-0.85129,0.657233,0.702054
551.7,-0.895641,-0.793267,0.631217,0.702054
551.8,-0.883219,-0.738474,0.599342,0.702054
551.9,-0.866951,-0.687609,0.561736,0.702054
552,-0.847604,-0.641242,0.518684,0.702054
552.1,-0.825921,-0.599802,0.470589,0.702054
552.2,-0.802608,-0.563583,0.417931,0.702054
552.3,-0.778328,-0.532749,0.361235,0.0261005
552.4,-0.753686,-0.507351,0.301043,0.0407829
552.5,-0.729234,-0.487342,0.237888,0.0600854
552.6,-0.705461,-0.472606,0.172287,0.0834376
552.7,-0.682796,-0.462971,0.104725,0.110047
552.8,-0.66161,-0.458234,0.0356549,0.139003
552.9,-0.642217,-0.45818,-0.0345062,0.169384
553,-0.624883,-0.462597,-0.10537,0.200361
553.1,-0.609826,-0.471287,-0.176575,0.231249
553.2,-0.59723,-0.484082,-0.247777,0.261532
553.3,-0.587242,-0.500845,-0.318644,0.290846
553.4,-0.579988,-0.521481,-0.388843,0.318956
553.5,-0.575573,-0.54594,-0.458038,0.345723
553.6,-0.574091,-0.574213,-0.525876,0.371076
553.7,-0.575626,-0.60634,-0.591977,0.394991
553.8,-0.580261,-0.642398,-0.655926,0.417468
553.9,-0.588082,-0.682506,-0.717263,0.43852
554,-0.599177,-0.726814,-0.775468,0.458166
554.1,-0.613643,-0.775496,-0.829956,0.47642
554.2,-0.631584,-0.828737,-0.880055,0.493286
554.3,-0.653112,-0.886721,-0.925,0.508761
554.4,-0.678346,-0.949611,-0.963918,0.522823
554.5,-0.707405,-1.01752,-0.995814,0.535435
554.6,-0.740407,-1.0905,-1.01956,0.546542
554.7,-0.777454,-1.16845,-1.03389,0.556061
554.8,-0.818626,-1.25114,-1.03738,0.563849
554.9,-0.86396,-1.33809,-1.02851,0.569907
555,-0.913432,-1.42855,-1.0056,0.573944
555.1,-0.966928,-1.52135,-0.966952,0.575814
555.2,-1.02422,-1.61492,-0.910834,0.575292
555.3,-1.08491,-1.70713,-0.835642,0.572118
555.4,-1.14843,-1.79523,-0.74003,0.565994
555.5,-1.21396,-1.87588,-0.623103,0.556587
555.6,-1.2804,-1.9451,-0.484656,0.543529
555.7,-1.34638,-1.99843,-0.325437,0.526424
555.8,-1.4102,-2.03113,-0.147408,0.526424
555.9,-1.46986,-2.03849,0.0460341,0.526424
556,-1.52315,-2.01634,0.249947,0.526424
556.1,-1.5677,-1.96154,0.457902,0.526424
556.2,-1.60115,-1.87259,0.66227,0.526424
556.3,-1.62131,-1.75003,0.854746,0.526424
556.4,-1.62637,-1.59679,1.02708,0.526424
556.5,-1.61508,-1.41803,1.17192,0.526424
556.6,-1.58691,-1.22085,1.28359,0.526424
556.7,-1.54209,-1.01352,1.35868,0.526424
556.8,-1.48166,-0.804641,1.3963,0.526424
556.9,-1.40737,-0.602257,1.39799,0.526424
557,-1.32147,-0.413124,1.36726,0.526424
557.1,-1.22661,-0.242249,1.30895,0.526424
557.2,-1.12552,-0.092727,1.22856,0.526424
557.3,-1.02092,0.0341535,1.13161,0.526424
557.4,-0.91529,0.138625,1.02316,0.526424
557.5,-0.810802,0.222061,0.907532,0.526424
557.6,-0.70925,0.286588,0.788153,0.526424
557.7,-0.612035,0.334744,0.667598,0.526424
557.8,-0.520172,0.369198,0.547658,0.526424
557.9,-0.434329,0.392566,0.429478,0.526424
558,-0.354868,0.407277,0.313704,0.526424
558.1,-0.281899,0.415512,0.200618,0.526424
558.2,-0.215325,0.419176,0.0902588,-0.313455
558.3,-0.154892,0.419898,-0.0174894,-0.0540278
558.4,-0.100227,0.419052,-0.122822,0.0743257
558.5,-0.0508729,0.417783,-0.225966,0.162455
558.6,-0.00631791,0.417039,-0.327144,0.229774
558.7,0.0339841,0.417607,-0.426553,0.284293
558.8,0.0705952,0.420137,-0.524351,0.330179
558.9,0.10408,0.425178,-0.62065,0.36988
559,0.135,0.433203,-0.715513,0.404949
559.1,0.163902,0.44463,-0.808948,0.436423
559.2,0.191321,0.459847,-0.900914,0.46502
559.3,0.217778,0.479228,-0.99131,0.491248
559.4,0.243778,0.503153,-1.07998,0.515475
559.5,0.269816,0.53202,-1.16669,0.537971
559.6,0.29638,0.566261,-1.25115,0.558932
559.7,0.323954,0.60635,-1.33298,0.578503
559.8,0.353022,0.65281,-1.41169,0.596784
559.9,0.384077,0.706224,-1.48667,0.613844
560,0.417621,0.767231,-1.55716,0.62972
560.1,0.454175,0.836524,-1.62224,0.644421
560.2,0.494274,0.914838,-1.68075,0.657931
560.3,0.538477,1.00293,-1.73128,0.670203
560.4,0.587358,1.10153,-1.77211,0.681162
560.5,0.641507,1.2113,-1.80111,0.690696
560.6,0.701511,1.33274,-1.81577,0.698653
560.7,0.767935,1.46606,-1.81303,0.704839
560.8,0.841293,1.61102,-1.78931,0.708997
560.9,0.921993,1.76668,-1.74049,0.71081
561,1.01027,1.93113,-1.66192,0.709885
561.1,1.1061,2.10113,-1.54859,0.705743
561.2,1.20906,2.27173,-1.39545,0.697803
561.3,1.31821,2.43583,-1.19786,0.685376
561.4,1.4319,2.58396,-0.952424,0.667651
561.5,1.54763,2.70423,-0.657981,0.643691
561.6,1.66188,2.78273,-0.316905,0.643691
561.7,1.77011,2.80462,0.0636246,0.643691
561.8,1.86681,2.75595,0.470669,0.643691
561.9,1.94582,2.62625,0.885406,0.643691
562,2.00085,2.41128,1.28431,0.643691
562.1,2.02619,2.11531,1.64184,0.643691
562.2,2.01755,1.752,1.93438,0.643691
562.3,1.97276,1.3431,2.14431,0.643691
562.4,1.89218,0.915189,2.26321,0.643691
562.5,1.77873,0.495202,2.29291,0.643691
562.6,1.63744,0.106177,2.24421,0.643691
562.7,1.47477,-0.235618,2.13391,0.643691
562.8,1.29771,-0.521634,1.98114,0.643691
562.9,1.11307,-0.750278,1.80425,0.643691
563,0.92689,-0.925133,1.61865,0.643691
563.1,0.744124,-1.0529,1.43596,0.643691
563.2,0.568547,-1.14158,1.26396,0.643691
563.3,0.402804,-1.1992,1.10719,0.643691
563.4,0.248555,-1.23302,0.967694,0.643691
563.5,0.106665,-1.24914,0.845778,0.643691
563.6,-0.0226042,-1.2525,0.740652,0.643691
563.7,-0.139432,-1.24689,0.650904,0.643691
563.8,-0.244292,-1.23516,0.574833,-0.247967
563.9,-0.337848,-1.21939,0.510663,-0.0681863
564,-0.420867,-1.20107,0.456669,0.0284401
564.1,-0.494163,-1.18124,0.411251,0.0891094
564.2,-0.558553,-1.16062,0.372958,0.130065
564.3,-0.614837,-1.13971,0.340502,0.158845
564.4,-0.663774,-1.11884,0.312754,0.179576
564.5,-0.706081,-1.09826,0.28873,0.194766
564.6,-0.742423,-1.07812,0.267584,0.206044
564.7,-0.773417,-1.05856,0.248591,0.214539
564.8,-0.799634,-1.0397,0.231139,0.221037
564.9,-0.821599,-1.02163,0.214711,0.226142
565,-0.839796,-1.00445,0.198885,0.230302
565.1,-0.854673,-0.988257,0.183316,0.233856
565.2,-0.866645,-0.973147,0.167734,0.237072
565.3,-0.876097,-0.959216,0.151933,0.240163
565.4,-0.883384,-0.946556,0.135767,0.243289
565.5,-0.888838,-0.935258,0.119144,0.246579
565.6,-0.892767,-0.925403,0.102018,0.250127
565.7,-0.895457,-0.917065,0.0843832,0.253989
565.8,-0.897174,-0.91031,0.0662727,0.258209
565.9,-0.898163,-0.905189,0.0477507,0.262808
566,-0.898651,-0.901744,0.028909,0.267783
566.1,-0.898848,-0.9,0.00986347,0.273111
566.2,-0.898942,-0.899973,-0.00924997,0.278765
566.3,-0.899109,-0.901661,-0.0282782,0.284694
566.4,-0.899502,-0.905051,-0.0470538,0.290843
566.5,-0.900262,-0.910114,-0.0653978,0.297158
566.6,-0.901511,-0.916809,-0.0831214,0.303558
566.7,-0.903354,-0.92508,-0.100029,0.30998
566.8,-0.905883,-0.934856,-0.115919,0.316348
566.9,-0.909171,-0.946051,-0.130586,0.322835
567,-0.913276,-0.958564,-0.143826,0.328632
567.1,-0.91824,-0.972279,-0.155431,0.334403
567.2,-0.92409,-0.987061,-0.165202,0.339834
567.3,-0.930835,-1.00276,-0.172941,0.344859
567.4,-0.938469,-1.0192,-0.178461,0.349413
567.5,-0.94697,-1.03619,-0.181588,0.353437
567.6,-0.956296,-1.05351,-0.182164,0.356875
567.7,-0.966391,-1.07095,-0.180052,0.359671
567.8,-0.977179,-1.08823,-0.175142,0.361775
567.9,-0.988566,-1.10508,-0.167353,0.363142
568,-1.00044,-1.12121,-0.156646,0.36373
568.1,-1.01267,-1.13632,-0.14302,0.3635
568.2,-1.02512,-1.15007,-0.126527,0.36242
568.3,-1.03761,-1.16215,-0.107273,0.360466
568.4,-1.04996,-1.17223,-0.0854218,0.357609
568.5,-1.06199,-1.17998,-0.0612009,0.353846
568.6,-1.07349,-1.18513,-0.034903,0.349173
568.7,-1.08425,-1.1874,-0.006885,0.343593
568.8,-1.09405,-1.18656,0.0224339,0.33713
568.9,-1.10268,-1.18244,0.0525779,0.329813
569,-1.10993,-1.17494,0.0830225,0.321698
569.1,-1.11562,-1.16401,0.113206,0.321698
569.2,-1.11956,-1.14971,0.142543,0.321698
569.3,-1.1216,-1.13215,0.170441,0.321698
569.4,-1.12163,-1.11156,0.196317,0.321698
569.5,-1.11957,-1.08822,0.219614,0.321698
569.6,-1.11536,-1.06252,0.239823,0.321698
569.7,-1.10901,-1.03488,0.256493,0.321698
569.8,-1.10055,-1.0058,0.269249,0.321698
569.9,-1.09009,-0.975795,0.277797,0.321698
570,-1.07774,-0.945415,0.281937,0.321698
570.1,-1.06369,-0.915203,0.281559,0.321698
570.2,-1.04812,-0.885689,0.276644,0.321698
570.3,-1.03128,-0.857372,0.267257,0.321698
570.4,-1.01343,-0.83071,0.253542,0.321698
570.5,-0.994833,-0.806109,0.23571,0.321698
570.6,-0.97578,-0.783918,0.214028,0.190235
570.7,-0.956556,-0.764427,0.188807,0.191467
570.8,-0.937448,-0.747864,0.160391,0.194711
570.9,-0.91873,-0.734404,0.129149,0.199947
571,-0.900668,-0.724166,0.095464,0.207086
571.1,-0.883509,-0.717225,0.0597266,0.215993
571.2,-0.867484,-0.713618,0.0223303,0.226469
571.3,-0.852803,-0.713348,-0.0163324,0.238294
571.4,-0.839653,-0.716393,-0.0558713,0.251217
571.5,-0.828203,-0.722714,-0.0958995,0.264976
571.6,-0.818601,-0.732259,-0.136032,0.279323
571.7,-0.810974,-0.744964,-0.175886,0.294005
571.8,-0.805433,-0.760763,-0.215074,0.3088
571.9,-0.802068,-0.779585,-0.253206,0.323505
572,-0.800959,-0.801355,-0.289883,0.337941
572.1,-0.802166,-0.825995,-0.324697,0.351953
572.2,-0.805739,-0.853417,-0.357222,0.365406
572.3,-0.811711,-0.883526,-0.387021,0.37818
572.4,-0.820106,-0.916206,-0.413633,0.390174
572.5,-0.830931,-0.951319,-0.436581,0.401292
572.6,-0.844179,-0.988696,-0.455368,0.41145
572.7,-0.859823,-1.02812,-0.46948,0.420565
572.8,-0.87782,-1.06933,-0.47839,0.428557
572.9,-0.898098,-1.11199,-0.481567,0.435341
573,-0.920559,-1.15568,-0.478482,0.440845
573.1,-0.945071,-1.1999,-0.468628,0.444973
573.2,-0.971459,-1.24403,-0.451537,0.447636
573.3,-0.999504,-1.28736,-0.426801,0.448741
573.4,-1.02893,-1.32905,-0.394106,0.448186
573.5,-1.05941,-1.36813,-0.353263,0.44587
573.6,-1.09053,-1.40353,-0.304249,0.441686
573.7,-1.12184,-1.43409,-0.247244,0.43553
573.8,-1.15279,-1.45859,-0.182672,0.427299
573.9,-1.18279,-1.47579,-0.111239,0.416852
574,-1.21116,-1.48452,-0.0339514,0.404226
574.1,-1.23722,-1.48369,0.0478664,0.404226
574.2,-1.26021,-1.47242,0.132585,0.404226
574.3,-1.27942,-1.45012,0.218306,0.404226
574.4,-1.29413,-1.41655,0.302918,0.404226
574.5,-1.3037,-1.37185,0.384189,0.404226
574.6,-1.3076,-1.31665,0.459875,0.404226
574.7,-1.3054,-1.25201,0.527836,0.404226
574.8,-1.29686,-1.1794,0.586163,0.404226
574.9,-1.28191,-1.10063,0.633281,0.404226
575,-1.26068,-1.01775,0.668036,0.404226
575.1,-1.23346,-0.932918,0.689742,0.404226
575.2,-1.20076,-0.848293,0.698187,0.404226
575.3,-1.16321,-0.765886,0.693609,0.404226
575.4,-1.12156,-0.687478,0.676628,0.404226
575.5,-1.07668,-0.614546,0.648168,0.404226
575.6,-1.02944,-0.548223,0.609365,0.404226
575.7,-0.980732,-0.489288,0.561468,0.404226
575.8,-0.93143,-0.438189,0.505764,0.404226
575.9,-0.882343,-0.395077,0.443503,0.404226
576,-0.834208,-0.359858,0.375854,0.404226
576.1,-0.787673,-0.332249,0.303872,-0.0226879
576.2,-0.743291,-0.311832,0.228481,0.00184784
576.3,-0.701518,-0.298108,0.150471,0.0336827
576.4,-0.662715,-0.290538,0.0705085,0.0708588
576.5,-0.627161,-0.288585,-0.0108528,0.111173
576.6,-0.595055,-0.291736,-0.093155,0.152618
576.7,-0.566532,-0.299527,-0.176017,0.19365
576.8,-0.541673,-0.311558,-0.259118,0.233259
576.9,-0.520516,-0.327502,-0.342177,0.270877
577,-0.503069,-0.34711,-0.424942,0.306258
577.1,-0.489318,-0.370215,-0.507174,0.339356
577.2,-0.479239,-0.396729,-0.58863,0.37024
577.3,-0.472807,-0.426644,-0.669061,0.399032
577.4,-0.470001,-0.460032,-0.74819,0.425874
577.5,-0.470813,-0.497034,-0.825708,0.450906
577.6,-0.475252,-0.537865,-0.901261,0.474256
577.7,-0.483351,-0.582803,-0.974435,0.496034
577.8,-0.495167,-0.632186,-1.04475,0.516328
577.9,-0.510789,-0.686406,-1.11162,0.535207
578,-0.530335,-0.745898,-1.17438,0.552716
578.1,-0.553957,-0.811128,-1.23221,0.568878
578.2,-0.581835,-0.882576,-1.28416,0.583693
578.3,-0.614179,-0.960714,-1.3291,0.597137
578.4,-0.651223,-1.04597,-1.36567,0.609161
578.5,-0.693212,-1.13868,-1.3923,0.619686
578.6,-0.740397,-1.23903,-1.40714,0.628602
578.7,-0.793011,-1.34698,-1.40806,0.635764
578.8,-0.851246,-1.46216,-1.39265,0.640986
578.9,-0.915216,-1.5837,-1.35819,0.644039
579,-0.984916,-1.71015,-1.30175,0.64464
579.1,-1.06017,-1.83921,-1.22029,0.642451
579.2,-1.14053,-1.96762,-1.11082,0.637073
579.3,-1.22527,-2.09091,-0.970679,0.628037
579.4,-1.3132,-2.20335,-0.79797,0.614807
579.5,-1.40265,-2.29795,-0.592042,0.596774
579.6,-1.49141,-2.36661,-0.3541,0.596774
579.7,-1.57665,-2.40065,-0.0878189,0.596774
579.8,-1.655,-2.39161,0.200157,0.596774
579.9,-1.72266,-2.33237,0.500021,0.596774
580,-1.77561,-2.21841,0.799098,0.596774
580.1,-1.80999,-2.04914,1.08276,0.596774
580.2,-1.82246,-1.82866,1.33599,0.596774
580.3,-1.81063,-1.56593,1.54524,0.596774
580.4,-1.77339,-1.27396,1.70041,0.596774
580.5,-1.71112,-0.968175,1.7962,0.596774
580.6,-1.62564,-0.664354,1.83262,0.596774
580.7,-1.52007,-0.376573,1.81452,0.596774
580.8,-1.39838,-0.115704,1.75035,0.596774
580.9,-1.26505,0.111325,1.6505,0.596774
581,-1.12458,0.301481,1.52568,0.596774
581.1,-0.981161,0.455021,1.38572,0.596774
581.2,-0.838452,0.574587,1.23879,0.596774
581.3,-0.699426,0.664277,1.09112,0.596774
581.4,-0.566349,0.728847,0.947023,0.596774
581.5,-0.440811,0.773122,0.809227,0.596774
581.6,-0.323803,0.801619,0.679167,0.596774
581.7,-0.215817,0.818345,0.557367,0.596774
581.8,-0.116944,0.826718,0.443742,0.596774
581.9,-0.026971,0.829576,0.337842,0.596774
582,0.0545409,0.829227,0.239042,-0.266247
582.1,0.128184,0.827514,0.146662,-0.0379478
582.2,0.19465,0.825895,0.0600511,0.0766787
582.3,0.254688,0.82551,-0.0213597,0.152955
582.4,0.309073,0.827241,-0.0980346,0.209477
582.5,0.358578,0.831766,-0.170319,0.254016
582.6,0.403959,0.839604,-0.238439,0.290587
582.7,0.445944,0.851141,-0.302503,0.321517
582.8,0.485222,0.866664,-0.362508,0.348249
582.9,0.52244,0.886376,-0.418345,0.371718
583,0.558201,0.91041,-0.469807,0.392541
583.1,0.593059,0.93884,-0.516591,0.411132
583.2,0.627518,0.971679,-0.558304,0.427763
583.3,0.662035,1.00888,-0.594468,0.442611
583.4,0.697014,1.05034,-0.62452,0.455781
583.5,0.732809,1.09587,-0.647822,0.467325
583.6,0.769715,1.14518,-0.66366,0.477253
583.7,0.807969,1.19788,-0.671263,0.485541
583.8,0.847742,1.25345,-0.669811,0.492138
583.9,0.889129,1.31118,-0.65846,0.496966
584,0.932142,1.37021,-0.636374,0.499924
584.1,0.976697,1.42942,-0.602765,0.50089
584.2,1.0226,1.48746,-0.556949,0.499722
584.3,1.06954,1.54275,-0.498415,0.496261
584.4,1.11707,1.59342,-0.426908,0.490331
584.5,1.16459,1.6374,-0.342521,0.481744
584.6,1.21136,1.67243,-0.245792,0.470304
584.7,1.25648,1.69616,-0.137796,0.455811
584.8,1.29893,1.70631,-0.0202227,0.455811
584.9,1.33756,1.70077,0.104589,0.455811
585,1.37116,1.67785,0.23366,0.455811
585.1,1.39849,1.63645,0.363449,0.455811
585.2,1.41837,1.57623,0.490007,0.455811
585.3,1.42974,1.4978,0.609204,0.455811
585.4,1.43174,1.40271,0.717,0.455811
585.5,1.42379,1.29346,0.809747,0.455811
585.6,1.40565,1.17333,0.884468,0.455811
585.7,1.37743,1.04615,0.939074,0.455811
585.8,1.33962,0.916004,0.972483,0.455811
585.9,1.29304,0.7869,0.984638,0.455811
586,1.2388,0.662505,0.976411,0.455811
586.1,1.17825,0.545896,0.949425,0.455811
586.2,1.11283,0.43943,0.905831,0.455811
586.3,1.04407,0.344687,0.848065,0.455811
586.4,0.973438,0.262504,0.778634,0.455811
586.5,0.902324,0.193058,0.69994,0.455811
586.6,0.831973,0.135995,0.614151,0.455811
586.7,0.763456,0.0905637,0.523137,0.455811
586.8,0.697658,0.0557467,0.428437,0.455811
586.9,0.635274,0.0303811,0.33127,-0.270272
587,0.576822,0.0132514,0.232561,-0.201226
587.1,0.522652,0.00316261,0.132987,-0.116004
587.2,0.472972,-0.00100853,0.0330203,-0.0282695
587.3,0.427867,-0.000280813,-0.0670256,0.0530517
587.4,0.387323,0.00445009,-0.166955,0.124981
587.5,0.351251,0.0124193,-0.266655,0.18773
587.6,0.3195,0.0229927,-0.366071,0.242553
587.7,0.291881,0.035662,-0.465183,0.290829
587.8,0.268182,0.0500369,-0.563991,0.333761
587.9,0.248176,0.0658356,-0.662502,0.37233
588,0.231639,0.0828749,-0.760725,0.40731
588.1,0.218353,0.101061,-0.858662,0.439308
588.2,0.208117,0.120382,-0.956308,0.468802
588.3,0.20075,0.140898,-1.05364,0.496165
588.4,0.1961,0.16274,-1.15064,0.521696
588.5,0.194043,0.186101,-1.24724,0.545631
588.6,0.194488,0.211239,-1.34339,0.568161
588.7,0.197381,0.238473,-1.43899,0.589439
588.8,0.202707,0.268184,-1.53393,0.609589
588.9,0.210492,0.300822,-1.62806,0.628711
589,0.220804,0.336909,-1.7212,0.646886
589.1,0.23376,0.377046,-1.8131,0.664178
589.2,0.249525,0.42192,-1.90346,0.680636
589.3,0.268322,0.472317,-1.9919,0.696294
589.4,0.290428,0.529131,-2.07793,0.711174
589.5,0.316188,0.593373,-2.16093,0.725282
589.6,0.346015,0.666185,-2.24011,0.738608
589.7,0.380398,0.748843,-2.31445,0.751128
589.8,0.419908,0.84276,-2.38265,0.762795
589.9,0.465202,0.949474,-2.44304,0.773535
590,0.517026,1.07062,-2.49351,0.783247
590.1,0.576213,1.20787,-2.53132,0.79179
590.2,0.643673,1.36285,-2.55302,0.798975
590.3,0.720377,1.53694,-2.55425,0.804554
590.4,0.807312,1.73104,-2.52957,0.808202
590.5,0.90542,1.94518,-2.47231,0.809502
590.6,1.01549,2.17796,-2.37444,0.807918
590.7,1.138,2.42577,-2.22668,0.802775
590.8,1.27291,2.68187,-2.01884,0.793226
590.9,1.41932,2.93524,-1.74061,0.778224
591,1.57515,3.16955,-1.38312,0.756492
591.1,1.73664,3.36255,-0.941376,0.756492
591.2,1.89803,3.48652,-0.417473,0.756492
591.3,2.05128,3.51062,0.17568,0.756492
591.4,2.1862,3.40566,0.811445,0.756492
591.5,2.29117,3.15132,1.44905,0.756492
591.6,2.35449,2.74391,2.03755,0.756492
591.7,2.36627,2.20191,2.52466,0.756492
591.8,2.32039,1.56571,2.86861,0.756492
591.9,2.21597,0.890243,3.0485,0.756492
592,2.05766,0.232748,3.06879,0.756492
592.1,1.85468,-0.359571,2.95601,0.756492
592.2,1.61907,-0.85715,2.74969,0.756492
592.3,1.36363,-1.24925,2.49202,0.756492
592.4,1.10015,-1.54011,2.21984,0.756492
592.5,0.838448,-1.74299,1.9606,0.756492
592.6,0.585929,-1.87456,1.73187,0.756492
592.7,0.347707,-1.95098,1.5428,0.756492
592.8,0.126988,-1.98582,1.39638,0.756492
592.9,-0.0744569,-1.9893,1.29149,0.756492
593,-0.255842,-1.96846,1.2245,0.756492
593.1,-0.416996,-1.92777,1.19036,0.756492
593.2,-0.558091,-1.86981,1.18325,0.756492
593.3,-0.679471,-1.79606,1.19697,0.756492
593.4,-0.781556,-1.70744,1.22523,0.756492
593.5,-0.864811,-1.60489,1.26184,0.756492
593.6,-0.92976,-1.4897,1.30094,0.756492
593.7,-0.977027,-1.36369,1.33719,0.756492
593.8,-1.00738,-1.22931,1.36603,0.756492
593.9,-1.02177,-1.08953,1.38383,0.756492
594,-1.02135,-0.947666,1.38801,0.756492
594.1,-1.00752,-0.807136,1.3771,0.756492
594.2,-0.981828,-0.671216,1.35067,0.756492
594.3,-0.945987,-0.542791,1.30919,0.756492
594.4,-0.901795,-0.424191,1.25385,0.756492
594.5,-0.851068,-0.317092,1.18631,0.756492
594.6,-0.795576,-0.222487,1.10849,0.756492
594.7,-0.736982,-0.140736,1.02236,0.756492
594.8,-0.676802,-0.0716503,0.929833,0.756492
594.9,-0.616362,-0.0146051,0.832587,0.756492
595,-0.556791,0.0313383,0.732068,0.756492
595.1,-0.499009,0.0673194,0.629441,0.756492
595.2,-0.443733,0.0945799,0.525608,0.756492
595.3,-0.391493,0.114384,0.421232,0.756492
595.4,-0.342651,0.127961,0.316776,0.756492
595.5,-0.29742,0.136461,0.21254,-0.43022
595.6,-0.255886,0.140934,0.1087,-0.182308
595.7,-0.218036,0.142315,0.00534401,-0.0378213
595.8,-0.183772,0.14142,-0.0975054,0.0644719
595.9,-0.152935,0.138946,-0.199864,0.143639
596,-0.125321,0.135486,-0.301771,0.208199
596.1,-0.100691,0.131531,-0.403278,0.262725
596.2,-0.0787884,0.127486,-0.504438,0.309963
596.3,-0.0593459,0.123681,-0.605303,0.351687
596.4,-0.0420932,0.120381,-0.70592,0.389106
596.5,-0.0267629,0.117802,-0.806329,0.423078
596.6,-0.0130949,0.116118,-0.90656,0.454228
596.7,-0.000838687,0.115472,-1.00664,0.483026
596.8,0.010245,0.115987,-1.10658,0.509833
596.9,0.0203837,0.117775,-1.2064,0.534929
597,0.0297935,0.120941,-1.3061,0.558537
597.1,0.0386802,0.125595,-1.40568,0.580836
597.2,0.0472409,0.131858,-1.50513,0.601974
597.3,0.0556662,0.139865,-1.60443,0.622071
597.4,0.0641425,0.149778,-1.70356,0.641228
597.5,0.0728554,0.161789,-1.8025,0.659531
597.6,0.0819926,0.176126,-1.90119,0.677052
597.7,0.0917482,0.193066,-1.99959,0.693851
597.8,0.102326,0.212938,-2.09762,0.709981
597.9,0.113947,0.236138,-2.1952,0.725486
598,0.126849,0.263136,-2.29219,0.740401
598.1,0.141298,0.294493,-2.38846,0.754758
598.2,0.157593,0.330874,-2.4838,0.768579
598.3,0.176075,0.373063,-2.57793,0.78188
598.4,0.19713,0.42199,-2.67053,0.794669
598.5,0.221207,0.478745,-2.76112,0.806948
598.6,0.248823,0.544606,-2.84912,0.818704
598.7,0.280578,0.621065,-2.93372,0.829917
598.8,0.31717,0.709852,-3.01386,0.840549
598.9,0.359404,0.812954,-3.08815,0.850542
599,0.408213,0.932628,-3.15471,0.859814
599.1,0.464668,1.07139,-3.21106,0.868249
599.2,0.52999,1.23198,-3.25388,0.875688
599.3,0.605548,1.41725,-3.2788,0.881914
599.4,0.692854,1.62996,-3.28005,0.886634
599.5,0.793517,1.87242,-3.2501,0.889458
599.6,0.909172,2.14594,-3.17927,0.889867
599.7,1.04134,2.44986,-3.05539,0.887174
599.8,1.19117,2.78024,-2.86368,0.880487
599.9,1.35913,3.12797,-2.58706,0.868648
600,1.5444,3.47643,-2.20744,0.850186
600.1,1.7442,3.79908,-1.70854,0.823245
600.2,1.95295,4.05774,-1.08072,0.823245
600.3,2.1614,4.20337,-0.328117,0.823245
600.4,2.3562,4.18139,0.523243,0.823245
600.5,2.52023,3.94317,1.41953,0.823245
600.6,2.63434,3.46287,2.28053,0.823245
600.7,2.68052,2.7537,3.01283,0.823245
600.8,2.64596,1.87436,3.53385,0.823245
600.9,2.52648,0.918323,3.79743,0.823245
601,2.32787,-0.0117163,3.80778,0.823245
601.1,2.06443,-0.831958,3.61416,0.823245
601.2,1.75541,-1.49464,3.29065,0.823245
601.3,1.42091,-1.98899,2.913,0.823245
601.4,1.07878,-2.33065,2.54258,0.823245
601.5,0.742962,-2.54776,2.22042,0.823245
601.6,0.423256,-2.66985,1.96865,0.823245
601.7,0.125934,-2.72139,1.79518,0.823245
601.8,-0.145308,-2.71953,1.69843,0.823245
601.9,-0.388411,-2.67436,1.67105,0.823245
602,-0.602193,-2.59057,1.7021,0.823245
602.1,-0.785849,-2.46946,1.77836,0.823245
602.2,-0.938698,-2.31106,1.88515,0.823245
602.3,-1.06014,-2.11599,2.00706,0.823245
602.4,-1.14979,-1.88678,2.12886,0.823245
602.5,-1.20764,-1.62867,2.23664,0.823245
602.6,-1.23433,-1.34965,2.31894,0.823245
602.7,-1.23133,-1.05982,2.36782,0.823245
602.8,-1.20095,-0.770261,2.37931,0.823245
602.9,-1.14637,-0.49172,2.35345,0.823245
603,-1.07138,-0.233384,2.29365,0.823245
603.1,-0.980211,-0.0020731,2.20566,0.823245
603.2,-0.877189,0.198101,2.09648,0.823245
603.3,-0.766499,0.365617,1.97323,0.823245
603.4,-0.651963,0.501112,1.84243,0.823245
603.5,-0.536896,0.606792,1.70947,0.823245
603.6,-0.424039,0.685841,1.57841,0.823245
603.7,-0.315541,0.741903,1.45203,0.823245
603.8,-0.212993,0.7787,1.33197,0.823245
603.9,-0.11749,0.799777,1.21897,0.823245
604,-0.0296987,0.808354,1.11311,0.823245
604.1,0.0500663,0.807266,1.01399,0.823245
604.2,0.12177,0.798949,0.920938,0.823245
604.3,0.185593,0.785467,0.833163,0.823245
604.4,0.241881,0.768548,0.749814,0.823245
604.5,0.291096,0.749628,0.670082,0.823245
604.6,0.333779,0.729894,0.593227,0.823245
604.7,0.370522,0.71032,0.518611,-0.218375
604.8,0.401947,0.691701,0.445707,-0.129664
604.9,0.428683,0.674682,0.374095,-0.0605837
605,0.451353,0.659781,0.303464,-0.00378819
605.1,0.470568,0.647409,0.233597,0.0448525
605.2,0.486912,0.637891,0.164364,0.0878031
605.3,0.500944,0.631476,0.0957098,0.126594
605.4,0.513188,0.628357,0.0276442,0.162201
605.5,0.524136,0.628681,-0.0397664,0.195251
605.6,0.534244,0.632558,-0.106407,0.226158
605.7,0.543934,0.640076,-0.172119,0.255193
605.8,0.553597,0.651304,-0.236702,0.282536
605.9,0.56359,0.666303,-0.299921,0.308313
606,0.574245,0.685129,-0.3615,0.332607
606.1,0.585864,0.70784,-0.421123,0.355479
606.2,0.59873,0.734493,-0.478434,0.376971
606.3,0.6131,0.765151,-0.533028,0.397111
606.4,0.629217,0.799873,-0.58445,0.415919
606.5,0.647303,0.838717,-0.632188,0.4334
606.6,0.667566,0.881729,-0.675666,0.449552
606.7,0.690197,0.928931,-0.714238,0.464359
606.8,0.715368,0.98031,-0.747184,0.477796
606.9,0.743232,1.0358,-0.773701,0.489823
607,0.773919,1.09525,-0.792908,0.500385
607.1,0.807526,1.15842,-0.803839,0.509412
607.2,0.844111,1.22492,-0.805459,0.516815
607.3,0.883681,1.29418,-0.796673,0.522488
607.4,0.926179,1.36542,-0.776353,0.526303
607.5,0.971468,1.43759,-0.743382,0.528112
607.6,1.01931,1.50935,-0.696705,0.527742
607.7,1.06933,1.579,-0.635413,0.525001
607.8,1.12105,1.6445,-0.558838,0.519673
607.9,1.17377,1.70344,-0.466672,0.511525
608,1.22666,1.7531,-0.359108,0.500303
608.1,1.27868,1.79053,-0.236976,0.485746
608.2,1.3286,1.8127,-0.101878,0.485746
608.3,1.37501,1.81667,0.0437182,0.485746
608.4,1.4164,1.79992,0.196439,0.485746
608.5,1.45118,1.76054,0.352063,0.485746
608.6,1.47776,1.69761,0.505685,0.485746
608.7,1.49469,1.61139,0.651993,0.485746
608.8,1.50074,1.50346,0.785649,0.485746
608.9,1.495,1.37676,0.901721,0.485746
609,1.47701,1.23538,0.996113,0.485746
609.1,1.44676,1.08426,1.06591,0.485746
609.2,1.40476,0.92877,1.10958,0.485746
609.3,1.35196,0.774242,1.12705,0.485746
609.4,1.28972,0.625524,1.11953,0.485746
609.5,1.21971,0.486648,1.0893,0.485746
609.6,1.14374,0.360622,1.03932,0.485746
609.7,1.06371,0.249368,0.972921,0.485746
609.8,0.981467,0.153779,0.893466,0.485746
609.9,0.898713,0.0738596,0.8041,0.485746
610,0.816962,0.008923,0.707591,0.485746
610.1,0.73749,-0.0422109,0.606247,0.485746
610.2,0.661323,-0.0810251,0.501897,0.485746
610.3,0.58924,-0.109147,0.39592,0.485746
610.4,0.521792,-0.128227,0.289304,-0.46717
610.5,0.459319,-0.139849,0.182713,-0.306544
610.6,0.401986,-0.145475,0.0765595,-0.147929
610.7,0.349811,-0.146413,-0.0289327,-0.0214204
610.8,0.302691,-0.143803,-0.13367,0.0770996
610.9,0.260435,-0.138617,-0.237647,0.155771
611,0.222785,-0.13167,-0.340912,0.2205
611.1,0.189437,-0.123627,-0.443543,0.275187
611.2,0.160059,-0.115024,-0.545627,0.322425
611.3,0.134304,-0.106284,-0.647254,0.363989
611.4,0.111826,-0.097732,-0.748508,0.401128
611.5,0.0922806,-0.0896127,-0.849463,0.434739
611.6,0.0753398,-0.0821037,-0.950181,0.465486
611.7,0.060691,-0.0753291,-1.05072,0.493864
611.8,0.0480419,-0.0693714,-1.15111,0.520252
611.9,0.0371218,-0.0642814,-1.25139,0.544944
612,0.0276821,-0.060087,-1.35159,0.568172
612.1,0.0194959,-0.0568008,-1.45173,0.590119
612.2,0.0123574,-0.0544268,-1.55182,0.610937
612.3,0.00607998,-0.0529657,-1.65187,0.630747
612.4,0.000494732,-0.0524196,-1.75188,0.649652
612.5,-0.00455158,-0.0527963,-1.85187,0.667739
612.6,-0.00919881,-0.054113,-1.95184,0.685079
612.7,-0.0135757,-0.0563996,-2.05177,0.701737
612.8,-0.0178024,-0.0597022,-2.15168,0.717767
612.9,-0.0219929,-0.064086,-2.25156,0.733217
613,-0.0262575,-0.0696395,-2.3514,0.748128
613.1,-0.030706,-0.0764777,-2.45119,0.762538
613.2,-0.0354497,-0.0847473,-2.55092,0.77648
613.3,-0.0406055,-0.0946314,-2.65058,0.789982
613.4,-0.0462983,-0.106356,-2.75015,0.803072
613.5,-0.0526651,-0.120198,-2.84959,0.815772
613.6,-0.0598591,-0.136494,-2.94887,0.828103
613.7,-0.0680541,-0.15565,-3.04793,0.840081
613.8,-0.07745,-0.178158,-3.14672,0.851724
613.9,-0.0882792,-0.204609,-3.24514,0.863043
614,-0.100814,-0.235713,-3.34306,0.874047
614.1,-0.115375,-0.272325,-3.44032,0.884743
614.2,-0.132342,-0.315472,-3.53669,0.895133
614.3,-0.152165,-0.366384,-3.63185,0.905215
614.4,-0.17538,-0.426537,-3.72537,0.914978
614.5,-0.202628,-0.497698,-3.81666,0.924406
614.6,-0.234671,-0.581975,-3.90488,0.933471
614.7,-0.272419,-0.681879,-3.9889,0.942128
614.8,-0.316956,-0.800377,-4.06711,0.950313
614.9,-0.36957,-0.940947,-4.13729,0.957935
615,-0.431781,-1.10761,-4.19635,0.964862
615.1,-0.505378,-1.30493,-4.23996,0.970908
615.2,-0.592431,-1.53788,-4.26211,0.975812
615.3,-0.695302,-1.81164,-4.25452,0.979212
615.4,-0.816605,-2.13097,-4.2058,0.980599
615.5,-0.959105,-2.49929,-4.10061,0.979276
615.6,-1.12549,-2.9169,-3.91875,0.974283
615.7,-1.31798,-3.37819,-3.63456,0.964322
615.8,-1.53758,-3.86759,-3.2174,0.947654
615.9,-1.78304,-4.35411,-2.63436,0.92199
616,-2.04929,-4.78564,-1.85695,0.92199
616.1,-2.32561,-5.08567,-0.873478,0.92199
616.2,-2.59397,-5.15769,0.293076,0.92199
616.3,-2.82857,-4.9038,1.56693,0.92199
616.4,-2.99809,-4.25976,2.81374,0.92199
616.5,-3.07135,-3.2358,3.86263,0.92199
616.6,-3.02573,-1.93748,4.55932,0.92199
616.7,-2.85467,-0.542504,4.82712,0.92199
616.8,-2.57019,0.761452,4.69652,0.92199
616.9,-2.19885,1.84022,4.2836,0.92199
617,-1.77352,2.64089,3.73608,0.92199
617.1,-1.32551,3.17873,3.18388,0.92199
617.2,-0.879673,3.50435,2.71531,0.92199
617.3,-0.453239,3.67391,2.37676,0.92199
617.4,-0.0569376,3.73176,2.18334,0.92199
617.5,0.30291,3.70484,2.13027,0.92199
617.6,0.622349,3.60415,2.20063,0.92199
617.7,0.898267,3.4297,2.36943,0.92199
617.8,1.12757,3.17671,2.60555,0.92199
617.9,1.30702,2.84179,2.87348,0.92199
618,1.43365,2.42813,3.13616,0.92199
618.1,1.50553,1.94855,3.35917,0.92199
618.2,1.52263,1.42556,3.51566,0.92199
618.3,1.48739,0.888288,3.59041,0.92199
618.4,1.40494,0.367414,3.58142,0.92199
618.5,1.28267,-0.110167,3.49862,0.92199
618.6,1.1295,-0.525155,3.36007,0.92199
618.7,0.95489,-0.867246,3.18726,0.92199
618.8,0.767985,-1.13431,3.00086,0.92199
618.9,0.576944,-1.3302,2.81793,0.92199
619,0.388595,-1.46225,2.65055,0.92199
619.1,0.208342,-1.53914,2.50588,0.92199
619.2,0.0402453,-1.5694,2.38674,0.92199
619.3,-0.112794,-1.56073,2.29263,0.92199
619.4,-0.248832,-1.5197,2.2207,0.92199
619.5,-0.366685,-1.45194,2.16666,0.92199
619.6,-0.465782,-1.36235,2.12544,0.92199
619.7,-0.546048,-1.25539,2.09186,0.92199
619.8,-0.607829,-1.13529,2.06099,0.92199
619.9,-0.651834,-1.0062,2.02858,0.92199
620,-0.679096,-0.872156,1.99119,0.92199
620.1,-0.690924,-0.737008,1.94638,0.92199
620.2,-0.688858,-0.604316,1.8927,0.92199
620.3,-0.674609,-0.477199,1.8296,0.92199
620.4,-0.649994,-0.358215,1.75727,0.92199
620.5,-0.616872,-0.249289,1.6765,0.92199
620.6,-0.577078,-0.151694,1.58845,0.92199
620.7,-0.532359,-0.0660743,1.49447,0.92199
620.8,-0.484334,0.00747882,1.39594,0.92199
620.9,-0.434449,0.069335,1.29416,0.92199
621,-0.383963,0.120217,1.19026,0.92199
621.1,-0.333931,0.161093,1.08521,0.92199
621.2,-0.28521,0.193083,0.979718,0.92199
621.3,-0.238463,0.217379,0.874342,0.92199
621.4,-0.194176,0.235178,0.769448,0.92199
621.5,-0.152677,0.247636,0.665264,0.92199
621.6,-0.114156,0.255839,0.561911,0.92199
621.7,-0.0786849,0.26078,0.459426,0.92199
621.8,-0.0462408,0.263349,0.357795,0.92199
621.9,-0.0167221,0.264334,0.256971,0.92199
622,0.0100328,0.264421,0.156888,-0.210107
622.1,0.0342307,0.264202,0.0574784,-0.0517521
622.2,0.056111,0.264183,-0.0413236,0.0511636
622.3,0.0759349,0.264798,-0.139573,0.128933
622.4,0.0939767,0.266417,-0.237314,0.191977
622.5,0.110517,0.269358,-0.334573,0.245259
622.6,0.125839,0.2739,-0.431361,0.291561
622.7,0.140222,0.280294,-0.527675,0.332602
622.8,0.153945,0.288774,-0.62349,0.369522
622.9,0.167278,0.299566,-0.718767,0.403115
623,0.180491,0.312899,-0.813444,0.433952
623.1,0.193848,0.329013,-0.907441,0.46246
623.2,0.207612,0.348171,-1.00065,0.488962
623.3,0.222048,0.370666,-1.09293,0.51371
623.4,0.237426,0.396825,-1.18412,0.536899
623.5,0.254022,0.427028,-1.27401,0.558686
623.6,0.272126,0.461705,-1.36233,0.57919
623.7,0.292043,0.501349,-1.44876,0.598509
623.8,0.3141,0.546525,-1.5329,0.616712
623.9,0.338651,0.597873,-1.61425,0.633851
624,0.366078,0.656112,-1.69218,0.649957
624.1,0.396804,0.722048,-1.76592,0.66504
624.2,0.431288,0.796565,-1.83452,0.679092
624.3,0.470035,0.880618,-1.89677,0.692079
624.4,0.513596,0.975216,-1.95118,0.703946
624.5,0.562565,1.08138,-1.99591,0.714606
624.6,0.617576,1.20009,-2.02867,0.723937
624.7,0.679291,1.3322,-2.04665,0.731777
624.8,0.748378,1.47828,-2.04643,0.737912
624.9,0.825474,1.63844,-2.02389,0.742068
625,0.911134,1.81205,-1.97418,0.7439
625.1,1.00575,1.99738,-1.89171,0.742974
625.2,1.10944,2.19116,-1.77027,0.738754
625.3,1.22191,2.38798,-1.60335,0.730587
625.4,1.34223,2.5798,-1.38475,0.717683
625.5,1.46868,2.75542,-1.10948,0.699101
625.6,1.59845,2.90031,-0.775192,0.67374
625.7,1.72747,2.99703,-0.383858,0.67374
625.8,1.85032,3.02652,0.056327,0.67374
625.9,1.96029,2.9706,0.529493,0.67374
626,2.04975,2.81548,1.01176,0.67374
626.1,2.11088,2.55582,1.47285,0.67374
626.2,2.13663,2.19793,1.87994,0.67374
626.3,2.12184,1.76083,2.20332,0.67374
626.4,2.0642,1.2741,2.42227,0.67374
626.5,1.96473,0.772758,2.52914,0.67374
626.6,1.82771,0.29079,2.53014,0.67374
626.7,1.65994,-0.144598,2.44268,0.67374
626.8,1.46969,-0.516211,2.29062,0.67374
626.9,1.26558,-0.817204,2.09908,0.67374
627,1.05563,-1.04919,1.89052,0.67374
627.1,0.846649,-1.21936,1.68252,0.67374
627.2,0.643953,-1.33759,1.48723,0.67374
627.3,0.451384,-1.41429,1.31197,0.67374
627.4,0.27146,-1.45898,1.16019,0.67374
627.5,0.105624,-1.47966,1.03266,0.67374
627.6,-0.0454984,-1.48261,0.92839,0.67374
627.7,-0.181859,-1.47253,0.845366,0.67374
627.8,-0.303794,-1.45279,0.781053,0.67374
627.9,-0.411876,-1.42571,0.732711,0.67374
628,-0.506807,-1.39286,0.697589,0.00422951
628.1,-0.589343,-1.35529,0.67303,0.0570446
628.2,-0.660251,-1.31374,0.65653,0.0570446
628.3,-0.720288,-1.26876,0.64577,0.0570446
628.4,-0.770187,-1.22087,0.638636,0.0570446
628.5,-0.810659,-1.17057,0.633236,0.0570446
628.6,-0.842397,-1.1184,0.627908,0.0570446
628.7,-0.866086,-1.06499,0.621232,0.0570446
628.8,-0.882406,-1.01103,0.612034,0.0570446
628.9,-0.892039,-0.957228,0.599392,0.0570446
629,-0.895674,-0.90434,0.582623,0.0570446
629.1,-0.894004,-0.853101,0.561277,0.0570446
629.2,-0.887725,-0.804207,0.535111,0.0570446
629.3,-0.87753,-0.758293,0.504069,0.0570446
629.4,-0.864103,-0.715907,0.468252,0.0570446
629.5,-0.848109,-0.677503,0.427886,0.0570446
629.6,-0.83019,-0.643427,0.383291,0.0570446
629.7,-0.810953,-0.613927,0.334857,0.0730859
629.8,-0.790968,-0.589151,0.283013,0.0838803
629.9,-0.770757,-0.569165,0.228209,0.0982231
630,-0.7508,-0.55396,0.170901,0.115821
630.1,-0.731524,-0.543473,0.111539,0.136227
630.2,-0.713308,-0.537601,0.0505563,0.158877
630.3,-0.696486,-0.536215,-0.0116299,0.183157
630.4,-0.681343,-0.539174,-0.0746203,0.208462
630.5,-0.668128,-0.546338,-0.138032,0.234237
630.6,-0.65705,-0.557578,-0.201493,0.260014
630.7,-0.648288,-0.572783,-0.264639,0.285412
630.8,-0.641996,-0.591866,-0.327105,0.31015
630.9,-0.638303,-0.614768,-0.388518,0.334008
631,-0.637324,-0.64146,-0.448491,0.35685
631.1,-0.639162,-0.671939,-0.506613,0.378573
631.2,-0.64391,-0.706234,-0.562442,0.399113
631.3,-0.651656,-0.744391,-0.615494,0.418427
631.4,-0.662485,-0.786475,-0.665238,0.436484
631.5,-0.676482,-0.832557,-0.711081,0.453257
631.6,-0.693727,-0.882701,-0.752364,0.468721
631.7,-0.714302,-0.936953,-0.788351,0.482841
631.8,-0.738281,-0.995318,-0.818222,0.495578
631.9,-0.765729,-1.05774,-0.841067,0.506872
632,-0.796695,-1.12405,-0.855885,0.516662
632.1,-0.831204,-1.19399,-0.861584,0.524858
632.2,-0.869242,-1.2671,-0.856993,0.531355
632.3,-0.910744,-1.34272,-0.840883,0.536029
632.4,-0.955578,-1.41991,-0.812001,0.538728
632.5,-1.00352,-1.49743,-0.769119,0.539281
632.6,-1.05423,-1.57367,-0.711112,0.537489
632.7,-1.10722,-1.64663,-0.637054,0.533129
632.8,-1.16186,-1.71387,-0.546343,0.525955
632.9,-1.21731,-1.77258,-0.438849,0.515696
633,-1.27253,-1.81962,-0.315077,0.502069
633.1,-1.32628,-1.85164,-0.176325,0.502069
633.2,-1.37709,-1.8653,-0.0248302,0.502069
633.3,-1.42336,-1.85753,0.136157,0.502069
633.4,-1.46334,-1.82585,0.302376,0.502069
633.5,-1.49528,-1.76871,0.468686,0.502069
633.6,-1.51749,-1.68582,0.629334,0.502069
633.7,-1.5285,-1.57836,0.77835,0.502069
633.8,-1.52714,-1.44904,0.910034,0.502069
633.9,-1.51272,-1.302,1.01947,0.502069
634,-1.48503,-1.1425,1.10296,0.502069
634.1,-1.44443,-0.97644,1.15835,0.502069
634.2,-1.39181,-0.809838,1.18514,0.502069
634.3,-1.32856,-0.648291,1.18436,0.502069
634.4,-1.25639,-0.496547,1.15835,0.502069
634.5,-1.17727,-0.358226,1.11032,0.502069
634.6,-1.09327,-0.235705,1.04397,0.502069
634.7,-1.00642,-0.130165,0.963101,0.502069
634.8,-0.91862,-0.0417401,0.871303,0.502069
634.9,-0.831565,0.0302589,0.771742,0.502069
635,-0.746688,0.0871121,0.667058,0.502069
635.1,-0.665144,0.130465,0.559338,0.502069
635.2,-0.587814,0.162142,0.450142,0.502069
635.3,-0.515319,0.183997,0.340576,0.502069
635.4,-0.448044,0.197818,0.231367,-0.528275
635.5,-0.386178,0.205252,0.122955,-0.269859
635.6,-0.329741,0.207776,0.01556,-0.0920343
635.7,-0.278618,0.206676,-0.0907425,0.0310627
635.8,-0.232595,0.203056,-0.195976,0.122955
635.9,-0.191381,0.19784,-0.300222,0.195522
636,-0.15463,0.191795,-0.403588,0.255194
636.1,-0.121966,0.185546,-0.506192,0.305773
636.2,-0.0929942,0.179598,-0.60815,0.34967
636.3,-0.0673143,0.174355,-0.709565,0.388492
636.4,-0.0445295,0.170141,-0.810525,0.423353
636.5,-0.0242536,0.167214,-0.911102,0.455048
636.6,-0.00611475,0.165785,-1.01135,0.484162
636.7,0.0102417,0.166032,-1.11132,0.511129
636.8,0.0251526,0.168112,-1.21102,0.536283
636.9,0.0389372,0.172174,-1.31047,0.559879
637,0.0518985,0.178369,-1.40967,0.58212
637.1,0.0643258,0.186864,-1.50861,0.603167
637.2,0.0764975,0.197845,-1.60726,0.62315
637.3,0.088685,0.211534,-1.70557,0.642176
637.4,0.101157,0.228193,-1.80348,0.66033
637.5,0.114183,0.248136,-1.90092,0.677687
637.6,0.128042,0.271741,-1.99778,0.694303
637.7,0.143023,0.29946,-2.09391,0.710229
637.8,0.159436,0.331831,-2.18914,0.725504
637.9,0.177619,0.369497,-2.28324,0.740155
638,0.197942,0.413215,-2.3759,0.754206
638.1,0.22082,0.463878,-2.46673,0.767667
638.2,0.246719,0.522532,-2.55522,0.780539
638.3,0.276171,0.5904,-2.6407,0.792812
638.4,0.30978,0.668894,-2.72228,0.804461
638.5,0.34824,0.759639,-2.79882,0.815446
638.6,0.392342,0.864478,-2.86879,0.825701
638.7,0.442988,0.98547,-2.93023,0.835138
638.8,0.501199,1.12486,-2.98049,0.843629
638.9,0.568123,1.28503,-3.01617,0.851003
639,0.645021,1.46834,-3.03279,0.857029
639.1,0.733252,1.67691,-3.02457,0.861399
639.2,0.834222,1.91224,-2.9841,0.863704
639.3,0.949289,2.1746,-2.90208,0.863412
639.4,1.07962,2.46214,-2.76708,0.859827
639.5,1.22593,2.76961,-2.56565,0.852057
639.6,1.38815,3.08675,-2.28291,0.83896
639.7,1.56492,3.39633,-1.90395,0.819109
639.8,1.75295,3.67244,-1.41676,0.79073
639.9,1.94635,3.87973,-0.816654,0.79073
640,2.13602,3.97506,-0.112244,0.79073
640.1,2.30944,3.91308,0.668412,0.79073
640.2,2.45129,3.65659,1.47442,0.79073
640.3,2.54507,3.19,2.2352,0.79073
640.4,2.57592,2.53099,2.87278,0.79073
640.5,2.53387,1.73337,3.32133,0.79073
640.6,2.41638,0.876843,3.54632,0.79073
640.7,2.22918,0.0464227,3.55383,0.79073
640.8,1.98493,-0.689001,3.38537,0.79073
640.9,1.70028,-1.28948,3.10203,0.79073
641,1.39261,-1.74478,2.76656,0.79073
641.1,1.07751,-2.06642,2.43077,0.79073
641.2,0.767359,-2.277,2.13041,0.79073
641.3,0.471044,-2.40134,1.88583,0.79073
641.4,0.194374,-2.461,1.70537,0.79073
641.5,-0.059187,-2.47201,1.58919,0.79073
641.6,-0.287755,-2.44479,1.53236,0.79073
641.7,-0.490381,-2.38511,1.52685,0.79073
641.8,-0.666586,-2.29552,1.56276,0.79073
641.9,-0.816091,-2.17692,1.62907,0.79073
642,-0.9387,-2.02989,1.71415,0.79073
642.1,-1.03432,-1.85578,1.80632,0.79073
642.2,-1.10308,-1.65748,1.89453,0.79073
642.3,-1.14543,-1.43968,1.96905,0.79073
642.4,-1.16234,-1.20876,2.02218,0.79073
642.5,-1.15533,-0.972219,2.04879,0.79073
642.6,-1.12652,-0.737969,2.04649,0.79073
642.7,-1.07858,-0.513472,2.01554,0.79073
642.8,-1.01457,-0.305039,1.95837,0.79073
642.9,-0.937794,-0.117352,1.87894,0.79073
643,-0.851588,0.0467204,1.78204,0.79073
643.1,-0.759166,0.186055,1.6726,0.79073
643.2,-0.663466,0.301009,1.55523,0.79073
643.3,-0.567058,0.393066,1.43384,0.79073
643.4,-0.472083,0.464455,1.31154,0.79073
643.5,-0.380246,0.517815,1.19061,0.79073
643.6,-0.292831,0.555927,1.07255,0.79073
643.7,-0.210734,0.581515,0.958252,0.79073
643.8,-0.134517,0.597125,0.848106,0.79073
643.9,-0.0644561,0.605052,0.742156,0.79073
644,-0.000596767,0.607318,0.640216,0.79073
644.1,0.0571988,0.605664,0.541962,0.79073
644.2,0.109208,0.60157,0.447012,0.79073
644.3,0.155812,0.596278,0.354973,-0.360817
644.4,0.197461,0.590821,0.265478,-0.154685
644.5,0.234655,0.586051,0.178209,-0.0355628
644.6,0.267918,0.582668,0.0929066,0.0486799
644.7,0.297784,0.581245,0.00937687,0.114106
644.8,0.324787,0.58225,-0.0725082,0.167815
644.9,0.349449,0.586071,-0.152813,0.213556
645,0.372277,0.593029,-0.231539,0.253528
645.1,0.393758,0.603395,-0.30863,0.289117
645.2,0.414355,0.617408,-0.383973,0.321235
645.3,0.434512,0.635284,-0.457399,0.350504
645.4,0.454646,0.657223,-0.528681,0.37736
645.5,0.475156,0.683421,-0.597533,0.402116
645.6,0.496422,0.714072,-0.663607,0.424993
645.7,0.518804,0.749373,-0.726485,0.446153
645.8,0.542649,0.789519,-0.785673,0.465709
645.9,0.568286,0.834705,-0.84059,0.483735
646,0.596036,0.885117,-0.89056,0.500277
646.1,0.626202,0.940915,-0.934797,0.515352
646.2,0.659072,1.00222,-0.972396,0.52895
646.3,0.694918,1.0691,-1.00232,0.541041
646.4,0.733985,1.1415,-1.02339,0.551568
646.5,0.776484,1.21924,-1.03429,0.560446
646.6,0.822582,1.30195,-1.03354,0.567566
646.7,0.87238,1.38901,-1.01954,0.572789
646.8,0.925898,1.47946,-0.990609,0.575943
646.9,0.983039,1.57192,-0.944997,0.576824
647,1.04357,1.66454,-0.88101,0.575191
647.1,1.10706,1.75489,-0.79712,0.570767
647.2,1.17288,1.83991,-0.692137,0.563237
647.3,1.24012,1.91591,-0.565427,0.55225
647.4,1.30759,1.97864,-0.417165,0.53742
647.5,1.37377,2.0234,-0.248604,0.53742
647.6,1.43685,2.04534,-0.0623344,0.53742
647.7,1.49473,2.03987,0.137535,0.53742
647.8,1.54509,2.00312,0.345331,0.53742
647.9,1.58554,1.93259,0.553971,0.53742
648,1.61376,1.82759,0.755358,0.53742
648.1,1.62768,1.68973,0.941017,0.53742
648.2,1.62573,1.52297,1.1029,0.53742
648.3,1.60694,1.3335,1.23424,0.53742
648.4,1.57111,1.1291,1.33027,0.53742
648.5,1.51887,0.91842,1.3887,0.53742
648.6,1.4516,0.709997,1.40976,0.53742
648.7,1.37132,0.511451,1.396,0.53742
648.8,1.28051,0.328844,1.35167,0.53742
648.9,1.18192,0.16635,1.28208,0.53742
649,1.07831,0.026228,1.19287,0.53742
649.1,0.972343,-0.0909806,1.08946,0.53742
649.2,0.866384,-0.186102,0.976646,0.53742
649.3,0.762455,-0.260932,0.858383,0.53742
649.4,0.662181,-0.317857,0.737728,0.53742
649.5,0.566792,-0.359539,0.616893,0.53742
649.6,0.477141,-0.388673,0.497358,0.53742
649.7,0.393752,-0.407824,0.380019,0.53742
649.8,0.316864,-0.419337,0.265335,0.53742
649.9,0.246481,-0.425283,0.153455,0.53742
650,0.182425,-0.427452,0.0443291,-0.167536
650.1,0.12438,-0.427364,-0.0622088,0.0092714
650.2,0.0719229,-0.426291,-0.16638,0.116281
650.3,0.0245643,-0.42529,-0.268417,0.193868
650.4,-0.0182318,-0.425236,-0.368537,0.254824
650.5,-0.0570258,-0.426853,-0.46692,0.305086
650.6,-0.0923876,-0.430746,-0.563706,0.34793
650.7,-0.124886,-0.437428,-0.658982,0.385351
650.8,-0.155081,-0.447346,-0.752783,0.418646
650.9,-0.183519,-0.460906,-0.845092,0.448693
651,-0.210733,-0.47849,-0.935832,0.476107
651.1,-0.237241,-0.500475,-1.02487,0.501328
651.2,-0.263546,-0.527251,-1.11201,0.524673
651.3,-0.290145,-0.559232,-1.19698,0.546377
651.4,-0.317526,-0.596868,-1.27942,0.56661
651.5,-0.346176,-0.640655,-1.35891,0.585492
651.6,-0.376586,-0.691144,-1.43486,0.603109
651.7,-0.409256,-0.748936,-1.50659,0.61951
651.8,-0.444695,-0.814687,-1.57324,0.634718
651.9,-0.483433,-0.889097,-1.63374,0.648728
652,-0.526013,-0.972891,-1.6868,0.661506
652.1,-0.572998,-1.06679,-1.73081,0.672987
652.2,-0.624964,-1.17145,-1.76383,0.683077
652.3,-0.682486,-1.2874,-1.78353,0.691639
652.4,-0.746129,-1.41494,-1.78709,0.698497
652.5,-0.81641,-1.55396,-1.77119,0.703419
652.6,-0.893764,-1.70379,-1.73198,0.706117
652.7,-0.978479,-1.86287,-1.6651,0.706231
652.8,-1.07062,-2.02851,-1.56579,0.70332
652.9,-1.1699,-2.19643,-1.42912,0.69685
653,-1.27558,-2.36048,-1.25041,0.686183
653.1,-1.3863,-2.51224,-1.0259,0.670569
653.2,-1.49991,-2.64095,-0.753629,0.649138
653.3,-1.61332,-2.73372,-0.434625,0.649138
653.4,-1.72246,-2.77635,-0.0741274,0.649138
653.5,-1.82227,-2.75481,0.317339,0.649138
653.6,-1.90694,-2.65748,0.723518,0.649138
653.7,-1.97033,-2.47779,1.12306,0.649138
653.8,-2.00661,-2.21668,1.49161,0.649138
653.9,-2.01101,-1.88397,1.80511,0.649138
654,-1.98058,-1.49799,2.04389,0.649138
654.1,-1.91471,-1.08311,2.19611,0.649138
654.2,-1.8153,-0.665721,2.2596,0.649138
654.3,-1.68651,-0.270041,2.24158,0.649138
654.4,-1.53415,0.0853279,2.15628,0.649138
654.5,-1.36491,0.389037,2.02164,0.649138
654.6,-1.18556,0.636876,1.85597,0.649138
654.7,-1.00236,0.830404,1.67553,0.649138
654.8,-0.820594,0.975015,1.49315,0.649138
654.9,-0.644435,1.07808,1.31794,0.649138
655,-0.476923,1.14748,1.1556,0.649138
655.1,-0.320072,1.19065,1.0091,0.649138
655.2,-0.175042,1.21405,0.879454,0.649138
655.3,-0.0423228,1.22302,0.766336,0.649138
655.4,0.0780964,1.22176,0.668646,0.649138
655.5,0.186576,1.2135,0.584877,-0.414694
655.6,0.283706,1.20061,0.513367,-0.136361
655.7,0.370216,1.18485,0.452461,-0.00882232
655.8,0.446907,1.16746,0.400599,0.0671544
655.9,0.5146,1.14929,0.356363,0.117459
656,0.574111,1.13094,0.31849,0.152691
656.1,0.626221,1.11283,0.285878,0.178249
656.2,0.67167,1.09521,0.25757,0.197253
656.3,0.71115,1.07827,0.23275,0.211666
656.4,0.745299,1.06214,0.21072,0.222798
656.5,0.774706,1.04689,0.190893,0.231552
656.6,0.799907,1.03258,0.172777,0.238586
656.7,0.821396,1.01926,0.155963,0.244379
656.8,0.839623,1.00697,0.14012,0.249284
656.9,0.854996,0.995741,0.124979,0.253583
657,0.867891,0.985608,0.11033,0.25748
657.1,0.878648,0.976599,0.0960138,0.261132
657.2,0.88758,0.968744,0.0819162,0.264662
657.3,0.894971,0.962066,0.0679625,0.268158
657.4,0.901082,0.956585,0.0541124,0.271682
657.5,0.906147,0.952318,0.0403561,0.275283
657.6,0.910384,0.949273,0.02671,0.278985
657.7,0.913987,0.947454,0.0132133,0.282799
657.8,0.917133,0.946855,-7.52888e-05,0.286722
657.9,0.919982,0.947462,-0.0130807,0.290747
658,0.922674,0.949253,-0.0257141,0.294658
658.1,0.925337,0.952195,-0.0378756,0.299002
658.2,0.92808,0.956247,-0.0494565,0.303172
658.3,0.930999,0.961356,-0.0603417,0.307322
658.4,0.934176,0.96746,-0.0704119,0.311411
658.5,0.937676,0.974485,-0.0795456,0.315396
658.6,0.941553,0.982347,-0.0876215,0.319231
658.7,0.945846,0.990951,-0.0945201,0.322873
658.8,0.95058,1.00019,-0.100127,0.326278
658.9,0.95577,1.00995,-0.104333,0.329401
659,0.961413,1.02009,-0.10704,0.332166
659.1,0.967498,1.03048,-0.108161,0.334637
659.2,0.973999,1.04097,-0.107621,0.336673
659.3,0.980877,1.05139,-0.105365,0.338272
659.4,0.988083,1.06158,-0.101356,0.339402
659.5,0.995554,1.07136,-0.095579,0.340037
659.6,1.00322,1.08055,-0.0880448,0.34015
659.7,1.01099,1.08896,-0.0787915,0.339722
659.8,1.01878,1.09642,-0.0678863,0.338737
659.9,1.02648,1.10274,-0.055428,0.337184
660,1.03399,1.10774,-0.0415475,0.335062
660.1,1.04119,1.11128,-0.0264086,0.332371
660.2,1.04797,1.1132,-0.0102071,0.329121
660.3,1.0542,1.11338,0.0068302,0.325328
660.4,1.05977,1.11173,0.0244484,0.321023
660.5,1.06456,1.10818,0.0423681,0.316496
660.6,1.06846,1.1027,0.0602899,0.310997
660.7,1.07137,1.09531,0.0779005,0.305386
660.8,1.07322,1.08604,0.094879,0.299451
660.9,1.07392,1.07498,0.110905,0.293272
661,1.07341,1.06226,0.125664,0.286921
661.1,1.07168,1.04806,0.138858,0.280425
661.2,1.06869,1.03258,0.150213,0.280425
661.3,1.06446,1.01604,0.159483,0.280425
661.4,1.05902,0.998714,0.166457,0.280425
661.5,1.05242,0.980879,0.170965,0.280425
661.6,1.04474,0.962827,0.172882,0.280425
661.7,1.03607,0.944855,0.172127,0.280425
661.8,1.02654,0.927257,0.168666,0.242916
661.9,1.01626,0.910319,0.162511,0.240008
662,1.0054,0.894313,0.153716,0.238014
662.1,0.994101,0.87949,0.142377,0.23698
662.2,0.982534,0.866078,0.128626,0.237029
662.3,0.970867,0.854277,0.112627,0.238159
662.4,0.959273,0.844261,0.0945724,0.240401
662.5,0.947921,0.836176,0.0746781,0.243721
662.6,0.936978,0.830138,0.0531796,0.248089
662.7,0.926605,0.826236,0.0303284,0.253439
662.8,0.916954,0.824535,0.00638832,0.259689
662.9,0.908167,0.825074,-0.0183669,0.266735
663,0.900377,0.827874,-0.0436556,0.274462
663.1,0.893705,0.832932,-0.0691903,0.282743
663.2,0.888257,0.840232,-0.0946782,0.291448
663.3,0.884129,0.849738,-0.119822,0.300444
663.4,0.881404,0.861401,-0.144322,0.309599
663.5,0.880149,0.875155,-0.167872,0.318785
663.6,0.880421,0.890922,-0.190165,0.327881
663.7,0.882261,0.908606,-0.210891,0.33677
663.8,0.885697,0.928093,-0.229735,0.345346
663.9,0.890742,0.949253,-0.246384,0.353508
664,0.897396,0.971931,-0.260522,0.361161
664.1,0.905641,0.995947,-0.271839,0.368219
664.2,0.915443,1.02109,-0.280028,0.3746
664.3,0.926751,1.04713,-0.284792,0.380226
664.4,0.939492,1.07378,-0.285851,0.385023
664.5,0.953574,1.10073,-0.282949,0.388922
664.6,0.96888,1.12762,-0.275856,0.391854
664.7,0.98527,1.15404,-0.264389,0.393758
664.8,1.00257,1.17956,-0.248413,0.394566
664.9,1.0206,1.20368,-0.227859,0.394224
665,1.03911,1.22589,-0.202735,0.392676
665.1,1.05786,1.24563,-0.173141,0.389871
665.2,1.07657,1.26233,-0.13928,0.385765
665.3,1.09491,1.27543,-0.10147,0.380323
665.4,1.11255,1.28437,-0.0601517,0.373525
665.5,1.12915,1.28866,-0.0158927,0.365336
665.6,1.14433,1.28783,0.0306146,0.355782
665.7,1.15773,1.28155,0.0785604,0.355782
665.8,1.16898,1.26959,0.127033,0.355782
665.9,1.17774,1.25185,0.175044,0.355782
666,1.1837,1.22841,0.221553,0.355782
666.1,1.1866,1.19951,0.265509,0.355782
666.2,1.18623,1.16556,0.305886,0.355782
666.3,1.18243,1.12716,0.341728,0.355782
666.4,1.17516,1.08501,0.372181,0.355782
666.5,1.16442,1.03998,0.396529,0.355782
666.6,1.15032,0.992988,0.414221,0.355782
666.7,1.13303,0.945011,0.424886,0.355782
666.8,1.11281,0.897029,0.428334,0.355782
666.9,1.08999,0.849985,0.424556,0.355782
667,1.06495,0.804753,0.413706,0.355782
667.1,1.0381,0.762111,0.39608,0.355782
667.2,1.0099,0.722719,0.372089,0.355782
667.3,0.980819,0.687113,0.342233,0.355782
667.4,0.951315,0.6557,0.307069,0.355782
667.5,0.921844,0.628764,0.267188,0.355782
667.6,0.892838,0.606479,0.223194,0.128861
667.7,0.864701,0.58892,0.175682,0.138644
667.8,0.837799,0.576084,0.12523,0.151712
667.9,0.812461,0.567907,0.0723893,0.167678
668,0.788978,0.56428,0.0176789,0.186039
668.1,0.767599,0.565069,-0.0384119,0.206242
668.2,0.748537,0.570127,-0.0954229,0.227732
668.3,0.731971,0.579307,-0.152918,0.249981
668.4,0.718048,0.59247,-0.210479,0.272528
668.5,0.706892,0.609497,-0.267699,0.294986
668.6,0.698599,0.630288,-0.324174,0.31705
668.7,0.693254,0.65477,-0.379497,0.33848
668.8,0.690923,0.682893,-0.433247,0.359102
668.9,0.691666,0.714633,-0.48498,0.378783
669,0.695533,0.749983,-0.534226,0.39743
669.1,0.702571,0.788952,-0.580476,0.414972
669.2,0.712823,0.831553,-0.623174,0.43135
669.3,0.72633,0.877795,-0.661714,0.446516
669.4,0.743128,0.927669,-0.695428,0.460423
669.5,0.763247,0.981131,-0.723583,0.473019
669.6,0.786709,1.03808,-0.74538,0.484246
669.7,0.81352,1.09833,-0.759949,0.494036
669.8,0.843662,1.16161,-0.766355,0.50231
669.9,0.877086,1.22747,-0.763611,0.508971
670,0.913699,1.29532,-0.75069,0.513909
670.1,0.953349,1.36434,-0.726562,0.516994
670.2,0.995808,1.43346,-0.690231,0.518077
670.3,1.04075,1.50131,-0.640796,0.51699
670.4,1.08775,1.56623,-0.577527,0.513549
670.5,1.13624,1.62623,-0.499963,0.507546
670.6,1.18549,1.67903,-0.408017,0.498762
670.7,1.23462,1.72209,-0.302101,0.486962
670.8,1.2826,1.75272,-0.183247,0.471916
670.9,1.32822,1.76822,-0.0532038,0.471916
671,1.37014,1.76607,0.0854911,0.471916
671.1,1.40692,1.74419,0.229513,0.471916
671.2,1.43711,1.70115,0.37483,0.471916
671.3,1.45927,1.63646,0.516874,0.471916
671.4,1.47215,1.55069,0.650817,0.471916
671.5,1.47468,1.44563,0.771912,0.471916
671.6,1.46616,1.32418,0.875869,0.471916
671.7,1.44625,1.19022,0.95921,0.471916
671.8,1.41506,1.04832,1.01955,0.471916
671.9,1.37315,0.9033,1.05573,0.471916
672,1.32147,0.759902,1.06785,0.471916
672.1,1.26132,0.622382,1.05713,0.471916
672.2,1.19423,0.494251,1.02567,0.471916
672.3,1.1219,0.378112,0.976146,0.471916
672.4,1.04605,0.275618,0.911521,0.471916
672.5,0.968355,0.187528,0.834782,0.471916
672.6,0.890372,0.11383,0.748723,0.471916
672.7,0.81347,0.0539118,0.655811,0.471916
672.8,0.73881,0.00673102,0.558115,0.471916
672.9,0.667329,-0.0290232,0.45729,0.471916
673,0.599743,-0.0547921,0.354602,0.471916
673.1,0.536559,-0.0720407,0.250974,-0.315216
673.2,0.478102,-0.0821799,0.147043,-0.194736
673.3,0.424533,-0.0865148,0.0432217,-0.0768371
673.4,0.375882,-0.086215,-0.060245,0.0243183
673.5,0.332072,-0.0823002,-0.163235,0.108249
673.6,0.292943,-0.0756381,-0.265708,0.178227
673.7,0.258275,-0.0669495,-0.367677,0.2375
673.8,0.227806,-0.056819,-0.469184,0.288595
673.9,0.201252,-0.0457072,-0.570286,0.33337
674,0.178315,-0.0339647,-0.671044,0.373183
674.1,0.158698,-0.0218458,-0.771515,0.409035
674.2,0.142112,-0.00952144,-0.871753,0.441673
674.3,0.128283,0.00290922,-0.971799,0.47166
674.4,0.116956,0.0154082,-1.07169,0.49943
674.5,0.1079,0.0279901,-1.17145,0.525318
674.6,0.10091,0.040715,-1.27109,0.549588
674.7,0.0958064,0.0536827,-1.37063,0.572451
674.8,0.0924398,0.0670289,-1.47006,0.594075
674.9,0.0906887,0.080923,-1.56938,0.6146
675,0.0904609,0.0955667,-1.66859,0.634139
675.1,0.091694,0.111195,-1.76765,0.652788
675.2,0.0943554,0.12808,-1.86654,0.670626
675.3,0.0984434,0.146529,-1.96521,0.687721
675.4,0.103988,0.166898,-2.06363,0.70413
675.5,0.111052,0.189592,-2.16172,0.719902
675.6,0.119735,0.215077,-2.25939,0.735078
675.7,0.130173,0.24389,-2.35652,0.749693
675.8,0.142545,0.276651,-2.45298,0.763773
675.9,0.157078,0.31408,-2.54856,0.777342
676,0.174048,0.357016,-2.64302,0.790412
676.1,0.193795,0.406433,-2.73601,0.802994
676.2,0.216724,0.463469,-2.8271,0.815085
676.3,0.24332,0.529449,-2.9157,0.826676
676.4,0.274157,0.60591,-3.00104,0.837746
676.5,0.309915,0.694637,-3.08208,0.848257
676.6,0.351388,0.797676,-3.15745,0.858155
676.7,0.399506,0.91736,-3.22532,0.867358
676.8,0.455343,1.0563,-3.28321,0.875753
676.9,0.520135,1.21734,-3.32787,0.883184
677,0.595277,1.4035,-3.35491,0.889439
677.1,0.682318,1.61771,-3.35858,0.894228
677.2,0.782926,1.86256,-3.33129,0.897165
677.3,0.898812,2.13963,-3.26325,0.897733
677.4,1.03159,2.44863,-3.14206,0.895249
677.5,1.18256,2.78599,-2.95252,0.888816
677.6,1.35231,3.14291,-2.67689,0.877271
677.7,1.54019,3.50295,-2.29612,0.859126
677.8,1.74357,3.83931,-1.79265,0.832497
677.9,1.95693,4.11292,-1.15535,0.832497
678,2.17096,4.27287,-0.387041,0.832497
678.1,2.37203,4.26166,0.486785,0.832497
678.2,2.54244,4.0271,1.41122,0.832497
678.3,2.66219,3.54025,2.30282,0.832497
678.4,2.71231,2.81316,3.06315,0.832497
678.5,2.67912,1.9065,3.60431,0.832497
678.6,2.55801,0.91852,3.87677,0.832497
678.7,2.3549,-0.0422515,3.88472,0.832497
678.8,2.08472,-0.887442,3.68046,0.832497
678.9,1.76759,-1.56726,3.34264,0.832497
679,1.4245,-2.0713,2.9512,0.832497
679.1,1.07397,-2.41691,2.57038,0.832497
679.2,0.730366,-2.6342,2.24257,0.832497
679.3,0.403723,-2.75414,1.9902,0.832497
679.4,0.100405,-2.80202,1.82076,0.832497
679.5,-0.175849,-2.79513,1.73198,0.832497
679.6,-0.422933,-2.7433,1.71557,0.832497
679.7,-0.639582,-2.6507,1.75956,0.832497
679.8,-0.824872,-2.51818,1.84952,0.832497
679.9,-0.977978,-2.34555,1.96948,0.832497
680,-1.09817,-2.13353,2.1027,0.832497
680.1,-1.18495,-1.88526,2.23279,0.832497
680.2,-1.23834,-1.607,2.34498,0.832497
680.3,-1.25908,-1.30802,2.42748,0.832497
680.4,-1.24885,-0.999777,2.47252,0.832497
680.5,-1.21031,-0.694524,2.47688,0.832497
680.6,-1.14701,-0.403803,2.44167,0.832497
680.7,-1.06316,-0.137145,2.37153,0.832497
680.8,-0.963366,0.09873,2.27339,0.832497
680.9,-0.85227,0.300145,2.15519,0.832497
681,-0.734292,0.466206,2.02471,0.832497
681.1,-0.613403,0.59823,1.88879,0.832497
681.2,-0.49299,0.699054,1.75288,0.832497
681.3,-0.375803,0.77238,1.62093,0.832497
681.4,-0.263957,0.82224,1.49546,0.832497
681.5,-0.158983,0.85262,1.37779,0.832497
681.6,-0.0618984,0.867222,1.26836,0.832497
681.7,0.0267089,0.86935,1.16689,0.832497
681.8,0.106601,0.861871,1.07272,0.832497
681.9,0.177814,0.847226,0.984935,0.832497
682,0.240595,0.82747,0.902508,0.832497
682.1,0.295344,0.80432,0.824419,0.832497
682.2,0.342575,0.779205,0.749715,0.832497
682.3,0.382875,0.753311,0.677543,0.832497
682.4,0.416879,0.727618,0.60718,0.832497
682.5,0.445245,0.702929,0.538034,-0.168678
682.6,0.468637,0.679903,0.469642,-0.106278
682.7,0.487715,0.659068,0.401665,-0.0535761
682.8,0.503118,0.640847,0.333869,-0.00730629
682.9,0.515461,0.625569,0.266118,0.0345347
683,0.525328,0.613485,0.198354,0.0731927
683.1,0.533269,0.604782,0.130587,0.109431
683.2,0.539795,0.599595,0.0628865,0.143714
683.3,0.545381,0.598019,-0.00463599,0.176311
683.4,0.550462,0.600118,-0.0718271,0.207377
683.5,0.55544,0.605939,-0.1385,0.236992
683.6,0.560678,0.615514,-0.204437,0.265201
683.7,0.566513,0.628873,-0.269392,0.292027
683.8,0.573248,0.646048,-0.333087,0.317486
683.9,0.581162,0.667075,-0.395214,0.34159
684,0.590512,0.692002,-0.45543,0.364351
684.1,0.601536,0.720883,-0.513352,0.385778
684.2,0.614453,0.753785,-0.568552,0.40588
684.3,0.629469,0.790777,-0.62055,0.424661
684.4,0.646777,0.831931,-0.668808,0.442119
684.5,0.666558,0.877309,-0.712722,0.458245
684.6,0.688981,0.926955,-0.751614,0.473022
684.7,0.714202,0.980873,-0.784724,0.486419
684.8,0.742359,1.03902,-0.811209,0.498394
684.9,0.773568,1.10126,-0.830133,0.508888
685,0.80792,1.16735,-0.840475,0.517828
685.1,0.845463,1.2369,-0.841128,0.525118
685.2,0.886198,1.30935,-0.830924,0.530647
685.3,0.930058,1.38386,-0.808655,0.534279
685.4,0.976892,1.45935,-0.773115,0.535856
685.5,1.02644,1.53437,-0.72317,0.535195
685.6,1.07833,1.60714,-0.657833,0.53209
685.7,1.132,1.67545,-0.57638,0.52631
685.8,1.18674,1.73671,-0.478482,0.517604
685.9,1.24165,1.78799,-0.364353,0.505701
686,1.2956,1.8261,-0.234909,0.490313
686.1,1.34728,1.84777,-0.0919143,0.490313
686.2,1.39518,1.84987,0.0619128,0.490313
686.3,1.43766,1.8297,0.222868,0.490313
686.4,1.47301,1.7853,0.386329,0.490313
686.5,1.49957,1.7158,0.546947,0.490313
686.6,1.51578,1.62165,0.698979,0.490313
686.7,1.52037,1.50479,0.836711,0.490313
686.8,1.51244,1.36858,0.954952,0.490313
686.9,1.49154,1.21764,1.04949,0.490313
687,1.45778,1.05743,1.11748,0.490313
687.1,1.41177,0.893784,1.15763,0.490313
687.2,1.35463,0.732387,1.17018,0.490313
687.3,1.28788,0.578295,1.1568,0.490313
687.4,1.21335,0.435601,1.12018,0.490313
687.5,1.13301,0.307238,1.0637,0.490313
687.6,1.04886,0.194954,0.991031,0.490313
687.7,0.962845,0.099399,0.905764,0.490313
687.8,0.876724,0.0203146,0.811202,0.490313
687.9,0.792033,-0.0432502,0.710187,0.490313
688,0.710048,-0.0927131,0.605034,0.490313
688.1,0.631771,-0.129759,0.497534,0.490313
688.2,0.557947,-0.15618,0.389003,0.490313
688.3,0.489076,-0.173747,0.28035,-0.573285
688.4,0.425446,-0.184138,0.172156,-0.348555
688.5,0.367168,-0.188876,0.0647593,-0.15524
688.6,0.314204,-0.189313,-0.0416848,-0.0175591
688.7,0.266397,-0.186616,-0.147141,0.0843133
688.8,0.223508,-0.181775,-0.251651,0.163774
688.9,0.185231,-0.175616,-0.3553,0.22839
689,0.151218,-0.168815,-0.458193,0.282643
689.1,0.121097,-0.161921,-0.560441,0.329352
689.2,0.0944857,-0.155371,-0.662148,0.370382
689.3,0.0709988,-0.14951,-0.763406,0.407014
689.4,0.0502602,-0.144611,-0.864295,0.44016
689.5,0.031906,-0.140885,-0.964879,0.470483
689.6,0.0155892,-0.138504,-1.06521,0.498477
689.7,0.000980914,-0.137607,-1.16532,0.524515
689.8,-0.0122285,-0.138314,-1.26524,0.548886
689.9,-0.0243303,-0.140739,-1.36499,0.571815
690,-0.035599,-0.144996,-1.46456,0.593483
690.1,-0.046294,-0.15121,-1.56395,0.614034
690.2,-0.0566632,-0.159528,-1.66315,0.633586
690.3,-0.0669457,-0.170121,-1.76213,0.652237
690.4,-0.0773761,-0.183198,-1.86086,0.670067
690.5,-0.0881885,-0.199011,-1.95928,0.687145
690.6,-0.0996213,-0.217867,-2.05732,0.703529
690.7,-0.111922,-0.240137,-2.1549,0.719265
690.8,-0.125355,-0.266266,-2.2519,0.734393
690.9,-0.140204,-0.296788,-2.34817,0.748946
691,-0.156782,-0.332341,-2.44351,0.762949
691.1,-0.175439,-0.373682,-2.53765,0.77642
691.2,-0.196571,-0.421706,-2.63026,0.789368
691.3,-0.220627,-0.47747,-2.7209,0.801795
691.4,-0.248124,-0.542213,-2.80897,0.813693
691.5,-0.279657,-0.617384,-2.8937,0.82504
691.6,-0.315915,-0.704663,-2.97405,0.835801
691.7,-0.357691,-0.805981,-3.04865,0.84592
691.8,-0.4059,-0.923533,-3.11569,0.855318
691.9,-0.461591,-1.05977,-3.17276,0.863882
692,-0.525958,-1.21735,-3.21664,0.871458
692.1,-0.60034,-1.39906,-3.24309,0.877834
692.2,-0.686214,-1.60761,-3.24654,0.882729
692.3,-0.785155,-1.84528,-3.21971,0.885762
692.4,-0.898767,-2.11341,-3.15328,0.88643
692.5,-1.02855,-2.41151,-3.03548,0.88407
692.6,-1.17566,-2.73595,-2.85202,0.877818
692.7,-1.34061,-3.07825,-2.58635,0.866556
692.8,-1.5227,-3.42277,-2.22081,0.84886
692.9,-1.71939,-3.7444,-1.73921,0.822937
693,-1.92543,-4.0068,-1.13142,0.822937
693.1,-2.1321,-4.16289,-0.40002,0.822937
693.2,-2.32666,-4.15949,0.431806,0.822937
693.3,-2.49265,-3.94797,1.31418,0.822937
693.4,-2.61138,-3.50009,2.17099,0.822937
693.5,-2.66492,-2.82423,2.91146,0.822937
693.6,-2.63998,-1.97299,3.45253,0.822937
693.7,-2.53141,-1.03473,3.74406,0.822937
693.8,-2.34377,-0.110121,3.78414,0.822937
693.9,-2.09022,0.71558,3.61619,0.822937
694,-1.78925,1.39084,3.31061,0.822937
694.1,-1.46066,1.90073,2.94211,0.822937
694.2,-1.1224,2.2577,2.57303,0.822937
694.3,-0.788704,2.4882,2.24624,0.822937
694.4,-0.469761,2.62133,1.9858,0.822937
694.5,-0.172179,2.68198,1.8012,0.822937
694.6,0.100107,2.68812,1.69212,0.822937
694.7,0.344896,2.65072,1.65214,0.822937
694.8,0.560963,2.57522,1.67113,0.822937
694.9,0.747524,2.46344,1.73661,0.822937
695,0.903948,2.31559,1.83458,0.822937
695.1,1.02969,2.1321,1.95025,0.822937
695.2,1.12435,1.91502,2.06883,0.822937
695.3,1.18788,1.66884,2.17658,0.822937
695.4,1.22082,1.40071,2.26191,0.822937
695.5,1.22442,1.11994,2.31637,0.822937
695.6,1.20077,0.837045,2.33525,0.822937
695.7,1.15277,0.562475,2.31771,0.822937
695.8,1.08399,0.30546,2.26626,0.822937
695.9,0.998444,0.0731217,2.18592,0.822937
696,0.900321,-0.129948,2.08314,0.822937
696.1,0.79372,-0.301683,1.96478,0.822937
696.2,0.682439,-0.442196,1.83726,0.822937
696.3,0.56982,-0.553252,1.70605,0.822937
696.4,0.458662,-0.6377,1.57542,0.822937
696.5,0.351197,-0.698961,1.44836,0.822937
696.6,0.249104,-0.740627,1.32678,0.822937
696.7,0.153568,-0.766187,1.21166,0.822937
696.8,0.0653386,-0.778857,1.10325,0.822937
696.9,-0.0151939,-0.781494,1.00134,0.822937
697,-0.0879301,-0.776577,0.905409,0.822937
697.1,-0.152998,-0.766216,0.814749,0.822937
697.2,-0.210697,-0.752185,0.728598,0.822937
697.3,-0.261454,-0.73596,0.646201,0.822937
697.4,-0.305781,-0.718763,0.566862,-0.360551
697.5,-0.344247,-0.701594,0.48997,-0.221469
697.6,-0.377454,-0.685273,0.415013,-0.124334
697.7,-0.406016,-0.670462,0.341583,-0.050429
697.8,-0.430546,-0.657694,0.26937,0.00931956
697.9,-0.451643,-0.647392,0.198159,0.0597977
698,-0.469884,-0.639893,0.127817,0.103856
698.1,-0.485823,-0.635457,0.0582862,0.143246
698.2,-0.49998,-0.634289,-0.0104266,0.179078
698.3,-0.512842,-0.636546,-0.0782573,0.21208
698.4,-0.524867,-0.642352,-0.145091,0.242734
698.5,-0.536475,-0.651807,-0.210766,0.271363
698.6,-0.548058,-0.664992,-0.27508,0.29819
698.7,-0.559977,-0.681982,-0.337787,0.323369
698.8,-0.572566,-0.702845,-0.398598,0.347009
698.9,-0.586132,-0.727649,-0.457184,0.369185
699,-0.600961,-0.756462,-0.513164,0.389952
699.1,-0.617317,-0.78935,-0.566111,0.409344
699.2,-0.635446,-0.826376,-0.615537,0.427385
699.3,-0.655576,-0.867593,-0.660893,0.44408
699.4,-0.677917,-0.913036,-0.701564,0.459426
699.5,-0.702661,-0.962708,-0.736858,0.473402
699.6,-0.72998,-1.01656,-0.766002,0.485977
699.7,-0.760022,-1.07449,-0.788145,0.497104
699.8,-0.792907,-1.13628,-0.80235,0.50672
699.9,-0.828716,-1.20159,-0.807603,0.514742
700,-0.867485,-1.26993,-0.802825,0.521073
700.1,-0.909186,-1.34061,-0.786895,0.525591
700.2,-0.95372,-1.41266,-0.758679,0.528157
700.3,-1.00089,-1.48485,-0.717088,0.528607
700.4,-1.05039,-1.55562,-0.661144,0.526756
700.5,-1.10176,-1.62304,-0.590072,0.522393
700.6,-1.15441,-1.68483,-0.503414,0.515292
700.7,-1.20756,-1.73835,-0.40116,0.505205
700.8,-1.26022,-1.78071,-0.283891,0.491873
700.9,-1.31124,-1.80888,-0.152914,0.475402
701,-1.35927,-1.81984,-0.0103837,0.475402
701.1,-1.40283,-1.81086,0.140646,0.475402
701.2,-1.44034,-1.77978,0.296231,0.475402
701.3,-1.47019,-1.72526,0.451667,0.475402
701.4,-1.49087,-1.64711,0.601726,0.475402
701.5,-1.50104,-1.54644,0.741004,0.475402
701.6,-1.49967,-1.4257,0.864346,0.475402
701.7,-1.48611,-1.28862,0.967286,0.475402
701.8,-1.46019,-1.1399,1.04643,0.475402
701.9,-1.42224,-0.984838,1.09974,0.475402
702,-1.37306,-0.828862,1.12661,0.475402
702.1,-1.31387,-0.677059,1.12783,0.475402
702.2,-1.24626,-0.533807,1.10533,0.475402
702.3,-1.172,-0.402509,1.06191,0.475402
702.4,-1.093,-0.285484,1.00081,0.475402
702.5,-1.01112,-0.18398,0.925441,0.475402
702.6,-0.928134,-0.0982964,0.839059,0.475402
702.7,-0.845644,-0.0279633,0.744595,0.475402
702.8,-0.765013,0.0280553,0.644538,0.475402
702.9,-0.687361,0.071164,0.540891,0.475402
703,-0.613557,0.102965,0.435194,0.475402
703.1,-0.544229,0.12512,0.328566,0.475402
703.2,-0.479791,0.139255,0.221781,-0.373652
703.3,-0.420466,0.146885,0.115329,-0.204877
703.4,-0.366319,0.149383,0.0094941,-0.0648971
703.5,-0.317286,0.147955,-0.0955914,0.043436
703.6,-0.273202,0.143635,-0.199898,0.128813
703.7,-0.233828,0.137297,-0.303459,0.198222
703.8,-0.198873,0.12966,-0.406346,0.256281
703.9,-0.168009,0.121308,-0.508646,0.306027
704,-0.140893,0.112705,-0.610452,0.349508
704.1,-0.117173,0.104211,-0.71185,0.388145
704.2,-0.0965015,0.0961012,-0.812919,0.422955
704.3,-0.0785421,0.0885785,-0.913726,0.454678
704.4,-0.0629732,0.0817882,-1.01433,0.483865
704.5,-0.0494925,0.0758304,-1.11477,0.510935
704.6,-0.0378185,0.0707708,-1.21509,0.53621
704.7,-0.0276917,0.0666501,-1.31531,0.559942
704.8,-0.0188744,0.063492,-1.41546,0.582332
704.9,-0.0111495,0.0613105,-1.51556,0.60354
705,-0.00431968,0.0601158,-1.6156,0.623699
705.1,0.00179469,0.0599193,-1.71561,0.642918
705.2,0.00735748,0.0607389,-1.81558,0.661287
705.3,0.0125191,0.0626024,-1.91552,0.678886
705.4,0.017419,0.0655518,-2.01543,0.69578
705.5,0.0221882,0.0696471,-2.11529,0.712026
705.6,0.0269519,0.0749699,-2.21511,0.727674
705.7,0.0318324,0.081628,-2.31488,0.742768
705.8,0.0369521,0.0897591,-2.41459,0.757347
705.9,0.0424365,0.0995372,-2.51421,0.771445
706,0.0484177,0.111177,-2.61374,0.785091
706.1,0.055038,0.124945,-2.71313,0.798313
706.2,0.062454,0.14116,-2.81235,0.811133
706.3,0.0708415,0.160216,-2.91134,0.823572
706.4,0.0804001,0.182581,-3.01005,0.835649
706.5,0.0913601,0.208824,-3.10837,0.847376
706.6,0.103989,0.239626,-3.20619,0.858765
706.7,0.1186,0.275803,-3.30332,0.869825
706.8,0.135563,0.318337,-3.39956,0.880559
706.9,0.155313,0.368401,-3.49457,0.890964
707,0.178368,0.427398,-3.58795,0.901033
707.1,0.205342,0.497005,-3.6791,0.910751
707.2,0.236966,0.579217,-3.76723,0.920089
707.3,0.274107,0.676402,-3.85122,0.929006
707.4,0.317798,0.791353,-3.92955,0.93744
707.5,0.36926,0.927333,-4.00009,0.945302
707.6,0.429932,1.08811,-4.05992,0.952467
707.7,0.501499,1.27792,-4.10495,0.958756
707.8,0.585912,1.50143,-4.12956,0.963922
707.9,0.685384,1.76342,-4.12601,0.967619
708,0.802369,2.06837,-4.08377,0.96937
708.1,0.939457,2.41951,-3.98869,0.968518
708.2,1.09918,2.8173,-3.82216,0.964166
708.3,1.28366,3.25698,-3.56065,0.955105
708.4,1.49395,3.72498,-3.17596,0.93972
708.5,1.72909,4.19404,-2.63749,0.915892
708.6,1.98477,4.6181,-1.91787,0.880887
708.7,2.25162,4.92883,-1.00351,0.880887
708.8,2.51367,5.03849,0.0897281,0.880887
708.9,2.7477,4.85462,1.29974,0.880887
709,2.92484,4.30963,2.51027,0.880887
709.1,3.01524,3.39809,3.56592,0.880887
709.2,2.99548,2.20076,4.31569,0.880887
709.3,2.85591,0.872259,4.6693,0.880887
709.4,2.60411,-0.409661,4.63241,0.880887
709.5,2.26248,-1.50461,4.29725,0.880887
709.6,1.86128,-2.34398,3.79801,0.880887
709.7,1.43097,-2.92724,3.26261,0.880887
709.8,0.996947,-3.29493,2.78452,0.880887
709.9,0.577525,-3.49968,2.4175,0.880887
710,0.184515,-3.58708,2.18337,0.880887
710.1,-0.175039,-3.58775,2.08274,0.880887
710.2,-0.496918,-3.51701,2.10326,0.880887
710.3,-0.77816,-3.37849,2.22431,0.880887
710.4,-1.01608,-3.16938,2.41938,0.880887
710.5,-1.20788,-2.88598,2.65749,0.880887
710.6,-1.35085,-2.5286,2.90532,0.880887
710.7,-1.44291,-2.10513,3.13033,0.880887
710.8,-1.48336,-1.63216,3.30485,0.880887
710.9,-1.47349,-1.1335,3.41005,0.880887
711,-1.41697,-0.636451,3.43832,0.880887
711.1,-1.31968,-0.167176,3.39336,0.880887
711.2,-1.18921,0.253352,3.2878,0.880887
711.3,-1.03407,0.611639,3.1395,0.880887
711.4,-0.862878,0.90192,2.96751,0.880887
711.5,-0.683632,1.12485,2.78903,0.880887
711.6,-0.503297,1.28543,2.61748,0.880887
711.7,-0.327568,1.39095,2.46194,0.880887
711.8,-0.160861,1.44936,2.32738,0.880887
711.9,-0.00643081,1.46823,2.21534,0.880887
712,0.133463,1.45428,2.12481,0.880887
712.1,0.257366,1.41328,2.05302,0.880887
712.2,0.364468,1.35012,1.99618,0.880887
712.3,0.454473,1.26912,1.94998,0.880887
712.4,0.527497,1.17412,1.91012,0.880887
712.5,0.584004,1.06878,1.87259,0.880887
712.6,0.624748,0.956534,1.83391,0.880887
712.7,0.650734,0.840704,1.79131,0.880887
712.8,0.663178,0.724396,1.74279,0.880887
712.9,0.663462,0.610435,1.6871,0.880887
713,0.653089,0.50128,1.62371,0.880887
713.1,0.633631,0.39894,1.55268,0.880887
713.2,0.606679,0.304937,1.4745,0.880887
713.3,0.573792,0.220287,1.38999,0.880887
713.4,0.536456,0.145528,1.30012,0.880887
713.5,0.496043,0.0807666,1.20594,0.880887
713.6,0.453787,0.0257515,1.10846,0.880887
713.7,0.410768,-0.0200509,1.00856,0.880887
713.8,0.367901,-0.0573775,0.907044,0.880887
713.9,0.325936,-0.0870955,0.804528,0.880887
714,0.285467,-0.11014,0.701507,0.880887
714.1,0.24694,-0.127463,0.598341,0.880887
714.2,0.210671,-0.139994,0.495279,0.880887
714.3,0.176856,-0.148614,0.392483,0.880887
714.4,0.145595,-0.154135,0.290043,0.880887
714.5,0.116903,-0.157291,0.188001,-0.350942
714.6,0.0907289,-0.158734,0.0863633,-0.121859
714.7,0.0669678,-0.159035,-0.0148869,0.00423576
714.8,0.0454743,-0.158687,-0.115777,0.0945714
714.9,0.0260734,-0.158112,-0.216342,0.165729
715,0.0085696,-0.157669,-0.316613,0.22475
715.1,-0.00724519,-0.157662,-0.416621,0.27535
715.2,-0.0215862,-0.158352,-0.516392,0.319749
715.3,-0.0346709,-0.159961,-0.615942,0.359382
715.4,-0.046716,-0.162685,-0.715285,0.395232
715.5,-0.0579353,-0.166701,-0.814422,0.428002
715.6,-0.0685383,-0.172176,-0.91335,0.458211
715.7,-0.0787307,-0.179276,-1.01206,0.486252
715.8,-0.0887142,-0.188171,-1.11052,0.51243
715.9,-0.0986883,-0.199044,-1.20871,0.536986
716,-0.108852,-0.2121,-1.30657,0.560113
716.1,-0.119405,-0.227572,-1.40407,0.581969
716.2,-0.130555,-0.245727,-1.50111,0.602681
716.3,-0.142513,-0.26688,-1.59762,0.622355
716.4,-0.155505,-0.291395,-1.69346,0.641079
716.5,-0.169775,-0.319702,-1.7885,0.658925
716.6,-0.185583,-0.352304,-1.88253,0.675951
716.7,-0.20322,-0.389787,-1.97533,0.692203
716.8,-0.22301,-0.432835,-2.06658,0.707716
716.9,-0.245314,-0.482245,-2.15588,0.722512
717,-0.270541,-0.538938,-2.24272,0.736603
717.1,-0.299158,-0.603973,-2.32647,0.749987
717.2,-0.331692,-0.678565,-2.40627,0.762647
717.3,-0.368746,-0.764088,-2.48105,0.774549
717.4,-0.411003,-0.86208,-2.54939,0.785638
717.5,-0.459235,-0.974237,-2.6095,0.795832
717.6,-0.514308,-1.10238,-2.65903,0.805018
717.7,-0.577184,-1.24838,-2.69498,0.81304
717.8,-0.648908,-1.41406,-2.71348,0.819689
717.9,-0.730591,-1.60099,-2.70963,0.824692
718,-0.823361,-1.81019,-2.67725,0.827689
718.1,-0.928293,-2.04162,-2.60874,0.828213
718.2,-1.04628,-2.29358,-2.49488,0.825668
718.3,-1.17784,-2.56169,-2.32502,0.819293
718.4,-1.32287,-2.83778,-2.08744,0.808132
718.5,-1.48024,-3.10853,-1.7705,0.790997
718.6,-1.64737,-3.3542,-1.36456,0.766431
718.7,-1.81971,-3.54807,-0.865105,0.766431
718.8,-1.99028,-3.65734,-0.276827,0.766431
718.9,-2.14949,-3.64655,0.381958,0.766431
719,-2.2854,-3.48413,1.07629,0.766431
719.1,-2.38476,-3.15158,1.75533,0.766431
719.2,-2.43483,-2.65253,2.35893,0.766431
719.3,-2.42572,-2.0175,2.82996,0.766431
719.4,-2.35259,-1.30061,3.12865,0.766431
719.5,-2.21689,-0.56782,3.24306,0.766431
719.6,-2.02617,0.118718,3.1906,0.766431
719.7,-1.79243,0.713645,3.01046,0.766431
719.8,-1.52976,1.19403,2.75125,0.766431
719.9,-1.25208,1.55741,2.45933,0.766431
720,-0.971482,1.81529,2.17158,0.766431
720.1,-0.697419,1.98586,1.913,0.766431
720.2,-0.43665,2.08824,1.69771,0.766431
720.3,-0.193564,2.13906,1.53143,0.766431
720.4,0.0292638,2.15109,1.41418,0.766431
720.5,0.230524,2.1331,1.3424,0.766431
720.6,0.4097,2.09054,1.31039,0.766431
720.7,0.566715,2.02642,1.31126,0.766431
720.8,0.701709,1.94227,1.33749,0.766431
720.9,0.814916,1.83899,1.38122,0.766431
721,0.906634,1.71755,1.43463,0.766431
721.1,0.977248,1.5795,1.49024,0.766431
721.2,1.0273,1.42724,1.54122,0.766431
721.3,1.05753,1.26409,1.58175,0.766431
721.4,1.06901,1.09416,1.60732,0.766431
721.5,1.06307,0.922016,1.61494,0.766431
721.6,1.0414,0.752334,1.60312,0.766431
721.7,1.00595,0.589487,1.57184,0.766431
721.8,0.958852,0.437207,1.52228,0.766431
721.9,0.902379,0.298353,1.45648,0.766431
722,0.838795,0.174809,1.37704,0.766431
722.1,0.770287,0.0674952,1.28674,0.766431
722.2,0.698877,-0.0235321,1.18831,0.766431
722.3,0.626364,-0.0989142,1.08422,0.766431
722.4,0.55429,-0.159809,0.976552,0.766431
722.5,0.483921,-0.20771,0.866992,0.766431
722.6,0.416251,-0.244294,0.756807,0.766431
722.7,0.352016,-0.27129,0.646899,0.766431
722.8,0.291721,-0.290388,0.53786,0.766431
722.9,0.235663,-0.30318,0.430039,0.766431
723,0.183968,-0.311116,0.323602,0.766431
723.1,0.13662,-0.315491,0.218588,0.766431
723.2,0.0934864,-0.31744,0.114957,-0.201735
723.3,0.0543493,-0.317942,0.0126186,-0.0318464
723.4,0.0189245,-0.317834,-0.0885367,0.0741772
723.5,-0.0131185,-0.317824,-0.18862,0.152689
723.6,-0.0421406,-0.318512,-0.287734,0.215444
723.7,-0.068521,-0.320404,-0.38596,0.267925
723.8,-0.0926471,-0.323935,-0.483359,0.313168
723.9,-0.114908,-0.329478,-0.579965,0.353036
724,-0.135689,-0.337369,-0.675785,0.388749
724.1,-0.155369,-0.347917,-0.770797,0.421146
724.2,-0.174321,-0.361419,-0.864951,0.450826
724.3,-0.192909,-0.378174,-0.958163,0.478227
724.4,-0.211493,-0.398495,-1.05031,0.503676
724.5,-0.230428,-0.422719,-1.14125,0.527421
724.6,-0.25007,-0.451222,-1.23076,0.549655
724.7,-0.270779,-0.484423,-1.31858,0.570523
724.8,-0.292924,-0.5228,-1.4044,0.590137
724.9,-0.316885,-0.566891,-1.4878,0.608582
725,-0.343062,-0.617308,-1.56829,0.625916
725.1,-0.37188,-0.674737,-1.64522,0.642175
725.2,-0.403789,-0.73994,-1.71781,0.657373
725.3,-0.439277,-0.813754,-1.7851,0.671504
725.4,-0.478865,-0.897079,-1.84587,0.684537
725.5,-0.523113,-0.990856,-1.89863,0.696415
725.6,-0.572618,-1.09603,-1.94152,0.70705
725.7,-0.628009,-1.21348,-1.97227,0.716321
725.8,-0.68993,-1.34396,-1.98809,0.724064
725.9,-0.759024,-1.4879,-1.98559,0.730065
726,-0.835894,-1.64526,-1.96076,0.734049
726.1,-0.921045,-1.81527,-1.90885,0.735671
726.2,-1.01481,-1.99604,-1.82446,0.734501
726.3,-1.11725,-2.18412,-1.70169,0.730008
726.4,-1.22797,-2.37406,-1.5344,0.721546
726.5,-1.34602,-2.55781,-1.31687,0.708341
726.6,-1.46958,-2.72438,-1.0447,0.689474
726.7,-1.59584,-2.85968,-0.716144,0.663872
726.8,-1.72079,-2.94705,-0.333705,0.663872
726.9,-1.83912,-2.96854,0.0941393,0.663872
727,-1.94435,-2.90731,0.551692,0.663872
727.1,-2.02921,-2.75099,1.01588,0.663872
727.2,-2.08631,-2.49529,1.45791,0.663872
727.3,-2.10905,-2.14688,1.84695,0.663872
727.4,-2.09269,-1.72421,2.15538,0.663872
727.5,-2.03518,-1.25532,2.36411,0.663872
727.6,-1.93762,-0.773121,2.46624,0.663872
727.7,-1.80411,-0.30944,2.46766,0.663872
727.8,-1.64115,0.110191,2.38464,0.663872
727.9,-1.45658,0.469503,2.23941,0.663872
728,-1.25862,0.761825,2.0555,0.663872
728.1,-1.05488,0.988402,1.85403,0.663872
728.2,-0.851909,1.15576,1.65169,0.663872
728.3,-0.65482,1.2731,1.46019,0.663872
728.4,-0.467343,1.35021,1.28668,0.663872
728.5,-0.291942,1.39619,1.13467,0.663872
728.6,-0.130044,1.41878,1.00513,0.663872
728.7,0.017721,1.42413,0.897321,0.663872
728.8,0.151294,1.41693,0.809491,0.663872
728.9,0.271007,1.40059,0.739395,0.663872
729,0.37743,1.37751,0.684575,-0.106092
729.1,0.471274,1.34936,0.642565,-0.00358443
729.2,0.55331,1.31725,0.61099,0.0562658
729.3,0.624324,1.28196,0.587621,0.0930354
729.4,0.685092,1.24404,0.570409,0.115608
729.5,0.736359,1.20394,0.557489,0.128843
729.6,0.778842,1.16208,0.547192,0.128843
729.7,0.81323,1.11885,0.538046,0.128843
729.8,0.840184,1.07472,0.528778,0.128843
729.9,0.860349,1.03017,0.518314,0.128843
730,0.874356,0.985713,0.505779,0.128843
730.1,0.882827,0.941904,0.49049,0.128843
730.2,0.886376,0.899292,0.47195,0.128843
730.3,0.885612,0.858415,0.449831,0.128843
730.4,0.881135,0.819779,0.423961,0.128843
730.5,0.873535,0.783845,0.394307,0.128843
730.6,0.863385,0.751013,0.360949,0.128843
730.7,0.851241,0.721617,0.324062,0.118104
730.8,0.837633,0.695918,0.283896,0.123911
730.9,0.82306,0.67411,0.240755,0.132267
731,0.807993,0.656319,0.194982,0.143121
731.1,0.792864,0.642615,0.14694,0.156333
731.2,0.778069,0.633018,0.0970102,0.171659
731.3,0.763967,0.627507,0.0455745,0.188779
731.4,0.750878,0.626034,-0.00698366,0.207329
731.5,0.739087,0.628531,-0.0602844,0.22692
731.6,0.728845,0.634918,-0.113951,0.247176
731.7,0.72037,0.645114,-0.167608,0.267745
731.8,0.713852,0.659041,-0.220881,0.288319
731.9,0.709458,0.676627,-0.273389,0.308634
732,0.707331,0.697814,-0.324741,0.328476
732.1,0.707594,0.722553,-0.374533,0.34767
732.2,0.710356,0.750807,-0.42234,0.36608
732.3,0.715714,0.782547,-0.46771,0.383595
732.4,0.723749,0.817748,-0.510157,0.400128
732.5,0.734536,0.856381,-0.54916,0.415607
732.6,0.748138,0.898407,-0.584152,0.429966
732.7,0.764605,0.94376,-0.614521,0.443145
732.8,0.783979,0.992338,-0.639601,0.455084
732.9,0.806282,1.04398,-0.658679,0.465717
733,0.831516,1.09846,-0.67099,0.474974
733.1,0.859657,1.15544,-0.675726,0.482774
733.2,0.890646,1.21446,-0.67205,0.489025
733.3,0.924378,1.27492,-0.659112,0.493623
733.4,0.96069,1.33602,-0.636077,0.496451
733.5,0.999354,1.39677,-0.602165,0.497376
733.6,1.04005,1.45593,-0.556703,0.496252
733.7,1.08237,1.51204,-0.499184,0.492918
733.8,1.12579,1.56338,-0.429348,0.487202
733.9,1.16965,1.60803,-0.347264,0.47892
734,1.21318,1.6439,-0.253423,0.467884
734.1,1.25547,1.66879,-0.148819,0.453903
734.2,1.29549,1.68057,-0.0350236,0.453903
734.3,1.3321,1.67726,0.08578,0.453903
734.4,1.36411,1.65726,0.210805,0.453903
734.5,1.39033,1.6195,0.336733,0.453903
734.6,1.40958,1.56364,0.459845,0.453903
734.7,1.42082,1.49018,0.576235,0.453903
734.8,1.4232,1.40051,0.682055,0.453903
734.9,1.41613,1.29693,0.773791,0.453903
735,1.39932,1.18248,0.848533,0.453903
735.1,1.37284,1.06072,0.904174,0.453903
735.2,1.33709,0.93552,0.939544,0.453903
735.3,1.29282,0.810714,0.954436,0.453903
735.4,1.24105,0.689844,0.949528,0.453903
735.5,1.18302,0.575937,0.926238,0.453903
735.6,1.12011,0.471362,0.886514,0.453903
735.7,1.05376,0.377766,0.832618,0.453903
735.8,0.985379,0.296088,0.766917,0.453903
735.9,0.916327,0.22663,0.691711,0.453903
736,0.847821,0.169171,0.609112,0.453903
736.1,0.780923,0.123084,0.520961,0.453903
736.2,0.71652,0.0874702,0.428798,0.453903
736.3,0.65532,0.061264,0.33386,-0.238564
736.4,0.597859,0.0433317,0.237103,-0.178042
736.5,0.544515,0.0325427,0.139242,-0.102199
736.6,0.495522,0.0278232,0.0407887,-0.0219558
736.7,0.450996,0.0281909,-0.0579052,0.0545051
736.8,0.410952,0.0327767,-0.156608,0.123603
736.9,0.375329,0.040835,-0.255175,0.184783
737,0.344005,0.0517457,-0.353522,0.238765
737.1,0.316817,0.0650118,-0.451604,0.286606
737.2,0.293578,0.0802528,-0.549397,0.329329
737.3,0.274084,0.0971967,-0.646888,0.367811
737.4,0.258133,0.115672,-0.744065,0.402767
737.5,0.245529,0.135598,-0.840909,0.434771
737.6,0.23609,0.15698,-0.937395,0.464279
737.7,0.229658,0.1799,-1.03348,0.491654
737.8,0.226099,0.204513,-1.12911,0.517185
737.9,0.225312,0.231044,-1.2242,0.541105
738,0.227229,0.259788,-1.31866,0.563599
738.1,0.23182,0.291104,-1.41235,0.584818
738.2,0.239096,0.325426,-1.5051,0.60488
738.3,0.249112,0.363258,-1.59671,0.623883
738.4,0.261968,0.405186,-1.6869,0.641902
738.5,0.277815,0.451879,-1.77535,0.658995
738.6,0.296858,0.5041,-1.86164,0.675202
738.7,0.319361,0.562713,-1.94523,0.690548
738.8,0.345648,0.628689,-2.02545,0.705043
738.9,0.376111,0.703112,-2.10145,0.718677
739,0.411215,0.787183,-2.17215,0.731424
739.1,0.451498,0.882209,-2.2362,0.743233
739.2,0.497576,0.989588,-2.29184,0.754028
739.3,0.550144,1.11077,-2.3369,0.763701
739.4,0.609967,1.24718,-2.3686,0.772103
739.5,0.677868,1.40012,-2.38346,0.779037
739.6,0.754703,1.57057,-2.37718,0.784246
739.7,0.841313,1.75893,-2.34446,0.787397
739.8,0.938456,1.96465,-2.27891,0.788066
739.9,1.04669,2.18566,-2.17304,0.785715
740,1.16624,2.41769,-2.01843,0.779672
740.1,1.29674,2.65342,-1.80613,0.769106
740.2,1.437,2.88161,-1.52761,0.753
740.3,1.58464,3.08631,-1.17626,0.730127
740.4,1.73575,3.24666,-0.749611,0.730127
740.5,1.88459,3.33773,-0.252151,0.730127
740.6,2.02351,3.33298,0.301758,0.730127
740.7,2.14314,3.20879,0.885972,0.730127
740.8,2.23314,2.95049,1.46304,0.730127
740.9,2.28345,2.55851,1.98835,0.730127
741,2.28591,2.05202,2.41788,0.730127
741.1,2.23583,1.46777,2.71784,0.730127
741.2,2.13306,0.853452,2.87249,0.730127
741.3,1.98214,0.257604,2.88705,0.730127
741.4,1.79144,-0.280039,2.78462,0.730127
741.5,1.57161,-0.734439,2.59879,0.730127
741.6,1.33393,-1.09612,2.36532,0.730127
741.7,1.08884,-1.36812,2.11573,0.730127
741.8,0.845118,-1.56128,1.87397,0.730127
741.9,0.60945,-1.68974,1.6558,0.730127
742,0.386539,-1.76758,1.46989,0.730127
742.1,0.179377,-1.80702,1.31955,0.730127
742.2,-0.0103654,-1.81766,1.20451,0.730127
742.3,-0.181961,-1.80643,1.12221,0.730127
742.4,-0.335299,-1.77806,1.06883,0.730127
742.5,-0.470642,-1.73552,1.03988,0.730127
742.6,-0.58845,-1.68064,1.03057,0.730127
742.7,-0.689273,-1.61454,1.03606,0.730127
742.8,-0.773705,-1.53809,1.05159,0.730127
742.9,-0.842359,-1.45214,1.0726,0.730127
743,-0.895885,-1.3578,1.0949,0.730127
743.1,-0.93499,-1.25649,1.11473,0.730127
743.2,-0.960466,-1.14999,1.1289,0.730127
743.3,-0.973215,-1.04037,1.13491,0.730127
743.4,-0.974257,-0.929857,1.13092,0.730127
743.5,-0.964734,-0.82076,1.11584,0.730127
743.6,-0.945893,-0.715256,1.08924,0.730127
743.7,-0.919059,-0.615296,1.05129,0.730127
743.8,-0.8856,-0.522489,1.00262,0.730127
743.9,-0.846891,-0.438046,0.944205,0.730127
744,-0.804267,-0.362755,0.877234,0.730127
744.1,-0.758995,-0.297004,0.802986,0.730127
744.2,-0.712238,-0.240817,0.722734,0.730127
744.3,-0.665035,-0.193918,0.637669,0.730127
744.4,-0.618292,-0.155803,0.548857,0.730127
744.5,-0.572767,-0.125805,0.457214,0.730127
744.6,-0.529083,-0.103163,0.363495,-0.299847
744.7,-0.487724,-0.0870707,0.268308,-0.218056
744.8,-0.449054,-0.0767271,0.172125,-0.1277
744.9,-0.413326,-0.0713653,0.075301,-0.0399588
745,-0.380701,-0.0702786,-0.0219019,0.0395727
745.1,-0.351257,-0.0728363,-0.119296,0.109711
745.2,-0.325013,-0.0784919,-0.216749,0.171217
745.3,-0.301935,-0.0867878,-0.314168,0.225371
745.4,-0.281956,-0.0973553,-0.411489,0.27343
745.5,-0.264981,-0.109912,-0.508664,0.31646
745.6,-0.250905,-0.12426,-0.605652,0.355329
745.7,-0.239615,-0.140277,-0.702416,0.390725
745.8,-0.231002,-0.157918,-0.798915,0.423198
745.9,-0.224967,-0.177206,-0.895103,0.453183
746,-0.221425,-0.198233,-0.990921,0.481027
746.1,-0.220311,-0.221151,-1.0863,0.507009
746.2,-0.221584,-0.24618,-1.18114,0.531355
746.3,-0.225231,-0.2736,-1.27535,0.554247
746.4,-0.231269,-0.303756,-1.36877,0.575833
746.5,-0.239751,-0.33706,-1.46123,0.596234
746.6,-0.250767,-0.373996,-1.55252,0.615545
746.7,-0.264448,-0.415124,-1.64237,0.633844
746.8,-0.280969,-0.461089,-1.73044,0.651189
746.9,-0.300555,-0.512625,-1.81631,0.667623
747,-0.323485,-0.570564,-1.89943,0.683172
747.1,-0.350093,-0.635843,-1.97914,0.697847
747.2,-0.380779,-0.709508,-2.05459,0.711639
747.3,-0.416006,-0.792715,-2.12471,0.724522
747.4,-0.456311,-0.886721,-2.18813,0.736448
747.5,-0.502303,-0.992865,-2.24314,0.747341
747.6,-0.554662,-1.11253,-2.28758,0.757093
747.7,-0.614135,-1.24707,-2.31871,0.765559
747.8,-0.681522,-1.3977,-2.33314,0.772543
747.9,-0.757646,-1.56531,-2.32665,0.777791
748,-0.843314,-1.75023,-2.29407,0.780976
748.1,-0.939244,-1.95182,-2.22921,0.78168
748.2,-1.04596,-2.16798,-2.12484,0.779376
748.3,-1.16363,-2.39447,-1.97287,0.773406
748.4,-1.29188,-2.62416,-1.76474,0.762958
748.5,-1.42952,-2.84609,-1.49234,0.747042
748.6,-1.5742,-3.04491,-1.14946,0.724478
748.7,-1.72212,-3.20058,-0.733862,0.724478
748.8,-1.86773,-3.28926,-0.24997,0.724478
748.9,-2.00366,-3.28563,0.288445,0.724478
749,-2.12091,-3.16714,0.85647,0.724478
749.1,-2.20955,-2.91963,1.41849,0.724478
749.2,-2.25989,-2.54314,1.93199,0.724478
749.3,-2.26401,-2.05534,2.35483,0.724478
749.4,-2.21728,-1.49069,2.65412,0.724478
749.5,-2.11935,-0.89431,2.81382,0.724478
749.6,-1.97435,-0.312737,2.83765,0.724478
749.7,-1.79013,0.215324,2.74656,0.724478
749.8,-1.57686,0.664777,2.57198,0.724478
749.9,-1.34539,1.02531,2.34802,0.724478
750,-1.1059,1.29882,2.10525,0.724478
750.1,-0.867002,1.49505,1.86731,0.724478
750.2,-0.635375,1.62727,1.65007,0.724478
750.3,-0.41575,1.70908,1.46254,0.724478
750.4,-0.211182,1.7525,1.30851,0.724478
750.5,-0.0234089,1.76712,1.18812,0.724478
750.6,0.14679,1.76004,1.09926,0.724478
750.7,0.299274,1.73617,1.0385,0.724478
750.8,0.434299,1.69871,1.00174,0.724478
750.9,0.552338,1.64967,0.98456,0.724478
751,0.653968,1.59028,0.982486,0.724478
751.1,0.739812,1.52143,0.991116,0.724478
751.2,0.810508,1.44391,1.00624,0.724478
751.3,0.866718,1.35866,1.02393,0.724478
751.4,0.909139,1.26686,1.04065,0.724478
751.5,0.938528,1.16998,1.05335,0.724478
751.6,0.955725,1.06976,1.05953,0.724478
751.7,0.961663,0.968124,1.0573,0.724478
751.8,0.957378,0.867078,1.04541,0.724478
751.9,0.943992,0.768589,1.02321,0.724478
752,0.922706,0.674464,0.99057,0.724478
752.1,0.894763,0.586255,0.947855,0.724478
752.2,0.861423,0.505195,0.895763,0.724478
752.3,0.823924,0.432162,0.835235,0.724478
752.4,0.783455,0.367678,0.767348,0.724478
752.5,0.741123,0.311939,0.693219,0.724478
752.6,0.697935,0.264854,0.613937,0.724478
752.7,0.654783,0.226103,0.530507,0.724478
752.8,0.612434,0.195194,0.443823,0.724478
752.9,0.571528,0.171525,0.354649,-0.213745
753,0.532587,0.154428,0.26362,-0.152173
753.1,0.496014,0.143217,0.171251,-0.0825268
753.2,0.462112,0.137221,0.0779469,-0.0115229
753.3,0.431092,0.135812,-0.0159751,0.0562111
753.4,0.403089,0.13842,-0.110273,0.118527
753.5,0.378173,0.144549,-0.204762,0.174928
753.6,0.356364,0.153782,-0.299298,0.22573
753.7,0.337646,0.165784,-0.393767,0.271543
753.8,0.321974,0.180303,-0.488073,0.313028
753.9,0.30929,0.19717,-0.582128,0.350796
754,0.299528,0.216295,-0.675847,0.385376
754.1,0.292623,0.237665,-0.769139,0.417209
754.2,0.28852,0.261341,-0.861902,0.446662
754.3,0.287177,0.287457,-0.954016,0.474037
754.4,0.288572,0.316215,-1.04534,0.499579
754.5,0.292711,0.347891,-1.1357,0.523487
754.6,0.299625,0.382828,-1.2249,0.545925
754.7,0.309379,0.421444,-1.31267,0.567024
754.8,0.322078,0.464227,-1.39871,0.586887
754.9,0.337864,0.511744,-1.48262,0.605594
755,0.356924,0.56464,-1.56395,0.623204
755.1,0.379494,0.623642,-1.6421,0.639756
755.2,0.405858,0.689556,-1.71635,0.655268
755.3,0.436355,0.763268,-1.7858,0.669738
755.4,0.471381,0.845733,-1.84932,0.683144
755.5,0.511385,0.937957,-1.90555,0.695437
755.6,0.556872,1.04097,-1.95276,0.706541
755.7,0.608396,1.15577,-1.98883,0.716348
755.8,0.666548,1.28324,-2.01117,0.72471
755.9,0.731937,1.42404,-2.01661,0.731432
756,0.805161,1.57844,-2.00132,0.736265
756.1,0.886756,1.74606,-1.9608,0.73889
756.2,0.977126,1.92554,-1.8898,0.73891
756.3,1.07645,2.11419,-1.78246,0.735829
756.4,1.18454,2.30739,-1.63253,0.729044
756.5,1.30067,2.49815,-1.43385,0.717824
756.6,1.4234,2.67656,-1.18117,0.701297
756.7,1.55032,2.82951,-0.871325,0.678434
756.8,1.67784,2.94093,-0.504794,0.678434
756.9,1.80109,2.99269,-0.0874986,0.678434
757,1.91391,2.96668,0.367633,0.678434
757.1,2.00913,2.84783,0.839933,0.678434
757.2,2.07911,2.62796,1.30187,0.678434
757.3,2.11667,2.30918,1.72203,0.678434
757.4,2.11606,1.90576,2.07006,0.678434
757.5,2.07401,1.44314,2.32237,0.678434
757.6,1.99038,0.953938,2.46685,0.678434
757.7,1.86826,0.472001,2.50473,0.678434
757.8,1.71345,0.0264816,2.44928,0.678434
757.9,1.5336,-0.362231,2.32171,0.678434
758,1.33708,-0.683837,2.14629,0.678434
758.1,1.13199,-0.937012,1.94595,0.678434
758.2,0.925444,-1.1269,1.73962,0.678434
758.3,0.723197,-1.26227,1.54111,0.678434
758.4,0.529545,-1.35317,1.35925,0.678434
758.5,0.347426,-1.40928,1.1988,0.678434
758.6,0.178636,-1.43902,1.0615,0.678434
758.7,0.0240708,-1.4492,0.947036,0.678434
758.8,-0.116026,-1.44507,0.853863,0.678434
758.9,-0.241866,-1.43046,0.779758,0.678434
759,-0.353947,-1.4081,0.722194,0.678434
759.1,-0.452938,-1.37985,0.678575,-0.0297898
759.2,-0.539587,-1.34697,0.646365,0.039073
759.3,-0.614675,-1.31033,0.623163,0.0804589
759.4,-0.678973,-1.27054,0.606738,0.105402
759.5,-0.733234,-1.22809,0.595048,0.105402
759.6,-0.778181,-1.18343,0.586254,0.105402
759.7,-0.814512,-1.13701,0.578724,0.105402
759.8,-0.842903,-1.08932,0.571039,0.105402
759.9,-0.864015,-1.04093,0.561999,0.105402
760,-0.878502,-0.992413,0.550624,0.105402
760.1,-0.887013,-0.944396,0.536147,0.105402
760.2,-0.890194,-0.897509,0.518009,0.105402
760.3,-0.888691,-0.852371,0.495847,0.105402
760.4,-0.883143,-0.809564,0.469473,0.105402
760.5,-0.874184,-0.769614,0.438852,0.105402
760.6,-0.862432,-0.732976,0.404081,0.105402
760.7,-0.848489,-0.700027,0.365362,0.105402
760.8,-0.832927,-0.671058,0.322979,0.100211
760.9,-0.81629,-0.646279,0.277272,0.108409
761,-0.799088,-0.625823,0.228621,0.11957
761.1,-0.781787,-0.609753,0.177426,0.133539
761.2,-0.764816,-0.598075,0.124097,0.150044
761.3,-0.74856,-0.590751,0.0690449,0.1687
761.4,-0.733362,-0.58771,0.0126728,0.189065
761.5,-0.719524,-0.588859,-0.0446242,0.210668
761.6,-0.707311,-0.594097,-0.10246,0.233047
761.7,-0.696952,-0.60332,-0.160457,0.255778
761.8,-0.688646,-0.616433,-0.218238,0.278498
761.9,-0.682562,-0.633353,-0.27543,0.300904
762,-0.67885,-0.654014,-0.331649,0.322755
762.1,-0.677635,-0.678368,-0.3865,0.343868
762.2,-0.679031,-0.706389,-0.439569,0.364101
762.3,-0.683138,-0.738064,-0.490416,0.383352
762.4,-0.690045,-0.773395,-0.538565,0.401539
762.5,-0.699834,-0.812394,-0.583501,0.418602
762.6,-0.712581,-0.855068,-0.62466,0.43449
762.7,-0.728353,-0.901414,-0.661424,0.449154
762.8,-0.747212,-0.951402,-0.693114,0.462547
762.9,-0.769206,-1.00496,-0.718985,0.474614
763,-0.794371,-1.06195,-0.738228,0.485295
763.1,-0.822723,-1.12215,-0.749966,0.494518
763.2,-0.854247,-1.18522,-0.753263,0.502198
763.3,-0.888893,-1.25066,-0.747139,0.508235
763.4,-0.926556,-1.31778,-0.730587,0.512512
763.5,-0.967069,-1.3857,-0.702613,0.514896
763.6,-1.01018,-1.45324,-0.662276,0.515234
763.7,-1.05555,-1.51897,-0.608759,0.513354
763.8,-1.10269,-1.58112,-0.541444,0.509068
763.9,-1.15101,-1.63764,-0.460016,0.502169
764,-1.19974,-1.6862,-0.364568,0.492437
764.1,-1.24797,-1.72425,-0.255724,0.479642
764.2,-1.29461,-1.74914,-0.134745,0.479642
764.3,-1.33844,-1.7583,-0.0036229,0.479642
764.4,-1.37812,-1.74941,0.134884,0.479642
764.5,-1.41222,-1.72063,0.27727,0.479642
764.6,-1.43933,-1.67088,0.419396,0.479642
764.7,-1.4581,-1.60003,0.55669,0.479642
764.8,-1.46736,-1.50905,0.684436,0.479642
764.9,-1.46619,-1.40006,0.798121,0.479642
765,-1.45401,-1.27623,0.893798,0.479642
765.1,-1.43065,-1.1416,0.968405,0.479642
765.2,-1.39635,-1.00071,1.01999,0.479642
765.3,-1.35181,-0.8583,1.04784,0.479642
765.4,-1.29806,-0.718844,1.05238,0.479642
765.5,-1.23646,-0.586285,1.03509,0.479642
765.6,-1.16857,-0.46378,0.998207,0.479642
765.7,-1.09607,-0.353587,0.944438,0.479642
765.8,-1.02063,-0.257049,0.876693,0.479642
765.9,-0.943867,-0.174674,0.797834,0.479642
766,-0.867251,-0.106275,0.710494,0.479642
766.1,-0.792066,-0.0511249,0.616968,0.479642
766.2,-0.719385,-0.00812785,0.51916,0.479642
766.3,-0.650063,0.0240325,0.418577,0.479642
766.4,-0.584746,0.0467688,0.31636,-0.355152
766.5,-0.523879,0.0614939,0.213335,-0.256043
766.6,-0.467736,0.0695531,0.110068,-0.141214
766.7,-0.41644,0.0721799,0.00692103,-0.0337256
766.8,-0.369994,0.0704709,-0.095894,0.058228
766.9,-0.328301,0.0653754,-0.198273,0.135311
767,-0.291192,0.0576953,-0.300185,0.200351
767.1,-0.258443,0.0480906,-0.401643,0.25603
767.2,-0.229795,0.0370907,-0.502686,0.304455
767.3,-0.204971,0.025106,-0.603365,0.347199
767.4,-0.183684,0.0124416,-0.703733,0.385433
767.5,-0.165653,-0.00069041,-0.803838,0.420031
767.6,-0.150604,-0.0141585,-0.903723,0.451652
767.7,-0.138282,-0.0279014,-1.00342,0.480799
767.8,-0.128453,-0.0419187,-1.10296,0.507862
767.9,-0.12091,-0.056263,-1.20235,0.533145
768,-0.115468,-0.0710345,-1.3016,0.556888
768.1,-0.111977,-0.0863762,-1.40071,0.579285
768.2,-0.110312,-0.102472,-1.49966,0.600491
768.3,-0.110383,-0.119543,-1.59844,0.620635
768.4,-0.11213,-0.137854,-1.69701,0.639822
768.5,-0.115525,-0.157709,-1.79533,0.65814
768.6,-0.120575,-0.17946,-1.89334,0.675663
768.7,-0.127322,-0.203511,-1.99097,0.692453
768.8,-0.135845,-0.230325,-2.08812,0.70856
768.9,-0.146264,-0.260434,-2.18467,0.724028
769,-0.158741,-0.294452,-2.28044,0.738892
769.1,-0.173485,-0.333087,-2.37524,0.753177
769.2,-0.190758,-0.377158,-2.46878,0.766904
769.3,-0.210883,-0.427615,-2.56071,0.780083
769.4,-0.234246,-0.485554,-2.65057,0.792716
769.5,-0.261312,-0.552246,-2.73773,0.804794
769.6,-0.292631,-0.629158,-2.8214,0.816296
769.7,-0.328851,-0.717971,-2.90051,0.827183
769.8,-0.370728,-0.820604,-2.97364,0.837399
769.9,-0.419141,-0.939213,-3.03895,0.846862
770,-0.475102,-1.07618,-3.09397,0.855455
770.1,-0.539764,-1.23408,-3.13546,0.86302
770.2,-0.614418,-1.41554,-3.15913,0.869341
770.3,-0.700478,-1.62307,-3.15939,0.874129
770.4,-0.799444,-1.85871,-3.12902,0.877
770.5,-0.912823,-2.12345,-3.05876,0.877445
770.6,-1.04199,-2.4164,-2.93711,0.874798
770.7,-1.18796,-2.73351,-2.75019,0.868192
770.8,-1.35104,-3.06584,-2.48212,0.856515
770.9,-1.53036,-3.39752,-2.11632,0.838356
771,-1.72318,-3.70355,-1.63801,0.811949
771.1,-1.92413,-3.94842,-1.03876,0.811949
771.2,-2.12451,-4.08691,-0.322807,0.811949
771.3,-2.31182,-4.0689,0.485759,0.811949
771.4,-2.47016,-3.8497,1.33774,0.811949
771.5,-2.58173,-3.40484,2.16005,0.811949
771.6,-2.62968,-2.74468,2.86708,0.811949
771.7,-2.60176,-1.92059,3.38174,0.811949
771.8,-2.49346,-1.01647,3.65835,0.811949
771.9,-2.3094,-0.126791,3.69614,0.811949
772,-2.06223,0.668674,3.53615,0.811949
772.1,-1.76953,1.32147,3.24431,0.811949
772.2,-1.45018,1.81708,2.89069,0.811949
772.3,-1.12128,2.16662,2.53407,0.811949
772.4,-0.796513,2.39458,2.21532,0.811949
772.5,-0.485726,2.52835,1.95779,0.811949
772.6,-0.195354,2.59174,1.77108,0.811949
772.7,0.0707487,2.60227,1.65545,0.811949
772.8,0.310445,2.57102,1.60534,0.811949
772.9,0.522588,2.50382,1.61162,0.811949
773,0.706511,2.40293,1.66299,0.811949
773.1,0.861725,2.2689,1.74676,0.811949
773.2,0.987825,2.10216,1.84948,0.811949
773.3,1.08453,1.90435,1.95764,0.811949
773.4,1.15185,1.67914,2.05853,0.811949
773.5,1.19024,1.43249,2.14119,0.811949
773.6,1.20078,1.17236,2.19726,0.811949
773.7,1.18528,0.907985,2.2216,0.811949
773.8,1.14628,0.648793,2.21247,0.811949
773.9,1.08693,0.403404,2.17126,0.811949
774,1.01083,0.178776,2.10176,0.811949
774.1,0.921802,-0.0202737,2.00935,0.811949
774.2,0.823657,-0.191175,1.90005,0.811949
774.3,0.719978,-0.333398,1.77974,0.811949
774.4,0.613979,-0.44804,1.65363,0.811949
774.5,0.508404,-0.537348,1.52595,0.811949
774.6,0.405487,-0.604248,1.39987,0.811949
774.7,0.30695,-0.651965,1.27751,0.811949
774.8,0.214047,-0.683732,1.16014,0.811949
774.9,0.127608,-0.702606,1.04833,0.811949
775,0.0481094,-0.711358,0.942161,0.811949
775.1,-0.0242672,-0.712428,0.841355,0.811949
775.2,-0.089573,-0.70792,0.745438,0.811949
775.3,-0.148039,-0.699618,0.653837,0.811949
775.4,-0.200028,-0.689015,0.565955,0.811949
775.5,-0.246001,-0.677351,0.48122,-0.36877
775.6,-0.28648,-0.665645,0.399123,-0.199563
775.7,-0.322025,-0.654732,0.319228,-0.0900956
775.8,-0.353216,-0.645287,0.241189,-0.00989994
775.9,-0.380633,-0.637856,0.164739,0.05342
776,-0.404849,-0.632876,0.0896987,0.105966
776.1,-0.42642,-0.630697,0.0159598,0.151124
776.2,-0.445878,-0.631598,-0.0565145,0.190928
776.3,-0.463728,-0.635804,-0.127699,0.226662
776.4,-0.480447,-0.643497,-0.19751,0.259173
776.5,-0.496482,-0.654829,-0.265812,0.289029
776.6,-0.512251,-0.669932,-0.332417,0.316627
776.7,-0.528143,-0.688923,-0.39709,0.342241
776.8,-0.544524,-0.711912,-0.459543,0.36607
776.9,-0.56173,-0.739004,-0.519437,0.388253
777,-0.58008,-0.770302,-0.576377,0.40889
777.1,-0.59987,-0.805905,-0.629907,0.428049
777.2,-0.621377,-0.845903,-0.679503,0.445774
777.3,-0.644859,-0.890372,-0.72457,0.462086
777.4,-0.670556,-0.939363,-0.764431,0.476989
777.5,-0.69869,-0.992886,-0.798322,0.490468
777.6,-0.729457,-1.05089,-0.825386,0.502488
777.7,-0.763028,-1.11324,-0.844673,0.512998
777.8,-0.799538,-1.17968,-0.855135,0.521927
777.9,-0.839079,-1.24982,-0.855641,0.529183
778,-0.881687,-1.32304,-0.844985,0.534648
778.1,-0.927323,-1.39849,-0.821922,0.538189
778.2,-0.97586,-1.47504,-0.785206,0.539642
778.3,-1.02706,-1.55118,-0.733663,0.53882
778.4,-1.08053,-1.62505,-0.666273,0.53551
778.5,-1.13575,-1.69433,-0.58229,0.529473
778.6,-1.19197,-1.75635,-0.481378,0.520449
778.7,-1.24828,-1.80802,-0.363777,0.508156
778.8,-1.3035,-1.84603,-0.230462,0.492304
778.9,-1.35629,-1.86697,-0.0832995,0.492304
779,-1.40509,-1.8676,0.0748418,0.492304
779.1,-1.44821,-1.84512,0.240062,0.492304
779.2,-1.48389,-1.79758,0.407508,0.492304
779.3,-1.51039,-1.72413,0.571586,0.492304
779.4,-1.52615,-1.62536,0.726316,0.492304
779.5,-1.52986,-1.50341,0.86579,0.492304
779.6,-1.52064,-1.3619,0.984695,0.492304
779.7,-1.49807,-1.20574,1.07879,0.492304
779.8,-1.46231,-1.04069,1.14529,0.492304
779.9,-1.41407,-0.872812,1.18305,0.492304
780,-1.35454,-0.707967,1.19255,0.492304
780.1,-1.28535,-0.551298,1.17568,0.492304
780.2,-1.2084,-0.406901,1.13539,0.492304
780.3,-1.12575,-0.277642,1.07528,0.492304
780.4,-1.03946,-0.165146,0.99918,0.492304
780.5,-0.951515,-0.0699198,0.910808,0.492304
780.6,-0.863699,0.00845146,0.813531,0.492304
780.7,-0.777555,0.0710646,0.710211,0.492304
780.8,-0.694351,0.119465,0.603154,0.492304
780.9,-0.615074,0.155445,0.494121,0.492304
781,-0.540443,0.180874,0.384382,0.492304
781.1,-0.47093,0.197588,0.274798,-0.65179
781.2,-0.406794,0.207303,0.165905,-0.370736
781.3,-0.34811,0.211573,0.0579965,-0.156068
781.4,-0.294813,0.211765,-0.0488076,-0.0135622
781.5,-0.246718,0.209057,-0.154502,0.0892975
781.6,-0.203557,0.204444,-0.259153,0.168719
781.7,-0.165,0.198757,-0.362864,0.233001
781.8,-0.130677,0.192674,-0.465752,0.286849
781.9,-0.100196,0.186749,-0.567938,0.333158
782,-0.0731535,0.181425,-0.669529,0.373818
782.1,-0.0491472,0.177059,-0.770621,0.410116
782.2,-0.0277828,0.173936,-0.871293,0.442963
782.3,-0.00867897,0.172288,-0.971605,0.473017
782.4,0.00852936,0.172309,-1.0716,0.500766
782.5,0.0241898,0.174169,-1.17132,0.526581
782.6,0.0386324,0.178028,-1.27076,0.550744
782.7,0.0521708,0.184042,-1.36994,0.573478
782.8,0.0651043,0.192381,-1.46884,0.594957
782.9,0.0777206,0.203235,-1.56742,0.615323
783,0.0902996,0.216825,-1.66566,0.63469
783.1,0.103118,0.233412,-1.76349,0.653152
783.2,0.116451,0.253308,-1.86082,0.670785
783.3,0.130585,0.276887,-1.95754,0.687653
783.4,0.145813,0.304595,-2.05353,0.703807
783.5,0.16245,0.336966,-2.14859,0.719288
783.6,0.180834,0.374632,-2.24249,0.734129
783.7,0.20134,0.41834,-2.33493,0.748351
783.8,0.224381,0.468972,-2.4255,0.761968
783.9,0.250423,0.527558,-2.51369,0.77498
784,0.279995,0.5953,-2.59882,0.787379
784.1,0.313698,0.673586,-2.68002,0.79914
784.2,0.352217,0.764008,-2.75612,0.810222
784.3,0.396334,0.868373,-2.82562,0.820561
784.4,0.44694,0.98869,-2.88654,0.830068
784.5,0.505039,1.12715,-2.93626,0.838615
784.6,0.571756,1.28605,-2.9714,0.846033
784.7,0.648327,1.46767,-2.98753,0.852089
784.8,0.736077,1.67403,-2.97895,0.856479
784.9,0.836371,1.90652,-2.93837,0.858797
785,0.950524,2.16532,-2.85666,0.858514
785.1,1.07965,2.44848,-2.72267,0.854943
785.2,1.22441,2.75077,-2.52331,0.847202
785.3,1.38471,3.06201,-2.24412,0.834171
785.4,1.55914,3.36532,-1.87077,0.814445
785.5,1.74448,3.63543,-1.39173,0.786284
785.6,1.93492,3.838,-0.802666,0.786284
785.7,2.12158,3.93128,-0.112093,0.786284
785.8,2.29228,3.87146,0.652772,0.786284
785.9,2.43212,3.62257,1.44279,0.786284
786,2.52508,3.16929,2.1899,0.786284
786.1,2.5567,2.52813,2.81873,0.786284
786.2,2.51716,1.7503,3.26516,0.786284
786.3,2.40379,0.912285,3.49469,0.786284
786.4,2.22191,0.0963891,3.51168,0.786284
786.5,1.98359,-0.629831,3.35491,0.786284
786.6,1.70493,-1.22625,3.08273,0.786284
786.7,1.40287,-1.68143,2.75598,0.786284
786.8,1.09272,-2.0054,2.42551,0.786284
786.9,0.786763,-2.21955,2.12693,0.786284
787,0.493877,-2.34788,1.88093,0.786284
787.1,0.219925,-2.41164,1.6964,0.786284
787.2,-0.0315753,-2.42692,1.57409,0.786284
787.3,-0.258703,-2.40441,1.50965,0.786284
787.4,-0.460509,-2.35022,1.49565,0.786284
787.5,-0.636547,-2.26723,1.52279,0.786284
787.6,-0.78659,-2.15656,1.58069,0.786284
787.7,-0.910507,-2.0188,1.65834,0.786284
787.8,-1.00826,-1.85514,1.74466,0.786284
787.9,-1.07997,-1.66808,1.82905,0.786284
788,-1.12609,-1.46174,1.90207,0.786284
788.1,-1.14747,-1.24184,1.95607,0.786284
788.2,-1.14552,-1.01526,1.9857,0.786284
788.3,-1.12216,-0.789375,1.98816,0.786284
788.4,-1.07985,-0.571309,1.96314,0.786284
788.5,-1.02145,-0.367241,1.91246,0.786284
788.6,-0.95007,-0.181926,1.83949,0.786284
788.7,-0.868883,-0.0184608,1.74855,0.786284
788.8,-0.780987,0.121707,1.64423,0.786284
788.9,-0.68925,0.238575,1.53093,0.786284
789,-0.596205,0.333279,1.41251,0.786284
789.1,-0.504,0.407745,1.29211,0.786284
789.2,-0.414365,0.464371,1.17207,0.786284
789.3,-0.32863,0.505757,1.05406,0.786284
789.4,-0.247747,0.534503,0.939083,0.786284
789.5,-0.172336,0.553079,0.827683,0.786284
789.6,-0.102733,0.563742,0.720029,0.786284
789.7,-0.0390403,0.568498,0.616043,0.786284
789.8,0.01883,0.569091,0.515496,0.786284
789.9,0.0711096,0.567014,0.418076,0.786284
790,0.118139,0.56353,0.323448,-0.38947
790.1,0.160337,0.559692,0.231287,-0.15396
790.2,0.198173,0.556378,0.141307,-0.027956
790.3,0.232148,0.55431,0.0532694,0.0593549
790.4,0.262779,0.554084,-0.0330064,0.126541
790.5,0.290582,0.556193,-0.11764,0.181392
790.6,0.316069,0.561045,-0.200693,0.227923
790.7,0.33974,0.568985,-0.282166,0.268461
790.8,0.362076,0.58031,-0.362004,0.304462
790.9,0.383538,0.595284,-0.440096,0.336884
791,0.404569,0.614148,-0.516276,0.36638
791.1,0.425591,0.637134,-0.590318,0.393409
791.2,0.447009,0.664471,-0.661938,0.418299
791.3,0.46921,0.69639,-0.730785,0.441286
791.4,0.492567,0.733129,-0.796433,0.462542
791.5,0.517441,0.774932,-0.858378,0.482185
791.6,0.54418,0.822043,-0.916021,0.500299
791.7,0.573125,0.874707,-0.968657,0.51693
791.8,0.604605,0.933146,-1.01546,0.532099
791.9,0.638937,0.997552,-1.05548,0.545798
792,0.676426,1.06805,-1.08759,0.557995
792.1,0.717352,1.14468,-1.11053,0.568629
792.2,0.761968,1.22731,-1.12285,0.577613
792.3,0.810481,1.31565,-1.12293,0.584829
792.4,0.863037,1.40908,-1.10897,0.590128
792.5,0.919693,1.50667,-1.07905,0.593326
792.6,0.98039,1.607,-1.03116,0.594199
792.7,1.04491,1.7081,-0.963297,0.592484
792.8,1.11285,1.80732,-0.873619,0.587876
792.9,1.18354,1.90129,-0.760621,0.580024
793,1.25603,1.98585,-0.623397,0.568534
793.1,1.32901,2.05616,-0.461948,0.552969
793.2,1.40084,2.10677,-0.27752,0.552969
793.3,1.46946,2.13202,-0.0729276,0.552969
793.4,1.53251,2.12649,0.147206,0.552969
793.5,1.58735,2.08559,0.376367,0.552969
793.6,1.63124,2.00633,0.60633,0.552969
793.7,1.66152,1.88796,0.827646,0.552969
793.8,1.67582,1.73245,1.03044,0.552969
793.9,1.67236,1.54469,1.20541,0.552969
794,1.65009,1.33214,1.34491,0.552969
794.1,1.60889,1.10418,1.44382,0.552969
794.2,1.54958,0.870976,1.50004,0.552969
794.3,1.47387,0.642423,1.51456,0.552969
794.4,1.3842,0.427072,1.49099,0.552969
794.5,1.28347,0.231453,1.43485,0.552969
794.6,1.17485,0.0597573,1.35265,0.552969
794.7,1.06148,-0.0860943,1.25107,0.552969
794.8,0.946263,-0.206127,1.13631,0.552969
794.9,0.831785,-0.301837,1.01365,0.552969
795,0.720172,-0.375693,0.887313,0.552969
795.1,0.613089,-0.430687,0.760406,0.552969
795.2,0.511748,-0.469988,0.635068,0.552969
795.3,0.416944,-0.496686,0.51263,0.552969
795.4,0.329114,-0.513641,0.393803,0.552969
795.5,0.248395,-0.5234,0.278853,0.552969
795.6,0.174687,-0.528173,0.167756,0.552969
795.7,0.107702,-0.529832,0.0603143,-0.158673
795.8,0.0470206,-0.529947,-0.0437588,0.0187279
795.9,-0.00787603,-0.529812,-0.144772,0.123307
796,-0.0575677,-0.530496,-0.243015,0.198318
796.1,-0.102671,-0.532874,-0.338737,0.256876
796.2,-0.143821,-0.537671,-0.432125,0.30495
796.3,-0.181653,-0.545489,-0.5233,0.345795
796.4,-0.216796,-0.556841,-0.612311,0.381369
796.5,-0.249864,-0.572179,-0.699135,0.412934
796.6,-0.281454,-0.59191,-0.783672,0.441333
796.7,-0.312144,-0.616419,-0.865743,0.467147
796.8,-0.342493,-0.646083,-0.945088,0.490786
796.9,-0.37304,-0.681285,-1.02135,0.512536
797,-0.404315,-0.722419,-1.09409,0.5326
797.1,-0.436831,-0.769897,-1.16273,0.551118
797.2,-0.471096,-0.824148,-1.22657,0.568177
797.3,-0.507607,-0.88561,-1.28477,0.583826
797.4,-0.54686,-0.954722,-1.33629,0.598078
797.5,-0.589341,-1.03189,-1.3799,0.61091
797.6,-0.635527,-1.11747,-1.41413,0.62227
797.7,-0.685878,-1.21169,-1.43723,0.632069
797.8,-0.740826,-1.3146,-1.44718,0.640183
797.9,-0.80075,-1.42598,-1.44162,0.646446
798,-0.865956,-1.54518,-1.41787,0.65065
798.1,-0.936635,-1.67103,-1.37297,0.652534
798.2,-1.01281,-1.80159,-1.30376,0.651775
798.3,-1.09428,-1.93399,-1.20697,0.647998
798.4,-1.18052,-2.06419,-1.07953,0.640752
798.5,-1.27063,-2.18685,-0.918885,0.629513
798.6,-1.36321,-2.29522,-0.723506,0.613683
798.7,-1.45627,-2.38122,-0.493484,0.592585
798.8,-1.54722,-2.43583,-0.231218,0.592585
798.9,-1.63281,-2.44971,0.0579422,0.592585
799,-1.70926,-2.41431,0.365283,0.592585
799.1,-1.77241,-2.32319,0.678741,0.592585
799.2,-1.81804,-2.17348,0.983554,0.592585
799.3,-1.84231,-1.96707,1.26363,0.592585
799.4,-1.84215,-1.71116,1.50351,0.592585
799.5,-1.81574,-1.41788,1.69053,0.592585
799.6,-1.76274,-1.10285,1.81665,0.592585
799.7,-1.68445,-0.783082,1.87953,0.592585
799.8,-1.5836,-0.47463,1.8824,0.592585
799.9,-1.4641,-0.190636,1.83304,0.592585
800,-1.3305,0.0598299,1.74203,0.592585
800.1,-1.18762,0.272038,1.62097,0.592585
800.2,-1.04004,0.44512,1.48088,0.592585
800.3,-0.891845,0.58115,1.3312,0.592585
800.4,-0.746447,0.684108,1.17932,0.592585
800.5,-0.606489,0.758937,1.03049,0.592585
800.6,-0.47388,0.810815,0.888114,0.592585
800.7,-0.349863,0.84468,0.754065,0.592585
800.8,-0.235115,0.864951,0.629121,0.592585
800.9,-0.129859,0.875418,0.513307,0.592585
801,-0.0339682,0.879228,0.406187,0.592585
801.1,0.0529435,0.878936,0.307085,-0.455809
801.2,0.131442,0.876577,0.215236,-0.0999718
801.3,0.202213,0.873746,0.129888,0.0368324
801.4,0.266008,0.871684,0.0503632,0.122097
801.5,0.323612,0.871342,-0.023907,0.183037
801.6,0.375815,0.873438,-0.093369,0.229861
801.7,0.42339,0.878512,-0.158342,0.267566
801.8,0.467081,0.886957,-0.219024,0.298959
801.9,0.507593,0.899048,-0.275495,0.325748
802,0.545584,0.914972,-0.327728,0.349026
802.1,0.581665,0.934833,-0.375598,0.369509
802.2,0.616395,0.958668,-0.41889,0.387675
802.3,0.65028,0.986454,-0.457302,0.403844
802.4,0.683772,1.0181,-0.490458,0.418219
802.5,0.71727,1.05346,-0.517912,0.430931
802.6,0.751116,1.09231,-0.539155,0.442049
802.7,0.785594,1.13434,-0.553626,0.451599
802.8,0.820929,1.17915,-0.560722,0.459574
802.9,0.857279,1.22621,-0.559815,0.46594
803,0.894732,1.27489,-0.550272,0.470636
803.1,0.933301,1.32439,-0.531482,0.473585
803.2,0.972911,1.37375,-0.502891,0.474691
803.3,1.0134,1.42183,-0.464045,0.473842
803.4,1.05449,1.46733,-0.414645,0.470913
803.5,1.09582,1.50876,-0.354599,0.465773
803.6,1.1369,1.54448,-0.284093,0.45828
803.7,1.17712,1.57277,-0.203653,0.448284
803.8,1.21577,1.59184,-0.114207,0.43565
803.9,1.25205,1.59998,-0.0171248,0.43565
804,1.28505,1.59565,0.0857543,0.43565
804.1,1.31385,1.57759,0.19214,0.43565
804.2,1.33749,1.54497,0.299344,0.43565
804.3,1.35505,1.49753,0.404387,0.43565
804.4,1.36573,1.43561,0.504141,0.43565
804.5,1.36884,1.36029,0.595514,0.43565
804.6,1.3639,1.27326,0.675648,0.43565
804.7,1.35067,1.17684,0.742109,0.43565
804.8,1.32918,1.07376,0.793044,0.43565
804.9,1.29973,0.967039,0.827287,0.43565
805,1.26287,0.859716,0.844395,0.43565
805.1,1.2194,0.754686,0.844621,0.43565
805.2,1.17028,0.654516,0.828821,0.43565
805.3,1.11663,0.561314,0.79832,0.43565
805.4,1.05962,0.476668,0.754762,0.43565
805.5,1.00043,0.401623,0.699952,0.43565
805.6,0.940227,0.336717,0.635725,0.43565
805.7,0.88007,0.282044,0.563832,0.43565
805.8,0.82092,0.237335,0.485868,0.43565
805.9,0.763606,0.202057,0.403227,0.43565
806,0.708817,0.175493,0.317081,-0.129004
806.1,0.657102,0.156824,0.22839,-0.0872572
806.2,0.608879,0.145192,0.137914,-0.0349596
806.3,0.564444,0.139754,0.0462416,0.0228606
806.4,0.523988,0.139719,-0.0461812,0.0815311
806.5,0.487611,0.14437,-0.139021,0.137899
806.6,0.455339,0.153086,-0.232031,0.190392
806.7,0.427142,0.165345,-0.325027,0.238529
806.8,0.40295,0.180731,-0.417864,0.282416
806.9,0.382662,0.198934,-0.510425,0.322418
807,0.366165,0.219742,-0.602604,0.358973
807.1,0.353338,0.243042,-0.694297,0.392512
807.2,0.344069,0.268814,-0.785389,0.423419
807.3,0.338256,0.297124,-0.875752,0.452026
807.4,0.33582,0.328124,-0.965233,0.47861
807.5,0.336704,0.362043,-1.05365,0.5034
807.6,0.340885,0.399193,-1.14077,0.526582
807.7,0.348376,0.439959,-1.22633,0.548306
807.8,0.359226,0.484805,-1.30999,0.568691
807.9,0.37353,0.534268,-1.39135,0.587829
808,0.391428,0.588964,-1.4699,0.605787
808.1,0.413109,0.649582,-1.54501,0.622608
808.2,0.438811,0.716881,-1.61595,0.638314
808.3,0.468829,0.791685,-1.68175,0.652906
808.4,0.503507,0.87487,-1.74129,0.666359
808.5,0.543242,0.967337,-1.79313,0.678625
808.6,0.588482,1.06998,-1.83555,0.689624
808.7,0.63971,1.18363,-1.86642,0.699246
808.8,0.697439,1.30897,-1.88317,0.707338
808.9,0.762185,1.44639,-1.88271,0.713702
809,0.834432,1.59585,-1.86137,0.718087
809.1,0.914584,1.75664,-1.81486,0.720171
809.2,1.00289,1.92705,-1.73834,0.719561
809.3,1.09936,2.10403,-1.62652,0.71577
809.4,1.20363,2.28272,-1.47392,0.708208
809.5,1.31478,2.45607,-1.27542,0.696172
809.6,1.43121,2.61444,-1.02703,0.678828
809.7,1.55042,2.74552,-0.726968,0.655211
809.8,1.66886,2.83468,-0.377039,0.655211
809.9,1.78184,2.86601,0.015915,0.655211
810,1.88363,2.82428,0.438881,0.655211
810.1,1.96772,2.69759,0.872375,0.655211
810.2,2.02739,2.48054,1.29155,0.655211
810.3,2.05647,2.17683,1.66901,0.655211
810.4,2.05021,1.8004,1.97905,0.655211
810.5,2.00611,1.37421,2.20226,0.655211
810.6,1.92438,0.926742,2.32911,0.655211
810.7,1.808,0.48707,2.36132,0.655211
810.8,1.66227,0.0801064,2.31046,0.655211
810.9,1.49401,-0.276618,2.1947,0.655211
811,1.31064,-0.574012,2.03475,0.655211
811.1,1.11937,-0.810559,1.85039,0.655211
811.2,0.926595,-0.990314,1.65812,0.655211
811.3,0.737515,-1.12062,1.47024,0.655211
811.4,0.556073,-1.21012,1.29489,0.655211
811.5,0.385004,-1.26736,1.13669,0.655211
811.6,0.226015,-1.29999,0.9976,0.655211
811.7,0.0799786,-1.31435,0.877743,0.655211
811.8,-0.0528528,-1.31549,0.776104,0.655211
811.9,-0.172672,-1.30724,0.69103,0.655211
812,-0.279967,-1.29242,0.620577,-0.212228
812.1,-0.375408,-1.27306,0.562728,-0.0544475
812.2,-0.459763,-1.25056,0.515525,0.0325893
812.3,-0.533839,-1.22592,0.477135,0.0869419
812.4,-0.598446,-1.19981,0.445884,0.122675
812.5,-0.654367,-1.17269,0.420265,0.14709
812.6,-0.702352,-1.1449,0.398938,0.163618
812.7,-0.743105,-1.11673,0.380722,0.174796
812.8,-0.77729,-1.08839,0.364588,0.182223
812.9,-0.805527,-1.06012,0.349649,0.187029
813,-0.828398,-1.03214,0.33515,0.190045
813.1,-0.846453,-1.00467,0.320464,0.191915
813.2,-0.860211,-0.97797,0.305081,0.19315
813.3,-0.870165,-0.952271,0.2886,0.19415
813.4,-0.876785,-0.927826,0.270724,0.195259
813.5,-0.880519,-0.904877,0.251247,0.196752
813.6,-0.881796,-0.883655,0.230049,0.19886
813.7,-0.881024,-0.864374,0.207084,0.201747
813.8,-0.878592,-0.847226,0.182373,0.210978
813.9,-0.87487,-0.832379,0.155992,0.210334
814,-0.870207,-0.819973,0.128066,0.216173
814.1,-0.864929,-0.810123,0.0987622,0.223037
814.2,-0.859344,-0.802913,0.0682773,0.230895
814.3,-0.853734,-0.798404,0.0368368,0.239675
814.4,-0.848361,-0.796632,0.0046876,0.249275
814.5,-0.843464,-0.79761,-0.0279063,0.259569
814.6,-0.839259,-0.801335,-0.0606664,0.270426
814.7,-0.83594,-0.807783,-0.0933022,0.281693
814.8,-0.833682,-0.816919,-0.125513,0.293222
814.9,-0.832635,-0.828692,-0.156987,0.304864
815,-0.832934,-0.843039,-0.187405,0.31648
815.1,-0.834691,-0.859884,-0.216436,0.327932
815.2,-0.838001,-0.879138,-0.243743,0.339096
815.3,-0.842941,-0.900697,-0.268975,0.349857
815.4,-0.849569,-0.92444,-0.291775,0.360108
815.5,-0.857925,-0.950222,-0.311776,0.36975
815.6,-0.868032,-0.977875,-0.328606,0.378692
815.7,-0.879891,-1.0072,-0.341885,0.386848
815.8,-0.893483,-1.03795,-0.351235,0.394139
815.9,-0.908767,-1.06986,-0.356283,0.400485
816,-0.925675,-1.10259,-0.356666,0.40581
816.1,-0.944114,-1.13575,-0.352046,0.410041
816.2,-0.963956,-1.1689,-0.342115,0.413102
816.3,-0.985044,-1.20153,-0.326615,0.414915
816.4,-1.00718,-1.23305,-0.305351,0.415418
816.5,-1.03013,-1.26281,-0.278214,0.414533
816.6,-1.05362,-1.29012,-0.245196,0.412185
816.7,-1.07732,-1.31422,-0.206418,0.408309
816.8,-1.10087,-1.33433,-0.162144,0.402841
816.9,-1.12387,-1.34966,-0.112805,0.395728
817,-1.14588,-1.35944,-0.0590091,0.386923
817.1,-1.16642,-1.36296,-0.00155057,0.3764
817.2,-1.18502,-1.35962,0.0585935,0.3764
817.3,-1.20118,-1.34895,0.120277,0.3764
817.4,-1.21442,-1.33067,0.182209,0.3764
817.5,-1.22429,-1.30471,0.242996,0.3764
817.6,-1.23038,-1.27127,0.301191,0.3764
817.7,-1.23237,-1.23079,0.355352,0.3764
817.8,-1.23,-1.18396,0.404108,0.3764
817.9,-1.22313,-1.13172,0.446221,0.3764
818,-1.21172,-1.07521,0.480644,0.3764
818.1,-1.19587,-1.01568,0.506564,0.3764
818.2,-1.17577,-0.954509,0.523433,0.3764
818.3,-1.15174,-0.893049,0.530976,0.3764
818.4,-1.12419,-0.832625,0.529185,0.3764
818.5,-1.09361,-0.77445,0.518297,0.3764
818.6,-1.06055,-0.719589,0.498751,0.3764
818.7,-1.02562,-0.668923,0.471152,0.3764
818.8,-0.989416,-0.623141,0.436216,0.3764
818.9,-0.952562,-0.582735,0.39473,0.3764
819,-0.915643,-0.548014,0.347506,0.3764
819.1,-0.879214,-0.51912,0.295352,0.3764
819.2,-0.843785,-0.49606,0.23904,0.0810476
819.3,-0.809811,-0.478731,0.179297,0.0968581
819.4,-0.777692,-0.466949,0.116788,0.116981
819.5,-0.747767,-0.460481,0.0521169,0.140581
819.6,-0.720321,-0.459066,-0.0141734,0.166742
819.7,-0.695585,-0.462435,-0.0815934,0.194533
819.8,-0.673745,-0.470335,-0.1497,0.223112
819.9,-0.654945,-0.482536,-0.218086,0.251784
820,-0.639295,-0.498844,-0.286369,0.280015
820.1,-0.626879,-0.519108,-0.354183,0.307428
820.2,-0.617759,-0.543223,-0.421164,0.33377
820.3,-0.611986,-0.571133,-0.486941,0.358887
820.4,-0.609602,-0.602828,-0.551125,0.382692
820.5,-0.610645,-0.638345,-0.613298,0.405143
820.6,-0.615156,-0.677761,-0.673004,0.426226
820.7,-0.623182,-0.721188,-0.729734,0.445938
820.8,-0.634777,-0.768762,-0.782916,0.464283
820.9,-0.650002,-0.820635,-0.831907,0.481258
821,-0.668928,-0.876959,-0.875974,0.496854
821.1,-0.691635,-0.937867,-0.914288,0.511051
821.2,-0.718202,-1.00345,-0.945909,0.523812
821.3,-0.74871,-1.07373,-0.969778,0.535084
821.4,-0.783226,-1.14862,-0.984711,0.544793
821.5,-0.821798,-1.22787,-0.989396,0.552842
821.6,-0.864435,-1.31104,-0.982404,0.559113
821.7,-0.911093,-1.39742,-0.962212,0.563456
821.8,-0.961644,-1.48596,-0.927237,0.565698
821.9,-1.01586,-1.5752,-0.875903,0.565629
822,-1.07336,-1.66319,-0.806739,0.56301
822.1,-1.13361,-1.74746,-0.718504,0.557566
822.2,-1.19584,-1.82498,-0.610359,0.548979
822.3,-1.25906,-1.89216,-0.482073,0.536952
822.4,-1.32199,-1.94497,-0.334256,0.521081
822.5,-1.38309,-1.97908,-0.168588,0.521081
822.6,-1.44054,-1.9902,0.0119847,0.521081
822.7,-1.49232,-1.97444,0.203133,0.521081
822.8,-1.53623,-1.92876,0.39918,0.521081
822.9,-1.5701,-1.85152,0.593317,0.521081
823,-1.59187,-1.74283,0.778028,0.521081
823.1,-1.59978,-1.6049,0.945707,0.521081
823.2,-1.59256,-1.442,1.08938,0.521081
823.3,-1.56956,-1.26019,1.20341,0.521081
823.4,-1.53083,-1.06681,1.28409,0.521081
823.5,-1.47713,-0.869663,1.32991,0.521081
823.6,-1.40991,-0.676311,1.3416,0.521081
823.7,-1.33114,-0.493332,1.32177,0.521081
823.8,-1.24318,-0.325853,1.27445,0.521081
823.9,-1.14854,-0.17732,1.20446,0.521081
824,-1.04976,-0.0495078,1.11685,0.521081
824.1,-0.949245,0.0572785,1.01637,0.521081
824.2,-0.849118,0.143894,0.907256,0.521081
824.3,-0.751186,0.212012,0.792961,0.521081
824.4,-0.6569,0.263803,0.676171,0.521081
824.5,-0.567352,0.301662,0.55884,0.521081
824.6,-0.483298,0.32801,0.44229,0.521081
824.7,-0.405198,0.345153,0.327335,0.521081
824.8,-0.333258,0.355202,0.214411,0.521081
824.9,-0.267475,0.360026,0.103679,-0.359088
825,-0.207678,0.361247,-0.0048759,-0.0824626
825.1,-0.153573,0.360245,-0.111378,0.0532635
825.2,-0.104773,0.358178,-0.216004,0.146118
825.3,-0.0608246,0.356011,-0.318948,0.216848
825.4,-0.021237,0.354539,-0.420394,0.273993
825.5,0.0145042,0.354425,-0.520502,0.321989
825.6,0.0469216,0.356217,-0.619402,0.363442
825.7,0.0765359,0.360381,-0.717183,0.400008
825.8,0.10386,0.367322,-0.813896,0.432797
825.9,0.129393,0.377404,-0.909549,0.462578
826,0.153622,0.390973,-1.00411,0.4899
826.1,0.177018,0.40837,-1.0975,0.515164
826.2,0.200044,0.429951,-1.1896,0.538669
826.3,0.223149,0.456098,-1.28023,0.560635
826.4,0.246782,0.487237,-1.36916,0.58123
826.5,0.27139,0.523844,-1.45607,0.60058
826.6,0.297426,0.566462,-1.54058,0.618775
826.7,0.325355,0.615704,-1.62219,0.635881
826.8,0.35566,0.672264,-1.70028,0.651936
826.9,0.388849,0.736921,-1.77408,0.666956
827,0.425459,0.810534,-1.84261,0.680935
827.1,0.466061,0.894034,-1.90466,0.693842
827.2,0.511263,0.988405,-1.95872,0.70562
827.3,0.56171,1.09465,-2.0029,0.716182
827.4,0.618081,1.21372,-2.03488,0.725404
827.5,0.681072,1.34643,-2.05181,0.733119
827.6,0.751381,1.49332,-2.05021,0.73911
827.7,0.829669,1.65444,-2.02589,0.743099
827.8,0.916502,1.82908,-1.97391,0.744733
827.9,1.01228,2.01541,-1.88861,0.743569
828,1.1171,2.20998,-1.76371,0.739062
828.1,1.23065,2.40718,-1.59268,0.730547
828.2,1.35196,2.5987,-1.36931,0.71722
828.3,1.47923,2.77303,-1.08874,0.698124
828.4,1.60956,2.91531,-0.748837,0.672136
828.5,1.73876,3.0078,-0.352009,0.672136
828.6,1.86128,3.03129,0.0929675,0.672136
828.7,1.9703,2.96768,0.569499,0.672136
828.8,2.05811,2.80363,1.05297,0.672136
828.9,2.11686,2.53457,1.51255,0.672136
829,2.13959,2.16789,1.91523,0.672136
829.1,2.1213,1.72372,2.23167,0.672136
829.2,2.05993,1.23249,2.44198,0.672136
829.3,1.95682,0.729624,2.53967,0.672136
829.4,1.81649,0.248923,2.5321,0.672136
829.5,1.64595,-0.183022,2.43757,0.672136
829.6,1.4536,-0.549853,2.28041,0.672136
829.7,1.24808,-0.845542,2.08582,0.672136
829.8,1.03735,-1.07235,1.876,0.672136
829.9,0.828132,-1.23787,1.66815,0.672136
830,0.625632,-1.35217,1.47402,0.672136
830.1,0.43358,-1.42568,1.30056,0.672136
830.2,0.254392,-1.46786,1.15095,0.672136
830.3,0.0894337,-1.48658,1.02573,0.672136
830.4,-0.0607284,-1.48798,0.923778,0.672136
830.5,-0.196087,-1.47664,0.842993,0.672136
830.6,-0.317006,-1.45582,0.780778,0.672136
830.7,-0.424071,-1.42775,0.734359,0.672136
830.8,-0.517989,-1.39394,0.700958,0.0105372
830.9,-0.599516,-1.35541,0.677899,0.0105372
831,-0.66942,-1.31286,0.662666,0.0105372
831.1,-0.728451,-1.26686,0.652927,0.0105372
831.2,-0.777341,-1.2179,0.646564,0.0105372
831.3,-0.816797,-1.16652,0.641679,0.0105372
831.4,-0.847514,-1.11328,0.636613,0.0105372
831.5,-0.870178,-1.05884,0.629955,0.0105372
831.6,-0.885475,-1.00389,0.620545,0.0105372
831.7,-0.894093,-0.949196,0.607479,0.0105372
831.8,-0.896729,-0.895518,0.590099,0.0105372
831.9,-0.894085,-0.843609,0.567981,0.0105372
832,-0.886868,-0.794179,0.540913,0.0105372
832.1,-0.87578,-0.747864,0.508867,0.0105372
832.2,-0.861513,-0.705214,0.471971,0.0105372
832.3,-0.844741,-0.666673,0.430478,0.0105372
832.4,-0.82611,-0.63258,0.384732,0.0105372
832.5,-0.806233,-0.603167,0.335138,0.0684991
832.6,-0.78568,-0.57857,0.282143,0.07991
832.7,-0.764978,-0.558836,0.226207,0.0949653
832.8,-0.744602,-0.543943,0.167795,0.113341
832.9,-0.72498,-0.533814,0.10736,0.134546
833,-0.706486,-0.528333,0.0453388,0.157982
833.1,-0.689451,-0.527359,-0.0178519,0.183004
833.2,-0.674155,-0.530745,-0.081814,0.208976
833.3,-0.660843,-0.538343,-0.146166,0.235341
833.4,-0.649718,-0.550022,-0.210541,0.261624
833.5,-0.640957,-0.565668,-0.274574,0.28745
833.6,-0.634706,-0.585196,-0.337905,0.312541
833.7,-0.631094,-0.608549,-0.400163,0.336697
833.8,-0.630232,-0.635701,-0.460963,0.359782
833.9,-0.63222,-0.666658,-0.519894,0.381707
834,-0.63715,-0.701454,-0.576514,0.402415
834.1,-0.64511,-0.740146,-0.630338,0.421871
834.2,-0.656185,-0.782808,-0.680831,0.440049
834.3,-0.670463,-0.829524,-0.727395,0.456927
834.4,-0.688026,-0.88037,-0.769363,0.472482
834.5,-0.708959,-0.935406,-0.805988,0.486684
834.6,-0.733341,-0.99465,-0.836436,0.499492
834.7,-0.761242,-1.05806,-0.859779,0.510854
834.8,-0.792719,-1.12548,-0.874991,0.520701
834.9,-0.8278,-1.19666,-0.880952,0.528947
835,-0.866482,-1.27115,-0.876457,0.535484
835.1,-0.908705,-1.34829,-0.860234,0.540186
835.2,-0.954342,-1.42713,-0.830983,0.542899
835.3,-1.00317,-1.50641,-0.787424,0.543447
835.4,-1.05486,-1.5845,-0.728377,0.541627
835.5,-1.10891,-1.65932,-0.652859,0.537208
835.6,-1.16469,-1.72839,-0.560221,0.529935
835.7,-1.22133,-1.78878,-0.450294,0.519532
835.8,-1.27779,-1.83725,-0.32357,0.505701
835.9,-1.33276,-1.8703,-0.181367,0.505701
836,-1.38476,-1.88445,-0.0259776,0.505701
836.1,-1.43212,-1.8765,0.139236,0.505701
836.2,-1.47303,-1.84385,0.309854,0.505701
836.3,-1.50568,-1.78488,0.480531,0.505701
836.4,-1.52831,-1.69929,0.645278,0.505701
836.5,-1.53941,-1.58832,0.797882,0.505701
836.6,-1.53777,-1.45485,0.932425,0.505701
836.7,-1.52267,-1.30323,1.04382,0.505701
836.8,-1.49392,-1.13896,1.1283,0.505701
836.9,-1.4519,-0.968222,1.1837,0.505701
837,-1.39758,-0.797279,1.20959,0.505701
837.1,-1.33239,-0.631923,1.20719,0.505701
837.2,-1.25814,-0.477025,1.17901,0.505701
837.3,-1.17688,-0.336257,1.12848,0.505701
837.4,-1.09073,-0.211981,1.05949,0.505701
837.5,-1.00181,-0.10531,0.976016,0.505701
837.6,-0.912049,-0.0162799,0.881761,0.505701
837.7,-0.823184,0.0559155,0.779978,0.505701
837.8,-0.736665,0.112673,0.673352,0.505701
837.9,-0.653656,0.155746,0.563983,0.505701
838,-0.575031,0.187053,0.453425,0.505701
838.1,-0.5014,0.208528,0.342762,0.505701
838.2,-0.433132,0.222019,0.232693,-0.628404
838.3,-0.370394,0.229222,0.123624,-0.295876
838.4,-0.313184,0.231648,0.0157478,-0.0993487
838.5,-0.261363,0.230614,-0.0908891,0.0290865
838.6,-0.214694,0.22724,-0.196334,0.12289
838.7,-0.172862,0.222469,-0.300685,0.196198
838.8,-0.135499,0.21708,-0.404068,0.256137
838.9,-0.102209,0.21171,-0.50661,0.306769
839,-0.0725757,0.206878,-0.608434,0.35062
839.1,-0.0461786,0.203004,-0.709646,0.389347
839.2,-0.0226019,0.200426,-0.810336,0.42409
839.3,-0.00143984,0.199426,-0.910572,0.45566
839.4,0.0176991,0.200237,-1.01041,0.484644
839.5,0.03519,0.203068,-1.10987,0.511481
839.6,0.0513914,0.208112,-1.20898,0.536502
839.7,0.0666457,0.215559,-1.30773,0.559965
839.8,0.0812815,0.225613,-1.4061,0.58207
839.9,0.0956163,0.238496,-1.50404,0.602975
840,0.10996,0.254467,-1.60151,0.622807
840.1,0.12462,0.273825,-1.69842,0.64167
840.2,0.139905,0.296927,-1.79464,0.659647
840.3,0.156132,0.324194,-1.89005,0.676804
840.4,0.173631,0.356128,-1.98445,0.693196
840.5,0.192752,0.393321,-2.07759,0.708863
840.6,0.213876,0.436473,-2.16917,0.723836
840.7,0.237417,0.486403,-2.25877,0.738133
840.8,0.263835,0.54407,-2.34588,0.751762
840.9,0.293646,0.610585,-2.42981,0.764716
841,0.327428,0.687226,-2.50968,0.776975
841.1,0.365837,0.775449,-2.58437,0.788499
841.2,0.409612,0.876894,-2.65239,0.799228
841.3,0.459588,0.993369,-2.71181,0.809075
841.4,0.516697,1.12682,-2.76014,0.817916
841.5,0.581974,1.27927,-2.79414,0.825586
841.6,0.656545,1.45267,-2.80967,0.831862
841.7,0.741604,1.64869,-2.80141,0.836449
841.8,0.838363,1.86837,-2.76265,0.838961
841.9,0.947965,2.11161,-2.68508,0.8389
842,1.07135,2.37635,-2.55867,0.835617
842.1,1.20904,2.65756,-2.37179,0.828292
842.2,1.36083,2.94588,-2.11175,0.815884
842.3,1.52536,3.22612,-1.76611,0.797114
842.4,1.69964,3.47593,-1.32501,0.770387
842.5,1.87846,3.6653,-0.784802,0.770387
842.6,2.0539,3.75795,-0.152736,0.770387
842.7,2.21523,3.71568,0.548212,0.770387
842.8,2.34931,3.50639,1.27655,0.770387
842.9,2.44192,3.11454,1.9743,0.770387
843,2.47989,2.55069,2.57585,0.770387
843.1,2.4538,1.85501,3.02277,0.770387
843.2,2.36011,1.09101,3.27939,0.770387
843.3,2.20225,0.330647,3.34218,0.770387
843.4,1.98986,-0.363064,3.23839,0.770387
843.5,1.73667,-0.948461,3.01538,0.770387
843.6,1.45788,-1.40866,2.72633,0.770387
843.7,1.1678,-1.74722,2.41867,0.770387
843.8,0.878377,-1.98013,2.12783,0.770387
843.9,0.598607,-2.12806,1.87625,0.770387
844,0.334678,-2.21089,1.67531,0.770387
844.1,0.0904575,-2.24487,1.52834,0.770387
844.2,-0.131884,-2.24171,1.4334,0.770387
844.3,-0.33129,-2.20896,1.38537,0.770387
844.4,-0.507355,-2.15091,1.3772,0.770387
844.5,-0.660009,-2.06967,1.40079,0.770387
844.6,-0.789326,-1.96625,1.44744,0.770387
844.7,-0.895455,-1.84149,1.50822,0.770387
844.8,-0.978631,-1.69673,1.57438,0.770387
844.9,-1.03924,-1.53431,1.63773,0.770387
845,-1.0779,-1.35768,1.69111,0.770387
845.1,-1.09557,-1.1714,1.72879,0.770387
845.2,-1.09358,-0.98072,1.74676,0.770387
845.3,-1.07364,-0.791202,1.74288,0.770387
845.4,-1.03784,-0.608163,1.71681,0.770387
845.5,-0.988526,-0.436243,1.66973,0.770387
845.6,-0.928237,-0.279066,1.60399,0.770387
845.7,-0.859546,-0.13908,1.52263,0.770387
845.8,-0.784957,-0.017541,1.42902,0.770387
845.9,-0.706803,0.0853627,1.32645,0.770387
846,-0.627171,0.170318,1.21788,0.770387
846.1,-0.547849,0.238653,1.10583,0.770387
846.2,-0.470307,0.292114,0.992304,0.770387
846.3,-0.395697,0.332665,0.878769,0.770387
846.4,-0.324871,0.362332,0.766249,0.770387
846.5,-0.258408,0.383092,0.655386,0.770387
846.6,-0.196649,0.396794,0.546524,0.770387
846.7,-0.139737,0.405116,0.439794,0.770387
846.8,-0.0876471,0.40955,0.335178,0.770387
846.9,-0.0402275,0.411393,0.232569,0.770387
847,0.00277548,0.411764,0.131813,-0.167537
847.1,0.0416892,0.411611,0.0327417,-0.0156467
847.2,0.0768929,0.411736,-0.0648057,0.0825731
847.3,0.1088,0.412813,-0.160968,0.15622
847.4,0.137842,0.415412,-0.255853,0.215509
847.5,0.164461,0.420015,-0.349534,0.265337
847.6,0.189099,0.427038,-0.442043,0.308454
847.7,0.212193,0.436849,-0.533374,0.346554
847.8,0.234172,0.449782,-0.62348,0.380745
847.9,0.255453,0.466154,-0.712271,0.411792
848,0.276447,0.486277,-0.799611,0.440233
848.1,0.297551,0.510473,-0.885315,0.46646
848.2,0.319161,0.539079,-0.969143,0.490762
848.3,0.341664,0.572462,-1.05079,0.513355
848.4,0.36545,0.611023,-1.12989,0.534399
848.5,0.39091,0.655199,-1.20596,0.554011
848.6,0.418442,0.705475,-1.27845,0.572272
848.7,0.448455,0.762372,-1.34667,0.589235
848.8,0.481368,0.82645,-1.40977,0.604923
848.9,0.517619,0.898292,-1.46673,0.619334
849,0.557655,0.978485,-1.51632,0.63244
849.1,0.60194,1.06759,-1.55706,0.644182
849.2,0.650941,1.16608,-1.58715,0.654471
849.3,0.705119,1.27429,-1.60448,0.663184
849.4,0.764916,1.39233,-1.60654,0.670156
849.5,0.830719,1.5199,-1.59044,0.675175
849.6,0.902832,1.65618,-1.55285,0.677979
849.7,0.981413,1.79962,-1.49011,0.678241
849.8,1.06641,1.94761,-1.39829,0.675566
849.9,1.15748,2.09632,-1.27342,0.669482
850,1.25385,2.24032,-1.11189,0.659428
850.1,1.35424,2.37245,-0.910903,0.644753
850.2,1.45673,2.48376,-0.669256,0.624709
850.3,1.55862,2.56372,-0.388179,0.624709
850.4,1.65646,2.6009,-0.0722511,0.624709
850.5,1.74599,2.58412,0.269848,0.624709
850.6,1.82241,2.50408,0.625042,0.624709
850.7,1.88063,2.35532,0.97633,0.624709
850.8,1.91582,2.138,1.30426,0.624709
850.9,1.92391,1.85904,1.5893,0.624709
851,1.90223,1.53197,1.81478,0.624709
851.1,1.8499,1.17542,1.96955,0.624709
851.2,1.76804,0.810348,2.04961,0.624709
851.3,1.65964,0.456951,2.05836,0.624709
851.4,1.52918,0.131871,2.00523,0.624709
851.5,1.38206,-0.153462,1.90348,0.624709
851.6,1.22397,-0.393236,1.76765,0.624709
851.7,1.06036,-0.586602,1.61151,0.624709
851.8,0.896053,-0.736417,1.44668,0.624709
851.9,0.735033,-0.847825,1.28202,0.624709
852,0.580344,-0.927016,1.12366,0.624709
852.1,0.434141,-0.980302,0.975324,0.624709
852.2,0.297793,-1.01354,0.838911,0.624709
852.3,0.172019,-1.03183,0.714973,0.624709
852.4,0.0570206,-1.03941,0.603205,0.624709
852.5,-0.0473795,-1.03972,0.502794,0.624709
852.6,-0.141633,-1.03543,0.412685,-0.327777
852.7,-0.226373,-1.02862,0.331751,-0.0839308
852.8,-0.302344,-1.02086,0.258908,0.0343943
852.9,-0.370349,-1.0133,0.193175,0.109412
853,-0.431207,-1.00679,0.133704,0.162428
853.1,-0.485731,-1.00193,0.0797909,0.202319
853.2,-0.534702,-0.999149,0.0308727,0.233653
853.3,-0.578859,-0.998701,-0.0134834,0.259069
853.4,-0.618891,-1.00074,-0.0535928,0.280206
853.5,-0.655431,-1.00534,-0.0896683,0.298134
853.6,-0.689055,-1.01248,-0.121835,0.313558
853.7,-0.72028,-1.0221,-0.150143,0.326965
853.8,-0.749562,-1.03406,-0.174583,0.338683
853.9,-0.777304,-1.04821,-0.195098,0.348932
854,-0.803848,-1.06432,-0.211591,0.357856
854.1,-0.829485,-1.08213,-0.223945,0.365549
854.2,-0.854448,-1.10136,-0.232023,0.372062
854.3,-0.87892,-1.12166,-0.235688,0.377423
854.4,-0.903031,-1.14266,-0.234812,0.381635
854.5,-0.926863,-1.16392,-0.229286,0.384685
854.6,-0.950446,-1.185,-0.219034,0.386557
854.7,-0.97376,-1.20539,-0.20403,0.387224
854.8,-0.996742,-1.22455,-0.184305,0.386654
854.9,-1.01928,-1.24194,-0.159966,0.384818
855,-1.04122,-1.25697,-0.131209,0.381685
855.1,-1.06236,-1.26907,-0.0983263,0.377229
855.2,-1.08248,-1.27768,-0.06172,0.371431
855.3,-1.10131,-1.28227,-0.0219061,0.364286
855.4,-1.11857,-1.28236,0.0204846,0.355791
855.5,-1.13396,-1.27757,0.064711,0.34597
855.6,-1.14719,-1.26761,0.109933,0.34597
855.7,-1.15795,-1.25232,0.15523,0.34597
855.8,-1.16598,-1.23168,0.199625,0.34597
855.9,-1.17102,-1.20584,0.242117,0.34597
856,-1.17288,-1.1751,0.281712,0.34597
856.1,-1.17143,-1.13994,0.317464,0.34597
856.2,-1.16657,-1.10095,0.348511,0.34597
856.3,-1.15831,-1.05889,0.374105,0.34597
856.4,-1.14672,-1.01458,0.39364,0.34597
856.5,-1.13194,-0.968913,0.406673,0.34597
856.6,-1.1142,-0.922817,0.412929,0.34597
856.7,-1.09377,-0.877192,0.412307,0.34597
856.8,-1.07101,-0.832898,0.404864,0.34597
856.9,-1.04629,-0.790715,0.390804,0.34597
857,-1.02004,-0.751329,0.370454,0.34597
857.1,-0.992695,-0.715311,0.344236,0.34597
857.2,-0.964709,-0.683117,0.312645,0.34597
857.3,-0.936522,-0.655083,0.276223,0.34597
857.4,-0.90856,-0.631438,0.235536,0.133532
857.5,-0.881227,-0.612312,0.191153,0.141374
857.6,-0.854896,-0.597751,0.143638,0.15244
857.7,-0.829905,-0.587736,0.0935333,0.166423
857.8,-0.806556,-0.582196,0.0413592,0.182907
857.9,-0.785115,-0.581025,-0.0123923,0.201406
858,-0.765809,-0.584098,-0.0672553,0.221405
858.1,-0.748832,-0.591282,-0.122787,0.242398
858.2,-0.734348,-0.602445,-0.178562,0.263924
858.3,-0.722493,-0.617469,-0.23417,0.285581
858.4,-0.713377,-0.636251,-0.289204,0.307036
858.5,-0.707095,-0.658708,-0.343255,0.328027
858.6,-0.703723,-0.684777,-0.395908,0.348348
858.7,-0.703326,-0.714419,-0.446728,0.367845
858.8,-0.705959,-0.747611,-0.495257,0.386402
858.9,-0.711672,-0.784344,-0.541002,0.403928
859,-0.720507,-0.824614,-0.583433,0.420356
859.1,-0.732505,-0.868414,-0.621973,0.435626
859.2,-0.7477,-0.915722,-0.65599,0.449684
859.3,-0.766118,-0.966486,-0.684796,0.462474
859.4,-0.787777,-1.02061,-0.707641,0.473941
859.5,-0.812681,-1.07791,-0.723714,0.484016
859.6,-0.840812,-1.13813,-0.732143,0.492623
859.7,-0.872123,-1.20087,-0.73201,0.499673
859.8,-0.906525,-1.2656,-0.72236,0.505062
859.9,-0.94388,-1.33156,-0.702232,0.50867
860,-0.983979,-1.3978,-0.670692,0.51036
860.1,-1.02653,-1.4631,-0.626886,0.50998
860.2,-1.07114,-1.52595,-0.570105,0.507356
860.3,-1.1173,-1.58459,-0.499871,0.502301
860.4,-1.16436,-1.63692,-0.416027,0.494615
860.5,-1.21152,-1.68067,-0.318853,0.484082
860.6,-1.25785,-1.71335,-0.209167,0.470482
860.7,-1.30224,-1.73246,-0.0884277,0.470482
860.8,-1.34346,-1.73562,0.041204,0.470482
860.9,-1.38022,-1.72078,0.176841,0.470482
861,-1.41112,-1.68642,0.314924,0.470482
861.1,-1.43484,-1.6318,0.45135,0.470482
861.2,-1.45012,-1.55714,0.581695,0.470482
861.3,-1.45593,-1.4637,0.701499,0.470482
861.4,-1.45147,-1.35382,0.8066,0.470482
861.5,-1.43632,-1.23078,0.893461,0.470482
861.6,-1.41042,-1.09858,0.959453,0.470482
861.7,-1.37414,-0.961633,1.00303,0.470482
861.8,-1.32823,-0.824378,1.02379,0.470482
861.9,-1.27378,-0.690971,1.02241,0.470482
862,-1.21215,-0.564984,1.00047,0.470482
862.1,-1.14488,-0.449219,0.96021,0.470482
862.2,-1.07356,-0.345624,0.904246,0.470482
862.3,-0.999814,-0.255299,0.835337,0.470482
862.4,-0.925145,-0.178587,0.756157,0.470482
862.5,-0.850932,-0.115204,0.669143,0.470482
862.6,-0.778364,-0.0643927,0.576406,0.470482
862.7,-0.708433,-0.0250749,0.479686,0.470482
862.8,-0.64192,0.00401217,0.380359,0.470482
862.9,-0.579409,0.0242055,0.279466,-0.286142
863,-0.521302,0.0368303,0.177762,-0.191203
863.1,-0.467838,0.0431405,0.0757654,-0.0885401
863.2,-0.41912,0.0442797,-0.026188,0.0065406
863.3,-0.375139,0.0412593,-0.127898,0.089007
863.4,-0.335795,0.0349503,-0.229262,0.159383
863.5,-0.300925,0.0260826,-0.330241,0.219703
863.6,-0.270317,0.0152516,-0.430837,0.271999
863.7,-0.243727,0.00292698,-0.531076,0.317935
863.8,-0.220898,-0.0105352,-0.630992,0.358803
863.9,-0.201568,-0.0248814,-0.730622,0.395586
864,-0.185477,-0.039949,-0.829999,0.429033
864.1,-0.172383,-0.0556556,-0.929147,0.45972
864.2,-0.16206,-0.0719902,-1.02808,0.488092
864.3,-0.154306,-0.0890053,-1.12681,0.514496
864.4,-0.148947,-0.106811,-1.22533,0.539207
864.5,-0.145836,-0.12557,-1.32362,0.562443
864.6,-0.144861,-0.145497,-1.42166,0.58438
864.7,-0.145942,-0.166855,-1.51939,0.605161
864.8,-0.149035,-0.189959,-1.61677,0.624903
864.9,-0.154131,-0.215178,-1.7137,0.643701
865,-0.161261,-0.242939,-1.81009,0.661635
865.1,-0.170497,-0.273733,-1.90582,0.678769
865.2,-0.181954,-0.308128,-2.0007,0.695157
865.3,-0.195794,-0.346772,-2.09452,0.710839
865.4,-0.21223,-0.390413,-2.18701,0.725847
865.5,-0.23153,-0.439908,-2.27782,0.740203
865.6,-0.254027,-0.496241,-2.36647,0.753915
865.7,-0.280119,-0.560539,-2.45238,0.766984
865.8,-0.310283,-0.63409,-2.53477,0.779394
865.9,-0.345083,-0.718357,-2.61265,0.791114
866,-0.385174,-0.814987,-2.6847,0.802095
866.1,-0.431317,-0.925813,-2.74922,0.812262
866.2,-0.484382,-1.05283,-2.804,0.821509
866.3,-0.545354,-1.19817,-2.84614,0.829693
866.4,-0.615328,-1.36397,-2.8719,0.836618
866.5,-0.695492,-1.55222,-2.87647,0.842026
866.6,-0.787094,-1.76449,-2.85369,0.845573
866.7,-0.891374,-2.00147,-2.79584,0.846811
866.8,-1.00945,-2.26229,-2.6934,0.84516
866.9,-1.14214,-2.54359,-2.53504,0.839873
867,-1.28969,-2.8382,-2.3079,0.83
867.1,-1.45141,-3.13367,-1.99851,0.814349
867.2,-1.62513,-3.41057,-1.59466,0.791439
867.3,-1.8067,-3.64144,-1.08853,0.791439
867.4,-1.98934,-3.79103,-0.481256,0.791439
867.5,-2.16328,-3.81927,0.211767,0.791439
867.6,-2.31591,-3.6879,0.956428,0.791439
867.7,-2.43266,-3.37076,1.69917,0.791439
867.8,-2.4989,-2.86523,2.37292,0.791439
867.9,-2.50264,-2.19964,2.91045,0.791439
868,-2.43718,-1.43161,3.26176,0.791439
868.1,-2.3029,-0.635531,3.40798,0.791439
868.2,-2.10727,0.116035,3.3652,0.791439
868.3,-1.86318,0.768852,3.17659,0.791439
868.4,-1.58621,1.29484,2.89773,0.791439
868.5,-1.29191,1.6903,2.58227,0.791439
868.6,-0.993818,1.96825,2.2729,0.791439
868.7,-0.702493,2.14953,1.9983,0.791439
868.8,-0.425427,2.25591,1.77433,0.791439
868.9,-0.167459,2.30595,1.6071,0.791439
869,0.068577,2.31352,1.49612,0.791439
869.1,0.281204,2.28776,1.43681,0.791439
869.2,0.469759,2.23395,1.42216,0.791439
869.3,0.634006,2.15469,1.44371,0.791439
869.4,0.773899,2.05113,1.49219,0.791439
869.5,0.889477,1.92401,1.55793,0.791439
869.6,0.980865,1.77453,1.6313,0.791439
869.7,1.04834,1.60496,1.70314,0.791439
869.8,1.09242,1.41885,1.76532,0.791439
869.9,1.11398,1.22106,1.81122,0.791439
870,1.11434,1.01735,1.83614,0.791439
870.1,1.09525,0.813921,1.83744,0.791439
870.2,1.05886,0.616784,1.81456,0.791439
870.3,1.00771,0.431248,1.76872,0.791439
870.4,0.944502,0.261491,1.70251,0.791439
870.5,0.872038,0.110361,1.61935,0.791439
870.6,0.793055,-0.0206583,1.52303,0.791439
870.7,0.710108,-0.131307,1.41727,0.791439
870.8,0.625483,-0.222329,1.30542,0.791439
870.9,0.541141,-0.295197,1.1903,0.791439
871,0.458692,-0.351854,1.0741,0.791439
871.1,0.379394,-0.394481,0.958462,0.791439
871.2,0.304174,-0.425324,0.844456,0.791439
871.3,0.233658,-0.446559,0.732744,0.791439
871.4,0.168214,-0.460212,0.62365,0.791439
871.5,0.10799,-0.468115,0.517259,0.791439
871.6,0.0529569,-0.471886,0.413496,0.791439
871.7,0.00294456,-0.472927,0.312195,0.791439
871.8,-0.0423248,-0.472438,0.213144,-0.283713
871.9,-0.0832073,-0.471433,0.116122,-0.0825105
872,-0.120114,-0.470765,0.020925,0.0318376
872.1,-0.15349,-0.471147,-0.0726207,0.113508
872.2,-0.183802,-0.473176,-0.164649,0.177516
872.3,-0.211523,-0.477353,-0.255248,0.230398
872.4,-0.237125,-0.484106,-0.344461,0.275619
872.5,-0.261073,-0.493805,-0.43228,0.315235
872.6,-0.283821,-0.506782,-0.518651,0.350555
872.7,-0.30581,-0.523345,-0.603469,0.382457
872.8,-0.327468,-0.54379,-0.686581,0.411551
872.9,-0.349211,-0.568412,-0.767775,0.438274
873,-0.371441,-0.597517,-0.846781,0.46294
873.1,-0.394556,-0.631429,-0.923262,0.485783
873.2,-0.418945,-0.670492,-0.996802,0.506972
873.3,-0.444995,-0.715078,-1.0669,0.526628
873.4,-0.473091,-0.76558,-1.13294,0.544835
873.5,-0.503622,-0.822415,-1.19419,0.561644
873.6,-0.53698,-0.886007,-1.24978,0.577077
873.7,-0.573559,-0.956773,-1.29866,0.591127
873.8,-0.613755,-1.0351,-1.33958,0.603759
873.9,-0.657957,-1.12129,-1.37107,0.614911
874,-0.706545,-1.21555,-1.39141,0.624488
874.1,-0.75987,-1.31787,-1.39858,0.632361
874.2,-0.818236,-1.42794,-1.39031,0.638362
874.3,-0.881871,-1.54507,-1.364,0.64228
874.4,-0.95089,-1.66799,-1.31682,0.643855
874.5,-1.02524,-1.7947,-1.24577,0.642773
874.6,-1.10464,-1.92229,-1.14783,0.638658
874.7,-1.18852,-2.04675,-1.02022,0.631071
874.8,-1.27589,-2.16283,-0.860714,0.619504
874.9,-1.36534,-2.264,-0.668148,0.603378
875,-1.45487,-2.34255,-0.442969,0.58204
875.1,-1.54192,-2.38998,-0.187853,0.58204
875.2,-1.62334,-2.39767,0.0917323,0.58204
875.3,-1.69551,-2.35788,0.387208,0.58204
875.4,-1.75448,-2.26498,0.686966,0.58204
875.5,-1.79633,-2.11678,0.977048,0.58204
875.6,-1.81749,-1.91552,1.24245,0.58204
875.7,-1.81519,-1.66833,1.46891,0.58204
875.8,-1.78781,-1.38673,1.6449,0.58204
875.9,-1.73516,-1.08539,1.76319,0.58204
876,-1.65852,-0.780095,1.82178,0.58204
876.1,-1.56055,-0.485697,1.82375,0.58204
876.2,-1.44491,-0.214358,1.77631,0.58204
876.3,-1.31594,0.0254862,1.68922,0.58204
876.4,-1.17813,0.22937,1.57317,0.58204
876.5,-1.03582,0.396376,1.43839,0.58204
876.6,-0.892879,0.528319,1.2937,0.58204
876.7,-0.752541,0.628812,1.14603,0.58204
876.8,-0.617334,0.702407,1.00042,0.58204
876.9,-0.489095,0.753932,0.860148,0.58204
877,-0.369035,0.788033,0.727103,0.58204
877.1,-0.257826,0.808908,0.602127,0.58204
877.2,-0.155704,0.820195,0.485342,0.58204
877.3,-0.0625642,0.824943,0.376425,0.58204
877.4,0.021951,0.825652,0.274806,-0.541628
877.5,0.0983786,0.824333,0.179823,-0.103708
877.6,0.167376,0.822585,0.0908123,0.0383586
877.7,0.229672,0.821661,0.00717399,0.126387
877.8,0.286032,0.82254,-0.0715944,0.189475
877.9,0.337231,0.825976,-0.145881,0.238191
878,0.384032,0.832547,-0.215955,0.277639
878.1,0.427175,0.842689,-0.281967,0.310671
878.2,0.467363,0.856729,-0.343954,0.339014
878.3,0.505262,0.874905,-0.401845,0.363772
878.4,0.541491,0.89738,-0.455469,0.38567
878.5,0.576623,0.924255,-0.504556,0.405191
878.6,0.611184,0.955572,-0.548744,0.422658
878.7,0.645652,0.991317,-0.587585,0.43828
878.8,0.680451,1.03141,-0.620543,0.452187
878.9,0.71596,1.0757,-0.647001,0.464452
879,0.752498,1.12396,-0.666268,0.475099
879.1,0.79033,1.17584,-0.677582,0.484118
879.2,0.829656,1.23088,-0.680127,0.491467
879.3,0.870606,1.28846,-0.673052,0.497077
879.4,0.91323,1.34778,-0.655493,0.500856
879.5,0.957485,1.40781,-0.626617,0.502689
879.6,1.00323,1.46731,-0.585668,0.502441
879.7,1.05019,1.52478,-0.532034,0.499955
879.8,1.09799,1.57843,-0.465321,0.495061
879.9,1.14608,1.62625,-0.38545,0.487571
880,1.19377,1.66601,-0.292749,0.477288
880.1,1.24022,1.69534,-0.188059,0.46401
880.2,1.28444,1.71187,-0.0728155,0.46401
880.3,1.32531,1.71334,0.0508899,0.46401
880.4,1.36163,1.69781,0.180297,0.46401
880.5,1.39213,1.66387,0.312027,0.46401
880.6,1.41558,1.61084,0.442206,0.46401
880.7,1.43082,1.5389,0.566667,0.46401
880.8,1.4369,1.44924,0.681212,0.46401
880.9,1.4331,1.34401,0.78192,0.46401
881,1.41901,1.22627,0.865441,0.46401
881.1,1.3946,1.09972,0.929257,0.46401
881.2,1.36021,0.968481,0.971846,0.46401
881.3,1.31655,0.836707,0.992745,0.46401
881.4,1.26463,0.708315,0.992494,0.46401
881.5,1.20574,0.586704,0.972482,0.46401
881.6,1.14133,0.474575,0.934732,0.46401
881.7,1.07291,0.373843,0.881654,0.46401
881.8,1.00201,0.28564,0.815809,0.46401
881.9,0.930099,0.210383,0.73971,0.46401
882,0.858487,0.147893,0.655673,0.46401
882.1,0.788336,0.0975303,0.565724,0.46401
882.2,0.720617,0.0583373,0.471558,0.46401
882.3,0.656107,0.0291638,0.37453,0.46401
882.4,0.595395,0.0087739,0.275684,-0.245572
882.5,0.538894,-0.00407096,0.17579,-0.162116
882.6,0.486864,-0.0105523,0.0753937,-0.0706459
882.7,0.439433,-0.0117548,-0.0251404,0.0164884
882.8,0.396617,-0.00864269,-0.125581,0.0940507
882.9,0.358345,-0.00204849,-0.225794,0.161516
883,0.324483,0.00732891,-0.325714,0.220102
883.1,0.294847,0.0189206,-0.425316,0.271348
883.2,0.269223,0.0322802,-0.524601,0.316636
883.3,0.24738,0.0470742,-0.623583,0.357093
883.4,0.229084,0.0630719,-0.722277,0.393607
883.5,0.214103,0.0801351,-0.820697,0.426872
883.6,0.202221,0.0982095,-0.918846,0.457426
883.7,0.193238,0.117316,-1.01672,0.485693
883.8,0.186983,0.137544,-1.1143,0.512006
883.9,0.183307,0.159049,-1.21156,0.536628
884,0.182098,0.182044,-1.30845,0.559771
884.1,0.183276,0.206803,-1.40491,0.581605
884.2,0.186796,0.233662,-1.50084,0.602268
884.3,0.192654,0.263016,-1.59614,0.621871
884.4,0.200888,0.295328,-1.69065,0.640505
884.5,0.211577,0.331134,-1.7842,0.658242
884.6,0.22485,0.371047,-1.87655,0.675141
884.7,0.240885,0.415773,-1.96741,0.691246
884.8,0.259915,0.466117,-2.05638,0.706587
884.9,0.282233,0.522995,-2.14299,0.721183
885,0.308198,0.587451,-2.22663,0.735037
885.1,0.338239,0.66066,-2.30649,0.748139
885.2,0.372865,0.743944,-2.38155,0.760461
885.3,0.412667,0.838773,-2.45051,0.771954
885.4,0.458329,0.94675,-2.51169,0.782546
885.5,0.510626,1.0696,-2.56292,0.792132
885.6,0.570428,1.20908,-2.60142,0.80057
885.7,0.638687,1.36693,-2.62365,0.807668
885.8,0.716424,1.54466,-2.62514,0.813174
885.9,0.804683,1.7433,-2.60024,0.816756
886,0.904467,1.96298,-2.54203,0.817988
886.1,1.01663,2.20237,-2.44212,0.816322
886.2,1.14172,2.45785,-2.29077,0.811061
886.3,1.27974,2.72248,-2.07718,0.801333
886.4,1.4298,2.9848,-1.79041,0.786054
886.5,1.58976,3.22771,-1.42094,0.763895
886.6,1.75576,3.4277,-0.963327,0.763895
886.7,1.92174,3.55537,-0.419678,0.763895
886.8,2.07926,3.57793,0.196289,0.763895
886.9,2.21757,3.46445,0.85607,0.763895
887,2.32442,3.19365,1.51599,0.763895
887.1,2.3875,2.76245,2.12165,0.763895
887.2,2.39654,2.19173,2.61775,0.763895
887.3,2.34536,1.52577,2.96102,0.763895
887.4,2.23345,0.823709,3.1313,0.763895
887.5,2.0661,0.145977,3.13575,0.763895
887.6,1.85339,-0.458826,3.00462,0.763895
887.7,1.60816,-0.961589,2.78099,0.763895
887.8,1.3438,-1.35324,2.50954,0.763895
887.9,1.07249,-1.64005,2.22837,0.763895
888,0.804185,-1.83704,1.96514,0.763895
888.1,0.54629,-1.96208,1.737,0.763895
888.2,0.303829,-2.03197,1.55238,0.763895
888.3,0.0798906,-2.06036,1.41345,0.763895
888.4,-0.123852,-2.0573,1.31833,0.763895
888.5,-0.306673,-2.02944,1.26267,0.763895
888.6,-0.468419,-1.98084,1.24073,0.763895
888.7,-0.609239,-1.91373,1.24599,0.763895
888.8,-0.729429,-1.82933,1.27159,0.763895
888.9,-0.829348,-1.72852,1.31056,0.763895
889,-0.909414,-1.61238,1.35608,0.763895
889.1,-0.970129,-1.48253,1.40179,0.763895
889.2,-1.01214,-1.3413,1.44198,0.763895
889.3,-1.03628,-1.19176,1.47191,0.763895
889.4,-1.04364,-1.03752,1.48799,0.763895
889.5,-1.03555,-0.882503,1.48791,0.763895
889.6,-1.01359,-0.730631,1.47062,0.763895
889.7,-0.97958,-0.585501,1.43623,0.763895
889.8,-0.935443,-0.450146,1.38582,0.763895
889.9,-0.883194,-0.326864,1.32112,0.763895
890,-0.824834,-0.217147,1.24432,0.763895
890.1,-0.762274,-0.121705,1.15772,0.763895
890.2,-0.697278,-0.0405466,1.0636,0.763895
890.3,-0.631414,0.0268863,0.964017,0.763895
890.4,-0.566027,0.0815749,0.860739,0.763895
890.5,-0.502224,0.12478,0.755205,0.763895
890.6,-0.440879,0.157918,0.648523,0.763895
890.7,-0.382647,0.182453,0.541506,0.763895
890.8,-0.327979,0.199829,0.434709,0.763895
890.9,-0.27715,0.211405,0.328486,0.763895
891,-0.230287,0.218432,0.223035,0.763895
891.1,-0.187389,0.222028,0.118439,-0.2267
891.2,-0.148356,0.223176,0.0147068,-0.0523629
891.3,-0.113012,0.222726,-0.0882016,0.0583817
891.4,-0.0811222,0.221405,-0.190352,0.140687
891.5,-0.0524095,0.219825,-0.29182,0.206477
891.6,-0.0265708,0.218503,-0.39268,0.261424
891.7,-0.00328655,0.21787,-0.493002,0.308711
891.8,0.0177699,0.21829,-0.59284,0.350304
891.9,0.0369263,0.220072,-0.692237,0.387506
892,0.0545061,0.223487,-0.791221,0.421216
892.1,0.0708268,0.228775,-0.889802,0.452083
892.2,0.0861976,0.236166,-0.987976,0.480584
892.3,0.10092,0.245883,-1.08572,0.507081
892.4,0.115287,0.25816,-1.183,0.531852
892.5,0.12959,0.273248,-1.27974,0.555115
892.6,0.144115,0.291428,-1.37588,0.577044
892.7,0.159149,0.313019,-1.4713,0.597775
892.8,0.174988,0.338392,-1.56587,0.617422
892.9,0.191933,0.367975,-1.65939,0.636071
893,0.210306,0.40227,-1.75166,0.653795
893.1,0.230444,0.441861,-1.84237,0.670647
893.2,0.252717,0.487426,-1.93115,0.686668
893.3,0.277526,0.539749,-2.01756,0.701884
893.4,0.305317,0.599732,-2.10097,0.716304
893.5,0.336583,0.668407,-2.18065,0.729924
893.6,0.371876,0.746937,-2.25561,0.742724
893.7,0.411813,0.836624,-2.32463,0.75466
893.8,0.45708,0.938895,-2.38611,0.765667
893.9,0.508443,1.05528,-2.43804,0.775648
894,0.566739,1.18734,-2.47784,0.784471
894.1,0.632876,1.33662,-2.50224,0.791959
894.2,0.707813,1.50445,-2.50713,0.797876
894.3,0.792527,1.69173,-2.48737,0.801916
894.4,0.887951,1.89858,-2.43667,0.803683
894.5,0.994883,2.12379,-2.34747,0.802674
894.6,1.11384,2.36419,-2.21097,0.798249
894.7,1.24486,2.61372,-2.01746,0.789609
894.8,1.38721,2.8624,-1.75699,0.775767
894.9,1.53906,3.0953,-1.42074,0.755515
895,1.69705,3.29193,-1.00319,0.727392
895.1,1.85593,3.4264,-0.505063,0.727392
895.2,2.00831,3.46937,0.0631936,0.727392
895.3,2.14466,3.39214,0.678411,0.727392
895.4,2.25396,3.1731,1.30379,0.727392
895.5,2.32479,2.80517,1.89179,0.727392
895.6,2.34711,2.30165,2.39165,0.727392
895.7,2.31416,1.69728,2.76029,0.727392
895.8,2.22397,1.04261,2.9727,0.727392
895.9,2.07987,0.393083,3.02769,0.727392
896,1.88994,-0.202945,2.94632,0.727392
896.1,1.66535,-0.712735,2.76435,0.727392
896.2,1.41845,-1.12168,2.52232,0.727392
896.3,1.16102,-1.43065,2.25731,0.727392
896.4,0.903099,-1.65059,1.99812,0.727392
896.5,0.652483,-1.79702,1.76408,0.727392
896.6,0.414687,-1.88587,1.56601,0.727392
896.7,0.193276,-1.93105,1.40826,0.727392
896.8,-0.00970234,-1.94339,1.29079,0.727392
896.9,-0.193276,-1.93064,1.21076,0.727392
897,-0.357168,-1.89791,1.16376,0.727392
897.1,-0.501514,-1.84828,1.14448,0.727392
897.2,-0.626659,-1.78355,1.1472,0.727392
897.3,-0.73305,-1.7048,1.16606,0.727392
897.4,-0.821179,-1.6129,1.19523,0.727392
897.5,-0.891581,-1.50891,1.22915,0.727392
897.6,-0.944861,-1.39429,1.26267,0.727392
897.7,-0.981727,-1.27105,1.29124,0.727392
897.8,-1.00304,-1.14167,1.31113,0.727392
897.9,-1.00983,-1.00904,1.31949,0.727392
898,-1.00332,-0.876216,1.31446,0.727392
898.1,-0.984901,-0.746259,1.29517,0.727392
898.2,-0.956124,-0.621967,1.26159,0.727392
898.3,-0.918629,-0.50572,1.21445,0.727392
898.4,-0.874106,-0.399356,1.15499,0.727392
898.5,-0.824229,-0.304115,1.08483,0.727392
898.6,-0.770602,-0.220648,1.00572,0.727392
898.7,-0.71471,-0.14907,0.919413,0.727392
898.8,-0.65789,-0.0890501,0.827548,0.727392
898.9,-0.601298,-0.0399108,0.731576,0.727392
899,-0.545905,-0.000735227,0.632714,0.727392
899.1,-0.492494,0.0295393,0.531944,0.727392
899.2,-0.441671,0.0520403,0.430021,0.727392
899.3,-0.393873,0.0678959,0.327503,-0.603755
899.4,-0.349392,0.0781886,0.224778,-0.360273
899.5,-0.308392,0.0839225,0.122106,-0.174968
899.6,-0.270932,0.0860047,0.01964,-0.0434552
899.7,-0.236983,0.0852352,-0.0825374,0.0555584
899.8,-0.206447,0.0823051,-0.184397,0.134158
899.9,-0.179176,0.0777996,-0.285941,0.199035
900,-0.154985,0.0722046,-0.387195,0.254163
900.1,-0.133665,0.0659153,-0.488192,0.302069
900.2,-0.114993,0.059246,-0.58897,0.344442
900.3,-0.0987412,0.0524401,-0.689566,0.38246
900.4,-0.0846824,0.0456798,-0.790016,0.416972
900.5,-0.0725971,0.0390957,-0.890349,0.448607
900.6,-0.0622762,0.0327751,-0.990591,0.47784
900.7,-0.053524,0.0267697,-1.09076,0.505039
900.8,-0.0461599,0.0211021,-1.19088,0.530489
900.9,-0.0400195,0.015772,-1.29096,0.554422
901,-0.0349551,0.0107604,-1.39101,0.577022
901.1,-0.0308354,0.00603419,-1.49104,0.598443
901.2,-0.0275455,0.00154852,-1.59105,0.618809
901.3,-0.0249861,-0.00275032,-1.69105,0.638228
901.4,-0.0230727,-0.00692352,-1.79104,0.656788
901.5,-0.0217351,-0.0110387,-1.89102,0.674568
901.6,-0.0209166,-0.0151693,-1.99099,0.691633
901.7,-0.020573,-0.0193952,-2.09095,0.708042
901.8,-0.0206723,-0.0238028,-2.19091,0.723845
901.9,-0.0211942,-0.0284864,-2.29086,0.739087
902,-0.0221296,-0.0335498,-2.39079,0.753808
902.1,-0.0234809,-0.0391086,-2.49071,0.768045
902.2,-0.0252617,-0.0452926,-2.5906,0.781827
902.3,-0.0274977,-0.0522498,-2.69047,0.795184
902.4,-0.0302271,-0.0601497,-2.79031,0.808142
902.5,-0.033502,-0.069189,-2.89011,0.820724
902.6,-0.0373897,-0.0795972,-2.98984,0.832951
902.7,-0.0419748,-0.0916443,-3.0895,0.844841
902.8,-0.047362,-0.105649,-3.18906,0.856412
902.9,-0.053679,-0.12199,-3.28849,0.867678
903,-0.0610808,-0.141117,-3.38774,0.878652
903.1,-0.0697547,-0.163571,-3.48674,0.889346
903.2,-0.0799264,-0.189996,-3.58542,0.899768
903.3,-0.0918677,-0.221167,-3.68366,0.909925
903.4,-0.105906,-0.258018,-3.7813,0.919821
903.5,-0.122434,-0.301669,-3.87811,0.929456
903.6,-0.141925,-0.353473,-3.97379,0.938825
903.7,-0.164951,-0.41506,-4.06791,0.947918
903.8,-0.192198,-0.48839,-4.15986,0.956716
903.9,-0.224491,-0.575822,-4.2488,0.96519
904,-0.262826,-0.680181,-4.33354,0.973295
904.1,-0.308397,-0.804837,-4.41239,0.980964
904.2,-0.362634,-0.953771,-4.48296,0.988102
904.3,-0.427243,-1.13164,-4.54189,0.994571
904.4,-0.504241,-1.34375,-4.58439,1.00017
904.5,-0.595991,-1.596,-4.60373,1.00463
904.6,-0.705205,-1.89456,-4.59045,1.00754
904.7,-0.834916,-2.24522,-4.53141,1.00836
904.8,-0.988355,-2.65218,-4.40861,1.00629
904.9,-1.16868,-3.11589,-4.19804,1.00025
905,-1.37849,-3.62943,-3.86891,0.988766
905.1,-1.61888,-4.17324,-3.38431,0.969818
905.2,-1.88812,-4.70803,-2.7049,0.940738
905.3,-2.17964,-5.16747,-1.79819,0.940738
905.4,-2.47969,-5.45487,-0.655646,0.940738
905.5,-2.76544,-5.45143,0.683483,0.940738
905.6,-3.00493,-5.04499,2.11046,0.940738
905.7,-3.16081,-4.17922,3.44691,0.940738
905.8,-3.19873,-2.90287,4.48559,0.940738
905.9,-3.09801,-1.38062,5.06729,0.940738
906,-2.85935,0.158395,5.15061,0.940738
906.1,-2.50474,1.50866,4.82439,0.940738
906.2,-2.06962,2.55436,4.25622,0.940738
906.3,-1.59214,3.27861,3.61987,0.940738
906.4,-1.10493,3.72909,3.04661,0.940738
906.5,-0.631673,3.97479,2.61261,0.940738
906.6,-0.187455,4.07607,2.34886,0.940738
906.7,0.218814,4.07201,2.25664,0.940738
906.8,0.581713,3.97985,2.31932,0.940738
906.9,0.897128,3.80054,2.50866,0.940738
907,1.16097,3.52683,2.78756,0.940738
907.1,1.36879,3.15195,3.11201,0.940738
907.2,1.51627,2.67737,3.43454,0.940738
907.3,1.60027,2.11773,3.70999,0.940738
907.4,1.62001,1.5015,3.90274,0.940738
907.5,1.57802,0.866895,3.99287,0.940738
907.6,1.48039,0.254384,3.97882,0.940738
907.7,1.33628,-0.301072,3.87535,0.940738
907.8,1.15682,-0.775415,3.70791,0.940738
907.9,0.953725,-1.15709,3.50561,0.940738
908,0.738189,-1.44531,3.29533,0.940738
908.1,0.520012,-1.64662,3.09803,0.940738
908.2,0.30724,-1.7712,2.92745,0.940738
908.3,0.106121,-1.83012,2.79044,0.940738
908.4,-0.0787078,-1.83362,2.68821,0.940738
908.5,-0.243962,-1.79049,2.61776,0.940738
908.6,-0.387435,-1.70817,2.57331,0.940738
908.7,-0.507791,-1.59314,2.54751,0.940738
908.8,-0.604409,-1.45144,2.53247,0.940738
908.9,-0.677298,-1.28903,2.52054,0.940738
909,-0.727043,-1.11208,2.50506,0.940738
909.1,-0.754765,-0.926879,2.48077,0.940738
909.2,-0.762079,-0.739639,2.44408,0.940738
909.3,-0.751018,-0.556214,2.39317,0.940738
909.4,-0.723951,-0.381741,2.32778,0.940738
909.5,-0.683462,-0.220375,2.24897,0.940738
909.6,-0.632231,-0.0751301,2.15867,0.940738
909.7,-0.572911,0.0521594,2.05933,0.940738
909.8,-0.508026,0.160755,1.95354,0.940738
909.9,-0.439881,0.25085,1.84377,0.940738
910,-0.370507,0.323369,1.73212,0.940738
910.1,-0.301627,0.379746,1.6203,0.940738
910.2,-0.234648,0.421733,1.50955,0.940738
910.3,-0.170667,0.451235,1.40071,0.940738
910.4,-0.110492,0.470182,1.29425,0.940738
910.5,-0.054676,0.480441,1.19034,0.940738
910.6,-0.00354407,0.483755,1.08896,0.940738
910.7,0.0427664,0.481714,0.989926,0.940738
910.8,0.0842744,0.475731,0.892986,0.940738
910.9,0.121123,0.467047,0.797844,0.940738
911,0.153552,0.456733,0.704203,0.940738
911.1,0.181873,0.445699,0.611783,0.940738
911.2,0.206444,0.434712,0.52034,0.940738
911.3,0.227661,0.424407,0.429671,-0.494929
911.4,0.245932,0.415304,0.339619,-0.280601
911.5,0.261674,0.407828,0.250067,-0.144107
911.6,0.275299,0.402318,0.160944,-0.0445633
911.7,0.28721,0.399048,0.0722128,0.0340216
911.8,0.297793,0.398236,-0.0161294,0.0991893
911.9,0.307418,0.400063,-0.104055,0.155026
912,0.316435,0.404681,-0.19151,0.203973
912.1,0.325174,0.412227,-0.278413,0.247595
912.2,0.333947,0.422831,-0.364662,0.286951
912.3,0.343047,0.436629,-0.450125,0.322792
912.4,0.352754,0.453766,-0.534648,0.355664
912.5,0.363337,0.474408,-0.618044,0.385979
912.6,0.375054,0.498746,-0.700095,0.414053
912.7,0.388159,0.527002,-0.780539,0.440131
912.8,0.402906,0.559432,-0.859072,0.464406
912.9,0.41955,0.596332,-0.935328,0.487028
913,0.438351,0.638033,-1.00888,0.508113
913.1,0.459578,0.68491,-1.07921,0.527747
913.2,0.483513,0.737371,-1.1457,0.545993
913.3,0.51045,0.795853,-1.20763,0.562886
913.4,0.540699,0.860812,-1.26414,0.578438
913.5,0.574583,0.932707,-1.31417,0.592639
913.6,0.612437,1.01197,-1.35651,0.605453
913.7,0.654604,1.09897,-1.38969,0.616818
913.8,0.701422,1.19397,-1.41201,0.626635
913.9,0.753217,1.29704,-1.42148,0.634784
914,0.810274,1.40798,-1.41581,0.641097
914.1,0.872818,1.5262,-1.3924,0.645369
914.2,0.940969,1.65056,-1.3484,0.647343
914.3,1.01469,1.77921,-1.28073,0.64671
914.4,1.09375,1.90938,-1.1863,0.643099
914.5,1.17758,2.03722,-1.06214,0.636073
914.6,1.2653,2.1576,-0.905812,0.625128
914.7,1.3555,2.26407,-0.715863,0.609682
914.8,1.44627,2.34892,-0.492373,0.589084
914.9,1.53509,2.40351,-0.237616,0.589084
915,1.61882,2.41894,0.043342,0.589084
915.1,1.69382,2.38698,0.342246,0.589084
915.2,1.75608,2.30138,0.647653,0.589084
915.3,1.80155,2.15922,0.945518,0.589084
915.4,1.82646,1.96204,1.22045,0.589084
915.5,1.82783,1.71643,1.45755,0.589084
915.6,1.80379,1.43366,1.6444,0.589084
915.7,1.75392,1.12851,1.7729,0.589084
915.8,1.67933,0.8172,1.84026,0.589084
915.9,1.58255,0.51528,1.84906,0.589084
916,1.46724,0.235691,1.80628,0.589084
916.1,1.33777,-0.0124076,1.72181,0.589084
916.2,1.19875,-0.223976,1.60666,0.589084
916.3,1.05465,-0.397725,1.47149,0.589084
916.4,0.909513,-0.535295,1.32556,0.589084
916.5,0.766702,-0.640274,1.17623,0.589084
916.6,0.628883,-0.717298,1.02884,0.589084
916.7,0.498,-0.77133,0.886908,0.589084
916.8,0.375347,-0.807172,0.75248,0.589084
916.9,0.261658,-0.829176,0.626473,0.589084
917,0.157207,-0.841111,0.509042,0.589084
917.1,0.061918,-0.846135,0.399862,0.589084
917.2,-0.0245538,-0.846834,0.298341,0.589084
917.3,-0.10274,-0.845285,0.203782,-0.125347
917.4,-0.173297,-0.843131,0.115483,0.0252595
917.5,-0.236959,-0.841659,0.0328058,0.116317
917.6,-0.294498,-0.841866,-0.0447905,0.180758
917.7,-0.346693,-0.844518,-0.11773,0.230085
917.8,-0.394316,-0.850196,-0.186313,0.26976
917.9,-0.438112,-0.859336,-0.250721,0.302798
918,-0.478791,-0.872255,-0.311019,0.331019
918.1,-0.51702,-0.88918,-0.367164,0.355577
918.2,-0.553422,-0.910259,-0.41901,0.377229
918.3,-0.58857,-0.935575,-0.466317,0.39648
918.4,-0.622989,-0.965148,-0.508755,0.413663
918.5,-0.657151,-0.998941,-0.545909,0.429001
918.6,-0.691479,-1.03685,-0.577286,0.442629
918.7,-0.72634,-1.07871,-0.602316,0.454623
918.8,-0.762047,-1.12425,-0.620362,0.465014
918.9,-0.798854,-1.17312,-0.63073,0.473795
919,-0.836952,-1.22484,-0.63268,0.48093
919.1,-0.876459,-1.27879,-0.625447,0.486357
919.2,-0.917418,-1.33418,-0.608267,0.489989
919.3,-0.959781,-1.39004,-0.580415,0.491722
919.4,-1.0034,-1.44516,-0.541247,0.49143
919.5,-1.04803,-1.49814,-0.490263,0.488973
919.6,-1.09328,-1.54734,-0.427175,0.484193
919.7,-1.13865,-1.5909,-0.351986,0.476924
919.8,-1.18349,-1.6268,-0.265078,0.466989
919.9,-1.22703,-1.65293,-0.16729,0.454208
920,-1.26835,-1.66716,-0.059991,0.454208
920.1,-1.30644,-1.66752,0.0548726,0.454208
920.2,-1.34019,-1.65233,0.174776,0.454208
920.3,-1.36849,-1.62037,0.296662,0.454208
920.4,-1.39021,-1.57107,0.417052,0.454208
920.5,-1.40434,-1.50462,0.532221,0.454208
920.6,-1.41001,-1.42208,0.638423,0.454208
920.7,-1.40658,-1.32535,0.732145,0.454208
920.8,-1.39369,-1.21712,0.810364,0.454208
920.9,-1.37131,-1.10064,0.870766,0.454208
921,-1.33971,-0.97954,0.911892,0.454208
921.1,-1.29953,-0.857525,0.933197,0.454208
921.2,-1.25166,-0.738113,0.935017,0.454208
921.3,-1.19723,-0.624407,0.918446,0.454208
921.4,-1.13754,-0.518927,0.885166,0.454208
921.5,-1.07397,-0.423526,0.837236,0.454208
921.6,-1.00791,-0.339372,0.776894,0.454208
921.7,-0.940697,-0.266997,0.706379,0.454208
921.8,-0.873562,-0.20639,0.627795,0.454208
921.9,-0.807601,-0.157106,0.54302,0.454208
922,-0.743745,-0.118389,0.453657,0.454208
922.1,-0.682754,-0.0892835,0.361021,0.454208
922.2,-0.62522,-0.0687297,0.266151,-0.180017
922.3,-0.571575,-0.0556436,0.169842,-0.112743
922.4,-0.522109,-0.0489741,0.0726763,-0.0377182
922.5,-0.476985,-0.0477445,-0.02493,0.0366301
922.6,-0.436266,-0.0510789,-0.122692,0.105527
922.7,-0.399928,-0.0582162,-0.220424,0.167417
922.8,-0.367885,-0.0685166,-0.318005,0.222445
922.9,-0.340004,-0.0814608,-0.415364,0.271392
923,-0.316118,-0.0966462,-0.512454,0.31516
923.1,-0.296047,-0.11378,-0.609244,0.354582
923.2,-0.279602,-0.132672,-0.705708,0.390366
923.3,-0.266601,-0.153227,-0.801814,0.423089
923.4,-0.256873,-0.175436,-0.897523,0.453219
923.5,-0.250267,-0.199374,-0.99278,0.481129
923.6,-0.246657,-0.225191,-1.08752,0.50712
923.7,-0.245947,-0.25311,-1.18164,0.531434
923.8,-0.248075,-0.283425,-1.27502,0.554262
923.9,-0.253016,-0.316504,-1.36752,0.575762
924,-0.260785,-0.352784,-1.45893,0.596056
924.1,-0.271443,-0.392782,-1.54903,0.615245
924.2,-0.285097,-0.437091,-1.6375,0.633406
924.3,-0.301903,-0.486393,-1.72396,0.650595
924.4,-0.322075,-0.541459,-1.80795,0.666853
924.5,-0.34588,-0.603158,-1.88886,0.682202
924.6,-0.373652,-0.672464,-1.96595,0.696648
924.7,-0.405786,-0.75045,-2.03826,0.710176
924.8,-0.442752,-0.83829,-2.1046,0.722751
924.9,-0.485086,-0.937244,-2.16346,0.734314
925,-0.533398,-1.04863,-2.21296,0.744777
925.1,-0.588368,-1.17375,-2.25071,0.754016
925.2,-0.650729,-1.31386,-2.27374,0.761866
925.3,-0.721255,-1.46995,-2.27836,0.768108
925.4,-0.800723,-1.64261,-2.26004,0.77246
925.5,-0.889858,-1.83167,-2.21332,0.774559
925.6,-0.98925,-2.03584,-2.13174,0.773949
925.7,-1.09923,-2.25208,-2.00794,0.770054
925.8,-1.2197,-2.47499,-1.8339,0.762167
925.9,-1.3499,-2.69597,-1.60159,0.749418
926,-1.48816,-2.90251,-1.30403,0.730757
926.1,-1.63156,-3.07773,-0.936952,0.704933
926.2,-1.77563,-3.20065,-0.501051,0.704933
926.3,-1.91421,-3.24756,-0.00457213,0.704933
926.4,-2.03943,-3.19508,0.534461,0.704933
926.5,-2.14215,-3.02481,1.08741,0.704933
926.6,-2.21282,-2.72886,1.61682,0.704933
926.7,-2.24276,-2.31453,2.08147,0.704933
926.8,-2.22559,-1.80592,2.44412,0.704933
926.9,-2.1586,-1.24093,2.67965,0.704933
927,-2.04328,-0.664082,2.7805,0.704933
927.1,-1.88521,-0.117407,2.75731,0.704933
927.2,-1.69296,0.367036,2.63462,0.704933
927.3,-1.47671,0.770895,2.44396,0.704933
927.4,-1.24676,1.08909,2.2169,0.704933
927.5,-1.01238,1.32659,1.98021,0.704933
927.6,-0.781186,1.49422,1.75365,0.704933
927.7,-0.558896,1.60497,1.54989,0.704933
927.8,-0.349458,1.67141,1.37565,0.704933
927.9,-0.155325,1.70433,1.23327,0.704933
928,0.0221936,1.71215,1.12214,0.704933
928.1,0.182608,1.70106,1.03986,0.704933
928.2,0.325965,1.67531,0.983025,0.704933
928.3,0.452639,1.6377,0.947736,0.704933
928.4,0.563179,1.58997,0.929913,0.704933
928.5,0.658216,1.53326,0.925477,0.704933
928.6,0.738411,1.46839,0.930465,0.704933
928.7,0.804437,1.39611,0.941123,0.704933
928.8,0.856977,1.31729,0.953981,0.704933
928.9,0.896743,1.233,0.965933,0.704933
929,0.924489,1.14452,0.974304,0.704933
929.1,0.941034,1.05338,0.976911,0.704933
929.2,0.947269,0.961232,0.972095,0.704933
929.3,0.944162,0.86979,0.958734,0.704933
929.4,0.932751,0.780737,0.936218,0.704933
929.5,0.914131,0.695625,0.904403,0.704933
929.6,0.889429,0.615795,0.863536,0.704933
929.7,0.859781,0.542326,0.81417,0.704933
929.8,0.826304,0.476006,0.757075,0.704933
929.9,0.790069,0.417328,0.693148,0.704933
930,0.752077,0.366508,0.623337,0.704933
930.1,0.713244,0.323524,0.548583,0.704933
930.2,0.674387,0.288151,0.46977,0.704933
930.3,0.636215,0.260018,0.387699,-0.15791
930.4,0.59933,0.238648,0.303072,-0.116588
930.5,0.564227,0.223505,0.216487,-0.0662046
930.6,0.531302,0.214032,0.128444,-0.0106554
930.7,0.500861,0.209677,0.0393535,0.0462529
930.8,0.473128,0.209924,-0.050452,0.101707
930.9,0.448262,0.214305,-0.140701,0.154091
931,0.426362,0.222415,-0.231172,0.202726
931.1,0.407485,0.233919,-0.321678,0.247506
931.2,0.391652,0.248557,-0.412057,0.288625
931.3,0.378863,0.266147,-0.50216,0.326399
931.4,0.369103,0.286585,-0.591842,0.361176
931.5,0.362353,0.309841,-0.680953,0.393289
931.6,0.358596,0.335962,-0.76933,0.423038
931.7,0.357826,0.365069,-0.856793,0.450681
931.8,0.360051,0.397354,-0.943128,0.476441
931.9,0.3653,0.433083,-1.02809,0.500499
932,0.37363,0.47259,-1.11138,0.523006
932.1,0.385126,0.516279,-1.19264,0.544084
932.2,0.399907,0.564623,-1.27146,0.563827
932.3,0.418128,0.618163,-1.3473,0.582305
932.4,0.439986,0.677503,-1.41953,0.599564
932.5,0.465718,0.743307,-1.4874,0.615631
932.6,0.495604,0.816289,-1.54995,0.630507
932.7,0.529969,0.897192,-1.60607,0.644171
932.8,0.569177,0.986771,-1.65435,0.656574
932.9,0.613627,1.08575,-1.69312,0.667643
933,0.663746,1.19475,-1.72036,0.677266
933.1,0.719973,1.31424,-1.73364,0.685299
933.2,0.782736,1.44438,-1.73008,0.691548
933.3,0.852417,1.58489,-1.70633,0.695771
933.4,0.929305,1.73483,-1.65852,0.697663
933.5,1.01353,1.89234,-1.5824,0.696849
933.6,1.10498,2.05432,-1.47339,0.692875
933.7,1.20317,2.21609,-1.32692,0.685192
933.8,1.30714,2.37108,-1.13889,0.673154
933.9,1.4153,2.51056,-0.906348,0.656004
934,1.52526,2.62368,-0.628415,0.632869
934.1,1.63374,2.69784,-0.307405,0.632869
934.2,1.73652,2.71967,0.0500855,0.632869
934.3,1.82856,2.67661,0.432357,0.632869
934.4,1.90419,2.55913,0.822506,0.632869
934.5,1.95766,2.36314,1.19942,0.632869
934.6,1.98369,2.09201,1.54006,0.632869
934.7,1.97825,1.75736,1.82279,0.632869
934.8,1.93915,1.37815,2.03098,0.632869
934.9,1.86647,0.977967,2.15584,0.632869
935,1.76261,0.581281,2.19761,0.632869
935.1,1.63194,0.209634,2.16473,0.632869
935.2,1.48022,-0.121069,2.07144,0.632869
935.3,1.31385,-0.40169,1.93468,0.632869
935.4,1.13916,-0.629468,1.77122,0.632869
935.5,0.961898,-0.806626,1.59562,0.632869
935.6,0.786885,-0.93861,1.41924,0.632869
935.7,0.61787,-1.03245,1.25001,0.632869
935.8,0.457556,-1.09549,1.09285,0.632869
935.9,0.307707,-1.13461,0.950269,0.632869
936,0.169307,-1.15579,0.823061,0.632869
936.1,0.042726,-1.16395,0.710878,0.632869
936.2,-0.072118,-1.16301,0.6127,0.632869
936.3,-0.175629,-1.15598,0.527169,-0.379725
936.4,-0.26842,-1.14514,0.452811,-0.117102
936.5,-0.351234,-1.13215,0.388175,0.00619691
936.6,-0.424877,-1.11821,0.331913,0.0813668
936.7,-0.490175,-1.10418,0.282818,0.132355
936.8,-0.547945,-1.09064,0.239835,0.169062
936.9,-0.59897,-1.078,0.202064,0.196558
937,-0.643989,-1.0665,0.168742,0.217778
937.1,-0.683692,-1.0563,0.139235,0.234556
937.2,-0.718713,-1.04748,0.113022,0.248109
937.3,-0.749629,-1.04006,0.0896749,0.259267
937.4,-0.776964,-1.03402,0.0688506,0.268611
937.5,-0.80119,-1.02934,0.0502735,0.276558
937.6,-0.822727,-1.02595,0.0337262,0.283407
937.7,-0.841951,-1.02376,0.0190387,0.289375
937.8,-0.859193,-1.02271,0.00608015,0.294623
937.9,-0.874745,-1.02269,-0.0052489,0.299261
938,-0.88886,-1.02359,-0.0150232,0.303372
938.1,-0.901759,-1.02532,-0.0232986,0.307014
938.2,-0.913631,-1.02776,-0.0301168,0.310223
938.3,-0.924633,-1.03078,-0.0355103,0.313027
938.4,-0.934901,-1.03428,-0.0395058,0.315443
938.5,-0.944542,-1.03813,-0.0421282,0.317476
938.6,-0.953644,-1.0422,-0.0434035,0.319133
938.7,-0.962272,-1.04637,-0.0433618,0.320414
938.8,-0.970476,-1.0505,-0.0420393,0.321318
938.9,-0.978285,-1.05448,-0.039481,0.321844
939,-0.985718,-1.05819,-0.0357425,0.321991
939.1,-0.992778,-1.06149,-0.0308908,0.321759
939.2,-0.999457,-1.06428,-0.0250065,0.321152
939.3,-1.00574,-1.06646,-0.0181837,0.320176
939.4,-1.01159,-1.06791,-0.0105305,0.31883
939.5,-1.01699,-1.06856,-0.00216927,0.317137
939.6,-1.02189,-1.06833,0.00676443,0.315111
939.7,-1.02626,-1.06716,0.0161227,0.312769
939.8,-1.03006,-1.06501,0.0257468,0.310137
939.9,-1.03324,-1.06185,0.0354695,0.307245
940,-1.03577,-1.05768,0.045117,0.304129
940.1,-1.03761,-1.05251,0.0545122,0.300828
940.2,-1.03874,-1.04638,0.0634776,0.297384
940.3,-1.03913,-1.03935,0.0718386,0.29385
940.4,-1.03878,-1.03148,0.0794269,0.290279
940.5,-1.03767,-1.02288,0.0860839,0.286718
940.6,-1.03582,-1.01366,0.091664,0.283259
940.7,-1.03325,-1.00393,0.0960374,0.27992
940.8,-1.02997,-0.993858,0.099093,0.276785
940.9,-1.02604,-0.983573,0.10074,0.273913
941,-1.0215,-0.973238,0.100911,0.271375
941.1,-1.01641,-0.963011,0.0995617,0.269222
941.2,-1.01084,-0.953052,0.0966713,0.267506
941.3,-1.00488,-0.943518,0.0922443,0.266274
941.4,-0.998601,-0.934562,0.0863089,0.265572
941.5,-0.992102,-0.926327,0.0789161,0.265438
941.6,-0.985479,-0.918946,0.070139,0.265861
941.7,-0.978829,-0.912541,0.0600708,0.266896
941.8,-0.972255,-0.90722,0.0488236,0.26852
941.9,-0.965856,-0.903076,0.0365262,0.270728
942,-0.959732,-0.900188,0.0233221,0.273492
942.1,-0.953979,-0.898618,0.00936812,0.276789
942.2,-0.948689,-0.898413,-0.0051678,0.280569
942.3,-0.943952,-0.899606,-0.0201082,0.284783
942.4,-0.939846,-0.902213,-0.0352679,0.28937
942.5,-0.936448,-0.906233,-0.0504552,0.294268
942.6,-0.933824,-0.911655,-0.0654735,0.299406
942.7,-0.932033,-0.91845,-0.0801228,0.30471
942.8,-0.931123,-0.926574,-0.0942008,0.310107
942.9,-0.931135,-0.935971,-0.107504,0.31552
943,-0.932098,-0.946568,-0.119831,0.320876
943.1,-0.934033,-0.958278,-0.130979,0.326101
943.2,-0.936948,-0.970999,-0.140753,0.331125
943.3,-0.94084,-0.984611,-0.148961,0.33588
943.4,-0.945696,-0.998981,-0.155421,0.340297
943.5,-0.951486,-1.01395,-0.15996,0.344318
943.6,-0.958174,-1.02936,-0.162418,0.347882
943.7,-0.965704,-1.04501,-0.162654,0.350935
943.8,-0.974011,-1.0607,-0.160547,0.353423
943.9,-0.983013,-1.07621,-0.155999,0.3553
944,-0.992616,-1.09129,-0.148944,0.356523
944.1,-1.00271,-1.10569,-0.139348,0.357051
944.2,-1.01317,-1.11915,-0.127215,0.356851
944.3,-1.02386,-1.13138,-0.112595,0.355894
944.4,-1.03462,-1.14211,-0.0955815,0.354155
944.5,-1.0453,-1.15106,-0.0763222,0.351615
944.6,-1.05571,-1.15798,-0.055016,0.348277
944.7,-1.06569,-1.1626,-0.031917,0.344129
944.8,-1.07503,-1.16471,-0.00733307,0.339179
944.9,-1.08356,-1.16412,0.0183761,0.333455
945,-1.09109,-1.16069,0.044804,0.326985
945.1,-1.09742,-1.15433,0.0715038,0.319812
945.2,-1.10241,-1.145,0.0979976,0.311988
945.3,-1.10589,-1.13274,0.123787,0.311988
945.4,-1.10774,-1.11767,0.148368,0.311988
945.5,-1.10785,-1.09994,0.171241,0.311988
945.6,-1.10614,-1.07982,0.191927,0.311988
945.7,-1.10258,-1.05759,0.209986,0.311988
945.8,-1.09715,-1.03364,0.22502,0.311988
945.9,-1.08989,-1.00836,0.236696,0.311988
946,-1.08087,-0.982196,0.244744,0.311988
946.1,-1.0702,-0.955608,0.248969,0.311988
946.2,-1.05801,-0.929062,0.249255,0.311988
946.3,-1.04447,-0.903016,0.245558,0.311988
946.4,-1.02978,-0.877908,0.237912,0.311988
946.5,-1.01417,-0.854146,0.226413,0.311988
946.6,-0.99786,-0.832099,0.211224,0.311988
946.7,-0.981101,-0.812092,0.192556,0.20463
946.8,-0.964143,-0.7944,0.170665,0.205535
946.9,-0.947236,-0.779251,0.145841,0.208162
947,-0.930626,-0.766823,0.118401,0.212492
947.1,-0.914552,-0.757251,0.08868,0.218475
947.2,-0.899239,-0.750627,0.0570272,0.225992
947.3,-0.884898,-0.747008,0.0237981,0.234906
947.4,-0.871723,-0.746419,-0.0106473,0.245036
947.5,-0.859893,-0.74886,-0.045947,0.256183
947.6,-0.849567,-0.754311,-0.0817384,0.268136
947.7,-0.840886,-0.762734,-0.117658,0.280679
947.8,-0.833975,-0.77408,-0.153342,0.293601
947.9,-0.82894,-0.788289,-0.188423,0.306704
948,-0.825872,-0.805294,-0.222528,0.319803
948.1,-0.824847,-0.825019,-0.255281,0.33273
948.2,-0.825924,-0.847378,-0.286295,0.345336
948.3,-0.829151,-0.872276,-0.315173,0.357487
948.4,-0.834558,-0.899604,-0.341507,0.369062
948.5,-0.842163,-0.929231,-0.364877,0.379956
948.6,-0.85197,-0.961005,-0.384848,0.390073
948.7,-0.863963,-0.994739,-0.400978,0.399321
948.8,-0.878111,-1.03021,-0.412813,0.407618
948.9,-0.894361,-1.06714,-0.419898,0.414881
949,-0.912636,-1.10519,-0.421783,0.42103
949.1,-0.932833,-1.14398,-0.418028,0.425985
949.2,-0.954814,-1.18301,-0.408224,0.429666
949.3,-0.978408,-1.22173,-0.392004,0.431986
949.4,-1.0034,-1.25949,-0.369066,0.432863
949.5,-1.02953,-1.29553,-0.339196,0.432207
949.6,-1.05649,-1.32904,-0.302297,0.429936
949.7,-1.08391,-1.35909,-0.258416,0.425958
949.8,-1.11138,-1.38473,-0.207777,0.420189
949.9,-1.13841,-1.40494,-0.150804,0.412551
950,-1.1645,-1.41874,-0.0881536,0.402973
950.1,-1.18907,-1.42517,-0.0207212,0.391399
950.2,-1.21152,-1.42341,0.0503494,0.391399
950.3,-1.23124,-1.41278,0.12368,0.391399
950.4,-1.24763,-1.39285,0.197687,0.391399
950.5,-1.2601,-1.36345,0.270632,0.391399
950.6,-1.26814,-1.32476,0.340688,0.391399
950.7,-1.27129,-1.27728,0.406023,0.391399
950.8,-1.26924,-1.22187,0.464887,0.391399
950.9,-1.26177,-1.15971,0.515704,0.391399
951,-1.24883,-1.09224,0.557154,0.391399
951.1,-1.23051,-1.02112,0.588234,0.391399
951.2,-1.20706,-0.948067,0.6083,0.391399
951.3,-1.17887,-0.874842,0.617078,0.391399
951.4,-1.14645,-0.80311,0.614647,0.391399
951.5,-1.11042,-0.734379,0.601402,0.391399
951.6,-1.07148,-0.669937,0.577995,0.391399
951.7,-1.03036,-0.610816,0.545273,0.391399
951.8,-0.987821,-0.55778,0.504204,0.391399
951.9,-0.944596,-0.511328,0.455817,0.391399
952,-0.901394,-0.471716,0.401144,0.391399
952.1,-0.858868,-0.438996,0.341179,0.391399
952.2,-0.817604,-0.413048,0.276847,0.0298756
952.3,-0.778115,-0.393627,0.208985,0.0494774
952.4,-0.740839,-0.380404,0.138336,0.0747582
952.5,-0.706136,-0.372999,0.0655495,0.104469
952.6,-0.674297,-0.371014,-0.00881278,0.137171
952.7,-0.645544,-0.374061,-0.0842655,0.171464
952.8,-0.620047,-0.38178,-0.160387,0.206167
952.9,-0.597924,-0.393854,-0.236804,0.240388
953,-0.579254,-0.410021,-0.31318,0.273524
953.1,-0.56409,-0.43008,-0.3892,0.30521
953.2,-0.55246,-0.453895,-0.464557,0.335259
953.3,-0.544381,-0.481397,-0.538943,0.363602
953.4,-0.539867,-0.512583,-0.612033,0.390236
953.5,-0.53893,-0.547511,-0.683475,0.415208
953.6,-0.541592,-0.586301,-0.752882,0.438573
953.7,-0.547885,-0.629128,-0.819812,0.460394
953.8,-0.55786,-0.676215,-0.883764,0.480726
953.9,-0.571582,-0.727825,-0.944158,0.499616
954,-0.589141,-0.784249,-1.00032,0.517093
954.1,-0.610643,-0.845794,-1.05147,0.533172
954.2,-0.636216,-0.912761,-1.0967,0.547849
954.3,-0.666002,-0.985424,-1.13495,0.561088
954.4,-0.700152,-1.06399,-1.165,0.572849
954.5,-0.73882,-1.14857,-1.18546,0.583053
954.6,-0.782146,-1.23911,-1.19472,0.591598
954.7,-0.830243,-1.33532,-1.191,0.598349
954.8,-0.883171,-1.43661,-1.1723,0.603139
954.9,-0.940907,-1.54197,-1.13651,0.605754
955,-1.00331,-1.64987,-1.08138,0.605972
955.1,-1.07009,-1.75812,-1.00472,0.603475
955.2,-1.14071,-1.86378,-0.904491,0.597936
955.3,-1.21439,-1.96306,-0.779072,0.588962
955.4,-1.29001,-2.0513,-0.627556,0.57612
955.5,-1.36608,-2.12303,-0.450103,0.558923
955.6,-1.4407,-2.17219,-0.248332,0.558923
955.7,-1.51154,-2.19252,-0.0256941,0.558923
955.8,-1.57595,-2.17814,0.212282,0.558923
955.9,-1.63098,-2.1243,0.457944,0.558923
956,-1.67362,-2.02824,0.701801,0.558923
956.1,-1.701,-1.88989,0.933175,0.558923
956.2,-1.71067,-1.71237,1.14121,0.558923
956.3,-1.70089,-1.50207,1.31606,0.558923
956.4,-1.6708,-1.26809,1.45011,0.558923
956.5,-1.62059,-1.02129,1.53888,0.558923
956.6,-1.55152,-0.773034,1.5814,0.558923
956.7,-1.46576,-0.53383,1.58006,0.558923
956.8,-1.36619,-0.312326,1.53994,0.558923
956.9,-1.25613,-0.114656,1.46785,0.558923
957,-1.13904,0.0557123,1.37126,0.558923
957.1,-1.01825,0.197748,1.25748,0.558923
957.2,-0.896778,0.312374,1.13297,0.558923
957.3,-0.777194,0.401888,1.00301,0.558923
957.4,-0.661563,0.469405,0.871628,0.558923
957.5,-0.551434,0.518393,0.741659,0.558923
957.6,-0.447879,0.552338,0.614914,0.558923
957.7,-0.351542,0.574518,0.492412,0.558923
957.8,-0.26271,0.587879,0.374589,0.558923
957.9,-0.181381,0.59499,0.261489,0.558923
958,-0.107328,0.59803,0.152911,0.558923
958.1,-0.0401548,0.598823,0.0485308,-0.084623
958.2,0.0206551,0.598872,-0.0520227,0.0583257
958.3,0.0756975,0.599407,-0.149109,0.149583
958.4,0.125618,0.60143,-0.243042,0.216845
958.5,0.171085,0.605759,-0.334069,0.270097
958.6,0.212778,0.613064,-0.422358,0.314192
958.7,0.251364,0.623903,-0.507994,0.351865
958.8,0.287501,0.638748,-0.590978,0.384793
958.9,0.321822,0.658014,-0.671222,0.414064
959,0.354939,0.68207,-0.748552,0.440408
959.1,0.38744,0.711264,-0.822699,0.464326
959.2,0.419888,0.745929,-0.893299,0.486166
959.3,0.452825,0.786389,-0.959882,0.506166
959.4,0.486771,0.832966,-1.02186,0.524488
959.5,0.522228,0.885974,-1.07853,0.541234
959.6,0.559678,0.945708,-1.12901,0.55646
959.7,0.599585,1.01243,-1.1723,0.570179
959.8,0.64239,1.08634,-1.20717,0.58237
959.9,0.688507,1.16754,-1.23222,0.592978
960,0.738314,1.25597,-1.24582,0.601914
960.1,0.792137,1.35136,-1.2461,0.609051
960.2,0.85023,1.45313,-1.231,0.614225
960.3,0.912749,1.56027,-1.19822,0.617232
960.4,0.979715,1.67125,-1.14535,0.61782
960.5,1.05097,1.78383,-1.06994,0.615689
960.6,1.12611,1.89498,-0.969671,0.610488
960.7,1.20445,2.00073,-0.842591,0.60181
960.8,1.28495,2.09614,-0.687447,0.589192
960.9,1.36613,2.17529,-0.504078,0.572116
961,1.44606,2.23156,-0.293866,0.572116
961.1,1.52235,2.25795,-0.0601757,0.572116
961.2,1.59218,2.24777,0.191313,0.572116
961.3,1.65238,2.19546,0.452503,0.572116
961.4,1.6997,2.09751,0.713134,0.572116
961.5,1.73094,1.95344,0.961474,0.572116
961.6,1.74338,1.76632,1.18544,0.572116
961.7,1.73501,1.54295,1.37399,0.572116
961.8,1.70482,1.2933,1.51851,0.572116
961.9,1.65296,1.02941,1.61392,0.572116
962,1.58074,0.763905,1.65914,0.572116
962.1,1.49053,0.508486,1.65692,0.572116
962.2,1.38548,0.272701,1.61305,0.572116
962.3,1.26923,0.0632286,1.53525,0.572116
962.4,1.14553,-0.116286,1.43192,0.572116
962.5,1.01802,-0.264933,1.31118,0.572116
962.6,0.889949,-0.383953,1.18013,0.572116
962.7,0.764065,-0.476069,1.0445,0.572116
962.8,0.642555,-0.544836,0.908566,0.572116
962.9,0.527036,-0.594134,0.775256,0.572116
963,0.418605,-0.627795,0.646383,0.572116
963.1,0.3179,-0.649373,0.522895,0.572116
963.2,0.225181,-0.662019,0.405127,0.572116
963.3,0.140402,-0.668448,0.293007,0.572116
963.4,0.0632862,-0.670938,0.186227,0.572116
963.5,-0.00661521,-0.671372,0.0843645,-0.0911049
963.6,-0.0698698,-0.671286,-0.0130328,0.0528933
963.7,-0.127123,-0.671925,-0.106387,0.143567
963.8,-0.179065,-0.674289,-0.196056,0.209778
963.9,-0.226406,-0.679187,-0.282315,0.261815
964,-0.269857,-0.687268,-0.365346,0.304644
964.1,-0.310118,-0.699065,-0.445234,0.341044
964.2,-0.347869,-0.715017,-0.521967,0.372709
964.3,-0.383761,-0.735494,-0.595435,0.400728
964.4,-0.418418,-0.760817,-0.665431,0.425829
964.5,-0.452433,-0.791269,-0.731648,0.448501
964.6,-0.486367,-0.827102,-0.793678,0.469082
964.7,-0.520752,-0.868544,-0.851002,0.487797
964.8,-0.556088,-0.915795,-0.902987,0.504793
964.9,-0.592845,-0.96902,-0.948875,0.520157
965,-0.631463,-1.02833,-0.98777,0.533929
965.1,-0.672347,-1.09377,-1.01863,0.546107
965.2,-0.715861,-1.16526,-1.04027,0.556655
965.3,-0.762324,-1.2426,-1.05132,0.565501
965.4,-0.811991,-1.32537,-1.05029,0.572543
965.5,-0.865045,-1.41289,-1.03551,0.577644
965.6,-0.921568,-1.50412,-1.00525,0.580629
965.7,-0.981516,-1.5976,-0.957683,0.581291
965.8,-1.04469,-1.69136,-0.891066,0.57938
965.9,-1.11068,-1.78281,-0.803815,0.574611
966,-1.17886,-1.86872,-0.694715,0.566655
966.1,-1.2483,-1.9452,-0.563141,0.555148
966.2,-1.31777,-2.00773,-0.409332,0.539686
966.3,-1.38571,-2.05139,-0.234681,0.539686
966.4,-1.45022,-2.07109,-0.0420048,0.539686
966.5,-1.50911,-2.06208,0.164275,0.539686
966.6,-1.55999,-2.0204,0.378091,0.539686
966.7,-1.60037,-1.94359,0.591922,0.539686
966.8,-1.62787,-1.83117,0.797235,0.539686
966.9,-1.64041,-1.6851,0.985191,0.539686
967,-1.63639,-1.50984,1.14751,0.539686
967.1,-1.61493,-1.31211,1.27738,0.539686
967.2,-1.57594,-1.10023,1.37019,0.539686
967.3,-1.52018,-0.883288,1.42396,0.539686
967.4,-1.4492,-0.670107,1.4394,0.539686
967.5,-1.36518,-0.468411,1.41953,0.539686
967.6,-1.27077,-0.284195,1.36908,0.539686
967.7,-1.16883,-0.121435,1.29373,0.539686
967.8,-1.06223,0.0178915,1.19941,0.539686
967.9,-0.953665,0.133552,1.09169,0.539686
968,-0.845526,0.22667,0.97541,0.539686
968.1,-0.739827,0.299297,0.854508,0.539686
968.2,-0.638163,0.354026,0.731966,0.539686
968.3,-0.541718,0.393667,0.609894,0.539686
968.4,-0.451295,0.421016,0.489666,0.539686
968.5,-0.367361,0.438702,0.372078,0.539686
968.6,-0.290102,0.449098,0.2575,0.539686
968.7,-0.219473,0.454286,0.14601,0.539686
968.8,-0.15525,0.456054,0.0375023,-0.142987
968.9,-0.097074,0.455909,-0.0682296,0.0239215
969,-0.0444886,0.45511,-0.171434,0.126727
969.1,0.00302791,0.454699,-0.272359,0.201733
969.2,0.0460376,0.455535,-0.371226,0.260869
969.3,0.0851238,0.458333,-0.468216,0.309748
969.4,0.120876,0.463689,-0.563457,0.351485
969.5,0.15388,0.472113,-0.657021,0.387986
969.6,0.184712,0.484051,-0.748922,0.420489
969.7,0.213933,0.499911,-0.839113,0.449835
969.8,0.242087,0.520081,-0.927485,0.476609
969.9,0.269706,0.544947,-1.01386,0.501229
970,0.297306,0.574906,-1.09799,0.523996
970.1,0.325393,0.610381,-1.17955,0.545128
970.2,0.354469,0.651829,-1.25811,0.564782
970.3,0.385031,0.699747,-1.33314,0.583067
970.4,0.41758,0.754677,-1.40398,0.600052
970.5,0.452621,0.817203,-1.46982,0.615774
970.6,0.49067,0.887941,-1.52964,0.630242
970.7,0.532252,0.967523,-1.58223,0.643432
970.8,0.577904,1.05657,-1.6261,0.655292
970.9,0.628166,1.15564,-1.65945,0.665737
971,0.683576,1.26517,-1.68013,0.674644
971.1,0.744651,1.38536,-1.68556,0.681853
971.2,0.811864,1.51607,-1.67273,0.687151
971.3,0.885604,1.65663,-1.63815,0.690272
971.4,0.966125,1.8056,-1.57793,0.690888
971.5,1.05347,1.9605,-1.48781,0.688594
971.6,1.14738,2.11754,-1.36341,0.682904
971.7,1.2472,2.27124,-1.20059,0.673241
971.8,1.35168,2.41421,-0.995951,0.658924
971.9,1.45894,2.53701,-0.747675,0.639169
972,1.56625,2.62834,-0.456432,0.639169
972.1,1.67001,2.67571,-0.126455,0.639169
972.2,1.76577,2.66656,0.233536,0.639169
972.3,1.84836,2.59016,0.609872,0.639169
972.4,1.91228,2.43975,0.984319,0.639169
972.5,1.95216,2.2147,1.3356,0.639169
972.6,1.96347,1.92191,1.64204,0.639169
972.7,1.94312,1.57585,1.8849,0.639169
972.8,1.89001,1.19689,2.05149,0.639169
972.9,1.80523,0.808217,2.13723,0.639169
973,1.69198,0.432222,2.14584,0.639169
973.1,1.55511,0.0872949,2.08793,0.639169
973.2,1.40047,-0.214088,1.97835,0.639169
973.3,1.23425,-0.465795,1.83333,0.639169
973.4,1.06233,-0.667235,1.66809,0.639169
973.5,0.889912,-0.82187,1.49528,0.639169
973.6,0.721216,-0.93558,1.32444,0.639169
973.7,0.559455,-1.01527,1.162,0.639169
973.8,0.406869,-1.06782,1.01173,0.639169
973.9,0.264856,-1.09955,0.875421,0.639169
974,0.134125,-1.11583,0.753425,0.639169
974.1,0.01485,-1.12107,0.6452,0.639169
974.2,-0.0931837,-1.11877,0.549689,0.639169
974.3,-0.190464,-1.1116,0.465601,-0.26504
974.4,-0.277654,-1.10161,0.391588,-0.0658399
974.5,-0.355522,-1.09028,0.326361,0.0391518
974.6,-0.424882,-1.07871,0.268744,0.106517
974.7,-0.486561,-1.06766,0.217707,0.153832
974.8,-0.541366,-1.05767,0.172371,0.188923
974.9,-0.590071,-1.04909,0.132002,0.215964
975,-0.633403,-1.04214,0.0959992,0.237427
975.1,-0.672035,-1.03695,0.063879,0.254881
975.2,-0.706583,-1.03356,0.0352616,0.269363
975.3,-0.737607,-1.03196,0.00985372,0.281585
975.4,-0.765611,-1.03208,-0.0125653,0.292035
975.5,-0.791042,-1.03385,-0.0321564,0.30106
975.6,-0.814295,-1.03713,-0.049033,0.3089
975.7,-0.835715,-1.04178,-0.0632712,0.315729
975.8,-0.8556,-1.04764,-0.0749191,0.32166
975.9,-0.874201,-1.05454,-0.0840056,0.326778
976,-0.89173,-1.06226,-0.0905481,0.33113
976.1,-0.908359,-1.07061,-0.0945592,0.33475
976.2,-0.92422,-1.07937,-0.0960537,0.337656
976.3,-0.939416,-1.08829,-0.0950542,0.339858
976.4,-0.954013,-1.09714,-0.0915972,0.341356
976.5,-0.96805,-1.10568,-0.0857382,0.34215
976.6,-0.981539,-1.11366,-0.0775562,0.342238
976.7,-0.994466,-1.12083,-0.0671583,0.341615
976.8,-1.0068,-1.12694,-0.0546828,0.340286
976.9,-1.01847,-1.13176,-0.040302,0.33825
977,-1.02943,-1.13508,-0.0242241,0.335517
977.1,-1.03957,-1.13669,-0.00669316,0.332102
977.2,-1.04882,-1.13642,0.0120112,0.328025
977.3,-1.05706,-1.13413,0.0315765,0.323318
977.4,-1.0642,-1.12971,0.051661,0.318016
977.5,-1.07013,-1.12312,0.0718991,0.312171
977.6,-1.07477,-1.11433,0.0919082,0.305842
977.7,-1.07802,-1.10338,0.111297,0.299114
977.8,-1.07982,-1.09037,0.129672,0.299114
977.9,-1.08011,-1.07544,0.146652,0.299114
978,-1.07888,-1.05876,0.161874,0.299114
978.1,-1.07609,-1.04059,0.175001,0.299114
978.2,-1.07179,-1.0212,0.185737,0.299114
978.3,-1.066,-1.00089,0.193826,0.299114
978.4,-1.05879,-0.979988,0.199065,0.299114
978.5,-1.05027,-0.958849,0.201306,0.299114
978.6,-1.04055,-0.937819,0.200454,0.299114
978.7,-1.02977,-0.917246,0.196473,0.299114
978.8,-1.0181,-0.897464,0.18938,0.299114
978.9,-1.00571,-0.878786,0.179246,0.226967
979,-0.992781,-0.861501,0.166187,0.225655
979.1,-0.979518,-0.845869,0.150362,0.225582
979.2,-0.966119,-0.832114,0.131966,0.226882
979.3,-0.952784,-0.820428,0.111226,0.229342
979.4,-0.939713,-0.810966,0.0883913,0.233161
979.5,-0.927098,-0.803851,0.0637336,0.238223
979.6,-0.915123,-0.799174,0.0375384,0.244445
979.7,-0.903964,-0.796996,0.0101028,0.251723
979.8,-0.893782,-0.797355,-0.0182674,0.25993
979.9,-0.884726,-0.800263,-0.0472601,0.268922
980,-0.876932,-0.805712,-0.0765584,0.278545
980.1,-0.87052,-0.813679,-0.105842,0.288641
980.2,-0.865597,-0.824124,-0.134785,0.299052
980.3,-0.862253,-0.836993,-0.16306,0.309623
980.4,-0.860568,-0.852219,-0.190333,0.320215
980.5,-0.860602,-0.869723,-0.216268,0.330668
980.6,-0.862406,-0.889409,-0.240521,0.340876
980.7,-0.866012,-0.911168,-0.262745,0.350714
980.8,-0.871441,-0.934871,-0.282586,0.360075
980.9,-0.878697,-0.960365,-0.299688,0.368856
981,-0.887768,-0.987474,-0.313692,0.376969
981.1,-0.898625,-1.01599,-0.32424,0.384325
981.2,-0.911221,-1.04566,-0.330977,0.390844
981.3,-0.925486,-1.0762,-0.333563,0.396447
981.4,-0.941329,-1.10728,-0.331671,0.40106
981.5,-0.958633,-1.13851,-0.325007,0.404609
981.6,-0.97725,-1.16944,-0.313312,0.407025
981.7,-0.997005,-1.19957,-0.296383,0.408231
981.8,-1.01769,-1.22834,-0.274085,0.408164
981.9,-1.03905,-1.25514,-0.24637,0.406756
982,-1.0608,-1.27931,-0.213293,0.403947
982.1,-1.08264,-1.30016,-0.175032,0.399668
982.2,-1.10418,-1.31697,-0.131904,0.393876
982.3,-1.12506,-1.32906,-0.0843795,0.386524
982.4,-1.14484,-1.33575,-0.033089,0.377583
982.5,-1.16309,-1.33645,0.021172,0.367035
982.6,-1.17936,-1.33068,0.0774517,0.367035
982.7,-1.19321,-1.3181,0.134658,0.367035
982.8,-1.2042,-1.29852,0.191587,0.367035
982.9,-1.21195,-1.272,0.246961,0.367035
983,-1.21611,-1.23879,0.299473,0.367035
983.1,-1.21641,-1.19936,0.347843,0.367035
983.2,-1.21265,-1.15443,0.390874,0.367035
983.3,-1.20475,-1.10489,0.4275,0.367035
983.4,-1.1927,-1.0518,0.456836,0.367035
983.5,-1.17662,-0.996319,0.478211,0.367035
983.6,-1.15673,-0.939675,0.491189,0.367035
983.7,-1.13333,-0.883086,0.495575,0.367035
983.8,-1.10682,-0.82772,0.491402,0.367035
983.9,-1.07767,-0.774642,0.478915,0.367035
984,-1.0464,-0.724782,0.458529,0.367035
984.1,-1.01354,-0.67891,0.4308,0.367035
984.2,-0.979657,-0.637627,0.396379,0.367035
984.3,-0.945313,-0.601363,0.355974,0.367035
984.4,-0.911041,-0.570391,0.310319,0.367035
984.5,-0.877345,-0.544843,0.260144,0.0930349
984.6,-0.844688,-0.524731,0.206151,0.104507
984.7,-0.813484,-0.509977,0.149004,0.120152
984.8,-0.784099,-0.500431,0.0893194,0.139422
984.9,-0.756846,-0.4959,0.0276617,0.161611
985,-0.73199,-0.496169,-0.0354521,0.185938
985.1,-0.709748,-0.501017,-0.099549,0.211629
985.2,-0.690296,-0.510233,-0.164193,0.237988
985.3,-0.673777,-0.523627,-0.228974,0.264434
985.4,-0.660299,-0.541041,-0.293503,0.290513
985.5,-0.649951,-0.562353,-0.357397,0.315891
985.6,-0.6428,-0.587479,-0.420274,0.340333
985.7,-0.638903,-0.616376,-0.481736,0.363688
985.8,-0.63831,-0.64904,-0.541369,0.385857
985.9,-0.641065,-0.685504,-0.598723,0.406782
986,-0.647213,-0.725829,-0.653307,0.426429
986.1,-0.656804,-0.770101,-0.704579,0.444776
986.2,-0.669891,-0.818417,-0.751933,0.461807
986.3,-0.686529,-0.870874,-0.794689,0.477499
986.4,-0.70678,-0.927555,-0.832088,0.491828
986.5,-0.730704,-0.988501,-0.863273,0.504754
986.6,-0.758357,-1.05369,-0.887292,0.516227
986.7,-0.789784,-1.12302,-0.903088,0.526178
986.8,-0.825008,-1.19623,-0.9095,0.534521
986.9,-0.864019,-1.27291,-0.905275,0.541148
987,-0.906757,-1.35241,-0.889083,0.545928
987.1,-0.953092,-1.43379,-0.859555,0.548705
987.2,-1.0028,-1.51577,-0.815334,0.549296
987.3,-1.05555,-1.59668,-0.755155,0.547493
987.4,-1.11084,-1.67441,-0.677949,0.543057
987.5,-1.16801,-1.74636,-0.582982,0.535724
987.6,-1.22618,-1.80951,-0.470019,0.525201
987.7,-1.28427,-1.86043,-0.339506,0.511179
987.8,-1.34093,-1.89547,-0.192762,0.511179
987.9,-1.39462,-1.91092,-0.0321356,0.511179
988,-1.44358,-1.90337,0.138885,0.511179
988.1,-1.48594,-1.87004,0.315678,0.511179
988.2,-1.51977,-1.80919,0.492624,0.511179
988.3,-1.54324,-1.72046,0.663407,0.511179
988.4,-1.55473,-1.60515,0.821464,0.511179
988.5,-1.55298,-1.46632,0.960551,0.511179
988.6,-1.53723,-1.30859,1.07532,0.511179
988.7,-1.50729,-1.13783,1.16184,0.511179
988.8,-1.46358,-0.960585,1.21791,0.511179
988.9,-1.40712,-0.783481,1.24321,0.511179
989,-1.33944,-0.612602,1.23912,0.511179
989.1,-1.26244,-0.453023,1.20843,0.511179
989.2,-1.17829,-0.30851,1.15485,0.511179
989.3,-1.08923,-0.181429,1.08255,0.511179
989.4,-0.997442,-0.0728216,0.995741,0.511179
989.5,-0.904945,0.0174019,0.898303,0.511179
989.6,-0.813518,0.0901973,0.793617,0.511179
989.7,-0.724646,0.147117,0.684441,0.511179
989.8,-0.639507,0.190063,0.572905,0.511179
989.9,-0.558976,0.221083,0.460561,0.511179
990,-0.48365,0.24222,0.34847,0.511179
990.1,-0.413881,0.25541,0.237297,0.511179
990.2,-0.349808,0.262419,0.127409,-0.344902
990.3,-0.2914,0.26481,0.0189608,-0.112673
990.4,-0.238491,0.263941,-0.0880381,0.0243314
990.5,-0.19081,0.260963,-0.193665,0.121161
990.6,-0.148011,0.256843,-0.298043,0.195701
990.7,-0.1097,0.252382,-0.401316,0.256144
990.8,-0.075449,0.248236,-0.503626,0.306947
990.9,-0.0448142,0.244944,-0.605102,0.350802
991,-0.0173486,0.242945,-0.705855,0.389449
991.1,0.00739076,0.242605,-0.80597,0.424068
991.2,0.0298364,0.244232,-0.905513,0.455489
991.3,0.0504069,0.248094,-1.00452,0.48431
991.4,0.0695056,0.254439,-1.10301,0.510974
991.5,0.0875204,0.263507,-1.20098,0.535815
991.6,0.104826,0.275546,-1.29839,0.559088
991.7,0.121784,0.290822,-1.39518,0.580991
991.8,0.138751,0.309634,-1.49127,0.601679
991.9,0.156078,0.332328,-1.58654,0.621275
992,0.17412,0.359303,-1.68084,0.639875
992.1,0.193237,0.391031,-1.77395,0.657557
992.2,0.213807,0.428061,-1.86562,0.67438
992.3,0.236225,0.471039,-1.95552,0.690386
992.4,0.260917,0.520719,-2.04321,0.705605
992.5,0.288346,0.577973,-2.12814,0.72005
992.6,0.31902,0.643805,-2.20961,0.733722
992.7,0.3535,0.719361,-2.28673,0.746603
992.8,0.392412,0.805931,-2.35832,0.758656
992.9,0.436448,0.904947,-2.42292,0.769822
993,0.486381,1.01796,-2.47861,0.780014
993.1,0.543061,1.14661,-2.52298,0.78911
993.2,0.607411,1.29252,-2.55292,0.796944
993.3,0.68042,1.4572,-2.5645,0.803298
993.4,0.76311,1.64181,-2.55279,0.807884
993.5,0.856485,1.84682,-2.51167,0.810329
993.6,0.961451,2.07158,-2.43373,0.810154
993.7,1.07868,2.31359,-2.31019,0.806752
993.8,1.20842,2.56769,-2.13115,0.799355
993.9,1.35024,2.82494,-1.88613,0.78701
994,1.50266,3.07151,-1.56527,0.768544
994.1,1.66275,3.2878,-1.16133,0.742537
994.2,1.82572,3.44829,-0.672617,0.742537
994.3,1.98454,3.5229,-0.106609,0.742537
994.4,2.12993,3.48067,0.516541,0.742537
994.5,2.25074,3.29598,1.16215,0.742537
994.6,2.33501,2.95641,1.78278,0.742537
994.7,2.37169,2.46994,2.32499,0.742537
994.8,2.35264,1.86763,2.74029,0.742537
994.9,2.27446,1.19948,2.99699,0.742537
995,2.13931,0.523806,3.0879,0.742537
995.1,1.95457,-0.105896,3.03055,0.742537
995.2,1.73133,-0.65124,2.8602,0.742537
995.3,1.48238,-1.09309,2.61939,0.742537
995.4,1.2202,-1.42962,2.34846,0.742537
995.5,0.95567,-1.67091,2.07957,0.742537
995.6,0.697325,-1.83282,1.83478,0.742537
995.7,0.451309,-1.93224,1.62683,0.742537
995.8,0.221648,-1.98416,1.46122,0.742537
995.9,0.0107086,-2.00037,1.3384,0.742537
996,-0.180326,-1.98931,1.25565,0.742537
996.1,-0.351044,-1.95651,1.2084,0.742537
996.2,-0.501483,-1.90529,1.19103,0.742537
996.3,-0.63192,-1.8375,1.19739,0.742537
996.4,-0.742739,-1.75425,1.22113,0.742537
996.5,-0.834376,-1.65642,1.25589,0.742537
996.6,-0.907321,-1.54512,1.29556,0.742537
996.7,-0.962143,-1.42196,1.33448,0.742537
996.8,-0.999543,-1.28917,1.36766,0.742537
996.9,-1.02039,-1.14958,1.391,0.742537
997,-1.02578,-1.00644,1.40143,0.742537
997.1,-1.017,-0.863235,1.39701,0.742537
997.2,-0.995559,-0.723395,1.3769,0.742537
997.3,-0.963146,-0.590046,1.34125,0.742537
997.4,-0.92155,-0.465804,1.291,0.742537
997.5,-0.872612,-0.352647,1.22769,0.742537
997.6,-0.818154,-0.251857,1.1532,0.742537
997.7,-0.759912,-0.164043,1.06957,0.742537
997.8,-0.699486,-0.0892134,0.978776,0.742537
997.9,-0.638299,-0.0268845,0.882623,0.742537
998,-0.577576,0.0237949,0.782686,0.742537
998.1,-0.518328,0.0639238,0.680258,0.742537
998.2,-0.46136,0.0947409,0.576353,0.742537
998.3,-0.407279,0.117536,0.471729,0.742537
998.4,-0.356511,0.133582,0.366925,0.742537
998.5,-0.309325,0.144087,0.262298,-0.756641
998.6,-0.265852,0.150161,0.158064,-0.288242
998.7,-0.226112,0.152804,0.0543373,-0.101385
998.8,-0.190032,0.152891,-0.0488421,0.0190991
998.9,-0.15747,0.15118,-0.151482,0.108379
999,-0.12823,0.148317,-0.253619,0.179347
999.1,-0.102078,0.14484,-0.355304,0.238272
999.2,-0.0787571,0.141198,-0.456595,0.288699
999.3,-0.0579949,0.137758,-0.557546,0.332831
999.4,-0.0395137,0.134821,-0.658208,0.372126
999.5,-0.0230363,0.13263,-0.758625,0.407598
999.6,-0.00829104,0.131386,-0.85883,0.439973
999.7,0.00498534,0.131257,-0.95885,0.46979
999.8,0.0170459,0.132388,-1.0587,0.497458
999.9,0.0281325,0.134909,-1.1584,0.523291
1000,0.0384765,0.138948,-1.25794,0.547536
