time,x,y,z,L
0,-1,2,3,0
0.1,-0.910137,2.00474,2.80093,-inf
0.2,-0.84087,2.0179,2.60699,-inf
0.3,-0.792242,2.03778,2.42204,-inf
0.4,-0.76379,2.06264,2.24888,-inf
0.5,-0.75464,2.0907,2.08949,-inf
0.6,-0.763573,2.1202,1.94529,-inf
0.7,-0.789071,2.14945,1.81737,-inf
0.8,-0.829354,2.17681,1.70662,-inf
0.9,-0.882396,2.20078,1.61386,-inf
1,-0.945954,2.21998,1.5398,-inf
1.1,-1.01759,2.23321,1.48504,-inf
1.2,-1.0947,2.23948,1.44997,-inf
1.3,-1.17457,2.238,1.43467,-inf
1.4,-1.25444,2.22823,1.43874,-inf
1.5,-1.33157,2.20988,1.46122,-inf
1.6,-1.40333,2.18294,1.50045,-inf
1.7,-1.46731,2.14763,1.55409,-inf
1.8,-1.52139,2.10444,1.61912,-inf
1.9,-1.56387,2.05406,1.69192,-inf
2,-1.59349,1.9974,1.76849,-inf
2.1,-1.60949,1.93547,1.84466,-inf
2.2,-1.61166,1.86944,1.91632,-inf
2.3,-1.60029,1.80049,1.97971,-inf
2.4,-1.57615,1.72983,2.03161,-inf
2.5,-1.54039,1.65862,2.06954,-inf
2.6,-1.4945,1.58796,2.09185,-inf
2.7,-1.44021,1.51882,2.09776,-inf
2.8,-1.37934,1.45206,2.08728,-inf
2.9,-1.31379,1.38837,2.06117,-inf
3,-1.24538,1.32829,2.02078,-inf
3.1,-1.17584,1.27223,1.96785,-inf
3.2,-1.10674,1.2204,1.90443,-inf
3.3,-1.03946,1.17293,1.83267,-inf
3.4,-0.975146,1.12978,1.7547,-inf
3.5,-0.914752,1.09082,1.67256,-inf
3.6,-0.859006,1.05582,1.58812,-inf
3.7,-0.808435,1.02449,1.50302,-inf
3.8,-0.763383,0.996453,1.41866,-inf
3.9,-0.724027,0.971313,1.33619,-inf
4,-0.690396,0.948628,1.25654,-inf
4.1,-0.662394,0.927942,1.18042,-inf
4.2,-0.639817,0.908788,1.10835,-inf
4.3,-0.622369,0.890704,1.04072,-inf
4.4,-0.60968,0.873237,0.977736,-inf
4.5,-0.601316,0.855951,0.919535,-inf
4.6,-0.596795,0.838436,0.866142,-inf
4.7,-0.595596,0.820314,0.817513,-inf
4.8,-0.597168,0.80124,0.773541,-inf
4.9,-0.600944,0.78091,0.734065,-inf
5,-0.606344,0.759063,0.698878,-inf
5.1,-0.612788,0.735484,0.66773,-inf
5.2,-0.619706,0.710006,0.640331,-inf
5.3,-0.626542,0.682513,0.616357,-inf
5.4,-0.632766,0.652935,0.595446,-inf
5.5,-0.63788,0.621255,0.577212,-inf
5.6,-0.64143,0.587502,0.561241,-inf
5.7,-0.643005,0.551752,0.547105,-inf
5.8,-0.64225,0.514123,0.534365,-inf
5.9,-0.638867,0.474773,0.522585,-inf
6,-0.632619,0.433897,0.51134,-inf
6.1,-0.62333,0.391719,0.500229,-inf
6.2,-0.610889,0.34849,0.488887,-inf
6.3,-0.595244,0.304484,0.47699,-inf
6.4,-0.576399,0.259988,0.464272,-inf
6.5,-0.554415,0.215304,0.450525,-inf
6.6,-0.529398,0.170739,0.435606,-inf
6.7,-0.501497,0.126602,0.419442,-inf
6.8,-0.470896,0.0832018,0.402026,-inf
6.9,-0.437807,0.040843,0.383415,-inf
7,-0.402463,-0.000177829,0.363727,-inf
7.1,-0.365111,-0.0395733,0.34313,-inf
7.2,-0.326008,-0.0770672,0.32184,-inf
7.3,-0.285416,-0.112396,0.300107,-inf
7.4,-0.243594,-0.145309,0.278207,-inf
7.5,-0.200797,-0.175569,0.256432,-inf
7.6,-0.157275,-0.202953,0.235084,-inf
7.7,-0.113269,-0.227252,0.214461,-inf
7.8,-0.0690084,-0.248269,0.194852,-inf
7.9,-0.024717,-0.265822,0.176531,-inf
8,0.0193922,-0.27974,0.159748,0.0228321
8.1,0.0631129,-0.289867,0.144726,0.0712501
8.2,0.106245,-0.296058,0.131657,0.115301
8.3,0.148591,-0.298182,0.120698,0.155401
8.4,0.189955,-0.296121,0.111966,0.191903
8.5,0.230142,-0.289771,0.10554,0.225121
8.6,0.26895,-0.279043,0.101456,0.255318
8.7,0.306171,-0.263864,0.0997062,0.282717
8.8,0.34159,-0.24418,0.100238,0.307495
8.9,0.374977,-0.219956,0.102955,0.329795
9,0.406088,-0.19118,0.107713,0.349724
9.1,0.434666,-0.157865,0.114323,0.367356
9.2,0.46043,-0.120052,0.122549,0.382736
9.3,0.483083,-0.0778142,0.132112,0.395875
9.4,0.502305,-0.0312594,0.142686,0.406757
9.5,0.517755,0.0194647,0.153909,0.415333
9.6,0.529069,0.0741666,0.165379,0.42152
9.7,0.535867,0.132607,0.176668,0.4252
9.8,0.537746,0.194494,0.187323,0.426213
9.9,0.534293,0.259479,0.196883,0.42435
10,0.525085,0.327154,0.20489,0.41935
10.1,0.5097,0.397043,0.210909,0.41088
10.2,0.487723,0.468606,0.214546,0.398524
10.3,0.458762,0.541233,0.215481,0.381754
10.4,0.422462,0.614243,0.213487,0.359903
10.5,0.378522,0.686889,0.208472,0.332107
10.6,0.326719,0.758355,0.200502,0.297238
10.7,0.26693,0.827767,0.189844,0.25379
10.8,0.19916,0.894202,0.176987,0.199697
10.9,0.123569,0.956693,0.162668,0.132065
11,0.0405033,1.01425,0.147882,0.0467148
11.1,-0.0494818,1.06589,0.133875,0.0467148
11.2,-0.145595,1.11063,0.12212,0.0467148
11.3,-0.246792,1.14753,0.114261,0.0467148
11.4,-0.351771,1.17575,0.112034,0.0467148
11.5,-0.458975,1.19452,0.117162,0.0467148
11.6,-0.56661,1.20322,0.13122,0.0467148
11.7,-0.672684,1.2014,0.155491,0.0467148
11.8,-0.775062,1.18877,0.190814,0.0467148
11.9,-0.871535,1.16528,0.23745,0.0467148
12,-0.959907,1.13108,0.294976,0.0467148
12.1,-1.03809,1.08657,0.362227,0.0467148
12.2,-1.10419,1.03236,0.437307,0.0467148
12.3,-1.15663,0.96928,0.517666,0.0467148
12.4,-1.19418,0.898332,0.600245,0.0467148
12.5,-1.21606,0.820689,0.681679,0.0467148
12.6,-1.22195,0.737633,0.758539,0.0467148
12.7,-1.212,0.650523,0.827577,0.0467148
12.8,-1.18681,0.560749,0.88596,0.0467148
12.9,-1.14735,0.469691,0.93146,0.0467148
13,-1.09494,0.378681,0.962581,0.0467148
13.1,-1.03112,0.288974,0.978619,0.0467148
13.2,-0.957589,0.20172,0.979648,0.0467148
13.3,-0.876121,0.117951,0.966454,0.0467148
13.4,-0.788464,0.0385701,0.94042,0.0467148
13.5,-0.696291,-0.0356484,0.903376,0.0467148
13.6,-0.601149,-0.104057,0.857453,0.0467148
13.7,-0.50442,-0.166125,0.804933,0.0467148
13.8,-0.407306,-0.221428,0.748113,0.0467148
13.9,-0.310818,-0.269632,0.689202,0.0467148
14,-0.215786,-0.310481,0.630237,0.0467148
14.1,-0.122867,-0.343782,0.573028,0.0467148
14.2,-0.0325696,-0.369392,0.519122,0.0467148
14.3,0.0547287,-0.387205,0.469795,0.0622725
14.4,0.138755,-0.397145,0.426053,0.146346
14.5,0.219315,-0.399152,0.388644,0.216375
14.6,0.296276,-0.393184,0.358077,0.275574
14.7,0.369539,-0.379205,0.334649,0.32623
14.8,0.439021,-0.357189,0.318464,0.369991
14.9,0.50464,-0.327115,0.309456,0.408063
15,0.566298,-0.28897,0.30741,0.441345
15.1,0.623867,-0.242754,0.311975,0.4705
15.2,0.67718,-0.188479,0.32268,0.496026
15.3,0.726017,-0.126181,0.338941,0.518284
15.4,0.770101,-0.0559196,0.360065,0.537529
15.5,0.809087,0.0222086,0.385257,0.55393
15.6,0.842559,0.108064,0.413622,0.567577
15.7,0.870021,0.201452,0.444166,0.57849
15.8,0.890896,0.302115,0.475798,0.586623
15.9,0.904523,0.409717,0.507339,0.591857
16,0.910158,0.523834,0.537532,0.594006
16.1,0.906974,0.643938,0.565064,0.592793
16.2,0.894071,0.769388,0.588591,0.587848
16.3,0.870484,0.899411,0.606783,0.578673
16.4,0.835204,1.0331,0.618383,0.564611
16.5,0.787198,1.16938,0.622285,0.544791
16.6,0.725453,1.30704,0.617629,0.518027
16.7,0.649014,1.44469,0.603926,0.482708
16.8,0.557051,1.58077,0.581192,0.436493
16.9,0.448928,1.71358,0.550098,0.375929
17,0.324295,1.84127,0.512121,0.295546
17.1,0.183183,1.9619,0.46968,0.186095
17.2,0.0261196,2.07342,0.426222,0.0305809
17.3,-0.145769,2.17378,0.386239,0.0305809
17.4,-0.330654,2.26099,0.35518,0.0305809
17.5,-0.525926,2.33315,0.339212,0.0305809
17.6,-0.728165,2.38861,0.344824,0.0305809
17.7,-0.933151,2.42599,0.37827,0.0305809
17.8,-1.13597,2.44433,0.444865,0.0305809
17.9,-1.33116,2.44315,0.548227,0.0305809
18,-1.51303,2.42253,0.689548,0.0305809
18.1,-1.67592,2.38312,0.867039,0.0305809
18.2,-1.81462,2.32617,1.07567,0.0305809
18.3,-1.92473,2.2535,1.30729,0.0305809
18.4,-2.00301,2.16742,1.55123,0.0305809
18.5,-2.04761,2.07059,1.79521,0.0305809
18.6,-2.05824,1.96596,2.02657,0.0305809
18.7,-2.03614,1.85655,2.2335,0.0305809
18.8,-1.98394,1.74536,2.4062,0.0305809
18.9,-1.90539,1.63519,2.53765,0.0305809
19,-1.80507,1.52858,2.62405,0.0305809
19.1,-1.68801,1.42769,2.6648,0.0305809
19.2,-1.55935,1.33426,2.66213,0.0305809
19.3,-1.42403,1.24962,2.62047,0.0305809
19.4,-1.2866,1.17465,2.54576,0.0305809
19.5,-1.15103,1.10987,2.44467,0.0305809
19.6,-1.02064,1.05543,2.32403,0.0305809
19.7,-0.898089,1.01119,2.19025,0.0305809
19.8,-0.785401,0.976764,2.04906,0.0305809
19.9,-0.684024,0.951563,1.90526,0.0305809
20,-0.594903,0.934848,1.76271,0.0305809
20.1,-0.518567,0.925767,1.62432,0.0305809
20.2,-0.455206,0.92339,1.49219,0.0305809
20.3,-0.404743,0.92673,1.36768,0.0305809
20.4,-0.366891,0.934772,1.25161,0.0305809
20.5,-0.341204,0.946485,1.14435,0.0305809
20.6,-0.327108,0.960837,1.04601,0.0305809
20.7,-0.323928,0.97681,0.956501,0.0305809
20.8,-0.330902,0.993405,0.875633,0.0305809
20.9,-0.34719,1.00965,0.803208,0.0305809
21,-0.371874,1.02463,0.739047,0.0305809
21.1,-0.403964,1.03746,0.683023,0.0305809
21.2,-0.442393,1.04732,0.635065,0.0305809
21.3,-0.486023,1.05348,0.595151,0.0305809
21.4,-0.533645,1.05526,0.56328,0.0305809
21.5,-0.583987,1.0521,0.53944,0.0305809
21.6,-0.635731,1.04354,0.523563,0.0305809
21.7,-0.687529,1.02921,0.51548,0.0305809
21.8,-0.738028,1.00889,0.514873,0.0305809
21.9,-0.785898,0.982481,0.521242,0.0305809
22,-0.829864,0.949992,0.533879,0.0305809
22.1,-0.868744,0.911578,0.551856,0.0305809
22.2,-0.90148,0.867512,0.57404,0.0305809
22.3,-0.927166,0.818181,0.599118,0.0305809
22.4,-0.945084,0.764076,0.625648,0.0305809
22.5,-0.954714,0.705778,0.652118,0.0305809
22.6,-0.95575,0.643939,0.677027,0.0305809
22.7,-0.948102,0.579264,0.698952,0.0305809
22.8,-0.931885,0.512496,0.716626,0.0305809
22.9,-0.907408,0.44439,0.729001,0.0305809
23,-0.875147,0.375703,0.73529,0.0305809
23.1,-0.835715,0.307173,0.735006,0.0305809
23.2,-0.789835,0.239507,0.727961,0.0305809
23.3,-0.738298,0.173371,0.714265,0.0305809
23.4,-0.681937,0.109381,0.694292,0.0305809
23.5,-0.621595,0.0480995,0.66865,0.0305809
23.6,-0.558097,-0.00996916,0.638126,0.0305809
23.7,-0.49223,-0.0643769,0.603642,0.0305809
23.8,-0.424727,-0.114731,0.566198,0.0305809
23.9,-0.356255,-0.16069,0.526827,0.0305809
24,-0.28741,-0.20196,0.486552,0.0305809
24.1,-0.218715,-0.238291,0.446353,0.0305809
24.2,-0.15062,-0.269466,0.407137,0.0305809
24.3,-0.083512,-0.295305,0.369718,0.0305809
24.4,-0.0177152,-0.315652,0.334806,0.0305809
24.5,0.0464957,-0.330373,0.302999,0.0533332
24.6,0.108888,-0.339355,0.274781,0.117894
24.7,0.16926,-0.342501,0.250519,0.173951
24.8,0.227435,-0.339727,0.230475,0.222948
24.9,0.283247,-0.330965,0.214804,0.266016
25,0.336535,-0.316158,0.203563,0.304032
25.1,0.387135,-0.295262,0.196716,0.337677
25.2,0.434869,-0.268251,0.19414,0.36748
25.3,0.479544,-0.235113,0.195629,0.393846
25.4,0.52094,-0.19586,0.200899,0.417083
25.5,0.558808,-0.150527,0.209593,0.43742
25.6,0.592863,-0.0991784,0.221279,0.455015
25.7,0.622785,-0.0419117,0.235457,0.469968
25.8,0.648209,0.0211339,0.25156,0.482322
25.9,0.668727,0.0897732,0.26896,0.492067
26,0.683888,0.163767,0.28697,0.499145
26.1,0.693195,0.242817,0.304854,0.503438
26.2,0.696109,0.326553,0.32184,0.504775
26.3,0.692054,0.414532,0.337133,0.502914
26.4,0.680422,0.506227,0.349939,0.497536
26.5,0.660585,0.601018,0.359494,0.488223
26.6,0.631906,0.69819,0.365097,0.474436
26.7,0.593763,0.796928,0.366163,0.455472
26.8,0.545566,0.896311,0.362268,0.430404
26.9,0.486794,0.995314,0.353217,0.397995
27,0.417028,1.09281,0.339107,0.356547
27.1,0.335991,1.18758,0.320398,0.303658
27.2,0.243601,1.27832,0.297978,0.235793
27.3,0.140023,1.36367,0.27321,0.147523
27.4,0.0257198,1.44222,0.247966,0.0300895
27.5,-0.0984915,1.51257,0.224619,0.0300895
27.6,-0.231393,1.57333,0.205987,0.0300895
27.7,-0.371335,1.6232,0.195221,0.0300895
27.8,-0.516215,1.66102,0.195626,0.0300895
27.9,-0.663497,1.68576,0.21042,0.0300895
28,-0.810248,1.69668,0.242435,0.0300895
28.1,-0.953222,1.69327,0.293788,0.0300895
28.2,-1.08898,1.67536,0.365563,0.0300895
28.3,-1.21403,1.64313,0.457536,0.0300895
28.4,-1.32502,1.59711,0.568006,0.0300895
28.5,-1.41891,1.53819,0.693752,0.0300895
28.6,-1.49316,1.4676,0.830175,0.0300895
28.7,-1.54589,1.38687,0.971585,0.0300895
28.8,-1.57598,1.29773,1.11164,0.0300895
28.9,-1.58315,1.2021,1.24388,0.0300895
29,-1.56794,1.10198,1.36224,0.0300895
29.1,-1.53165,0.999374,1.46159,0.0300895
29.2,-1.47624,0.896217,1.53807,0.0300895
29.3,-1.40417,0.794324,1.58932,0.0300895
29.4,-1.31821,0.695328,1.61453,0.0300895
29.5,-1.22132,0.600652,1.61439,0.0300895
29.6,-1.11643,0.511488,1.59079,0.0300895
29.7,-1.00636,0.428796,1.54659,0.0300895
29.8,-0.893681,0.353303,1.48525,0.0300895
29.9,-0.780671,0.285529,1.41055,0.0300895
30,-0.669264,0.225802,1.32628,0.0300895
30.1,-0.561049,0.174287,1.23602,0.0300895
30.2,-0.457282,0.13101,1.14303,0.0300895
30.3,-0.358915,0.0958867,1.05008,0.0300895
30.4,-0.266631,0.0687453,0.959455,0.0300895
30.5,-0.180894,0.0493456,0.87292,0.0300895
30.6,-0.101985,0.0373976,0.791771,0.0300895
30.7,-0.0300481,0.0325747,0.716865,0.0300895
30.8,0.034872,0.0345244,0.648681,0.0404371
30.9,0.0927994,0.0428751,0.587378,0.101939
31,0.143798,0.0572411,0.532856,0.151009
31.1,0.187951,0.0772243,0.484812,0.190191
31.2,0.225343,0.102415,0.442785,0.221262
31.3,0.256047,0.132391,0.406206,0.245472
31.4,0.280121,0.166715,0.374433,0.263696
31.5,0.297599,0.204932,0.346782,0.276535
31.6,0.308491,0.246566,0.322558,0.284377
31.7,0.312791,0.291116,0.301081,0.28744
31.8,0.310475,0.338055,0.281703,0.285793
31.9,0.30151,0.386825,0.263834,0.279365
32,0.285868,0.436837,0.246961,0.267953
32.1,0.263533,0.48747,0.230664,0.251207
32.2,0.234517,0.538068,0.214636,0.228613
32.3,0.198874,0.587947,0.1987,0.199457
32.4,0.156717,0.636396,0.18282,0.16277
32.5,0.108236,0.682683,0.167114,0.117257
32.6,0.0537146,0.726062,0.151859,0.0611763
32.7,-0.00645339,0.765783,0.137489,0.0611763
32.8,-0.0717487,0.801105,0.124586,0.0611763
32.9,-0.141514,0.831309,0.113855,0.0611763
33,-0.214947,0.855714,0.106098,0.0611763
33.1,-0.291096,0.873693,0.102161,0.0611763
33.2,-0.368865,0.884693,0.102885,0.0611763
33.3,-0.447028,0.888252,0.109032,0.0611763
33.4,-0.524248,0.884014,0.121219,0.0611763
33.5,-0.599105,0.871749,0.139844,0.0611763
33.6,-0.670139,0.85136,0.16502,0.0611763
33.7,-0.735892,0.822898,0.196523,0.0611763
33.8,-0.79496,0.786563,0.233764,0.0611763
33.9,-0.846042,0.742704,0.275783,0.0611763
34,-0.887993,0.691813,0.321278,0.0611763
34.1,-0.919871,0.634516,0.368666,0.0611763
34.2,-0.940971,0.571555,0.416161,0.0611763
34.3,-0.950848,0.503771,0.46189,0.0611763
34.4,-0.949337,0.432077,0.504006,0.0611763
34.5,-0.936542,0.357438,0.540805,0.0611763
34.6,-0.912825,0.280844,0.570834,0.0611763
34.7,-0.878775,0.203287,0.592979,0.0611763
34.8,-0.835174,0.125737,0.606517,0.0611763
34.9,-0.782948,0.0491288,0.611149,0.0611763
35,-0.723124,-0.0256562,0.606995,0.0611763
35.1,-0.656782,-0.0978003,0.59456,0.0611763
35.2,-0.585013,-0.166555,0.574685,0.0611763
35.3,-0.508881,-0.231245,0.548478,0.0611763
35.4,-0.429392,-0.291266,0.51724,0.0611763
35.5,-0.347473,-0.346083,0.482391,0.0611763
35.6,-0.263958,-0.395221,0.445401,0.0611763
35.7,-0.179575,-0.438266,0.407724,0.0611763
35.8,-0.0949516,-0.474847,0.370755,0.0611763
35.9,-0.0106141,-0.504637,0.335787,0.0611763
36,0.0730027,-0.52734,0.303986,0.081659
36.1,0.155545,-0.542684,0.276371,0.161714
36.2,0.236729,-0.550418,0.253814,0.230372
36.3,0.316323,-0.550302,0.23703,0.289943
36.4,0.394137,-0.542108,0.226584,0.342162
36.5,0.47001,-0.525612,0.222899,0.388335
36.6,0.543791,-0.500595,0.226259,0.429455
36.7,0.61533,-0.466842,0.23682,0.466285
36.8,0.684466,-0.424144,0.254612,0.499412
36.9,0.751014,-0.372297,0.279547,0.529291
37,0.814755,-0.311109,0.311418,0.556268
37.1,0.875423,-0.240401,0.349899,0.580608
37.2,0.932698,-0.160016,0.39454,0.602502
37.3,0.986193,-0.0698255,0.44476,0.622081
37.4,1.03545,0.0302636,0.499839,0.639422
37.5,1.07991,0.140296,0.558906,0.65455
37.6,1.11894,0.26026,0.620926,0.667441
37.7,1.15177,0.390068,0.684691,0.678023
37.8,1.17755,0.529547,0.748809,0.686167
37.9,1.19527,0.678421,0.811696,0.691686
38,1.20381,0.836288,0.871585,0.69432
38.1,1.20188,1.0026,0.926536,0.693729
38.2,1.1881,1.17666,0.974472,0.68946
38.3,1.16091,1.35756,1.01323,0.680927
38.4,1.11867,1.54419,1.04066,0.667354
38.5,1.05962,1.73522,1.05475,0.647705
38.6,0.981975,1.92906,1.05377,0.620566
38.7,0.883984,2.12386,1.03657,0.583945
38.8,0.764003,2.31749,1.0028,0.534912
38.9,0.620636,2.50757,0.95325,0.468909
39,0.452894,2.69146,0.890245,0.378286
39.1,0.260381,2.86632,0.817956,0.2488
39.2,0.0435196,3.02916,0.742693,0.0500482
39.3,-0.196225,3.17692,0.67303,0.0500482
39.4,-0.456115,3.30663,0.619682,0.0500482
39.5,-0.731963,3.41548,0.595031,0.0500482
39.6,-1.01803,3.50106,0.612216,0.0500482
39.7,-1.30708,3.56146,0.683788,0.0500482
39.8,-1.59053,3.59553,0.819991,0.0500482
39.9,-1.85893,3.60297,1.02689,0.0500482
40,-2.10251,3.58444,1.30469,0.0500482
40.1,-2.31193,3.54164,1.64657,0.0500482
40.2,-2.47912,3.47727,2.03857,0.0500482
40.3,-2.59806,3.39486,2.46047,0.0500482
40.4,-2.66535,3.29863,2.88792,0.0500482
40.5,-2.68057,3.19323,3.29525,0.0500482
40.6,-2.64627,3.08342,3.6586,0.0500482
40.7,-2.56766,2.9738,3.95861,0.0500482
40.8,-2.45201,2.86858,4.18231,0.0500482
40.9,-2.30793,2.77134,4.32386,0.0500482
41,-2.14458,2.68495,4.38419,0.0500482
41.1,-1.97101,2.61148,4.36981,0.0500482
41.2,-1.79554,2.5522,4.29114,0.0500482
41.3,-1.62544,2.50765,4.16075,0.0500482
41.4,-1.46669,2.47774,3.99174,0.0500482
41.5,-1.32397,2.46179,3.7966,0.0500482
41.6,-1.20066,2.45869,3.5864,0.0500482
41.7,-1.099,2.46699,3.37041,0.0500482
41.8,-1.02024,2.48499,3.15605,0.0500482
41.9,-0.964801,2.51079,2.94903,0.0500482
42,-0.932401,2.54243,2.75364,0.0500482
42.1,-0.922191,2.57788,2.57309,0.0500482
42.2,-0.932841,2.61512,2.40982,0.0500482
42.3,-0.962604,2.65218,2.26575,0.0500482
42.4,-1.00937,2.68721,2.14249,0.0500482
42.5,-1.07068,2.71848,2.04145,0.0500482
42.6,-1.14381,2.74444,1.96384,0.0500482
42.7,-1.22577,2.76376,1.91061,0.0500482
42.8,-1.31335,2.77535,1.88233,0.0500482
42.9,-1.40325,2.7784,1.87902,0.0500482
43,-1.49212,2.77242,1.89998,0.0500482
43.1,-1.57668,2.75721,1.94363,0.0500482
43.2,-1.65386,2.7329,2.00742,0.0500482
43.3,-1.72093,2.69992,2.08787,0.0500482
43.4,-1.7756,2.65899,2.18058,0.0500482
43.5,-1.81613,2.61106,2.28054,0.0500482
43.6,-1.84144,2.55728,2.38231,0.0500482
43.7,-1.8511,2.49894,2.48047,0.0500482
43.8,-1.84532,2.43742,2.56992,0.0500482
43.9,-1.82497,2.37408,2.64619,0.0500482
44,-1.79144,2.31026,2.70579,0.0500482
44.1,-1.74653,2.24721,2.74627,0.0500482
44.2,-1.69237,2.18601,2.76638,0.0500482
44.3,-1.63124,2.12761,2.76594,0.0500482
44.4,-1.56548,2.07274,2.7458,0.0500482
44.5,-1.49737,2.02194,2.70759,0.0500482
44.6,-1.42903,1.97554,2.65352,0.0500482
44.7,-1.36237,1.93371,2.58621,0.0500482
44.8,-1.29903,1.8964,2.50842,0.0500482
44.9,-1.24036,1.86346,2.42293,0.0500482
45,-1.18743,1.83455,2.33239,0.0500482
45.1,-1.141,1.80927,2.23922,0.0500482
45.2,-1.10156,1.7871,2.14559,0.0500482
45.3,-1.06934,1.76747,2.05336,0.0500482
45.4,-1.04435,1.74977,1.96409,0.0500482
45.5,-1.02638,1.73336,1.87906,0.0500482
45.6,-1.01506,1.71762,1.79927,0.0500482
45.7,-1.00985,1.70191,1.72549,0.0500482
45.8,-1.0101,1.68565,1.65828,0.0500482
45.9,-1.01506,1.66828,1.59798,0.0500482
46,-1.02387,1.64931,1.54478,0.0500482
46.1,-1.03566,1.6283,1.49866,0.0500482
46.2,-1.04949,1.6049,1.45948,0.0500482
46.3,-1.06443,1.57881,1.42692,0.0500482
46.4,-1.07956,1.54984,1.40052,0.0500482
46.5,-1.09401,1.51786,1.37969,0.0500482
46.6,-1.10693,1.48282,1.3637,0.0500482
46.7,-1.1176,1.44478,1.35172,0.0500482
46.8,-1.12535,1.40383,1.34284,0.0500482
46.9,-1.12963,1.36016,1.3361,0.0500482
47,-1.13004,1.31401,1.33051,0.0500482
47.1,-1.12625,1.26566,1.32508,0.0500482
47.2,-1.11812,1.21544,1.31888,0.0500482
47.3,-1.10557,1.1637,1.31107,0.0500482
47.4,-1.08868,1.11082,1.3009,0.0500482
47.5,-1.06763,1.05717,1.28776,0.0500482
47.6,-1.04267,1.00313,1.27118,0.0500482
47.7,-1.01414,0.949068,1.25087,0.0500482
47.8,-0.982445,0.895322,1.22668,0.0500482
47.9,-0.948019,0.842213,1.1986,0.0500482
48,-0.911323,0.790031,1.16677,0.0500482
48.1,-0.872826,0.739032,1.13145,0.0500482
48.2,-0.832991,0.689437,1.09298,0.0500482
48.3,-0.792262,0.641433,1.05178,0.0500482
48.4,-0.751056,0.595173,1.00832,0.0500482
48.5,-0.709753,0.550774,0.9631,0.0500482
48.6,-0.668697,0.508324,0.916618,0.0500482
48.7,-0.628187,0.467882,0.869368,0.0500482
48.8,-0.588478,0.429482,0.821819,0.0500482
48.9,-0.549784,0.393135,0.774404,0.0500482
49,-0.512275,0.358833,0.727513,0.0500482
49.1,-0.476086,0.326553,0.681493,0.0500482
49.2,-0.441314,0.296257,0.636637,0.0500482
49.3,-0.408027,0.267898,0.593191,0.0500482
49.4,-0.376265,0.241422,0.551354,0.0500482
49.5,-0.346043,0.216767,0.511279,0.0500482
49.6,-0.317358,0.193868,0.473078,0.0500482
49.7,-0.290192,0.172659,0.436826,0.0500482
49.8,-0.264513,0.153073,0.402564,0.0500482
49.9,-0.240279,0.135042,0.370307,0.0500482
50,-0.217443,0.118499,0.340043,0.0500482
50.1,-0.195952,0.103382,0.311741,0.0500482
50.2,-0.175753,0.0896269,0.285356,0.0500482
50.3,-0.156788,0.0771747,0.260826,0.0500482
50.4,-0.139004,0.0659682,0.238082,0.0500482
50.5,-0.122348,0.0559529,0.217047,0.0500482
50.6,-0.106769,0.0470769,0.197639,0.0500482
50.7,-0.0922206,0.0392906,0.179771,0.0500482
50.8,-0.0786594,0.0325463,0.163356,0.0500482
50.9,-0.0660463,0.0267984,0.148308,0.0500482
51,-0.0543466,0.0220023,0.134538,0.0500482
51.1,-0.0435297,0.018115,0.121963,0.0500482
51.2,-0.033569,0.0150938,0.110497,0.0500482
51.3,-0.0244421,0.0128965,0.100062,0.0500482
51.4,-0.0161302,0.0114809,0.0905791,0.0500482
51.5,-0.00861779,0.0108042,0.0819741,0.0500482
51.6,-0.00189247,0.0108231,0.0741761,0.0500482
51.7,0.00405576,0.011493,0.0671177,0.0500482
51.8,0.00923482,0.012768,0.0607352,0.0500482
51.9,0.0136511,0.0146006,0.0549683,0.016154
52,0.01731,0.0169415,0.0497606,0.0204199
52.1,0.0202166,0.0197393,0.0450591,0.0238017
52.2,0.0223758,0.0229406,0.0408147,0.0262654
52.3,0.0237935,0.0264896,0.0369817,0.0278899
52.4,0.0244768,0.0303286,0.0335182,0.0286702
52.5,0.0244348,0.0343975,0.0303857,0.0286218
52.6,0.0236787,0.0386343,0.0275494,0.0277565
52.7,0.0222232,0.0429751,0.0249781,0.0260771
52.8,0.020086,0.0473544,0.0226439,0.0236369
52.9,0.0172891,0.0517053,0.0205224,0.0203882
53,0.013859,0.05596,0.0185927,0.0164042
53.1,0.00982692,0.0600502,0.0168369,0.0116912
53.2,0.00522938,0.0639077,0.0152402,0.0116912
53.3,0.000108357,0.0674644,0.0137908,0.0116912
53.4,-0.0054885,0.0706538,0.0124794,0.0116912
53.5,-0.0115077,0.0734108,0.011299,0.0116912
53.6,-0.0178902,0.075673,0.0102447,0.0116912
53.7,-0.0245708,0.0773809,0.00931318,0.0116912
53.8,-0.0314793,0.0784791,0.00850226,0.0116912
53.9,-0.0385402,0.0789168,0.00781053,0.0116912
54,-0.0456731,0.0786486,0.00723684,0.0116912
54.1,-0.0527938,0.077635,0.00677983,0.0116912
54.2,-0.0598144,0.0758437,0.00643747,0.0116912
54.3,-0.0666446,0.0732495,0.00620662,0.0116912
54.4,-0.0731921,0.0698355,0.00608262,0.0116912
54.5,-0.0793642,0.0655933,0.00605903,0.0116912
54.6,-0.0850683,0.0605238,0.00612736,0.0116912
54.7,-0.0902135,0.0546371,0.00627697,0.0116912
54.8,-0.0947114,0.0479531,0.00649504,0.0116912
54.9,-0.0984777,0.0405017,0.00676675,0.0116912
55,-0.101433,0.0323226,0.00707547,0.0116912
55.1,-0.103504,0.0234655,0.0074032,0.0116912
55.2,-0.104625,0.0139897,0.00773106,0.0116912
55.3,-0.104738,0.00396398,0.00803989,0.0116912
55.4,-0.103795,-0.00653411,0.00831099,0.0116912
55.5,-0.101758,-0.0174184,0.00852681,0.0116912
55.6,-0.0985987,-0.028595,0.00867177,0.0116912
55.7,-0.0943009,-0.0399629,0.00873304,0.0116912
55.8,-0.0888598,-0.0514147,0.00870121,0.0116912
55.9,-0.082282,-0.0628379,0.00857098,0.0116912
56,-0.0745862,-0.0741152,0.00834166,0.0116912
56.1,-0.0658027,-0.085126,0.00801756,0.0116912
56.2,-0.0559733,-0.095747,0.00760819,0.0116912
56.3,-0.0451511,-0.105854,0.0071283,0.0116912
56.4,-0.0333999,-0.115321,0.00659767,0.0116912
56.5,-0.0207937,-0.124024,0.00604076,0.0116912
56.6,-0.00741635,-0.131842,0.00548612,0.0116912
56.7,0.00663939,-0.138653,0.00496562,0.0116912
56.8,0.0212721,-0.144341,0.00451352,0.0249895
56.9,0.0363726,-0.148796,0.00416537,0.0421168
57,0.0518244,-0.151912,0.00395681,0.0591301
57.1,0.0675043,-0.153591,0.00392232,0.0758955
57.2,0.083283,-0.153742,0.0040938,0.0922808
57.3,0.0990255,-0.152283,0.00449934,0.108168
57.4,0.114592,-0.149143,0.00516177,0.123443
57.5,0.129837,-0.14426,0.00609752,0.138007
57.6,0.144613,-0.137587,0.00731538,0.151758
57.7,0.158766,-0.129087,0.00881558,0.164613
57.8,0.172141,-0.118737,0.0105889,0.176486
57.9,0.184578,-0.106532,0.0126162,0.187296
58,0.195917,-0.0924808,0.0148679,0.196964
58.1,0.205993,-0.0766089,0.0173043,0.205412
58.2,0.214645,-0.0589609,0.0198755,0.212557
58.3,0.221706,-0.0396005,0.0225225,0.218319
58.4,0.227015,-0.018611,0.0251781,0.22261
58.5,0.230411,0.00390312,0.0277686,0.225336
58.6,0.231737,0.0278158,0.0302157,0.226395
58.7,0.230842,0.0529789,0.0324391,0.225681
58.8,0.227583,0.0792213,0.0343595,0.223066
58.9,0.221827,0.106349,0.0359021,0.218417
59,0.213456,0.134146,0.0370001,0.211581
59.1,0.202367,0.162371,0.0375991,0.202387
59.2,0.188478,0.190766,0.0376614,0.190665
59.3,0.171732,0.219047,0.0371699,0.176127
59.4,0.152098,0.246913,0.036133,0.158594
59.5,0.129583,0.274049,0.0345876,0.137765
59.6,0.104227,0.300123,0.0326023,0.113319
59.7,0.0761144,0.324792,0.0302796,0.0848959
59.8,0.0453761,0.347708,0.0277563,0.0520943
59.9,0.0121931,0.368521,0.025202,0.0143871
60,-0.0232004,0.386884,0.0228167,0.0143871
60.1,-0.0605143,0.402459,0.0208245,0.0143871
60.2,-0.0994023,0.414923,0.0194664,0.0143871
60.3,-0.139462,0.423974,0.0189898,0.0143871
60.4,-0.180239,0.429342,0.0196366,0.0143871
60.5,-0.221228,0.430788,0.021629,0.0143871
60.6,-0.261882,0.428118,0.0251544,0.0143871
60.7,-0.301623,0.421183,0.0303508,0.0143871
60.8,-0.339845,0.40989,0.0372923,0.0143871
60.9,-0.375937,0.394201,0.0459771,0.0143871
61,-0.409289,0.374141,0.0563192,0.0143871
61.1,-0.439309,0.349797,0.0681435,0.0143871
61.2,-0.465441,0.321319,0.0811872,0.0143871
61.3,-0.487176,0.288922,0.0951059,0.0143871
61.4,-0.504067,0.252877,0.109486,0.0143871
61.5,-0.515743,0.213515,0.123864,0.0143871
61.6,-0.521916,0.171214,0.137745,0.0143871
61.7,-0.522386,0.126401,0.15063,0.0143871
61.8,-0.517051,0.0795367,0.162044,0.0143871
61.9,-0.505896,0.0311127,0.171557,0.0143871
62,-0.489002,-0.0183573,0.178814,0.0143871
62.1,-0.466529,-0.0683461,0.183547,0.0143871
62.2,-0.438713,-0.118319,0.1856,0.0143871
62.3,-0.405855,-0.167743,0.184927,0.0143871
62.4,-0.368304,-0.21609,0.181602,0.0143871
62.5,-0.326451,-0.262843,0.175818,0.0143871
62.6,-0.280714,-0.3075,0.167869,0.0143871
62.7,-0.231523,-0.349578,0.158149,0.0143871
62.8,-0.179313,-0.388611,0.147128,0.0143871
62.9,-0.124517,-0.424157,0.13534,0.0143871
63,-0.0675509,-0.455793,0.123358,0.0143871
63.1,-0.00881676,-0.483116,0.111783,0.0143871
63.2,0.051306,-0.505743,0.101218,0.0585689
63.3,0.11246,-0.52331,0.0922606,0.121378
63.4,0.174313,-0.535469,0.0854806,0.178389
63.5,0.236549,-0.541886,0.0814123,0.230228
63.6,0.298877,-0.542244,0.0805427,0.277462
63.7,0.361016,-0.536235,0.0833027,0.32059
63.8,0.422696,-0.523568,0.0900599,0.360047
63.9,0.483653,-0.503962,0.101112,0.396202
64,0.543621,-0.477147,0.116683,0.429366
64.1,0.602326,-0.44287,0.136914,0.459794
64.2,0.659479,-0.400892,0.161863,0.487697
64.3,0.714769,-0.350993,0.191497,0.513247
64.4,0.767858,-0.292976,0.225682,0.536568
64.5,0.818368,-0.226667,0.264185,0.557753
64.6,0.865879,-0.151928,0.306655,0.576861
64.7,0.909917,-0.0686574,0.352626,0.593914
64.8,0.949947,0.0231994,0.401498,0.608903
64.9,0.985363,0.123641,0.452537,0.621783
65,1.01548,0.232602,0.50486,0.63247
65.1,1.03954,0.349936,0.557437,0.640836
65.2,1.05668,0.475409,0.609084,0.646707
65.3,1.06594,0.608681,0.658469,0.64985
65.4,1.06627,0.749291,0.704129,0.64996
65.5,1.05651,0.896641,0.744492,0.646648
65.6,1.03541,1.04998,0.777923,0.639409
65.7,1.00164,1.20838,0.802786,0.627589
65.8,0.953822,1.37074,0.817535,0.61033
65.9,0.890532,1.53575,0.82084,0.586482
66,0.810388,1.70188,0.811735,0.554468
66.1,0.712095,1.8674,0.789818,0.512042
66.2,0.594541,2.03036,0.755467,0.455866
66.3,0.456905,2.1886,0.710082,0.38066
66.4,0.298792,2.3398,0.656322,0.277399
66.5,0.120383,2.4815,0.598304,0.12902
66.6,-0.0774003,2.61118,0.541722,0.12902
66.7,-0.292735,2.72631,0.493813,0.12902
66.8,-0.522761,2.82449,0.463127,0.12902
66.9,-0.763482,2.90353,0.459035,0.12902
67,-1.00976,2.96161,0.49095,0.12902
67.1,-1.25539,2.99738,0.56729,0.12902
67.2,-1.49332,3.01014,0.69427,0.12902
67.3,-1.71601,2.99986,0.874686,0.12902
67.4,-1.91588,2.96731,1.10692,0.12902
67.5,-2.08588,2.91407,1.38439,0.12902
67.6,-2.22007,2.84243,1.69566,0.12902
67.7,-2.3141,2.75538,2.02531,0.12902
67.8,-2.36567,2.65637,2.35541,0.12902
67.9,-2.37463,2.54917,2.66746,0.12902
68,-2.34304,2.43764,2.94445,0.12902
68.1,-2.27488,2.32554,3.17263,0.12902
68.2,-2.17566,2.2163,3.34265,0.12902
68.3,-2.05189,2.11295,3.45016,0.12902
68.4,-1.91057,2.01795,3.49553,0.12902
68.5,-1.75865,1.93316,3.48314,0.12902
68.6,-1.60264,1.85986,3.42027,0.12902
68.7,-1.44835,1.79876,3.31596,0.12902
68.8,-1.30068,1.75005,3.17985,0.12902
68.9,-1.16354,1.71348,3.02136,0.12902
69,-1.03995,1.68843,2.849,0.12902
69.1,-0.932002,1.67399,2.67006,0.12902
69.2,-0.841069,1.66902,2.49045,0.12902
69.3,-0.767856,1.67222,2.31476,0.12902
69.4,-0.712541,1.68218,2.14637,0.12902
69.5,-0.67487,1.69743,1.98769,0.12902
69.6,-0.654235,1.71645,1.84037,0.12902
69.7,-0.649744,1.73773,1.70552,0.12902
69.8,-0.66026,1.75978,1.58391,0.12902
69.9,-0.684436,1.78119,1.47609,0.12902
70,-0.720736,1.80058,1.38252,0.12902
70.1,-0.767449,1.81669,1.30361,0.12902
70.2,-0.822705,1.8284,1.23971,0.12902
70.3,-0.884495,1.83468,1.19111,0.12902
70.4,-0.950695,1.83472,1.15797,0.12902
70.5,-1.0191,1.82783,1.14021,0.12902
70.6,-1.08747,1.81356,1.13745,0.12902
70.7,-1.15359,1.79164,1.14891,0.12902
70.8,-1.21533,1.76202,1.17333,0.12902
70.9,-1.2707,1.72486,1.20898,0.12902
71,-1.31796,1.68052,1.25366,0.12902
71.1,-1.35564,1.62953,1.30472,0.12902
71.2,-1.38261,1.5726,1.35925,0.12902
71.3,-1.39813,1.51056,1.41416,0.12902
71.4,-1.40184,1.44436,1.46637,0.12902
71.5,-1.3938,1.37497,1.513,0.12902
71.6,-1.37443,1.30343,1.55154,0.12902
71.7,-1.34448,1.23076,1.57992,0.12902
71.8,-1.30498,1.15793,1.59669,0.12902
71.9,-1.25717,1.08585,1.601,0.12902
72,-1.20243,1.01534,1.59261,0.12902
72.1,-1.14221,0.947115,1.57184,0.12902
72.2,-1.07797,0.881788,1.53951,0.12902
72.3,-1.01112,0.819843,1.49679,0.12902
72.4,-0.943002,0.761653,1.44514,0.12902
72.5,-0.874805,0.707478,1.38616,0.12902
72.6,-0.807593,0.657476,1.32152,0.12902
72.7,-0.742273,0.611714,1.25283,0.12902
72.8,-0.679594,0.570175,1.18163,0.12902
72.9,-0.620157,0.532774,1.10931,0.12902
73,-0.564418,0.499365,1.03706,0.12902
73.1,-0.512707,0.469756,0.965916,0.12902
73.2,-0.46524,0.443717,0.896697,0.12902
73.3,-0.422135,0.420989,0.830052,0.12902
73.4,-0.383427,0.401292,0.76646,0.12902
73.5,-0.34908,0.384333,0.706251,0.12902
73.6,-0.319005,0.369808,0.64963,0.12902
73.7,-0.293064,0.35741,0.596695,0.12902
73.8,-0.271085,0.346834,0.547461,0.12902
73.9,-0.252867,0.337777,0.501874,0.12902
74,-0.238188,0.329941,0.459834,0.12902
74.1,-0.226806,0.323039,0.421204,0.12902
74.2,-0.218468,0.316793,0.385825,0.12902
74.3,-0.21291,0.310938,0.353526,0.12902
74.4,-0.209859,0.305224,0.324127,0.12902
74.5,-0.209036,0.299413,0.297449,0.12902
74.6,-0.210156,0.293288,0.273318,0.12902
74.7,-0.212933,0.286647,0.251563,0.12902
74.8,-0.217076,0.279309,0.23202,0.12902
74.9,-0.222294,0.271112,0.214532,0.12902
75,-0.228295,0.261918,0.198947,0.12902
75.1,-0.234792,0.25161,0.185118,0.12902
75.2,-0.2415,0.240094,0.172901,0.12902
75.3,-0.248139,0.2273,0.162155,0.12902
75.4,-0.25444,0.213185,0.152738,0.12902
75.5,-0.260144,0.197728,0.144508,0.12902
75.6,-0.265005,0.180935,0.137324,0.12902
75.7,-0.268793,0.162835,0.131041,0.12902
75.8,-0.271297,0.143482,0.125518,0.12902
75.9,-0.272326,0.122953,0.120611,0.12902
76,-0.271713,0.101349,0.116182,0.12902
76.1,-0.269316,0.0787891,0.112097,0.12902
76.2,-0.265017,0.0554143,0.108228,0.12902
76.3,-0.258728,0.0313825,0.104461,0.12902
76.4,-0.250386,0.00686738,0.100692,0.12902
76.5,-0.239956,-0.0179432,0.0968353,0.12902
76.6,-0.227432,-0.0428499,0.0928216,0.12902
76.7,-0.212832,-0.0676435,0.0886037,0.12902
76.8,-0.196201,-0.0921075,0.0841556,0.12902
76.9,-0.177606,-0.11602,0.0794744,0.12902
77,-0.157135,-0.139155,0.0745799,0.12902
77.1,-0.134898,-0.161287,0.0695144,0.12902
77.2,-0.11102,-0.182188,0.0643409,0.12902
77.3,-0.0856416,-0.201635,0.0591415,0.12902
77.4,-0.0589178,-0.219407,0.0540147,0.12902
77.5,-0.0310141,-0.235289,0.0490719,0.12902
77.6,-0.00210554,-0.24907,0.0444343,0.12902
77.7,0.0276246,-0.260551,0.0402288,0.03226
77.8,0.057986,-0.269538,0.0365839,0.0657787
77.9,0.0887826,-0.275849,0.0336256,0.0978822
78,0.119813,-0.279311,0.0314735,0.128473
78.1,0.15087,-0.279766,0.030236,0.157478
78.2,0.181742,-0.277067,0.0300071,0.18485
78.3,0.212211,-0.271083,0.0308623,0.210557
78.4,0.242055,-0.261698,0.0328553,0.234579
78.5,0.271044,-0.248812,0.0360145,0.256899
78.6,0.29894,-0.232347,0.0403407,0.277507
78.7,0.325498,-0.212243,0.0458043,0.296387
78.8,0.350463,-0.188463,0.0523435,0.313519
78.9,0.373569,-0.160997,0.0598629,0.328875
79,0.394541,-0.129859,0.0682327,0.342419
79.1,0.41309,-0.0950948,0.0772884,0.354102
79.2,0.428916,-0.0567821,0.0868321,0.363858
79.3,0.441707,-0.0150338,0.0966341,0.371607
79.4,0.45114,0.0299987,0.106436,0.377245
79.5,0.456881,0.0781225,0.115955,0.380646
79.6,0.458591,0.1291,0.124891,0.381654
79.7,0.455924,0.182648,0.132934,0.380081
79.8,0.448534,0.23843,0.139776,0.375694
79.9,0.436082,0.29606,0.145121,0.368214
80,0.41824,0.355096,0.148703,0.357298
80.1,0.394706,0.415043,0.150301,0.342525
80.2,0.365209,0.475349,0.149763,0.323372
80.3,0.329524,0.535409,0.147018,0.299189
80.4,0.287488,0.594568,0.14211,0.269147
80.5,0.239019,0.652122,0.135207,0.232183
80.6,0.184127,0.70733,0.126627,0.186908
80.7,0.122942,0.759419,0.11685,0.131466
80.8,0.0557255,0.807594,0.106524,0.0633487
80.9,-0.0171063,0.851057,0.0964639,0.0633487
81,-0.0949689,0.889019,0.0876338,0.0633487
81.1,-0.177097,0.920719,0.0811183,0.0633487
81.2,-0.262541,0.945444,0.0780752,0.0633487
81.3,-0.350163,0.962555,0.0796725,0.0633487
81.4,-0.438653,0.971502,0.0870104,0.0633487
81.5,-0.526551,0.971851,0.101033,0.0633487
81.6,-0.612274,0.963301,0.122436,0.0633487
81.7,-0.694164,0.945703,0.151577,0.0633487
81.8,-0.770541,0.919072,0.188401,0.0633487
81.9,-0.839764,0.883593,0.232391,0.0633487
82,-0.900292,0.839627,0.282552,0.0633487
82.1,-0.950755,0.7877,0.337431,0.0633487
82.2,-0.990007,0.728498,0.395182,0.0633487
82.3,-1.01718,0.662844,0.45367,0.0633487
82.4,-1.03171,0.591677,0.510603,0.0633487
82.5,-1.03337,0.516024,0.563683,0.0633487
82.6,-1.02227,0.436974,0.610761,0.0633487
82.7,-0.998802,0.355643,0.649978,0.0633487
82.8,-0.963671,0.273148,0.679879,0.0633487
82.9,-0.917796,0.19058,0.699498,0.0633487
83,-0.862278,0.108984,0.70839,0.0633487
83.1,-0.798336,0.0293366,0.706635,0.0633487
83.2,-0.72725,-0.0474636,0.694793,0.0633487
83.3,-0.650311,-0.120604,0.673841,0.0633487
83.4,-0.568768,-0.18936,0.645086,0.0633487
83.5,-0.483798,-0.253095,0.610066,0.0633487
83.6,-0.396474,-0.311257,0.570458,0.0633487
83.7,-0.307752,-0.363369,0.527988,0.0633487
83.8,-0.218457,-0.409018,0.484358,0.0633487
83.9,-0.129289,-0.447853,0.441179,0.0633487
84,-0.0408236,-0.479566,0.399933,0.0633487
84.1,0.0464732,-0.50389,0.361936,0.0532945
84.2,0.132234,-0.520584,0.328326,0.140259
84.3,0.216172,-0.529431,0.300054,0.213809
84.4,0.298066,-0.530227,0.277887,0.276874
84.5,0.377743,-0.522777,0.262413,0.3316
84.6,0.45506,-0.506894,0.254056,0.379569
84.7,0.529892,-0.482394,0.253082,0.421967
84.8,0.602113,-0.449096,0.259615,0.459687
84.9,0.671585,-0.406823,0.273642,0.493409
85,0.738146,-0.355406,0.295025,0.523656
85.1,0.801598,-0.294683,0.323501,0.550825
85.2,0.861692,-0.224509,0.358688,0.575207
85.3,0.918124,-0.144758,0.400076,0.597026
85.4,0.970522,-0.0553328,0.447028,0.616428
85.5,1.01843,0.0438261,0.498771,0.633503
85.6,1.06131,0.152731,0.554382,0.648282
85.7,1.09853,0.271335,0.612786,0.660745
85.8,1.12934,0.399517,0.672737,0.670819
85.9,1.15287,0.537068,0.732817,0.678372
86,1.16814,0.683673,0.791434,0.683209
86.1,1.17403,0.838894,0.846825,0.685062
86.2,1.16928,1.00215,0.897077,0.68357
86.3,1.15253,1.17269,0.940166,0.678264
86.4,1.12226,1.34958,0.974017,0.668523
86.5,1.07687,1.53168,0.996598,0.65353
86.6,1.01468,1.71762,1.00605,0.632186
86.7,0.933991,1.9058,1.00088,0.602985
86.8,0.833162,2.09434,0.980161,0.563785
86.9,0.710692,2.28111,0.943833,0.511409
87,0.565359,2.46375,0.893011,0.440854
87.1,0.39637,2.63966,0.830314,0.343583
87.2,0.203557,2.80604,0.760178,0.203381
87.3,-0.0124226,2.95999,0.689078,0.203381
87.4,-0.249862,3.09858,0.625595,0.203381
87.5,-0.505811,3.21896,0.580221,0.203381
87.6,-0.775916,3.3185,0.564826,0.203381
87.7,-1.05436,3.39496,0.59172,0.203381
87.8,-1.33394,3.44667,0.672318,0.203381
87.9,-1.60628,3.47265,0.815505,0.203381
88,-1.86226,3.47279,1.02592,0.203381
88.1,-2.09261,3.44791,1.3025,0.203381
88.2,-2.28862,3.39982,1.63753,0.203381
88.3,-2.4429,3.33122,2.01676,0.203381
88.4,-2.55012,3.24565,2.4204,0.203381
88.5,-2.60748,3.14721,2.82525,0.203381
88.6,-2.615,3.0404,3.20732,0.203381
88.7,-2.57546,2.92976,3.54474,0.203381
88.8,-2.4941,2.81969,3.82012,0.203381
88.9,-2.37798,2.71414,4.02216,0.203381
89,-2.23536,2.61652,4.14618,0.203381
89.1,-2.07496,2.52949,4.19374,0.203381
89.2,-1.90527,2.455,4.17141,0.203381
89.3,-1.73413,2.39422,4.08923,0.203381
89.4,-1.56834,2.34765,3.95912,0.203381
89.5,-1.41349,2.31518,3.7934,0.203381
89.6,-1.27394,2.29618,3.60373,0.203381
89.7,-1.15285,2.2896,3.4004,0.203381
89.8,-1.05231,2.29407,3.19203,0.203381
89.9,-0.973509,2.30798,2.98547,0.203381
90,-0.916834,2.32956,2.78599,0.203381
90.1,-0.882048,2.35694,2.59751,0.203381
90.2,-0.868385,2.3882,2.42291,0.203381
90.3,-0.874636,2.42145,2.26437,0.203381
90.4,-0.899214,2.45481,2.12354,0.203381
90.5,-0.940199,2.48651,2.0018,0.203381
90.6,-0.995369,2.51489,1.90034,0.203381
90.7,-1.06224,2.53845,1.8202,0.203381
90.8,-1.13808,2.55589,1.76221,0.203381
90.9,-1.21997,2.56611,1.72692,0.203381
91,-1.30488,2.56827,1.71444,0.203381
91.1,-1.38971,2.56182,1.72431,0.203381
91.2,-1.47138,2.54647,1.75531,0.203381
91.3,-1.547,2.52224,1.80542,0.203381
91.4,-1.61392,2.48944,1.87177,0.203381
91.5,-1.66985,2.44863,1.95067,0.203381
91.6,-1.713,2.40064,2.03778,0.203381
91.7,-1.7421,2.34646,2.12835,0.203381
91.8,-1.7565,2.28727,2.21747,0.203381
91.9,-1.75614,2.22432,2.3004,0.203381
92,-1.74155,2.15891,2.37288,0.203381
92.1,-1.71378,2.09232,2.43139,0.203381
92.2,-1.67429,2.02577,2.4733,0.203381
92.3,-1.62492,1.96039,2.49702,0.203381
92.4,-1.56767,1.89713,2.50194,0.203381
92.5,-1.50467,1.83681,2.4884,0.203381
92.6,-1.43804,1.78006,2.45756,0.203381
92.7,-1.36982,1.72732,2.41116,0.203381
92.8,-1.30187,1.67889,2.35139,0.203381
92.9,-1.23583,1.63485,2.28068,0.203381
93,-1.17313,1.59517,2.20154,0.203381
93.1,-1.1149,1.55966,2.11641,0.203381
93.2,-1.06203,1.52804,2.02759,0.203381
93.3,-1.01516,1.49992,1.93712,0.203381
93.4,-0.974682,1.47483,1.84683,0.203381
93.5,-0.940787,1.45229,1.75822,0.203381
93.6,-0.913462,1.43172,1.67257,0.203381
93.7,-0.892531,1.41258,1.59089,0.203381
93.8,-0.87767,1.39428,1.51394,0.203381
93.9,-0.868431,1.37629,1.44232,0.203381
94,-0.864264,1.35805,1.37642,0.203381
94.1,-0.864534,1.33908,1.31648,0.203381
94.2,-0.86854,1.31891,1.26262,0.203381
94.3,-0.875536,1.29714,1.21481,0.203381
94.4,-0.884744,1.27341,1.17291,0.203381
94.5,-0.895372,1.24744,1.13668,0.203381
94.6,-0.906636,1.21902,1.10578,0.203381
94.7,-0.91777,1.18798,1.07976,0.203381
94.8,-0.928045,1.15424,1.0581,0.203381
94.9,-0.936784,1.1178,1.04018,0.203381
95,-0.943377,1.07869,1.02534,0.203381
95.1,-0.947291,1.03704,1.01286,0.203381
95.2,-0.94808,0.993005,1.00199,0.203381
95.3,-0.945393,0.946805,0.991984,0.203381
95.4,-0.938977,0.898699,0.982109,0.203381
95.5,-0.928676,0.848982,0.971678,0.203381
95.6,-0.914434,0.797972,0.960067,0.203381
95.7,-0.896283,0.746007,0.946739,0.203381
95.8,-0.874339,0.693433,0.931256,0.203381
95.9,-0.848792,0.640598,0.913292,0.203381
96,-0.819893,0.587847,0.892637,0.203381
96.1,-0.787941,0.535513,0.869197,0.203381
96.2,-0.753273,0.483913,0.842991,0.203381
96.3,-0.716249,0.433346,0.814139,0.203381
96.4,-0.677239,0.384086,0.782849,0.203381
96.5,-0.63662,0.336386,0.749405,0.203381
96.6,-0.594756,0.290472,0.714146,0.203381
96.7,-0.551999,0.246545,0.677454,0.203381
96.8,-0.50868,0.204781,0.639733,0.203381
96.9,-0.465106,0.165334,0.601397,0.203381
97,-0.421556,0.128334,0.562853,0.203381
97.1,-0.378281,0.0938896,0.524495,0.203381
97.2,-0.335505,0.0620937,0.486691,0.203381
97.3,-0.293423,0.0330202,0.449776,0.203381
97.4,-0.252207,0.00672856,0.414048,0.203381
97.5,-0.212005,-0.0167351,0.379767,0.203381
97.6,-0.172946,-0.0373364,0.34715,0.203381
97.7,-0.135143,-0.0550517,0.316371,0.203381
97.8,-0.0986928,-0.0698669,0.287566,0.203381
97.9,-0.063684,-0.0817766,0.260831,0.203381
98,-0.0301969,-0.0907837,0.236225,0.203381
98.1,0.0016931,-0.0968994,0.213771,0.203381
98.2,0.031913,-0.100143,0.193464,0.0371118
98.3,0.06039,-0.100542,0.175266,0.0683481
98.4,0.0870492,-0.0981328,0.159115,0.0961228
98.5,0.111813,-0.0929624,0.144926,0.120747
98.6,0.134599,-0.0850873,0.132592,0.142475
98.7,0.155318,-0.0745763,0.121986,0.16151
98.8,0.173879,-0.0615107,0.112969,0.17801
98.9,0.19018,-0.0459859,0.105386,0.192095
99,0.204117,-0.0281129,0.0990691,0.203849
99.1,0.215579,-0.00801922,0.0938453,0.213323
99.2,0.224451,0.0141493,0.0895342,0.220542
99.3,0.230617,0.0382276,0.0859532,0.225501
99.4,0.233957,0.06403,0.0829203,0.228168
99.5,0.234357,0.0913493,0.0802584,0.228486
99.6,0.231703,0.119956,0.077799,0.226369
99.7,0.225892,0.149597,0.0753868,0.221705
99.8,0.216832,0.179998,0.0728849,0.214349
99.9,0.204447,0.210861,0.0701796,0.204123
100,0.188682,0.241864,0.0671856,0.190816
100.1,0.169507,0.272666,0.0638516,0.174169
100.2,0.146926,0.302909,0.0601643,0.153882
100.3,0.120978,0.332214,0.0561534,0.12959
100.4,0.0917493,0.360194,0.0518936,0.100881
100.5,0.0593715,0.38645,0.0475067,0.0672611
100.6,0.0240328,0.410579,0.0431607,0.0281638
100.7,-0.0140196,0.432182,0.0390672,0.0281638
100.8,-0.0544761,0.450865,0.0354751,0.0281638
100.9,-0.0969617,0.46625,0.032662,0.0281638
101,-0.141036,0.477984,0.0309226,0.0281638
101.1,-0.186196,0.485739,0.0305532,0.0281638
101.2,-0.231876,0.48923,0.0318349,0.0281638
101.3,-0.277461,0.488215,0.0350139,0.0281638
101.4,-0.32229,0.482506,0.0402819,0.0281638
101.5,-0.365671,0.471975,0.0477569,0.0281638
101.6,-0.406896,0.45656,0.0574661,0.0281638
101.7,-0.445255,0.436266,0.0693327,0.0281638
101.8,-0.480057,0.411174,0.0831682,0.0281638
101.9,-0.510646,0.381435,0.098671,0.0281638
102,-0.53642,0.347275,0.115433,0.0281638
102.1,-0.556851,0.308988,0.132953,0.0281638
102.2,-0.571495,0.266934,0.150659,0.0281638
102.3,-0.580009,0.221531,0.167933,0.0281638
102.4,-0.582154,0.173249,0.184146,0.0281638
102.5,-0.577806,0.122602,0.198689,0.0281638
102.6,-0.566951,0.070135,0.211008,0.0281638
102.7,-0.54968,0.0164185,0.220635,0.0281638
102.8,-0.526187,-0.0379627,0.227212,0.0281638
102.9,-0.496752,-0.0924183,0.230515,0.0281638
103,-0.46173,-0.14636,0.230458,0.0281638
103.1,-0.421535,-0.19921,0.227107,0.0281638
103.2,-0.376625,-0.250403,0.220667,0.0281638
103.3,-0.327486,-0.299397,0.211476,0.0281638
103.4,-0.274617,-0.34567,0.19999,0.0281638
103.5,-0.218519,-0.388726,0.186759,0.0281638
103.6,-0.159681,-0.428094,0.172407,0.0281638
103.7,-0.0985719,-0.463327,0.157608,0.0281638
103.8,-0.0356371,-0.494004,0.143064,0.0281638
103.9,0.0287088,-0.519726,0.129484,0.0334802
104,0.0940822,-0.540112,0.11756,0.103229
104.1,0.160131,-0.554803,0.107957,0.165836
104.2,0.226531,-0.563454,0.101295,0.22222
104.3,0.292985,-0.565734,0.0981394,0.273177
104.4,0.359216,-0.561326,0.0989908,0.31939
104.5,0.424963,-0.549923,0.104279,0.36144
104.6,0.489974,-0.531229,0.114358,0.399804
104.7,0.553997,-0.504958,0.129499,0.434883
104.8,0.616778,-0.470836,0.149888,0.467003
104.9,0.67805,-0.428601,0.175621,0.496431
105,0.737522,-0.378007,0.206698,0.523381
105.1,0.794879,-0.318824,0.243018,0.548018
105.2,0.849766,-0.250849,0.284372,0.570465
105.3,0.901781,-0.173902,0.330435,0.590809
105.4,0.950471,-0.0878418,0.380755,0.609097
105.5,0.995316,0.00743322,0.434743,0.625341
105.6,1.03572,0.111971,0.491666,0.639517
105.7,1.07101,0.225759,0.550629,0.651562
105.8,1.10042,0.348707,0.610572,0.66137
105.9,1.12308,0.480639,0.67026,0.66879
106,1.138,0.621274,0.728283,0.673614
106.1,1.1441,0.770211,0.783061,0.67557
106.2,1.14015,0.926909,0.832863,0.674304
106.3,1.12482,1.09067,0.875846,0.669356
106.4,1.09669,1.26062,0.910103,0.660134
106.5,1.0542,1.43568,0.933758,0.64586
106.6,0.995763,1.61456,0.94508,0.6255
106.7,0.919766,1.79574,0.942647,0.597646
106.8,0.824637,1.97746,0.925552,0.560318
106.9,0.70894,2.1577,0.89365,0.510617
107,0.571486,2.33423,0.847848,0.444045
107.1,0.41148,2.50456,0.790408,0.353099
107.2,0.228689,2.66607,0.725228,0.223955
107.3,0.0236303,2.81597,0.658064,0.0277027
107.4,-0.202224,2.95146,0.596609,0.0277027
107.5,-0.446262,3.06978,0.550352,0.0277027
107.6,-0.704584,3.16838,0.530146,0.0277027
107.7,-0.971927,3.24503,0.547407,0.0277027
107.8,-1.24171,3.29802,0.612967,0.0277027
107.9,-1.5062,3.32626,0.735617,0.0277027
108,-1.75692,3.32944,0.920555,0.0277027
108.1,-1.98508,3.30816,1.16797,0.0277027
108.2,-2.18229,3.26389,1.47211,0.0277027
108.3,-2.34125,3.19903,1.82109,0.0277027
108.4,-2.45637,3.11672,2.19768,0.0277027
108.5,-2.52437,3.02077,2.58094,0.0277027
108.6,-2.54454,2.91536,2.94859,0.0277027
108.7,-2.51878,2.80485,3.2796,0.0277027
108.8,-2.45137,2.69347,3.5565,0.0277027
108.9,-2.3485,2.58515,3.76707,0.0277027
109,-2.21763,2.48332,3.90514,0.0277027
109.1,-2.06688,2.39078,3.97044,0.0277027
109.2,-1.90435,2.30961,3.96774,0.0277027
109.3,-1.73766,2.24122,3.90548,0.0277027
109.4,-1.57358,2.18633,3.79431,0.0277027
109.5,-1.41777,2.14509,3.64569,0.0277027
109.6,-1.27478,2.11708,3.47077,0.0277027
109.7,-1.14799,2.1015,3.27968,0.0277027
109.8,-1.03977,2.0972,3.08101,0.0277027
109.9,-0.951571,2.10277,2.88176,0.0277027
110,-0.884083,2.11661,2.68732,0.0277027
110.1,-0.837351,2.13703,2.50176,0.0277027
110.2,-0.810902,2.16225,2.32803,0.0277027
110.3,-0.803829,2.19048,2.16827,0.0277027
110.4,-0.814866,2.21995,2.02406,0.0277027
110.5,-0.842431,2.24894,1.89663,0.0277027
110.6,-0.884665,2.27583,1.78699,0.0277027
110.7,-0.939456,2.29911,1.69603,0.0277027
110.8,-1.00447,2.31743,1.62453,0.0277027
110.9,-1.07716,2.3296,1.57308,0.0277027
111,-1.15485,2.33467,1.54203,0.0277027
111.1,-1.23475,2.33189,1.53132,0.0277027
111.2,-1.31403,2.32079,1.5404,0.0277027
111.3,-1.38992,2.30114,1.56806,0.0277027
111.4,-1.4598,2.27298,1.6124,0.0277027
111.5,-1.52129,2.23662,1.67079,0.0277027
111.6,-1.57236,2.1926,1.73991,0.0277027
111.7,-1.61137,2.14169,1.81591,0.0277027
111.8,-1.63722,2.08484,1.8946,0.0277027
111.9,-1.64931,2.02311,1.97167,0.0277027
112,-1.64758,1.95768,2.04299,0.0277027
112.1,-1.63249,1.88977,2.10483,0.0277027
112.2,-1.60495,1.82056,2.15412,0.0277027
112.3,-1.56627,1.7512,2.18855,0.0277027
112.4,-1.51805,1.68276,2.20672,0.0277027
112.5,-1.4621,1.61616,2.20807,0.0277027
112.6,-1.40031,1.55219,2.19287,0.0277027
112.7,-1.33459,1.4915,2.16209,0.0277027
112.8,-1.26678,1.43456,2.11726,0.0277027
112.9,-1.19859,1.38168,2.06027,0.0277027
113,-1.13154,1.33304,1.99326,0.0277027
113.1,-1.06695,1.28867,1.91843,0.0277027
113.2,-1.00592,1.24847,1.83796,0.0277027
113.3,-0.949307,1.21225,1.75386,0.0277027
113.4,-0.897775,1.17972,1.668,0.0277027
113.5,-0.851769,1.15054,1.58196,0.0277027
113.6,-0.811548,1.12428,1.49712,0.0277027
113.7,-0.777206,1.1005,1.41459,0.0277027
113.8,-0.748689,1.07873,1.33527,0.0277027
113.9,-0.725817,1.05847,1.25984,0.0277027
114,-0.708303,1.03925,1.18881,0.0277027
114.1,-0.695766,1.02058,1.12251,0.0277027
114.2,-0.687754,1.002,1.06117,0.0277027
114.3,-0.683752,0.983088,1.00489,0.0277027
114.4,-0.683199,0.963434,0.953686,0.0277027
114.5,-0.685498,0.942678,0.907473,0.0277027
114.6,-0.690031,0.920504,0.866114,0.0277027
114.7,-0.696165,0.896641,0.8294,0.0277027
114.8,-0.703269,0.870871,0.797065,0.0277027
114.9,-0.710722,0.843028,0.768789,0.0277027
115,-0.717921,0.813002,0.744201,0.0277027
115.1,-0.724298,0.780734,0.722885,0.0277027
115.2,-0.729322,0.746223,0.704388,0.0277027
115.3,-0.732514,0.709517,0.688224,0.0277027
115.4,-0.73345,0.670712,0.673888,0.0277027
115.5,-0.73177,0.629953,0.660865,0.0277027
115.6,-0.727182,0.587421,0.648644,0.0277027
115.7,-0.719463,0.543337,0.636735,0.0277027
115.8,-0.708464,0.49795,0.624676,0.0277027
115.9,-0.694102,0.451534,0.612054,0.0277027
116,-0.676366,0.404383,0.598513,0.0277027
116.1,-0.655302,0.356803,0.583761,0.0277027
116.2,-0.631018,0.309108,0.567586,0.0277027
116.3,-0.603666,0.261616,0.549849,0.0277027
116.4,-0.573443,0.214641,0.530492,0.0277027
116.5,-0.540577,0.168494,0.509536,0.0277027
116.6,-0.505322,0.123474,0.487071,0.0277027
116.7,-0.467949,0.0798707,0.463254,0.0277027
116.8,-0.42874,0.0379603,0.438295,0.0277027
116.9,-0.387977,-0.00199687,0.41245,0.0277027
117,-0.345944,-0.0397558,0.386011,0.0277027
117.1,-0.302914,-0.0750875,0.359291,0.0277027
117.2,-0.259154,-0.107779,0.332614,0.0277027
117.3,-0.214918,-0.137633,0.306309,0.0277027
117.4,-0.170444,-0.164468,0.280695,0.0277027
117.5,-0.125958,-0.188115,0.256078,0.0277027
117.6,-0.0816737,-0.208422,0.232743,0.0277027
117.7,-0.0377901,-0.225247,0.210945,0.0277027
117.8,0.00550321,-0.238464,0.190909,0.0277027
117.9,0.0480255,-0.247957,0.172826,0.0549935
118,0.0896025,-0.253622,0.15685,0.0987126
118.1,0.130063,-0.25537,0.143094,0.138218
118.2,0.169239,-0.253123,0.131632,0.173932
118.3,0.206957,-0.246816,0.1225,0.206205
118.4,0.243042,-0.236399,0.115689,0.235355
118.5,0.277312,-0.221839,0.111153,0.261602
118.6,0.309575,-0.203118,0.108803,0.285151
118.7,0.339627,-0.18024,0.108511,0.306153
118.8,0.36725,-0.153229,0.110108,0.324722
118.9,0.392214,-0.122134,0.113388,0.340934
119,0.414269,-0.0870296,0.118109,0.354836
119.1,0.43315,-0.0480234,0.123992,0.366437
119.2,0.448575,-0.00525437,0.130726,0.375718
119.3,0.460244,0.0411008,0.137974,0.382627
119.4,0.467842,0.090825,0.145373,0.387074
119.5,0.471042,0.143657,0.152547,0.388935
119.6,0.469507,0.199288,0.159112,0.388043
119.7,0.462893,0.257359,0.164687,0.384181
119.8,0.45086,0.317456,0.168912,0.377079
119.9,0.433076,0.37911,0.171458,0.366392
120,0.40923,0.441797,0.172051,0.351693
120.1,0.37904,0.504932,0.170489,0.332443
120.2,0.342272,0.567876,0.166671,0.307961
120.3,0.298754,0.629934,0.160614,0.277372
120.4,0.248393,0.690364,0.15248,0.239541
120.5,0.191199,0.748381,0.142596,0.192962
120.6,0.127302,0.803165,0.131473,0.135609
120.7,0.0569777,0.853876,0.119807,0.0646952
120.8,-0.0193363,0.899666,0.108486,0.0646952
120.9,-0.10102,0.9397,0.0985624,0.0646952
121,-0.187259,0.973171,0.0912295,0.0646952
121.1,-0.277035,0.999325,0.0877624,0.0646952
121.2,-0.369133,1.01749,0.0894502,0.0646952
121.3,-0.462144,1.02707,0.0975067,0.0646952
121.4,-0.554498,1.02763,0.112971,0.0646952
121.5,-0.644493,1.01886,0.136602,0.0646952
121.6,-0.730348,1.0006,0.168779,0.0646952
121.7,-0.81026,0.972891,0.209415,0.0646952
121.8,-0.882472,0.935942,0.257908,0.0646952
121.9,-0.945347,0.890155,0.313117,0.0646952
122,-0.997435,0.83611,0.373394,0.0646952
122.1,-1.03754,0.774554,0.43666,0.0646952
122.2,-1.06477,0.706377,0.500526,0.0646952
122.3,-1.07859,0.632591,0.562444,0.0646952
122.4,-1.0788,0.554297,0.619883,0.0646952
122.5,-1.06559,0.472652,0.670496,0.0646952
122.6,-1.03946,0.388839,0.712283,0.0646952
122.7,-1.00121,0.304033,0.74371,0.0646952
122.8,-0.951903,0.219372,0.763795,0.0646952
122.9,-0.89276,0.135938,0.77214,0.0646952
123,-0.825123,0.0547342,0.768921,0.0646952
123.1,-0.75039,-0.0233244,0.754833,0.0646952
123.2,-0.669949,-0.0974199,0.731013,0.0646952
123.3,-0.585135,-0.166832,0.698934,0.0646952
123.4,-0.497191,-0.230938,0.660298,0.0646952
123.5,-0.407241,-0.2892,0.616933,0.0646952
123.6,-0.31627,-0.341167,0.570695,0.0646952
123.7,-0.225126,-0.386454,0.523385,0.0646952
123.8,-0.134515,-0.424739,0.476693,0.0646952
123.9,-0.0450111,-0.455747,0.432145,0.0646952
124,0.0429291,-0.479243,0.391082,0.0493972
124.1,0.128951,-0.49502,0.354642,0.137169
124.2,0.212784,-0.502896,0.323756,0.211028
124.3,0.294222,-0.502699,0.299158,0.274079
124.4,0.373108,-0.494269,0.281389,0.328573
124.5,0.449314,-0.477454,0.270816,0.376159
124.6,0.522725,-0.452103,0.267645,0.418061
124.7,0.593223,-0.418071,0.271931,0.455198
124.8,0.660677,-0.37522,0.283592,0.488267
124.9,0.724926,-0.323415,0.30242,0.517797
125,0.785769,-0.262538,0.328081,0.544188
125.1,0.842956,-0.192484,0.360119,0.567737
125.2,0.896175,-0.113173,0.397959,0.588657
125.3,0.945043,-0.0245563,0.440897,0.607092
125.4,0.989098,0.0733747,0.4881,0.623121
125.5,1.02779,0.180577,0.538592,0.636767
125.6,1.06047,0.296943,0.591252,0.647994
125.7,1.08638,0.422289,0.644809,0.656712
125.8,1.10466,0.556338,0.697834,0.662767
125.9,1.11433,0.698707,0.748749,0.665939
126,1.11428,0.848882,0.79584,0.665923
126.1,1.1033,1.00621,0.837286,0.662317
126.2,1.08004,1.16986,0.871205,0.654593
126.3,1.04308,1.33883,0.89573,0.642052
126.4,0.990908,1.51192,0.909109,0.623769
126.5,0.922002,1.68769,0.90985,0.598489
126.6,0.834848,1.8645,0.8969,0.564468
126.7,0.728041,2.04044,0.86987,0.519184
126.8,0.60038,2.21341,0.829295,0.458815
126.9,0.451001,2.38105,0.776911,0.377162
127,0.279526,2.54084,0.715937,0.263253
127.1,0.0862452,2.69013,0.651292,0.0952999
127.2,-0.127701,2.82619,0.589718,0.0952999
127.3,-0.360135,2.94633,0.539713,0.0952999
127.4,-0.607692,3.04799,0.511213,0.0952999
127.5,-0.865723,3.12889,0.514953,0.0952999
127.6,-1.1283,3.1872,0.561487,0.0952999
127.7,-1.38834,3.22164,0.659915,0.0952999
127.8,-1.63789,3.23164,0.816436,0.0952999
127.9,-1.86856,3.21745,1.03296,0.0952999
128,-2.07212,3.18019,1.30604,0.0952999
128.1,-2.24111,3.12185,1.62646,0.0952999
128.2,-2.36949,3.04521,1.97959,0.0952999
128.3,-2.45327,2.95371,2.34669,0.0952999
128.4,-2.49077,2.85129,2.70687,0.0952999
128.5,-2.48284,2.74209,3.0395,0.0952999
128.6,-2.43272,2.63029,3.32648,0.0952999
128.7,-2.34564,2.51983,3.55414,0.0952999
128.8,-2.22828,2.41424,3.71428,0.0952999
128.9,-2.08823,2.31649,3.80442,0.0952999
129,-1.93329,2.22891,3.82718,0.0952999
129.1,-1.77099,2.15316,3.78927,0.0952999
129.2,-1.60821,2.09026,3.70004,0.0952999
129.3,-1.45083,2.04059,3.57018,0.0952999
129.4,-1.30372,2.00402,3.41053,0.0952999
129.5,-1.1706,1.97999,3.2312,0.0952999
129.6,-1.05422,1.96754,3.04106,0.0952999
129.7,-0.956359,1.96545,2.84745,0.0952999
129.8,-0.878037,1.97231,2.65618,0.0952999
129.9,-0.819604,1.98653,2.47166,0.0952999
130,-0.780869,2.00648,2.29711,0.0952999
130.1,-0.761201,2.03044,2.13483,0.0952999
130.2,-0.759602,2.05672,1.98649,0.0952999
130.3,-0.774763,2.08364,1.85328,0.0952999
130.4,-0.805105,2.1096,1.73617,0.0952999
130.5,-0.848805,2.13309,1.63594,0.0952999
130.6,-0.90382,2.15271,1.55329,0.0952999
130.7,-0.967911,2.16721,1.48884,0.0952999
130.8,-1.03867,2.17552,1.44301,0.0952999
130.9,-1.11355,2.17678,1.41601,0.0952999
131,-1.18994,2.17031,1.40768,0.0952999
131.1,-1.2652,2.15572,1.41736,0.0952999
131.2,-1.33677,2.13283,1.44384,0.0952999
131.3,-1.40223,2.10172,1.48526,0.0952999
131.4,-1.45939,2.0627,1.5391,0.0952999
131.5,-1.50639,2.01632,1.60228,0.0952999
131.6,-1.54178,1.96333,1.67124,0.0952999
131.7,-1.56455,1.90463,1.74215,0.0952999
131.8,-1.57419,1.84124,1.81109,0.0952999
131.9,-1.57065,1.77429,1.87435,0.0952999
132,-1.5544,1.70493,1.92859,0.0952999
132.1,-1.52627,1.63428,1.97106,0.0952999
132.2,-1.4875,1.56345,1.99973,0.0952999
132.3,-1.43955,1.49345,2.01336,0.0952999
132.4,-1.38409,1.42517,2.01149,0.0952999
132.5,-1.32287,1.35938,1.99441,0.0952999
132.6,-1.25767,1.29672,1.963,0.0952999
132.7,-1.19017,1.23766,1.91868,0.0952999
132.8,-1.12196,1.18254,1.86319,0.0952999
132.9,-1.05448,1.13156,1.79848,0.0952999
133,-0.988961,1.0848,1.72656,0.0952999
133.1,-0.926444,1.04222,1.64942,0.0952999
133.2,-0.867767,1.00367,1.56893,0.0952999
133.3,-0.813576,0.968946,1.48677,0.0952999
133.4,-0.764327,0.937747,1.40441,0.0952999
133.5,-0.720314,0.909733,1.3231,0.0952999
133.6,-0.681678,0.884525,1.24386,0.0952999
133.7,-0.64843,0.86171,1.1675,0.0952999
133.8,-0.620469,0.840866,1.09463,0.0952999
133.9,-0.597598,0.821559,1.02569,0.0952999
134,-0.579538,0.80336,0.960994,0.0952999
134.1,-0.565946,0.78585,0.90071,0.0952999
134.2,-0.556425,0.768625,0.844924,0.0952999
134.3,-0.550534,0.751305,0.793636,0.0952999
134.4,-0.547796,0.733536,0.746783,0.0952999
134.5,-0.547714,0.714998,0.704249,0.0952999
134.6,-0.549772,0.695404,0.665871,0.0952999
134.7,-0.553446,0.674508,0.631452,0.0952999
134.8,-0.558209,0.652104,0.600758,0.0952999
134.9,-0.563544,0.62803,0.573527,0.0952999
135,-0.568944,0.602167,0.549468,0.0952999
135.1,-0.573926,0.574441,0.528264,0.0952999
135.2,-0.578032,0.544823,0.509577,0.0952999
135.3,-0.580841,0.513329,0.493052,0.0952999
135.4,-0.581967,0.480014,0.478318,0.0952999
135.5,-0.581075,0.444975,0.465,0.0952999
135.6,-0.577875,0.408347,0.452723,0.0952999
135.7,-0.57213,0.370296,0.441124,0.0952999
135.8,-0.563657,0.331021,0.429854,0.0952999
135.9,-0.552329,0.290745,0.418594,0.0952999
136,-0.538072,0.249715,0.407061,0.0952999
136.1,-0.520861,0.208192,0.395014,0.0952999
136.2,-0.500724,0.166456,0.382262,0.0952999
136.3,-0.47773,0.12479,0.36867,0.0952999
136.4,-0.451991,0.0834861,0.354156,0.0952999
136.5,-0.423649,0.0428379,0.3387,0.0952999
136.6,-0.39288,0.00313677,0.322332,0.0952999
136.7,-0.359879,-0.0353295,0.305141,0.0952999
136.8,-0.32486,-0.0722794,0.287259,0.0952999
136.9,-0.288048,-0.10744,0.268861,0.0952999
137,-0.249678,-0.140547,0.250156,0.0952999
137.1,-0.209987,-0.171348,0.231379,0.0952999
137.2,-0.169212,-0.1996,0.212785,0.0952999
137.3,-0.127588,-0.225075,0.194638,0.0952999
137.4,-0.0853454,-0.247555,0.177202,0.0952999
137.5,-0.0427105,-0.266834,0.160739,0.0952999
137.6,9.68786e-05,-0.282718,0.145499,0.0952999
137.7,0.0428623,-0.295028,0.131713,0.0493231
137.8,0.0853758,-0.303595,0.119589,0.0944207
137.9,0.127431,-0.308262,0.109308,0.135731
138,0.168822,-0.308889,0.101019,0.173564
138.1,0.209344,-0.305347,0.0948365,0.208192
138.2,0.248788,-0.29752,0.0908359,0.239849
138.3,0.286943,-0.285311,0.0890535,0.268742
138.4,0.323586,-0.268638,0.0894831,0.295051
138.5,0.358488,-0.24744,0.0920742,0.318905
138.6,0.391406,-0.221675,0.0967314,0.340417
138.7,0.422081,-0.191325,0.103312,0.359668
138.8,0.450238,-0.156399,0.111628,0.376709
138.9,0.475585,-0.116935,0.121443,0.391565
139,0.497806,-0.0730049,0.132474,0.404232
139.1,0.516565,-0.024717,0.144394,0.414678
139.2,0.531505,0.0277792,0.156834,0.422842
139.3,0.542246,0.0842889,0.169386,0.428629
139.4,0.548388,0.144567,0.181612,0.431907
139.5,0.549513,0.208314,0.193053,0.432506
139.6,0.54519,0.275171,0.203237,0.430203
139.7,0.534979,0.344717,0.211699,0.424721
139.8,0.518441,0.416464,0.217997,0.41571
139.9,0.495145,0.489854,0.221735,0.402732
140,0.464687,0.564257,0.222592,0.385232
140.1,0.426698,0.638971,0.220352,0.362503
140.2,0.380872,0.713225,0.214936,0.333633
140.3,0.326981,0.786178,0.206441,0.29742
140.4,0.264905,0.856929,0.19517,0.252252
140.5,0.19466,0.924527,0.181665,0.195901
140.6,0.116423,0.987978,0.166728,0.125212
140.7,0.0305695,1.04627,0.151433,0.0355957
140.8,-0.0623057,1.09838,0.137115,0.0355957
140.9,-0.16136,1.14332,0.125343,0.0355957
141,-0.265488,1.18014,0.117856,0.0355957
141.1,-0.373313,1.20796,0.11648,0.0355957
141.2,-0.483195,1.22604,0.123011,0.0355957
141.3,-0.593254,1.23375,0.13907,0.0355957
141.4,-0.701409,1.23065,0.165947,0.0355957
141.5,-0.805437,1.21648,0.204447,0.0355957
141.6,-0.903053,1.19124,0.254745,0.0355957
141.7,-0.991997,1.15511,0.316284,0.0355957
141.8,-1.07014,1.10853,0.387722,0.0355957
141.9,-1.13557,1.05219,0.466957,0.0355957
142,-1.18672,0.986967,0.551215,0.0355957
142.1,-1.2224,0.91393,0.63722,0.0355957
142.2,-1.2419,0.834309,0.721418,0.0355957
142.3,-1.24499,0.749441,0.800232,0.0355957
142.4,-1.23191,0.660731,0.870323,0.0355957
142.5,-1.20337,0.569608,0.928834,0.0355957
142.6,-1.16049,0.477479,0.973574,0.0355957
142.7,-1.10467,0.385695,1.00314,0.0355957
142.8,-1.03758,0.295516,1.01696,0.0355957
142.9,-0.960996,0.208093,1.01527,0.0355957
143,-0.876757,0.124445,0.999033,0.0355957
143.1,-0.786667,0.0454584,0.969802,0.0355957
143.2,-0.692436,-0.0281149,0.92956,0.0355957
143.3,-0.595626,-0.0956539,0.880566,0.0355957
143.4,-0.497622,-0.156657,0.8252,0.0355957
143.5,-0.399619,-0.210729,0.765827,0.0355957
143.6,-0.302611,-0.257566,0.704693,0.0355957
143.7,-0.207406,-0.296943,0.643846,0.0355957
143.8,-0.114638,-0.328696,0.585081,0.0355957
143.9,-0.0247881,-0.352709,0.529916,0.0355957
144,0.0617882,-0.368903,0.479584,0.0698589
144.1,0.14484,-0.377228,0.435035,0.151967
144.2,0.224194,-0.37765,0.39696,0.220331
144.3,0.299729,-0.37015,0.365808,0.278078
144.4,0.371359,-0.354717,0.341811,0.327426
144.5,0.43901,-0.33135,0.325012,0.369983
144.6,0.502603,-0.300053,0.315287,0.406924
144.7,0.562041,-0.260841,0.312363,0.439118
144.8,0.617195,-0.21374,0.315838,0.467208
144.9,0.667891,-0.158794,0.325189,0.491674
145,0.713907,-0.0960676,0.339788,0.512859
145.1,0.754957,-0.0256566,0.358904,0.531004
145.2,0.79069,0.0523068,0.381708,0.54626
145.3,0.820683,0.137644,0.407278,0.558702
145.4,0.844438,0.230119,0.434605,0.568332
145.5,0.861375,0.32943,0.462595,0.575081
145.6,0.870839,0.435196,0.490079,0.578812
145.7,0.872095,0.546944,0.515835,0.579305
145.8,0.864337,0.664099,0.5386,0.576252
145.9,0.846696,0.78597,0.557114,0.569237
146,0.818253,0.91174,0.570164,0.557706
146.1,0.778063,1.04045,0.576647,0.540924
146.2,0.725181,1.17101,0.575648,0.517911
146.3,0.658701,1.30215,0.566546,0.48733
146.4,0.57781,1.43247,0.549125,0.447316
146.5,0.481845,1.56041,0.523704,0.395166
146.6,0.37037,1.68429,0.491274,0.326776
146.7,0.243262,1.8023,0.453624,0.235528
146.8,0.100809,1.91253,0.413435,0.109939
146.9,-0.0561983,2.01306,0.374334,0.109939
147,-0.226363,2.10196,0.340851,0.109939
147.1,-0.407608,2.17739,0.31828,0.109939
147.2,-0.597124,2.23765,0.312391,0.109939
147.3,-0.791356,2.2813,0.329012,0.109939
147.4,-0.98606,2.3072,0.373463,0.109939
147.5,-1.17642,2.31464,0.449909,0.109939
147.6,-1.35724,2.30339,0.560685,0.109939
147.7,-1.5232,2.27372,0.705715,0.109939
147.8,-1.6692,2.22649,0.882124,0.109939
147.9,-1.79068,2.16308,1.08415,0.109939
148,-1.88393,2.08537,1.30343,0.109939
148.1,-1.94643,1.99566,1.52962,0.109939
148.2,-1.97697,1.89656,1.75137,0.109939
148.3,-1.97577,1.79087,1.95739,0.109939
148.4,-1.94441,1.68143,2.13754,0.109939
148.5,-1.88565,1.57103,2.28375,0.109939
148.6,-1.80323,1.46222,2.39061,0.109939
148.7,-1.70151,1.35731,2.45561,0.109939
148.8,-1.58516,1.25824,2.47904,0.109939
148.9,-1.45889,1.16656,2.46358,0.109939
149,-1.32718,1.08344,2.41373,0.109939
149.1,-1.1941,1.00966,2.33513,0.109939
149.2,-1.06317,0.945674,2.23397,0.109939
149.3,-0.937319,0.891593,2.11641,0.109939
149.4,-0.818884,0.847284,1.98822,0.109939
149.5,-0.709631,0.812395,1.85444,0.109939
149.6,-0.610816,0.786397,1.71931,0.109939
149.7,-0.523257,0.768633,1.58617,0.109939
149.8,-0.447407,0.758343,1.45754,0.109939
149.9,-0.38343,0.754701,1.33517,0.109939
150,-0.331259,0.75683,1.22019,0.109939
150.1,-0.290654,0.763827,1.11321,0.109939
150.2,-0.26124,0.774774,1.01447,0.109939
150.3,-0.242543,0.78875,0.923919,0.109939
150.4,-0.23401,0.804837,0.84136,0.109939
150.5,-0.235022,0.822133,0.766494,0.109939
150.6,-0.244903,0.839756,0.699004,0.109939
150.7,-0.262919,0.856848,0.638599,0.109939
150.8,-0.288279,0.872589,0.585042,0.109939
150.9,-0.320134,0.886199,0.538169,0.109939
151,-0.357571,0.896949,0.497886,0.109939
151.1,-0.399611,0.904168,0.46416,0.109939
151.2,-0.445216,0.907255,0.436996,0.109939
151.3,-0.493288,0.90569,0.416405,0.109939
151.4,-0.542684,0.899038,0.402366,0.109939
151.5,-0.592226,0.886962,0.394787,0.109939
151.6,-0.640722,0.869229,0.393466,0.109939
151.7,-0.686989,0.845718,0.398056,0.109939
151.8,-0.729881,0.816419,0.408043,0.109939
151.9,-0.768318,0.781438,0.42273,0.109939
152,-0.801313,0.74099,0.441239,0.109939
152.1,-0.828004,0.695399,0.462533,0.109939
152.2,-0.847675,0.645085,0.485445,0.109939
152.3,-0.859778,0.590554,0.508731,0.109939
152.4,-0.863948,0.532388,0.531122,0.109939
152.5,-0.860002,0.471224,0.551391,0.109939
152.6,-0.847946,0.407742,0.568413,0.109939
152.7,-0.827955,0.342647,0.581221,0.109939
152.8,-0.800367,0.276654,0.589055,0.109939
152.9,-0.765652,0.210474,0.591396,0.109939
153,-0.724392,0.144798,0.587976,0.109939
153.1,-0.677248,0.080291,0.578788,0.109939
153.2,-0.624937,0.0175798,0.564068,0.109939
153.3,-0.568199,-0.0427512,0.544268,0.109939
153.4,-0.507779,-0.100164,0.520023,0.109939
153.5,-0.444398,-0.154168,0.492109,0.109939
153.6,-0.378745,-0.20432,0.461403,0.109939
153.7,-0.311457,-0.250224,0.428834,0.109939
153.8,-0.243117,-0.291522,0.395352,0.109939
153.9,-0.174246,-0.3279,0.36189,0.109939
154,-0.105303,-0.359072,0.329333,0.109939
154.1,-0.0366892,-0.384787,0.298501,0.109939
154.2,0.0312476,-0.404817,0.270132,0.0363627
154.3,0.0982078,-0.418954,0.244868,0.107354
154.4,0.163931,-0.427011,0.223251,0.16923
154.5,0.228188,-0.428814,0.205722,0.223553
154.6,0.290772,-0.424203,0.192616,0.271558
154.7,0.351489,-0.413032,0.18417,0.31421
154.8,0.410149,-0.395166,0.18052,0.352268
154.9,0.46656,-0.37048,0.181708,0.386326
155,0.520516,-0.338868,0.187682,0.41685
155.1,0.571791,-0.300236,0.198296,0.444203
155.2,0.620133,-0.254513,0.213318,0.468661
155.3,0.665255,-0.20165,0.232422,0.490432
155.4,0.706831,-0.141626,0.255192,0.509661
155.5,0.744486,-0.0744575,0.28112,0.52644
155.6,0.777795,-0.000201141,0.309604,0.540811
155.7,0.806276,0.0810369,0.339945,0.552766
155.8,0.829385,0.169092,0.371351,0.562251
155.9,0.846514,0.263734,0.402941,0.569164
156,0.856991,0.364652,0.433745,0.573344
156.1,0.860076,0.471449,0.462721,0.574567
156.2,0.854969,0.583628,0.488775,0.57254
156.3,0.840811,0.700583,0.510786,0.566874
156.4,0.816702,0.821585,0.52765,0.557069
156.5,0.781712,0.945773,0.53833,0.542472
156.6,0.734905,1.07215,0.541931,0.522226
156.7,0.675375,1.19956,0.537785,0.495184
156.8,0.602288,1.32672,0.525554,0.459775
156.9,0.514931,1.45219,0.505348,0.413777
157,0.412785,1.57438,0.477852,0.353912
157.1,0.295593,1.6916,0.444444,0.275078
157.2,0.163454,1.80205,0.407307,0.168805
157.3,0.0169095,1.90387,0.36949,0.0199547
157.4,-0.142964,1.9952,0.334913,0.0199547
157.5,-0.314472,2.0742,0.308277,0.0199547
157.6,-0.495241,2.13918,0.294863,0.0199547
157.7,-0.682191,2.1886,0.300196,0.0199547
157.8,-0.87156,2.22124,0.329577,0.0199547
157.9,-1.05898,2.23619,0.387512,0.0199547
158,-1.23963,2.23298,0.477094,0.0199547
158.1,-1.40846,2.21165,0.599405,0.0199547
158.2,-1.56045,2.17272,0.75306,0.0199547
158.3,-1.69093,2.11727,0.93398,0.0199547
158.4,-1.79592,2.04687,1.13548,0.0199547
158.5,-1.87238,1.96351,1.34869,0.0199547
158.6,-1.91848,1.86958,1.56332,0.0199547
158.7,-1.93368,1.76767,1.76857,0.0199547
158.8,-1.91878,1.66053,1.95421,0.0199547
158.9,-1.87581,1.55087,2.11149,0.0199547
159,-1.80783,1.44129,2.23389,0.0199547
159.1,-1.71867,1.33418,2.31752,0.0199547
159.2,-1.61264,1.23161,2.36119,0.0199547
159.3,-1.49425,1.13533,2.36621,0.0199547
159.4,-1.3679,1.04669,2.3359,0.0199547
159.5,-1.23772,0.966687,2.27504,0.0199547
159.6,-1.10737,0.895972,2.18924,0.0199547
159.7,-0.980018,0.83487,2.08441,0.0199547
159.8,-0.85823,0.783431,1.96629,0.0199547
159.9,-0.744031,0.741472,1.8401,0.0199547
160,-0.638926,0.70862,1.71036,0.0199547
160.1,-0.543964,0.684353,1.58077,0.0199547
160.2,-0.459806,0.668034,1.45421,0.0199547
160.3,-0.386798,0.658944,1.33279,0.0199547
160.4,-0.325032,0.656302,1.21795,0.0199547
160.5,-0.274408,0.65929,1.11054,0.0199547
160.6,-0.23468,0.667065,1.01097,0.0199547
160.7,-0.205493,0.678774,0.919338,0.0199547
160.8,-0.186411,0.693559,0.835471,0.0199547
160.9,-0.176935,0.710565,0.759078,0.0199547
161,-0.176517,0.728949,0.68979,0.0199547
161.1,-0.184561,0.747883,0.627229,0.0199547
161.2,-0.200427,0.76656,0.57105,0.0199547
161.3,-0.223425,0.784199,0.520971,0.0199547
161.4,-0.252817,0.800052,0.476785,0.0199547
161.5,-0.287803,0.813412,0.438369,0.0199547
161.6,-0.32753,0.823622,0.405671,0.0199547
161.7,-0.371078,0.830079,0.378698,0.0199547
161.8,-0.417471,0.832248,0.357485,0.0199547
161.9,-0.465679,0.82967,0.342065,0.0199547
162,-0.514628,0.821969,0.332431,0.0199547
162.1,-0.563216,0.808863,0.328503,0.0199547
162.2,-0.610329,0.790168,0.330087,0.0199547
162.3,-0.65487,0.765805,0.336849,0.0199547
162.4,-0.695776,0.735802,0.348295,0.0199547
162.5,-0.732053,0.700293,0.363762,0.0199547
162.6,-0.7628,0.659517,0.382422,0.0199547
162.7,-0.787234,0.613813,0.403306,0.0199547
162.8,-0.804713,0.563608,0.425335,0.0199547
162.9,-0.814755,0.509412,0.447366,0.0199547
163,-0.817047,0.4518,0.468247,0.0199547
163.1,-0.811448,0.3914,0.486875,0.0199547
163.2,-0.79799,0.328877,0.502251,0.0199547
163.3,-0.776862,0.264921,0.513531,0.0199547
163.4,-0.748401,0.200229,0.520068,0.0199547
163.5,-0.713066,0.135493,0.521437,0.0199547
163.6,-0.671412,0.0713866,0.517451,0.0199547
163.7,-0.624073,0.00855978,0.50816,0.0199547
163.8,-0.571723,-0.0523733,0.493838,0.0199547
163.9,-0.515065,-0.110837,0.474953,0.0199547
164,-0.454797,-0.1663,0.452141,0.0199547
164.1,-0.391599,-0.218271,0.426164,0.0199547
164.2,-0.326118,-0.266305,0.397872,0.0199547
164.3,-0.258955,-0.309997,0.368165,0.0199547
164.4,-0.19066,-0.348979,0.337954,0.0199547
164.5,-0.121724,-0.382921,0.308137,0.0199547
164.6,-0.0525845,-0.41152,0.279565,0.0199547
164.7,0.0163741,-0.434502,0.253028,0.0193351
164.8,0.0848175,-0.451615,0.229236,0.093851
164.9,0.152453,-0.462626,0.208811,0.158916
165,0.219024,-0.467317,0.192281,0.216138
165.1,0.2843,-0.465487,0.180076,0.266795
165.2,0.348068,-0.456944,0.172525,0.3119
165.3,0.410127,-0.44151,0.169862,0.352254
165.4,0.470275,-0.419016,0.172223,0.388489
165.5,0.528303,-0.389307,0.179647,0.421104
165.6,0.583988,-0.352242,0.192081,0.45049
165.7,0.63708,-0.307695,0.209374,0.476952
165.8,0.687303,-0.255564,0.231282,0.500724
165.9,0.734337,-0.19577,0.257464,0.521975
166,0.77782,-0.128264,0.287475,0.54082
166.1,0.817337,-0.0530355,0.320769,0.55733
166.2,0.852412,0.0298803,0.356692,0.571522
166.3,0.882508,0.120396,0.394478,0.583372
166.4,0.907014,0.218359,0.433249,0.592808
166.5,0.925245,0.323546,0.472015,0.599709
166.6,0.93644,0.435644,0.50968,0.603898
166.7,0.939759,0.554244,0.545052,0.605133
166.8,0.934284,0.678827,0.576867,0.603094
166.9,0.919027,0.808747,0.603817,0.597367
167,0.89294,0.943222,0.624598,0.587412
167.1,0.854934,1.08132,0.637973,0.572526
167.2,0.803903,1.22195,0.64286,0.551781
167.3,0.738763,1.36385,0.638434,0.523927
167.4,0.6585,1.50558,0.624262,0.487234
167.5,0.562236,1.64554,0.600447,0.43922
167.6,0.449304,1.78197,0.567796,0.376153
167.7,0.319344,1.91294,0.527978,0.292073
167.8,0.172409,2.03644,0.483667,0.176722
167.9,0.00908343,2.15036,0.438635,0.0107869
168,-0.169408,2.25259,0.397762,0.0107869
168.1,-0.36109,2.34107,0.366927,0.0107869
168.2,-0.563159,2.41387,0.35274,0.0107869
168.3,-0.771951,2.46931,0.362098,0.0107869
168.4,-0.982971,2.50602,0.40156,0.0107869
168.5,-1.191,2.52309,0.476587,0.0107869
168.6,-1.39029,2.52009,0.590716,0.0107869
168.7,-1.57487,2.49719,0.744797,0.0107869
168.8,-1.73888,2.4552,0.936424,0.0107869
168.9,-1.87698,2.39551,1.15972,0.0107869
169,-1.98476,2.3201,1.40556,0.0107869
169.1,-2.05908,2.23146,1.66223,0.0107869
169.2,-2.09834,2.13243,1.91656,0.0107869
169.3,-2.10254,2.02609,2.15518,0.0107869
169.4,-2.07331,1.91558,2.36592,0.0107869
169.5,-2.0137,1.80398,2.53892,0.0107869
169.6,-1.92787,1.69414,2.66746,0.0107869
169.7,-1.82077,1.5886,2.74825,0.0107869
169.8,-1.69774,1.48948,2.7814,0.0107869
169.9,-1.56415,1.39849,2.76984,0.0107869
170,-1.4251,1.31684,2.71874,0.0107869
170.1,-1.28521,1.24535,2.63461,0.0107869
170.2,-1.14847,1.1844,2.52459,0.0107869
170.3,-1.01815,1.13405,2.3958,0.0107869
170.4,-0.896868,1.09405,2.25483,0.0107869
170.5,-0.786538,1.06388,2.10747,0.0107869
170.6,-0.688509,1.04287,1.95849,0.0107869
170.7,-0.603618,1.03017,1.81167,0.0107869
170.8,-0.532288,1.02483,1.66982,0.0107869
170.9,-0.474601,1.02585,1.5349,0.0107869
171,-0.430378,1.03214,1.40821,0.0107869
171.1,-0.399227,1.04262,1.29048,0.0107869
171.2,-0.380598,1.05619,1.18206,0.0107869
171.3,-0.373806,1.07176,1.08304,0.0107869
171.4,-0.37806,1.08825,0.993362,0.0107869
171.5,-0.392472,1.10463,0.912907,0.0107869
171.6,-0.416064,1.11989,0.841549,0.0107869
171.7,-0.447772,1.1331,0.779196,0.0107869
171.8,-0.486448,1.14337,0.725803,0.0107869
171.9,-0.530862,1.14989,0.681365,0.0107869
172,-0.579706,1.15196,0.645896,0.0107869
172.1,-0.631607,1.14896,0.619387,0.0107869
172.2,-0.685139,1.14039,0.601763,0.0107869
172.3,-0.738844,1.12587,0.592828,0.0107869
172.4,-0.791262,1.10515,0.592222,0.0107869
172.5,-0.84096,1.07812,0.599375,0.0107869
172.6,-0.886568,1.0448,0.613481,0.0107869
172.7,-0.926822,1.00536,0.633489,0.0107869
172.8,-0.960593,0.960089,0.65812,0.0107869
172.9,-0.98693,0.909406,0.685893,0.0107869
173,-1.00508,0.853835,0.715191,0.0107869
173.1,-1.01452,0.793992,0.744327,0.0107869
173.2,-1.01496,0.73057,0.771631,0.0107869
173.3,-1.00633,0.664313,0.795531,0.0107869
173.4,-0.988805,0.595998,0.814639,0.0107869
173.5,-0.962757,0.526415,0.827818,0.0107869
173.6,-0.928734,0.456346,0.83423,0.0107869
173.7,-0.887432,0.38655,0.833369,0.0107869
173.8,-0.839652,0.317748,0.825062,0.0107869
173.9,-0.786268,0.250609,0.80946,0.0107869
174,-0.728187,0.18575,0.787004,0.0107869
174.1,-0.666318,0.12372,0.758373,0.0107869
174.2,-0.601544,0.0650103,0.72444,0.0107869
174.3,-0.5347,0.0100441,0.686206,0.0107869
174.4,-0.466556,-0.0408136,0.644746,0.0107869
174.5,-0.397806,-0.0872547,0.601157,0.0107869
174.6,-0.329065,-0.129023,0.556515,0.0107869
174.7,-0.260863,-0.165907,0.511836,0.0107869
174.8,-0.193655,-0.197735,0.468051,0.0107869
174.9,-0.127821,-0.22437,0.425982,0.0107869
175,-0.0636799,-0.245704,0.386337,0.0107869
175.1,-0.00149225,-0.261652,0.3497,0.0107869
175.2,0.0585245,-0.272149,0.316531,0.0663544
175.3,0.116188,-0.277149,0.287173,0.124986
175.4,0.171339,-0.276618,0.261855,0.175782
175.5,0.223836,-0.270539,0.240698,0.220045
175.6,0.273541,-0.258906,0.223728,0.258779
175.7,0.320316,-0.241727,0.210882,0.292757
175.8,0.364011,-0.219026,0.202011,0.322579
175.9,0.404465,-0.190843,0.196895,0.348704
176,0.441494,-0.157241,0.195243,0.371479
176.1,0.474888,-0.118301,0.196702,0.391162
176.2,0.50441,-0.0741351,0.20086,0.407935
176.3,0.529792,-0.0248856,0.207252,0.421913
176.4,0.550732,0.0292685,0.215367,0.433153
176.5,0.566894,0.0881064,0.224649,0.441656
176.6,0.577912,0.15136,0.23451,0.447369
176.7,0.583387,0.218708,0.244336,0.450182
176.8,0.582892,0.289771,0.253501,0.449929
176.9,0.575981,0.364105,0.261383,0.446372
177,0.562193,0.441195,0.267382,0.439197
177.1,0.541064,0.520454,0.270946,0.427996
177.2,0.512144,0.601218,0.271601,0.412234
177.3,0.475006,0.682743,0.268986,0.391231
177.4,0.429278,0.764206,0.262889,0.36408
177.5,0.374658,0.844707,0.253295,0.329587
177.6,0.31095,0.923274,0.240421,0.286132
177.7,0.238093,0.99887,0.224763,0.231452
177.8,0.156198,1.07041,0.207128,0.162303
177.9,0.0655811,1.13677,0.188652,0.0738665
178,-0.0331957,1.19683,0.170801,0.0738665
178.1,-0.139296,1.24945,0.15535,0.0738665
178.2,-0.251585,1.29356,0.144319,0.0738665
178.3,-0.368609,1.32817,0.139883,0.0738665
178.4,-0.488603,1.35239,0.144235,0.0738665
178.5,-0.609506,1.36547,0.15942,0.0738665
178.6,-0.729005,1.36688,0.187141,0.0738665
178.7,-0.844597,1.35629,0.228559,0.0738665
178.8,-0.953676,1.33361,0.284104,0.0738665
178.9,-1.05364,1.29902,0.353332,0.0738665
179,-1.14202,1.25298,0.43484,0.0738665
179.1,-1.21658,1.1962,0.526268,0.0738665
179.2,-1.27546,1.12964,0.624403,0.0738665
179.3,-1.31725,1.0545,0.725369,0.0738665
179.4,-1.34109,0.97212,0.824902,0.0738665
179.5,-1.34669,0.884003,0.91867,0.0738665
179.6,-1.33434,0.791711,1.0026,0.0738665
179.7,-1.30487,0.696834,1.0732,0.0738665
179.8,-1.25957,0.600931,1.12776,0.0738665
179.9,-1.20012,0.505492,1.16454,0.0738665
180,-1.12844,0.411895,1.18283,0.0738665
180.1,-1.04664,0.321382,1.18289,0.0738665
180.2,-0.956851,0.235041,1.16585,0.0738665
180.3,-0.861159,0.153798,1.13354,0.0738665
180.4,-0.761528,0.0784179,1.08831,0.0738665
180.5,-0.65974,0.00951364,1.03278,0.0738665
180.6,-0.557358,-0.0524433,0.969723,0.0738665
180.7,-0.455711,-0.107105,0.901848,0.0738665
180.8,-0.355894,-0.154232,0.831696,0.0738665
180.9,-0.258781,-0.193669,0.761551,0.0738665
181,-0.165043,-0.225338,0.693379,0.0738665
181.1,-0.0751768,-0.249211,0.628808,0.0738665
181.2,0.0104649,-0.265306,0.56912,0.0124387
181.3,0.0916455,-0.273669,0.515272,0.100776
181.4,0.168214,-0.274369,0.467916,0.173027
181.5,0.240079,-0.267493,0.427433,0.233021
181.6,0.307184,-0.253137,0.393968,0.283443
181.7,0.369487,-0.231407,0.367461,0.326195
181.8,0.42694,-0.202421,0.347676,0.362651
181.9,0.47948,-0.166306,0.334232,0.393809
182,0.52701,-0.123206,0.326622,0.4204
182.1,0.569392,-0.0732827,0.324235,0.442957
182.2,0.606443,-0.016723,0.326369,0.461858
182.3,0.637922,0.0462549,0.332245,0.477361
182.4,0.663532,0.115394,0.341018,0.489618
182.5,0.682918,0.190391,0.351788,0.498695
182.6,0.695663,0.270887,0.363615,0.504571
182.7,0.701297,0.35646,0.375528,0.507145
182.8,0.699294,0.446614,0.386547,0.506232
182.9,0.689088,0.540774,0.395704,0.501548
183,0.670076,0.638271,0.402078,0.492701
183.1,0.641642,0.738345,0.404827,0.479161
183.2,0.603171,0.840128,0.403244,0.460218
183.3,0.554078,0.94265,0.396805,0.434926
183.4,0.493842,1.04483,0.385243,0.401996
183.5,0.422042,1.14549,0.368613,0.359646
183.6,0.338405,1.24335,0.347369,0.305316
183.7,0.242861,1.33704,0.322434,0.235212
183.8,0.135595,1.42514,0.295252,0.143405
183.9,0.01711,1.50618,0.26782,0.0201688
184,-0.111717,1.57869,0.24268,0.0201688
184.1,-0.249583,1.64124,0.222858,0.0201688
184.2,-0.394726,1.69247,0.211736,0.0201688
184.3,-0.544904,1.73116,0.212855,0.0201688
184.4,-0.697412,1.7563,0.229643,0.0201688
184.5,-0.849134,1.7671,0.265091,0.0201688
184.6,-0.996623,1.76308,0.321392,0.0201688
184.7,-1.13624,1.74409,0.399589,0.0201688
184.8,-1.26431,1.71038,0.499289,0.0201688
184.9,-1.37733,1.66253,0.618482,0.0201688
185,-1.47216,1.60155,0.753526,0.0201688
185.1,-1.54619,1.52876,0.899305,0.0201688
185.2,-1.59756,1.44578,1.04958,0.0201688
185.3,-1.62523,1.35447,1.19749,0.0201688
185.4,-1.62905,1.25687,1.3361,0.0201688
185.5,-1.60976,1.15505,1.45905,0.0201688
185.6,-1.56888,1.05111,1.56101,0.0201688
185.7,-1.50861,0.94703,1.6381,0.0201688
185.8,-1.43163,0.844673,1.68811,0.0201688
185.9,-1.34096,0.745684,1.71048,0.0201688
186,-1.23972,0.651482,1.70621,0.0201688
186.1,-1.13102,0.563236,1.67756,0.0201688
186.2,-1.01779,0.481866,1.62773,0.0201688
186.3,-0.902683,0.408052,1.56052,0.0201688
186.4,-0.788013,0.342253,1.47995,0.0201688
186.5,-0.675732,0.284733,1.39002,0.0201688
186.6,-0.567423,0.235587,1.29445,0.0201688
186.7,-0.464315,0.194772,1.19654,0.0201688
186.8,-0.367325,0.162133,1.0991,0.0201688
186.9,-0.277095,0.137427,1.00437,0.0201688
187,-0.194043,0.120345,0.914067,0.0201688
187.1,-0.118404,0.110527,0.829413,0.0201688
187.2,-0.0502804,0.107581,0.751179,0.0201688
187.3,0.0103275,0.111086,0.679757,0.0201688
187.4,0.0634834,0.120606,0.61523,0.0716412
187.5,0.109291,0.135691,0.557426,0.118288
187.6,0.147873,0.155878,0.505987,0.154745
187.7,0.179354,0.180694,0.460418,0.182784
187.8,0.203855,0.209655,0.420131,0.203629
187.9,0.221483,0.242262,0.384485,0.218138
188,0.232328,0.278004,0.352825,0.226869
188.1,0.236472,0.316348,0.324505,0.230167
188.2,0.233982,0.356746,0.298913,0.228188
188.3,0.224928,0.398625,0.275499,0.220927
188.4,0.209384,0.441392,0.253788,0.208223
188.5,0.187442,0.484432,0.2334,0.189755
188.6,0.159225,0.527109,0.214064,0.165023
188.7,0.124897,0.568768,0.195629,0.133329
188.8,0.0846823,0.608741,0.178073,0.093712
188.9,0.0388751,0.646352,0.161508,0.044908
189,-0.0121443,0.680926,0.146176,0.044908
189.1,-0.0678982,0.711796,0.132443,0.044908
189.2,-0.127801,0.738315,0.120783,0.044908
189.3,-0.191152,0.75987,0.111749,0.044908
189.4,-0.257133,0.775892,0.105946,0.044908
189.5,-0.324812,0.785875,0.103983,0.044908
189.6,-0.393149,0.789387,0.106426,0.044908
189.7,-0.461014,0.786086,0.113746,0.044908
189.8,-0.527208,0.775731,0.126259,0.044908
189.9,-0.590491,0.758195,0.144084,0.044908
190,-0.649617,0.733471,0.167092,0.044908
190.1,-0.703371,0.70168,0.194887,0.044908
190.2,-0.750611,0.663068,0.226789,0.044908
190.3,-0.790306,0.618008,0.261856,0.044908
190.4,-0.821577,0.566989,0.298909,0.044908
190.5,-0.843722,0.510607,0.336599,0.044908
190.6,-0.85625,0.449549,0.37347,0.044908
190.7,-0.858884,0.384577,0.408053,0.044908
190.8,-0.851574,0.31651,0.43895,0.044908
190.9,-0.834486,0.246202,0.464919,0.044908
191,-0.807983,0.174524,0.484947,0.044908
191.1,-0.772607,0.102345,0.498306,0.044908
191.2,-0.729039,0.0305159,0.504589,0.044908
191.3,-0.67807,-0.040145,0.503717,0.044908
191.4,-0.620562,-0.108862,0.495933,0.044908
191.5,-0.557413,-0.174911,0.481773,0.044908
191.6,-0.489524,-0.237622,0.462018,0.044908
191.7,-0.417771,-0.296383,0.437649,0.044908
191.8,-0.342984,-0.350639,0.409785,0.044908
191.9,-0.265929,-0.399885,0.379629,0.044908
192,-0.187298,-0.443669,0.348415,0.044908
192.1,-0.107703,-0.481582,0.317363,0.044908
192.2,-0.0276733,-0.51325,0.28764,0.044908
192.3,0.0523363,-0.538332,0.260334,0.0596854
192.4,0.131943,-0.556514,0.236431,0.139979
192.5,0.210828,-0.567499,0.2168,0.209417
192.6,0.288722,-0.571007,0.202189,0.270054
192.7,0.365397,-0.566767,0.193221,0.323498
192.8,0.440657,-0.554518,0.190393,0.370975
192.9,0.514321,-0.534003,0.194083,0.41344
193,0.586216,-0.504971,0.204549,0.45163
193.1,0.656164,-0.467176,0.221932,0.486123
193.2,0.723969,-0.420377,0.246263,0.517371
193.3,0.789413,-0.364344,0.277459,0.545723
193.4,0.852237,-0.298859,0.315321,0.571452
193.5,0.912139,-0.223719,0.35953,0.594758
193.6,0.968756,-0.138748,0.409644,0.615787
193.7,1.02166,-0.0438,0.465082,0.634632
193.8,1.07035,0.0612317,0.525118,0.651338
193.9,1.11423,0.176402,0.588865,0.665904
194,1.15259,0.301702,0.655261,0.678284
194.1,1.18465,0.437048,0.723059,0.688385
194.2,1.20947,0.58226,0.790812,0.69606
194.3,1.22598,0.73705,0.856874,0.7011
194.4,1.23301,0.900998,0.919397,0.703226
194.5,1.22919,1.07353,0.976352,0.702072
194.6,1.21305,1.25391,1.02557,0.697158
194.7,1.18296,1.44119,1.06478,0.687858
194.8,1.13717,1.63419,1.09176,0.673347
194.9,1.07385,1.83153,1.10441,0.652516
195,0.991123,2.03151,1.10101,0.623845
195.1,0.887151,2.23221,1.08043,0.585174
195.2,0.760236,2.43137,1.04245,0.533289
195.3,0.608954,2.62651,0.988134,0.463124
195.4,0.432331,2.81486,0.920209,0.365939
195.5,0.230052,2.99344,0.843431,0.225048
195.6,0.00269508,3.15916,0.76487,0.225048
195.7,-0.248018,3.30885,0.694019,0.225048
195.8,-0.518989,3.43945,0.642607,0.225048
195.9,-0.805561,3.54811,0.624013,0.225048
196,-1.10144,3.63243,0.652206,0.225048
196.1,-1.39874,3.69058,0.740202,0.225048
196.2,-1.68827,3.72154,0.898163,0.225048
196.3,-1.95998,3.72522,1.13138,0.225048
196.4,-2.20368,3.70256,1.43852,0.225048
196.5,-2.40981,3.65559,1.81062,0.225048
196.6,-2.57034,3.58733,2.23114,0.225048
196.7,-2.67961,3.50167,2.67731,0.225048
196.8,-2.73482,3.40316,3.12258,0.225048
196.9,-2.73639,3.29669,3.53986,0.225048
197,-2.68783,3.18718,3.90482,0.225048
197.1,-2.5953,3.07933,4.19863,0.225048
197.2,-2.46694,2.97734,4.40961,0.225048
197.3,-2.31206,2.88472,4.53376,0.225048
197.4,-2.14034,2.80417,4.57399,0.225048
197.5,-1.96108,2.73755,4.53869,0.225048
197.6,-1.78273,2.68592,4.43981,0.225048
197.7,-1.61248,2.64958,4.29102,0.225048
197.8,-1.45614,2.62817,4.10612,0.225048
197.9,-1.31814,2.62079,3.89788,0.225048
198,-1.20156,2.62612,3.67742,0.225048
198.1,-1.10835,2.6425,3.45386,0.225048
198.2,-1.03945,2.66804,3.23443,0.225048
198.3,-0.994981,2.70071,3.02466,0.225048
198.4,-0.974366,2.7384,2.8287,0.225048
198.5,-0.976452,2.77897,2.64972,0.225048
198.6,-0.999594,2.82032,2.49018,0.225048
198.7,-1.04172,2.86043,2.35214,0.225048
198.8,-1.10037,2.89742,2.23734,0.225048
198.9,-1.17275,2.92956,2.14731,0.225048
199,-1.25574,2.95536,2.08331,0.225048
199.1,-1.34601,2.97358,2.04624,0.225048
199.2,-1.44002,2.98325,2.03641,0.225048
199.3,-1.53417,2.98374,2.0534,0.225048
199.4,-1.62492,2.97475,2.09584,0.225048
199.5,-1.70887,2.9563,2.16131,0.225048
199.6,-1.78296,2.92878,2.24627,0.225048
199.7,-1.84459,2.89286,2.34617,0.225048
199.8,-1.89173,2.84951,2.45564,0.225048
199.9,-1.92304,2.79989,2.56876,0.225048
200,-1.93788,2.74536,2.6795,0.225048
200.1,-1.93636,2.68734,2.7821,0.225048
200.2,-1.9193,2.6273,2.87143,0.225048
200.3,-1.8881,2.56667,2.94336,0.225048
200.4,-1.84467,2.50677,2.99497,0.225048
200.5,-1.79126,2.44878,3.02459,0.225048
200.6,-1.73035,2.3937,3.03184,0.225048
200.7,-1.66447,2.34231,3.01746,0.225048
200.8,-1.59612,2.29519,2.98314,0.225048
200.9,-1.52762,2.25268,2.93124,0.225048
201,-1.46106,2.21494,2.86461,0.225048
201.1,-1.39824,2.18192,2.7863,0.225048
201.2,-1.34062,2.15339,2.69938,0.225048
201.3,-1.28936,2.12899,2.60683,0.225048
201.4,-1.24527,2.10824,2.51137,0.225048
201.5,-1.20885,2.09055,2.41546,0.225048
201.6,-1.18032,2.0753,2.3212,0.225048
201.7,-1.15962,2.06179,2.23039,0.225048
201.8,-1.14647,2.04932,2.1445,0.225048
201.9,-1.14039,2.0372,2.06471,0.225048
202,-1.14072,2.02474,1.99191,0.225048
202.1,-1.14667,2.01132,1.92675,0.225048
202.2,-1.15732,1.99636,1.86963,0.225048
202.3,-1.17167,1.97934,1.82072,0.225048
202.4,-1.18868,1.95983,1.78,0.225048
202.5,-1.20728,1.93748,1.7472,0.225048
202.6,-1.22639,1.91205,1.72188,0.225048
202.7,-1.24498,1.88338,1.70338,0.225048
202.8,-1.26207,1.85139,1.69089,0.225048
202.9,-1.2768,1.81612,1.68342,0.225048
203,-1.28838,1.77769,1.67986,0.225048
203.1,-1.29618,1.73629,1.67902,0.225048
203.2,-1.29969,1.69219,1.67966,0.225048
203.3,-1.29859,1.64569,1.68052,0.225048
203.4,-1.29269,1.59716,1.68044,0.225048
203.5,-1.28195,1.547,1.6783,0.225048
203.6,-1.26649,1.49561,1.67317,0.225048
203.7,-1.24654,1.4434,1.66424,0.225048
203.8,-1.22245,1.39077,1.65093,0.225048
203.9,-1.19467,1.33811,1.63283,0.225048
204,-1.16369,1.28576,1.60977,0.225048
204.1,-1.13005,1.23405,1.58174,0.225048
204.2,-1.09434,1.18324,1.54891,0.225048
204.3,-1.05711,1.13357,1.5116,0.225048
204.4,-1.01891,1.08523,1.47025,0.225048
204.5,-0.980268,1.03835,1.42537,0.225048
204.6,-0.941655,0.993036,1.37756,0.225048
204.7,-0.903495,0.949336,1.32741,0.225048
204.8,-0.866152,0.90727,1.27554,0.225048
204.9,-0.829933,0.866822,1.22254,0.225048
205,-0.79508,0.827947,1.16897,0.225048
205.1,-0.761781,0.790574,1.11534,0.225048
205.2,-0.730162,0.754615,1.0621,0.225048
205.3,-0.7003,0.719966,1.00967,0.225048
205.4,-0.672224,0.686512,0.958357,0.225048
205.5,-0.64592,0.654132,0.908454,0.225048
205.6,-0.621337,0.6227,0.860172,0.225048
205.7,-0.598393,0.592093,0.813677,0.225048
205.8,-0.57698,0.562191,0.769082,0.225048
205.9,-0.556969,0.53288,0.726459,0.225048
206,-0.538214,0.504052,0.685838,0.225048
206.1,-0.520558,0.475612,0.64722,0.225048
206.2,-0.503836,0.447475,0.610576,0.225048
206.3,-0.487881,0.41957,0.575855,0.225048
206.4,-0.472523,0.391839,0.542985,0.225048
206.5,-0.457597,0.364237,0.511883,0.225048
206.6,-0.442942,0.336736,0.482455,0.225048
206.7,-0.428404,0.30932,0.454597,0.225048
206.8,-0.41384,0.28199,0.428206,0.225048
206.9,-0.399119,0.254758,0.403173,0.225048
207,-0.38412,0.227653,0.379396,0.225048
207.1,-0.368737,0.200715,0.356771,0.225048
207.2,-0.352881,0.173997,0.335204,0.225048
207.3,-0.336473,0.147562,0.314607,0.225048
207.4,-0.319454,0.121484,0.294901,0.225048
207.5,-0.301777,0.0958486,0.276016,0.225048
207.6,-0.283413,0.0707457,0.257894,0.225048
207.7,-0.264345,0.0462747,0.240488,0.225048
207.8,-0.244572,0.0225401,0.223762,0.225048
207.9,-0.224107,-0.000348512,0.207692,0.225048
208,-0.202974,-0.0222779,0.192266,0.225048
208.1,-0.181212,-0.0431322,0.17748,0.225048
208.2,-0.15887,-0.0627943,0.163341,0.225048
208.3,-0.136007,-0.0811465,0.149866,0.225048
208.4,-0.112692,-0.0980715,0.137076,0.225048
208.5,-0.0890049,-0.113454,0.125001,0.225048
208.6,-0.0650316,-0.127181,0.113672,0.225048
208.7,-0.0408672,-0.139143,0.103124,0.225048
208.8,-0.0166135,-0.149234,0.0933926,0.225048
208.9,0.00762086,-0.157356,0.0845115,0.225048
209,0.0317207,-0.163416,0.0765114,0.0368909
209.1,0.0555649,-0.167327,0.0694181,0.0631741
209.2,0.0790263,-0.169011,0.0632504,0.0879075
209.3,0.101972,-0.168401,0.058019,0.111081
209.4,0.124263,-0.16544,0.0537247,0.132724
209.5,0.145756,-0.160079,0.0503568,0.152808
209.6,0.166299,-0.152287,0.0478924,0.171333
209.7,0.185739,-0.142044,0.046295,0.188294
209.8,0.203913,-0.129345,0.0455139,0.203678
209.9,0.220654,-0.114203,0.0454841,0.217465
210,0.235792,-0.0966479,0.0461258,0.229628
210.1,0.249149,-0.0767294,0.0473449,0.24013
210.2,0.260546,-0.0545181,0.0490339,0.248926
210.3,0.269798,-0.0301068,0.0510732,0.25596
210.4,0.27672,-0.00361209,0.0533326,0.26116
210.5,0.281125,0.0248245,0.0556745,0.264442
210.6,0.282829,0.0550349,0.0579561,0.265707
210.7,0.28165,0.086824,0.0600342,0.264832
210.8,0.277414,0.119968,0.0617692,0.261678
210.9,0.269958,0.154215,0.0630307,0.25608
211,0.25913,0.189282,0.0637032,0.247842
211.1,0.244802,0.224861,0.0636927,0.236734
211.2,0.226866,0.260611,0.0629338,0.22249
211.3,0.205247,0.296169,0.0613961,0.20479
211.4,0.179905,0.331144,0.0590914,0.18326
211.5,0.150846,0.365124,0.0560795,0.157456
211.6,0.118124,0.397679,0.0524732,0.126851
211.7,0.0818526,0.428367,0.0484413,0.090811
211.8,0.0422093,0.456736,0.0442094,0.0486043
211.9,-0.000557638,0.482332,0.0400577,0.0486043
212,-0.0461247,0.50471,0.0363147,0.0486043
212.1,-0.0940892,0.523437,0.0333478,0.0486043
212.2,-0.143968,0.538105,0.0315487,0.0486043
212.3,-0.1952,0.548335,0.031315,0.0486043
212.4,-0.247148,0.553794,0.0330284,0.0486043
212.5,-0.299109,0.5542,0.0370299,0.0486043
212.6,-0.350321,0.54933,0.043593,0.0486043
212.7,-0.399983,0.53903,0.0528985,0.0486043
212.8,-0.44727,0.523223,0.0650107,0.0486043
212.9,-0.491351,0.501913,0.079859,0.0486043
213,-0.531416,0.475188,0.0972267,0.0486043
213.1,-0.566696,0.443221,0.116748,0.0486043
213.2,-0.596489,0.406271,0.137915,0.0486043
213.3,-0.620179,0.364677,0.160096,0.0486043
213.4,-0.637255,0.318853,0.182565,0.0486043
213.5,-0.647328,0.269282,0.204534,0.0486043
213.6,-0.650141,0.216504,0.225198,0.0486043
213.7,-0.645571,0.161107,0.243781,0.0486043
213.8,-0.633633,0.103713,0.259575,0.0486043
213.9,-0.614467,0.0449701,0.271988,0.0486043
214,-0.588334,-0.0144625,0.280569,0.0486043
214.1,-0.555597,-0.0739232,0.285038,0.0486043
214.2,-0.516703,-0.132758,0.285297,0.0486043
214.3,-0.472166,-0.19033,0.281435,0.0486043
214.4,-0.422542,-0.246024,0.273715,0.0486043
214.5,-0.368414,-0.29925,0.262567,0.0486043
214.6,-0.310375,-0.349451,0.248557,0.0486043
214.7,-0.249004,-0.3961,0.232364,0.0486043
214.8,-0.184864,-0.438702,0.214749,0.0486043
214.9,-0.118485,-0.476793,0.196526,0.0486043
215,-0.0503576,-0.509937,0.178532,0.0486043
215.1,0.0190663,-0.537726,0.161603,0.022463
215.2,0.0893792,-0.559771,0.146549,0.098487
215.3,0.160215,-0.575708,0.134138,0.165911
215.4,0.231245,-0.585185,0.125081,0.226004
215.5,0.302175,-0.587867,0.120018,0.279844
215.6,0.372737,-0.583431,0.119513,0.32833
215.7,0.442684,-0.57156,0.124048,0.372194
215.8,0.511781,-0.551949,0.134014,0.412035
215.9,0.5798,-0.5243,0.149714,0.44834
216,0.646505,-0.488324,0.171358,0.481504
216.1,0.711651,-0.44374,0.199057,0.511842
216.2,0.774971,-0.390281,0.232823,0.539609
216.3,0.836167,-0.327693,0.272559,0.565001
216.4,0.894901,-0.255743,0.318056,0.588167
216.5,0.950789,-0.174222,0.368985,0.609214
216.6,1.00338,-0.0829544,0.424881,0.628206
216.7,1.05217,0.0181971,0.485136,0.645168
216.8,1.09656,0.129319,0.548984,0.660092
216.9,1.13586,0.250438,0.615485,0.672925
217,1.16929,0.381505,0.683516,0.683572
217.1,1.19594,0.522384,0.751755,0.691893
217.2,1.2148,0.672832,0.818678,0.697693
217.3,1.2247,0.832482,0.882558,0.700711
217.4,1.22436,1.00082,0.941477,0.700606
217.5,1.21233,1.17718,0.993359,0.696938
217.6,1.18705,1.36069,1.03602,0.689133
217.7,1.14681,1.55026,1.06724,0.67644
217.8,1.08983,1.7446,1.08494,0.657862
217.9,1.01426,1.94212,1.08726,0.632041
218,0.91826,2.141,1.0729,0.597077
218.1,0.800091,2.33912,1.04131,0.550195
218.2,0.658246,2.53409,0.993088,0.487113
218.3,0.491597,2.72326,0.930336,0.400725
218.4,0.299596,2.90375,0.857027,0.277982
218.5,0.0824947,3.07252,0.779327,0.0915066
218.6,-0.158412,3.22645,0.705762,0.0915066
218.7,-0.42055,3.36247,0.647151,0.0915066
218.8,-0.699863,3.47767,0.616169,0.0915066
218.9,-0.990694,3.56949,0.626477,0.0915066
219,-1.2858,3.63591,0.691374,0.0915066
219.1,-1.57651,3.67562,0.822031,0.0915066
219.2,-1.85317,3.68819,1.02553,0.0915066
219.3,-2.10568,3.67417,1.30301,0.0915066
219.4,-2.3243,3.63518,1.6484,0.0915066
219.5,-2.50048,3.57387,2.04803,0.0915066
219.6,-2.62771,3.4938,2.48153,0.0915066
219.7,-2.70215,3.39923,2.92384,0.0915066
219.8,-2.72306,3.29491,3.3482,0.0915066
219.9,-2.69278,3.18574,3.72938,0.0915066
220,-2.61647,3.07647,4.04661,0.0915066
220.1,-2.5015,2.97145,4.28573,0.0915066
220.2,-2.35672,2.87444,4.43998,0.0915066
220.3,-2.19158,2.78842,4.5098,0.0915066
220.4,-2.01549,2.71555,4.50159,0.0915066
220.5,-1.83711,2.65719,4.42597,0.0915066
220.6,-1.66405,2.61392,4.29593,0.0915066
220.7,-1.50257,2.58564,4.12512,0.0915066
220.8,-1.35755,2.57166,3.9266,0.0915066
220.9,-1.23255,2.57084,3.71196,0.0915066
221,-1.12993,2.58168,3.49096,0.0915066
221.1,-1.05098,2.6024,3.27141,0.0915066
221.2,-0.996137,2.63105,3.05934,0.0915066
221.3,-0.965112,2.66558,2.85931,0.0915066
221.4,-0.957001,2.70389,2.67475,0.0915066
221.5,-0.970391,2.74388,2.5083,0.0915066
221.6,-1.00343,2.78354,2.36206,0.0915066
221.7,-1.05388,2.82093,2.23782,0.0915066
221.8,-1.11913,2.85429,2.13711,0.0915066
221.9,-1.1963,2.88204,2.06129,0.0915066
222,-1.28219,2.90283,2.01136,0.0915066
222.1,-1.37344,2.91557,1.98792,0.0915066
222.2,-1.46654,2.91949,1.9909,0.0915066
222.3,-1.55799,2.91411,2.01944,0.0915066
222.4,-1.64437,2.89931,2.07169,0.0915066
222.5,-1.72251,2.87529,2.14475,0.0915066
222.6,-1.78963,2.84256,2.23468,0.0915066
222.7,-1.84343,2.80194,2.33662,0.0915066
222.8,-1.88224,2.75446,2.44508,0.0915066
222.9,-1.90509,2.70137,2.55421,0.0915066
223,-1.9117,2.64405,2.65824,0.0915066
223.1,-1.90251,2.58392,2.75182,0.0915066
223.2,-1.87858,2.52241,2.83043,0.0915066
223.3,-1.84152,2.46088,2.89058,0.0915066
223.4,-1.79337,2.40058,2.93001,0.0915066
223.5,-1.73644,2.34259,2.94768,0.0915066
223.6,-1.67318,2.28782,2.94375,0.0915066
223.7,-1.60607,2.23693,2.91937,0.0915066
223.8,-1.53746,2.19042,2.87653,0.0915066
223.9,-1.46953,2.14854,2.81774,0.0915066
224,-1.40421,2.11136,2.74587,0.0915066
224.1,-1.34312,2.07877,2.66392,0.0915066
224.2,-1.28756,2.0505,2.57484,0.0915066
224.3,-1.23852,2.02615,2.48141,0.0915066
224.4,-1.19668,2.00523,2.38614,0.0915066
224.5,-1.16242,1.98713,2.29128,0.0915066
224.6,-1.13585,1.97123,2.19871,0.0915066
224.7,-1.11685,1.95686,2.11004,0.0915066
224.8,-1.10507,1.94332,2.02656,0.0915066
224.9,-1.1,1.92996,1.94926,0.0915066
225,-1.10096,1.91611,1.87891,0.0915066
225.1,-1.10715,1.90118,1.81604,0.0915066
225.2,-1.11768,1.88463,1.76093,0.0915066
225.3,-1.13156,1.86596,1.71369,0.0915066
225.4,-1.14779,1.84479,1.67421,0.0915066
225.5,-1.16533,1.82079,1.6422,0.0915066
225.6,-1.18317,1.79374,1.61718,0.0915066
225.7,-1.20033,1.7635,1.5985,0.0915066
225.8,-1.21588,1.73003,1.58534,0.0915066
225.9,-1.229,1.69336,1.57677,0.0915066
226,-1.23898,1.65362,1.57171,0.0915066
226.1,-1.24521,1.611,1.56905,0.0915066
226.2,-1.24724,1.56577,1.56762,0.0915066
226.3,-1.24476,1.51824,1.56627,0.0915066
226.4,-1.2376,1.46877,1.5639,0.0915066
226.5,-1.22575,1.41773,1.55951,0.0915066
226.6,-1.20931,1.36552,1.55223,0.0915066
226.7,-1.1885,1.31255,1.54134,0.0915066
226.8,-1.16367,1.25921,1.52632,0.0915066
226.9,-1.13523,1.20586,1.50682,0.0915066
227,-1.10365,1.15286,1.48268,0.0915066
227.1,-1.06944,1.10052,1.45392,0.0915066
227.2,-1.03315,1.04911,1.42072,0.0915066
227.3,-0.995296,0.998868,1.38338,0.0915066
227.4,-0.956412,0.949991,1.34232,0.0915066
227.5,-0.916988,0.902628,1.29804,0.0915066
227.6,-0.877474,0.856887,1.25108,0.0915066
227.7,-0.838277,0.812839,1.20201,0.0915066
227.8,-0.799749,0.770522,1.1514,0.0915066
227.9,-0.76219,0.729938,1.09983,0.0915066
228,-0.725844,0.691066,1.04779,0.0915066
228.1,-0.690899,0.653857,0.995789,0.0915066
228.2,-0.657495,0.618247,0.944239,0.0915066
228.3,-0.625724,0.584153,0.893516,0.0915066
228.4,-0.595632,0.551485,0.843937,0.0915066
228.5,-0.567231,0.520141,0.795762,0.0915066
228.6,-0.540495,0.490018,0.749195,0.0915066
228.7,-0.515373,0.461009,0.704394,0.0915066
228.8,-0.491789,0.43301,0.661468,0.0915066
228.9,-0.469647,0.405919,0.620489,0.0915066
229,-0.448836,0.379641,0.58149,0.0915066
229.1,-0.429235,0.354088,0.544478,0.0915066
229.2,-0.410714,0.329178,0.509433,0.0915066
229.3,-0.393139,0.304841,0.476313,0.0915066
229.4,-0.376374,0.281015,0.445061,0.0915066
229.5,-0.360285,0.257652,0.415607,0.0915066
229.6,-0.34474,0.234713,0.387873,0.0915066
229.7,-0.329612,0.212168,0.361772,0.0915066
229.8,-0.31478,0.190003,0.337217,0.0915066
229.9,-0.300133,0.168213,0.314116,0.0915066
230,-0.285567,0.146802,0.29238,0.0915066
230.1,-0.270988,0.125786,0.271921,0.0915066
230.2,-0.256314,0.105193,0.252655,0.0915066
230.3,-0.241474,0.085056,0.234504,0.0915066
230.4,-0.226407,0.0654196,0.217393,0.0915066
230.5,-0.211065,0.046335,0.201256,0.0915066
230.6,-0.195412,0.0278607,0.186033,0.0915066
230.7,-0.179424,0.010061,0.17167,0.0915066
230.8,-0.163088,-0.00699408,0.158123,0.0915066
230.9,-0.146402,-0.0232307,0.145354,0.0915066
231,-0.129376,-0.0385713,0.13333,0.0915066
231.1,-0.11203,-0.0529361,0.122028,0.0915066
231.2,-0.0943952,-0.0662437,0.111429,0.0915066
231.3,-0.0765107,-0.0784122,0.101521,0.0915066
231.4,-0.0584265,-0.0893601,0.0922939,0.0915066
231.5,-0.0402007,-0.0990071,0.0837437,0.0915066
231.6,-0.0218998,-0.107275,0.075868,0.0915066
231.7,-0.00359805,-0.11409,0.0686659,0.0915066
231.8,0.0146231,-0.119381,0.0621372,0.0173029
231.9,0.0326751,-0.123083,0.0562806,0.0379676
232,0.0504631,-0.125136,0.0510931,0.0576526
232.1,0.0678863,-0.125488,0.0465686,0.0762964
232.2,0.084838,-0.124094,0.0426969,0.0938706
232.3,0.101206,-0.120919,0.0394627,0.110332
232.4,0.116875,-0.115938,0.0368448,0.125648
232.5,0.131722,-0.109135,0.0348152,0.139778
232.6,0.145622,-0.100508,0.0333389,0.152685
232.7,0.158448,-0.0900671,0.0323731,0.164327
232.8,0.170066,-0.0778358,0.0318673,0.174662
232.9,0.180343,-0.063853,0.0317635,0.18364
233,0.189144,-0.0481733,0.0319965,0.191209
233.1,0.196332,-0.0308682,0.0324945,0.197315
233.2,0.201772,-0.0120264,0.0331804,0.201888
233.3,0.205329,0.00824462,0.0339732,0.204858
233.4,0.206875,0.0298186,0.0347899,0.206144
233.5,0.206283,0.0525495,0.0355473,0.205652
233.6,0.203437,0.0762715,0.0361649,0.203281
233.7,0.198228,0.100799,0.0365678,0.198913
233.8,0.190561,0.125925,0.0366899,0.19242
233.9,0.180357,0.151425,0.0364769,0.183651
234,0.167555,0.177054,0.0358903,0.172444
234.1,0.152115,0.202551,0.0349107,0.15861
234.2,0.134027,0.227637,0.033541,0.141941
234.3,0.113307,0.252021,0.031809,0.122198
234.4,0.0900081,0.275398,0.02977,0.0991251
234.5,0.0642183,0.297457,0.027508,0.0724229
234.6,0.036069,0.317882,0.0251354,0.0417972
234.7,0.00573511,0.336354,0.022792,0.0417972
234.8,-0.0265614,0.352561,0.0206419,0.0417972
234.9,-0.0605505,0.366198,0.0188685,0.0417972
235,-0.095913,0.376977,0.0176682,0.0417972
235.1,-0.132282,0.384628,0.0172413,0.0417972
235.2,-0.169246,0.388907,0.0177824,0.0417972
235.3,-0.206349,0.389605,0.0194686,0.0417972
235.4,-0.243104,0.386547,0.0224478,0.0417972
235.5,-0.278993,0.379603,0.0268264,0.0417972
235.6,-0.313479,0.368689,0.0326581,0.0417972
235.7,-0.346017,0.353774,0.0399347,0.0417972
235.8,-0.376068,0.33488,0.0485792,0.0417972
235.9,-0.403107,0.312084,0.0584426,0.0417972
236,-0.426637,0.285521,0.0693049,0.0417972
236.1,-0.446207,0.255381,0.0808802,0.0417972
236.2,-0.461414,0.221907,0.0928271,0.0417972
236.3,-0.471922,0.185395,0.104762,0.0417972
236.4,-0.477464,0.146183,0.116279,0.0417972
236.5,-0.477853,0.104653,0.126965,0.0417972
236.6,-0.472979,0.0612216,0.136428,0.0417972
236.7,-0.462816,0.0163318,0.144312,0.0417972
236.8,-0.447413,-0.0295502,0.150318,0.0417972
236.9,-0.426895,-0.0759438,0.154223,0.0417972
237,-0.401454,-0.12236,0.155891,0.0417972
237.1,-0.371337,-0.168307,0.15528,0.0417972
237.2,-0.336842,-0.213296,0.152449,0.0417972
237.3,-0.298305,-0.256846,0.147551,0.0417972
237.4,-0.256087,-0.298487,0.140832,0.0417972
237.5,-0.21057,-0.337763,0.132622,0.0417972
237.6,-0.16214,-0.374233,0.123319,0.0417972
237.7,-0.111188,-0.407476,0.113375,0.0417972
237.8,-0.058096,-0.437087,0.103286,0.0417972
237.9,-0.00323527,-0.462678,0.0935684,0.0417972
238,0.053037,-0.483882,0.0847501,0.0604442
238.1,0.11038,-0.500344,0.0773527,0.119351
238.2,0.168471,-0.51173,0.0718799,0.173254
238.3,0.227002,-0.517718,0.0688051,0.2226
238.4,0.28568,-0.518002,0.0685618,0.267815
238.5,0.344222,-0.512287,0.0715346,0.30929
238.6,0.402354,-0.500295,0.078052,0.347373
238.7,0.459801,-0.48176,0.0883793,0.382366
238.8,0.516289,-0.45643,0.102713,0.414526
238.9,0.571533,-0.424069,0.121175,0.444068
239,0.625235,-0.38446,0.143808,0.471172
239.1,0.677076,-0.337406,0.170568,0.495977
239.2,0.726709,-0.282732,0.20132,0.518591
239.3,0.773753,-0.220294,0.23583,0.539089
239.4,0.817785,-0.14998,0.273762,0.557514
239.5,0.858335,-0.0717189,0.314663,0.573877
239.6,0.894876,0.0145142,0.357967,0.588158
239.7,0.926818,0.108687,0.402978,0.6003
239.8,0.953503,0.210702,0.448873,0.610212
239.9,0.974194,0.320386,0.494696,0.617759
240,0.988079,0.437476,0.539362,0.622757
240.1,0.994258,0.56161,0.581663,0.624964
240.2,0.991748,0.692309,0.620287,0.624069
240.3,0.979486,0.828965,0.653847,0.61967
240.4,0.956335,0.970826,0.680923,0.611252
240.5,0.921099,1.11698,0.700128,0.598149
240.6,0.872551,1.26635,0.710188,0.579484
240.7,0.809461,1.41768,0.710062,0.554085
240.8,0.730649,1.5695,0.699073,0.520342
240.9,0.635046,1.72018,0.677076,0.475965
241,0.521778,1.86789,0.644644,0.417542
241.1,0.390263,2.01063,0.603263,0.339686
241.2,0.240328,2.14627,0.555511,0.233217
241.3,0.0723361,2.27256,0.505199,0.0809636
241.4,-0.112674,2.38723,0.457434,0.0809636
241.5,-0.312866,2.48801,0.41855,0.0809636
241.6,-0.525494,2.57278,0.395869,0.0809636
241.7,-0.746847,2.6396,0.397257,0.0809636
241.8,-0.97225,2.68691,0.430452,0.0809636
241.9,-1.19616,2.71355,0.502214,0.0809636
242,-1.41236,2.71893,0.617348,0.0809636
242.1,-1.61426,2.70309,0.777763,0.0809636
242.2,-1.79528,2.66674,0.981715,0.0809636
242.3,-1.94936,2.61129,1.22342,0.0809636
242.4,-2.07135,2.53879,1.4932,0.0809636
242.5,-2.15749,2.45185,1.77815,0.0809636
242.6,-2.2057,2.35355,2.06337,0.0809636
242.7,-2.21576,2.24721,2.33346,0.0809636
242.8,-2.18928,2.13626,2.57419,0.0809636
242.9,-2.12951,2.02407,2.77386,0.0809636
243,-2.04103,1.91376,2.92432,0.0809636
243.1,-1.92933,1.80809,3.02145,0.0809636
243.2,-1.80038,1.70939,3.06504,0.0809636
243.3,-1.66018,1.61948,3.05827,0.0809636
243.4,-1.51445,1.53966,3.00687,0.0809636
243.5,-1.36834,1.47075,2.91823,0.0809636
243.6,-1.2263,1.41311,2.80043,0.0809636
243.7,-1.09196,1.36673,2.66152,0.0809636
243.8,-0.968158,1.33122,2.50894,0.0809636
243.9,-0.856993,1.30597,2.34918,0.0809636
244,-0.759889,1.29011,2.18758,0.0809636
244.1,-0.677698,1.28264,2.02836,0.0809636
244.2,-0.610803,1.28245,1.87465,0.0809636
244.3,-0.559203,1.28832,1.72865,0.0809636
244.4,-0.522591,1.29902,1.59184,0.0809636
244.5,-0.50042,1.31328,1.46513,0.0809636
244.6,-0.491944,1.32984,1.34902,0.0809636
244.7,-0.496257,1.34747,1.24378,0.0809636
244.8,-0.512309,1.36495,1.14955,0.0809636
244.9,-0.538924,1.38113,1.06639,0.0809636
245,-0.574805,1.39492,0.994386,0.0809636
245.1,-0.618544,1.40534,0.933626,0.0809636
245.2,-0.668626,1.41147,0.884211,0.0809636
245.3,-0.723445,1.41252,0.846211,0.0809636
245.4,-0.781315,1.40783,0.819623,0.0809636
245.5,-0.840502,1.39689,0.8043,0.0809636
245.6,-0.899248,1.37932,0.799895,0.0809636
245.7,-0.955816,1.35493,0.805798,0.0809636
245.8,-1.00853,1.32367,0.821093,0.0809636
245.9,-1.05583,1.28566,0.844538,0.0809636
246,-1.09632,1.24119,0.874572,0.0809636
246.1,-1.1288,1.19068,0.909353,0.0809636
246.2,-1.15231,1.1347,0.946826,0.0809636
246.3,-1.1662,1.07393,0.984819,0.0809636
246.4,-1.17006,1.00912,1.02115,0.0809636
246.5,-1.16381,0.941114,1.05373,0.0809636
246.6,-1.14764,0.870765,1.08072,0.0809636
246.7,-1.12201,0.798954,1.10055,0.0809636
246.8,-1.08758,0.726542,1.11207,0.0809636
246.9,-1.04521,0.654361,1.11453,0.0809636
247,-0.995893,0.583184,1.10763,0.0809636
247.1,-0.940692,0.513725,1.09147,0.0809636
247.2,-0.880717,0.446617,1.06653,0.0809636
247.3,-0.817073,0.382414,1.0336,0.0809636
247.4,-0.750825,0.321587,0.993702,0.0809636
247.5,-0.682968,0.264524,0.948019,0.0809636
247.6,-0.614412,0.211537,0.897817,0.0809636
247.7,-0.545964,0.162864,0.844382,0.0809636
247.8,-0.478324,0.118678,0.788961,0.0809636
247.9,-0.412088,0.0790964,0.73272,0.0809636
248,-0.347748,0.0441847,0.676709,0.0809636
248.1,-0.285701,0.0139671,0.621845,0.0809636
248.2,-0.226264,-0.0115678,0.568897,0.0809636
248.3,-0.169678,-0.0324603,0.518487,0.0809636
248.4,-0.116127,-0.0487744,0.471094,0.0809636
248.5,-0.0657426,-0.0605938,0.427058,0.0809636
248.6,-0.0186233,-0.0680179,0.3866,0.0809636
248.7,0.0251612,-0.07116,0.349827,0.029454
248.8,0.0655588,-0.0701453,0.31675,0.0738419
248.9,0.102527,-0.0651101,0.2873,0.111641
249,0.136028,-0.0562019,0.261336,0.143809
249.1,0.166021,-0.0435797,0.23866,0.171085
249.2,0.192459,-0.0274151,0.219029,0.194035
249.3,0.21529,-0.00789362,0.202164,0.213086
249.4,0.234448,0.0147837,0.187761,0.228559
249.5,0.249858,0.0403984,0.175495,0.240681
249.6,0.261437,0.0687125,0.165036,0.249608
249.7,0.269091,0.0994669,0.156047,0.255425
249.8,0.272719,0.132379,0.1482,0.258158
249.9,0.272221,0.167142,0.14118,0.257785
250,0.267494,0.203422,0.134691,0.254217
250.1,0.258445,0.240858,0.12847,0.247316
250.2,0.244992,0.279063,0.122288,0.236883
250.3,0.227073,0.31762,0.115965,0.222657
250.4,0.204655,0.356088,0.109375,0.204297
250.5,0.177738,0.394,0.102457,0.181377
250.6,0.14637,0.43087,0.095217,0.15337
250.7,0.110651,0.466191,0.0877391,0.119616
250.8,0.0707462,0.499445,0.0801852,0.0793004
250.9,0.0268912,0.530109,0.0727962,0.0314256
251,-0.0205968,0.557661,0.0658875,0.0314256
251.1,-0.0713141,0.581588,0.0598403,0.0314256
251.2,-0.124766,0.601397,0.0550876,0.0314256
251.3,-0.180365,0.616626,0.0520939,0.0314256
251.4,-0.237431,0.626854,0.0513304,0.0314256
251.5,-0.295201,0.631713,0.0532446,0.0314256
251.6,-0.352833,0.630895,0.0582275,0.0314256
251.7,-0.409425,0.624172,0.0665785,0.0314256
251.8,-0.464032,0.611393,0.0784718,0.0314256
251.9,-0.515687,0.592501,0.0939277,0.0314256
252,-0.56343,0.567535,0.11279,0.0314256
252.1,-0.606335,0.536631,0.134714,0.0314256
252.2,-0.643539,0.500026,0.159168,0.0314256
252.3,-0.674267,0.458052,0.185447,0.0314256
252.4,-0.697862,0.411133,0.212702,0.0314256
252.5,-0.713804,0.359774,0.239979,0.0314256
252.6,-0.721725,0.304553,0.266271,0.0314256
252.7,-0.721419,0.246105,0.290574,0.0314256
252.8,-0.712844,0.185113,0.311947,0.0314256
252.9,-0.696117,0.122289,0.329563,0.0314256
253,-0.6715,0.0583631,0.34276,0.0314256
253.1,-0.639388,-0.00593106,0.351075,0.0314256
253.2,-0.600282,-0.0698685,0.354267,0.0314256
253.3,-0.554768,-0.132743,0.352324,0.0314256
253.4,-0.503491,-0.193875,0.345463,0.0314256
253.5,-0.44713,-0.252619,0.334105,0.0314256
253.6,-0.386376,-0.308367,0.318855,0.0314256
253.7,-0.321909,-0.360548,0.300463,0.0314256
253.8,-0.254386,-0.408633,0.279789,0.0314256
253.9,-0.184423,-0.452131,0.257767,0.0314256
254,-0.112588,-0.490584,0.235363,0.0314256
254.1,-0.0393959,-0.52357,0.21355,0.0314256
254.2,0.0346922,-0.550693,0.193272,0.040236
254.3,0.10927,-0.571581,0.175425,0.118268
254.4,0.183983,-0.585883,0.160839,0.186783
254.5,0.258518,-0.593263,0.150263,0.247372
254.6,0.332602,-0.5934,0.144357,0.301321
254.7,0.405992,-0.58598,0.143689,0.349664
254.8,0.478464,-0.570699,0.148725,0.393224
254.9,0.549808,-0.547259,0.159836,0.432662
255,0.619813,-0.515367,0.177288,0.468503
255.1,0.688265,-0.474739,0.20125,0.501169
255.2,0.75493,-0.425098,0.231783,0.530992
255.3,0.819549,-0.366177,0.268844,0.558237
255.4,0.881828,-0.297725,0.312275,0.583108
255.5,0.941427,-0.21951,0.3618,0.605752
255.6,0.997948,-0.131327,0.417014,0.626277
255.7,1.05093,-0.033002,0.477371,0.644744
255.8,1.09983,0.0755941,0.54217,0.661173
255.9,1.14402,0.194539,0.610542,0.675545
256,1.18277,0.323843,0.681433,0.687798
256.1,1.21524,0.463439,0.753591,0.697826
256.2,1.24045,0.613161,0.82555,0.705471
256.3,1.25732,0.772732,0.895628,0.710516
256.4,1.26459,0.941736,0.961928,0.712674
256.5,1.26087,1.11961,1.02235,0.71157
256.6,1.2446,1.30559,1.07464,0.706716
256.7,1.21409,1.49873,1.11644,0.697476
256.8,1.16751,1.69784,1.14539,0.683013
256.9,1.10295,1.90149,1.15929,0.662202
257,1.01842,2.10796,1.1563,0.633497
257.1,0.91198,2.31526,1.13519,0.594698
257.2,0.781837,2.52107,1.09571,0.542526
257.3,0.626464,2.72282,1.03893,0.471775
257.4,0.444805,2.91765,0.967698,0.373466
257.5,0.236489,3.10249,0.887027,0.230181
257.6,0.00208493,3.27411,0.80441,0.230181
257.7,-0.256632,3.42923,0.729938,0.230181
257.8,-0.536431,3.56467,0.676117,0.230181
257.9,-0.832425,3.67749,0.657227,0.230181
258,-1.13798,3.7652,0.688181,0.230181
258.1,-1.4448,3.82592,0.78284,0.230181
258.2,-1.74318,3.85864,0.951939,0.230181
258.3,-2.02254,3.86332,1.2009,0.230181
258.4,-2.27215,3.84101,1.52796,0.230181
258.5,-2.48204,3.7939,1.92309,0.230181
258.6,-2.64392,3.72523,2.36815,0.230181
258.7,-2.75203,3.63915,2.83843,0.230181
258.8,-2.80375,3.54042,3.3054,0.230181
258.9,-2.79986,3.43417,3.74028,0.230181
259,-2.74438,3.32554,4.11755,0.230181
259.1,-2.64411,3.21938,4.41789,0.230181
259.2,-2.50786,3.11997,4.6298,0.230181
259.3,-2.34555,3.03085,4.75001,0.230181
259.4,-2.16739,2.95469,4.78253,0.230181
259.5,-1.98309,2.89329,4.73695,0.230181
259.6,-1.80135,2.84758,4.62642,0.230181
259.7,-1.62952,2.81771,4.46561,0.230181
259.8,-1.47347,2.80318,4.26908,0.230181
259.9,-1.33756,2.8029,4.05017,0.230181
260,-1.2248,2.81539,3.82033,0.230181
260.1,-1.13699,2.83883,3.5889,0.230181
260.2,-1.07489,2.87117,3.36324,0.230181
260.3,-1.03842,2.91022,3.14896,0.230181
260.4,-1.02677,2.95375,2.95035,0.230181
260.5,-1.03854,2.9995,2.77072,0.230181
260.6,-1.07181,3.04528,2.61273,0.230181
260.7,-1.12419,3.089,2.47862,0.230181
260.8,-1.19289,3.12873,2.37037,0.230181
260.9,-1.27475,3.16276,2.28966,0.230181
261,-1.36631,3.18961,2.2378,0.230181
261.1,-1.46384,3.20812,2.21561,0.230181
261.2,-1.56351,3.21743,2.22312,0.230181
261.3,-1.66142,3.21706,2.25941,0.230181
261.4,-1.75382,3.20687,2.3224,0.230181
261.5,-1.83721,3.18712,2.40879,0.230181
261.6,-1.90856,3.15839,2.51401,0.230181
261.7,-1.96538,3.1216,2.63249,0.230181
261.8,-2.00592,3.07791,2.75785,0.230181
261.9,-2.0292,3.02869,2.88341,0.230181
262,-2.03505,2.97545,3.00257,0.230181
262.1,-2.02411,2.91974,3.10932,0.230181
262.2,-1.99769,2.8631,3.19863,0.230181
262.3,-1.95773,2.80698,3.26673,0.230181
262.4,-1.90659,2.75266,3.31129,0.230181
262.5,-1.84692,2.70126,3.33142,0.230181
262.6,-1.78148,2.65366,3.32758,0.230181
262.7,-1.71303,2.6105,3.30133,0.230181
262.8,-1.64414,2.5722,3.25514,0.230181
262.9,-1.57717,2.53891,3.19203,0.230181
263,-1.51414,2.5106,3.11537,0.230181
263.1,-1.45671,2.48704,3.02862,0.230181
263.2,-1.40619,2.46781,2.93514,0.230181
263.3,-1.36349,2.45238,2.83807,0.230181
263.4,-1.32918,2.44012,2.74024,0.230181
263.5,-1.30349,2.43031,2.64413,0.230181
263.6,-1.28635,2.4222,2.55187,0.230181
263.7,-1.2774,2.415,2.46522,0.230181
263.8,-1.27607,2.40797,2.3856,0.230181
263.9,-1.28158,2.40035,2.31409,0.230181
264,-1.29298,2.39147,2.25148,0.230181
264.1,-1.3092,2.38071,2.19827,0.230181
264.2,-1.32907,2.36753,2.15465,0.230181
264.3,-1.35137,2.35152,2.12055,0.230181
264.4,-1.37485,2.33232,2.09562,0.230181
264.5,-1.39831,2.30972,2.07922,0.230181
264.6,-1.42058,2.28361,2.07049,0.230181
264.7,-1.4406,2.25398,2.06833,0.230181
264.8,-1.45742,2.22094,2.07143,0.230181
264.9,-1.47026,2.18467,2.07836,0.230181
265,-1.47851,2.14546,2.08757,0.230181
265.1,-1.48173,2.10364,2.09752,0.230181
265.2,-1.47969,2.05962,2.10668,0.230181
265.3,-1.47233,2.01381,2.11363,0.230181
265.4,-1.45979,1.96668,2.11712,0.230181
265.5,-1.44236,1.91867,2.1161,0.230181
265.6,-1.42047,1.87022,2.10976,0.230181
265.7,-1.39465,1.82173,2.09755,0.230181
265.8,-1.36552,1.77358,2.0792,0.230181
265.9,-1.33375,1.72608,2.05467,0.230181
266,-1.30004,1.67951,2.02415,0.230181
266.1,-1.26505,1.63409,1.98802,0.230181
266.2,-1.22946,1.58995,1.94682,0.230181
266.3,-1.19387,1.54721,1.9012,0.230181
266.4,-1.15884,1.50591,1.85189,0.230181
266.5,-1.12482,1.46603,1.79966,0.230181
266.6,-1.09223,1.42752,1.74526,0.230181
266.7,-1.06136,1.3903,1.68944,0.230181
266.8,-1.03246,1.35423,1.63289,0.230181
266.9,-1.00567,1.31917,1.57626,0.230181
267,-0.981057,1.28496,1.52009,0.230181
267.1,-0.958631,1.2514,1.46488,0.230181
267.2,-0.93833,1.21831,1.41103,0.230181
267.3,-0.92004,1.1855,1.35886,0.230181
267.4,-0.903597,1.15279,1.30862,0.230181
267.5,-0.888801,1.12,1.26048,0.230181
267.6,-0.87542,1.08698,1.21454,0.230181
267.7,-0.8632,1.05357,1.17085,0.230181
267.8,-0.851873,1.01966,1.12938,0.230181
267.9,-0.841163,0.985131,1.09008,0.230181
268,-0.830792,0.949915,1.05283,0.230181
268.1,-0.82049,0.91395,1.0175,0.230181
268.2,-0.809997,0.877205,0.983913,0.230181
268.3,-0.79907,0.839672,0.951872,0.230181
268.4,-0.787487,0.801367,0.92117,0.230181
268.5,-0.775048,0.762328,0.891592,0.230181
268.6,-0.761581,0.722613,0.862919,0.230181
268.7,-0.746943,0.682302,0.83494,0.230181
268.8,-0.73102,0.64149,0.807452,0.230181
268.9,-0.713728,0.600286,0.780269,0.230181
269,-0.69501,0.558816,0.753228,0.230181
269.1,-0.674841,0.517212,0.726189,0.230181
269.2,-0.653219,0.475617,0.69904,0.230181
269.3,-0.630168,0.43418,0.671698,0.230181
269.4,-0.605734,0.393053,0.64411,0.230181
269.5,-0.579981,0.35239,0.616256,0.230181
269.6,-0.55299,0.312348,0.588142,0.230181
269.7,-0.524855,0.273078,0.559803,0.230181
269.8,-0.495681,0.234734,0.5313,0.230181
269.9,-0.465581,0.197464,0.502714,0.230181
270,-0.434671,0.161412,0.474147,0.230181
270.1,-0.403075,0.126717,0.445713,0.230181
270.2,-0.370913,0.0935122,0.417542,0.230181
270.3,-0.33831,0.0619269,0.389766,0.230181
270.4,-0.305385,0.0320827,0.362526,0.230181
270.5,-0.27226,0.00409574,0.335959,0.230181
270.6,-0.239051,-0.0219242,0.310204,0.230181
270.7,-0.205872,-0.0458734,0.28539,0.230181
270.8,-0.172835,-0.0676546,0.261642,0.230181
270.9,-0.140049,-0.0871767,0.239072,0.230181
271,-0.107621,-0.104355,0.217782,0.230181
271.1,-0.0756569,-0.119111,0.197859,0.230181
271.2,-0.0442621,-0.131375,0.179377,0.230181
271.3,-0.0135419,-0.141081,0.162392,0.230181
271.4,0.0163967,-0.148174,0.146946,0.0193583
271.5,0.0454453,-0.152605,0.133062,0.0521669
271.6,0.0734922,-0.154334,0.120745,0.082171
271.7,0.100422,-0.153331,0.109986,0.109555
271.8,0.126115,-0.149578,0.100752,0.134484
271.9,0.150445,-0.143065,0.0929972,0.157092
272,0.173283,-0.133799,0.0866546,0.177488
272.1,0.194489,-0.121798,0.0816409,0.195756
272.2,0.213921,-0.107095,0.0778553,0.211963
272.3,0.231428,-0.0897429,0.0751806,0.22615
272.4,0.246852,-0.0698103,0.0734843,0.238338
272.5,0.260032,-0.0473867,0.07262,0.248533
272.6,0.270797,-0.0225834,0.072429,0.256713
272.7,0.278976,0.00446555,0.0727429,0.262843
272.8,0.284394,0.0336011,0.0733867,0.266864
272.9,0.286875,0.0646382,0.074182,0.268695
273,0.286245,0.0973644,0.0749513,0.268231
273.1,0.282337,0.131539,0.0755234,0.265342
273.2,0.274991,0.166891,0.0757389,0.259866
273.3,0.264061,0.203121,0.0754563,0.25161
273.4,0.249419,0.2399,0.0745594,0.24034
273.5,0.230963,0.276871,0.0729646,0.225778
273.6,0.20862,0.313647,0.0706281,0.207591
273.7,0.182355,0.349819,0.0675531,0.185379
273.8,0.152178,0.384952,0.0637966,0.158667
273.9,0.118154,0.418597,0.0594742,0.12688
274,0.080406,0.450286,0.0547635,0.0893022
274.1,0.0391256,0.479548,0.0499049,0.0451848
274.2,-0.0054209,0.505909,0.0451982,0.0451848
274.3,-0.0528874,0.528901,0.0409967,0.0451848
274.4,-0.102844,0.548075,0.0376955,0.0451848
274.5,-0.154778,0.563003,0.0357158,0.0451848
274.6,-0.208089,0.573296,0.0354845,0.0451848
274.7,-0.262102,0.578608,0.0374093,0.0451848
274.8,-0.316069,0.57865,0.041852,0.0451848
274.9,-0.369185,0.573196,0.0490989,0.0451848
275,-0.420601,0.562095,0.0593327,0.0451848
275.1,-0.469445,0.545276,0.0726077,0.0451848
275.2,-0.514846,0.522754,0.0888292,0.0451848
275.3,-0.555953,0.494632,0.107743,0.0451848
275.4,-0.591967,0.461106,0.128932,0.0451848
275.5,-0.62216,0.422458,0.151828,0.0451848
275.6,-0.645901,0.379056,0.175731,0.0451848
275.7,-0.662674,0.331344,0.19984,0.0451848
275.8,-0.672097,0.279837,0.223299,0.0451848
275.9,-0.673925,0.225108,0.245236,0.0451848
276,-0.668063,0.167776,0.26482,0.0451848
276.1,-0.654555,0.108495,0.281304,0.0451848
276.2,-0.633583,0.0479421,0.294067,0.0451848
276.3,-0.60545,-0.013198,0.302653,0.0451848
276.4,-0.570564,-0.0742408,0.306793,0.0451848
276.5,-0.52942,-0.134513,0.306413,0.0451848
276.6,-0.482573,-0.193362,0.301642,0.0451848
276.7,-0.430623,-0.25016,0.292795,0.0451848
276.8,-0.37419,-0.304309,0.280358,0.0451848
276.9,-0.313896,-0.355247,0.264957,0.0451848
277,-0.250348,-0.402442,0.247334,0.0451848
277.1,-0.184129,-0.445401,0.228309,0.0451848
277.2,-0.115781,-0.483659,0.208747,0.0451848
277.3,-0.0458069,-0.516783,0.189535,0.0451848
277.4,0.0253388,-0.544367,0.171548,0.0296549
277.5,0.0972476,-0.566028,0.155628,0.106396
277.6,0.169556,-0.581403,0.142568,0.174211
277.7,0.24194,-0.590144,0.133094,0.234488
277.8,0.314113,-0.59192,0.127859,0.288378
277.9,0.385813,-0.586408,0.127431,0.336827
278,0.456803,-0.573295,0.132289,0.3806
278.1,0.526856,-0.552276,0.142821,0.420315
278.2,0.595748,-0.523053,0.159322,0.456477
278.3,0.663253,-0.485337,0.181989,0.489487
278.4,0.72913,-0.438844,0.210921,0.519668
278.5,0.793114,-0.383307,0.246112,0.547278
278.6,0.854909,-0.31847,0.287448,0.572516
278.7,0.914177,-0.244098,0.334699,0.595532
278.8,0.970529,-0.159979,0.387512,0.616431
278.9,1.02351,-0.0659368,0.445395,0.635278
279,1.07261,0.0381677,0.507709,0.652098
279.1,1.1172,0.152421,0.573654,0.666877
279.2,1.1566,0.276847,0.64225,0.67956
279.3,1.19,0.411395,0.712327,0.69005
279.4,1.21646,0.555922,0.782511,0.698201
279.5,1.23494,0.710176,0.851217,0.70381
279.6,1.24425,0.873778,0.916652,0.706611
279.7,1.24305,1.0462,0.976824,0.70625
279.8,1.22986,1.22674,1.02958,0.702273
279.9,1.20305,1.41451,1.07265,0.694088
280,1.16088,1.60839,1.10376,0.680916
280.1,1.10149,1.80703,1.12074,0.661723
280.2,1.02298,2.00881,1.12172,0.635093
280.3,0.923455,2.21183,1.10537,0.599036
280.4,0.801128,2.41391,1.07121,0.550627
280.5,0.654458,2.61258,1.01997,0.485311
280.6,0.482316,2.80511,0.953965,0.395436
280.7,0.284182,2.98853,0.87751,0.266708
280.8,0.0603884,3.15974,0.797234,0.0683466
280.9,-0.187631,3.31552,0.722242,0.0683466
281,-0.457092,3.45274,0.664014,0.0683466
281.1,-0.743655,3.56844,0.635914,0.0683466
281.2,-1.04131,3.66008,0.652216,0.0683466
281.3,-1.34242,3.72564,0.726638,0.0683466
281.4,-1.63788,3.76389,0.870444,0.0683466
281.5,-1.91764,3.77451,1.09037,0.0683466
281.6,-2.17126,3.75823,1.38671,0.0683466
281.7,-2.3888,3.71687,1.75209,0.0683466
281.8,-2.56167,3.65328,2.17121,0.0683466
281.9,-2.68354,3.57126,2.62198,0.0683466
282,-2.7509,3.47529,3.07778,0.0683466
282.1,-2.7635,3.37029,3.51074,0.0683466
282.2,-2.7243,3.26128,3.89512,0.0683466
282.3,-2.63907,3.15311,4.2103,0.0683466
282.4,-2.5158,3.05013,4.44281,0.0683466
282.5,-2.36379,2.95607,4.587,0.0683466
282.6,-2.1929,2.87381,4.64458,0.0683466
282.7,-2.01273,2.80541,4.6232,0.0683466
282.8,-1.83209,2.75207,4.53453,0.0683466
282.9,-1.65854,2.71422,4.39236,0.0683466
283,-1.49828,2.69159,4.21086,0.0683466
283.1,-1.35603,2.68336,4.00336,0.0683466
283.2,-1.23519,2.68823,3.78153,0.0683466
283.3,-1.13791,2.70455,3.55509,0.0683466
283.4,-1.0653,2.73044,3.33174,0.0683466
283.5,-1.01759,2.76383,3.11742,0.0683466
283.6,-0.994303,2.80258,2.91665,0.0683466
283.7,-0.994319,2.8445,2.73282,0.0683466
283.8,-1.01602,2.88746,2.56861,0.0683466
283.9,-1.05733,2.92937,2.42623,0.0683466
284,-1.11576,2.96831,2.30754,0.0683466
284.1,-1.18847,3.00249,2.21421,0.0683466
284.2,-1.27231,3.03038,2.1476,0.0683466
284.3,-1.36385,3.05069,2.10869,0.0683466
284.4,-1.45949,3.0624,2.0979,0.0683466
284.5,-1.55552,3.06486,2.11486,0.0683466
284.6,-1.64829,3.05773,2.15823,0.0683466
284.7,-1.7343,3.04104,2.22558,0.0683466
284.8,-1.81039,3.01516,2.31329,0.0683466
284.9,-1.87387,2.98076,2.4167,0.0683466
285,-1.92261,2.93882,2.53026,0.0683466
285.1,-1.95523,2.89055,2.64785,0.0683466
285.2,-1.97106,2.83731,2.7632,0.0683466
285.3,-1.97021,2.78057,2.87031,0.0683466
285.4,-1.9535,2.72182,2.96386,0.0683466
285.5,-1.92239,2.66252,3.03953,0.0683466
285.6,-1.87883,2.60402,3.09427,0.0683466
285.7,-1.82516,2.54753,3.12633,0.0683466
285.8,-1.76394,2.49405,3.13531,0.0683466
285.9,-1.69778,2.44437,3.122,0.0683466
286,-1.62925,2.39908,3.08813,0.0683466
286.1,-1.56073,2.35851,3.03618,0.0683466
286.2,-1.49438,2.3228,2.9691,0.0683466
286.3,-1.43203,2.29186,2.89007,0.0683466
286.4,-1.37518,2.26547,2.80229,0.0683466
286.5,-1.32499,2.24322,2.70883,0.0683466
286.6,-1.28227,2.2246,2.61254,0.0683466
286.7,-1.24751,2.20901,2.51596,0.0683466
286.8,-1.2209,2.19577,2.42128,0.0683466
286.9,-1.20234,2.18417,2.33038,0.0683466
287,-1.19151,2.17347,2.24479,0.0683466
287.1,-1.18786,2.16297,2.16572,0.0683466
287.2,-1.19069,2.15197,2.09411,0.0683466
287.3,-1.19913,2.13983,2.03063,0.0683466
287.4,-1.21219,2.12595,1.97566,0.0683466
287.5,-1.22882,2.10983,1.92939,0.0683466
287.6,-1.2479,2.09104,1.89172,0.0683466
287.7,-1.26831,2.06926,1.86235,0.0683466
287.8,-1.28892,2.04424,1.84076,0.0683466
287.9,-1.30866,2.01587,1.82618,0.0683466
288,-1.32654,1.98411,1.8177,0.0683466
288.1,-1.34166,1.94901,1.81419,0.0683466
288.2,-1.35327,1.91074,1.81444,0.0683466
288.3,-1.36074,1.86952,1.81712,0.0683466
288.4,-1.36362,1.82565,1.82089,0.0683466
288.5,-1.36163,1.77948,1.82441,0.0683466
288.6,-1.35463,1.73141,1.82641,0.0683466
288.7,-1.34267,1.68184,1.82577,0.0683466
288.8,-1.32593,1.6312,1.82151,0.0683466
288.9,-1.30473,1.57991,1.81286,0.0683466
289,-1.27949,1.52838,1.79925,0.0683466
289.1,-1.25073,1.47697,1.78036,0.0683466
289.2,-1.21901,1.42603,1.75605,0.0683466
289.3,-1.18493,1.37586,1.7264,0.0683466
289.4,-1.14911,1.32671,1.69169,0.0683466
289.5,-1.11213,1.27877,1.65231,0.0683466
289.6,-1.07458,1.2322,1.60879,0.0683466
289.7,-1.03699,1.1871,1.56171,0.0683466
289.8,-0.99981,1.14353,1.51173,0.0683466
289.9,-0.96347,1.10149,1.45951,0.0683466
290,-0.92831,1.06097,1.4057,0.0683466
290.1,-0.894605,1.0219,1.35092,0.0683466
290.2,-0.862564,0.984203,1.29576,0.0683466
290.3,-0.83233,0.947768,1.24074,0.0683466
290.4,-0.803988,0.91247,1.18631,0.0683466
290.5,-0.777562,0.878171,1.13287,0.0683466
290.6,-0.753031,0.844726,1.08075,0.0683466
290.7,-0.730328,0.811988,1.03021,0.0683466
290.8,-0.709346,0.779811,0.981444,0.0683466
290.9,-0.689951,0.748054,0.934595,0.0683466
291,-0.67198,0.716583,0.889754,0.0683466
291.1,-0.655254,0.685277,0.846963,0.0683466
291.2,-0.639576,0.654026,0.806227,0.0683466
291.3,-0.624745,0.622736,0.767514,0.0683466
291.4,-0.610552,0.591328,0.730761,0.0683466
291.5,-0.59679,0.559741,0.695884,0.0683466
291.6,-0.583256,0.527932,0.662778,0.0683466
291.7,-0.569757,0.495878,0.631324,0.0683466
291.8,-0.556108,0.463569,0.601394,0.0683466
291.9,-0.542138,0.43102,0.572851,0.0683466
292,-0.527693,0.398256,0.545561,0.0683466
292.1,-0.512634,0.365324,0.519387,0.0683466
292.2,-0.496844,0.332284,0.4942,0.0683466
292.3,-0.480221,0.299211,0.469879,0.0683466
292.4,-0.462687,0.266193,0.446312,0.0683466
292.5,-0.444181,0.233328,0.423402,0.0683466
292.6,-0.424662,0.200727,0.401066,0.0683466
292.7,-0.404109,0.168509,0.379237,0.0683466
292.8,-0.382518,0.1368,0.357866,0.0683466
292.9,-0.359903,0.105731,0.33692,0.0683466
293,-0.336292,0.0754384,0.316386,0.0683466
293.1,-0.31173,0.046063,0.296265,0.0683466
293.2,-0.286273,0.0177461,0.276576,0.0683466
293.3,-0.259989,-0.00936939,0.257353,0.0683466
293.4,-0.232956,-0.0351412,0.238642,0.0683466
293.5,-0.205262,-0.0594279,0.220499,0.0683466
293.6,-0.177003,-0.0820905,0.202992,0.0683466
293.7,-0.148281,-0.102993,0.186192,0.0683466
293.8,-0.119203,-0.122003,0.170177,0.0683466
293.9,-0.0898838,-0.138992,0.155025,0.0683466
294,-0.0604401,-0.153839,0.140813,0.0683466
294.1,-0.0309948,-0.166426,0.127617,0.0683466
294.2,-0.00167435,-0.176645,0.115504,0.0683466
294.3,0.0273907,-0.184393,0.104535,0.0319964
294.4,0.0560657,-0.189576,0.0947619,0.063718
294.5,0.0842112,-0.192111,0.0862223,0.0932309
294.6,0.111683,-0.191922,0.0789415,0.12062
294.7,0.138333,-0.188947,0.0729291,0.145955
294.8,0.164006,-0.183136,0.0681776,0.169296
294.9,0.188541,-0.17445,0.0646616,0.190696
295,0.211772,-0.162868,0.0623368,0.210194
295.1,0.233523,-0.148383,0.061139,0.227822
295.2,0.253615,-0.131008,0.0609842,0.243595
295.3,0.271858,-0.110775,0.0617682,0.257512
295.4,0.288057,-0.0877357,0.0633675,0.269565
295.5,0.30201,-0.0619665,0.0656397,0.279725
295.6,0.313508,-0.0335684,0.0684258,0.287949
295.7,0.322336,-0.00266908,0.0715518,0.294175
295.8,0.328279,0.0305749,0.0748321,0.298324
295.9,0.331115,0.0659766,0.0780735,0.300292
296,0.330626,0.103317,0.0810795,0.299953
296.1,0.326597,0.142343,0.0836569,0.297153
296.2,0.318821,0.182769,0.0856225,0.291705
296.3,0.307105,0.224271,0.0868105,0.283386
296.4,0.291274,0.266492,0.0870822,0.271926
296.5,0.271179,0.309039,0.0863351,0.256995
296.6,0.246701,0.351484,0.0845127,0.238221
296.7,0.217767,0.393369,0.0816151,0.215113
296.8,0.184351,0.434207,0.0777078,0.187101
296.9,0.14649,0.473486,0.07293,0.15348
297,0.104288,0.510674,0.0675002,0.11338
297.1,0.0579311,0.545229,0.061719,0.0657139
297.2,0.00769316,0.576601,0.0559675,0.0657139
297.3,-0.0460553,0.604248,0.0507,0.0657139
297.4,-0.102841,0.627642,0.0464317,0.0657139
297.5,-0.162087,0.646283,0.0437188,0.0657139
297.6,-0.223109,0.659707,0.0431323,0.0657139
297.7,-0.285125,0.667504,0.0452261,0.0657139
297.8,-0.34726,0.669329,0.0504999,0.0657139
297.9,-0.408563,0.664909,0.0593596,0.0657139
298,-0.468026,0.654061,0.0720775,0.0657139
298.1,-0.52461,0.636697,0.0887568,0.0657139
298.2,-0.577269,0.612831,0.109302,0.0657139
298.3,-0.624984,0.582585,0.133404,0.0657139
298.4,-0.666799,0.546187,0.16053,0.0657139
298.5,-0.701845,0.503973,0.189943,0.0657139
298.6,-0.729379,0.456376,0.220727,0.0657139
298.7,-0.748802,0.403924,0.251829,0.0657139
298.8,-0.759683,0.347222,0.282119,0.0657139
298.9,-0.761769,0.286943,0.310452,0.0657139
299,-0.754988,0.223811,0.335739,0.0657139
299.1,-0.739448,0.158584,0.357008,0.0657139
299.2,-0.71542,0.0920409,0.373463,0.0657139
299.3,-0.683325,0.0249642,0.384529,0.0657139
299.4,-0.643706,-0.0418728,0.389878,0.0657139
299.5,-0.597201,-0.107718,0.389446,0.0657139
299.6,-0.544517,-0.17185,0.383424,0.0657139
299.7,-0.486399,-0.233586,0.372242,0.0657139
299.8,-0.423604,-0.292282,0.356536,0.0657139
299.9,-0.35688,-0.347343,0.337116,0.0657139
300,-0.286945,-0.398216,0.314914,0.0657139
300.1,-0.21447,-0.444391,0.290949,0.0657139
300.2,-0.140073,-0.485398,0.26628,0.0657139
300.3,-0.0643089,-0.520806,0.241969,0.0657139
300.4,0.0123288,-0.550212,0.21905,0.0146082
300.5,0.0894101,-0.57324,0.198504,0.098518
300.6,0.166563,-0.589539,0.181236,0.171566
300.7,0.243466,-0.598772,0.168062,0.235687
300.8,0.319844,-0.600618,0.159701,0.292425
300.9,0.395454,-0.594763,0.15677,0.343001
301,0.470082,-0.580902,0.159777,0.388377
301.1,0.543525,-0.558738,0.169126,0.429313
301.2,0.615589,-0.527974,0.185117,0.466414
301.3,0.686075,-0.488322,0.207939,0.500157
301.4,0.754766,-0.439498,0.237679,0.530921
301.5,0.821425,-0.381229,0.274311,0.559006
301.6,0.885776,-0.313251,0.317699,0.584641
301.7,0.9475,-0.23532,0.367585,0.608001
301.8,1.00622,-0.147213,0.423582,0.629205
301.9,1.0615,-0.0487389,0.485165,0.648344
302,1.11282,0.0602561,0.551651,0.665442
302.1,1.15956,0.179875,0.622192,0.680498
302.2,1.20102,0.310157,0.69575,0.693463
302.3,1.23638,0.451069,0.771085,0.704245
302.4,1.26469,0.602481,0.846739,0.712702
302.5,1.28485,0.764155,0.921024,0.718635
302.6,1.29562,0.935718,0.992023,0.721775
302.7,1.29562,1.11665,1.0576,0.721773
302.8,1.28327,1.30624,1.11542,0.718172
302.9,1.25685,1.50359,1.16303,0.710376
303,1.21451,1.70755,1.19792,0.697605
303.1,1.15425,1.91673,1.21769,0.678812
303.2,1.07401,2.12946,1.22021,0.652569
303.3,0.971719,2.34377,1.20395,0.616863
303.4,0.845417,2.55737,1.16824,0.568725
303.5,0.693373,2.76768,1.11372,0.50352
303.6,0.514281,2.97181,1.04278,0.413418
303.7,0.307479,3.16664,0.959998,0.283654
303.8,0.0732147,3.34884,0.872537,0.0818806
303.9,-0.187075,3.51503,0.790351,0.0818806
304,-0.470479,3.66184,0.726101,0.0818806
304.1,-0.77238,3.78612,0.69462,0.0818806
304.2,-1.08631,3.88515,0.711832,0.0818806
304.3,-1.40399,3.95679,0.793081,0.0818806
304.4,-1.71554,3.99975,0.950953,0.0818806
304.5,-2.00997,4.01374,1.19289,0.0818806
304.6,-2.27595,3.99961,1.51901,0.0818806
304.7,-2.5027,3.95939,1.92068,0.0818806
304.8,-2.68099,3.89625,2.38031,0.0818806
304.9,-2.80416,3.81434,2.87274,0.0818806
305,-2.86875,3.71858,3.36798,0.0818806
305.1,-2.87494,3.61426,3.83496,0.0818806
305.2,-2.8264,3.50679,4.24548,0.0818806
305.3,-2.72989,3.40129,4.57752,0.0818806
305.4,-2.59446,3.30235,4.81735,0.0818806
305.5,-2.43048,3.21376,4.96011,0.0818806
305.6,-2.24876,3.13844,5.00905,0.0818806
305.7,-2.05968,3.07835,4.97372,0.0818806
305.8,-1.87259,3.03454,4.86777,0.0818806
305.9,-1.69542,3.00723,4.70678,0.0818806
306,-1.53453,2.99591,4.50638,0.0818806
306.1,-1.39466,2.99946,4.28097,0.0818806
306.2,-1.27909,3.01633,4.04298,0.0818806
306.3,-1.18978,3.04459,3.80261,0.0818806
306.4,-1.1276,3.08208,3.56792,0.0818806
306.5,-1.09245,3.12649,3.34512,0.0818806
306.6,-1.08347,3.17545,3.13898,0.0818806
306.7,-1.09913,3.22656,2.95322,0.0818806
306.8,-1.13735,3.27752,2.79088,0.0818806
306.9,-1.19552,3.32614,2.65456,0.0818806
307,-1.27058,3.37039,2.54652,0.0818806
307.1,-1.35908,3.40851,2.46871,0.0818806
307.2,-1.45722,3.43898,2.4226,0.0818806
307.3,-1.56097,3.46063,2.40903,0.0818806
307.4,-1.66614,3.47264,2.42792,0.0818806
307.5,-1.76854,3.47459,2.47802,0.0818806
307.6,-1.86416,3.46645,2.55676,0.0818806
307.7,-1.94933,3.44859,2.66011,0.0818806
307.8,-2.02091,3.42175,2.78272,0.0818806
307.9,-2.07645,3.38699,2.91807,0.0818806
308,-2.11429,3.34564,3.05894,0.0818806
308.1,-2.13368,3.29922,3.19784,0.0818806
308.2,-2.13476,3.24938,3.3276,0.0818806
308.3,-2.1185,3.19776,3.44182,0.0818806
308.4,-2.08663,3.14597,3.53537,0.0818806
308.5,-2.04148,3.09549,3.60461,0.0818806
308.6,-1.98577,3.04762,3.64758,0.0818806
308.7,-1.9225,3.00342,3.66388,0.0818806
308.8,-1.85468,2.96369,3.65456,0.0818806
308.9,-1.78527,2.92898,3.62184,0.0818806
309,-1.71697,2.89958,3.56876,0.0818806
309.1,-1.65217,2.87552,3.49894,0.0818806
309.2,-1.59289,2.8566,3.41621,0.0818806
309.3,-1.54071,2.84245,3.32442,0.0818806
309.4,-1.49681,2.8325,3.22727,0.0818806
309.5,-1.46194,2.82609,3.12813,0.0818806
309.6,-1.43646,2.82245,3.03004,0.0818806
309.7,-1.42037,2.82076,2.93561,0.0818806
309.8,-1.41333,2.82017,2.84707,0.0818806
309.9,-1.41474,2.81984,2.76624,0.0818806
310,-1.42373,2.81895,2.69454,0.0818806
310.1,-1.43924,2.81675,2.63302,0.0818806
310.2,-1.46004,2.81257,2.58238,0.0818806
310.3,-1.48481,2.80582,2.54294,0.0818806
310.4,-1.51215,2.79605,2.51465,0.0818806
310.5,-1.54062,2.7829,2.49713,0.0818806
310.6,-1.56885,2.76616,2.48962,0.0818806
310.7,-1.59551,2.74574,2.49105,0.0818806
310.8,-1.61941,2.72167,2.50004,0.0818806
310.9,-1.63952,2.69409,2.51497,0.0818806
311,-1.65499,2.66327,2.53403,0.0818806
311.1,-1.6652,2.62955,2.55531,0.0818806
311.2,-1.66974,2.59334,2.5769,0.0818806
311.3,-1.66847,2.5551,2.59694,0.0818806
311.4,-1.66143,2.51532,2.61374,0.0818806
311.5,-1.64891,2.47451,2.62582,0.0818806
311.6,-1.63135,2.43315,2.63201,0.0818806
311.7,-1.60936,2.3917,2.63145,0.0818806
311.8,-1.58365,2.35058,2.62361,0.0818806
311.9,-1.55502,2.31014,2.60831,0.0818806
312,-1.52429,2.27067,2.58565,0.0818806
312.1,-1.4923,2.23241,2.55604,0.0818806
312.2,-1.45982,2.19549,2.52007,0.0818806
312.3,-1.42761,2.16001,2.47852,0.0818806
312.4,-1.39633,2.12596,2.43229,0.0818806
312.5,-1.36652,2.09331,2.38234,0.0818806
312.6,-1.33865,2.06195,2.32963,0.0818806
312.7,-1.31308,2.03172,2.27512,0.0818806
312.8,-1.29004,2.00243,2.21973,0.0818806
312.9,-1.26965,1.97388,2.16428,0.0818806
313,-1.25195,1.94581,2.1095,0.0818806
313.1,-1.23687,1.91798,2.05604,0.0818806
313.2,-1.22427,1.89015,2.00442,0.0818806
313.3,-1.21394,1.86206,1.95505,0.0818806
313.4,-1.20558,1.8335,1.90822,0.0818806
313.5,-1.19888,1.80423,1.86413,0.0818806
313.6,-1.19347,1.77409,1.82287,0.0818806
313.7,-1.18899,1.7429,1.78442,0.0818806
313.8,-1.18504,1.71054,1.74868,0.0818806
313.9,-1.18124,1.67692,1.71547,0.0818806
314,-1.17721,1.64197,1.68455,0.0818806
314.1,-1.17261,1.60567,1.65562,0.0818806
314.2,-1.16712,1.56802,1.62831,0.0818806
314.3,-1.16047,1.52906,1.60226,0.0818806
314.4,-1.15241,1.48886,1.57706,0.0818806
314.5,-1.14277,1.4475,1.55232,0.0818806
314.6,-1.13141,1.4051,1.52766,0.0818806
314.7,-1.11824,1.36177,1.50269,0.0818806
314.8,-1.10322,1.31768,1.4771,0.0818806
314.9,-1.08636,1.27295,1.4506,0.0818806
315,-1.06771,1.22775,1.42295,0.0818806
315.1,-1.04736,1.18223,1.39396,0.0818806
315.2,-1.02541,1.13655,1.36352,0.0818806
315.3,-1.00201,1.09085,1.33154,0.0818806
315.4,-0.977328,1.04528,1.29802,0.0818806
315.5,-0.951525,0.999958,1.26299,0.0818806
315.6,-0.924782,0.955008,1.22653,0.0818806
315.7,-0.897279,0.910536,1.18877,0.0818806
315.8,-0.869192,0.866635,1.14986,0.0818806
315.9,-0.840689,0.823385,1.10996,0.0818806
316,-0.811927,0.780856,1.06928,0.0818806
316.1,-0.783049,0.739103,1.02802,0.0818806
316.2,-0.754183,0.69817,0.986381,0.0818806
316.3,-0.725441,0.658093,0.94457,0.0818806
316.4,-0.696916,0.618898,0.902784,0.0818806
316.5,-0.668687,0.580605,0.861212,0.0818806
316.6,-0.640813,0.543225,0.820026,0.0818806
316.7,-0.613339,0.506767,0.779385,0.0818806
316.8,-0.586297,0.471235,0.73943,0.0818806
316.9,-0.559704,0.436631,0.700286,0.0818806
317,-0.533566,0.402957,0.662059,0.0818806
317.1,-0.507881,0.370214,0.62484,0.0818806
317.2,-0.482636,0.338403,0.588702,0.0818806
317.3,-0.457815,0.307529,0.553704,0.0818806
317.4,-0.433393,0.277596,0.519893,0.0818806
317.5,-0.409346,0.248613,0.487301,0.0818806
317.6,-0.385646,0.220592,0.455952,0.0818806
317.7,-0.362265,0.193549,0.425859,0.0818806
317.8,-0.339175,0.167501,0.397028,0.0818806
317.9,-0.316351,0.142472,0.36946,0.0818806
318,-0.29377,0.118487,0.343149,0.0818806
318.1,-0.271413,0.095577,0.318087,0.0818806
318.2,-0.249264,0.0737739,0.29426,0.0818806
318.3,-0.227313,0.053114,0.271656,0.0818806
318.4,-0.205555,0.0336359,0.250258,0.0818806
318.5,-0.18399,0.0153805,0.230049,0.0818806
318.6,-0.162624,-0.00160955,0.211013,0.0818806
318.7,-0.141471,-0.0172905,0.19313,0.0818806
318.8,-0.120547,-0.0316178,0.176383,0.0818806
318.9,-0.0998797,-0.044547,0.160753,0.0818806
319,-0.0794988,-0.056034,0.146221,0.0818806
319.1,-0.0594423,-0.0660362,0.132766,0.0818806
319.2,-0.039754,-0.0745129,0.120367,0.0818806
319.3,-0.0204839,-0.0814262,0.109001,0.0818806
319.4,-0.00168822,-0.0867415,0.0986422,0.0818806
319.5,0.0165712,-0.0904287,0.0892633,0.0195594
319.6,0.0342267,-0.0924627,0.0808336,0.0397139
319.7,0.0512052,-0.0928243,0.0733189,0.0584612
319.8,0.0674284,-0.0915011,0.0666808,0.0758153
319.9,0.0828131,-0.0884885,0.0608771,0.0918002
320,0.0972716,-0.0837901,0.0558605,0.10642
320.1,0.110712,-0.0774192,0.0515792,0.119675
320.2,0.123039,-0.0693993,0.0479764,0.131559
320.3,0.134154,-0.0597649,0.0449903,0.142058
320.4,0.143956,-0.0485626,0.042555,0.151154
320.5,0.152343,-0.035852,0.0406,0.158817
320.6,0.159212,-0.0217059,0.0390516,0.165013
320.7,0.164461,-0.00621166,0.0378336,0.169701
320.8,0.167988,0.0105285,0.0368684,0.172828
320.9,0.169697,0.028397,0.0360782,0.174336
321,0.169494,0.0472604,0.0353873,0.174157
321.1,0.167295,0.0669694,0.0347231,0.172214
321.2,0.163021,0.0873585,0.0340191,0.168419
321.3,0.156607,0.108246,0.0332165,0.162671
321.4,0.148,0.129437,0.0322668,0.154862
321.5,0.137164,0.150717,0.0311344,0.144869
321.6,0.124081,0.171864,0.0297985,0.132552
321.7,0.108756,0.192639,0.0282558,0.117765
321.8,0.0912187,0.212795,0.0265214,0.100346
321.9,0.0715255,0.232076,0.0246309,0.0801184
322,0.0497643,0.25022,0.0226406,0.0568915
322.1,0.0260556,0.266962,0.020627,0.0304701
322.2,0.000555149,0.28204,0.0186859,0.0304701
322.3,-0.0265448,0.295192,0.0169298,0.0304701
322.4,-0.0550144,0.306168,0.0154845,0.0304701
322.5,-0.0845861,0.314729,0.0144837,0.0304701
322.6,-0.114956,0.320653,0.0140638,0.0304701
322.7,-0.145786,0.32374,0.0143562,0.0304701
322.8,-0.176705,0.323817,0.01548,0.0304701
322.9,-0.207317,0.320738,0.0175337,0.0304701
323,-0.237203,0.314397,0.0205871,0.0304701
323.1,-0.265933,0.30472,0.024674,0.0304701
323.2,-0.293066,0.291679,0.029786,0.0304701
323.3,-0.318167,0.275287,0.0358679,0.0304701
323.4,-0.340811,0.255602,0.0428156,0.0304701
323.5,-0.360594,0.232727,0.0504766,0.0304701
323.6,-0.377143,0.206813,0.0586531,0.0304701
323.7,-0.390122,0.178051,0.0671089,0.0304701
323.8,-0.399244,0.146678,0.0755779,0.0304701
323.9,-0.404273,0.112968,0.083776,0.0304701
324,-0.405033,0.0772291,0.0914143,0.0304701
324.1,-0.401408,0.0398022,0.0982134,0.0304701
324.2,-0.393343,0.00105371,0.103917,0.0304701
324.3,-0.380848,-0.0386289,0.108309,0.0304701
324.4,-0.363988,-0.0788421,0.111218,0.0304701
324.5,-0.342885,-0.119171,0.112537,0.0304701
324.6,-0.317711,-0.159195,0.112222,0.0304701
324.7,-0.288679,-0.198492,0.110301,0.0304701
324.8,-0.256041,-0.236641,0.106873,0.0304701
324.9,-0.220073,-0.273227,0.102105,0.0304701
325,-0.181077,-0.307845,0.0962254,0.0304701
325.1,-0.139366,-0.340097,0.0895209,0.0304701
325.2,-0.0952616,-0.369602,0.0823229,0.0304701
325.3,-0.049089,-0.395989,0.0749984,0.0304701
325.4,-0.0011711,-0.418903,0.0679384,0.0304701
325.5,0.0481743,-0.438002,0.0615464,0.0551563
325.6,0.0986364,-0.452962,0.0562272,0.10778
325.7,0.149913,-0.46347,0.0523759,0.156607
325.8,0.201709,-0.46923,0.0503677,0.201836
325.9,0.253737,-0.469959,0.0505495,0.243689
326,0.305717,-0.465392,0.0532306,0.282391
326.1,0.357369,-0.455274,0.0586762,0.318157
326.2,0.408414,-0.439369,0.0671,0.351182
326.3,0.458567,-0.417457,0.0786585,0.38164
326.4,0.507537,-0.389337,0.0934451,0.409679
326.5,0.555019,-0.354827,0.111485,0.435423
326.6,0.600688,-0.313767,0.132728,0.45897
326.7,0.644198,-0.266026,0.157048,0.480394
326.8,0.685173,-0.211502,0.184232,0.49974
326.9,0.723202,-0.150126,0.213978,0.517028
327,0.757836,-0.0818722,0.245893,0.532251
327.1,0.788582,-0.00676096,0.279482,0.545374
327.2,0.814895,0.0751335,0.314154,0.556326
327.3,0.836178,0.163675,0.349214,0.565005
327.4,0.851775,0.258654,0.383869,0.571267
327.5,0.860973,0.359784,0.417235,0.574922
327.6,0.862997,0.466685,0.448343,0.575723
327.7,0.857018,0.578874,0.476169,0.573355
327.8,0.842155,0.695758,0.499651,0.567415
327.9,0.817485,0.81662,0.51774,0.55739
328,0.782061,0.94061,0.529447,0.54262
328.1,0.734939,1.06674,0.53392,0.522241
328.2,0.675202,1.19387,0.530526,0.495103
328.3,0.602007,1.32071,0.518957,0.459633
328.4,0.514639,1.44584,0.499348,0.413616
328.5,0.412573,1.56768,0.472399,0.35378
328.6,0.295549,1.68454,0.439501,0.275046
328.7,0.163664,1.79463,0.402837,0.168991
328.8,0.0174521,1.89611,0.365451,0.0205827
328.9,-0.142015,1.98712,0.331248,0.0205827
329,-0.313051,2.06583,0.304908,0.0205827
329.1,-0.493296,2.13055,0.291684,0.0205827
329.2,-0.679687,2.17976,0.297068,0.0205827
329.3,-0.86848,2.21223,0.326331,0.0205827
329.4,-1.05533,2.22706,0.383955,0.0205827
329.5,-1.23545,2.22379,0.473015,0.0205827
329.6,-1.4038,2.20244,0.594595,0.0205827
329.7,-1.55539,2.16354,0.74733,0.0205827
329.8,-1.68558,2.10816,0.927181,0.0205827
329.9,-1.7904,2.03784,1.12752,0.0205827
330,-1.86682,1.95459,1.33956,0.0205827
330.1,-1.91301,1.86077,1.55306,0.0205827
330.2,-1.92841,1.75896,1.75731,0.0205827
330.3,-1.91381,1.6519,1.94214,0.0205827
330.4,-1.87121,1.54228,2.09885,0.0205827
330.5,-1.80366,1.43272,2.22091,0.0205827
330.6,-1.71494,1.32557,2.30445,0.0205827
330.7,-1.60936,1.22292,2.34826,0.0205827
330.8,-1.49137,1.12651,2.3536,0.0205827
330.9,-1.36537,1.03769,2.32375,0.0205827
331,-1.23546,0.957477,2.26345,0.0205827
331.1,-1.10531,0.886511,2.17828,0.0205827
331.2,-0.978059,0.825129,2.0741,0.0205827
331.3,-0.856281,0.77339,1.95662,0.0205827
331.4,-0.741998,0.731119,1.83105,0.0205827
331.5,-0.636718,0.697953,1.70189,0.0205827
331.6,-0.541493,0.673378,1.57284,0.0205827
331.7,-0.45699,0.656767,1.44679,0.0205827
331.8,-0.383559,0.647409,1.32584,0.0205827
331.9,-0.321302,0.644532,1.21142,0.0205827
332,-0.270123,0.647327,1.10441,0.0205827
332.1,-0.229786,0.654959,1.00521,0.0205827
332.2,-0.199943,0.666582,0.913905,0.0205827
332.3,-0.180168,0.681345,0.830341,0.0205827
332.4,-0.169973,0.698402,0.754212,0.0205827
332.5,-0.168819,0.716914,0.685146,0.0205827
332.6,-0.176125,0.736058,0.622757,0.0205827
332.7,-0.191263,0.75503,0.566689,0.0205827
332.8,-0.21356,0.773054,0.51665,0.0205827
332.9,-0.242293,0.789381,0.472423,0.0205827
333,-0.276682,0.803304,0.433876,0.0205827
333.1,-0.315889,0.814163,0.400951,0.0205827
333.2,-0.359015,0.821351,0.373651,0.0205827
333.3,-0.4051,0.824326,0.352014,0.0205827
333.4,-0.453131,0.822621,0.33608,0.0205827
333.5,-0.502049,0.815848,0.325857,0.0205827
333.6,-0.550762,0.803713,0.321283,0.0205827
333.7,-0.598166,0.786018,0.322192,0.0205827
333.8,-0.643166,0.762667,0.32828,0.0205827
333.9,-0.684698,0.733673,0.339087,0.0205827
334,-0.721762,0.699152,0.353987,0.0205827
334.1,-0.753444,0.659327,0.372188,0.0205827
334.2,-0.778945,0.614519,0.392751,0.0205827
334.3,-0.797601,0.565142,0.414622,0.0205827
334.4,-0.808907,0.51169,0.436678,0.0205827
334.5,-0.812519,0.454728,0.457774,0.0205827
334.6,-0.80827,0.394873,0.476804,0.0205827
334.7,-0.796161,0.332786,0.492757,0.0205827
334.8,-0.776356,0.26915,0.504768,0.0205827
334.9,-0.749163,0.204662,0.512158,0.0205827
335,-0.71502,0.140013,0.514471,0.0205827
335.1,-0.674466,0.0758817,0.51148,0.0205827
335.2,-0.628117,0.0129209,0.503198,0.0205827
335.3,-0.576639,-0.0482487,0.48986,0.0205827
335.4,-0.520728,-0.107044,0.471905,0.0205827
335.5,-0.46108,-0.162926,0.449938,0.0205827
335.6,-0.398378,-0.215394,0.424701,0.0205827
335.7,-0.333271,-0.263996,0.397029,0.0205827
335.8,-0.266367,-0.308317,0.367812,0.0205827
335.9,-0.198222,-0.347982,0.33796,0.0205827
336,-0.129336,-0.382652,0.308373,0.0205827
336.1,-0.0601563,-0.412017,0.279909,0.0205827
336.2,0.00892669,-0.435795,0.25337,0.0205827
336.3,0.0775701,-0.453728,0.229479,0.0864032
336.4,0.145475,-0.465577,0.208875,0.152549
336.5,0.212378,-0.471119,0.192102,0.210695
336.6,0.278045,-0.470146,0.179608,0.26215
336.7,0.34226,-0.462461,0.171742,0.307953
336.8,0.404818,-0.44788,0.168756,0.348926
336.9,0.465519,-0.42623,0.170802,0.385718
337,0.524153,-0.397348,0.17794,0.418842
337.1,0.580499,-0.361087,0.190133,0.4487
337.2,0.634311,-0.317316,0.20725,0.475608
337.3,0.685315,-0.265923,0.229062,0.499806
337.4,0.733197,-0.206821,0.255244,0.521471
337.5,0.7776,-0.139952,0.285369,0.540728
337.6,0.818115,-0.0652957,0.318907,0.557649
337.7,0.854275,0.0171258,0.355219,0.572263
337.8,0.885545,0.107237,0.393551,0.584551
337.9,0.911324,0.204901,0.433038,0.594449
338,0.930934,0.309909,0.4727,0.601842
338.1,0.943617,0.421966,0.511445,0.606564
338.2,0.948537,0.540681,0.548081,0.608383
338.3,0.944779,0.665555,0.581338,0.606995
338.4,0.931352,0.795963,0.609889,0.601999
338.5,0.907204,0.931144,0.632403,0.592881
338.6,0.871231,1.07019,0.647602,0.578966
338.7,0.822311,1.21202,0.654343,0.559368
338.8,0.759331,1.35541,0.651724,0.532898
338.9,0.681239,1.49893,0.639213,0.497916
339,0.587105,1.64099,0.616797,0.452084
339.1,0.476198,1.77984,0.585147,0.391919
339.2,0.34808,1.91356,0.545787,0.311908
339.3,0.202709,2.04011,0.501245,0.202673
339.4,0.0405626,2.15739,0.455162,0.0467798
339.5,-0.137249,2.26325,0.412323,0.0467798
339.6,-0.32887,2.35558,0.37857,0.0467798
339.7,-0.531611,2.43241,0.360559,0.0467798
339.8,-0.741904,2.49196,0.36534,0.0467798
339.9,-0.955322,2.5328,0.399744,0.0467798
340,-1.16667,2.55392,0.469622,0.0467798
340.1,-1.37019,2.55478,0.578997,0.0467798
340.2,-1.55979,2.53548,0.729256,0.0467798
340.3,-1.72948,2.49671,0.918523,0.0467798
340.4,-1.8737,2.43981,1.14136,0.0467798
340.5,-1.9878,2.36669,1.38893,0.0467798
340.6,-2.06835,2.27981,1.6496,0.0467798
340.7,-2.11348,2.182,1.91002,0.0467798
340.8,-2.12296,2.07637,2.15646,0.0467798
340.9,-2.0982,1.96611,2.37618,0.0467798
341,-2.04214,1.85436,2.55869,0.0467798
341.1,-1.95888,1.74405,2.69662,0.0467798
341.2,-1.85338,1.6378,2.78612,0.0467798
341.3,-1.73105,1.53782,2.82682,0.0467798
341.4,-1.59739,1.44588,2.8214,0.0467798
341.5,-1.45763,1.36329,2.77485,0.0467798
341.6,-1.31657,1.2909,2.69371,0.0467798
341.7,-1.17834,1.22915,2.58525,0.0467798
341.8,-1.04637,1.17812,2.45674,0.0467798
341.9,-0.9234,1.13756,2.31503,0.0467798
342,-0.811452,1.10699,2.16611,0.0467798
342.1,-0.711958,1.08571,2.01499,0.0467798
342.2,-0.625816,1.07286,1.86564,0.0467798
342.3,-0.553492,1.06749,1.72103,0.0467798
342.4,-0.495094,1.06856,1.58328,0.0467798
342.5,-0.450451,1.07496,1.45376,0.0467798
342.6,-0.419173,1.08559,1.3333,0.0467798
342.7,-0.400695,1.09931,1.22232,0.0467798
342.8,-0.394315,1.11501,1.12096,0.0467798
342.9,-0.399214,1.13159,1.02921,0.0467798
343,-0.414468,1.14798,0.946964,0.0467798
343.1,-0.439062,1.16316,0.874142,0.0467798
343.2,-0.471888,1.17617,0.810675,0.0467798
343.3,-0.511748,1.18611,0.756542,0.0467798
343.4,-0.557361,1.19218,0.711752,0.0467798
343.5,-0.607367,1.19364,0.676326,0.0467798
343.6,-0.660337,1.18988,0.650251,0.0467798
343.7,-0.714794,1.18041,0.633434,0.0467798
343.8,-0.769229,1.16486,0.625647,0.0467798
343.9,-0.822139,1.143,0.626475,0.0467798
344,-0.872054,1.11473,0.635281,0.0467798
344.1,-0.917579,1.0801,0.651175,0.0467798
344.2,-0.957435,1.03931,0.673013,0.0467798
344.3,-0.990491,0.992674,0.699411,0.0467798
344.4,-1.01581,0.940645,0.728792,0.0467798
344.5,-1.03266,0.883778,0.75944,0.0467798
344.6,-1.04055,0.82272,0.789591,0.0467798
344.7,-1.03924,0.758189,0.817509,0.0467798
344.8,-1.02873,0.690953,0.841587,0.0467798
344.9,-1.00923,0.621807,0.860422,0.0467798
345,-0.981179,0.551555,0.872886,0.0467798
345.1,-0.94519,0.480986,0.878176,0.0467798
345.2,-0.902011,0.410863,0.875835,0.0467798
345.3,-0.852493,0.341901,0.865755,0.0467798
345.4,-0.797552,0.274765,0.848158,0.0467798
345.5,-0.738129,0.210057,0.823555,0.0467798
345.6,-0.67516,0.148313,0.792698,0.0467798
345.7,-0.609544,0.0900018,0.756518,0.0467798
345.8,-0.542127,0.0355281,0.716068,0.0467798
345.9,-0.473681,-0.0147669,0.672461,0.0467798
346,-0.404898,-0.0605992,0.626822,0.0467798
346.1,-0.336384,-0.101737,0.580239,0.0467798
346.2,-0.268663,-0.137995,0.53373,0.0467798
346.3,-0.202174,-0.169227,0.488218,0.0467798
346.4,-0.137285,-0.19532,0.44451,0.0467798
346.5,-0.0742986,-0.216192,0.403292,0.0467798
346.6,-0.0134624,-0.231783,0.365121,0.0467798
346.7,0.0450208,-0.242053,0.330428,0.0517002
346.8,0.100982,-0.246979,0.299525,0.110108
346.9,0.154276,-0.246554,0.27261,0.160568
347,0.204773,-0.240783,0.249778,0.204395
347.1,0.252347,-0.229686,0.231026,0.242613
347.2,0.296872,-0.213296,0.216266,0.276007
347.3,0.338212,-0.19166,0.205331,0.305183
347.4,0.376217,-0.164844,0.197987,0.330605
347.5,0.410718,-0.132933,0.193932,0.352623
347.6,0.441522,-0.0960339,0.192811,0.371496
347.7,0.468409,-0.0542815,0.194215,0.387404
347.8,0.491134,-0.00784074,0.197691,0.400462
347.9,0.509419,0.0430881,0.202749,0.410725
348,0.52296,0.0982645,0.208864,0.418189
348.1,0.531424,0.157403,0.215488,0.422798
348.2,0.534454,0.220169,0.22206,0.424439
348.3,0.531673,0.286171,0.228018,0.422933
348.4,0.522691,0.354961,0.232814,0.418042
348.5,0.507112,0.426024,0.235933,0.409442
348.6,0.484546,0.498781,0.236919,0.396712
348.7,0.454621,0.572583,0.235398,0.37931
348.8,0.417005,0.646712,0.231111,0.356534
348.9,0.37142,0.720382,0.223945,0.327466
349,0.317668,0.79274,0.213969,0.290892
349.1,0.255655,0.862877,0.201467,0.245169
349.2,0.185425,0.929832,0.186967,0.188024
349.3,0.107181,0.992608,0.17126,0.116223
349.4,0.0213235,1.05019,0.155413,0.0250533
349.5,-0.0715274,1.10155,0.140753,0.0250533
349.6,-0.170505,1.14571,0.128838,0.0250533
349.7,-0.274482,1.18172,0.121395,0.0250533
349.8,-0.382061,1.20872,0.120231,0.0250533
349.9,-0.491586,1.22595,0.127112,0.0250533
350,-0.601162,1.23282,0.143623,0.0250533
350.1,-0.708702,1.22889,0.17101,0.0250533
350.2,-0.811982,1.21393,0.210026,0.0250533
350.3,-0.908722,1.18792,0.26079,0.0250533
350.4,-0.996675,1.15109,0.322689,0.0250533
350.5,-1.07373,1.10389,0.394331,0.0250533
350.6,-1.13801,1.047,0.473569,0.0250533
350.7,-1.18796,0.981315,0.557602,0.0250533
350.8,-1.22244,0.907923,0.643144,0.0250533
350.9,-1.24077,0.82805,0.726647,0.0250533
351,-1.24274,0.743034,0.804559,0.0250533
351.1,-1.22864,0.654279,0.873584,0.0250533
351.2,-1.19919,0.563208,0.930919,0.0250533
351.3,-1.15553,0.471221,0.974429,0.0250533
351.4,-1.09907,0.379659,1.00277,0.0250533
351.5,-1.03148,0.289772,1.01543,0.0250533
351.6,-0.954547,0.202698,1.0127,0.0250533
351.7,-0.870092,0.119446,0.995563,0.0250533
351.8,-0.779909,0.0408931,0.965603,0.0250533
351.9,-0.685692,-0.0322211,0.924814,0.0250533
352,-0.588989,-0.0992839,0.875456,0.0250533
352.1,-0.491169,-0.159801,0.819899,0.0250533
352.2,-0.393409,-0.213384,0.760494,0.0250533
352.3,-0.296689,-0.259736,0.699467,0.0250533
352.4,-0.201803,-0.298633,0.638841,0.0250533
352.5,-0.109375,-0.329915,0.580389,0.0250533
352.6,-0.0198772,-0.353468,0.525607,0.0250533
352.7,0.0663428,-0.369216,0.475703,0.0746697
352.8,0.149039,-0.377108,0.431612,0.155811
352.9,0.22804,-0.377111,0.394006,0.223434
353,0.30323,-0.369206,0.363319,0.280604
353.1,0.37452,-0.353384,0.339773,0.329497
353.2,0.441836,-0.329641,0.3234,0.371685
353.3,0.505099,-0.297984,0.314067,0.40832
353.4,0.564208,-0.258426,0.311496,0.440253
353.5,0.619033,-0.210996,0.315277,0.468118
353.6,0.669397,-0.155738,0.324887,0.492382
353.7,0.715072,-0.0927176,0.33969,0.513384
353.8,0.755771,-0.022033,0.358953,0.531357
353.9,0.791139,0.0561813,0.381845,0.546449
354,0.820749,0.141744,0.407442,0.558729
354.1,0.844098,0.234415,0.434731,0.568196
354.2,0.860606,0.33389,0.462618,0.574777
354.3,0.869611,0.439783,0.489936,0.578329
354.4,0.870378,0.551615,0.51546,0.578631
354.5,0.8621,0.668808,0.537934,0.575368
354.6,0.843904,0.790663,0.556103,0.568118
354.7,0.814875,0.916358,0.568761,0.556318
354.8,0.774069,1.04493,0.574818,0.539224
354.9,0.720544,1.17527,0.573377,0.515839
355,0.653403,1.30612,0.563839,0.484807
355.1,0.571841,1.43607,0.546015,0.444229
355.2,0.475209,1.56355,0.520258,0.391348
355.3,0.363089,1.68688,0.487597,0.321968
355.4,0.235381,1.80424,0.449859,0.229301
355.5,0.0923963,1.91374,0.409769,0.101533
355.6,-0.0650432,2.01344,0.370989,0.101533
355.7,-0.23551,2.10144,0.338076,0.101533
355.8,-0.416893,2.1759,0.316335,0.101533
355.9,-0.60635,2.23513,0.311528,0.101533
356,-0.8003,2.27771,0.329443,0.101533
356.1,-0.994478,2.30254,0.375333,0.101533
356.2,-1.18406,2.30891,0.453263,0.101533
356.3,-1.36384,2.29663,0.565444,0.101533
356.4,-1.52854,2.26601,0.711664,0.101533
356.5,-1.67309,2.21791,0.888911,0.101533
356.6,-1.79296,2.15373,1.09131,0.101533
356.7,-1.88454,2.07539,1.3104,0.101533
356.8,-1.94535,1.98519,1.53584,0.101533
356.9,-1.97427,1.88575,1.75629,0.101533
357,-1.97157,1.77986,1.96053,0.101533
357.1,-1.93889,1.67037,2.13856,0.101533
357.2,-1.87905,1.56001,2.28246,0.101533
357.3,-1.79578,1.45137,2.38696,0.101533
357.4,-1.69346,1.3467,2.44972,0.101533
357.5,-1.57675,1.24792,2.47114,0.101533
357.6,-1.45035,1.15659,2.45398,0.101533
357.7,-1.31869,1.07383,2.40279,0.101533
357.8,-1.18582,1.00043,2.32323,0.101533
357.9,-1.0552,0.936796,2.22146,0.101533
358,-0.929748,0.883058,2.10362,0.101533
358.1,-0.811758,0.839066,1.97542,0.101533
358.2,-0.702968,0.804462,1.84186,0.101533
358.3,-0.604611,0.778718,1.70712,0.101533
358.4,-0.517488,0.761173,1.57451,0.101533
358.5,-0.442039,0.751072,1.44647,0.101533
358.6,-0.378418,0.747589,1.32475,0.101533
358.7,-0.326551,0.749851,1.21044,0.101533
358.8,-0.286195,0.756961,1.10412,0.101533
358.9,-0.256976,0.768003,1.00601,0.101533
359,-0.238421,0.78206,0.916073,0.101533
359.1,-0.229979,0.798222,0.834078,0.101533
359.2,-0.231035,0.81559,0.759728,0.101533
359.3,-0.240918,0.833285,0.692702,0.101533
359.4,-0.2589,0.850456,0.632705,0.101533
359.5,-0.284197,0.866285,0.579499,0.101533
359.6,-0.315966,0.879994,0.532916,0.101533
359.7,-0.3533,0.890858,0.492862,0.101533
359.8,-0.395231,0.898208,0.459305,0.101533
359.9,-0.440727,0.901445,0.432248,0.101533
360,-0.488699,0.900047,0.411705,0.101533
360.1,-0.53801,0.893581,0.397658,0.101533
360.2,-0.587489,0.881707,0.39002,0.101533
360.3,-0.635952,0.864193,0.388596,0.101533
360.4,-0.68222,0.840913,0.393049,0.101533
360.5,-0.725153,0.811855,0.402873,0.101533
360.6,-0.763671,0.777121,0.417384,0.101533
360.7,-0.79679,0.736922,0.435718,0.101533
360.8,-0.823647,0.691578,0.45685,0.101533
360.9,-0.843523,0.641505,0.479626,0.101533
361,-0.855868,0.587205,0.502811,0.101533
361.1,-0.860309,0.529254,0.525148,0.101533
361.2,-0.856658,0.468288,0.545413,0.101533
361.3,-0.844912,0.404983,0.562486,0.101533
361.4,-0.825241,0.340041,0.575401,0.101533
361.5,-0.797974,0.274177,0.583394,0.101533
361.6,-0.763573,0.208098,0.58594,0.101533
361.7,-0.722612,0.142499,0.582767,0.101533
361.8,-0.675749,0.0780416,0.573857,0.101533
361.9,-0.623692,0.0153557,0.559436,0.101533
362,-0.56718,-0.0449734,0.539949,0.101533
362.1,-0.506952,-0.102406,0.516021,0.101533
362.2,-0.44373,-0.156448,0.488421,0.101533
362.3,-0.3782,-0.206656,0.458018,0.101533
362.4,-0.311,-0.252627,0.425739,0.101533
362.5,-0.242711,-0.294005,0.392529,0.101533
362.6,-0.173856,-0.33047,0.359319,0.101533
362.7,-0.104897,-0.361734,0.326996,0.101533
362.8,-0.0362353,-0.387541,0.296382,0.101533
362.9,0.0317797,-0.407662,0.268214,0.0369703
363,0.0988465,-0.421885,0.24314,0.10799
363.1,0.164703,-0.43002,0.221705,0.169916
363.2,0.229119,-0.43189,0.204355,0.224301
363.3,0.291885,-0.427333,0.19143,0.272373
363.4,0.352808,-0.416198,0.183172,0.315098
363.5,0.411696,-0.398347,0.179722,0.353233
363.6,0.468355,-0.373654,0.181126,0.387373
363.7,0.52258,-0.342006,0.187337,0.417982
363.8,0.574145,-0.303309,0.198215,0.445423
363.9,0.622796,-0.257487,0.21353,0.469973
364,0.668246,-0.204486,0.232962,0.491841
364.1,0.710169,-0.144283,0.256095,0.511172
364.2,0.748189,-0.0768906,0.282426,0.528059
364.3,0.78188,-0.00235996,0.311351,0.542544
364.4,0.81076,0.0792065,0.342175,0.554621
364.5,0.834282,0.167649,0.374102,0.564238
364.6,0.851836,0.26274,0.406249,0.571292
364.7,0.862747,0.364174,0.43764,0.575624
364.8,0.866271,0.47156,0.467227,0.577015
364.9,0.861601,0.584402,0.493904,0.575171
365,0.847874,0.702099,0.516538,0.569709
365.1,0.824179,0.823924,0.534008,0.560131
365.2,0.789574,0.949018,0.545257,0.545791
365.3,0.743113,1.07638,0.549366,0.525839
365.4,0.683872,1.20487,0.545642,0.499137
365.5,0.610999,1.33319,0.533718,0.464133
365.6,0.523761,1.45988,0.513677,0.418627
365.7,0.421614,1.58338,0.486176,0.359381
365.8,0.30428,1.70196,0.452576,0.28136
365.9,0.17183,1.81381,0.415046,0.176213
366,0.0247828,1.91707,0.376639,0.0290111
366.1,-0.135806,2.00985,0.341298,0.0290111
366.2,-0.308257,2.0903,0.313769,0.0290111
366.3,-0.490204,2.15668,0.299404,0.0290111
366.4,-0.678564,2.20745,0.303824,0.0290111
366.5,-0.869558,2.24134,0.332447,0.0290111
366.6,-1.05879,2.25743,0.389914,0.0290111
366.7,-1.24138,2.25524,0.479444,0.0290111
366.8,-1.41222,2.23477,0.602237,0.0290111
366.9,-1.56623,2.19654,0.756986,0.0290111
367,-1.69864,2.14162,0.93964,0.0290111
367.1,-1.80541,2.07157,1.14348,0.0290111
367.2,-1.88342,1.98843,1.35955,0.0290111
367.3,-1.93077,1.89458,1.57738,0.0290111
367.4,-1.94689,1.79265,1.786,0.0290111
367.5,-1.93258,1.68539,1.97497,0.0290111
367.6,-1.88985,1.57558,2.13533,0.0290111
367.7,-1.82181,1.46583,2.26041,0.0290111
367.8,-1.73233,1.35855,2.34618,0.0290111
367.9,-1.62579,1.25586,2.39139,0.0290111
368,-1.50675,1.1595,2.39735,0.0290111
368.1,-1.37968,1.07086,2.36739,0.0290111
368.2,-1.24877,0.990928,2.30637,0.0290111
368.3,-1.11775,0.920358,2.21999,0.0290111
368.4,-0.989809,0.859473,2.11424,0.0290111
368.5,-0.867568,0.808315,1.99496,0.0290111
368.6,-0.753072,0.766691,1.86744,0.0290111
368.7,-0.647844,0.734213,1.73628,0.0290111
368.8,-0.55294,0.710342,1.60524,0.0290111
368.9,-0.469028,0.694425,1.47722,0.0290111
369,-0.396448,0.685721,1.35438,0.0290111
369.1,-0.335288,0.683433,1.23816,0.0290111
369.2,-0.285438,0.686723,1.12944,0.0290111
369.3,-0.246637,0.694728,1.02865,0.0290111
369.4,-0.218515,0.706576,0.935862,0.0290111
369.5,-0.200616,0.721391,0.850946,0.0290111
369.6,-0.192421,0.738303,0.773612,0.0290111
369.7,-0.193355,0.756454,0.703507,0.0290111
369.8,-0.202795,0.775001,0.640271,0.0290111
369.9,-0.220069,0.793127,0.583578,0.0290111
370,-0.244455,0.810042,0.533166,0.0290111
370.1,-0.275176,0.824996,0.488848,0.0290111
370.2,-0.311396,0.837279,0.450517,0.0290111
370.3,-0.352219,0.846236,0.418135,0.0290111
370.4,-0.396687,0.851272,0.391711,0.0290111
370.5,-0.443783,0.851864,0.371275,0.0290111
370.6,-0.492441,0.847568,0.356844,0.0290111
370.7,-0.541554,0.83803,0.348382,0.0290111
370.8,-0.589992,0.822991,0.345763,0.0290111
370.9,-0.636624,0.802296,0.34874,0.0290111
371,-0.68034,0.775898,0.356913,0.0290111
371.1,-0.720079,0.743857,0.369712,0.0290111
371.2,-0.754856,0.706342,0.386398,0.0290111
371.3,-0.783794,0.663628,0.406069,0.0290111
371.4,-0.806142,0.616085,0.427686,0.0290111
371.5,-0.821301,0.564175,0.450115,0.0290111
371.6,-0.828839,0.508433,0.472174,0.0290111
371.7,-0.828497,0.449459,0.492692,0.0290111
371.8,-0.820194,0.387902,0.510567,0.0290111
371.9,-0.804021,0.324441,0.524823,0.0290111
372,-0.780225,0.259776,0.534658,0.0290111
372.1,-0.749195,0.194607,0.539483,0.0290111
372.2,-0.711435,0.129625,0.538943,0.0290111
372.3,-0.667543,0.065501,0.532926,0.0290111
372.4,-0.618179,0.00287401,0.521561,0.0290111
372.5,-0.564043,-0.0576533,0.505193,0.0290111
372.6,-0.505848,-0.11552,0.484358,0.0290111
372.7,-0.444299,-0.17021,0.45975,0.0290111
372.8,-0.380076,-0.221251,0.432173,0.0290111
372.9,-0.31382,-0.268215,0.402509,0.0290111
373,-0.246119,-0.310714,0.371676,0.0290111
373.1,-0.177511,-0.3484,0.340592,0.0290111
373.2,-0.108471,-0.380956,0.310149,0.0290111
373.3,-0.0394206,-0.408099,0.281184,0.0290111
373.4,0.0292717,-0.429568,0.254465,0.034125
373.5,0.0972866,-0.445125,0.230675,0.106435
373.6,0.164345,-0.454553,0.210404,0.169597
373.7,0.230201,-0.457646,0.194144,0.225168
373.8,0.294632,-0.454216,0.182288,0.274378
373.9,0.357435,-0.444084,0.175129,0.318201
374,0.418409,-0.427084,0.172863,0.357403
374.1,0.477356,-0.403061,0.175587,0.392587
374.2,0.534066,-0.371874,0.183304,0.424228
374.3,0.588312,-0.333396,0.195925,0.4527
374.4,0.639841,-0.287518,0.213264,0.47829
374.5,0.688367,-0.234154,0.235043,0.501216
374.6,0.733565,-0.173245,0.260884,0.521636
374.7,0.77506,-0.104763,0.290314,0.539647
374.8,0.812429,-0.0287209,0.322755,0.55531
374.9,0.845183,0.0548218,0.357526,0.568631
375,0.872775,0.145749,0.393836,0.579571
375.1,0.894582,0.243879,0.430789,0.588044
375.2,0.909913,0.348953,0.467383,0.593912
375.3,0.918,0.460626,0.50252,0.596978
375.4,0.917999,0.578449,0.535019,0.596979
375.5,0.908998,0.701864,0.563641,0.593564
375.6,0.890019,0.830184,0.587126,0.586284
375.7,0.860038,0.962587,0.604243,0.574552
375.8,0.817996,1.0981,0.613857,0.557601
375.9,0.762841,1.23559,0.615021,0.534412
376,0.693555,1.37377,0.607083,0.503604
376.1,0.609218,1.51117,0.589818,0.463245
376.2,0.509066,1.64616,0.563575,0.410528
376.3,0.392575,1.77698,0.529427,0.341165
376.4,0.259558,1.90172,0.48932,0.24817
376.5,0.110262,2.01839,0.446189,0.119237
376.6,-0.0545134,2.12493,0.404017,0.119237
376.7,-0.233317,2.21931,0.367805,0.119237
376.8,-0.423949,2.29956,0.343415,0.119237
376.9,-0.623408,2.36391,0.337254,0.119237
377,-0.827874,2.41081,0.355803,0.119237
377.1,-1.03277,2.43909,0.404973,0.119237
377.2,-1.23288,2.44801,0.489369,0.119237
377.3,-1.42258,2.43734,0.611523,0.119237
377.4,-1.59614,2.40744,0.771235,0.119237
377.5,-1.74807,2.35927,0.96514,0.119237
377.6,-1.87349,2.29436,1.18663,0.119237
377.7,-1.96852,2.21478,1.42622,0.119237
377.8,-2.03058,2.12303,1.67227,0.119237
377.9,-2.05856,2.02195,1.91215,0.119237
378,-2.05295,1.91453,2.13341,0.119237
378.1,-2.01567,1.80381,2.32507,0.119237
378.2,-1.94996,1.69272,2.47861,0.119237
378.3,-1.86003,1.58394,2.58854,0.119237
378.4,-1.75073,1.47983,2.65264,0.119237
378.5,-1.62719,1.38237,2.67177,0.119237
378.6,-1.49451,1.29307,2.64933,0.119237
378.7,-1.35746,1.21307,2.59061,0.119237
378.8,-1.22033,1.14306,2.502,0.119237
378.9,-1.08678,1.08336,2.39033,0.119237
379,-0.959823,1.03399,2.26231,0.119237
379.1,-0.841795,0.994668,2.12404,0.119237
379.2,-0.734431,0.964902,1.98084,0.119237
379.3,-0.638923,0.944024,1.83704,0.119237
379.4,-0.556003,0.931235,1.69605,0.119237
379.5,-0.486023,0.925636,1.56035,0.119237
379.6,-0.429032,0.926264,1.43168,0.119237
379.7,-0.384844,0.932116,1.3111,0.119237
379.8,-0.353086,0.942162,1.1992,0.119237
379.9,-0.333243,0.95537,1.09622,0.119237
380,-0.32469,0.97071,1.00214,0.119237
380.1,-0.326703,0.987169,0.916817,0.119237
380.2,-0.338479,1.00376,0.840055,0.119237
380.3,-0.359138,1.01954,0.771659,0.119237
380.4,-0.387724,1.0336,0.711476,0.119237
380.5,-0.423206,1.04508,0.659407,0.119237
380.6,-0.464478,1.05321,0.615409,0.119237
380.7,-0.510363,1.05729,0.579475,0.119237
380.8,-0.559616,1.05668,0.551605,0.119237
380.9,-0.610937,1.05088,0.531766,0.119237
381,-0.662986,1.03946,0.519845,0.119237
381.1,-0.714407,1.02215,0.515603,0.119237
381.2,-0.76385,0.99876,0.518633,0.119237
381.3,-0.810006,0.969261,0.528332,0.119237
381.4,-0.85164,0.933735,0.543878,0.119237
381.5,-0.887623,0.892398,0.564234,0.119237
381.6,-0.91697,0.845581,0.588166,0.119237
381.7,-0.938865,0.793726,0.614283,0.119237
381.8,-0.952686,0.737375,0.641096,0.119237
381.9,-0.958019,0.677145,0.667081,0.119237
382,-0.954669,0.613722,0.690762,0.119237
382.1,-0.942651,0.547832,0.710782,0.119237
382.2,-0.922183,0.480228,0.725972,0.119237
382.3,-0.893662,0.411671,0.735409,0.119237
382.4,-0.857642,0.342909,0.738453,0.119237
382.5,-0.814796,0.274669,0.734767,0.119237
382.6,-0.765888,0.207639,0.724316,0.119237
382.7,-0.71174,0.142461,0.707348,0.119237
382.8,-0.653193,0.0797249,0.684365,0.119237
382.9,-0.591088,0.0199634,0.656073,0.119237
383,-0.526235,-0.0363472,0.623337,0.119237
383.1,-0.459396,-0.0887876,0.587126,0.119237
383.2,-0.391275,-0.136992,0.548467,0.119237
383.3,-0.322503,-0.180644,0.508395,0.119237
383.4,-0.253641,-0.219474,0.467917,0.119237
383.5,-0.185175,-0.253249,0.427981,0.119237
383.6,-0.117523,-0.281773,0.389451,0.119237
383.7,-0.0510388,-0.304879,0.35309,0.119237
383.8,0.0139796,-0.322425,0.319553,0.0165438
383.9,0.0772797,-0.334289,0.289379,0.0861027
384,0.138647,-0.340366,0.262994,0.146246
384.1,0.197893,-0.340569,0.240711,0.198631
384.2,0.254848,-0.334822,0.222736,0.244547
384.3,0.309351,-0.323063,0.209172,0.284991
384.4,0.36124,-0.305244,0.200028,0.320739
384.5,0.410347,-0.28133,0.195224,0.352392
384.6,0.456487,-0.251304,0.194592,0.380413
384.7,0.499454,-0.215167,0.197886,0.405158
384.8,0.539015,-0.172942,0.204785,0.426895
384.9,0.574905,-0.12468,0.214893,0.445816
385,0.606822,-0.0704626,0.227743,0.462047
385.1,0.634425,-0.0104085,0.242802,0.475663
385.2,0.657329,0.0553196,0.259472,0.486678
385.3,0.675105,0.126509,0.277095,0.495057
385.4,0.687281,0.202892,0.294962,0.500714
385.5,0.69334,0.284132,0.312317,0.503505
385.6,0.692726,0.369825,0.328378,0.503224
385.7,0.684849,0.459484,0.342351,0.49959
385.8,0.669091,0.552537,0.353457,0.492239
385.9,0.644822,0.648318,0.360964,0.480694
386,0.611413,0.746061,0.364228,0.464339
386.1,0.56826,0.8449,0.362743,0.442368
386.2,0.514809,0.943862,0.356199,0.41371
386.3,0.450589,1.04187,0.344542,0.376917
386.4,0.375252,1.13776,0.328049,0.329974
386.5,0.28862,1.23027,0.30739,0.269979
386.6,0.190732,1.31806,0.283686,0.192565
386.7,0.0819002,1.39975,0.258551,0.0908645
386.8,-0.0372359,1.47394,0.234106,0.0908645
386.9,-0.165662,1.53924,0.212945,0.0908645
387,-0.301945,1.5943,0.198055,0.0908645
387.1,-0.444212,1.63789,0.192668,0.0908645
387.2,-0.590144,1.66892,0.200056,0.0908645
387.3,-0.737008,1.6865,0.223253,0.0908645
387.4,-0.881713,1.69,0.264746,0.0908645
387.5,-1.02091,1.6791,0.326147,0.0908645
387.6,-1.15114,1.65379,0.407894,0.0908645
387.7,-1.26898,1.61443,0.509025,0.0908645
387.8,-1.37121,1.56173,0.627075,0.0908645
387.9,-1.45506,1.49677,0.75812,0.0908645
388,-1.51832,1.4209,0.896996,0.0908645
388.1,-1.55948,1.33578,1.03767,0.0908645
388.2,-1.57785,1.24322,1.1737,0.0908645
388.3,-1.57356,1.14519,1.29883,0.0908645
388.4,-1.54755,1.0437,1.40745,0.0908645
388.5,-1.50146,0.940699,1.49505,0.0908645
388.6,-1.4375,0.838076,1.55854,0.0908645
388.7,-1.3583,0.73755,1.59636,0.0908645
388.8,-1.26672,0.640645,1.60849,0.0908645
388.9,-1.16571,0.548667,1.59622,0.0908645
389,-1.05814,0.462688,1.56197,0.0908645
389.1,-0.946708,0.38355,1.50892,0.0908645
389.2,-0.833824,0.311874,1.44069,0.0908645
389.3,-0.721586,0.248082,1.36109,0.0908645
389.4,-0.611749,0.19242,1.27381,0.0908645
389.5,-0.505725,0.144984,1.18225,0.0908645
389.6,-0.40461,0.105746,1.08943,0.0908645
389.7,-0.309214,0.0745803,0.997866,0.0908645
389.8,-0.220105,0.0512828,0.90957,0.0908645
389.9,-0.13765,0.0355924,0.82607,0.0908645
390,-0.0620574,0.0272049,0.74843,0.0908645
390.1,0.00658062,0.0257856,0.677312,0.0908645
390.2,0.0682556,0.0309776,0.613029,0.076687
390.3,0.123012,0.0424078,0.555604,0.131533
390.4,0.170922,0.0596901,0.504832,0.175416
390.5,0.212067,0.0824266,0.460327,0.210439
390.6,0.246525,0.110207,0.421571,0.238083
390.7,0.274357,0.142609,0.387953,0.259391
390.8,0.295604,0.17919,0.358806,0.275086
390.9,0.310282,0.219491,0.333435,0.285651
391,0.318387,0.26303,0.311144,0.2914
391.1,0.319894,0.309298,0.291262,0.292461
391.2,0.314766,0.357754,0.273158,0.288842
391.3,0.302962,0.407831,0.25627,0.280411
391.4,0.284445,0.458923,0.240117,0.266901
391.5,0.259199,0.510394,0.224321,0.247895
391.6,0.227243,0.561574,0.208626,0.222793
391.7,0.188642,0.611762,0.192908,0.190781
391.8,0.14353,0.660232,0.177196,0.150761
391.9,0.0921232,0.70624,0.161678,0.101257
392,0.0347423,0.749028,0.146701,0.0402909
392.1,-0.0281749,0.78784,0.132773,0.0402909
392.2,-0.0960572,0.821933,0.120544,0.0402909
392.3,-0.168189,0.85059,0.110782,0.0402909
392.4,-0.243705,0.873139,0.104337,0.0402909
392.5,-0.321586,0.888972,0.102085,0.0402909
392.6,-0.400672,0.897558,0.104873,0.0402909
392.7,-0.479674,0.898468,0.113441,0.0402909
392.8,-0.557199,0.891386,0.128352,0.0402909
392.9,-0.631786,0.876128,0.14992,0.0402909
393,-0.701945,0.852652,0.178141,0.0402909
393.1,-0.766208,0.821066,0.212653,0.0402909
393.2,-0.82318,0.781629,0.252713,0.0402909
393.3,-0.871595,0.734754,0.297204,0.0402909
393.4,-0.910361,0.680993,0.344675,0.0402909
393.5,-0.938609,0.621029,0.393415,0.0402909
393.6,-0.955723,0.555655,0.441548,0.0402909
393.7,-0.961364,0.485757,0.48715,0.0402909
393.8,-0.955472,0.412283,0.52837,0.0402909
393.9,-0.938262,0.336225,0.563551,0.0402909
394,-0.910201,0.258589,0.59133,0.0402909
394.1,-0.871975,0.180373,0.610716,0.0402909
394.2,-0.824445,0.102548,0.621137,0.0402909
394.3,-0.768605,0.0260383,0.622457,0.0402909
394.4,-0.705528,-0.0482912,0.614957,0.0402909
394.5,-0.636327,-0.119643,0.599296,0.0402909
394.6,-0.562104,-0.187292,0.57645,0.0402909
394.7,-0.483923,-0.250588,0.547637,0.0402909
394.8,-0.402776,-0.308954,0.51424,0.0402909
394.9,-0.319569,-0.36188,0.477734,0.0402909
395,-0.235104,-0.408916,0.439615,0.0402909
395.1,-0.150077,-0.449669,0.401342,0.0402909
395.2,-0.0650817,-0.483789,0.364292,0.0402909
395.3,0.0193905,-0.510966,0.329728,0.0228292
395.4,0.102937,-0.530918,0.298771,0.112045
395.5,0.185232,-0.543387,0.272391,0.187858
395.6,0.266015,-0.548132,0.2514,0.253095
395.7,0.345075,-0.544922,0.236457,0.309869
395.8,0.422236,-0.533536,0.228069,0.359764
395.9,0.497347,-0.513757,0.226598,0.403973
396,0.570259,-0.485372,0.232274,0.443407
396.1,0.640824,-0.448174,0.245195,0.478765
396.2,0.708873,-0.401959,0.265338,0.510586
396.3,0.774212,-0.346532,0.29256,0.539285
396.4,0.836606,-0.281711,0.3266,0.565178
396.5,0.89577,-0.20733,0.367074,0.588502
396.6,0.951361,-0.123247,0.413474,0.609425
396.7,1.00296,-0.0293519,0.465159,0.628057
396.8,1.05008,0.0744256,0.521343,0.644455
396.9,1.09214,0.188104,0.581085,0.658626
397,1.12843,0.311636,0.64328,0.670526
397.1,1.15818,0.444898,0.706643,0.68006
397.2,1.18046,0.587671,0.769707,0.687076
397.3,1.19422,0.739625,0.830815,0.691358
397.4,1.19828,0.900299,0.888134,0.692615
397.5,1.19132,1.06908,0.939675,0.69046
397.6,1.17189,1.24518,0.983333,0.68439
397.7,1.1384,1.42761,1.01696,0.673744
397.8,1.08918,1.61518,1.03846,0.657645
397.9,1.02247,1.80644,1.04595,0.634914
398,0.9365,1.99971,1.03795,0.603921
398.1,0.829572,2.19302,1.01363,0.562328
398.2,0.700153,2.38414,0.973098,0.506624
398.3,0.547024,2.57059,0.917774,0.431181
398.4,0.369442,2.74967,0.850719,0.326166
398.5,0.167351,2.91846,0.776959,0.172264
398.6,-0.0584009,3.07397,0.703709,0.172264
398.7,-0.305829,3.21318,0.640397,0.172264
398.8,-0.571608,3.33319,0.598404,0.172264
398.9,-0.850925,3.43136,0.590415,0.172264
399,-1.13743,3.5055,0.629335,0.172264
399.1,-1.42335,3.55402,0.726784,0.172264
399.2,-1.69975,3.57611,0.891315,0.172264
399.3,-1.95706,3.57187,1.1266,0.172264
399.4,-2.18569,3.54242,1.42995,0.172264
399.5,-2.37683,3.48984,1.7916,0.172264
399.6,-2.52327,3.41719,2.19494,0.172264
399.7,-2.62008,3.32829,2.61798,0.172264
399.8,-2.66511,3.22754,3.03578,0.172264
399.9,-2.6592,3.11961,3.42338,0.172264
400,-2.60602,3.00919,3.75881,0.172264
400.1,-2.51165,2.90073,4.02541,0.172264
400.2,-2.38391,2.79815,4.21328,0.172264
400.3,-2.23165,2.70473,4.31952,0.172264
400.4,-2.06396,2.623,4.34748,0.172264
400.5,-1.88955,2.55469,4.30539,0.172264
400.6,-1.71626,2.50076,4.20461,0.172264
400.7,-1.5508,2.46149,4.05793,0.172264
400.8,-1.39855,2.43655,3.87818,0.172264
400.9,-1.26363,2.42508,3.67719,0.172264
401,-1.1489,2.42586,3.4652,0.172264
401.1,-1.0562,2.43733,3.25064,0.172264
401.2,-0.986404,2.45774,3.04011,0.172264
401.3,-0.939654,2.48518,2.83866,0.172264
401.4,-0.915446,2.51766,2.65004,0.172264
401.5,-0.912756,2.55318,2.47707,0.172264
401.6,-0.930111,2.58977,2.32189,0.172264
401.7,-0.965654,2.62552,2.18624,0.172264
401.8,-1.01718,2.65862,2.0716,0.172264
401.9,-1.08217,2.68742,1.97925,0.172264
402,-1.15784,2.71047,1.91029,0.172264
402.1,-1.24117,2.72653,1.86552,0.172264
402.2,-1.32896,2.73461,1.84533,0.172264
402.3,-1.41792,2.73402,1.8495,0.172264
402.4,-1.50478,2.72435,1.87706,0.172264
402.5,-1.58635,2.70552,1.92618,0.172264
402.6,-1.65972,2.67775,1.99404,0.172264
402.7,-1.72231,2.64157,2.07692,0.172264
402.8,-1.77205,2.59775,2.17031,0.172264
402.9,-1.8074,2.54731,2.26913,0.172264
403,-1.8275,2.49142,2.36804,0.172264
403.1,-1.83211,2.4314,2.46177,0.172264
403.2,-1.82166,2.36859,2.5455,0.172264
403.3,-1.79715,2.30437,2.61514,0.172264
403.4,-1.76008,2.24002,2.66756,0.172264
403.5,-1.71232,2.17673,2.70072,0.172264
403.6,-1.65603,2.11554,2.71371,0.172264
403.7,-1.59346,2.05734,2.70667,0.172264
403.8,-1.52691,2.00278,2.68068,0.172264
403.9,-1.45859,1.95236,2.63753,0.172264
404,-1.39052,1.90636,2.57951,0.172264
404.1,-1.32452,1.8649,2.50924,0.172264
404.2,-1.26212,1.8279,2.42944,0.172264
404.3,-1.20458,1.79517,2.34282,0.172264
404.4,-1.15287,1.76638,2.25189,0.172264
404.5,-1.10766,1.74108,2.15898,0.172264
404.6,-1.06938,1.71877,2.06611,0.172264
404.7,-1.03821,1.69888,1.97501,0.172264
404.8,-1.01411,1.68081,1.88712,0.172264
404.9,-0.996846,1.66393,1.80361,0.172264
405,-0.986019,1.64763,1.7254,0.172264
405.1,-0.981091,1.63129,1.65317,0.172264
405.2,-0.981407,1.61435,1.5874,0.172264
405.3,-0.986218,1.59628,1.52839,0.172264
405.4,-0.994701,1.57659,1.47626,0.172264
405.5,-1.00599,1.55487,1.43099,0.172264
405.6,-1.01918,1.53078,1.39238,0.172264
405.7,-1.03336,1.50404,1.36012,0.172264
405.8,-1.04767,1.47446,1.33375,0.172264
405.9,-1.06123,1.44192,1.31268,0.172264
406,-1.07326,1.4064,1.29621,0.172264
406.1,-1.08304,1.36794,1.28354,0.172264
406.2,-1.08995,1.32664,1.2738,0.172264
406.3,-1.09346,1.28268,1.26606,0.172264
406.4,-1.09316,1.2363,1.2594,0.172264
406.5,-1.08876,1.18778,1.25288,0.172264
406.6,-1.0801,1.13744,1.24562,0.172264
406.7,-1.06713,1.08562,1.23683,0.172264
406.8,-1.0499,1.0327,1.22579,0.172264
406.9,-1.02858,0.979037,1.21196,0.172264
407,-1.00341,0.925008,1.19488,0.172264
407.1,-0.974719,0.870973,1.17428,0.172264
407.2,-0.942882,0.817272,1.15002,0.172264
407.3,-0.908314,0.764226,1.1221,0.172264
407.4,-0.871456,0.712124,1.09067,0.172264
407.5,-0.832755,0.661229,1.05595,0.172264
407.6,-0.792657,0.611767,1.0183,0.172264
407.7,-0.751588,0.563934,0.978099,0.172264
407.8,-0.709953,0.517891,0.93581,0.172264
407.9,-0.668122,0.473771,0.891904,0.172264
408,-0.626431,0.431673,0.846867,0.172264
408.1,-0.585176,0.391672,0.801169,0.172264
408.2,-0.54461,0.353818,0.755264,0.172264
408.3,-0.504952,0.318138,0.70957,0.172264
408.4,-0.466377,0.284641,0.664464,0.172264
408.5,-0.429029,0.253322,0.620282,0.172264
408.6,-0.393017,0.224159,0.577309,0.172264
408.7,-0.358421,0.197123,0.535785,0.172264
408.8,-0.325299,0.172173,0.495902,0.172264
408.9,-0.293684,0.149264,0.457811,0.172264
409,-0.263593,0.128345,0.42162,0.172264
409.1,-0.235027,0.109361,0.387401,0.172264
409.2,-0.20798,0.0922561,0.355195,0.172264
409.3,-0.182433,0.0769711,0.325013,0.172264
409.4,-0.158363,0.0634467,0.296841,0.172264
409.5,-0.135745,0.0516231,0.270646,0.172264
409.6,-0.114549,0.04144,0.246378,0.172264
409.7,-0.0947477,0.0328371,0.223972,0.172264
409.8,-0.0763132,0.0257539,0.203352,0.172264
409.9,-0.0592199,0.0201295,0.184437,0.172264
410,-0.0434445,0.0159023,0.167136,0.172264
410.1,-0.028967,0.0130098,0.151356,0.172264
410.2,-0.0157702,0.0113883,0.137,0.172264
410.3,-0.00384049,0.0109724,0.123973,0.172264
410.4,0.00683296,0.0116946,0.112176,0.172264
410.5,0.0162581,0.0134847,0.101515,0.019195
410.6,0.0244406,0.0162698,0.0918954,0.0286279
410.7,0.0313843,0.0199738,0.0832258,0.0365187
410.8,0.0370918,0.0245169,0.0754186,0.0429181
410.9,0.0415654,0.0298153,0.06839,0.0478895
411,0.0448077,0.0357816,0.0620604,0.0514673
411.1,0.0468228,0.0423237,0.0563554,0.0536778
411.2,0.0476166,0.0493458,0.0512057,0.0545643
411.3,0.0471985,0.0567475,0.0465475,0.054089
411.4,0.0455819,0.0644249,0.0423235,0.0523145
411.5,0.0427854,0.0722699,0.0384824,0.0492351
411.6,0.0388337,0.0801713,0.0349794,0.0448602
411.7,0.0337589,0.0880153,0.0317766,0.0391884
411.8,0.0276007,0.0956856,0.0288427,0.0322327
411.9,0.0204081,0.103065,0.0261533,0.0239983
412,0.0122397,0.110034,0.0236904,0.0145112
412.1,0.00316408,0.116477,0.0214423,0.0145112
412.2,-0.00673891,0.122277,0.0194029,0.0145112
412.3,-0.0173785,0.12732,0.0175713,0.0145112
412.4,-0.0286527,0.131497,0.0159507,0.0145112
412.5,-0.0404482,0.134705,0.0145479,0.0145112
412.6,-0.0526411,0.136847,0.0133715,0.0145112
412.7,-0.065097,0.137834,0.012431,0.0145112
412.8,-0.0776723,0.137587,0.0117356,0.0145112
412.9,-0.0902153,0.136037,0.0112925,0.0145112
413,-0.102568,0.133131,0.0111055,0.0145112
413.1,-0.114565,0.128825,0.0111743,0.0145112
413.2,-0.126042,0.123094,0.0114926,0.0145112
413.3,-0.13683,0.115925,0.0120477,0.0145112
413.4,-0.146762,0.107325,0.0128197,0.0145112
413.5,-0.155677,0.0973159,0.0137813,0.0145112
413.6,-0.163419,0.0859377,0.0148978,0.0145112
413.7,-0.169838,0.0732482,0.016128,0.0145112
413.8,-0.174799,0.0593229,0.0174247,0.0145112
413.9,-0.178179,0.0442543,0.0187363,0.0145112
414,-0.17987,0.0281516,0.0200086,0.0145112
414.1,-0.17978,0.0111398,0.021187,0.0145112
414.2,-0.177839,-0.00664154,0.0222183,0.0145112
414.3,-0.173994,-0.025039,0.0230533,0.0145112
414.4,-0.168214,-0.0438873,0.0236495,0.0145112
414.5,-0.160487,-0.0630102,0.0239729,0.0145112
414.6,-0.150824,-0.0822227,0.0240004,0.0145112
414.7,-0.139256,-0.101332,0.0237211,0.0145112
414.8,-0.125834,-0.12014,0.023138,0.0145112
414.9,-0.110627,-0.138445,0.0222686,0.0145112
415,-0.093723,-0.156042,0.0211451,0.0145112
415.1,-0.0752268,-0.172725,0.0198143,0.0145112
415.2,-0.0552573,-0.188292,0.0183363,0.0145112
415.3,-0.0339476,-0.202539,0.0167837,0.0145112
415.4,-0.011443,-0.21527,0.0152391,0.0145112
415.5,0.0121006,-0.226292,0.0137933,0.0143551
415.6,0.0365174,-0.235419,0.0125423,0.0422786
415.7,0.0616334,-0.242472,0.0115844,0.0696767
415.8,0.087267,-0.247284,0.0110173,0.0963448
415.9,0.11323,-0.249696,0.0109343,0.122123
416,0.139327,-0.249561,0.0114218,0.146877
416.1,0.165359,-0.246745,0.0125555,0.170497
416.2,0.191118,-0.241126,0.0143975,0.192894
416.3,0.216392,-0.232601,0.0169933,0.213988
416.4,0.240963,-0.221082,0.0203692,0.233718
416.5,0.264606,-0.206497,0.0245298,0.252024
416.6,0.28709,-0.188797,0.029456,0.268853
416.7,0.308176,-0.167953,0.0351036,0.284152
416.8,0.327618,-0.143959,0.0414017,0.297865
416.9,0.345162,-0.116836,0.0482529,0.30993
417,0.360547,-0.0866311,0.0555327,0.320277
417.1,0.373504,-0.0534208,0.063091,0.328832
417.2,0.383756,-0.0173142,0.0707537,0.3355
417.3,0.391023,0.0215454,0.0783258,0.340172
417.4,0.395016,0.0629786,0.0855953,0.342723
417.5,0.39545,0.106767,0.0923386,0.342998
417.6,0.392036,0.152652,0.0983277,0.340821
417.7,0.384492,0.200332,0.103338,0.335976
417.8,0.372549,0.249461,0.10716,0.328207
417.9,0.355951,0.29965,0.109609,0.317208
418,0.334469,0.350464,0.110538,0.30261
418.1,0.307907,0.401423,0.109854,0.28396
418.2,0.276113,0.452007,0.107533,0.260706
418.3,0.238991,0.501654,0.10363,0.232162
418.4,0.196512,0.549766,0.0982982,0.197467
418.5,0.14873,0.59572,0.091799,0.155529
418.6,0.0957945,0.638866,0.0845074,0.104944
418.7,0.0379637,0.678544,0.0769165,0.0438914
418.8,-0.0243833,0.714093,0.0696319,0.0438914
418.9,-0.0907356,0.744863,0.0633585,0.0438914
419,-0.160444,0.77023,0.0588766,0.0438914
419.1,-0.23272,0.789612,0.0570086,0.0438914
419.2,-0.306633,0.802484,0.0585744,0.0438914
419.3,-0.38113,0.808398,0.0643383,0.0438914
419.4,-0.45504,0.806996,0.07495,0.0438914
419.5,-0.527109,0.798025,0.0908831,0.0438914
419.6,-0.596025,0.781353,0.112378,0.0438914
419.7,-0.660462,0.756976,0.139392,0.0438914
419.8,-0.719117,0.725025,0.171568,0.0438914
419.9,-0.77076,0.685767,0.208222,0.0438914
420,-0.81428,0.639605,0.248356,0.0438914
420.1,-0.848724,0.587068,0.290697,0.0438914
420.2,-0.873338,0.528799,0.333761,0.0438914
420.3,-0.887594,0.465543,0.375941,0.0438914
420.4,-0.891204,0.398121,0.415598,0.0438914
420.5,-0.884126,0.327416,0.451172,0.0438914
420.6,-0.866557,0.254347,0.481275,0.0438914
420.7,-0.838913,0.179851,0.504775,0.0438914
420.8,-0.801803,0.104857,0.520863,0.0438914
420.9,-0.755988,0.0302736,0.529092,0.0438914
421,-0.702347,-0.0430305,0.529385,0.0438914
421.1,-0.641831,-0.114235,0.522025,0.0438914
421.2,-0.575425,-0.182576,0.507622,0.0438914
421.3,-0.504115,-0.247354,0.487058,0.0438914
421.4,-0.428852,-0.307933,0.461431,0.0438914
421.5,-0.350529,-0.363737,0.431988,0.0438914
421.6,-0.269966,-0.41425,0.40006,0.0438914
421.7,-0.187897,-0.459009,0.367004,0.0438914
421.8,-0.104962,-0.497598,0.334156,0.0438914
421.9,-0.0217146,-0.529642,0.302786,0.0438914
422,0.061382,-0.554796,0.274067,0.069407
422.1,0.143941,-0.572743,0.249058,0.151141
422.2,0.225647,-0.583185,0.228686,0.221506
422.3,0.306237,-0.585839,0.213745,0.282764
422.4,0.385498,-0.580432,0.204889,0.336623
422.5,0.463244,-0.566695,0.20264,0.384388
422.6,0.539312,-0.544365,0.207389,0.427055
422.7,0.613542,-0.513182,0.219402,0.465398
422.8,0.685772,-0.47289,0.238824,0.500017
422.9,0.755821,-0.423234,0.265684,0.531379
423,0.82348,-0.363968,0.299892,0.559846
423.1,0.888503,-0.294858,0.34124,0.585697
423.2,0.950591,-0.215683,0.3894,0.609141
423.3,1.00939,-0.126247,0.443909,0.630327
423.4,1.06447,-0.0263804,0.504166,0.64935
423.5,1.11531,0.0840436,0.569414,0.666259
423.6,1.16132,0.205103,0.638729,0.681056
423.7,1.20178,0.336811,0.710999,0.693697
423.8,1.23586,0.479104,0.784913,0.704088
423.9,1.2626,0.631823,0.858942,0.712083
424,1.28089,0.794694,0.931335,0.717476
424.1,1.28948,0.96731,1.00012,0.719988
424.2,1.28695,1.1491,1.0631,0.71925
424.3,1.27173,1.33933,1.11794,0.714783
424.4,1.24207,1.53703,1.16214,0.705957
424.5,1.19611,1.74101,1.19324,0.691944
424.6,1.13184,1.94982,1.20889,0.671629
424.7,1.04723,2.16173,1.2071,0.643479
424.8,0.940251,2.37471,1.18649,0.605316
424.9,0.80899,2.58642,1.14668,0.55389
425,0.651823,2.79422,1.08865,0.484053
425.1,0.467587,2.99519,1.01521,0.386925
425.2,0.255813,3.18617,0.931445,0.245291
425.3,0.0169934,3.36385,0.845035,0.0200507
425.4,-0.247136,3.52483,0.766437,0.0200507
425.5,-0.533327,3.66583,0.708696,0.0200507
425.6,-0.836601,3.7838,0.68681,0.0200507
425.7,-1.15015,3.87612,0.716533,0.0200507
425.8,-1.46538,3.94086,0.812605,0.0200507
425.9,-1.77224,3.97693,0.986544,0.0200507
426,-2.0597,3.98427,1.24429,0.0200507
426.1,-2.31657,3.96398,1.58418,0.0200507
426.2,-2.53241,3.9183,1.99577,0.0200507
426.3,-2.69858,3.85062,2.45995,0.0200507
426.4,-2.80907,3.76521,2.95063,0.0200507
426.5,-2.86119,3.66706,3.43764,0.0200507
426.6,-2.85584,3.56148,3.89061,0.0200507
426.7,-2.79733,3.45378,4.28268,0.0200507
426.8,-2.69287,3.34897,4.59368,0.0200507
426.9,-2.55174,3.25145,4.8118,0.0200507
427,-2.38437,3.16483,4.93395,0.0200507
427.1,-2.20142,3.09181,4.9647,0.0200507
427.2,-2.01301,3.03416,4.91448,0.0200507
427.3,-1.82814,2.99277,4.7973,0.0200507
427.4,-1.65436,2.96771,4.62867,0.0200507
427.5,-1.49767,2.95836,4.42387,0.0200507
427.6,-1.36249,2.96354,4.19682,0.0200507
427.7,-1.25179,2.98161,3.95937,0.0200507
427.8,-1.16732,3.01065,3.7212,0.0200507
427.9,-1.10974,3.04846,3.48987,0.0200507
428,-1.07883,3.09276,3.27122,0.0200507
428.1,-1.07362,3.14119,3.06971,0.0200507
428.2,-1.0925,3.19138,2.88885,0.0200507
428.3,-1.13332,3.24108,2.73153,0.0200507
428.4,-1.19345,3.28814,2.6002,0.0200507
428.5,-1.26982,3.33059,2.49702,0.0200507
428.6,-1.35896,3.3667,2.42382,0.0200507
428.7,-1.45709,3.39504,2.38197,0.0200507
428.8,-1.5602,3.41447,2.37215,0.0200507
428.9,-1.66417,3.42425,2.39413,0.0200507
429,-1.76488,3.42401,2.44654,0.0200507
429.1,-1.85841,3.41375,2.52665,0.0200507
429.2,-1.94119,3.3939,2.63034,0.0200507
429.3,-2.01021,3.36522,2.75222,0.0200507
429.4,-2.06314,3.32879,2.88579,0.0200507
429.5,-2.09845,3.28595,3.02392,0.0200507
429.6,-2.11548,3.23822,3.15929,0.0200507
429.7,-2.11445,3.18722,3.2849,0.0200507
429.8,-2.09642,3.13459,3.39463,0.0200507
429.9,-2.06314,3.08191,3.48357,0.0200507
430,-2.01694,3.03061,3.54835,0.0200507
430.1,-1.96054,2.98196,3.58718,0.0200507
430.2,-1.89689,2.937,3.59983,0.0200507
430.3,-1.82896,2.8965,3.58744,0.0200507
430.4,-1.75963,2.86099,3.55227,0.0200507
430.5,-1.69154,2.83072,3.49737,0.0200507
430.6,-1.62702,2.80572,3.4263,0.0200507
430.7,-1.56801,2.78579,3.34282,0.0200507
430.8,-1.51606,2.77054,3.25069,0.0200507
430.9,-1.47228,2.75943,3.15351,0.0200507
431,-1.43741,2.75179,3.05455,0.0200507
431.1,-1.41178,2.74686,2.95674,0.0200507
431.2,-1.39538,2.74384,2.86261,0.0200507
431.3,-1.38787,2.74189,2.77428,0.0200507
431.4,-1.38866,2.74019,2.69351,0.0200507
431.5,-1.39689,2.73792,2.62165,0.0200507
431.6,-1.41154,2.73436,2.55971,0.0200507
431.7,-1.4314,2.72884,2.50835,0.0200507
431.8,-1.45519,2.72079,2.46787,0.0200507
431.9,-1.48153,2.70975,2.43822,0.0200507
432,-1.50903,2.69537,2.41902,0.0200507
432.1,-1.53635,2.67743,2.40956,0.0200507
432.2,-1.5622,2.65583,2.40879,0.0200507
432.3,-1.58539,2.6306,2.41541,0.0200507
432.4,-1.60492,2.60188,2.42785,0.0200507
432.5,-1.61995,2.5699,2.4444,0.0200507
432.6,-1.62985,2.535,2.4632,0.0200507
432.7,-1.63421,2.49757,2.48242,0.0200507
432.8,-1.63286,2.45807,2.50027,0.0200507
432.9,-1.62582,2.41697,2.5151,0.0200507
433,-1.61334,2.37477,2.52547,0.0200507
433.1,-1.59584,2.33194,2.53024,0.0200507
433.2,-1.57389,2.28894,2.52854,0.0200507
433.3,-1.54817,2.24618,2.51984,0.0200507
433.4,-1.51942,2.20403,2.50391,0.0200507
433.5,-1.48846,2.16279,2.48086,0.0200507
433.6,-1.45607,2.12269,2.451,0.0200507
433.7,-1.42305,2.08389,2.4149,0.0200507
433.8,-1.3901,2.04649,2.3733,0.0200507
433.9,-1.35789,2.01051,2.32702,0.0200507
434,-1.32697,1.97594,2.27697,0.0200507
434.1,-1.29782,1.94268,2.2241,0.0200507
434.2,-1.27079,1.91059,2.16932,0.0200507
434.3,-1.24614,1.87951,2.1135,0.0200507
434.4,-1.22403,1.84924,2.05745,0.0200507
434.5,-1.2045,1.81956,2.00188,0.0200507
434.6,-1.18754,1.79022,1.94743,0.0200507
434.7,-1.17301,1.76099,1.8946,0.0200507
434.8,-1.16074,1.73164,1.84382,0.0200507
434.9,-1.15048,1.70193,1.79539,0.0200507
435,-1.14195,1.67167,1.74952,0.0200507
435.1,-1.1348,1.64065,1.70631,0.0200507
435.2,-1.12869,1.60872,1.6658,0.0200507
435.3,-1.12326,1.57575,1.62791,0.0200507
435.4,-1.11814,1.54162,1.5925,0.0200507
435.5,-1.11297,1.50626,1.55938,0.0200507
435.6,-1.10741,1.46964,1.52827,0.0200507
435.7,-1.10114,1.43175,1.49889,0.0200507
435.8,-1.09389,1.3926,1.47088,0.0200507
435.9,-1.08541,1.35225,1.44391,0.0200507
436,-1.0755,1.31077,1.4176,0.0200507
436.1,-1.064,1.26826,1.39161,0.0200507
436.2,-1.0508,1.22484,1.36559,0.0200507
436.3,-1.03583,1.18063,1.33923,0.0200507
436.4,-1.01908,1.13578,1.31225,0.0200507
436.5,-1.00055,1.09045,1.28441,0.0200507
436.6,-0.980309,1.04477,1.25553,0.0200507
436.7,-0.958433,0.998912,1.22547,0.0200507
436.8,-0.935039,0.953024,1.19414,0.0200507
436.9,-0.910258,0.907254,1.1615,0.0200507
437,-0.884242,0.861743,1.12756,0.0200507
437.1,-0.857149,0.816623,1.09239,0.0200507
437.2,-0.829145,0.772015,1.05606,0.0200507
437.3,-0.800394,0.728031,1.01872,0.0200507
437.4,-0.771061,0.684771,0.9805,0.0200507
437.5,-0.741299,0.642323,0.941583,0.0200507
437.6,-0.711255,0.600767,0.902151,0.0200507
437.7,-0.681065,0.56017,0.862394,0.0200507
437.8,-0.650849,0.520589,0.822506,0.0200507
437.9,-0.620715,0.482074,0.782676,0.0200507
438,-0.590757,0.444666,0.743088,0.0200507
438.1,-0.561055,0.4084,0.703913,0.0200507
438.2,-0.531674,0.373304,0.665313,0.0200507
438.3,-0.502669,0.339403,0.627432,0.0200507
438.4,-0.474081,0.306717,0.590402,0.0200507
438.5,-0.445941,0.275264,0.554338,0.0200507
438.6,-0.418272,0.24506,0.519338,0.0200507
438.7,-0.391089,0.21612,0.485486,0.0200507
438.8,-0.364401,0.188459,0.452852,0.0200507
438.9,-0.338211,0.162091,0.42149,0.0200507
439,-0.312521,0.137031,0.391443,0.0200507
439.1,-0.287328,0.113295,0.362743,0.0200507
439.2,-0.26263,0.0909008,0.335411,0.0200507
439.3,-0.238425,0.0698655,0.309459,0.0200507
439.4,-0.214712,0.0502089,0.284889,0.0200507
439.5,-0.19149,0.031951,0.261699,0.0200507
439.6,-0.168764,0.0151132,0.239879,0.0200507
439.7,-0.14654,-0.000283079,0.219413,0.0200507
439.8,-0.124829,-0.0142158,0.200283,0.0200507
439.9,-0.103646,-0.0266632,0.182465,0.0200507
440,-0.0830105,-0.0376044,0.165929,0.0200507
440.1,-0.062948,-0.0470194,0.150646,0.0200507
440.2,-0.0434883,-0.0548903,0.13658,0.0200507
440.3,-0.0246665,-0.0612013,0.123695,0.0200507
440.4,-0.00652344,-0.0659401,0.111949,0.0200507
440.5,0.0108951,-0.0690978,0.101299,0.0129421
440.6,0.027538,-0.0706703,0.0916969,0.03216
440.7,0.043349,-0.0706586,0.0830937,0.0498614
440.8,0.0582674,-0.0690698,0.0754356,0.0660787
440.9,0.0722276,-0.065918,0.0686661,0.0808514
441,0.0851604,-0.0612246,0.0627253,0.0941987
441.1,0.0969927,-0.0550198,0.05755,0.106141
441.2,0.107649,-0.0473428,0.0530743,0.116682
441.3,0.11705,-0.0382425,0.0492295,0.125817
441.4,0.125116,-0.0277788,0.0459446,0.133536
441.5,0.131768,-0.0160228,0.043147,0.139822
441.6,0.136924,-0.00305726,0.0407631,0.144644
441.7,0.140506,0.0110223,0.0387196,0.14797
441.8,0.142438,0.0261079,0.0369438,0.149755
441.9,0.14265,0.0420782,0.0353657,0.149951
442,0.141075,0.0587987,0.0339191,0.148497
442.1,0.137656,0.0761217,0.0325431,0.145326
442.2,0.132345,0.0938865,0.0311838,0.140363
442.3,0.125106,0.11192,0.029796,0.133526
442.4,0.115916,0.130036,0.0283452,0.124724
442.5,0.104769,0.148039,0.0268089,0.113853
442.6,0.0916772,0.165723,0.0251782,0.100809
442.7,0.0766744,0.182874,0.0234587,0.0854764
442.8,0.0598169,0.199271,0.0216719,0.0677386
442.9,0.0411861,0.214689,0.0198549,0.0474721
443,0.0208909,0.228902,0.0180602,0.0245576
443.1,-0.000931521,0.241683,0.0163547,0.0245576
443.2,-0.024114,0.252811,0.0148177,0.0245576
443.3,-0.0484593,0.262071,0.0135384,0.0245576
443.4,-0.0737398,0.269261,0.0126121,0.0245576
443.5,-0.0996986,0.274189,0.0121357,0.0245576
443.6,-0.126051,0.276686,0.0122031,0.0245576
443.7,-0.152488,0.276602,0.0128991,0.0245576
443.8,-0.178678,0.273812,0.0142942,0.0245576
443.9,-0.204273,0.26822,0.0164382,0.0245576
444,-0.228913,0.259763,0.0193554,0.0245576
444.1,-0.252233,0.24841,0.02304,0.0245576
444.2,-0.273867,0.234166,0.0274528,0.0245576
444.3,-0.293458,0.217074,0.0325193,0.0245576
444.4,-0.310667,0.197215,0.0381303,0.0245576
444.5,-0.325173,0.174708,0.0441435,0.0245576
444.6,-0.336689,0.149709,0.050388,0.0245576
444.7,-0.34496,0.12241,0.0566703,0.0245576
444.8,-0.349773,0.0930386,0.0627825,0.0245576
444.9,-0.350963,0.0618502,0.0685111,0.0245576
445,-0.34841,0.0291303,0.0736476,0.0245576
445.1,-0.342045,-0.004812,0.0779986,0.0245576
445.2,-0.33185,-0.0396471,0.081396,0.0245576
445.3,-0.317854,-0.0750291,0.0837063,0.0245576
445.4,-0.300136,-0.1106,0.0848383,0.0245576
445.5,-0.278814,-0.145993,0.0847491,0.0245576
445.6,-0.254046,-0.180838,0.0834479,0.0245576
445.7,-0.226025,-0.214762,0.0809973,0.0245576
445.8,-0.194972,-0.247397,0.077513,0.0245576
445.9,-0.161128,-0.278376,0.0731605,0.0245576
446,-0.124754,-0.307342,0.0681504,0.0245576
446.1,-0.0861216,-0.333946,0.0627319,0.0245576
446.2,-0.0455123,-0.35785,0.0571852,0.0245576
446.3,-0.00320977,-0.378726,0.0518129,0.0245576
446.4,0.0405006,-0.396262,0.0469314,0.0467119
446.5,0.0853345,-0.410154,0.0428615,0.0943778
446.6,0.13101,-0.420117,0.0399194,0.13911
446.7,0.177249,-0.425875,0.0384084,0.180952
446.8,0.223775,-0.42717,0.0386109,0.219995
446.9,0.270314,-0.423758,0.0407804,0.256349
447,0.316591,-0.41541,0.0451349,0.290133
447.1,0.36233,-0.401913,0.0518506,0.321464
447.2,0.407249,-0.383073,0.0610557,0.350453
447.3,0.451058,-0.358716,0.0728254,0.377196
447.4,0.493454,-0.328686,0.0871766,0.401776
447.5,0.534121,-0.292854,0.104063,0.424258
447.6,0.572722,-0.251117,0.123372,0.444685
447.7,0.608894,-0.203403,0.144917,0.463084
447.8,0.642251,-0.149672,0.168439,0.479455
447.9,0.672371,-0.0899274,0.193601,0.493778
448,0.698798,-0.0242144,0.219983,0.506005
448.1,0.721039,0.0473692,0.247088,0.516061
448.2,0.738557,0.124668,0.274339,0.523837
448.3,0.750773,0.207462,0.301085,0.529186
448.4,0.757067,0.295458,0.326605,0.531918
448.5,0.756775,0.388283,0.350129,0.531792
448.6,0.749197,0.485472,0.370848,0.528499
448.7,0.733603,0.586465,0.387948,0.52165
448.8,0.709242,0.690599,0.400639,0.510753
448.9,0.675361,0.797096,0.408203,0.495177
449,0.631223,0.905063,0.410052,0.474103
449.1,0.576139,1.01349,0.40579,0.446453
449.2,0.509498,1.12124,0.395293,0.410768
449.3,0.430812,1.22708,0.378793,0.365015
449.4,0.339771,1.32965,0.356959,0.306252
449.5,0.236293,1.42751,0.330979,0.230025
449.6,0.120593,1.51914,0.30262,0.12922
449.7,-0.00675427,1.60302,0.274258,0.12922
449.8,-0.144751,1.67759,0.24886,0.12922
449.9,-0.291924,1.74134,0.229909,0.12922
450,-0.446288,1.79289,0.221239,0.12922
450.1,-0.605332,1.83099,0.226802,0.12922
450.2,-0.766044,1.85463,0.250341,0.12922
450.3,-0.924976,1.86305,0.295011,0.12922
450.4,-1.07835,1.85586,0.362966,0.12922
450.5,-1.22223,1.83302,0.454978,0.12922
450.6,-1.35268,1.79491,0.570132,0.12922
450.7,-1.46602,1.74231,0.705672,0.12922
450.8,-1.55903,1.67639,0.857039,0.12922
450.9,-1.62917,1.59871,1.01813,0.12922
451,-1.67473,1.51108,1.18173,0.12922
451.1,-1.69495,1.41558,1.34015,0.12922
451.2,-1.69006,1.3144,1.48586,0.12922
451.3,-1.66119,1.20975,1.6122,0.12922
451.4,-1.61035,1.10384,1.71384,0.12922
451.5,-1.54017,0.998727,1.78719,0.12922
451.6,-1.45375,0.89627,1.83057,0.12922
451.7,-1.35445,0.798105,1.84408,0.12922
451.8,-1.24568,0.705601,1.82947,0.12922
451.9,-1.13074,0.619848,1.7897,0.12922
452,-1.01267,0.541668,1.72862,0.12922
452.1,-0.894186,0.47163,1.65055,0.12922
452.2,-0.777591,0.410072,1.55988,0.12922
452.3,-0.664789,0.357136,1.46086,0.12922
452.4,-0.557284,0.312794,1.3573,0.12922
452.5,-0.456209,0.276884,1.25252,0.12922
452.6,-0.362379,0.249135,1.14922,0.12922
452.7,-0.276331,0.229192,1.04954,0.12922
452.8,-0.198383,0.216641,0.955014,0.12922
452.9,-0.12868,0.21102,0.866677,0.12922
453,-0.0672398,0.211839,0.785122,0.12922
453.1,-0.0139871,0.218582,0.710579,0.12922
453.2,0.0312116,0.230721,0.642983,0.0363228
453.3,0.0685259,0.247714,0.582052,0.0769719
453.4,0.0981432,0.269013,0.527345,0.107289
453.5,0.120257,0.294057,0.478317,0.128899
453.6,0.135059,0.322279,0.434369,0.142905
453.7,0.142737,0.353102,0.394887,0.15003
453.8,0.143477,0.385939,0.359273,0.150715
453.9,0.137467,0.42019,0.326975,0.14515
454,0.124902,0.455246,0.297509,0.133332
454.1,0.105995,0.490487,0.270477,0.115059
454.2,0.0809857,0.525283,0.245579,0.0899252
454.3,0.0501546,0.559,0.222629,0.0573153
454.4,0.0138309,0.591002,0.201552,0.0163704
454.5,-0.0275936,0.620657,0.182389,0.0163704
454.6,-0.0736549,0.647345,0.165294,0.0163704
454.7,-0.123808,0.670465,0.150513,0.0163704
454.8,-0.177419,0.689445,0.138377,0.0163704
454.9,-0.233765,0.703756,0.129267,0.0163704
455,-0.292031,0.712918,0.123588,0.0163704
455.1,-0.351318,0.716515,0.121729,0.0163704
455.2,-0.410653,0.714206,0.124024,0.0163704
455.3,-0.469002,0.705735,0.130709,0.0163704
455.4,-0.525297,0.690942,0.141881,0.0163704
455.5,-0.578454,0.669768,0.157464,0.0163704
455.6,-0.627409,0.642263,0.177184,0.0163704
455.7,-0.671142,0.608584,0.200559,0.0163704
455.8,-0.708718,0.568999,0.226895,0.0163704
455.9,-0.739309,0.523881,0.255314,0.0163704
456,-0.762227,0.473697,0.284783,0.0163704
456.1,-0.776944,0.419004,0.314166,0.0163704
456.2,-0.783107,0.360429,0.342285,0.0163704
456.3,-0.780547,0.298663,0.367986,0.0163704
456.4,-0.769277,0.234436,0.390205,0.0163704
456.5,-0.749483,0.168507,0.408029,0.0163704
456.6,-0.721512,0.101647,0.420745,0.0163704
456.7,-0.685845,0.0346231,0.42788,0.0163704
456.8,-0.643074,-0.0318131,0.429217,0.0163704
456.9,-0.593874,-0.0969368,0.424803,0.0163704
457,-0.538975,-0.160058,0.414932,0.0163704
457.1,-0.47913,-0.220528,0.400123,0.0163704
457.2,-0.415094,-0.277743,0.381084,0.0163704
457.3,-0.347604,-0.331143,0.358672,0.0163704
457.4,-0.277356,-0.380214,0.333849,0.0163704
457.5,-0.204998,-0.424485,0.307635,0.0163704
457.6,-0.131118,-0.463524,0.281074,0.0163704
457.7,-0.056243,-0.496934,0.255196,0.0163704
457.8,0.0191638,-0.524349,0.230987,0.0225688
457.9,0.0946992,-0.545427,0.209366,0.103847
458,0.170015,-0.559848,0.191171,0.174616
458.1,0.24481,-0.56731,0.177143,0.236741
458.2,0.318824,-0.567522,0.167925,0.291708
458.3,0.391827,-0.560206,0.164049,0.340688
458.4,0.463607,-0.545088,0.165945,0.384601
458.5,0.533968,-0.521906,0.173936,0.424175
458.6,0.602709,-0.4904,0.188237,0.459986
458.7,0.669624,-0.450322,0.20896,0.492489
458.8,0.734486,-0.401429,0.236108,0.522041
458.9,0.79704,-0.343494,0.269579,0.548922
459,0.856995,-0.276303,0.309156,0.573345
459.1,0.91401,-0.199666,0.354504,0.595468
459.2,0.967686,-0.113419,0.405162,0.615398
459.3,1.01756,-0.0174348,0.460531,0.633197
459.4,1.06308,0.0883684,0.519866,0.648882
459.5,1.10363,0.204017,0.582257,0.662427
459.6,1.13847,0.32947,0.646624,0.673765
459.7,1.16676,0.464602,0.711702,0.682776
459.8,1.18755,0.60919,0.776034,0.689289
459.9,1.19975,0.762897,0.83797,0.69307
460,1.20214,0.925247,0.89568,0.693806
460.1,1.19336,1.09561,0.947175,0.691094
460.2,1.17193,1.27318,0.990355,0.684404
460.3,1.13624,1.45694,1.02308,0.673047
460.4,1.08458,1.64567,1.04328,0.65611
460.5,1.01517,1.83789,1.04913,0.632359
460.6,0.926238,2.03187,1.0392,0.600082
460.7,0.816089,2.22562,1.01277,0.556817
460.8,0.683211,2.41685,0.970136,0.49883
460.9,0.526425,2.60306,0.912904,0.420081
461,0.34506,2.78149,0.844405,0.30986
461.1,0.139163,2.94923,0.769978,0.146724
461.2,-0.0902802,3.10324,0.697179,0.146724
461.3,-0.341112,3.2405,0.635779,0.146724
461.4,-0.609802,3.35814,0.597446,0.146724
461.5,-0.891312,3.45355,0.595048,0.146724
461.6,-1.17906,3.52462,0.641488,0.146724
461.7,-1.46506,3.56983,0.74815,0.146724
461.8,-1.74023,3.5885,0.923076,0.146724
461.9,-1.99489,3.58088,1.16916,0.146724
462,-2.21948,3.5482,1.48276,0.146724
462.1,-2.40532,3.49272,1.85303,0.146724
462.2,-2.54545,3.4176,2.26241,0.146724
462.3,-2.63529,3.3268,2.68822,0.146724
462.4,-2.67309,3.22478,3.10515,0.146724
462.5,-2.66012,3.11625,3.48837,0.146724
462.6,-2.60045,3.00591,3.81639,0.146724
462.7,-2.50049,2.89814,4.07339,0.146724
462.8,-2.36829,2.79681,4.25041,0.146724
462.9,-2.21283,2.7051,4.34553,0.146724
463,-2.0432,2.62542,4.36292,0.146724
463.1,-1.86808,2.55941,4.31143,0.146724
463.2,-1.69519,2.50792,4.2028,0.146724
463.3,-1.53107,2.47111,4.04997,0.146724
463.4,-1.38094,2.44858,3.86577,0.146724
463.5,-1.24873,2.43941,3.66186,0.146724
463.6,-1.13717,2.44229,3.4483,0.146724
463.7,-1.04793,2.45563,3.23326,0.146724
463.8,-0.981771,2.47764,3.02314,0.146724
463.9,-0.938726,2.50638,2.82279,0.146724
464,-0.918199,2.53986,2.63585,0.146724
464.1,-0.91908,2.57606,2.46503,0.146724
464.2,-0.939823,2.613,2.31241,0.146724
464.3,-0.978495,2.64878,2.17972,0.146724
464.4,-1.03282,2.68161,2.06841,0.146724
464.5,-1.10023,2.70986,1.97978,0.146724
464.6,-1.17785,2.73211,1.91487,0.146724
464.7,-1.26262,2.74715,1.87445,0.146724
464.8,-1.35129,2.75404,1.85883,0.146724
464.9,-1.44055,2.75213,1.86765,0.146724
465,-1.5271,2.74108,1.89981,0.146724
465.1,-1.60778,2.72086,1.95326,0.146724
465.2,-1.67971,2.69175,2.02499,0.146724
465.3,-1.74038,2.65433,2.1111,0.146724
465.4,-1.78778,2.60942,2.20689,0.146724
465.5,-1.82052,2.55809,2.30716,0.146724
465.6,-1.83783,2.50156,2.40652,0.146724
465.7,-1.83961,2.44114,2.49969,0.146724
465.8,-1.8264,2.37821,2.58194,0.146724
465.9,-1.79932,2.31412,2.64929,0.146724
466,-1.75997,2.25017,2.69879,0.146724
466.1,-1.7103,2.18751,2.72861,0.146724
466.2,-1.65251,2.12717,2.73804,0.146724
466.3,-1.5889,2.06997,2.72743,0.146724
466.4,-1.52177,2.01657,2.69801,0.146724
466.5,-1.45331,1.96739,2.65172,0.146724
466.6,-1.38554,1.9227,2.59095,0.146724
466.7,-1.32021,1.88255,2.51839,0.146724
466.8,-1.25882,1.84685,2.43678,0.146724
466.9,-1.20257,1.81537,2.34883,0.146724
467,-1.15238,1.78774,2.25705,0.146724
467.1,-1.10887,1.7635,2.16373,0.146724
467.2,-1.07242,1.74212,2.07084,0.146724
467.3,-1.04313,1.72303,1.98009,0.146724
467.4,-1.02094,1.70559,1.89287,0.146724
467.5,-1.00556,1.68919,1.81031,0.146724
467.6,-0.996545,1.67319,1.73329,0.146724
467.7,-0.993325,1.657,1.66246,0.146724
467.8,-0.995207,1.64005,1.59825,0.146724
467.9,-1.00141,1.6218,1.54095,0.146724
468,-1.01109,1.6018,1.49063,0.146724
468.1,-1.02334,1.57964,1.44723,0.146724
468.2,-1.03726,1.555,1.41053,0.146724
468.3,-1.05193,1.52762,1.38016,0.146724
468.4,-1.06646,1.49733,1.35562,0.146724
468.5,-1.08,1.46404,1.33628,0.146724
468.6,-1.09176,1.42774,1.32138,0.146724
468.7,-1.10105,1.3885,1.3101,0.146724
468.8,-1.10726,1.34644,1.30151,0.146724
468.9,-1.10989,1.30176,1.29468,0.146724
469,-1.10857,1.25473,1.28863,0.146724
469.1,-1.10305,1.20563,1.28243,0.146724
469.2,-1.09319,1.1548,1.27521,0.146724
469.3,-1.07898,1.10259,1.26616,0.146724
469.4,-1.06053,1.04938,1.25461,0.146724
469.5,-1.03802,0.99555,1.24002,0.146724
469.6,-1.01174,0.941458,1.222,0.146724
469.7,-0.982035,0.887464,1.20029,0.146724
469.8,-0.949313,0.833905,1.17481,0.146724
469.9,-0.914004,0.781091,1.1456,0.146724
470,-0.876563,0.729302,1.11285,0.146724
470.1,-0.837447,0.678786,1.07682,0.146724
470.2,-0.797103,0.629757,1.03788,0.146724
470.3,-0.75596,0.582395,0.996466,0.146724
470.4,-0.714417,0.536848,0.953043,0.146724
470.5,-0.672836,0.49323,0.9081,0.146724
470.6,-0.631544,0.451628,0.862127,0.146724
470.7,-0.590824,0.4121,0.815599,0.146724
470.8,-0.550918,0.374681,0.768966,0.146724
470.9,-0.512028,0.339386,0.722639,0.146724
471,-0.474316,0.30621,0.676988,0.146724
471.1,-0.437909,0.275135,0.632336,0.146724
471.2,-0.402902,0.246129,0.588957,0.146724
471.3,-0.369361,0.219152,0.547078,0.146724
471.4,-0.337327,0.194155,0.50688,0.146724
471.5,-0.30682,0.171084,0.468499,0.146724
471.6,-0.277842,0.14988,0.432034,0.146724
471.7,-0.250383,0.130483,0.397547,0.146724
471.8,-0.22442,0.112831,0.365068,0.146724
471.9,-0.199924,0.0968609,0.334603,0.146724
472,-0.176859,0.0825112,0.306132,0.146724
472.1,-0.155187,0.0697197,0.279617,0.146724
472.2,-0.134866,0.0584256,0.255005,0.146724
472.3,-0.115858,0.0485692,0.23223,0.146724
472.4,-0.0981215,0.0400916,0.211217,0.146724
472.5,-0.0816206,0.0329349,0.191884,0.146724
472.6,-0.0663207,0.027042,0.174143,0.146724
472.7,-0.0521905,0.0223561,0.157905,0.146724
472.8,-0.0392023,0.0188206,0.143076,0.146724
472.9,-0.0273319,0.0163786,0.129566,0.146724
473,-0.0165585,0.0149728,0.117282,0.146724
473.1,-0.00686475,0.0145445,0.106135,0.146724
473.2,0.00176386,0.0150341,0.0960358,0.146724
473.3,0.00933916,0.0163799,0.0869003,0.146724
473.4,0.0158709,0.0185183,0.0786465,0.0187473
473.5,0.0213673,0.0213835,0.071196,0.0251058
473.6,0.0258358,0.0249068,0.0644745,0.0302266
473.7,0.0292833,0.0290171,0.0584119,0.0341392
473.8,0.0317174,0.03364,0.0529424,0.0368914
473.9,0.033147,0.0386983,0.048005,0.0384983
474,0.0335827,0.044112,0.0435432,0.0389932
474.1,0.0330383,0.0497979,0.0395056,0.0383767
474.2,0.0315306,0.0556704,0.0358458,0.036682
474.3,0.0290813,0.0616413,0.0325224,0.0339166
474.4,0.0257166,0.0676204,0.0294992,0.030086
474.5,0.0214688,0.0735159,0.0267453,0.0252228
474.6,0.0163764,0.0792347,0.0242345,0.0193332
474.7,0.0104851,0.0846835,0.0219458,0.0124571
474.8,0.00384785,0.0897691,0.0198626,0.0124571
474.9,-0.00347456,0.0943995,0.0179729,0.0124571
475,-0.0114131,0.0984845,0.0162683,0.0124571
475.1,-0.0198907,0.101937,0.0147441,0.0124571
475.2,-0.0288219,0.104673,0.0133983,0.0124571
475.3,-0.0381132,0.106614,0.0122309,0.0124571
475.4,-0.0476637,0.107689,0.0112433,0.0124571
475.5,-0.0573651,0.10783,0.0104372,0.0124571
475.6,-0.0671031,0.106981,0.00981431,0.0124571
475.7,-0.0767577,0.105093,0.00937473,0.0124571
475.8,-0.0862048,0.102128,0.00911669,0.0124571
475.9,-0.0953171,0.0980575,0.00903557,0.0124571
476,-0.103966,0.0928668,0.00912334,0.0124571
476.1,-0.112023,0.086552,0.00936802,0.0124571
476.2,-0.119361,0.0791227,0.00975347,0.0124571
476.3,-0.125857,0.0706019,0.0102592,0.0124571
476.4,-0.131391,0.061026,0.0108608,0.0124571
476.5,-0.135854,0.0504453,0.0115298,0.0124571
476.6,-0.139142,0.0389233,0.0122352,0.0124571
476.7,-0.141163,0.0265371,0.0129435,0.0124571
476.8,-0.141836,0.0133765,0.0136204,0.0124571
476.9,-0.141094,-0.000456429,0.0142317,0.0124571
477,-0.138883,-0.0148482,0.0147451,0.0124571
477.1,-0.135165,-0.0296748,0.0151313,0.0124571
477.2,-0.129916,-0.0448026,0.0153654,0.0124571
477.3,-0.123131,-0.0600897,0.0154287,0.0124571
477.4,-0.114819,-0.0753871,0.0153093,0.0124571
477.5,-0.105003,-0.0905396,0.0150037,0.0124571
477.6,-0.0937261,-0.105388,0.014517,0.0124571
477.7,-0.0810433,-0.119769,0.0138636,0.0124571
477.8,-0.0670254,-0.133518,0.0130673,0.0124571
477.9,-0.0517564,-0.146471,0.012161,0.0124571
478,-0.0353333,-0.158462,0.0111859,0.0124571
478.1,-0.0178649,-0.16933,0.0101909,0.0124571
478.2,0.000529298,-0.178916,0.0092308,0.0124571
478.3,0.0197197,-0.187065,0.00836524,0.0232058
478.4,0.0395678,-0.19363,0.00765659,0.0456746
478.5,0.0599269,-0.198469,0.00716803,0.0678555
478.6,0.0806427,-0.201449,0.0069614,0.0895724
478.7,0.101554,-0.202446,0.00709501,0.110678
478.8,0.122494,-0.201347,0.00762137,0.131039
478.9,0.143289,-0.19805,0.00858499,0.15054
479,0.163761,-0.192467,0.0100203,0.169077
479.1,0.183724,-0.184522,0.0119497,0.18656
479.2,0.202991,-0.174157,0.0143817,0.202908
479.3,0.221366,-0.161328,0.0173095,0.218043
479.4,0.238651,-0.146011,0.0207098,0.231893
479.5,0.254642,-0.128201,0.0245419,0.244388
479.6,0.26913,-0.107912,0.0287474,0.255455
479.7,0.281902,-0.0851823,0.0332503,0.265019
479.8,0.292744,-0.0600742,0.0379574,0.273
479.9,0.301435,-0.0326744,0.0427599,0.27931
480,0.307757,-0.00309723,0.0475352,0.283852
480.1,0.311489,0.0285148,0.0521497,0.286515
480.2,0.312412,0.0619894,0.0564624,0.287171
480.3,0.310313,0.0971231,0.0603294,0.285677
480.4,0.304986,0.13368,0.0636092,0.281867
480.5,0.296236,0.171393,0.0661687,0.275546
480.6,0.283885,0.209961,0.0678909,0.266488
480.7,0.267774,0.24905,0.0686822,0.254429
480.8,0.247773,0.288294,0.0684806,0.239057
480.9,0.223785,0.327297,0.0672647,0.220003
481,0.195755,0.365635,0.0650615,0.196827
481.1,0.163677,0.402858,0.0619542,0.169003
481.2,0.127602,0.438496,0.058088,0.135894
481.3,0.0876465,0.472064,0.0536748,0.0967301
481.4,0.0440008,0.503066,0.0489936,0.0505852
481.5,-0.00306347,0.531006,0.0443882,0.0505852
481.6,-0.0531883,0.555393,0.0402603,0.0505852
481.7,-0.105925,0.575753,0.0370571,0.0505852
481.8,-0.160732,0.591639,0.035254,0.0505852
481.9,-0.216976,0.602641,0.0353318,0.0505852
482,-0.273941,0.608396,0.0377497,0.0505852
482.1,-0.330829,0.608602,0.042914,0.0505852
482.2,-0.386783,0.603026,0.0511462,0.0505852
482.3,-0.440898,0.591511,0.0626508,0.0505852
482.4,-0.492243,0.573989,0.0774874,0.0505852
482.5,-0.539891,0.550485,0.0955488,0.0505852
482.6,-0.582937,0.521115,0.116548,0.0505852
482.7,-0.620533,0.486096,0.140017,0.0505852
482.8,-0.651913,0.445736,0.165318,0.0505852
482.9,-0.676417,0.400434,0.19167,0.0505852
483,-0.693512,0.350669,0.218182,0.0505852
483.1,-0.70281,0.296994,0.243903,0.0505852
483.2,-0.704078,0.240019,0.267874,0.0505852
483.3,-0.69724,0.180406,0.289183,0.0505852
483.4,-0.682374,0.118847,0.307017,0.0505852
483.5,-0.659703,0.0560558,0.320713,0.0505852
483.6,-0.62958,-0.00724783,0.32979,0.0505852
483.7,-0.592466,-0.0703484,0.333975,0.0505852
483.8,-0.54891,-0.132546,0.333218,0.0505852
483.9,-0.499525,-0.193164,0.327683,0.0505852
484,-0.444962,-0.251558,0.317741,0.0505852
484.1,-0.385889,-0.307115,0.303944,0.0505852
484.2,-0.322969,-0.359262,0.28699,0.0505852
484.3,-0.256848,-0.407462,0.267695,0.0505852
484.4,-0.188135,-0.451217,0.246952,0.0505852
484.5,-0.117395,-0.490062,0.225699,0.0505852
484.6,-0.0451458,-0.523563,0.204883,0.0505852
484.7,0.0281484,-0.551317,0.185435,0.0328546
484.8,0.102075,-0.572942,0.168242,0.111194
484.9,0.176272,-0.588079,0.154135,0.180101
485,0.250419,-0.596383,0.143868,0.241119
485.1,0.324234,-0.597525,0.138112,0.295503
485.2,0.397466,-0.591184,0.137449,0.34428
485.3,0.469887,-0.577047,0.142365,0.388264
485.4,0.541278,-0.55481,0.153248,0.42811
485.5,0.611427,-0.524174,0.170392,0.464346
485.6,0.680116,-0.484846,0.193985,0.497394
485.7,0.747112,-0.436542,0.224118,0.527589
485.8,0.812158,-0.378989,0.260773,0.555198
485.9,0.874961,-0.311926,0.303822,0.580427
486,0.935187,-0.235112,0.353018,0.603431
486.1,0.992447,-0.148332,0.407986,0.624318
486.2,1.04629,-0.0514009,0.468215,0.643155
486.3,1.09618,0.0558253,0.533038,0.659967
486.4,1.14151,0.173439,0.601623,0.674741
486.5,1.18156,0.301469,0.672952,0.687422
486.6,1.21551,0.439868,0.74581,0.697911
486.7,1.24241,0.588494,0.818771,0.70606
486.8,1.26118,0.747095,0.890188,0.711663
486.9,1.2706,0.915288,0.958192,0.714449
487,1.26928,1.09254,1.02071,0.71406
487.1,1.2557,1.27813,1.07549,0.710032
487.2,1.22817,1.47115,1.12017,0.701762
487.3,1.18487,1.67046,1.15235,0.688455
487.4,1.12389,1.87466,1.16976,0.669053
487.5,1.04323,2.0821,1.17044,0.642104
487.6,0.94091,2.29082,1.153,0.605561
487.7,0.815073,2.49856,1.11692,0.556399
487.8,0.664102,2.70279,1.06299,0.489888
487.9,0.486809,2.90068,0.993681,0.398005
488,0.282653,3.08917,0.913575,0.265576
488.1,0.0519844,3.26503,0.829731,0.0593052
488.2,-0.20368,3.42497,0.75184,0.0593052
488.3,-0.481398,3.56573,0.692113,0.0593052
488.4,-0.776587,3.68431,0.664739,0.0593052
488.5,-1.0829,3.77806,0.684829,0.0593052
488.6,-1.39227,3.84498,0.766809,0.0593052
488.7,-1.69514,3.88385,0.922368,0.0593052
488.8,-1.98094,3.89443,1.15823,0.0593052
488.9,-2.23879,3.87758,1.47413,0.0593052
489,-2.45839,3.83529,1.86156,0.0593052
489.1,-2.63096,3.77063,2.3036,0.0593052
489.2,-2.75015,3.68763,2.77628,0.0593052
489.3,-2.8127,3.59103,3.25112,0.0593052
489.4,-2.81876,3.48594,3.69872,0.0593052
489.5,-2.77184,3.37758,4.09235,0.0593052
489.6,-2.67837,3.27091,4.41111,0.0593052
489.7,-2.54695,3.17037,4.64189,0.0593052
489.8,-2.3875,3.07966,4.7799,0.0593052
489.9,-2.21033,3.00164,4.82803,0.0593052
490,-2.02541,2.93826,4.79517,0.0593052
490.1,-1.84175,2.8906,4.69418,0.0593052
490.2,-1.66701,2.85894,4.53978,0.0593052
490.3,-1.50738,2.84285,4.34685,0.0593052
490.4,-1.36752,2.84133,4.12917,0.0593052
490.5,-1.25068,2.85293,3.89867,0.0593052
490.6,-1.15885,2.87584,3.66519,0.0593052
490.7,-1.09295,2.90803,3.43648,0.0593052
490.8,-1.05303,2.9473,3.21853,0.0593052
490.9,-1.03836,2.99139,3.01587,0.0593052
491,-1.04759,3.03802,2.83203,0.0593052
491.1,-1.07885,3.08495,2.66981,0.0593052
491.2,-1.12976,3.13006,2.53158,0.0593052
491.3,-1.19755,3.17137,2.4194,0.0593052
491.4,-1.27904,3.20713,2.33506,0.0593052
491.5,-1.37075,3.23582,2.27998,0.0593052
491.6,-1.46892,3.25621,2.25505,0.0593052
491.7,-1.56966,3.26742,2.26042,0.0593052
491.8,-1.66902,3.26891,2.29527,0.0593052
491.9,-1.76314,3.26052,2.35762,0.0593052
492,-1.84846,3.24246,2.44418,0.0593052
492.1,-1.92184,3.21532,2.55043,0.0593052
492.2,-1.9807,3.17997,2.67075,0.0593052
492.3,-2.02319,3.1376,2.79867,0.0593052
492.4,-2.04827,3.08958,2.92738,0.0593052
492.5,-2.0557,3.03743,3.05009,0.0593052
492.6,-2.04606,2.98271,3.1606,0.0593052
492.7,-2.02067,2.927,3.25369,0.0593052
492.8,-1.98145,2.87175,3.32541,0.0593052
492.9,-1.93079,2.81829,3.37326,0.0593052
493,-1.87138,2.76776,3.39626,0.0593052
493.1,-1.80604,2.72105,3.39477,0.0593052
493.2,-1.73756,2.67884,3.37035,0.0593052
493.3,-1.66858,2.64152,3.32546,0.0593052
493.4,-1.60152,2.60929,3.26319,0.0593052
493.5,-1.53844,2.5821,3.18697,0.0593052
493.6,-1.48105,2.5597,3.10033,0.0593052
493.7,-1.43069,2.5417,3.00673,0.0593052
493.8,-1.3883,2.52753,2.90939,0.0593052
493.9,-1.35445,2.51656,2.81124,0.0593052
494,-1.32939,2.50805,2.71484,0.0593052
494.1,-1.31302,2.50123,2.62239,0.0593052
494.2,-1.30499,2.4953,2.53572,0.0593052
494.3,-1.3047,2.4895,2.45628,0.0593052
494.4,-1.31133,2.48307,2.38523,0.0593052
494.5,-1.32391,2.47532,2.32338,0.0593052
494.6,-1.34133,2.46563,2.27123,0.0593052
494.7,-1.36238,2.45346,2.22899,0.0593052
494.8,-1.3858,2.43837,2.19657,0.0593052
494.9,-1.41032,2.42004,2.17359,0.0593052
495,-1.43469,2.39826,2.15938,0.0593052
495.1,-1.45771,2.37292,2.15302,0.0593052
495.2,-1.47832,2.34403,2.15334,0.0593052
495.3,-1.49556,2.31171,2.15896,0.0593052
495.4,-1.50864,2.27617,2.16836,0.0593052
495.5,-1.51695,2.23771,2.17994,0.0593052
495.6,-1.52009,2.19668,2.19206,0.0593052
495.7,-1.51784,2.1535,2.20315,0.0593052
495.8,-1.51019,2.10862,2.21174,0.0593052
495.9,-1.4973,2.06248,2.21654,0.0593052
496,-1.47951,2.01556,2.2165,0.0593052
496.1,-1.45729,1.96828,2.21081,0.0593052
496.2,-1.43121,1.92105,2.19895,0.0593052
496.3,-1.40194,1.87425,2.18066,0.0593052
496.4,-1.37017,1.82819,2.15595,0.0593052
496.5,-1.33663,1.78311,2.12506,0.0593052
496.6,-1.30201,1.73923,2.08842,0.0593052
496.7,-1.267,1.69667,2.04664,0.0593052
496.8,-1.23222,1.65551,2.0004,0.0593052
496.9,-1.1982,1.61578,1.95049,0.0593052
497,-1.16541,1.57743,1.89771,0.0593052
497.1,-1.13425,1.5404,1.84285,0.0593052
497.2,-1.10501,1.50458,1.78669,0.0593052
497.3,-1.07788,1.46981,1.72995,0.0593052
497.4,-1.05301,1.43592,1.67328,0.0593052
497.5,-1.03042,1.40273,1.61724,0.0593052
497.6,-1.01008,1.37004,1.56233,0.0593052
497.7,-0.991918,1.33765,1.50895,0.0593052
497.8,-0.975767,1.30536,1.45741,0.0593052
497.9,-0.961435,1.27297,1.40795,0.0593052
498,-0.948688,1.24031,1.36073,0.0593052
498.1,-0.93726,1.20722,1.31582,0.0593052
498.2,-0.926869,1.17354,1.27325,0.0593052
498.3,-0.917218,1.13916,1.23297,0.0593052
498.4,-0.908008,1.10398,1.19488,0.0593052
498.5,-0.898942,1.06794,1.15883,0.0593052
498.6,-0.889735,1.03098,1.12466,0.0593052
498.7,-0.880119,0.993086,1.09215,0.0593052
498.8,-0.869844,0.954269,1.06107,0.0593052
498.9,-0.858688,0.914559,1.03118,0.0593052
499,-0.84646,0.874009,1.00222,0.0593052
499.1,-0.832997,0.832696,0.973953,0.0593052
499.2,-0.818171,0.790714,0.946132,0.0593052
499.3,-0.801887,0.748173,0.918537,0.0593052
499.4,-0.784083,0.705197,0.890967,0.0593052
499.5,-0.764728,0.661923,0.863248,0.0593052
499.6,-0.743823,0.618493,0.835237,0.0593052
499.7,-0.721393,0.575058,0.806824,0.0593052
499.8,-0.69749,0.531772,0.777934,0.0593052
499.9,-0.672188,0.488789,0.748528,0.0593052
500,-0.645575,0.446264,0.7186,0.0593052
500.1,-0.617758,0.404351,0.688176,0.0593052
500.2,-0.58885,0.363197,0.657313,0.0593052
500.3,-0.558976,0.322948,0.626094,0.0593052
500.4,-0.528264,0.283742,0.594623,0.0593052
500.5,-0.496844,0.245712,0.563025,0.0593052
500.6,-0.464845,0.208985,0.531437,0.0593052
500.7,-0.432396,0.173681,0.500004,0.0593052
500.8,-0.399621,0.139911,0.46888,0.0593052
500.9,-0.366641,0.107782,0.438219,0.0593052
501,-0.333571,0.0773926,0.408172,0.0593052
501.1,-0.300521,0.0488366,0.378886,0.0593052
501.2,-0.267595,0.0222,0.350502,0.0593052
501.3,-0.234893,-0.00243655,0.323149,0.0593052
501.4,-0.202509,-0.0249982,0.296945,0.0593052
501.5,-0.170534,-0.045416,0.271995,0.0593052
501.6,-0.139055,-0.0636264,0.24839,0.0593052
501.7,-0.108159,-0.0795713,0.226207,0.0593052
501.8,-0.0779275,-0.0931988,0.205506,0.0593052
501.9,-0.0484456,-0.104462,0.186332,0.0593052
502,-0.0197968,-0.113322,0.168716,0.0593052
502.1,0.00793308,-0.119744,0.15267,0.0593052
502.2,0.034656,-0.123702,0.138191,0.0401955
502.3,0.0602807,-0.125178,0.125263,0.0682333
502.4,0.0847117,-0.124162,0.113852,0.0937414
502.5,0.107849,-0.120653,0.103909,0.116878
502.6,0.129588,-0.114663,0.0953729,0.13777
502.7,0.149819,-0.106211,0.0881654,0.156521
502.8,0.168424,-0.0953338,0.0821966,0.173213
502.9,0.185283,-0.0820785,0.077363,0.187902
503,0.200269,-0.0665088,0.0735498,0.200629
503.1,0.21325,-0.0487051,0.0706311,0.211412
503.2,0.224091,-0.028765,0.0684724,0.220251
503.3,0.232651,-0.00680574,0.0669316,0.227127
503.4,0.238791,0.0170353,0.0658618,0.232004
503.5,0.24237,0.0425994,0.0651137,0.234826
503.6,0.243248,0.0697049,0.0645387,0.235516
503.7,0.241293,0.0981473,0.063993,0.233978
503.8,0.236377,0.127698,0.0633414,0.230092
503.9,0.228385,0.158104,0.0624616,0.223711
504,0.217218,0.189089,0.0612499,0.214664
504.1,0.202794,0.220353,0.059626,0.202744
504.2,0.185059,0.251572,0.0575379,0.18771
504.3,0.163984,0.282404,0.0549678,0.169276
504.4,0.139581,0.312486,0.0519361,0.147117
504.5,0.111899,0.341441,0.0485053,0.12083
504.6,0.0810346,0.368878,0.0447826,0.0899755
504.7,0.0471385,0.394402,0.0409205,0.0540234
504.8,0.0104171,0.417614,0.0371155,0.0123751
504.9,-0.0288611,0.438117,0.033604,0.0123751
505,-0.0703636,0.455527,0.0306557,0.0123751
505.1,-0.113692,0.469478,0.0285633,0.0123751
505.2,-0.158381,0.479628,0.0276293,0.0123751
505.3,-0.203906,0.485668,0.0281505,0.0123751
505.4,-0.249681,0.487332,0.0303996,0.0123751
505.5,-0.295074,0.484401,0.0346059,0.0123751
505.6,-0.339411,0.476714,0.0409351,0.0123751
505.7,-0.381994,0.464168,0.0494716,0.0123751
505.8,-0.422114,0.446732,0.0602029,0.0123751
505.9,-0.459069,0.424443,0.0730081,0.0123751
506,-0.492181,0.397412,0.0876532,0.0123751
506.1,-0.520818,0.365821,0.103793,0.0123751
506.2,-0.544408,0.329927,0.12098,0.0123751
506.3,-0.562458,0.290051,0.138684,0.0123751
506.4,-0.574564,0.246579,0.15631,0.0123751
506.5,-0.580429,0.199951,0.173236,0.0123751
506.6,-0.579863,0.150658,0.188839,0.0123751
506.7,-0.572786,0.0992261,0.20253,0.0123751
506.8,-0.55923,0.0462132,0.213791,0.0123751
506.9,-0.539332,-0.00780377,0.222197,0.0123751
507,-0.513321,-0.0622367,0.227448,0.0123751
507.1,-0.481512,-0.116495,0.229376,0.0123751
507.2,-0.444284,-0.169995,0.227961,0.0123751
507.3,-0.402072,-0.222163,0.223327,0.0123751
507.4,-0.355348,-0.272444,0.215738,0.0123751
507.5,-0.304602,-0.320303,0.205583,0.0123751
507.6,-0.250337,-0.365229,0.193359,0.0123751
507.7,-0.193048,-0.406735,0.179652,0.0123751
507.8,-0.133217,-0.444362,0.165107,0.0123751
507.9,-0.0713032,-0.477674,0.150413,0.0123751
508,-0.00773873,-0.506257,0.136277,0.0123751
508.1,0.0570749,-0.52972,0.123402,0.0648
508.2,0.122768,-0.547693,0.112471,0.1313
508.3,0.188999,-0.559821,0.104131,0.191087
508.4,0.255458,-0.565765,0.0989791,0.245018
508.5,0.321855,-0.565199,0.0975554,0.293838
508.6,0.387922,-0.557811,0.100332,0.338183
508.7,0.4534,-0.543297,0.107706,0.378586
508.8,0.518039,-0.521365,0.119998,0.415489
508.9,0.581587,-0.491733,0.137444,0.449259
509,0.643785,-0.454133,0.160192,0.480195
509.1,0.704357,-0.408307,0.1883,0.508538
509.2,0.763002,-0.354015,0.221725,0.534481
509.3,0.819388,-0.291038,0.260323,0.558171
509.4,0.873142,-0.219181,0.303835,0.579715
509.5,0.923841,-0.138279,0.351884,0.59918
509.6,0.971003,-0.0482058,0.403962,0.616603
509.7,1.01408,0.0511191,0.45942,0.631976
509.8,1.05244,0.15972,0.517456,0.645261
509.9,1.08537,0.277552,0.577105,0.656375
510,1.11206,0.404493,0.637234,0.665196
510.1,1.1316,0.540324,0.696529,0.671549
510.2,1.14294,0.684715,0.753506,0.6752
510.3,1.14495,0.837208,0.806516,0.675844
510.4,1.13636,0.997198,0.853771,0.673086
510.5,1.11579,1.16391,0.893388,0.666414
510.6,1.08175,1.33639,0.923458,0.655164
510.7,1.03267,1.51348,0.942144,0.63846
510.8,0.966938,1.69377,0.947819,0.615126
510.9,0.882948,1.87566,0.939248,0.583543
511,0.779168,2.05727,0.91581,0.541394
511.1,0.654248,2.23648,0.877771,0.485211
511.2,0.507145,2.41094,0.826574,0.40946
511.3,0.337274,2.57812,0.765147,0.30454
511.4,0.144697,2.73529,0.698166,0.151835
511.5,-0.06969,2.87964,0.632225,0.151835
511.6,-0.30395,3.00839,0.575832,0.151835
511.7,-0.554935,3.11883,0.539155,0.151835
511.8,-0.818161,3.20853,0.533435,0.151835
511.9,-1.08778,3.27545,0.570033,0.151835
512,-1.35668,3.31814,0.659131,0.151835
512.1,-1.61674,3.33581,0.808207,0.151835
512.2,-1.85926,3.32854,1.02049,0.151835
512.3,-2.07551,3.29729,1.29371,0.151835
512.4,-2.25748,3.24394,1.61946,0.151835
512.5,-2.39849,3.17123,1.98337,0.151835
512.6,-2.49388,3.08262,2.36634,0.151835
512.7,-2.54144,2.98211,2.74648,0.151835
512.8,-2.54159,2.874,3.10167,0.151835
512.9,-2.49729,2.76263,3.41209,0.151835
513,-2.41374,2.65213,3.66231,0.151835
513.1,-2.29775,2.54625,3.84264,0.151835
513.2,-2.15717,2.44816,3.94951,0.151835
513.3,-2.00021,2.36035,3.98494,0.151835
513.4,-1.83483,2.28463,3.95548,0.151835
513.5,-1.66832,2.2221,3.87072,0.151835
513.6,-1.50703,2.17323,3.74185,0.151835
513.7,-1.35614,2.1379,3.58035,0.151835
513.8,-1.2197,2.11553,3.39702,0.151835
513.9,-1.10065,2.10513,3.20139,0.151835
514,-1.00095,2.10544,3.0014,0.151835
514.1,-0.921698,2.11496,2.80333,0.151835
514.2,-0.863297,2.13203,2.61201,0.151835
514.3,-0.825551,2.15491,2.43099,0.151835
514.4,-0.807785,2.18181,2.26285,0.151835
514.5,-0.808926,2.21094,2.10946,0.151835
514.6,-0.827558,2.24054,1.97224,0.151835
514.7,-0.861969,2.26894,1.85232,0.151835
514.8,-0.910178,2.29454,1.75067,0.151835
514.9,-0.969963,2.3159,1.66814,0.151835
515,-1.03888,2.33174,1.60542,0.151835
515.1,-1.11433,2.34097,1.56303,0.151835
515.2,-1.19354,2.34272,1.54116,0.151835
515.3,-1.27369,2.33636,1.53953,0.151835
515.4,-1.35197,2.32154,1.55732,0.151835
515.5,-1.42565,2.29813,1.59301,0.151835
515.6,-1.4922,2.26632,1.64435,0.151835
515.7,-1.54936,2.2265,1.70837,0.151835
515.8,-1.59527,2.17935,1.78148,0.151835
515.9,-1.62854,2.1257,1.85964,0.151835
516,-1.64828,2.06657,1.93854,0.151835
516.1,-1.65412,2.00309,2.0139,0.151835
516.2,-1.64626,1.93646,2.08173,0.151835
516.3,-1.62537,1.86789,2.13854,0.151835
516.4,-1.59257,1.79856,2.1816,0.151835
516.5,-1.5493,1.72958,2.20899,0.151835
516.6,-1.49729,1.66197,2.21968,0.151835
516.7,-1.4384,1.59659,2.21351,0.151835
516.8,-1.37455,1.53417,2.19109,0.151835
516.9,-1.30763,1.47526,2.15367,0.151835
517,-1.23944,1.42027,2.10297,0.151835
517.1,-1.1716,1.36946,2.04103,0.151835
517.2,-1.10557,1.32291,1.97004,0.151835
517.3,-1.04255,1.2806,1.89221,0.151835
517.4,-0.983539,1.24239,1.80966,0.151835
517.5,-0.929313,1.20804,1.72437,0.151835
517.6,-0.880425,1.17722,1.63806,0.151835
517.7,-0.837233,1.14954,1.55224,0.151835
517.8,-0.799916,1.12457,1.46818,0.151835
517.9,-0.768495,1.10185,1.38688,0.151835
518,-0.74285,1.0809,1.30915,0.151835
518.1,-0.722747,1.06121,1.23559,0.151835
518.2,-0.707847,1.04231,1.16662,0.151835
518.3,-0.697731,1.02372,1.10255,0.151835
518.4,-0.691909,1.00499,1.04352,0.151835
518.5,-0.689836,0.9857,0.989594,0.151835
518.6,-0.690929,0.965469,0.940749,0.151835
518.7,-0.694572,0.943954,0.896873,0.151835
518.8,-0.700133,0.92086,0.857791,0.151835
518.9,-0.706973,0.895941,0.823263,0.151835
519,-0.714459,0.869004,0.792992,0.151835
519.1,-0.721973,0.839913,0.766629,0.151835
519.2,-0.728924,0.808583,0.743775,0.151835
519.3,-0.734757,0.774986,0.723987,0.151835
519.4,-0.738963,0.739147,0.706787,0.151835
519.5,-0.741087,0.701141,0.691671,0.151835
519.6,-0.740736,0.661092,0.67812,0.151835
519.7,-0.737584,0.619165,0.665612,0.151835
519.8,-0.731374,0.575566,0.653637,0.151835
519.9,-0.72192,0.530531,0.641711,0.151835
520,-0.709112,0.484327,0.629389,0.151835
520.1,-0.692905,0.43724,0.61628,0.151835
520.2,-0.673322,0.389573,0.602059,0.151835
520.3,-0.650444,0.341638,0.586469,0.151835
520.4,-0.624409,0.293754,0.569335,0.151835
520.5,-0.595395,0.246238,0.550561,0.151835
520.6,-0.563622,0.199402,0.530129,0.151835
520.7,-0.529336,0.153554,0.508101,0.151835
520.8,-0.492805,0.108987,0.484602,0.151835
520.9,-0.454308,0.0659829,0.459823,0.151835
521,-0.414132,0.0248097,0.434004,0.151835
521.1,-0.372564,-0.0142815,0.407422,0.151835
521.2,-0.329884,-0.0510555,0.380386,0.151835
521.3,-0.286364,-0.0852935,0.35322,0.151835
521.4,-0.242266,-0.116793,0.326253,0.151835
521.5,-0.197835,-0.145366,0.299815,0.151835
521.6,-0.153305,-0.170842,0.274221,0.151835
521.7,-0.108893,-0.193061,0.249767,0.151835
521.8,-0.0648055,-0.21188,0.226725,0.151835
521.9,-0.0212347,-0.227168,0.205337,0.151835
522,0.021636,-0.238807,0.185811,0.0254143
522.1,0.0636314,-0.246689,0.168319,0.0718001
522.2,0.104581,-0.25072,0.152995,0.113668
522.3,0.144319,-0.250819,0.139932,0.151487
522.4,0.182676,-0.246917,0.129185,0.185657
522.5,0.219482,-0.23896,0.120767,0.216511
522.6,0.254561,-0.226906,0.114651,0.244325
522.7,0.28773,-0.210733,0.110768,0.269325
522.8,0.318795,-0.190435,0.109012,0.291687
522.9,0.347549,-0.166026,0.109236,0.311548
523,0.373771,-0.137544,0.111255,0.329007
523.1,0.397227,-0.105052,0.114846,0.344128
523.2,0.417664,-0.0686392,0.119752,0.356942
523.3,0.434813,-0.028429,0.125682,0.367446
523.4,0.448389,0.0154221,0.132317,0.375607
523.5,0.458089,0.0627192,0.139311,0.381358
523.6,0.4636,0.113226,0.1463,0.384598
523.7,0.464594,0.16666,0.15291,0.385177
523.8,0.460738,0.222692,0.158763,0.382917
523.9,0.451697,0.280941,0.163494,0.377576
524,0.43714,0.340971,0.166762,0.368854
524.1,0.416753,0.402293,0.168269,0.356377
524.2,0.390244,0.46436,0.167779,0.339673
524.3,0.35736,0.526568,0.165137,0.318151
524.4,0.317901,0.588261,0.160297,0.291057
524.5,0.271737,0.64873,0.153341,0.257422
524.6,0.218826,0.707223,0.144502,0.215977
524.7,0.159236,0.762949,0.134181,0.165033
524.8,0.0931621,0.815089,0.122962,0.102303
524.9,0.0209528,0.862812,0.11161,0.0246311
525,-0.0568764,0.905286,0.101069,0.0246311
525.1,-0.139625,0.9417,0.0924296,0.0246311
525.2,-0.226399,0.971283,0.0868958,0.0246311
525.3,-0.316106,0.993325,0.0857209,0.0246311
525.4,-0.407461,1.0072,0.0901323,0.0246311
525.5,-0.499007,1.0124,0.10124,0.0246311
525.6,-0.589138,1.00854,0.119937,0.0246311
525.7,-0.676144,0.995377,0.146799,0.0246311
525.8,-0.758263,0.972853,0.181991,0.0246311
525.9,-0.83374,0.941076,0.225205,0.0246311
526,-0.900898,0.90034,0.275613,0.0246311
526.1,-0.958207,0.851118,0.331878,0.0246311
526.2,-1.00435,0.794053,0.3922,0.0246311
526.3,-1.03828,0.729943,0.454408,0.0246311
526.4,-1.05927,0.659721,0.516096,0.0246311
526.5,-1.06694,0.584421,0.574774,0.0246311
526.6,-1.06125,0.505155,0.628043,0.0246311
526.7,-1.04252,0.423076,0.673755,0.0246311
526.8,-1.01137,0.339346,0.710151,0.0246311
526.9,-0.968692,0.255113,0.735966,0.0246311
527,-0.915594,0.171477,0.750489,0.0246311
527.1,-0.853326,0.0894747,0.753576,0.0246311
527.2,-0.783229,0.0100632,0.745623,0.0246311
527.3,-0.706669,-0.0658916,0.727502,0.0246311
527.4,-0.624988,-0.137619,0.700473,0.0246311
527.5,-0.53946,-0.204441,0.666082,0.0246311
527.6,-0.451255,-0.265774,0.626056,0.0246311
527.7,-0.361421,-0.321115,0.582205,0.0246311
527.8,-0.270872,-0.370039,0.536333,0.0246311
527.9,-0.180382,-0.412183,0.49017,0.0246311
528,-0.0905937,-0.447239,0.445314,0.0246311
528.1,-0.00202516,-0.474944,0.403195,0.0246311
528.2,0.0849142,-0.495067,0.365056,0.0939485
528.3,0.169908,-0.507403,0.33194,0.174521
528.4,0.252713,-0.511765,0.304691,0.242896
528.5,0.333145,-0.50798,0.283962,0.301696
528.6,0.411057,-0.49588,0.270225,0.352835
528.7,0.486326,-0.475303,0.263786,0.397728
528.8,0.558836,-0.446093,0.264796,0.437435
528.9,0.62846,-0.408095,0.273266,0.472753
529,0.695055,-0.361163,0.289073,0.504292
529.1,0.758441,-0.305156,0.311969,0.532513
529.2,0.818397,-0.239951,0.341583,0.557765
529.3,0.874646,-0.16544,0.377423,0.580304
529.4,0.926844,-0.0815442,0.418872,0.60031
529.5,0.974577,0.0117826,0.465185,0.617898
529.6,1.01734,0.114541,0.515477,0.633121
529.7,1.05455,0.226676,0.568719,0.64598
529.8,1.0855,0.348065,0.623728,0.656419
529.9,1.1094,0.478499,0.679162,0.664322
530,1.12531,0.617673,0.73352,0.669513
530.1,1.1322,0.765166,0.785145,0.671743
530.2,1.12889,0.920419,0.832247,0.670674
530.3,1.11411,1.08272,0.872933,0.665867
530.4,1.08645,1.25119,0.905264,0.656735
530.5,1.04442,1.42474,0.927339,0.642513
530.6,0.986446,1.60208,0.937416,0.622172
530.7,0.91096,1.78169,0.934066,0.594311
530.8,0.816425,1.96181,0.916379,0.556955
530.9,0.701439,2.14045,0.884206,0.50721
531,0.564846,2.31536,0.838443,0.440586
531.1,0.405881,2.4841,0.781325,0.349594
531.2,0.224332,2.64405,0.716704,0.220445
531.3,0.0207339,2.79245,0.65026,0.024372
531.4,-0.203438,2.92651,0.589577,0.024372
531.5,-0.445582,3.04352,0.543999,0.024372
531.6,-0.701831,3.14095,0.5242,0.024372
531.7,-0.966972,3.21659,0.541401,0.024372
531.8,-1.2345,3.26874,0.606238,0.024372
531.9,-1.49677,3.29633,0.727338,0.024372
532,-1.74541,3.29906,0.909798,0.024372
532.1,-1.97176,3.27749,1.1538,0.024372
532.2,-2.16752,3.2331,1.4537,0.024372
532.3,-2.32547,3.16822,1.79785,0.024372
532.4,-2.4401,3.08598,2.16932,0.024372
532.5,-2.50812,2.99013,2.54756,0.024372
532.6,-2.5288,2.88479,2.91067,0.024372
532.7,-2.50397,2.77428,3.23793,0.024372
532.8,-2.43782,2.66279,3.51208,0.024372
532.9,-2.33639,2.55422,3.72103,0.024372
533,-2.20705,2.45197,3.85857,0.024372
533.1,-2.05778,2.35882,3.92431,0.024372
533.2,-1.89658,2.27688,3.92282,0.024372
533.3,-1.73098,2.20755,3.86235,0.024372
533.4,-1.56768,2.15159,3.75331,0.024372
533.5,-1.41233,2.10913,3.60699,0.024372
533.6,-1.26942,2.07984,3.43439,0.024372
533.7,-1.14237,2.06291,3.2455,0.024372
533.8,-1.03354,2.05723,3.04887,0.024372
533.9,-0.944398,2.06143,2.85141,0.024372
534,-0.875665,2.07395,2.65852,0.024372
534.1,-0.82742,2.09312,2.47421,0.024372
534.2,-0.799226,2.11719,2.30142,0.024372
534.3,-0.790224,2.14441,2.14227,0.024372
534.4,-0.799194,2.17301,1.9983,0.024372
534.5,-0.82461,2.20132,1.87071,0.024372
534.6,-0.864673,2.2277,1.76046,0.024372
534.7,-0.917338,2.25068,1.66841,0.024372
534.8,-0.980335,2.26888,1.59531,0.024372
534.9,-1.0512,2.28113,1.54173,0.024372
535,-1.12732,2.28646,1.50803,0.024372
535.1,-1.20597,2.2841,1.49422,0.024372
535.2,-1.28438,2.27355,1.49981,0.024372
535.3,-1.35982,2.25454,1.52371,0.024372
535.4,-1.42971,2.22708,1.56418,0.024372
535.5,-1.49166,2.19144,1.61876,0.024372
535.6,-1.54362,2.1481,1.6843,0.024372
535.7,-1.58394,2.09779,1.75715,0.024372
535.8,-1.61144,2.04142,1.83326,0.024372
535.9,-1.62544,1.98001,1.90845,0.024372
536,-1.62579,1.91472,1.97867,0.024372
536.1,-1.61285,1.84673,2.04021,0.024372
536.2,-1.58744,1.77722,2.08996,0.024372
536.3,-1.55076,1.70733,2.12555,0.024372
536.4,-1.50434,1.63813,2.14545,0.024372
536.5,-1.4499,1.57057,2.14898,0.024372
536.6,-1.38928,1.50546,2.13626,0.024372
536.7,-1.32435,1.44346,2.10813,0.024372
536.8,-1.25693,1.38508,2.06596,0.024372
536.9,-1.18872,1.33067,2.01156,0.024372
537,-1.12124,1.28045,1.94697,0.024372
537.1,-1.05582,1.23447,1.87432,0.024372
537.2,-0.993603,1.19269,1.79575,0.024372
537.3,-0.935477,1.15495,1.71326,0.024372
537.4,-0.882135,1.12099,1.6287,0.024372
537.5,-0.834067,1.0905,1.54366,0.024372
537.6,-0.791577,1.0631,1.45952,0.024372
537.7,-0.754804,1.03835,1.37741,0.024372
537.8,-0.723741,1.01582,1.29825,0.024372
537.9,-0.698255,0.995028,1.22272,0.024372
538,-0.678106,0.975512,1.15136,0.024372
538.1,-0.662962,0.956804,1.08451,0.024372
538.2,-0.652417,0.938453,1.02242,0.024372
538.3,-0.646004,0.920027,0.965182,0.024372
538.4,-0.643207,0.901126,0.912838,0.024372
538.5,-0.643473,0.881382,0.865328,0.024372
538.6,-0.646222,0.860467,0.822533,0.024372
538.7,-0.65086,0.838097,0.784273,0.024372
538.8,-0.656787,0.814034,0.750316,0.024372
538.9,-0.663406,0.788089,0.720382,0.024372
539,-0.670137,0.760124,0.694146,0.024372
539.1,-0.676421,0.730054,0.671242,0.024372
539.2,-0.68173,0.697842,0.651267,0.024372
539.3,-0.685581,0.663505,0.633791,0.024372
539.4,-0.687536,0.627105,0.618359,0.024372
539.5,-0.687213,0.588752,0.604504,0.024372
539.6,-0.684289,0.548594,0.591755,0.024372
539.7,-0.678505,0.506822,0.579652,0.024372
539.8,-0.669669,0.463654,0.567757,0.024372
539.9,-0.657653,0.41934,0.555664,0.024372
540,-0.642394,0.374151,0.543014,0.024372
540.1,-0.62389,0.328375,0.529504,0.024372
540.2,-0.602195,0.282312,0.514892,0.024372
540.3,-0.577417,0.23627,0.499008,0.024372
540.4,-0.549705,0.190559,0.481752,0.024372
540.5,-0.519246,0.145488,0.463095,0.024372
540.6,-0.48626,0.101359,0.443081,0.024372
540.7,-0.450985,0.0584684,0.421814,0.024372
540.8,-0.413678,0.0171017,0.399459,0.024372
540.9,-0.374603,-0.0224681,0.376226,0.024372
541,-0.334028,-0.0599814,0.352368,0.024372
541.1,-0.292221,-0.0951925,0.328165,0.024372
541.2,-0.249443,-0.12787,0.303916,0.024372
541.3,-0.205947,-0.157798,0.27993,0.024372
541.4,-0.161977,-0.184774,0.256515,0.024372
541.5,-0.117765,-0.208611,0.233972,0.024372
541.6,-0.073532,-0.229133,0.212586,0.024372
541.7,-0.0294894,-0.246179,0.19262,0.024372
541.8,0.0141621,-0.259601,0.17431,0.016757
541.9,0.0572294,-0.269263,0.157861,0.064965
542,0.0995252,-0.275042,0.143443,0.108664
542.1,0.140866,-0.276828,0.131191,0.148303
542.2,0.181068,-0.274522,0.121199,0.184267
542.3,0.219948,-0.268041,0.11352,0.21689
542.4,0.257316,-0.257316,0.108167,0.246449
542.5,0.292978,-0.242294,0.105112,0.273171
542.6,0.326727,-0.222941,0.104281,0.297244
542.7,0.358348,-0.199242,0.10556,0.318811
542.8,0.387608,-0.171202,0.108792,0.337982
542.9,0.414261,-0.138855,0.113776,0.354831
543,0.438043,-0.10226,0.120272,0.3694
543.1,0.45867,-0.0615085,0.127998,0.3817
543.2,0.47584,-0.0167252,0.136636,0.391712
543.3,0.489232,0.0319256,0.145833,0.399383
543.4,0.498506,0.0842376,0.155207,0.404625
543.5,0.503305,0.139958,0.164355,0.407317
543.6,0.50326,0.198785,0.172859,0.407292
543.7,0.497993,0.26036,0.180299,0.404337
543.8,0.487121,0.324271,0.186266,0.398181
543.9,0.470268,0.390043,0.190383,0.388485
544,0.447072,0.45714,0.192321,0.374821
544.1,0.417199,0.524961,0.191823,0.356653
544.2,0.380356,0.592844,0.188734,0.333298
544.3,0.336311,0.660066,0.183025,0.303878
544.4,0.284912,0.725844,0.174821,0.267247
544.5,0.226109,0.789348,0.164431,0.22188
544.6,0.159978,0.849704,0.152366,0.165699
544.7,0.0867449,0.906009,0.139357,0.0958161
544.8,0.00681271,0.957347,0.126353,0.0958161
544.9,-0.0792193,1.0028,0.114514,0.0958161
545,-0.170537,1.04149,0.105175,0.0958161
545.1,-0.266098,1.07258,0.0997951,0.0958161
545.2,-0.364632,1.09529,0.0998777,0.0958161
545.3,-0.464649,1.10898,0.106875,0.0958161
545.4,-0.564461,1.11311,0.12207,0.0958161
545.5,-0.662219,1.1073,0.146453,0.0958161
545.6,-0.755967,1.09136,0.180596,0.0958161
545.7,-0.843706,1.06528,0.224551,0.0958161
545.8,-0.923471,1.02925,0.277766,0.0958161
545.9,-0.993414,0.983676,0.339058,0.0958161
546,-1.05189,0.929166,0.406635,0.0958161
546.1,-1.09752,0.866507,0.478173,0.0958161
546.2,-1.12927,0.796656,0.550953,0.0958161
546.3,-1.14651,0.720701,0.622038,0.0958161
546.4,-1.149,0.639835,0.688477,0.0958161
546.5,-1.13691,0.555311,0.747514,0.0958161
546.6,-1.1108,0.468412,0.796775,0.0958161
546.7,-1.07158,0.380411,0.834424,0.0958161
546.8,-1.02043,0.292537,0.859262,0.0958161
546.9,-0.958728,0.205952,0.870769,0.0958161
547,-0.887987,0.121727,0.869096,0.0958161
547.1,-0.80978,0.0408313,0.854998,0.0958161
547.2,-0.725666,-0.0358791,0.829739,0.0958161
547.3,-0.637138,-0.107661,0.794971,0.0958161
547.4,-0.545578,-0.173879,0.752601,0.0958161
547.5,-0.45223,-0.234003,0.704673,0.0958161
547.6,-0.358178,-0.287593,0.65325,0.0958161
547.7,-0.264341,-0.33429,0.600325,0.0958161
547.8,-0.171482,-0.373803,0.547747,0.0958161
547.9,-0.0802115,-0.405897,0.497174,0.0958161
548,0.00899294,-0.430377,0.450039,0.0958161
548.1,0.0957676,-0.447087,0.407542,0.104917
548.2,0.179842,-0.455891,0.370647,0.183206
548.3,0.261019,-0.456671,0.340091,0.249288
548.4,0.339152,-0.44932,0.316397,0.305828
548.5,0.414128,-0.43374,0.299896,0.354748
548.6,0.485847,-0.409838,0.290742,0.397455
548.7,0.554209,-0.377527,0.28893,0.434995
548.8,0.619096,-0.336724,0.294313,0.468149
548.9,0.680361,-0.287358,0.306609,0.497508
549,0.737819,-0.22937,0.325415,0.523513
549.1,0.791229,-0.162721,0.350208,0.546487
549.2,0.840294,-0.0873967,0.38035,0.566666
549.3,0.884643,-0.00341514,0.415085,0.584201
549.4,0.923831,0.0891617,0.45354,0.599178
549.5,0.957327,0.190219,0.494717,0.611616
549.6,0.984508,0.299577,0.537497,0.621476
549.7,1.00465,0.416978,0.580634,0.628655
549.8,1.01695,0.542072,0.622763,0.632983
549.9,1.02047,0.674403,0.662411,0.634215
550,1.01419,0.813391,0.698021,0.632017
550.1,0.997009,0.958317,0.727986,0.625944
550.2,0.967717,1.10831,0.750704,0.61541
550.3,0.925062,1.26231,0.764658,0.599641
550.4,0.867756,1.41911,0.768521,0.5776
550.5,0.794529,1.57727,0.761289,0.547871
550.6,0.704182,1.73516,0.742447,0.508459
550.7,0.595672,1.89098,0.712165,0.456439
550.8,0.468208,2.0427,0.671504,0.387287
550.9,0.321367,2.18814,0.622635,0.293496
551,0.155233,2.325,0.569016,0.161433
551.1,-0.0294609,2.45088,0.515513,0.161433
551.2,-0.231183,2.5634,0.468403,0.161433
551.3,-0.447475,2.66024,0.435204,0.161433
551.4,-0.674854,2.73926,0.424288,0.161433
551.5,-0.908785,2.79865,0.444255,0.161433
551.6,-1.14373,2.83698,0.503059,0.161433
551.7,-1.37333,2.85341,0.606967,0.161433
551.8,-1.59066,2.8477,0.759471,0.161433
551.9,-1.78864,2.82033,0.960334,0.161433
552,-1.96051,2.77253,1.20497,0.161433
552.1,-2.10037,2.70624,1.48435,0.161433
552.2,-2.20363,2.62404,1.78555,0.161433
552.3,-2.26744,2.52903,2.0929,0.161433
552.4,-2.2909,2.42465,2.38961,0.161433
552.5,-2.27515,2.31452,2.65954,0.161433
552.6,-2.22318,2.20224,2.88891,0.161433
552.7,-2.13955,2.09119,3.06758,0.161433
552.8,-2.02993,1.98439,3.18974,0.161433
552.9,-1.90064,1.88441,3.25399,0.161433
553,-1.75816,1.79329,3.26285,0.161433
553.1,-1.60874,1.71251,3.22193,0.161433
553.2,-1.45806,1.64302,3.13886,0.161433
553.3,-1.31108,1.58527,3.0223,0.161433
553.4,-1.17187,1.53927,2.88106,0.161433
553.5,-1.04365,1.50465,2.72335,0.161433
553.6,-0.928793,1.48074,2.55645,0.161433
553.7,-0.828936,1.46663,2.3864,0.161433
553.8,-0.745072,1.46122,2.21799,0.161433
553.9,-0.677656,1.46331,2.05485,0.161433
554,-0.626707,1.47158,1.89958,0.161433
554.1,-0.591893,1.48467,1.75397,0.161433
554.2,-0.572601,1.50121,1.61916,0.161433
554.3,-0.567986,1.51982,1.4959,0.161433
554.4,-0.577009,1.53915,1.38462,0.161433
554.5,-0.598462,1.5579,1.28564,0.161433
554.6,-0.630983,1.57485,1.1992,0.161433
554.7,-0.673068,1.58882,1.1255,0.161433
554.8,-0.723081,1.59878,1.06477,0.161433
554.9,-0.779268,1.6038,1.01717,0.161433
555,-0.839774,1.60307,0.982798,0.161433
555.1,-0.90267,1.59596,0.961603,0.161433
555.2,-0.965987,1.582,0.953302,0.161433
555.3,-1.02776,1.5609,0.95732,0.161433
555.4,-1.08608,1.53254,0.972721,0.161433
555.5,-1.13915,1.49699,0.998181,0.161433
555.6,-1.18533,1.45452,1.03198,0.161433
555.7,-1.22323,1.40554,1.07204,0.161433
555.8,-1.25171,1.35064,1.11601,0.161433
555.9,-1.26994,1.29052,1.16133,0.161433
556,-1.27744,1.22599,1.20543,0.161433
556.1,-1.27406,1.15794,1.24581,0.161433
556.2,-1.25998,1.08729,1.28021,0.161433
556.3,-1.23568,1.01499,1.30671,0.161433
556.4,-1.20192,0.941955,1.32384,0.161433
556.5,-1.15966,0.869083,1.33063,0.161433
556.6,-1.11001,0.797195,1.32661,0.161433
556.7,-1.05419,0.727036,1.31182,0.161433
556.8,-0.993473,0.659264,1.28673,0.161433
556.9,-0.92911,0.594438,1.2522,0.161433
557,-0.862311,0.533023,1.20936,0.161433
557.1,-0.794203,0.475385,1.15951,0.161433
557.2,-0.725807,0.421798,1.10409,0.161433
557.3,-0.658025,0.372454,1.04453,0.161433
557.4,-0.591629,0.327465,0.982233,0.161433
557.5,-0.527265,0.28688,0.918501,0.161433
557.6,-0.46546,0.250688,0.854499,0.161433
557.7,-0.406623,0.21883,0.791242,0.161433
557.8,-0.351065,0.191207,0.729574,0.161433
557.9,-0.29901,0.167689,0.670176,0.161433
558,-0.250606,0.148118,0.613568,0.161433
558.1,-0.205941,0.132318,0.560124,0.161433
558.2,-0.165051,0.120096,0.510086,0.161433
558.3,-0.127937,0.111248,0.463581,0.161433
558.4,-0.0945708,0.105561,0.420639,0.161433
558.5,-0.0649023,0.102815,0.381214,0.161433
558.6,-0.0388681,0.102786,0.345193,0.161433
558.7,-0.0163956,0.105243,0.312418,0.161433
558.8,0.00259347,0.109953,0.282694,0.161433
558.9,0.0181801,0.116677,0.255805,0.0214324
559,0.0304468,0.125175,0.231521,0.0354551
559.1,0.0394773,0.135202,0.209608,0.0455763
559.2,0.0453568,0.146507,0.189835,0.0520696
559.3,0.0481727,0.158839,0.171981,0.0551563
559.4,0.0480166,0.171939,0.155837,0.0549853
559.5,0.044986,0.185549,0.141215,0.0516638
559.6,0.0391868,0.199403,0.127947,0.0452515
559.7,0.0307357,0.213238,0.115889,0.0357836
559.8,0.0197629,0.226785,0.104923,0.0232584
559.9,0.00641488,0.23978,0.094956,0.0232584
560,-0.00914365,0.251959,0.0859218,0.0232584
560.1,-0.026727,0.263062,0.0777783,0.0232584
560.2,-0.0461271,0.272837,0.0705061,0.0232584
560.3,-0.0671118,0.281041,0.0641057,0.0232584
560.4,-0.0894246,0.287445,0.0585934,0.0232584
560.5,-0.112784,0.291832,0.0539969,0.0232584
560.6,-0.136886,0.294009,0.0503497,0.0232584
560.7,-0.161404,0.293802,0.0476851,0.0232584
560.8,-0.185992,0.291064,0.0460303,0.0232584
560.9,-0.210288,0.285676,0.0453997,0.0232584
561,-0.233922,0.277551,0.0457896,0.0232584
561.1,-0.256514,0.266635,0.047172,0.0232584
561.2,-0.277689,0.252912,0.0494916,0.0232584
561.3,-0.297077,0.236401,0.052662,0.0232584
561.4,-0.314322,0.217162,0.0565657,0.0232584
561.5,-0.329089,0.195292,0.0610542,0.0232584
561.6,-0.341072,0.170925,0.065952,0.0232584
561.7,-0.349999,0.144233,0.0710607,0.0232584
561.8,-0.355636,0.115423,0.0761667,0.0232584
561.9,-0.357795,0.0847328,0.0810489,0.0232584
562,-0.356334,0.052431,0.0854888,0.0232584
562.1,-0.351161,0.0188109,0.0892802,0.0232584
562.2,-0.342234,-0.0158117,0.0922389,0.0232584
562.3,-0.329562,-0.0511033,0.0942126,0.0232584
562.4,-0.313197,-0.0867166,0.0950883,0.0232584
562.5,-0.293241,-0.122294,0.0947994,0.0232584
562.6,-0.269831,-0.157472,0.0933298,0.0232584
562.7,-0.243144,-0.191885,0.0907164,0.0232584
562.8,-0.213384,-0.225168,0.087049,0.0232584
562.9,-0.180781,-0.256959,0.0824681,0.0232584
563,-0.145584,-0.286903,0.0771614,0.0232584
563.1,-0.108058,-0.314652,0.0713571,0.0232584
563.2,-0.0684744,-0.339869,0.0653175,0.0232584
563.3,-0.0271138,-0.362227,0.0593308,0.0232584
563.4,0.0157433,-0.381412,0.0537021,0.0185924
563.5,0.0598156,-0.397121,0.0487449,0.0677394
563.6,0.104824,-0.409067,0.044772,0.113906
563.7,0.150492,-0.416974,0.0420869,0.157135
563.8,0.196545,-0.420581,0.0409759,0.197495
563.9,0.242713,-0.419643,0.0416999,0.235095
564,0.288723,-0.413929,0.0444881,0.270055
564.1,0.334305,-0.403223,0.049531,0.302497
564.2,0.379181,-0.387327,0.0569746,0.332535
564.3,0.42307,-0.366063,0.066915,0.360276
564.4,0.465677,-0.33927,0.0793932,0.385811
564.5,0.506697,-0.306813,0.0943908,0.409211
564.6,0.545807,-0.268579,0.111825,0.430532
564.7,0.582659,-0.224487,0.131545,0.449809
564.8,0.616885,-0.174485,0.153328,0.467056
564.9,0.648083,-0.11856,0.176877,0.482262
565,0.675822,-0.0567414,0.201817,0.495392
565.1,0.699632,0.0108959,0.227697,0.506386
565.2,0.719006,0.0842217,0.253986,0.515149
565.3,0.733395,0.163045,0.28008,0.521559
565.4,0.74221,0.247107,0.305309,0.525442
565.5,0.744819,0.336073,0.328942,0.526586
565.6,0.740555,0.429524,0.35021,0.524716
565.7,0.728719,0.52695,0.368321,0.519485
565.8,0.708586,0.627742,0.382498,0.510457
565.9,0.679426,0.731185,0.392011,0.497072
566,0.640514,0.836451,0.396232,0.478616
566.1,0.59116,0.942599,0.394693,0.45415
566.2,0.530738,1.04857,0.387153,0.422413
566.3,0.458723,1.15319,0.37368,0.381731
566.4,0.374739,1.25519,0.354726,0.32964
566.5,0.278611,1.35319,0.331212,0.262571
566.6,0.170421,1.44574,0.304586,0.174974
566.7,0.0505746,1.53134,0.276876,0.0577702
566.8,-0.0801406,1.60849,0.250685,0.0577702
566.9,-0.220499,1.67568,0.229148,0.0577702
567,-0.368794,1.7315,0.215815,0.0577702
567.1,-0.522815,1.77466,0.214456,0.0577702
567.2,-0.679853,1.80407,0.22879,0.0577702
567.3,-0.836749,1.81886,0.262144,0.0577702
567.4,-0.98997,1.81848,0.317074,0.0577702
567.5,-1.13575,1.80271,0.394975,0.0577702
567.6,-1.27024,1.77172,0.495759,0.0577702
567.7,-1.38975,1.72609,0.617633,0.0577702
567.8,-1.49089,1.66676,0.757041,0.0577702
567.9,-1.57087,1.59508,0.90881,0.0577702
568,-1.62759,1.5127,1.06649,0.0577702
568.1,-1.65986,1.4215,1.22285,0.0577702
568.2,-1.66739,1.32359,1.37052,0.0577702
568.3,-1.65084,1.22111,1.50263,0.0577702
568.4,-1.61172,1.11625,1.61334,0.0577702
568.5,-1.55227,1.01107,1.69833,0.0577702
568.6,-1.47527,0.907511,1.75502,0.0577702
568.7,-1.38385,0.807301,1.78264,0.0577702
568.8,-1.2813,0.711922,1.78205,0.0577702
568.9,-1.17089,0.622596,1.75553,0.0577702
569,-1.05571,0.540279,1.70638,0.0577702
569.1,-0.938553,0.465676,1.63855,0.0577702
569.2,-0.821887,0.399256,1.55627,0.0577702
569.3,-0.707773,0.34128,1.46376,0.0577702
569.4,-0.597884,0.29183,1.36495,0.0577702
569.5,-0.493523,0.250842,1.26334,0.0577702
569.6,-0.395654,0.218131,1.16189,0.0577702
569.7,-0.304953,0.193419,1.06297,0.0577702
569.8,-0.221853,0.176357,0.968407,0.0577702
569.9,-0.146596,0.166543,0.879481,0.0577702
570,-0.0792769,0.16354,0.797011,0.0577702
570.1,-0.019884,0.166883,0.721416,0.0577702
570.2,0.0316668,0.176088,0.65279,0.0368342
570.3,0.0755046,0.190658,0.590968,0.0842631
570.4,0.111782,0.210084,0.535591,0.120716
570.5,0.14066,0.233848,0.486166,0.148112
570.6,0.162297,0.261423,0.442111,0.167773
570.7,0.176847,0.292268,0.402799,0.180602
570.8,0.18445,0.325833,0.367596,0.187186
570.9,0.185244,0.361551,0.335886,0.187869
571,0.179362,0.39884,0.307103,0.182789
571.1,0.166945,0.437105,0.280747,0.171904
571.2,0.148145,0.475733,0.256406,0.154995
571.3,0.123145,0.514097,0.233769,0.13166
571.4,0.0921601,0.551557,0.212639,0.101295
571.5,0.05546,0.587468,0.192935,0.0630615
571.6,0.0133756,0.62118,0.174702,0.0158442
571.7,-0.0336864,0.652048,0.158104,0.0158442
571.8,-0.0852336,0.67944,0.143417,0.0158442
571.9,-0.140679,0.702747,0.131011,0.0158442
572,-0.199335,0.721394,0.12133,0.0158442
572.1,-0.260412,0.734852,0.114857,0.0158442
572.2,-0.323022,0.742651,0.11208,0.0158442
572.3,-0.386186,0.744393,0.113447,0.0158442
572.4,-0.448848,0.739764,0.11932,0.0158442
572.5,-0.509897,0.728544,0.129926,0.0158442
572.6,-0.568188,0.710619,0.145318,0.0158442
572.7,-0.622578,0.685986,0.16534,0.0158442
572.8,-0.671956,0.654759,0.189601,0.0158442
572.9,-0.715277,0.617167,0.217476,0.0158442
573,-0.751601,0.573553,0.248111,0.0158442
573.1,-0.780122,0.524369,0.280457,0.0158442
573.2,-0.800199,0.470164,0.313321,0.0158442
573.3,-0.81137,0.41157,0.345424,0.0158442
573.4,-0.813373,0.349291,0.375476,0.0158442
573.5,-0.806145,0.284083,0.402253,0.0158442
573.6,-0.789814,0.216738,0.424666,0.0158442
573.7,-0.76469,0.148066,0.441823,0.0158442
573.8,-0.731242,0.0788759,0.453082,0.0158442
573.9,-0.690068,0.00996707,0.458076,0.0158442
574,-0.641867,-0.0578891,0.456728,0.0158442
574.1,-0.587409,-0.123957,0.449242,0.0158442
574.2,-0.527499,-0.187543,0.436084,0.0158442
574.3,-0.462954,-0.248004,0.417939,0.0158442
574.4,-0.394572,-0.304745,0.395675,0.0158442
574.5,-0.323116,-0.35722,0.370291,0.0158442
574.6,-0.249297,-0.404932,0.342867,0.0158442
574.7,-0.173761,-0.447428,0.314522,0.0158442
574.8,-0.0970882,-0.484295,0.286368,0.0158442
574.9,-0.0197864,-0.515154,0.259482,0.0158442
575,0.0577033,-0.539656,0.234874,0.0654738
575.1,0.135003,-0.557474,0.213466,0.142853
575.2,0.211793,-0.568303,0.196083,0.210212
575.3,0.287796,-0.571851,0.18344,0.269373
575.4,0.362777,-0.567837,0.176142,0.32176
575.5,0.436525,-0.55599,0.174678,0.368483
575.6,0.508848,-0.536044,0.179425,0.410407
575.7,0.579556,-0.507739,0.190648,0.448215
575.8,0.648459,-0.470823,0.208506,0.482442
575.9,0.71535,-0.425049,0.233045,0.513508
576,0.779996,-0.370181,0.264203,0.541745
576.1,0.842131,-0.305996,0.301806,0.567405
576.2,0.901444,-0.23229,0.345561,0.59068
576.3,0.957569,-0.148881,0.395053,0.611705
576.4,1.01008,-0.0556204,0.449731,0.630568
576.5,1.05846,0.0476008,0.5089,0.647311
576.6,1.10212,0.160841,0.571706,0.66193
576.7,1.14038,0.284096,0.637122,0.674379
576.8,1.17244,0.417286,0.703941,0.684565
576.9,1.19739,0.56024,0.770758,0.692341
577,1.21418,0.712675,0.83597,0.697503
577.1,1.22163,0.874183,0.897778,0.699777
577.2,1.21843,1.04421,0.954205,0.698803
577.3,1.20312,1.22202,1.00313,0.69411
577.4,1.1741,1.40669,1.04234,0.685086
577.5,1.12966,1.59709,1.06964,0.670925
577.6,1.068,1.79183,1.083,0.650546
577.7,0.987283,1.98928,1.08068,0.622472
577.8,0.885695,2.18753,1.06155,0.584609
577.9,0.761562,2.3844,1.02535,0.533861
578,0.613474,2.57742,0.973037,0.465364
578.1,0.44045,2.7639,0.90717,0.370851
578.2,0.242141,2.9409,0.832268,0.234646
578.3,0.019062,3.10538,0.755089,0.0224441
578.4,-0.22717,3.25422,0.684748,0.0224441
578.5,-0.493606,3.38438,0.632557,0.0224441
578.6,-0.775781,3.49305,0.611481,0.0224441
578.7,-1.06763,3.5778,0.635149,0.0224441
578.8,-1.36153,3.6368,0.716386,0.0224441
578.9,-1.64855,3.66896,0.865389,0.0224441
579,-1.91889,3.67409,1.08777,0.0224441
579.1,-2.16251,3.65304,1.38284,0.0224441
579.2,-2.36996,3.6077,1.74253,0.0224441
579.3,-2.53319,3.54094,2.15135,0.0224441
579.4,-2.64637,3.45653,2.58759,0.0224441
579.5,-2.70647,3.35887,3.02558,0.0224441
579.6,-2.71357,3.25275,3.43882,0.0224441
579.7,-2.67078,3.14304,3.80315,0.0224441
579.8,-2.58386,3.03439,4.09951,0.0224441
579.9,-2.46061,2.93101,4.31569,0.0224441
580,-2.31006,2.83643,4.44692,0.0224441
580.1,-2.14167,2.75343,4.49531,0.0224441
580.2,-1.96464,2.68395,4.46849,0.0224441
580.3,-1.78738,2.62915,4.37779,0.0224441
580.4,-1.61711,2.58941,4.23643,0.0224441
580.5,-1.45971,2.56448,4.05794,0.0224441
580.6,-1.3197,2.55357,3.85498,0.0224441
580.7,-1.20029,2.55542,3.63865,0.0224441
580.8,-1.10356,2.56848,3.41813,0.0224441
580.9,-1.03057,2.59092,3.20072,0.0224441
581,-0.981558,2.62078,2.99202,0.0224441
581.1,-0.956071,2.65599,2.79622,0.0224441
581.2,-0.953085,2.69447,2.6165,0.0224441
581.3,-0.971086,2.73414,2.45532,0.0224441
581.4,-1.00814,2.77302,2.31465,0.0224441
581.5,-1.06193,2.80921,2.19618,0.0224441
581.6,-1.12981,2.84101,2.10141,0.0224441
581.7,-1.20882,2.86688,2.03157,0.0224441
581.8,-1.29577,2.88555,1.98758,0.0224441
581.9,-1.38726,2.896,1.9699,0.0224441
582,-1.47982,2.89751,1.9783,0.0224441
582.1,-1.56996,2.88971,2.0117,0.0224441
582.2,-1.65434,2.87253,2.06805,0.0224441
582.3,-1.72989,2.84623,2.14425,0.0224441
582.4,-1.79393,2.81141,2.23618,0.0224441
582.5,-1.84432,2.76892,2.33888,0.0224441
582.6,-1.87954,2.71984,2.44679,0.0224441
582.7,-1.89877,2.66544,2.55412,0.0224441
582.8,-1.90188,2.6071,2.65521,0.0224441
582.9,-1.88945,2.54625,2.74492,0.0224441
583,-1.86264,2.4843,2.81896,0.0224441
583.1,-1.82315,2.42258,2.87414,0.0224441
583.2,-1.77307,2.3623,2.90846,0.0224441
583.3,-1.71472,2.30451,2.92115,0.0224441
583.4,-1.65056,2.25006,2.91258,0.0224441
583.5,-1.58302,2.19958,2.88409,0.0224441
583.6,-1.51441,2.15352,2.83775,0.0224441
583.7,-1.44684,2.1121,2.77615,0.0224441
583.8,-1.38216,2.07535,2.70217,0.0224441
583.9,-1.32194,2.04313,2.61878,0.0224441
584,-1.26739,2.01515,2.52886,0.0224441
584.1,-1.21945,1.99101,2.43512,0.0224441
584.2,-1.17873,1.97018,2.34001,0.0224441
584.3,-1.14555,1.95207,2.24566,0.0224441
584.4,-1.11999,1.93605,2.15389,0.0224441
584.5,-1.10189,1.92145,2.06621,0.0224441
584.6,-1.09089,1.9076,1.98384,0.0224441
584.7,-1.08644,1.89382,1.90772,0.0224441
584.8,-1.08786,1.87949,1.83856,0.0224441
584.9,-1.09434,1.86401,1.77682,0.0224441
585,-1.10498,1.84685,1.72276,0.0224441
585.1,-1.11883,1.82755,1.67645,0.0224441
585.2,-1.13486,1.80573,1.63775,0.0224441
585.3,-1.15208,1.78107,1.60635,0.0224441
585.4,-1.16948,1.75336,1.58175,0.0224441
585.5,-1.18609,1.72248,1.56329,0.0224441
585.6,-1.20103,1.68839,1.55016,0.0224441
585.7,-1.21349,1.65114,1.54142,0.0224441
585.8,-1.22277,1.61086,1.53603,0.0224441
585.9,-1.22829,1.56775,1.53287,0.0224441
586,-1.22962,1.52208,1.53081,0.0224441
586.1,-1.22647,1.47415,1.52873,0.0224441
586.2,-1.21868,1.42432,1.52557,0.0224441
586.3,-1.20624,1.37298,1.52035,0.0224441
586.4,-1.18926,1.32051,1.51225,0.0224441
586.5,-1.16798,1.26731,1.50057,0.0224441
586.6,-1.14273,1.21377,1.48483,0.0224441
586.7,-1.11392,1.16026,1.4647,0.0224441
586.8,-1.08201,1.10712,1.44004,0.0224441
586.9,-1.04751,1.05467,1.41088,0.0224441
587,-1.01094,1.00317,1.3774,0.0224441
587.1,-0.972835,0.952865,1.33992,0.0224441
587.2,-0.933697,0.903946,1.29885,0.0224441
587.3,-0.894009,0.856564,1.25468,0.0224441
587.4,-0.854214,0.810832,1.20795,0.0224441
587.5,-0.81471,0.766824,1.15922,0.0224441
587.6,-0.775843,0.72458,1.10904,0.0224441
587.7,-0.737907,0.684112,1.05797,0.0224441
587.8,-0.701142,0.6454,1.00651,0.0224441
587.9,-0.665739,0.608406,0.955135,0.0224441
588,-0.631835,0.573071,0.904257,0.0224441
588.1,-0.599526,0.53932,0.854239,0.0224441
588.2,-0.568862,0.507068,0.805388,0.0224441
588.3,-0.539861,0.476222,0.757957,0.0224441
588.4,-0.512505,0.446685,0.712145,0.0224441
588.5,-0.48675,0.418356,0.668103,0.0224441
588.6,-0.46253,0.391138,0.625938,0.0224441
588.7,-0.439759,0.364933,0.585719,0.0224441
588.8,-0.418337,0.339649,0.547478,0.0224441
588.9,-0.398155,0.315203,0.511222,0.0224441
589,-0.379093,0.291514,0.476929,0.0224441
589.1,-0.361031,0.268513,0.444562,0.0224441
589.2,-0.343842,0.24614,0.414065,0.0224441
589.3,-0.327405,0.224344,0.385371,0.0224441
589.4,-0.311597,0.203082,0.358403,0.0224441
589.5,-0.296302,0.182324,0.33308,0.0224441
589.6,-0.28141,0.162048,0.309317,0.0224441
589.7,-0.266815,0.142245,0.287026,0.0224441
589.8,-0.252423,0.122911,0.266121,0.0224441
589.9,-0.238146,0.104055,0.246518,0.0224441
590,-0.223906,0.0856942,0.228134,0.0224441
590.1,-0.209637,0.067853,0.210893,0.0224441
590.2,-0.195281,0.0505642,0.194722,0.0224441
590.3,-0.180792,0.0338675,0.179554,0.0224441
590.4,-0.166134,0.0178089,0.165329,0.0224441
590.5,-0.151281,0.00243965,0.151991,0.0224441
590.6,-0.13622,-0.012184,0.139493,0.0224441
590.7,-0.120946,-0.0260023,0.127791,0.0224441
590.8,-0.105465,-0.0389521,0.116849,0.0224441
590.9,-0.0897928,-0.0509686,0.106636,0.0224441
591,-0.0739542,-0.0619853,0.0971263,0.0224441
591.1,-0.0579833,-0.0719357,0.0882981,0.0224441
591.2,-0.041923,-0.0807537,0.0801337,0.0224441
591.3,-0.0258241,-0.0883744,0.0726184,0.0224441
591.4,-0.00974523,-0.0947356,0.0657395,0.0224441
591.5,0.00624778,-0.0997779,0.0594858,0.0224441
591.6,0.0220822,-0.103446,0.0538465,0.0259274
591.7,0.0376789,-0.10569,0.0488101,0.0435754
591.8,0.052953,-0.106466,0.0443638,0.060354
591.9,0.0678138,-0.105735,0.0404926,0.0762231
592,0.0821658,-0.103468,0.0371784,0.0911367
592.1,0.095909,-0.0996429,0.0343992,0.105058
592.2,0.108939,-0.0942479,0.0321287,0.117944
592.3,0.121148,-0.087281,0.0303357,0.129752
592.4,0.132425,-0.0787515,0.0289839,0.140438
592.5,0.142657,-0.0686803,0.0280314,0.149957
592.6,0.151729,-0.0571017,0.0274313,0.158256
592.7,0.159525,-0.044063,0.0271313,0.165293
592.8,0.165929,-0.0296261,0.0270751,0.171004
592.9,0.170827,-0.013868,0.0272022,0.175331
593,0.174106,0.00311902,0.0274497,0.178209
593.1,0.175658,0.0212263,0.0277533,0.179565
593.2,0.175378,0.0403287,0.028049,0.179321
593.3,0.173171,0.0602847,0.0282749,0.177389
593.4,0.168949,0.0809358,0.0283734,0.173676
593.5,0.162635,0.102107,0.0282933,0.168074
593.6,0.154168,0.123607,0.0279925,0.160469
593.7,0.1435,0.14523,0.0274402,0.150733
593.8,0.130604,0.166754,0.0266198,0.138726
593.9,0.115475,0.187946,0.0255304,0.124297
594,0.0981317,0.20856,0.0241896,0.107278
594.1,0.0786213,0.228342,0.0226342,0.0874899
594.2,0.0570212,0.247031,0.0209215,0.0647427
594.3,0.033442,0.264361,0.0191294,0.0388338
594.4,0.00802959,0.280067,0.0173548,0.0388338
594.5,-0.0190332,0.293887,0.015712,0.0388338
594.6,-0.0475254,0.305566,0.0143295,0.0388338
594.7,-0.0771877,0.31486,0.0133448,0.0388338
594.8,-0.107723,0.321542,0.0128991,0.0388338
594.9,-0.1388,0.325404,0.0131305,0.0388338
595,-0.170051,0.326266,0.0141658,0.0388338
595.1,-0.201084,0.323975,0.0161127,0.0388338
595.2,-0.231482,0.318414,0.0190516,0.0388338
595.3,-0.26081,0.3095,0.0230276,0.0388338
595.4,-0.288628,0.297195,0.028044,0.0388338
595.5,-0.314494,0.281503,0.0340574,0.0388338
595.6,-0.337976,0.262471,0.0409744,0.0388338
595.7,-0.35866,0.240194,0.0486522,0.0388338
595.8,-0.376161,0.214812,0.0569006,0.0388338
595.9,-0.390133,0.186512,0.0654883,0.0388338
596,-0.400274,0.15552,0.0741514,0.0388338
596.1,-0.406333,0.122105,0.0826045,0.0388338
596.2,-0.40812,0.0865707,0.0905541,0.0388338
596.3,-0.405504,0.0492548,0.0977128,0.0388338
596.4,-0.398416,0.0105209,0.103814,0.0388338
596.5,-0.386853,-0.0292444,0.108627,0.0388338
596.6,-0.37087,-0.0696373,0.111968,0.0388338
596.7,-0.350579,-0.110242,0.113711,0.0388338
596.8,-0.326142,-0.150635,0.113799,0.0388338
596.9,-0.297768,-0.190392,0.112241,0.0388338
597,-0.265703,-0.229088,0.109123,0.0388338
597.1,-0.230222,-0.266303,0.104599,0.0388338
597.2,-0.191625,-0.301627,0.0988875,0.0388338
597.3,-0.150226,-0.334659,0.0922669,0.0388338
597.4,-0.106349,-0.365011,0.0850637,0.0388338
597.5,-0.0603203,-0.392307,0.0776431,0.0388338
597.6,-0.0124668,-0.416188,0.0703967,0.0388338
597.7,0.0368905,-0.436306,0.0637318,0.0426991
597.8,0.0874375,-0.452332,0.0580589,0.0965207
597.9,0.138868,-0.463949,0.0537812,0.146451
598,0.190886,-0.470855,0.0512841,0.192696
598.1,0.243201,-0.472764,0.0509259,0.235479
598.2,0.29553,-0.469403,0.053029,0.275033
598.3,0.347595,-0.460515,0.0578728,0.31158
598.4,0.399115,-0.445858,0.0656862,0.345325
598.5,0.449808,-0.425206,0.0766416,0.376453
598.6,0.499386,-0.398351,0.0908492,0.40512
598.7,0.547545,-0.365104,0.108351,0.431459
598.8,0.593967,-0.325301,0.129117,0.455575
598.9,0.638311,-0.278799,0.153037,0.47755
599,0.680206,-0.225486,0.179919,0.497435
599.1,0.719251,-0.165286,0.20948,0.515261
599.2,0.755005,-0.0981589,0.241346,0.531025
599.3,0.786983,-0.0241114,0.275043,0.5447
599.4,0.81465,0.0567973,0.309997,0.556225
599.5,0.837418,0.144447,0.345532,0.565506
599.6,0.854642,0.23865,0.380869,0.572409
599.7,0.865616,0.339137,0.415134,0.576757
599.8,0.869576,0.445552,0.447368,0.578315
599.9,0.865695,0.557438,0.476541,0.576788
600,0.853095,0.674226,0.501585,0.571794
600.1,0.830852,0.795228,0.521424,0.562848
600.2,0.798013,0.919623,0.535035,0.549328
600.3,0.753615,1.04645,0.541506,0.530422
600.4,0.696719,1.1746,0.540127,0.505054
600.5,0.626444,1.30281,0.530489,0.471765
600.6,0.542024,1.42967,0.512601,0.42851
600.7,0.442869,1.55364,0.487015,0.372305
600.8,0.328635,1.67303,0.454956,0.298572
600.9,0.199316,1.78606,0.418434,0.199829
601,0.0553299,1.89087,0.380322,0.0629214
601.1,-0.102386,1.98559,0.34438,0.0629214
601.2,-0.272288,2.06835,0.315194,0.0629214
601.3,-0.45216,2.1374,0.297996,0.0629214
601.4,-0.639074,2.19117,0.29836,0.0629214
601.5,-0.829398,2.22831,0.321763,0.0629214
601.6,-1.01887,2.24785,0.373023,0.0629214
601.7,-1.20271,2.24921,0.455677,0.0629214
601.8,-1.37586,2.23228,0.571362,0.0629214
601.9,-1.53322,2.19749,0.719305,0.0629214
602,-1.66997,2.14579,0.896033,0.0629214
602.1,-1.7819,2.07865,1.09538,0.0629214
602.2,-1.8657,1.99799,1.30882,0.0629214
602.3,-1.91923,1.90613,1.5262,0.0629214
602.4,-1.94163,1.80565,1.73662,0.0629214
602.5,-1.93342,1.69929,1.9295,0.0629214
602.6,-1.89638,1.58981,2.09556,0.0629214
602.7,-1.83339,1.47986,2.22766,0.0629214
602.8,-1.74818,1.37189,2.32124,0.0629214
602.9,-1.64501,1.26808,2.37449,0.0629214
603,-1.52841,1.17024,2.38821,0.0629214
603.1,-1.40289,1.07984,2.36535,0.0629214
603.2,-1.27266,0.99795,2.31048,0.0629214
603.3,-1.14157,0.925287,2.22914,0.0629214
603.4,-1.0129,0.862243,2.12729,0.0629214
603.5,-0.889373,0.808921,2.01078,0.0629214
603.6,-0.773152,0.765177,1.88503,0.0629214
603.7,-0.665859,0.730665,1.75477,0.0629214
603.8,-0.568641,0.704881,1.62392,0.0629214
603.9,-0.482239,0.687199,1.49555,0.0629214
604,-0.407057,0.676901,1.37195,0.0629214
604.1,-0.343236,0.673208,1.25472,0.0629214
604.2,-0.290704,0.675295,1.14481,0.0629214
604.3,-0.249234,0.68231,1.04276,0.0629214
604.4,-0.218483,0.69339,0.948686,0.0629214
604.5,-0.198019,0.707663,0.862497,0.0629214
604.6,-0.18734,0.724265,0.783921,0.0629214
604.7,-0.185894,0.742338,0.712609,0.0629214
604.8,-0.193077,0.761042,0.648189,0.0629214
604.9,-0.20824,0.779558,0.59032,0.0629214
605,-0.230684,0.797091,0.538715,0.0629214
605.1,-0.259656,0.812883,0.493163,0.0629214
605.2,-0.294348,0.826216,0.453536,0.0629214
605.3,-0.333892,0.836421,0.419776,0.0629214
605.4,-0.377357,0.842887,0.391885,0.0629214
605.5,-0.423753,0.84507,0.369891,0.0629214
605.6,-0.472036,0.842501,0.353825,0.0629214
605.7,-0.52112,0.8348,0.343676,0.0629214
605.8,-0.569886,0.821678,0.339358,0.0629214
605.9,-0.617209,0.802945,0.34067,0.0629214
606,-0.661974,0.778521,0.347273,0.0629214
606.1,-0.703109,0.748429,0.358661,0.0629214
606.2,-0.739606,0.712804,0.37416,0.0629214
606.3,-0.770553,0.671885,0.392926,0.0629214
606.4,-0.795157,0.626011,0.413974,0.0629214
606.5,-0.812769,0.575613,0.436206,0.0629214
606.6,-0.822903,0.521201,0.458459,0.0629214
606.7,-0.825242,0.463355,0.479562,0.0629214
606.8,-0.819644,0.402706,0.498391,0.0629214
606.9,-0.806143,0.339925,0.513931,0.0629214
607,-0.784933,0.275703,0.525323,0.0629214
607.1,-0.756355,0.210742,0.531907,0.0629214
607.2,-0.720874,0.145736,0.533252,0.0629214
607.3,-0.679054,0.0813625,0.529166,0.0629214
607.4,-0.631536,0.0182725,0.519697,0.0629214
607.5,-0.579003,-0.0429186,0.50512,0.0629214
607.6,-0.522165,-0.101635,0.48591,0.0629214
607.7,-0.461728,-0.157345,0.462707,0.0629214
607.8,-0.398379,-0.20956,0.436281,0.0629214
607.9,-0.33277,-0.257836,0.407489,0.0629214
608,-0.265507,-0.30177,0.377237,0.0629214
608.1,-0.197143,-0.340999,0.346446,0.0629214
608.2,-0.128174,-0.375195,0.316016,0.0629214
608.3,-0.0590382,-0.404059,0.286804,0.0629214
608.4,0.00987913,-0.427322,0.259604,0.0629214
608.5,0.0782428,-0.444736,0.235126,0.0870991
608.6,0.145761,-0.456074,0.213995,0.152813
608.7,0.212176,-0.461124,0.196736,0.210529
608.8,0.27726,-0.459688,0.183777,0.261563
608.9,0.340801,-0.451581,0.175448,0.306957
609,0.402599,-0.436629,0.171977,0.347528
609.1,0.462455,-0.414672,0.173498,0.383925
609.2,0.520162,-0.385558,0.180047,0.416656
609.3,0.575499,-0.349152,0.191567,0.446124
609.4,0.62822,-0.305337,0.207907,0.472635
609.5,0.67805,-0.254013,0.22882,0.496432
609.6,0.724675,-0.195109,0.253963,0.517686
609.7,0.767737,-0.128581,0.282894,0.536516
609.8,0.806824,-0.0544247,0.315069,0.552993
609.9,0.841469,0.02732,0.349839,0.567139
610,0.871139,0.11656,0.386445,0.57893
610.1,0.895234,0.213141,0.424019,0.588295
610.2,0.913078,0.316831,0.461587,0.595115
610.3,0.923922,0.427319,0.498068,0.599212
610.4,0.92694,0.544193,0.532296,0.600346
610.5,0.92123,0.666934,0.563031,0.598198
610.6,0.905826,0.794897,0.588995,0.592355
610.7,0.8797,0.927305,0.60892,0.582278
610.8,0.84179,1.06323,0.621605,0.567268
610.9,0.791017,1.2016,0.626007,0.546398
611,0.726329,1.34115,0.621338,0.518423
611.1,0.646745,1.48048,0.607194,0.481619
611.2,0.551419,1.61799,0.5837,0.433518
611.3,0.439719,1.75196,0.551666,0.370411
611.4,0.311312,1.88049,0.512741,0.286388
611.5,0.166274,2.00159,0.469548,0.17131
611.6,0.00519877,2.11321,0.425769,0.17131
611.7,-0.170691,2.21326,0.386154,0.17131
611.8,-0.359442,2.29974,0.356406,0.17131
611.9,-0.5583,2.37075,0.342924,0.17131
612,-0.763672,2.42465,0.352371,0.17131
612.1,-0.971164,2.4601,0.391071,0.17131
612.2,-1.17568,2.4762,0.464283,0.17131
612.3,-1.37162,2.47254,0.575405,0.17131
612.4,-1.55316,2.44929,0.725247,0.17131
612.5,-1.71458,2.4072,0.911489,0.17131
612.6,-1.85069,2.34764,1.12847,0.17131
612.7,-1.95717,2.27255,1.3674,0.17131
612.8,-2.03093,2.18434,1.61701,0.17131
612.9,-2.07035,2.08578,1.86457,0.17131
613,-2.07542,1.97987,2.09717,0.17131
613.1,-2.04765,1.8697,2.30298,0.17131
613.2,-1.98994,1.75829,2.4724,0.17131
613.3,-1.90632,1.64844,2.59881,0.17131
613.4,-1.80155,1.54264,2.67891,0.17131
613.5,-1.68082,1.44302,2.71263,0.17131
613.6,-1.54935,1.35127,2.70273,0.17131
613.7,-1.41212,1.26863,2.65409,0.17131
613.8,-1.27367,1.19591,2.57297,0.17131
613.9,-1.13791,1.13357,2.46628,0.17131
614,-1.0081,1.08166,2.34094,0.17131
614.1,-0.886803,1.04,2.20338,0.17131
614.2,-0.775963,1.00812,2.05928,0.17131
614.3,-0.676934,0.985376,1.91336,0.17131
614.4,-0.590581,0.970984,1.76934,0.17131
614.5,-0.517354,0.964045,1.63003,0.17131
614.6,-0.457376,0.963584,1.4974,0.17131
614.7,-0.410507,0.968582,1.37272,0.17131
614.8,-0.376406,0.977989,1.25673,0.17131
614.9,-0.35457,0.990746,1.14977,0.17131
615,-0.344374,1.0058,1.05191,0.17131
615.1,-0.34509,1.02211,0.963058,0.17131
615.2,-0.355898,1.03866,0.883054,0.17131
615.3,-0.375897,1.05448,0.811725,0.17131
615.4,-0.404108,1.06863,0.74893,0.17131
615.5,-0.43947,1.08024,0.694579,0.17131
615.6,-0.480847,1.0885,0.648636,0.17131
615.7,-0.527027,1.09269,0.611097,0.17131
615.8,-0.576728,1.09217,0.581965,0.17131
615.9,-0.628613,1.0864,0.561205,0.17131
616,-0.681303,1.07496,0.548697,0.17131
616.1,-0.7334,1.05756,0.54419,0.17131
616.2,-0.783518,1.034,0.547259,0.17131
616.3,-0.830311,1.00426,0.55727,0.17131
616.4,-0.872509,0.968417,0.573363,0.17131
616.5,-0.908958,0.926693,0.594454,0.17131
616.6,-0.938649,0.879428,0.619254,0.17131
616.7,-0.960748,0.827075,0.64631,0.17131
616.8,-0.974627,0.770185,0.674071,0.17131
616.9,-0.97987,0.709391,0.70095,0.17131
617,-0.976289,0.645391,0.725414,0.17131
617.1,-0.963911,0.578925,0.746055,0.17131
617.2,-0.942974,0.510758,0.761665,0.17131
617.3,-0.913898,0.441662,0.771292,0.17131
617.4,-0.877263,0.372394,0.774282,0.17131
617.5,-0.833772,0.303686,0.770294,0.17131
617.6,-0.784218,0.236231,0.7593,0.17131
617.7,-0.729447,0.170671,0.741567,0.17131
617.8,-0.670329,0.107595,0.717618,0.17131
617.9,-0.607725,0.0475315,0.688187,0.17131
618,-0.542467,-0.00905031,0.654165,0.17131
618.1,-0.475332,-0.0617395,0.616552,0.17131
618.2,-0.407035,-0.110181,0.576397,0.17131
618.3,-0.338217,-0.154072,0.534757,0.17131
618.4,-0.269445,-0.193153,0.492656,0.17131
618.5,-0.201206,-0.22721,0.451052,0.17131
618.6,-0.13392,-0.256061,0.410816,0.17131
618.7,-0.0679385,-0.279554,0.372713,0.17131
618.8,-0.00355662,-0.297566,0.337394,0.17131
618.9,0.058978,-0.309991,0.305395,0.0668406
619,0.119456,-0.316743,0.277131,0.128131
619.1,0.177696,-0.317753,0.252905,0.181342
619.2,0.233535,-0.312963,0.232912,0.227832
619.3,0.286821,-0.30233,0.217245,0.268655
619.4,0.337399,-0.285824,0.2059,0.304625
619.5,0.38511,-0.26343,0.198788,0.336374
619.6,0.429781,-0.235148,0.195734,0.364387
619.7,0.471218,-0.200998,0.196488,0.389037
619.8,0.5092,-0.161022,0.200726,0.410603
619.9,0.543479,-0.115288,0.208058,0.429289
620,0.573769,-0.0638936,0.218026,0.445232
620.1,0.599749,-0.00697479,0.230112,0.458497
620.2,0.621059,0.0552922,0.243742,0.469118
620.3,0.637299,0.122683,0.25829,0.477059
620.4,0.648028,0.194917,0.273085,0.482235
620.5,0.652767,0.271655,0.287422,0.484504
620.6,0.651005,0.352488,0.300578,0.483661
620.7,0.642201,0.436931,0.311828,0.479431
620.8,0.625796,0.524419,0.32047,0.471448
620.9,0.601223,0.614299,0.325855,0.459239
621,0.567924,0.70583,0.327426,0.442193
621.1,0.525374,0.798172,0.324765,0.419508
621.2,0.473098,0.890396,0.317636,0.390126
621.3,0.410711,0.981475,0.306051,0.352619
621.4,0.337949,1.0703,0.290322,0.305003
621.5,0.254713,1.15569,0.271116,0.244443
621.6,0.16111,1.23639,0.249502,0.166713
621.7,0.0575039,1.31112,0.22698,0.0652603
621.8,-0.055441,1.37857,0.205481,0.0652603
621.9,-0.176717,1.43746,0.187334,0.0652603
622,-0.304941,1.48658,0.175182,0.0652603
622.1,-0.438338,1.52478,0.17185,0.0652603
622.2,-0.574742,1.55109,0.180156,0.0652603
622.3,-0.711627,1.56471,0.202677,0.0652603
622.4,-0.846164,1.56509,0.24148,0.0652603
622.5,-0.975311,1.55194,0.297852,0.0652603
622.6,-1.09594,1.52528,0.37205,0.0652603
622.7,-1.20495,1.48545,0.463127,0.0652603
622.8,-1.29949,1.43311,0.568849,0.0652603
622.9,-1.37705,1.36924,0.685746,0.0652603
623,-1.43563,1.29509,0.809299,0.0652603
623.1,-1.47387,1.21215,0.934255,0.0652603
623.2,-1.49111,1.12211,1.05503,0.0652603
623.3,-1.48743,1.02675,1.16618,0.0652603
623.4,-1.46359,0.927915,1.26279,0.0652603
623.5,-1.42101,0.827423,1.3409,0.0652603
623.6,-1.36161,0.727018,1.39775,0.0652603
623.7,-1.28768,0.628315,1.43189,0.0652603
623.8,-1.20176,0.532765,1.44316,0.0652603
623.9,-1.10648,0.441625,1.43263,0.0652603
624,-1.00441,0.355949,1.40231,0.0652603
624.1,-0.897985,0.276589,1.35494,0.0652603
624.2,-0.78943,0.204198,1.2937,0.0652603
624.3,-0.680682,0.139253,1.22197,0.0652603
624.4,-0.573385,0.0820681,1.14306,0.0652603
624.5,-0.468883,0.0328218,1.0601,0.0652603
624.6,-0.368238,-0.00842179,0.975876,0.0652603
624.7,-0.272252,-0.0416906,0.892767,0.0652603
624.8,-0.181506,-0.0670848,0.812721,0.0652603
624.9,-0.0963954,-0.0847596,0.737244,0.0652603
625,-0.0171672,-0.0949107,0.66743,0.0652603
625.1,0.0560425,-0.0977632,0.603998,0.0636888
625.2,0.123176,-0.0935636,0.547338,0.131689
625.3,0.184226,-0.082574,0.497559,0.186993
625.4,0.239211,-0.0650693,0.454539,0.232336
625.5,0.288155,-0.0413362,0.417965,0.269637
625.6,0.331073,-0.0116739,0.387378,0.300263
625.7,0.367959,0.0236036,0.362204,0.325189
625.8,0.398776,0.064164,0.341785,0.345111
625.9,0.423454,0.109653,0.325405,0.360513
626,0.441884,0.159688,0.312312,0.371714
626.1,0.453925,0.213854,0.301739,0.378897
626.2,0.459397,0.2717,0.292922,0.382128
626.3,0.458097,0.332731,0.285123,0.381363
626.4,0.449798,0.396404,0.277646,0.376447
626.5,0.434267,0.462124,0.269861,0.367115
626.6,0.41127,0.529244,0.261229,0.352968
626.7,0.380598,0.597058,0.251325,0.333455
626.8,0.342074,0.664807,0.239868,0.307826
626.9,0.295584,0.731673,0.226749,0.275071
627,0.241095,0.796795,0.212058,0.233822
627.1,0.178682,0.859263,0.196106,0.182199
627.2,0.108559,0.918141,0.179447,0.117573
627.3,0.0310982,0.972469,0.162881,0.0361939
627.4,-0.0531374,1.02129,0.147449,0.0361939
627.5,-0.143375,1.06366,0.134407,0.0361939
627.6,-0.238617,1.09869,0.125175,0.0361939
627.7,-0.337628,1.12555,0.121272,0.0361939
627.8,-0.438946,1.14349,0.124213,0.0361939
627.9,-0.540892,1.15193,0.135398,0.0361939
628,-0.641606,1.15038,0.155975,0.0361939
628.1,-0.739092,1.13858,0.186714,0.0361939
628.2,-0.831285,1.11643,0.227877,0.0361939
628.3,-0.916124,1.08404,0.279125,0.0361939
628.4,-0.991634,1.04175,0.339465,0.0361939
628.5,-1.05602,0.990103,0.407244,0.0361939
628.6,-1.10775,0.929836,0.480213,0.0361939
628.7,-1.14561,0.861872,0.55565,0.0361939
628.8,-1.16879,0.787282,0.630527,0.0361939
628.9,-1.1769,0.707255,0.701723,0.0361939
629,-1.16998,0.62306,0.766244,0.0361939
629.1,-1.14848,0.536004,0.821433,0.0361939
629.2,-1.11322,0.447398,0.865143,0.0361939
629.3,-1.06535,0.358515,0.895871,0.0361939
629.4,-1.00624,0.270569,0.912819,0.0361939
629.5,-0.937435,0.184681,0.915899,0.0361939
629.6,-0.860546,0.101871,0.90569,0.0361939
629.7,-0.777209,0.0230405,0.883334,0.0361939
629.8,-0.688999,-0.0510251,0.850425,0.0361939
629.9,-0.597389,-0.119658,0.808866,0.0361939
630,-0.503713,-0.1823,0.760737,0.0361939
630.1,-0.409144,-0.238493,0.708173,0.0361939
630.2,-0.314685,-0.287868,0.65326,0.0361939
630.3,-0.221169,-0.33013,0.597949,0.0361939
630.4,-0.129268,-0.365047,0.544005,0.0361939
630.5,-0.0395123,-0.392435,0.492962,0.0361939
630.6,0.0476955,-0.41215,0.446113,0.0546325
630.7,0.132055,-0.424076,0.404501,0.140091
630.8,0.21335,-0.428117,0.36893,0.211494
630.9,0.29142,-0.424192,0.339976,0.272033
631,0.366149,-0.41223,0.318011,0.323994
631.1,0.437437,-0.392165,0.303219,0.369034
631.2,0.505193,-0.363941,0.295617,0.408372
631.3,0.569311,-0.327505,0.295072,0.442914
631.4,0.62966,-0.282817,0.301315,0.47334
631.5,0.686074,-0.229848,0.313952,0.500156
631.6,0.73834,-0.168587,0.332475,0.523741
631.7,0.786186,-0.0990478,0.356261,0.544364
631.8,0.829278,-0.0212756,0.384578,0.562209
631.9,0.867208,0.0646441,0.416587,0.577383
632,0.899491,0.158576,0.451336,0.589931
632.1,0.925556,0.260323,0.487765,0.599826
632.2,0.944745,0.369616,0.524707,0.606982
632.3,0.956309,0.4861,0.560894,0.611243
632.4,0.959409,0.609318,0.594969,0.612379
632.5,0.953116,0.738703,0.625511,0.61007
632.6,0.936422,0.873556,0.651068,0.603892
632.7,0.90825,1.01304,0.670207,0.593279
632.8,0.867476,1.15615,0.681586,0.577489
632.9,0.812957,1.30173,0.684048,0.555528
633,0.743575,1.44844,0.676735,0.526041
633.1,0.658289,1.59475,0.659234,0.487134
633.2,0.556207,1.73898,0.631741,0.43605
633.3,0.436672,1.87924,0.595234,0.368571
633.4,0.299367,2.01354,0.551652,0.277816
633.5,0.144428,2.13975,0.504038,0.151588
633.6,-0.027427,2.25567,0.456632,0.151588
633.7,-0.214777,2.3591,0.41486,0.151588
633.8,-0.415386,2.44794,0.385188,0.151588
633.9,-0.626131,2.52021,0.374798,0.151588
634,-0.84297,2.57422,0.39106,0.151588
634.1,-1.06099,2.60867,0.440818,0.151588
634.2,-1.27456,2.6227,0.529538,0.151588
634.3,-1.47753,2.61603,0.660406,0.151588
634.4,-1.66359,2.58902,0.833531,0.151588
634.5,-1.82668,2.54266,1.04541,0.151588
634.6,-1.9614,2.4786,1.28878,0.151588
634.7,-2.06343,2.39907,1.55304,0.151588
634.8,-2.12992,2.3068,1.82505,0.151588
634.9,-2.15968,2.20483,2.0905,0.151588
635,-2.15326,2.09645,2.33529,0.151588
635.1,-2.11291,1.98491,2.54702,0.151588
635.2,-2.04226,1.87337,2.71613,0.151588
635.3,-1.94608,1.76469,2.83659,0.151588
635.4,-1.82977,1.66138,2.90611,0.151588
635.5,-1.69904,1.56548,2.9259,0.151588
635.6,-1.55951,1.47856,2.90003,0.151588
635.7,-1.4164,1.40172,2.8346,0.151588
635.8,-1.27437,1.3356,2.73689,0.151588
635.9,-1.13733,1.28042,2.61457,0.151588
636,-1.00847,1.23608,2.47505,0.151588
636.1,-0.890231,1.20216,2.32505,0.151588
636.2,-0.784376,1.178,2.17028,0.151588
636.3,-0.692075,1.16278,2.01541,0.151588
636.4,-0.613998,1.15552,1.86402,0.151588
636.5,-0.550402,1.15516,1.71873,0.151588
636.6,-0.501213,1.16057,1.58134,0.151588
636.7,-0.4661,1.17058,1.45299,0.151588
636.8,-0.444522,1.18402,1.33434,0.151588
636.9,-0.435775,1.19969,1.22571,0.151588
637,-0.439017,1.21645,1.12719,0.151588
637.1,-0.453287,1.23316,1.03881,0.151588
637.2,-0.477515,1.24876,0.960517,0.151588
637.3,-0.510528,1.26221,0.892308,0.151588
637.4,-0.551055,1.27257,0.834194,0.151588
637.5,-0.597733,1.27898,0.786217,0.151588
637.6,-0.649112,1.28069,0.748417,0.151588
637.7,-0.703669,1.27703,0.720789,0.151588
637.8,-0.759829,1.26751,0.703233,0.151588
637.9,-0.815988,1.25171,0.695494,0.151588
638,-0.870545,1.22942,0.697108,0.151588
638.1,-0.921943,1.20054,0.707358,0.151588
638.2,-0.968709,1.16514,0.725253,0.151588
638.3,-1.0095,1.12341,0.749517,0.151588
638.4,-1.04313,1.07572,0.778616,0.151588
638.5,-1.06863,1.02254,0.810806,0.151588
638.6,-1.08527,0.964458,0.844207,0.151588
638.7,-1.09256,0.902169,0.876885,0.151588
638.8,-1.0903,0.836424,0.90696,0.151588
638.9,-1.07851,0.768025,0.932699,0.151588
639,-1.0575,0.697801,0.952607,0.151588
639.1,-1.02775,0.626581,0.9655,0.151588
639.2,-0.989969,0.555174,0.97055,0.151588
639.3,-0.944974,0.484355,0.967313,0.151588
639.4,-0.8937,0.414846,0.955721,0.151588
639.5,-0.837134,0.347309,0.936057,0.151588
639.6,-0.776285,0.282336,0.90891,0.151588
639.7,-0.712144,0.220446,0.875112,0.151588
639.8,-0.645658,0.162088,0.835679,0.151588
639.9,-0.577707,0.107638,0.79174,0.151588
640,-0.509089,0.0574032,0.744476,0.151588
640.1,-0.440512,0.011633,0.695066,0.151588
640.2,-0.372591,-0.0294803,0.644637,0.151588
640.3,-0.305848,-0.0657925,0.594234,0.151588
640.4,-0.240717,-0.0972012,0.54479,0.151588
640.5,-0.177556,-0.123639,0.497112,0.151588
640.6,-0.116653,-0.145068,0.451875,0.151588
640.7,-0.0582357,-0.161476,0.409616,0.151588
640.8,-0.0024883,-0.172868,0.370745,0.151588
640.9,0.050443,-0.179271,0.335544,0.0576303
641,0.100438,-0.180722,0.304183,0.109571
641.1,0.147391,-0.177275,0.276731,0.154305
641.2,0.191207,-0.168995,0.253159,0.192969
641.3,0.23179,-0.155962,0.233362,0.226439
641.4,0.269037,-0.138267,0.217162,0.255385
641.5,0.302836,-0.11602,0.204317,0.28032
641.6,0.333059,-0.0893475,0.194534,0.301636
641.7,0.35956,-0.058396,0.187476,0.31962
641.8,0.382174,-0.0233362,0.182765,0.334477
641.9,0.400715,0.0156347,0.179994,0.346338
642,0.414974,0.0582889,0.178734,0.355273
642.1,0.424725,0.104365,0.178538,0.361293
642.2,0.429725,0.153564,0.178954,0.364352
642.3,0.429715,0.205546,0.179532,0.364346
642.4,0.424433,0.259926,0.179837,0.361114
642.5,0.413609,0.316273,0.179463,0.354425
642.6,0.396986,0.374107,0.178047,0.343975
642.7,0.374321,0.432896,0.175285,0.329367
642.8,0.345399,0.492058,0.170954,0.31009
642.9,0.310052,0.550963,0.164932,0.285491
643,0.268167,0.608931,0.157215,0.254727
643.1,0.219712,0.665242,0.147942,0.216698
643.2,0.164746,0.71914,0.137407,0.169953
643.3,0.103445,0.769841,0.126072,0.112547
643.4,0.0361193,0.816546,0.114573,0.0418345
643.5,-0.0367688,0.858454,0.103712,0.0418345
643.6,-0.11459,0.89478,0.0944397,0.0418345
643.7,-0.196537,0.92477,0.0878199,0.0418345
643.8,-0.28162,0.947727,0.084982,0.0418345
643.9,-0.368667,0.963026,0.0870535,0.0418345
644,-0.456342,0.970139,0.0950811,0.0418345
644.1,-0.543164,0.968656,0.109942,0.0418345
644.2,-0.627541,0.958305,0.132251,0.0418345
644.3,-0.707817,0.938965,0.162277,0.0418345
644.4,-0.782327,0.910681,0.199872,0.0418345
644.5,-0.849455,0.873669,0.244428,0.0418345
644.6,-0.907701,0.828314,0.294865,0.0418345
644.7,-0.95574,0.775171,0.349665,0.0418345
644.8,-0.992483,0.714942,0.406938,0.0418345
644.9,-1.01712,0.648468,0.464534,0.0418345
645,-1.02916,0.576697,0.520173,0.0418345
645.1,-1.02842,0.500661,0.5716,0.0418345
645.2,-1.01507,0.421446,0.616733,0.0418345
645.3,-0.989567,0.340162,0.653801,0.0418345
645.4,-0.952629,0.257914,0.681448,0.0418345
645.5,-0.905208,0.175779,0.698809,0.0418345
645.6,-0.848416,0.0947817,0.705538,0.0418345
645.7,-0.783476,0.0158804,0.7018,0.0418345
645.8,-0.71166,-0.0600466,0.688227,0.0418345
645.9,-0.63424,-0.132207,0.665847,0.0418345
646,-0.552447,-0.199895,0.635998,0.0418345
646.1,-0.467429,-0.262493,0.600231,0.0418345
646.2,-0.380232,-0.319464,0.560219,0.0418345
646.3,-0.29178,-0.370343,0.51767,0.0418345
646.4,-0.202874,-0.414731,0.474257,0.0418345
646.5,-0.114187,-0.452284,0.431555,0.0418345
646.6,-0.0262721,-0.482704,0.391007,0.0418345
646.7,0.0604234,-0.505726,0.353888,0.0683852
646.8,0.145547,-0.521117,0.321295,0.152616
646.9,0.228826,-0.528659,0.294139,0.224064
647,0.310045,-0.528152,0.273153,0.285489
647.1,0.389036,-0.519403,0.258892,0.338899
647.2,0.46566,-0.502224,0.251749,0.385801
647.3,0.539789,-0.476432,0.251966,0.427311
647.4,0.611295,-0.44185,0.259641,0.464281
647.5,0.680036,-0.398301,0.274742,0.497356
647.6,0.745842,-0.345618,0.297109,0.527034
647.7,0.808505,-0.283644,0.326462,0.553689
647.8,0.867768,-0.212238,0.362398,0.577605
647.9,0.923316,-0.131279,0.40439,0.598984
648,0.974761,-0.0406785,0.451781,0.617964
648.1,1.02164,0.0596147,0.503777,0.634624
648.2,1.06339,0.169602,0.559435,0.648986
648.3,1.09937,0.289221,0.617657,0.661022
648.4,1.12881,0.418338,0.677176,0.670648
648.5,1.15082,0.556724,0.736554,0.67772
648.6,1.16442,0.704043,0.794178,0.682035
648.7,1.16845,0.859834,0.848273,0.683308
648.8,1.16166,1.02349,0.896919,0.681163
648.9,1.14265,1.19423,0.938095,0.675107
649,1.10991,1.37108,0.969748,0.664491
649.1,1.06183,1.55289,0.989887,0.648458
649.2,0.99675,1.73823,0.996725,0.625851
649.3,0.912979,1.92547,0.988864,0.595077
649.4,0.808912,2.1127,0.96553,0.553857
649.5,0.683104,2.29776,0.92685,0.498781
649.6,0.534413,2.47826,0.874172,0.424416
649.7,0.362155,2.65156,0.810389,0.321347
649.8,0.166296,2.81489,0.740234,0.171329
649.9,-0.0523361,2.96534,0.67048,0.171329
650,-0.291843,3.1,0.609961,0.171329
650.1,-0.549062,3.21607,0.56933,0.171329
650.2,-0.819427,3.311,0.560466,0.171329
650.3,-1.09693,3.38265,0.595477,0.171329
650.4,-1.3742,3.42947,0.685325,0.171329
650.5,-1.64279,3.45062,0.838188,0.171329
650.6,-1.8936,3.44614,1.05778,0.171329
650.7,-2.11748,3.417,1.34199,0.171329
650.8,-2.30597,3.36514,1.68212,0.171329
650.9,-2.45206,3.2934,2.06307,0.171329
651,-2.55081,3.20538,2.46461,0.171329
651.1,-2.59989,3.10524,2.86349,0.171329
651.2,-2.59978,2.99744,3.23619,0.171329
651.3,-2.55362,2.88651,3.56166,0.171329
651.4,-2.46691,2.77674,3.82358,0.171329
651.5,-2.34688,2.672,4.01179,0.171329
651.6,-2.20182,2.57554,4.12265,0.171329
651.7,-2.04033,2.48992,4.15853,0.171329
651.8,-1.87078,2.41694,4.12654,0.171329
651.9,-1.70079,2.3577,4.03699,0.171329
652,-1.53692,2.31259,3.90177,0.171329
652.1,-1.38453,2.28142,3.73303,0.171329
652.2,-1.24777,2.26352,3.54213,0.171329
652.3,-1.12962,2.2578,3.33904,0.171329
652.4,-1.03202,2.26287,3.132,0.171329
652.5,-0.956014,2.27712,2.92756,0.171329
652.6,-0.901922,2.29877,2.73071,0.171329
652.7,-0.869434,2.32598,2.54516,0.171329
652.8,-0.85774,2.35685,2.37363,0.171329
652.9,-0.865601,2.3895,2.21816,0.171329
653,-0.891416,2.42208,2.08033,0.171329
653.1,-0.93326,2.45286,1.96142,0.171329
653.2,-0.988919,2.4802,1.86259,0.171329
653.3,-1.05592,2.50263,1.7848,0.171329
653.4,-1.13155,2.51888,1.72884,0.171329
653.5,-1.21294,2.5279,1.69521,0.171329
653.6,-1.29707,2.52886,1.68398,0.171329
653.7,-1.3809,2.52124,1.69461,0.171329
653.8,-1.46141,2.50477,1.72589,0.171329
653.9,-1.53576,2.47949,1.77576,0.171329
654,-1.60135,2.44571,1.84135,0.171329
654.1,-1.65596,2.40402,1.91902,0.171329
654.2,-1.69785,2.35523,2.00448,0.171329
654.3,-1.72581,2.30034,2.09306,0.171329
654.4,-1.7392,2.24051,2.17996,0.171329
654.5,-1.738,2.17698,2.26056,0.171329
654.6,-1.72275,2.11103,2.33071,0.171329
654.7,-1.69449,2.04394,2.38699,0.171329
654.8,-1.65469,1.97692,2.42689,0.171329
654.9,-1.60514,1.91104,2.44887,0.171329
655,-1.54781,1.84729,2.45239,0.171329
655.1,-1.48482,1.78645,2.4378,0.171329
655.2,-1.41823,1.72915,2.40625,0.171329
655.3,-1.35004,1.67584,2.35948,0.171329
655.4,-1.28208,1.62679,2.29964,0.171329
655.5,-1.21597,1.58211,2.22912,0.171329
655.6,-1.15309,1.54177,2.15035,0.171329
655.7,-1.09458,1.50559,2.06575,0.171329
655.8,-1.04131,1.4733,1.97754,0.171329
655.9,-0.993906,1.44452,1.88774,0.171329
656,-0.952766,1.41881,1.7981,0.171329
656.1,-0.918079,1.39568,1.71012,0.171329
656.2,-0.889849,1.37458,1.62502,0.171329
656.3,-0.867914,1.35498,1.54377,0.171329
656.4,-0.851969,1.33631,1.46713,0.171329
656.5,-0.84159,1.31804,1.39567,0.171329
656.6,-0.836253,1.29963,1.32976,0.171329
656.7,-0.835351,1.28059,1.26964,0.171329
656.8,-0.838212,1.26048,1.21541,0.171329
656.9,-0.844119,1.23887,1.16705,0.171329
657,-0.852324,1.21543,1.12444,0.171329
657.1,-0.862062,1.18986,1.08736,0.171329
657.2,-0.872572,1.16194,1.05548,0.171329
657.3,-0.88311,1.1315,1.02839,0.171329
657.4,-0.892964,1.09845,1.0056,0.171329
657.5,-0.901467,1.06275,0.986548,0.171329
657.6,-0.908014,1.02445,0.970603,0.171329
657.7,-0.912072,0.983638,0.957095,0.171329
657.8,-0.913186,0.940461,0.945323,0.171329
657.9,-0.910993,0.895121,0.934577,0.171329
658,-0.90522,0.847862,0.924161,0.171329
658.1,-0.895689,0.798961,0.913417,0.171329
658.2,-0.882315,0.748726,0.90174,0.171329
658.3,-0.865101,0.697482,0.888604,0.171329
658.4,-0.844132,0.645568,0.873571,0.171329
658.5,-0.819564,0.593327,0.856308,0.171329
658.6,-0.791618,0.5411,0.83659,0.171329
658.7,-0.760564,0.489223,0.814302,0.171329
658.8,-0.726711,0.438014,0.789435,0.171329
658.9,-0.690395,0.38778,0.762082,0.171329
659,-0.651969,0.338805,0.732421,0.171329
659.1,-0.611791,0.291351,0.700706,0.171329
659.2,-0.570215,0.245657,0.66725,0.171329
659.3,-0.527585,0.201941,0.63241,0.171329
659.4,-0.484227,0.160395,0.596569,0.171329
659.5,-0.440448,0.121188,0.560124,0.171329
659.6,-0.39653,0.0844703,0.523474,0.171329
659.7,-0.352729,0.0503692,0.487002,0.171329
659.8,-0.309276,0.0189953,0.451074,0.171329
659.9,-0.266378,-0.00955792,0.416024,0.171329
660,-0.224217,-0.0352123,0.382155,0.171329
660.1,-0.182955,-0.0579031,0.349729,0.171329
660.2,-0.142735,-0.0775781,0.318971,0.171329
660.3,-0.103685,-0.094196,0.290064,0.171329
660.4,-0.0659198,-0.107726,0.263149,0.171329
660.5,-0.0295439,-0.118147,0.238331,0.171329
660.6,0.00534387,-0.125447,0.215673,0.171329
660.7,0.0386491,-0.129624,0.195206,0.0446546
660.8,0.0702788,-0.130684,0.176924,0.0788119
660.9,0.100139,-0.128644,0.160792,0.10926
661,0.128133,-0.123531,0.146745,0.136396
661.1,0.15416,-0.115385,0.134692,0.160462
661.2,0.178112,-0.104257,0.124517,0.181703
661.3,0.199875,-0.0902129,0.116084,0.200299
661.4,0.219329,-0.0733331,0.109235,0.216387
661.5,0.236345,-0.0537159,0.103798,0.230066
661.6,0.250785,-0.0314779,0.0995829,0.241402
661.7,0.262508,-0.0067558,0.0963917,0.250426
661.8,0.271365,0.0202914,0.0940165,0.257141
661.9,0.277202,0.0494814,0.0922451,0.26152
662,0.279866,0.0806065,0.0908653,0.263506
662.1,0.279203,0.113433,0.0896691,0.263012
662.2,0.275065,0.147699,0.0884586,0.259921
662.3,0.26731,0.183114,0.0870522,0.254078
662.4,0.255813,0.219361,0.0852906,0.245291
662.5,0.240464,0.256092,0.0830447,0.233325
662.6,0.22118,0.292934,0.0802225,0.217892
662.7,0.19791,0.329484,0.0767767,0.198646
662.8,0.170642,0.365319,0.0727116,0.175168
662.9,0.139409,0.399993,0.0680889,0.146953
663,0.104301,0.433044,0.0630328,0.113391
663.1,0.0654684,0.463998,0.0577317,0.0737469
663.2,0.0231334,0.492377,0.0524382,0.0271337
663.3,-0.0224071,0.517705,0.0474645,0.0271337
663.4,-0.0707746,0.539513,0.0431744,0.0271337
663.5,-0.121507,0.557356,0.0399704,0.0271337
663.6,-0.174055,0.570814,0.0382756,0.0271337
663.7,-0.227791,0.579507,0.0385123,0.0271337
663.8,-0.282007,0.583106,0.0410752,0.0271337
663.9,-0.335929,0.581337,0.0463037,0.0271337
664,-0.38873,0.573998,0.0544519,0.0271337
664.1,-0.439546,0.560962,0.0656613,0.0271337
664.2,-0.487496,0.542185,0.0799365,0.0271337
664.3,-0.531708,0.517711,0.0971277,0.0271337
664.4,-0.571341,0.487674,0.116922,0.0271337
664.5,-0.60561,0.4523,0.138845,0.0271337
664.6,-0.633814,0.411901,0.162276,0.0271337
664.7,-0.655355,0.366872,0.186469,0.0271337
664.8,-0.669758,0.317686,0.210592,0.0271337
664.9,-0.676684,0.264878,0.233771,0.0271337
665,-0.675939,0.209042,0.255134,0.0271337
665.1,-0.667474,0.150812,0.273865,0.0271337
665.2,-0.651382,0.090854,0.289248,0.0271337
665.3,-0.627891,0.0298504,0.300711,0.0271337
665.4,-0.597343,-0.0315098,0.307853,0.0271337
665.5,-0.56018,-0.0925431,0.310469,0.0271337
665.6,-0.516925,-0.15258,0.308552,0.0271337
665.7,-0.468154,-0.210975,0.302297,0.0271337
665.8,-0.414478,-0.267107,0.292081,0.0271337
665.9,-0.356525,-0.320391,0.278443,0.0271337
666,-0.294916,-0.370273,0.262058,0.0271337
666.1,-0.230256,-0.416235,0.243699,0.0271337
666.2,-0.163114,-0.457791,0.224211,0.0271337
666.3,-0.0940253,-0.494491,0.204475,0.0271337
666.4,-0.0234759,-0.525909,0.185379,0.0271337
666.5,0.0480934,-0.551648,0.167794,0.0550734
666.6,0.120289,-0.571333,0.152551,0.128929
666.7,0.192761,-0.584608,0.140425,0.194291
666.8,0.265198,-0.591131,0.13212,0.252474
666.9,0.337323,-0.590574,0.128262,0.304574
667,0.408885,-0.582619,0.12939,0.351477
667.1,0.479649,-0.566957,0.135956,0.393906
667.2,0.549393,-0.543285,0.148315,0.432442
667.3,0.617894,-0.51131,0.16673,0.467555
667.4,0.684922,-0.470743,0.191366,0.499624
667.5,0.75023,-0.421309,0.222285,0.528949
667.6,0.813545,-0.362742,0.259446,0.55577
667.7,0.874558,-0.294795,0.302697,0.58027
667.8,0.932917,-0.217238,0.351766,0.602584
667.9,0.988213,-0.129874,0.406255,0.622805
668,1.03997,-0.0325347,0.465624,0.640984
668.1,1.08765,0.0748998,0.529181,0.657134
668.2,1.1306,0.192497,0.596067,0.671228
668.3,1.1681,0.320257,0.665241,0.683197
668.4,1.1993,0.458101,0.735464,0.69293
668.5,1.22323,0.60585,0.805295,0.700263
668.6,1.2388,0.763213,0.873077,0.704972
668.7,1.24477,0.929764,0.936949,0.706765
668.8,1.23975,1.10492,0.994863,0.705259
668.9,1.22222,1.28792,1.04462,0.699956
669,1.19051,1.4778,1.08394,0.69021
669.1,1.14284,1.67337,1.11056,0.675166
669.2,1.07732,1.87318,1.12239,0.65368
669.3,0.992042,2.07553,1.11772,0.624174
669.4,0.885147,2.27843,1.09545,0.584397
669.5,0.754912,2.4796,1.05548,0.530985
669.6,0.599914,2.67647,0.999001,0.45858
669.7,0.4192,2.86625,0.928966,0.357892
669.8,0.212508,3.0459,0.850422,0.210801
669.9,-0.0194918,3.21227,0.770809,0.210801
670,-0.274943,3.36217,0.700045,0.210801
670.1,-0.550566,3.4925,0.650305,0.210801
670.2,-0.841476,3.60043,0.635378,0.210801
670.3,-1.14111,3.68354,0.669533,0.210801
670.4,-1.44131,3.74009,0.765889,0.210801
670.5,-1.73262,3.76913,0.934427,0.210801
670.6,-2.00476,3.77066,1.17993,0.210801
670.7,-2.24738,3.74578,1.50025,0.210801
670.8,-2.45089,3.69666,1.88534,0.210801
670.9,-2.60737,3.62649,2.31748,0.210801
671,-2.71135,3.53931,2.77277,0.210801
671.1,-2.76041,3.43978,3.22382,0.210801
671.2,-2.75536,3.33289,3.64312,0.210801
671.3,-2.70016,3.22363,4.00634,0.210801
671.4,-2.60139,3.11672,4.29508,0.210801
671.5,-2.46756,3.01631,4.49846,0.210801
671.6,-2.30825,2.92585,4.61337,0.210801
671.7,-2.1333,2.84797,4.64369,0.210801
671.8,-1.9521,2.78443,4.59859,0.210801
671.9,-1.77307,2.73618,4.49067,0.210801
672,-1.60335,2.70338,4.33398,0.210801
672.1,-1.44861,2.68559,4.14254,0.210801
672.2,-1.31315,2.68181,3.92918,0.210801
672.3,-1.19992,2.69061,3.70493,0.210801
672.4,-1.11071,2.71027,3.47883,0.210801
672.5,-1.04633,2.73882,3.25796,0.210801
672.6,-1.00675,2.77417,3.04776,0.210801
672.7,-0.991272,2.81416,2.8523,0.210801
672.8,-0.998607,2.85661,2.67474,0.210801
672.9,-1.02698,2.8994,2.51755,0.210801
673,-1.07417,2.9405,2.38281,0.210801
673.1,-1.13759,2.97802,2.27232,0.210801
673.2,-1.21428,3.01025,2.18764,0.210801
673.3,-1.30098,3.03574,2.13004,0.210801
673.4,-1.39422,3.05328,2.10032,0.210801
673.5,-1.49034,3.06198,2.09868,0.210801
673.6,-1.58565,3.06128,2.12443,0.210801
673.7,-1.67653,3.05096,2.1759,0.210801
673.8,-1.75958,3.03117,2.25027,0.210801
673.9,-1.83178,3.00238,2.34357,0.210801
674,-1.8906,2.96536,2.45083,0.210801
674.1,-1.93417,2.92118,2.56626,0.210801
674.2,-1.96132,2.8711,2.68368,0.210801
674.3,-1.97165,2.81651,2.79685,0.210801
674.4,-1.96549,2.75892,2.89996,0.210801
674.5,-1.94389,2.6998,2.98798,0.210801
674.6,-1.90849,2.64058,3.05701,0.210801
674.7,-1.86137,2.58257,3.1044,0.210801
674.8,-1.80497,2.52691,3.12886,0.210801
674.9,-1.74186,2.47454,3.1304,0.210801
675,-1.67466,2.42619,3.11013,0.210801
675.1,-1.60588,2.38236,3.07006,0.210801
675.2,-1.53785,2.34331,3.01285,0.210801
675.3,-1.4726,2.30911,2.94154,0.210801
675.4,-1.41188,2.27963,2.85933,0.210801
675.5,-1.35707,2.25457,2.7694,0.210801
675.6,-1.30921,2.23351,2.67474,0.210801
675.7,-1.269,2.21588,2.57812,0.210801
675.8,-1.23684,2.20107,2.48194,0.210801
675.9,-1.21281,2.18839,2.38832,0.210801
676,-1.19675,2.17711,2.29899,0.210801
676.1,-1.18827,2.1665,2.21539,0.210801
676.2,-1.18675,2.15587,2.13863,0.210801
676.3,-1.19143,2.14452,2.06957,0.210801
676.4,-1.20142,2.13184,2.00877,0.210801
676.5,-1.21569,2.11725,1.95656,0.210801
676.6,-1.23319,2.10028,1.91303,0.210801
676.7,-1.25277,2.08052,1.87802,0.210801
676.8,-1.27331,2.05769,1.85115,0.210801
676.9,-1.29371,2.03158,1.83182,0.210801
677,-1.31293,2.00209,1.81922,0.210801
677.1,-1.32998,1.96922,1.81237,0.210801
677.2,-1.34403,1.93306,1.81012,0.210801
677.3,-1.35436,1.89379,1.8112,0.210801
677.4,-1.36039,1.85166,1.81428,0.210801
677.5,-1.36173,1.80699,1.81803,0.210801
677.6,-1.35813,1.76015,1.82111,0.210801
677.7,-1.34954,1.71152,1.82232,0.210801
677.8,-1.33603,1.66153,1.82056,0.210801
677.9,-1.31783,1.61061,1.81493,0.210801
678,-1.2953,1.55916,1.80471,0.210801
678.1,-1.26888,1.50759,1.78942,0.210801
678.2,-1.23912,1.45626,1.76879,0.210801
678.3,-1.20658,1.4055,1.74276,0.210801
678.4,-1.17187,1.35558,1.71148,0.210801
678.5,-1.1356,1.30675,1.67525,0.210801
678.6,-1.09836,1.25919,1.63451,0.210801
678.7,-1.06071,1.21303,1.58982,0.210801
678.8,-1.02317,1.16837,1.54179,0.210801
678.9,-0.986172,1.12525,1.49106,0.210801
679,-0.950122,1.08366,1.4383,0.210801
679.1,-0.915339,1.04357,1.38416,0.210801
679.2,-0.882078,1.00492,1.32923,0.210801
679.3,-0.850528,0.96761,1.2741,0.210801
679.4,-0.820812,0.931533,1.21925,0.210801
679.5,-0.792997,0.896556,1.16513,0.210801
679.6,-0.767093,0.862541,1.11211,0.210801
679.7,-0.743064,0.829343,1.06049,0.210801
679.8,-0.720832,0.796814,1.01051,0.210801
679.9,-0.700282,0.764811,0.962354,0.210801
680,-0.681271,0.733194,0.916149,0.210801
680.1,-0.663632,0.701834,0.871968,0.210801
680.2,-0.64718,0.670614,0.82984,0.210801
680.3,-0.631719,0.639427,0.78976,0.210801
680.4,-0.617045,0.608185,0.751684,0.210801
680.5,-0.602951,0.576815,0.715545,0.210801
680.6,-0.589232,0.545261,0.681251,0.210801
680.7,-0.575688,0.513485,0.648695,0.210801
680.8,-0.562128,0.481469,0.617753,0.210801
680.9,-0.548373,0.449209,0.588297,0.210801
681,-0.534258,0.416723,0.560191,0.210801
681.1,-0.519632,0.384044,0.5333,0.210801
681.2,-0.504365,0.35122,0.507491,0.210801
681.3,-0.488344,0.318316,0.482638,0.210801
681.4,-0.471473,0.285411,0.458622,0.210801
681.5,-0.45368,0.252595,0.435337,0.210801
681.6,-0.43491,0.219971,0.412691,0.210801
681.7,-0.415127,0.187649,0.390605,0.210801
681.8,-0.394316,0.155751,0.369019,0.210801
681.9,-0.372477,0.124404,0.347887,0.210801
682,-0.349628,0.0937414,0.327183,0.210801
682.1,-0.325802,0.0638992,0.306898,0.210801
682.2,-0.301046,0.0350179,0.287038,0.210801
682.3,-0.27542,0.00723917,0.267626,0.210801
682.4,-0.248994,-0.0192948,0.248698,0.210801
682.5,-0.22185,-0.0444421,0.230304,0.210801
682.6,-0.194076,-0.0680625,0.212502,0.210801
682.7,-0.165771,-0.0900181,0.19536,0.210801
682.8,-0.137036,-0.110174,0.178951,0.210801
682.9,-0.107983,-0.1284,0.163352,0.210801
683,-0.0787249,-0.14457,0.148639,0.210801
683.1,-0.0493816,-0.158563,0.134888,0.210801
683.2,-0.0200766,-0.170265,0.122172,0.210801
683.3,0.00906254,-0.17957,0.110555,0.0107889
683.4,0.0379038,-0.186378,0.100095,0.043826
683.5,0.0663109,-0.190599,0.0908368,0.0746372
683.6,0.0941431,-0.19215,0.0828156,0.103289
683.7,0.121255,-0.190963,0.0760502,0.129854
683.8,0.147495,-0.186978,0.0705445,0.154401
683.9,0.172706,-0.180149,0.0662848,0.176982
684,0.196726,-0.170444,0.0632392,0.197648
684.1,0.219385,-0.157845,0.0613569,0.216432
684.2,0.240506,-0.142354,0.0605669,0.233358
684.3,0.259907,-0.123989,0.0607786,0.248437
684.4,0.277395,-0.102788,0.0618814,0.261664
684.5,0.292774,-0.0788129,0.0637456,0.273021
684.6,0.305838,-0.0521472,0.0662235,0.282478
684.7,0.316377,-0.0229013,0.0691511,0.289981
684.8,0.324176,0.00878738,0.0723509,0.295463
684.9,0.329016,0.0427519,0.0756349,0.298836
685,0.330679,0.0787946,0.078809,0.29999
685.1,0.328947,0.116685,0.0816783,0.298788
685.2,0.323609,0.156159,0.084053,0.295066
685.3,0.314461,0.196917,0.0857561,0.288625
685.4,0.301317,0.238625,0.0866312,0.279226
685.5,0.284011,0.280914,0.0865521,0.266581
685.6,0.262404,0.323378,0.0854319,0.250346
685.7,0.236394,0.365581,0.0832338,0.230106
685.8,0.205924,0.407054,0.0799799,0.205353
685.9,0.170988,0.447302,0.0757611,0.175472
686,0.131647,0.485806,0.0707437,0.139708
686.1,0.088033,0.522032,0.0651745,0.097123
686.2,0.040362,0.555434,0.0593817,0.0465575
686.3,-0.0110591,0.585466,0.0537718,0.0465575
686.4,-0.0658247,0.611592,0.0488206,0.0465575
686.5,-0.123426,0.633292,0.0450579,0.0465575
686.6,-0.183249,0.65008,0.043046,0.0465575
686.7,-0.244577,0.661511,0.043351,0.0465575
686.8,-0.306595,0.667196,0.0465095,0.0465575
686.9,-0.368401,0.666817,0.0529901,0.0465575
687,-0.429027,0.660132,0.0631539,0.0465575
687.1,-0.487451,0.646991,0.0772159,0.0465575
687.2,-0.542633,0.62734,0.0952115,0.0465575
687.3,-0.593536,0.601233,0.116971,0.0465575
687.4,-0.639163,0.568827,0.142109,0.0465575
687.5,-0.678586,0.530389,0.17002,0.0465575
687.6,-0.710982,0.486289,0.199903,0.0465575
687.7,-0.735656,0.436993,0.230793,0.0465575
687.8,-0.752069,0.383055,0.261608,0.0465575
687.9,-0.759852,0.325106,0.291211,0.0465575
688,-0.758816,0.263834,0.318474,0.0465575
688.1,-0.748951,0.199977,0.342346,0.0465575
688.2,-0.730425,0.1343,0.361915,0.0465575
688.3,-0.703561,0.0675829,0.376463,0.0465575
688.4,-0.668824,0.000604466,0.385501,0.0465575
688.5,-0.626791,-0.0658697,0.388794,0.0465575
688.6,-0.578124,-0.131099,0.386367,0.0465575
688.7,-0.523544,-0.194375,0.378498,0.0465575
688.8,-0.463802,-0.255029,0.36569,0.0465575
688.9,-0.39965,-0.312437,0.348644,0.0465575
689,-0.331826,-0.366017,0.328212,0.0465575
689.1,-0.261031,-0.415232,0.305359,0.0465575
689.2,-0.187916,-0.459588,0.281119,0.0465575
689.3,-0.113078,-0.498628,0.256552,0.0465575
689.4,-0.0370473,-0.531931,0.232712,0.0465575
689.5,0.0397048,-0.559104,0.210614,0.045826
689.6,0.11677,-0.579782,0.19121,0.125547
689.7,0.193794,-0.593616,0.175375,0.195168
689.8,0.270474,-0.600276,0.163891,0.25647
689.9,0.346546,-0.599444,0.157439,0.310868
690,0.421778,-0.59081,0.156597,0.359481
690.1,0.49596,-0.57407,0.161838,0.403192
690.2,0.568894,-0.548926,0.173529,0.442698
690.3,0.640385,-0.515087,0.19193,0.478553
690.4,0.710227,-0.472263,0.217195,0.511199
690.5,0.778198,-0.420176,0.249373,0.540982
690.6,0.844047,-0.358553,0.288399,0.568175
690.7,0.907485,-0.287139,0.334097,0.592988
690.8,0.968172,-0.205694,0.386164,0.615575
690.9,1.02571,-0.114008,0.444168,0.636045
691,1.07964,-0.0118992,0.50753,0.654459
691.1,1.1294,0.100768,0.575512,0.670839
691.2,1.17436,0.224075,0.647201,0.685166
691.3,1.21376,0.358039,0.721492,0.697374
691.4,1.24674,0.502593,0.79707,0.707356
691.5,1.2723,0.657572,0.872398,0.71495
691.6,1.2893,0.822694,0.945711,0.719934
691.7,1.29644,0.997535,1.01501,0.722013
691.8,1.29228,1.18151,1.07809,0.720803
691.9,1.27519,1.37385,1.13257,0.715803
692,1.24341,1.57357,1.17596,0.706359
692.1,1.19501,1.77944,1.20578,0.691606
692.2,1.12799,1.98997,1.21969,0.670383
692.3,1.04027,2.20339,1.21575,0.641085
692.4,0.929797,2.41762,1.19269,0.601417
692.5,0.794685,2.63027,1.15025,0.547936
692.6,0.633328,2.83864,1.08963,0.47513
692.7,0.44462,3.03976,1.01394,0.373355
692.8,0.228188,3.23044,0.928626,0.223553
692.9,-0.0153354,3.40731,0.841807,0.223553
693,-0.284027,3.56697,0.764411,0.223553
693.1,-0.574402,3.70613,0.709934,0.223553
693.2,-0.881208,3.82177,0.693731,0.223553
693.3,-1.19733,3.91132,0.731726,0.223553
693.4,-1.5139,3.97295,0.838546,0.223553
693.5,-1.82058,4.00568,1.02524,0.223553
693.6,-2.10618,4.00962,1.29688,0.223553
693.7,-2.35946,3.98603,1.65065,0.223553
693.8,-2.57007,3.93734,2.07471,0.223553
693.9,-2.7296,3.86709,2.54864,0.223553
694,-2.83243,3.77974,3.04521,0.223553
694.1,-2.87637,3.68035,3.53365,0.223553
694.2,-2.86284,3.57431,3.98348,0.223553
694.3,-2.79667,3.46695,4.36837,0.223553
694.4,-2.6855,3.36323,4.66904,0.223553
694.5,-2.53894,3.26749,4.8749,0.223553
694.6,-2.36763,3.18321,4.98405,0.223553
694.7,-2.18228,3.11298,5.00219,0.223553
694.8,-1.99297,3.05844,4.94054,0.223553
694.9,-1.80859,3.02034,4.81365,0.223553
695,-1.63651,2.99862,4.63727,0.223553
695.1,-1.48252,2.99256,4.42672,0.223553
695.2,-1.35083,3.00087,4.19576,0.223553
695.3,-1.24425,3.02185,3.95603,0.223553
695.4,-1.16433,3.05349,3.71696,0.223553
695.5,-1.11157,3.09357,3.48591,0.223553
695.6,-1.08561,3.13974,3.26854,0.223553
695.7,-1.08533,3.18963,3.06919,0.223553
695.8,-1.10902,3.24086,2.89132,0.223553
695.9,-1.1544,3.29117,2.73779,0.223553
696,-1.2187,3.33842,2.61106,0.223553
696.1,-1.29874,3.38066,2.51329,0.223553
696.2,-1.39093,3.41622,2.44627,0.223553
696.3,-1.49139,3.44369,2.41129,0.223553
696.4,-1.59601,3.46202,2.40889,0.223553
696.5,-1.70061,3.47052,2.43862,0.223553
696.6,-1.80104,3.46892,2.4988,0.223553
696.7,-1.89339,3.45731,2.58635,0.223553
696.8,-1.97415,3.4362,2.69679,0.223553
696.9,-2.04041,3.40644,2.82433,0.223553
697,-2.08998,3.36919,2.96219,0.223553
697.1,-2.12151,3.32587,3.10299,0.223553
697.2,-2.13455,3.27802,3.23932,0.223553
697.3,-2.12954,3.22731,3.3642,0.223553
697.4,-2.10772,3.17539,3.47167,0.223553
697.5,-2.07103,3.12381,3.55707,0.223553
697.6,-2.02196,3.074,3.61734,0.223553
697.7,-1.96335,3.02719,3.65106,0.223553
697.8,-1.8982,2.98434,3.65836,0.223553
697.9,-1.82953,2.94617,3.64071,0.223553
698,-1.76021,2.91315,3.60065,0.223553
698.1,-1.69285,2.88547,3.54144,0.223553
698.2,-1.62971,2.86308,3.46679,0.223553
698.3,-1.57266,2.84572,3.38056,0.223553
698.4,-1.52315,2.83294,3.28657,0.223553
698.5,-1.48221,2.82416,3.1884,0.223553
698.6,-1.45045,2.81866,3.08931,0.223553
698.7,-1.4281,2.81566,2.99219,0.223553
698.8,-1.41505,2.81433,2.89952,0.223553
698.9,-1.41087,2.8138,2.81338,0.223553
699,-1.41486,2.81326,2.73545,0.223553
699.1,-1.42609,2.8119,2.66703,0.223553
699.2,-1.44343,2.809,2.60904,0.223553
699.3,-1.46564,2.80392,2.56205,0.223553
699.4,-1.49134,2.79611,2.52626,0.223553
699.5,-1.51914,2.78514,2.5015,0.223553
699.6,-1.5476,2.77071,2.48728,0.223553
699.7,-1.57538,2.75265,2.48272,0.223553
699.8,-1.60118,2.73091,2.48666,0.223553
699.9,-1.62387,2.70555,2.49762,0.223553
700,-1.64248,2.67677,2.51393,0.223553
700.1,-1.65622,2.64484,2.53375,0.223553
700.2,-1.66455,2.61014,2.55515,0.223553
700.3,-1.66715,2.5731,2.57624,0.223553
700.4,-1.66393,2.53418,2.59521,0.223553
700.5,-1.65502,2.4939,2.61043,0.223553
700.6,-1.64077,2.45273,2.62053,0.223553
700.7,-1.62166,2.41117,2.62444,0.223553
700.8,-1.59835,2.36966,2.6214,0.223553
700.9,-1.57157,2.32859,2.61102,0.223553
701,-1.54214,2.28831,2.59319,0.223553
701.1,-1.51087,2.24907,2.56813,0.223553
701.2,-1.47859,2.21109,2.5363,0.223553
701.3,-1.44608,2.1745,2.49837,0.223553
701.4,-1.41404,2.13934,2.45515,0.223553
701.5,-1.38311,2.10561,2.40756,0.223553
701.6,-1.35381,2.07324,2.35656,0.223553
701.7,-1.32657,2.04212,2.30313,0.223553
701.8,-1.3017,2.01208,2.2482,0.223553
701.9,-1.2794,1.98292,2.19265,0.223553
702,-1.25977,1.95442,2.13729,0.223553
702.1,-1.24281,1.92633,2.08281,0.223553
702.2,-1.22842,1.8984,2.02982,0.223553
702.3,-1.21645,1.8704,1.9788,0.223553
702.4,-1.20666,1.84208,1.93012,0.223553
702.5,-1.19874,1.8132,1.88405,0.223553
702.6,-1.19237,1.78358,1.84074,0.223553
702.7,-1.18718,1.75303,1.80025,0.223553
702.8,-1.1828,1.72141,1.76254,0.223553
702.9,-1.17883,1.68858,1.72749,0.223553
703,-1.17489,1.65448,1.69489,0.223553
703.1,-1.17063,1.61904,1.66449,0.223553
703.2,-1.16569,1.58225,1.63596,0.223553
703.3,-1.15979,1.54414,1.60894,0.223553
703.4,-1.15265,1.50473,1.58306,0.223553
703.5,-1.14406,1.46411,1.55792,0.223553
703.6,-1.13384,1.42236,1.53312,0.223553
703.7,-1.12188,1.37962,1.50829,0.223553
703.8,-1.10809,1.336,1.48307,0.223553
703.9,-1.09246,1.29165,1.45715,0.223553
704,-1.075,1.24672,1.43025,0.223553
704.1,-1.05578,1.20137,1.40216,0.223553
704.2,-1.03488,1.15575,1.37271,0.223553
704.3,-1.01243,1.11002,1.34179,0.223553
704.4,-0.988579,1.06432,1.30935,0.223553
704.5,-0.963483,1.01878,1.27539,0.223553
704.6,-0.937317,0.973537,1.23995,0.223553
704.7,-0.910259,0.928706,1.20315,0.223553
704.8,-0.882487,0.884388,1.16509,0.223553
704.9,-0.854175,0.840675,1.12594,0.223553
705,-0.825487,0.797645,1.08589,0.223553
705.1,-0.796576,0.755362,1.04512,0.223553
705.2,-0.76758,0.713882,1.00384,0.223553
705.3,-0.738623,0.673247,0.962254,0.223553
705.4,-0.709812,0.633492,0.920566,0.223553
705.5,-0.681235,0.594641,0.87897,0.223553
705.6,-0.652967,0.556714,0.837647,0.223553
705.7,-0.625065,0.519723,0.796767,0.223553
705.8,-0.59757,0.483675,0.756483,0.223553
705.9,-0.570511,0.448577,0.716931,0.223553
706,-0.543903,0.414432,0.67823,0.223553
706.1,-0.517751,0.381241,0.640482,0.223553
706.2,-0.492052,0.349007,0.603773,0.223553
706.3,-0.466793,0.317732,0.568172,0.223553
706.4,-0.441957,0.287423,0.533734,0.223553
706.5,-0.417523,0.258086,0.500502,0.223553
706.6,-0.393465,0.229731,0.468507,0.223553
706.7,-0.369759,0.202371,0.437769,0.223553
706.8,-0.346377,0.176022,0.4083,0.223553
706.9,-0.323295,0.150705,0.380105,0.223553
707,-0.30049,0.126442,0.353182,0.223553
707.1,-0.277941,0.103261,0.327525,0.223553
707.2,-0.255632,0.0811906,0.303123,0.223553
707.3,-0.233551,0.0602648,0.279965,0.223553
707.4,-0.211691,0.0405191,0.258034,0.223553
707.5,-0.190049,0.0219915,0.237315,0.223553
707.6,-0.168628,0.00472208,0.217789,0.223553
707.7,-0.147439,-0.011248,0.199438,0.223553
707.8,-0.126497,-0.0258765,0.182242,0.223553
707.9,-0.105824,-0.039121,0.166183,0.223553
708,-0.0854469,-0.0509394,0.151239,0.223553
708.1,-0.0654007,-0.0612909,0.137388,0.223553
708.2,-0.0457257,-0.0701359,0.124609,0.223553
708.3,-0.0264683,-0.0774378,0.112876,0.223553
708.4,-0.0076814,-0.0831628,0.102165,0.223553
708.5,0.0105766,-0.0872812,0.0924452,0.0125563
708.6,0.0282415,-0.0897681,0.0836869,0.0329589
708.7,0.0452435,-0.0906043,0.0758552,0.0519366
708.8,0.0615076,-0.0897767,0.0689119,0.0695428
708.9,0.0769538,-0.0872799,0.0628147,0.0857652
709,0.0914976,-0.0831162,0.057517,0.100631
709.1,0.10505,-0.0772974,0.0529678,0.11413
709.2,0.117519,-0.0698448,0.0491112,0.126269
709.3,0.128809,-0.0607907,0.0458868,0.137035
709.4,0.138822,-0.0501787,0.0432299,0.146408
709.5,0.147457,-0.038065,0.0410716,0.154366
709.6,0.154616,-0.0245191,0.0393398,0.160875
709.7,0.160196,-0.00962395,0.0379596,0.165895
709.8,0.1641,0.00652268,0.0368548,0.169379
709.9,0.166231,0.0238082,0.035949,0.171272
710,0.166498,0.0421044,0.0351669,0.171509
710.1,0.164816,0.0612677,0.0344366,0.170016
710.2,0.161108,0.0811387,0.0336912,0.166711
710.3,0.155307,0.101542,0.0328711,0.161499
710.4,0.147358,0.122288,0.0319262,0.154275
710.5,0.137224,0.143172,0.0308182,0.144924
710.6,0.124884,0.163975,0.0295232,0.133316
710.7,0.110337,0.184468,0.028033,0.11931
710.8,0.093609,0.204408,0.0263579,0.102753
710.9,0.0747489,0.223546,0.024527,0.0834767
711,0.0538369,0.241626,0.0225897,0.0613091
711.1,0.0309843,0.258389,0.0206151,0.0360632
711.2,0.00633633,0.273576,0.018691,0.0360632
711.3,-0.0199264,0.28693,0.0169223,0.0360632
711.4,-0.0475866,0.298202,0.0154273,0.0360632
711.5,-0.0763906,0.307156,0.0143333,0.0360632
711.6,-0.106049,0.313569,0.0137714,0.0360632
711.7,-0.136237,0.317239,0.0138698,0.0360632
711.8,-0.166599,0.317991,0.0147463,0.0360632
711.9,-0.196754,0.315674,0.0165011,0.0360632
712,-0.226296,0.310175,0.0192082,0.0360632
712.1,-0.254805,0.301413,0.022909,0.0360632
712.2,-0.281853,0.289349,0.0276051,0.0360632
712.3,-0.307012,0.273985,0.0332544,0.0360632
712.4,-0.329862,0.255367,0.0397679,0.0360632
712.5,-0.350002,0.233587,0.0470096,0.0360632
712.6,-0.367058,0.208778,0.0547992,0.0360632
712.7,-0.380692,0.181119,0.0629172,0.0360632
712.8,-0.390608,0.150832,0.0711134,0.0360632
712.9,-0.396563,0.118174,0.0791171,0.0360632
713,-0.398366,0.0834402,0.0866495,0.0360632
713.1,-0.395887,0.046958,0.0934375,0.0360632
713.2,-0.389057,0.00908041,0.0992274,0.0360632
713.3,-0.377865,-0.0298169,0.103798,0.0360632
713.4,-0.36236,-0.0693409,0.106974,0.0360632
713.5,-0.342645,-0.109086,0.108634,0.0360632
713.6,-0.318874,-0.14864,0.10872,0.0360632
713.7,-0.291245,-0.187586,0.107241,0.0360632
713.8,-0.259993,-0.22551,0.104274,0.0360632
713.9,-0.225381,-0.262,0.0999642,0.0360632
714,-0.187699,-0.296653,0.0945194,0.0360632
714.1,-0.14725,-0.329076,0.088203,0.0360632
714.2,-0.104349,-0.358885,0.081326,0.0360632
714.3,-0.0593145,-0.385713,0.0742368,0.0360632
714.4,-0.012465,-0.409204,0.0673105,0.0360632
714.5,0.0358841,-0.429015,0.0609373,0.0415102
714.6,0.0854236,-0.444822,0.0555117,0.0944684
714.7,0.135851,-0.456311,0.0514216,0.143644
714.8,0.186873,-0.463186,0.0490386,0.189267
714.9,0.238202,-0.465163,0.0487083,0.231537
715,0.289554,-0.461975,0.0507423,0.270665
715.1,0.340652,-0.453368,0.0554105,0.306853
715.2,0.391217,-0.439105,0.062934,0.340296
715.3,0.440965,-0.418965,0.0734795,0.371161
715.4,0.489607,-0.392744,0.0871528,0.399596
715.5,0.536841,-0.36026,0.103994,0.425726
715.6,0.582348,-0.321352,0.123971,0.44965
715.7,0.625788,-0.275885,0.146976,0.471444
715.8,0.666793,-0.223753,0.172821,0.491157
715.9,0.704964,-0.164884,0.201228,0.508814
716,0.739863,-0.0992449,0.231832,0.524412
716.1,0.771012,-0.0268482,0.264171,0.537919
716.2,0.797883,0.0522417,0.297687,0.549274
716.3,0.819899,0.1379,0.331722,0.558381
716.4,0.836427,0.229935,0.365523,0.565106
716.5,0.846777,0.328075,0.398244,0.56927
716.6,0.850202,0.431963,0.42896,0.57064
716.7,0.8459,0.541143,0.456683,0.568918
716.8,0.833019,0.65505,0.480388,0.563727
716.9,0.810665,0.773003,0.499053,0.554582
717,0.77792,0.894191,0.511704,0.540864
717.1,0.733862,1.01767,0.517486,0.521758
717.2,0.677592,1.14234,0.51574,0.496218
717.3,0.608279,1.26698,0.506102,0.462776
717.4,0.5252,1.39022,0.488612,0.419413
717.5,0.427812,1.51052,0.463834,0.363184
717.6,0.315811,1.62627,0.43297,0.289581
717.7,0.189223,1.73572,0.39797,0.191278
717.8,0.0484847,1.83708,0.361599,0.055496
717.9,-0.105468,1.92852,0.327455,0.055496
718,-0.271118,2.00825,0.299902,0.055496
718.1,-0.446305,2.07457,0.283904,0.055496
718.2,-0.628193,2.12597,0.284729,0.055496
718.3,-0.81328,2.16116,0.307536,0.055496
718.4,-0.99746,2.17917,0.356853,0.055496
718.5,-1.17616,2.17947,0.435993,0.055496
718.6,-1.34451,2.16194,0.546481,0.055496
718.7,-1.49764,2.12698,0.687582,0.055496
718.8,-1.63093,2.07549,0.85603,0.055496
718.9,-1.74031,2.00889,1.04603,0.055496
719,-1.8226,1.929,1.24958,0.055496
719.1,-1.87569,1.83806,1.45712,0.055496
719.2,-1.89871,1.73853,1.65835,0.055496
719.3,-1.89207,1.63306,1.84327,0.055496
719.4,-1.8574,1.5243,2.00302,0.055496
719.5,-1.79738,1.41484,2.13074,0.055496
719.6,-1.7155,1.30707,2.22193,0.055496
719.7,-1.61581,1.20311,2.27474,0.055496
719.8,-1.50262,1.10476,2.28973,0.055496
719.9,-1.38023,1.01348,2.26955,0.055496
720,-1.25272,0.930368,2.21843,0.055496
720.1,-1.12377,0.856171,2.14157,0.055496
720.2,-0.996619,0.791326,2.04459,0.055496
720.3,-0.873921,0.735989,1.93312,0.055496
720.4,-0.757816,0.690077,1.81236,0.055496
720.5,-0.649925,0.653312,1.68691,0.055496
720.6,-0.551413,0.625256,1.56061,0.055496
720.7,-0.463052,0.605352,1.43649,0.055496
720.8,-0.385287,0.592952,1.31683,0.055496
720.9,-0.3183,0.587344,1.20323,0.055496
721,-0.262074,0.587768,1.0967,0.055496
721.1,-0.216437,0.59344,0.997738,0.055496
721.2,-0.181104,0.603555,0.906517,0.055496
721.3,-0.155711,0.617304,0.822922,0.055496
721.4,-0.13983,0.633874,0.746665,0.055496
721.5,-0.132988,0.652457,0.677362,0.055496
721.6,-0.134672,0.672258,0.614589,0.055496
721.7,-0.144332,0.69249,0.557941,0.055496
721.8,-0.161378,0.712389,0.507059,0.055496
721.9,-0.185179,0.73121,0.461657,0.055496
722,-0.215054,0.748241,0.421534,0.055496
722.1,-0.250266,0.762804,0.386575,0.055496
722.2,-0.290025,0.774265,0.356744,0.055496
722.3,-0.333476,0.782041,0.332065,0.055496
722.4,-0.379706,0.785611,0.312595,0.055496
722.5,-0.427748,0.784523,0.2984,0.055496
722.6,-0.476586,0.778403,0.289512,0.055496
722.7,-0.525173,0.766966,0.285899,0.055496
722.8,-0.572444,0.750017,0.287429,0.055496
722.9,-0.617341,0.727464,0.29384,0.055496
723,-0.658833,0.699316,0.304719,0.055496
723.1,-0.695948,0.665684,0.31949,0.055496
723.2,-0.727791,0.626783,0.337419,0.055496
723.3,-0.753579,0.582923,0.357628,0.055496
723.4,-0.772655,0.534507,0.379123,0.055496
723.5,-0.784512,0.482016,0.400839,0.055496
723.6,-0.788802,0.426,0.421685,0.055496
723.7,-0.785342,0.367065,0.440601,0.055496
723.8,-0.774116,0.305859,0.456612,0.055496
723.9,-0.755264,0.243056,0.468877,0.055496
724,-0.729069,0.179342,0.476733,0.055496
724.1,-0.69594,0.115404,0.479723,0.055496
724.2,-0.65639,0.0519158,0.477616,0.055496
724.3,-0.611007,-0.0104698,0.470405,0.055496
724.4,-0.560436,-0.0711309,0.458306,0.055496
724.5,-0.505347,-0.129481,0.441729,0.055496
724.6,-0.446419,-0.184973,0.421253,0.055496
724.7,-0.38432,-0.2371,0.397593,0.055496
724.8,-0.319687,-0.285398,0.371558,0.055496
724.9,-0.253121,-0.329442,0.344018,0.055496
725,-0.185171,-0.368843,0.315867,0.055496
725.1,-0.116336,-0.403248,0.287994,0.055496
725.2,-0.0470618,-0.432332,0.261252,0.055496
725.3,0.0222582,-0.455798,0.236442,0.0261294
725.4,0.0912786,-0.473372,0.214293,0.100406
725.5,0.159697,-0.484798,0.195451,0.165447
725.6,0.227244,-0.489835,0.180473,0.222794
725.7,0.293682,-0.488259,0.169822,0.273686
725.8,0.358789,-0.479855,0.163865,0.319106
725.9,0.422357,-0.464421,0.162869,0.359838
726,0.484178,-0.441764,0.16701,0.396502
726.1,0.544039,-0.411703,0.176363,0.429588
726.2,0.601712,-0.374073,0.19091,0.459485
726.3,0.656948,-0.328721,0.210538,0.486496
726.4,0.709464,-0.275515,0.235031,0.510854
726.5,0.758943,-0.214348,0.264077,0.53273
726.6,0.805019,-0.145141,0.297257,0.552245
726.7,0.847274,-0.0678508,0.334042,0.569469
726.8,0.885227,0.0175204,0.373789,0.584428
726.9,0.918333,0.110919,0.415735,0.597105
727,0.945971,0.212229,0.458993,0.607436
727.1,0.967439,0.321259,0.50255,0.615309
727.2,0.981953,0.437735,0.545272,0.620558
727.3,0.988641,0.56128,0.585908,0.622958
727.4,0.986544,0.691408,0.623109,0.622207
727.5,0.974621,0.827502,0.65546,0.617913
727.6,0.951752,0.968805,0.681515,0.609569
727.7,0.916762,1.1144,0.699868,0.596511
727.8,0.868439,1.26321,0.709234,0.577868
727.9,0.805568,1.41396,0.708559,0.552472
728,0.726984,1.5652,0.697159,0.518714
728.1,0.631634,1.7153,0.674885,0.474304
728.2,0.518656,1.86242,0.642302,0.415829
728.3,0.387481,2.00458,0.600887,0.3379
728.4,0.237944,2.13964,0.553205,0.231334
728.5,0.0704203,2.26538,0.503048,0.0789561
728.6,-0.114049,2.3795,0.455493,0.0789561
728.7,-0.313625,2.47978,0.416835,0.0789561
728.8,-0.525567,2.56408,0.394348,0.0789561
728.9,-0.746175,2.63049,0.395842,0.0789561
729,-0.970791,2.67743,0.428994,0.0789561
729.1,-1.19389,2.70378,0.500505,0.0789561
729.2,-1.4093,2.70893,0.615135,0.0789561
729.3,-1.61044,2.69293,0.774765,0.0789561
729.4,-1.7908,2.65649,0.977649,0.0789561
729.5,-1.94432,2.601,1.21804,0.0789561
729.6,-2.06589,2.52851,1.48632,0.0789561
729.7,-2.15178,2.44162,1.76967,0.0789561
729.8,-2.1999,2.34339,2.05329,0.0789561
729.9,-2.21003,2.23712,2.32191,0.0789561
730,-2.18376,2.12623,2.56138,0.0789561
730.1,-2.12432,2.01408,2.76006,0.0789561
730.2,-2.03626,1.90376,2.90986,0.0789561
730.3,-1.92503,1.79805,3.00665,0.0789561
730.4,-1.79655,1.69925,3.05021,0.0789561
730.5,-1.6568,1.60919,3.04366,0.0789561
730.6,-1.51147,1.52916,2.9927,0.0789561
730.7,-1.36569,1.46,2.90464,0.0789561
730.8,-1.22389,1.40208,2.78751,0.0789561
730.9,-1.08968,1.35537,2.64932,0.0789561
731,-0.965913,1.31951,2.49746,0.0789561
731.1,-0.854672,1.29389,2.33839,0.0789561
731.2,-0.757386,1.27766,2.17746,0.0789561
731.3,-0.674913,1.26982,2.01884,0.0789561
731.4,-0.607643,1.26927,1.86567,0.0789561
731.5,-0.555581,1.27482,1.72015,0.0789561
731.6,-0.518433,1.28522,1.58376,0.0789561
731.7,-0.49566,1.29923,1.45738,0.0789561
731.8,-0.48653,1.3156,1.34153,0.0789561
731.9,-0.49015,1.33308,1.23647,0.0789561
732,-0.505485,1.35048,1.14232,0.0789561
732.1,-0.531376,1.36666,1.05913,0.0789561
732.2,-0.566545,1.38052,0.986986,0.0789561
732.3,-0.609603,1.39108,0.92596,0.0789561
732.4,-0.659056,1.39743,0.876147,0.0789561
732.5,-0.713316,1.39877,0.837617,0.0789561
732.6,-0.770721,1.39444,0.81037,0.0789561
732.7,-0.829552,1.38392,0.794273,0.0789561
732.8,-0.88807,1.36683,0.788999,0.0789561
732.9,-0.94455,1.34294,0.793966,0.0789561
733,-0.997325,1.31222,0.808294,0.0789561
733.1,-1.04484,1.27476,0.830784,0.0789561
733.2,-1.08568,1.23084,0.859919,0.0789561
733.3,-1.11866,1.18087,0.893902,0.0789561
733.4,-1.1428,1.1254,0.930719,0.0789561
733.5,-1.15741,1.06509,0.968232,0.0789561
733.6,-1.16208,1.00069,1.00428,0.0789561
733.7,-1.1567,0.933024,1.0368,0.0789561
733.8,-1.14143,0.862944,1.06394,0.0789561
733.9,-1.11668,0.791323,1.08413,0.0789561
734,-1.08312,0.719022,1.09618,0.0789561
734.1,-1.04155,0.646871,1.09933,0.0789561
734.2,-0.992964,0.575649,1.09324,0.0789561
734.3,-0.938398,0.50607,1.07797,0.0789561
734.4,-0.878952,0.438777,1.05397,0.0789561
734.5,-0.815721,0.374331,1.02198,0.0789561
734.6,-0.749765,0.313212,0.983013,0.0789561
734.7,-0.682079,0.255819,0.938216,0.0789561
734.8,-0.613573,0.202473,0.888842,0.0789561
734.9,-0.545059,0.153423,0.836165,0.0789561
735,-0.477243,0.108855,0.781431,0.0789561
735.1,-0.410727,0.0688934,0.725804,0.0789561
735.2,-0.346011,0.0336164,0.67034,0.0789561
735.3,-0.283503,0.00305772,0.615965,0.0789561
735.4,-0.223525,-0.0227842,0.563458,0.0789561
735.5,-0.166327,-0.0439403,0.513453,0.0789561
735.6,-0.112101,-0.0604656,0.46644,0.0789561
735.7,-0.0609864,-0.0724349,0.422775,0.0789561
735.8,-0.0130883,-0.0799392,0.382686,0.0789561
735.9,0.0315167,-0.0830836,0.346294,0.0366679
736,0.0727698,-0.0819852,0.313618,0.0814146
736.1,0.110622,-0.0767729,0.284596,0.119587
736.2,0.145028,-0.0675867,0.259091,0.15214
736.3,0.175941,-0.0545787,0.236911,0.179812
736.4,0.203307,-0.0379136,0.217812,0.203173
736.5,0.227064,-0.0177709,0.201516,0.222649
736.6,0.247138,0.00565403,0.187714,0.238562
736.7,0.263446,0.0321477,0.176077,0.25114
736.8,0.27589,0.0614765,0.166265,0.260539
736.9,0.284367,0.0933842,0.157932,0.266844
737,0.288761,0.12759,0.150739,0.270083
737.1,0.288957,0.163789,0.144354,0.270227
737.2,0.284836,0.201644,0.138468,0.267191
737.3,0.276285,0.240794,0.132798,0.260835
737.4,0.263205,0.280845,0.1271,0.250959
737.5,0.245513,0.321374,0.121176,0.237291
737.6,0.223153,0.36193,0.114883,0.219492
737.7,0.196104,0.402034,0.108145,0.197124
737.8,0.164392,0.441182,0.100958,0.169638
737.9,0.128096,0.478853,0.0933979,0.136359
738,0.0873607,0.514505,0.085628,0.0964402
738.1,0.0424068,0.547592,0.0778956,0.0488202
738.2,-0.00646247,0.577563,0.0705322,0.0488202
738.3,-0.0588517,0.603877,0.0639445,0.0488202
738.4,-0.114268,0.62601,0.0586006,0.0488202
738.5,-0.172119,0.643465,0.0550102,0.0488202
738.6,-0.231712,0.655789,0.0536979,0.0488202
738.7,-0.29226,0.662578,0.0551716,0.0488202
738.8,-0.352889,0.663494,0.0598855,0.0488202
738.9,-0.412657,0.658276,0.0682023,0.0488202
739,-0.470566,0.646747,0.0803544,0.0488202
739.1,-0.525592,0.628827,0.0964102,0.0488202
739.2,-0.57671,0.604535,0.116247,0.0488202
739.3,-0.622926,0.573997,0.139534,0.0488202
739.4,-0.663305,0.537444,0.165733,0.0488202
739.5,-0.697006,0.495209,0.194106,0.0488202
739.6,-0.723308,0.447723,0.22375,0.0488202
739.7,-0.741635,0.395507,0.253632,0.0488202
739.8,-0.751573,0.339158,0.282655,0.0488202
739.9,-0.752885,0.279338,0.30971,0.0488202
740,-0.745508,0.216758,0.333746,0.0488202
740.1,-0.729552,0.152165,0.353832,0.0488202
740.2,-0.70529,0.0863205,0.36921,0.0488202
740.3,-0.673134,0.0199939,0.379335,0.0488202
740.4,-0.633616,-0.0460567,0.383906,0.0488202
740.5,-0.587362,-0.111093,0.382873,0.0488202
740.6,-0.535061,-0.174408,0.376436,0.0488202
740.7,-0.477439,-0.235329,0.365022,0.0488202
740.8,-0.415236,-0.293226,0.34926,0.0488202
740.9,-0.349181,-0.34751,0.329941,0.0488202
741,-0.279973,-0.397639,0.307978,0.0488202
741.1,-0.208268,-0.443108,0.284363,0.0488202
741.2,-0.13467,-0.483455,0.260127,0.0488202
741.3,-0.059723,-0.51825,0.236307,0.0488202
741.4,0.0160903,-0.547096,0.213908,0.0190036
741.5,0.0923463,-0.569622,0.193884,0.101482
741.6,0.168678,-0.585476,0.177116,0.173437
741.7,0.244766,-0.594325,0.1644,0.236707
741.8,0.320337,-0.59585,0.156435,0.292772
741.9,0.395147,-0.589741,0.153819,0.342806
742,0.468979,-0.575695,0.157047,0.387736
742.1,0.541629,-0.553417,0.166511,0.428299
742.2,0.612898,-0.522615,0.182496,0.465078
742.3,0.682581,-0.483005,0.205183,0.498539
742.4,0.750459,-0.434308,0.23465,0.529049
742.5,0.816286,-0.376256,0.270862,0.556898
742.6,0.879782,-0.308594,0.313674,0.58231
742.7,0.940622,-0.231083,0.362821,0.605454
742.8,0.998426,-0.143511,0.41791,0.626447
742.9,1.05275,-0.0456944,0.478408,0.645365
743,1.10306,0.0625085,0.543628,0.662238
743.1,1.14875,0.181189,0.612715,0.677058
743.2,1.18911,0.310375,0.684631,0.689773
743.3,1.22331,0.450017,0.758136,0.700286
743.4,1.25039,0.599972,0.831778,0.70845
743.5,1.26928,0.759987,0.903881,0.71406
743.6,1.27873,0.929674,0.972547,0.716843
743.7,1.27736,1.10849,1.03567,0.716441
743.8,1.26363,1.29572,1.09096,0.712388
743.9,1.23582,1.49045,1.13601,0.704076
744,1.19211,1.69151,1.16841,0.690705
744.1,1.13054,1.89751,1.18582,0.671206
744.2,1.0491,2.10676,1.18627,0.644117
744.3,0.945782,2.31729,1.16834,0.607366
744.4,0.818707,2.52684,1.13153,0.557892
744.5,0.666234,2.73281,1.07662,0.490894
744.6,0.487161,2.93237,1.00615,0.398204
744.7,0.280942,3.12242,0.924819,0.264306
744.8,0.0479421,3.29969,0.839822,0.0549031
744.9,-0.21029,3.46086,0.761061,0.0549031
745,-0.490751,3.60266,0.700997,0.0549031
745.1,-0.788769,3.72202,0.674096,0.0549031
745.2,-1.09788,3.81631,0.695741,0.0549031
745.3,-1.40987,3.88352,0.780576,0.0549031
745.4,-1.71502,3.92245,0.940404,0.0549031
745.5,-2.0026,3.93287,1.1819,0.0549031
745.6,-2.26158,3.91571,1.50458,0.0549031
745.7,-2.48155,3.873,1.89949,0.0549031
745.8,-2.6537,3.80792,2.34914,0.0549031
745.9,-2.77169,3.72456,2.82891,0.0549031
746,-2.83235,3.62773,3.30973,0.0549031
746.1,-2.83598,3.52263,3.76168,0.0549031
746.2,-2.7863,3.41453,4.15778,0.0549031
746.3,-2.68996,3.30841,4.47709,0.0549031
746.4,-2.55578,3.20875,4.70666,0.0549031
746.5,-2.39387,3.11923,4.84207,0.0549031
746.6,-2.21469,3.04269,4.88661,0.0549031
746.7,-2.0283,2.98105,4.84962,0.0549031
746.8,-1.84378,2.93533,4.74433,0.0549031
746.9,-1.66882,2.90577,4.58578,0.0549031
747,-1.50957,2.89188,4.38906,0.0549031
747.1,-1.37068,2.89261,4.16808,0.0549031
747.2,-1.25532,2.90644,3.93484,0.0549031
747.3,-1.16545,2.93153,3.6992,0.0549031
747.4,-1.10191,2.96578,3.46893,0.0549031
747.5,-1.06467,3.00696,3.24999,0.0549031
747.6,-1.05293,3.05277,3.04696,0.0549031
747.7,-1.06526,3.10089,2.86338,0.0549031
747.8,-1.09969,3.14907,2.70211,0.0549031
747.9,-1.15376,3.19517,2.56557,0.0549031
748,-1.22458,3.23721,2.45588,0.0549031
748.1,-1.30887,3.27342,2.37486,0.0549031
748.2,-1.40304,3.30232,2.32393,0.0549031
748.3,-1.50323,3.32271,2.30395,0.0549031
748.4,-1.60545,3.33372,2.31494,0.0549031
748.5,-1.70566,3.33489,2.35592,0.0549031
748.6,-1.79998,3.32611,2.42465,0.0549031
748.7,-1.88482,3.30766,2.51757,0.0549031
748.8,-1.95705,3.28018,2.62983,0.0549031
748.9,-2.01418,3.24464,2.75548,0.0549031
749,-2.05444,3.20226,2.88779,0.0549031
749.1,-2.0769,3.15448,3.0197,0.0549031
749.2,-2.08151,3.10286,3.14433,0.0549031
749.3,-2.06899,3.049,3.25545,0.0549031
749.4,-2.04082,2.99447,3.34788,0.0549031
749.5,-1.99908,2.94075,3.41785,0.0549031
749.6,-1.9463,2.88914,3.46308,0.0549031
749.7,-1.88525,2.84073,3.48284,0.0549031
749.8,-1.81884,2.79641,3.47777,0.0549031
749.9,-1.7499,2.75677,3.44969,0.0549031
750,-1.6811,2.72218,3.40128,0.0549031
750.1,-1.61482,2.69277,3.33582,0.0549031
750.2,-1.55311,2.66842,3.25687,0.0549031
750.3,-1.49762,2.64886,3.16808,0.0549031
750.4,-1.44962,2.63361,3.07297,0.0549031
750.5,-1.40998,2.62208,2.9748,0.0549031
750.6,-1.37918,2.61358,2.87653,0.0549031
750.7,-1.35738,2.60734,2.78072,0.0549031
750.8,-1.3444,2.60256,2.68955,0.0549031
750.9,-1.33979,2.59844,2.60483,0.0549031
751,-1.34285,2.59419,2.52801,0.0549031
751.1,-1.35269,2.58905,2.46019,0.0549031
751.2,-1.36825,2.58234,2.40213,0.0549031
751.3,-1.38832,2.57345,2.35428,0.0549031
751.4,-1.41165,2.56187,2.31675,0.0549031
751.5,-1.4369,2.54719,2.28936,0.0549031
751.6,-1.46278,2.52913,2.2716,0.0549031
751.7,-1.488,2.50751,2.26267,0.0549031
751.8,-1.51137,2.48228,2.26149,0.0549031
751.9,-1.53182,2.4535,2.26674,0.0549031
752,-1.54844,2.42134,2.27691,0.0549031
752.1,-1.5605,2.38605,2.29033,0.0549031
752.2,-1.56744,2.34797,2.30529,0.0549031
752.3,-1.56896,2.3075,2.32009,0.0549031
752.4,-1.56492,2.26508,2.33308,0.0549031
752.5,-1.55542,2.22118,2.34281,0.0549031
752.6,-1.54071,2.17627,2.34801,0.0549031
752.7,-1.52124,2.13082,2.34768,0.0549031
752.8,-1.49755,2.08524,2.34111,0.0549031
752.9,-1.47029,2.03995,2.32789,0.0549031
753,-1.4402,1.99529,2.30789,0.0549031
753.1,-1.40803,1.95153,2.28124,0.0549031
753.2,-1.37451,1.9089,2.24831,0.0549031
753.3,-1.34038,1.86756,2.20965,0.0549031
753.4,-1.30631,1.8276,2.16595,0.0549031
753.5,-1.2729,1.78906,2.11802,0.0549031
753.6,-1.24067,1.75191,2.06669,0.0549031
753.7,-1.21007,1.71608,2.01282,0.0549031
753.8,-1.18142,1.68146,1.95725,0.0549031
753.9,-1.15498,1.64789,1.90077,0.0549031
754,-1.13088,1.61519,1.84412,0.0549031
754.1,-1.1092,1.58316,1.78793,0.0549031
754.2,-1.08991,1.55159,1.73277,0.0549031
754.3,-1.07292,1.52026,1.6791,0.0549031
754.4,-1.05808,1.48896,1.62729,0.0549031
754.5,-1.04518,1.45748,1.57762,0.0549031
754.6,-1.03396,1.42561,1.53029,0.0549031
754.7,-1.02414,1.39319,1.4854,0.0549031
754.8,-1.01541,1.36006,1.44298,0.0549031
754.9,-1.00745,1.32607,1.40299,0.0549031
755,-0.999918,1.29114,1.36533,0.0549031
755.1,-0.992503,1.25518,1.32983,0.0549031
755.2,-0.984887,1.21815,1.2963,0.0549031
755.3,-0.976779,1.18002,1.26449,0.0549031
755.4,-0.967909,1.1408,1.23413,0.0549031
755.5,-0.95804,1.10053,1.20493,0.0549031
755.6,-0.946967,1.05927,1.17661,0.0549031
755.7,-0.934523,1.0171,1.14886,0.0549031
755.8,-0.920577,0.974114,1.12141,0.0549031
755.9,-0.905039,0.930436,1.09399,0.0549031
756,-0.887855,0.886195,1.06636,0.0549031
756.1,-0.869006,0.841533,1.03831,0.0549031
756.2,-0.848509,0.796598,1.00968,0.0549031
756.3,-0.826409,0.751543,0.980333,0.0549031
756.4,-0.802779,0.706522,0.950182,0.0549031
756.5,-0.777712,0.66169,0.919179,0.0549031
756.6,-0.751321,0.617198,0.887318,0.0549031
756.7,-0.723732,0.573194,0.854628,0.0549031
756.8,-0.695081,0.529817,0.821176,0.0549031
756.9,-0.665508,0.487203,0.787057,0.0549031
757,-0.635158,0.445477,0.752389,0.0549031
757.1,-0.604173,0.404757,0.717313,0.0549031
757.2,-0.572692,0.365153,0.681985,0.0549031
757.3,-0.54085,0.326766,0.646568,0.0549031
757.4,-0.508773,0.289689,0.611232,0.0549031
757.5,-0.476579,0.254007,0.576148,0.0549031
757.6,-0.44438,0.219799,0.541483,0.0549031
757.7,-0.412275,0.187134,0.507398,0.0549031
757.8,-0.380356,0.156078,0.474046,0.0549031
757.9,-0.348707,0.126689,0.441568,0.0549031
758,-0.317404,0.0990223,0.410093,0.0549031
758.1,-0.286515,0.0731263,0.379735,0.0549031
758.2,-0.256102,0.0490463,0.350595,0.0549031
758.3,-0.226224,0.0268236,0.32276,0.0549031
758.4,-0.196932,0.00649595,0.2963,0.0549031
758.5,-0.168279,-0.0119024,0.271273,0.0549031
758.6,-0.140314,-0.0283404,0.247721,0.0549031
758.7,-0.113083,-0.0427905,0.225674,0.0549031
758.8,-0.0866371,-0.0552287,0.205147,0.0549031
758.9,-0.0610251,-0.0656348,0.186145,0.0549031
759,-0.036299,-0.0739926,0.168658,0.0549031
759.1,-0.0125137,-0.0802909,0.152668,0.0549031
759.2,0.0102728,-0.0845233,0.138144,0.0124269
759.3,0.0319984,-0.0866895,0.125045,0.037208
759.4,0.0525969,-0.0867958,0.113321,0.0599624
759.5,0.0719975,-0.0848555,0.102913,0.0806101
759.6,0.0901247,-0.0808905,0.0937514,0.099241
759.7,0.106898,-0.0749315,0.0857603,0.115946
759.8,0.122234,-0.0670194,0.0788555,0.13079
759.9,0.136043,-0.0572058,0.072946,0.143824
760,0.148233,-0.0455546,0.0679345,0.155075
760.1,0.158709,-0.0321424,0.0637188,0.164562
760.2,0.167373,-0.0170596,0.0601925,0.172283
760.3,0.174126,-0.000411408,0.0572464,0.178226
760.4,0.178872,0.0176817,0.0547705,0.182363
760.5,0.181513,0.0370828,0.0526552,0.184652
760.6,0.181956,0.0576385,0.0507939,0.185035
760.7,0.180116,0.0791781,0.0490853,0.183444
760.8,0.175913,0.101514,0.0474356,0.179789
760.9,0.16928,0.124441,0.0457616,0.173968
761,0.160162,0.147737,0.0439937,0.165864
761.1,0.148522,0.171165,0.0420785,0.155339
761.2,0.134342,0.194471,0.0399818,0.142235
761.3,0.11763,0.21739,0.0376914,0.126376
761.4,0.0984187,0.239642,0.035219,0.107564
761.5,0.0767724,0.260941,0.0326017,0.0855776
761.6,0.0527898,0.280992,0.029903,0.0601753
761.7,0.0266064,0.299499,0.0272124,0.0311015
761.8,-0.00160209,0.316165,0.0246438,0.0311015
761.9,-0.0316182,0.330699,0.0223324,0.0311015
762,-0.0631813,0.342819,0.0204302,0.0311015
762.1,-0.0959875,0.352258,0.0191001,0.0311015
762.2,-0.129691,0.358769,0.0185079,0.0311015
762.3,-0.163905,0.362128,0.0188139,0.0311015
762.4,-0.198207,0.362142,0.0201627,0.0311015
762.5,-0.232145,0.358654,0.0226728,0.0311015
762.6,-0.265241,0.351546,0.0264269,0.0311015
762.7,-0.297003,0.340743,0.0314619,0.0311015
762.8,-0.326931,0.326219,0.0377617,0.0311015
762.9,-0.354531,0.307995,0.0452512,0.0311015
763,-0.379324,0.286145,0.0537943,0.0311015
763.1,-0.400856,0.260795,0.0631945,0.0311015
763.2,-0.418713,0.232121,0.0732,0.0311015
763.3,-0.432526,0.200348,0.0835123,0.0311015
763.4,-0.441986,0.165748,0.0937979,0.0311015
763.5,-0.446845,0.128637,0.103704,0.0311015
763.6,-0.446926,0.0893662,0.112874,0.0311015
763.7,-0.442121,0.0483217,0.120968,0.0311015
763.8,-0.432397,0.00591556,0.127679,0.0311015
763.9,-0.417792,-0.0374188,0.13275,0.0311015
764,-0.398408,-0.0812333,0.135987,0.0311015
764.1,-0.374412,-0.12507,0.137273,0.0311015
764.2,-0.346021,-0.168469,0.136572,0.0311015
764.3,-0.313498,-0.210969,0.133936,0.0311015
764.4,-0.277145,-0.252115,0.1295,0.0311015
764.5,-0.237288,-0.291462,0.123483,0.0311015
764.6,-0.194274,-0.328577,0.116173,0.0311015
764.7,-0.148458,-0.363037,0.107923,0.0311015
764.8,-0.100201,-0.394439,0.0991375,0.0311015
764.9,-0.0498608,-0.422395,0.0902554,0.0311015
765,0.00221348,-0.44653,0.0817406,0.0311015
765.1,0.055682,-0.466489,0.0740663,0.0633025
765.2,0.110218,-0.481931,0.0677023,0.119193
765.3,0.165506,-0.492533,0.0631033,0.170629
765.4,0.221246,-0.497982,0.0606976,0.217945
765.5,0.277147,-0.497985,0.0608777,0.261479
765.6,0.332926,-0.49226,0.063992,0.301544
765.7,0.388305,-0.48054,0.0703367,0.33843
765.8,0.443008,-0.462571,0.0801498,0.372389
765.9,0.496755,-0.438119,0.0936045,0.40364
766,0.549255,-0.406962,0.110804,0.432368
766.1,0.600204,-0.368901,0.131776,0.458726
766.2,0.649278,-0.323756,0.156466,0.482834
766.3,0.696126,-0.271374,0.184733,0.504783
766.4,0.740365,-0.211632,0.216343,0.524632
766.5,0.781573,-0.144441,0.250964,0.542414
766.6,0.819282,-0.0697535,0.288158,0.558128
766.7,0.852973,0.0124308,0.327376,0.571745
766.8,0.882069,0.102055,0.367955,0.583201
766.9,0.905929,0.198998,0.409114,0.592394
767,0.923844,0.303061,0.449955,0.599183
767.1,0.935035,0.413963,0.489465,0.603375
767.2,0.938648,0.53132,0.526533,0.60472
767.3,0.933757,0.65464,0.559961,0.602898
767.4,0.919371,0.783308,0.5885,0.597497
767.5,0.894438,0.91657,0.610895,0.587989
767.6,0.857867,1.05353,0.62594,0.573691
767.7,0.808552,1.19312,0.63257,0.553709
767.8,0.745402,1.33411,0.629953,0.526842
767.9,0.667396,1.47511,0.617624,0.491441
768,0.573634,1.61455,0.595627,0.445156
768.1,0.463421,1.75069,0.564675,0.384491
768.2,0.336355,1.88165,0.526312,0.30391
768.3,0.192427,2.00544,0.483053,0.194008
768.4,0.0321402,2.11998,0.438487,0.0373676
768.5,-0.143382,2.22317,0.397301,0.0373676
768.6,-0.332286,2.31295,0.365184,0.0373676
768.7,-0.531907,2.3874,0.348591,0.0373676
768.8,-0.738734,2.44479,0.354324,0.0373676
768.9,-0.94842,2.48373,0.38895,0.0373676
769,-1.15589,2.50322,0.458055,0.0373676
769.1,-1.35551,2.5028,0.565445,0.0373676
769.2,-1.54138,2.48253,0.712372,0.0373676
769.3,-1.70764,2.44311,0.896944,0.0373676
769.4,-1.84893,2.38585,1.11385,0.0373676
769.5,-1.96072,2.31263,1.35453,0.0373676
769.6,-2.03968,2.22584,1.60773,0.0373676
769.7,-2.08399,2.12825,1.8606,0.0373676
769.8,-2.09341,2.0229,2.09987,0.0373676
769.9,-2.0693,1.9129,2.31329,0.0373676
770,-2.01448,1.80133,2.49069,0.0373676
770.1,-1.93292,1.69105,2.62494,0.0373676
770.2,-1.8294,1.58465,2.71226,0.0373676
770.3,-1.70918,1.4843,2.75222,0.0373676
770.4,-1.57757,1.39175,2.74734,0.0373676
770.5,-1.4397,1.30832,2.70239,0.0373676
770.6,-1.30022,1.23486,2.62367,0.0373676
770.7,-1.16318,1.17185,2.51816,0.0373676
770.8,-1.03197,1.11939,2.39295,0.0373676
770.9,-0.909252,1.07729,2.25466,0.0373676
771,-0.797061,1.04508,2.10916,0.0373676
771.1,-0.69682,1.02214,1.96136,0.0373676
771.2,-0.609445,1.00765,1.81514,0.0373676
771.3,-0.535422,1.00069,1.67344,0.0373676
771.4,-0.474893,1.00029,1.53835,0.0373676
771.5,-0.427727,1.00539,1.41123,0.0373676
771.6,-0.39358,1.01492,1.29288,0.0373676
771.7,-0.371941,1.02781,1.18371,0.0373676
771.8,-0.362166,1.04296,1.08381,0.0373676
771.9,-0.363502,1.05932,0.993141,0.0373676
772,-0.375103,1.07585,0.911561,0.0373676
772.1,-0.396034,1.09156,0.838924,0.0373676
772.2,-0.425277,1.10549,0.775113,0.0373676
772.3,-0.46173,1.11677,0.720059,0.0373676
772.4,-0.504211,1.12456,0.673739,0.0373676
772.5,-0.551463,1.12815,0.636161,0.0373676
772.6,-0.602156,1.12689,0.607325,0.0373676
772.7,-0.654906,1.12025,0.587186,0.0373676
772.8,-0.70829,1.10782,0.575599,0.0373676
772.9,-0.760871,1.0893,0.572275,0.0373676
773,-0.811227,1.06454,0.576734,0.0373676
773.1,-0.857988,1.03352,0.588273,0.0373676
773.2,-0.899867,0.996357,0.605955,0.0373676
773.3,-0.935705,0.953289,0.628607,0.0373676
773.4,-0.964499,0.904687,0.654853,0.0373676
773.5,-0.985435,0.851035,0.683156,0.0373676
773.6,-0.997911,0.792912,0.711887,0.0373676
773.7,-1.00155,0.730975,0.739401,0.0373676
773.8,-0.996216,0.665947,0.764123,0.0373676
773.9,-0.981981,0.598585,0.784623,0.0373676
774,-0.959138,0.52967,0.799696,0.0373676
774.1,-0.928162,0.459983,0.808414,0.0373676
774.2,-0.889684,0.390286,0.81016,0.0373676
774.3,-0.844454,0.321311,0.804649,0.0373676
774.4,-0.793305,0.253747,0.791914,0.0373676
774.5,-0.737119,0.188227,0.772289,0.0373676
774.6,-0.676791,0.125328,0.746359,0.0373676
774.7,-0.613201,0.0655628,0.714919,0.0373676
774.8,-0.547191,0.00938426,0.678912,0.0373676
774.9,-0.479546,-0.0428162,0.639377,0.0373676
775,-0.410978,-0.0907039,0.597392,0.0373676
775.1,-0.342126,-0.133996,0.554032,0.0373676
775.2,-0.273545,-0.172457,0.510328,0.0373676
775.3,-0.205716,-0.205892,0.467235,0.0373676
775.4,-0.139043,-0.234142,0.425613,0.0373676
775.5,-0.0738677,-0.257076,0.386209,0.0373676
775.6,-0.0104717,-0.274592,0.349652,0.0373676
775.7,0.0509097,-0.286605,0.31645,0.058136
775.8,0.110079,-0.293052,0.28699,0.119057
775.9,0.166865,-0.293881,0.261548,0.171834
776,0.221115,-0.289057,0.240288,0.217839
776.1,0.272686,-0.278558,0.223274,0.258136
776.2,0.321433,-0.262375,0.21048,0.293542
776.3,0.367205,-0.240513,0.201791,0.324692
776.4,0.409836,-0.212996,0.197013,0.352072
776.5,0.449141,-0.179863,0.195881,0.376056
776.6,0.48491,-0.141179,0.19806,0.39692
776.7,0.516904,-0.0970337,0.203154,0.414865
776.8,0.544852,-0.0475475,0.210706,0.430022
776.9,0.568447,0.00712326,0.220207,0.442465
777,0.587348,0.066781,0.231097,0.452209
777.1,0.601178,0.131181,0.242776,0.459217
777.2,0.609524,0.200026,0.254609,0.463398
777.3,0.611942,0.272959,0.265937,0.464602
777.4,0.607958,0.349558,0.276094,0.462616
777.5,0.597082,0.42933,0.284426,0.457152
777.6,0.578809,0.511704,0.290312,0.447831
777.7,0.552638,0.596031,0.293197,0.434164
777.8,0.518086,0.681576,0.292623,0.415516
777.9,0.474709,0.767519,0.288278,0.391058
778,0.422125,0.852954,0.280031,0.359695
778.1,0.360047,0.936898,0.267989,0.319944
778.2,0.288314,1.01829,0.252541,0.269754
778.3,0.206929,1.09601,0.234402,0.206189
778.4,0.1161,1.16888,0.214644,0.124901
778.5,0.0162773,1.23571,0.194712,0.0192182
778.6,-0.0918049,1.29531,0.176413,0.0192182
778.7,-0.207097,1.3465,0.161868,0.0192182
778.8,-0.328211,1.38819,0.153428,0.0192182
778.9,-0.453413,1.41937,0.153545,0.0192182
779,-0.580632,1.43918,0.164597,0.0192182
779.1,-0.707495,1.44697,0.188682,0.0192182
779.2,-0.831385,1.44227,0.227393,0.0192182
779.3,-0.949531,1.4249,0.281588,0.0192182
779.4,-1.05911,1.39493,0.351207,0.0192182
779.5,-1.15739,1.35274,0.435137,0.0192182
779.6,-1.24184,1.299,0.531178,0.0192182
779.7,-1.3103,1.23463,0.636108,0.0192182
779.8,-1.36107,1.16083,0.745867,0.0192182
779.9,-1.39302,1.079,0.855838,0.0192182
780,-1.40564,0.990666,0.961195,0.0192182
780.1,-1.39906,0.897494,1.05728,0.0192182
780.2,-1.37403,0.801166,1.13996,0.0192182
780.3,-1.33181,0.703353,1.20594,0.0192182
780.4,-1.27415,0.605656,1.25295,0.0192182
780.5,-1.20308,0.509563,1.27985,0.0192182
780.6,-1.12086,0.416418,1.28663,0.0192182
780.7,-1.02981,0.327396,1.27427,0.0192182
780.8,-0.932234,0.243498,1.2446,0.0192182
780.9,-0.830288,0.165544,1.20005,0.0192182
781,-0.725954,0.0941838,1.14345,0.0192182
781.1,-0.620974,0.0299107,1.07777,0.0192182
781.2,-0.516833,-0.0269241,1.00598,0.0192182
781.3,-0.414758,-0.0760896,0.930888,0.0192182
781.4,-0.315724,-0.117456,0.854997,0.0192182
781.5,-0.220482,-0.150976,0.780488,0.0192182
781.6,-0.129586,-0.176665,0.709158,0.0192182
781.7,-0.043423,-0.194588,0.642425,0.0192182
781.8,0.0377499,-0.204847,0.581343,0.0436543
781.9,0.113776,-0.207569,0.526628,0.122652
782,0.184569,-0.2029,0.478699,0.187289
782.1,0.250087,-0.191,0.437715,0.240859
782.2,0.310307,-0.172041,0.403611,0.285673
782.3,0.365209,-0.146206,0.37614,0.323373
782.4,0.414761,-0.113687,0.354903,0.355141
782.5,0.458902,-0.0746945,0.339372,0.381837
782.6,0.497535,-0.0294555,0.328923,0.404079
782.7,0.530523,0.0217788,0.322848,0.42231
782.8,0.557679,0.078728,0.320378,0.436826
782.9,0.578766,0.141075,0.320695,0.447809
783,0.593499,0.208461,0.322946,0.455338
783.1,0.601545,0.280476,0.326263,0.459401
783.2,0.602525,0.356651,0.329777,0.459894
783.3,0.596027,0.436457,0.332637,0.456618
783.4,0.581611,0.519289,0.334041,0.449272
783.5,0.558826,0.604468,0.333256,0.437429
783.6,0.527222,0.691233,0.329662,0.420515
783.7,0.486377,0.77874,0.322789,0.397757
783.8,0.435919,0.866059,0.312363,0.368116
783.9,0.375558,0.95218,0.298359,0.330175
784,0.30512,1.03601,0.281045,0.281964
784.1,0.224588,1.11641,0.261035,0.220653
784.2,0.134142,1.19217,0.239323,0.142047
784.3,0.0342049,1.26204,0.217301,0.03969
784.4,-0.0745196,1.3248,0.196755,0.03969
784.5,-0.191006,1.37922,0.179826,0.03969
784.6,-0.313881,1.42415,0.168924,0.03969
784.7,-0.441413,1.45853,0.166604,0.03969
784.8,-0.571513,1.48144,0.175387,0.03969
784.9,-0.70177,1.49216,0.197545,0.03969
785,-0.829506,1.49017,0.234863,0.03969
785.1,-0.951859,1.47524,0.288395,0.03969
785.2,-1.0659,1.44739,0.358253,0.03969
785.3,-1.16875,1.40696,0.443453,0.03969
785.4,-1.25776,1.3546,0.541856,0.03969
785.5,-1.3306,1.29122,0.650224,0.03969
785.6,-1.38544,1.21804,0.764394,0.03969
785.7,-1.42102,1.13644,0.87956,0.03969
785.8,-1.43672,1.04803,0.990639,0.03969
785.9,-1.43262,0.954476,1.09268,0.03969
786,-1.40942,0.85753,1.18123,0.03969
786.1,-1.3684,0.758911,1.25269,0.03969
786.2,-1.31132,0.660276,1.30455,0.03969
786.3,-1.2403,0.563166,1.33545,0.03969
786.4,-1.15766,0.468969,1.34526,0.03969
786.5,-1.06585,0.378905,1.33491,0.03969
786.6,-0.967248,0.294002,1.30622,0.03969
786.7,-0.864134,0.215106,1.2617,0.03969
786.8,-0.758583,0.142878,1.20425,0.03969
786.9,-0.652426,0.0778164,1.13698,0.03969
787,-0.547224,0.0202679,1.063,0.03969
787.1,-0.444264,-0.0295477,0.985207,0.03969
787.2,-0.344573,-0.0715182,0.906249,0.03969
787.3,-0.248936,-0.105618,0.828396,0.03969
787.4,-0.157931,-0.131891,0.753523,0.03969
787.5,-0.071962,-0.150433,0.683106,0.03969
787.6,0.0087086,-0.161377,0.61824,0.03969
787.7,0.0839236,-0.164887,0.559666,0.0929366
787.8,0.153602,-0.161145,0.507811,0.159957
787.9,0.217709,-0.150349,0.462834,0.215065
788,0.276237,-0.13271,0.424666,0.260799
788.1,0.329182,-0.108448,0.393048,0.298951
788.2,0.376528,-0.0777983,0.367569,0.330808
788.3,0.418238,-0.041008,0.347693,0.357296
788.4,0.454239,0.00165608,0.332791,0.379083
788.5,0.484421,0.0499045,0.322157,0.396641
788.6,0.508631,0.103419,0.315032,0.410287
788.7,0.52667,0.161849,0.310622,0.420215
788.8,0.538298,0.2248,0.308111,0.42651
788.9,0.543232,0.291833,0.306681,0.429157
789,0.541157,0.362456,0.305532,0.428045
789.1,0.53173,0.436116,0.303899,0.422964
789.2,0.514593,0.512197,0.301078,0.41359
789.3,0.489388,0.590014,0.296458,0.399471
789.4,0.455773,0.668812,0.289547,0.379991
789.5,0.413442,0.747762,0.280014,0.354321
789.6,0.362156,0.825966,0.267723,0.321348
789.7,0.301762,0.902458,0.252778,0.279546
789.8,0.232235,0.976214,0.235555,0.226795
789.9,0.153703,1.04616,0.216734,0.160049
790,0.0664926,1.1112,0.197323,0.07483
790.1,-0.0288466,1.17021,0.17865,0.07483
790.2,-0.131503,1.22209,0.162349,0.07483
790.3,-0.24038,1.26577,0.150299,0.07483
790.4,-0.354081,1.30027,0.144541,0.07483
790.5,-0.470912,1.32471,0.147149,0.07483
790.6,-0.588889,1.33834,0.160076,0.07483
790.7,-0.705787,1.34061,0.184972,0.07483
790.8,-0.819189,1.33117,0.222993,0.07483
790.9,-0.926573,1.3099,0.27462,0.07483
791,-1.02541,1.27694,0.339517,0.07483
791.1,-1.11328,1.23269,0.416442,0.07483
791.2,-1.18798,1.17781,0.503241,0.07483
791.3,-1.24764,1.11321,0.596932,0.07483
791.4,-1.29084,1.04001,0.693875,0.07483
791.5,-1.31665,0.959504,0.79002,0.07483
791.6,-1.3247,0.873125,0.88121,0.07483
791.7,-1.31518,0.782389,0.963492,0.07483
791.8,-1.2888,0.688843,1.03341,0.07483
791.9,-1.24673,0.594016,1.08825,0.07483
792,-1.19053,0.499373,1.12618,0.07483
792.1,-1.12201,0.406284,1.14636,0.07483
792.2,-1.04319,0.31599,1.14887,0.07483
792.3,-0.956124,0.229585,1.13468,0.07483
792.4,-0.862838,0.148011,1.10542,0.07483
792.5,-0.765259,0.0720546,1.06328,0.07483
792.6,-0.665147,0.00235301,1.01076,0.07483
792.7,-0.56406,-0.0605946,0.950507,0.07483
792.8,-0.463334,-0.116412,0.885157,0.07483
792.9,-0.36408,-0.164829,0.817211,0.07483
793,-0.26719,-0.205663,0.748936,0.07483
793.1,-0.173361,-0.238807,0.682308,0.07483
793.2,-0.0831147,-0.264207,0.618981,0.07483
793.3,0.00317267,-0.281853,0.56028,0.07483
793.4,0.0852423,-0.291769,0.507211,0.0942833
793.5,0.162924,-0.294,0.46048,0.168332
793.6,0.23611,-0.288607,0.420528,0.22988
793.7,0.304732,-0.275665,0.387555,0.281684
793.8,0.368738,-0.255257,0.361556,0.325703
793.9,0.428076,-0.227476,0.34235,0.363345
794,0.482677,-0.192426,0.329602,0.395643
794.1,0.532443,-0.150225,0.322851,0.42335
794.2,0.577239,-0.101008,0.321523,0.447021
794.3,0.616879,-0.0449355,0.32495,0.467053
794.4,0.651127,0.0178054,0.332378,0.48372
794.5,0.679685,0.0869883,0.342981,0.497193
794.6,0.702196,0.162343,0.35587,0.507555
794.7,0.71824,0.243544,0.370101,0.514807
794.8,0.727337,0.330204,0.38469,0.518871
794.9,0.728949,0.421866,0.398628,0.519588
795,0.722485,0.517986,0.410902,0.516708
795.1,0.707316,0.617935,0.420522,0.509881
795.2,0.68278,0.720982,0.426561,0.498629
795.3,0.648209,0.826292,0.428197,0.482322
795.4,0.602948,0.932919,0.424771,0.460106
795.5,0.546387,1.0398,0.415855,0.430842
795.6,0.478001,1.14577,0.401326,0.392958
795.7,0.397393,1.24953,0.381447,0.344233
795.8,0.304349,1.34972,0.356949,0.281409
795.9,0.198894,1.44488,0.329102,0.199474
796,0.0813612,1.53348,0.299762,0.0903019
796.1,-0.0475479,1.61398,0.271394,0.0903019
796.2,-0.186703,1.68487,0.247035,0.0903019
796.3,-0.334494,1.74466,0.230192,0.0903019
796.4,-0.488804,1.79201,0.224667,0.0903019
796.5,-0.647002,1.82574,0.234298,0.0903019
796.6,-0.805982,1.84491,0.262622,0.0903019
796.7,-0.962233,1.84887,0.312491,0.0903019
796.8,-1.11196,1.83731,0.385671,0.0903019
796.9,-1.25126,1.8103,0.482483,0.0903019
797,-1.37628,1.76831,0.601539,0.0903019
797.1,-1.4835,1.71223,0.73964,0.0903019
797.2,-1.5699,1.64332,0.891865,0.0903019
797.3,-1.63316,1.56317,1.05188,0.0903019
797.4,-1.67183,1.47367,1.21241,0.0903019
797.5,-1.6854,1.37689,1.36589,0.0903019
797.6,-1.67434,1.27501,1.50506,0.0903019
797.7,-1.63998,1.17025,1.62368,0.0903019
797.8,-1.58447,1.06474,1.71691,0.0903019
797.9,-1.51054,0.960464,1.7817,0.0903019
798,-1.42132,0.859234,1.81682,0.0903019
798.1,-1.32015,0.762599,1.82281,0.0903019
798.2,-1.21038,0.671849,1.80171,0.0903019
798.3,-1.09521,0.588003,1.75668,0.0903019
798.4,-0.977566,0.511817,1.69166,0.0903019
798.5,-0.860035,0.443803,1.61093,0.0903019
798.6,-0.744801,0.384255,1.51882,0.0903019
798.7,-0.633649,0.333275,1.41942,0.0903019
798.8,-0.527977,0.290811,1.31638,0.0903019
798.9,-0.42883,0.256682,1.21284,0.0903019
799,-0.336946,0.230605,1.11134,0.0903019
799.1,-0.252806,0.212223,1.01384,0.0903019
799.2,-0.176685,0.20112,0.921737,0.0903019
799.3,-0.108699,0.196841,0.835963,0.0903019
799.4,-0.0488442,0.198899,0.757012,0.0903019
799.5,0.00296234,0.206791,0.685039,0.0903019
799.6,0.0468574,0.219996,0.619929,0.0537176
799.7,0.0830077,0.237983,0.561358,0.0919958
799.8,0.111593,0.260214,0.508861,0.120533
799.9,0.132798,0.286139,0.461879,0.140788
800,0.146801,0.3152,0.419806,0.153764
800.1,0.153777,0.346828,0.382024,0.160115
800.2,0.153897,0.380442,0.347938,0.160224
800.3,0.147334,0.415452,0.317001,0.154254
800.4,0.134269,0.451251,0.288734,0.142166
800.5,0.114901,0.487223,0.262746,0.123742
800.6,0.089455,0.522743,0.238746,0.0985634
800.7,0.0581978,0.557177,0.216556,0.0660043
800.8,0.0214463,0.589888,0.196111,0.0251949
800.9,-0.0204195,0.620245,0.177462,0.0251949
801,-0.0669458,0.647624,0.160773,0.0251949
801.1,-0.117596,0.671421,0.146306,0.0251949
801.2,-0.171745,0.691061,0.134403,0.0251949
801.3,-0.228672,0.706007,0.125464,0.0251949
801.4,-0.287568,0.715775,0.11991,0.0251949
801.5,-0.347532,0.719942,0.118151,0.0251949
801.6,-0.407589,0.71816,0.12054,0.0251949
801.7,-0.466702,0.710168,0.127333,0.0251949
801.8,-0.523793,0.695798,0.138647,0.0251949
801.9,-0.577768,0.674986,0.154424,0.0251949
802,-0.627551,0.647776,0.174404,0.0251949
802.1,-0.67211,0.614323,0.198113,0.0251949
802.2,-0.710492,0.574892,0.224865,0.0251949
802.3,-0.741856,0.529855,0.253777,0.0251949
802.4,-0.765499,0.479679,0.283811,0.0251949
802.5,-0.780878,0.424922,0.313818,0.0251949
802.6,-0.787629,0.366217,0.342602,0.0251949
802.7,-0.785572,0.304257,0.368987,0.0251949
802.8,-0.774715,0.23978,0.391888,0.0251949
802.9,-0.75524,0.173551,0.410365,0.0251949
803,-0.727492,0.106347,0.423685,0.0251949
803.1,-0.691954,0.0389433,0.431355,0.0251949
803.2,-0.649225,-0.0279007,0.433142,0.0251949
803.3,-0.599984,-0.0934531,0.42908,0.0251949
803.4,-0.54497,-0.157017,0.419459,0.0251949
803.5,-0.484946,-0.217938,0.404794,0.0251949
803.6,-0.420677,-0.275604,0.385799,0.0251949
803.7,-0.352908,-0.329453,0.363337,0.0251949
803.8,-0.282346,-0.378966,0.338378,0.0251949
803.9,-0.209648,-0.423668,0.311956,0.0251949
804,-0.13541,-0.463124,0.285129,0.0251949
804.1,-0.0601645,-0.496934,0.25894,0.0251949
804.2,0.0156192,-0.524732,0.234389,0.0184552
804.3,0.0915336,-0.546174,0.212409,0.100664
804.4,0.167227,-0.560939,0.193851,0.172153
804.5,0.242398,-0.568723,0.179467,0.234848
804.6,0.316784,-0.569236,0.169908,0.290268
804.7,0.390154,-0.562198,0.165719,0.339616
804.8,0.4623,-0.547336,0.167336,0.383834
804.9,0.533023,-0.524384,0.175088,0.423664
805,0.602128,-0.493084,0.189197,0.459695
805.1,0.669409,-0.453184,0.209781,0.492388
805.2,0.734643,-0.404442,0.236848,0.52211
805.3,0.797577,-0.346625,0.2703,0.549146
805.4,0.857924,-0.27952,0.309924,0.573714
805.5,0.915345,-0.202932,0.355391,0.595975
805.6,0.969447,-0.116694,0.406243,0.616038
805.7,1.01977,-0.0206749,0.461886,0.63397
805.8,1.06576,0.0852123,0.521577,0.649789
805.9,1.10681,0.200999,0.584412,0.663474
806,1.14219,0.32665,0.649312,0.674958
806.1,1.17105,0.462047,0.715015,0.684126
806.2,1.19244,0.606975,0.780062,0.690809
806.3,1.20528,0.761102,0.842803,0.694775
806.4,1.20835,0.923962,0.901401,0.695718
806.5,1.2003,1.09493,0.953856,0.693238
806.6,1.17962,1.27322,0.998052,0.686814
806.7,1.1447,1.45781,1.03183,0.675765
806.8,1.09383,1.64749,1.05308,0.65919
806.9,1.02522,1.84079,1.05993,0.635873
807,0.937069,2.03599,1.05092,0.604132
807.1,0.827652,2.2311,1.02525,0.561547
807.2,0.695428,2.42383,0.983136,0.504463
807.3,0.539177,2.61168,0.926122,0.426982
807.4,0.35818,2.79189,0.857455,0.318699
807.5,0.152428,2.9615,0.782412,0.158893
807.6,-0.0771492,3.1175,0.708509,0.158893
807.7,-0.328453,3.25682,0.645516,0.158893
807.8,-0.598004,3.37655,0.605164,0.158893
807.9,-0.880802,3.47406,0.600448,0.158893
808,-1.17029,3.54717,0.644483,0.158893
808.1,-1.45846,3.59433,0.748932,0.158893
808.2,-1.73618,3.61481,0.922165,0.158893
808.3,-1.99369,3.60881,1.16742,0.158893
808.4,-2.22131,3.57753,1.48132,0.158893
808.5,-2.41022,3.52321,1.85324,0.158893
808.6,-2.55329,3.44901,2.26564,0.158893
808.7,-2.64577,3.35887,2.6957,0.158893
808.8,-2.68581,3.2573,3.11784,0.158893
808.9,-2.67455,3.14904,3.5068,0.158893
809,-2.61603,3.03884,3.84063,0.158893
809.1,-2.51666,2.93113,4.10309,0.158893
809.2,-2.38455,2.82982,4.28485,0.158893
809.3,-2.22875,2.73815,4.38374,0.158893
809.4,-2.05847,2.65857,4.40384,0.158893
809.5,-1.88249,2.59273,4.354,0.158893
809.6,-1.70864,2.54151,4.24605,0.158893
809.7,-1.54357,2.5051,4.09311,0.158893
809.8,-1.39259,2.48308,3.90815,0.158893
809.9,-1.25968,2.47451,3.70304,0.158893
810,-1.14762,2.4781,3.48799,0.158893
810.1,-1.0581,2.49222,3.27131,0.158893
810.2,-0.991926,2.51507,3.05954,0.158893
810.3,-0.949107,2.54468,2.85761,0.158893
810.4,-0.929045,2.57903,2.66923,0.158893
810.5,-0.930612,2.6161,2.49719,0.158893
810.6,-0.952232,2.65386,2.34364,0.158893
810.7,-0.99194,2.69041,2.21035,0.158893
810.8,-1.04742,2.72394,2.09883,0.158893
810.9,-1.11604,2.75281,2.01041,0.158893
811,-1.19489,2.77557,1.94618,0.158893
811.1,-1.28084,2.79103,1.90691,0.158893
811.2,-1.37059,2.79824,1.89291,0.158893
811.3,-1.46078,2.79657,1.90379,0.158893
811.4,-1.54805,2.78569,1.93837,0.158893
811.5,-1.62921,2.76558,1.99453,0.158893
811.6,-1.70135,2.73656,2.06913,0.158893
811.7,-1.76194,2.69921,2.15812,0.158893
811.8,-1.809,2.65442,2.25668,0.158893
811.9,-1.84113,2.60325,2.35945,0.158893
812,-1.85763,2.54695,2.4609,0.158893
812.1,-1.85844,2.48688,2.55571,0.158893
812.2,-1.84417,2.42442,2.63904,0.158893
812.3,-1.816,2.36093,2.70693,0.158893
812.4,-1.77559,2.29772,2.75644,0.158893
812.5,-1.72498,2.23595,2.78579,0.158893
812.6,-1.6664,2.17663,2.79436,0.158893
812.7,-1.60222,2.12058,2.7826,0.158893
812.8,-1.53476,2.06842,2.75184,0.158893
812.9,-1.46624,2.02057,2.7041,0.158893
813,-1.39869,1.97727,2.64188,0.158893
813.1,-1.33386,1.93855,2.56793,0.158893
813.2,-1.27326,1.90428,2.48507,0.158893
813.3,-1.21805,1.87421,2.39604,0.158893
813.4,-1.16914,1.84795,2.3034,0.158893
813.5,-1.12712,1.82501,2.20946,0.158893
813.6,-1.09232,1.80483,2.11621,0.158893
813.7,-1.06483,1.78682,2.02536,0.158893
813.8,-1.04453,1.77033,1.93833,0.158893
813.9,-1.0311,1.75473,1.85624,0.158893
814,-1.02404,1.73938,1.77997,0.158893
814.1,-1.02275,1.72366,1.71016,0.158893
814.2,-1.02648,1.70701,1.64725,0.158893
814.3,-1.03442,1.6889,1.59149,0.158893
814.4,-1.04566,1.66887,1.54295,0.158893
814.5,-1.05929,1.64654,1.50152,0.158893
814.6,-1.07435,1.62158,1.46695,0.158893
814.7,-1.0899,1.59376,1.43881,0.158893
814.8,-1.10504,1.56294,1.41655,0.158893
814.9,-1.1189,1.52904,1.39947,0.158893
815,-1.13071,1.49208,1.38676,0.158893
815.1,-1.13975,1.45215,1.3775,0.158893
815.2,-1.14546,1.40941,1.37073,0.158893
815.3,-1.14735,1.36408,1.36543,0.158893
815.4,-1.1451,1.31645,1.3606,0.158893
815.5,-1.13847,1.26682,1.35525,0.158893
815.6,-1.1274,1.21556,1.34849,0.158893
815.7,-1.11192,1.16302,1.33951,0.158893
815.8,-1.09217,1.1096,1.32766,0.158893
815.9,-1.06841,1.05567,1.3124,0.158893
816,-1.04095,1.00161,1.29338,0.158893
816.1,-1.01019,0.947759,1.2704,0.158893
816.2,-0.976571,0.894451,1.24341,0.158893
816.3,-0.940557,0.841984,1.21251,0.158893
816.4,-0.902626,0.790621,1.17793,0.158893
816.5,-0.863251,0.740591,1.14,0.158893
816.6,-0.822894,0.692088,1.09912,0.158893
816.7,-0.781984,0.645268,1.05577,0.158893
816.8,-0.74092,0.600253,1.01044,0.158893
816.9,-0.700059,0.557134,0.963642,0.158893
817,-0.659715,0.51597,0.91589,0.158893
817.1,-0.620157,0.476795,0.867666,0.158893
817.2,-0.581608,0.439618,0.81942,0.158893
817.3,-0.54425,0.404428,0.771565,0.158893
817.4,-0.508221,0.371199,0.724462,0.158893
817.5,-0.473625,0.339888,0.678426,0.158893
817.6,-0.440531,0.310443,0.63372,0.158893
817.7,-0.408979,0.282805,0.590559,0.158893
817.8,-0.378981,0.256905,0.54911,0.158893
817.9,-0.350532,0.232675,0.509497,0.158893
818,-0.323606,0.210042,0.471808,0.158893
818.1,-0.298164,0.188934,0.436092,0.158893
818.2,-0.274156,0.169279,0.402372,0.158893
818.3,-0.251525,0.151008,0.370645,0.158893
818.4,-0.230207,0.134053,0.340885,0.158893
818.5,-0.210136,0.118351,0.31305,0.158893
818.6,-0.191245,0.103841,0.287086,0.158893
818.7,-0.173465,0.090468,0.262925,0.158893
818.8,-0.156732,0.0781784,0.240493,0.158893
818.9,-0.140982,0.066924,0.219712,0.158893
819,-0.126155,0.0566602,0.200498,0.158893
819.1,-0.112196,0.0473459,0.182767,0.158893
819.2,-0.0990547,0.0389434,0.166434,0.158893
819.3,-0.0866838,0.0314182,0.151415,0.158893
819.4,-0.0750425,0.0247383,0.137627,0.158893
819.5,-0.0640949,0.018874,0.124989,0.158893
819.6,-0.05381,0.0137977,0.113425,0.158893
819.7,-0.0441616,0.00948328,0.102859,0.158893
819.8,-0.0351285,0.00590552,0.0932199,0.158893
819.9,-0.0266939,0.00304005,0.0844397,0.158893
820,-0.0188451,0.0008627,0.0764535,0.158893
820.1,-0.0115734,-0.000650859,0.0692001,0.158893
820.2,-0.00487367,-0.00152548,0.0626215,0.158893
820.3,0.00125622,-0.00178691,0.0566628,0.158893
820.4,0.00681568,-0.00146217,0.0512725,0.158893
820.5,0.0118019,-0.000579805,0.0464019,0.0140227
820.6,0.0162102,0.000829758,0.0420052,0.0191385
820.7,0.0200349,0.00273401,0.0380395,0.0235615
820.8,0.023269,0.00509811,0.0344646,0.027287
820.9,0.0259058,0.00788476,0.0312428,0.0304341
821,0.0279385,0.011054,0.028339,0.0326144
821.1,0.029361,0.0145632,0.0257207,0.0342295
821.2,0.0301687,0.0183669,0.0233577,0.0351461
821.3,0.0303585,0.0224171,0.0212224,0.0353603
821.4,0.0299299,0.026663,0.0192895,0.0348723
821.5,0.0288851,0.0310512,0.0175364,0.0336893
821.6,0.0272294,0.0355262,0.0159427,0.0318018
821.7,0.0249721,0.0400302,0.0144906,0.029238
821.8,0.0221267,0.0445035,0.0131646,0.0259791
821.9,0.0187112,0.0488853,0.0119517,0.0220392
822,0.0147485,0.0531135,0.0108411,0.0174406
822.1,0.010267,0.0571255,0.0098245,0.0121907
822.2,0.00530052,0.0608586,0.00889553,0.0121907
822.3,-0.000111462,0.0642509,0.00804988,0.0121907
822.4,-0.0059236,0.0672414,0.00728498,0.0121907
822.5,-0.0120847,0.069771,0.00659978,0.0121907
822.6,-0.0185379,0.0717832,0.00599446,0.0121907
822.7,-0.0252207,0.0732246,0.00547008,0.0121907
822.8,-0.0320654,0.0740457,0.00502823,0.0121907
822.9,-0.0389993,0.074202,0.00467063,0.0121907
823,-0.0459453,0.0736539,0.00439869,0.0121907
823.1,-0.0528228,0.0723683,0.00421318,0.0121907
823.2,-0.059548,0.0703185,0.00411378,0.0121907
823.3,-0.0660348,0.0674854,0.00409877,0.0121907
823.4,-0.0721961,0.0638577,0.00416469,0.0121907
823.5,-0.0779443,0.0594325,0.00430615,0.0121907
823.6,-0.0831927,0.0542156,0.00451568,0.0121907
823.7,-0.0878565,0.048222,0.00478367,0.0121907
823.8,-0.0918537,0.0414761,0.00509849,0.0121907
823.9,-0.0951069,0.0340117,0.00544661,0.0121907
824,-0.0975436,0.0258719,0.00581299,0.0121907
824.1,-0.0990979,0.0171092,0.00618143,0.0121907
824.2,-0.099711,0.00778525,0.00653514,0.0121907
824.3,-0.0993326,-0.00202959,0.00685733,0.0121907
824.4,-0.0979214,-0.0122567,0.00713188,0.0121907
824.5,-0.0954461,-0.0228095,0.00734407,0.0121907
824.6,-0.0918855,-0.0335945,0.00748127,0.0121907
824.7,-0.0872293,-0.0445117,0.00753365,0.0121907
824.8,-0.0814785,-0.0554555,0.00749482,0.0121907
824.9,-0.0746452,-0.0663155,0.00736234,0.0121907
825,-0.0667526,-0.0769774,0.00713815,0.0121907
825.1,-0.0578354,-0.0873243,0.00682889,0.0121907
825.2,-0.0479389,-0.0972371,0.00644596,0.0121907
825.3,-0.0371192,-0.106596,0.00600547,0.0121907
825.4,-0.0254424,-0.115281,0.005528,0.0121907
825.5,-0.0129843,-0.123173,0.00503814,0.0121907
825.6,0.000170088,-0.130156,0.00456391,0.0121907
825.7,0.0139272,-0.136118,0.00413592,0.0164836
825.8,0.0281857,-0.140947,0.00378647,0.032955
825.9,0.0428365,-0.144541,0.00354848,0.0493155
826,0.057764,-0.146803,0.00345436,0.0655387
826.1,0.0728463,-0.14764,0.00353475,0.0814956
826.2,0.0879555,-0.146971,0.00381732,0.0970448
826.3,0.102959,-0.144723,0.0043255,0.112067
826.4,0.117719,-0.140833,0.00507731,0.126461
826.5,0.132093,-0.135247,0.00608421,0.140127
826.6,0.145936,-0.127928,0.00735014,0.152972
826.7,0.159098,-0.118846,0.00887069,0.164911
826.8,0.171428,-0.107991,0.0106324,0.17586
826.9,0.182771,-0.0953631,0.0126125,0.185739
827,0.192971,-0.0809817,0.0147786,0.194469
827.1,0.201871,-0.0648818,0.0170889,0.201971
827.2,0.209313,-0.0471166,0.0194929,0.208164
827.3,0.215141,-0.0277582,0.021932,0.212964
827.4,0.2192,-0.00689825,0.0243409,0.21628
827.5,0.221339,0.0153511,0.0266494,0.21802
827.6,0.221412,0.0388567,0.0287846,0.21808
827.7,0.219279,0.0634639,0.0306729,0.216346
827.8,0.214812,0.0889965,0.0322439,0.212694
827.9,0.207892,0.115256,0.0334328,0.206986
828,0.198416,0.142024,0.0341848,0.199072
828.1,0.186299,0.169058,0.0344585,0.188775
828.2,0.171479,0.196099,0.0342299,0.175905
828.3,0.153917,0.222868,0.0334965,0.160243
828.4,0.133607,0.249068,0.0322806,0.141547
828.5,0.110575,0.274391,0.0306322,0.119541
828.6,0.0848837,0.298514,0.0286313,0.0939186
828.7,0.056641,0.321108,0.0263892,0.0643323
828.8,0.0259986,0.341842,0.0240473,0.0304188
828.9,-0.00684249,0.360382,0.021776,0.0304188
829,-0.0416299,0.376405,0.0197699,0.0304188
829.1,-0.0780591,0.389595,0.018242,0.0304188
829.2,-0.115773,0.399657,0.0174152,0.0304188
829.3,-0.154363,0.40632,0.0175127,0.0304188
829.4,-0.193375,0.409342,0.0187453,0.0304188
829.5,-0.23231,0.408518,0.0212988,0.0304188
829.6,-0.270636,0.403685,0.0253204,0.0304188
829.7,-0.307794,0.394729,0.0309055,0.0304188
829.8,-0.343208,0.381588,0.0380857,0.0304188
829.9,-0.376302,0.364254,0.0468201,0.0304188
830,-0.406509,0.34278,0.056989,0.0304188
830.1,-0.433285,0.317277,0.0683923,0.0304188
830.2,-0.456125,0.287917,0.0807532,0.0304188
830.3,-0.474576,0.25493,0.0937264,0.0304188
830.4,-0.488247,0.218599,0.106912,0.0304188
830.5,-0.496821,0.17926,0.119871,0.0304188
830.6,-0.50006,0.137295,0.132152,0.0304188
830.7,-0.497813,0.0931237,0.143308,0.0304188
830.8,-0.490016,0.0472003,0.152923,0.0304188
830.9,-0.47669,3.65765e-06,0.160637,0.0304188
831,-0.457937,-0.0479692,0.16616,0.0304188
831.1,-0.433935,-0.09621,0.169296,0.0304188
831.2,-0.404927,-0.144206,0.169946,0.0304188
831.3,-0.371212,-0.191446,0.168121,0.0304188
831.4,-0.333134,-0.237427,0.163939,0.0304188
831.5,-0.291069,-0.281654,0.157619,0.0304188
831.6,-0.245414,-0.323649,0.149479,0.0304188
831.7,-0.196581,-0.362951,0.139914,0.0304188
831.8,-0.144978,-0.399116,0.129389,0.0304188
831.9,-0.0910132,-0.43172,0.118418,0.0304188
832,-0.0350795,-0.460358,0.107548,0.0304188
832.1,0.0224452,-0.484646,0.0973432,0.0263369
832.2,0.0812019,-0.504214,0.0883667,0.0901482
832.3,0.140852,-0.518713,0.081168,0.14829
832.4,0.201075,-0.527806,0.0762693,0.201305
832.5,0.261569,-0.531174,0.0741542,0.249709
832.6,0.322047,-0.52851,0.0752585,0.293972
832.7,0.382232,-0.51952,0.0799618,0.334513
832.8,0.441853,-0.503924,0.0885807,0.371694
832.9,0.500642,-0.481455,0.101363,0.405826
833,0.558324,-0.451859,0.118481,0.437165
833.1,0.614613,-0.4149,0.140029,0.46593
833.2,0.669205,-0.370357,0.166013,0.492292
833.3,0.721772,-0.318032,0.196349,0.516389
833.4,0.771955,-0.257752,0.230856,0.538325
833.5,0.819354,-0.189374,0.269247,0.558157
833.6,0.863522,-0.11279,0.311123,0.57593
833.7,0.903959,-0.0279352,0.355963,0.591642
833.8,0.940103,0.0652035,0.403121,0.605261
833.9,0.97132,0.166579,0.451813,0.616718
834,0.9969,0.276073,0.501119,0.625905
834.1,1.01605,0.393484,0.549973,0.632668
834.2,1.02789,0.518515,0.597173,0.636801
834.3,1.03144,0.650757,0.641386,0.638035
834.4,1.02564,0.789678,0.681175,0.636021
834.5,1.00934,0.934604,0.715029,0.63031
834.6,0.981307,1.0847,0.741417,0.620326
834.7,0.940248,1.23897,0.758866,0.605315
834.8,0.884845,1.39622,0.766057,0.584279
834.9,0.813786,1.55507,0.761965,0.555869
835,0.725828,1.71392,0.746016,0.518199
835.1,0.61987,1.87099,0.718279,0.468531
835.2,0.495047,2.0243,0.679681,0.402676
835.3,0.350846,2.17169,0.632223,0.313777
835.4,0.187239,2.31086,0.579172,0.189581
835.5,0.00482994,2.43942,0.525198,0.189581
835.6,-0.195,2.55497,0.476402,0.189581
835.7,-0.409953,2.65515,0.440177,0.189581
835.8,-0.636714,2.7378,0.424866,0.189581
835.9,-0.870904,2.80102,0.439166,0.189581
836,-1.10712,2.84331,0.491286,0.189581
836.1,-1.33909,2.8637,0.587921,0.189581
836.2,-1.55991,2.86186,0.733149,0.189581
836.3,-1.76246,2.83815,0.927421,0.189581
836.4,-1.93986,2.79367,1.16687,0.189581
836.5,-2.08596,2.73027,1.44313,0.189581
836.6,-2.19592,2.65044,1.74375,0.189581
836.7,-2.26655,2.55722,2.05329,0.189581
836.8,-2.29664,2.45404,2.35486,0.189581
836.9,-2.28699,2.34452,2.63198,0.189581
837,-2.24036,2.23228,2.87025,0.189581
837.1,-2.16109,2.12078,3.05882,0.189581
837.2,-2.05476,2.01311,3.19111,0.189581
837.3,-1.92765,1.91194,3.26503,0.189581
837.4,-1.78631,1.81939,3.28254,0.189581
837.5,-1.63707,1.73705,3.24889,0.189581
837.6,-1.48578,1.66594,3.17152,0.189581
837.7,-1.33752,1.60658,3.05907,0.189581
837.8,-1.19655,1.55905,2.92042,0.189581
837.9,-1.06622,1.52301,2.764,0.189581
838,-0.949053,1.49785,2.59729,0.189581
838.1,-0.846796,1.48266,2.42657,0.189581
838.2,-0.760533,1.47637,2.25685,0.189581
838.3,-0.690793,1.47776,2.09196,0.189581
838.4,-0.637652,1.48554,1.93466,0.189581
838.5,-0.600817,1.49833,1.78686,0.189581
838.6,-0.579706,1.51474,1.64982,0.189581
838.7,-0.573492,1.5334,1.52432,0.189581
838.8,-0.58115,1.55294,1.41086,0.189581
838.9,-0.601479,1.57203,1.30979,0.189581
839,-0.633122,1.58944,1.22134,0.189581
839.1,-0.674574,1.60398,1.14576,0.189581
839.2,-0.724197,1.61458,1.08327,0.189581
839.3,-0.780231,1.6203,1.03405,0.189581
839.4,-0.84081,1.62032,0.998229,0.189581
839.5,-0.903991,1.61398,0.975758,0.189581
839.6,-0.967788,1.60078,0.966387,0.189581
839.7,-1.03021,1.58043,0.969563,0.189581
839.8,-1.08933,1.55277,0.984374,0.189581
839.9,-1.14331,1.51789,1.00951,0.189581
840,-1.19048,1.47601,1.04327,0.189581
840.1,-1.22942,1.42756,1.08356,0.189581
840.2,-1.25894,1.3731,1.12802,0.189581
840.3,-1.2782,1.31333,1.17407,0.189581
840.4,-1.28668,1.24907,1.21909,0.189581
840.5,-1.2842,1.18121,1.26054,0.189581
840.6,-1.27092,1.11067,1.29609,0.189581
840.7,-1.24732,1.03841,1.32378,0.189581
840.8,-1.21413,0.965354,1.34207,0.189581
840.9,-1.17233,0.892405,1.34994,0.189581
841,-1.12302,0.820394,1.34687,0.189581
841.1,-1.06745,0.750077,1.33288,0.189581
841.2,-1.00689,0.682117,1.30841,0.189581
841.3,-0.942615,0.617083,1.2743,0.189581
841.4,-0.875847,0.555442,1.23167,0.189581
841.5,-0.807735,0.497565,1.18185,0.189581
841.6,-0.739317,0.443729,1.12627,0.189581
841.7,-0.671511,0.394125,1.0664,0.189581
841.8,-0.605104,0.348865,1.00364,0.189581
841.9,-0.540754,0.307995,0.939319,0.189581
842,-0.478997,0.2715,0.874628,0.189581
842.1,-0.42025,0.239317,0.810598,0.189581
842.2,-0.36483,0.211341,0.748091,0.189581
842.3,-0.312962,0.187434,0.687804,0.189581
842.4,-0.264794,0.167434,0.630271,0.189581
842.5,-0.220413,0.151155,0.575878,0.189581
842.6,-0.179854,0.138398,0.524875,0.189581
842.7,-0.143111,0.128951,0.4774,0.189581
842.8,-0.110148,0.122596,0.43349,0.189581
842.9,-0.0809097,0.119105,0.393103,0.189581
843,-0.0553224,0.118247,0.356134,0.189581
843.1,-0.0333033,0.119786,0.32243,0.189581
843.2,-0.014763,0.123485,0.291803,0.189581
843.3,0.000391907,0.129101,0.26404,0.189581
843.4,0.0122571,0.136392,0.238919,0.014539
843.5,0.0209302,0.145109,0.216211,0.024597
843.6,0.026511,0.155005,0.195691,0.0309939
843.7,0.0291022,0.165828,0.177143,0.0339368
843.8,0.0288107,0.177323,0.160367,0.033603
843.9,0.0257498,0.189237,0.145178,0.0301252
844,0.020041,0.201312,0.131413,0.0235738
844.1,0.0118162,0.213291,0.118933,0.0139992
844.2,0.00122001,0.224919,0.10762,0.0139992
844.3,-0.0115877,0.235943,0.0973823,0.0139992
844.4,-0.0264301,0.246114,0.0881511,0.0139992
844.5,-0.0431117,0.255189,0.0798797,0.0139992
844.6,-0.0614165,0.262934,0.072541,0.0139992
844.7,-0.0811077,0.269127,0.0661249,0.0139992
844.8,-0.101927,0.273558,0.0606344,0.0139992
844.9,-0.123596,0.276036,0.0560806,0.0139992
845,-0.145816,0.276388,0.0524784,0.0139992
845.1,-0.16827,0.274466,0.0498408,0.0139992
845.2,-0.190628,0.270144,0.0481733,0.0139992
845.3,-0.212549,0.263328,0.047469,0.0139992
845.4,-0.233683,0.253951,0.0477035,0.0139992
845.5,-0.253682,0.241981,0.0488307,0.0139992
845.6,-0.2722,0.227419,0.0507805,0.0139992
845.7,-0.2889,0.210301,0.0534567,0.0139992
845.8,-0.303465,0.190698,0.0567369,0.0139992
845.9,-0.315598,0.168719,0.060475,0.0139992
846,-0.32503,0.144503,0.0645037,0.0139992
846.1,-0.331526,0.118227,0.0686402,0.0139992
846.2,-0.334888,0.0900945,0.0726927,0.0139992
846.3,-0.334961,0.0603413,0.0764677,0.0139992
846.4,-0.331633,0.0292272,0.0797787,0.0139992
846.5,-0.324836,-0.0029649,0.0824544,0.0139992
846.6,-0.314549,-0.0359331,0.0843471,0.0139992
846.7,-0.300795,-0.0693601,0.0853402,0.0139992
846.8,-0.283637,-0.102917,0.085355,0.0139992
846.9,-0.263181,-0.136266,0.0843545,0.0139992
847,-0.239565,-0.169065,0.0823476,0.0139992
847.1,-0.21296,-0.200971,0.0793895,0.0139992
847.2,-0.183563,-0.23164,0.0755812,0.0139992
847.3,-0.151592,-0.260735,0.0710672,0.0139992
847.4,-0.117283,-0.287923,0.066031,0.0139992
847.5,-0.0808859,-0.312877,0.0606894,0.0139992
847.6,-0.042657,-0.335284,0.0552867,0.0139992
847.7,-0.00286011,-0.354837,0.0500864,0.0139992
847.8,0.0382387,-0.371244,0.0453641,0.0441988
847.9,0.0803725,-0.384222,0.041399,0.0892942
848,0.123274,-0.393505,0.0384665,0.131783
848.1,0.166678,-0.398835,0.0368302,0.171666
848.2,0.210319,-0.399975,0.0367344,0.208996
848.3,0.253931,-0.396696,0.038398,0.243839
848.4,0.297249,-0.388791,0.0420072,0.27628
848.5,0.34,-0.376064,0.0477104,0.306409
848.6,0.38191,-0.358342,0.0556123,0.334306
848.7,0.422694,-0.335468,0.0657692,0.360046
848.8,0.462057,-0.307309,0.0781844,0.383691
848.9,0.499687,-0.273755,0.0928037,0.405289
849,0.535256,-0.234725,0.109512,0.424871
849.1,0.568414,-0.190165,0.12813,0.442447
849.2,0.598785,-0.140059,0.148411,0.458011
849.3,0.625968,-0.0844278,0.17004,0.471532
849.4,0.649529,-0.0233376,0.19263,0.482955
849.5,0.669001,0.0430971,0.215729,0.492196
849.6,0.683882,0.114706,0.238813,0.499142
849.7,0.693638,0.191256,0.261302,0.503642
849.8,0.697696,0.272446,0.28256,0.505501
849.9,0.695455,0.357901,0.301916,0.504475
850,0.686286,0.44716,0.318676,0.500254
850.1,0.66954,0.539675,0.332153,0.49245
850.2,0.644563,0.634805,0.341696,0.480569
850.3,0.610706,0.731804,0.346733,0.463987
850.4,0.567349,0.829826,0.34682,0.441893
850.5,0.513928,0.927922,0.341696,0.413223
850.6,0.449962,1.02504,0.331349,0.376545
850.7,0.375097,1.12002,0.316079,0.329874
850.8,0.289145,1.21163,0.296569,0.270365
850.9,0.192136,1.29856,0.273937,0.19376
851,0.0843691,1.37946,0.249779,0.0933915
851.1,-0.0335341,1.45292,0.22618,0.0933915
851.2,-0.160583,1.51759,0.205687,0.0933915
851.3,-0.295376,1.57214,0.191227,0.0933915
851.4,-0.43608,1.61534,0.185969,0.0933915
851.5,-0.580422,1.64613,0.193117,0.0933915
851.6,-0.725724,1.66361,0.21565,0.0933915
851.7,-0.868955,1.66718,0.256018,0.0933915
851.8,-1.00683,1.65648,0.315825,0.0933915
851.9,-1.13595,1.63151,0.395535,0.0933915
852,-1.25293,1.59262,0.494253,0.0933915
852.1,-1.35462,1.54048,0.609617,0.0933915
852.2,-1.43826,1.47614,0.737844,0.0933915
852.3,-1.50165,1.40094,0.873927,0.0933915
852.4,-1.54329,1.31647,1.01199,0.0933915
852.5,-1.56244,1.22455,1.14577,0.0933915
852.6,-1.55921,1.12709,1.26911,0.0933915
852.7,-1.53446,1.02608,1.37649,0.0933915
852.8,-1.48976,0.92345,1.46345,0.0933915
852.9,-1.42725,0.82107,1.52688,0.0933915
853,-1.3495,0.720648,1.5652,0.0933915
853.1,-1.2593,0.623708,1.57827,0.0933915
853.2,-1.15955,0.531557,1.56732,0.0933915
853.3,-1.05307,0.445276,1.53463,0.0933915
853.4,-0.942522,0.365719,1.4833,0.0933915
853.5,-0.830301,0.293522,1.41687,0.0933915
853.6,-0.718492,0.229127,1.33905,0.0933915
853.7,-0.608843,0.172799,1.25349,0.0933915
853.8,-0.502772,0.124655,1.16356,0.0933915
853.9,-0.40138,0.0846898,1.07225,0.0933915
854,-0.30549,0.0527988,0.982089,0.0933915
854.1,-0.215679,0.0288005,0.895093,0.0933915
854.2,-0.132329,0.0124551,0.812809,0.0933915
854.3,-0.0556602,0.00348025,0.736326,0.0933915
854.4,0.014222,0.00156243,0.666331,0.0168281
854.5,0.0772973,0.00636598,0.603161,0.0861215
854.6,0.133598,0.0175388,0.546867,0.141538
854.7,0.183186,0.0347158,0.497262,0.186097
854.8,0.226131,0.0575199,0.453977,0.221897
854.9,0.262497,0.085562,0.416506,0.250417
855,0.292332,0.118438,0.384242,0.272699
855.1,0.315662,0.155729,0.356518,0.289475
855.2,0.332485,0.196993,0.33263,0.301239
855.3,0.342776,0.241766,0.311865,0.308305
855.4,0.346485,0.289556,0.293528,0.310827
855.5,0.343546,0.339839,0.276958,0.30883
855.6,0.333883,0.392057,0.261552,0.302206
855.7,0.317422,0.445617,0.246783,0.29072
855.8,0.2941,0.499886,0.232221,0.27399
855.9,0.263884,0.554196,0.217554,0.251474
856,0.226784,0.607842,0.202602,0.222424
856.1,0.182872,0.660087,0.187337,0.185825
856.2,0.1323,0.710167,0.171897,0.140321
856.3,0.0753203,0.7573,0.156591,0.0840711
856.4,0.0123031,0.800697,0.141903,0.0145834
856.5,-0.0562456,0.839571,0.128483,0.0145834
856.6,-0.129669,0.873154,0.117126,0.0145834
856.7,-0.207152,0.900717,0.108737,0.0145834
856.8,-0.287711,0.921581,0.104289,0.0145834
856.9,-0.370203,0.935146,0.104753,0.0145834
857,-0.453335,0.940904,0.111029,0.0145834
857.1,-0.535685,0.938459,0.123864,0.0145834
857.2,-0.615736,0.927548,0.14377,0.0145834
857.3,-0.691912,0.908052,0.170943,0.0145834
857.4,-0.762636,0.88001,0.205203,0.0145834
857.5,-0.826378,0.84362,0.245956,0.0145834
857.6,-0.881719,0.799243,0.292183,0.0145834
857.7,-0.927405,0.747398,0.342472,0.0145834
857.8,-0.9624,0.688745,0.395076,0.0145834
857.9,-0.985927,0.624075,0.448011,0.0145834
858,-0.997501,0.554281,0.499179,0.0145834
858.1,-0.996938,0.480338,0.546501,0.0145834
858.2,-0.984357,0.403276,0.588053,0.0145834
858.3,-0.960161,0.324148,0.622191,0.0145834
858.4,-0.925004,0.244007,0.647645,0.0145834
858.5,-0.879751,0.163884,0.663592,0.0145834
858.6,-0.825425,0.0847647,0.669682,0.0145834
858.7,-0.763157,0.00757283,0.666036,0.0145834
858.8,-0.694132,-0.0668378,0.653208,0.0145834
858.9,-0.619542,-0.137693,0.632122,0.0145834
859,-0.540546,-0.204298,0.603997,0.0145834
859.1,-0.458233,-0.26604,0.570262,0.0145834
859.2,-0.373601,-0.322381,0.53247,0.0145834
859.3,-0.28754,-0.372853,0.492217,0.0145834
859.4,-0.200825,-0.417048,0.451077,0.0145834
859.5,-0.114116,-0.454613,0.410549,0.0145834
859.6,-0.0279582,-0.485235,0.372008,0.0145834
859.7,0.0572001,-0.508641,0.336687,0.0649347
859.8,0.141002,-0.52458,0.305653,0.148428
859.9,0.223163,-0.532825,0.279804,0.2195
860,0.303461,-0.53316,0.259868,0.280771
860.1,0.381715,-0.525382,0.24641,0.334179
860.2,0.457772,-0.50929,0.239838,0.381171
860.3,0.531495,-0.484692,0.240417,0.422837
860.4,0.602747,-0.451398,0.248273,0.460005
860.5,0.671376,-0.409222,0.263402,0.493311
860.6,0.737208,-0.357987,0.285679,0.523243
860.7,0.800032,-0.297526,0.314859,0.55017
860.8,0.85959,-0.227686,0.350575,0.574375
860.9,0.915569,-0.148337,0.392339,0.596059
861,0.967586,-0.0593777,0.439533,0.615362
861.1,1.01518,0.0392564,0.491402,0.632364
861.2,1.05782,0.147581,0.547047,0.647094
861.3,1.09485,0.265552,0.605409,0.659525
861.4,1.12552,0.393053,0.665266,0.669583
861.5,1.14898,0.529877,0.725221,0.677133
861.6,1.16424,0.675714,0.783701,0.68198
861.7,1.17019,0.830129,0.838965,0.683855
861.8,1.16557,0.992546,0.889123,0.6824
861.9,1.14902,1.16222,0.932171,0.677146
862,1.11904,1.33823,0.966054,0.667477
862.1,1.07404,1.51944,0.988759,0.65258
862.2,1.01235,1.70449,0.998446,0.631367
862.3,0.932273,1.89178,0.99362,0.602343
862.4,0.832185,2.07946,0.973363,0.563389
862.5,0.710592,2.26542,0.937601,0.511364
862.6,0.566274,2.4473,0.887418,0.441332
862.7,0.398441,2.62251,0.825388,0.344898
862.8,0.206912,2.78829,0.755872,0.206175
862.9,-0.00767088,2.94175,0.685253,0.206175
863,-0.243635,3.07996,0.621993,0.206175
863.1,-0.498072,3.2001,0.576457,0.206175
863.2,-0.766691,3.29954,0.560382,0.206175
863.3,-1.04375,3.37605,0.585967,0.206175
863.4,-1.32212,3.42794,0.664556,0.206175
863.5,-1.5935,3.45422,0.805032,0.206175
863.6,-1.84887,3.45476,1.01212,0.206175
863.7,-2.079,3.43035,1.28491,0.206175
863.8,-2.27523,3.38274,1.61599,0.206175
863.9,-2.43018,3.31461,1.99138,0.206175
864,-2.53847,3.22944,2.39164,0.206175
864.1,-2.59724,3.1313,2.79385,0.206175
864.2,-2.60641,3.02463,3.17424,0.206175
864.3,-2.56865,2.91398,3.511,0.206175
864.4,-2.48906,2.80371,3.78674,0.206175
864.5,-2.37461,2.69778,3.99002,0.206175
864.6,-2.23345,2.59958,4.11596,0.206175
864.7,-2.07422,2.51182,4.16586,0.206175
864.8,-1.90539,2.43644,4.14607,0.206175
864.9,-1.73475,2.37467,4.06645,0.206175
865,-1.56911,2.32703,3.93873,0.206175
865.1,-1.41407,2.29343,3.77515,0.206175
865.2,-1.27402,2.27328,3.58731,0.206175
865.3,-1.15215,2.26556,3.38548,0.206175
865.4,-1.05058,2.26892,3.17828,0.206175
865.5,-0.970539,2.28177,2.97258,0.206175
865.6,-0.912452,2.30238,2.77367,0.206175
865.7,-0.87612,2.32889,2.58548,0.206175
865.8,-0.860814,2.35941,2.41091,0.206175
865.9,-0.865365,2.39205,2.25212,0.206175
866,-0.888227,2.42494,2.11075,0.206175
866.1,-0.927525,2.45632,1.98817,0.206175
866.2,-0.981086,2.48454,1.88554,0.206175
866.3,-1.04647,2.50808,1.80388,0.206175
866.4,-1.121,2.52565,1.74403,0.206175
866.5,-1.20181,2.53612,1.70653,0.206175
866.6,-1.2859,2.53865,1.69156,0.206175
866.7,-1.37021,2.53266,1.69869,0.206175
866.8,-1.4517,2.51782,1.72681,0.206175
866.9,-1.52748,2.49414,1.77403,0.206175
867,-1.59489,2.46188,1.83759,0.206175
867.1,-1.65164,2.42157,1.91395,0.206175
867.2,-1.69589,2.374,1.99889,0.206175
867.3,-1.72632,2.32015,2.08777,0.206175
867.4,-1.74222,2.26116,2.17577,0.206175
867.5,-1.74346,2.19825,2.25818,0.206175
867.6,-1.73048,2.13272,2.33074,0.206175
867.7,-1.70426,2.06585,2.38988,0.206175
867.8,-1.6662,1.99885,2.43292,0.206175
867.9,-1.61807,1.93284,2.45815,0.206175
868,-1.56183,1.86882,2.46485,0.206175
868.1,-1.49957,1.80761,2.45326,0.206175
868.2,-1.43339,1.74986,2.4244,0.206175
868.3,-1.36531,1.69604,2.37994,0.206175
868.4,-1.2972,1.64647,2.32198,0.206175
868.5,-1.23072,1.60127,2.2529,0.206175
868.6,-1.16731,1.56042,2.17516,0.206175
868.7,-1.10812,1.52378,2.09118,0.206175
868.8,-1.05409,1.49107,2.00324,0.206175
868.9,-1.00587,1.46193,1.9134,0.206175
869,-0.963904,1.43593,1.82347,0.206175
869.1,-0.928403,1.41257,1.735,0.206175
869.2,-0.899398,1.39133,1.64924,0.206175
869.3,-0.876747,1.37164,1.56723,0.206175
869.4,-0.860161,1.35295,1.48976,0.206175
869.5,-0.849229,1.33472,1.41742,0.206175
869.6,-0.843433,1.31641,1.35063,0.206175
869.7,-0.842172,1.29751,1.28964,0.206175
869.8,-0.844777,1.27758,1.23457,0.206175
869.9,-0.850528,1.25619,1.18543,0.206175
870,-0.858673,1.23298,1.14211,0.206175
870.1,-0.868445,1.20766,1.10439,0.206175
870.2,-0.879074,1.17999,1.07195,0.206175
870.3,-0.889806,1.1498,1.0444,0.206175
870.4,-0.89992,1.11699,1.02125,0.206175
870.5,-0.908738,1.08151,1.00192,0.206175
870.6,-0.915644,1.04341,0.985803,0.206175
870.7,-0.920091,1.00277,0.972211,0.206175
870.8,-0.921614,0.959727,0.960435,0.206175
870.9,-0.919839,0.91449,0.949759,0.206175
871,-0.914482,0.867295,0.939473,0.206175
871.1,-0.905357,0.818421,0.928903,0.206175
871.2,-0.89237,0.768172,0.917431,0.206175
871.3,-0.875519,0.716875,0.904515,0.206175
871.4,-0.854882,0.66487,0.889701,0.206175
871.5,-0.830615,0.612501,0.872641,0.206175
871.6,-0.802936,0.560111,0.853096,0.206175
871.7,-0.772116,0.508035,0.830939,0.206175
871.8,-0.738464,0.456596,0.806152,0.206175
871.9,-0.702321,0.4061,0.778818,0.206175
872,-0.664041,0.356833,0.749111,0.206175
872.1,-0.623986,0.309059,0.717281,0.206175
872.2,-0.582515,0.263018,0.683639,0.206175
872.3,-0.539975,0.218926,0.648543,0.206175
872.4,-0.496699,0.176976,0.612377,0.206175
872.5,-0.452994,0.137337,0.575543,0.206175
872.6,-0.409148,0.100157,0.538442,0.206175
872.7,-0.36542,0.0655621,0.501463,0.206175
872.8,-0.322042,0.0336621,0.464974,0.206175
872.9,-0.279222,0.00454782,0.429318,0.206175
873,-0.237145,-0.0217046,0.3948,0.206175
873.1,-0.195972,-0.0450331,0.361689,0.206175
873.2,-0.155845,-0.0653876,0.330212,0.206175
873.3,-0.116891,-0.0827298,0.300559,0.206175
873.4,-0.0792231,-0.0970311,0.272876,0.206175
873.5,-0.0429428,-0.108273,0.247269,0.206175
873.6,-0.00814557,-0.116445,0.223808,0.206175
873.7,0.0250781,-0.121548,0.202526,0.0293589
873.8,0.0566397,-0.123589,0.183423,0.0643312
873.9,0.0864505,-0.122586,0.166467,0.0955148
874,0.11442,-0.118568,0.1516,0.123276
874.1,0.140452,-0.111574,0.138733,0.14792
874.2,0.164446,-0.101655,0.127758,0.16969
874.3,0.186297,-0.088874,0.118543,0.188774
874.4,0.205891,-0.0733114,0.110938,0.205326
874.5,0.223106,-0.0550615,0.104775,0.219454
874.6,0.237814,-0.034237,0.0998755,0.231231
874.7,0.249882,-0.0109696,0.096046,0.2407
874.8,0.25917,0.0145881,0.0930869,0.247872
874.9,0.265534,0.0422611,0.0907939,0.25273
875,0.268828,0.0718506,0.0889618,0.255227
875.1,0.268908,0.103133,0.0873893,0.255287
875.2,0.265634,0.135858,0.0858841,0.252806
875.3,0.258871,0.169749,0.0842684,0.247642
875.4,0.2485,0.204501,0.082385,0.239624
875.5,0.234417,0.239784,0.0801038,0.228534
875.6,0.216542,0.275239,0.0773288,0.214111
875.7,0.194823,0.310484,0.0740052,0.196039
875.8,0.169248,0.345113,0.070125,0.173939
875.9,0.139843,0.3787,0.0657336,0.147358
876,0.10669,0.410802,0.0609336,0.115741
876.1,0.069926,0.440966,0.0558876,0.0784411
876.2,0.0297536,0.46873,0.0508178,0.0346741
876.3,-0.0135528,0.493637,0.0460028,0.0346741
876.4,-0.0596435,0.515235,0.0417706,0.0346741
876.5,-0.108089,0.533091,0.0384871,0.0346741
876.6,-0.158381,0.546796,0.0365413,0.0346741
876.7,-0.209932,0.555977,0.0363246,0.0346741
876.8,-0.26208,0.560306,0.0382085,0.0346741
876.9,-0.3141,0.55951,0.0425182,0.0346741
877,-0.365211,0.553379,0.0495059,0.0346741
877.1,-0.414597,0.541772,0.059325,0.0346741
877.2,-0.46142,0.52463,0.0720073,0.0346741
877.3,-0.504846,0.501972,0.0874449,0.0346741
877.4,-0.544062,0.473908,0.105381,0.0346741
877.5,-0.578307,0.44063,0.12541,0.0346741
877.6,-0.60689,0.402416,0.146983,0.0346741
877.7,-0.629212,0.359626,0.169437,0.0346741
877.8,-0.644785,0.312692,0.192014,0.0346741
877.9,-0.653248,0.262114,0.21391,0.0346741
878,-0.654373,0.208447,0.234311,0.0346741
878.1,-0.648068,0.152291,0.252441,0.0346741
878.2,-0.63438,0.094278,0.267608,0.0346741
878.3,-0.61348,0.0350632,0.279241,0.0346741
878.4,-0.585658,-0.0246898,0.286921,0.0346741
878.5,-0.551302,-0.0843175,0.290405,0.0346741
878.6,-0.510882,-0.143167,0.289639,0.0346741
878.7,-0.464926,-0.200602,0.284752,0.0346741
878.8,-0.414006,-0.256013,0.27605,0.0346741
878.9,-0.358712,-0.308815,0.264001,0.0346741
879,-0.299639,-0.358458,0.249205,0.0346741
879.1,-0.23737,-0.404421,0.232367,0.0346741
879.2,-0.172463,-0.446217,0.21427,0.0346741
879.3,-0.105441,-0.483388,0.195742,0.0346741
879.4,-0.0367913,-0.515506,0.177627,0.0346741
879.5,0.0330451,-0.542166,0.160763,0.0383807
879.6,0.103669,-0.56299,0.145955,0.112768
879.7,0.174721,-0.577614,0.133965,0.178747
879.8,0.245883,-0.585694,0.125489,0.237581
879.9,0.316867,-0.586898,0.121155,0.290327
880,0.38741,-0.580905,0.121508,0.337855
880.1,0.457271,-0.567404,0.12701,0.380876
880.2,0.526217,-0.546092,0.138034,0.419968
880.3,0.59402,-0.516673,0.154862,0.455602
880.4,0.660444,-0.478861,0.17768,0.488157
880.5,0.725241,-0.43238,0.206576,0.517938
880.6,0.78814,-0.376965,0.241537,0.545187
880.7,0.848834,-0.312369,0.282442,0.570093
880.8,0.906979,-0.238363,0.329054,0.592795
880.9,0.962176,-0.154748,0.381012,0.61339
881,1.01397,-0.0613536,0.437819,0.631937
881.1,1.06182,0.0419443,0.498833,0.648453
881.2,1.10512,0.15522,0.563249,0.662919
881.3,1.14317,0.278483,0.630086,0.675275
881.4,1.17516,0.411666,0.698179,0.685417
881.5,1.20015,0.55461,0.76616,0.693193
881.6,1.21709,0.707047,0.832461,0.698394
881.7,1.22481,0.868578,0.895309,0.700744
881.8,1.22198,1.03866,0.952752,0.699882
881.9,1.20712,1.21657,1.00268,0.695339
882,1.17864,1.4014,1.0429,0.686509
882.1,1.13483,1.59202,1.07122,0.672593
882.2,1.07387,1.78707,1.08558,0.652523
882.3,0.993914,1.98492,1.08424,0.624842
882.4,0.893141,2.18367,1.06604,0.587489
882.5,0.769856,2.38114,1.03065,0.537424
882.6,0.622622,2.57489,0.97898,0.469888
882.7,0.450426,2.76222,0.913515,0.376821
882.8,0.252879,2.9402,0.838691,0.243024
882.9,0.030446,3.10577,0.761186,0.0354554
883,-0.215311,3.25583,0.690046,0.0354554
883.1,-0.481505,3.3873,0.636538,0.0354554
883.2,-0.763731,3.49736,0.613633,0.0354554
883.3,-1.05598,3.58356,0.635023,0.0354554
883.4,-1.35067,3.64401,0.713673,0.0354554
883.5,-1.63889,3.67759,0.859996,0.0354554
883.6,-1.91082,3.68408,1.07988,0.0354554
883.7,-2.1564,3.66427,1.37295,0.0354554
883.8,-2.36608,3.62002,1.73144,0.0354554
883.9,-2.53172,3.55417,2.14008,0.0354554
884,-2.64735,3.47046,2.57728,0.0354554
884.1,-2.70981,3.3733,3.01737,0.0354554
884.2,-2.71904,3.26747,3.43369,0.0354554
884.3,-2.67805,3.15785,3.8018,0.0354554
884.4,-2.59254,3.04914,4.10231,0.0354554
884.5,-2.47027,2.94557,4.32266,0.0354554
884.6,-2.32027,2.85072,4.45776,0.0354554
884.7,-2.15203,2.76739,4.5095,0.0354554
884.8,-1.97483,2.69757,4.48536,0.0354554
884.9,-1.79712,2.64244,4.39662,0.0354554
885,-1.62621,2.60242,4.25653,0.0354554
885.1,-1.46805,2.57726,4.07869,0.0354554
885.2,-1.32722,2.56619,3.87586,0.0354554
885.3,-1.207,2.56796,3.65925,0.0354554
885.4,-1.10949,2.58101,3.43815,0.0354554
885.5,-1.03579,2.60353,3.21997,0.0354554
885.6,-0.986164,2.63353,3.01037,0.0354554
885.7,-0.960174,2.66895,2.81363,0.0354554
885.8,-0.956803,2.70769,2.63296,0.0354554
885.9,-0.974542,2.74768,2.47086,0.0354554
886,-1.01145,2.7869,2.32935,0.0354554
886.1,-1.06522,2.82347,2.21014,0.0354554
886.2,-1.13318,2.85566,2.11473,0.0354554
886.3,-1.21237,2.88193,2.04439,0.0354554
886.4,-1.29958,2.90099,2.00006,0.0354554
886.5,-1.3914,2.91182,1.98221,0.0354554
886.6,-1.48433,2.9137,1.99062,0.0354554
886.7,-1.57486,2.90625,2.02422,0.0354554
886.8,-1.65965,2.88939,2.08095,0.0354554
886.9,-1.73558,2.8634,2.1577,0.0354554
887,-1.79997,2.82886,2.25032,0.0354554
887.1,-1.85066,2.78662,2.35383,0.0354554
887.2,-1.88613,2.73778,2.46262,0.0354554
887.3,-1.90554,2.68362,2.57085,0.0354554
887.4,-1.90876,2.62551,2.67282,0.0354554
887.5,-1.89638,2.5649,2.76336,0.0354554
887.6,-1.86956,2.50319,2.83813,0.0354554
887.7,-1.83003,2.44173,2.89391,0.0354554
887.8,-1.77988,2.38173,2.92869,0.0354554
887.9,-1.72145,2.32425,2.9417,0.0354554
888,-1.65721,2.27012,2.93333,0.0354554
888.1,-1.58961,2.22,2.9049,0.0354554
888.2,-1.52098,2.1743,2.85852,0.0354554
888.3,-1.45344,2.13327,2.7968,0.0354554
888.4,-1.38884,2.09692,2.72265,0.0354554
888.5,-1.32876,2.06512,2.63904,0.0354554
888.6,-1.27442,2.03756,2.5489,0.0354554
888.7,-1.22674,2.01383,2.45496,0.0354554
888.8,-1.18635,1.99341,2.35966,0.0354554
888.9,-1.15356,1.9757,2.26517,0.0354554
889,-1.12843,1.96005,2.17333,0.0354554
889.1,-1.11081,1.94579,2.08564,0.0354554
889.2,-1.10031,1.93224,2.00334,0.0354554
889.3,-1.09638,1.91873,1.92738,0.0354554
889.4,-1.09832,1.90463,1.85847,0.0354554
889.5,-1.10532,1.88934,1.79707,0.0354554
889.6,-1.11646,1.87234,1.74345,0.0354554
889.7,-1.13076,1.85314,1.69766,0.0354554
889.8,-1.14721,1.83138,1.65956,0.0354554
889.9,-1.16479,1.80675,1.62883,0.0354554
890,-1.18247,1.77905,1.60494,0.0354554
890.1,-1.19929,1.74814,1.58723,0.0354554
890.2,-1.21436,1.71401,1.57486,0.0354554
890.3,-1.22687,1.6767,1.56686,0.0354554
890.4,-1.23612,1.63636,1.56216,0.0354554
890.5,-1.24154,1.59319,1.55964,0.0354554
890.6,-1.24271,1.54747,1.55813,0.0354554
890.7,-1.23934,1.49951,1.55651,0.0354554
890.8,-1.23129,1.44968,1.55368,0.0354554
890.9,-1.21856,1.39835,1.54868,0.0354554
891,-1.20129,1.34593,1.54067,0.0354554
891.1,-1.17972,1.29282,1.52897,0.0354554
891.2,-1.15419,1.2394,1.51309,0.0354554
891.3,-1.12513,1.18604,1.49271,0.0354554
891.4,-1.09302,1.13308,1.46772,0.0354554
891.5,-1.05838,1.08084,1.43815,0.0354554
891.6,-1.02174,1.02958,1.40421,0.0354554
891.7,-0.983629,0.979519,1.36623,0.0354554
891.8,-0.944564,0.930857,1.32463,0.0354554
891.9,-0.90503,0.883734,1.27992,0.0354554
892,-0.865468,0.838253,1.23265,0.0354554
892.1,-0.826274,0.794482,1.18339,0.0354554
892.2,-0.787792,0.752452,1.1327,0.0354554
892.3,-0.750311,0.712164,1.08115,0.0354554
892.4,-0.714065,0.673593,1.02923,0.0354554
892.5,-0.679235,0.636691,0.977427,0.0354554
892.6,-0.645953,0.60139,0.926148,0.0354554
892.7,-0.614304,0.56761,0.875759,0.0354554
892.8,-0.584331,0.535258,0.826563,0.0354554
892.9,-0.55604,0.504236,0.778809,0.0354554
893,-0.529403,0.474439,0.732694,0.0354554
893.1,-0.504366,0.445764,0.688365,0.0354554
893.2,-0.480854,0.418109,0.645926,0.0354554
893.3,-0.458769,0.391372,0.605439,0.0354554
893.4,-0.438002,0.365462,0.566936,0.0354554
893.5,-0.418432,0.340291,0.530417,0.0354554
893.6,-0.399933,0.31578,0.495859,0.0354554
893.7,-0.382372,0.291861,0.463217,0.0354554
893.8,-0.365617,0.268473,0.432435,0.0354554
893.9,-0.349536,0.24557,0.40344,0.0354554
894,-0.334001,0.223112,0.376154,0.0354554
894.1,-0.318888,0.201074,0.350492,0.0354554
894.2,-0.30408,0.179439,0.326364,0.0354554
894.3,-0.289468,0.158202,0.303682,0.0354554
894.4,-0.274952,0.137369,0.282357,0.0354554
894.5,-0.260442,0.116955,0.262302,0.0354554
894.6,-0.245858,0.096986,0.243436,0.0354554
894.7,-0.231131,0.0774951,0.225679,0.0354554
894.8,-0.216204,0.0585247,0.208961,0.0354554
894.9,-0.20103,0.0401245,0.193215,0.0354554
895,-0.185576,0.0223509,0.178382,0.0354554
895.1,-0.169818,0.00526596,0.16441,0.0354554
895.2,-0.153745,-0.0110631,0.151254,0.0354554
895.3,-0.137357,-0.0265651,0.138875,0.0354554
895.4,-0.120662,-0.0411657,0.127243,0.0354554
895.5,-0.103683,-0.0547883,0.116331,0.0354554
895.6,-0.0864503,-0.0673551,0.106121,0.0354554
895.7,-0.0690032,-0.0787879,0.0965976,0.0354554
895.8,-0.0513911,-0.0890089,0.0877509,0.0354554
895.9,-0.0336718,-0.0979419,0.0795738,0.0354554
896,-0.0159112,-0.105513,0.0720616,0.0354554
896.1,0.00181749,-0.111653,0.0652111,0.0354554
896.2,0.0194336,-0.116294,0.059019,0.0228781
896.3,0.0368499,-0.119376,0.0534812,0.0426496
896.4,0.0539729,-0.120844,0.0485919,0.0614567
896.5,0.0707031,-0.120651,0.0443418,0.0792561
896.6,0.0869357,-0.118757,0.0407182,0.0960076
896.7,0.102561,-0.115131,0.0377029,0.111671
896.8,0.117464,-0.109753,0.0352724,0.126215
896.9,0.131526,-0.102612,0.0333969,0.139594
897,0.144624,-0.0937119,0.0320395,0.151768
897.1,0.156633,-0.0830661,0.0311564,0.162695
897.2,0.167425,-0.0707038,0.0306968,0.17233
897.3,0.17687,-0.0566684,0.0306029,0.180621
897.4,0.184836,-0.041019,0.0308104,0.187519
897.5,0.191192,-0.0238311,0.0312496,0.192957
897.6,0.195809,-0.00519752,0.031846,0.196873
897.7,0.198559,0.014771,0.0325225,0.199192
897.8,0.199319,0.0359452,0.0332005,0.199832
897.9,0.197972,0.0581767,0.0338026,0.198698
898,0.19441,0.0812983,0.0342548,0.195689
898.1,0.188533,0.105123,0.0344895,0.190688
898.2,0.180257,0.129445,0.0344483,0.183565
898.3,0.169514,0.154041,0.0340855,0.174174
898.4,0.156253,0.178669,0.0333711,0.162353
898.5,0.140449,0.20307,0.0322941,0.147917
898.6,0.122103,0.226973,0.030865,0.130665
898.7,0.101243,0.250091,0.0291187,0.11037
898.8,0.0779356,0.272131,0.0271159,0.0867825
898.9,0.0522808,0.29279,0.0249438,0.059626
899,0.0244206,0.311765,0.0227158,0.0286059
899.1,-0.00545999,0.32875,0.0205696,0.0286059
899.2,-0.0371313,0.34345,0.0186638,0.0286059
899.3,-0.0703176,0.355576,0.0171727,0.0286059
899.4,-0.104697,0.364856,0.01628,0.0286059
899.5,-0.139904,0.371043,0.0161696,0.0286059
899.6,-0.175529,0.373911,0.0170164,0.0286059
899.7,-0.211128,0.37327,0.0189757,0.0286059
899.8,-0.246225,0.368968,0.0221714,0.0286059
899.9,-0.280318,0.360893,0.0266862,0.0286059
900,-0.312893,0.34898,0.0325507,0.0286059
900.1,-0.343431,0.333216,0.0397364,0.0286059
900.2,-0.371421,0.313637,0.0481503,0.0286059
900.3,-0.396368,0.290335,0.0576329,0.0286059
900.4,-0.417813,0.263454,0.0679605,0.0286059
900.5,-0.435336,0.233192,0.0788517,0.0286059
900.6,-0.448569,0.199797,0.0899772,0.0286059
900.7,-0.457209,0.163563,0.100974,0.0286059
900.8,-0.46102,0.12483,0.111463,0.0286059
900.9,-0.459841,0.0839734,0.121066,0.0286059
901,-0.453586,0.0414002,0.129427,0.0286059
901.1,-0.442245,-0.00245555,0.136232,0.0286059
901.2,-0.425881,-0.0471407,0.141223,0.0286059
901.3,-0.404627,-0.0921889,0.144214,0.0286059
901.4,-0.378675,-0.137126,0.145105,0.0286059
901.5,-0.348271,-0.181478,0.143883,0.0286059
901.6,-0.313705,-0.224772,0.140629,0.0286059
901.7,-0.275303,-0.266543,0.135511,0.0286059
901.8,-0.233414,-0.306338,0.128782,0.0286059
901.9,-0.188403,-0.343715,0.120771,0.0286059
902,-0.140642,-0.378251,0.111866,0.0286059
902.1,-0.090503,-0.409535,0.102507,0.0286059
902.2,-0.038354,-0.437177,0.093165,0.0286059
902.3,0.0154486,-0.460802,0.0843339,0.0182591
902.4,0.0705609,-0.480051,0.0765116,0.0791068
902.5,0.126654,-0.494584,0.0701883,0.134996
902.6,0.183413,-0.504073,0.0658345,0.186293
902.7,0.240537,-0.508207,0.0638899,0.233382
902.8,0.297737,-0.506689,0.0647537,0.276636
902.9,0.354733,-0.499236,0.0687767,0.316392
903,0.411248,-0.485579,0.0762538,0.352955
903.1,0.467007,-0.465462,0.0874175,0.386587
903.2,0.521729,-0.438646,0.102432,0.417516
903.3,0.575124,-0.404909,0.121389,0.445929
903.4,0.626883,-0.364048,0.144298,0.471981
903.5,0.676679,-0.315881,0.171086,0.495792
903.6,0.724152,-0.260254,0.201589,0.517452
903.7,0.76891,-0.19704,0.235544,0.537019
903.8,0.810516,-0.126153,0.272585,0.554521
903.9,0.848487,-0.0475447,0.312236,0.569954
904,0.882282,0.0387798,0.353906,0.583284
904.1,0.911301,0.132758,0.396881,0.59444
904.2,0.934872,0.23426,0.440324,0.603314
904.3,0.952253,0.343074,0.483273,0.609753
904.4,0.962625,0.458901,0.524647,0.613555
904.5,0.96509,0.581336,0.563261,0.614453
904.6,0.958673,0.709858,0.597839,0.612109
904.7,0.942326,0.843816,0.627057,0.606086
904.8,0.914943,0.982415,0.649586,0.595822
904.9,0.875372,1.1247,0.664162,0.580588
905,0.822447,1.26956,0.669676,0.559424
905.1,0.755023,1.41568,0.665289,0.531033
905.2,0.672029,1.56161,0.65057,0.493618
905.3,0.572537,1.70567,0.625658,0.444589
905.4,0.455838,1.84605,0.591434,0.380029
905.5,0.321551,1.98076,0.549698,0.293625
905.6,0.169728,2.10772,0.503321,0.174363
905.7,0.000980962,2.22475,0.456342,0.174363
905.8,-0.183397,2.32967,0.413982,0.174363
905.9,-0.381319,2.42035,0.382518,0.174363
906,-0.589824,2.49481,0.368992,0.174363
906.1,-0.805042,2.55134,0.380722,0.174363
906.2,-1.02223,2.58855,0.424625,0.174363
906.3,-1.23589,2.60553,0.506389,0.174363
906.4,-1.43999,2.6019,0.629581,0.174363
906.5,-1.62827,2.57791,0.794838,0.174363
906.6,-1.79464,2.53444,0.999283,0.174363
906.7,-1.93361,2.47304,1.23632,0.174363
906.8,-2.0407,2.39583,1.49594,0.174363
906.9,-2.11281,2.30543,1.76548,0.174363
907,-2.14849,2.20485,2.03085,0.174363
907.1,-2.14799,2.09731,2.27796,0.174363
907.2,-2.11327,1.98607,2.49418,0.174363
907.3,-2.04772,1.87428,2.6695,0.174363
907.4,-1.95589,1.76487,2.79733,0.174363
907.5,-1.84307,1.66037,2.87479,0.174363
907.6,-1.7149,1.56292,2.90251,0.174363
907.7,-1.57699,1.47415,2.88408,0.174363
907.8,-1.43459,1.39525,2.82527,0.174363
907.9,-1.29245,1.32693,2.73313,0.174363
908,-1.15457,1.26949,2.61526,0.174363
908.1,-1.02426,1.22289,2.47908,0.174363
908.2,-0.904067,1.18677,2.33139,0.174363
908.3,-0.795854,1.16052,2.17806,0.174363
908.4,-0.700889,1.14336,2.02388,0.174363
908.5,-0.619923,1.13434,1.8726,0.174363
908.6,-0.553285,1.13245,1.72699,0.174363
908.7,-0.500962,1.13655,1.58895,0.174363
908.8,-0.462675,1.14552,1.45971,0.174363
908.9,-0.437931,1.15818,1.33999,0.174363
909,-0.426069,1.17337,1.23014,0.174363
909.1,-0.426289,1.18992,1.13028,0.174363
909.2,-0.437673,1.20673,1.04041,0.174363
909.3,-0.459194,1.22271,0.960492,0.174363
909.4,-0.489725,1.23683,0.890478,0.174363
909.5,-0.528041,1.24814,0.830366,0.174363
909.6,-0.572826,1.25576,0.780183,0.174363
909.7,-0.622676,1.25891,0.739967,0.174363
909.8,-0.676111,1.25691,0.70973,0.174363
909.9,-0.731592,1.24922,0.689406,0.174363
910,-0.787544,1.2354,0.6788,0.174363
910.1,-0.842387,1.21518,0.677527,0.174363
910.2,-0.894566,1.18842,0.684969,0.174363
910.3,-0.942598,1.15514,0.700242,0.174363
910.4,-0.985109,1.11549,0.722186,0.174363
910.5,-1.02088,1.06979,0.749378,0.174363
910.6,-1.04888,1.01846,0.78017,0.174363
910.7,-1.06831,0.962058,0.812754,0.174363
910.8,-1.0786,0.901234,0.845244,0.174363
910.9,-1.07945,0.836715,0.87577,0.174363
911,-1.07082,0.769283,0.902575,0.174363
911.1,-1.0529,0.699754,0.924109,0.174363
911.2,-1.02612,0.628953,0.939103,0.174363
911.3,-0.991102,0.557693,0.946624,0.174363
911.4,-0.948614,0.486757,0.94611,0.174363
911.5,-0.899542,0.416883,0.937374,0.174363
911.6,-0.844843,0.348753,0.920582,0.174363
911.7,-0.785507,0.282984,0.896218,0.174363
911.8,-0.722521,0.22012,0.865029,0.174363
911.9,-0.656834,0.160638,0.827962,0.174363
912,-0.589342,0.10494,0.7861,0.174363
912.1,-0.520861,0.053365,0.740598,0.174363
912.2,-0.452124,0.0061864,0.692628,0.174363
912.3,-0.383771,-0.0363771,0.643326,0.174363
912.4,-0.316352,-0.074157,0.593759,0.174363
912.5,-0.250328,-0.107028,0.544893,0.174363
912.6,-0.186083,-0.134901,0.497574,0.174363
912.7,-0.123926,-0.15772,0.45252,0.174363
912.8,-0.064109,-0.175452,0.410314,0.174363
912.9,-0.00683256,-0.188087,0.371409,0.174363
913,0.0477414,-0.195632,0.336131,0.0546833
913.1,0.0994792,-0.198112,0.30469,0.108619
913.2,0.148266,-0.195562,0.277189,0.155104
913.3,0.193995,-0.188034,0.253636,0.195338
913.4,0.236565,-0.17559,0.233949,0.230241
913.5,0.275866,-0.158308,0.217975,0.260521
913.6,0.311779,-0.136282,0.20549,0.286721
913.7,0.344173,-0.109621,0.196216,0.309256
913.8,0.372893,-0.0784565,0.18982,0.328432
913.9,0.397766,-0.0429435,0.18593,0.344471
914,0.418598,-0.00326282,0.184136,0.35752
914.1,0.43517,0.0403738,0.183998,0.367662
914.2,0.447239,0.0877203,0.185054,0.374921
914.3,0.454546,0.138492,0.186832,0.379265
914.4,0.456812,0.192362,0.188851,0.380605
914.5,0.453745,0.248958,0.190642,0.378791
914.6,0.445049,0.307858,0.191755,0.373612
914.7,0.430427,0.368587,0.191775,0.36478
914.8,0.409595,0.430617,0.190345,0.351921
914.9,0.382291,0.493364,0.18718,0.334552
915,0.348291,0.55619,0.182095,0.312051
915.1,0.307426,0.618402,0.175023,0.283615
915.2,0.259597,0.67926,0.166045,0.248199
915.3,0.204799,0.737979,0.155403,0.204416
915.4,0.143139,0.79374,0.143527,0.150401
915.5,0.074862,0.845697,0.131035,0.0835956
915.6,0.000368304,0.892997,0.118743,0.0835956
915.7,-0.0797655,0.93479,0.107646,0.0835956
915.8,-0.164772,0.970255,0.0988901,0.0835956
915.9,-0.253682,0.998613,0.0937264,0.0835956
916,-0.345326,1.01916,0.0934438,0.0835956
916.1,-0.438339,1.03128,0.0992845,0.0835956
916.2,-0.531185,1.03447,0.112346,0.0835956
916.3,-0.622186,1.02839,0.133477,0.0835956
916.4,-0.709567,1.01284,0.16317,0.0835956
916.5,-0.791515,0.987787,0.201475,0.0835956
916.6,-0.866246,0.9534,0.247932,0.0835956
916.7,-0.93207,0.910025,0.301542,0.0835956
916.8,-0.987472,0.858195,0.360785,0.0835956
916.9,-1.03117,0.798611,0.423678,0.0835956
917,-1.06218,0.73213,0.48789,0.0835956
917.1,-1.07986,0.659734,0.550884,0.0835956
917.2,-1.08392,0.582505,0.610089,0.0835956
917.3,-1.07443,0.501591,0.663073,0.0835956
917.4,-1.05182,0.418174,0.707711,0.0835956
917.5,-1.01681,0.333436,0.742318,0.0835956
917.6,-0.97041,0.248532,0.765742,0.0835956
917.7,-0.913796,0.164563,0.777418,0.0835956
917.8,-0.848296,0.082558,0.777363,0.0835956
917.9,-0.775305,0.00345789,0.766137,0.0835956
918,-0.696224,-0.0718916,0.744766,0.0835956
918.1,-0.612415,-0.142744,0.714646,0.0835956
918.2,-0.525154,-0.208448,0.677432,0.0835956
918.3,-0.435605,-0.268448,0.634935,0.0835956
918.4,-0.344798,-0.322269,0.589016,0.0835956
918.5,-0.253621,-0.369513,0.541506,0.0835956
918.6,-0.16282,-0.409842,0.494134,0.0835956
918.7,-0.0730079,-0.442974,0.448479,0.0835956
918.8,0.0153265,-0.468666,0.405937,0.018076
918.9,0.101801,-0.48671,0.367702,0.110925
919,0.186125,-0.496918,0.334764,0.188625
919.1,0.268074,-0.499123,0.307906,0.254656
919.2,0.347481,-0.493165,0.287721,0.311502
919.3,0.42421,-0.478894,0.274619,0.360977
919.4,0.498146,-0.456164,0.268843,0.404423
919.5,0.569173,-0.424834,0.270486,0.442842
919.6,0.637165,-0.384768,0.279499,0.476994
919.7,0.70197,-0.335837,0.295701,0.507452
919.8,0.763402,-0.277921,0.31879,0.534654
919.9,0.821225,-0.210917,0.348338,0.558924
920,0.875145,-0.134745,0.383802,0.5805
920.1,0.924802,-0.0493509,0.424509,0.599543
920.2,0.969758,0.045278,0.469663,0.616151
920.3,1.00949,0.149108,0.518328,0.630362
920.4,1.04338,0.262044,0.569428,0.642156
920.5,1.07071,0.383918,0.621737,0.651458
920.6,1.09065,0.514476,0.67388,0.658132
920.7,1.10226,0.653357,0.724332,0.661974
920.8,1.10447,0.800081,0.771433,0.662703
920.9,1.09611,0.954027,0.813411,0.659945
921,1.0759,1.11442,0.848425,0.653205
921.1,1.04244,1.2803,0.874631,0.641833
921.2,0.994269,1.45052,0.890277,0.624968
921.3,0.929887,1.62371,0.893831,0.601451
921.4,0.847804,1.7983,0.884153,0.569681
921.5,0.746612,1.97246,0.860697,0.52737
921.6,0.625083,2.14415,0.823766,0.471098
921.7,0.482289,2.3111,0.774775,0.395421
921.8,0.317746,2.47087,0.716521,0.290947
921.9,0.131581,2.62086,0.653423,0.139646
922,-0.0752828,2.75838,0.591656,0.139646
922.1,-0.300951,2.88076,0.53914,0.139646
922.2,-0.542395,2.98544,0.505286,0.139646
922.3,-0.795346,3.0701,0.500457,0.139646
922.4,-1.05427,3.13281,0.535093,0.139646
922.5,-1.31248,3.17216,0.618533,0.139646
922.6,-1.56234,3.18741,0.75764,0.139646
922.7,-1.79567,3.17858,0.955414,0.139646
922.8,-2.0043,3.14657,1.20987,0.139646
922.9,-2.18065,3.0931,1.51342,0.139646
923,-2.3184,3.02072,1.85307,0.139646
923.1,-2.41303,2.93267,2.21142,0.139646
923.2,-2.4623,2.8327,2.56843,0.139646
923.3,-2.46635,2.72486,2.90367,0.139646
923.4,-2.42776,2.61328,3.19864,0.139646
923.5,-2.35113,2.50191,3.43866,0.139646
923.6,-2.24269,2.39437,3.61421,0.139646
923.7,-2.10968,2.29374,3.72134,0.139646
923.8,-1.95973,2.20253,3.7613,0.139646
923.9,-1.80035,2.12255,3.73962,0.139646
924,-1.6385,2.055,3.66484,0.139646
924.1,-1.48025,2.00045,3.54714,0.139646
924.2,-1.33067,1.95892,3.39716,0.139646
924.3,-1.19376,1.92999,3.22508,0.139646
924.4,-1.07248,1.91285,3.03995,0.139646
924.5,-0.968873,1.90637,2.84942,0.139646
924.6,-0.884158,1.90923,2.6596,0.139646
924.7,-0.818879,1.91994,2.47519,0.139646
924.8,-0.77302,1.93691,2.29965,0.139646
924.9,-0.746104,1.95848,2.13546,0.139646
925,-0.737283,1.98298,1.98438,0.139646
925.1,-0.745388,2.00877,1.84766,0.139646
925.2,-0.768984,2.03426,1.72625,0.139646
925.3,-0.806393,2.05791,1.62092,0.139646
925.4,-0.855717,2.07832,1.53233,0.139646
925.5,-0.914862,2.0942,1.46108,0.139646
925.6,-0.981558,2.10442,1.40764,0.139646
925.7,-1.05339,2.10805,1.3723,0.139646
925.8,-1.12786,2.10434,1.35505,0.139646
925.9,-1.2024,2.09277,1.35549,0.139646
926,-1.27449,2.07308,1.37271,0.139646
926.1,-1.34169,2.04521,1.40521,0.139646
926.2,-1.40178,2.00937,1.45089,0.139646
926.3,-1.45279,1.96597,1.50704,0.139646
926.4,-1.49309,1.91565,1.57046,0.139646
926.5,-1.5215,1.85921,1.63758,0.139646
926.6,-1.53725,1.79761,1.70468,0.139646
926.7,-1.54007,1.73189,1.76808,0.139646
926.8,-1.53015,1.66316,1.82436,0.139646
926.9,-1.5081,1.59255,1.87059,0.139646
927,-1.47492,1.52115,1.90446,0.139646
927.1,-1.43191,1.45001,1.92438,0.139646
927.2,-1.38059,1.38007,1.92951,0.139646
927.3,-1.32259,1.31215,1.91976,0.139646
927.4,-1.25963,1.24697,1.89569,0.139646
927.5,-1.1934,1.18509,1.8584,0.139646
927.6,-1.12548,1.12692,1.80941,0.139646
927.7,-1.05736,1.07276,1.75049,0.139646
927.8,-0.990344,1.02276,1.68356,0.139646
927.9,-0.925546,0.97696,1.61057,0.139646
928,-0.8639,0.935307,1.53338,0.139646
928.1,-0.806147,0.897647,1.45371,0.139646
928.2,-0.752845,0.863757,1.37309,0.139646
928.3,-0.704384,0.833351,1.29285,0.139646
928.4,-0.661002,0.806098,1.21408,0.139646
928.5,-0.622802,0.781634,1.13768,0.139646
928.6,-0.589771,0.759569,1.06432,0.139646
928.7,-0.561799,0.739501,0.994521,0.139646
928.8,-0.53869,0.721023,0.928635,0.139646
928.9,-0.520178,0.703732,0.866887,0.139646
929,-0.505943,0.687231,0.809399,0.139646
929.1,-0.495615,0.671143,0.756202,0.139646
929.2,-0.488791,0.655107,0.707264,0.139646
929.3,-0.485036,0.638788,0.662496,0.139646
929.4,-0.483895,0.621881,0.621767,0.139646
929.5,-0.4849,0.604111,0.584913,0.139646
929.6,-0.487575,0.585238,0.551741,0.139646
929.7,-0.491441,0.565059,0.522035,0.139646
929.8,-0.496023,0.543408,0.495554,0.139646
929.9,-0.500859,0.52016,0.472043,0.139646
930,-0.505501,0.49523,0.451223,0.139646
930.1,-0.509523,0.468575,0.432804,0.139646
930.2,-0.512527,0.440188,0.416481,0.139646
930.3,-0.514148,0.410106,0.401939,0.139646
930.4,-0.514058,0.378399,0.388856,0.139646
930.5,-0.511968,0.345176,0.376912,0.139646
930.6,-0.507637,0.310575,0.365793,0.139646
930.7,-0.500867,0.274767,0.355195,0.139646
930.8,-0.49151,0.237948,0.344837,0.139646
930.9,-0.479463,0.200336,0.334464,0.139646
931,-0.464674,0.162171,0.323854,0.139646
931.1,-0.447131,0.123705,0.312824,0.139646
931.2,-0.426867,0.0852052,0.301236,0.139646
931.3,-0.403954,0.0469446,0.288997,0.139646
931.4,-0.378497,0.00920224,0.276066,0.139646
931.5,-0.350631,-0.027741,0.262446,0.139646
931.6,-0.320517,-0.0636052,0.24819,0.139646
931.7,-0.288336,-0.0981135,0.233393,0.139646
931.8,-0.254284,-0.130994,0.21819,0.139646
931.9,-0.21857,-0.161983,0.202748,0.139646
932,-0.181411,-0.190822,0.187263,0.139646
932.1,-0.143027,-0.217266,0.171952,0.139646
932.2,-0.103641,-0.241077,0.157042,0.139646
932.3,-0.0634771,-0.262029,0.142771,0.139646
932.4,-0.022755,-0.279906,0.129372,0.139646
932.5,0.0183058,-0.294504,0.117074,0.0215734
932.6,0.0594889,-0.305633,0.106093,0.0673866
932.7,0.10058,-0.313112,0.0966254,0.109712
932.8,0.141365,-0.316775,0.0888447,0.148765
932.9,0.181633,-0.316468,0.0828968,0.184756
933,0.221166,-0.312051,0.0788958,0.217881
933.1,0.259748,-0.303401,0.0769208,0.248315
933.2,0.297155,-0.290408,0.0770126,0.276213
933.3,0.333154,-0.272983,0.0791715,0.301701
933.4,0.367503,-0.251056,0.083355,0.324888
933.5,0.399949,-0.224576,0.0894754,0.345853
933.6,0.430221,-0.19352,0.0973992,0.364655
933.7,0.458034,-0.157889,0.106945,0.381326
933.8,0.483083,-0.117718,0.117885,0.395875
933.9,0.505043,-0.073073,0.129942,0.408288
934,0.523567,-0.0240586,0.142796,0.418521
934.1,0.538287,0.0291781,0.156079,0.426504
934.2,0.548814,0.086444,0.16939,0.432134
934.3,0.554737,0.147495,0.182291,0.435274
934.4,0.555628,0.212031,0.194322,0.435744
934.5,0.551046,0.279693,0.205013,0.433319
934.6,0.540541,0.350057,0.213897,0.427715
934.7,0.523665,0.422632,0.220529,0.418576
934.8,0.499977,0.496854,0.224514,0.405452
934.9,0.469064,0.572089,0.22553,0.387785
935,0.430549,0.647627,0.223362,0.364855
935.1,0.384118,0.722689,0.217934,0.335733
935.2,0.329537,0.796426,0.209351,0.299198
935.3,0.266682,0.867926,0.197927,0.253602
935.4,0.195567,0.936226,0.184219,0.196669
935.5,0.116372,1.00032,0.169053,0.125164
935.6,0.0294754,1.05919,0.15353,0.0343595
935.7,-0.0645175,1.1118,0.13902,0.0343595
935.8,-0.16475,1.15714,0.127128,0.0343595
935.9,-0.270098,1.19425,0.119638,0.0343595
936,-0.37916,1.22226,0.118417,0.0343595
936.1,-0.490268,1.24041,0.125299,0.0343595
936.2,-0.601508,1.24807,0.141935,0.0343595
936.3,-0.710762,1.2448,0.169638,0.0343595
936.4,-0.815771,1.23036,0.209214,0.0343595
936.5,-0.914215,1.20472,0.260825,0.0343595
936.6,-1.0038,1.1681,0.323876,0.0343595
936.7,-1.08237,1.12096,0.396973,0.0343595
936.8,-1.14801,1.06399,0.47794,0.0343595
936.9,-1.19912,0.99809,0.563919,0.0343595
937,-1.23452,0.924365,0.651548,0.0343595
937.1,-1.25353,0.844059,0.737186,0.0343595
937.2,-1.25591,0.758533,0.817185,0.0343595
937.3,-1.24197,0.669211,0.888151,0.0343595
937.4,-1.21245,0.57754,0.947194,0.0343595
937.5,-1.16848,0.484942,0.992113,0.0343595
937.6,-1.11154,0.392778,1.02152,0.0343595
937.7,-1.04333,0.302316,1.03488,0.0343595
937.8,-0.965653,0.214708,1.03248,0.0343595
937.9,-0.880394,0.130974,1.01533,0.0343595
938,-0.789379,0.0519975,0.985048,0.0343595
938.1,-0.694337,-0.0214763,0.943679,0.0343595
938.2,-0.596844,-0.088834,0.893532,0.0343595
938.3,-0.498296,-0.149583,0.837029,0.0343595
938.4,-0.399887,-0.20334,0.77657,0.0343595
938.5,-0.302613,-0.249811,0.714423,0.0343595
938.6,-0.207278,-0.288783,0.652646,0.0343595
938.7,-0.114509,-0.320103,0.593039,0.0343595
938.8,-0.0247844,-0.343668,0.537116,0.0343595
938.9,0.0615503,-0.35941,0.486098,0.0695871
939,0.14425,-0.367289,0.440921,0.151424
939.1,0.223147,-0.367284,0.402257,0.219487
939.2,0.298127,-0.359387,0.370533,0.276918
939.3,0.369107,-0.343599,0.345963,0.325946
939.4,0.436016,-0.31993,0.328566,0.368174
939.5,0.498778,-0.288396,0.318197,0.404779
939.6,0.557298,-0.249025,0.314563,0.436625
939.7,0.611446,-0.201855,0.31724,0.464356
939.8,0.661051,-0.146943,0.32569,0.488445
939.9,0.705888,-0.0843702,0.339267,0.509234
940,0.745673,-0.0142452,0.357228,0.52696
940.1,0.780054,0.0632833,0.378733,0.54177
940.2,0.80861,0.14802,0.402855,0.553733
940.3,0.830843,0.239713,0.428581,0.562844
940.4,0.84618,0.338041,0.454823,0.56903
940.5,0.85397,0.442605,0.480426,0.572142
940.6,0.853491,0.552916,0.504184,0.571951
940.7,0.84395,0.668379,0.524868,0.568136
940.8,0.824497,0.788287,0.541261,0.560261
940.9,0.794242,0.911807,0.552205,0.547751
941,0.752272,1.03797,0.556668,0.529838
941.1,0.697686,1.16566,0.553822,0.505497
941.2,0.629633,1.29363,0.543144,0.473327
941.3,0.547362,1.42046,0.524527,0.431361
941.4,0.450285,1.54461,0.498407,0.376737
941.5,0.338052,1.6644,0.465888,0.305074
941.6,0.210636,1.77805,0.428854,0.209257
941.7,0.0684197,1.88371,0.390057,0.0768586
941.8,-0.0877028,1.97948,0.353141,0.0768586
941.9,-0.256244,2.0635,0.32259,0.0768586
942,-0.435051,2.13401,0.303563,0.0768586
942.1,-0.62126,2.18939,0.301604,0.0768586
942.2,-0.811306,2.22829,0.322208,0.0768586
942.3,-1.00098,2.24968,0.37028,0.0768586
942.4,-1.18554,2.25293,0.449505,0.0768586
942.5,-1.35995,2.2379,0.561732,0.0768586
942.6,-1.51909,2.20494,0.706444,0.0768586
942.7,-1.6581,2.15496,0.880442,0.0768586
942.8,-1.77269,2.08937,1.07781,0.0768586
942.9,-1.85945,2.01006,1.29025,0.0768586
943,-1.9161,1.9193,1.50772,0.0768586
943.1,-1.94167,1.81966,1.71934,0.0768586
943.2,-1.93651,1.71386,1.91445,0.0768586
943.3,-1.9023,1.60466,2.08361,0.0768586
943.4,-1.84181,1.49473,2.21942,0.0768586
943.5,-1.7587,1.38655,2.31703,0.0768586
943.6,-1.65719,1.28232,2.37438,0.0768586
943.7,-1.54181,1.18391,2.392,0.0768586
943.8,-1.41705,1.09279,2.37265,0.0768586
943.9,-1.2872,1.01008,2.32077,0.0768586
944,-1.15613,0.936548,2.24182,0.0768586
944.1,-1.02717,0.872602,2.14173,0.0768586
944.2,-0.903132,0.818371,2.0264,0.0768586
944.3,-0.786213,0.773735,1.9013,0.0768586
944.4,-0.678092,0.738363,1.77124,0.0768586
944.5,-0.579961,0.711765,1.64021,0.0768586
944.6,-0.4926,0.693324,1.51139,0.0768586
944.7,-0.416444,0.682328,1.38713,0.0768586
944.8,-0.351655,0.678,1.26909,0.0768586
944.9,-0.298179,0.679517,1.1583,0.0768586
945,-0.255804,0.686029,1.05532,0.0768586
945.1,-0.224192,0.696669,0.960332,0.0768586
945.2,-0.202916,0.710567,0.873247,0.0768586
945.3,-0.19148,0.726855,0.793815,0.0768586
945.4,-0.189331,0.744673,0.721695,0.0768586
945.5,-0.195867,0.763177,0.656524,0.0768586
945.6,-0.210437,0.781547,0.597956,0.0768586
945.7,-0.232343,0.798985,0.545705,0.0768586
945.8,-0.260834,0.814729,0.499554,0.0768586
945.9,-0.295099,0.828058,0.459369,0.0768586
946,-0.334272,0.8383,0.425087,0.0768586
946.1,-0.377422,0.844839,0.396704,0.0768586
946.2,-0.423559,0.847129,0.374247,0.0768586
946.3,-0.471642,0.844696,0.35774,0.0768586
946.4,-0.520582,0.837156,0.347174,0.0768586
946.5,-0.569263,0.824214,0.342462,0.0768586
946.6,-0.616557,0.805678,0.343407,0.0768586
946.7,-0.66135,0.781459,0.349671,0.0768586
946.8,-0.702565,0.751579,0.360754,0.0768586
946.9,-0.739192,0.716165,0.375987,0.0768586
947,-0.770313,0.675452,0.394533,0.0768586
947.1,-0.795132,0.629775,0.415408,0.0768586
947.2,-0.812994,0.579559,0.437519,0.0768586
947.3,-0.823404,0.525313,0.459704,0.0768586
947.4,-0.826037,0.467612,0.48079,0.0768586
947.5,-0.820748,0.407084,0.499652,0.0768586
947.6,-0.80756,0.344398,0.515267,0.0768586
947.7,-0.786662,0.280244,0.526771,0.0768586
947.8,-0.758389,0.215323,0.533494,0.0768586
947.9,-0.7232,0.150328,0.534995,0.0768586
948,-0.681657,0.0859379,0.531072,0.0768586
948.1,-0.634395,0.0228024,0.521764,0.0768586
948.2,-0.582098,-0.0384618,0.507335,0.0768586
948.3,-0.525473,-0.0972783,0.48825,0.0768586
948.4,-0.465226,-0.153114,0.465144,0.0768586
948.5,-0.402046,-0.205479,0.43878,0.0768586
948.6,-0.336585,-0.25393,0.410012,0.0768586
948.7,-0.269451,-0.298061,0.379742,0.0768586
948.8,-0.2012,-0.337511,0.348889,0.0768586
948.9,-0.132328,-0.371948,0.318355,0.0768586
949,-0.0632767,-0.401077,0.288997,0.0768586
949.1,0.00556671,-0.424625,0.261609,0.0768586
949.2,0.0738654,-0.442347,0.236905,0.0825599
949.3,0.141326,-0.454014,0.215512,0.148728
949.4,0.20769,-0.459415,0.197958,0.20682
949.5,0.272727,-0.458354,0.184674,0.258167
949.6,0.336227,-0.450646,0.175993,0.303821
949.7,0.397989,-0.436117,0.172147,0.344612
949.8,0.457813,-0.414608,0.173272,0.381195
949.9,0.515494,-0.385968,0.179409,0.414088
950,0.570812,-0.350063,0.190503,0.443694
950.1,0.623522,-0.306776,0.206408,0.470331
950.2,0.673352,-0.256008,0.226881,0.494237
950.3,0.719989,-0.197687,0.251584,0.515591
950.4,0.763079,-0.13177,0.280079,0.534515
950.5,0.802214,-0.0582531,0.311829,0.551079
950.6,0.836931,0.022826,0.346191,0.56531
950.7,0.8667,0.111375,0.382413,0.577184
950.8,0.890928,0.207241,0.419637,0.586635
950.9,0.908945,0.310196,0.456896,0.593544
951,0.920007,0.419931,0.493122,0.597737
951.1,0.923297,0.536038,0.527155,0.598977
951.2,0.917921,0.658003,0.557768,0.596949
951.3,0.90292,0.785189,0.583693,0.591245
951.4,0.877275,0.916825,0.603669,0.581332
951.5,0.839932,1.052,0.616503,0.56652
951.6,0.789821,1.18963,0.621152,0.545895
951.7,0.725897,1.32848,0.616826,0.51823
951.8,0.647182,1.46716,0.60311,0.481829
951.9,0.552835,1.60408,0.580109,0.434268
952,0.442219,1.73753,0.548601,0.371915
952.1,0.314995,1.86564,0.510187,0.289004
952.2,0.171226,1.98642,0.467433,0.175683
952.3,0.011484,2.09784,0.423947,0.0136234
952.4,-0.16304,2.19782,0.384395,0.0136234
952.5,-0.350435,2.28436,0.354395,0.0136234
952.6,-0.547993,2.35557,0.340263,0.0136234
952.7,-0.752181,2.40981,0.348593,0.0136234
952.8,-0.958666,2.44573,0.385676,0.0136234
952.9,-1.16242,2.46242,0.456772,0.0136234
953,-1.35789,2.45944,0.565338,0.0136234
953.1,-1.5393,2.43693,0.712299,0.0136234
953.2,-1.70097,2.39562,0.895503,0.0136234
953.3,-1.83771,2.33684,1.1095,0.0136234
953.4,-1.94518,2.26248,1.34571,0.0136234
953.5,-2.02025,2.17491,1.59309,0.0136234
953.6,-2.06124,2.07688,1.83906,0.0136234
953.7,-2.06804,1.97137,2.07083,0.0136234
953.8,-2.04207,1.86143,2.27661,0.0136234
953.9,-1.98615,1.75007,2.44675,0.0136234
954,-1.9042,1.6401,2.57451,0.0136234
954.1,-1.80092,1.53402,2.65644,0.0136234
954.2,-1.68145,1.43396,2.69232,0.0136234
954.3,-1.55096,1.34162,2.6847,0.0136234
954.4,-1.41443,1.25828,2.63834,0.0136234
954.5,-1.27637,1.18478,2.55936,0.0136234
954.6,-1.14071,1.12157,2.45461,0.0136234
954.7,-1.01074,1.06878,2.33093,0.0136234
954.8,-0.889038,1.0262,2.19477,0.0136234
954.9,-0.777575,0.993409,2.0518,0.0136234
955,-0.677734,0.969788,1.90675,0.0136234
955.1,-0.590404,0.954563,1.76341,0.0136234
955.2,-0.516064,0.946855,1.62459,0.0136234
955.3,-0.454858,0.945707,1.4923,0.0136234
955.4,-0.40667,0.950113,1.36784,0.0136234
955.5,-0.371177,0.959036,1.25198,0.0136234
955.6,-0.347899,0.971431,1.14506,0.0136234
955.7,-0.336231,0.986253,1.04716,0.0136234
955.8,-0.335465,1.00247,0.95819,0.0136234
955.9,-0.344808,1.01908,0.877969,0.0136234
956,-0.363382,1.0351,0.806315,0.0136234
956.1,-0.390234,1.04961,0.743071,0.0136234
956.2,-0.424333,1.06173,0.688132,0.0136234
956.3,-0.464572,1.07066,0.641448,0.0136234
956.4,-0.509769,1.07565,0.603009,0.0136234
956.5,-0.558673,1.07607,0.572818,0.0136234
956.6,-0.609974,1.07136,0.550852,0.0136234
956.7,-0.662317,1.06108,0.537013,0.0136234
956.8,-0.714327,1.04492,0.531085,0.0136234
956.9,-0.764629,1.02266,0.532691,0.0136234
957,-0.811884,0.994256,0.541251,0.0136234
957.1,-0.854822,0.959755,0.555969,0.0136234
957.2,-0.892273,0.919351,0.575825,0.0136234
957.3,-0.92321,0.873359,0.599594,0.0136234
957.4,-0.94677,0.822205,0.625881,0.0136234
957.5,-0.962286,0.766417,0.653177,0.0136234
957.6,-0.969302,0.706606,0.679926,0.0136234
957.7,-0.96758,0.643453,0.704606,0.0136234
957.8,-0.957101,0.577684,0.725802,0.0136234
957.9,-0.938052,0.510056,0.74228,0.0136234
958,-0.91081,0.441334,0.753048,0.0136234
958.1,-0.875912,0.372277,0.757399,0.0136234
958.2,-0.834027,0.303619,0.754931,0.0136234
958.3,-0.785917,0.23606,0.745553,0.0136234
958.4,-0.73241,0.170251,0.729468,0.0136234
958.5,-0.674361,0.106793,0.707139,0.0136234
958.6,-0.612623,0.0462295,0.679252,0.0136234
958.7,-0.548026,-0.0109566,0.646657,0.0136234
958.8,-0.481352,-0.0643387,0.610323,0.0136234
958.9,-0.413323,-0.113546,0.571282,0.0136234
959,-0.344591,-0.15826,0.530582,0.0136234
959.1,-0.275735,-0.198207,0.489249,0.0136234
959.2,-0.207256,-0.233157,0.448249,0.0136234
959.3,-0.139586,-0.262914,0.408469,0.0136234
959.4,-0.0730905,-0.287315,0.370696,0.0136234
959.5,-0.00807721,-0.306222,0.335605,0.0136234
959.6,0.0551959,-0.319517,0.303755,0.0627597
959.7,0.11651,-0.327104,0.275592,0.125296
959.8,0.175676,-0.328901,0.251443,0.179581
959.9,0.232525,-0.324839,0.231531,0.227026
960,0.286898,-0.314864,0.215973,0.268712
960.1,0.33864,-0.298934,0.20479,0.305477
960.2,0.387587,-0.277023,0.197913,0.337969
960.3,0.433566,-0.249118,0.195188,0.366689
960.4,0.47638,-0.215227,0.196381,0.392023
960.5,0.515809,-0.175378,0.201184,0.414261
960.6,0.551603,-0.129626,0.209218,0.433615
960.7,0.583476,-0.0780538,0.220033,0.450228
960.8,0.611106,-0.0207822,0.233118,0.464186
960.9,0.634128,0.042028,0.247899,0.475519
961,0.652138,0.110168,0.263743,0.484203
961.1,0.664687,0.183375,0.279972,0.490164
961.2,0.671288,0.261324,0.295865,0.49327
961.3,0.671414,0.343622,0.310673,0.493329
961.4,0.664507,0.429799,0.323638,0.490079
961.5,0.649985,0.519305,0.334016,0.483173
961.6,0.62725,0.611498,0.341108,0.472161
961.7,0.595711,0.705644,0.344295,0.456459
961.8,0.554796,0.80091,0.343086,0.435305
961.9,0.503983,0.896367,0.33717,0.407696
962,0.442825,0.990985,0.326474,0.372279
962.1,0.370994,1.08364,0.311226,0.327186
962.2,0.288315,1.17313,0.292019,0.269755
962.3,0.19482,1.25818,0.269857,0.196037
962.4,0.0907916,1.33747,0.246203,0.0999148
962.5,-0.0231821,1.40964,0.222985,0.0999148
962.6,-0.146164,1.47335,0.202572,0.0999148
962.7,-0.276829,1.52732,0.187708,0.0999148
962.8,-0.413437,1.57034,0.181376,0.0999148
962.9,-0.553834,1.60134,0.186619,0.0999148
963,-0.69547,1.61945,0.206293,0.0999148
963.1,-0.835453,1.62402,0.242785,0.0999148
963.2,-0.970638,1.61469,0.297716,0.0999148
963.3,-1.09775,1.5914,0.371662,0.0999148
963.4,-1.21352,1.55443,0.463938,0.0999148
963.5,-1.31487,1.5044,0.572478,0.0999148
963.6,-1.39907,1.44227,0.693861,0.0999148
963.7,-1.46391,1.36928,0.823476,0.0999148
963.8,-1.50782,1.28696,0.955837,0.0999148
963.9,-1.52999,1.19701,1.08501,0.0999148
964,-1.53034,1.10129,1.2051,0.0999148
964.1,-1.50958,1.00171,1.31072,0.0999148
964.2,-1.4691,0.900172,1.39743,0.0999148
964.3,-1.41086,0.798499,1.46204,0.0999148
964.4,-1.33724,0.698389,1.50277,0.0999148
964.5,-1.2509,0.601365,1.51924,0.0999148
964.6,-1.15459,0.508751,1.51238,0.0999148
964.7,-1.05107,0.421654,1.4842,0.0999148
964.8,-0.942914,0.340964,1.43753,0.0999148
964.9,-0.832497,0.267361,1.37568,0.0999148
965,-0.721891,0.201333,1.3022,0.0999148
965.1,-0.612857,0.143195,1.22062,0.0999148
965.2,-0.506835,0.0931148,1.13425,0.0999148
965.3,-0.40496,0.0511362,1.04606,0.0999148
965.4,-0.308093,0.0172033,0.958604,0.0999148
965.5,-0.21685,-0.00881785,0.873941,0.0999148
965.6,-0.131651,-0.0271214,0.793681,0.0999148
965.7,-0.0527529,-0.0379457,0.718989,0.0999148
965.8,0.0197074,-0.0415611,0.650633,0.0231915
965.9,0.0856806,-0.0382613,0.589027,0.0947302
966,0.145174,-0.028357,0.534292,0.152275
966.1,0.198226,-0.0121723,0.486307,0.198912
966.2,0.244886,0.009957,0.444756,0.236801
966.3,0.285199,0.0376824,0.409174,0.267459
966.4,0.31919,0.0706415,0.378982,0.291965
966.5,0.346863,0.108455,0.353525,0.311083
966.6,0.36819,0.150722,0.332099,0.325341
966.7,0.383114,0.197019,0.313973,0.335084
966.8,0.391547,0.24689,0.298417,0.340508
966.9,0.393378,0.299849,0.28472,0.341678
967,0.388475,0.355369,0.272207,0.338539
967.1,0.376698,0.412885,0.260269,0.330919
967.2,0.357907,0.471786,0.248373,0.318517
967.3,0.331978,0.531419,0.23609,0.300889
967.4,0.298817,0.591083,0.223118,0.277418
967.5,0.25838,0.650037,0.209299,0.247266
967.6,0.210691,0.707496,0.194643,0.209305
967.7,0.155865,0.762648,0.179346,0.162002
967.8,0.0941272,0.814651,0.163797,0.103272
967.9,0.0258386,0.862653,0.148589,0.0302265
968,-0.0484866,0.905802,0.134505,0.0302265
968.1,-0.128162,0.943263,0.122502,0.0302265
968.2,-0.212317,0.974238,0.11367,0.0302265
968.3,-0.29989,0.997989,0.10918,0.0302265
968.4,-0.389632,1.01386,0.110206,0.0302265
968.5,-0.480118,1.02128,0.117843,0.0302265
968.6,-0.569773,1.01984,0.133005,0.0302265
968.7,-0.656907,1.00924,0.156324,0.0302265
968.8,-0.739766,0.98937,0.18806,0.0302265
968.9,-0.816587,0.960274,0.228017,0.0302265
969,-0.885666,0.922188,0.275503,0.0302265
969.1,-0.945427,0.875528,0.329314,0.0302265
969.2,-0.994487,0.82088,0.387775,0.0302265
969.3,-1.03172,0.758992,0.448815,0.0302265
969.4,-1.0563,0.690751,0.510088,0.0302265
969.5,-1.06775,0.617156,0.569124,0.0302265
969.6,-1.06592,0.539288,0.623494,0.0302265
969.7,-1.05103,0.458283,0.670971,0.0302265
969.8,-1.02361,0.375295,0.709679,0.0302265
969.9,-0.984468,0.291468,0.738206,0.0302265
970,-0.934642,0.207909,0.755675,0.0302265
970.1,-0.875339,0.125668,0.761771,0.0302265
970.2,-0.80787,0.0457186,0.756729,0.0302265
970.3,-0.73359,-0.0310538,0.741273,0.0302265
970.4,-0.653846,-0.103857,0.716544,0.0302265
970.5,-0.569927,-0.171992,0.683994,0.0302265
970.6,-0.48303,-0.234854,0.645288,0.0302265
970.7,-0.394238,-0.291924,0.6022,0.0302265
970.8,-0.304499,-0.342759,0.556526,0.0302265
970.9,-0.214629,-0.386985,0.510003,0.0302265
971,-0.125307,-0.424286,0.464256,0.0302265
971.1,-0.0370858,-0.454392,0.420752,0.0302265
971.2,0.0495923,-0.47707,0.380777,0.0567028
971.3,0.134383,-0.492116,0.345419,0.142273
971.4,0.217023,-0.499346,0.315569,0.214505
971.5,0.297307,-0.498592,0.291926,0.276323
971.6,0.375079,-0.489692,0.275005,0.329871
971.7,0.450206,-0.472495,0.26515,0.37669
971.8,0.522568,-0.446852,0.262549,0.417975
971.9,0.592043,-0.41262,0.267247,0.454599
972,0.658491,-0.369661,0.279151,0.48723
972.1,0.721744,-0.317846,0.298046,0.516376
972.2,0.781592,-0.25706,0.323592,0.542422
972.3,0.837778,-0.187205,0.355332,0.565652
972.4,0.889982,-0.108206,0.392687,0.58627
972.5,0.937814,-0.0200215,0.434953,0.60441
972.6,0.980807,0.0773471,0.481295,0.620146
972.7,1.0184,0.183847,0.530742,0.633493
972.8,1.04995,0.299361,0.582179,0.64441
972.9,1.0747,0.423694,0.63434,0.652801
973,1.09177,0.556557,0.685809,0.658506
973.1,1.1002,0.697552,0.735029,0.661296
973.2,1.09888,0.846154,0.780311,0.660861
973.3,1.08661,1.00169,0.819869,0.656788
973.4,1.06206,1.16334,0.851868,0.648535
973.5,1.02383,1.33007,0.874502,0.63539
973.6,0.970452,1.50067,0.886091,0.616403
973.7,0.900421,1.67371,0.885233,0.590288
973.8,0.812282,1.84754,0.870976,0.55525
973.9,0.704688,2.02026,0.843042,0.508689
974,0.576511,2.18976,0.802082,0.446645
974.1,0.426963,2.35373,0.749941,0.362665
974.2,0.255756,2.50967,0.68992,0.245247
974.3,0.0632686,2.65496,0.626985,0.0714144
974.4,-0.14927,2.78693,0.567855,0.0714144
974.5,-0.379609,2.90294,0.52092,0.0714144
974.6,-0.624329,3.00051,0.495899,0.0714144
974.7,-0.878766,3.07745,0.503192,0.0714144
974.8,-1.13702,3.132,0.552912,0.0714144
974.9,-1.39209,3.16296,0.653638,0.0714144
975,-1.63619,3.16984,0.81103,0.0714144
975.1,-1.86112,3.15295,1.02651,0.0714144
975.2,-2.0589,3.11344,1.29629,0.0714144
975.3,-2.22236,3.05332,1.61104,0.0714144
975.4,-2.34574,2.97534,1.95629,0.0714144
975.5,-2.42528,2.88293,2.31371,0.0714144
975.6,-2.4595,2.77992,2.6631,0.0714144
975.7,-2.44936,2.67039,2.9846,0.0714144
975.8,-2.39809,2.55842,3.26092,0.0714144
975.9,-2.31085,2.44784,3.4791,0.0714144
976,-2.1942,2.34209,3.63147,0.0714144
976.1,-2.0555,2.24407,3.71585,0.0714144
976.2,-1.90235,2.15605,3.73495,0.0714144
976.3,-1.74207,2.07964,3.69536,0.0714144
976.4,-1.58129,2.01582,3.60617,0.0714144
976.5,-1.42574,1.965,3.47775,0.0714144
976.6,-1.28012,1.92706,3.32059,0.0714144
976.7,-1.14808,1.90144,3.14446,0.0714144
976.8,-1.03224,1.88724,2.95793,0.0714144
976.9,-0.934387,1.88328,2.76809,0.0714144
977,-0.8555,1.8882,2.58056,0.0714144
977.1,-0.795943,1.90048,2.39957,0.0714144
977.2,-0.755553,1.91852,2.22821,0.0714144
977.3,-0.733745,1.94067,2.0687,0.0714144
977.4,-0.729582,1.96529,1.92258,0.0714144
977.5,-0.741831,1.99075,1.79096,0.0714144
977.6,-0.769003,2.01549,1.67471,0.0714144
977.7,-0.809378,2.03802,1.57452,0.0714144
977.8,-0.861028,2.05698,1.49102,0.0714144
977.9,-0.921836,2.07113,1.42475,0.0714144
978,-0.989519,2.0794,1.37613,0.0714144
978.1,-1.06167,2.0809,1.34538,0.0714144
978.2,-1.13578,2.07496,1.33239,0.0714144
978.3,-1.20934,2.06113,1.33665,0.0714144
978.4,-1.27987,2.03918,1.35712,0.0714144
978.5,-1.345,2.00912,1.3922,0.0714144
978.6,-1.40258,1.97121,1.43965,0.0714144
978.7,-1.45074,1.92592,1.4967,0.0714144
978.8,-1.48798,1.8739,1.56009,0.0714144
978.9,-1.51321,1.81601,1.62628,0.0714144
979,-1.5258,1.7532,1.69158,0.0714144
979.1,-1.52556,1.68654,1.75242,0.0714144
979.2,-1.51279,1.61712,1.80555,0.0714144
979.3,-1.48817,1.54606,1.84819,0.0714144
979.4,-1.45276,1.47444,1.87825,0.0714144
979.5,-1.40789,1.40327,1.89431,0.0714144
979.6,-1.35509,1.33348,1.89572,0.0714144
979.7,-1.296,1.26585,1.88254,0.0714144
979.8,-1.23231,1.20106,1.85545,0.0714144
979.9,-1.16566,1.13965,1.81564,0.0714144
980,-1.09761,1.08201,1.76465,0.0714144
980.1,-1.02958,1.02839,1.70428,0.0714144
980.2,-0.962821,0.978956,1.63644,0.0714144
980.3,-0.898408,0.933718,1.56302,0.0714144
980.4,-0.837223,0.892607,1.48584,0.0714144
980.5,-0.779963,0.855469,1.40656,0.0714144
980.6,-0.72715,0.822076,1.32665,0.0714144
980.7,-0.679142,0.792144,1.24737,0.0714144
980.8,-0.636154,0.765346,1.16974,0.0714144
980.9,-0.598273,0.741324,1.0946,0.0714144
981,-0.565475,0.719694,1.02259,0.0714144
981.1,-0.537642,0.700066,0.954163,0.0714144
981.2,-0.514578,0.68204,0.889649,0.0714144
981.3,-0.496023,0.665224,0.829238,0.0714144
981.4,-0.481663,0.649232,0.773026,0.0714144
981.5,-0.471139,0.633694,0.721026,0.0714144
981.6,-0.464061,0.61826,0.67319,0.0714144
981.7,-0.46001,0.602603,0.629419,0.0714144
981.8,-0.458549,0.586424,0.589577,0.0714144
981.9,-0.459228,0.569451,0.553497,0.0714144
982,-0.461587,0.55145,0.520988,0.0714144
982.1,-0.465167,0.532218,0.491838,0.0714144
982.2,-0.469512,0.51159,0.465817,0.0714144
982.3,-0.474175,0.489438,0.442678,0.0714144
982.4,-0.478723,0.465676,0.42216,0.0714144
982.5,-0.482744,0.440251,0.403988,0.0714144
982.6,-0.485851,0.413155,0.387874,0.0714144
982.7,-0.487687,0.384412,0.373523,0.0714144
982.8,-0.487927,0.354085,0.360636,0.0714144
982.9,-0.486288,0.322273,0.348911,0.0714144
983,-0.482525,0.289103,0.338052,0.0714144
983.1,-0.476439,0.254735,0.327774,0.0714144
983.2,-0.467873,0.219355,0.31781,0.0714144
983.3,-0.456719,0.183169,0.307917,0.0714144
983.4,-0.442909,0.146407,0.29788,0.0714144
983.5,-0.426424,0.109311,0.287522,0.0714144
983.6,-0.40728,0.0721404,0.276704,0.0714144
983.7,-0.385536,0.0351594,0.265332,0.0714144
983.8,-0.361281,-0.00135943,0.253356,0.0714144
983.9,-0.334638,-0.0371409,0.240772,0.0714144
984,-0.305752,-0.0719094,0.227619,0.0714144
984.1,-0.274791,-0.105392,0.213978,0.0714144
984.2,-0.241942,-0.137318,0.199971,0.0714144
984.3,-0.207401,-0.167425,0.185747,0.0714144
984.4,-0.171378,-0.195457,0.171488,0.0714144
984.5,-0.134084,-0.221165,0.157393,0.0714144
984.6,-0.0957387,-0.244312,0.143678,0.0714144
984.7,-0.0565592,-0.26467,0.130566,0.0714144
984.8,-0.0167643,-0.28202,0.118279,0.0714144
984.9,0.0234284,-0.296158,0.107038,0.0274624
985,0.0638029,-0.306888,0.0970483,0.0719817
985.1,0.104144,-0.314027,0.0885024,0.113237
985.2,0.144237,-0.317407,0.0815694,0.151412
985.3,0.183867,-0.316871,0.0763924,0.186683
985.4,0.222817,-0.312276,0.0730847,0.21922
985.5,0.260865,-0.303495,0.0717255,0.24917
985.6,0.297784,-0.290418,0.0723574,0.27667
985.7,0.33334,-0.272952,0.0749832,0.301831
985.8,0.367288,-0.251025,0.0795636,0.324746
985.9,0.39937,-0.224584,0.0860152,0.345487
986,0.429315,-0.193605,0.094209,0.364102
986.1,0.456834,-0.158087,0.103969,0.380617
986.2,0.48162,-0.118063,0.115072,0.395037
986.3,0.503348,-0.0735971,0.127248,0.407341
986.4,0.52167,-0.0247939,0.140182,0.417483
986.5,0.536217,0.0282016,0.153514,0.425389
986.6,0.546599,0.0851976,0.166846,0.430955
986.7,0.552407,0.145951,0.179751,0.434041
986.8,0.553214,0.210165,0.191773,0.434468
986.9,0.54858,0.277481,0.20245,0.43201
987,0.538058,0.347478,0.21132,0.426381
987.1,0.521201,0.419666,0.217948,0.417226
987.2,0.497572,0.493486,0.221941,0.4041
987.3,0.46676,0.568306,0.222985,0.386443
987.4,0.428393,0.643422,0.220868,0.363539
987.5,0.382157,0.718057,0.215518,0.334465
987.6,0.327824,0.791367,0.20704,0.298008
987.7,0.265272,0.862447,0.195747,0.252531
987.8,0.194515,0.930339,0.182192,0.195779
987.9,0.115734,0.994046,0.167193,0.124548
988,0.0293058,1.05255,0.151841,0.0341707
988.1,-0.064167,1.10482,0.137491,0.0341707
988.2,-0.163834,1.14987,0.12573,0.0341707
988.3,-0.268577,1.18674,0.118321,0.0341707
988.4,-0.377009,1.21455,0.117111,0.0341707
988.5,-0.487472,1.23256,0.123911,0.0341707
988.6,-0.598069,1.24014,0.140354,0.0341707
988.7,-0.706701,1.23684,0.167737,0.0341707
988.8,-0.811128,1.22244,0.20686,0.0341707
988.9,-0.909047,1.19689,0.257886,0.0341707
989,-0.998186,1.16043,0.320232,0.0341707
989.1,-1.0764,1.11349,0.392525,0.0341707
989.2,-1.14179,1.05676,0.47262,0.0341707
989.3,-1.19277,0.991139,0.557702,0.0341707
989.4,-1.22816,0.91771,0.64445,0.0341707
989.5,-1.24727,0.837711,0.72927,0.0341707
989.6,-1.24986,0.752492,0.808552,0.0341707
989.7,-1.23622,0.663466,0.878938,0.0341707
989.8,-1.20708,0.572071,0.937562,0.0341707
989.9,-1.16356,0.479721,0.982234,0.0341707
990,-1.1071,0.387769,1.01157,0.0341707
990.1,-1.03939,0.29748,1.02501,0.0341707
990.2,-0.962213,0.210002,1.02285,0.0341707
990.3,-0.877434,0.126355,1.00606,0.0341707
990.4,-0.786865,0.0474225,0.976224,0.0341707
990.5,-0.692223,-0.0260489,0.935369,0.0341707
990.6,-0.595076,-0.0934424,0.885776,0.0341707
990.7,-0.49681,-0.154262,0.829842,0.0341707
990.8,-0.398619,-0.208117,0.76995,0.0341707
990.9,-0.301496,-0.254712,0.708353,0.0341707
991,-0.206244,-0.293825,0.647103,0.0341707
991.1,-0.113493,-0.325299,0.587992,0.0341707
991.2,-0.0237215,-0.349024,0.532536,0.0341707
991.3,0.0627212,-0.364927,0.481958,0.0708326
991.4,0.145587,-0.372961,0.4372,0.152651
991.5,0.224707,-0.373099,0.398941,0.220748
991.6,0.299963,-0.365326,0.367619,0.278247
991.7,0.371271,-0.349638,0.343454,0.327368
991.8,0.438558,-0.326038,0.326477,0.36971
991.9,0.501746,-0.294535,0.316554,0.406444
992,0.560739,-0.255151,0.313399,0.438435
992.1,0.615406,-0.207916,0.316601,0.466323
992.2,0.665576,-0.152881,0.325629,0.490584
992.3,0.711024,-0.0901175,0.339844,0.511559
992.4,0.751463,-0.0197277,0.358509,0.529486
992.5,0.786542,0.0581485,0.380788,0.544514
992.6,0.815837,0.143324,0.405757,0.556744
992.7,0.838849,0.235557,0.432403,0.566084
992.8,0.855001,0.334534,0.459633,0.572552
992.9,0.863638,0.439866,0.486284,0.575976
993,0.864029,0.551071,0.511138,0.57613
993.1,0.855373,0.667565,0.532948,0.572701
993.2,0.836809,0.788649,0.550472,0.56526
993.3,0.80743,0.913494,0.562522,0.553244
993.4,0.766303,1.04114,0.568026,0.535901
993.5,0.712503,1.17047,0.566112,0.512227
993.6,0.645149,1.30024,0.556205,0.480851
993.7,0.563455,1.42903,0.538142,0.439859
993.8,0.466795,1.5553,0.512302,0.386463
993.9,0.354772,1.67734,0.479736,0.316418
994,0.22731,1.79337,0.442284,0.222847
994.1,0.0847451,1.9015,0.402675,0.0937759
994.2,-0.0720798,1.99983,0.364554,0.0937759
994.3,-0.24172,2.08645,0.332446,0.0937759
994.4,-0.422055,2.15955,0.311595,0.0937759
994.5,-0.61024,2.21748,0.307679,0.0937759
994.6,-0.802706,2.25883,0.32638,0.0937759
994.7,-0.995214,2.28252,0.372826,0.0937759
994.8,-1.18298,2.28789,0.450952,0.0937759
994.9,-1.36085,2.27473,0.562852,0.0937759
995,-1.52363,2.24339,0.708221,0.0937759
995.1,-1.66629,2.19473,0.884,0.0937759
995.2,-1.78442,2.13016,1.08432,0.0937759
995.3,-1.87445,2.05157,1.30081,0.0937759
995.4,-1.93398,1.96125,1.52324,0.0937759
995.5,-1.96192,1.8618,1.74045,0.0937759
995.6,-1.95858,1.75598,1.94144,0.0937759
995.7,-1.92558,1.64661,2.1164,0.0937759
995.8,-1.86572,1.53641,2.25757,0.0937759
995.9,-1.78271,1.42791,2.35983,0.0937759
996,-1.68085,1.32335,2.42092,0.0937759
996.1,-1.56475,1.22464,2.44126,0.0937759
996.2,-1.43904,1.13331,2.4236,0.0937759
996.3,-1.30809,1.05048,2.37243,0.0937759
996.4,-1.17589,0.976934,2.29332,0.0937759
996.5,-1.04587,0.913087,2.19236,0.0937759
996.6,-0.92089,0.859065,2.07558,0.0937759
996.7,-0.803226,0.814733,1.94862,0.0937759
996.8,-0.694598,0.779747,1.81641,0.0937759
996.9,-0.596225,0.753593,1.68306,0.0937759
997,-0.508905,0.735629,1.55184,0.0937759
997.1,-0.433079,0.725116,1.42517,0.0937759
997.2,-0.368906,0.721247,1.30477,0.0937759
997.3,-0.316323,0.723169,1.19171,0.0937759
997.4,-0.275098,0.730002,1.08656,0.0937759
997.5,-0.244873,0.74085,0.989546,0.0937759
997.6,-0.225193,0.754813,0.900593,0.0937759
997.7,-0.21553,0.770996,0.819474,0.0937759
997.8,-0.215291,0.788515,0.745876,0.0937759
997.9,-0.223834,0.806504,0.679458,0.0937759
998,-0.240459,0.824122,0.619908,0.0937759
998.1,-0.264417,0.84056,0.566966,0.0937759
998.2,-0.294899,0.855045,0.520449,0.0937759
998.3,-0.331037,0.866852,0.480245,0.0937759
998.4,-0.3719,0.875309,0.446311,0.0937759
998.5,-0.416495,0.879812,0.41865,0.0937759
998.6,-0.463773,0.879827,0.397281,0.0937759
998.7,-0.51263,0.874905,0.382205,0.0937759
998.8,-0.561928,0.864689,0.373366,0.0937759
998.9,-0.610506,0.84892,0.370614,0.0937759
999,-0.657205,0.827447,0.373668,0.0937759
999.1,-0.700891,0.800228,0.38209,0.0937759
999.2,-0.740485,0.767333,0.395266,0.0937759
999.3,-0.774989,0.728943,0.412408,0.0937759
999.4,-0.803517,0.685342,0.432563,0.0937759
999.5,-0.82532,0.636917,0.454642,0.0937759
999.6,-0.839803,0.584142,0.47746,0.0937759
999.7,-0.846545,0.527566,0.499794,0.0937759
999.8,-0.845307,0.467802,0.520436,0.0937759
999.9,-0.836028,0.405511,0.538259,0.0937759
1000,-0.818824,0.341382,0.552271,0.0937759
