time,x,y,z,L
0,-2,0,0,0
0.1,-1.93853,0.202253,-0.197657,0.286319
0.2,-1.88772,0.404224,-0.392931,0.275803
0.3,-1.85465,0.599752,-0.590045,0.347922
0.4,-1.84398,0.783318,-0.793737,0.641133
0.5,-1.85717,0.949016,-1.00861,0.818388
0.6,-1.89175,1.08947,-1.23836,0.949674
0.7,-1.94032,1.19485,-1.48473,1.05307
0.8,-1.98969,1.25239,-1.74573,1.13224
0.9,-2.02071,1.24706,-2.01346,1.18373
1,-2.01,1.16427,-2.27209,-0.543917
1.1,-1.93489,0.995119,-2.49802,-0.37071
1.2,-1.78118,0.742731,-2.66423,0.129769
1.3,-1.55061,0.425845,-2.74897,-0.470494
1.4,-1.26266,0.0757204,-2.74459,-1.4508
1.5,-0.948425,-0.273209,-2.6605,0.322408
1.6,-0.640006,-0.593287,-2.51822,0.567333
1.7,-0.362015,-0.86859,-2.34253,-0.270955
1.8,-0.128415,-1.09404,-2.15418,-0.100339
1.9,0.0562092,-1.27152,-1.96678,-1.35038
2,0.19364,-1.40611,-1.78721,-0.484026
2.1,0.289171,-1.50353,-1.61752,-2.00371
2.2,0.349581,-1.56916,-1.45707,-1.60066
2.3,0.381887,-1.60769,-1.30417,-0.540252
2.4,0.39264,-1.62332,-1.15708,0.0831546
2.5,0.38754,-1.61994,-1.01446,-1.34329
2.6,0.371245,-1.60132,-0.875528,0.493151
2.7,0.347305,-1.57112,-0.739915,0.406043
2.8,0.318196,-1.5329,-0.607525,0.294331
2.9,0.28542,-1.49006,-0.478328,0.136047
3,0.249657,-1.44572,-0.352217,-0.215512
3.1,0.210921,-1.40273,-0.228909,-1.89006
3.2,0.168723,-1.36362,-0.107895,-0.389986
3.3,0.12219,-1.33066,0.0115658,-0.00217472
3.4,0.0701587,-1.30589,0.130419,0.242682
3.5,0.0112114,-1.29123,0.24977,0.452233
3.6,-0.0563252,-1.28856,0.370819,-0.540734
3.7,-0.134432,-1.29983,0.494772,0.538645
3.8,-0.225497,-1.32712,0.622721,-0.509834
3.9,-0.332458,-1.37266,0.755465,0.309136
4,-0.458989,-1.43879,0.893232,0.424945
4.1,-0.609707,-1.52766,1.03522,0.61696
4.2,-0.790314,-1.64074,1.17884,0.776284
4.3,-1.00752,-1.77774,1.31856,0.922409
4.4,-1.26831,-1.93472,1.44402,1.05848
4.5,-1.57796,-2.10112,1.53773,1.1812
4.6,-1.93571,-2.25602,1.57274,1.28236
4.7,-2.32773,-2.36515,1.51273,-0.428563
4.8,-2.71962,-2.38345,1.31875,0.475587
4.9,-3.05573,-2.26934,0.966077,0.596254
5,-3.27492,-2.01032,0.465793,0.521936
5.1,-3.33983,-1.64296,-0.127145,-0.214993
5.2,-3.25589,-1.24443,-0.733145,-0.117556
5.3,-3.06099,-0.897723,-1.28026,-0.447323
5.4,-2.79861,-0.658713,-1.72305,-0.130931
5.5,-2.5004,-0.544561,-2.04199,-1.4582
5.6,-2.18562,-0.54029,-2.23555,-0.0413068
5.7,-1.86796,-0.612581,-2.31417,-1.66467
5.8,-1.55979,-0.723479,-2.29637,0.143124
5.9,-1.27205,-0.840433,-2.20513,0.393096
6,-1.01232,-0.941291,-2.06392,-1.60534
6.1,-0.783766,-1.01477,-1.89356,-0.915449
6.2,-0.585738,-1.05825,-1.71064,-1.1249
6.3,-0.415251,-1.07462,-1.52724,-1.10533
6.4,-0.268425,-1.0696,-1.35158,-0.972005
6.5,-0.141449,-1.04967,-1.18884,-0.619592
6.6,-0.0310447,-1.02091,-1.04194,-2.4821
6.7,0.0654441,-0.988342,-0.912179,0.323718
6.8,0.150138,-0.955784,-0.799751,0.376553
6.9,0.224758,-0.925865,-0.704093,0.419261
7,0.290743,-0.900208,-0.624173,0.455205
7.1,0.349339,-0.879656,-0.558703,0.485744
7.2,0.401643,-0.864483,-0.50629,0.511394
7.3,0.448629,-0.854582,-0.465541,0.532452
7.4,0.491164,-0.849614,-0.435136,0.549268
7.5,0.530014,-0.849117,-0.413871,0.562298
7.6,0.56585,-0.852588,-0.400678,0.572094
7.7,0.599252,-0.859535,-0.394632,0.579269
7.8,0.630726,-0.869509,-0.394946,0.584459
7.9,0.6607,-0.882122,-0.400963,0.58831
8,0.689542,-0.897063,-0.412143,0.591456
8.1,0.71756,-0.914097,-0.428044,0.594513
8.2,0.745008,-0.93307,-0.448313,0.598062
8.3,0.772092,-0.953904,-0.472661,0.602639
8.4,0.798963,-0.9766,-0.500853,0.608716
8.5,0.825723,-1.00123,-0.532683,0.616682
8.6,0.852409,-1.02794,-0.567959,0.626828
8.7,0.878994,-1.05693,-0.606476,0.639334
8.8,0.905363,-1.08845,-0.647994,0.65426
8.9,0.931304,-1.12282,-0.692205,0.671535
9,0.956485,-1.16035,-0.738697,0.69096
9.1,0.980431,-1.20135,-0.786915,0.712193
9.2,1.0025,-1.24609,-0.836114,0.734742
9.3,1.02185,-1.29473,-0.885313,0.757953
9.4,1.03746,-1.34725,-0.933241,0.780988
9.5,1.04809,-1.40339,-0.978305,0.802811
9.6,1.05233,-1.46253,-1.01856,0.822175
9.7,1.04865,-1.5236,-1.05175,0.837615
9.8,1.03552,-1.58502,-1.07531,0.84745
9.9,1.01157,-1.64467,-1.08659,0.849801
10,0.975781,-1.69996,-1.08298,0.842605
10.1,0.927691,-1.74801,-1.0622,0.82363
10.2,0.867565,-1.78591,-1.02264,0.79043
10.3,0.79647,-1.81111,-0.96354,0.740175
10.4,0.716198,-1.82184,-0.885198,0.669151
10.5,0.629035,-1.81741,-0.788956,0.571404
10.6,0.537408,-1.79846,-0.67702,0.434551
10.7,0.443488,-1.7669,-0.552155,0.222141
10.8,0.348841,-1.72579,-0.417311,-1.35927
10.9,0.254208,-1.67897,-0.275263,-1.9163
11,0.159426,-1.63076,-0.128355,0.350596
11.1,0.0634849,-1.58559,0.0216488,-0.264662
11.2,-0.0353532,-1.54781,0.173579,-0.627592
11.3,-0.13941,-1.52151,0.32677,-0.61876
11.4,-0.251493,-1.51046,0.480878,0.0510338
11.5,-0.374856,-1.51803,0.635614,-1.09812
11.6,-0.513233,-1.54713,0.790376,0.413038
11.7,-0.670906,-1.59995,0.943752,0.624639
11.8,-0.852733,-1.67749,1.0928,0.78334
11.9,-1.06395,-1.77859,1.23205,0.92039
12,-1.30945,-1.89847,1.35212,1.04338
12.1,-1.59201,-2.0265,1.43814,1.15151
12.2,-1.90898,-2.14372,1.46858,1.23858
12.3,-2.2473,-2.22146,1.41615,1.26507
12.4,-2.57899,-2.22415,1.25342,-0.0847346
12.5,-2.86163,-2.11968,0.964418,-0.286522
12.6,-3.04946,-1.89628,0.558572,-0.740026
12.7,-3.11282,-1.57572,0.0756457,-0.0590705
12.8,-3.05228,-1.2095,-0.426235,0.379212
12.9,-2.89466,-0.858035,-0.892236,0.0484441
13,-2.67578,-0.568346,-1.28582,-0.435015
13.1,-2.42506,-0.363678,-1.59035,-5.74859
13.2,-2.16045,-0.245224,-1.80327,-1.69023
13.3,-1.89129,-0.199458,-1.93008,-0.584781
13.4,-1.62298,-0.205967,-1.98097,-0.394432
13.5,-1.35999,-0.243682,-1.96907,-0.524008
13.6,-1.10668,-0.294956,-1.9092,-2.25736
13.7,-0.866855,-0.347499,-1.81643,-3.49136
13.8,-0.643243,-0.394519,-1.70474,-1.56456
13.9,-0.437185,-0.433724,-1.58611,-0.338682
14,-0.24876,-0.465854,-1.47001,-0.591709
14.1,-0.0770675,-0.493285,-1.36342,-1.88987
14.2,0.0794409,-0.518973,-1.27114,0.187013
14.3,0.222678,-0.545799,-1.19618,0.311778
14.4,0.354697,-0.576273,-1.14027,0.408342
14.5,0.477525,-0.612472,-1.10421,0.484135
14.6,0.593032,-0.656128,-1.08822,0.546262
14.7,0.702818,-0.70879,-1.09219,0.600703
14.8,0.808102,-0.771997,-1.11577,0.652462
14.9,0.909589,-0.84744,-1.15838,0.705563
15,1.00729,-0.937077,-1.21917,0.762799
15.1,1.10024,-1.04316,-1.29673,0.825414
15.2,1.18619,-1.16814,-1.38872,0.892932
15.3,1.26109,-1.31428,-1.49126,0.963184
15.4,1.31858,-1.48298,-1.59817,1.03242
15.5,1.3496,-1.67355,-1.70009,1.09537
15.6,1.34254,-1.88152,-1.78381,1.14519
15.7,1.2844,-2.09681,-1.83254,1.17325
15.8,1.16376,-2.30267,-1.82796,0.231417
15.9,0.975335,-2.47697,-1.75451,-0.235305
16,0.724378,-2.59696,-1.60532,-0.746763
16.1,0.428132,-2.6464,-1.38665,-1.00948
16.2,0.112049,-2.62164,-1.1177,-3.32642
16.3,-0.197758,-2.5326,-0.824982,-0.984533
16.4,-0.481512,-2.39827,-0.534591,-0.126055
16.5,-0.728771,-2.23982,-0.266514,0.177737
16.6,-0.937289,-2.07512,-0.0327521,-2.55137
16.7,-1.10989,-1.9162,0.161606,-0.859213
16.8,-1.25141,-1.76924,0.316198,-0.857626
16.9,-1.36673,-1.63585,0.433358,0.0990433
17,-1.45976,-1.51462,0.516716,-0.25891
17.1,-1.53328,-1.40256,0.570389,-1.14122
17.2,-1.5891,-1.29617,0.598587,0.749603
17.3,-1.6284,-1.19215,0.605437,0.729577
17.4,-1.65208,-1.08784,0.594893,0.694329
17.5,-1.66111,-0.981407,0.570654,0.644058
17.6,-1.65673,-0.87187,0.53606,0.57775
17.7,-1.64057,-0.75896,0.493983,0.492473
17.8,-1.61469,-0.642933,0.446718,0.380894
17.9,-1.58151,-0.524338,0.395909,0.221497
18,-1.54369,-0.403807,0.342527,-0.099554
18.1,-1.50401,-0.281877,0.286897,-0.25885
18.2,-1.46525,-0.158873,0.22876,-0.248309
18.3,-1.43015,-0.0348461,0.167362,0.0235708
18.4,-1.40133,0.0904365,0.10153,0.197318
18.5,-1.38133,0.217463,0.0297332,-0.0617702
18.6,-1.37265,0.346907,-0.0498912,-0.612447
18.7,-1.37779,0.479522,-0.139563,0.464358
18.8,-1.39931,0.615989,-0.241933,-0.399915
18.9,-1.4398,0.756691,-0.360207,-0.0357109
19,-1.50178,0.901376,-0.498312,0.456127
19.1,-1.58739,1.04862,-0.661076,0.654846
19.2,-1.6977,1.19495,-0.854301,0.815655
19.3,-1.83148,1.33358,-1.08453,0.960069
19.4,-1.98308,1.45245,-1.35804,1.09174
19.5,-2.13936,1.53199,-1.67831,1.20713
19.6,-2.27608,1.54346,-2.04119,1.29731
19.7,-2.35638,1.45064,-2.42774,-0.198181
19.8,-2.33608,1.21902,-2.79837,0.510853
19.9,-2.18092,0.833914,-3.09633,0.479163
20,-1.891,0.318745,-3.26731,0.365591
20.1,-1.51332,-0.264727,-3.28675,-1.97936
20.2,-1.12543,-0.840258,-3.17049,-2.23241
20.3,-0.800996,-1.34575,-2.95879,-0.108603
20.4,-0.583997,-1.74547,-2.69149,-2.9826
20.5,-0.483221,-2.02635,-2.3956,-1.27097
20.6,-0.480753,-2.19031,-2.08715,0.0559797
20.7,-0.544814,-2.24902,-1.77759,-2.2694
20.8,-0.641452,-2.22073,-1.47734,0.334757
20.9,-0.742612,-2.12708,-1.19559,0.377084
21,-0.829807,-1.98979,-0.938742,0.202698
21.1,-0.894074,-1.82806,-0.7097,-0.815163
21.2,-0.933801,-1.65718,-0.508309,-0.6447
21.3,-0.951945,-1.48834,-0.332458,-1.11998
21.4,-0.953618,-1.32915,-0.179161,-1.41576
21.5,-0.944391,-1.18431,-0.045301,-1.17055
21.6,-0.929302,-1.05639,0.0720067,0.326375
21.7,-0.912397,-0.946421,0.17529,0.393252
21.8,-0.896636,-0.854408,0.266733,0.443919
21.9,-0.883989,-0.779688,0.348223,0.483944
22,-0.875628,-0.721219,0.421407,0.516337
22.1,-0.872134,-0.677782,0.487727,0.542863
22.2,-0.873692,-0.64812,0.548445,0.564762
22.3,-0.880253,-0.631024,0.604662,0.583092
22.4,-0.891661,-0.625391,0.657325,0.598888
22.5,-0.907744,-0.630243,0.707236,0.613201
22.6,-0.928378,-0.644728,0.755056,0.627094
22.7,-0.953538,-0.668108,0.801305,0.641608
22.8,-0.983319,-0.699733,0.846352,0.657705
22.9,-1.01796,-0.738995,0.890405,0.676203
23,-1.05782,-0.785279,0.933481,0.697704
23.1,-1.10341,-0.837896,0.975374,0.722527
23.2,-1.15532,-0.895998,1.0156,0.750658
23.3,-1.21416,-0.958474,1.05335,0.781711
23.4,-1.28048,-1.02383,1.0874,0.814907
23.5,-1.35462,-1.09004,1.11604,0.849045
23.6,-1.43651,-1.15444,1.13708,0.882491
23.7,-1.52537,-1.21357,1.14776,0.913151
23.8,-1.61951,-1.26317,1.14496,0.938467
23.9,-1.716,-1.29825,1.12536,0.955415
24,-1.81055,-1.31343,1.08594,0.960539
24.1,-1.89764,-1.30348,1.02453,0.949985
24.2,-1.97099,-1.26414,0.940499,0.919522
24.3,-2.02446,-1.19295,0.835251,0.86442
24.4,-2.05322,-1.08995,0.712361,-0.450894
24.5,-2.0548,-0.957854,0.577111,-2.11556
24.6,-2.0298,-0.801696,0.435527,-0.312654
24.7,-1.9819,-0.627888,0.293185,-0.962006
24.8,-1.91722,-0.443141,0.15418,-0.58436
24.9,-1.84332,-0.253511,0.0205692,-1.77842
25,-1.76811,-0.0638236,-0.107656,-2.06635
25.1,-1.699,0.122491,-0.232196,0.317829
25.2,-1.64235,0.303232,-0.355906,-0.820149
25.3,-1.6032,0.477048,-0.482291,0.173989
25.4,-1.58518,0.642959,-0.615143,0.45711
25.5,-1.59045,0.799812,-0.758323,0.629828
25.6,-1.61949,0.945681,-0.915631,0.76206
25.7,-1.67076,1.0772,-1.09062,0.874208
25.8,-1.73999,1.18884,-1.28619,0.973438
25.9,-1.81923,1.27214,-1.50363,1.06068
26,-1.89584,1.31534,-1.74111,1.13277
26.1,-1.95198,1.30389,-1.9914,1.18322
26.2,-1.96573,1.22274,-2.23978,0.0686419
26.3,-1.91506,1.06117,-2.46359,0.564006
26.4,-1.78483,0.818994,-2.63572,-0.737693
26.5,-1.57433,0.510976,-2.73254,-0.0273274
26.6,-1.30025,0.165261,-2.74296,-1.46999
26.7,-0.99209,-0.184823,-2.67277,0.180458
26.8,-0.682339,-0.510814,-2.54124,0.265804
26.9,-0.397385,-0.795128,-2.37268,0.170459
27,-0.153443,-1.03118,-2.18867,-0.569182
27.1,0.0428953,-1.21993,-2.00413,-0.740926
27.2,0.191909,-1.36598,-1.827,-2.43709
27.3,0.297879,-1.47491,-1.65998,-0.507964
27.4,0.366961,-1.55189,-1.50262,-4.29493
27.5,0.405857,-1.60141,-1.35305,0.0579501
27.6,0.421052,-1.62733,-1.20921,-2.17141
27.7,0.418386,-1.63321,-1.0694,-0.708678
27.8,0.402811,-1.62246,-0.932551,0.538242
27.9,0.378275,-1.59849,-0.798142,0.456823
28,0.347693,-1.56472,-0.666046,0.354662
28.1,0.312992,-1.52451,-0.536317,0.217045
28.2,0.275218,-1.48106,-0.409016,-0.0153811
28.3,0.234681,-1.43737,-0.284064,0.00840415
28.4,0.191101,-1.39619,-0.161175,0.0360282
28.5,0.143747,-1.35998,-0.0398167,-0.0206705
28.6,0.0915434,-1.33097,0.080778,-0.0986163
28.7,0.0331347,-1.31124,0.201571,0.187716
28.8,-0.0330972,-1.30278,0.32366,-0.440608
28.9,-0.109061,-1.30761,0.448196,-1.17609
29,-0.197033,-1.32782,0.57627,-0.693174
29.1,-0.299783,-1.36566,0.708753,-0.111049
29.2,-0.420745,-1.42346,0.846047,0.346577
29.3,-0.564216,-1.50348,0.98769,0.564311
29.4,-0.735529,-1.60746,1.13171,0.730677
29.5,-0.941055,-1.73575,1.27359,0.879901
29.6,-1.18774,-1.88569,1.40466,1.01861
29.7,-1.48157,-2.04906,1.50991,1.14532
29.8,-1.82406,-2.20846,1.56557,1.25341
29.9,-2.20612,-2.33392,1.53818,1.3311
30,-2.60024,-2.38313,1.38887,0.715094
30.1,-2.9569,-2.31168,1.08688,0.601059
30.2,-3.21463,-2.09574,0.630888,-0.0372994
30.3,-3.32649,-1.75601,0.0629525,-1.07631
30.4,-3.28476,-1.3592,-0.542386,0.0177465
30.5,-3.11974,-0.989405,-1.10891,-0.262301
30.6,-2.87544,-0.712248,-1.58315,-0.739596
30.7,-2.58755,-0.556572,-1.93884,-2.65809
30.8,-2.2783,-0.51652,-2.16984,-1.03704
30.9,-1.96201,-0.563794,-2.2832,-0.0656456
31,-1.65085,-0.661539,-2.29495,-1.22
31.1,-1.35603,-0.775476,-2.22665,-0.104514
31.2,-1.08618,-0.880378,-2.1016,-2.31402
31.3,-0.845968,-0.961841,-1.94147,-1.64649
31.4,-0.636076,-1.01477,-1.76414,-0.192772
31.5,-0.454419,-1.04049,-1.58308,-1.13874
31.6,-0.29756,-1.04387,-1.40766,-2.01501
31.7,-0.161801,-1.03105,-1.24396,-2.49965
31.8,-0.0437806,-1.00812,-1.09556,-0.854981
31.9,0.059325,-0.980258,-0.964194,0.32034
32,0.149825,-0.951484,-0.850363,0.377486
32.1,0.229617,-0.924644,-0.753699,0.422411
32.2,0.300296,-0.901558,-0.6733,0.459365
32.3,0.363236,-0.88323,-0.607956,0.4903
32.4,0.419644,-0.870065,-0.556323,0.516111
32.5,0.470588,-0.862058,-0.517041,0.537332
32.6,0.517013,-0.858955,-0.488813,0.554457
32.7,0.559752,-0.860371,-0.470456,0.568049
32.8,0.599533,-0.865871,-0.460919,0.578747
32.9,0.636989,-0.875033,-0.4593,0.587253
33,0.672663,-0.887485,-0.464835,0.594298
33.1,0.707018,-0.902928,-0.476891,0.600629
33.2,0.740438,-0.921153,-0.494951,0.606978
33.3,0.773238,-0.942046,-0.518594,0.614051
33.4,0.805656,-0.965591,-0.547473,0.622493
33.5,0.837856,-0.991875,-0.581292,0.632868
33.6,0.869914,-1.02108,-0.619777,0.645623
33.7,0.901806,-1.05348,-0.662643,0.661066
33.8,0.933388,-1.08944,-0.70956,0.67934
33.9,0.964368,-1.12937,-0.760101,0.70041
34,0.994277,-1.17372,-0.813693,0.724043
34.1,1.02242,-1.22292,-0.86955,0.749794
34.2,1.04787,-1.27734,-0.9266,0.776991
34.3,1.06936,-1.33717,-0.98341,0.804711
34.4,1.08537,-1.40228,-1.03811,0.831755
34.5,1.09404,-1.47214,-1.08832,0.856633
34.6,1.09328,-1.5456,-1.13118,0.877547
34.7,1.08092,-1.62079,-1.16334,0.892388
34.8,1.0549,-1.69502,-1.1812,0.89876
34.9,1.0136,-1.76483,-1.18112,0.894003
35,0.956187,-1.82618,-1.15988,0.875218
35.1,0.882927,-1.87493,-1.11516,0.839237
35.2,0.795347,-1.90737,-1.04594,0.78244
35.3,0.69614,-1.92092,-0.952799,0.700118
35.4,0.588788,-1.91467,-0.837889,0.584744
35.5,0.476968,-1.88965,-0.704637,-0.987195
35.6,0.363904,-1.84876,-0.557205,-0.165241
35.7,0.251832,-1.79643,-0.399883,-0.673017
35.8,0.141712,-1.73805,-0.236565,-1.30455
35.9,0.0332054,-1.67934,-0.0703993,-0.0650934
36,-0.0751533,-1.62594,0.096331,0.352424
36.1,-0.185689,-1.583,0.262149,-1.98034
36.2,-0.301333,-1.55505,0.426172,-1.33772
36.3,-0.425447,-1.54591,0.587801,0.111066
36.4,-0.561741,-1.55854,0.746315,0.453021
36.5,-0.714264,-1.59494,0.900368,0.639834
36.6,-0.887376,-1.65573,1.04733,0.784707
36.7,-1.08554,-1.73938,1.18242,0.91035
36.8,-1.31272,-1.84109,1.29762,1.02311
36.9,-1.57087,-1.951,1.38049,1.12237
37,-1.85737,-2.05244,1.41337,1.20283
37.1,-2.16123,-2.12099,1.37425,1.25503
37.2,-2.45967,-2.12663,1.24102,-0.252172
37.3,-2.71828,-2.04135,1.0001,0.500222
37.4,-2.89881,-1.85166,0.656971,-0.250929
37.5,-2.97367,-1.56947,0.241007,-1.14853
37.6,-2.93832,-1.23175,-0.201781,0.292963
37.7,-2.81158,-0.886954,-0.624874,-0.131178
37.8,-2.62397,-0.577584,-0.994813,-0.332607
37.9,-2.40415,-0.329804,-1.29492,-1.41185
38,-2.17176,-0.152442,-1.52144,-2.4263
38.1,-1.93726,-0.0414299,-1.67798,-0.818644
38.2,-1.70512,0.0146718,-1.77162,-0.727504
38.3,-1.47725,0.0301047,-1.81109,-2.14683
38.4,-1.25504,0.0187305,-1.80606,-2.2836
38.5,-1.0401,-0.00789669,-1.76668,-0.763769
38.6,-0.834126,-0.041411,-1.70307,-1.18081
38.7,-0.63857,-0.0766974,-1.62475,-0.456619
38.8,-0.45433,-0.111414,-1.54018,-0.359545
38.9,-0.281606,-0.145259,-1.45643,-1.19316
39,-0.11993,-0.179225,-1.37909,-1.40949
39.1,0.0317294,-0.214986,-1.31242,-0.547468
39.2,0.174805,-0.25448,-1.25952,-0.131903
39.3,0.310971,-0.29969,-1.22261,0.12038
39.4,0.441986,-0.352579,-1.20333,0.274477
39.5,0.569543,-0.415134,-1.20292,0.386838
39.6,0.695118,-0.489491,-1.22242,0.480424
39.7,0.819788,-0.578094,-1.26273,0.567714
39.8,0.94398,-0.683876,-1.32455,0.656063
39.9,1.06711,-0.810402,-1.4082,0.74915
40,1.18699,-0.961912,-1.51311,0.847594
40.1,1.29904,-1.14311,-1.63701,0.949467
40.2,1.39508,-1.35842,-1.77457,1.05068
40.3,1.46197,-1.61036,-1.91555,1.14503
40.4,1.4807,-1.89649,-2.04265,1.22391
40.5,1.42707,-2.2052,-2.13033,1.2756
40.6,1.27637,-2.51167,-2.14706,0.660949
40.7,1.01305,-2.77805,-2.06363,0.121863
40.8,0.642714,-2.9623,-1.86718,0.485801
40.9,0.197549,-3.03472,-1.57319,-0.920622
41,-0.27228,-2.99148,-1.22438,0.273266
41.1,-0.716863,-2.85389,-0.874587,0.366279
41.2,-1.10111,-2.65462,-0.569298,-0.359717
41.3,-1.40801,-2.42294,-0.334734,-1.5963
41.4,-1.63402,-2.17801,-0.177667,-2.34447
41.5,-1.78321,-1.92964,-0.0908952,-1.59651
41.6,-1.86358,-1.68236,-0.0596408,-0.477214
41.7,-1.88528,-1.43885,-0.066806,-3.81986
41.8,-1.85985,-1.20164,-0.0966125,-0.409715
41.9,-1.79946,-0.973401,-0.136697,-0.503339
42,-1.71601,-0.756558,-0.178863,-1.75289
42.1,-1.62041,-0.55283,-0.218825,-0.894435
42.2,-1.52188,-0.363018,-0.255349,-2.16216
42.3,-1.42783,-0.187018,-0.289227,-0.333015
42.4,-1.34381,-0.0239776,-0.322342,-0.0947853
42.5,-1.27376,0.127499,-0.356991,0.0772775
42.6,-1.22035,0.269133,-0.395485,0.229193
42.7,-1.18533,0.402787,-0.439977,0.346584
42.8,-1.16979,0.530291,-0.492466,0.438746
42.9,-1.17446,0.653302,-0.554895,0.516157
43,-1.19979,0.773136,-0.629308,0.587219
43.1,-1.24603,0.89059,-0.718022,0.65824
43.2,-1.31308,1.00568,-0.823779,0.733352
43.3,-1.40027,1.11725,-0.94982,0.814317
43.4,-1.50572,1.22245,-1.0998,0.900533
43.5,-1.62556,1.31592,-1.27736,0.989247
43.6,-1.75264,1.38889,-1.48519,1.07577
43.7,-1.875,1.42833,-1.72315,1.15346
43.8,-1.97463,1.41684,-1.98552,1.21348
43.9,-2.02767,1.3346,-2.25774,1.24413
44,-2.00808,1.16457,-2.51459,0.610486
44.1,-1.89575,0.900688,-2.72294,0.491965
44.2,-1.68693,0.5554,-2.85098,0.160432
44.3,-1.40026,0.160042,-2.8807,0.348144
44.4,-1.07235,-0.24455,-2.81537,-0.569066
44.5,-0.744841,-0.621638,-2.67615,0.0495302
44.6,-0.451459,-0.947498,-2.49105,-0.693573
44.7,-0.211939,-1.21221,-2.28458,-0.692922
44.8,-0.0327016,-1.41546,-2.0729,-2.10697
44.9,0.0892475,-1.56185,-1.86411,-0.369398
45,0.162196,-1.65777,-1.66101,-2.05689
45.1,0.196577,-1.71009,-1.46384,-0.571407
45.2,0.202873,-1.72577,-1.27224,-0.325048
45.3,0.190334,-1.71183,-1.08612,-3.33487
45.4,0.1663,-1.67531,-0.905864,-2.03151
45.5,0.135971,-1.62305,-0.732106,-0.66453
45.6,0.102519,-1.56145,-0.565465,-0.157622
45.7,0.0674157,-1.49626,-0.406286,-1.49387
45.8,0.0308453,-1.43243,-0.254508,-0.714576
45.9,-0.00787889,-1.37403,-0.109634,0.0303089
46,-0.0499808,-1.32437,0.0292361,-0.907256
46.1,-0.0969893,-1.28608,0.163312,0.0630228
46.2,-0.150615,-1.26131,0.294013,0.490057
46.3,-0.212721,-1.2519,0.42285,-0.663719
46.4,-0.285373,-1.25952,0.551296,0.00831425
46.5,-0.370951,-1.2858,0.680638,0.30982
46.6,-0.472304,-1.33235,0.811775,0.463367
46.7,-0.592937,-1.40069,0.944921,0.59376
46.8,-0.737183,-1.49195,1.07915,0.718169
46.9,-0.910263,-1.60632,1.21165,0.841396
47,-1.11806,-1.74193,1.33663,0.963262
47.1,-1.36618,-1.8931,1.44367,1.0804
47.2,-1.65781,-2.0477,1.51589,1.18654
47.3,-1.98955,-2.18427,1.52849,1.27207
47.4,-2.3455,-2.2705,1.45004,0.205638
47.5,-2.69201,-2.26714,1.24966,0.0228726
47.6,-2.97959,-2.14137,0.911594,0.547264
47.7,-3.15788,-1.88703,0.451268,-0.270467
47.8,-3.19897,-1.53778,-0.0816345,-0.0688145
47.9,-3.1104,-1.15781,-0.620527,-3.51218
48,-2.92571,-0.814658,-1.10715,-3.74579
48.1,-2.68309,-0.554898,-1.50553,-2.90232
48.2,-2.41066,-0.395852,-1.80091,-1.08602
48.3,-2.12466,-0.330395,-1.99272,-3.43284
48.4,-1.83442,-0.336718,-2.08893,-0.477751
48.5,-1.54711,-0.387878,-2.10304,-0.4208
48.6,-1.26949,-0.458997,-2.05209,-0.279563
48.7,-1.00751,-0.531443,-1.95447,-1.51314
48.8,-0.765358,-0.594076,-1.8278,0.105711
48.9,-0.54508,-0.642379,-1.68734,-0.593893
49,-0.346854,-0.676541,-1.54522,-0.529733
49.1,-0.169527,-0.699425,-1.41027,-1.81569
49.2,-0.011187,-0.714945,-1.28848,-2.5134
49.3,0.130422,-0.727,-1.1835,0.321664
49.4,0.25763,-0.738925,-1.09723,0.411029
49.5,0.372688,-0.753308,-1.03036,0.478919
49.6,0.477678,-0.772031,-0.982807,0.532212
49.7,0.574456,-0.796423,-0.953982,0.575714
49.8,0.66462,-0.827451,-0.943055,0.613106
49.9,0.749466,-0.865898,-0.949074,0.647451
50,0.82995,-0.912521,-0.971019,0.681387
50.1,0.90663,-0.968162,-1.00779,0.717094
50.2,0.979584,-1.03381,-1.05816,0.756131
50.3,1.04829,-1.11063,-1.12056,0.799249
50.4,1.11146,-1.19982,-1.19296,0.846245
50.5,1.16688,-1.30249,-1.27249,0.895918
50.6,1.21115,-1.41926,-1.35515,0.946079
50.7,1.2396,-1.54978,-1.43537,0.993576
50.8,1.24632,-1.69191,-1.50579,1.03432
50.9,1.22455,-1.84104,-1.55721,1.06326
51,1.16768,-1.98939,-1.57915,1.07441
51.1,1.07087,-2.1261,-1.56126,1.06084
51.2,0.93299,-2.23837,-1.49548,-1.13965
51.3,0.758196,-2.31396,-1.37845,0.352408
51.4,0.556024,-2.34435,-1.21319,-1.4654
51.5,0.339605,-2.32734,-1.00892,-0.236394
51.6,0.122469,-2.26786,-0.778961,-0.267414
51.7,-0.0846152,-2.17646,-0.537621,-1.69241
51.8,-0.275449,-2.06656,-0.297476,0.0850937
51.9,-0.448474,-1.95151,-0.0678877,-0.0132782
52,-0.605611,-1.84257,0.145156,-3.06997
52.1,-0.750696,-1.74786,0.338364,-1.43208
52.2,-0.888124,-1.67222,0.510174,0.573461
52.3,-1.02194,-1.61744,0.659834,0.696248
52.4,-1.1553,-1.58268,0.786689,0.786933
52.5,-1.29023,-1.56481,0.889689,0.857602
52.6,-1.4274,-1.55871,0.967129,0.913693
52.7,-1.56589,-1.55751,1.01663,0.956816
52.8,-1.70293,-1.55295,1.03539,0.986089
52.9,-1.8338,-1.53595,1.02077,0.998913
53,-1.95191,-1.49762,0.971193,0.991477
53.1,-2.04951,-1.43052,0.887137,-0.622143
53.2,-2.119,-1.33008,0.771974,0.347493
53.3,-2.15467,-1.19567,0.632107,-2.26084
53.4,-2.15425,-1.03075,0.47618,-0.325358
53.5,-2.11977,-0.842095,0.313488,0.0148657
53.6,-2.05728,-0.638191,0.152146,-0.668692
53.7,-1.97561,-0.427538,-0.00229477,-0.182409
53.8,-1.8848,-0.217358,-0.147376,-0.306354
53.9,-1.79455,-0.0129829,-0.283438,0.199073
54,-1.71319,0.182133,-0.412842,0.00737625
54.1,-1.64722,0.366012,-0.539085,0.200216
54.2,-1.60111,0.537576,-0.666086,0.449939
54.3,-1.57736,0.696037,-0.797706,0.610722
54.4,-1.5766,0.840309,-0.937494,0.731711
54.5,-1.59745,0.968456,-1.08849,0.831605
54.6,-1.63634,1.07717,-1.253,0.918297
54.7,-1.68706,1.16134,-1.43206,0.994175
54.8,-1.7403,1.21378,-1.62463,1.05801
54.9,-1.78341,1.22555,-1.82639,1.10584
55,-1.8009,1.18707,-2.02848,1.13141
55.1,-1.77637,1.09052,-2.21702,-0.070728
55.2,-1.69604,0.933252,-2.37426,0.181125
55.3,-1.55316,0.720871,-2.48235,-0.0841694
55.4,-1.35133,0.468045,-2.52857,-0.491773
55.5,-1.10443,0.195626,-2.50996,-0.0560095
55.6,-0.832667,-0.0749411,-2.43434,-1.70638
55.7,-0.556945,-0.32701,-2.31734,0.329464
55.8,-0.294286,-0.551375,-2.17737,0.0423354
55.9,-0.055936,-0.745782,-2.03112,0.0986515
56,0.152243,-0.912625,-1.89096,-0.384779
56.1,0.328288,-1.05641,-1.76435,-2.31788
56.2,0.472553,-1.18187,-1.65436,-3.39609
56.3,0.586522,-1.29289,-1.56072,0.739335
56.4,0.672074,-1.39211,-1.48086,0.785598
56.5,0.731148,-1.48087,-1.41081,0.813071
56.6,0.765656,-1.55939,-1.34596,0.825444
56.7,0.777548,-1.627,-1.28165,0.824172
56.8,0.768946,-1.68251,-1.21366,0.809383
56.9,0.742261,-1.72451,-1.13854,0.780365
57,0.700231,-1.7518,-1.05394,0.735776
57.1,0.645864,-1.76371,-0.95864,0.673563
57.2,0.582255,-1.76037,-0.852595,0.59032
57.3,0.512331,-1.74289,-0.736678,0.479381
57.4,0.438572,-1.71333,-0.612413,0.324229
57.5,0.362783,-1.67455,-0.481627,0.0631413
57.6,0.285955,-1.63,-0.346131,-0.838097
57.7,0.208244,-1.58344,-0.207473,-0.516662
57.8,0.129032,-1.5387,-0.0667879,0.0893237
57.9,0.0470456,-1.49952,0.0752589,-0.408357
58,-0.039518,-1.46947,0.218435,-0.982359
58.1,-0.1329,-1.45188,0.362837,-0.3534
58.2,-0.235742,-1.44988,0.508731,0.532257
58.3,-0.351114,-1.46638,0.656315,0.355494
58.4,-0.482608,-1.50404,0.805404,0.391296
58.5,-0.634458,-1.56502,0.954976,0.603925
58.6,-0.811628,-1.65056,1.10249,0.764587
58.7,-1.01969,-1.76001,1.24287,0.905183
58.8,-1.2642,-1.88939,1.36709,1.03308
58.9,-1.54902,-2.02899,1.46039,1.14733
59,-1.87299,-2.16057,1.50067,1.24169
59.1,-2.2246,-2.25524,1.45884,1.30506
59.2,-2.57634,-2.27541,1.30379,0.665138
59.3,-2.88388,-2.18494,1.01464,0.29733
59.4,-3.09654,-1.96763,0.596826,-0.598304
59.5,-3.17881,-1.64383,0.0900521,-0.681809
59.6,-3.12777,-1.26863,-0.443019,-1.33525
59.7,-2.97057,-0.909222,-0.940949,-0.92107
59.8,-2.74539,-0.61868,-1.36159,-0.0992116
59.9,-2.48382,-0.42293,-1.68491,-2.30045
60,-2.20525,-0.322213,-1.90687,-1.02616
60.1,-1.92027,-0.299583,-2.03302,-0.605865
60.2,-1.6359,-0.330326,-2.07487,-0.744181
60.3,-1.35842,-0.38958,-2.04781,-0.752401
60.4,-1.09364,-0.45724,-1.96919,-3.33226
60.5,-0.846205,-0.520064,-1.85642,-0.577681
60.6,-0.618887,-0.571488,-1.72515,-1.36495
60.7,-0.41262,-0.610113,-1.58833,-0.21373
60.8,-0.226867,-0.637778,-1.45577,-0.285873
60.9,-0.0601326,-0.657867,-1.33438,-1.90542
61,0.0895976,-0.6741,-1.22862,0.271746
61.1,0.22455,-0.689848,-1.14105,0.375325
61.2,0.34696,-0.707843,-1.07284,0.45376
61.3,0.458951,-0.730155,-1.02426,0.514892
61.4,0.562447,-0.758308,-0.995,0.564411
61.5,0.659118,-0.793462,-0.984426,0.606698
61.6,0.75032,-0.836597,-0.991724,0.645376
61.7,0.837043,-0.888674,-1.01597,0.68353
61.8,0.919826,-0.950758,-1.05613,0.723667
61.9,0.998651,-1.02409,-1.11094,0.76747
62,1.07278,-1.11009,-1.17877,0.815806
62.1,1.14058,-1.21023,-1.2573,0.868128
62.2,1.1992,-1.32581,-1.34323,0.922899
62.3,1.2444,-1.45747,-1.43173,0.977402
62.4,1.27034,-1.60449,-1.51607,1.02782
62.5,1.26969,-1.76384,-1.58724,1.06925
62.6,1.23434,-1.92922,-1.63407,1.09568
62.7,1.1568,-2.09039,-1.64427,1.09994
62.8,1.03251,-2.23364,-1.60639,-1.54007
62.9,0.862263,-2.34377,-1.5129,0.0833215
63,0.653697,-2.4077,-1.36303,0.35849
63.1,0.420479,-2.41836,-1.16403,-0.850715
63.2,0.17911,-2.3771,-0.929731,-1.52786
63.3,-0.0553441,-2.29314,-0.67709,-1.28277
63.4,-0.272516,-2.18073,-0.422221,-0.799212
63.5,-0.467818,-2.05528,-0.17777,-0.359937
63.6,-0.641532,-1.9304,0.0479125,-0.42067
63.7,-0.796956,-1.81617,0.250218,-0.113585
63.8,-0.938571,-1.71875,0.427139,-0.783963
63.9,-1.07072,-1.64068,0.578118,0.679803
64,-1.19685,-1.58148,0.703158,0.76631
64.1,-1.31919,-1.53833,0.802252,0.829519
64.2,-1.43854,-1.50656,0.875113,0.876133
64.3,-1.55434,-1.48023,0.921149,0.908849
64.4,-1.66457,-1.45256,0.939662,0.927926
64.5,-1.76591,-1.41659,0.930237,0.932047
64.6,-1.85406,-1.36584,0.893246,0.918884
64.7,-1.92426,-1.29516,0.830348,0.885361
64.8,-1.97214,-1.20142,0.744787,0.862573
64.9,-1.9947,-1.08396,0.641324,-1.84308
65,-1.99108,-0.944618,0.525709,-0.670281
65.1,-1.96295,-0.787233,0.403824,-1.9218
65.2,-1.91444,-0.616781,0.280733,-1.56971
65.3,-1.85151,-0.438462,0.159948,-1.1772
65.4,-1.78108,-0.256926,0.0430995,-3.03197
65.5,-1.71027,-0.0758192,-0.0699906,0.0946447
65.6,-1.64569,0.102343,-0.180949,-0.606434
65.7,-1.59307,0.276046,-0.292395,-1.59787
65.8,-1.55708,0.44448,-0.407539,-0.063496
65.9,-1.54132,0.607151,-0.529902,0.355333
66,-1.54824,0.763426,-0.66318,0.555169
66.1,-1.57901,0.912015,-0.811191,0.700455
66.2,-1.63325,1.05035,-0.977801,0.822222
66.3,-1.7083,1.17382,-1.16667,0.930929
66.4,-1.79829,1.27491,-1.38056,1.02918
66.5,-1.89279,1.34238,-1.62,1.11493
66.6,-1.97559,1.361,-1.88095,1.18251
66.7,-2.02461,1.31287,-2.15196,1.22292
66.8,-2.0144,1.18142,-2.41204,-0.00592293
66.9,-1.92277,0.958407,-2.63188,0.0117642
67,-1.74027,0.651281,-2.78073,-0.543402
67.1,-1.47745,0.285652,-2.83756,-0.589484
67.2,-1.16383,-0.101108,-2.79997,0.29134
67.3,-0.837662,-0.472078,-2.68404,0.628863
67.4,-0.53339,-0.800874,-2.51577,0.510795
67.5,-0.273866,-1.07457,-2.32067,-0.386011
67.6,-0.0692501,-1.29078,-2.11737,-2.3334
67.7,0.0800909,-1.45303,-1.91641,-1.88974
67.8,0.179779,-1.56715,-1.72207,-0.275492
67.9,0.238305,-1.63947,-1.53506,-2.12754
68,0.264917,-1.67617,-1.35463,-0.189826
68.1,0.26832,-1.68323,-1.17991,-0.258403
68.2,0.255931,-1.66651,-1.01047,-0.242909
68.3,0.233519,-1.63177,-0.846293,-1.44466
68.4,0.205136,-1.58456,-0.68767,-2.66078
68.5,0.17325,-1.53008,-0.534891,-0.2395
68.6,0.139005,-1.47299,-0.388065,-0.112673
68.7,0.10253,-1.41736,-0.247,-2.02339
68.8,0.0632443,-1.36663,-0.111156,-1.39286
68.9,0.0200931,-1.32365,0.0203294,-0.240389
69,-0.0282805,-1.29082,0.148589,0.238537
69.1,-0.0834487,-1.27016,0.274941,0.110811
69.2,-0.147185,-1.26354,0.400797,-0.0687048
69.3,-0.221512,-1.27274,0.527551,-0.913386
69.4,-0.308809,-1.29957,0.65644,0.0426683
69.5,-0.411963,-1.34591,0.788357,0.368667
69.6,-0.534556,-1.41361,0.923559,0.535951
69.7,-0.681051,-1.50427,1.06121,0.679347
69.8,-0.856902,-1.61863,1.19865,0.814942
69.9,-1.06838,-1.75552,1.33021,0.946111
70,-1.32177,-1.91003,1.44557,1.0711
70.1,-1.62124,-2.07075,1.52756,1.18451
70.2,-1.96461,-2.21641,1.55042,1.27715
70.3,-2.33695,-2.31378,1.48048,0.948587
70.4,-2.70425,-2.32094,1.28317,-0.0579295
70.5,-3.01417,-2.20106,0.938672,0.577505
70.6,-3.21146,-1.94507,0.460435,0.471648
70.7,-3.26384,-1.58781,-0.0995358,0.613244
70.8,-3.17777,-1.19913,-0.668864,0.724952
70.9,-2.98868,-0.853416,-1.18314,-1.78028
71,-2.73709,-0.60151,-1.60207,-2.34346
71.1,-2.45271,-0.460932,-1.9087,-0.553403
71.2,-2.153,-0.42138,-2.10193,-0.34071
71.3,-1.84897,-0.45618,-2.19065,-1.13077
71.4,-1.54995,-0.5336,-2.1905,0.173039
71.5,-1.26459,-0.625325,-2.12116,-0.962365
71.6,-0.9998,-0.711073,-2.00344,-0.449308
71.7,-0.759684,-0.779579,-1.85666,-0.699245
71.8,-0.545467,-0.827137,-1.69693,-0.0999141
71.9,-0.356214,-0.85513,-1.5365,-0.632826
72,-0.189743,-0.867636,-1.38402,-1.35614
72.1,-0.0433758,-0.869618,-1.24507,-0.389745
72.2,0.0856108,-0.865791,-1.12286,0.325865
72.3,0.199769,-0.860063,-1.01891,0.402512
72.4,0.301404,-0.855369,-0.933533,0.459935
72.5,0.392571,-0.853725,-0.866302,0.5046
72.6,0.475082,-0.856399,-0.81634,0.540336
72.7,0.550522,-0.864117,-0.782549,0.569661
72.8,0.620263,-0.87725,-0.763764,0.594486
72.9,0.685467,-0.895984,-0.758846,0.616474
73,0.747084,-0.920443,-0.766725,0.637171
73.1,0.805853,-0.950788,-0.786414,0.658033
73.2,0.862279,-0.987278,-0.816984,0.680375
73.3,0.916612,-1.03031,-0.857523,0.70527
73.4,0.968802,-1.08043,-0.907055,0.733445
73.5,1.01844,-1.1383,-0.964444,0.765171
73.6,1.06466,-1.20465,-1.02826,0.800199
73.7,1.10608,-1.28014,-1.09661,0.837718
73.8,1.14068,-1.3652,-1.16697,0.876339
73.9,1.16573,-1.45972,-1.23597,0.914089
74,1.1778,-1.56274,-1.29922,0.948406
74.1,1.17292,-1.67202,-1.35129,0.976127
74.2,1.1469,-1.78366,-1.38583,0.993516
74.3,1.09604,-1.89199,-1.39606,0.996276
74.4,1.01797,-1.98975,-1.37561,0.979615
74.5,0.912571,-2.0689,-1.31971,0.93823
74.6,0.782652,-2.12202,-1.22633,-0.623417
74.7,0.633838,-2.14393,-1.09697,0.34389
74.8,0.473666,-2.13301,-0.936629,0.197074
74.9,0.310015,-2.0918,-0.752834,-5.77328
75,0.149467,-2.02649,-0.554209,-0.604885
75.1,-0.00382659,-1.9457,-0.348979,-0.476949
75.2,-0.148488,-1.85893,-0.143937,-1.51552
75.3,-0.285556,-1.77523,0.0559661,0.277379
75.4,-0.417757,-1.70232,0.247507,-1.62809
75.5,-0.548734,-1.64615,0.42875,0.251401
75.6,-0.682444,-1.61076,0.598467,0.49107
75.7,-0.822763,-1.59829,0.755517,0.648056
75.8,-0.973254,-1.6089,0.898236,0.768518
75.9,-1.13695,-1.64063,1.02384,0.869303
76,-1.31597,-1.68895,1.12787,0.956977
76.1,-1.51082,-1.74621,1.20369,1.03274
76.2,-1.71927,-1.80113,1.2424,1.09418
76.3,-1.93485,-1.83871,1.23341,1.13608
76.4,-2.14559,-1.84135,1.16629,1.14621
76.5,-2.33407,-1.7918,1.03413,0.493431
76.6,-2.47999,-1.67791,0.837542,0.456825
76.7,-2.56545,-1.49754,0.587458,-1.24998
76.8,-2.58113,-1.26082,0.30415,0.051226
76.9,-2.52983,-0.987708,0.012087,-0.467636
77,-2.42509,-0.701953,-0.266874,-1.26547
77.1,-2.28615,-0.424833,-0.518274,0.45974
77.2,-2.13214,-0.171486,-0.736042,-0.850774
77.3,-1.97824,0.0496049,-0.920551,-0.566602
77.4,-1.83418,0.235228,-1.07569,-0.96545
77.5,-1.70464,0.385543,-1.2064,-1.2253
77.6,-1.59037,0.502516,-1.31715,-0.370071
77.7,-1.48949,0.588888,-1.41129,0.755558
77.8,-1.39865,0.647641,-1.49093,0.778585
77.9,-1.31386,0.681776,-1.55711,0.784556
78,-1.23121,0.694275,-1.6101,0.775907
78.1,-1.14728,0.688117,-1.64977,0.753548
78.2,-1.05942,0.6663,-1.67587,0.717414
78.3,-0.965932,0.631806,-1.68842,0.666656
78.4,-0.865992,0.587509,-1.68783,0.59943
78.5,-0.759586,0.536032,-1.67513,0.512008
78.6,-0.647291,0.479589,-1.65195,0.395945
78.7,-0.530031,0.419854,-1.62047,0.226851
78.8,-0.408843,0.35787,-1.58332,-0.131385
78.9,-0.284673,0.294026,-1.54337,0.265074
79,-0.158233,0.228089,-1.50363,-1.77553
79.1,-0.0299183,0.159275,-1.46711,-0.121499
79.2,0.100208,0.086329,-1.43675,0.310718
79.3,0.232385,0.00759155,-1.41541,-0.242961
79.4,0.367065,-0.0789683,-1.40588,-0.176067
79.5,0.504796,-0.175767,-1.41092,-0.157471
79.6,0.646029,-0.285677,-1.43326,-0.279517
79.7,0.790851,-0.412148,-1.47561,0.248492
79.8,0.938584,-0.559367,-1.54041,0.53271
79.9,1.08715,-0.732397,-1.62949,0.714073
80,1.23209,-0.937171,-1.7432,0.867177
80.1,1.36512,-1.18004,-1.87896,1.00554
80.2,1.47213,-1.46636,-2.02886,1.13028
80.3,1.53108,-1.79734,-2.17645,1.23627
80.4,1.51129,-2.16451,-2.29371,1.31299
80.5,1.37719,-2.54282,-2.3413,0.641889
80.6,1.10025,-2.88722,-2.27738,0.0633151
80.7,0.677757,-3.14104,-2.0775,0.124065
80.8,0.146029,-3.25908,-1.75638,-2.84202
80.9,-0.427694,-3.23071,-1.3713,-1.09405
81,-0.972182,-3.08148,-0.998743,0.640484
81.1,-1.43569,-2.85261,-0.702101,-2.57705
81.2,-1.79178,-2.57956,-0.513313,-0.539139
81.3,-2.0333,-2.28467,-0.432816,-0.784256
81.4,-2.16533,-1.9811,-0.439445,-1.35328
81.5,-2.20097,-1.67865,-0.502327,-4.32498
81.6,-2.15855,-1.38638,-0.590817,-1.37719
81.7,-2.0588,-1.11213,-0.680829,-0.422632
81.8,-1.92199,-0.861267,-0.757282,-0.653284
81.9,-1.76574,-0.636167,-0.813502,-1.16384
82,-1.60398,-0.436676,-0.849019,-0.637781
82.1,-1.44686,-0.261014,-0.867034,-1.74203
82.2,-1.30118,-0.106629,-0.872326,-0.493986
82.3,-1.17108,0.0292315,-0.869832,-0.33331
82.4,-1.05874,0.149208,-0.863861,0.370792
82.5,-0.964919,0.255712,-0.857779,0.435477
82.6,-0.889479,0.350901,-0.853985,0.485064
82.7,-0.831697,0.436686,-0.854046,0.524294
82.8,-0.790545,0.514746,-0.858892,0.556111
82.9,-0.764875,0.586543,-0.86902,0.582604
83,-0.753525,0.653331,-0.884667,0.605496
83.1,-0.755396,0.716156,-0.905957,0.626354
83.2,-0.769471,0.77586,-0.933011,0.646667
83.3,-0.794809,0.833065,-0.966023,0.667822
83.4,-0.830514,0.888156,-1.00531,0.691028
83.5,-0.875675,0.941246,-1.05134,0.717205
83.6,-0.929275,0.992126,-1.10472,0.74688
83.7,-0.990084,1.04019,-1.16617,0.780093
83.8,-1.05651,1.08436,-1.2364,0.816345
83.9,-1.12641,1.12298,-1.31601,0.854571
84,-1.19693,1.15371,-1.40524,0.893123
84.1,-1.26427,1.1735,-1.50367,0.929769
84.2,-1.32361,1.17866,-1.60982,0.961684
84.3,-1.36907,1.16504,-1.72079,0.985449
84.4,-1.39402,1.12856,-1.83189,0.997075
84.5,-1.39174,1.06597,-1.9367,0.992039
84.6,-1.35639,0.975756,-2.02747,0.965309
84.7,-1.28424,0.859033,-2.09622,0.949199
84.8,-1.17477,0.71989,-2.13628,-2.41762
84.9,-1.03105,0.564958,-2.1439,-0.764721
85,-0.859345,0.402149,-2.11924,-0.0291124
85.1,-0.667887,0.238976,-2.06655,-1.696
85.2,-0.465302,0.0810696,-1.99329,-0.678282
85.3,-0.259296,-0.0686241,-1.90864,-0.984142
85.4,-0.0558865,-0.209852,-1.82206,-3.94126
85.5,0.140758,-0.344488,-1.74212,0.0644566
85.6,0.32804,-0.47575,-1.67581,0.0267619
85.7,0.504405,-0.607481,-1.62824,0.37296
85.8,0.668735,-0.74364,-1.60262,0.566565
85.9,0.819735,-0.88799,-1.60024,0.704255
86,0.955329,-1.04389,-1.62035,0.8147
86.1,1.07206,-1.21403,-1.65991,0.909202
86.2,1.16458,-1.39992,-1.71312,0.991633
86.3,1.22525,-1.60104,-1.77078,1.06148
86.4,1.24432,-1.81346,-1.81994,1.11503
86.5,1.21099,-2.02843,-1.84425,1.14599
86.6,1.11593,-2.23149,-1.82581,0.0885401
86.7,0.955071,-2.40348,-1.74902,0.452927
86.8,0.733394,-2.52446,-1.6056,-1.33553
86.9,0.466286,-2.57965,-1.39879,0.128657
87,0.17662,-2.56489,-1.14354,-1.34674
87.1,-0.111554,-2.48811,-0.862244,-0.0870376
87.2,-0.379303,-2.36608,-0.578177,-1.2599
87.3,-0.615966,-2.21857,-0.310129,-1.30509
87.4,-0.818649,-2.06329,-0.0702201,-0.0635497
87.5,-0.98962,-1.91308,0.135601,-1.19239
87.6,-1.13347,-1.77536,0.305807,-1.31261
87.7,-1.25507,-1.65292,0.441489,-3.8459
87.8,-1.35843,-1.54523,0.545019,-0.12276
87.9,-1.44635,-1.44963,0.619259,0.768484
88,-1.52043,-1.36239,0.667186,0.783955
88.1,-1.58132,-1.27948,0.691764,0.783692
88.2,-1.62904,-1.19713,0.695945,0.769368
88.3,-1.66335,-1.1122,0.682698,0.741415
88.4,-1.68406,-1.02243,0.655011,0.69942
88.5,-1.69128,-0.926475,0.615833,0.642151
88.6,-1.68567,-0.823878,0.567953,0.567155
88.7,-1.66849,-0.714905,0.513855,0.469292
88.8,-1.64161,-0.600319,0.455553,0.335978
88.9,-1.60742,-0.481134,0.394477,0.123958
89,-1.56867,-0.358389,0.331407,0.0210841
89.1,-1.52833,-0.232963,0.266473,0.42077
89.2,-1.48942,-0.105457,0.199206,0.0679362
89.3,-1.45497,0.0238599,0.128615,0.330187
89.4,-1.42787,0.155048,0.0532657,-0.968827
89.5,-1.41099,0.288439,-0.0286622,-0.202113
89.6,-1.40709,0.424537,-0.119362,0.529722
89.7,-1.41893,0.563869,-0.221434,-0.0608962
89.8,-1.44925,0.706767,-0.337981,-0.0684049
89.9,-1.50068,0.853049,-0.472744,0.397063
90,-1.57546,1.00153,-0.630269,0.615731
90.1,-1.67492,1.14927,-0.815999,0.781725
90.2,-1.79837,1.29039,-1.03613,0.927721
90.3,-1.94131,1.4144,-1.29682,1.06042
90.4,-2.09261,1.50406,-1.60217,1.17798
90.5,-2.2312,1.53363,-1.95006,1.273
90.6,-2.32388,1.46953,-2.32577,0.227656
90.7,-2.32858,1.2773,-2.69573,0.244621
90.8,-2.20799,0.937081,-3.00807,-0.0484072
90.9,-1.95227,0.462105,-3.20775,0.581884
91,-1.59539,-0.0958095,-3.26238,0.198269
91.1,-1.20661,-0.664235,-3.17812,0.41896
91.2,-0.86016,-1.17845,-2.99021,-0.556133
91.3,-0.60706,-1.59782,-2.7393,-0.378647
91.4,-0.465093,-1.90509,-2.45526,-0.499357
91.5,-0.424182,-2.09903,-2.15574,-0.506753
91.6,-0.45779,-2.18846,-1.85185,-0.475119
91.7,-0.534251,-2.18896,-1.55292,0.0513602
91.8,-0.625252,-2.12018,-1.26759,-0.371057
91.9,-0.710476,-2.0029,-1.00277,-1.91409
92,-0.778606,-1.85643,-0.762559,0.11038
92.1,-0.825887,-1.6969,-0.548196,-0.899497
92.2,-0.853666,-1.53658,-0.358762,-0.354973
92.3,-0.865997,-1.38414,-0.19209,-0.870479
92.4,-0.867829,-1.24519,-0.0455124,-5.99433
92.5,-0.863872,-1.12295,0.0836857,0.324295
92.6,-0.858034,-1.01896,0.198052,0.401363
92.7,-0.853248,-0.933547,0.29989,0.45911
92.8,-0.851531,-0.866293,0.391255,0.504028
92.9,-0.854154,-0.816325,0.47396,0.539958
93,-0.861841,-0.782553,0.549595,0.569427
93.1,-0.874966,-0.763816,0.619534,0.594359
93.2,-0.893714,-0.758979,0.684942,0.616423
93.3,-0.918214,-0.766975,0.746774,0.637177
93.4,-0.948627,-0.786823,0.805772,0.658092
93.5,-0.98522,-0.8176,0.862446,0.680494
93.6,-1.0284,-0.858397,0.917045,0.705474
93.7,-1.07871,-0.908245,0.969521,0.733768
93.8,-1.13684,-0.966009,1.01946,0.765659
93.9,-1.20352,-1.03026,1.06599,0.800898
94,-1.27945,-1.09911,1.10773,0.838671
94.1,-1.36505,-1.17001,1.14262,0.877579
94.2,-1.46024,-1.23956,1.1679,0.915632
94.3,-1.56405,-1.30335,1.1801,0.95024
94.4,-1.67423,-1.35588,1.17519,0.978205
94.5,-1.78683,-1.39072,1.14892,0.995754
94.6,-1.89611,-1.401,1.09752,0.998539
94.7,-1.99468,-1.38028,1.01858,0.981699
94.8,-2.07442,-1.32373,0.912003,0.939832
94.9,-2.12779,-1.22933,0.780661,-0.549735
95,-2.14955,-1.09866,0.630296,-4.05575
95.1,-2.13813,-0.936841,0.468582,-1.12981
95.2,-2.09615,-0.751559,0.303525,-0.831797
95.3,-2.02996,-0.551578,0.141783,-0.343811
95.4,-1.94829,-0.345221,-0.0124709,-0.0449241
95.5,-1.86076,-0.139339,-0.15788,-2.19521
95.6,-1.77649,0.0610967,-0.295531,-1.11268
95.7,-1.70322,0.252866,-0.428195,-1.34852
95.8,-1.64686,0.434041,-0.559553,0.270198
95.9,-1.6114,0.603395,-0.693575,0.501859
96,-1.59887,0.759777,-0.83413,0.655556
96.1,-1.60933,0.901504,-0.984747,0.77408
96.2,-1.64066,1.02577,-1.14839,0.873409
96.3,-1.6882,1.12808,-1.32708,0.959756
96.4,-1.74416,1.20181,-1.52118,1.03413
96.5,-1.79715,1.23815,-1.72826,1.09405
96.6,-1.83219,1.22669,-1.94166,1.13423
96.7,-1.83188,1.15739,-2.1493,1.08725
96.8,-1.7794,1.02382,-2.33388,-0.20897
96.9,-1.66317,0.827116,-2.47546,0.194728
97,-1.48157,0.578495,-2.55679,0.25638
97.1,-1.24496,0.298129,-2.56925,0.0838004
97.2,-0.973067,0.00998599,-2.51604,-0.661178
97.3,-0.689147,-0.264768,-2.41082,-0.162056
97.4,-0.413878,-0.512301,-2.27259,0.350734
97.5,-0.161937,-0.726961,-2.12018,-1.87199
97.6,0.0584449,-0.909325,-1.96846,-0.124248
97.7,0.244112,-1.06333,-1.827,-0.874601
97.8,0.395153,-1.1939,-1.70041,-0.172261
97.9,0.513377,-1.30545,-1.58938,-1.06171
98,0.601329,-1.40126,-1.49203,0.75943
98.1,0.661774,-1.48334,-1.40492,0.784441
98.2,0.697495,-1.55261,-1.32399,0.792648
98.3,0.711263,-1.6092,-1.24516,0.786403
98.4,0.705886,-1.65277,-1.1648,0.766537
98.5,0.684243,-1.68285,-1.08009,0.732918
98.6,0.649265,-1.69919,-0.989123,0.684654
98.7,0.603852,-1.70196,-0.890954,0.619986
98.8,0.550726,-1.69198,-0.785507,0.535492
98.9,0.492255,-1.67073,-0.673373,0.423747
99,0.430292,-1.64032,-0.555559,0.264557
99.1,0.366058,-1.60337,-0.433235,-0.0348018
99.2,0.300095,-1.56283,-0.30751,-0.0959546
99.3,0.232289,-1.52183,-0.179262,0.349978
99.4,0.161928,-1.48351,-0.0490458,-0.859446
99.5,0.0877952,-1.45095,0.082941,0.177105
99.6,0.00824378,-1.42715,0.216827,-0.762483
99.7,-0.0787576,-1.41498,0.352986,-0.538169
99.8,-0.175626,-1.41729,0.49191,0.113116
99.9,-0.285221,-1.43685,0.634024,0.567071
100,-0.41096,-1.47637,0.779416,0.238106
100.1,-0.55697,-1.5383,0.92744,0.526424
100.2,-0.728222,-1.62448,1.0761,0.708014
100.3,-0.930532,-1.73529,1.22111,0.860663
100.4,-1.17014,-1.86827,1.35447,0.998467
100.5,-1.45236,-2.01583,1.46257,1.12288
100.6,-1.77861,-2.16211,1.52409,1.22905
100.7,-2.14105,-2.28002,1.50927,1.30684
100.8,-2.51593,-2.3312,1.38325,0.379758
100.9,-2.85983,-2.2742,1.11737,0.228936
101,-3.11721,-2.08337,0.707278,-0.521485
101.1,-3.2423,-1.77048,0.186516,0.414377
101.2,-3.22232,-1.38945,-0.380045,0.716415
101.3,-3.08062,-1.01497,-0.921929,-0.666968
101.4,-2.8576,-0.710857,-1.38681,-1.36705
101.5,-2.58911,-0.510937,-1.74731,-4.048
101.6,-2.29807,-0.418011,-1.99546,-0.482594
101.7,-1.99774,-0.413032,-2.13558,-0.124865
101.8,-1.69755,-0.466609,-2.17994,-1.55517
101.9,-1.40612,-0.548786,-2.14601,-0.432229
102,-1.1311,-0.635464,-2.05389,-0.540501
102.1,-0.878003,-0.7111,-1.9235,-1.61861
102.2,-0.649577,-0.768393,-1.77247,-0.52271
102.3,-0.446093,-0.806283,-1.61494,-0.561661
102.4,-0.266134,-0.82751,-1.46133,-1.55092
102.5,-0.1074,-0.83653,-1.31872,-0.807601
102.6,0.0327134,-0.838076,-1.19153,-0.976309
102.7,0.156791,-0.836339,-1.08212,0.370688
102.8,0.267246,-0.834625,-0.991402,0.438785
102.9,0.366263,-0.835317,-0.919342,0.490909
103,0.455797,-0.84,-0.865302,0.532091
103.1,0.537568,-0.84965,-0.828319,0.565575
103.2,0.613065,-0.864835,-0.807292,0.593741
103.3,0.683552,-0.885888,-0.801098,0.618575
103.4,0.750059,-0.91306,-0.808652,0.641874
103.5,0.813375,-0.94662,-0.828928,0.665297
103.6,0.874022,-0.986934,-0.86094,0.69031
103.7,0.932224,-1.03451,-0.903685,0.718078
103.8,0.987846,-1.09,-0.95606,0.749336
103.9,1.04032,-1.15419,-1.01674,0.784271
104,1.08856,-1.22787,-1.08402,0.82246
104.1,1.1308,-1.31172,-1.15561,0.862822
104.2,1.16456,-1.40605,-1.22843,0.903626
104.3,1.18653,-1.51047,-1.29838,0.942481
104.4,1.19262,-1.62341,-1.36015,0.976335
104.5,1.17825,-1.74169,-1.40731,1.00148
104.6,1.13889,-1.86017,-1.43253,1.01358
104.7,1.07093,-1.97165,-1.4284,1.00767
104.8,0.972808,-2.06753,-1.38855,0.978252
104.9,0.846005,-2.139,-1.30912,-1.10131
105,0.695399,-2.17884,-1.18994,-0.7962
105.1,0.528694,-2.1833,-1.03497,-1.24836
105.2,0.354865,-2.15313,-0.851613,-1.0736
105.3,0.182192,-2.09361,-0.649264,-1.40558
105.4,0.0166292,-2.01328,-0.437453,-3.79105
105.5,-0.13896,-1.92234,-0.224426,-0.932119
105.6,-0.284655,-1.83086,-0.0164062,-0.774068
105.7,-0.422727,-1.74764,0.182448,-0.794386
105.8,-0.556717,-1.67954,0.369632,0.21809
105.9,-0.690645,-1.63126,0.543669,0.469003
106,-0.828474,-1.60536,0.703445,0.629923
106.1,-0.973782,-1.60228,0.847575,0.750278
106.2,-1.12953,-1.6203,0.97382,0.848743
106.3,-1.29775,-1.6553,1.07857,0.933055
106.4,-1.47899,-1.70039,1.15646,1.00539
106.5,-1.67147,-1.74557,1.20024,1.06431
106.6,-1.86989,-1.77769,1.20128,1.10566
106.7,-2.06448,-1.78134,1.15092,1.12306
106.8,-2.24087,-1.74107,1.04308,-0.674545
106.9,-2.38187,-1.64504,0.877399,0.257596
107,-2.47149,-1.48907,0.661715,0.115289
107.1,-2.4999,-1.27899,0.411875,-2.37645
107.2,-2.46696,-1.02962,0.148252,-0.75658
107.3,-2.38235,-0.76052,-0.109656,-1.47708
107.4,-2.26206,-0.490799,-0.347747,-0.807852
107.5,-2.12375,-0.235431,-0.559044,0.368973
107.6,-1.98283,-0.00400024,-0.742737,0.176992
107.7,-1.85043,0.198644,-0.901878,-0.453673
107.8,-1.73308,0.370954,-1.04109,0.0750519
107.9,-1.63325,0.513273,-1.16494,0.440276
108,-1.55027,0.62679,-1.27704,0.751532
108.1,-1.48133,0.712932,-1.37974,0.799551
108.2,-1.42219,0.773086,-1.47406,0.830174
108.3,-1.36794,0.808567,-1.55988,0.846515
108.4,-1.31347,0.820733,-1.63611,0.849579
108.5,-1.25404,0.811173,-1.70101,0.839082
108.6,-1.18569,0.781899,-1.75251,0.813946
108.7,-1.10558,0.735455,-1.78868,0.772496
108.8,-1.0122,0.674898,-1.80814,0.712417
108.9,-0.905415,0.603611,-1.81044,0.63027
109,-0.786276,0.524997,-1.79632,0.519768
109.1,-0.656695,0.442097,-1.76772,0.366376
109.2,-0.519033,0.357259,-1.72768,-0.501798
109.3,-0.37569,0.271908,-1.68005,-1.38317
109.4,-0.228779,0.186472,-1.6291,-0.691338
109.5,-0.0799236,0.100444,-1.57925,0.232325
109.6,0.0698228,0.0125224,-1.5348,-1.16173
109.7,0.219936,-0.0792137,-1.49976,0.326985
109.8,0.370296,-0.17717,-1.4778,0.392628
109.9,0.520994,-0.284157,-1.47228,0.450715
110,0.67206,-0.403394,-1.48616,0.141997
110.1,0.823106,-0.538575,-1.52199,0.468897
110.2,0.972832,-0.693964,-1.58163,0.652834
110.3,1.11831,-0.87443,-1.66577,0.801237
110.4,1.25394,-1.08524,-1.77294,0.933454
110.5,1.37009,-1.33126,-1.89797,1.05384
110.6,1.45145,-1.61513,-2.0297,1.16015
110.7,1.47593,-1.93371,-2.1485,1.24537
110.8,1.41577,-2.27308,-2.22499,-0.730041
110.9,1.24349,-2.60399,-2.22325,0.318202
111,0.944075,-2.88295,-2.11174,-0.314649
111.1,0.528864,-3.06412,-1.88063,0.42691
111.2,0.03963,-3.11923,-1.55432,-1.08446
111.3,-0.464563,-3.05087,-1.18632,-0.78544
111.4,-0.929324,-2.88728,-0.837407,-1.45374
111.5,-1.31923,-2.66443,-0.553564,-1.79175
111.6,-1.61868,-2.4111,-0.356451,-2.23285
111.7,-1.82578,-2.14454,-0.245776,-1.6891
111.8,-1.94648,-1.87374,-0.206924,-1.32186
111.9,-1.99135,-1.60407,-0.21885,-0.831241
112,-1.97392,-1.34014,-0.260276,-0.701305
112.1,-1.9093,-1.08644,-0.313687,-1.59673
112.2,-1.81273,-0.846804,-0.367123,-1.32239
112.3,-1.69828,-0.623873,-0.414193,-1.40005
112.4,-1.57782,-0.41887,-0.452964,-1.38466
112.5,-1.4607,-0.231744,-0.484445,-0.953907
112.6,-1.35372,-0.0614874,-0.511184,-0.792809
112.7,-1.2615,0.0935239,-0.536218,0.208628
112.8,-1.1869,0.235249,-0.562456,0.328701
112.9,-1.13152,0.365762,-0.592392,0.421397
113,-1.09604,0.487091,-0.628071,0.49432
113.1,-1.0806,0.601095,-0.671187,0.554341
113.2,-1.08502,0.709351,-0.723242,0.607186
113.3,-1.10885,0.813054,-0.78573,0.657641
113.4,-1.15148,0.912881,-0.860289,0.709556
113.5,-1.21196,1.00882,-0.948812,0.765586
113.6,-1.28884,1.09992,-1.05347,0.826891
113.7,-1.37973,1.18392,-1.17661,0.89297
113.8,-1.48072,1.25687,-1.32037,0.961677
113.9,-1.5857,1.31255,-1.48602,1.02933
114,-1.68544,1.34219,-1.67277,1.09075
114.1,-1.7671,1.33459,-1.87618,1.13926
114.2,-1.8144,1.27729,-2.08639,1.16645
114.3,-1.80965,1.15943,-2.2872,0.00388739
114.4,-1.73788,0.975974,-2.45732,-0.931665
114.5,-1.59232,0.731955,-2.57484,-0.196127
114.6,-1.37871,0.44378,-2.62404,-4.16618
114.7,-1.11512,0.135737,-2.60113,-1.03243
114.8,-0.826829,-0.167109,-2.51538,-0.450666
114.9,-0.539001,-0.445603,-2.38499,-0.961802
115,-0.271208,-0.6895,-2.23058,-0.815457
115.1,-0.0355012,-0.896505,-2.06986,-0.11608
115.2,0.162693,-1.06934,-1.91503,-3.74942
115.3,0.322538,-1.21276,-1.77256,-0.764364
115.4,0.445847,-1.33159,-1.64435,-2.13661
115.5,0.535718,-1.4297,-1.52914,-1.33746
115.6,0.595756,-1.50975,-1.4239,0.764801
115.7,0.629698,-1.57333,-1.32492,0.767893
115.8,0.641263,-1.62129,-1.22853,0.754597
115.9,0.634106,-1.65411,-1.13162,0.726334
116,0.611766,-1.67222,-1.03192,0.683349
116.1,0.577589,-1.67632,-0.928033,0.624884
116.2,0.534606,-1.66755,-0.819446,0.548799
116.3,0.4854,-1.64756,-0.706298,0.450137
116.4,0.431986,-1.61849,-0.58918,0.316159
116.5,0.375728,-1.58287,-0.468891,0.101441
116.6,0.317318,-1.54348,-0.346224,-0.302555
116.7,0.256809,-1.50325,-0.221807,-0.0762702
116.8,0.193682,-1.46508,-0.0959991,-0.273453
116.9,0.126932,-1.4318,0.031149,0.402513
117,0.0551468,-1.40615,0.159886,-0.153496
117.1,-0.0234448,-1.3908,0.290705,0.38433
117.2,-0.110968,-1.38837,0.424246,0.442547
117.3,-0.209946,-1.40148,0.561157,0.52436
117.4,-0.323397,-1.43277,0.701894,-0.897773
117.5,-0.454986,-1.48485,0.846419,0.371215
117.6,-0.609191,-1.55999,0.993735,0.597188
117.7,-0.791424,-1.65969,1.14116,0.765674
117.8,-1.00793,-1.7836,1.2832,0.9136
117.9,-1.26511,-1.92777,1.40988,1.04846
118,-1.56759,-2.08192,1.50458,1.16884
118.1,-1.91432,-2.22602,1.54207,1.26765
118.2,-2.29219,-2.32773,1.48877,1.13991
118.3,-2.66926,-2.34475,1.30884,0.624972
118.4,-2.99418,-2.23761,0.979334,0.0347135
118.5,-3.20992,-1.99252,0.509522,-1.2573
118.6,-3.28006,-1.63991,-0.0511918,0.496799
118.7,-3.20713,-1.24855,-0.62956,-0.0303794
118.8,-3.02526,-0.895431,-1.15769,-0.306661
118.9,-2.77608,-0.635408,-1.59159,-0.123622
119,-2.49105,-0.489136,-1.91171,-1.8704
119.1,-2.189,-0.44764,-2.11556,-0.872177
119.2,-1.88184,-0.483982,-2.21153,-0.826765
119.3,-1.57956,-0.565225,-2.21528,-0.648969
119.4,-1.29141,-0.661579,-2.14692,-1.01678
119.5,-1.02472,-0.751497,-2.02788,-1.28088
119.6,-0.783774,-0.822877,-1.87807,-0.997526
119.7,-0.569731,-0.871613,-1.71409,-0.539851
119.8,-0.381454,-0.89903,-1.54857,-0.745734
119.9,-0.216523,-0.909365,-1.39038,-2.30156
120,-0.0720598,-0.907846,-1.24525,-0.674567
120.1,0.0547899,-0.899489,-1.11651,0.309108
120.2,0.166641,-0.888483,-1.00574,0.385799
120.3,0.265814,-0.877991,-0.913296,0.442935
120.4,0.354349,-0.870195,-0.83875,0.487311
120.5,0.434035,-0.866458,-0.78121,0.522771
120.6,0.506443,-0.867534,-0.739547,0.551661
120.7,0.572941,-0.873764,-0.712554,0.57565
120.8,0.634709,-0.885244,-0.699048,0.596133
120.9,0.692751,-0.901963,-0.69793,0.614419
121,0.74789,-0.923904,-0.708206,0.63179
121.1,0.800773,-0.951113,-0.728989,0.649487
121.2,0.851857,-0.98375,-0.759471,0.668654
121.3,0.901391,-1.02211,-0.79888,0.690257
121.4,0.949381,-1.06665,-0.846422,0.714989
121.5,0.995548,-1.11794,-0.901191,0.743182
121.6,1.03926,-1.17663,-0.96207,0.77475
121.7,1.07945,-1.24339,-1.0276,0.809132
121.8,1.11455,-1.31875,-1.0958,0.845287
121.9,1.14238,-1.40288,-1.16406,0.881665
122,1.16018,-1.49536,-1.22891,0.916189
122.1,1.16457,-1.59483,-1.28595,0.946265
122.2,1.15184,-1.69862,-1.3299,0.968761
122.3,1.11834,-1.80256,-1.35478,0.980027
122.4,1.0611,-1.9009,-1.35451,0.975952
122.5,0.978669,-1.98674,-1.32376,0.951973
122.6,0.871822,-2.05288,-1.25895,0.903026
122.7,0.743917,-2.09318,-1.15922,-0.364278
122.8,0.600587,-2.10389,-1.02688,0.0370458
122.9,0.448739,-2.08468,-0.867112,-1.5088
123,0.295134,-2.03884,-0.687032,-0.00352521
123.1,0.145061,-1.97273,-0.494367,-0.769455
123.2,0.00152304,-1.89452,-0.296254,-0.232195
123.3,-0.134908,-1.81297,-0.0984609,-0.245924
123.4,-0.265696,-1.73632,0.0948708,0.31552
123.5,-0.393692,-1.67157,0.281071,-2.41432
123.6,-0.522503,-1.62416,0.458521,0.233643
123.7,-0.656006,-1.59785,0.626117,0.484027
123.8,-0.79806,-1.59472,0.782693,0.645658
123.9,-0.952317,-1.61499,0.926416,0.770422
124,-1.12202,-1.6568,1.05416,0.875868
124.1,-1.30958,-1.71561,1.16085,0.968489
124.2,-1.51579,-1.78348,1.23891,1.04916
124.3,-1.7384,-1.8483,1.27801,1.11499
124.4,-1.97037,-1.89361,1.2657,1.16003
124.5,-2.1982,-1.89976,1.18954,0.177776
124.6,-2.40188,-1.84743,1.04113,-0.335944
124.7,-2.55801,-1.72344,0.821148,0.273625
124.8,-2.64633,-1.5267,0.542661,-0.468184
124.9,-2.65709,-1.27065,0.229735,0.0939156
125,-2.59486,-0.979732,-0.0891671,-2.2261
125.1,-2.47608,-0.681663,-0.389406,0.236174
125.2,-2.32249,-0.399954,-0.655402,0.451255
125.3,-2.1544,-0.150163,-0.881136,0.0193243
125.4,-1.98679,0.060095,-1.06745,-0.515384
125.5,-1.82843,0.22913,-1.21866,-1.82471
125.6,-1.68281,0.358865,-1.33992,-2.23345
125.7,-1.54979,0.45306,-1.43586,-1.18621
125.8,-1.42718,0.516208,-1.51007,-3.38419
125.9,-1.31192,0.552946,-1.56511,0.731134
126,-1.20097,0.567769,-1.60287,0.712153
126.1,-1.09176,0.564886,-1.62482,0.67952
126.2,-0.982438,0.548132,-1.63237,0.632298
126.3,-0.871874,0.520879,-1.62707,0.570046
126.4,-0.759594,0.485957,-1.61072,0.490564
126.5,-0.645594,0.445591,-1.5854,0.38797
126.6,-0.530141,0.40136,-1.55342,0.245456
126.7,-0.413587,0.354202,-1.51727,-0.0128938
126.8,-0.296222,0.304458,-1.4795,-0.666725
126.9,-0.178163,0.251933,-1.44261,-0.763495
127,-0.0592984,0.195978,-1.40908,-1.39484
127.1,0.0607293,0.135565,-1.38125,0.228822
127.2,0.182504,0.0693311,-1.36143,-0.270322
127.3,0.306782,-0.00439611,-1.35191,0.304605
127.4,0.434415,-0.0876224,-1.355,0.134277
127.5,0.566222,-0.182754,-1.37311,0.28009
127.6,0.702817,-0.292711,-1.40879,0.542804
127.7,0.844334,-0.421097,-1.46462,0.310776
127.8,0.989985,-0.57238,-1.54303,0.564553
127.9,1.13737,-0.752054,-1.64581,0.741722
128,1.28133,-0.966591,-1.77313,0.895453
128.1,1.4123,-1.22287,-1.92178,1.03556
128.2,1.51399,-1.52639,-2.08246,1.16141
128.3,1.5611,-1.87748,-2.23607,1.26637
128.4,1.51893,-2.26466,-2.35051,1.33694
128.5,1.34881,-2.65712,-2.38221,0.540568
128.6,1.02328,-3.00252,-2.28817,0.0225025
128.7,0.547401,-3.2399,-2.05012,-0.877691
128.8,-0.0303197,-3.32741,-1.69643,-1.55243
128.9,-0.63302,-3.26414,-1.29861,0.289183
129,-1.18701,-3.08429,-0.939712,-0.608773
129.1,-1.64329,-2.83161,-0.680095,-0.498043
129.2,-1.97927,-2.53961,-0.542699,-0.171168
129.3,-2.19123,-2.2288,-0.517385,-1.1101
129.4,-2.2878,-1.91288,-0.573831,-0.421792
129.5,-2.28604,-1.6038,-0.675124,0.405743
129.6,-2.20793,-1.31244,-0.788212,0.179462
129.7,-2.07667,-1.04688,-0.889595,-1.48913
129.8,-1.91338,-0.81111,-0.966474,-1.28677
129.9,-1.73526,-0.605358,-1.01493,-2.83031
130,-1.55511,-0.427292,-1.03698,-3.36487
130.1,-1.38175,-0.273421,-1.03776,-0.828585
130.2,-1.22083,-0.140108,-1.02346,-1.07046
130.3,-1.07559,-0.0240883,-1,-1.13431
130.4,-0.947569,0.0773744,-0.972372,0.332502
130.5,-0.837098,0.166522,-0.944376,0.38744
130.6,-0.743714,0.245207,-0.918669,0.430957
130.7,-0.666455,0.314998,-0.896913,0.466838
130.8,-0.604083,0.377253,-0.879996,0.496827
130.9,-0.555253,0.433165,-0.868245,0.521763
131,-0.518617,0.483791,-0.861609,0.542196
131.1,-0.492902,0.530066,-0.859812,0.558654
131.2,-0.476953,0.57281,-0.862464,0.571739
131.3,-0.469754,0.612743,-0.869142,0.582124
131.4,-0.470433,0.650484,-0.879445,0.590537
131.5,-0.478259,0.686566,-0.893027,0.597731
131.6,-0.492625,0.721438,-0.909626,0.604471
131.7,-0.513039,0.755472,-0.929069,0.611502
131.8,-0.539097,0.788961,-0.951287,0.619531
131.9,-0.57046,0.822124,-0.976313,0.629196
132,-0.606832,0.855091,-1.00428,0.641035
132.1,-0.647922,0.887898,-1.03543,0.655456
132.2,-0.693415,0.920464,-1.07009,0.672709
132.3,-0.742922,0.95257,-1.10867,0.692862
132.4,-0.795929,0.983826,-1.15161,0.715787
132.5,-0.851736,1.01363,-1.1994,0.741138
132.6,-0.909384,1.04114,-1.25245,0.76834
132.7,-0.96757,1.06521,-1.31106,0.796563
132.8,-1.02457,1.08438,-1.37527,0.824704
132.9,-1.07816,1.09685,-1.44476,0.851357
133,-1.1256,1.10056,-1.51863,0.874803
133.1,-1.16359,1.09325,-1.59528,0.892997
133.2,-1.18849,1.07267,-1.67229,0.903581
133.3,-1.19647,1.03689,-1.74636,0.903909
133.4,-1.18394,0.984648,-1.81349,0.891079
133.5,-1.14805,0.915737,-1.86932,0.861931
133.6,-1.08716,0.831227,-1.90972,0.812941
133.7,-1.00124,0.733505,-1.93144,0.739809
133.8,-0.891933,0.625985,-1.93281,0.636249
133.9,-0.76242,0.512544,-1.91411,-0.489655
134,-0.616858,0.396836,-1.87769,-1.00299
134.1,-0.459769,0.28165,-1.82764,-0.283569
134.2,-0.295433,0.168512,-1.76928,-0.0801646
134.3,-0.127443,0.0575599,-1.70848,-0.00796807
134.4,0.0414977,-0.0523239,-1.65113,0.150403
134.5,0.209572,-0.163246,-1.60272,-0.635221
134.6,0.37567,-0.278014,-1.5681,-0.379637
134.7,0.539093,-0.39991,-1.55134,-0.0664343
134.8,0.699168,-0.532566,-1.5557,0.396646
134.9,0.854766,-0.679926,-1.58343,0.599837
135,1.00369,-0.846223,-1.63552,0.750261
135.1,1.14191,-1.03584,-1.71102,0.878241
135.2,1.2625,-1.25284,-1.8061,0.99266
135.3,1.35456,-1.49976,-1.91246,1.09436
135.4,1.40226,-1.77546,-2.01559,1.17928
135.5,1.38517,-2.07166,-2.09352,1.23922
135.6,1.28129,-2.36939,-2.11793,0.0187859
135.7,1.07435,-2.63783,-2.05994,0.487829
135.8,0.763894,-2.83967,-1.9012,0.259368
135.9,0.372182,-2.94372,-1.64563,0.394141
136,-0.0593448,-2.93859,-1.32283,-0.0164316
136.1,-0.484106,-2.83684,-0.978155,-2.19942
136.2,-0.865218,-2.66641,-0.655946,0.563011
136.3,-1.18199,-2.45706,-0.386904,-2.01352
136.4,-1.4278,-2.23112,-0.184708,-1.91125
136.5,-1.60461,-2.00146,-0.0491624,-0.845435
136.6,-1.71859,-1.77387,0.0285797,-0.680785
136.7,-1.77772,-1.55051,0.0613455,-1.47289
136.8,-1.79086,-1.33244,0.0625656,-0.329717
136.9,-1.76739,-1.12078,0.0441216,-2.26167
137,-1.7168,-0.916929,0.0152038,-0.872419
137.1,-1.64827,-0.722248,-0.018025,-3.19031
137.2,-1.5702,-0.537767,-0.052186,-0.337448
137.3,-1.48983,-0.363945,-0.0861078,-0.221035
137.4,-1.41309,-0.200609,-0.120146,-1.32593
137.5,-1.34463,-0.0470093,-0.155566,0.241233
137.6,-1.28796,0.0980644,-0.194081,-0.554294
137.7,-1.24566,0.236134,-0.23757,-0.312446
137.8,-1.21966,0.368885,-0.287947,0.117214
137.9,-1.21145,0.498021,-0.347163,0.281397
138,-1.22229,0.625119,-0.417289,0.398092
138.1,-1.25331,0.751464,-0.500661,0.497334
138.2,-1.30549,0.877835,-0.600048,0.592143
138.3,-1.37962,1.00419,-0.718832,0.689065
138.4,-1.47585,1.12919,-0.86112,0.790584
138.5,-1.59313,1.24945,-1.0317,0.896141
138.6,-1.72796,1.35849,-1.2356,1.00276
138.7,-1.87278,1.4453,-1.47692,1.10531
138.8,-2.0136,1.49293,-1.75638,1.19632
138.9,-2.12798,1.47804,-2.06735,1.26541
139,-2.18511,1.3735,-2.39095,0.311478
139.1,-2.15128,1.15618,-2.69324,-0.149384
139.2,-2.0028,0.819762,-2.92982,-0.171535
139.3,-1.74169,0.385549,-3.06077,-0.554172
139.4,-1.40231,-0.0994598,-3.06868,0.131401
139.5,-1.04015,-0.57925,-2.96571,0.0736022
139.6,-0.709826,-1.00817,-2.78327,-0.175989
139.7,-0.448134,-1.35987,-2.55476,-1.73419
139.8,-0.269334,-1.625,-2.30447,-1.49207
139.9,-0.169503,-1.80488,-2.04598,-1.44293
140,-0.133761,-1.90663,-1.78595,-1.84295
140.1,-0.142912,-1.94074,-1.52834,-1.56095
140.2,-0.178356,-1.91979,-1.27668,-0.805916
140.3,-0.22511,-1.85748,-1.03452,-1.09597
140.4,-0.273063,-1.76746,-0.805009,-4.22643
140.5,-0.316844,-1.66226,-0.590361,-0.438537
140.6,-0.354847,-1.55253,-0.391645,-1.16421
140.7,-0.387953,-1.44671,-0.208832,-0.490904
140.8,-0.41836,-1.35105,-0.0410335,0.0040611
140.9,-0.448727,-1.26986,0.113238,0.161681
141,-0.481654,-1.20596,0.255811,0.29257
141.1,-0.519458,-1.16101,0.38865,0.394554
141.2,-0.564153,-1.13591,0.513687,0.475278
141.3,-0.617549,-1.13107,0.632675,0.542728
141.4,-0.681413,-1.14659,0.747062,0.603664
141.5,-0.757637,-1.18236,0.857836,0.663562
141.6,-0.848396,-1.23795,0.965338,0.726456
141.7,-0.956232,-1.31249,1.06899,0.794622
141.8,-1.08402,-1.40428,1.1669,0.868339
141.9,-1.23473,-1.51015,1.25533,0.945917
142,-1.41076,-1.6246,1.32805,1.02384
142.1,-1.61275,-1.73871,1.37565,1.09688
142.2,-1.83771,-1.83909,1.38529,1.15803
142.3,-2.07656,-1.90753,1.34154,1.19828
142.4,-2.31223,-1.92263,1.22929,0.163823
142.5,-2.51998,-1.86437,1.03896,-0.119931
142.6,-2.67209,-1.72148,0.772863,0.0703037
142.7,-2.74655,-1.49821,0.44851,-1.04467
142.8,-2.73565,-1.21566,0.0954538,0.151949
142.9,-2.64858,-0.905517,-0.253868,-0.901183
143,-2.50637,-0.599918,-0.573653,0.126928
143.1,-2.33315,-0.323382,-0.849343,0.263262
143.2,-2.14902,-0.0899992,-1.07663,-2.40019
143.3,-1.96705,0.0952637,-1.25769,-0.341251
143.4,-1.79364,0.233648,-1.39748,-1.92508
143.5,-1.63036,0.329882,-1.50143,-2.95945
143.6,-1.47612,0.390261,-1.5744,-3.16453
143.7,-1.32876,0.42148,-1.62055,-4.6309
143.8,-1.18615,0.429959,-1.6435,-0.221378
143.9,-1.04669,0.421454,-1.64663,-0.26143
144,-0.909449,0.400826,-1.63331,0.534531
144.1,-0.774081,0.371919,-1.60695,0.438604
144.2,-0.640615,0.337531,-1.57103,0.326441
144.3,-0.509233,0.29946,-1.529,0.169891
144.4,-0.380079,0.258614,-1.48416,-0.138049
144.5,-0.25313,0.21516,-1.4396,-0.536601
144.6,-0.128117,0.168679,-1.39814,-0.28207
144.7,-0.00450927,0.118308,-1.36232,0.112666
144.8,0.118469,0.0628407,-1.33445,0.226231
144.9,0.24179,0.000792289,-1.31668,-0.262073
145,0.366548,-0.0695929,-1.31108,0.124852
145.1,0.493862,-0.15038,-1.31974,-0.902387
145.2,0.624744,-0.244037,-1.34483,-0.496957
145.3,0.759903,-0.35357,-1.38864,0.118042
145.4,0.899447,-0.482711,-1.45347,0.45452
145.5,1.0424,-0.636106,-1.54137,0.638546
145.6,1.18595,-0.819442,-1.65359,0.794037
145.7,1.32417,-1.0393,-1.78942,0.937095
145.8,1.44628,-1.30237,-1.9443,1.07003
145.9,1.53426,-1.61324,-2.10681,1.18912
146,1.56087,-1.96998,-2.25505,1.2858
146.1,1.49025,-2.35719,-2.35418,-0.104461
146.2,1.28537,-2.73905,-2.35984,0.52487
146.3,0.925104,-3.06007,-2.2332,0.130181
146.4,0.424451,-3.26193,-1.96582,0.389951
146.5,-0.160091,-3.31172,-1.59697,0.658753
146.6,-0.751014,-3.21811,-1.20277,-2.10642
146.7,-1.28047,-3.01935,-0.862097,0.405574
146.8,-1.70676,-2.75744,-0.626545,-1.67526
146.9,-2.0127,-2.46232,-0.510946,-0.200319
147,-2.19785,-2.15197,-0.500345,-0.74206
147.1,-2.27271,-1.83885,-0.563096,-0.984557
147.2,-2.25517,-1.53417,-0.663551,-0.389362
147.3,-2.16722,-1.24795,-0.77123,0.272178
147.4,-2.03136,-0.987338,-0.865378,0.248932
147.5,-1.86774,-0.755665,-0.935391,0.0542298
147.6,-1.69249,-0.552857,-0.978732,-0.225926
147.7,-1.51752,-0.376625,-0.998047,-0.846378
147.8,-1.35095,-0.223712,-0.998556,-0.894969
147.9,-1.19789,-0.0907402,-0.986175,-1.55667
148,-1.06119,0.0253485,-0.966388,-0.985027
148.1,-0.942096,0.127171,-0.943693,0.364635
148.2,-0.840732,0.216928,-0.921445,0.416766
148.3,-0.756513,0.296485,-0.901923,0.45805
148.4,-0.688419,0.367445,-0.886512,0.491744
148.5,-0.635211,0.43121,-0.875918,0.519529
148.6,-0.595576,0.489012,-0.870367,0.542404
148.7,-0.568235,0.541933,-0.869782,0.561155
148.8,-0.552001,0.590922,-0.87392,0.576543
148.9,-0.545815,0.636806,-0.88247,0.589376
149,-0.548758,0.68029,-0.895128,0.60051
149.1,-0.560048,0.721975,-0.911646,0.610833
149.2,-0.57903,0.762349,-0.931863,0.621236
149.3,-0.605153,0.801799,-0.955728,0.632577
149.4,-0.637942,0.840599,-0.983312,0.645638
149.5,-0.676962,0.8789,-1.01481,0.661077
149.6,-0.721778,0.916715,-1.05053,0.679374
149.7,-0.7719,0.953886,-1.09091,0.7008
149.8,-0.826721,0.990052,-1.13646,0.72537
149.9,-0.88544,1.0246,-1.18772,0.752817
150,-0.946968,1.05661,-1.24524,0.782574
150.1,-1.00982,1.0848,-1.30941,0.813749
150.2,-1.07202,1.10748,-1.38037,0.845102
150.3,-1.13097,1.12254,-1.4578,0.875021
150.4,-1.1834,1.12747,-1.54074,0.901504
150.5,-1.2254,1.11949,-1.6273,0.922149
150.6,-1.25253,1.09585,-1.71456,0.93417
150.7,-1.26014,1.05415,-1.79848,0.934425
150.8,-1.24394,0.992903,-1.87409,0.919448
150.9,-1.20059,0.912004,-1.93601,0.885456
151,-1.12842,0.813062,-1.97923,0.82818
151.1,-1.02787,0.699385,-2,0.740673
151.2,-0.901556,0.575528,-1.99671,-2.32536
151.3,-0.753883,0.446469,-1.97033,-0.515652
151.4,-0.590305,0.31667,-1.92434,-0.279877
151.5,-0.416448,0.1893,-1.86422,-2.65544
151.6,-0.237373,0.0658185,-1.79661,-0.836192
151.7,-0.0571186,-0.0540226,-1.7285,0.0606322
151.8,0.121428,-0.171894,-1.66651,-1.86941
151.9,0.296406,-0.290474,-1.61648,-0.00560348
152,0.466675,-0.413063,-1.58324,-0.0648258
152.1,0.6314,-0.543309,-1.57047,0.374553
152.2,0.789559,-0.685062,-1.58069,0.578432
152.3,0.939372,-0.842292,-1.61499,0.726113
152.4,1.07761,-1.01897,-1.67262,0.849381
152.5,1.19876,-1.21868,-1.75028,0.958522
152.6,1.29412,-1.44381,-1.84093,1.05569
152.7,1.35105,-1.69384,-1.93245,1.13823
152.8,1.35306,-1.96281,-2.00663,1.19969
152.9,1.2818,-2.23641,-2.03957,-0.612729
153,1.12214,-2.49049,-2.00554,0.162638
153.1,0.869911,-2.69392,-1.88485,-0.201542
153.2,0.538482,-2.81733,-1.67363,-0.108078
153.3,0.158712,-2.84464,-1.38918,-2.06566
153.4,-0.23013,-2.77979,-1.06567,-2.63708
153.5,-0.593041,-2.64344,-0.741978,-0.748728
153.6,-0.907514,-2.46273,-0.449779,0.205692
153.7,-1.16423,-2.26161,-0.207892,-3.30647
153.8,-1.36309,-2.05615,-0.0228367,-1.57293
153.9,-1.50868,-1.85461,0.107605,-3.72726
154,-1.60721,-1.65989,0.190604,-0.479666
154.1,-1.66515,-1.47212,0.235417,-4.34566
154.2,-1.68881,-1.29055,0.251501,-0.360003
154.3,-1.68441,-1.11459,0.247387,-0.153272
154.4,-1.65805,-0.944083,0.230054,-0.151616
154.5,-1.6157,-0.779268,0.204688,-5.63628
154.6,-1.563,-0.620505,0.174715,-0.836277
154.7,-1.50514,-0.468052,0.14201,0.0325621
154.8,-1.44669,-0.321896,0.107217,-0.350256
154.9,-1.39153,-0.181674,0.0700806,0.311194
155,-1.34289,-0.0466667,0.029741,0.361946
155.1,-1.30344,0.0841532,-0.0150426,-0.602942
155.2,-1.27539,0.212049,-0.0657571,-1.44522
155.3,-1.26067,0.338429,-0.12408,-0.55299
155.4,-1.26106,0.464738,-0.191894,-0.00773334
155.5,-1.27832,0.592339,-0.271372,0.416237
155.6,-1.31423,0.72235,-0.365097,0.2823
155.7,-1.37062,0.855421,-0.476243,0.466853
155.8,-1.44921,0.991368,-0.608764,0.613101
155.9,-1.55121,1.12861,-0.767555,0.748703
156,-1.67655,1.26326,-0.958457,0.880129
156.1,-1.82249,1.38771,-1.18784,1.00737
156.2,-1.98138,1.48876,-1.46126,1.12664
156.3,-2.13756,1.54546,-1.78046,1.2307
156.4,-2.26431,1.52825,-2.13807,1.30826
156.5,-2.32366,1.40206,-2.51078,0.724075
156.6,-2.27414,1.13738,-2.85542,0.579259
156.7,-2.08942,0.728411,-3.11601,0.103649
156.8,-1.78024,0.207257,-3.24551,0.416896
156.9,-1.4,-0.36181,-3.22957,-2.95093
157,-1.02389,-0.907882,-3.09062,-0.130661
157.1,-0.71697,-1.37773,-2.86898,-0.195059
157.2,-0.514351,-1.74315,-2.60087,-1.42497
157.3,-0.41967,-1.99568,-2.30963,-0.436053
157.4,-0.414182,-2.13935,-2.00871,-1.21676
157.5,-0.468373,-2.18626,-1.70765,-0.30898
157.6,-0.551917,-2.1539,-1.4152,-0.275704
157.7,-0.640277,-2.06244,-1.13916,0.285641
157.8,-0.717538,-1.93199,-0.885162,-1.00802
157.9,-0.77615,-1.78035,-0.656048,-2.91138
158,-0.814929,-1.62182,-0.452107,-0.307402
158.1,-0.83659,-1.46694,-0.271908,-0.837952
158.2,-0.845625,-1.32291,-0.113115,-0.463131
158.3,-0.846832,-1.19419,0.026913,-0.978779
158.4,-0.844474,-1.08317,0.150787,0.367969
158.5,-0.841924,-0.990799,0.260936,0.436058
158.6,-0.84162,-0.917045,0.359557,0.488076
158.7,-0.84518,-0.861269,0.448606,0.52912
158.8,-0.8536,-0.822501,0.529806,0.56243
158.9,-0.86745,-0.799628,0.604653,0.590348
159,-0.887051,-0.791511,0.674416,0.61481
159.1,-0.912627,-0.797056,0.74014,0.637561
159.2,-0.944407,-0.81523,0.802636,0.660222
159.3,-0.982712,-0.845049,0.862459,0.684241
159.4,-1.02799,-0.88553,0.919886,0.7108
159.5,-1.08085,-0.935616,0.974857,0.74069
159.6,-1.142,-0.994062,1.02691,0.774196
159.7,-1.21222,-1.05929,1.07511,0.811023
159.8,-1.2922,-1.12921,1.11789,0.850259
159.9,-1.38233,-1.20101,1.15301,0.890357
160,-1.4824,-1.27095,1.17746,0.929139
160.1,-1.5912,-1.33415,1.18745,0.963789
160.2,-1.70604,-1.38464,1.17864,0.990855
160.3,-1.82243,-1.41548,1.1466,1.00627
160.4,-1.93389,-1.41944,1.08754,1.00537
160.5,-2.03238,-1.38999,0.999372,0.982946
160.6,-2.10929,-1.32261,0.882668,0.849267
160.7,-2.1571,-1.21606,0.741254,-1.07113
160.8,-2.17111,-1.07305,0.58189,-3.33587
160.9,-2.15079,-0.899861,0.413024,-0.815933
161,-2.10003,-0.705133,0.24297,-2.93449
161.1,-2.02636,-0.498167,0.0781999,-1.59424
161.2,-1.93935,-0.287391,-0.0776579,-0.360059
161.3,-1.849,-0.0794512,-0.223919,-0.0376448
161.4,-1.76438,0.121029,-0.362269,-0.268074
161.5,-1.6929,0.311164,-0.495902,-0.251888
161.6,-1.6399,0.489259,-0.628711,0.384924
161.7,-1.60868,0.65416,-0.7647,0.573091
161.8,-1.60049,0.804624,-0.907621,0.707269
161.9,-1.61449,0.938712,-1.06074,0.814377
162,-1.64753,1.05323,-1.22657,0.905392
162.1,-1.69381,1.14326,-1.40642,0.984206
162.2,-1.74436,1.20185,-1.59957,1.05048
162.3,-1.78684,1.22024,-1.80215,1.10082
162.4,-1.80594,1.18888,-2.00587,1.12939
162.5,-1.78512,1.09968,-2.19738,-1.02268
162.6,-1.71003,0.94937,-2.35926,0.385529
162.7,-1.57292,0.742694,-2.47347,-0.833438
162.8,-1.37619,0.493532,-2.52657,-0.969736
162.9,-1.13274,0.222399,-2.51452,-1.5721
163,-0.862355,-0.0489914,-2.44414,-0.202076
163.1,-0.586075,-0.303283,-2.33049,-1.5354
163.2,-0.321431,-0.530461,-2.19197,-1.88803
163.3,-0.0802492,-0.727636,-2.04559,0.0998268
163.4,0.131138,-0.896842,-1.90424,-0.33805
163.5,0.310462,-1.04247,-1.77587,-0.835533
163.6,0.457923,-1.1693,-1.66397,-1.30908
163.7,0.574943,-1.28133,-1.56858,0.732377
163.8,0.663398,-1.38136,-1.48732,0.780896
163.9,0.725238,-1.47086,-1.41637,0.810079
164,0.762383,-1.55016,-1.35118,0.823937
164.1,0.776777,-1.61872,-1.28707,0.824122
164.2,0.770514,-1.67537,-1.21977,0.810883
164.3,0.745961,-1.71875,-1.14575,0.783595
164.4,0.705805,-1.74761,-1.06253,0.740997
164.5,0.653011,-1.76122,-0.968776,0.681143
164.6,0.590654,-1.75961,-0.864288,0.600864
164.7,0.521672,-1.74376,-0.749836,0.494094
164.8,0.448591,-1.71562,-0.62687,0.346291
164.9,0.373289,-1.67794,-0.497177,0.10684
165,0.296848,-1.63409,-0.362567,-1.36544
165.1,0.21952,-1.58777,-0.224614,-0.123866
165.2,0.140776,-1.54281,-0.0844952,-0.0540337
165.3,0.059422,-1.50294,0.0570759,0.411749
165.4,-0.0262783,-1.47173,0.199824,-1.08373
165.5,-0.118507,-1.45253,0.343817,-1.19775
165.6,-0.219847,-1.44849,0.489315,-0.00250671
165.7,-0.333304,-1.46255,0.636545,-0.161615
165.8,-0.462393,-1.49741,0.7854,0.350558
165.9,-0.611257,-1.55534,0.935004,0.57848
166,-0.784768,-1.63773,1.08307,0.74375
166.1,-0.988451,-1.7443,1.22495,0.886664
166.2,-1.22795,-1.87164,1.35223,1.01644
166.3,-1.50754,-2.01099,1.45101,1.133
166.4,-1.82703,-2.14541,1.5002,1.23078
166.5,-2.17666,-2.24744,1.4714,1.29926
166.6,-2.53131,-2.28022,1.33314,0.687711
166.7,-2.84847,-2.20632,1.06208,-0.0568958
166.8,-3.07709,-2.00562,0.659274,0.481547
166.9,-3.17815,-1.69316,0.160094,-0.609346
167,-3.14394,-1.32054,-0.374383,0.569412
167.1,-2.99858,-0.955229,-0.880985,-0.685716
167.2,-2.78007,-0.653502,-1.31435,-0.314292
167.3,-2.52156,-0.445126,-1.65165,-0.954379
167.4,-2.24401,-0.333277,-1.88712,-1.10757
167.5,-1.9589,-0.302585,-2.0253,-1.82438
167.6,-1.67354,-0.328707,-2.0771,-1.32374
167.7,-1.39433,-0.38631,-2.05759,-0.301067
167.8,-1.12724,-0.454391,-1.98407,-0.516347
167.9,-0.87713,-0.518737,-1.87412,-0.601367
168,-0.647034,-0.571981,-1.74377,-0.342443
168.1,-0.438091,-0.612186,-1.60638,-0.414402
168.2,-0.249899,-0.640913,-1.47219,-0.30518
168.3,-0.0810362,-0.66146,-1.34845,-0.486754
168.4,0.0704838,-0.677584,-1.23991,0.25767
168.5,0.206885,-0.692746,-1.14932,0.364646
168.6,0.330416,-0.709776,-1.07799,0.445342
168.7,0.443224,-0.730831,-1.02628,0.507939
168.8,0.547264,-0.757491,-0.993918,0.55832
168.9,0.644245,-0.790943,-0.98028,0.60095
169,0.735573,-0.832161,-0.984561,0.639486
169.1,0.822298,-0.882077,-1.00584,0.677045
169.2,0.905045,-0.941707,-1.0431,0.716203
169.3,0.983905,-1.01223,-1.09513,0.758811
169.4,1.0583,-1.09502,-1.16037,0.80578
169.5,1.12679,-1.19151,-1.23668,0.856918
169.6,1.18682,-1.30305,-1.32098,0.910875
169.7,1.2345,-1.4304,-1.40885,0.965176
169.8,1.26438,-1.57319,-1.494,1.01626
169.9,1.2695,-1.72893,-1.568,1.0595
170,1.24197,-1.89212,-1.62023,1.08916
170.1,1.17415,-2.05346,-1.63867,1.09841
170.2,1.0608,-2.20004,-1.61166,0.593855
170.3,0.901438,-2.31697,-1.53075,-1.21357
170.4,0.702157,-2.3906,-1.39359,-2.43291
170.5,0.475311,-2.41249,-1.2056,-1.17495
170.6,0.236845,-2.38211,-0.979228,-2.08644
170.7,0.00217718,-2.30704,-0.730782,-1.69148
170.8,-0.217346,-2.20055,-0.476568,-1.16001
170.9,-0.416007,-2.07791,-0.229926,-1.50343
171,-0.593191,-1.95319,-4.42548e-05,0.190325
171.1,-0.751686,-1.83726,0.207752,-0.151092
171.2,-0.895823,-1.73715,0.390955,-0.143152
171.3,-1.03005,-1.65623,0.548714,0.652645
171.4,-1.15807,-1.59472,0.68089,0.7477
171.5,-1.28242,-1.55033,0.787415,0.817029
171.6,-1.40428,-1.51881,0.86795,0.868712
171.7,-1.52341,-1.49442,0.921799,0.90621
171.8,-1.63811,-1.47042,0.948058,0.930224
171.9,-1.74527,-1.43966,0.945972,0.939674
172,-1.84061,-1.39522,0.915447,0.932322
172.1,-1.91914,-1.33127,0.857613,0.905125
172.2,-1.976,-1.2439,0.775242,0.856485
172.3,-2.00744,-1.13169,0.672816,-1.48621
172.4,-2.01175,-0.995932,0.556118,-0.955844
172.5,-1.98988,-0.840186,0.431388,-1.31311
172.6,-1.94543,-0.669515,0.304297,-0.83396
172.7,-1.88417,-0.489459,0.179062,-2.48421
172.8,-1.81315,-0.305154,0.0579627,-2.82161
172.9,-1.73976,-0.120753,-0.0586844,-0.0143559
173,-1.67105,0.060788,-0.1722,-0.305163
173.1,-1.61315,0.237622,-0.28506,-2.09666
173.2,-1.5711,0.408731,-0.400432,-0.151514
173.3,-1.54876,0.573534,-0.521837,0.324636
173.4,-1.54878,0.731428,-0.652966,0.534173
173.5,-1.57254,0.881276,-0.79759,0.682464
173.6,-1.61984,1.02081,-0.959497,0.804785
173.7,-1.68835,1.14593,-1.14227,0.913113
173.8,-1.77276,1.24986,-1.34872,1.01095
173.9,-1.86355,1.32238,-1.57968,1.09695
174,-1.94583,1.34954,-1.83197,1.16618
174.1,-1.99906,1.31453,-2.09577,1.21043
174.2,-1.99895,1.20114,-2.35239,0.340855
174.3,-1.92308,0.999897,-2.57478,0.528056
174.4,-1.75957,0.715164,-2.73315,-0.980334
174.5,-1.51466,0.368568,-2.80503,-0.392245
174.6,-1.2134,-0.00555988,-2.78457,-2.94879
174.7,-0.891402,-0.371124,-2.68424,-0.951099
174.8,-0.582981,-0.700658,-2.52807,-0.00536719
174.9,-0.312657,-0.979493,-2.34157,-3.32934
175,-0.0929332,-1.20384,-2.14467,-1.79378
175.1,0.0735702,-1.37641,-1.94946,-0.269257
175.2,0.190608,-1.50265,-1.76135,-2.50104
175.3,0.265248,-1.58854,-1.58152,-0.167681
175.4,0.305755,-1.6398,-1.40911,-1.65157
175.5,0.320282,-1.66176,-1.24279,-1.75031
175.6,0.316106,-1.65952,-1.08153,-1.62769
175.7,0.299215,-1.63805,-0.924791,-0.296463
175.8,0.274147,-1.60222,-0.772508,-5.71339
175.9,0.243998,-1.55671,-0.624832,0.259552
176,0.210578,-1.5059,-0.481916,0.091289
176.1,0.174631,-1.45376,-0.343748,-0.270669
176.2,0.136085,-1.40375,-0.210047,-1.30538
176.3,0.0942819,-1.35887,-0.0802328,-0.661342
176.4,0.0481599,-1.32166,0.0465581,0.219465
176.5,-0.00362655,-1.29435,0.171422,-0.19069
176.6,-0.0626513,-1.2789,0.295617,0.363695
176.7,-0.130723,-1.27719,0.420473,0.475053
176.8,-0.209945,-1.2911,0.547284,-0.525185
176.9,-0.302833,-1.3226,0.677164,-1.65949
177,-0.412473,-1.37372,0.81084,0.356379
177.1,-0.542711,-1.44649,0.948325,0.543486
177.2,-0.698345,-1.54258,1.0884,0.696574
177.3,-0.885196,-1.66265,1.22776,0.838209
177.4,-1.10985,-1.80507,1.35971,0.973048
177.5,-1.37861,-1.96385,1.47226,1.09951
177.6,-1.6949,-2.12553,1.54586,1.2118
177.7,-2.05434,-2.26568,1.55175,1.29985
177.8,-2.43763,-2.34742,1.45381,0.748733
177.9,-2.80479,-2.32695,1.21782,0.048222
178,-3.09891,-2.17077,0.829638,0.396678
178.1,-3.26611,-1.88004,0.313226,0.18304
178.2,-3.28246,-1.50243,-0.269596,0.467636
178.3,-3.16427,-1.11543,-0.84312,0.789694
178.4,-2.95176,-0.792145,-1.34606,0.350648
178.5,-2.68448,-0.57591,-1.74336,-3.38511
178.6,-2.38908,-0.475196,-2.02237,-1.44798
178.7,-2.08134,-0.472111,-2.18515,-1.04356
178.8,-1.77249,-0.535129,-2.24339,-0.536491
178.9,-1.47278,-0.630626,-2.21522,-0.875427
179,-1.19127,-0.730829,-2.12214,0.388385
179.1,-0.93433,-0.817432,-1.98572,-2.64084
179.2,-0.704896,-0.881555,-1.82506,-0.108571
179.3,-0.502893,-0.921588,-1.65539,-0.386402
179.4,-0.326297,-0.940443,-1.48788,-1.15046
179.5,-0.1722,-0.943164,-1.33011,-0.759205
179.6,-0.037531,-0.935243,-1.18678,-0.404394
179.7,0.0805699,-0.92164,-1.06044,0.331546
179.8,0.184629,-0.906337,-0.952133,0.398449
179.9,0.276838,-0.892241,-0.861848,0.449122
180,0.359101,-0.881288,-0.788923,0.489085
180.1,0.433081,-0.874629,-0.732324,0.521371
180.2,0.500233,-0.87284,-0.69084,0.547805
180.3,0.561828,-0.876116,-0.663225,0.569697
180.4,0.618969,-0.88443,-0.648283,0.588179
180.5,0.672602,-0.897656,-0.644923,0.604348
180.6,0.72352,-0.915663,-0.652174,0.619311
180.7,0.772366,-0.93838,-0.669187,0.634169
180.8,0.819628,-0.965836,-0.695218,0.649981
180.9,0.865632,-0.99819,-0.729592,0.667696
181,0.910521,-1.03574,-0.771658,0.688082
181.1,0.954223,-1.07893,-0.820729,0.711647
181.2,0.996406,-1.12831,-0.876002,0.738579
181.3,1.03642,-1.18449,-0.936465,0.768692
181.4,1.07325,-1.24807,-1.00078,0.801402
181.5,1.10539,-1.31953,-1.06713,0.835698
181.6,1.13084,-1.399,-1.13311,0.870125
181.7,1.14706,-1.48607,-1.19555,0.902768
181.8,1.15099,-1.57947,-1.25047,0.931233
181.9,1.1393,-1.6768,-1.29306,0.95265
182,1.10867,-1.77431,-1.31795,0.963686
182.1,1.05642,-1.86687,-1.31962,0.960583
182.2,0.981128,-1.9483,-1.29316,0.939197
182.3,0.883279,-2.01212,-1.23514,0.894951
182.4,0.765614,-2.05263,-1.14446,0.694594
182.5,0.632911,-2.06615,-1.02274,0.332777
182.6,0.491195,-2.05192,-0.874267,-0.821276
182.7,0.346546,-2.01243,-0.705149,-3.47989
182.8,0.203919,-1.95303,-0.522289,-1.16531
182.9,0.0663393,-1.88095,-0.332269,-0.240038
183,-0.0653427,-1.80424,-0.140587,-0.800361
183.1,-0.192202,-1.73074,0.0486726,0.292971
183.2,-0.316723,-1.66735,0.232792,-1.60909
183.3,-0.442235,-1.61972,0.4101,0.0047579
183.4,-0.572475,-1.59205,0.579507,0.379799
183.5,-0.711302,-1.58705,0.73998,0.576265
183.6,-0.862537,-1.60581,0.88996,0.718315
183.7,-1.02981,-1.64755,1.02673,0.835312
183.8,-1.21626,-1.70903,1.14571,0.937726
183.9,-1.42381,-1.78378,1.23972,1.02837
184,-1.65192,-1.86104,1.29845,1.10548
184.1,-1.89563,-1.92507,1.30858,1.16383
184.2,-2.14331,-1.95553,1.25527,1.19531
184.3,-2.37546,-1.93024,1.12599,-0.491013
184.4,-2.56656,-1.83104,0.916247,0.407094
184.5,-2.69126,-1.65128,0.634943,-0.272475
184.6,-2.73337,-1.4009,0.305298,-2.56021
184.7,-2.69236,-1.10476,-0.0409742,-2.92549
184.8,-2.58287,-0.794501,-0.373421,-1.07942
184.9,-2.42787,-0.498865,-0.670624,-1.28764
185,-2.25034,-0.237731,-0.922399,-0.603067
185.1,-2.06779,-0.0211227,-1.12741,-0.0564082
185.2,-1.89077,0.148695,-1.28928,-0.180882
185.3,-1.7238,0.274354,-1.41334,-3.6983
185.4,-1.56742,0.361028,-1.50489,-1.85172
185.5,-1.42007,0.414888,-1.56849,-1.33391
185.6,-1.27947,0.442199,-1.60795,0.109424
185.7,-1.14351,0.448822,-1.62658,-1.56812
185.8,-1.0106,0.439931,-1.62744,0.596705
185.9,-0.879819,0.419854,-1.61357,0.522066
186,-0.750743,0.391994,-1.58803,0.436692
186.1,-0.623312,0.358822,-1.55395,0.326898
186.2,-0.49761,0.32192,-1.5144,0.1723
186.3,-0.373698,0.282085,-1.47238,-0.145064
186.4,-0.251489,0.23945,-1.43068,-0.116434
186.5,-0.130686,0.193618,-1.39188,-1.80028
186.6,-0.0107523,0.143776,-1.35835,0.47032
186.7,0.109071,0.0887849,-1.33228,-0.295039
186.8,0.229728,0.0272259,-1.31571,0.532685
186.9,0.352285,-0.042593,-1.31069,0.44899
187,0.477837,-0.122679,-1.3193,0.273591
187.1,0.607393,-0.215441,-1.34371,0.372189
187.2,0.741688,-0.323829,-1.38627,-0.712836
187.3,0.880902,-0.451512,-1.44938,0.401548
187.4,1.02421,-0.603077,-1.53526,0.606431
187.5,1.16903,-0.784177,-1.64546,0.770003
187.6,1.30985,-1.00145,-1.77973,0.917866
187.7,1.43644,-1.26182,-1.93424,1.05468
187.8,1.53149,-1.57052,-2.09863,1.17777
187.9,1.56837,-1.9269,-2.25223,1.2793
188,1.51117,-2.31748,-2.36118,1.34678
188.1,1.3212,-2.70846,-2.38079,-0.0040676
188.2,0.973549,-3.0449,-2.26944,0.0677991
188.3,0.47846,-3.26599,-2.01381,-1.68033
188.4,-0.110259,-3.33392,-1.64902,-3.24768
188.5,-0.713784,-3.25318,-1.25096,-0.408513
188.6,-1.26026,-3.06096,-0.902204,-0.845057
188.7,-1.70393,-2.80067,-0.659071,-0.154132
188.8,-2.02492,-2.50415,-0.539674,-0.403078
188.9,-2.22139,-2.19076,-0.530064,-1.39047
189,-2.30339,-1.87399,-0.597758,-1.30592
189.1,-2.28904,-1.56599,-0.705297,-0.026911
189.2,-2.20101,-1.27758,-0.820273,-0.951478
189.3,-2.06257,-1.01639,-0.920415,-1.55607
189.4,-1.89455,-0.785794,-0.994206,-1.7543
189.5,-1.71361,-0.585413,-1.03875,-1.57569
189.6,-1.53197,-0.412496,-1.05674,-1.09663
189.7,-1.35796,-0.263328,-1.0537,-1.16343
189.8,-1.19685,-0.134191,-1.03597,-0.75875
189.9,-1.05161,-0.021837,-1.00952,-0.420169
190,-0.923596,0.0764044,-0.9793,0.331493
190.1,-0.813011,0.162694,-0.949058,0.384567
190.2,-0.719308,0.238801,-0.921378,0.427141
190.3,-0.641472,0.30622,-0.897859,0.462643
190.4,-0.57823,0.366242,-0.879332,0.492557
190.5,-0.528211,0.420005,-0.866073,0.517535
190.6,-0.490045,0.468519,-0.857986,0.537994
190.7,-0.462444,0.512678,-0.854754,0.55437
190.8,-0.444233,0.553272,-0.855946,0.567194
190.9,-0.434379,0.59099,-0.861095,0.577076
191,-0.431993,0.626432,-0.869752,0.584682
191.1,-0.436323,0.660112,-0.88152,0.590708
191.2,-0.446749,0.692472,-0.896073,0.595853
191.3,-0.462763,0.723882,-0.913167,0.600809
191.4,-0.483953,0.754646,-0.932648,0.60624
191.5,-0.509987,0.785008,-0.954452,0.612765
191.6,-0.540588,0.815146,-0.978609,0.620931
191.7,-0.575512,0.845167,-1.00523,0.631192
191.8,-0.614523,0.8751,-1.03453,0.643888
191.9,-0.657364,0.904882,-1.06677,0.659221
192,-0.703717,0.934334,-1.10231,0.677242
192.1,-0.753167,0.963142,-1.14153,0.697841
192.2,-0.805147,0.990824,-1.18483,0.720733
192.3,-0.858884,1.0167,-1.2326,0.745444
192.4,-0.913332,1.03984,-1.28512,0.7713
192.5,-0.967108,1.05909,-1.34249,0.7974
192.6,-1.01843,1.073,-1.40453,0.822598
192.7,-1.06507,1.07987,-1.47067,0.845484
192.8,-1.10437,1.07782,-1.53977,0.864377
192.9,-1.13327,1.0649,-1.61003,0.877317
193,-1.14851,1.03934,-1.67896,0.882094
193.1,-1.14685,0.999736,-1.74341,0.876266
193.2,-1.12543,0.945431,-1.79977,0.857175
193.3,-1.08221,0.87671,-1.84435,0.821922
193.4,-1.01629,0.794944,-1.87391,0.767171
193.5,-0.928159,0.702494,-1.88618,0.688579
193.6,-0.819678,0.602391,-1.88036,0.579157
193.7,-0.693816,0.497834,-1.85734,0.424028
193.8,-0.554212,0.39164,-1.81968,-0.134625
193.9,-0.404653,0.285785,-1.77129,-0.159257
194,-0.248618,0.181139,-1.717,0.129637
194.1,-0.0889592,0.0774216,-1.66203,-1.20454
194.2,0.0722299,-0.0266745,-1.6116,0.358258
194.3,0.233585,-0.13327,-1.5706,0.1586
194.4,0.394307,-0.245093,-1.54344,-2.67094
194.5,0.553891,-0.365327,-1.53394,-0.13123
194.6,0.711779,-0.497554,-1.54528,0.354035
194.7,0.866891,-0.64576,-1.57984,0.578591
194.8,1.01702,-0.81435,-1.63886,0.738472
194.9,1.15799,-1.00804,-1.72177,0.87341
195,1.28259,-1.23138,-1.82504,0.993999
195.1,1.3792,-1.48753,-1.94052,1.10148
195.2,1.43069,-1.77585,-2.05333,1.19169
195.3,1.41449,-2.08811,-2.14028,1.25607
195.4,1.3058,-2.40419,-2.17075,-0.0620494
195.5,1.0857,-2.69049,-2.11305,0.553536
195.6,0.752926,-2.9057,-1.94709,-0.50504
195.7,0.332085,-3.01536,-1.67816,0.451292
195.8,-0.130403,-3.00749,-1.34069,0.327311
195.9,-0.582683,-2.89681,-0.986214,-0.363335
196,-0.984301,-2.71415,-0.663641,-0.199161
196.1,-1.31295,-2.49091,-0.405086,-1.03386
196.2,-1.56158,-2.24962,-0.222751,-2.52308
196.3,-1.73245,-2.00276,-0.113166,-0.925668
196.4,-1.83258,-1.75614,-0.0635389,-0.553852
196.5,-1.87152,-1.51276,-0.057369,-2.33732
196.6,-1.86034,-1.27502,-0.0785041,-0.391527
196.7,-1.81091,-1.04547,-0.113635,-4.60412
196.8,-1.7351,-0.826533,-0.153402,-0.476236
196.9,-1.64399,-0.620082,-0.192415,-0.546681
197,-1.54721,-0.427169,-0.228561,-1.68313
197.1,-1.45263,-0.247945,-0.26203,-0.52613
197.2,-1.36626,-0.0817756,-0.294355,-0.164157
197.3,-1.29251,0.0725739,-0.327676,-0.00322374
197.4,-1.2344,0.216731,-0.36426,0.163563
197.5,-1.19393,0.352522,-0.406271,0.295484
197.6,-1.17244,0.481808,-0.455721,0.397204
197.7,-1.17078,0.606326,-0.514545,0.48007
197.8,-1.18956,0.727544,-0.584737,0.553634
197.9,-1.22917,0.846486,-0.668527,0.62518
198,-1.28978,0.963499,-0.768544,0.699787
198.1,-1.37106,1.07792,-0.887931,0.780132
198.2,-1.47179,1.18759,-1.03034,0.866428
198.3,-1.58904,1.2881,-1.19967,0.956611
198.4,-1.71709,1.3719,-1.39931,1.0466
198.5,-1.84583,1.42728,-1.63066,1.13038
198.6,-1.95926,1.43781,-1.89051,1.1998
198.7,-2.03484,1.38335,-2.16772,1.24415
198.8,-2.04572,1.24409,-2.44035,-0.511633
198.9,-1.96752,1.00826,-2.67629,0.279252
199,-1.78914,0.681119,-2.84047,0.384671
199.1,-1.52176,0.288887,-2.90767,-1.70755
199.2,-1.19848,-0.127715,-2.87335,-0.274214
199.3,-0.862759,-0.527381,-2.7541,-0.967325
199.4,-0.553647,-0.880167,-2.57781,-0.356825
199.5,-0.296485,-1.17108,-2.37165,-0.401783
199.6,-0.101651,-1.39688,-2.15498,-0.536727
199.7,0.0319371,-1.56093,-1.93835,-0.466321
199.8,0.112247,-1.66944,-1.72602,-0.701571
199.9,0.150344,-1.72963,-1.51904,-1.02764
200,0.157762,-1.74907,-1.31748,-0.858648
200.1,0.14485,-1.73552,-1.12159,-2.60633
200.2,0.119863,-1.69685,-0.932043,-1.0866
200.3,0.0886397,-1.64072,-0.749723,-0.226034
200.4,0.0547055,-1.57432,-0.575439,-2.37184
200.5,0.0196505,-1.50402,-0.409648,-2.39486
200.6,-0.0163723,-1.43526,-0.252333,-1.76052
200.7,-0.0541599,-1.37247,-0.102975,-3.6051
200.8,-0.0950652,-1.31915,0.0393785,-0.175855
200.9,-0.140729,-1.27802,0.176012,-0.489657
201,-0.192938,-1.25125,0.308424,0.422036
201.1,-0.253597,-1.24061,0.438193,0.182876
201.2,-0.324776,-1.24768,0.566844,0.221679
201.3,-0.408832,-1.27392,0.695695,0.381525
201.4,-0.508568,-1.32078,0.825649,0.506621
201.5,-0.627416,-1.38953,0.956903,0.622622
201.6,-0.769597,-1.48105,1.08849,0.737812
201.7,-0.940162,-1.59518,1.21756,0.854345
201.8,-1.14472,-1.72968,1.33828,0.97088
201.9,-1.38849,-1.87851,1.44034,1.08342
202,-1.6741,-2.0293,1.50719,1.18537
202.1,-1.99759,-2.16074,1.51482,1.26697
202.2,-2.34283,-2.24138,1.43334,-0.181724
202.3,-2.67688,-2.23375,1.23396,-0.113145
202.4,-2.95226,-2.10713,0.902917,-0.288061
202.5,-3.12143,-1.85637,0.455954,0.430284
202.6,-3.15843,-1.51359,-0.0593226,-0.544988
202.7,-3.07073,-1.13921,-0.579937,0.23257
202.8,-2.89045,-0.796898,-1.05098,-1.25729
202.9,-2.65441,-0.531207,-1.43861,-1.04614
203,-2.39007,-0.3598,-1.72906,-2.09276
203.1,-2.11325,-0.277695,-1.92189,-1.16225
203.2,-1.83253,-0.266054,-2.02444,-1.01633
203.3,-1.55392,-0.300759,-2.04895,-0.424365
203.4,-1.28308,-0.358927,-2.01079,-0.284978
203.5,-1.02522,-0.422836,-1.92677,-1.02206
203.6,-0.784385,-0.481327,-1.81333,0.0405309
203.7,-0.562915,-0.52929,-1.68508,-0.78124
203.8,-0.361493,-0.566112,-1.5539,-3.69791
203.9,-0.179492,-0.593883,-1.42875,-0.373499
204,-0.0154194,-0.615901,-1.3159,-0.229505
204.1,0.132692,-0.635637,-1.21933,0.288284
204.2,0.267007,-0.656181,-1.14131,0.38922
204.3,0.389699,-0.68003,-1.08289,0.466536
204.4,0.502817,-0.709108,-1.04429,0.527612
204.5,0.6082,-0.744899,-1.02521,0.578123
204.6,0.707402,-0.788627,-1.02509,0.622624
204.7,0.801613,-0.841434,-1.04317,0.664929
204.8,0.89158,-0.904532,-1.07855,0.708182
204.9,0.977484,-0.979299,-1.13011,0.754695
205,1.05877,-1.06732,-1.19637,0.805697
205.1,1.13394,-1.17031,-1.27518,0.861146
205.2,1.20021,-1.28987,-1.36337,0.91966
205.3,1.25328,-1.42708,-1.45621,0.978611
205.4,1.28699,-1.58167,-1.54687,1.03409
205.5,1.29336,-1.75105,-1.62595,1.081
205.6,1.26322,-1.92907,-1.68144,1.11299
205.7,1.18767,-2.10507,-1.69963,1.12241
205.8,1.06065,-2.26413,-1.66729,0.45509
205.9,0.882008,-2.38907,-1.57519,0.267819
206,0.659496,-2.46452,-1.42163,-0.83432
206.1,0.408265,-2.48168,-1.21428,-0.00706886
206.2,0.147237,-2.44132,-0.968735,-0.696382
206.3,-0.10599,-2.35339,-0.704378,-0.489538
206.4,-0.339144,-2.23358,-0.439592,-0.283637
206.5,-0.546614,-2.09877,-0.188576,-0.915274
206.6,-0.728372,-1.96356,0.0395862,0.0975934
206.7,-0.887771,-1.83838,0.240209,-0.177055
206.8,-1.02943,-1.72922,0.411618,0.179682
206.9,-1.15774,-1.63816,0.553828,0.696947
207,-1.27609,-1.56419,0.667579,0.77049
207.1,-1.38654,-1.50412,0.753771,0.820821
207.2,-1.48977,-1.45327,0.813227,0.854102
207.3,-1.5852,-1.40616,0.846705,0.872941
207.4,-1.67118,-1.35708,0.855072,0.877854
207.5,-1.74527,-1.30064,0.83957,0.868068
207.6,-1.80465,-1.23238,0.802089,0.841995
207.7,-1.84665,-1.14915,0.745333,0.79745
207.8,-1.86933,-1.04947,0.672804,0.731551
207.9,-1.87197,-0.933548,0.588554,0.640093
208,-1.85538,-0.803085,0.496739,-0.612623
208.1,-1.822,-0.660796,0.401091,-0.669606
208.2,-1.77561,-0.509875,0.304453,-0.0466842
208.3,-1.72096,-0.353462,0.208484,0.062896
208.4,-1.66323,-0.194244,0.113588,-0.842757
208.5,-1.60763,-0.0342324,0.0190316,-0.731769
208.6,-1.5591,0.125278,-0.0768286,-0.0172903
208.7,-1.52207,0.283619,-0.176306,0.335344
208.8,-1.50044,0.440552,-0.282191,-0.172288
208.9,-1.49755,0.59599,-0.397646,0.0557678
209,-1.51611,0.749656,-0.526198,0.424668
209.1,-1.55811,0.900628,-0.671783,0.613364
209.2,-1.62444,1.04673,-0.838784,0.760284
209.3,-1.71416,1.1837,-1.03191,0.889167
209.4,-1.82335,1.30406,-1.2557,1.00654
209.5,-1.94336,1.39579,-1.51317,1.11192
209.6,-2.05862,1.4412,-1.8033,1.20019
209.7,-2.14518,1.41714,-2.11705,1.26206
209.8,-2.17186,1.2986,-2.43308,-0.108031
209.9,-2.10716,1.06726,-2.71651,-0.230794
210,-1.93247,0.723514,-2.92547,-0.0381615
210.1,-1.65565,0.294207,-3.02636,0.294817
210.2,-1.31367,-0.17269,-3.00924,-0.893484
210.3,-0.95929,-0.62522,-2.89081,-0.312643
210.4,-0.640948,-1.02394,-2.70273,-1.73277
210.5,-0.389345,-1.34778,-2.47609,-2.6079
210.6,-0.215104,-1.59061,-2.23255,-2.45323
210.7,-0.113458,-1.7552,-1.9839,-1.98646
210.8,-0.0707392,-1.84894,-1.73564,-2.14085
210.9,-0.0699769,-1.88167,-1.49073,-1.72034
211,-0.0949034,-1.8648,-1.25176,-0.546432
211.1,-0.132363,-1.81047,-1.02137,-0.512026
211.2,-0.173314,-1.73074,-0.802075,-0.549484
211.3,-0.212736,-1.63678,-0.595716,-0.293216
211.4,-0.248859,-1.53818,-0.403261,-0.207668
211.5,-0.282138,-1.4427,-0.224759,-0.379975
211.6,-0.314285,-1.35624,-0.0594732,-0.122682
211.7,-0.347537,-1.28302,0.0939102,0.0431844
211.8,-0.384203,-1.22594,0.237073,0.20028
211.9,-0.426452,-1.18687,0.371873,0.323286
212,-0.476289,-1.16703,0.500173,0.419054
212.1,-0.535632,-1.1672,0.623691,0.498123
212.2,-0.606468,-1.18788,0.743853,0.569272
212.3,-0.691023,-1.22938,0.861613,0.63926
212.4,-0.79192,-1.29174,0.977225,0.712756
212.5,-0.912285,-1.37449,1.08989,0.792108
212.6,-1.05572,-1.47616,1.19727,0.877269
212.7,-1.22597,-1.59354,1.29473,0.965976
212.8,-1.42618,-1.72051,1.37447,1.05399
212.9,-1.65723,-1.84651,1.42457,1.13517
213,-1.91522,-1.95514,1.42858,1.20124
213.1,-2.18819,-2.02377,1.36678,1.24136
213.2,-2.45356,-2.02613,1.22047,-0.52421
213.3,-2.67939,-1.93934,0.979672,-0.522413
213.4,-2.83203,-1.75436,0.651525,-0.833918
213.5,-2.88852,-1.48405,0.263176,-0.464319
213.6,-2.84642,-1.16174,-0.145333,-0.980109
213.7,-2.72323,-0.829591,-0.534641,-0.907512
213.8,-2.54655,-0.524628,-0.876977,-1.41798
213.9,-2.34264,-0.270506,-1.15898,-4.28575
214,-2.13,-0.0767344,-1.3783,-1.67083
214.1,-1.9186,0.0578368,-1.53862,-0.539809
214.2,-1.71231,0.140707,-1.64612,-0.33813
214.3,-1.51186,0.18223,-1.70769,-0.45649
214.4,-1.317,0.19322,-1.73042,-0.680493
214.5,-1.12764,0.183464,-1.72149,-0.540471
214.6,-0.944148,0.160882,-1.68812,-1.79666
214.7,-0.767191,0.131212,-1.6374,-0.179731
214.8,-0.597455,0.0980605,-1.57599,-0.728859
214.9,-0.435375,0.063209,-1.50992,-0.297208
215,-0.280981,0.0270409,-1.44441,-0.807627
215.1,-0.133849,-0.0110227,-1.38378,-1.30311
215.2,0.00686417,-0.0521576,-1.33149,-1.88447
215.3,0.142337,-0.0978753,-1.29033,0.39649
215.4,0.273976,-0.149877,-1.26253,-1.33331
215.5,0.403303,-0.210008,-1.24994,-1.09993
215.6,0.53182,-0.280295,-1.25426,-0.0170331
215.7,0.660868,-0.363046,-1.27707,0.297202
215.8,0.791435,-0.461007,-1.31996,0.449806
215.9,0.923885,-0.577538,-1.38442,0.578438
216,1.05753,-0.716793,-1.47164,0.701005
216.1,1.18995,-0.883808,-1.58195,0.822726
216.2,1.31598,-1.08433,-1.71389,0.943749
216.3,1.42618,-1.32406,-1.86252,1.06106
216.4,1.505,-1.60674,-2.01703,1.16882
216.5,1.52922,-1.93039,-2.15781,1.25803
216.6,1.46857,-2.28173,-2.25454,1.31536
216.7,1.29165,-2.63054,-2.2689,-0.179552
216.8,0.979194,-2.92983,-2.16598,0.556851
216.9,0.540463,-3.12834,-1.93377,0.231377
217,0.0194287,-3.19315,-1.59859,0.0940625
217.1,-0.519173,-3.12562,-1.22014,-2.45959
217.2,-1.01486,-2.95591,-0.866618,0.666378
217.3,-1.42797,-2.72249,-0.588888,-0.217536
217.4,-1.7407,-2.45556,-0.409371,-2.02978
217.5,-1.95052,-2.1731,-0.325044,-0.747587
217.6,-2.06404,-1.88508,-0.316609,-1.63778
217.7,-2.09368,-1.59859,-0.358068,-2.17441
217.8,-2.05564,-1.32021,-0.424256,-1.57841
217.9,-1.96788,-1.05593,-0.495499,0.128597
218,-1.84804,-0.810241,-0.559366,-0.646518
218.1,-1.71173,-0.585657,-0.610172,-0.909705
218.2,-1.5716,-0.382761,-0.647253,-0.502018
218.3,-1.43708,-0.200718,-0.672962,-1.15761
218.4,-1.31468,-0.0378147,-0.690976,-0.814277
218.5,-1.20849,0.108098,-0.70515,0.297152
218.6,-1.12076,0.239314,-0.718877,0.393626
218.7,-1.05244,0.358086,-0.734849,0.466672
218.8,-1.00361,0.466526,-0.755064,0.523749
218.9,-0.973821,0.566532,-0.78096,0.570114
219,-0.962315,0.659743,-0.813601,0.60978
219.1,-0.968198,0.747492,-0.853861,0.646063
219.2,-0.990484,0.830762,-0.902583,0.681798
219.3,-1.02809,0.910115,-0.960697,0.719312
219.4,-1.07977,0.985605,-1.02929,0.760252
219.5,-1.14393,1.05664,-1.10961,0.805382
219.6,-1.21843,1.12182,-1.20297,0.854444
219.7,-1.30022,1.17869,-1.31054,0.906107
219.8,-1.38501,1.22357,-1.43297,0.957993
219.9,-1.46681,1.25136,-1.56977,1.00671
220,-1.53763,1.25563,-1.7185,1.04786
220.1,-1.58755,1.2291,-1.87396,1.07604
220.2,-1.60539,1.16482,-2.02747,1.08484
220.3,-1.58032,1.05797,-2.16711,1.06595
220.4,-1.50437,0.908072,-2.27915,-0.116465
220.5,-1.37503,0.720478,-2.35092,0.0096208
220.6,-1.19679,0.506258,-2.3743,-2.24792
220.7,-0.980599,0.279873,-2.34831,-1.72415
220.8,-0.741219,0.0555521,-2.27946,-1.52863
220.9,-0.493776,-0.155968,-2.17979,-0.0354847
221,-0.250995,-0.349033,-2.06359,0.287987
221.1,-0.0219381,-0.522784,-1.94449,-3.2364
221.2,0.187885,-0.679707,-1.83338,-0.298183
221.3,0.375654,-0.823944,-1.73773,-1.27254
221.4,0.540175,-0.959923,-1.66151,0.620754
221.5,0.680959,-1.0915,-1.60564,0.728145
221.6,0.797554,-1.22149,-1.56845,0.807709
221.7,0.889134,-1.35144,-1.5461,0.868988
221.8,0.954336,-1.48148,-1.53302,0.916127
221.9,0.991344,-1.61016,-1.52218,0.950076
222,0.998227,-1.73433,-1.50564,0.969684
222.1,0.973545,-1.84922,-1.47521,0.972376
222.2,0.917116,-1.94872,-1.42339,0.954602
222.3,0.83077,-2.02631,-1.34455,-0.936455
222.4,0.718755,-2.07619,-1.23589,0.282922
222.5,0.587515,-2.09477,-1.09807,-0.487927
222.6,0.444763,-2.08164,-0.934961,-0.839862
222.7,0.298093,-2.03996,-0.752746,-0.752572
222.8,0.153622,-1.97596,-0.558598,-0.290023
222.9,0.0151052,-1.89783,-0.359375,-1.24589
223,-0.116262,-1.81441,-0.16073,-0.835802
223.1,-0.241483,-1.73412,0.0332456,0.172827
223.2,-0.363099,-1.66417,0.219949,-0.432448
223.3,-0.484516,-1.61029,0.397903,0.131836
223.4,-0.609489,-1.57655,0.566265,0.417259
223.5,-0.741798,-1.56543,0.724288,0.590732
223.6,-0.885077,-1.57777,0.870771,0.72075
223.7,-1.04268,-1.61258,1.00348,0.829233
223.8,-1.21741,-1.66661,1.11853,0.924808
223.9,-1.41096,-1.73376,1.20981,1.00985
224,-1.62282,-1.80419,1.26848,1.08276
224.1,-1.84872,-1.8638,1.28316,1.13888
224.2,-2.07872,-1.89454,1.24108,1.17083
224.3,-2.2962,-1.87654,1.13118,0.536541
224.4,-2.47906,-1.79275,0.948715,0.304618
224.5,-2.60453,-1.63517,0.69987,-0.132553
224.6,-2.65658,-1.40952,0.403153,-2.9479
224.7,-2.63198,-1.13499,0.085412,-0.637357
224.8,-2.54136,-0.838394,-0.226032,-0.650918
224.9,-2.40438,-0.54604,-0.510603,-0.187877
225,-2.24267,-0.277862,-0.757463,-2.71166
225.1,-2.0743,-0.0455636,-0.964246,-2.21527
225.2,-1.91133,0.146217,-1.1338,-0.232884
225.3,-1.75992,0.29762,-1.27105,-1.87609
225.4,-1.62168,0.411474,-1.38101,-1.51095
225.5,-1.49533,0.491855,-1.46778,-1.90277
225.6,-1.37813,0.543258,-1.53442,-2.38812
225.7,-1.26687,0.570183,-1.58304,0.728548
225.8,-1.1586,0.576934,-1.61521,0.705328
225.9,-1.05097,0.567516,-1.63223,0.667254
226,-0.942406,0.545553,-1.63544,0.614601
226.1,-0.832033,0.514203,-1.62638,0.546308
226.2,-0.719595,0.476073,-1.60691,0.459109
226.3,-0.605238,0.433163,-1.57916,0.344479
226.4,-0.489321,0.386826,-1.54551,0.175504
226.5,-0.37223,0.337791,-1.50849,-0.249272
226.6,-0.254243,0.286202,-1.47065,-2.54519
226.7,-0.135438,0.231693,-1.43452,-1.86811
226.8,-0.0156483,0.173465,-1.40256,-0.467786
226.9,0.105541,0.110353,-1.37715,-0.986072
227,0.228761,0.0408682,-1.3606,-0.945636
227.1,0.35479,-0.0367985,-1.35524,-0.481646
227.2,0.484466,-0.124809,-1.36345,0.522841
227.3,0.618537,-0.225764,-1.3877,-1.17685
227.4,0.75745,-0.342839,-1.43058,-1.06662
227.5,0.901025,-0.479959,-1.49464,0.431999
227.6,1.04792,-0.641981,-1.58215,0.640427
227.7,1.19479,-0.834798,-1.69436,0.80563
227.8,1.33495,-1.06513,-1.83035,0.953256
227.9,1.45645,-1.33959,-1.98484,1.08783
228,1.53967,-1.66214,-2.14506,1.20614
228.1,1.55546,-2.02928,-2.28697,1.29939
228.2,1.46657,-2.4226,-2.37335,0.137973
228.3,1.23663,-2.80242,-2.35881,0.585621
228.4,0.848914,-3.11056,-2.20713,0.570126
228.5,0.325804,-3.29034,-1.91705,-0.145284
228.6,-0.269832,-3.31509,-1.53624,0.371763
228.7,-0.859021,-3.20022,-1.14501,-0.269778
228.8,-1.37685,-2.98685,-0.820252,-0.114908
228.9,-1.78568,-2.7159,-0.607727,-2.24969
229,-2.07149,-2.4152,-0.516073,-1.67313
229.1,-2.23609,-2.10158,-0.525695,-0.463669
229.2,-2.29174,-1.78756,-0.602484,0.100733
229.3,-2.25774,-1.48462,-0.710355,-0.0835769
229.4,-2.15686,-1.20268,-0.819836,-0.356015
229.5,-2.01166,-0.948231,-0.911823,-0.901646
229.6,-1.84181,-0.723763,-0.977354,-1.35432
229.7,-1.66273,-0.528411,-1.01517,-1.20867
229.8,-1.48558,-0.359344,-1.02876,-0.915732
229.9,-1.31782,-0.213006,-1.02379,-1.08246
230,-1.16409,-0.0859212,-1.00639,-2.08547
230.1,-1.02688,0.0249507,-0.982086,0.294307
230.2,-0.907203,0.122141,-0.95534,0.361255
230.3,-0.805026,0.207741,-0.929439,0.411014
230.4,-0.719661,0.283505,-0.906582,0.451051
230.5,-0.65002,0.350933,-0.888077,0.484184
230.6,-0.594815,0.411338,-0.874552,0.511758
230.7,-0.552701,0.465875,-0.866163,0.534518
230.8,-0.52237,0.515567,-0.862763,0.553053
230.9,-0.502609,0.561314,-0.864036,0.567972
231,-0.492336,0.603905,-0.869595,0.579955
231.1,-0.490612,0.644023,-0.87905,0.589742
231.2,-0.496642,0.682254,-0.892054,0.598114
231.3,-0.509761,0.719096,-0.908335,0.60587
231.4,-0.529425,0.75496,-0.927716,0.613798
231.5,-0.555184,0.790171,-0.95012,0.622652
231.6,-0.586661,0.824969,-0.975581,0.633121
231.7,-0.623523,0.859501,-1.00424,0.645787
231.8,-0.665445,0.893806,-1.03636,0.661096
231.9,-0.712073,0.927797,-1.07229,0.679322
232,-0.762973,0.96123,-1.11245,0.700542
232.1,-0.817572,0.993675,-1.15733,0.724615
232.2,-0.875092,1.02447,-1.20744,0.751159
232.3,-0.934465,1.05267,-1.26322,0.779538
232.4,-0.994243,1.07701,-1.32494,0.808838
232.5,-1.05251,1.09588,-1.39262,0.837841
232.6,-1.10681,1.10731,-1.4658,0.865002
232.7,-1.15409,1.10902,-1.54343,0.888434
232.8,-1.19078,1.09858,-1.62362,0.905907
232.9,-1.21289,1.07362,-1.70358,0.914854
233,-1.21637,1.03219,-1.77958,0.912411
233.1,-1.19753,0.973177,-1.8472,0.895438
233.2,-1.15363,0.896691,-1.90176,0.86051
233.3,-1.08335,0.804292,-1.939,0.803742
233.4,-0.987213,0.698927,-1.95583,0.720191
233.5,-0.86755,0.584524,-1.95104,-0.786503
233.6,-0.72819,0.465305,-1.92559,-1.19481
233.7,-0.573829,0.345016,-1.88264,-1.58483
233.8,-0.409323,0.226297,-1.82704,-0.395964
233.9,-0.239066,0.110332,-1.76469,0.0983601
234,-0.0666024,-0.00316497,-1.70187,-1.68628
234.1,0.105512,-0.115735,-1.64465,0.295402
234.2,0.27562,-0.229849,-1.5985,-1.25501
234.3,0.442717,-0.348597,-1.56811,-0.00025765
234.4,0.606096,-0.475471,-1.55727,0.254686
234.5,0.764903,-0.614257,-1.5688,0.512411
234.6,0.917603,-0.768991,-1.60434,0.679469
234.7,1.0613,-0.943895,-1.66394,0.814253
234.8,1.19089,-1.14311,-1.74535,0.932566
234.9,1.298,-1.36994,-1.84277,1.03861
235,1.37001,-1.62533,-1.94534,1.13077
235.1,1.38961,-1.90519,-2.03556,1.20317
235.2,1.33619,-2.19697,-2.089,1.24601
235.3,1.19053,-2.477,-2.07726,0.0210838
235.4,0.943234,-2.71197,-1.97585,-0.442315
235.5,0.6036,-2.86727,-1.77566,0.429932
235.6,0.202169,-2.92049,-1.49141,-1.78067
235.7,-0.217664,-2.87115,-1.15923,0.263385
235.8,-0.614424,-2.73921,-0.823426,0.331138
235.9,-0.959657,-2.5538,-0.521587,-0.725062
236,-1.24014,-2.34152,-0.276407,-0.485735
236.1,-1.4539,-2.12034,-0.0955623,-0.707397
236.2,-1.60506,-1.89971,0.0242067,-2.41649
236.3,-1.70033,-1.68333,0.0923804,-0.403928
236.4,-1.74742,-1.47225,0.120904,-0.360695
236.5,-1.75449,-1.26687,0.121632,-2.90902
236.6,-1.72989,-1.06783,0.104775,-0.670863
236.7,-1.68196,-0.876045,0.0781285,-1.95481
236.8,-1.61872,-0.692517,0.0468938,-0.763093
236.9,-1.54744,-0.517978,0.0139333,-0.40959
237,-1.47446,-0.352711,-0.0197461,-1.82967
237.1,-1.40503,-0.196471,-0.0544382,-0.622188
237.2,-1.3433,-0.0485129,-0.0912405,-0.0572095
237.3,-1.29251,0.0923184,-0.131681,0.185548
237.4,-1.25513,0.227466,-0.177487,0.276837
237.5,-1.23311,0.358532,-0.230483,-0.157404
237.6,-1.22803,0.487148,-0.292596,0.147399
237.7,-1.24135,0.61483,-0.365939,0.32165
237.8,-1.27441,0.742822,-0.452942,0.446363
237.9,-1.32853,0.871866,-0.556535,0.557629
238,-1.40479,1.00188,-0.68032,0.66698
238.1,-1.50371,1.13143,-0.82871,0.778551
238.2,-1.62456,1.25694,-1.00689,0.892495
238.3,-1.76406,1.3715,-1.2204,1.0062
238.4,-1.91453,1.46324,-1.47384,1.11468
238.5,-2.06128,1.51371,-1.76827,1.21036
238.6,-2.18022,1.49728,-2.0967,1.2824
238.7,-2.23786,1.38397,-2.43852,0.713235
238.8,-2.1977,1.1484,-2.75634,0.599095
238.9,-2.03509,0.784548,-3.00154,-0.179251
239,-1.75515,0.317658,-3.13154,0.413881
239.1,-1.3991,-0.198951,-3.13002,0.312496
239.2,-1.02965,-0.703768,-3.01295,-1.46106
239.3,-0.705504,-1.14835,-2.81525,-0.820766
239.4,-0.463214,-1.50572,-2.57157,-0.998265
239.5,-0.313574,-1.76689,-2.30567,-1.42403
239.6,-0.247594,-1.93404,-2.0306,-0.989437
239.7,-0.245206,-2.01583,-1.75355,-3.4513
239.8,-0.283038,-2.02505,-1.47994,-0.686162
239.9,-0.340012,-1.97706,-1.21494,-0.171961
240,-0.400464,-1.88817,-0.963308,-0.315516
240.1,-0.455,-1.77401,-0.728564,-1.8224
240.2,-0.499721,-1.64822,-0.512662,-2.20439
240.3,-0.534658,-1.5218,-0.316028,-0.147815
240.4,-0.562106,-1.40294,-0.137911,-0.651656
240.5,-0.585288,-1.29732,0.0232156,0.174175
240.6,-0.607475,-1.20851,0.169307,0.30283
240.7,-0.631534,-1.13853,0.30249,0.401002
240.8,-0.659782,-1.08829,0.424885,0.4769
240.9,-0.694039,-1.05798,0.538479,0.537636
241,-0.735776,-1.04732,0.645025,0.588886
241.1,-0.786289,-1.0558,0.745962,0.635314
241.2,-0.846877,-1.08272,0.842317,0.680816
241.3,-0.918976,-1.12716,0.9346,0.728463
241.4,-1.00424,-1.18792,1.02264,0.78026
241.5,-1.10453,-1.26326,1.10535,0.836894
241.6,-1.22175,-1.35052,1.18046,0.897604
241.7,-1.35753,-1.44562,1.24414,0.960207
241.8,-1.5125,-1.54245,1.29062,1.02114
241.9,-1.68528,-1.63224,1.31203,1.07557
242,-1.87117,-1.70319,1.29866,1.11729
242.1,-2.0608,-1.74095,1.24018,1.13867
242.2,-2.23965,-1.73039,1.12804,-2.45392
242.3,-2.38939,-1.65913,0.958904,-0.83493
242.4,-2.49163,-1.5218,0.737785,-0.266747
242.5,-2.53341,-1.32326,0.478767,0.04556
242.6,-2.51167,-1.07834,0.202093,-1.25747
242.7,-2.43419,-0.807889,-0.0714387,-0.735727
242.8,-2.31655,-0.533149,-0.325797,-0.24709
242.9,-2.17702,-0.271313,-0.552276,0.349971
243,-2.03209,-0.0337293,-0.748954,-0.409159
243.1,-1.89387,0.173639,-0.918388,-0.683312
243.2,-1.76956,0.348706,-1.06511,0.150349
243.3,-1.66196,0.491686,-1.19376,-1.55552
243.4,-1.57049,0.603913,-1.30812,0.752206
243.5,-1.49231,0.687131,-1.41061,0.797603
243.6,-1.42316,0.743168,-1.50236,0.824123
243.7,-1.35819,0.773881,-1.58336,0.835176
243.8,-1.29256,0.781234,-1.65269,0.831982
243.9,-1.22193,0.767452,-1.70894,0.814455
244,-1.1429,0.735131,-1.75055,0.781683
244.1,-1.05326,0.687268,-1.77626,0.732103
244.2,-0.952065,0.627155,-1.78549,0.663306
244.3,-0.839596,0.558147,-1.77859,0.571198
244.4,-0.717085,0.483357,-1.75701,0.447313
244.5,-0.586375,0.405345,-1.72322,0.268911
244.6,-0.449535,0.325878,-1.6805,-2.46623
244.7,-0.308527,0.245811,-1.63269,-1.35752
244.8,-0.164959,0.165095,-1.58387,0.349575
244.9,-0.0199537,0.0828756,-1.53813,0.367124
245,0.12587,-0.00235993,-1.49936,-0.103989
245.1,0.272336,-0.0926437,-1.47121,-0.821151
245.2,0.419569,-0.190432,-1.45705,0.214442
245.3,0.567795,-0.298578,-1.45998,-1.99463
245.4,0.717069,-0.420375,-1.48282,0.230148
245.5,0.866895,-0.559653,-1.52798,0.508422
245.6,1.01569,-0.720892,-1.59719,0.684411
245.7,1.16,-0.90923,-1.69087,0.830912
245.8,1.29332,-1.13017,-1.80702,0.962884
245.9,1.40458,-1.38857,-1.93937,1.08289
246,1.4764,-1.6864,-2.07493,1.18743
246.1,1.48421,-2.01862,-2.19132,1.26822
246.2,1.39815,-2.36765,-2.2561,0.401004
246.3,1.19089,-2.69926,-2.23166,0.582681
246.4,0.85175,-2.96589,-2.08886,0.475661
246.5,0.400296,-3.12212,-1.8257,0.515595
246.6,-0.113384,-3.14579,-1.47714,0.206243
246.7,-0.626524,-3.04772,-1.10412,0.868123
246.8,-1.0864,-2.86125,-0.768217,0.256014
246.9,-1.46165,-2.62253,-0.510799,-0.449025
247,-1.74026,-2.35773,-0.346837,-1.84241
247.1,-1.9228,-2.08174,-0.269804,-1.31029
247.2,-2.01714,-1.80264,-0.260435,-0.403261
247.3,-2.03573,-1.52625,-0.294983,-0.429347
247.4,-1.99393,-1.258,-0.351356,-0.787525
247.5,-1.90831,-1.00288,-0.412708,-0.569511
247.6,-1.79495,-0.764687,-0.468611,-0.508593
247.7,-1.66804,-0.545589,-0.514445,-0.0477478
247.8,-1.53908,-0.346159,-0.549838,-1.42558
247.9,-1.41672,-0.165727,-0.57694,-1.4786
248,-1.30698,-0.00279664,-0.598993,-0.332869
248.1,-1.21369,0.144585,-0.619367,0.291305
248.2,-1.13902,0.278563,-0.641042,0.391538
248.3,-1.08399,0.401287,-0.66643,0.468627
248.4,-1.0488,0.514784,-0.697403,0.529797
248.5,-1.0332,0.620867,-0.735432,0.580731
248.6,-1.03665,0.721052,-0.781768,0.626054
248.7,-1.05843,0.81648,-0.837618,0.669657
248.8,-1.09769,0.907819,-0.904291,0.714715
248.9,-1.15329,0.995129,-0.983293,0.763479
249,-1.22368,1.07767,-1.07635,0.817015
249.1,-1.30658,1.15365,-1.1853,0.875025
249.2,-1.39851,1.2199,-1.31183,0.935817
249.3,-1.49423,1.27151,-1.45693,0.996374
249.4,-1.58616,1.30159,-1.62003,1.0524
249.5,-1.6639,1.30135,-1.79782,1.09832
249.6,-1.71433,1.26089,-1.98292,1.12721
249.7,-1.72285,1.17106,-2.16309,1.13074
249.8,-1.67607,1.02651,-2.3217,0.254475
249.9,-1.56585,0.828832,-2.44053,0.233946
250,-1.39286,0.58839,-2.50453,0.319559
250.1,-1.16783,0.322836,-2.50676,0.166455
250.2,-0.909065,0.0525449,-2.45078,-0.101256
250.3,-0.63738,-0.204886,-2.3492,-4.60878
250.4,-0.371251,-0.438267,-2.21926,-0.632424
250.5,-0.124028,-0.643402,-2.07815,-0.802529
250.6,0.0963975,-0.821402,-1.93971,-1.57502
250.7,0.286462,-0.97623,-1.81312,-3.72417
250.8,0.445388,-1.11262,-1.70297,-1.61496
250.9,0.573865,-1.23475,-1.61011,0.72526
251,0.673183,-1.34561,-1.53261,0.784637
251.1,0.744765,-1.44684,-1.46669,0.822934
251.2,0.790023,-1.53878,-1.40754,0.844918
251.3,0.810404,-1.62069,-1.34994,0.852529
251.4,0.807565,-1.691,-1.28885,0.846018
251.5,0.783562,-1.74773,-1.21991,0.824603
251.6,0.74099,-1.78889,-1.13986,0.786821
251.7,0.68299,-1.81294,-1.04679,0.73057
251.8,0.613092,-1.81922,-0.940244,0.652748
251.9,0.534912,-1.80828,-0.821035,0.547952
252,0.451761,-1.7819,-0.690977,0.404335
252.1,0.36628,-1.74304,-0.55244,-1.85113
252.2,0.280176,-1.69554,-0.407912,0.060741
252.3,0.194119,-1.64376,-0.259641,-1.44869
252.4,0.107783,-1.59222,-0.109399,-0.918156
252.5,0.0199952,-1.54536,0.0416265,0.0384418
252.6,-0.0710856,-1.50732,0.192805,0.429357
252.7,-0.167809,-1.48187,0.343952,-0.456503
252.8,-0.272935,-1.47244,0.495139,0.0551638
252.9,-0.389617,-1.48205,0.646431,0.0643953
253,-0.521455,-1.5133,0.797548,0.44006
253.1,-0.672589,-1.56815,0.947397,0.629955
253.2,-0.847747,-1.64745,1.0934,0.780083
253.3,-1.0521,-1.75014,1.23052,0.913004
253.4,-1.29058,-1.87172,1.35,1.03423
253.5,-1.56629,-2.00224,1.43772,1.14228
253.6,-1.87732,-2.12373,1.47301,1.23091
253.7,-2.21198,-2.20866,1.4292,1.28922
253.8,-2.54403,-2.22212,1.27858,0.494525
253.9,-2.83244,-2.13117,1.00338,0.343586
254,-3.03114,-1.92123,0.609711,-1.15803
254.1,-3.10795,-1.6102,0.134053,-0.308262
254.2,-3.05993,-1.24685,-0.366892,-2.76493
254.3,-2.91162,-0.891452,-0.837394,0.146913
254.4,-2.69855,-0.593037,-1.2389,-0.927443
254.5,-2.45117,-0.377534,-1.553,-3.4567
254.6,-2.18862,-0.248437,-1.77593,-4.33345
254.7,-1.92086,-0.193741,-1.9125,-0.750199
254.8,-1.65345,-0.193762,-1.97237,-1.00416
254.9,-1.39076,-0.227508,-1.96823,-0.341593
255,-1.13704,-0.276961,-1.91459,-0.396541
255.1,-0.89617,-0.329229,-1.82638,-0.852534
255.2,-0.670982,-0.376895,-1.71766,-0.962618
255.3,-0.463008,-0.417147,-1.60059,-0.599169
255.4,-0.272499,-0.450367,-1.4849,-4.26285
255.5,-0.0986913,-0.478729,-1.37786,-2.27414
255.6,0.0598687,-0.50511,-1.28453,0.161275
255.7,0.205039,-0.532391,-1.20814,0.291674
255.8,0.338852,-0.563117,-1.15059,0.392934
255.9,0.463335,-0.599419,-1.11281,0.472149
256,0.580378,-0.643079,-1.09512,0.536674
256.1,0.691612,-0.695687,-1.09749,0.592759
256.2,0.7983,-0.758814,-1.11961,0.645634
256.3,0.901197,-0.834176,-1.16098,0.699518
256.4,1.00037,-0.923758,-1.2208,0.757383
256.5,1.09494,-1.02985,-1.29775,0.820631
256.6,1.1827,-1.15496,-1.38959,0.88891
256.7,1.25969,-1.30147,-1.49255,0.960133
256.8,1.31958,-1.47092,-1.60057,1.0306
256.9,1.35331,-1.66284,-1.70439,1.09507
257,1.34909,-1.87304,-1.79079,1.14667
257.1,1.2936,-2.09161,-1.84283,1.17676
257.2,1.17489,-2.30182,-1.84172,0.393834
257.3,0.98698,-2.48122,-1.77126,-0.520388
257.4,0.734631,-2.60634,-1.62385,-0.0671333
257.5,0.435014,-2.66007,-1.40533,-4.93448
257.6,0.114074,-2.63805,-1.13501,0.025489
257.7,-0.201208,-2.54996,-0.840028,-3.02192
257.8,-0.490168,-2.415,-0.547314,0.163576
257.9,-0.741717,-2.25473,-0.277535,-2.40199
258,-0.953261,-2.0874,-0.0430811,-0.212075
258.1,-1.1275,-1.92527,0.15087,-0.118716
258.2,-1.26928,-1.77462,0.30408,-1.74732
258.3,-1.38354,-1.63709,0.419136,-2.57037
258.4,-1.47431,-1.51131,0.49998,-3.2217
258.5,-1.54453,-1.39439,0.551054,-0.822988
258.6,-1.59621,-1.28299,0.576873,0.737549
258.7,-1.63079,-1.17404,0.581823,0.713939
258.8,-1.64947,-1.06509,0.570035,0.67487
258.9,-1.65356,-0.954575,0.545296,0.620526
259,-1.64461,-0.84167,0.510935,0.549718
259.1,-1.62454,-0.726219,0.469725,0.458904
259.2,-1.59563,-0.608501,0.423795,0.338805
259.3,-1.56042,-0.489009,0.374589,0.159406
259.4,-1.52162,-0.368259,0.322872,-0.336787
259.5,-1.482,-0.246634,0.268783,0.108156
259.6,-1.44426,-0.124289,0.211914,-0.34766
259.7,-1.41104,-0.00110667,0.151395,-0.359332
259.8,-1.38484,0.123296,0.0859738,-0.183502
259.9,-1.36811,0.249532,0.0140638,0.283471
260,-1.36326,0.378365,-0.0662481,-0.952818
260.1,-1.37274,0.510601,-0.157239,0.533526
260.2,-1.39907,0.646926,-0.261638,0.365734
260.3,-1.44481,0.787667,-0.382767,0.174598
260.4,-1.51245,0.932426,-0.524719,0.498829
260.5,-1.60398,1.07949,-0.692526,0.686416
260.6,-1.72019,1.2249,-0.892206,0.843533
260.7,-1.85926,1.36103,-1.13043,0.985959
260.8,-2.01442,1.47453,-1.4133,1.11553
260.9,-2.17068,1.54405,-1.74341,1.22757
261,-2.30132,1.5389,-2.11446,1.31206
261.1,-2.3671,1.42176,-2.50384,0.571948
261.2,-2.32361,1.15983,-2.86767,-0.0425034
261.3,-2.14094,0.744277,-3.14707,-0.58938
261.4,-1.82808,0.206808,-3.29091,-0.907971
261.5,-1.44072,-0.384991,-3.28218,-0.256705
261.6,-1.0594,-0.954876,-3.14353,-0.91565
261.7,-0.754231,-1.44488,-2.9172,-3.65923
261.8,-0.562415,-1.82389,-2.64125,-0.306164
261.9,-0.486325,-2.08215,-2.34027,-0.338201
262,-0.503668,-2.22385,-2.02914,-1.81339
262.1,-0.580676,-2.26244,-1.71928,0.252826
262.2,-0.683459,-2.21744,-1.42129,0.177497
262.3,-0.785331,-2.11111,-1.14409,-0.884066
262.4,-0.869661,-1.96506,-0.893414,-1.99941
262.5,-0.929195,-1.79791,-0.671354,-0.992204
262.6,-0.963574,-1.62415,-0.477055,-1.3758
262.7,-0.976522,-1.45419,-0.30795,-1.20099
262.8,-0.973524,-1.29496,-0.160825,-1.14959
262.9,-0.960262,-1.15064,-0.0324939,-2.83718
263,-0.941737,-1.02343,0.0798986,0.33324
263.1,-0.921893,-0.914123,0.178807,0.395617
263.2,-0.903566,-0.822531,0.266325,0.443426
263.3,-0.888607,-0.747891,0.344253,0.481602
263.4,-0.878081,-0.689093,0.414155,0.512738
263.5,-0.87248,-0.644878,0.477404,0.538318
263.6,-0.87191,-0.613968,0.535204,0.559376
263.7,-0.876252,-0.595142,0.588609,0.576819
263.8,-0.885279,-0.587294,0.638531,0.591552
263.9,-0.898747,-0.589448,0.685753,0.604518
264,-0.916455,-0.600764,0.73093,0.616689
264.1,-0.93829,-0.620526,0.774596,0.629038
264.2,-0.964249,-0.64812,0.817156,0.642494
264.3,-0.994462,-0.683003,0.858884,0.657891
264.4,-1.02919,-0.724657,0.899904,0.675906
264.5,-1.06882,-0.772543,0.940164,0.697003
264.6,-1.11385,-0.826033,0.979404,0.721378
264.7,-1.16487,-0.884331,1.0171,0.748923
264.8,-1.22246,-0.946374,1.05243,0.779192
264.9,-1.28711,-1.01072,1.08416,0.811381
265,-1.35912,-1.07543,1.11065,0.844307
265.1,-1.43835,-1.13794,1.12976,0.87638
265.2,-1.52401,-1.19493,1.1389,0.905588
265.3,-1.61444,-1.24238,1.13511,0.929487
265.4,-1.70679,-1.2756,1.11532,0.945199
265.5,-1.79702,-1.28955,1.07674,0.949442
265.6,-1.87993,-1.27937,1.01741,0.938579
265.7,-1.94968,-1.2411,0.93677,0.908617
265.8,-2.00058,-1.17245,0.836139,0.855105
265.9,-2.02811,-1.07341,0.718799,0.631369
266,-2.02997,-0.946436,0.58959,-1.09068
266.1,-2.00663,-0.796096,0.454045,-2.04401
266.2,-1.96144,-0.628286,0.317312,-0.295739
266.3,-1.90004,-0.449234,0.18322,-0.362753
266.4,-1.82948,-0.264623,0.0537393,-0.526908
266.5,-1.75726,-0.0790434,-0.0710768,-2.39427
266.6,-1.69049,0.1042,-0.192783,-1.12587
266.7,-1.63542,0.282959,-0.31407,-0.00210128
266.8,-1.5971,0.455917,-0.438305,0.0362168
266.9,-1.57934,0.622144,-0.569196,0.399918
267,-1.58461,0.780582,-0.710599,0.592377
267.1,-1.61382,0.929468,-0.8664,0.734232
267.2,-1.66602,1.06566,-1.04038,0.852905
267.3,-1.73767,1.18386,-1.23583,0.957763
267.4,-1.82163,1.27581,-1.45474,1.05075
267.5,-1.90596,1.32966,-1.69625,1.12928
267.6,-1.97313,1.33018,-1.95431,1.18717
267.7,-2.00062,1.26075,-2.21515,-0.361732
267.8,-1.96451,1.10802,-2.45614,-0.553899
267.9,-1.84662,0.868755,-2.64855,0.456855
268,-1.64316,0.555598,-2.76545,-1.18149
268.1,-1.36943,0.196819,-2.79199,-1.45838
268.2,-1.05607,-0.171692,-2.73147,0.0976996
268.3,-0.73853,-0.517734,-2.60275,-2.03096
268.4,-0.446478,-0.820351,-2.43132,0.243974
268.5,-0.198398,-1.07076,-2.24036,-0.107121
268.6,-0.00179291,-1.26889,-2.04605,-1.1292
268.7,0.143842,-1.41908,-1.85709,-1.83216
268.8,0.243711,-1.52715,-1.67665,-0.150409
268.9,0.305201,-1.59883,-1.50464,-0.167631
269,0.336242,-1.63941,-1.33973,-0.800846
269.1,0.344343,-1.65377,-1.18044,-2.06233
269.2,0.336037,-1.64657,-1.02576,-0.00835497
269.3,0.316597,-1.62239,-0.875192,-1.67078
269.4,0.289945,-1.58568,-0.728658,0.363251
269.5,0.258701,-1.54074,-0.586271,0.236216
269.6,0.224332,-1.49158,-0.448125,0.0480724
269.7,0.187363,-1.44182,-0.314142,-0.639302
269.8,0.147598,-1.39468,-0.183991,0.190784
269.9,0.104316,-1.35291,-0.0570568,0.27477
270,0.0564272,-1.31894,0.0675364,-0.361457
270.1,0.00257052,-1.29488,0.19088,0.461484
270.2,-0.0588508,-1.28268,0.314208,0.293124
270.3,-0.129686,-1.28424,0.438814,-0.659363
270.4,-0.212108,-1.30148,0.565935,0.522335
270.5,-0.308736,-1.33646,0.696606,-0.226604
270.6,-0.422802,-1.39129,0.831428,0.369928
270.7,-0.558344,-1.46805,0.970222,0.560642
270.8,-0.720391,-1.5684,1.11145,0.716325
270.9,-0.915002,-1.6928,1.25127,0.859735
271,-1.14891,-1.83912,1.38216,0.995378
271.1,-1.42828,-2.00035,1.49079,1.12135
271.2,-1.75568,-2.16127,1.55579,1.23133
271.3,-2.12465,-2.29498,1.54636,1.31443
271.4,-2.51225,-2.36216,1.42515,0.680689
271.5,-2.87419,-2.31862,1.15941,0.256813
271.6,-3.15132,-2.135,0.740658,-0.649492
271.7,-3.29266,-1.82112,0.20106,0.216881
271.8,-3.28165,-1.43343,-0.391578,0.199498
271.9,-3.14133,-1.05271,-0.961191,0.792863
272,-2.91402,-0.748835,-1.45024,0.217395
272.1,-2.63757,-0.55859,-1.82798,-3.33414
272.2,-2.33636,-0.483977,-2.08492,-1.11433
272.3,-2.02514,-0.502482,-2.22539,-0.405732
272.4,-1.71531,-0.580263,-2.26293,-0.024574
272.5,-1.41743,-0.683464,-2.21711,-0.516451
272.6,-1.14042,-0.785498,-2.1102,-0.694295
272.7,-0.889984,-0.869839,-1.9638,-0.0749532
272.8,-0.668177,-0.929325,-1.79649,-0.923793
272.9,-0.474128,-0.96366,-1.62273,-1.09224
273,-0.305258,-0.976599,-1.45287,-2.96581
273.1,-0.158349,-0.973638,-1.2938,-0.555623
273.2,-0.0302137,-0.960457,-1.14969,-1.83868
273.3,0.0820031,-0.942045,-1.02272,0.334687
273.4,0.180755,-0.922336,-0.913646,0.396728
273.5,0.268135,-0.904153,-0.822286,0.444289
273.6,0.345941,-0.88934,-0.747866,0.482267
273.7,0.415737,-0.878955,-0.689272,0.513244
273.8,0.478894,-0.873486,-0.645246,0.538697
273.9,0.536613,-0.873039,-0.614505,0.559657
274,0.589947,-0.877493,-0.595833,0.577031
274.1,0.639805,-0.886622,-0.588123,0.591725
274.2,0.686967,-0.900186,-0.590398,0.604681
274.3,0.732086,-0.917984,-0.60182,0.616869
274.4,0.775691,-0.939905,-0.621671,0.629258
274.5,0.818185,-0.96595,-0.649338,0.642773
274.6,0.859839,-0.996247,-0.684272,0.658239
274.7,0.90077,-1.03106,-0.725953,0.676328
274.8,0.940924,-1.07077,-0.773838,0.69749
274.9,0.980033,-1.11589,-0.827291,0.721913
275,1.01757,-1.16698,-0.885507,0.749475
275.1,1.0527,-1.22463,-0.947414,0.779724
275.2,1.08419,-1.28932,-1.01156,0.811846
275.3,1.11038,-1.36132,-1.07599,0.844649
275.4,1.12916,-1.44048,-1.13812,0.876541
275.5,1.13791,-1.526,-1.19466,0.905501
275.6,1.13371,-1.61617,-1.24155,0.929099
275.7,1.1135,-1.70814,-1.27412,0.944445
275.8,1.07453,-1.79784,-1.28737,0.948274
275.9,1.01489,-1.8801,-1.27649,0.936955
276,0.934064,-1.9491,-1.23756,0.90651
276.1,0.833425,-1.99922,-1.16838,0.852501
276.2,0.716269,-2.02601,-1.06898,-0.247585
276.3,0.587423,-2.02725,-0.941842,-1.00502
276.4,0.452378,-2.00347,-0.79155,-1.25152
276.5,0.31622,-1.95806,-0.623965,-2.04606
276.6,0.18271,-1.89665,-0.445264,-0.374424
276.7,0.0537609,-1.82629,-0.261073,-2.86857
276.8,-0.0706127,-1.75441,-0.0759271,-0.283503
276.9,-0.191986,-1.68809,0.106913,-0.206238
277,-0.313056,-1.63352,0.285331,-0.615306
277.1,-0.437187,-1.59575,0.458029,0.0343085
277.2,-0.568085,-1.57857,0.624085,0.399738
277.3,-0.709605,-1.5844,0.782443,0.592461
277.4,-0.865641,-1.61421,0.931329,0.734532
277.5,-1.03998,-1.66701,1.06758,0.853446
277.6,-1.23595,-1.73928,1.18587,0.95856
277.7,-1.45554,-1.82383,1.27787,1.0518
277.8,-1.69789,-1.9087,1.33163,1.13052
277.9,-1.95691,-1.97624,1.33183,1.18853
278,-2.21873,-2.0038,1.26168,1.21797
278.1,-2.46054,-1.96731,1.10776,-0.186003
278.2,-2.65338,-1.84857,0.866853,0.484411
278.3,-2.77019,-1.64391,0.551783,-1.29326
278.4,-2.79613,-1.3689,0.191118,-0.376253
278.5,-2.7347,-1.05455,-0.178973,-0.185618
278.6,-2.60497,-0.736569,-0.526126,-0.0495759
278.7,-2.43257,-0.444719,-0.829354,-3.94032
278.8,-2.24072,-0.197433,-1.07991,-0.750208
278.9,-2.04553,-0.00207392,-1.27776,-0.619529
279,-1.85563,0.142036,-1.4273,-0.410764
279.1,-1.6741,0.240275,-1.53436,-0.677226
279.2,-1.50089,0.300183,-1.60472,-0.397454
279.3,-1.33466,0.329814,-1.64375,-3.4878
279.4,-1.17403,0.336758,-1.65643,-0.224893
279.5,-1.01804,0.327584,-1.64753,-3.60347
279.6,-0.866283,0.307561,-1.62172,0.0474167
279.7,-0.718717,0.280569,-1.58358,0.393833
279.8,-0.575476,0.249164,-1.53747,0.220317
279.9,-0.436649,0.214742,-1.48744,0.0230127
280,-0.302138,0.177758,-1.43717,-1.04112
280.1,-0.17158,0.137953,-1.38984,0.343779
280.2,-0.0443224,0.0945572,-1.34823,0.324575
280.3,0.0805475,0.0464415,-1.31474,-0.144682
280.4,0.204152,-0.00778647,-1.29145,0.0994307
280.5,0.327751,-0.0697502,-1.28032,0.0175197
280.6,0.45265,-0.141327,-1.28323,-0.46149
280.7,0.580085,-0.224726,-1.3021,-0.0703362
280.8,0.711068,-0.322614,-1.33896,-0.0463385
280.9,0.846151,-0.438285,-1.39592,0.398969
281,0.985056,-0.575861,-1.47502,0.580087
281.1,1.12607,-0.740458,-1.5778,0.732539
281.2,1.26508,-0.938211,-1.70452,0.874271
281.3,1.3941,-1.17585,-1.85267,1.00857
281.4,1.49915,-1.45933,-2.01457,1.13291
281.5,1.55803,-1.79057,-2.17399,1.24051
281.6,1.53916,-2.16184,-2.30284,1.31995
281.7,1.40516,-2.54827,-2.36093,-0.153956
281.8,1.12487,-2.90369,-2.3046,0.573786
281.9,0.693311,-3.16875,-2.10745,0.409497
282,0.146645,-3.295,-1.78389,0.202499
282.1,-0.44541,-3.27,-1.39379,0.0237725
282.2,-1.00796,-3.11969,-1.01801,-0.254663
282.3,-1.48621,-2.8867,-0.723598,-3.24758
282.4,-1.85194,-2.6076,-0.543783,-1.04757
282.5,-2.09729,-2.30553,-0.477838,-2.64904
282.6,-2.22759,-1.9946,-0.501876,0.032344
282.7,-2.25698,-1.68594,-0.581908,0.307734
282.8,-2.20529,-1.38992,-0.684748,-0.349239
282.9,-2.09473,-1.11515,-0.784826,-0.194884
283,-1.94664,-0.867004,-0.866604,0.203113
283.1,-1.77916,-0.647274,-0.92366,-0.169135
283.2,-1.60636,-0.454965,-0.956138,-3.50924
283.3,-1.43825,-0.287479,-0.967976,-1.18102
283.4,-1.28146,-0.141636,-0.964676,-4.22774
283.5,-1.13994,-0.0143084,-0.951819,-0.603521
283.6,-1.01573,0.0973103,-0.934252,0.344638
283.7,-0.909486,0.19564,-0.915759,0.405247
283.8,-0.82096,0.282755,-0.899034,0.451882
283.9,-0.749342,0.360446,-0.885815,0.489149
284,-0.693505,0.43027,-0.87709,0.519521
284.1,-0.652193,0.493596,-0.873301,0.544466
284.2,-0.624137,0.551621,-0.874536,0.565053
284.3,-0.60814,0.605388,-0.880676,0.582241
284.4,-0.603117,0.655798,-0.891515,0.596986
284.5,-0.608116,0.703616,-0.906841,0.610279
284.6,-0.622314,0.749475,-0.9265,0.623125
284.7,-0.645007,0.793877,-0.950431,0.636514
284.8,-0.675577,0.837189,-0.978695,0.65137
284.9,-0.713462,0.879629,-1.01149,0.668488
285,-0.758103,0.921248,-1.04913,0.688475
285.1,-0.808886,0.961894,-1.09208,0.711683
285.2,-0.865066,1.00117,-1.14089,0.738166
285.3,-0.925678,1.0384,-1.19616,0.767641
285.4,-0.989425,1.07251,-1.25843,0.799462
285.5,-1.05455,1.10203,-1.32812,0.832598
285.6,-1.11872,1.125,-1.40529,0.865614
285.7,-1.17888,1.13897,-1.48946,0.896647
285.8,-1.23122,1.14105,-1.57934,0.923392
285.9,-1.27121,1.12813,-1.67254,0.9431
286,-1.29379,1.09718,-1.76545,0.9526
286.1,-1.29385,1.04575,-1.8532,0.948329
286.2,-1.26689,0.972649,-1.93001,0.926367
286.3,-1.20979,0.878413,-1.98989,0.882406
286.4,-1.12157,0.765635,-2.0276,0.811995
286.5,-1.00379,0.638735,-2.03981,-2.07096
286.6,-0.860365,0.503238,-2.02584,-0.27569
286.7,-0.696927,0.364709,-1.98803,-0.496485
286.8,-0.519838,0.227688,-1.93133,-0.404911
286.9,-0.335209,0.0949594,-1.8625,-2.48988
287,-0.148191,-0.0326887,-1.78911,-1.60667
287.1,0.037355,-0.156263,-1.7186,-0.786765
287.2,0.218831,-0.278112,-1.65767,0.237116
287.3,0.394627,-0.40143,-1.61188,-0.235404
287.4,0.563708,-0.529856,-1.5855,0.316878
287.5,0.725109,-0.667214,-1.58147,0.538608
287.6,0.877378,-0.817382,-1.60124,0.691451
287.7,1.01795,-0.984162,-1.64451,0.815291
287.8,1.14239,-1.17102,-1.70866,0.923307
287.9,1.24363,-1.38043,-1.78786,1.01941
288,1.31126,-1.61264,-1.87198,1.1024
288.1,1.33135,-1.86363,-1.94556,1.16731
288.2,1.28778,-2.1226,-1.98784,1.20594
288.3,1.16582,-2.37016,-1.97515,-0.559586
288.4,0.95828,-2.57956,-1.88679,0.496918
288.5,0.671987,-2.72272,-1.71338,0.415764
288.6,0.329925,-2.78004,-1.46332,-2.08553
288.7,-0.0341476,-2.74847,-1.16221,0.210133
288.8,-0.386362,-2.64198,-0.844358,-0.413579
288.9,-0.701971,-2.48446,-0.541679,-1.18919
289,-0.968482,-2.30039,-0.276456,-0.483614
289.1,-1.18338,-2.10852,-0.0598021,-2.34016
289.2,-1.34989,-1.92007,0.106106,-0.554171
289.3,-1.47347,-1.73992,0.224765,-1.17665
289.4,-1.55987,-1.5689,0.302587,-3.39672
289.5,-1.61432,-1.40582,0.347054,-0.119723
289.6,-1.64157,-1.24901,0.365586,-4.21146
289.7,-1.64601,-1.09703,0.3649,-1.87514
289.8,-1.6319,-0.949008,0.350657,0.00230797
289.9,-1.60341,-0.804587,0.327289,0.453191
290,-1.56463,-0.663741,0.297986,0.323693
290.1,-1.5195,-0.526569,0.264773,0.17918
290.2,-1.47164,-0.393102,0.228672,-0.0713879
290.3,-1.42437,-0.263181,0.189896,-0.276809
290.4,-1.38059,-0.136393,0.148045,0.00036903
290.5,-1.34286,-0.0120572,0.102269,0.338507
290.6,-1.31343,0.110747,0.0513923,0.461685
290.7,-1.29433,0.233128,-0.00601929,0.275005
290.8,-1.28752,0.356309,-0.0716434,-1.18678
290.9,-1.29491,0.481538,-0.147441,-0.219051
291,-1.31853,0.609965,-0.235743,0.150286
291.1,-1.36051,0.742465,-0.339394,0.0930005
291.2,-1.42305,0.879378,-0.461923,0.432276
291.3,-1.50821,1.02008,-0.607752,0.6131
291.4,-1.61739,1.16228,-0.782339,0.766824
291.5,-1.75038,1.30094,-0.992128,0.909427
291.6,-1.90363,1.42654,-1.24393,1.04338
291.7,-2.06751,1.52292,-1.54311,1.1654
291.8,-2.22271,1.56495,-1.88973,1.26766
291.9,-2.33723,1.51833,-2.27202,1.33735
292,-2.36802,1.34513,-2.65898,-0.00279468
292.1,-2.27309,1.01879,-2.99859,0.550643
292.2,-2.03522,0.545019,-3.23076,0.438354
292.3,-1.68302,-0.0279147,-3.31468,0.0809736
292.4,-1.28708,-0.624391,-3.24991,0.566906
292.5,-0.928936,-1.17226,-3.07036,-0.457429
292.6,-0.6678,-1.6237,-2.81917,-1.20269
292.7,-0.526413,-1.95679,-2.5294,-1.45712
292.8,-0.495311,-2.16802,-2.22114,-0.652107
292.9,-0.545311,-2.26581,-1.90754,-1.32363
293,-0.640662,-2.26674,-1.6,-0.204121
293.1,-0.749155,-2.1922,-1.30893,-0.646044
293.2,-0.847715,-2.06491,-1.04226,-1.47049
293.3,-0.923615,-1.90572,-0.804167,0.0910297
293.4,-0.972791,-1.73171,-0.595226,-2.79489
293.5,-0.996999,-1.55572,-0.413512,-3.08542
293.6,-1.00109,-1.38662,-0.255878,-1.61546
293.7,-0.99096,-1.23012,-0.118915,-0.54326
293.8,-0.972262,-1.08951,0.000530877,-2.08493
293.9,-0.949744,-0.966331,0.105177,0.350725
294,-0.927019,-0.860922,0.197309,0.405898
294.1,-0.906596,-0.772825,0.278857,0.449174
294.2,-0.890041,-0.701094,0.351475,0.484342
294.3,-0.878195,-0.64452,0.416603,0.513324
294.4,-0.871373,-0.601798,0.475505,0.537213
294.5,-0.869552,-0.571631,0.529294,0.556807
294.6,-0.872513,-0.552807,0.578947,0.572858
294.7,-0.879951,-0.544233,0.625313,0.586153
294.8,-0.89155,-0.544958,0.669126,0.597533
294.9,-0.907043,-0.554169,0.711008,0.607876
295,-0.926242,-0.571183,0.751473,0.618068
295.1,-0.949063,-0.595427,0.790933,0.628976
295.2,-0.975541,-0.626413,0.82969,0.6414
295.3,-1.00584,-0.663702,0.867928,0.656031
295.4,-1.04023,-0.706869,0.905702,0.673401
295.5,-1.07911,-0.75545,0.942904,0.693838
295.6,-1.12297,-0.808883,0.979237,0.717429
295.7,-1.17235,-0.866435,1.01417,0.74399
295.8,-1.2278,-0.927119,1.04688,0.773046
295.9,-1.28976,-0.989587,1.0762,0.803803
296,-1.35846,-1.05202,1.10059,0.835133
296.1,-1.43374,-1.11204,1.11805,0.865544
296.2,-1.51486,-1.16659,1.12621,0.893161
296.3,-1.60022,-1.21197,1.12237,0.915715
296.4,-1.68725,-1.2439,1.10376,0.930549
296.5,-1.77225,-1.25778,1.06784,0.934639
296.6,-1.85054,-1.24918,1.01282,0.924639
296.7,-1.91684,-1.21443,0.93813,0.896886
296.8,-1.96595,-1.1513,0.844831,0.847319
296.9,-1.99368,-1.05955,0.735723,0.771071
297,-1.99773,-0.941156,0.615016,-0.451009
297.1,-1.97825,-0.799992,0.487614,-0.586786
297.2,-1.93796,-0.641241,0.358191,-0.528551
297.3,-1.88178,-0.470518,0.230344,-2.22896
297.4,-1.81603,-0.293081,0.10606,-2.03599
297.5,-1.74765,-0.113283,-0.0144075,-2.17725
297.6,-1.68338,0.0656573,-0.132326,-0.710946
297.7,-1.62932,0.241601,-0.250094,0.289364
297.8,-1.59062,0.413233,-0.370844,-0.73482
297.9,-1.57132,0.579679,-0.498128,0.27843
298,-1.57433,0.740042,-0.635739,0.520171
298.1,-1.60124,0.892854,-0.787621,0.681154
298.2,-1.65199,1.03543,-0.957777,0.810998
298.3,-1.72421,1.16309,-1.15001,0.92453
298.4,-1.81224,1.26822,-1.36726,1.026
298.5,-1.90574,1.33946,-1.6102,1.11412
298.6,-1.98846,1.36135,-1.87498,1.1836
298.7,-2.03806,1.31564,-2.15025,1.2256
298.8,-2.02856,1.18525,-2.41489,-0.100991
298.9,-1.9371,0.961457,-2.63917,0.435034
299,-1.75372,0.651574,-2.79168,-0.891206
299.1,-1.48896,0.281582,-2.85077,0.0795383
299.2,-1.1729,-0.110304,-2.8138,-1.08177
299.3,-0.844676,-0.486205,-2.69708,0.569554
299.4,-0.539482,-0.818997,-2.52704,-0.730585
299.5,-0.280529,-1.09534,-2.32953,-0.757239
299.6,-0.0779273,-1.31269,-2.12334,-3.10633
299.7,0.068299,-1.47454,-1.91902,-0.501891
299.8,0.164256,-1.58685,-1.72088,-0.669229
299.9,0.218942,-1.65612,-1.52968,-3.064
300,0.24204,-1.68883,-1.34488,-1.71911
300.1,0.242561,-1.69131,-1.16582,-0.355631
300.2,0.228069,-1.66983,-0.992286,-1.21016
300.3,0.20433,-1.63054,-0.824473,-1.38985
300.4,0.175281,-1.5793,-0.662761,-0.0608076
300.5,0.143201,-1.52153,-0.507474,-0.312323
300.6,0.109027,-1.46206,-0.358689,-0.19752
300.7,0.0726939,-1.40502,-0.216136,-0.301848
300.8,0.0334561,-1.35383,-0.0791774,0.351113
300.9,-0.00986353,-1.31133,0.0531539,-0.334851
301,-0.058712,-1.27984,0.182083,0.10893
301.1,-0.114729,-1.26135,0.309004,-0.322233
301.2,-0.179747,-1.25765,0.435376,0.0747675
301.3,-0.255856,-1.27047,0.562604,0.271076
301.4,-0.345518,-1.30159,0.691892,0.237541
301.5,-0.451739,-1.35279,0.824037,0.434759
301.6,-0.57825,-1.42582,0.959105,0.582909
301.7,-0.729689,-1.52202,1.09593,0.718451
301.8,-0.911658,-1.6417,1.2313,0.849647
301.9,-1.13044,-1.7829,1.35869,0.977362
302,-1.39193,-1.9394,1.4665,1.09851
302.1,-1.69917,-2.09783,1.53594,1.20667
302.2,-2.04757,-2.23441,1.53961,1.29162
302.3,-2.41837,-2.31379,1.44337,0.565707
302.4,-2.77335,-2.29426,1.21508,0.318428
302.5,-3.05848,-2.14383,0.841541,-0.263058
302.6,-3.22233,-1.86261,0.345005,-1.92906
302.7,-3.24124,-1.49413,-0.216694,0.466351
302.8,-3.12954,-1.11061,-0.772061,0.172026
302.9,-2.92523,-0.78173,-1.26249,0.202171
303,-2.66684,-0.550624,-1.65403,-0.846221
303.1,-2.38084,-0.428265,-1.93415,-1.45527
303.2,-2.08247,-0.400739,-2.10429,-0.831295
303.3,-1.78164,-0.440603,-2.17473,-0.571986
303.4,-1.48703,-0.517342,-2.16164,-1.1646
303.5,-1.20666,-0.604806,-2.08457,-0.360333
303.6,-0.946753,-0.684944,-1.96371,-4.21025
303.7,-0.710888,-0.74824,-1.81749,-1.008
303.8,-0.500021,-0.79207,-1.66109,-0.457895
303.9,-0.313167,-0.818295,-1.50598,-1.12925
304,-0.148237,-0.831026,-1.36017,-1.24715
304.1,-0.00268491,-0.835004,-1.22876,-1.16031
304.2,0.126095,-0.834607,-1.11465,0.348704
304.3,0.240573,-0.833398,-1.01912,0.42284
304.4,0.343005,-0.834009,-0.942361,0.478991
304.5,0.435415,-0.838234,-0.883888,0.522987
304.6,0.519593,-0.847207,-0.842808,0.558491
304.7,0.597093,-0.861602,-0.818047,0.588099
304.8,0.66924,-0.881817,-0.808481,0.61391
304.9,0.737124,-0.908131,-0.813007,0.63779
305,0.80159,-0.940817,-0.830576,0.661451
305.1,0.86322,-0.980231,-0.860181,0.686419
305.2,0.922296,-1.02686,-0.900806,0.713932
305.3,0.978751,-1.08133,-0.951351,0.744812
305.4,1.03209,-1.14441,-1.01051,0.779346
305.5,1.08131,-1.2169,-1.07663,0.817206
305.6,1.12476,-1.29949,-1.14749,0.857411
305.7,1.16006,-1.39257,-1.22011,0.898322
305.8,1.184,-1.49585,-1.29053,0.937636
305.9,1.1926,-1.60794,-1.3536,0.972387
306,1.18132,-1.7259,-1.403,0.998954
306.1,1.14557,-1.84485,-1.43148,1.01307
306.2,1.08156,-1.95785,-1.43156,1.00986
306.3,0.987394,-2.05642,-1.39665,0.983897
306.4,0.864115,-2.13165,-1.32246,-1.88232
306.5,0.716172,-2.17602,-1.20829,-2.08087
306.6,0.550981,-2.18521,-1.05756,0.280557
306.7,0.377473,-2.15938,-0.877311,-0.0239858
306.8,0.204141,-2.10324,-0.676788,-0.386764
306.9,0.0373215,-2.02502,-0.46561,-2.07961
307,-0.119704,-1.93482,-0.252256,-0.522966
307.1,-0.26666,-1.8428,-0.043236,0.248662
307.2,-0.405584,-1.75799,0.157034,0.228046
307.3,-0.539903,-1.68754,0.345864,0.17346
307.4,-0.673612,-1.63641,0.521682,0.443557
307.5,-0.810702,-1.60744,0.683364,0.612098
307.6,-0.954815,-1.60135,0.829597,0.73623
307.7,-1.109,-1.6167,0.958286,0.836865
307.8,-1.27544,-1.64971,1.06603,0.922724
307.9,-1.45491,-1.69387,1.14772,0.996554
308,-1.64598,-1.73958,1.19635,1.05732
308.1,-1.84389,-1.77412,1.20342,1.10121
308.2,-2.03947,-1.78227,1.1602,1.1221
308.3,-2.21894,-1.74845,1.0601,0.506784
308.4,-2.36533,-1.66013,0.901875,0.455119
308.5,-2.46223,-1.51195,0.692213,-0.224771
308.6,-2.49877,-1.3084,0.446029,-1.14258
308.7,-2.47349,-1.06329,0.183358,-2.19578
308.8,-2.39488,-0.79582,-0.0759303,-0.362325
308.9,-2.27837,-0.525374,-0.316893,-0.715713
309,-2.14162,-0.267564,-0.531649,-0.35701
309.1,-2.00046,-0.0326608,-0.718702,-0.0889767
309.2,-1.86666,0.173941,-0.880742,0.105991
309.3,-1.74731,0.350342,-1.02229,0.159316
309.4,-1.64537,0.496692,-1.14798,0.0425847
309.5,-1.56055,0.614101,-1.26159,0.743614
309.6,-1.49026,0.70397,-1.36563,0.794525
309.7,-1.43042,0.76768,-1.4613,0.827417
309.8,-1.37615,0.80653,-1.5486,0.845776
309.9,-1.32234,0.82184,-1.62656,0.850813
310,-1.26415,0.815139,-1.69347,0.842383
310.1,-1.19745,0.788354,-1.74728,0.819478
310.2,-1.11922,0.743947,-1.78598,0.780492
310.3,-1.02777,0.684911,-1.80808,0.723211
310.4,-0.922748,0.614612,-1.81293,0.644397
310.5,-0.805078,0.536488,-1.8011,0.538344
310.6,-0.676589,0.453675,-1.77437,0.392353
310.7,-0.539625,0.368654,-1.73565,0.168996
310.8,-0.396626,0.283001,-1.6887,0.0186224
310.9,-0.249781,0.197292,-1.63778,-0.0495954
311,-0.100807,0.111146,-1.58734,-0.856817
311.1,0.0491508,0.0233603,-1.5417,0.29417
311.2,0.199488,-0.0679163,-1.50496,-0.601473
311.3,0.350034,-0.165035,-1.48085,0.469226
311.4,0.500855,-0.27076,-1.47276,-0.0208064
311.5,0.652004,-0.388256,-1.48373,0.0548637
311.6,0.803169,-0.521151,-1.51636,0.440942
311.7,0.9532,-0.673628,-1.57262,0.632381
311.8,1.09943,-0.850472,-1.65338,0.783481
311.9,1.23668,-1.05691,-1.75751,0.917142
312,1.35595,-1.29793,-1.88042,1.03887
312.1,1.44276,-1.57658,-2.01188,1.14712
312.2,1.47598,-1.89071,-2.13349,1.23546
312.3,1.42845,-2.22812,-2.21714,1.29269
312.4,1.27219,-2.56172,-2.22741,0.566684
312.5,0.989831,-2.84956,-2.13138,0.530105
312.6,0.588719,-3.0452,-1.91548,0.513004
312.7,0.106945,-3.1171,-1.59941,-1.84576
312.8,-0.397643,-3.06371,-1.23369,-0.590911
312.9,-0.869125,-2.91075,-0.879343,-0.102052
313,-1.26942,-2.69415,-0.585028,0.0902771
313.1,-1.58069,-2.44404,-0.375619,-2.13148
313.2,-1.79963,-2.1791,-0.253401,-3.33422
313.3,-1.93139,-1.90908,-0.205306,-1.57424
313.4,-1.98601,-1.63958,-0.210888,-0.898369
313.5,-1.9766,-1.37517,-0.248749,-1.40481
313.6,-1.91806,-1.12032,-0.300803,-0.380616
313.7,-1.82563,-0.878954,-0.35435,-0.135968
313.8,-1.71352,-0.653891,-0.402291,-0.730852
313.9,-1.5939,-0.446551,-0.442153,-0.0945832
314,-1.47644,-0.257052,-0.4746,-0.698397
314.1,-1.36827,-0.0845146,-0.502008,-0.744139
314.2,-1.27429,0.072605,-0.527367,0.186032
314.3,-1.1976,0.216224,-0.553609,0.311155
314.4,-1.13992,0.348404,-0.583283,0.407858
314.5,-1.1021,0.471185,-0.618491,0.48362
314.6,-1.08433,0.586451,-0.660974,0.545522
314.7,-1.08649,0.695822,-0.712262,0.599496
314.8,-1.10818,0.800547,-0.77386,0.650503
314.9,-1.14884,0.901375,-0.847404,0.702562
315,-1.20759,0.998382,-0.934779,0.758522
315.1,-1.28306,1.09073,-1.03816,0.81974
315.2,-1.37298,1.17631,-1.15992,0.885901
315.3,-1.47367,1.25134,-1.30228,0.955019
315.4,-1.57924,1.30982,-1.4667,1.02355
315.5,-1.68079,1.34315,-1.6527,1.08644
315.6,-1.76573,1.34019,-1.85631,1.1371
315.7,-1.81792,1.28837,-2.06821,1.16726
315.8,-1.81944,1.17625,-2.27268,0.176824
315.9,-1.75458,0.997902,-2.44852,0.521964
316,-1.61541,0.757228,-2.5733,0.133716
316.1,-1.40646,0.46981,-2.63013,0.145118
316.2,-1.14505,0.15981,-2.61387,-1.21048
316.3,-0.856487,-0.147062,-2.53278,-1.59688
316.4,-0.566591,-0.430595,-2.40468,-2.95349
316.5,-0.295828,-0.679529,-2.25045,-0.85892
316.6,-0.0570184,-0.890881,-2.08834,-0.906458
316.7,0.143919,-1.06704,-1.93111,-0.180432
316.8,0.305928,-1.21269,-1.7857,-0.68819
316.9,0.430797,-1.33273,-1.65428,0.0377432
317,0.521719,-1.43117,-1.53581,-1.88235
317.1,0.582446,-1.51081,-1.42739,0.745654
317.2,0.616875,-1.57341,-1.32539,0.762483
317.3,0.62888,-1.61999,-1.22624,0.748494
317.4,0.622237,-1.65118,-1.1269,0.719362
317.5,0.600569,-1.66759,-1.02517,0.675443
317.6,0.567259,-1.67007,-0.919727,0.616028
317.7,0.525332,-1.65989,-0.810057,0.538959
317.8,0.477334,-1.6388,-0.696297,0.439095
317.9,0.425215,-1.60898,-0.579,0.302975
318,0.370271,-1.57301,-0.458903,0.0806812
318.1,0.313129,-1.53365,-0.336721,-0.703999
318.2,0.25379,-1.49377,-0.213,-0.635453
318.3,0.191702,-1.45622,-0.0880183,-0.010505
318.4,0.125843,-1.42377,0.0382448,0.179172
318.5,0.0547975,-1.39909,0.166098,-0.480345
318.6,-0.0232009,-1.38478,0.296082,-0.501369
318.7,-0.110269,-1.38343,0.428874,0.484744
318.8,-0.208921,-1.39762,0.56515,-1.45843
318.9,-0.322176,-1.42998,0.705382,-0.0896993
319,-0.453701,-1.48309,0.849546,0.371222
319.1,-0.607995,-1.55926,0.996649,0.597285
319.2,-0.790501,-1.65998,1.144,0.766032
319.3,-1.00751,-1.78491,1.28609,0.914319
319.4,-1.26548,-1.9301,1.41285,1.04957
319.5,-1.56909,-2.08525,1.50757,1.1703
319.6,-1.91729,-2.23018,1.54479,1.26939
319.7,-2.29685,-2.33232,1.49062,1.3353
319.8,-2.67553,-2.34906,1.30893,0.676748
319.9,-3.00146,-2.24072,0.976626,0.161225
320,-3.21725,-1.99374,0.503303,-1.75039
320.1,-3.28644,-1.63929,-0.0609533,-0.762974
320.2,-3.212,-1.24709,-0.642194,-0.241188
320.3,-3.02849,-0.894728,-1.17214,-0.0787094
320.4,-2.77775,-0.637106,-1.60671,-0.129373
320.5,-2.49122,-0.494435,-1.9264,-1.84738
320.6,-2.18773,-0.457062,-2.12887,-0.0850251
320.7,-1.87932,-0.497354,-2.22271,0.117243
320.8,-1.57624,-0.58184,-2.22392,0.245514
320.9,-1.28791,-0.680443,-2.1529,-0.533595
321,-1.02171,-0.771566,-2.03132,-0.555541
321.1,-0.781829,-0.843214,-1.8792,-0.77775
321.2,-0.569265,-0.891455,-1.71316,-0.30555
321.3,-0.382698,-0.917795,-1.54575,-0.851944
321.4,-0.219565,-0.926625,-1.38578,-0.720219
321.5,-0.0768899,-0.923303,-1.23891,-0.972625
321.6,0.0482294,-0.91294,-1.1084,0.306241
321.7,0.158421,-0.899798,-0.995772,0.38183
321.8,0.255996,-0.88709,-0.901366,0.438104
321.9,0.342971,-0.877027,-0.824727,0.481885
322,0.421111,-0.870984,-0.764941,0.516938
322.1,0.491964,-0.86971,-0.720859,0.545498
322.2,0.55688,-0.873525,-0.691253,0.569114
322.3,0.617032,-0.882489,-0.674924,0.589091
322.4,0.673422,-0.896542,-0.670759,0.606557
322.5,0.726888,-0.915604,-0.677758,0.622783
322.6,0.778105,-0.939646,-0.695036,0.638922
322.7,0.827578,-0.96874,-0.721808,0.656097
322.8,0.875634,-1.00309,-0.75735,0.6753
322.9,0.922389,-1.04306,-0.800951,0.697318
323,0.967723,-1.08911,-0.851843,0.72264
323.1,1.01122,-1.14187,-0.909114,0.751394
323.2,1.0521,-1.20197,-0.971599,0.783295
323.3,1.08917,-1.27003,-1.03775,0.817615
323.4,1.12069,-1.34644,-1.10547,0.853159
323.5,1.14438,-1.43121,-1.17198,0.888255
323.6,1.15737,-1.52365,-1.23366,0.920732
323.7,1.15629,-1.62206,-1.28602,0.947911
323.8,1.13757,-1.72342,-1.32372,0.966612
323.9,1.09787,-1.82323,-1.34098,0.973179
324,1.03473,-1.91559,-1.33209,0.963516
324.1,0.947363,-1.99373,-1.29238,0.933114
324.2,0.837226,-2.05095,-1.21912,0.876931
324.3,0.708183,-2.08193,-1.11231,0.339108
324.4,0.566025,-2.08395,-0.974959,-0.156698
324.5,0.417383,-2.05768,-0.81258,-0.663057
324.6,0.268382,-2.00713,-0.632206,-1.97952
324.7,0.123495,-1.93894,-0.441137,-1.54256
324.8,-0.0150602,-1.86126,-0.245901,-1.13842
324.9,-0.147314,-1.78247,-0.0516341,-0.169369
325,-0.2751,-1.71032,0.138061,-0.244987
325.1,-0.40144,-1.65134,0.320898,0.0215138
325.2,-0.529977,-1.61054,0.495481,0.271831
325.3,-0.664572,-1.59135,0.660774,0.507547
325.4,-0.809068,-1.59557,0.815535,0.66418
325.5,-0.96713,-1.62321,0.957704,0.787424
325.6,-1.14202,-1.6721,1.08375,0.892864
325.7,-1.33613,-1.73724,1.18801,0.985959
325.8,-1.55001,-1.80998,1.26204,1.06683
325.9,-1.78084,-1.87718,1.29448,1.13188
326,-2.02042,-1.92109,1.27185,1.17445
326.1,-2.25347,-1.9209,1.1811,-0.246299
326.2,-2.458,-1.8569,1.01426,0.221556
326.3,-2.60919,-1.71702,0.773866,-0.158828
326.4,-2.68697,-1.50298,0.475969,-1.9512
326.5,-2.68363,-1.23191,0.147593,-0.973133
326.6,-2.60675,-0.931342,-0.181131,0.146929
326.7,-2.47529,-0.630386,-0.485583,0.232694
326.8,-2.3121,-0.352282,-0.751296,0.336602
326.9,-2.13716,-0.111293,-0.973542,-0.973776
327,-1.96431,0.0865682,-1.15407,-1.245
327.1,-1.80096,0.241108,-1.29762,-0.401467
327.2,-1.64953,0.355514,-1.40944,0.00858414
327.3,-1.50928,0.434588,-1.49419,-0.0199601
327.4,-1.37789,0.48368,-1.55553,-0.268177
327.5,-1.25261,0.508111,-1.59636,-3.70495
327.6,-1.13097,0.512871,-1.61901,0.66714
327.7,-1.0111,0.502443,-1.62565,0.621082
327.8,-0.891827,0.480695,-1.61844,0.559571
327.9,-0.772586,0.450796,-1.59971,0.48109
328,-0.653256,0.415172,-1.57193,0.380608
328.1,-0.533963,0.375506,-1.53772,0.243237
328.2,-0.414899,0.332772,-1.49974,0.00474226
328.3,-0.296177,0.28731,-1.46061,-2.16928
328.4,-0.177738,0.238919,-1.42285,0.332137
328.5,-0.0592978,0.186954,-1.38887,-1.47513
328.6,0.0596602,0.130403,-1.36094,-0.849554
328.7,0.179862,0.0679455,-1.34121,0.45218
328.8,0.302194,-0.00203214,-1.33184,-0.9724
328.9,0.427623,-0.0814561,-1.33501,0.279688
329,0.557086,-0.172635,-1.35299,0.338005
329.1,0.691329,-0.278378,-1.38821,-1.64408
329.2,0.830651,-0.402153,-1.44317,0.273201
329.3,0.974509,-0.548287,-1.5203,0.539294
329.4,1.12086,-0.722135,-1.62153,0.718524
329.5,1.26512,-0.930089,-1.74734,0.873553
329.6,1.39856,-1.17912,-1.89525,1.01537
329.7,1.50607,-1.47527,-2.05715,1.14394
329.8,1.56373,-1.82013,-2.21568,1.25324
329.9,1.53788,-2.20466,-2.34076,1.33177
330,1.38929,-2.60134,-2.38983,-0.0710629
330.1,1.08688,-2.9604,-2.31804,0.362671
330.2,0.629167,-3.21997,-2.10127,0.247234
330.3,0.058537,-3.33276,-1.76031,-0.0797879
330.4,-0.549816,-3.29103,-1.36247,0.205084
330.5,-1.11899,-3.12536,-0.992592,-0.801793
330.6,-1.59509,-2.88003,-0.716728,-1.7792
330.7,-1.9516,-2.59092,-0.563654,-0.337708
330.8,-2.18237,-2.28035,-0.52705,0.0329477
330.9,-2.29459,-1.96292,-0.577972,-0.683645
331,-2.30456,-1.65107,-0.678957,0.250811
331.1,-2.23414,-1.35624,-0.795315,-0.771607
331.2,-2.1069,-1.08715,-0.901647,-1.19779
331.3,-1.94462,-0.848331,-0.983551,-1.24449
331.4,-1.76522,-0.640286,-1.03604,-1.1291
331.5,-1.58212,-0.460696,-1.0606,-0.701689
331.6,-1.40465,-0.305933,-1.06223,-3.178
331.7,-1.23885,-0.172175,-1.04727,-1.08142
331.8,-1.08825,-0.0559995,-1.0219,-2.67038
331.9,-0.954589,0.0454269,-0.991453,0.310502
332,-0.838358,0.134386,-0.960035,0.367627
332.1,-0.739186,0.21273,-0.930571,0.412798
332.2,-0.656164,0.282004,-0.904936,0.450286
332.3,-0.58807,0.343532,-0.884161,0.481955
332.4,-0.53354,0.39848,-0.868663,0.508566
332.5,-0.491187,0.447879,-0.858431,0.530521
332.6,-0.459685,0.492646,-0.853192,0.548203
332.7,-0.437813,0.533591,-0.852527,0.562088
332.8,-0.424483,0.571425,-0.855961,0.572744
332.9,-0.418754,0.606767,-0.863018,0.580803
333,-0.419822,0.640151,-0.873266,0.586935
333.1,-0.427019,0.672037,-0.886334,0.59182
333.2,-0.439795,0.702813,-0.901929,0.596135
333.3,-0.457704,0.732805,-0.919842,0.600536
333.4,-0.480387,0.762279,-0.939952,0.605645
333.5,-0.507551,0.791444,-0.962221,0.61203
333.6,-0.538949,0.820446,-0.9867,0.620183
333.7,-0.574362,0.849365,-1.01352,0.630499
333.8,-0.613566,0.878205,-1.0429,0.643258
333.9,-0.656312,0.90688,-1.0751,0.658606
334,-0.702285,0.935193,-1.11047,0.676545
334.1,-0.751066,0.962815,-1.14938,0.696925
334.2,-0.802086,0.989254,-1.1922,0.719431
334.3,-0.854569,1.01383,-1.23928,0.743574
334.4,-0.907475,1.03563,-1.29086,0.768673
334.5,-0.959439,1.05353,-1.34698,0.793836
334.6,-1.00872,1.06612,-1.40744,0.817937
334.7,-1.05315,1.07178,-1.4716,0.839606
334.8,-1.09017,1.06874,-1.53833,0.857215
334.9,-1.11689,1.0552,-1.60586,0.868879
335,-1.13021,1.0295,-1.67179,0.872482
335.1,-1.12711,0.990416,-1.73312,0.865689
335.2,-1.10494,0.937371,-1.78644,0.845969
335.3,-1.06185,0.870699,-1.82835,0.810552
335.4,-0.997022,0.791717,-1.85583,0.756235
335.5,-0.910958,0.702642,-1.86684,0.678805
335.6,-0.805396,0.606281,-1.86068,0.57141
335.7,-0.683102,0.505582,-1.83823,0.419373
335.8,-0.547452,0.403128,-1.8019,0.0975524
335.9,-0.401964,0.300725,-1.75539,-0.331887
336,-0.249879,0.199155,-1.70323,0.0983042
336.1,-0.0938636,0.0981324,-1.6504,-0.490329
336.2,0.0641213,-0.00359704,-1.60185,0.265089
336.3,0.222797,-0.108066,-1.56232,0.425309
336.4,0.381425,-0.217904,-1.5361,-0.107296
336.5,0.53956,-0.336206,-1.52699,-1.02915
336.6,0.696719,-0.466481,-1.53824,0.29193
336.7,0.851942,-0.612675,-1.57238,0.545466
336.8,1.00321,-0.779205,-1.6309,0.714579
336.9,1.14661,-0.970881,-1.71366,0.854716
337,1.27529,-1.19251,-1.81774,0.979387
337.1,1.37802,-1.44776,-1.93575,1.09092
337.2,1.43794,-1.73691,-2.05369,1.18579
337.3,1.4323,-2.05299,-2.14902,1.25583
337.4,1.33513,-2.3772,-2.19103,0.491328
337.5,1.12506,-2.67654,-2.14644,0.292061
337.6,0.797472,-2.90847,-1.99209,-0.128471
337.7,0.374391,-3.03528,-1.7299,-0.690019
337.8,-0.0978779,-3.04124,-1.39282,-2.21717
337.9,-0.564962,-2.9388,-1.0338,0.785016
338,-0.982826,-2.75877,-0.704995,-0.846092
338.1,-1.32617,-2.53391,-0.441674,-0.717175
338.2,-1.58615,-2.28815,-0.257821,-1.72675
338.3,-1.76423,-2.035,-0.150222,-1.27086
338.4,-1.86737,-1.781,-0.105256,-1.10706
338.5,-1.90555,-1.52972,-0.105098,-0.74951
338.6,-1.89063,-1.28419,-0.132277,-0.859992
338.7,-1.83543,-1.04746,-0.172502,-1.51488
338.8,-1.75279,-0.822359,-0.215891,-1.2416
338.9,-1.65458,-0.610957,-0.256938,-1.35082
339,-1.55106,-0.414346,-0.293702,-0.500932
339.1,-1.45044,-0.232615,-0.32667,-0.308344
339.2,-1.35894,-0.065013,-0.357691,-0.070008
339.3,-1.28097,0.0898132,-0.389161,0.0914862
339.4,-1.21948,0.233595,-0.42352,0.236454
339.5,-1.17633,0.368235,-0.463013,0.350392
339.6,-1.15264,0.495641,-0.509658,0.439811
339.7,-1.14905,0.617572,-0.565324,0.513764
339.8,-1.16591,0.7355,-0.631887,0.580054
339.9,-1.20335,0.85045,-0.711401,0.644928
340,-1.26126,0.96279,-0.806255,0.712924
340.1,-1.33903,1.07193,-0.919283,0.786558
340.2,-1.43521,1.17588,-1.05374,0.866125
340.3,-1.54679,1.27064,-1.21306,0.949781
340.4,-1.66824,1.3494,-1.40017,1.03374
340.5,-1.79013,1.40171,-1.61615,1.11241
340.6,-1.89793,1.41307,-1.85803,1.17822
340.7,-1.97142,1.36582,-2.11596,1.22137
340.8,-1.98657,1.24242,-2.37073,0.330295
340.9,-1.921,1.03192,-2.59418,0.560542
341,-1.76295,0.737504,-2.75488,-0.208017
341.1,-1.5193,0.380353,-2.82873,0.307662
341.2,-1.21643,-0.00473847,-2.80883,-2.4518
341.3,-0.891783,-0.380743,-2.7075,0.265201
341.4,-0.581345,-0.719335,-2.54916,-0.594595
341.5,-0.310742,-1.00533,-2.35981,-0.579801
341.6,-0.0928966,-1.23471,-2.15959,-2.52361
341.7,0.0696951,-1.41013,-1.96053,-2.44361
341.8,0.181251,-1.53704,-1.76788,-1.94068
341.9,0.249469,-1.62153,-1.58271,-0.154372
342,0.283275,-1.66954,-1.40423,-0.104434
342.1,0.291404,-1.68673,-1.2313,-0.0471935
342.2,0.281561,-1.67867,-1.06319,-2.08728
342.3,0.259973,-1.65087,-0.899706,-1.27254
342.4,0.231215,-1.60874,-0.741055,-0.703018
342.5,0.198272,-1.55744,-0.587579,-0.659682
342.6,0.162729,-1.50176,-0.439526,-0.00752027
342.7,0.125061,-1.44592,-0.296883,-1.26829
342.8,0.0849236,-1.3936,-0.159307,-2.51555
342.9,0.0414099,-1.34787,-0.0261126,-1.74551
343,-0.00675251,-1.31132,0.103684,-0.376496
343.1,-0.0610871,-1.28617,0.231289,0.454972
343.2,-0.123326,-1.27438,0.358046,-1.28406
343.3,-0.195437,-1.27781,0.485322,-1.39818
343.4,-0.279707,-1.29831,0.614384,-0.661165
343.5,-0.378879,-1.33779,0.746218,0.295336
343.6,-0.49633,-1.39815,0.881276,0.487237
343.7,-0.63626,-1.48113,1.01907,0.637861
343.8,-0.803835,-1.5878,1.15753,0.776371
343.9,-1.00512,-1.71767,1.29195,0.909377
344,-1.24651,-1.86711,1.41352,1.03669
344.1,-1.53302,-2.02684,1.50719,1.15407
344.2,-1.86479,-2.17866,1.54975,1.25356
344.3,-2.23113,-2.29273,1.50946,1.32277
344.4,-2.60379,-2.32878,1.35095,0.450547
344.5,-2.93484,-2.24662,1.04849,0.589863
344.6,-3.16764,-2.0272,0.604878,-0.521903
344.7,-3.26121,-1.69263,0.0621228,-0.974113
344.8,-3.2111,-1.30522,-0.510451,0.0462971
344.9,-3.04678,-0.941142,-1.04403,0.611054
345,-2.8095,-0.659448,-1.49125,-0.547739
345.1,-2.53263,-0.486878,-1.82942,-1.10704
345.2,-2.23654,-0.420005,-2.05373,-0.96526
345.3,-1.93335,-0.435749,-2.17067,-0.106065
345.4,-1.63252,-0.503029,-2.19417,0.0936585
345.5,-1.34285,-0.592113,-2.14292,0.270809
345.6,-1.07182,-0.680324,-2.03761,-0.407531
345.7,-0.824385,-0.753959,-1.8981,-1.18646
345.8,-0.602563,-0.807393,-1.74148,-0.00312945
345.9,-0.405991,-0.840788,-1.58108,-0.424761
346,-0.232809,-0.85762,-1.42652,-0.534541
346.1,-0.0804619,-0.862695,-1.28419,-0.589294
346.2,0.053766,-0.860828,-1.15792,0.300301
346.3,0.172474,-0.856151,-1.04964,0.384589
346.4,0.278038,-0.851848,-0.95999,0.446996
346.5,0.372586,-0.850162,-0.888714,0.495088
346.6,0.458002,-0.852546,-0.835046,0.533291
346.7,0.535939,-0.859859,-0.797941,0.564441
346.8,0.607832,-0.872564,-0.776252,0.590626
346.9,0.674898,-0.890902,-0.768832,0.613607
347,0.738143,-0.915029,-0.774594,0.635
347.1,0.79835,-0.945118,-0.792527,0.656322
347.2,0.85607,-0.981434,-0.821681,0.678947
347.3,0.911591,-1.02437,-0.861123,0.704016
347.4,0.964898,-1.07448,-0.909865,0.73232
347.5,1.01561,-1.13242,-0.966761,0.764192
347.6,1.0629,-1.19895,-1.03038,0.799434
347.7,1.1054,-1.27474,-1.09884,0.837268
347.8,1.14109,-1.36025,-1.1696,0.876326
347.9,1.16724,-1.45544,-1.23928,0.914639
348,1.1804,-1.55937,-1.30349,0.949634
348.1,1.17653,-1.66985,-1.35673,0.978131
348.2,1.15134,-1.783,-1.39256,0.996354
348.3,1.10101,-1.89312,-1.40407,0.999959
348.4,1.02302,-1.99285,-1.38472,0.98408
348.5,0.917156,-2.07398,-1.32953,0.943305
348.6,0.786181,-2.12888,-1.23635,-1.01226
348.7,0.635779,-2.15214,-1.10659,0.24439
348.8,0.473645,-2.14201,-0.945301,-1.60231
348.9,0.307872,-2.10096,-0.760149,-0.204452
349,0.145259,-2.03526,-0.559955,-0.301571
349.1,-0.00987808,-1.95365,-0.353145,-1.13572
349.2,-0.156065,-1.86579,-0.146681,0.10339
349.3,-0.294309,-1.78087,0.0543697,-0.493514
349.4,-0.427348,-1.70673,0.246713,0.0452084
349.5,-0.558851,-1.64936,0.428377,0.26519
349.6,-0.692793,-1.6128,0.59812,0.498672
349.7,-0.83305,-1.59913,0.754798,0.653042
349.8,-0.983154,-1.60844,0.896759,0.771761
349.9,-1.14607,-1.63866,1.02125,0.871054
350,-1.32383,-1.68518,1.12385,0.957277
350.1,-1.51681,-1.74029,1.19807,1.03155
350.2,-1.72265,-1.79276,1.23522,1.09148
350.3,-1.93484,-1.82776,1.22506,1.13189
350.4,-2.14153,-1.82806,1.15763,1.11289
350.5,-2.32566,-1.77693,1.0265,0.542583
350.6,-2.46753,-1.66272,0.832611,-0.052154
350.7,-2.54995,-1.48351,0.586844,-1.7892
350.8,-2.5641,-1.24921,0.308974,-1.30363
350.9,-2.51284,-0.979122,0.022686,-0.682946
351,-2.40946,-0.696216,-0.250939,-2.53418
351.1,-2.27274,-0.421098,-0.497988,0.337592
351.2,-2.12145,-0.16853,-0.712658,0.0838752
351.3,-1.97055,0.0530999,-0.895395,-2.09671
351.4,-1.8298,0.240467,-1.05007,-0.874191
351.5,-1.70394,0.393506,-1.18158,-0.448016
351.6,-1.59386,0.513894,-1.29436,-3.55618
351.7,-1.49773,0.604056,-1.39171,0.759618
351.8,-1.41215,0.666643,-1.47567,0.786556
351.9,-1.33301,0.704322,-1.54714,0.796652
352,-1.25614,0.719758,-1.60621,0.792309
352.1,-1.1778,0.715661,-1.65246,0.77437
352.2,-1.09499,0.694837,-1.68528,0.742702
352.3,-1.00567,0.660185,-1.70429,0.696439
352.4,-0.908782,0.614618,-1.70949,0.633894
352.5,-0.804169,0.560919,-1.70156,0.55184
352.6,-0.692397,0.501556,-1.68185,0.443607
352.7,-0.574503,0.438504,-1.65242,0.291669
352.8,-0.451724,0.373115,-1.61585,0.0242444
352.9,-0.325262,0.306048,-1.57513,-0.295284
353,-0.196102,0.237282,-1.53344,0.376559
353.1,-0.0648996,0.166175,-1.49399,0.406194
353.2,0.0680559,0.0915527,-1.45996,-0.629597
353.3,0.202819,0.0117923,-1.4344,0.483944
353.4,0.33971,-0.0751217,-1.42027,-0.655759
353.5,0.479188,-0.17159,-1.42045,-0.0952772
353.6,0.621669,-0.280449,-1.43774,-2.15568
353.7,0.767259,-0.405074,-1.47485,0.2132
353.8,0.915369,-0.549528,-1.53428,0.514672
353.9,1.06412,-0.718699,-1.61787,0.698224
354,1.20942,-0.918309,-1.72611,0.851356
354.1,1.34362,-1.15453,-1.85677,0.989346
354.2,1.45362,-1.43275,-2.00266,1.11414
354.3,1.51884,-1.7547,-2.14866,1.22126
354.4,1.51033,-2.11339,-2.26861,1.30098
354.5,1.39369,-2.48647,-2.3251,0.0112428
354.6,1.13968,-2.83218,-2.27675,0.313929
354.7,0.741789,-3.09579,-2.09628,-0.374089
354.8,0.230531,-3.23041,-1.79213,-1.50359
354.9,-0.331412,-3.22056,-1.41497,0.63787
355,-0.873751,-3.08721,-1.03815,-2.16494
355.1,-1.34292,-2.86999,-0.726552,-1.16602
355.2,-1.71009,-2.60537,-0.51629,-1.48505
355.3,-1.96622,-2.31711,-0.412544,-1.31045
355.4,-2.11485,-2.01883,-0.398097,-0.215035
355.5,-2.16752,-1.71987,-0.444622,-0.0181886
355.6,-2.14108,-1.4286,-0.522468,-4.17914
355.7,-2.0552,-1.15261,-0.607262,0.235274
355.8,-1.92964,-0.89756,-0.682882,-0.747111
355.9,-1.78213,-0.666491,-0.74139,-1.83455
356,-1.62703,-0.45998,-0.781192,-1.1119
356.1,-1.47506,-0.276863,-0.804659,-0.491799
356.2,-1.33361,-0.115006,-0.816025,-1.30213
356.3,-1.20731,0.0281057,-0.819915,-1.99768
356.4,-1.0987,0.155022,-0.820485,0.366063
356.5,-1.00886,0.268156,-0.821049,0.43703
356.6,-0.937833,0.369716,-0.824019,0.491251
356.7,-0.885055,0.461685,-0.831023,0.534034
356.8,-0.849612,0.545808,-0.843086,0.568845
356.9,-0.830438,0.623598,-0.860833,0.598252
357,-0.826427,0.696329,-0.884662,0.624399
357.1,-0.836502,0.765025,-0.914897,0.649216
357.2,-0.859628,0.830447,-0.951893,0.674454
357.3,-0.894782,0.893064,-0.996109,0.701614
357.4,-0.940891,0.953003,-1.04815,0.731827
357.5,-0.996732,1.00999,-1.10878,0.765712
357.6,-1.06078,1.06323,-1.17883,0.803264
357.7,-1.13105,1.11136,-1.25913,0.843798
357.8,-1.20482,1.15222,-1.3503,0.885924
357.9,-1.27844,1.18284,-1.45241,0.927551
358,-1.34708,1.19936,-1.56461,0.965886
358.1,-1.40462,1.19718,-1.6846,0.99744
358.2,-1.44377,1.17137,-1.80813,1.01803
358.3,-1.45663,1.1174,-1.92878,1.02281
358.4,-1.43569,1.03228,-2.03813,1.00632
358.5,-1.37528,0.915783,-2.12672,0.891353
358.6,-1.27314,0.771225,-2.18579,-1.97533
358.7,-1.13128,0.605465,-2.20926,0.236469
358.8,-0.955994,0.427679,-2.19548,-1.04537
358.9,-0.756514,0.247357,-2.14778,-0.0961633
359,-0.54314,0.0722434,-2.07373,-0.919113
359.1,-0.325403,-0.0929742,-1.98349,-2.8849
359.2,-0.110902,-0.246935,-1.88782,-1.09231
359.3,0.0950455,-0.391021,-1.79657,-0.243674
359.4,0.289133,-0.528383,-1.71774,-1.13568
359.5,0.469459,-0.662986,-1.65702,0.404401
359.6,0.634828,-0.798907,-1.61782,0.584434
359.7,0.784079,-0.939887,-1.60129,0.71314
359.8,0.915478,-1.08906,-1.60642,0.815084
359.9,1.02621,-1.24869,-1.62988,0.900725
360,1.11196,-1.41977,-1.66583,0.973934
360.1,1.16675,-1.60131,-1.70562,1.03458
360.2,1.1832,-1.78947,-1.73772,1.07969
360.3,1.15352,-1.97655,-1.74825,1.10405
360.4,1.07141,-2.15068,-1.7226,0.112564
360.5,0.934812,-2.29681,-1.64828,-0.145252
360.6,0.748347,-2.3996,-1.51851,0.377705
360.7,0.52407,-2.4477,-1.33495,-2.43701
360.8,0.279401,-2.43756,-1.10801,-1.48261
360.9,0.0327854,-2.37481,-0.854036,-0.935279
361,-0.200823,-2.27235,-0.590922,-1.14948
361.1,-0.412565,-2.14644,-0.334122,-0.0416797
361.2,-0.59973,-2.01281,-0.0946497,-1.21674
361.3,-0.764083,-1.88406,0.121022,-2.24425
361.4,-0.90971,-1.76865,0.309936,-0.601462
361.5,-1.04125,-1.67097,0.47134,-1.16203
361.6,-1.16276,-1.592,0.605587,0.716763
361.7,-1.27721,-1.53008,0.713368,0.784323
361.8,-1.38623,-1.48163,0.795309,0.832409
361.9,-1.49017,-1.44178,0.851813,0.865669
362,-1.58812,-1.40484,0.883138,0.885825
362.1,-1.67808,-1.36489,0.88961,0.892793
362.2,-1.75719,-1.3163,0.871947,0.885348
362.3,-1.82214,-1.25426,0.831589,0.861522
362.4,-1.86966,-1.17536,0.770942,0.818802
362.5,-1.89722,-1.07792,0.693414,0.754041
362.6,-1.90358,-0.962139,0.603181,0.746213
362.7,-1.88921,-0.829888,0.504709,0.0545772
362.8,-1.85643,-0.684235,0.40214,-2.31737
362.9,-1.80914,-0.528832,0.298725,-1.12158
363,-1.75237,-0.367305,0.196446,-0.688056
363.1,-1.6917,-0.202787,0.0959016,0.180512
363.2,-1.63279,-0.0376618,-0.00357881,-0.303398
363.3,-1.58092,0.126498,-0.103682,-0.395044
363.4,-1.54085,0.288821,-0.206824,-0.16677
363.5,-1.51664,0.448914,-0.315919,-0.086111
363.6,-1.5117,0.606564,-0.434246,0.187392
363.7,-1.5287,0.761354,-0.565406,0.471358
363.8,-1.5694,0.912186,-0.713355,0.644919
363.9,-1.63434,1.05665,-0.882403,0.784426
364,-1.72204,1.1902,-1.07705,0.907891
364.1,-1.82784,1.30503,-1.30137,1.02022
364.2,-1.94222,1.38886,-1.55763,1.1202
364.3,-2.04882,1.42409,-1.84363,1.20228
364.4,-2.12344,1.38847,-2.14896,1.25689
364.5,-2.13584,1.25909,-2.45124,0.283787
364.6,-2.05714,1.02108,-2.71601,-0.247879
364.7,-1.8725,0.678428,-2.90405,-0.152108
364.8,-1.59264,0.259651,-2.98611,0.431173
364.9,-1.25438,-0.188903,-2.9561,-2.5196
365,-0.907174,-0.619401,-2.83212,-0.97842
365.1,-0.595052,-0.99685,-2.64492,-1.08095
365.2,-0.345442,-1.30341,-2.42377,-1.09611
365.3,-0.16779,-1.53469,-2.1889,-1.22788
365.4,-0.0580192,-1.69404,-1.95114,-1.43308
365.5,-0.00427646,-1.78859,-1.71524,-0.94538
365.6,0.00826399,-1.82728,-1.48334,-2.77641
365.7,-0.00597974,-1.82016,-1.25709,-1.61152
365.8,-0.0350475,-1.7778,-1.03832,-2.16545
365.9,-0.0703621,-1.71078,-0.828917,-2.53234
366,-0.106774,-1.62902,-0.630459,-2.30191
366.1,-0.142027,-1.54125,-0.443879,-1.84028
366.2,-0.175965,-1.45476,-0.269367,-0.150769
366.3,-0.209732,-1.37525,-0.106409,-1.86745
366.4,-0.245132,-1.30699,0.0460818,-0.251294
366.5,-0.284193,-1.25307,0.189593,-0.00357123
366.6,-0.328955,-1.21566,0.325841,0.184554
366.7,-0.381399,-1.19632,0.456612,0.316537
366.8,-0.443512,-1.19618,0.583607,0.418036
366.9,-0.517412,-1.21618,0.708291,0.504996
367,-0.605511,-1.25708,0.831708,0.58757
367.1,-0.710692,-1.31945,0.954234,0.672144
367.2,-0.836445,-1.40339,1.07521,0.76193
367.3,-0.986889,-1.50811,1.19237,0.857293
367.4,-1.16653,-1.63106,1.30104,0.956141
367.5,-1.37948,-1.76661,1.39301,1.05427
367.6,-1.6278,-1.90428,1.45526,1.14542
367.7,-1.90855,-2.02671,1.4692,1.22094
367.8,-2.20971,-2.10882,1.41155,1.26922
367.9,-2.50658,-2.12018,1.25905,0.62562
368,-2.76239,-2.03322,0.997868,-0.0416654
368.1,-2.93711,-1.83657,0.634628,-0.410069
368.2,-3.00308,-1.54582,0.200968,-0.027112
368.3,-2.95746,-1.20197,-0.255062,0.0888234
368.4,-2.82116,-0.856155,-0.686207,0.203497
368.5,-2.62578,-0.551572,-1.05949,0.303043
368.6,-2.39976,-0.313464,-1.35914,-1.50079
368.7,-2.16184,-0.148985,-1.58213,-3.80941
368.8,-1.92164,-0.05223,-1.73253,-1.29629
368.9,-1.68331,-0.0101049,-1.81789,-0.484791
369,-1.44892,-0.00709037,-1.84754,-0.458847
369.1,-1.22032,-0.0285451,-1.83193,-1.58995
369.2,-0.999603,-0.0626568,-1.78206,-0.764173
369.3,-0.788823,-0.10124,-1.70881,-0.375558
369.4,-0.589582,-0.139646,-1.62231,-0.711086
369.5,-0.402755,-0.17611,-1.53134,-0.418505
369.6,-0.228414,-0.210888,-1.44309,-0.742419
369.7,-0.0659145,-0.245424,-1.36315,-0.277011
369.8,0.085947,-0.281712,-1.2956,-0.104455
369.9,0.228743,-0.321892,-1.24335,0.100491
370,0.364236,-0.368056,-1.20841,0.254418
370.1,0.494217,-0.422215,-1.19217,0.36869
370.2,0.620348,-0.48638,-1.19566,0.46054
370.3,0.744001,-0.5627,-1.21964,0.542054
370.4,0.866067,-0.653634,-1.26473,0.621495
370.5,0.986686,-0.762115,-1.33124,0.704081
370.6,1.10485,-0.891661,-1.41894,0.79218
370.7,1.2178,-1.04633,-1.5265,0.885511
370.8,1.32019,-1.23038,-1.65058,0.981471
370.9,1.40298,-1.44728,-1.78443,1.07545
371,1.45232,-1.69786,-1.91617,1.1607
371.1,1.44913,-1.97719,-2.02703,1.22813
371.2,1.37085,-2.27067,-2.09123,1.26543
371.3,1.19696,-2.5514,-2.07946,0.432246
371.4,0.918574,-2.78253,-1.96813,0.480001
371.5,0.547976,-2.92749,-1.75187,0.133337
371.6,0.119981,-2.96494,-1.45146,0.286183
371.7,-0.318732,-2.89793,-1.10908,0.388744
371.8,-0.725833,-2.74993,-0.772565,0.284187
371.9,-1.07392,-2.55165,-0.479757,0.114667
372,-1.35132,-2.32906,-0.251379,-0.849128
372.1,-1.55721,-2.09856,-0.0921877,-1.28305
372.2,-1.69648,-1.86819,0.00405685,-2.06881
372.3,-1.77657,-1.64109,0.0494247,-1.93727
372.4,-1.80611,-1.41856,0.0578148,-7.08832
372.5,-1.7945,-1.20174,0.0422578,-3.5255
372.6,-1.75147,-0.992087,0.0133407,-1.57332
372.7,-1.68665,-0.791164,-0.0214479,-3.38966
372.8,-1.60904,-0.600285,-0.0576666,-0.597452
372.9,-1.52658,-0.420217,-0.0934152,-2.07068
373,-1.4459,-0.251059,-0.128633,-1.15817
373.1,-1.37224,-0.0922751,-0.164411,-0.0123454
373.2,-1.30958,0.0571978,-0.202437,-0.055637
373.3,-1.26086,0.198797,-0.244635,-0.283559
373.4,-1.22823,0.334177,-0.292979,0.100981
373.5,-1.2133,0.465052,-0.349448,0.269017
373.6,-1.21735,0.593053,-0.416089,0.387459
373.7,-1.24147,0.719559,-0.495142,0.485939
373.8,-1.28662,0.845502,-0.589213,0.57812
373.9,-1.35355,0.971092,-0.70144,0.671345
374,-1.44248,1.09539,-0.835636,0.76891
374.1,-1.55263,1.21566,-0.996282,0.870983
374.2,-1.68115,1.32646,-1.18822,0.975213
374.3,-1.82167,1.4183,-1.41572,1.07707
374.4,-1.96224,1.47634,-1.68048,1.16982
374.5,-2.08317,1.47957,-1.97818,1.24406
374.6,-2.15645,1.4024,-2.29387,-2.26268
374.7,-2.14932,1.2207,-2.59848,-0.0807357
374.8,-2.03481,0.923044,-2.85089,-0.262171
374.9,-1.80674,0.522336,-3.00967,-0.0283144
375,-1.48954,0.058018,-3.05067,0.442618
375.1,-1.13235,-0.41655,-2.97787,-2.98255
375.2,-0.789868,-0.853308,-2.81793,0.601412
375.3,-0.503643,-1.22152,-2.60435,-3.92287
375.4,-0.29422,-1.50815,-2.36416,-2.57637
375.5,-0.163261,-1.71221,-2.11365,-2.1057
375.6,-0.0999251,-1.83926,-1.86085,-1.29378
375.7,-0.0873588,-1.89833,-1.60973,-1.77319
375.8,-0.10774,-1.90057,-1.36317,-2.89051
375.9,-0.145616,-1.85842,-1.12415,-1.59987
376,-0.189619,-1.78465,-0.895577,-2.26842
376.1,-0.232828,-1.69145,-0.679829,-0.616281
376.2,-0.272188,-1.5896,-0.478373,-2.28673
376.3,-0.307451,-1.488,-0.291661,-0.414388
376.4,-0.340078,-1.39352,-0.11924,-0.658124
376.5,-0.372331,-1.31117,0.040033,0.0246308
376.6,-0.406667,-1.24439,0.18776,0.182646
376.7,-0.445419,-1.19538,0.325787,0.30982
376.8,-0.490695,-1.16553,0.456019,0.408636
376.9,-0.544431,-1.15564,0.580262,0.488546
377,-0.608518,-1.16619,0.700082,0.558145
377.1,-0.684974,-1.19738,0.816643,0.624345
377.2,-0.77611,-1.24921,0.930517,0.692311
377.3,-0.884657,-1.32125,1.04141,0.765214
377.4,-1.01379,-1.41234,1.14774,0.843999
377.5,-1.16695,-1.51997,1.24611,0.927412
377.6,-1.34732,-1.63937,1.33049,1.01219
377.7,-1.55663,-1.76224,1.39143,1.09323
377.8,-1.79326,-1.87544,1.4154,1.16351
377.9,-2.04938,-1.96009,1.38528,1.21382
378,-2.30828,-1.99266,1.28289,-0.66063
378.1,-2.5437,-1.94946,1.09477,0.411204
378.2,-2.72403,-1.815,0.819804,0.262155
378.3,-2.82202,-1.59091,0.47469,-0.232828
378.4,-2.82572,-1.29918,0.0918266,-0.721429
378.5,-2.74295,-0.975813,-0.290904,-1.68137
378.6,-2.59616,-0.658467,-0.642044,0.644504
378.7,-2.41194,-0.376005,-0.942933,0.23114
378.8,-2.21237,-0.144511,-1.18706,-0.559222
378.9,-2.01154,0.031266,-1.3758,-0.465907
379,-1.81618,0.154283,-1.51418,-0.24268
379.1,-1.62818,0.231729,-1.60827,-0.738751
379.2,-1.44706,0.272495,-1.66413,-1.25813
379.3,-1.27174,0.285554,-1.68756,-2.35011
379.4,-1.10139,0.278987,-1.68423,-2.20552
379.5,-0.935762,0.259443,-1.65976,-1.44378
379.6,-0.775008,0.231905,-1.61969,-0.845642
379.7,-0.619483,0.199712,-1.56933,-1.21709
379.8,-0.469481,0.164731,-1.51362,0.0409448
379.9,-0.325052,0.12764,-1.45696,-0.382386
380,-0.185919,0.0882282,-1.40319,-0.505434
380.1,-0.051453,0.0456744,-1.35551,-0.125101
380.2,0.0792839,-0.00124323,-1.31663,-1.5728
380.3,0.207473,-0.054012,-1.28882,-1.18261
380.4,0.334449,-0.114328,-1.27408,0.505692
380.5,0.461594,-0.184107,-1.27428,-0.232366
380.6,0.590214,-0.265565,-1.29126,-1.03165
380.7,0.721374,-0.361337,-1.32688,0.255232
380.8,0.855661,-0.474655,-1.38305,0.459391
380.9,0.992816,-0.609534,-1.46153,0.612263
381,1.13114,-0.770935,-1.56356,0.751216
381.1,1.26658,-0.964755,-1.68903,0.884482
381.2,1.39126,-1.19738,-1.83505,1.01264
381.3,1.49157,-1.47428,-1.99369,1.1321
381.4,1.54606,-1.79691,-2.14876,1.23562
381.5,1.52463,-2.15723,-2.27286,1.31176
381.6,1.392,-2.53092,-2.32741,0.357879
381.7,1.11926,-2.87371,-2.27098,0.13948
381.8,0.702312,-3.12921,-2.07858,0.130727
381.9,0.175475,-3.25145,-1.76332,-1.14412
382,-0.395583,-3.22816,-1.38078,0.519267
382.1,-0.940071,-3.08342,-1.00673,-0.0462394
382.2,-1.40584,-2.85797,-0.70521,-1.84205
382.3,-1.76582,-2.58752,-0.509565,-3.39102
382.4,-2.01233,-2.29477,-0.42178,-0.638775
382.5,-2.14997,-1.99288,-0.421965,-0.322247
382.6,-2.19132,-1.69145,-0.480049,-1.32509
382.7,-2.15419,-1.3993,-0.565665,-1.055
382.8,-2.05899,-1.12421,-0.654589,-0.489313
382.9,-1.92584,-0.871691,-0.731366,-1.19079
383,-1.77243,-0.644368,-0.788893,-0.786758
383.1,-1.61286,-0.442352,-0.826328,-0.228126
383.2,-1.45746,-0.264071,-0.846604,-0.878759
383.3,-1.31323,-0.107107,-0.854324,-2.97723
383.4,-1.18448,0.0312182,-0.854326,-0.285295
383.5,-1.07349,0.153525,-0.85087,0.371097
383.6,-0.981118,0.262235,-0.847306,0.437596
383.7,-0.907285,0.359528,-0.846038,0.48849
383.8,-0.851309,0.44734,-0.848653,0.528702
383.9,-0.812198,0.527378,-0.856114,0.561351
384,-0.788822,0.601121,-0.868958,0.588685
384.1,-0.780038,0.669828,-0.88748,0.612567
384.2,-0.784749,0.734541,-0.911868,0.634684
384.3,-0.801928,0.796073,-0.942321,0.65661
384.4,-0.830606,0.854997,-0.97912,0.679772
384.5,-0.869826,0.911615,-1.02268,0.705352
384.6,-0.918576,0.965919,-1.07356,0.734172
384.7,-0.975678,1.01752,-1.13244,0.766582
384.8,-1.03966,1.06557,-1.20009,0.802379
384.9,-1.10858,1.10865,-1.27721,0.840764
385,-1.17982,1.14471,-1.36424,0.880329
385.1,-1.24991,1.17091,-1.46112,0.919048
385.2,-1.31429,1.1837,-1.56686,0.954276
385.3,-1.36732,1.17892,-1.67916,0.982746
385.4,-1.40237,1.1522,-1.79396,1.00058
385.5,-1.41237,1.09965,-1.90534,1.00333
385.6,-1.39067,1.01881,-2.00569,0.985989
385.7,-1.33236,0.909637,-2.0866,0.94299
385.8,-1.23543,0.775157,-2.14035,-1.20102
385.9,-1.10166,0.6214,-2.16161,-5.74261
386,-0.936447,0.456362,-2.14891,-0.915261
386.1,-0.747832,0.288318,-2.10511,-0.854211
386.2,-0.544876,0.124085,-2.03686,-0.354127
386.3,-0.336112,-0.0321315,-1.95323,-0.11525
386.4,-0.128495,-0.179043,-1.86406,0.182382
386.5,0.0729796,-0.317844,-1.7786,-1.93916
386.6,0.265107,-0.451416,-1.7046,-0.65846
386.7,0.445984,-0.583514,-1.64791,0.308816
386.8,0.614396,-0.718136,-1.61235,0.524706
386.9,0.769175,-0.859127,-1.59975,0.671547
387,0.908595,-1.00994,-1.60988,0.785929
387.1,1.02979,-1.17338,-1.64035,0.88209
387.2,1.12823,-1.35124,-1.68613,0.965521
387.3,1.19733,-1.54355,-1.73916,1.03684
387.4,1.22846,-1.74746,-1.78785,1.09341
387.5,1.21168,-1.95593,-1.81731,1.12981
387.6,1.13774,-2.1567,-1.81059,1.02622
387.7,1.0013,-2.33269,-1.75183,-1.00181
387.8,0.804569,-2.46487,-1.63068,-1.12791
387.9,0.559328,-2.53738,-1.44662,0.231032
388,0.285462,-2.54301,-1.21038,-0.103746
388.1,0.00582603,-2.48589,-0.941262,-0.972193
388.2,-0.259889,-2.37978,-0.661367,0.20286
388.3,-0.49917,-2.24323,-0.390132,-0.533668
388.4,-0.707229,-2.09434,-0.141269,0.182085
388.5,-0.885055,-1.94741,0.0775153,-1.37417
388.6,-1.03669,-1.81162,0.263193,-0.87177
388.7,-1.167,-1.69139,0.415703,0.17031
388.8,-1.28029,-1.58738,0.536537,-0.0722057
388.9,-1.37968,-1.49764,0.627831,0.767339
389,-1.46702,-1.41864,0.69189,0.796589
389.1,-1.54301,-1.34608,0.731017,0.809556
389.2,-1.60746,-1.27553,0.747525,0.808412
389.3,-1.65962,-1.20297,0.743814,0.793795
389.4,-1.69852,-1.12508,0.722466,0.765389
389.5,-1.72333,-1.03954,0.686263,0.722195
389.6,-1.73368,-0.945087,0.638134,0.662478
389.7,-1.72986,-0.841469,0.581002,0.583241
389.8,-1.713,-0.729294,0.517577,0.478535
389.9,-1.68503,-0.609752,0.450125,0.333838
390,-1.64856,-0.484324,0.380292,0.0971023
390.1,-1.60673,-0.354499,0.30899,-0.070735
390.2,-1.56292,-0.221558,0.23638,-2.78157
390.3,-1.52064,-0.0864286,0.161926,-0.206789
390.4,-1.48332,0.0503681,0.084491,0.0429195
390.5,-1.45427,0.188702,0.00244074,0.289334
390.6,-1.43663,0.328756,-0.0862815,-1.08242
390.7,-1.43342,0.470886,-0.184125,0.292327
390.8,-1.44753,0.615434,-0.293964,-0.295107
390.9,-1.4817,0.762448,-0.419189,0.249993
391,-1.53835,0.911293,-0.563842,0.527549
391.1,-1.61924,1.06005,-0.732738,0.705811
391.2,-1.72468,1.20461,-0.931464,0.855703
391.3,-1.85225,1.33736,-1.16598,0.991008
391.4,-1.99459,1.44537,-1.44136,1.11333
391.5,-2.13653,1.50847,-1.75899,1.21812
391.6,-2.25228,1.49851,-2.11165,1.29573
391.7,-2.30529,1.38243,-2.47719,-0.0917465
391.8,-2.25551,1.13243,-2.8149,0.0530622
391.9,-2.07673,0.742864,-3.07185,-0.573528
392,-1.777,0.243504,-3.20291,-1.17019
392.1,-1.4047,-0.305207,-3.1931,-0.526965
392.2,-1.0301,-0.835556,-3.06255,0.126246
392.3,-0.715859,-1.29581,-2.8497,0.294667
392.4,-0.497705,-1.65808,-2.59036,-2.24613
392.5,-0.382021,-1.91357,-2.30805,-0.838971
392.6,-0.353749,-2.06556,-2.016,-4.84128
392.7,-0.386884,-2.12482,-1.72274,-0.349125
392.8,-0.453616,-2.10707,-1.43577,-1.61575
392.9,-0.530599,-2.03076,-1.16201,-0.14155
393,-0.601942,-1.91475,-0.906925,-1.09557
393.1,-0.659401,-1.77623,-0.673792,0.00474359
393.2,-0.700818,-1.62941,-0.463658,-0.508625
393.3,-0.727959,-1.48509,-0.275863,-0.977228
393.4,-0.744531,-1.35086,-0.10869,-0.501026
393.5,-0.754747,-1.23159,0.0400943,0.260205
393.6,-0.762469,-1.13006,0.172883,0.363523
393.7,-0.770829,-1.04754,0.292029,0.440205
393.8,-0.782151,-0.984265,0.399736,0.499024
393.9,-0.798062,-0.939813,0.498007,0.545667
394,-0.819663,-0.91341,0.588605,0.584109
394.1,-0.847727,-0.904099,0.673037,0.617446
394.2,-0.882871,-0.910859,0.752525,0.64832
394.3,-0.925701,-0.932641,0.827975,0.679037
394.4,-0.976911,-0.96836,0.899935,0.711541
394.5,-1.03735,-1.01682,0.968522,0.747262
394.6,-1.108,-1.07659,1.03333,0.786934
394.7,-1.18995,-1.14583,1.0933,0.830465
394.8,-1.28422,-1.22201,1.14654,0.876879
394.9,-1.39145,-1.30163,1.19018,0.924309
395,-1.51149,-1.37991,1.22023,0.970017
395.1,-1.64279,-1.45045,1.23157,1.01041
395.2,-1.78171,-1.50525,1.21824,1.04103
395.3,-1.92192,-1.535,1.17416,1.05657
395.4,-2.0543,-1.5301,1.09443,1.05092
395.5,-2.16761,-1.48238,0.976895,-1.12377
395.6,-2.25034,-1.38719,0.82374,-0.645087
395.7,-2.2934,-1.24517,0.641981,-0.280037
395.8,-2.29266,-1.06264,0.442478,-1.67212
395.9,-2.25026,-0.850403,0.237485,-0.116101
396,-2.17411,-0.62126,0.0377598,-0.903108
396.1,-2.07582,-0.387402,-0.149546,-1.22562
396.2,-1.96805,-0.15864,-0.321551,-0.827356
396.3,-1.86237,0.0582103,-0.479011,-0.90179
396.4,-1.76795,0.259024,-0.62504,-0.0395135
396.5,-1.69102,0.441591,-0.763804,0.465312
396.6,-1.63494,0.604755,-0.89953,0.62271
396.7,-1.6004,0.747639,-1.0359,0.735503
396.8,-1.58571,0.86905,-1.17569,0.823004
396.9,-1.58697,0.967055,-1.32055,0.89405
397,-1.59812,1.03876,-1.47068,0.952083
397.1,-1.61111,1.08035,-1.62446,0.99719
397.2,-1.61614,1.08749,-1.77797,1.02714
397.3,-1.60248,1.05618,-1.92472,1.03801
397.4,-1.55976,0.984072,-2.05584,1.02422
397.5,-1.47985,0.871942,-2.16114,0.335307
397.6,-1.35881,0.72475,-2.23113,0.259274
397.7,-1.19809,0.551557,-2.25945,0.268495
397.8,-1.00437,0.364021,-2.24486,-0.543559
397.9,-0.78792,0.17389,-2.19185,-0.624204
398,-0.560145,-0.00945465,-2.10958,-1.05328
398.1,-0.331385,-0.180468,-2.00976,-0.948367
398.2,-0.109607,-0.337575,-1.90439,-0.192788
398.3,0.099881,-0.482312,-1.80399,-3.60991
398.4,0.294023,-0.618088,-1.71671,0.169441
398.5,0.471274,-0.749045,-1.64797,0.473713
398.6,0.630835,-0.879263,-1.60065,0.62393
398.7,0.771968,-1.01229,-1.57523,0.734422
398.8,0.893456,-1.15086,-1.57004,0.822392
398.9,0.99319,-1.2967,-1.5813,0.895743
399,1.06792,-1.45022,-1.60308,0.957407
399.1,1.11323,-1.61,-1.62728,1.0071
399.2,1.1239,-1.77225,-1.64378,1.04225
399.3,1.09475,-1.93026,-1.64109,1.0585
399.4,1.02213,-2.07446,-1.60768,1.05
399.5,0.905693,-2.19335,-1.53411,-0.395375
399.6,0.749853,-2.27567,-1.41528,-1.17367
399.7,0.564044,-2.31334,-1.25225,-0.263842
399.8,0.361196,-2.3039,-1.05222,-1.9413
399.9,0.154843,-2.25157,-0.826787,-0.968129
400,-0.0438988,-2.16608,-0.589084,-0.220743
400.1,-0.228224,-2.06025,-0.351055,-0.362634
400.2,-0.395905,-1.94722,-0.121854,-0.446075
400.3,-0.548318,-1.83842,0.0925113,-0.0707886
400.4,-0.688968,-1.74246,0.288679,-0.275
400.5,-0.822156,-1.66484,0.465061,0.515351
400.6,-0.952025,-1.60816,0.620968,0.651752
400.7,-1.08202,-1.57245,0.755884,0.751612
400.8,-1.21462,-1.55548,0.868941,0.829758
400.9,-1.3511,-1.55304,0.958575,0.893152
401,-1.49134,-1.55903,1.02239,0.944381
401.1,-1.63351,-1.56569,1.05727,0.98321
401.2,-1.77373,-1.56396,1.05977,1.00744
401.3,-1.90598,-1.54423,1.02695,1.01343
401.4,-2.02237,-1.49752,0.957465,0.996489
401.5,-2.11416,-1.41702,0.852671,-0.388263
401.6,-2.17351,-1.29964,0.717394,-0.389869
401.7,-2.1954,-1.14681,0.559684,-0.361874
401.8,-2.17921,-0.964268,0.389505,-0.300508
401.9,-2.12908,-0.76068,0.216711,-0.0713496
402,-2.05308,-0.545684,0.0490975,-1.05865
402.1,-1.96154,-0.328119,-0.108761,-0.00130848
402.2,-1.86517,-0.11494,-0.255636,-0.806079
402.3,-1.77363,0.0890891,-0.392987,-0.175351
402.4,-1.69469,0.281104,-0.523964,-0.8061
402.5,-1.63388,0.459559,-0.652485,0.393218
402.6,-1.59453,0.623563,-0.782554,0.570647
402.7,-1.57786,0.772242,-0.917863,0.698242
402.8,-1.58308,0.904171,-1.06155,0.799866
402.9,-1.60722,1.01688,-1.21601,0.885929
403,-1.645,1.10641,-1.38247,0.960457
403.1,-1.68842,1.16715,-1.56048,1.02356
403.2,-1.72663,1.19186,-1.74692,1.07254
403.3,-1.7462,1.17258,-1.93503,1.10246
403.4,-1.73248,1.10224,-2.11383,1.10663
403.5,-1.6721,0.977347,-2.26869,0.177758
403.6,-1.55658,0.80062,-2.38377,-1.31446
403.7,-1.38543,0.582372,-2.44616,-0.987694
403.8,-1.16723,0.33914,-2.45006,-1.27664
403.9,-0.917476,0.0897019,-2.3989,-0.0360283
404,-0.654301,-0.149677,-2.30419,-0.0515831
404.1,-0.394197,-0.368483,-2.18188,0.0323932
404.2,-0.149434,-0.562595,-2.04821,0.0774198
404.3,0.0724331,-0.732894,-1.91673,-0.230119
404.4,0.267709,-0.883106,-1.79693,-0.47994
404.5,0.435242,-1.01787,-1.6941,-1.31298
404.6,0.575229,-1.14146,-1.60991,0.698739
404.7,0.688372,-1.25711,-1.54322,0.77122
404.8,0.775385,-1.36677,-1.49081,0.822467
404.9,0.836793,-1.47105,-1.44805,0.858032
405,0.872959,-1.56933,-1.4094,0.880195
405.1,0.884272,-1.65986,-1.36903,0.889237
405.2,0.871441,-1.74,-1.32125,0.884182
405.3,0.835822,-1.80658,-1.26118,0.863254
405.4,0.779671,-1.85641,-1.18515,0.824108
405.5,0.706212,-1.88688,-1.0912,0.763799
405.6,0.619459,-1.89657,-0.979179,0.678363
405.7,0.523781,-1.88568,-0.850617,-1.03874
405.8,0.423324,-1.85618,-0.708318,-0.489878
405.9,0.321448,-1.81165,-0.555766,-1.85562
406,0.220317,-1.75688,-0.396519,-0.00997855
406.1,0.120751,-1.69728,-0.233731,-1.53542
406.2,0.022296,-1.63841,-0.0698574,-0.488208
406.3,-0.0765472,-1.58558,0.0934372,0.190722
406.4,-0.178046,-1.54356,0.255201,-0.634113
406.5,-0.284999,-1.51653,0.415002,0.0773277
406.6,-0.40059,-1.50801,0.572643,0.0416265
406.7,-0.528336,-1.52083,0.727813,0.416187
406.8,-0.672116,-1.55703,0.879629,0.60594
406.9,-0.836191,-1.6175,1.02606,0.75216
407,-1.0251,-1.70137,1.16311,0.879596
407.1,-1.24319,-1.80491,1.28379,0.995356
407.2,-1.49342,-1.91992,1.37688,1.09943
407.3,-1.77502,-2.03173,1.42582,1.18718
407.4,-2.07985,-2.11775,1.40891,1.24995
407.5,-2.38838,-2.14836,1.30235,0.185954
407.6,-2.66816,-2.09294,1.08802,0.350973
407.7,-2.87935,-1.93188,0.764534,0.376651
407.8,-2.98843,-1.6696,0.355181,0.32535
407.9,-2.98317,-1.33836,-0.0957963,0.439435
408,-2.8771,-0.987305,-0.538533,0.626437
408.1,-2.69982,-0.663835,-0.933708,-0.0839146
408.2,-2.4822,-0.399897,-1.25938,-2.2826
408.3,-2.24686,-0.208611,-1.5085,-4.80376
408.4,-2.00651,-0.0880074,-1.68308,-0.880468
408.5,-1.76697,-0.0269406,-1.78976,-0.568883
408.6,-1.53087,-0.0103434,-1.83741,-0.815873
408.7,-1.30009,-0.0230462,-1.83619,-2.24958
408.8,-1.07663,-0.052174,-1.79701,-0.488911
408.9,-0.86256,-0.0883068,-1.73086,-0.357784
409,-0.659641,-0.125653,-1.64817,-0.496001
409.1,-0.468974,-0.161552,-1.55819,-1.17953
409.2,-0.290872,-0.195648,-1.46863,-0.160983
409.3,-0.124901,-0.229031,-1.38557,-0.424117
409.4,0.0299828,-0.263534,-1.31357,-0.181387
409.5,0.175255,-0.301246,-1.25587,0.0282479
409.6,0.31264,-0.344257,-1.21476,0.20048
409.7,0.443947,-0.394574,-1.19179,0.326492
409.8,0.570915,-0.454169,-1.1881,0.424452
409.9,0.69506,-0.525102,-1.20454,0.508204
410,0.8175,-0.609681,-1.24182,0.587307
410.1,0.938727,-0.71064,-1.30041,0.668119
410.2,1.05827,-0.831278,-1.38038,0.754096
410.3,1.17416,-0.975498,-1.48099,0.845937
410.4,1.28224,-1.14761,-1.59992,0.941884
410.5,1.37507,-1.35166,-1.73203,1.03806
410.6,1.44077,-1.58996,-1.86779,1.12856
410.7,1.46219,-1.86046,-1.99131,1.20527
410.8,1.41745,-2.15296,-2.07932,1.25729
410.9,1.28385,-2.44551,-2.10284,0.194465
411,1.04609,-2.70412,-2.03411,-0.264574
411.1,0.706935,-2.88984,-1.85865,0.232265
411.2,0.293,-2.97298,-1.58658,-1.67418
411.3,-0.151272,-2.94628,-1.2535,0.202572
411.4,-0.579269,-2.82648,-0.907912,0.725722
411.5,-0.95641,-2.64344,-0.593768,0.453465
411.6,-1.2648,-2.42629,-0.339175,-0.565521
411.7,-1.49984,-2.19548,-0.154702,-2.11813
411.8,-1.66463,-1.96203,-0.0374911,-2.09978
411.9,-1.76592,-1.73066,0.0232283,-0.753719
412,-1.81218,-1.50326,0.0414879,-0.47643
412.1,-1.81281,-1.28111,0.0312787,-3.65649
412.2,-1.77782,-1.06572,0.00449883,-1.10292
412.3,-1.71725,-0.858813,-0.0300493,-1.82595
412.4,-1.64071,-0.661921,-0.0668266,-0.453956
412.5,-1.55679,-0.476067,-0.103147,-0.609383
412.6,-1.47274,-0.301588,-0.138472,-0.8661
412.7,-1.39441,-0.138134,-0.173663,-0.49416
412.8,-1.32623,0.0152295,-0.210341,-0.692731
412.9,-1.27148,0.159867,-0.250447,-0.207387
413,-1.23251,0.297409,-0.29599,0.0893034
413.1,-1.21106,0.429592,-0.348963,0.256719
413.2,-1.20843,0.558105,-0.411379,0.375319
413.3,-1.22569,0.684434,-0.485382,0.472219
413.4,-1.26377,0.809679,-0.573405,0.561215
413.5,-1.32338,0.934311,-0.678349,0.650275
413.6,-1.40486,1.05781,-0.803728,0.743478
413.7,-1.5077,1.17812,-0.953724,0.841749
413.8,-1.62973,1.29081,-1.13299,0.94341
413.9,-1.76583,1.38796,-1.34595,1.04457
414,-1.90609,1.45683,-1.59524,1.13922
414.1,-2.03369,1.47884,-1.87878,1.21896
414.2,-2.12369,1.43019,-2.18561,1.27232
414.3,-2.1449,1.28618,-2.49184,-0.316277
414.4,-2.06784,1.0306,-2.76048,0.171607
414.5,-1.87837,0.667613,-2.94962,-0.25088
414.6,-1.59005,0.22772,-3.02859,0.395221
414.7,-1.24391,-0.239873,-2.99195,0.418744
414.8,-0.893299,-0.68512,-2.85965,-0.394343
414.9,-0.584275,-1.0721,-2.66397,0.0878617
415,-0.344226,-1.38296,-2.43457,-1.04809
415.1,-0.181091,-1.61354,-2.19121,-2.81902
415.2,-0.0885721,-1.7676,-1.94418,-0.750706
415.3,-0.0524798,-1.85284,-1.69815,-0.97028
415.4,-0.0559996,-1.87921,-1.45576,-2.39453
415.5,-0.0833801,-1.858,-1.21941,-1.08858
415.6,-0.122097,-1.80115,-0.991693,-0.395895
415.7,-0.163693,-1.72048,-0.774992,-1.48506
415.8,-0.203591,-1.62681,-0.571065,-0.479032
415.9,-0.240312,-1.52946,-0.38079,-0.189788
416,-0.274459,-1.43589,-0.204146,-0.875792
416.1,-0.307799,-1.35178,-0.0403539,-0.129138
416.2,-0.342568,-1.28119,0.111921,0.0438421
416.3,-0.381057,-1.2269,0.254364,0.203691
416.4,-0.425422,-1.19075,0.388816,0.327331
416.5,-0.477673,-1.17393,0.517112,0.423575
416.6,-0.539765,-1.1772,0.640921,0.503596
416.7,-0.613751,-1.20111,0.761598,0.576332
416.8,-0.701952,-1.24597,0.87999,0.64846
416.9,-0.807117,-1.31179,0.996186,0.724396
417,-0.932506,-1.39798,1.10914,0.806128
417.1,-1.08182,-1.50286,1.21612,0.893232
417.2,-1.25884,-1.62279,1.31195,0.983088
417.3,-1.46646,-1.75089,1.38801,1.07111
417.4,-1.70493,-1.87552,1.43139,1.15077
417.5,-1.96905,-1.9789,1.42465,1.21329
417.6,-2.24482,-2.03712,1.34754,1.24748
417.7,-2.50734,-2.02356,1.1821,-0.0845926
417.8,-2.72312,-1.91691,0.920966,0.446975
417.9,-2.85916,-1.71201,0.575409,-0.106826
418,-2.89585,-1.42656,0.176422,0.21027
418.1,-2.83519,-1.09734,-0.234384,-0.564347
418.2,-2.69794,-0.767108,-0.618815,-1.2284
418.3,-2.51252,-0.470963,-0.95171,-1.28508
418.4,-2.30407,-0.229667,-1.22217,-0.634221
418.5,-2.0893,-0.050079,-1.42938,-0.581412
418.6,-1.87667,0.0708649,-1.57781,-1.32319
418.7,-1.66922,0.141836,-1.67394,-0.322031
418.8,-1.46741,0.173772,-1.72487,-0.230013
418.9,-1.27109,0.177628,-1.73794,-1.1507
419,-1.08043,0.163009,-1.72058,-0.239749
419.1,-0.895994,0.137445,-1.68027,-0.950469
419.2,-0.718565,0.106172,-1.62425,-1.50152
419.3,-0.54883,0.0722833,-1.55924,-0.674939
419.4,-0.387138,0.037106,-1.49124,-1.58658
419.5,-0.233388,0.000663513,-1.42531,0.0857679
419.6,-0.0870097,-0.0378801,-1.3656,0.189564
419.7,0.0529742,-0.0798673,-1.31542,0.389672
419.8,0.187851,-0.126913,-1.27737,-0.502782
419.9,0.3191,-0.180785,-1.25354,-0.365896
420,0.448273,-0.24339,-1.24572,0.347668
420.1,0.576855,-0.316827,-1.2555,0.191158
420.2,0.70611,-0.403516,-1.28444,0.371033
420.3,0.836867,-0.506358,-1.33403,0.504223
420.4,0.96921,-0.628921,-1.40564,0.625588
420.5,1.10199,-0.775596,-1.50017,0.744838
420.6,1.23204,-0.951624,-1.61744,0.86446
420.7,1.35305,-1.16277,-1.75497,0.983162
420.8,1.4539,-1.41428,-1.9062,1.09685
420.9,1.51689,-1.70843,-2.05781,1.19867
421,1.51662,-2.04022,-2.18698,1.27844
421.1,1.42199,-2.39152,-2.2606,0.196049
421.2,1.20432,-2.72664,-2.24025,0.386863
421.3,0.852192,-2.99592,-2.09655,-0.340164
421.4,0.385945,-3.15216,-1.82875,-1.45083
421.5,-0.142308,-3.17281,-1.47467,-0.0724936
421.6,-0.667657,-3.06977,-1.09865,-2.25434
421.7,-1.1361,-2.87767,-0.764577,-0.458588
421.8,-1.51586,-2.63324,-0.514297,-2.71377
421.9,-1.79496,-2.36255,-0.361724,-1.22863
422,-1.97425,-2.08034,-0.298395,-0.850718
422.1,-2.06219,-1.79496,-0.302888,-0.482623
422.2,-2.07217,-1.51287,-0.349631,-0.913277
422.3,-2.02064,-1.24021,-0.415385,-0.949281
422.4,-1.92521,-0.982401,-0.482905,0.00357386
422.5,-1.8027,-0.743334,-0.541958,-2.56979
422.6,-1.66768,-0.524985,-0.588444,-0.359273
422.7,-1.53174,-0.327603,-0.622599,-1.05326
422.8,-1.40342,-0.150184,-0.647115,-0.92258
422.9,-1.2885,0.00903556,-0.665642,-0.414977
423,-1.19053,0.152194,-0.681811,0.321573
423.1,-1.11142,0.28154,-0.698739,0.413102
423.2,-1.0519,0.399272,-0.718869,0.483209
423.3,-1.01196,0.507434,-0.744022,0.538725
423.4,-0.991107,0.607841,-0.77555,0.584699
423.5,-0.98861,0.702026,-0.814519,0.625144
423.6,-1.0036,0.791184,-0.861892,0.663439
423.7,-1.03508,0.876104,-0.918669,0.702415
423.8,-1.08193,0.957077,-0.985991,0.744235
423.9,-1.14271,1.03377,-1.06518,0.790175
424,-1.2155,1.10504,-1.15768,0.840432
424.1,-1.29752,1.16871,-1.26492,0.894039
424.2,-1.38481,1.22133,-1.38791,0.948873
424.3,-1.47168,1.25791,-1.52672,1.0017
424.4,-1.55035,1.2719,-1.67965,1.04821
424.5,-1.61075,1.25554,-1.8422,1.083
424.6,-1.64108,1.20087,-2.00624,1.09953
424.7,-1.6292,1.10156,-2.15981,1.09017
424.8,-1.56524,0.955406,-2.28823,0.339161
424.9,-1.44468,0.76641,-2.37694,0.0624563
425,-1.27052,0.545277,-2.41542,-3.00737
425.1,-1.05343,0.307402,-2.40054,-0.054372
425.2,-0.809066,0.0689599,-2.33761,-1.25752
425.3,-0.554279,-0.157069,-2.23862,-1.31558
425.4,-0.303626,-0.363157,-2.11871,-0.290164
425.5,-0.0676372,-0.547262,-1.99267,0.0706545
425.6,0.147261,-0.711347,-1.87251,0.207866
425.7,0.337845,-0.859465,-1.76643,-1.06236
425.8,0.502901,-0.996151,-1.67883,0.618684
425.9,0.642192,-1.12539,-1.61078,0.723298
426,0.755724,-1.25009,-1.56065,0.798419
426.1,0.843316,-1.37183,-1.52471,0.854071
426.2,0.904448,-1.49078,-1.49761,0.894821
426.3,0.938346,-1.60569,-1.47292,0.922071
426.4,0.94427,-1.71388,-1.4436,0.935224
426.5,0.92199,-1.81145,-1.4027,0.932385
426.6,0.87232,-1.89367,-1.34414,0.91079
426.7,0.797579,-1.95569,-1.26347,0.867051
426.8,0.70176,-1.9935,-1.15861,-1.30657
426.9,0.590253,-2.00485,-1.03007,-3.01719
427,0.469128,-1.98995,-0.88076,-0.679711
427.1,0.344165,-1.95168,-0.715279,-0.55657
427.2,0.219926,-1.89517,-0.538976,-0.375779
427.3,0.0991757,-1.82706,-0.357029,-1.21893
427.4,-0.01727,-1.7546,-0.173788,-0.282895
427.5,-0.130306,-1.68485,0.00753184,-0.775643
427.6,-0.242098,-1.62418,0.184842,0.298384
427.7,-0.355618,-1.57788,0.356957,-4.04856
427.8,-0.474278,-1.55015,0.52324,0.214478
427.9,-0.60171,-1.54403,0.683166,0.470488
428,-0.741671,-1.56136,0.835841,0.634713
428.1,-0.897987,-1.60253,0.979432,0.764896
428.2,-1.07441,-1.66607,1.11049,0.878288
428.3,-1.27419,-1.74782,1.22314,0.980645
428.4,-1.49909,-1.83978,1.30822,1.07203
428.5,-1.74761,-1.92885,1.35273,1.14857
428.6,-2.01239,-1.99602,1.3402,1.20302
428.7,-2.27758,-2.01741,1.25317,0.548071
428.8,-2.51804,-1.96862,1.07868,0.506008
428.9,-2.70322,-1.83295,0.815739,0.212067
429,-2.80643,-1.61029,0.480714,-1.28238
429.1,-2.81547,-1.32075,0.105578,-0.112432
429.2,-2.73751,-0.99876,-0.271886,0.132039
429.3,-2.59441,-0.681177,-0.619866,0.0155859
429.4,-2.41263,-0.396732,-0.919127,0.150256
429.5,-2.21455,-0.161778,-1.16266,-1.41712
429.6,-2.01475,0.0185256,-1.35154,-0.817516
429.7,-1.82047,0.146723,-1.49072,-0.477092
429.8,-1.63392,0.22962,-1.58627,-2.97694
429.9,-1.45478,0.275774,-1.64424,-0.736665
430,-1.28195,0.293881,-1.67038,-0.330482
430.1,-1.11448,0.291824,-1.67022,-1.30015
430.2,-0.951912,0.276143,-1.64915,-0.258737
430.3,-0.794253,0.251813,-1.61248,-0.842748
430.4,-0.641713,0.222241,-1.56528,-2.86804
430.5,-0.494501,0.189422,-1.51227,0.0951892
430.6,-0.352633,0.154191,-1.45771,-0.222067
430.7,-0.215839,0.116503,-1.4053,-1.97652
430.8,-0.0835241,0.0756851,-1.35818,0.391558
430.9,0.0452034,0.0306515,-1.31901,-1.30293
431,0.171479,-0.0199689,-1.29004,0.49298
431.1,0.296604,-0.0777645,-1.27326,0.406291
431.2,0.421953,-0.144544,-1.27053,-0.106205
431.3,0.548861,-0.2224,-1.28366,0.531516
431.4,0.678481,-0.313817,-1.31456,0.0124336
431.5,0.81158,-0.421838,-1.36519,0.379604
431.6,0.948215,-0.550253,-1.43748,0.552795
431.7,1.08723,-0.703783,-1.53303,0.700067
431.8,1.22541,-0.888154,-1.6524,0.838326
431.9,1.35625,-1.10985,-1.79396,0.971027
432,1.46804,-1.37508,-1.95179,1.09606
432.1,1.54169,-1.68728,-2.1127,1.20753
432.2,1.54912,-2.0423,-2.25279,1.29542
432.3,1.45492,-2.42148,-2.33594,0.615823
432.4,1.2253,-2.78597,-2.31903,0.561849
432.5,0.84559,-3.08001,-2.16846,-0.39151
432.6,0.338109,-3.25003,-1.88386,0.229556
432.7,-0.237353,-3.27116,-1.51046,0.458687
432.8,-0.806374,-3.1581,-1.12372,0.241348
432.9,-1.30788,-2.9501,-0.796194,-2.75268
433,-1.70647,-2.68662,-0.572111,-3.12917
433.1,-1.98903,-2.39463,-0.461597,-1.20078
433.2,-2.15711,-2.0899,-0.44857,-0.679679
433.3,-2.22173,-1.7833,-0.502997,-1.92453
433.4,-2.20027,-1.48459,-0.592167,0.0317899
433.5,-2.11358,-1.20257,-0.688586,-0.175354
433.6,-1.98284,-0.943662,-0.773758,0.0147078
433.7,-1.82707,-0.711141,-0.838372,-0.976216
433.8,-1.6616,-0.505347,-0.880341,-0.686408
433.9,-1.49782,-0.32464,-0.902163,-3.05239
434,-1.34352,-0.166394,-0.908553,-1.40353
434.1,-1.2036,-0.0277037,-0.904762,-3.31747
434.2,-1.08075,0.0942236,-0.895576,0.337649
434.3,-0.976109,0.201913,-0.884859,0.407021
434.4,-0.889735,0.297596,-0.875441,0.459435
434.5,-0.821027,0.383234,-0.869222,0.500556
434.6,-0.768994,0.460546,-0.867348,0.533637
434.7,-0.732468,0.531037,-0.870423,0.560757
434.8,-0.71024,0.596015,-0.878698,0.583477
434.9,-0.701149,0.656601,-0.892229,0.603165
435,-0.704128,0.713738,-0.911001,0.621128
435.1,-0.718214,0.768187,-0.935018,0.638641
435.2,-0.742543,0.82053,-0.964369,0.656919
435.3,-0.776317,0.871147,-0.999264,0.677049
435.4,-0.81875,0.9202,-1.04006,0.699901
435.5,-0.869001,0.967591,-1.08725,0.726034
435.6,-0.926084,1.01291,-1.14144,0.75563
435.7,-0.988747,1.05536,-1.20331,0.788385
435.8,-1.05533,1.09368,-1.27346,0.823579
435.9,-1.12363,1.12608,-1.3523,0.859955
436,-1.19067,1.15015,-1.4398,0.895755
436.1,-1.25263,1.16286,-1.53517,0.9287
436.2,-1.30474,1.1607,-1.63657,0.955979
436.3,-1.34141,1.13992,-1.74075,0.974257
436.4,-1.35656,1.0971,-1.84287,0.979704
436.5,-1.34433,1.0298,-1.93668,0.968037
436.6,-1.29997,0.937422,-2.01504,0.934526
436.7,-1.22096,0.821775,-2.07106,0.845344
436.8,-1.10771,0.687207,-2.09945,-1.68214
436.9,-0.963739,0.539994,-2.09777,-0.244669
437,-0.795142,0.387122,-2.0672,-1.31071
437.1,-0.6094,0.234857,-2.01237,-1.52969
437.2,-0.41409,0.0875943,-1.94049,-0.714958
437.3,-0.215824,-0.0526825,-1.86011,-3.50299
437.4,-0.019695,-0.186296,-1.77984,-2.00817
437.5,0.170804,-0.31535,-1.70746,0.327235
437.6,0.353496,-0.443063,-1.64936,-0.049982
437.7,0.527043,-0.573192,-1.61029,0.349318
437.8,0.690391,-0.709631,-1.59337,0.553852
437.9,0.842179,-0.856179,-1.59995,0.697837
438,0.980134,-1.01636,-1.6295,0.813902
438.1,1.10042,-1.19318,-1.67916,0.914102
438.2,1.197,-1.38854,-1.74317,1.00236
438.3,1.26117,-1.60225,-1.81198,1.07792
438.4,1.28152,-1.83038,-1.87171,1.13659
438.5,1.24518,-2.06346,-1.90429,1.17132
438.6,1.14063,-2.28519,-1.88956,-0.148428
438.7,0.962431,-2.47353,-1.80976,0.517907
438.8,0.71598,-2.60523,-1.65584,-1.00591
438.9,0.419313,-2.66334,-1.43257,-0.0484302
439,0.0994028,-2.64367,-1.15866,0.00357314
439.1,-0.21573,-2.55617,-0.86106,0.136753
439.2,-0.504565,-2.4204,-0.566692,0.273448
439.3,-0.755443,-2.25827,-0.296207,-0.457373
439.4,-0.965473,-2.08832,-0.0618544,-1.64565
439.5,-1.13727,-1.92301,0.131435,-1.4246
439.6,-1.27573,-1.7688,0.283735,-2.48816
439.7,-1.38593,-1.62751,0.397953,-0.418673
439.8,-1.47211,-1.498,0.478321,-0.708967
439.9,-1.53747,-1.37763,0.529518,-0.0253993
440,-1.58431,-1.2633,0.556217,0.721408
440.1,-1.61436,-1.15217,0.562865,0.696851
440.2,-1.62912,-1.042,0.553567,0.657308
440.3,-1.6301,-0.93128,0.531997,0.603081
440.4,-1.61901,-0.819217,0.50131,0.533069
440.5,-1.59783,-0.705569,0.464073,0.443767
440.6,-1.56879,-0.59047,0.422211,0.325794
440.7,-1.53434,-0.47423,0.376997,0.148149
440.8,-1.49698,-0.357169,0.329074,-0.418706
440.9,-1.45926,-0.239483,0.278513,-3.63354
441,-1.42368,-0.121164,0.224893,-0.758447
441.1,-1.39262,-0.00196359,0.167376,0.0505762
441.2,-1.36839,0.118606,0.104771,-0.855712
441.3,-1.35328,0.241233,0.0355751,-0.961317
441.4,-1.34955,0.366745,-0.042031,0.551276
441.5,-1.35955,0.496007,-0.130223,0.560277
441.6,-1.38574,0.629781,-0.231625,0.368054
441.7,-1.43069,0.768509,-0.349448,-0.185017
441.8,-1.49694,0.911973,-0.487671,0.447131
441.9,-1.58671,1.05875,-0.651227,0.650836
442,-1.70121,1.20535,-0.846094,0.814703
442.1,-1.83932,1.34483,-1.07907,0.96176
442.2,-1.99545,1.46482,-1.35673,1.09581
442.3,-2.15624,1.54509,-1.68285,1.21326
442.4,-2.29683,1.55576,-2.05326,1.30491
442.5,-2.3791,1.45905,-2.44841,0.728747
442.6,-2.35733,1.21889,-2.82705,0.563308
442.7,-2.1965,0.820256,-3.13003,0.0255964
442.8,-1.89823,0.288347,-3.30134,-0.828687
442.9,-1.51342,-0.311668,-3.31672,0.0332102
443,-1.1239,-0.900397,-3.19401,-0.483517
443.1,-0.805703,-1.41407,-2.97525,-2.3165
443.2,-0.602373,-1.81652,-2.70088,-1.04068
443.3,-0.52021,-2.09486,-2.39797,-0.910164
443.4,-0.537863,-2.25171,-2.08301,0.23827
443.5,-0.620278,-2.30005,-1.76861,0.283711
443.6,-0.731199,-2.25973,-1.46642,-0.537722
443.7,-0.841524,-2.15382,-1.18627,0.340455
443.8,-0.932768,-2.00492,-0.934434,-0.466111
443.9,-0.996581,-1.8325,-0.71301,-1.15637
444,-1.03219,-1.6517,-0.520815,-1.47521
444.1,-1.04339,-1.4734,-0.354789,-1.71437
444.2,-1.03606,-1.30484,-0.211248,-0.716867
444.3,-1.0164,-1.15045,-0.0866715,-0.821164
444.4,-0.989981,-1.01261,0.0219721,0.293996
444.5,-0.961278,-0.892248,0.117177,0.357846
444.6,-0.933565,-0.789279,0.200984,0.40684
444.7,-0.909026,-0.702975,0.275094,0.44657
444.8,-0.888947,-0.632223,0.340963,0.479688
444.9,-0.873933,-0.575714,0.399858,0.507391
445,-0.864116,-0.532086,0.452901,0.530306
445.1,-0.859321,-0.500013,0.501084,0.548929
445.2,-0.859203,-0.478265,0.545285,0.563801
445.3,-0.863339,-0.465744,0.586273,0.57554
445.4,-0.871299,-0.461493,0.624717,0.584834
445.5,-0.882695,-0.464699,0.661195,0.592412
445.6,-0.897201,-0.474684,0.6962,0.599022
445.7,-0.914578,-0.490891,0.730147,0.60541
445.8,-0.934682,-0.512868,0.763375,0.612299
445.9,-0.957468,-0.540243,0.796151,0.620365
446,-0.982994,-0.572703,0.828665,0.630206
446.1,-1.01142,-0.609969,0.861021,0.642317
446.2,-1.04299,-0.651761,0.893229,0.657056
446.3,-1.07804,-0.697762,0.925183,0.674625
446.4,-1.11699,-0.747574,0.956634,0.695045
446.5,-1.16029,-0.80067,0.987164,0.718142
446.6,-1.2084,-0.856323,1.01614,0.743534
446.7,-1.26169,-0.913541,1.04269,0.77061
446.8,-1.32044,-0.970985,1.06564,0.79851
446.9,-1.38462,-1.02689,1.08352,0.826105
447,-1.45383,-1.07901,1.09452,0.851968
447.1,-1.5271,-1.12456,1.09659,0.874366
447.2,-1.60273,-1.16028,1.08752,0.891254
447.3,-1.67824,-1.18255,1.06516,0.900278
447.4,-1.7503,-1.18767,1.0277,0.898812
447.5,-1.81494,-1.17221,0.974058,0.883987
447.6,-1.86792,-1.13353,0.904177,0.852675
447.7,-1.9053,-1.0702,0.819276,0.801365
447.8,-1.9241,-0.982404,0.721815,0.725677
447.9,-1.92291,-0.871936,0.615185,0.619034
448,-1.90225,-0.742005,0.503147,-0.537811
448.1,-1.86464,-0.596715,0.38916,-1.75785
448.2,-1.81423,-0.440455,0.275796,-0.38231
448.3,-1.75628,-0.277322,0.164373,-2.58259
448.4,-1.69657,-0.110723,0.0548702,-1.05555
448.5,-1.64085,0.0568064,-0.0539329,0.246082
448.6,-1.59447,0.223581,-0.164195,0.3619
448.7,-1.56214,0.388582,-0.278741,0.0982644
448.8,-1.54786,0.551158,-0.400857,-0.0455852
448.9,-1.5548,0.710644,-0.534187,0.404331
449,-1.5852,0.865876,-0.682698,0.605905
449.1,-1.63998,1.01457,-0.850673,0.75615
449.2,-1.71815,1.15253,-1.04256,0.884445
449.3,-1.8157,1.27257,-1.26245,0.999282
449.4,-1.92404,1.36338,-1.51287,1.10122
449.5,-2.02818,1.4086,-1.79245,1.18593
449.6,-2.10548,1.38718,-2.09237,1.2449
449.7,-2.12694,1.27671,-2.39274,0.570225
449.8,-2.06345,1.06109,-2.66162,0.177816
449.9,-1.89735,0.740933,-2.86091,0.18541
450,-1.63436,0.340291,-2.95968,-2.70636
450.1,-1.30626,-0.0977413,-2.94786,-0.760826
450.2,-0.959926,-0.525848,-2.83962,-0.21137
450.3,-0.639966,-0.907375,-2.6639,0.433823
450.4,-0.376362,-1.22228,-2.4505,-1.16984
450.5,-0.181611,-1.46452,-2.22125,-2.14423
450.6,-0.0543077,-1.63646,-1.98842,-2.09073
450.7,0.0154273,-1.74455,-1.75749,-2.46663
450.8,0.0411824,-1.79711,-1.53063,-5.21071
450.9,0.0368388,-1.80343,-1.3091,-0.315416
451,0.0144188,-1.77332,-1.09432,-2.66994
451.1,-0.0170063,-1.71674,-0.887867,-0.939707
451.2,-0.0515649,-1.64318,-0.691237,-0.404049
451.3,-0.086242,-1.56124,-0.505452,-0.355401
451.4,-0.12022,-1.47822,-0.330893,-0.91959
451.5,-0.154145,-1.40004,-0.167275,-1.86723
451.6,-0.189492,-1.33124,-0.0137275,-2.51944
451.7,-0.228108,-1.27519,0.131065,-2.97219
451.8,-0.271942,-1.23434,0.268703,0.0139919
451.9,-0.322945,-1.2105,0.400919,0.210961
452,-0.383086,-1.20502,0.529428,0.340454
452.1,-0.454455,-1.21905,0.655779,0.442319
452.2,-0.539415,-1.25359,0.781182,0.533559
452.3,-0.640778,-1.30948,0.906283,0.623537
452.4,-0.761969,-1.38725,1.03084,0.717198
452.5,-0.907114,-1.48676,1.15318,0.816092
452.6,-1.08092,-1.60641,1.2695,0.919021
452.7,-1.28815,-1.74198,1.37268,1.02252
452.8,-1.53223,-1.88485,1.45097,1.12102
452.9,-1.81265,-2.01977,1.48675,1.20655
453,-2.12084,-2.1232,1.45654,1.26832
453.1,-2.43569,-2.16419,1.33433,0.650733
453.2,-2.72187,-2.11092,1.10017,-0.227593
453.3,-2.93612,-1.94404,0.752535,0.0065547
453.4,-3.04276,-1.67084,0.316987,0.357397
453.5,-3.02997,-1.32869,-0.158477,-0.377134
453.6,-2.91358,-0.971935,-0.620744,0.408727
453.7,-2.72543,-0.651028,-1.02891,-1.06779
453.8,-2.4972,-0.398244,-1.36078,-0.973237
453.9,-2.25104,-0.224931,-1.6096,-1.22446
454,-1.999,-0.126257,-1.77787,-3.45768
454.1,-1.74674,-0.0879581,-1.87296,-2.74353
454.2,-1.4975,-0.0922537,-1.90498,-1.63071
454.3,-1.25414,-0.122105,-1.88574,-1.02871
454.4,-1.01964,-0.163797,-1.8279,-2.76205
454.5,-0.796726,-0.207999,-1.74409,-1.15524
454.6,-0.587393,-0.249644,-1.64592,-1.78585
454.7,-0.392649,-0.287077,-1.54335,-1.40111
454.8,-0.212519,-0.320944,-1.44436,-0.300366
454.9,-0.0462121,-0.353154,-1.35494,-0.0679703
455,0.107647,-0.38611,-1.27935,0.0970741
455.1,0.250791,-0.422233,-1.22044,0.24264
455.2,0.385112,-0.463756,-1.18,0.356294
455.3,0.512489,-0.512698,-1.15912,0.445666
455.4,0.634636,-0.570957,-1.15846,0.520153
455.5,0.752958,-0.640463,-1.17835,0.587627
455.6,0.868379,-0.723353,-1.21893,0.65425
455.7,0.981117,-0.822121,-1.28004,0.724334
455.8,1.09036,-0.939711,-1.36097,0.800061
455.9,1.19377,-1.07947,-1.46006,0.881363
456,1.28687,-1.24482,-1.57389,0.966046
456.1,1.36216,-1.43849,-1.69628,1.05
456.2,1.40834,-1.661,-1.81687,1.12726
456.3,1.41007,-1.90828,-1.91992,1.18985
456.4,1.34921,-2.16872,-1.9841,1.22744
456.5,1.20877,-2.42109,-1.98493,0.0953333
456.6,0.979934,-2.63573,-1.90121,0.426168
456.7,0.66937,-2.78151,-1.72428,-0.715106
456.8,0.301819,-2.83695,-1.46527,0.337954
456.9,-0.0861547,-2.79914,-1.15395,-0.0957158
457,-0.458236,-2.68374,-0.828777,0.0878798
457.1,-0.788407,-2.51647,-0.524425,-0.423068
457.2,-1.06392,-2.32269,-0.264062,-0.151794
457.3,-1.28243,-2.12096,-0.0582059,-0.727751
457.4,-1.44741,-1.92177,0.0924242,-3.88634
457.5,-1.56461,-1.72929,0.193152,-1.65381
457.6,-1.64017,-1.54408,0.252252,-0.62486
457.7,-1.68006,-1.36524,0.278863,-0.102823
457.8,-1.69005,-1.19175,0.281678,-2.81519
457.9,-1.67582,-1.02307,0.268189,-0.0379389
458,-1.64302,-0.85919,0.244299,-2.23265
458.1,-1.59713,-0.700402,0.214218,-0.515215
458.2,-1.54334,-0.547065,0.180559,-0.169013
458.3,-1.48639,-0.399376,0.144587,-0.095612
458.4,-1.43044,-0.257234,0.106512,-1.14428
458.5,-1.37902,-0.120187,0.0657954,-0.126079
458.6,-1.33509,0.0125515,0.0213944,-0.3882
458.7,-1.30115,0.142054,-0.0280573,-0.66078
458.8,-1.27932,0.269593,-0.0841537,0.466571
458.9,-1.27151,0.396544,-0.148694,-0.827433
459,-1.27957,0.524275,-0.223726,-0.918486
459.1,-1.30533,0.654002,-0.311647,0.0386358
459.2,-1.35068,0.786597,-0.415358,0.369693
459.3,-1.41747,0.922296,-0.538443,0.53796
459.4,-1.50728,1.06024,-0.685355,0.68152
459.5,-1.62081,1.19772,-0.86152,0.816893
459.6,-1.75681,1.32906,-1.07316,0.94762
459.7,-1.91029,1.44388,-1.32647,1.07202
459.8,-2.06974,1.52504,-1.62547,1.18473
459.9,-2.21384,1.54684,-1.96784,1.27657
460,-2.30942,1.47589,-2.33847,0.213929
460.1,-2.31486,1.27808,-2.70335,0.175503
460.2,-2.19383,0.934168,-3.01048,-0.187986
460.3,-1.93769,0.457945,-3.20522,0.569334
460.4,-1.58121,-0.0987708,-3.25594,0.618597
460.5,-1.19357,-0.664288,-3.16933,0.274788
460.6,-0.84828,-1.17498,-2.98059,0.546987
460.7,-0.595566,-1.59116,-2.72998,-2.43112
460.8,-0.452866,-1.89615,-2.44697,-1.90313
460.9,-0.410233,-2.08894,-2.14884,-1.44146
461,-0.441586,-2.17834,-1.84638,-0.520441
461.1,-0.515794,-2.17973,-1.54863,-0.487818
461.2,-0.604982,-2.11244,-1.264,-0.086547
461.3,-0.689088,-1.99703,-0.999309,0.27089
461.4,-0.756881,-1.85261,-0.758679,-0.451978
461.5,-0.804569,-1.69519,-0.543465,-2.18838
461.6,-0.833398,-1.53704,-0.352884,-0.339754
461.7,-0.847301,-1.38681,-0.184894,-1.64941
461.8,-0.851103,-1.25012,-0.0369175,-2.50724
461.9,-0.849408,-1.13023,0.0937119,0.328447
462,-0.846039,-1.02868,0.209522,0.406281
462.1,-0.843867,-0.945837,0.312819,0.464681
462.2,-0.844876,-0.881285,0.405668,0.510118
462.3,-0.850324,-0.834174,0.489896,0.546507
462.4,-0.860948,-0.803435,0.567099,0.576491
462.5,-0.877156,-0.787923,0.638653,0.602121
462.6,-0.899186,-0.786517,0.705708,0.625187
462.7,-0.927237,-0.798153,0.769191,0.647344
462.8,-0.961559,-0.821832,0.829792,0.670115
462.9,-1.00252,-0.856592,0.88794,0.694824
463,-1.05061,-0.901441,0.943768,0.722476
463.1,-1.1065,-0.95527,0.997053,0.753644
463.2,-1.17092,-1.01673,1.04714,0.788366
463.3,-1.24463,-1.08408,1.09286,0.826089
463.4,-1.32821,-1.15497,1.1324,0.865645
463.5,-1.42186,-1.22626,1.16322,0.905239
463.6,-1.52499,-1.29381,1.18202,0.942455
463.7,-1.63587,-1.35235,1.18479,0.974242
463.8,-1.75113,-1.39552,1.16713,0.996929
463.9,-1.86554,-1.41626,1.12482,1.00624
464,-1.97198,-1.40755,1.05467,0.997348
464.1,-2.06212,-1.36358,0.955569,0.964865
464.2,-2.12768,-1.28105,0.829341,-1.16877
464.3,-2.16212,-1.16024,0.681001,0.364335
464.4,-2.16234,-1.00531,0.518066,-3.45594
464.5,-2.12957,-0.823553,0.349041,-0.193403
464.6,-2.0692,-0.623964,0.181581,-0.635803
464.7,-1.98969,-0.415541,0.0210372,-0.935121
464.8,-1.90084,-0.205999,-0.130181,-1.12327
464.9,-1.81236,-0.00113459,-0.272411,-0.355136
465,-1.73267,0.195189,-0.408015,-1.00353
465.1,-1.66839,0.380635,-0.540524,0.202461
465.2,-1.62408,0.5538,-0.673919,0.461302
465.3,-1.60227,0.713572,-0.812136,0.625506
465.4,-1.60348,0.858503,-0.958782,0.748443
465.5,-1.62608,0.986228,-1.11691,0.84948
465.6,-1.66601,1.09291,-1.28869,0.93649
465.7,-1.71635,1.17282,-1.47484,1.0116
465.8,-1.76685,1.21813,-1.67367,1.07323
465.9,-1.80384,1.21942,-1.87979,1.11696
466,-1.81106,1.16711,-2.08295,1.13605
466.1,-1.77203,1.05426,-2.26783,0.548314
466.2,-1.67412,0.880129,-2.41594,-0.257128
466.3,-1.51297,0.65296,-2.50993,-1.64143
466.4,-1.29523,0.38988,-2.53921,-0.831504
466.5,-1.03731,0.112984,-2.5038,-0.494277
466.6,-0.760573,-0.156676,-2.41428,-1.33421
466.7,-0.485565,-0.404034,-2.28783,-1.21227
466.8,-0.228006,-0.621776,-2.14302,-2.10656
466.9,0.0023845,-0.809136,-1.99565,0.167032
467,0.201035,-0.969334,-1.85678,0.0152071
467.1,0.366885,-1.10712,-1.73252,0.0383531
467.2,0.500852,-1.22707,-1.62485,-1.65718
467.3,0.604754,-1.3328,-1.53271,0.75281
467.4,0.680693,-1.42657,-1.45304,0.791037
467.5,0.730795,-1.50945,-1.38172,0.811842
467.6,0.757172,-1.58147,-1.31417,0.818062
467.7,0.762001,-1.64192,-1.24602,0.810772
467.8,0.747633,-1.6897,-1.17343,0.789902
467.9,0.716674,-1.72366,-1.09349,0.754638
468,0.67198,-1.74298,-1.00435,0.703521
468.1,0.616542,-1.74744,-0.905257,0.634204
468.2,0.553297,-1.73765,-0.796491,0.542471
468.3,0.484876,-1.71512,-0.679086,0.419244
468.4,0.413368,-1.68217,-0.554553,0.238894
468.5,0.340155,-1.64181,-0.424562,-0.13436
468.6,0.26583,-1.59745,-0.290668,0.357605
468.7,0.190214,-1.55272,-0.154118,-0.0410261
468.8,0.112443,-1.51125,-0.0157427,0.152363
468.9,0.0310787,-1.47654,0.124058,0.427016
469,-0.055789,-1.45194,0.265262,-0.777487
469.1,-0.150477,-1.44061,0.408112,0.367171
469.2,-0.255707,-1.44555,0.552933,0.19003
469.3,-0.374659,-1.46959,0.699899,0.00388171
469.4,-0.511093,-1.51531,0.84868,0.446961
469.5,-0.669472,-1.58473,0.997943,0.644015
469.6,-0.855028,-1.6788,1.14459,0.800383
469.7,-1.07355,-1.7963,1.28261,0.939306
469.8,-1.33056,-1.93206,1.40154,1.06566
469.9,-1.6292,-2.07442,1.4845,1.17703
470,-1.96629,-2.20221,1.50687,1.26585
470.1,-2.32644,-2.28327,1.43744,-0.726165
470.2,-2.6768,-2.27811,1.24536,0.234359
470.3,-2.96859,-2.15308,0.914556,-0.0119614
470.4,-3.1516,-1.90057,0.459752,0.550859
470.5,-3.19734,-1.55265,-0.0699473,0.536633
470.6,-3.11254,-1.17253,-0.607923,0.373352
470.7,-2.93035,-0.827695,-1.0953,-0.822984
470.8,-2.6891,-0.56524,-1.49535,-0.381401
470.9,-2.41734,-0.403159,-1.79276,-1.86358
471,-2.13167,-0.334842,-1.98665,-1.00335
471.1,-1.8416,-0.338783,-2.0848,-0.943055
471.2,-1.55435,-0.388147,-2.10063,-0.149405
471.3,-1.27668,-0.458025,-2.05109,-0.63243
471.4,-1.01452,-0.529672,-1.95453,-0.0276911
471.5,-0.772069,-0.59181,-1.82859,-0.979595
471.6,-0.551423,-0.639794,-1.68855,-0.170435
471.7,-0.352783,-0.67372,-1.54659,-0.327419
471.8,-0.175026,-0.696395,-1.41162,-0.64145
471.9,-0.0162597,-0.711703,-1.28967,-0.461914
472,0.12576,-0.723537,-1.18444,0.317744
472.1,0.253357,-0.735233,-1.09789,0.407969
472.2,0.368782,-0.749387,-1.03072,0.476491
472.3,0.474122,-0.767888,-0.982876,0.530234
472.4,0.571242,-0.792072,-0.953784,0.574042
472.5,0.661747,-0.82291,-0.942632,0.611622
472.6,0.746945,-0.861189,-0.948479,0.646068
472.7,0.827808,-0.907671,-0.970322,0.68005
472.8,0.904908,-0.963206,-1.00708,0.715786
472.9,0.978339,-1.0288,-1.05754,0.754872
473,1.04759,-1.10561,-1.12016,0.798119
473.1,1.11141,-1.19489,-1.19295,0.845337
473.2,1.16756,-1.29779,-1.27305,0.895354
473.3,1.21266,-1.41497,-1.3565,0.945994
473.4,1.24202,-1.54614,-1.43774,0.994076
473.5,1.24965,-1.68925,-1.50939,1.03552
473.6,1.2287,-1.8397,-1.56218,1.06523
473.7,1.1724,-1.98974,-1.58551,1.07719
473.8,1.07572,-2.12839,-1.56883,1.06439
473.9,0.937377,-2.24269,-1.50387,0.0402356
474,0.761439,-2.32012,-1.3871,-2.97539
474.1,0.557508,-2.35189,-1.22144,-2.48453
474.2,0.338916,-2.33564,-1.01621,0.0493321
474.3,0.119475,-2.27623,-0.784938,-0.571947
474.4,-0.0897765,-2.18434,-0.542197,-1.71749
474.5,-0.282449,-2.07353,-0.300801,0.0131058
474.6,-0.456885,-1.95733,-0.0702796,-0.768221
474.7,-0.614979,-1.84711,0.143288,-0.819856
474.8,-0.76058,-1.75105,0.336584,-1.597
474.9,-0.898098,-1.67397,0.508055,0.577351
475,-1.03158,-1.61764,0.656988,0.698576
475.1,-1.16417,-1.58115,0.782784,0.787872
475.2,-1.29785,-1.56132,0.884479,0.857154
475.3,-1.43324,-1.55299,0.960487,0.911797
475.4,-1.56937,-1.54935,1.00859,0.95341
475.5,-1.70351,-1.54225,1.02622,0.981157
475.6,-1.83098,-1.52284,1.011,0.992522
475.7,-1.9454,-1.48251,0.96162,0.983815
475.8,-2.03933,-1.41416,0.878785,0.586063
475.9,-2.10557,-1.3135,0.765952,0.117615
476,-2.13881,-1.18001,0.629413,-2.94034
476.1,-2.13706,-1.01706,0.477517,-0.22338
476.2,-2.10241,-0.831155,0.319145,-1.5112
476.3,-2.04078,-0.630387,0.161998,-1.1262
476.4,-1.96075,-0.422864,0.0113116,-0.335601
476.5,-1.87201,-0.21548,-0.130633,-2.28354
476.6,-1.78398,-0.0133475,-0.264223,-1.84602
476.7,-1.7048,0.180211,-0.391785,-0.449765
476.8,-1.64086,0.363281,-0.516752,0.162385
476.9,-1.59666,0.534812,-0.642991,0.429444
477,-1.57481,0.694024,-0.774349,0.596985
477.1,-1.5761,0.839835,-0.914418,0.722066
477.2,-1.59937,0.970297,-1.06635,0.825205
477.3,-1.6413,1.08205,-1.23263,0.914936
477.4,-1.69588,1.16985,-1.41455,0.993913
477.5,-1.75386,1.22622,-1.61138,1.06101
477.6,-1.80245,1.24168,-1.81905,1.11224
477.7,-1.82566,1.20585,-2.02874,1.1412
477.8,-1.80617,1.10988,-2.22621,-0.184121
477.9,-1.72906,0.950145,-2.39279,0.510983
478,-1.58664,0.731755,-2.50924,-1.02214
478.1,-1.38224,0.469744,-2.56148,-1.44027
478.2,-1.13038,0.186182,-2.54566,-1.05554
478.3,-0.852685,-0.0958518,-2.46962,-0.123583
478.4,-0.571572,-0.35824,-2.34963,-0.370316
478.5,-0.305246,-0.590821,-2.20499,-0.130818
478.6,-0.0655725,-0.790903,-2.05304,-0.0102317
478.7,0.141473,-0.960784,-1.9065,-0.821305
478.8,0.314154,-1.10502,-1.77283,-1.95777
478.9,0.453257,-1.22842,-1.65493,-1.64296
479,0.560801,-1.33495,-1.55238,0.742045
479.1,0.639273,-1.42733,-1.46251,0.775757
479.2,0.691265,-1.50705,-1.3815,0.795709
479.3,0.719367,-1.57456,-1.30508,0.800129
479.4,0.726189,-1.62961,-1.22914,0.790612
479.5,0.714435,-1.6716,-1.15016,0.767494
479.6,0.686932,-1.69987,-1.06545,0.730277
479.7,0.646605,-1.7141,-0.973365,0.677747
479.8,0.596366,-1.71449,-0.873209,0.607702
479.9,0.538942,-1.70193,-0.765173,0.515901
480,0.476679,-1.67808,-0.650091,0.392784
480.1,0.411367,-1.64524,-0.529169,0.210037
480.2,0.344124,-1.60624,-0.403725,-0.209998
480.3,0.275355,-1.5642,-0.274953,0.305886
480.4,0.204788,-1.52243,-0.14377,-1.77845
480.5,0.131548,-1.48419,-0.010732,0.252715
480.6,0.0542537,-1.45267,0.123983,-0.730887
480.7,-0.0289057,-1.43094,0.260523,-1.02214
480.8,-0.120127,-1.42196,0.399261,-0.0689523
480.9,-0.222008,-1.42859,0.540643,-0.522164
481,-0.337615,-1.45363,0.68497,0.0520985
481.1,-0.47061,-1.4997,0.832087,0.384864
481.2,-0.6254,-1.56906,0.980906,0.605218
481.3,-0.807232,-1.66303,1.12869,0.770543
481.4,-1.02207,-1.78106,1.26997,0.915321
481.5,-1.2759,-1.91897,1.39493,1.04694
481.6,-1.57287,-2.06643,1.48745,1.16408
481.7,-1.9115,-2.2037,1.52331,1.25991
481.8,-2.27874,-2.29947,1.47067,1.31581
481.9,-2.6438,-2.31331,1.29598,0.203184
482,-2.95782,-2.2077,0.978125,-0.180393
482.1,-3.16685,-1.96919,0.526235,0.0468454
482.2,-3.23611,-1.62547,-0.013171,0.559836
482.3,-3.1673,-1.24025,-0.571099,-1.3773
482.4,-2.99238,-0.885991,-1.08315,-0.826219
482.5,-2.75148,-0.615716,-1.50718,-0.168213
482.6,-2.47558,-0.451269,-1.8243,-0.877372
482.7,-2.18313,-0.386939,-2.03184,-0.462489
482.8,-1.88503,-0.399808,-2.13718,-0.228148
482.9,-1.58978,-0.460483,-2.15427,-4.57331
483,-1.30527,-0.54146,-2.10122,-2.08125
483.1,-1.03828,-0.622047,-1.99778,-0.580378
483.2,-0.793327,-0.689903,-1.86284,-1.29015
483.3,-0.572406,-0.740083,-1.71264,-1.14524
483.4,-0.375356,-0.772893,-1.5599,-1.36572
483.5,-0.200621,-0.79161,-1.41385,-0.500145
483.6,-0.0459347,-0.800659,-1.28061,-0.846019
483.7,0.0912048,-0.804433,-1.16388,0.315948
483.8,0.213273,-0.806668,-1.06552,0.401213
483.9,0.322592,-0.810231,-0.986144,0.465136
484,0.421275,-0.817147,-0.92552,0.514749
484.1,0.511208,-0.828753,-0.882937,0.554492
484.2,0.594038,-0.845897,-0.857422,0.587479
484.3,0.671171,-0.869123,-0.847904,0.616184
484.4,0.743753,-0.898842,-0.853302,0.642762
484.5,0.81266,-0.935455,-0.87256,0.669156
484.6,0.878468,-0.979448,-0.904632,0.697056
484.7,0.941403,-1.03144,-0.948431,0.727786
484.8,1.00128,-1.09221,-1.00273,0.762145
484.9,1.05739,-1.16265,-1.06601,0.800293
485,1.10842,-1.24364,-1.13631,0.841663
485.1,1.15228,-1.3359,-1.21093,0.884939
485.2,1.18597,-1.43963,-1.28623,0.928061
485.3,1.20558,-1.55415,-1.35734,0.968225
485.4,1.20633,-1.67727,-1.41802,1.00189
485.5,1.18303,-1.80486,-1.46076,1.02479
485.6,1.13077,-1.93042,-1.47727,1.03195
485.7,1.04614,-2.04528,-1.45952,1.01769
485.8,0.928527,-2.13952,-1.40131,0.996647
485.9,0.781109,-2.20369,-1.29988,-1.39328
486,0.610897,-2.23109,-1.15705,-0.84969
486.1,0.427544,-2.2196,-0.97923,-1.07135
486.2,0.2412,-2.1724,-0.776105,-0.0724181
486.3,0.0602707,-2.09725,-0.558576,-1.6698
486.4,-0.110058,-2.00468,-0.336776,-1.73417
486.5,-0.268147,-1.90593,-0.118781,-1.17904
486.6,-0.415291,-1.81126,0.0897798,-0.223999
486.7,-0.554666,-1.72887,0.285432,-1.11947
486.8,-0.690301,-1.66457,0.466211,0.425385
486.9,-0.826303,-1.62171,0.630925,0.597736
487,-0.966388,-1.60128,0.778457,0.721633
487.1,-1.11358,-1.60205,0.907171,0.819572
487.2,-1.26996,-1.62049,1.01442,0.901353
487.3,-1.43625,-1.65062,1.09619,0.970611
487.4,-1.61125,-1.68386,1.14701,1.0272
487.5,-1.79097,-1.70902,1.16025,1.06826
487.6,-1.96789,-1.71299,1.12911,1.08887
487.7,-2.13082,-1.68228,1.04843,-1.03955
487.8,-2.26593,-1.60563,0.917072,0.437989
487.9,-2.35949,-1.47717,0.739922,-1.71426
488,-2.40161,-1.29864,0.528368,-0.960879
488.1,-2.3895,-1.07951,0.298317,-1.01556
488.2,-2.3286,-0.834513,0.0663522,-3.47185
488.3,-2.23088,-0.579742,-0.154171,0.00781164
488.4,-2.11145,-0.329256,-0.355385,-0.604231
488.5,-1.9851,-0.0932655,-0.534963,-3.32476
488.6,-1.86395,0.122016,-0.694676,-0.00592602
488.7,-1.75641,0.313522,-0.838482,-2.95943
488.8,-1.66718,0.480187,-0.970918,0.596192
488.9,-1.59768,0.621926,-1.09606,0.703867
489,-1.54668,0.738906,-1.21696,0.781357
489.1,-1.51088,0.831098,-1.33545,0.839325
489.2,-1.4854,0.898094,-1.45202,0.882798
489.3,-1.46417,0.939137,-1.56582,0.913556
489.4,-1.44043,0.953357,-1.67459,0.931293
489.5,-1.40725,0.940184,-1.77484,0.934349
489.6,-1.35827,0.89987,-1.86205,0.92015
489.7,-1.28846,0.834001,-1.93134,0.885488
489.8,-1.19487,0.745789,-1.97827,0.781291
489.9,-1.07702,0.639994,-1.99977,-1.52318
490,-0.936957,0.522377,-1.99502,0.119239
490.1,-0.778688,0.398816,-1.96578,0.115653
490.2,-0.607335,0.274341,-1.91627,-0.412934
490.3,-0.428192,0.152402,-1.85255,-1.52647
490.4,-0.245959,0.0345455,-1.78163,-0.0839217
490.5,-0.0643002,-0.0794911,-1.71067,0.233184
490.6,0.114269,-0.191413,-1.64629,-4.92614
490.7,0.288236,-0.303905,-1.59422,-0.0148932
490.8,0.456781,-0.420224,-1.55911,0.00565136
490.9,0.61938,-0.543926,-1.54447,0.378429
491,0.775338,-0.678731,-1.55266,0.570834
491.1,0.923261,-0.828463,-1.58476,0.713115
491.2,1.06042,-0.996968,-1.64015,0.833171
491.3,1.18198,-1.18783,-1.71592,0.940531
491.4,1.28015,-1.40362,-1.8058,1.03733
491.5,1.34339,-1.64448,-1.89887,1.12124
491.6,1.35627,-1.90579,-1.9784,1.18615
491.7,1.30102,-2.17528,-2.02197,1.22301
491.8,1.16176,-2.43121,-2.00433,0.583987
491.9,0.931625,-2.64403,-1.90429,0.344492
492,0.619801,-2.78375,-1.71413,0.412034
492.1,0.253148,-2.83107,-1.44625,0.304577
492.2,-0.130878,-2.78548,-1.13109,0.0524339
492.3,-0.496416,-2.66426,-0.80658,0.383009
492.4,-0.8186,-2.49356,-0.50597,0.459426
492.5,-1.08579,-2.29829,-0.250768,-0.17197
492.6,-1.29638,-2.09628,-0.0501395,-1.60344
492.7,-1.45421,-1.89744,0.0960703,-3.099
492.8,-1.56518,-1.70562,0.193617,-0.923007
492.9,-1.63552,-1.52128,0.250887,-1.52678
493,-1.67125,-1.34356,0.276912,-0.199442
493.1,-1.67817,-1.17151,0.280155,-0.154823
493.2,-1.66194,-1.00459,0.267816,-0.886121
493.3,-1.62812,-0.842779,0.245505,-0.953307
493.4,-1.58208,-0.686286,0.217178,-0.086574
493.5,-1.52885,-0.535381,0.185259,0.139359
493.6,-1.47296,-0.390159,0.150889,-0.103648
493.7,-1.41839,-0.250432,0.114221,-1.60855
493.8,-1.36851,-0.115677,0.0747023,-0.906851
493.9,-1.32614,0.0149455,0.031313,0.436843
494,-1.29366,0.142542,-0.017277,0.375856
494.1,-1.27311,0.268404,-0.0726194,0.0987096
494.2,-1.26635,0.393924,-0.136473,-0.665457
494.3,-1.27519,0.520478,-0.21085,-1.6419
494.4,-1.30147,0.649299,-0.298121,-0.00424918
494.5,-1.3471,0.781285,-0.401162,0.346063
494.6,-1.41398,0.916715,-0.523543,0.522887
494.7,-1.50378,1.0548,-0.669718,0.670046
494.8,-1.61734,1.19294,-0.845137,0.807734
494.9,-1.75365,1.3256,-1.0561,0.940357
495,-1.90803,1.44261,-1.30898,1.0666
495.1,-2.06938,1.52698,-1.60815,1.18132
495.2,-2.21676,1.55308,-1.95184,1.27551
495.3,-2.31715,1.48715,-2.32566,0.385972
495.4,-2.32846,1.29406,-2.69612,0.624057
495.5,-2.21295,0.952847,-3.01095,0.529238
495.6,-1.96018,0.475652,-3.21406,-0.71319
495.7,-1.60391,-0.0861638,-3.27176,0.210709
495.8,-1.21404,-0.659714,-3.18935,0.18308
495.9,-0.866116,-1.17934,-3.00197,-0.982953
496,-0.612323,-1.60355,-2.7506,-5.12636
496.1,-0.471074,-1.91458,-2.46548,-1.45948
496.2,-0.432278,-2.11093,-2.16449,-0.162776
496.3,-0.468945,-2.20141,-1.85898,0.0645361
496.4,-0.548769,-2.20175,-1.55855,-1.06624
496.5,-0.642854,-2.13189,-1.27212,-0.0689509
496.6,-0.730479,-2.01291,-1.00675,-0.985325
496.7,-0.800135,-1.86437,-0.766584,0.045865
496.8,-0.848039,-1.70256,-0.552785,-0.775763
496.9,-0.875612,-1.53984,-0.364301,-0.755094
497,-0.887036,-1.3849,-0.198832,-1.03941
497.1,-0.887397,-1.24336,-0.0536071,-0.907806
497.2,-0.881538,-1.11845,0.0741572,0.320372
497.3,-0.873482,-1.01168,0.187039,0.396553
497.4,-0.866247,-0.923369,0.28735,0.453493
497.5,-0.861909,-0.853078,0.377135,0.497758
497.6,-0.861769,-0.799916,0.458195,0.533145
497.7,-0.866553,-0.762766,0.532108,0.562076
497.8,-0.876612,-0.740443,0.600244,0.586345
497.9,-0.892086,-0.731787,0.663771,0.607489
498,-0.913035,-0.735719,0.723666,0.626947
498.1,-0.939534,-0.751253,0.780707,0.646099
498.2,-0.971745,-0.777484,0.835469,0.666234
498.3,-1.00996,-0.813557,0.888303,0.688472
498.4,-1.0546,-0.858603,0.939304,0.71366
498.5,-1.10625,-0.911659,0.988267,0.742277
498.6,-1.16558,-0.97156,1.03462,0.774352
498.7,-1.23327,-1.0368,1.07734,0.809411
498.8,-1.3099,-1.10538,1.11487,0.846451
498.9,-1.39571,-1.17461,1.14504,0.883927
499,-1.49035,-1.24095,1.16499,0.919743
499.1,-1.5925,-1.29989,1.17127,0.95124
499.2,-1.69951,-1.34591,1.15997,0.975202
499.3,-1.80713,-1.37278,1.12721,0.987864
499.4,-1.90941,-1.37409,1.0698,0.98496
499.5,-1.99914,-1.34414,0.986066,0.961751
499.6,-2.06873,-1.27905,0.876714,0.912969
499.7,-2.11161,-1.17782,0.745194,-0.509981
499.8,-2.12371,-1.0428,0.597433,-0.660092
499.9,-2.10461,-0.879458,0.440759,-0.502104
500,-2.05771,-0.695311,0.282386,-1.05204
500.1,-1.98965,-0.498531,0.127966,-0.785607
500.2,-1.90901,-0.29664,-0.0192824,-0.086697
500.3,-1.82489,-0.0956886,-0.158719,-1.05087
500.4,-1.74581,0.100013,-0.291844,-1.41357
500.5,-1.67891,0.287705,-0.421597,-0.459902
500.6,-1.62966,0.465727,-0.551665,0.281954
500.7,-1.60173,0.63295,-0.685972,0.510623
500.8,-1.59698,0.788178,-0.82836,0.663706
500.9,-1.61538,0.929544,-0.982388,0.783265
501,-1.6547,1.0539,-1.15111,0.884584
501.1,-1.71003,1.15619,-1.33664,0.973328
501.2,-1.77314,1.22901,-1.53935,1.05
501.3,-1.83181,1.26243,-1.75653,1.11156
501.4,-1.86984,1.24479,-1.98073,1.15207
501.5,-1.86842,1.1649,-2.19843,0.0642324
501.6,-1.80963,1.01588,-2.39032,0.50901
501.7,-1.6819,0.799651,-2.53448,0.0559975
501.8,-1.48519,0.529634,-2.61266,-0.148651
501.9,-1.23281,0.228908,-2.61683,0.138856
502,-0.947819,-0.0760533,-2.55225,-0.802357
502.1,-0.65589,-0.362798,-2.43498,-2.51302
502.2,-0.378729,-0.617432,-2.28574,-0.851526
502.3,-0.1308,-0.834887,-2.12391,0.0441041
502.4,0.0805996,-1.01638,-1.96391,-0.814084
502.5,0.253514,-1.16625,-1.81429,-0.857596
502.6,0.389253,-1.28955,-1.67856,-0.896142
502.7,0.49079,-1.39067,-1.55662,-0.66286
502.8,0.561776,-1.47288,-1.44613,-0.390589
502.9,0.606038,-1.53834,-1.34377,0.756659
503,0.627354,-1.58834,-1.24598,0.749083
503.1,0.629377,-1.62366,-1.14958,0.726711
503.2,0.615597,-1.64489,-1.05207,0.690329
503.3,0.589282,-1.65274,-0.951752,0.639721
503.4,0.553402,-1.64819,-0.84774,0.573545
503.5,0.510521,-1.63266,-0.739813,0.488525
503.6,0.462701,-1.60798,-0.628242,0.376758
503.7,0.411424,-1.57637,-0.513576,0.214941
503.8,0.357562,-1.54027,-0.396443,-0.131307
503.9,0.301391,-1.50233,-0.277384,0.439265
504,0.242641,-1.4652,-0.156742,0.349244
504.1,0.180566,-1.43152,-0.0345953,0.0224126
504.2,0.114011,-1.40387,0.0892529,-0.357723
504.3,0.0414639,-1.38475,0.215249,0.0920866
504.4,-0.0389248,-1.37669,0.344023,0.532327
504.5,-0.129369,-1.38219,0.476289,0.353192
504.6,-0.232522,-1.40386,0.612689,-0.384634
504.7,-0.351599,-1.44434,0.753579,0.0909925
504.8,-0.490547,-1.50622,0.898679,0.441923
504.9,-0.654219,-1.59171,1.04654,0.648545
505,-0.848458,-1.70197,1.19367,0.812512
505.1,-1.07986,-1.83586,1.33324,0.958716
505.2,-1.35479,-1.98778,1.45312,1.09159
505.3,-1.67681,-2.1446,1.5336,1.20787
505.4,-2.04181,-2.28199,1.54568,1.29872
505.5,-2.43079,-2.36281,1.45277,0.0369704
505.6,-2.80386,-2.34248,1.21991,0.605749
505.7,-3.10371,-2.1864,0.832203,-0.414807
505.8,-3.27556,-1.89481,0.313342,-1.75717
505.9,-3.29471,-1.51548,-0.274173,-5.77101
506,-3.17737,-1.12696,-0.853266,0.669083
506.1,-2.9642,-0.80362,-1.36128,0.00250484
506.2,-2.69526,-0.589503,-1.76224,-0.701417
506.3,-2.39763,-0.492923,-2.04304,-0.159864
506.4,-2.08748,-0.495191,-2.20568,-0.497379
506.5,-1.77657,-0.563722,-2.26216,0.333789
506.6,-1.47562,-0.663957,-2.23109,-1.7326
506.7,-1.19401,-0.767525,-2.13449,-0.610505
506.8,-0.938145,-0.855886,-1.99432,-0.0559762
506.9,-0.710757,-0.920196,-1.82987,-1.27891
507,-0.511455,-0.959029,-1.65644,-0.26477
507.1,-0.337898,-0.975545,-1.48514,-0.957854
507.2,-0.18693,-0.975043,-1.32351,-0.657385
507.3,-0.0553273,-0.963252,-1.17618,-1.10673
507.4,0.0598367,-0.945343,-1.04568,0.319202
507.5,0.16109,-0.925467,-0.933008,0.385182
507.6,0.250587,-0.906662,-0.838143,0.435255
507.7,0.330178,-0.890948,-0.760405,0.475
507.8,0.401468,-0.879521,-0.698732,0.507331
507.9,0.465862,-0.872964,-0.651882,0.533875
508,0.524594,-0.871441,-0.618572,0.555716
508.1,0.578744,-0.874865,-0.597567,0.573771
508.2,0.629253,-0.88302,-0.587737,0.588941
508.3,0.676926,-0.895661,-0.58808,0.602162
508.4,0.722442,-0.912575,-0.597732,0.614401
508.5,0.766357,-0.933627,-0.615957,0.626634
508.6,0.809102,-0.958795,-0.642123,0.639803
508.7,0.850977,-0.988181,-0.675676,0.654765
508.8,0.892136,-1.02202,-0.7161,0.672233
508.9,0.932563,-1.06068,-0.762865,0.692716
509,0.972042,-1.10465,-0.815367,0.716466
509.1,1.0101,-1.15448,-0.872848,0.743434
509.2,1.04598,-1.21078,-0.934306,0.773243
509.3,1.07853,-1.27407,-0.998384,0.805159
509.4,1.1062,-1.34469,-1.06324,0.838071
509.5,1.12693,-1.4226,-1.12645,0.870471
509.6,1.13821,-1.50718,-1.18483,0.900427
509.7,1.13715,-1.59692,-1.2345,0.925575
509.8,1.12066,-1.68924,-1.27087,0.943116
509.9,1.08586,-1.7803,-1.28893,0.949845
510,1.03058,-1.86512,-1.28374,0.942185
510.1,0.953931,-1.93791,-1.25109,0.916209
510.2,0.856872,-1.99286,-1.18831,0.867571
510.3,0.74232,-2.02516,-1.09493,0.785497
510.4,0.614876,-2.03199,-0.972946,0.267238
510.5,0.48003,-2.01329,-0.826574,-1.28502
510.6,0.343093,-1.97187,-0.661541,0.0541468
510.7,0.208205,-1.91302,-0.484092,-0.279218
510.8,0.0777152,-1.84359,-0.300076,-0.950866
510.9,-0.0479719,-1.77107,-0.114322,-1.929
511,-0.170139,-1.7027,0.0696186,0.232341
511.1,-0.291299,-1.64493,0.249395,0.131534
511.2,-0.414723,-1.60305,0.423561,-0.104803
511.3,-0.544074,-1.58112,0.591151,0.352565
511.4,-0.683188,-1.58184,0.751174,0.561449
511.5,-0.835956,-1.60647,0.902046,0.709761
511.6,-1.00619,-1.65444,1.04094,0.831728
511.7,-1.19732,-1.72276,1.16305,0.938829
511.8,-1.41168,-1.80506,1.26071,1.03409
511.9,-1.64909,-1.8904,1.32281,1.11568
512,-1.90468,-1.96234,1.33467,1.17805
512.1,-2.16631,-1.99913,1.27968,1.21234
512.2,-2.41299,-1.9767,1.14343,-0.405862
512.3,-2.61671,-1.87512,0.920232,0.453871
512.4,-2.74943,-1.68734,0.619498,0.402773
512.5,-2.79335,-1.42503,0.26692,-1.64695
512.6,-2.74826,-1.11655,-0.102222,-1.20633
512.7,-2.63063,-0.79733,-0.454295,0.134472
512.8,-2.46544,-0.498703,-0.765975,-0.0537694
512.9,-2.27682,-0.241381,-1.02637,-0.0731417
513,-2.08239,-0.0347673,-1.2341,-0.299838
513.1,-1.8922,0.120378,-1.39297,-3.08556
513.2,-1.71025,0.228571,-1.50865,-0.452005
513.3,-1.53692,0.296913,-1.58695,-2.29159
513.4,-1.37099,0.333303,-1.63322,-2.53215
513.5,-1.21095,0.345367,-1.6524,-0.34328
513.6,-1.05565,0.339843,-1.64916,0.0494343
513.7,-0.904508,0.322253,-1.62807,-0.209018
513.8,-0.757372,0.296779,-1.59361,-4.16271
513.9,-0.614331,0.266282,-1.55009,0.265364
514,-0.475496,0.232446,-1.50158,0.0953175
514.1,-0.340833,0.195964,-1.45177,-0.298713
514.2,-0.210065,0.15677,-1.40394,0.277781
514.3,-0.082637,0.114237,-1.36096,-1.81812
514.4,0.0422755,0.0673408,-1.32529,-0.0879783
514.5,0.165723,0.0147717,-1.29911,-0.992702
514.6,0.288915,-0.0450188,-1.28438,0.014214
514.7,0.413139,-0.113824,-1.28301,-0.269849
514.8,0.539653,-0.193744,-1.29692,-0.376388
514.9,0.669544,-0.287295,-1.32813,0.466222
515,0.803527,-0.39757,-1.37875,0.318304
515.1,0.941615,-0.52843,-1.45089,0.525622
515.2,1.0826,-0.684693,-1.54635,0.685731
515.3,1.22323,-0.872221,-1.66591,0.831122
515.4,1.35684,-1.09768,-1.80816,0.968433
515.5,1.47148,-1.36752,-1.96729,1.09681
515.6,1.54758,-1.6854,-2.13006,1.21081
515.7,1.55619,-2.04727,-2.27214,1.30053
515.8,1.4607,-2.43411,-2.35648,-0.0990491
515.9,1.226,-2.80593,-2.33863,0.327025
516,0.836979,-3.1052,-2.18414,0.413932
516.1,0.31706,-3.27687,-1.89341,0.416487
516.2,-0.271409,-3.296,-1.51433,0.273203
516.3,-0.851406,-3.17866,-1.1257,-0.425033
516.4,-1.36027,-2.96547,-0.802103,0.245342
516.5,-1.76199,-2.69649,-0.587784,-1.66965
516.6,-2.04345,-2.3988,-0.491169,-4.13682
516.7,-2.20664,-2.08855,-0.493608,-0.242969
516.8,-2.2635,-1.77748,-0.562491,-0.0411315
516.9,-2.23268,-1.47634,-0.663194,-0.752148
517,-2.13618,-1.19453,-0.767272,-0.0291083
517.1,-1.996,-0.938477,-0.856122,-2.84016
517.2,-1.83147,-0.710952,-0.920857,-0.934068
517.3,-1.65791,-0.511566,-0.960032,-0.262781
517.4,-1.48645,-0.337973,-0.976801,-0.702476
517.5,-1.32464,-0.187009,-0.97647,-1.00154
517.6,-1.17713,-0.0554392,-0.964779,-2.48148
517.7,-1.04643,0.0596726,-0.94691,0.319167
517.8,-0.933556,0.16086,-0.927028,0.385004
517.9,-0.838484,0.250282,-0.908181,0.435007
518,-0.760535,0.329789,-0.8924,0.474657
518.1,-0.698645,0.400986,-0.880886,0.506913
518.2,-0.65157,0.465278,-0.874226,0.533401
518.3,-0.618026,0.523898,-0.872589,0.555202
518.4,-0.596774,0.577925,-0.875888,0.573222
518.5,-0.586682,0.628297,-0.883908,0.588357
518.6,-0.586744,0.67582,-0.896399,0.601534
518.7,-0.596094,0.721173,-0.913146,0.613713
518.8,-0.61399,0.764911,-0.934009,0.625862
518.9,-0.639801,0.807467,-0.95896,0.638918
519,-0.672969,0.849142,-0.988092,0.653731
519.1,-0.712979,0.890095,-1.02163,0.671014
519.2,-0.759302,0.930318,-1.05994,0.691275
519.3,-0.811339,0.969603,-1.10348,0.714772
519.4,-0.868344,1.0075,-1.15282,0.741466
519.5,-0.929333,1.04325,-1.20853,0.770995
519.6,-0.992974,1.07576,-1.27114,0.802645
519.7,-1.05747,1.10348,-1.341,0.835335
519.8,-1.12042,1.12443,-1.41808,0.867579
519.9,-1.17874,1.13613,-1.50179,0.897493
520,-1.22861,1.13575,-1.59069,0.922752
520.1,-1.26551,1.12023,-1.68227,0.940608
520.2,-1.28451,1.08672,-1.77282,0.947907
520.3,-1.2807,1.03301,-1.85745,0.941124
520.4,-1.24987,0.958164,-1.93048,0.916395
520.5,-1.18927,0.863002,-1.98616,0.869461
520.6,-1.09827,0.750292,-2.01963,0.79529
520.7,-0.978703,0.624486,-2.02798,0.0215
520.8,-0.834594,0.490968,-2.01097,-0.412547
520.9,-0.671521,0.355013,-1.97119,-0.684503
521,-0.49564,0.220802,-1.91373,-0.237661
521.1,-0.312776,0.0907746,-1.84529,-1.08187
521.2,-0.127782,-0.0345478,-1.77328,-0.208472
521.3,0.0557403,-0.156338,-1.70491,0.282464
521.4,0.235389,-0.277021,-1.64665,0.19762
521.5,0.409683,-0.399808,-1.60387,-0.231382
521.6,0.577649,-0.52833,-1.58072,0.323424
521.7,0.738326,-0.666407,-1.58003,0.543678
521.8,0.89021,-0.817938,-1.60321,0.696376
521.9,1.03061,-0.986773,-1.64991,0.820743
522,1.15489,-1.17644,-1.71744,0.92959
522.1,1.25566,-1.38946,-1.79978,1.02654
522.2,1.322,-1.62601,-1.88646,1.11012
522.3,1.33938,-1.8818,-1.96146,1.17508
522.4,1.29102,-2.14538,-2.0033,1.21289
522.5,1.16178,-2.39638,-1.98764,0.53537
522.6,0.944734,-2.60691,-1.8936,-0.115614
522.7,0.647784,-2.74816,-1.71253,0.0053891
522.8,0.295606,-2.80077,-1.45454,-3.34903
522.9,-0.076484,-2.76285,-1.14726,-1.08653
523,-0.43383,-2.64985,-0.82647,0.280232
523.1,-0.751716,-2.48664,-0.524584,0.225159
523.2,-1.01808,-2.29789,-0.263507,-0.0922566
523.3,-1.23086,-2.10194,-0.0535024,-0.260616
523.4,-1.39355,-1.90941,0.104232,-0.324978
523.5,-1.51181,-1.72472,0.214118,-0.485499
523.6,-1.59153,-1.54846,0.283373,-0.268506
523.7,-1.63824,-1.37956,0.320107,-0.177817
523.8,-1.65709,-1.2166,0.332176,0.0127533
523.9,-1.65294,-1.05852,0.326515,-1.32988
524,-1.63057,-0.904805,0.30879,-0.988979
524.1,-1.59464,-0.755352,0.283264,-3.32119
524.2,-1.54966,-0.610288,0.25283,0.253517
524.3,-1.4998,-0.469734,0.219157,0.0795837
524.4,-1.44888,-0.333648,0.182905,-0.341163
524.5,-1.40023,-0.201729,0.143963,0.20086
524.6,-1.35674,-0.0733853,0.101658,0.118131
524.7,-1.32089,0.0522464,0.0549282,-0.102736
524.8,-1.29486,0.176255,0.00243258,-1.17606
524.9,-1.28061,0.299883,-0.0574019,-0.786116
525,-1.28001,0.424444,-0.12639,-0.252
525.1,-1.29497,0.551209,-0.206653,-0.769723
525.2,-1.32749,0.681264,-0.300736,0.0366796
525.3,-1.37965,0.815301,-0.411767,0.351978
525.4,-1.4535,0.953278,-0.543651,0.544312
525.5,-1.55075,1.09389,-0.701259,0.699725
525.6,-1.67203,1.2337,-0.890495,0.842764
525.7,-1.81564,1.36578,-1.11801,0.978456
525.8,-1.97534,1.47778,-1.39012,1.10528
525.9,-2.13723,1.5496,-1.71009,1.21738
526,-2.27618,1.55184,-2.07303,1.30448
526.1,-2.35455,1.44785,-2.45868,-0.230326
526.2,-2.32816,1.20352,-2.82577,0.518128
526.3,-2.16438,0.806044,-3.11651,0.572861
526.4,-1.86665,0.281624,-3.27742,0.253094
526.5,-1.48535,-0.305914,-3.28641,-0.581585
526.6,-1.09943,-0.88029,-3.16179,-0.179237
526.7,-0.781546,-1.3809,-2.94459,0.270071
526.8,-0.573395,-1.77372,-2.67406,-0.680162
526.9,-0.481507,-2.04693,-2.37627,-1.28888
527,-0.48638,-2.20324,-2.06678,-2.92385
527.1,-0.555469,-2.25497,-1.75697,-1.6767
527.2,-0.654776,-2.22082,-1.45733,-0.0108447
527.3,-0.756673,-2.12265,-1.17698,-0.815604
527.4,-0.843293,-1.98221,-0.92212,-0.857335
527.5,-0.906265,-1.81848,-0.695393,0.0325976
527.6,-0.944419,-1.64651,-0.496402,-0.576949
527.7,-0.960991,-1.47723,-0.322869,-1.04441
527.8,-0.961233,-1.31798,-0.171723,-2.38252
527.9,-0.950763,-1.1733,-0.0398119,-1.3301
528,-0.934609,-1.04561,0.0757463,0.329572
528.1,-0.916789,-0.935871,0.17746,0.394681
528.2,-0.900221,-0.844003,0.267486,0.444178
528.3,-0.886837,-0.769307,0.347683,0.48341
528.4,-0.877773,-0.710719,0.419671,0.515241
528.5,-0.873581,-0.667002,0.484867,0.541339
528.6,-0.87442,-0.636889,0.544514,0.562869
528.7,-0.880219,-0.61917,0.599694,0.580836
528.8,-0.890797,-0.612736,0.651342,0.596227
528.9,-0.905957,-0.616609,0.700253,0.610048
529,-0.925549,-0.629941,0.747084,0.62333
529.1,-0.949515,-0.652,0.79236,0.637085
529.2,-0.977915,-0.682147,0.836464,0.65226
529.3,-1.01094,-0.719796,0.879625,0.669676
529.4,-1.04893,-0.764366,0.921901,0.689958
529.5,-1.09234,-0.815222,0.963143,0.713475
529.6,-1.14172,-0.871594,1.00295,0.740285
529.7,-1.19768,-0.932487,1.04062,0.770101
529.8,-1.26078,-0.996566,1.07507,0.802263
529.9,-1.33141,-1.06203,1.10479,0.835717
530,-1.40964,-1.12647,1.12777,0.86899
530.1,-1.49494,-1.18676,1.1415,0.900177
530.2,-1.58597,-1.239,1.14304,0.926919
530.3,-1.68024,-1.27853,1.12921,0.94641
530.4,-1.77403,-1.30022,1.09693,0.95541
530.5,-1.86231,-1.29888,1.04378,0.950288
530.6,-1.93917,-1.26997,0.968615,0.927045
530.7,-1.99853,-1.21044,0.872111,0.881274
530.8,-2.03515,-1.11947,0.757035,0.809246
530.9,-2.04578,-0.998809,0.628,-1.78331
531,-2.02994,-0.852598,0.490684,0.200428
531.1,-1.9902,-0.686672,0.350731,-0.426387
531.2,-1.93178,-0.507528,0.212665,-3.02609
531.3,-1.86163,-0.321332,0.0791843,-2.11599
531.4,-1.78744,-0.133228,-0.0490476,-0.352024
531.5,-1.71672,0.0529643,-0.173165,-1.49481
531.6,-1.65613,0.234702,-0.295625,0.374981
531.7,-1.61117,0.410416,-0.419694,-0.0921225
531.8,-1.58601,0.579079,-0.549055,0.351731
531.9,-1.58343,0.739694,-0.687547,0.559755
532,-1.60468,0.890727,-0.839034,0.707228
532.1,-1.64921,1.02946,-1.00727,0.828078
532.2,-1.71406,1.15128,-1.19559,0.933899
532.3,-1.793,1.24886,-1.40626,1.0279
532.4,-1.87537,1.31155,-1.63909,1.10846
532.5,-1.94527,1.32534,-1.88945,1.1703
532.6,-1.98168,1.27435,-2.14576,1.20495
532.7,-1.96128,1.14468,-2.388,-0.585793
532.8,-1.86447,0.930578,-2.58933,0.0719983
532.9,-1.68361,0.640524,-2.72259,0.374448
533,-1.42883,0.298592,-2.76994,0.302476
533.1,-1.12652,-0.061556,-2.73022,0.0260921
533.2,-0.810521,-0.407257,-2.61856,0.139237
533.3,-0.511493,-0.715391,-2.45898,0.0803583
533.4,-0.250359,-0.97483,-2.27534,-0.511664
533.5,-0.0372546,-1.18388,-2.08558,-1.714
533.6,0.126117,-1.34611,-1.90027,-2.02446
533.7,0.243325,-1.46703,-1.72383,-0.523956
533.8,0.320609,-1.55222,-1.55679,-2.40032
533.9,0.365167,-1.60674,-1.39783,-3.18665
534,0.384121,-1.63506,-1.24509,-0.648011
534.1,0.383934,-1.64129,-1.09703,-1.42555
534.2,0.370088,-1.6294,-0.952658,-1.0397
534.3,0.346919,-1.60331,-0.811517,0.446175
534.4,0.317596,-1.56685,-0.673527,0.342652
534.5,0.284177,-1.52378,-0.538763,0.203995
534.6,0.247754,-1.47759,-0.407271,-0.0272318
534.7,0.208621,-1.4315,-0.278931,-1.83456
534.8,0.166457,-1.38838,-0.153386,0.271707
534.9,0.12048,-1.35076,-0.0300247,-0.460201
535,0.0695715,-1.32091,0.0920089,0.0767916
535.1,0.0123422,-1.30089,0.213763,0.497971
535.2,-0.0528462,-1.29266,0.336413,0.272517
535.3,-0.127914,-1.29817,0.461177,-0.77704
535.4,-0.215144,-1.31947,0.589196,-0.0562846
535.5,-0.317313,-1.35871,0.721373,0.100419
535.6,-0.437866,-1.41815,0.858117,0.388484
535.7,-0.581114,-1.49994,0.998947,0.58465
535.8,-0.752402,-1.60567,1.14183,0.743848
535.9,-0.958095,-1.73549,1.28215,0.889416
536,-1.20507,-1.88648,1.41105,1.02575
536.1,-1.49912,-2.05002,1.51331,1.15049
536.2,-1.84136,-2.20826,1.56492,1.25656
536.3,-2.22203,-2.3308,1.5324,1.33187
536.4,-2.61284,-2.37534,1.37733,0.509921
536.5,-2.96384,-2.2983,1.07022,0.602991
536.6,-3.21421,-2.07757,0.61151,-1.15375
536.7,-3.31874,-1.73564,0.0445685,-0.715433
536.8,-3.27148,-1.33967,-0.556239,0.195489
536.9,-3.10345,-0.972615,-1.11614,-1.39172
537,-2.85828,-0.698218,-1.58339,-0.356767
537.1,-2.57092,-0.54388,-1.93293,-0.229832
537.2,-2.26295,-0.503213,-2.1593,-0.617542
537.3,-1.94827,-0.548202,-2.26978,-1.53947
537.4,-1.63859,-0.642728,-2.28032,0.419545
537.5,-1.34474,-0.753342,-2.2122,-1.10151
537.6,-1.07514,-0.855484,-2.08837,-0.0482078
537.7,-0.834389,-0.93516,-1.93019,-0.991132
537.8,-0.623306,-0.987446,-1.75534,-1.77527
537.9,-0.440018,-1.01365,-1.57713,-0.526521
538,-0.281309,-1.01852,-1.40489,-3.20346
538.1,-0.143654,-1.00801,-1.24462,-0.756121
538.2,-0.0237942,-0.988002,-1.09986,-1.24061
538.3,0.0810584,-0.963467,-0.972316,0.335052
538.4,0.173224,-0.938252,-0.862451,0.391862
538.5,0.254641,-0.915062,-0.769882,0.43632
538.6,0.326957,-0.895612,-0.693699,0.47255
538.7,0.391599,-0.880843,-0.632705,0.502563
538.8,0.449819,-0.871131,-0.58558,0.527403
538.9,0.502724,-0.866472,-0.551,0.547774
539,0.551288,-0.866641,-0.527713,0.564321
539.1,0.596365,-0.871296,-0.514583,0.577737
539.2,0.638695,-0.880072,-0.510615,0.588777
539.3,0.678916,-0.892629,-0.514954,0.598242
539.4,0.717567,-0.908695,-0.526883,0.606961
539.5,0.755095,-0.928087,-0.545809,0.615759
539.6,0.791854,-0.950729,-0.571237,0.62543
539.7,0.828103,-0.976658,-0.602752,0.636701
539.8,0.863999,-1.00603,-0.639981,0.650191
539.9,0.899583,-1.0391,-0.682563,0.666371
540,0.934754,-1.07624,-0.730101,0.685531
540.1,0.969246,-1.11792,-0.78211,0.707744
540.2,1.00258,-1.16464,-0.837954,0.732845
540.3,1.03403,-1.21691,-0.896769,0.760412
540.4,1.06257,-1.27517,-0.957374,0.789743
540.5,1.0868,-1.33969,-1.01817,0.819836
540.6,1.10498,-1.4104,-1.07706,0.849362
540.7,1.11496,-1.48673,-1.13135,0.876646
540.8,1.11431,-1.5674,-1.17773,0.899645
540.9,1.10046,-1.65026,-1.21233,0.915962
541,1.07098,-1.73214,-1.23095,0.92285
541.1,1.02398,-1.80895,-1.22937,0.917255
541.2,0.958563,-1.87591,-1.20391,0.895839
541.3,0.875214,-1.92812,-1.15202,0.854938
541.4,0.775989,-1.96135,-1.07282,0.790311
541.5,0.664352,-1.97281,-0.967413,0.696349
541.6,0.544636,-1.96182,-0.838759,-0.295571
541.7,0.421265,-1.93009,-0.691252,-0.414911
541.8,0.297938,-1.88147,-0.529982,-2.28837
541.9,0.177034,-1.82146,-0.359981,0.0984261
542,0.059352,-1.75641,-0.185636,-0.332379
542.1,-0.0558121,-1.69282,-0.0103513,-0.682872
542.2,-0.170373,-1.63679,0.163503,0.356736
542.3,-0.287095,-1.59368,0.334433,-0.980452
542.4,-0.40928,-1.56795,0.50152,-0.0473662
542.5,-0.540567,-1.56306,0.664013,0.388705
542.6,-0.684837,-1.58137,0.820845,0.590524
542.7,-0.846162,-1.62389,0.970046,0.738692
542.8,-1.02868,-1.68975,1.10802,0.863667
542.9,-1.23616,-1.77538,1.22861,0.974916
543,-1.47103,-1.87315,1.32216,1.07393
543.1,-1.73247,-1.96987,1.3746,1.15735
543.2,-2.01348,-2.04564,1.36773,1.21797
543.3,-2.29768,-2.07463,1.28162,0.22939
543.4,-2.55799,-2.02969,1.10066,-0.0920482
543.5,-2.76051,-1.89164,0.822245,-0.0680597
543.6,-2.87497,-1.65993,0.463662,0.402966
543.7,-2.88729,-1.35728,0.0604767,-1.21251
543.8,-2.8053,-1.02291,-0.3447,0.453592
543.9,-2.6531,-0.698334,-0.715972,0.610914
544,-2.45928,-0.414998,-1.0317,-0.610825
544.1,-2.24717,-0.189594,-1.28387,-1.54913
544.2,-2.03136,-0.0257783,-1.47341,-1.44158
544.3,-1.8188,0.0815188,-1.60557,-0.825901
544.4,-1.61177,0.141939,-1.6872,-0.336808
544.5,-1.4106,0.166637,-1.72566,-0.376644
544.6,-1.21527,0.166281,-1.72845,-0.298469
544.7,-1.02609,0.149889,-1.70314,-0.568856
544.8,-0.843691,0.124278,-1.65723,-2.12908
544.9,-0.668817,0.0939835,-1.59785,-0.174505
545,-0.502006,0.0615027,-1.53151,-0.572049
545.1,-0.343424,0.0277189,-1.46388,-0.435266
545.2,-0.192774,-0.00763207,-1.39969,-2.10349
545.3,-0.0493187,-0.0455434,-1.34278,0.315872
545.4,0.0880545,-0.0874232,-1.29615,0.19743
545.5,0.220727,-0.134899,-1.26221,-0.213508
545.6,0.350236,-0.189736,-1.24287,-0.509019
545.7,0.47815,-0.253842,-1.23983,-2.16494
545.8,0.605939,-0.329349,-1.25462,0.236638
545.9,0.734809,-0.418749,-1.28879,0.398575
546,0.865478,-0.525063,-1.34383,0.527309
546.1,0.997839,-0.652033,-1.42107,0.647799
546.2,1.13042,-0.804258,-1.52129,0.76745
546.3,1.25953,-0.987185,-1.64402,0.887671
546.4,1.37802,-1.20668,-1.7862,1.00647
546.5,1.47352,-1.46773,-1.94018,1.11915
546.6,1.52667,-1.7717,-2.0909,1.21821
546.7,1.51032,-2.11149,-2.21329,1.2926
546.8,1.39253,-2.46554,-2.27218,-0.29092
546.9,1.14626,-2.7943,-2.22907,0.566174
547,0.765346,-3.04628,-2.05849,0.528378
547.1,0.277473,-3.17698,-1.76742,-2.0697
547.2,-0.259917,-3.17058,-1.40155,0.590658
547.3,-0.781568,-3.04537,-1.02844,0.853533
547.4,-1.23698,-2.83842,-0.709516,-0.604034
547.5,-1.59856,-2.58514,-0.481159,-2.0392
547.6,-1.85739,-2.30911,-0.351718,-2.31341
547.7,-2.01623,-2.02341,-0.308644,-0.905036
547.8,-2.08496,-1.73596,-0.32827,-0.693938
547.9,-2.07809,-1.45339,-0.384432,-0.302884
548,-2.01288,-1.182,-0.45453,-0.961987
548.1,-1.90727,-0.927082,-0.522623,-0.0262524
548.2,-1.77797,-0.692136,-0.579925,-0.280182
548.3,-1.63908,-0.478654,-0.623558,-0.348853
548.4,-1.50157,-0.286453,-0.654608,-0.236597
548.5,-1.37332,-0.114212,-0.676245,-1.62154
548.6,-1.25954,0.040027,-0.692311,0.237052
548.7,-1.16331,0.178501,-0.706448,0.349169
548.8,-1.08617,0.303492,-0.721684,0.433054
548.9,-1.0286,0.417187,-0.740337,0.497598
549,-0.990369,0.521592,-0.764098,0.549029
549.1,-0.970875,0.618474,-0.794199,0.591906
549.2,-0.969292,0.709316,-0.831602,0.629906
549.3,-0.984683,0.795266,-0.877174,0.666125
549.4,-1.01602,0.877083,-0.93182,0.703177
549.5,-1.06214,0.955048,-0.996585,0.74306
549.6,-1.12162,1.02885,-1.07268,0.786957
549.7,-1.19257,1.09743,-1.16144,0.835052
549.8,-1.27233,1.15877,-1.26417,0.886443
549.9,-1.35712,1.20966,-1.3818,0.939149
550,-1.44162,1.24549,-1.5144,0.990145
550.1,-1.51855,1.26023,-1.66043,1.03538
550.2,-1.57858,1.24671,-1.81581,1.0698
550.3,-1.6107,1.19751,-1.97316,1.08728
550.4,-1.6035,1.1066,-2.12157,1.08068
550.5,-1.54739,0.971484,-2.24748,-1.12031
550.6,-1.4374,0.795233,-2.33715,-0.821014
550.7,-1.27534,0.587069,-2.38012,0.192641
550.8,-1.07012,0.360839,-2.37245,-0.806509
550.9,-0.835764,0.13162,-2.31802,-0.626738
551,-0.587963,-0.0879789,-2.22729,-0.44901
551.1,-0.340821,-0.290179,-2.11436,-1.17577
551.2,-0.104971,-0.472394,-1.99355,-0.233027
551.3,0.112769,-0.63607,-1.87704,0.0512947
551.4,0.308701,-0.784943,-1.77362,-1.46484
551.5,0.481185,-0.923484,-1.68849,0.576367
551.6,0.629623,-1.05583,-1.62354,0.695998
551.7,0.753686,-1.18518,-1.57793,0.782435
551.8,0.852821,-1.31354,-1.54848,0.847947
551.9,0.926006,-1.44151,-1.5302,0.898213
552,0.971753,-1.56818,-1.51657,0.935161
552.1,0.988365,-1.69107,-1.50008,0.95835
552.2,0.974427,-1.80603,-1.47275,0.965751
552.3,0.929499,-1.90762,-1.42706,0.954262
552.4,0.854838,-1.98966,-1.35691,0.919983
552.5,0.753888,-2.04637,-1.25869,0.206235
552.6,0.632262,-2.07362,-1.13193,-1.02352
552.7,0.497057,-2.07007,-0.979321,-1.16338
552.8,0.355662,-2.03772,-0.806118,-0.721252
552.9,0.214429,-1.98169,-0.618909,-0.366898
553,0.0776846,-1.90932,-0.424385,-2.22635
553.1,-0.0526701,-1.82903,-0.228348,-1.55626
553.2,-0.176979,-1.74916,-0.0352011,-1.4716
553.3,-0.297281,-1.67718,0.152114,-0.985387
553.4,-0.416673,-1.61921,0.331864,-0.149423
553.5,-0.538761,-1.57991,0.503091,0.301206
553.6,-0.667305,-1.56238,0.665113,0.515168
553.7,-0.806026,-1.56822,0.816989,0.663151
553.8,-0.958485,-1.59737,0.956954,0.781983
553.9,-1.12791,-1.64776,1.0818,0.885118
554,-1.31675,-1.71467,1.18623,0.97733
554.1,-1.52584,-1.78995,1.26224,1.05853
554.2,-1.75286,-1.86109,1.29884,1.12514
554.3,-1.99041,-1.91101,1.28274,1.17068
554.4,-2.2242,-1.91923,1.2006,-0.0349712
554.5,-2.43299,-1.8657,1.04345,-0.42274
554.6,-2.59197,-1.73705,0.812066,-0.883879
554.7,-2.67997,-1.53298,0.5206,-0.496893
554.8,-2.68727,-1.26872,0.194829,-0.312599
554.9,-2.61943,-0.970831,-0.135137,-1.84837
555,-2.49422,-0.668677,-0.443665,-1.45744
555.1,-2.33435,-0.386546,-0.714914,-0.62043
555.2,-2.16044,-0.139941,-0.943034,-0.634746
555.3,-1.98719,0.0641005,-1.12913,-2.12189
555.4,-1.82282,0.224701,-1.27769,-2.35462
555.5,-1.67033,0.344655,-1.39399,-1.64996
555.6,-1.52928,0.428568,-1.48276,-1.83777
555.7,-1.39746,0.48171,-1.54779,-3.80982
555.8,-1.2721,0.509395,-1.59199,-0.0990858
555.9,-1.15064,0.516646,-1.61774,0.674961
556,-1.03108,0.508017,-1.62715,0.631407
556.1,-0.912129,0.487471,-1.62234,0.572433
556.2,-0.793133,0.458293,-1.60556,0.496871
556.3,-0.673924,0.42304,-1.57927,0.400454
556.4,-0.554615,0.383521,-1.54603,0.270839
556.5,-0.435414,0.340833,-1.50851,0.0603318
556.6,-0.316476,0.295421,-1.46936,-1.05457
556.7,-0.19779,0.24717,-1.43113,-0.0800914
556.8,-0.0791289,0.1955,-1.39625,-0.0537938
556.9,0.0399738,0.139454,-1.36704,0.382896
557,0.160201,0.0777533,-1.34569,-0.246661
557.1,0.282406,0.00882674,-1.33436,-0.101251
557.2,0.407542,-0.0692058,-1.33523,-0.0142734
557.3,0.536552,-0.158593,-1.35057,0.573658
557.4,0.670217,-0.262061,-1.38278,-0.347991
557.5,0.808921,-0.382969,-1.43438,0.20485
557.6,0.952274,-0.525501,-1.50783,0.508832
557.7,1.09851,-0.694845,-1.60514,0.694238
557.8,1.24351,-0.897242,-1.72711,0.851505
557.9,1.37929,-1.13963,-1.87182,0.994998
558,1.49186,-1.42831,-2.0322,1.12566
558.1,1.55879,-1.76586,-2.19253,1.2383
558.2,1.54782,-2.14531,-2.32477,1.32228
558.3,1.42004,-2.54234,-2.38798,0.695932
558.4,1.14198,-2.9104,-2.33654,0.610399
558.5,0.706459,-3.18816,-2.14152,-0.312537
558.6,0.149225,-3.3243,-1.81607,0.638691
558.7,-0.457837,-3.30449,-1.4216,0.523495
558.8,-1.03624,-3.15474,-1.04262,-1.08045
558.9,-1.528,-2.91898,-0.749599,0.181485
559,-1.90292,-2.63503,-0.577162,-0.303269
559.1,-2.15231,-2.32699,-0.52368,-0.127341
559.2,-2.28167,-2.01009,-0.562837,-0.824954
559.3,-2.30608,-1.69685,-0.657795,0.306331
559.4,-2.24673,-1.39887,-0.773028,0.485428
559.5,-2.1271,-1.12536,-0.881588,-1.79873
559.6,-1.96938,-0.881555,-0.967478,-0.062059
559.7,-1.79213,-0.668532,-1.02446,-2.63465
559.8,-1.60943,-0.484359,-1.05319,-0.563587
559.9,-1.43121,-0.325576,-1.05828,-1.30096
560,-1.26394,-0.188372,-1.04592,-2.6227
560.1,-1.11149,-0.0692667,-1.02237,-0.548495
560.2,-0.97584,0.034659,-0.993053,0.303048
560.3,-0.857636,0.125768,-0.962251,0.362604
560.4,-0.756616,0.205981,-0.933037,0.409159
560.5,-0.671935,0.276894,-0.907411,0.447506
560.6,-0.602411,0.339874,-0.88651,0.479789
560.7,-0.546695,0.39612,-0.870824,0.506911
560.8,-0.503407,0.446692,-0.860395,0.529332
560.9,-0.471214,0.492532,-0.854986,0.547458
561,-0.448887,0.53447,-0.8542,0.561774
561.1,-0.435329,0.573239,-0.857576,0.572852
561.2,-0.429585,0.609474,-0.864649,0.581337
561.3,-0.430844,0.643725,-0.874992,0.587909
561.4,-0.438429,0.676465,-0.888242,0.593266
561.5,-0.451784,0.708093,-0.904115,0.598102
561.6,-0.470455,0.738943,-0.922411,0.603093
561.7,-0.494079,0.769286,-0.943023,0.608876
561.8,-0.522356,0.799329,-0.965931,0.616034
561.9,-0.555034,0.829218,-0.991207,0.625066
562,-0.59188,0.85902,-1.01901,0.63637
562.1,-0.632655,0.888722,-1.04958,0.650216
562.2,-0.677082,0.918209,-1.08321,0.666732
562.3,-0.724807,0.947243,-1.12029,0.685894
562.4,-0.775355,0.975437,-1.16121,0.707508
562.5,-0.828075,1.00222,-1.20635,0.731205
562.6,-0.882083,1.02682,-1.25607,0.756424
562.7,-0.936195,1.04821,-1.31057,0.782392
562.8,-0.988862,1.0651,-1.36984,0.808103
562.9,-1.03812,1.07594,-1.43353,0.832305
563,-1.08155,1.07895,-1.50083,0.853473
563.1,-1.11634,1.07222,-1.57033,0.869812
563.2,-1.13933,1.05387,-1.63993,0.879263
563.3,-1.14726,1.02228,-1.70686,0.879523
563.4,-1.13704,0.976353,-1.76774,0.868073
563.5,-1.10616,0.915838,-1.81893,0.842177
563.6,-1.05306,0.841493,-1.85689,0.798803
563.7,-0.977441,0.755136,-1.87878,0.734299
563.8,-0.880412,0.65945,-1.88296,0.643492
563.9,-0.76434,0.557569,-1.86936,0.517004
564,-0.632517,0.452553,-1.83963,-0.434545
564.1,-0.488668,0.346864,-1.79693,-0.670481
564.2,-0.336456,0.241989,-1.74562,-1.51187
564.3,-0.17908,0.13828,-1.6907,0.260493
564.4,-0.019041,0.0349832,-1.6374,0.326742
564.5,0.141918,-0.0695823,-1.5908,-1.28019
564.6,0.302718,-0.177814,-1.55556,0.425605
564.7,0.462737,-0.292639,-1.53584,-1.34705
564.8,0.621505,-0.417408,-1.53519,0.108278
564.9,0.778311,-0.555869,-1.55649,0.460471
565,0.931689,-0.712191,-1.60169,0.649404
565.1,1.07872,-0.890953,-1.67139,0.796969
565.2,1.21407,-1.09691,-1.76397,0.925646
565.3,1.32883,-1.33427,-1.87421,1.04125
565.4,1.40909,-1.60501,-1.99137,1.14254
565.5,1.43521,-1.90583,-2.09715,1.22345
565.6,1.38287,-2.22395,-2.16476,1.27301
565.7,1.22829,-2.53332,-2.16181,-0.288882
565.8,0.958434,-2.79563,-2.05953,-0.336021
565.9,0.582502,-2.9701,-1.84713,0.386081
566,0.135903,-3.03013,-1.54284,-0.772538
566.1,-0.329977,-2.97547,-1.19089,0.359478
566.2,-0.766218,-2.82971,-0.844385,-1.64336
566.3,-1.13972,-2.62575,-0.546418,-0.991338
566.4,-1.43524,-2.39196,-0.320519,-0.978905
566.5,-1.65036,-2.14635,-0.171387,-1.42977
566.6,-1.78976,-1.89808,-0.0906224,-2.75155
566.7,-1.8618,-1.65143,-0.0630289,-4.21778
566.8,-1.87688,-1.40904,-0.0716558,-2.36089
566.9,-1.84664,-1.17345,-0.101211,-1.24995
567,-1.7832,-0.947264,-0.139948,-0.667379
567.1,-1.6983,-0.732771,-0.180261,-0.39713
567.2,-1.60257,-0.531524,-0.218318,-1.00028
567.3,-1.50495,-0.34417,-0.253183,-0.172792
567.4,-1.41253,-0.170482,-0.285793,-0.180911
567.5,-1.33059,-0.0095179,-0.318069,-0.082411
567.6,-1.26289,0.140172,-0.352281,0.0887229
567.7,-1.21195,0.28034,-0.390688,0.237143
567.8,-1.17941,0.412857,-0.435391,0.351621
567.9,-1.16633,0.539552,-0.488352,0.441885
568,-1.17342,0.662065,-0.5515,0.518284
568.1,-1.20114,0.78169,-0.626892,0.589086
568.2,-1.24976,0.899184,-0.716888,0.66048
568.3,-1.31922,1.0145,-0.824298,0.736441
568.4,-1.40883,1.1264,-0.952454,0.818535
568.5,-1.51669,1.23186,-1.10511,0.905949
568.6,-1.6388,1.32528,-1.28599,0.995727
568.7,-1.76774,1.3975,-1.49779,1.08298
568.8,-1.89108,1.43495,-1.74021,1.16085
568.9,-1.99015,1.41962,-2.00703,1.22021
569,-2.04036,1.33116,-2.28282,1.23536
569.1,-2.0152,1.15246,-2.54118,0.562742
569.2,-1.89494,0.878313,-2.74796,-0.477369
569.3,-1.67734,0.522852,-2.87119,0.412404
569.4,-1.38326,0.11931,-2.89391,-0.316409
569.5,-1.05128,-0.290293,-2.82113,0.245469
569.6,-0.723848,-0.669119,-2.67544,0.499077
569.7,-0.434365,-0.994039,-2.48539,0.154359
569.8,-0.201537,-1.25583,-2.27512,-2.2924
569.9,-0.0305751,-1.45467,-2.0601,-0.434469
570,0.0826282,-1.59544,-1.84787,-2.42003
570.1,0.147265,-1.68478,-1.64095,-2.37765
570.2,0.174419,-1.72985,-1.43963,-4.76577
570.3,0.174954,-1.73802,-1.24381,-2.11259
570.4,0.158235,-1.71677,-1.05369,-0.81838
570.5,0.131483,-1.67357,-0.869931,-0.691784
570.6,0.0996184,-1.61565,-0.693317,-0.343763
570.7,0.0654555,-1.54967,-0.524504,-0.758313
570.8,0.0300986,-1.4815,-0.363785,-1.33888
570.9,-0.00658498,-1.41608,-0.210987,-0.950538
571,-0.0455307,-1.35745,-0.0654737,0.335478
571.1,-0.0881384,-1.3088,0.0737857,0.198096
571.2,-0.136055,-1.27265,0.208117,0.443284
571.3,-0.19107,-1.25104,0.339023,-0.379421
571.4,-0.255115,-1.24571,0.468053,-0.0500257
571.5,-0.330329,-1.25824,0.596674,0.22914
571.6,-0.419192,-1.29016,0.726099,0.394648
571.7,-0.524691,-1.34297,0.85707,0.524166
571.8,-0.650506,-1.41798,0.989518,0.644415
571.9,-0.801153,-1.51597,1.12205,0.763382
572,-0.98198,-1.63648,1.25111,0.882799
572.1,-1.19875,-1.77655,1.36978,1.00089
572.2,-1.45645,-1.92877,1.46608,1.11314
572.3,-1.75656,-2.07856,1.52119,1.21225
572.4,-2.0925,-2.20154,1.50865,1.28743
572.5,-2.44366,-2.26329,1.39711,-0.119725
572.6,-2.77178,-2.2257,1.15945,0.0834599
572.7,-3.02632,-2.06254,0.788384,-0.388044
572.8,-3.16253,-1.77867,0.309487,0.538637
572.9,-3.163,-1.41714,-0.221743,0.140705
573,-3.0442,-1.04389,-0.740827,0.195936
573.1,-2.8423,-0.72036,-1.1969,0.0188101
573.2,-2.59285,-0.484187,-1.56159,-1.86413
573.3,-2.32004,-0.345434,-1.82532,-2.63128
573.4,-2.03726,-0.293171,-1.99033,-1.26968
573.5,-1.75234,-0.304955,-2.06593,-0.912776
573.6,-1.47159,-0.355316,-2.06601,-1.30483
573.7,-1.20108,-0.421815,-2.00728,-0.954807
573.8,-0.946005,-0.488274,-1.90727,-0.554041
573.9,-0.70999,-0.545462,-1.78252,-1.52919
574,-0.49474,-0.590024,-1.64715,-0.382027
574.1,-0.300303,-0.62265,-1.51229,-0.771659
574.2,-0.12555,-0.646231,-1.38603,-0.617887
574.3,0.0313453,-0.66444,-1.27379,0.218347
574.4,0.172541,-0.68084,-1.17888,0.335829
574.5,0.300284,-0.698442,-1.103,0.424036
574.6,0.416751,-0.719589,-1.04676,0.491914
574.7,0.523954,-0.746023,-1.01006,0.545997
574.8,0.62367,-0.779046,-0.992383,0.59117
574.9,0.717383,-0.819713,-0.992985,0.631371
575,0.806225,-0.868995,-1.01098,0.66992
575.1,0.890907,-0.927929,-1.04537,0.709576
575.2,0.971621,-0.997702,-1.09498,0.752384
575.3,1.04789,-1.07968,-1.15831,0.79945
575.4,1.11841,-1.17535,-1.2333,0.850763
575.5,1.18074,-1.28611,-1.31698,0.905131
575.6,1.23114,-1.41285,-1.40507,0.960206
575.7,1.26425,-1.55541,-1.49147,1.01253
575.8,1.27321,-1.71161,-1.5679,1.05754
575.9,1.24999,-1.87627,-1.6238,1.08957
576,1.18669,-2.04045,-1.64703,1.10184
576.1,1.07753,-2.19136,-1.62554,1.08151
576.2,0.921329,-2.31393,-1.55019,-0.0878287
576.3,0.723523,-2.39391,-1.41777,-0.66885
576.4,0.49613,-2.42195,-1.233,-0.0550524
576.5,0.255242,-2.39658,-1.00794,-0.985615
576.6,0.0168695,-2.32478,-0.759054,-1.33759
576.7,-0.206857,-2.21961,-0.50312,-0.106379
576.8,-0.409508,-2.09653,-0.254096,0.344795
576.9,-0.589988,-1.97001,-0.0217056,0.202324
577,-0.75085,-1.85134,0.188359,0.148401
577.1,-0.896372,-1.74793,0.373398,0.134883
577.2,-1.03105,-1.66339,0.532515,0.645846
577.3,-1.15867,-1.59814,0.665621,0.741959
577.4,-1.28186,-1.55002,0.772771,0.811365
577.5,-1.40189,-1.5149,0.853798,0.862582
577.6,-1.51862,-1.48719,0.90822,0.899357
577.7,-1.6305,-1.46033,0.935366,0.92261
577.8,-1.73461,-1.42736,0.934712,0.931462
577.9,-1.82694,-1.38163,0.906354,0.92387
578,-1.90282,-1.3175,0.851524,0.897012
578.1,-1.95772,-1.23117,0.772962,0.847467
578.2,-1.98814,-1.12119,0.674973,0.311829
578.3,-1.99251,-0.988658,0.563049,-2.42757
578.4,-1.97172,-0.836816,0.443093,0.0296312
578.5,-1.92915,-0.670349,0.320474,-2.17108
578.6,-1.87023,-0.494439,0.199215,-0.398578
578.7,-1.80165,-0.313933,0.0815244,-0.0821349
578.8,-1.7305,-0.13279,-0.0322445,-1.48334
578.9,-1.66357,0.046146,-0.143307,-0.686653
579,-1.60688,0.221085,-0.254008,0.188067
579.1,-1.56542,0.391042,-0.367398,-1.12499
579.2,-1.54313,0.555477,-0.486913,0.260562
579.3,-1.54283,0.713861,-0.616195,0.497244
579.4,-1.56617,0.865184,-0.75903,0.655605
579.5,-1.61332,1.00737,-0.919294,0.78371
579.6,-1.68248,1.13655,-1.10078,0.896452
579.7,-1.76899,1.24624,-1.30669,0.998482
579.8,-1.86404,1.32644,-1.53851,1.0891
579.9,-1.9534,1.36311,-1.79402,1.16374
580,-2.0167,1.33881,-2.06449,1.21447
580.1,-2.02895,1.23576,-2.33209,0.459994
580.2,-1.96579,1.04198,-2.56959,0.27589
580.3,-1.81246,0.759123,-2.74539,-0.545884
580.4,-1.57266,0.407258,-2.83388,0.365247
580.5,-1.27071,0.0213638,-2.82603,-1.28129
580.6,-0.943737,-0.359848,-2.7326,-0.388708
580.7,-0.628869,-0.705666,-2.57773,-0.695712
580.8,-0.353263,-0.9988,-2.38817,0.0121199
580.9,-0.131,-1.23391,-2.18517,-1.18908
581,0.0348908,-1.41306,-1.98179,-1.38621
581.1,0.148625,-1.54164,-1.78403,-0.87969
581.2,0.218197,-1.626,-1.59348,-0.247245
581.3,0.252931,-1.67243,-1.40972,-2.5771
581.4,0.261919,-1.68709,-1.2319,-2.05169
581.5,0.253114,-1.67597,-1.05947,-0.512854
581.6,0.232854,-1.645,-0.892383,-0.686206
581.7,0.205717,-1.59992,-0.73089,-2.46919
581.8,0.174611,-1.54614,-0.575328,-0.642536
581.9,0.14101,-1.48857,-0.425881,-0.0337816
582,0.105277,-1.4315,-0.282445,-1.45223
582.1,0.066974,-1.37858,-0.144567,-1.86995
582.2,0.0251341,-1.33285,-0.0114513,0.357037
582.3,-0.0215483,-1.2968,0.117984,0.285593
582.4,-0.0746059,-1.27258,0.245033,0.503378
582.5,-0.135765,-1.26205,0.371105,-0.0414787
582.6,-0.20698,-1.26701,0.497623,0.395352
582.7,-0.290528,-1.28922,0.625885,-0.23036
582.8,-0.389145,-1.33054,0.756899,0.328946
582.9,-0.506215,-1.3928,0.891118,0.5033
583,-0.645953,-1.47768,1.02804,0.647927
583.1,-0.81355,-1.58617,1.16554,0.78357
583.2,-1.01509,-1.71766,1.29885,0.914983
583.3,-1.25695,-1.86837,1.419,1.04123
583.4,-1.54406,-2.02877,1.51078,1.1577
583.5,-1.87631,-2.18036,1.55073,1.25616
583.6,-2.24258,-2.29297,1.50698,1.324
583.7,-2.61405,-2.32621,1.3443,0.460614
583.8,-2.94236,-2.24029,1.03758,0.41237
583.9,-3.17103,-2.01724,0.59073,0.41629
584,-3.26002,-1.68045,0.0467472,-0.79031
584.1,-3.20604,-1.29294,-0.52482,0.524204
584.2,-3.03919,-0.930611,-1.05574,0.188786
584.3,-2.80063,-0.651586,-1.49953,-0.240389
584.4,-2.52332,-0.481646,-1.83417,-0.578127
584.5,-2.22725,-0.416735,-2.0553,-1.04505
584.6,-1.92438,-0.433538,-2.16961,-0.445688
584.7,-1.62406,-0.501044,-2.19114,-0.427857
584.8,-1.335,-0.58977,-2.13862,-1.73604
584.9,-1.06461,-0.677333,-2.03266,-3.729
585,-0.817749,-0.750286,-1.89304,-1.54188
585.1,-0.596404,-0.803179,-1.7367,-0.0842794
585.2,-0.400191,-0.836264,-1.57688,-1.75962
585.3,-0.227253,-0.853044,-1.42311,-0.661937
585.4,-0.0750537,-0.858304,-1.28171,-1.23128
585.5,0.0591075,-0.856821,-1.15645,0.303598
585.6,0.177818,-0.852683,-1.04923,0.387422
585.7,0.283446,-0.84903,-0.960676,0.449592
585.8,0.378115,-0.848073,-0.890512,0.497548
585.9,0.463706,-0.851242,-0.83797,0.535676
586,0.54187,-0.859385,-0.802006,0.566812
586.1,0.614036,-0.872965,-0.781477,0.593063
586.2,0.681414,-0.89223,-0.775241,0.616214
586.3,0.744999,-0.917352,-0.782214,0.637906
586.4,0.805558,-0.948526,-0.801387,0.659671
586.5,0.863618,-0.986043,-0.831803,0.682883
586.6,0.919435,-1.03033,-0.872512,0.708663
586.7,0.972948,-1.08196,-0.922495,0.737758
586.8,1.02371,-1.14162,-0.980555,0.770437
586.9,1.07081,-1.21007,-1.04518,0.806415
587,1.11278,-1.28798,-1.11437,0.844819
587.1,1.14745,-1.37575,-1.18545,0.88417
587.2,1.17196,-1.4732,-1.25482,0.92238
587.3,1.18267,-1.57923,-1.31785,0.956791
587.4,1.17544,-1.69134,-1.36882,0.983961
587.5,1.14595,-1.80532,-1.40107,1.0001
587.6,1.09049,-1.91504,-1.4076,1.00069
587.7,1.00684,-2.01285,-1.38198,0.980711
587.8,0.895291,-2.09042,-1.3196,0.93466
587.9,0.759212,-2.1403,-1.21889,0.0802409
588,0.604837,-2.1576,-1.08201,0.317493
588.1,0.440181,-2.14132,-0.914653,-1.48739
588.2,0.273335,-2.09476,-0.724954,-0.566405
588.3,0.110791,-2.02483,-0.52188,-0.769578
588.4,-0.0436121,-1.94068,-0.313742,-1.81613
588.5,-0.188899,-1.85205,-0.10723,-1.0782
588.6,-0.326476,-1.76802,0.0929053,0.301692
588.7,-0.459339,-1.69612,0.283643,-1.9912
588.8,-0.591275,-1.64197,0.463192,0.329343
588.9,-0.726273,-1.60921,0.630372,0.537793
589,-0.868155,-1.59949,0.783987,0.681563
589.1,-1.02034,-1.61246,0.922218,0.794554
589.2,-1.18559,-1.64549,1.04204,0.890085
589.3,-1.36563,-1.69337,1.1387,0.973111
589.4,-1.5603,-1.74768,1.20532,1.04394
589.5,-1.76649,-1.79649,1.23297,1.09957
589.6,-1.97665,-1.82448,1.21148,1.13438
589.7,-2.17793,-1.81445,1.13159,-1.31289
589.8,-2.35268,-1.75059,0.988304,-0.664119
589.9,-2.48159,-1.62312,0.784586,-1.03628
590,-2.5491,-1.43256,0.533234,-0.802748
590.1,-2.54883,-1.19083,0.254978,-1.46427
590.2,-2.48601,-0.918116,-0.0269758,0.0150807
590.3,-2.37528,-0.63687,-0.293147,-1.30935
590.4,-2.23557,-0.366361,-0.531564,0.414877
590.5,-2.08491,-0.119853,-0.738008,0.153113
590.6,-1.9372,0.0954482,-0.913862,-0.38748
590.7,-1.80112,0.27694,-1.06335,-0.0460232
590.8,-1.68061,0.42488,-1.19135,-1.56466
590.9,-1.57598,0.540994,-1.30208,-0.855532
591,-1.48504,0.627604,-1.39855,0.76903
591.1,-1.40416,0.687183,-1.48253,0.794551
591.2,-1.32909,0.722205,-1.55467,0.803995
591.3,-1.25555,0.735151,-1.6148,0.799365
591.4,-1.17974,0.728588,-1.66226,0.781227
591.5,-1.09863,0.705229,-1.69629,0.749243
591.6,-1.01017,0.667931,-1.71629,0.702378
591.7,-0.913361,0.619618,-1.72216,0.638777
591.8,-0.808114,0.563122,-1.71449,0.555067
591.9,-0.695117,0.500982,-1.69462,0.444181
592,-0.575538,0.435241,-1.66465,0.287616
592.1,-0.450755,0.367303,-1.62725,0.00756371
592.2,-0.322097,0.297853,-1.58553,-1.46409
592.3,-0.190659,0.226862,-1.5428,-0.984162
592.4,-0.0571838,0.153656,-1.50242,-1.19989
592.5,0.0779764,0.0770058,-1.46767,-0.764437
592.6,0.214828,-0.00477776,-1.44173,0.39738
592.7,0.353652,-0.0937862,-1.42763,-0.921167
592.8,0.494863,-0.192502,-1.42831,-0.154668
592.9,0.638814,-0.303847,-1.4466,-0.190098
593,0.785513,-0.43129,-1.4852,0.291231
593.1,0.934206,-0.578988,-1.54651,0.54982
593.2,1.08275,-0.751911,-1.63219,0.724634
593.3,1.22664,-0.955806,-1.74235,0.873577
593.4,1.3576,-1.19672,-1.87411,1.00842
593.5,1.46169,-1.47959,-2.0193,1.12987
593.6,1.51741,-1.80509,-2.16138,1.23266
593.7,1.49516,-2.16438,-2.27274,1.30638
593.8,1.36114,-2.53263,-2.31521,0.394595
593.9,1.08888,-2.86613,-2.24878,0.145284
594,0.676861,-3.11068,-2.05048,0.449714
594.1,0.160477,-3.22344,-1.73454,0.191349
594.2,-0.395998,-3.19452,-1.35524,-2.76931
594.3,-0.924743,-3.04843,-0.985017,-2.85604
594.4,-1.37647,-2.82492,-0.684455,-1.56233
594.5,-1.72601,-2.55858,-0.485042,-0.692542
594.6,-1.96658,-2.27132,-0.388881,-0.719278
594.7,-2.10287,-1.97557,-0.377672,-1.239
594.8,-2.14687,-1.67998,-0.423554,-0.352078
594.9,-2.1154,-1.3924,-0.498197,0.188685
595,-2.02768,-1.11991,-0.57875,-0.871644
595.1,-1.90288,-0.867788,-0.650368,-4.50775
595.2,-1.75807,-0.638846,-0.705955,0.0656921
595.3,-1.60704,-0.433633,-0.74432,-3.14654
595.4,-1.46009,-0.251066,-0.767902,-5.17529
595.5,-1.32428,-0.089138,-0.780801,-0.644423
595.6,-1.20404,0.0545517,-0.787407,0.282276
595.7,-1.10178,0.18247,-0.791626,0.377751
595.8,-1.01849,0.296981,-0.79655,0.448647
595.9,-0.954212,0.400266,-0.804429,0.503173
596,-0.908379,0.494287,-0.816789,0.546491
596.1,-0.880112,0.580771,-0.834629,0.582154
596.2,-0.868385,0.661194,-0.858605,0.612917
596.3,-0.872133,0.736771,-0.88921,0.641136
596.4,-0.890296,0.80843,-0.926909,0.668909
596.5,-0.921813,0.876788,-0.97224,0.69806
596.6,-0.965572,0.942092,-1.02588,0.730013
596.7,-1.02031,1.00415,-1.08865,0.765641
596.8,-1.08445,1.06224,-1.1615,0.805125
596.9,-1.15592,1.11495,-1.24538,0.847871
597,-1.23191,1.16006,-1.34102,0.892493
597.1,-1.30854,1.1944,-1.44864,0.936808
597.2,-1.38067,1.21378,-1.56745,0.977858
597.3,-1.44165,1.21315,-1.69508,1.01191
597.4,-1.48352,1.18698,-1.82702,1.03445
597.5,-1.49753,1.13017,-1.95625,1.04022
597.6,-1.47537,1.03932,-2.07347,1.02326
597.7,-1.41078,0.914123,-2.16815,0.302233
597.8,-1.3014,0.758427,-2.23055,-0.813756
597.9,-1.14983,0.580098,-2.25408,-2.16782
598,-0.963451,0.389603,-2.23721,0.0209118
598.1,-0.752852,0.197609,-2.18402,-1.29913
598.2,-0.529566,0.0126393,-2.10322,-1.07061
598.3,-0.304,-0.160344,-2.00607,-2.48012
598.4,-0.0842118,-0.320094,-1.90418,0.223064
598.5,0.124344,-0.468298,-1.80784,0.220764
598.6,0.318408,-0.608411,-1.72501,-0.688928
598.7,0.496185,-0.744585,-1.66106,0.48259
598.8,0.656575,-0.880904,-1.61878,0.636296
598.9,0.798474,-1.02092,-1.59856,0.749449
599,0.920211,-1.16738,-1.59849,0.839752
599.1,1.01911,-1.32192,-1.6144,0.915019
599.2,1.09122,-1.48473,-1.63973,0.977863
599.3,1.13137,-1.65389,-1.66552,1.02757
599.4,1.1336,-1.82476,-1.68061,1.06101
599.5,1.09228,-1.98939,-1.67248,1.07321
599.6,1.00392,-2.13673,-1.62901,0.412893
599.7,0.869147,-2.25405,-1.5409,-0.336625
599.8,0.694202,-2.32959,-1.40435,-0.189887
599.9,0.490734,-2.35592,-1.2226,0.0610703
600,0.273556,-2.33243,-1.00536,-2.48012
600.1,0.057147,-2.2657,-0.766331,-0.445106
600.2,-0.147519,-2.1676,-0.519798,-1.28496
600.3,-0.334532,-2.05233,-0.277897,-0.826987
600.4,-0.502784,-1.93339,-0.0493133,-1.06663
600.5,-0.654573,-1.82178,0.160681,-0.482107
600.6,-0.793932,-1.72515,0.349431,-0.481921
600.7,-0.925281,-1.6478,0.515892,0.593239
600.8,-1.05256,-1.59104,0.659735,0.704897
600.9,-1.17875,-1.55369,0.780677,0.78783
601,-1.30571,-1.53247,0.878056,0.852402
601.1,-1.43394,-1.52232,0.950621,0.903337
601.2,-1.56251,-1.51672,0.996543,0.942012
601.3,-1.68885,-1.50799,1.01367,0.967609
601.4,-1.80866,-1.48792,1.00004,0.977782
601.5,-1.91615,-1.44855,0.954631,0.969132
601.6,-2.00462,-1.38332,0.878173,0.937426
601.7,-2.06755,-1.28813,0.773789,-2.6808
601.8,-2.10006,-1.16222,0.647073,-0.390674
601.9,-2.10019,-1.00834,0.505443,-2.35984
602,-2.06959,-0.832053,0.35686,-0.859715
602.1,-2.01337,-0.640519,0.208337,-0.459028
602.2,-1.9392,-0.441082,0.0647786,-1.04816
602.3,-1.85594,-0.240147,-0.0715266,-2.20533
602.4,-1.77245,-0.0425906,-0.200744,-1.30614
602.5,-1.69661,0.148318,-0.324901,0.115236
602.6,-1.63482,0.330638,-0.447167,-0.0303333
602.7,-1.59184,0.503293,-0.571246,0.340097
602.8,-1.57076,0.665527,-0.700954,0.538965
602.9,-1.573,0.816351,-0.839998,0.679895
603,-1.59821,0.953972,-0.991823,0.793693
603.1,-1.64396,1.07521,-1.15942,0.892304
603.2,-1.70517,1.17487,-1.34487,0.979949
603.3,-1.77344,1.24528,-1.5485,1.05633
603.4,-1.83631,1.27616,-1.76752,1.11789
603.5,-1.87724,1.25537,-1.9942,1.1583
603.6,-1.87703,1.17128,-2.21454,0.460385
603.7,-1.81747,1.01675,-2.40851,0.0403618
603.8,-1.687,0.793853,-2.5535,-0.948417
603.9,-1.48616,0.516618,-2.63084,0.319521
604,-1.22927,0.209013,-2.63261,-1.64378
604.1,-0.940486,-0.101701,-2.56465,-3.13357
604.2,-0.64632,-0.392658,-2.44375,-0.098912
604.3,-0.368836,-0.649919,-2.29114,-0.47891
604.4,-0.122453,-0.86857,-2.12633,-0.243995
604.5,0.0858226,-1.05,-1.96357,-0.694268
604.6,0.254425,-1.19865,-1.81111,-0.712349
604.7,0.385072,-1.31961,-1.67213,-2.95341
604.8,0.481136,-1.41728,-1.5463,-0.783957
604.9,0.546647,-1.49499,-1.43123,-2.62941
605,0.585783,-1.55497,-1.32365,0.745603
605.1,0.602632,-1.5987,-1.22024,0.732688
605.2,0.601095,-1.62724,-1.11812,0.704795
605.3,0.584819,-1.64152,-1.01513,0.662631
605.4,0.557123,-1.64262,-0.909892,0.605835
605.5,0.520914,-1.63194,-0.801769,0.53264
605.6,0.478588,-1.61122,-0.690699,0.438592
605.7,0.431966,-1.58256,-0.576994,0.312059
605.8,0.382249,-1.54834,-0.461143,0.11206
605.9,0.330025,-1.51108,-0.343631,0.0144092
606,0.275313,-1.47339,-0.224805,-1.28972
606.1,0.21763,-1.43785,-0.104786,-0.130867
606.2,0.156062,-1.40696,0.0165625,-0.0475936
606.3,0.08933,-1.38319,0.139633,-0.446372
606.4,0.015823,-1.36893,0.265033,0.447286
606.5,-0.0664041,-1.36661,0.393504,-0.0473462
606.6,-0.159676,-1.3787,0.525814,-0.323642
606.7,-0.266796,-1.40777,0.66259,0.345856
606.8,-0.391191,-1.45644,0.804064,0.202533
606.9,-0.53709,-1.52722,0.949682,0.515612
607,-0.709695,-1.6221,1.09748,0.702939
607.1,-0.915198,-1.74172,1.24308,0.860417
607.2,-1.16037,-1.88382,1.37817,1.00291
607.3,-1.45116,-2.04084,1.48838,1.13178
607.4,-1.78947,-2.19639,1.55095,1.24182
607.5,-2.16731,-2.32185,1.53365,1.32232
607.6,-2.55924,-2.37622,1.39842,0.0639561
607.7,-2.91821,-2.31515,1.11389,0.473604
607.8,-3.18405,-2.1123,0.675807,0.0516986
607.9,-3.30836,-1.78341,0.122029,-1.19068
608,-3.27976,-1.39041,-0.475881,0.669791
608.1,-3.1255,-1.01559,-1.04193,-0.347596
608.2,-2.88887,-0.726161,-1.5211,-0.838397
608.3,-2.60646,-0.554297,-1.88533,-2.50829
608.4,-2.30132,-0.497655,-2.12711,-0.0363033
608.5,-1.98781,-0.53068,-2.25228,-0.475701
608.6,-1.6776,-0.618085,-2.27567,-0.562175
608.7,-1.38149,-0.725981,-2.21783,0.430163
608.8,-1.10821,-0.828674,-2.10152,0.00964082
608.9,-0.862917,-0.910884,-1.94831,-0.692639
609,-0.646986,-0.96661,-1.77635,-1.71407
609.1,-0.458962,-0.996428,-1.59954,-0.519435
609.2,-0.29587,-1.00465,-1.42768,-0.763375
609.3,-0.154283,-0.997087,-1.26723,-1.65941
609.4,-0.0309482,-0.979552,-1.12199,-3.91767
609.5,0.0769671,-0.95708,-0.993899,0.332143
609.6,0.171847,-0.933592,-0.883566,0.391396
609.7,0.255695,-0.911876,-0.7907,0.437346
609.8,0.330222,-0.893725,-0.714453,0.474451
609.9,0.396909,-0.880145,-0.653664,0.505021
610,0.457057,-0.871567,-0.607037,0.530253
610.1,0.511811,-0.868035,-0.573262,0.550967
610.2,0.562178,-0.869361,-0.551096,0.567894
610.3,0.609038,-0.875244,-0.53941,0.581796
610.4,0.653155,-0.885356,-0.537212,0.593485
610.5,0.695178,-0.8994,-0.54365,0.603821
610.6,0.735654,-0.917151,-0.55801,0.613682
610.7,0.775026,-0.938482,-0.579694,0.623939
610.8,0.813633,-0.963379,-0.608197,0.635415
610.9,0.851706,-0.99195,-0.643081,0.648843
611,0.889351,-1.02443,-0.683935,0.664818
611.1,0.926531,-1.06116,-0.730333,0.683753
611.2,0.963037,-1.10259,-0.781777,0.705839
611.3,0.998448,-1.14926,-0.837635,0.731011
611.4,1.03208,-1.20171,-0.897057,0.758925
611.5,1.06294,-1.26045,-0.958886,0.788937
611.6,1.08965,-1.32582,-1.02155,0.820078
611.7,1.11045,-1.39788,-1.08294,0.85103
611.8,1.12314,-1.47616,-1.14036,0.880108
611.9,1.12516,-1.55951,-1.1904,0.905234
612,1.11376,-1.64585,-1.22907,0.923942
612.1,1.08626,-1.732,-1.25188,0.933389
612.2,1.04046,-1.81374,-1.25431,0.93039
612.3,0.975163,-1.88603,-1.23224,0.911443
612.4,0.890643,-1.94357,-1.18272,0.872726
612.5,0.788879,-1.9816,-1.10455,0.809851
612.6,0.673459,-1.99686,-0.998629,-0.931402
612.7,0.549036,-1.98829,-0.867986,0.163829
612.8,0.420476,-1.95744,-0.71726,-0.738853
612.9,0.291944,-1.90822,-0.55193,-0.479377
613,0.166208,-1.84637,-0.377478,-0.976914
613.1,0.0443229,-1.77861,-0.198703,0.0541254
613.2,-0.0742984,-1.71181,-0.0193524,-1.45937
613.3,-0.191565,-1.65242,0.157959,0.19348
613.4,-0.310297,-1.60603,0.331575,-0.769828
613.5,-0.43387,-1.57722,0.500471,0.0632635
613.6,-0.565973,-1.56947,0.663828,0.418255
613.7,-0.710484,-1.58502,0.820531,0.607938
613.8,-0.871403,-1.62468,0.968572,0.750277
613.9,-1.0527,-1.68733,1.10433,0.871007
614,-1.25786,-1.76905,1.22173,0.978459
614.1,-1.48892,-1.86197,1.31127,1.07373
614.2,-1.74458,-1.95279,1.35939,1.15337
614.3,-2.01749,-2.02197,1.3488,1.21022
614.4,-2.29137,-2.04464,1.26101,0.162831
614.5,-2.54005,-1.9952,1.08214,0.324493
614.6,-2.73153,-1.85611,0.810889,0.383895
614.7,-2.8378,-1.62748,0.464493,-2.06306
614.8,-2.84629,-1.33091,0.0767927,0.0508627
614.9,-2.76489,-1.00307,-0.312318,-1.26237
615,-2.61665,-0.682717,-0.669472,0.654804
615.1,-2.42897,-0.399487,-0.974673,-0.0619506
615.2,-2.22452,-0.169618,-1.2207,-0.273942
615.3,-2.01771,0.00256595,-1.4087,-0.338874
615.4,-1.81549,0.120796,-1.54379,-2.67015
615.5,-1.62003,0.19314,-1.63236,-0.314194
615.6,-1.43122,0.229287,-1.68101,-0.829333
615.7,-1.2484,0.23879,-1.69621,-0.902521
615.8,-1.07119,0.23003,-1.68435,-0.169731
615.9,-0.899646,0.209677,-1.65175,-4.04484
616,-0.734132,0.18252,-1.60451,-1.49668
616.1,-0.575041,0.151562,-1.54836,-0.398563
616.2,-0.422588,0.118296,-1.48847,-0.0497609
616.3,-0.276662,0.0830448,-1.42933,0.1605
616.4,-0.13678,0.0453118,-1.37472,-0.364242
616.5,-0.00210383,0.00406718,-1.32773,0.163544
616.6,0.128502,-0.0420466,-1.2909,0.000406243
616.7,0.256381,-0.0945999,-1.26635,-0.166513
616.8,0.382987,-0.155344,-1.25595,-0.137731
616.9,0.509773,-0.226247,-1.26141,-0.840446
617,0.638057,-0.309595,-1.28448,0.111665
617.1,0.768842,-0.408135,-1.32692,0.369652
617.2,0.902558,-0.525258,-1.39049,0.526611
617.3,1.03864,-0.665189,-1.47675,0.664123
617.4,1.17487,-0.83311,-1.58651,0.795774
617.5,1.30633,-1.03506,-1.71894,0.924452
617.6,1.42384,-1.27728,-1.8699,1.04845
617.7,1.51194,-1.56439,-2.02943,1.1627
617.8,1.54703,-1.89575,-2.17856,1.25867
617.9,1.49738,-2.25944,-2.28678,1.32355
618,1.32859,-2.62586,-2.31397,0.596234
618.1,1.01719,-2.94655,-2.22158,0.206913
618.2,0.569081,-3.16614,-1.99363,-0.225381
618.3,0.028317,-3.24675,-1.6552,-1.0517
618.4,-0.536243,-3.18696,-1.26929,0.509389
618.5,-1.05832,-3.01741,-0.910084,0.480118
618.6,-1.49345,-2.77868,-0.633525,-3.13181
618.7,-1.82099,-2.50285,-0.463946,-2.28136
618.8,-2.03726,-2.20924,-0.396966,-1.13884
618.9,-2.14914,-1.90925,-0.409847,-0.714753
619,-2.17045,-1.61168,-0.4726,0.0571428
619.1,-2.11945,-1.3248,-0.556772,-0.102875
619.2,-2.01623,-1.05568,-0.640745,-1.0418
619.3,-1.8801,-0.809083,-0.71148,-0.889556
619.4,-1.72769,-0.587088,-0.763631,-0.0462843
619.5,-1.57205,-0.389514,-0.79736,-1.35283
619.6,-1.42263,-0.214726,-0.815972,-1.24289
619.7,-1.28572,-0.0603653,-0.824023,-2.38227
619.8,-1.16511,0.0761466,-0.82607,0.309547
619.9,-1.06272,0.197336,-0.826012,0.394856
620,-0.979189,0.305552,-0.826849,0.45845
620.1,-0.914288,0.402923,-0.830701,0.507624
620.2,-0.867286,0.491342,-0.838957,0.546842
620.3,-0.837183,0.57247,-0.852473,0.579133
620.4,-0.822877,0.647728,-0.871764,0.606837
620.5,-0.823258,0.718303,-0.897175,0.631969
620.6,-0.837257,0.785128,-0.92901,0.656362
620.7,-0.863843,0.848871,-0.96763,0.68166
620.8,-0.901987,0.909901,-1.01352,0.709233
620.9,-0.950587,0.968236,-1.0673,0.740047
621,-1.00836,1.02347,-1.12973,0.774532
621.1,-1.07369,1.07469,-1.20165,0.812493
621.2,-1.14442,1.12033,-1.28381,0.853061
621.3,-1.21766,1.15809,-1.37669,0.894682
621.4,-1.28952,1.18484,-1.48014,0.935117
621.5,-1.35494,1.19658,-1.59298,0.971445
621.6,-1.40759,1.18871,-1.71248,1.00006
621.7,-1.44014,1.15645,-1.83394,1.01671
621.8,-1.44485,1.0957,-1.95055,1.01647
621.9,-1.41473,1.00413,-2.05373,0.99385
622,-1.34495,0.882334,-2.13427,-0.263798
622.1,-1.23425,0.73445,-2.18409,0.205422
622.2,-1.08563,0.567818,-2.19824,-0.27286
622.3,-0.906,0.391597,-2.17624,-1.12685
622.4,-0.70474,0.214749,-2.12242,-0.311895
622.5,-0.491826,0.0441679,-2.04492,-0.55119
622.6,-0.276181,-0.11636,-1.95395,-0.465712
622.7,-0.0647297,-0.266208,-1.85999,0.121781
622.8,0.137793,-0.407227,-1.77239,-1.47107
622.9,0.328493,-0.542781,-1.69858,-1.49539
623,0.505697,-0.676877,-1.64377,0.43726
623.1,0.668267,-0.813539,-1.61092,0.607184
623.2,0.814951,-0.956424,-1.60084,0.731425
623.3,0.943789,-1.10858,-1.61217,0.831443
623.4,1.0516,-1.27215,-1.6412,0.916301
623.5,1.13359,-1.44792,-1.68161,0.989021
623.6,1.1832,-1.63454,-1.72411,1.04883
623.7,1.19244,-1.8275,-1.75643,1.0922
623.8,1.15313,-2.01815,-1.76396,1.11336
623.9,1.05902,-2.19347,-1.73168,-1.13387
624,0.908789,-2.33739,-1.64732,-0.289708
624.1,0.708513,-2.43418,-1.50526,-0.19909
624.2,0.472012,-2.47312,-1.30906,-2.26287
624.3,0.218139,-2.45222,-1.0712,-0.213376
624.4,-0.0340885,-2.37898,-0.809609,-0.885122
624.5,-0.270056,-2.26786,-0.542836,0.194001
624.6,-0.481775,-2.13586,-0.286185,-1.83681
624.7,-0.667456,-1.99865,-0.0500329,-0.301579
624.8,-0.829516,-1.86821,0.1599,-0.223369
624.9,-0.972338,-1.75207,0.341322,-0.859095
625,-1.10055,-1.65372,0.493991,0.171055
625.1,-1.21802,-1.57332,0.618643,0.735835
625.2,-1.32739,-1.50861,0.716295,0.79399
625.3,-1.43001,-1.45564,0.787899,0.833831
625.4,-1.52592,-1.40941,0.834264,0.859179
625.5,-1.61409,-1.36445,0.856149,0.871357
625.6,-1.69253,-1.31534,0.85449,0.870147
625.7,-1.75871,-1.25721,0.830662,0.854373
625.8,-1.80989,-1.18621,0.786711,0.822205
625.9,-1.84371,-1.09989,0.725457,0.771312
626,-1.85865,-0.997409,0.650405,0.69852
626.1,-1.8545,-0.879482,0.565444,0.598878
626.2,-1.83254,-0.748084,0.474393,-0.118822
626.3,-1.79554,-0.605993,0.380518,-0.241806
626.4,-1.74745,-0.456271,0.28614,-0.735234
626.5,-1.69297,-0.301795,0.192422,-2.40713
626.6,-1.63713,-0.144935,0.0993654,0.221387
626.7,-1.58489,0.0126068,0.00594788,-0.281935
626.8,-1.54092,0.169799,-0.0896556,-1.0014
626.9,-1.50939,0.32616,-0.189861,0.372341
627,-1.494,0.48155,-0.297524,-0.417888
627.1,-1.49792,0.635891,-0.415874,0.157283
627.2,-1.52376,0.788801,-0.548536,0.465704
627.3,-1.57335,0.93911,-0.699588,0.645302
627.4,-1.6473,1.0842,-0.873591,0.789565
627.5,-1.74422,1.2191,-1.0754,0.917601
627.6,-1.85931,1.33521,-1.30952,1.03421
627.7,-1.98242,1.41895,-1.57844,1.13778
627.8,-2.09586,1.45071,-1.87975,1.22214
627.9,-2.17315,1.40568,-2.20168,1.27679
628,-2.18134,1.25859,-2.51897,0.65092
628.1,-2.08986,0.993905,-2.79304,0.536623
628.2,-1.88529,0.618217,-2.9812,-0.887742
628.3,-1.58386,0.165681,-3.05375,0.346918
628.4,-1.2299,-0.311278,-3.00783,0.104743
628.5,-0.87873,-0.761081,-2.86611,-0.795175
628.6,-0.576302,-1.14784,-2.66216,-0.392618
628.7,-0.348247,-1.45434,-2.42552,-1.25248
628.8,-0.200046,-1.67713,-2.17521,-3.45486
628.9,-0.122941,-1.82057,-1.92102,-0.708282
629,-0.100714,-1.8932,-1.66774,-2.61181
629.1,-0.115206,-1.90594,-1.41853,-1.68457
629.2,-0.150097,-1.87121,-1.17642,-0.39747
629.3,-0.192985,-1.80199,-0.944443,-1.79933
629.4,-0.236007,-1.7108,-0.725148,-1.19457
629.5,-0.275391,-1.60889,-0.520194,-0.713204
629.6,-0.310433,-1.50562,-0.330209,-0.657931
629.7,-0.342361,-1.40831,-0.15488,-2.24887
629.8,-0.373361,-1.32233,0.00684497,0.00365052
629.9,-0.405902,-1.25138,0.156518,0.162165
630,-0.442358,-1.19789,0.295971,0.292751
630.1,-0.48487,-1.16333,0.427129,0.394318
630.2,-0.535376,-1.14859,0.551849,0.47558
630.3,-0.595728,-1.15414,0.671778,0.545121
630.4,-0.667861,-1.18024,0.788206,0.610023
630.5,-0.753957,-1.22689,0.901886,0.675779
630.6,-0.856594,-1.2938,1.0128,0.746037
630.7,-0.9788,-1.38003,1.11977,0.822312
630.8,-1.12395,-1.4835,1.22001,0.903909
630.9,-1.29534,-1.60021,1.30834,0.988085
631,-1.49525,-1.72301,1.37641,1.07024
631.1,-1.72324,-1.84033,1.41197,1.14394
631.2,-1.97357,-1.93504,1.39893,1.20065
631.3,-2.23236,-1.98486,1.31916,1.22921
631.4,-2.47612,-1.96567,1.15726,0.584344
631.5,-2.67425,-1.85878,0.907893,0.423929
631.6,-2.79732,-1.6602,0.582311,-0.882438
631.7,-2.82822,-1.38604,0.208836,-0.164082
631.8,-2.76911,-1.06901,-0.175327,-0.0551776
631.9,-2.63898,-0.747179,-0.536208,-0.420259
632,-2.46408,-0.452431,-0.851431,-1.88285
632.1,-2.26832,-0.204544,-1.1114,-1.90879
632.2,-2.06819,-0.0113306,-1.3157,-3.33374
632.3,-1.87236,0.128123,-1.46862,-1.78534
632.4,-1.68388,0.21985,-1.57604,-0.314406
632.5,-1.50272,0.272227,-1.644,-0.291074
632.6,-1.32776,0.294145,-1.67823,-0.927079
632.7,-1.15796,0.293894,-1.68429,-0.133188
632.8,-0.992768,0.278522,-1.66761,-1.1511
632.9,-0.832176,0.253516,-1.63361,-2.60948
633,-0.676459,0.222741,-1.58755,-0.385674
633.1,-0.525934,0.188557,-1.53437,0.126781
633.2,-0.380754,0.152055,-1.47861,-0.142014
633.3,-0.240776,0.113343,-1.42422,-1.43289
633.4,-0.105521,0.0718295,-1.3746,0.0793508
633.5,0.025818,0.0264492,-1.33261,-1.51903
633.6,0.154314,-0.0241735,-1.30065,-0.148847
633.7,0.281233,-0.0816422,-1.28082,-1.18077
633.8,0.407932,-0.147774,-1.27503,0.47849
633.9,0.535748,-0.224653,-1.28515,0.378543
634,0.665856,-0.314731,-1.31304,0.032287
634.1,0.799059,-0.420988,-1.36066,0.376381
634.2,0.935489,-0.547114,-1.42988,0.547302
634.3,1.07412,-0.697697,-1.52227,0.692718
634.4,1.21196,-0.878304,-1.63844,0.829411
634.5,1.34288,-1.09526,-1.7769,0.960874
634.6,1.45581,-1.35473,-1.93213,1.08526
634.7,1.53258,-1.66035,-2.09169,1.19694
634.8,1.54633,-2.00877,-2.2329,1.28628
634.9,1.46274,-2.38298,-2.32109,0.0817738
635,1.24807,-2.74643,-2.31397,0.57857
635.1,0.885728,-3.0453,-2.17683,0.375681
635.2,0.394095,-3.22575,-1.90548,0.315856
635.3,-0.170887,-3.25995,-1.54013,0.335197
635.4,-0.73636,-3.15896,-1.15301,0.444904
635.5,-1.24041,-2.96012,-0.816786,-0.174657
635.6,-1.64593,-2.70319,-0.578303,-0.46979
635.7,-1.93833,-2.4162,-0.451145,-1.94056
635.8,-2.11798,-2.11545,-0.422337,-0.593039
635.9,-2.19478,-1.81158,-0.464019,-0.525027
636,-2.18499,-1.51382,-0.54451,-0.125994
636.1,-2.10859,-1.2307,-0.636326,-0.461884
636.2,-1.98633,-0.96881,-0.720316,-2.14276
636.3,-1.83719,-0.731879,-0.786262,-0.562823
636.4,-1.67682,-0.52082,-0.831224,-0.304379
636.5,-1.51702,-0.334498,-0.857037,-0.839394
636.6,-1.366,-0.170637,-0.867972,-1.29429
636.7,-1.22902,-0.0265364,-0.869003,-0.906273
636.8,-1.10906,0.100512,-0.864766,0.336679
636.9,-1.00744,0.213032,-0.859051,0.410493
637,-0.924383,0.313298,-0.85467,0.466086
637.1,-0.859383,0.403333,-0.853536,0.509499
637.2,-0.811528,0.484921,-0.856838,0.54434
637.3,-0.779705,0.559621,-0.865249,0.573027
637.4,-0.762749,0.628778,-0.87911,0.597431
637.5,-0.759528,0.693528,-0.898591,0.619195
637.6,-0.768984,0.754796,-0.923821,0.639859
637.7,-0.790137,0.813292,-0.954968,0.660866
637.8,-0.822066,0.869491,-0.992311,0.683507
637.9,-0.863852,0.923607,-1.03627,0.708821
638,-0.914506,0.975545,-1.0874,0.73748
638.1,-0.972859,1.02484,-1.14639,0.769693
638.2,-1.03743,1.07057,-1.21396,0.805138
638.3,-1.10626,1.11127,-1.29076,0.842928
638.4,-1.17671,1.14482,-1.37717,0.881597
638.5,-1.24527,1.1684,-1.47298,0.91909
638.6,-1.30744,1.17848,-1.57709,0.952762
638.7,-1.35761,1.17103,-1.68706,0.979372
638.8,-1.38935,1.14189,-1.79875,0.995098
638.9,-1.39586,1.08745,-1.90624,0.995573
639,-1.3709,1.0056,-2.00209,0.975922
639.1,-1.30999,0.896577,-2.07826,0.93072
639.2,-1.21154,0.7636,-2.12751,0.204514
639.3,-1.07756,0.612632,-2.14504,-2.99736
639.4,-0.913452,0.451372,-2.12981,-1.12504
639.5,-0.727009,0.287629,-2.08488,-0.317472
639.6,-0.526895,0.12772,-2.01689,-1.92526
639.7,-0.321203,-0.0245648,-1.93465,-0.0692662
639.8,-0.116498,-0.168205,-1.8477,-1.29519
639.9,0.0825109,-0.304513,-1.76495,-0.802574
640,0.272801,-0.436386,-1.69391,-0.53725
640.1,0.452568,-0.567542,-1.64029,0.293694
640.2,0.62063,-0.701947,-1.60785,0.516347
640.3,0.775808,-0.843446,-1.59846,0.666485
640.4,0.916325,-0.99554,-1.61201,0.783452
640.5,1.0392,-1.16116,-1.64621,0.882091
640.6,1.13971,-1.34225,-1.69612,0.968044
640.7,1.21091,-1.53901,-1.75364,1.04194
640.8,1.24363,-1.74871,-1.80695,1.10096
640.9,1.2272,-1.96417,-1.84063,1.13953
641,1.15148,-2.17267,-1.83692,0.421359
641.1,1.01038,-2.35621,-1.77901,0.106488
641.2,0.805851,-2.49448,-1.6559,-0.874907
641.3,0.550246,-2.57048,-1.4671,-0.806557
641.4,0.264743,-2.57649,-1.22429,-1.2832
641.5,-0.0262206,-2.51692,-0.948291,-1.36751
641.6,-0.301655,-2.40646,-0.662798,0.280751
641.7,-0.548311,-2.26458,-0.388331,0.0306126
641.8,-0.761175,-2.11004,-0.139066,-0.540934
641.9,-0.941276,-1.95727,0.0773447,-1.0916
642,-1.09277,-1.81529,0.258247,-0.117274
642.1,-1.22059,-1.68817,0.404108,0.0471091
642.2,-1.32909,-1.57623,0.517023,-5.40904
642.3,-1.42144,-1.47734,0.599762,0.760247
642.4,-1.49957,-1.38799,0.655291,0.781049
642.5,-1.56438,-1.30418,0.686581,0.785262
642.6,-1.61607,-1.22201,0.696586,0.775072
642.7,-1.65444,-1.13812,0.688268,0.751224
642.8,-1.67923,-1.04998,0.664614,0.713526
642.9,-1.69045,-0.955961,0.628592,0.661037
643,-1.68859,-0.855357,0.583058,0.59174
643.1,-1.67471,-0.748236,0.530602,0.501567
643.2,-1.65052,-0.635239,0.473395,0.381136
643.3,-1.61825,-0.517328,0.41305,0.202252
643.4,-1.58056,-0.395556,0.350546,-0.221905
643.5,-1.54038,-0.270866,0.286204,-1.58457
643.6,-1.50073,-0.143948,0.219728,-1.37863
643.7,-1.46463,-0.015175,0.150275,0.28089
643.8,-1.43503,0.115419,0.0765371,-0.516697
643.9,-1.41479,0.248093,-0.00319441,0.174483
644,-1.4067,0.383313,-0.0909989,-1.03519
644.1,-1.41352,0.521619,-0.189347,-0.693305
644.2,-1.43801,0.663428,-0.301178,-0.701127
644.3,-1.48283,0.808757,-0.430024,0.300953
644.4,-1.5504,0.956788,-0.580172,0.558593
644.5,-1.64239,1.10521,-0.756795,0.734561
644.6,-1.75889,1.24918,-0.965906,0.885296
644.7,-1.89678,1.37979,-1.21382,1.0219
644.8,-2.04727,1.48209,-1.50558,1.14456
644.9,-2.19262,1.53296,-1.84152,1.24746
645,-2.30329,1.50084,-2.21146,1.31941
645.1,-2.33899,1.35028,-2.58793,0.336297
645.2,-2.25883,1.05497,-2.92371,0.561196
645.3,-2.04227,0.616667,-3.16222,-0.0144845
645.4,-1.70966,0.0764376,-3.26163,-0.657915
645.5,-1.32222,-0.496498,-3.21633,-0.350073
645.6,-0.95624,-1.03252,-3.05512,0.689878
645.7,-0.671696,-1.48317,-2.81936,-1.71347
645.8,-0.496317,-1.82488,-2.54295,-0.621622
645.9,-0.427316,-2.05235,-2.24674,-1.3225
646,-0.441833,-2.17182,-1.94314,-3.18371
646.1,-0.508687,-2.19712,-1.64176,-0.541572
646.2,-0.597884,-2.14696,-1.3515,-0.410979
646.3,-0.686446,-2.04211,-1.07994,-0.569114
646.4,-0.760417,-1.90254,-0.832079,-0.951329
646.5,-0.814009,-1.74545,-0.609967,-1.36416
646.6,-0.847303,-1.58428,-0.413234,-3.10405
646.7,-0.863763,-1.42875,-0.239997,-1.60268
646.8,-0.868219,-1.28529,-0.0876778,-1.29703
646.9,-0.865535,-1.15778,0.0464568,0.295672
647,-0.859894,-1.04821,0.165017,0.380595
647.1,-0.854523,-0.957209,0.270384,0.443292
647.2,-0.851702,-0.884554,0.364685,0.49157
647.3,-0.852904,-0.829478,0.449805,0.529891
647.4,-0.858997,-0.790938,0.5274,0.561078
647.5,-0.870441,-0.76778,0.598907,0.587186
647.6,-0.887463,-0.758855,0.665555,0.609939
647.7,-0.910196,-0.763075,0.728362,0.63092
647.8,-0.938783,-0.779432,0.788135,0.651627
647.9,-0.973453,-0.806989,0.845456,0.67344
648,-1.01457,-0.844842,0.900659,0.697531
648.1,-1.06263,-0.892047,0.95379,0.724756
648.2,-1.11829,-0.947536,1.00455,0.755545
648.3,-1.18228,-1.00999,1.05223,0.789817
648.4,-1.25531,-1.07766,1.0956,0.826932
648.5,-1.33792,-1.14825,1.13282,0.86567
648.6,-1.43023,-1.21862,1.16136,0.904222
648.7,-1.53156,-1.28469,1.17795,0.940182
648.8,-1.6401,-1.34129,1.1787,0.970541
648.9,-1.75247,-1.38224,1.15939,0.991698
649,-1.86345,-1.40073,1.116,0.999475
649.1,-1.96611,-1.39009,1.04561,0.98917
649.2,-2.05244,-1.34484,0.947336,0.955557
649.3,-2.11453,-1.26202,0.823098,0.428639
649.4,-2.14629,-1.14206,0.677823,-0.104745
649.5,-2.14491,-0.989056,0.518744,0.174374
649.6,-2.11176,-0.810059,0.353948,-0.504386
649.7,-2.05212,-0.613671,0.190657,-1.48891
649.8,-1.97419,-0.408483,0.0338747,-3.00519
649.9,-1.88746,-0.201866,-0.114196,-2.56609
650,-1.80132,0.000629711,-0.253964,-1.76722
650.1,-1.72398,0.195287,-0.387775,-0.14231
650.2,-1.66196,0.379844,-0.519104,0.166393
650.3,-1.61982,0.552924,-0.651885,0.442582
650.4,-1.6002,0.71342,-0.790047,0.613351
650.5,-1.60377,0.859876,-0.937246,0.740283
650.6,-1.62912,0.989888,-1.09665,0.844533
650.7,-1.6724,1.09953,-1.27063,0.934573
650.8,-1.72685,1.18287,-1.46015,1.01276
650.9,-1.78223,1.23173,-1.66378,1.07757
651,-1.82458,1.23605,-1.87631,1.12452
651.1,-1.83702,1.18538,-2.08741,1.14666
651.2,-1.8021,1.07176,-2.28119,0.504357
651.3,-1.70608,0.893612,-2.43807,-0.983981
651.4,-1.54391,0.659003,-2.53931,0.224012
651.5,-1.32233,0.385754,-2.57309,-3.03591
651.6,-1.05874,0.0973925,-2.53893,-1.73756
651.7,-0.776033,-0.183411,-2.44771,-0.168014
651.8,-0.496209,-0.440309,-2.31744,-0.466841
651.9,-0.235958,-0.665255,-2.16751,-2.95586
652,-0.00539369,-0.857216,-2.01426,-1.84035
652.1,0.190972,-1.0194,-1.86891,-1.67208
652.2,0.352423,-1.15662,-1.73747,0.0433094
652.3,0.480377,-1.27355,-1.62172,0.162984
652.4,0.577232,-1.37385,-1.52042,0.747711
652.5,0.645726,-1.45991,-1.4305,0.77862
652.6,0.68865,-1.53297,-1.34803,0.791554
652.7,0.708781,-1.59335,-1.26887,0.789509
652.8,0.708917,-1.64084,-1.18922,0.77371
652.9,0.691916,-1.67497,-1.10599,0.744274
653,0.660701,-1.6954,-1.017,0.700553
653.1,0.618197,-1.70216,-0.921021,0.641086
653.2,0.567194,-1.69587,-0.817727,0.563094
653.3,0.510183,-1.6778,-0.70753,0.460804
653.4,0.449186,-1.64989,-0.591338,0.319767
653.5,0.385618,-1.61461,-0.470294,0.0870063
653.6,0.320227,-1.57485,-0.34554,-1.01483
653.7,0.253087,-1.53369,-0.218037,0.0661647
653.8,0.183659,-1.49426,-0.0884371,-0.257442
653.9,0.110871,-1.45969,0.0429566,0.39687
654,0.0331975,-1.43296,0.176183,-0.645013
654.1,-0.0512762,-1.41702,0.311554,0.130076
654.2,-0.144846,-1.41468,0.449546,-1.23897
654.3,-0.250228,-1.42876,0.590628,-1.71891
654.4,-0.370654,-1.46199,0.735026,0.00574558
654.5,-0.510019,-1.51692,0.88237,0.458667
654.6,-0.673029,-1.59565,1.03116,0.657099
654.7,-0.865263,-1.69911,1.17793,0.816105
654.8,-1.09292,-1.82592,1.31598,0.957933
654.9,-1.36183,-1.97033,1.43364,1.08671
655,-1.67504,-2.11937,1.5121,1.19928
655.1,-2.02823,-2.24955,1.52407,1.28712
655.2,-2.40313,-2.32556,1.43544,0.611761
655.3,-2.76217,-2.30533,1.21394,0.636283
655.4,-3.05175,-2.15593,0.845819,0.568055
655.5,-3.22025,-1.87608,0.352685,-2.67181
655.6,-3.24328,-1.50809,-0.207931,0.439158
655.7,-3.13452,-1.12379,-0.76415,-0.0669719
655.8,-2.93183,-0.793216,-1.25655,0.0378895
655.9,-2.67405,-0.560168,-1.6504,-2.90975
656,-2.38805,-0.436158,-1.93267,-0.557184
656.1,-2.08937,-0.407524,-2.10456,-0.48111
656.2,-1.78813,-0.44682,-2.17625,-1.16795
656.3,-1.49311,-0.523384,-2.16392,-0.467769
656.4,-1.21238,-0.61087,-2.08717,-0.202509
656.5,-0.952214,-0.691048,-1.96626,-0.346536
656.6,-0.716207,-0.754282,-1.81971,0.117672
656.7,-0.5053,-0.797881,-1.66276,-0.241242
656.8,-0.318491,-0.823687,-1.50695,-1.71139
656.9,-0.153667,-0.835826,-1.36032,-0.730432
657,-0.00826639,-0.839067,-1.22801,-2.31326
657.1,0.120327,-0.837824,-1.11294,0.345631
657.2,0.234586,-0.835691,-1.0164,0.419968
657.3,0.336769,-0.835325,-0.938602,0.476232
657.4,0.4289,-0.838536,-0.879054,0.520288
657.5,0.512767,-0.846464,-0.836868,0.55579
657.6,0.589931,-0.859777,-0.810967,0.585306
657.7,0.661723,-0.878863,-0.800226,0.610903
657.8,0.729247,-0.903979,-0.803543,0.63442
657.9,0.793368,-0.935376,-0.819875,0.657553
658,0.854694,-0.973381,-0.848229,0.681836
658.1,0.913551,-1.01845,-0.887618,0.708539
658.2,0.969927,-1.07119,-0.936984,0.738546
658.3,1.02341,-1.13233,-0.995096,0.772231
658.4,1.07308,-1.20269,-1.0604,0.809376
658.5,1.11744,-1.283,-1.13082,0.849119
658.6,1.15424,-1.37373,-1.20357,0.889943
658.7,1.18045,-1.47476,-1.27492,0.929681
658.8,1.19224,-1.58495,-1.33998,0.965508
658.9,1.18516,-1.70173,-1.39269,0.993938
659,1.1546,-1.82062,-1.42598,1.01085
659.1,1.09652,-1.93512,-1.43237,1.01149
659.2,1.00859,-2.03699,-1.40502,0.990556
659.3,0.891176,-2.11734,-1.33909,0.876565
659.4,0.748031,-2.16824,-1.23308,-1.20382
659.5,0.586026,-2.18462,-1.08958,-0.0970932
659.6,0.413893,-2.16568,-0.914972,0.114993
659.7,0.240328,-2.11523,-0.718144,-0.647337
659.8,0.0721766,-2.04091,-0.508741,-0.317139
659.9,-0.0866537,-1.95252,-0.295534,0.0273026
660,-0.235323,-1.86032,-0.0854439,-1.71987
660.1,-0.375466,-1.77361,0.116718,-0.128138
660.2,-0.510294,-1.69995,0.307961,0.162587
660.3,-0.643735,-1.64477,0.486538,0.397408
660.4,-0.779813,-1.61133,0.651287,0.580798
660.5,-0.922266,-1.60081,0.800981,0.712184
660.6,-1.0743,-1.61225,0.933726,0.817015
660.7,-1.23831,-1.64238,1.04642,0.905848
660.8,-1.41545,-1.68531,1.13432,0.98244
660.9,-1.60485,-1.73212,1.19075,1.04644
661,-1.80255,-1.77065,1.20741,1.09455
661.1,-2.00035,-1.78605,1.17538,1.12108
661.2,-2.18532,-1.76248,1.08729,0.0794888
661.3,-2.34081,-1.68634,0.940441,0.17144
661.4,-2.4498,-1.55042,0.739742,-0.708049
661.5,-2.49974,-1.35709,0.498601,0.258711
661.6,-2.48699,-1.11852,0.23651,-1.24341
661.7,-2.41816,-0.853372,-0.026024,-0.885733
661.8,-2.30768,-0.58153,-0.272636,-0.0575053
661.9,-2.17322,-0.319701,-0.493884,-1.2332
662,-2.0313,-0.0793279,-0.687074,0.0487543
662.1,-1.89466,0.133276,-0.854233,-1.42582
662.2,-1.77132,0.315636,-0.999679,-0.299297
662.3,-1.66501,0.467617,-1.12813,0.156755
662.4,-1.576,0.590245,-1.2436,0.73055
662.5,-1.50209,0.68495,-1.34886,0.785198
662.6,-1.43945,0.753188,-1.44537,0.820671
662.7,-1.38332,0.796338,-1.5334,0.841081
662.8,-1.32865,0.815777,-1.61215,0.84803
662.9,-1.27057,0.813043,-1.6801,0.84162
663,-1.20487,0.790036,-1.73531,0.821018
663.1,-1.12837,0.749145,-1.77581,0.784763
663.2,-1.03916,0.693275,-1.80005,0.73081
663.3,-0.936673,0.625715,-1.80732,0.656193
663.4,-0.821606,0.549861,-1.79799,0.555854
663.5,-0.695606,0.46886,-1.77364,0.418962
663.6,-0.56089,0.385265,-1.73697,0.214045
663.7,-0.419833,0.300767,-1.69157,-0.0882031
663.8,-0.274618,0.216087,-1.64158,-0.123605
663.9,-0.126992,0.130992,-1.59135,0.296638
664,0.0218429,0.0444179,-1.54517,0.201248
664.1,0.17123,-0.045365,-1.50711,-0.821046
664.2,0.320957,-0.140603,-1.48095,0.257794
664.3,0.47109,-0.243964,-1.47009,-1.27099
664.4,0.621725,-0.358515,-1.47764,-0.477083
664.5,0.772674,-0.487778,-1.5063,0.384197
664.6,0.923022,-0.635817,-1.55822,0.594271
664.7,1.07049,-0.807319,-1.63458,0.751998
664.8,1.21053,-1.00749,-1.73484,0.88934
664.9,1.33502,-1.24154,-1.85531,1.01423
665,1.43073,-1.51319,-1.98721,1.12635
665.1,1.47779,-1.82185,-2.11399,1.22024
665.2,1.44982,-2.15788,-2.20946,1.28581
665.3,1.31793,-2.49745,-2.23891,0.641728
665.4,1.06098,-2.80094,-2.16734,0.566303
665.5,0.680042,-3.02091,-1.97541,-0.772018
665.6,0.207381,-3.12066,-1.67556,0.505637
665.7,-0.300994,-3.09185,-1.31374,0.5395
665.8,-0.786388,-2.95589,-0.951632,-0.0518572
665.9,-1.20593,-2.74846,-0.642415,-0.552591
666,-1.53768,-2.5019,-0.41626,-3.65032
666.1,-1.77582,-2.23729,-0.279388,-1.94199
666.2,-1.92417,-1.96588,-0.220756,-1.97363
666.3,-1.99209,-1.69393,-0.220317,-0.968253
666.4,-1.99243,-1.42627,-0.255998,-0.779268
666.5,-1.94016,-1.16759,-0.308511,-1.28265
666.6,-1.85084,-0.922105,-0.36388,-0.471103
666.7,-1.7392,-0.692921,-0.413954,-0.514316
666.8,-1.61804,-0.481711,-0.455555,-0.237465
666.9,-1.49758,-0.288776,-0.488977,-0.45656
667,-1.38544,-0.113338,-0.516484,-0.30704
667.1,-1.28692,0.0460976,-0.541106,0.171651
667.2,-1.20535,0.191435,-0.565886,0.300092
667.3,-1.14266,0.324749,-0.59349,0.399141
667.4,-1.09974,0.448109,-0.626107,0.47629
667.5,-1.07684,0.563446,-0.665515,0.538673
667.6,-1.0738,0.672448,-0.713231,0.592218
667.7,-1.09023,0.776455,-0.770689,0.641876
667.8,-1.12552,0.87635,-0.839406,0.691731
667.9,-1.17885,0.972404,-0.921114,0.744831
668,-1.24893,1.06407,-1.01781,0.802883
668.1,-1.33378,1.14969,-1.13173,0.866025
668.2,-1.43018,1.22608,-1.26504,0.932767
668.3,-1.53302,1.28811,-1.4194,1.00008
668.4,-1.63454,1.32825,-1.59492,1.06347
668.5,-1.72362,1.33653,-1.78884,1.11698
668.6,-1.78563,1.30115,-1.99381,1.1531
668.7,-1.80359,1.21061,-2.19657,1.16306
668.8,-1.7613,1.05726,-2.37813,0.0226569
668.9,-1.64825,0.841643,-2.51683,-1.0049
669,-1.46462,0.575174,-2.59412,-0.87712
669.1,-1.22307,0.278784,-2.60103,-0.958821
669.2,-0.945811,-0.0227732,-2.54136,0.045741
669.3,-0.657983,-0.307989,-2.42976,-0.149158
669.4,-0.381355,-0.563198,-2.28608,-0.260052
669.5,-0.130936,-0.783184,-2.1294,-1.25969
669.6,0.0851925,-0.968925,-1.97433,-0.390335
669.7,0.26425,-1.12458,-1.8298,-1.00302
669.8,0.406777,-1.25508,-1.69967,-1.69129
669.9,0.51506,-1.3647,-1.58398,-1.95305
670,0.592148,-1.45657,-1.48036,0.764269
670.1,0.641345,-1.53258,-1.38516,0.780189
670.2,0.666012,-1.59364,-1.2944,0.778681
670.3,0.669515,-1.64003,-1.20436,0.761955
670.4,0.655219,-1.67181,-1.112,0.73069
670.5,0.626452,-1.68908,-1.01519,0.684587
670.6,0.58642,-1.69232,-0.912757,0.622394
670.7,0.538069,-1.68256,-0.804399,0.541336
670.8,0.483929,-1.66142,-0.690496,0.435232
670.9,0.425966,-1.63109,-0.571864,0.287731
671,0.365487,-1.5942,-0.449501,0.0328854
671.1,0.303112,-1.55368,-0.324364,-1.8402
671.2,0.238796,-1.51258,-0.197209,0.178455
671.3,0.171906,-1.47398,-0.0684842,0.101189
671.4,0.101312,-1.44085,0.0616966,-0.400031
671.5,0.0254632,-1.41607,0.193536,0.462377
671.6,-0.0575616,-1.40243,0.327482,0.512486
671.7,-0.150052,-1.40265,0.464112,-1.14291
671.8,-0.25472,-1.41945,0.603971,0.560638
671.9,-0.374804,-1.45549,0.747331,0.0782331
672,-0.514229,-1.51329,0.893837,0.47021
672.1,-0.677753,-1.5949,1.04197,0.66422
672.2,-0.871034,-1.70121,1.18818,0.822001
672.3,-1.10036,-1.83075,1.32564,0.96356
672.4,-1.37163,-1.97758,1.44234,1.09233
672.5,-1.68781,-2.12836,1.51907,1.20477
672.6,-2.04427,-2.25905,1.52787,1.29203
672.7,-2.42197,-2.33358,1.43403,0.612581
672.8,-2.78217,-2.3094,1.20509,-0.0763041
672.9,-3.07023,-2.154,0.828065,-0.022716
673,-3.23444,-1.86787,0.326354,0.415584
673.1,-3.25165,-1.49581,-0.240597,0.0630818
673.2,-3.13722,-1.11144,-0.799945,-3.68533
673.3,-2.92995,-0.78504,-1.29242,-1.46096
673.4,-2.66862,-0.559335,-1.68392,-1.02943
673.5,-2.37966,-0.444201,-1.96202,-0.952576
673.6,-2.07842,-0.424353,-2.12846,-1.07909
673.7,-1.77521,-0.471094,-2.19398,-0.610907
673.8,-1.47915,-0.553056,-2.1754,-1.24923
673.9,-1.19854,-0.643733,-2.09287,-2.35427
674,-0.939623,-0.725136,-1.96697,-1.76785
674.1,-0.705771,-0.788051,-1.81629,-0.282084
674.2,-0.497619,-0.830233,-1.656,-0.601052
674.3,-0.313878,-0.853891,-1.49742,-3.32434
674.4,-0.152223,-0.863421,-1.3484,-1.65408
674.5,-0.00995912,-0.863765,-1.21387,-1.0541
674.6,0.11559,-0.859448,-1.0966,0.346725
674.7,0.226912,-0.854119,-0.997774,0.418295
674.8,0.326248,-0.850459,-0.917504,0.472496
674.9,0.415593,-0.850274,-0.855234,0.514982
675,0.496707,-0.854675,-0.810023,0.549189
675.1,0.571126,-0.864284,-0.780756,0.577466
675.2,0.640171,-0.879423,-0.766277,0.601678
675.3,0.704953,-0.900262,-0.765467,0.623483
675.4,0.766368,-0.926944,-0.777283,0.644438
675.5,0.825092,-0.959672,-0.800758,0.665994
675.6,0.881555,-0.998764,-0.834969,0.689431
675.7,0.935915,-1.04468,-0.878986,0.715743
675.8,0.988,-1.09804,-0.931779,0.745531
675.9,1.03725,-1.15955,-0.992112,0.778898
676,1.0826,-1.22995,-1.05839,0.8154
676.1,1.12242,-1.30988,-1.12849,0.854
676.2,1.15439,-1.39961,-1.19954,0.893072
676.3,1.17544,-1.49878,-1.26776,0.930387
676.4,1.18184,-1.60598,-1.32826,0.963107
676.5,1.16937,-1.71833,-1.37513,0.987791
676.6,1.13383,-1.83119,-1.40162,1.00041
676.7,1.07181,-1.93805,-1.40084,0.996375
676.8,0.98165,-2.03105,-1.36673,0.970595
676.9,0.864352,-2.102,-1.29538,0.894861
677,0.723984,-2.14399,-1.1861,0.0685008
677.1,0.567274,-2.15302,-1.04193,-0.3794
677.2,0.402329,-2.12913,-0.86919,0.143052
677.3,0.236904,-2.07653,-0.676291,-1.44069
677.4,0.0768582,-2.00275,-0.472076,-0.886198
677.5,-0.0746996,-1.91714,-0.264463,-1.44725
677.6,-0.217429,-1.82933,-0.059636,0.0696223
677.7,-0.353182,-1.74802,0.138123,-2.71838
677.8,-0.485189,-1.68031,0.32615,0.0482776
677.9,-0.617319,-1.63134,0.502857,0.381986
678,-0.753543,-1.60432,0.667121,0.572034
678.1,-0.897613,-1.60047,0.817651,0.707772
678.2,-1.05284,-1.61898,0.952395,0.816685
678.3,-1.22185,-1.65671,1.06795,0.909746
678.4,-1.40603,-1.7078,1.15907,0.990723
678.5,-1.60475,-1.76305,1.2183,1.05909
678.6,-1.81402,-1.80965,1.23619,1.11119
678.7,-2.02512,-1.83154,1.20237,1.14081
678.8,-2.22386,-1.81129,1.108,0.495958
678.9,-2.39163,-1.73382,0.949427,-0.220405
679,-2.50916,-1.59122,0.731751,-0.552013
679.1,-2.56229,-1.38667,0.470029,-2.05772
679.2,-2.54713,-1.1346,0.186413,-0.172107
679.3,-2.47144,-0.856623,-0.0958871,-0.474098
679.4,-2.35154,-0.575191,-0.358614,-1.18385
679.5,-2.20674,-0.308568,-0.59149,-1.13576
679.6,-2.05447,-0.0686618,-0.791751,-0.369663
679.7,-1.90748,0.138534,-0.961661,-0.640987
679.8,-1.77327,0.311292,-1.10577,-0.133982
679.9,-1.65481,0.450418,-1.22891,-0.282697
680,-1.55166,0.557963,-1.33506,-3.17415
680.1,-1.46122,0.636449,-1.42696,0.774244
680.2,-1.37967,0.688499,-1.50612,0.79404
680.3,-1.30278,0.716733,-1.57305,0.798304
680.4,-1.22648,0.723783,-1.62753,0.788657
680.5,-1.14727,0.712364,-1.66899,0.765468
680.6,-1.0625,0.685302,-1.69681,0.72826
680.7,-0.970513,0.645509,-1.71071,0.675849
680.8,-0.870615,0.595874,-1.71089,0.606049
680.9,-0.762982,0.539093,-1.69828,0.514653
681,-0.648419,0.477482,-1.67451,0.392159
681.1,-0.528101,0.412804,-1.64187,0.210439
681.2,-0.403309,0.346158,-1.60315,-0.206922
681.3,-0.275208,0.277942,-1.56144,-0.0174716
681.4,-0.144687,0.207884,-1.52,-0.0799045
681.5,-0.0122836,0.135118,-1.48206,-0.0652176
681.6,0.121839,0.0582752,-1.45078,0.177786
681.7,0.257838,-0.0244373,-1.42919,0.422568
681.8,0.396096,-0.115198,-1.42025,-0.91808
681.9,0.537069,-0.216586,-1.4268,-0.264273
682,0.681074,-0.331647,-1.45163,0.294628
682.1,0.827979,-0.464024,-1.49739,0.372525
682.2,0.976743,-0.618105,-1.56636,0.597918
682.3,1.1247,-0.799125,-1.65992,0.764867
682.4,1.26647,-1.01306,-1.77762,0.910575
682.5,1.3924,-1.26594,-1.91548,1.04298
682.6,1.48654,-1.56208,-2.06338,1.161
682.7,1.52488,-1.90028,-2.20194,1.25796
682.8,1.4756,-2.26797,-2.30012,1.32311
682.9,1.30482,-2.63488,-2.31748,0.613357
683,0.990585,-2.9524,-2.21593,-0.178586
683.1,0.540861,-3.16612,-1.98088,0.337451
683.2,0.00133357,-3.24012,-1.63885,0.327172
683.3,-0.558927,-3.17497,-1.25321,-1.19468
683.4,-1.07469,-3.00218,-0.897023,0.607563
683.5,-1.50284,-2.76209,-0.624409,-0.29905
683.6,-1.82378,-2.48614,-0.458112,-0.894703
683.7,-2.03444,-2.19314,-0.392879,-0.655734
683.8,-2.14203,-1.89423,-0.405814,-0.764676
683.9,-2.16048,-1.59804,-0.467268,-0.257555
684,-2.10798,-1.31264,-0.549372,-0.338946
684.1,-2.00442,-1.0449,-0.63109,0.0674716
684.2,-1.86885,-0.799417,-0.699834,-0.101121
684.3,-1.71767,-0.578206,-0.750529,-0.71842
684.4,-1.56371,-0.381082,-0.783441,-0.325829
684.5,-1.41627,-0.206452,-0.801867,-1.30444
684.6,-1.28154,-0.0520094,-0.810291,-2.72297
684.7,-1.16323,0.084778,-0.813169,0.313317
684.8,-1.06323,0.206405,-0.814302,0.398526
684.9,-0.982161,0.315201,-0.816603,0.462279
685,-0.919788,0.413285,-0.822131,0.51169
685.1,-0.875389,0.502545,-0.832241,0.551194
685.2,-0.847981,0.584634,-0.847777,0.583863
685.3,-0.836482,0.660965,-0.869269,0.612108
685.4,-0.839801,0.732703,-0.897096,0.638027
685.5,-0.85688,0.800751,-0.931615,0.66352
685.6,-0.886685,0.865727,-0.973259,0.690265
685.7,-0.92816,0.927925,-1.02259,0.719616
685.8,-0.980141,0.987249,-1.08032,0.752459
685.9,-1.04123,1.04314,-1.1473,0.789081
686,-1.1096,1.09444,-1.22439,0.829083
686.1,-1.18284,1.13931,-1.31236,0.871349
686.2,-1.25763,1.17507,-1.41154,0.914035
686.3,-1.32953,1.19811,-1.52151,0.954584
686.4,-1.39281,1.20399,-1.64057,0.989717
686.5,-1.44046,1.18772,-1.76522,1.01544
686.6,-1.46453,1.14438,-1.88975,1.02709
686.7,-1.45702,1.07014,-2.00625,1.0193
686.8,-1.41125,0.963571,-2.10527,0.986078
686.9,-1.32344,0.826657,-2.17732,-0.490239
687,-1.19401,0.665192,-2.21493,-3.19643
687.1,-1.02793,0.487954,-2.21459,0.0304478
687.2,-0.833823,0.304846,-2.17792,-0.795338
687.3,-0.622105,0.124683,-2.11126,-0.422319
687.4,-0.403003,-0.0465045,-2.02429,-0.661962
687.5,-0.185064,-0.206135,-1.92797,-1.82641
687.6,0.0254829,-0.354719,-1.83278,-0.475485
687.7,0.224628,-0.494936,-1.74753,-0.742607
687.8,0.41004,-0.630602,-1.67875,0.336231
687.9,0.58036,-0.765836,-1.63059,0.539512
688,0.734497,-0.904526,-1.6049,0.678893
688.1,0.871003,-1.05,-1.60127,0.786202
688.2,0.987529,-1.20476,-1.61708,0.874829
688.3,1.0804,-1.37018,-1.64726,0.950256
688.4,1.14438,-1.54591,-1.68411,1.01347
688.5,1.17277,-1.72907,-1.71714,1.06237
688.6,1.15816,-1.91334,-1.7334,1.09256
688.7,1.094,-2.08841,-1.71871,1.09776
688.8,0.976989,-2.24053,-1.66006,0.454574
688.9,0.80958,-2.3547,-1.54888,-0.729968
689,0.601309,-2.41847,-1.38406,0.0598632
689.1,0.367651,-2.4259,-1.17299,-2.38556
689.2,0.126434,-2.37969,-0.929872,-1.91136
689.3,-0.106615,-2.29038,-0.671755,-0.110205
689.4,-0.321045,-2.17308,-0.414525,-0.0373815
689.5,-0.512496,-2.0436,-0.170307,-0.529952
689.6,-0.681541,-1.91547,0.0531865,-0.054792
689.7,-0.831678,-1.79848,0.251966,-0.647853
689.8,-0.967464,-1.69841,0.424561,-1.68911
689.9,-1.09323,-1.61746,0.570868,0.68207
690,-1.21235,-1.55497,0.691293,0.761952
690.1,-1.32698,-1.50805,0.786225,0.82058
690.2,-1.43795,-1.47222,0.855796,0.862972
690.3,-1.54478,-1.44187,0.899866,0.892113
690.4,-1.6457,-1.41078,0.918203,0.908361
690.5,-1.73788,-1.37264,0.91081,0.910645
690.6,-1.81762,-1.32165,0.878337,0.896967
690.7,-1.88091,-1.25321,0.822469,0.864702
690.8,-1.92412,-1.16443,0.746152,0.810669
690.9,-1.94472,-1.05455,0.653525,-0.475248
691,-1.94197,-0.924885,0.5495,-0.545263
691.1,-1.91726,-0.778489,0.439089,0.104641
691.2,-1.87405,-0.619447,0.326642,-0.117937
691.3,-1.8174,-0.452137,0.215247,-2.91391
691.4,-1.75334,-0.280572,0.10642,-0.306256
691.5,-1.68819,-0.107983,0.000124689,-0.258156
691.6,-1.62799,0.0633473,-0.10498,-0.441852
691.7,-1.57816,0.232015,-0.211184,0.02986
691.8,-1.54332,0.397283,-0.321398,-0.817762
691.9,-1.52724,0.558764,-0.438923,0.162076
692,-1.53279,0.716029,-0.567337,0.452953
692.1,-1.56186,0.868137,-0.71047,0.627402
692.2,-1.61504,1.01305,-0.872394,0.765069
692.3,-1.69106,1.14688,-1.05729,0.885545
692.4,-1.78582,1.26295,-1.26895,0.994813
692.5,-1.8909,1.3507,-1.50966,1.09261
692.6,-1.99196,1.39492,-1.77802,1.17442
692.7,-2.06766,1.37611,-2.06578,1.232
692.8,-2.09075,1.27346,-2.35444,-0.199885
692.9,-2.03366,1.07176,-2.61441,0.228792
693,-1.87885,0.770767,-2.81002,-0.667426
693.1,-1.62975,0.391646,-2.91145,-1.59124
693.2,-1.31396,-0.0263866,-2.90751,-1.79416
693.3,-0.974253,-0.439084,-2.80979,-0.355161
693.4,-0.65298,-0.811154,-2.64493,0.594888
693.5,-0.380177,-1.12263,-2.44187,-0.29617
693.6,-0.170059,-1.36704,-2.22285,-0.533806
693.7,-0.0237314,-1.54628,-2.00092,-1.76697
693.8,0.0660381,-1.66619,-1.78199,-1.72833
693.9,0.110524,-1.73415,-1.568,-2.50292
694,0.121935,-1.75816,-1.35948,-0.366969
694.1,0.111426,-1.74656,-1.15694,-0.728579
694.2,0.0879789,-1.70779,-0.961226,-1.93729
694.3,0.0579803,-1.65009,-0.773354,-0.658499
694.4,0.0253035,-1.58116,-0.59423,-0.285267
694.5,-0.00828442,-1.50784,-0.424369,-0.454644
694.6,-0.0425738,-1.43589,-0.263769,-0.150488
694.7,-0.078373,-1.36996,-0.111899,-0.393746
694.8,-0.11707,-1.31372,0.032227,-0.23733
694.9,-0.160337,-1.26993,0.169944,0.381716
695,-0.20997,-1.24077,0.302804,-0.110149
695.1,-0.267853,-1.22795,0.432442,0.0318218
695.2,-0.336006,-1.23297,0.560446,0.263307
695.3,-0.416702,-1.2572,0.6882,0.399275
695.4,-0.51263,-1.30196,0.816695,0.513091
695.5,-0.627073,-1.36845,0.946252,0.621683
695.6,-0.764073,-1.45746,1.0761,0.731486
695.7,-0.928485,-1.5689,1.2037,0.844076
695.8,-1.12576,-1.70075,1.32376,0.957914
695.9,-1.36109,-1.84749,1.42678,1.06901
696,-1.63747,-1.99777,1.49737,1.17095
696.1,-1.95199,-2.1318,1.51302,1.25442
696.2,-2.29057,-2.21994,1.44506,1.30579
696.3,-2.62313,-2.22583,1.26478,-0.196517
696.4,-2.90465,-2.11759,0.956048,-0.316551
696.5,-3.0875,-1.88575,0.529885,-0.467728
696.6,-3.14229,-1.55633,0.0289385,-1.74724
696.7,-3.07168,-1.1853,-0.486198,0.338993
696.8,-2.90469,-0.835717,-0.959818,-2.87041
696.9,-2.67793,-0.554763,-1.3558,-5.67019
697,-2.42034,-0.364029,-1.65829,-3.12971
697.1,-2.14908,-0.262247,-1.86541,-1.96705
697.2,-1.87321,-0.233369,-1.98337,-1.9329
697.3,-1.59846,-0.25491,-2.02327,-0.940059
697.4,-1.32997,-0.304485,-1.99937,-0.354893
697.5,-1.07267,-0.363971,-1.92761,-0.313276
697.6,-0.830652,-0.421291,-1.82397,-0.806637
697.7,-0.606575,-0.47028,-1.70298,-0.273524
697.8,-0.401529,-0.5094,-1.57679,-1.95088
697.9,-0.215269,-0.540074,-1.45479,-0.889758
698,-0.0465974,-0.565191,-1.34372,-0.418294
698.1,0.106262,-0.588036,-1.24802,0.245268
698.2,0.245367,-0.611658,-1.17039,0.357171
698.3,0.372848,-0.638607,-1.11219,0.443005
698.4,0.490759,-0.670909,-1.07391,0.51054
698.5,0.60096,-0.710183,-1.05551,0.566127
698.6,0.705035,-0.757805,-1.05658,0.614933
698.7,0.804193,-0.815091,-1.07652,0.661262
698.8,0.899166,-0.883451,-1.11455,0.70862
698.9,0.990065,-0.964494,-1.16963,0.759526
699,1.07618,-1.06006,-1.24025,0.815228
699.1,1.15568,-1.17215,-1.32418,0.875521
699.2,1.22532,-1.30259,-1.41791,0.938721
699.3,1.27997,-1.45255,-1.51611,1.00173
699.4,1.31236,-1.62158,-1.61092,1.06011
699.5,1.31315,-1.80632,-1.69146,1.10804
699.6,1.27172,-1.99911,-1.74387,1.13832
699.7,1.17821,-2.18694,-1.75262,1.14217
699.8,1.0268,-2.35211,-1.70349,0.560862
699.9,0.819299,-2.47516,-1.58796,-0.71333
700,0.567052,-2.54017,-1.4072,0.120204
700.1,0.28927,-2.54013,-1.17326,-1.15157
700.2,0.0078891,-2.4794,-0.906146,-1.76316
700.3,-0.258426,-2.37175,-0.628217,0.241474
700.4,-0.498069,-2.23552,-0.358845,-0.779027
700.5,-0.706894,-2.08846,-0.111633,-0.644269
700.6,-0.886226,-1.94444,0.105751,-0.523584
700.7,-1.04021,-1.81225,0.290207,-1.23037
700.8,-1.17364,-1.69595,0.441514,0.0848958
700.9,-1.29065,-1.59587,0.560956,0.724945
701,-1.39416,-1.50972,0.650445,0.782086
701.1,-1.48574,-1.43366,0.712076,0.811104
701.2,-1.56579,-1.36306,0.747987,0.823667
701.3,-1.63381,-1.29324,0.760396,0.821635
701.4,-1.68874,-1.21995,0.751706,0.805368
701.5,-1.72934,-1.13981,0.724604,0.774295
701.6,-1.75459,-1.0505,0.682079,0.727148
701.7,-1.76405,-0.950952,0.627339,0.661852
701.8,-1.75812,-0.841195,0.563606,0.574812
701.9,-1.73815,-0.722185,0.493855,0.458684
702,-1.70643,-0.595477,0.42054,0.294409
702.1,-1.66599,-0.462878,0.34538,0.00372114
702.2,-1.6204,-0.326134,0.269253,-0.403772
702.3,-1.57347,-0.186694,0.192192,0.00951824
702.4,-1.52903,-0.0455798,0.113467,0.375186
702.5,-1.49081,0.0966522,0.0317171,-0.336467
702.6,-1.46229,0.239867,-0.0549315,-0.0335888
702.7,-1.44677,0.384235,-0.148773,0.411498
702.8,-1.44731,0.53006,-0.252497,0.0864846
702.9,-1.46676,0.67754,-0.369227,-0.0757718
703,-1.50771,0.826435,-0.502622,0.42897
703.1,-1.57219,0.975589,-0.657001,0.628088
703.2,-1.66125,1.12221,-0.837412,0.78425
703.3,-1.77391,1.26084,-1.04947,0.922554
703.4,-1.90559,1.38183,-1.29865,1.04863
703.5,-2.04565,1.46957,-1.58839,1.16066
703.6,-2.17458,1.50102,-1.91656,1.25173
703.7,-2.26217,1.44641,-2.26989,1.31028
703.8,-2.27027,1.27511,-2.61864,0.35737
703.9,-2.16413,0.968713,-2.9168,0.514102
704,-1.9315,0.536861,-3.11433,-0.699827
704.1,-1.59772,0.0231711,-3.17917,-0.919531
704.2,-1.22093,-0.50848,-3.1128,-2.24282
704.3,-0.867789,-0.998425,-2.94496,-1.73206
704.4,-0.58832,-1.40745,-2.71374,-1.52391
704.5,-0.404907,-1.71795,-2.44925,-1.13736
704.6,-0.315107,-1.9274,-2.16947,-1.17263
704.7,-0.300522,-2.04225,-1.88428,-0.884097
704.8,-0.336067,-2.07459,-1.60049,-1.52911
704.9,-0.397282,-2.04014,-1.32434,-0.0764354
705,-0.464872,-1.95638,-1.06156,-0.442932
705.1,-0.526482,-1.84055,-0.816548,-0.32776
705.2,-0.576295,-1.70802,-0.591854,-0.522789
705.3,-0.61342,-1.57133,-0.388201,-0.529672
705.4,-0.639971,-1.43992,-0.204907,-0.475084
705.5,-0.659423,-1.32035,-0.0403931,-1.52118
705.6,-0.675479,-1.21683,0.107396,0.286296
705.7,-0.691438,-1.1317,0.240694,0.386263
705.8,-0.709943,-1.06602,0.36173,0.462205
705.9,-0.732988,-1.01995,0.472603,0.521646
706,-0.762043,-0.993151,0.575209,0.570079
706.1,-0.798237,-0.984944,0.671181,0.611771
706.2,-0.842541,-0.994505,0.761832,0.650276
706.3,-0.895925,-1.0209,0.848099,0.688618
706.4,-0.95948,-1.06307,0.930454,0.729216
706.5,-1.03447,-1.11972,1.0088,0.773684
706.6,-1.12234,-1.18914,1.08228,0.822609
706.7,-1.22456,-1.26892,1.14911,0.875425
706.8,-1.34237,-1.35554,1.20629,0.930393
706.9,-1.47628,-1.44399,1.24935,0.984645
707,-1.62532,-1.5272,1.27222,1.03422
707.1,-1.78608,-1.59584,1.26741,1.07405
707.2,-1.95174,-1.63852,1.22677,1.09797
707.3,-2.11154,-1.64288,1.14305,1.09866
707.4,-2.25136,-1.59779,1.01225,0.539157
707.5,-2.35604,-1.4965,0.836062,0.457346
707.6,-2.41308,-1.33928,0.623044,-1.81138
707.7,-2.41646,-1.13442,0.387505,0.117
707.8,-2.36869,-0.896465,0.146028,-1.1831
707.9,-2.27989,-0.642482,-0.0867793,-0.55251
708,-2.16471,-0.38826,-0.301307,0.261539
708.1,-2.03849,-0.145886,-0.493706,-0.0501339
708.2,-1.91443,0.0768427,-0.664784,-1.26121
708.3,-1.80208,0.275745,-0.818101,0.0861189
708.4,-1.70708,0.449079,-0.958185,-0.744266
708.5,-1.63151,0.596413,-1.08929,0.693612
708.6,-1.57453,0.717784,-1.21471,0.776172
708.7,-1.53303,0.813168,-1.33648,0.836677
708.8,-1.50214,0.882246,-1.45522,0.88114
708.9,-1.47578,0.924412,-1.57015,0.911855
709,-1.44712,0.939,-1.67908,0.928808
709.1,-1.40923,0.925694,-1.77855,0.930574
709.2,-1.35582,0.885038,-1.86417,0.914659
709.3,-1.28197,0.818912,-1.93119,0.877985
709.4,-1.18491,0.730785,-1.97543,-0.294703
709.5,-1.06435,0.625584,-1.99416,0.26317
709.6,-0.92243,0.509111,-1.98688,-0.949042
709.7,-0.763176,0.387159,-1.95562,-0.221614
709.8,-0.591625,0.264583,-1.90481,-0.986026
709.9,-0.412912,0.144623,-1.84055,-1.33385
710,-0.231541,0.0286319,-1.76984,-2.51132
710.1,-0.0509827,-0.0837961,-1.69971,0.0513639
710.2,0.126412,-0.19445,-1.63665,-0.174419
710.3,0.299255,-0.306046,-1.58624,-1.51809
710.4,0.46681,-0.421844,-1.55301,0.025801
710.5,0.628598,-0.54539,-1.54038,0.38596
710.6,0.783932,-0.680398,-1.55066,0.575636
710.7,0.931394,-0.830702,-1.58485,0.717039
710.8,1.06819,-1.00017,-1.64232,0.836945
710.9,1.18936,-1.19241,-1.72007,0.944464
711,1.28694,-1.41002,-1.81171,1.0415
711.1,1.34909,-1.65307,-1.90611,1.12546
711.2,1.36007,-1.91675,-1.98621,1.19024
711.3,1.30176,-2.1884,-2.02921,1.22578
711.4,1.15814,-2.44568,-2.00953,0.571899
711.5,0.922581,-2.65845,-1.90599,-0.15021
711.6,0.604998,-2.79643,-1.71146,0.368663
711.7,0.233222,-2.84062,-1.43939,0.207985
711.8,-0.154518,-2.79127,-1.12134,-0.0885032
711.9,-0.522083,-2.6665,-0.795935,0.0627036
712,-0.844762,-2.49286,-0.496494,0.405123
712.1,-1.11123,-2.29526,-0.244173,-0.226667
712.2,-1.32013,-2.09124,-0.0475839,-0.285563
712.3,-1.47546,-1.89035,0.0939993,-1.0122
712.4,-1.58323,-1.69624,0.18684,-0.527508
712.5,-1.6498,-1.50932,0.239734,-0.592518
712.6,-1.68137,-1.32882,0.262004,-3.51547
712.7,-1.68398,-1.15394,0.262276,-2.93404
712.8,-1.66355,-0.984352,0.247785,-0.742924
712.9,-1.6259,-0.820153,0.224071,-1.37071
713,-1.57661,-0.661654,0.194938,-2.10151
713.1,-1.52085,-0.509142,0.16262,0.0990069
713.2,-1.46325,-0.362686,0.128065,-0.185373
713.3,-1.40781,-0.22203,0.0912535,-0.217073
713.4,-1.35787,-0.0865725,0.051492,-0.436331
713.5,-1.31623,0.044612,0.00765309,-0.0348603
713.6,-1.2852,0.172704,-0.0416719,-1.17652
713.7,-1.26678,0.299055,-0.0980966,-0.0621116
713.8,-1.26279,0.425091,-0.163437,0.140728
713.9,-1.27502,0.552194,-0.239772,0.074831
714,-1.30527,0.68156,-0.329559,0.170658
714.1,-1.35542,0.813995,-0.435792,0.408297
714.2,-1.42726,0.949597,-0.562196,0.566173
714.3,-1.52228,1.08726,-0.713403,0.706345
714.4,-1.64093,1.22388,-0.895028,0.840352
714.5,-1.7815,1.35309,-1.11341,0.970132
714.6,-1.93809,1.46347,-1.37463,1.09312
714.7,-2.09773,1.53644,-1.68204,1.2032
714.8,-2.23705,1.54467,-2.03163,1.29041
714.9,-2.3208,1.45368,-2.40534,-0.308134
715,-2.30677,1.23038,-2.76549,0.37444
715.1,-2.16157,0.859925,-3.05774,-0.354614
715.2,-1.88353,0.363061,-3.22929,-0.549646
715.3,-1.51524,-0.202711,-3.25457,0.636679
715.4,-1.12961,-0.764771,-3.14674,0.668377
715.5,-0.798055,-1.26273,-2.9438,-0.635142
715.6,-0.565388,-1.66114,-2.68496,-0.53237
715.7,-0.443434,-1.94654,-2.39738,-1.35669
715.8,-0.41822,-2.12001,-2.09681,-0.564449
715.9,-0.461634,-2.1918,-1.79362,-0.384149
716,-0.542275,-2.17836,-1.49692,-0.663453
716.1,-0.633207,-2.09965,-1.21506,-2.60041
716.2,-0.715859,-1.9763,-0.954468,-2.8311
716.3,-0.780484,-1.82706,-0.71873,-0.754535
716.4,-0.82444,-1.66734,-0.508673,-0.441678
716.5,-0.849702,-1.50872,-0.323133,-0.739293
716.6,-0.86056,-1.35925,-0.159848,-0.678502
716.7,-0.861944,-1.22404,-0.0161433,-1.24696
716.8,-0.858409,-1.106,0.110664,0.342739
716.9,-0.853658,-1.00637,0.223078,0.415722
717,-0.850428,-0.925343,0.323359,0.47084
717.1,-0.850574,-0.86239,0.413523,0.513956
717.2,-0.855249,-0.816591,0.495345,0.548624
717.3,-0.865107,-0.786836,0.570379,0.577266
717.4,-0.880492,-0.77197,0.639957,0.601789
717.5,-0.901591,-0.770868,0.705198,0.623876
717.6,-0.92856,-0.782479,0.767007,0.645103
717.7,-0.96161,-0.805822,0.826059,0.666929
717.8,-1.00107,-0.839961,0.882786,0.690634
717.9,-1.04739,-0.883944,0.937339,0.717209
718,-1.10121,-0.936721,0.989535,0.74724
718.1,-1.16322,-0.997024,1.03879,0.780812
718.2,-1.23416,-1.06322,1.08404,0.817453
718.3,-1.31464,-1.13314,1.1236,0.856103
718.4,-1.40491,-1.20387,1.15512,0.895105
718.5,-1.50455,-1.27154,1.17552,0.932197
718.6,-1.61206,-1.33122,1.18101,0.964514
718.7,-1.72449,-1.37693,1.1674,0.98858
718.8,-1.83708,-1.40191,1.1305,1.00034
718.9,-1.94324,-1.39929,1.067,0.995194
719,-2.03509,-1.36311,0.975375,0.968014
719.1,-2.10446,-1.28961,0.8568,-0.268384
719.2,-2.1446,-1.17832,0.715509,0.0840774
719.3,-2.15171,-1.03245,0.558332,-0.117508
719.4,-2.12607,-0.858502,0.393388,-4.09574
719.5,-2.07212,-0.664904,0.228344,-0.580274
719.6,-1.99751,-0.460465,0.068906,-0.772661
719.7,-1.91163,-0.253005,-0.0819848,-1.15461
719.8,-1.82407,-0.0485916,-0.224131,0.124174
719.9,-1.74345,0.148603,-0.35948,-0.505868
720,-1.67674,0.335991,-0.491314,0.072264
720.1,-1.62901,0.512031,-0.623514,0.39356
720.2,-1.60333,0.675606,-0.760046,0.579749
720.3,-1.60084,0.825402,-0.904644,0.713758
720.4,-1.62061,0.959305,-1.0606,0.821771
720.5,-1.6594,1.07383,-1.23048,0.91427
720.6,-1.71117,1.16359,-1.41562,0.994756
720.7,-1.76654,1.22102,-1.61525,1.06251
720.8,-1.8125,1.23655,-1.82517,1.11373
720.9,-1.83283,1.19977,-2.03637,1.14207
721,-1.81007,1.10197,-2.23436,-0.944481
721.1,-1.72933,0.939853,-2.40033,-0.627045
721.2,-1.5832,0.71903,-2.51505,-0.94453
721.3,-1.3755,0.455073,-2.56475,-4.55917
721.4,-1.1212,0.170421,-2.54615,-2.44971
721.5,-0.842202,-0.111768,-2.46757,-1.68247
721.6,-0.56091,-0.373556,-2.34568,0.269493
721.7,-0.295326,-0.605065,-2.19984,-0.922062
721.8,-0.0570387,-0.803855,-2.0473,-1.06621
721.9,0.148234,-0.972378,-1.90055,-0.458622
722,0.318956,-1.11525,-1.76682,-1.01952
722.1,0.456053,-1.23726,-1.64884,0.164772
722.2,0.561641,-1.34235,-1.54603,0.73748
722.3,0.638287,-1.43319,-1.45569,0.775217
722.4,0.688645,-1.51125,-1.37398,0.793736
722.5,0.715366,-1.57698,-1.29667,0.796833
722.6,0.721115,-1.63018,-1.21975,0.786054
722.7,0.708636,-1.67028,-1.13979,0.761717
722.8,0.680776,-1.69672,-1.05422,0.72332
722.9,0.640456,-1.70927,-0.96146,0.669632
723,0.590548,-1.70822,-0.860904,0.598376
723.1,0.533716,-1.69455,-0.752768,0.505109
723.2,0.472222,-1.66997,-0.637881,0.37962
723.3,0.407765,-1.63679,-0.517415,0.19066
723.4,0.341378,-1.59782,-0.392626,-0.289476
723.5,0.273397,-1.55617,-0.264642,-2.63471
723.6,0.203497,-1.51507,-0.134308,-0.117967
723.7,0.130773,-1.47772,-0.00211544,0.116582
723.8,0.0538253,-1.44725,0.131811,-0.659187
723.9,-0.0291607,-1.42668,0.267661,-1.03228
724,-0.120385,-1.41893,0.405835,-0.817888
724.1,-0.222449,-1.42684,0.546797,0.216214
724.2,-0.338431,-1.45319,0.690849,0.551044
724.3,-0.472018,-1.50061,0.837823,0.389308
724.4,-0.627652,-1.57134,0.9866,0.60882
724.5,-0.810631,-1.66672,1.13438,0.774173
724.6,-1.02698,-1.78612,1.27557,0.919162
724.7,-1.28271,-1.92527,1.40016,1.05095
724.8,-1.58193,-2.07359,1.49173,1.16808
724.9,-1.92297,-2.21097,1.52564,1.26353
725,-2.29228,-2.30558,1.46962,1.13268
725.1,-2.65831,-2.31657,1.28994,0.634878
725.2,-2.97138,-2.20656,0.965918,0.484588
725.3,-3.17735,-1.96314,0.507879,0.0789843
725.4,-3.24219,-1.61575,-0.0361973,0.316136
725.5,-3.16887,-1.22956,-0.596448,0.0628662
725.6,-2.99031,-0.877418,-1.1085,-0.00468209
725.7,-2.74673,-0.611698,-1.53075,-0.173615
725.8,-2.46878,-0.453105,-1.84483,-0.81053
725.9,-2.17462,-0.394769,-2.0485,-2.41433
726,-1.87515,-0.412859,-2.1495,-1.95257
726.1,-1.57902,-0.47744,-2.1622,-0.836885
726.2,-1.29432,-0.560845,-2.10508,-0.503023
726.3,-1.02783,-0.642515,-1.99814,-0.113654
726.4,-0.783998,-0.710394,-1.86037,-0.137459
726.5,-0.564628,-0.759859,-1.70796,-1.53958
726.6,-0.369383,-0.791485,-1.55352,-1.1816
726.7,-0.196561,-0.808743,-1.40611,-0.513898
726.8,-0.043802,-0.81618,-1.27174,-1.1216
726.9,0.0914489,-0.818259,-1.15396,0.319714
727,0.211686,-0.818744,-1.05455,0.402779
727.1,0.319229,-0.820507,-0.974036,0.465052
727.2,0.41618,-0.825561,-0.912144,0.513404
727.3,0.504409,-0.835221,-0.868117,0.552119
727.4,0.585553,-0.850298,-0.840951,0.584166
727.5,0.661008,-0.871295,-0.829553,0.611889
727.6,0.73193,-0.898566,-0.83283,0.637333
727.7,0.799214,-0.932447,-0.849724,0.662357
727.8,0.863479,-0.973349,-0.879209,0.688609
727.9,0.925023,-1.02181,-0.920242,0.71743
728,0.983773,-1.07853,-0.97168,0.749705
728.1,1.03919,-1.14433,-1.03216,0.78574
728.2,1.09019,-1.22006,-1.09991,0.825174
728.3,1.13499,-1.30647,-1.17258,0.866945
728.4,1.17098,-1.40394,-1.24697,0.909276
728.5,1.19471,-1.51212,-1.31879,0.949687
728.6,1.20184,-1.62941,-1.38248,0.984995
728.7,1.18749,-1.75252,-1.43121,1.01131
728.8,1.14679,-1.87599,-1.45722,1.02407
728.9,1.07587,-1.9922,-1.4526,1.01805
729,0.973067,-2.09193,-1.41059,0.987396
729.1,0.840039,-2.16578,-1.32718,0.339721
729.2,0.682158,-2.20615,-1.20239,0.360351
729.3,0.50783,-2.2092,-1.0407,-0.197901
729.4,0.326756,-2.17602,-0.850284,-0.972061
729.5,0.147764,-2.11247,-0.641293,-0.692269
729.6,-0.0229277,-2.02784,-0.423871,-1.89281
729.7,-0.182463,-1.93291,-0.206636,-1.16857
729.8,-0.331093,-1.83815,0.0040337,-1.95038
729.9,-0.471308,-1.7525,0.203969,0.0123187
730,-0.606822,-1.68271,0.390715,0.297484
730.1,-0.74174,-1.6332,0.562847,0.51539
730.2,-0.87999,-1.6061,0.719269,0.661676
730.3,-1.025,-1.60134,0.858579,0.773099
730.4,-1.17943,-1.61661,0.978516,0.864687
730.5,-1.34489,-1.6472,1.0755,0.942718
730.6,-1.52132,-1.68572,1.14435,1.00863
730.7,-1.70625,-1.72193,1.17832,1.06063
730.8,-1.89378,-1.74295,1.16972,1.09446
730.9,-2.07395,-1.73434,1.11146,1.10389
731,-2.23299,-1.6824,0.999386,0.230786
731.1,-2.35541,-1.57754,0.835005,-1.45058
731.2,-2.42776,-1.41753,0.627118,-0.134797
731.3,-2.44282,-1.20899,0.391042,-2.0652
731.4,-2.40224,-0.965946,0.145131,-2.98809
731.5,-2.31598,-0.705925,-0.0938809,-0.129025
731.6,-2.19921,-0.445623,-0.314451,-0.212003
731.7,-2.06816,-0.197995,-0.511356,-1.14701
731.8,-1.93695,0.0286116,-0.684657,-0.03222
731.9,-1.81588,0.229837,-0.83765,-1.14359
732,-1.71113,0.404068,-0.974889,-0.94781
732.1,-1.62513,0.551223,-1.10079,0.676226
732.2,-1.55738,0.671844,-1.21884,0.756464
732.3,-1.50511,0.766532,-1.33129,0.813702
732.4,-1.46395,0.83569,-1.43908,0.85454
732.5,-1.42848,0.879497,-1.54184,0.881839
732.6,-1.39273,0.898066,-1.63801,0.896198
732.7,-1.35072,0.891741,-1.72501,0.896788
732.8,-1.29702,0.861454,-1.79952,0.881866
732.9,-1.22733,0.809051,-1.85801,0.849072
733,-1.13901,0.737462,-1.8973,0.795496
733.1,-1.03132,0.650612,-1.91528,0.71758
733.2,-0.905408,0.553045,-1.91145,0.251883
733.3,-0.763962,0.449316,-1.88722,-0.946437
733.4,-0.61061,0.343349,-1.84582,-0.0967186
733.5,-0.449248,0.237911,-1.79195,-1.36325
733.6,-0.283471,0.134351,-1.73118,-1.86686
733.7,-0.116182,0.0326106,-1.66935,0.182525
733.8,0.050555,-0.0685632,-1.61214,-0.653158
733.9,0.215482,-0.171317,-1.56469,0.353278
734,0.377962,-0.278407,-1.53149,-0.632372
734.1,0.537695,-0.392998,-1.51629,-0.0413968
734.2,0.69437,-0.518574,-1.52208,0.387864
734.3,0.847221,-0.658934,-1.55102,0.58467
734.4,0.994473,-0.818206,-1.60415,0.73251
734.5,1.1326,-1.00077,-1.68084,0.859791
734.6,1.25535,-1.21087,-1.77785,0.974998
734.7,1.35262,-1.4516,-1.88783,1.07901
734.8,1.40934,-1.72286,-1.99756,1.16798
734.9,1.40545,-2.01808,-2.08633,1.23415
735,1.31824,-2.3204,-2.12643,0.31052
735.1,1.12895,-2.6006,-2.08786,-0.167364
735.2,0.832925,-2.82097,-1.94884,-0.494219
735.3,0.44812,-2.94713,-1.70847,0.115535
735.4,0.0139539,-2.96276,-1.39262,0.412696
735.5,-0.42164,-2.87636,-1.04612,0.263283
735.6,-0.818264,-2.71449,-0.715849,-1.07571
735.7,-1.15164,-2.50793,-0.43622,-2.46359
735.8,-1.41267,-2.28092,-0.22401,-2.90965
735.9,-1.60209,-2.04797,-0.0807999,-0.819762
736,-1.72561,-1.81594,0.00170244,-1.97899
736.1,-1.79121,-1.58752,0.0365972,-3.86012
736.2,-1.80801,-1.36409,0.0380102,-2.17081
736.3,-1.78576,-1.14701,0.0186274,-2.88238
736.4,-1.73449,-0.937877,-0.0116515,-0.982145
736.5,-1.66391,-0.738262,-0.0461525,-2.50868
736.6,-1.58291,-0.549341,-0.0812035,-0.457311
736.7,-1.49918,-0.371672,-0.115522,-0.171851
736.8,-1.419,-0.205131,-0.149472,-0.166726
736.9,-1.34727,-0.0489793,-0.184394,-0.690811
737,-1.28762,0.0980079,-0.222088,-0.902593
737.1,-1.24271,0.237379,-0.264506,-0.0398761
737.2,-1.21448,0.370851,-0.31361,0.179253
737.3,-1.20436,0.500158,-0.371361,0.317378
737.4,-1.21355,0.626901,-0.439811,0.422833
737.5,-1.24303,0.752389,-0.521239,0.514902
737.6,-1.2937,0.877422,-0.618329,0.60408
737.7,-1.36617,1.002,-0.734339,0.696154
737.8,-1.46046,1.12485,-0.873213,0.793389
737.9,-1.57539,1.24275,-1.03953,0.895175
738,-1.70748,1.34949,-1.23808,0.998546
738.1,-1.84929,1.43457,-1.47275,1.09843
738.2,-1.98736,1.48188,-1.74422,1.1875
738.3,-2.10022,1.4693,-2.04624,1.2557
738.4,-2.15847,1.37104,-2.361,0.718605
738.5,-2.12972,1.16486,-2.65648,0.558372
738.6,-1.99041,0.843921,-2.89044,-0.0472606
738.7,-1.74063,0.427124,-3.02398,0.461305
738.8,-1.41104,-0.0418737,-3.0388,-0.0568931
738.9,-1.05339,-0.509718,-2.94469,-1.81174
739,-0.720421,-0.931853,-2.77107,0.452456
739.1,-0.449204,-1.28187,-2.55072,-1.04141
739.2,-0.255835,-1.54998,-2.30834,-2.27625
739.3,-0.138906,-1.73698,-2.0581,-2.68064
739.4,-0.0860691,-1.84932,-1.80677,-1.84444
739.5,-0.0801853,-1.89646,-1.5578,-2.1466
739.6,-0.103943,-1.88971,-1.31396,-1.09957
739.7,-0.142796,-1.84145,-1.07812,-1.5912
739.8,-0.186364,-1.76426,-0.853045,-2.34341
739.9,-0.228574,-1.66992,-0.640929,-0.355337
740,-0.266979,-1.56878,-0.443028,-0.987375
740.1,-0.301694,-1.46925,-0.259615,-2.22838
740.2,-0.334335,-1.3778,-0.0901097,-0.240015
740.3,-0.367192,-1.29909,0.0667164,0.040439
740.4,-0.40268,-1.23631,0.212507,0.197009
740.5,-0.443073,-1.1915,0.349117,0.321198
740.6,-0.490439,-1.16596,0.478435,0.417822
740.7,-0.546704,-1.16045,0.602225,0.496749
740.8,-0.613794,-1.17544,0.721986,0.566554
740.9,-0.693808,-1.21116,0.838781,0.634008
741,-0.789176,-1.26757,0.953029,0.704008
741.1,-0.902778,-1.34419,1.0642,0.779333
741.2,-1.03794,-1.43969,1.17038,0.860469
741.3,-1.1982,-1.5512,1.26763,0.945703
741.4,-1.38664,-1.67333,1.34918,1.03134
741.5,-1.60458,-1.79679,1.40454,1.11183
741.6,-1.84934,-1.90704,1.41905,1.17963
741.7,-2.11131,-1.9837,1.37461,1.22489
741.8,-2.37129,-2.00217,1.25302,0.607043
741.9,-2.6007,-1.93925,1.04246,0.44222
742,-2.7672,-1.78231,0.745467,0.239
742.1,-2.84556,-1.5378,0.383245,-0.601224
742.2,-2.82811,-1.23254,-0.00861472,-1.6586
742.3,-2.72707,-0.905054,-0.391821,-0.338158
742.4,-2.56728,-0.592545,-0.736865,-0.237059
742.5,-2.37526,-0.321452,-1.02777,-1.02329
742.6,-2.17152,-0.104952,-1.26013,-0.347664
742.7,-1.96822,0.0546781,-1.43647,-0.300129
742.8,-1.77069,0.162166,-1.56232,-0.999532
742.9,-1.58009,0.225833,-1.64396,-0.185906
743,-1.39583,0.255201,-1.68765,-0.112075
743.1,-1.21706,0.259473,-1.69952,-0.175146
743.2,-1.04334,0.24664,-1.68563,-0.0716471
743.3,-0.874745,0.223015,-1.652,-0.0388263
743.4,-0.711657,0.193096,-1.6045,-0.664045
743.5,-0.554497,0.159671,-1.54866,-2.09019
743.6,-0.403501,0.124077,-1.48948,-0.0939032
743.7,-0.258579,0.0865358,-1.43135,-0.385069
743.8,-0.11927,0.0464798,-1.37796,-0.94254
743.9,0.0152448,0.00282674,-1.33237,0.355402
744,0.146073,-0.0458282,-1.29712,0.146296
744.1,0.274528,-0.101107,-1.27434,0.4978
744.2,0.402025,-0.164822,-1.26593,0.508521
744.3,0.529966,-0.239023,-1.27368,-0.243691
744.4,0.659591,-0.326099,-1.29937,0.160313
744.5,0.791791,-0.42893,-1.34483,0.396596
744.6,0.926809,-0.551072,-1.41183,0.552284
744.7,1.06379,-0.696938,-1.50181,0.6901
744.8,1.20003,-0.871894,-1.61537,0.822029
744.9,1.32986,-1.08207,-1.75114,0.950371
745,1.44297,-1.33354,-1.90399,1.07294
745.1,1.52236,-1.63014,-2.06235,1.18413
745.2,1.54266,-1.9694,-2.20497,1.27467
745.3,1.47102,-2.33617,-2.29903,-0.126644
745.4,1.27409,-2.69676,-2.30353,0.50872
745.5,0.933229,-2.99992,-2.18284,-0.00320014
745.6,0.462239,-3.192,-1.92856,0.455751
745.7,-0.0879551,-3.24191,-1.57467,-0.165434
745.8,-0.647022,-3.15616,-1.18887,0.242999
745.9,-1.1525,-2.96935,-0.843243,0.439424
746,-1.56535,-2.72123,-0.587434,-0.259313
746.1,-1.86919,-2.44111,-0.439216,-4.3394
746.2,-2.06298,-2.14607,-0.389637,-1.2405
746.3,-2.1552,-1.84656,-0.41385,-0.544676
746.4,-2.16068,-1.55111,-0.481814,-1.19499
746.5,-2.09815,-1.26774,-0.566355,0.12778
746.6,-1.98762,-1.00308,-0.647676,-0.110463
746.7,-1.84789,-0.761335,-0.714469,-1.79587
746.8,-1.69484,-0.54411,-0.762687,-0.793799
746.9,-1.54075,-0.350915,-0.793263,-1.1592
747,-1.3944,-0.179966,-0.809834,-0.441878
747.1,-1.2615,-0.0288691,-0.816982,-1.43257
747.2,-1.14545,0.104938,-0.819123,0.329681
747.3,-1.04787,0.223939,-0.819949,0.410293
747.4,-0.969207,0.330439,-0.822248,0.470926
747.5,-0.909114,0.426519,-0.827965,0.518142
747.6,-0.866804,0.51403,-0.838364,0.556068
747.7,-0.841256,0.594582,-0.854224,0.5876
747.8,-0.831371,0.66955,-0.876031,0.615049
747.9,-0.836051,0.740058,-0.904138,0.640438
748,-0.854237,0.806974,-0.938887,0.665604
748.1,-0.884894,0.870878,-0.980702,0.692155
748.2,-0.92696,0.932028,-1.03014,0.721379
748.3,-0.97926,0.990297,-1.08789,0.754087
748.4,-1.04038,1.04509,-1.15479,0.790501
748.5,-1.10848,1.09524,-1.23168,0.83017
748.6,-1.18111,1.13887,-1.31925,0.871943
748.7,-1.25494,1.1733,-1.4178,0.913963
748.8,-1.32553,1.19496,-1.52681,0.953671
748.9,-1.3872,1.19949,-1.64452,0.987811
749,-1.43301,1.18199,-1.76736,1.01243
749.1,-1.45517,1.13773,-1.88963,1.02291
749.2,-1.44592,1.0631,-2.00352,1.01398
749.3,-1.39883,0.956855,-2.09978,0.97981
749.4,-1.31037,0.8211,-2.16922,0.458893
749.5,-1.18112,0.661609,-2.20468,-0.849535
749.6,-1.01604,0.486972,-2.20295,-1.22889
749.7,-0.823561,0.306792,-2.16575,0.0105821
749.8,-0.613829,0.129555,-2.0994,-0.266361
749.9,-0.396768,-0.0389842,-2.01339,-0.208262
750,-0.180667,-0.196412,-1.91848,-2.19228
750.1,0.0284241,-0.343309,-1.82493,-0.493724
750.2,0.226602,-0.482355,-1.74141,-0.612746
750.3,0.411583,-0.617336,-1.67437,0.323487
750.4,0.582017,-0.752349,-1.62798,0.531792
750.5,0.736802,-0.891282,-1.60413,0.673862
750.6,0.874452,-1.0375,-1.60253,0.783223
750.7,0.992554,-1.1936,-1.62066,0.873749
750.8,1.08732,-1.36105,-1.65355,0.951091
750.9,1.15329,-1.53965,-1.69349,1.01628
751,1.18347,-1.7266,-1.72989,1.06719
751.1,1.16998,-1.91558,-1.7495,1.09929
751.2,1.10571,-2.09603,-1.73765,1.1061
751.3,0.98684,-2.2537,-1.68071,0.0560516
751.4,0.815548,-2.37284,-1.56956,0.268634
751.5,0.601525,-2.44021,-1.4029,-0.83535
751.6,0.360874,-2.44932,-1.1884,0.167717
751.7,0.112328,-2.40283,-0.940991,-1.01328
751.8,-0.127511,-2.31161,-0.678627,-0.206327
751.9,-0.347586,-2.19136,-0.417976,0.0133167
752,-0.543251,-2.05838,-0.171658,-0.128395
752.1,-0.715021,-1.92653,0.0524106,-1.37264
752.2,-0.866445,-1.80568,0.250253,-0.0164445
752.3,-1.00214,-1.70149,0.420541,-0.864676
752.4,-1.12644,-1.61597,0.563383,0.689259
752.5,-1.24271,-1.54823,0.679445,0.764615
752.6,-1.35303,-1.49526,0.76943,0.818001
752.7,-1.45815,-1.45253,0.833855,0.855408
752.8,-1.55757,-1.41458,0.873051,0.879363
752.9,-1.64965,-1.37556,0.887337,0.890302
753,-1.7318,-1.32972,0.877317,0.887337
753.1,-1.80085,-1.27198,0.844207,0.868736
753.2,-1.85352,-1.19848,0.79011,0.832188
753.3,-1.88704,-1.10701,0.718125,0.774814
753.4,-1.89976,-0.99717,0.632198,0.692759
753.5,-1.89161,-0.870323,0.536715,-0.20239
753.6,-1.86434,-0.729176,0.435929,-3.41784
753.7,-1.82137,-0.577204,0.333368,-0.226539
753.8,-1.76736,-0.418041,0.231399,-0.772587
753.9,-1.70775,-0.254958,0.131034,0.213897
754,-1.64814,-0.0905464,0.0319745,0.242735
754.1,-1.59392,0.0734,-0.0671643,-1.16907
754.2,-1.54999,0.235828,-0.168579,-0.206951
754.3,-1.52061,0.396237,-0.275027,-0.0697274
754.4,-1.5094,0.554409,-0.389661,-0.044013
754.5,-1.51928,0.710052,-0.515966,0.392443
754.6,-1.55237,0.862368,-0.657777,0.589417
754.7,-1.6097,1.00948,-0.819304,0.738122
754.8,-1.69061,1.14767,-1.00505,0.866662
754.9,-1.79174,1.27035,-1.21939,0.983205
755,-1.90544,1.36685,-1.46547,1.08832
755.1,-2.01788,1.42131,-1.74306,1.17784
755.2,-2.1074,1.41265,-2.04502,1.24356
755.3,-2.14514,1.3172,-2.35326,0.425475
755.4,-2.10028,1.1159,-2.63684,0.577415
755.5,-1.95145,0.805098,-2.85642,0.192828
755.6,-1.69996,0.405182,-2.97723,0.256352
755.7,-1.37501,-0.0416125,-2.98432,0.386964
755.8,-1.02436,-0.485515,-2.88852,0.502805
755.9,-0.696089,-0.885782,-2.71822,-6.92993
756,-0.424062,-1.21871,-2.50466,-1.78984
756.1,-0.223425,-1.47591,-2.2715,-0.855292
756.2,-0.0937906,-1.6587,-2.03249,-2.54988
756.3,-0.0250046,-1.77327,-1.79399,-2.65278
756.4,-0.00247359,-1.82821,-1.55878,-1.01455
756.5,-0.0110955,-1.83344,-1.32867,-0.901111
756.6,-0.0377759,-1.79962,-1.10553,-2.42272
756.7,-0.0727137,-1.73763,-0.891382,-0.80745
756.8,-0.109688,-1.65782,-0.687986,-1.09494
756.9,-0.145648,-1.56953,-0.496526,-1.12331
757,-0.179934,-1.4806,-0.317425,-2.33653
757.1,-0.213437,-1.39727,-0.150356,-1.54351
757.2,-0.247874,-1.32427,0.00563383,-0.247096
757.3,-0.285284,-1.26503,0.151952,-0.0297092
757.4,-0.327742,-1.22193,0.290284,0.161371
757.5,-0.377259,-1.19665,0.422426,0.298377
757.6,-0.435808,-1.19041,0.550127,0.402458
757.7,-0.505436,-1.20413,0.674945,0.489621
757.8,-0.588427,-1.23858,0.798067,0.570523
757.9,-0.687473,-1.29432,0.920096,0.652198
758,-0.805826,-1.37157,1.04072,0.738614
758.1,-0.947361,-1.46978,1.15823,0.830882
758.2,-1.11643,-1.58697,1.2688,0.92758
758.3,-1.31727,-1.71855,1.36547,1.02511
758.4,-1.55267,-1.85568,1.43692,1.11784
758.5,-1.82147,-1.98338,1.46654,1.19795
758.6,-2.11483,-2.07913,1.4326,1.2549
758.7,-2.41235,-2.11405,1.31166,-0.0698128
758.8,-2.68099,-2.05911,1.08636,0.229331
758.9,-2.88108,-1.89694,0.756341,-0.164631
759,-2.98021,-1.63414,0.345435,0.252814
759.1,-2.96754,-1.30414,-0.102704,0.386507
759.2,-2.85735,-0.955745,-0.539881,-0.901119
759.3,-2.67904,-0.635158,-0.928769,-1.2873
759.4,-2.46278,-0.373169,-1.249,-1.27024
759.5,-2.23038,-0.182326,-1.49444,-2.0629
759.6,-1.99398,-0.0607389,-1.66744,-0.813306
759.7,-1.75893,0.00223899,-1.77457,-1.75865
759.8,-1.52746,0.0210276,-1.82437,-1.07637
759.9,-1.30111,0.0102246,-1.82652,-0.535755
760,-1.08158,-0.0176634,-1.79138,-1.63548
760.1,-0.870762,-0.0533533,-1.72944,-0.448585
760.2,-0.670341,-0.0910014,-1.65072,-1.56245
760.3,-0.481428,-0.127783,-1.56418,-1.24665
760.4,-0.304406,-0.163142,-1.47739,-2.34091
760.5,-0.138937,-0.197993,-1.3964,-0.603699
760.6,0.0159264,-0.234035,-1.3258,-0.342717
760.7,0.161576,-0.273279,-1.26892,-0.0775223
760.8,0.299669,-0.317787,-1.22813,0.140139
760.9,0.431971,-0.369574,-1.20513,0.286998
761,0.560194,-0.430646,-1.20116,0.39636
761.1,0.68584,-0.503113,-1.21722,0.487517
761.2,0.81003,-0.58935,-1.25413,0.572087
761.3,0.933258,-0.69217,-1.31248,0.657301
761.4,1.05505,-0.814969,-1.39251,0.747012
761.5,1.17342,-0.961778,-1.4936,0.84211
761.6,1.28412,-1.13707,-1.61352,0.940941
761.7,1.37955,-1.34508,-1.74722,1.03967
761.8,1.44748,-1.58832,-1.88504,1.13241
761.9,1.47016,-1.86482,-2.01077,1.21092
762,1.42484,-2.16418,-2.10043,1.26411
762.1,1.28781,-2.4637,-2.12401,0.674359
762.2,1.04313,-2.72812,-2.0528,-0.0876308
762.3,0.693861,-2.91701,-1.87215,-0.884516
762.4,0.268124,-2.99993,-1.59333,0.330547
762.5,-0.187493,-2.97004,-1.25425,-0.845666
762.6,-0.624582,-2.84535,-0.905713,0.494367
762.7,-1.00764,-2.65684,-0.592939,0.322348
762.8,-1.31852,-2.43404,-0.344032,-0.671746
762.9,-1.55269,-2.19723,-0.168585,-1.76361
763,-1.71348,-1.95716,-0.0622763,-2.26364
763.1,-1.80802,-1.71855,-0.0127725,-1.90434
763.2,-1.84545,-1.48363,-0.0047014,-2.2971
763.3,-1.83606,-1.25421,-0.02316,-0.412402
763.4,-1.79077,-1.03234,-0.0558525,-0.335349
763.5,-1.72053,-0.820098,-0.0940449,-0.930625
763.6,-1.63558,-0.61917,-0.132588,-2.92195
763.7,-1.54493,-0.430551,-0.169335,-0.218986
763.8,-1.456,-0.25443,-0.204285,-0.707502
763.9,-1.37462,-0.090265,-0.238741,-0.0464505
764,-1.30507,0.0630733,-0.274642,-0.141633
764.1,-1.25042,0.207111,-0.314119,0.0695921
764.2,-1.2128,0.343592,-0.359272,0.232203
764.3,-1.19368,0.474311,-0.412124,0.351766
764.4,-1.19414,0.600959,-0.474675,0.446434
764.5,-1.21499,0.724965,-0.549045,0.529119
764.6,-1.25686,0.847308,-0.637637,0.60864
764.7,-1.32014,0.968263,-0.743308,0.690684
764.8,-1.40471,1.08703,-0.869489,0.778052
764.9,-1.50947,1.20117,-1.02018,0.870848
765,-1.63146,1.30579,-1.19965,0.966811
765.1,-1.76458,1.39248,-1.41161,1.0616
765.2,-1.89783,1.44815,-1.65747,1.14884
765.3,-2.01355,1.45446,-1.93343,1.2198
765.4,-2.08688,1.38906,-2.22659,1.26285
765.5,-2.08853,1.23051,-2.5119,0.299806
765.6,-1.99319,0.967448,-2.75348,0.314986
765.7,-1.79196,0.608547,-2.91369,0.16999
765.8,-1.50167,0.185694,-2.96796,-0.865981
765.9,-1.16221,-0.255067,-2.91557,-1.36664
766,-0.821823,-0.669721,-2.77768,-0.661727
766.1,-0.520667,-1.02826,-2.58486,-0.589087
766.2,-0.28215,-1.31684,-2.36433,-0.82073
766.3,-0.113127,-1.53337,-2.13398,-1.65508
766.4,-0.00859879,-1.68213,-1.90289,-1.62268
766.5,0.042996,-1.7703,-1.67474,-1.01988
766.6,0.0555571,-1.80644,-1.45098,-0.566858
766.7,0.0424253,-1.79988,-1.23274,-3.47345
766.8,0.0146448,-1.7604,-1.02148,-0.291748
766.9,-0.0198166,-1.69772,-0.818783,-0.315955
767,-0.0560996,-1.62102,-0.626037,-2.78358
767.1,-0.0919909,-1.53844,-0.444102,-0.739044
767.2,-0.127227,-1.45683,-0.273173,-0.611673
767.3,-0.162789,-1.38164,-0.112792,-0.41644
767.4,-0.200321,-1.31702,0.0380428,-0.703013
767.5,-0.241739,-1.26605,0.180733,-0.373054
767.6,-0.289022,-1.23096,0.316916,0.0805903
767.7,-0.344148,-1.21342,0.448312,0.255345
767.8,-0.409147,-1.21473,0.576573,0.37645
767.9,-0.486222,-1.23599,0.703126,0.475689
768,-0.57791,-1.27818,0.828977,0.567515
768.1,-0.687261,-1.34204,0.954454,0.659787
768.2,-0.817976,-1.42791,1.07881,0.756229
768.3,-0.974438,-1.53514,1.1996,0.857369
768.4,-1.16145,-1.66124,1.31183,0.961161
768.5,-1.38343,-1.80042,1.40668,1.06336
768.6,-1.64256,-1.94162,1.47014,1.15755
768.7,-1.93557,-2.06635,1.48212,1.23474
768.8,-2.24927,-2.14775,1.41754,1.28268
768.9,-2.55668,-2.15341,1.25167,0.235528
769,-2.81804,-2.05483,0.970646,0.164453
769.1,-2.99115,-1.84217,0.583571,0.459337
769.2,-3.04866,-1.53543,0.126477,0.0632694
769.3,-2.99057,-1.18103,-0.348328,0.354725
769.4,-2.84113,-0.833858,-0.791318,0.276938
769.5,-2.63375,-0.537864,-1.16926,-3.16186
769.6,-2.39674,-0.316539,-1.46702,-1.07228
769.7,-2.14786,-0.173946,-1.68233,-1.22674
769.8,-1.89599,-0.100768,-1.82004,-0.970273
769.9,-1.64542,-0.0808565,-1.88875,-1.30709
770,-1.39899,-0.0964609,-1.89926,-0.786731
770.1,-1.15958,-0.131767,-1.86374,-0.86051
770.2,-0.930076,-0.174825,-1.79485,-1.75027
770.3,-0.71293,-0.218089,-1.70481,-0.799838
770.4,-0.509752,-0.257963,-1.60456,-0.254833
770.5,-0.321149,-0.29381,-1.50326,-1.91947
770.6,-0.146809,-0.326851,-1.40805,-0.291663
770.7,0.0143036,-0.359235,-1.32419,-0.0128971
770.8,0.16372,-0.393388,-1.25534,0.150437
770.9,0.303249,-0.431659,-1.2039,0.284987
771,0.43479,-0.476185,-1.17138,0.389272
771.1,0.560169,-0.528926,-1.15869,0.472713
771.2,0.680995,-0.591783,-1.16637,0.544373
771.3,0.798507,-0.666764,-1.1947,0.611578
771.4,0.913377,-0.756156,-1.24375,0.67986
771.5,1.02546,-0.862656,-1.31321,0.75275
771.6,1.13338,-0.989424,-1.40209,0.831539
771.7,1.23402,-1.13994,-1.50815,0.915271
771.8,1.32174,-1.31755,-1.62702,1.00094
771.9,1.3875,-1.52435,-1.75098,1.08366
772,1.4182,-1.75939,-1.86753,1.15666
772.1,1.39685,-2.01587,-1.9584,1.21097
772.2,1.30486,-2.27828,-2.00025,-0.106286
772.3,1.12735,-2.52121,-1.9686,0.0521142
772.4,0.860967,-2.71283,-1.84602,0.114499
772.5,0.520131,-2.82417,-1.63147,-1.17637
772.6,0.136121,-2.84055,-1.34481,-0.565388
772.7,-0.252512,-2.76741,-1.02151,0.357616
772.8,-0.612385,-2.62614,-0.700375,-1.77461
772.9,-0.922746,-2.4437,-0.412177,-0.27443
773,-1.17558,-2.24321,-0.174742,-2.65525
773.1,-1.37146,-2.03982,0.00607597,-0.52252
773.2,-1.51517,-1.84105,0.132775,-0.677525
773.3,-1.61283,-1.64925,0.212541,-0.218743
773.4,-1.67066,-1.46419,0.254512,-0.12863
773.5,-1.69474,-1.28495,0.268009,-0.867371
773.6,-1.69101,-1.11083,0.261453,-0.125219
773.7,-1.66539,-0.941646,0.241763,-0.173979
773.8,-1.6237,-0.777655,0.214108,-0.0462814
773.9,-1.57151,-0.619263,0.181921,-2.33243
774,-1.51398,-0.466794,0.147093,0.0358971
774.1,-1.45568,-0.320301,0.11028,-0.39489
774.2,-1.40053,-0.179486,0.0712261,-1.41065
774.3,-1.35183,-0.0436901,0.0290589,-0.980514
774.4,-1.31229,0.0880673,-0.0174893,-1.02743
774.5,-1.28421,0.217008,-0.0699412,-0.381048
774.6,-1.26956,0.344502,-0.130017,-0.837766
774.7,-1.27019,0.47196,-0.199652,0.109717
774.8,-1.28788,0.600703,-0.281072,-0.186965
774.9,-1.32448,0.731797,-0.376927,0.300088
775,-1.3818,0.865808,-0.490461,0.481565
775.1,-1.46154,1.00243,-0.625707,0.627277
775.2,-1.56479,1.13988,-0.787632,0.762583
775.3,-1.69125,1.27396,-0.982114,0.893504
775.4,-1.83778,1.3966,-1.21545,1.0198
775.5,-1.99603,1.49395,-1.49291,1.13745
775.6,-2.14936,1.54433,-1.81547,1.23891
775.7,-2.26993,1.51759,-2.17444,1.3125
775.8,-2.31917,1.37895,-2.54466,0.0760558
775.9,-2.25644,1.10079,-2.8814,0.333565
776,-2.05852,0.680862,-3.12893,0.0238829
776.1,-1.74041,0.154945,-3.24302,0.421611
776.2,-1.35833,-0.41133,-3.21338,0.628692
776.3,-0.987016,-0.948627,-3.06506,0.098983
776.4,-0.68856,-1.40664,-2.8385,-1.82637
776.5,-0.494697,-1.75973,-2.56866,-2.75985
776.6,-0.406703,-2.00099,-2.27752,-1.90225
776.7,-0.404849,-2.13534,-1.97777,-3.05525
776.8,-0.459757,-2.17529,-1.67856,-0.011576
776.9,-0.541913,-2.13841,-1.38834,-4.41067
777,-0.627816,-2.04467,-1.11459,0.139448
777.1,-0.702471,-1.91383,-0.862676,-0.84879
777.2,-0.758976,-1.76325,-0.635246,-0.882334
777.3,-0.796494,-1.60685,-0.43253,-0.532391
777.4,-0.817844,-1.45485,-0.253115,-0.591874
777.5,-0.827464,-1.31419,-0.0947279,-1.13343
777.6,-0.830016,-1.18915,0.0452095,0.285801
777.7,-0.829601,-1.08202,0.169259,0.377335
777.8,-0.829441,-0.993668,0.279818,0.44477
777.9,-0.831853,-0.92402,0.379065,0.496505
778,-0.838377,-0.872428,0.468946,0.537474
778.1,-0.849968,-0.837928,0.55117,0.570918
778.2,-0.867195,-0.819424,0.627214,0.599256
778.3,-0.890415,-0.815799,0.698321,0.624526
778.4,-0.919914,-0.825972,0.765489,0.648572
778.5,-0.956011,-0.848908,0.829461,0.673072
778.6,-0.999133,-0.883593,0.890698,0.699468
778.7,-1.04985,-0.928972,0.949333,0.728849
778.8,-1.10887,-0.983848,1.00511,0.761819
778.9,-1.177,-1.04675,1.0573,0.79839
779,-1.25504,-1.11575,1.10458,0.837923
779.1,-1.34357,-1.18827,1.14494,0.879107
779.2,-1.4427,-1.26082,1.17556,0.919954
779.3,-1.55167,-1.32881,1.19278,0.957804
779.4,-1.66835,-1.3864,1.19223,0.989324
779.5,-1.78883,-1.42666,1.16917,1.01052
779.6,-1.90708,-1.44199,1.1192,1.01674
779.7,-2.01517,-1.42505,1.03929,1.00277
779.8,-2.10405,-1.37015,0.928888,0.96207
779.9,-2.16512,-1.27465,0.790806,0.222708
780,-2.19218,-1.13998,0.631248,-0.425163
780.1,-2.18306,-0.971652,0.458803,-2.23525
780.2,-2.14036,-0.778236,0.282608,-0.702006
780.3,-2.07093,-0.569569,0.110368,-2.66042
780.4,-1.98432,-0.354992,-0.053011,-0.0530432
780.5,-1.891,-0.142134,-0.205824,-1.78575
780.6,-1.80079,0.0635329,-0.349112,-0.789261
780.7,-1.72182,0.258526,-0.485776,0.0926681
780.8,-1.66015,0.440808,-0.619653,0.345383
780.9,-1.61958,0.609124,-0.754807,0.546336
781,-1.60176,0.762329,-0.895069,0.685562
781.1,-1.60622,0.898783,-1.04377,0.794216
781.2,-1.63022,1.01579,-1.20347,0.885112
781.3,-1.66851,1.10915,-1.37561,0.963255
781.4,-1.71297,1.17286,-1.55984,1.02918
781.5,-1.75235,1.19924,-1.753,1.08028
781.6,-1.77265,1.17973,-1.94809,1.11156
781.7,-1.75844,1.10677,-2.13359,1.11639
781.8,-1.69565,0.976552,-2.29401,-0.147925
781.9,-1.57548,0.792042,-2.41262,-0.332608
782,-1.39778,0.564375,-2.47586,0.186028
782.1,-1.17209,0.311333,-2.47792,-1.73304
782.2,-0.915207,0.0529373,-2.42285,-1.1173
782.3,-0.646443,-0.193693,-2.32313,-0.0728605
782.4,-0.383021,-0.417703,-2.19559,-0.016404
782.5,-0.137453,-0.615012,-2.05702,0.0457761
782.6,0.0828243,-0.786699,-1.92107,-0.326953
782.7,0.274422,-0.936665,-1.79699,-1.35891
782.8,0.436563,-1.06963,-1.68964,-0.45563
782.9,0.569842,-1.18982,-1.60025,0.709597
783,0.675373,-1.30038,-1.52729,0.774196
783.1,0.754329,-1.40312,-1.46733,0.817986
783.2,0.80777,-1.49857,-1.41574,0.846127
783.3,0.836684,-1.5861,-1.36728,0.860722
783.4,0.842154,-1.66418,-1.31663,0.86211
783.5,0.825601,-1.7306,-1.25895,0.849514
783.6,0.788993,-1.78293,-1.19025,0.821446
783.7,0.734966,-1.81892,-1.10782,0.775875
783.8,0.66678,-1.83705,-1.01043,0.71008
783.9,0.588082,-1.83689,-0.898332,0.619936
784,0.502525,-1.81939,-0.773023,0.497712
784.1,0.413325,-1.78685,-0.63688,0.178995
784.2,0.322886,-1.74277,-0.492663,-0.699051
784.3,0.232566,-1.69143,-0.343077,-0.0735616
784.4,0.142625,-1.63755,-0.190429,0.298611
784.5,0.0523224,-1.58588,-0.0364389,0.275482
784.6,-0.0398984,-1.54095,0.117806,-0.1847
784.7,-0.136214,-1.50694,0.271776,0.440417
784.8,-0.239269,-1.48757,0.425328,0.203879
784.9,-0.352101,-1.48615,0.57847,-0.376849
785,-0.478145,-1.50551,0.731042,0.349943
785.1,-0.621306,-1.54788,0.882291,0.568572
785.2,-0.786021,-1.61456,1.0303,0.727407
785.3,-0.977203,-1.70525,1.17117,0.863822
785.4,-1.19982,-1.81691,1.29785,0.987506
785.5,-1.45775,-1.94195,1.39875,1.09926
785.6,-1.75128,-2.06594,1.45632,1.19469
785.7,-2.07317,-2.16556,1.44675,1.26497
785.8,-2.40369,-2.209,1.34287,0.471527
785.9,-2.70815,-2.16198,1.12244,-0.163182
786,-2.94212,-2.00129,0.781134,-0.582564
786.1,-3.0669,-1.73058,0.342848,-3.23737
786.2,-3.06739,-1.38599,-0.143427,0.189215
786.3,-2.95786,-1.02364,-0.621151,0.462383
786.4,-2.77067,-0.697334,-1.04536,-0.79349
786.5,-2.53906,-0.442164,-1.39075,-2.2952
786.6,-2.28662,-0.270637,-1.64877,-3.01235
786.7,-2.02643,-0.177457,-1.8213,-1.25333
786.8,-1.76502,-0.146891,-1.91588,-1.14955
786.9,-1.50645,-0.159392,-1.9434,-1.64681
787,-1.25437,-0.196419,-1.91677,-1.2722
787.1,-1.0124,-0.243326,-1.84994,-0.360228
787.2,-0.783651,-0.290459,-1.75665,-0.903234
787.3,-0.570204,-0.332899,-1.64938,-3.74343
787.4,-0.372978,-0.369392,-1.53863,-0.343035
787.5,-0.191807,-0.401051,-1.43262,-0.60897
787.6,-0.0256913,-0.430199,-1.33739,0.0313256
787.7,0.126929,-0.459528,-1.25708,0.184648
787.8,0.267929,-0.491625,-1.19431,0.309849
787.9,0.399294,-0.528767,-1.15063,0.407344
788,0.522957,-0.572919,-1.12684,0.48484
788.1,0.640667,-0.625848,-1.12328,0.549979
788.2,0.753853,-0.68928,-1.13998,0.609232
788.3,0.863481,-0.76508,-1.17679,0.667873
788.4,0.969868,-0.855396,-1.23326,0.729789
788.5,1.07241,-0.962746,-1.30848,0.79714
788.6,1.1692,-1.08998,-1.40069,0.870131
788.7,1.25649,-1.24001,-1.5067,0.947009
788.8,1.32804,-1.41519,-1.62098,1.02423
788.9,1.37448,-1.6161,-1.7346,1.09655
789,1.38308,-1.83964,-1.83422,1.15699
789.1,1.33858,-2.07673,-1.90174,1.19655
789.2,1.22609,-2.31035,-1.916,0.172333
789.3,1.03631,-2.51597,-1.85728,-0.662777
789.4,0.771667,-2.66621,-1.71454,0.0314728
789.5,0.449576,-2.7394,-1.4921,0.273986
789.6,0.09924,-2.72803,-1.21083,0.225179
789.7,-0.247356,-2.64124,-0.901992,0.174812
789.8,-0.564799,-2.49988,-0.597306,-0.0854453
789.9,-0.838767,-2.32784,-0.321021,0.287136
790,-1.06505,-2.14512,-0.0871503,-2.53987
790.1,-1.24585,-1.96478,0.09926,-2.39004
790.2,-1.38611,-1.79322,0.239277,-3.03143
790.3,-1.49121,-1.63205,0.337413,-1.03565
790.4,-1.56593,-1.48013,0.399746,0.0501436
790.5,-1.6143,-1.33524,0.432776,-0.0284102
790.6,-1.63979,-1.19514,0.442774,0.0518067
790.7,-1.6456,-1.0581,0.435406,0.149292
790.8,-1.63491,-0.923066,0.415505,0.549625
790.9,-1.61096,-0.78961,0.386947,0.45614
791,-1.57709,-0.657714,0.352604,0.348539
791.1,-1.53663,-0.527555,0.314376,0.200923
791.2,-1.49283,-0.399308,0.273279,-0.0650672
791.3,-1.44876,-0.273001,0.229585,-0.134107
791.4,-1.40723,-0.148433,0.182962,-0.451282
791.5,-1.37082,-0.025145,0.132618,-1.37631
791.6,-1.34187,0.0975738,0.0774032,-1.03453
791.7,-1.32255,0.220638,0.0158763,-0.731111
791.8,-1.31496,0.345103,-0.0536757,-0.372131
791.9,-1.32121,0.472065,-0.133271,0.46149
792,-1.34348,0.602544,-0.225313,0.260601
792.1,-1.38406,0.73729,-0.332727,-0.188278
792.2,-1.4453,0.876515,-0.459131,0.414695
792.3,-1.52934,1.01943,-0.609033,0.610719
792.4,-1.63763,1.16355,-0.787972,0.770396
792.5,-1.76988,1.30349,-1.00244,0.915761
792.6,-1.92228,1.42931,-1.25921,1.05079
792.7,-2.08467,1.52419,-1.56341,1.17266
792.8,-2.2369,1.56226,-1.9145,1.2736
792.9,-2.34599,1.5086,-2.29953,1.23324
793,-2.36827,1.32541,-2.68593,0.121392
793.1,-2.26255,0.987776,-3.02038,-0.167074
793.2,-2.01433,0.504454,-3.24316,0.393757
793.3,-1.65583,-0.0733352,-3.31592,0.608526
793.4,-1.2598,-0.668978,-3.24133,0.0946056
793.5,-0.907221,-1.21149,-3.05499,-0.695622
793.6,-0.654889,-1.65499,-2.7998,-0.474199
793.7,-0.522829,-1.97914,-2.50785,-0.292671
793.8,-0.499547,-2.18148,-2.19851,-0.585827
793.9,-0.554815,-2.27119,-1.88474,-0.79448
794,-0.652729,-2.26536,-1.57795,0.409385
794.1,-0.761551,-2.1857,-1.28847,-0.52627
794.2,-0.858946,-2.0549,-1.02398,-0.784685
794.3,-0.932919,-1.89361,-0.788359,-0.0977744
794.4,-0.979963,-1.71863,-0.581899,-0.283255
794.5,-1.00218,-1.54244,-0.402499,-0.630715
794.6,-1.00459,-1.37367,-0.246932,-1.51317
794.7,-0.993149,-1.21781,-0.111771,-1.98215
794.8,-0.973473,-1.07797,0.00611584,-0.492833
794.9,-0.950256,-0.955605,0.109414,0.353468
795,-0.927044,-0.850975,0.200374,0.407536
795.1,-0.906283,-0.763574,0.280894,0.45014
795.2,-0.889486,-0.69243,0.352603,0.484868
795.3,-0.877449,-0.636317,0.416916,0.513536
795.4,-0.870458,-0.593922,0.475079,0.537171
795.5,-0.868464,-0.563949,0.52819,0.556537
795.6,-0.871233,-0.545186,0.577211,0.572361
795.7,-0.878444,-0.536547,0.622983,0.585417
795.8,-0.889773,-0.537084,0.666229,0.59653
795.9,-0.904938,-0.545991,0.707564,0.606562
796,-0.923742,-0.56259,0.747501,0.616391
796.1,-0.946089,-0.586316,0.78645,0.626869
796.2,-0.972,-0.61669,0.824717,0.638794
796.3,-1.00162,-0.653287,0.862494,0.652857
796.4,-1.0352,-0.695697,0.89985,0.669599
796.5,-1.07314,-0.743481,0.936699,0.689367
796.6,-1.11589,-0.796111,0.972777,0.712277
796.7,-1.16399,-0.852905,1.0076,0.738185
796.8,-1.21799,-0.912938,1.04039,0.766663
796.9,-1.27836,-0.974951,1.07007,0.796981
797,-1.34535,-1.03724,1.09517,0.828079
797.1,-1.41891,-1.09756,1.11381,0.858546
797.2,-1.4984,-1.15302,1.12369,0.886597
797.3,-1.58242,-1.20007,1.12222,0.910061
797.4,-1.66862,-1.23459,1.10665,0.92638
797.5,-1.75356,-1.25207,1.0744,0.932632
797.6,-1.83277,-1.24807,1.02352,0.925554
797.7,-1.90111,-1.21877,0.953211,0.901621
797.8,-1.95341,-1.16165,0.864174,0.856887
797.9,-1.98525,-1.07607,0.758843,0.786759
798,-1.99395,-0.963526,0.641127,-3.21885
798.1,-1.97914,-0.827498,0.515779,-0.864456
798.2,-1.94303,-0.672892,0.387513,-2.58587
798.3,-1.89007,-0.505213,0.260131,-1.21957
798.4,-1.82629,-0.329768,0.135928,-1.28141
798.5,-1.75848,-0.151059,0.0154901,-0.0964932
798.6,-1.69339,0.0275025,-0.102158,0.135829
798.7,-1.63726,0.203598,-0.219196,0.376972
798.8,-1.59539,0.375788,-0.338611,-1.88243
798.9,-1.57208,0.543156,-0.463868,0.185176
799,-1.5705,0.704865,-0.598706,0.471629
799.1,-1.59258,0.859637,-0.747048,0.645704
799.2,-1.63872,1.00513,-0.912915,0.781671
799.3,-1.7072,1.13717,-1.10024,0.899044
799.4,-1.79326,1.24889,-1.31229,1.00392
799.5,-1.88778,1.32974,-1.55053,1.09611
799.6,-1.97591,1.36504,-1.81243,1.17117
799.7,-2.03644,1.33669,-2.08862,1.22101
799.8,-2.04358,1.22653,-2.36018,0.637295
799.9,-1.97264,1.02291,-2.59867,-0.473933
800,-1.80961,0.72885,-2.77172,-0.525576
800.1,-1.56015,0.366505,-2.85408,-2.72683
800.2,-1.25091,-0.0272295,-2.83823,-0.416878
800.3,-0.920754,-0.412731,-2.73685,0.576204
800.4,-0.607217,-0.759467,-2.57536,0.582222
800.5,-0.336799,-1.05086,-2.38071,0.0177972
800.6,-0.12239,-1.28223,-2.17364,-0.317053
800.7,0.0342499,-1.4561,-1.96645,-2.46545
800.8,0.138456,-1.57812,-1.7646,-1.05531
800.9,0.199114,-1.65486,-1.56947,-0.892561
801,0.226178,-1.69298,-1.38073,-0.452102
801.1,0.2291,-1.69906,-1.19783,-0.108101
801.2,0.215921,-1.67962,-1.02059,-1.19475
801.3,0.19284,-1.64106,-0.849224,-1.14271
801.4,0.164136,-1.58954,-0.684181,-1.33945
801.5,0.132331,-1.53074,-0.525841,-1.39587
801.6,0.098507,-1.46974,-0.374336,-0.156108
801.7,0.0626761,-1.41086,-0.229438,-1.58146
801.8,0.0241197,-1.3577,-0.0905356,-0.171812
801.9,-0.0183378,-1.3132,0.0433266,-1.80068
802,-0.06615,-1.27975,0.173378,-0.669856
802.1,-0.120959,-1.25938,0.301025,-1.46023
802.2,-0.184586,-1.25387,0.427748,0.00671066
802.3,-0.259095,-1.26492,0.554982,0.0341659
802.4,-0.346902,-1.29427,0.683972,0.249477
802.5,-0.450942,-1.34365,0.815566,0.435497
802.6,-0.574855,-1.41476,0.949918,0.579281
802.7,-0.72316,-1.50892,1.086,0.712092
802.8,-0.901333,-1.6265,1.22081,0.84141
802.9,-1.11555,-1.76569,1.34822,0.967943
803,-1.37173,-1.9207,1.45719,1.08864
803.1,-1.67318,-2.07886,1.52977,1.19724
803.2,-2.01613,-2.21752,1.53958,1.28387
803.3,-2.38336,-2.30253,1.45324,0.74777
803.4,-2.73867,-2.29275,1.23844,0.0419008
803.5,-3.0295,-2.15491,0.879904,-0.10782
803.6,-3.20385,-1.88559,0.396311,0.538655
803.7,-3.23513,-1.52402,-0.157737,-0.224499
803.8,-3.1344,-1.13995,-0.711762,0.350403
803.9,-2.93807,-0.803543,-1.20605,-0.96513
804,-2.68505,-0.56043,-1.6049,-0.77936
804.1,-2.40289,-0.424573,-1.89436,-0.976105
804.2,-2.10743,-0.384567,-2.07483,-1.59793
804.3,-1.80858,-0.414602,-2.1557,-0.0402408
804.4,-1.51472,-0.48484,-2.1523,-0.900801
804.5,-1.23367,-0.569007,-2.08356,0.199075
804.6,-0.971753,-0.648431,-1.96933,0.198237
804.7,-0.732869,-0.71281,-1.82806,0.0966358
804.8,-0.518362,-0.758811,-1.67517,-0.184203
804.9,-0.327593,-0.787764,-1.52249,-1.80095
805,-0.158716,-0.803452,-1.37838,-0.575643
805.1,-0.00933189,-0.810436,-1.24826,-0.914673
805.2,0.123102,-0.813026,-1.13528,0.341445
805.3,0.241042,-0.814777,-1.04092,0.419612
805.4,0.346765,-0.818349,-0.965504,0.478712
805.5,0.442328,-0.825587,-0.90864,0.524937
805.6,0.529551,-0.837685,-0.869511,0.562252
805.7,0.61002,-0.855386,-0.84709,0.593507
805.8,0.685073,-0.879171,-0.840282,0.621018
805.9,0.755796,-0.909411,-0.847999,0.646828
806,0.823002,-0.946487,-0.869184,0.67278
806.1,0.887208,-0.990875,-0.902789,0.70046
806.2,0.948579,-1.04319,-0.947717,0.731076
806.3,1.00687,-1.10419,-1.00272,0.765314
806.4,1.06133,-1.17474,-1.06626,0.803224
806.5,1.11057,-1.25566,-1.1363,0.844154
806.6,1.15246,-1.34761,-1.21013,0.886728
806.7,1.184,-1.45068,-1.28404,0.928849
806.8,1.20129,-1.56402,-1.35314,0.967702
806.9,1.19966,-1.68534,-1.41122,0.999763
807,1.17407,-1.81036,-1.45089,1.0208
807.1,1.11992,-1.93258,-1.46409,1.0259
807.2,1.03412,-2.04343,-1.44315,1.00951
807.3,0.916411,-2.1333,-1.3823,0.970382
807.4,0.770175,-2.19321,-1.27919,0.412698
807.5,0.602416,-2.217,-1.13593,-2.32205
807.6,0.422521,-2.20299,-0.958922,-1.98545
807.7,0.240184,-2.15459,-0.757633,-0.992598
807.8,0.0633077,-2.07955,-0.542564,-0.748926
807.9,-0.103345,-1.98819,-0.32341,-1.90274
808,-0.258406,-1.89144,-0.10787,-0.373118
808.1,-0.403292,-1.79924,0.0986959,0.0054001
808.2,-0.541198,-1.7196,0.292971,-1.97842
808.3,-0.676122,-1.6582,0.473062,0.417781
808.4,-0.812146,-1.61835,0.637784,0.593119
808.5,-0.952989,-1.60109,0.785983,0.719174
808.6,-1.10173,-1.60527,0.915937,0.819176
808.7,-1.26053,-1.62743,1.02485,0.903107
808.8,-1.43025,-1.66161,1.10847,0.97462
808.9,-1.60976,-1.69909,1.16095,1.03349
809,-1.79507,-1.72841,1.17514,1.07672
809.1,-1.97844,-1.73589,1.14361,1.09917
809.2,-2.14813,-1.70733,1.06056,-0.294745
809.3,-2.28945,-1.6308,0.924378,-1.03455
809.4,-2.3877,-1.50001,0.739993,-0.202295
809.5,-2.43218,-1.31691,0.519401,-4.38822
809.6,-2.41987,-1.09175,0.279572,0.0952729
809.7,-2.35655,-0.840417,0.0382527,-0.910346
809.8,-2.25492,-0.580141,-0.190307,0.0396249
809.9,-2.13088,-0.32579,-0.397765,-0.476539
810,-1.99979,-0.0879777,-0.58169,-1.13872
810.1,-1.87398,0.127011,-0.743937,-0.58198
810.2,-1.76179,0.316242,-0.888583,0.119112
810.3,-1.66762,0.478886,-1.02023,0.61586
810.4,-1.59253,0.615144,-1.14292,0.715075
810.5,-1.53493,0.725516,-1.25961,0.785472
810.6,-1.4913,0.810379,-1.37196,0.836586
810.7,-1.45669,0.869839,-1.48031,0.873078
810.8,-1.42525,0.903795,-1.58371,0.896614
810.9,-1.39076,0.912173,-1.68003,0.906994
811,-1.34715,0.895281,-1.76614,0.90281
811.1,-1.28911,0.854214,-1.83828,0.881877
811.2,-1.21275,0.79117,-1.89266,0.841446
811.3,-1.11606,0.709558,-1.92613,0.778155
811.4,-0.999071,0.613799,-1.93691,-2.53811
811.5,-0.863784,0.508798,-1.92513,-0.988665
811.6,-0.713604,0.399247,-1.893,-0.455257
811.7,-0.552668,0.288932,-1.84457,-0.320669
811.8,-0.385127,0.180259,-1.78524,-1.4581
811.9,-0.2146,0.0740833,-1.72107,-1.32386
812,-0.0438621,-0.0301725,-1.6582,-0.0484351
812.1,0.125224,-0.134226,-1.60234,-0.0174593
812.2,0.291586,-0.240598,-1.55854,-1.51399
812.3,0.454695,-0.352324,-1.53108,-0.28988
812.4,0.614227,-0.472786,-1.52338,0.274284
812.5,0.769658,-0.605638,-1.53802,0.512034
812.6,0.919758,-0.754813,-1.57654,0.672601
812.7,1.06196,-0.924493,-1.63905,0.804773
812.8,1.19153,-1.11889,-1.72356,0.922519
812.9,1.30052,-1.34158,-1.82475,1.02946
813,1.37671,-1.59405,-1.93244,1.12382
813.1,1.40301,-1.8731,-2.02987,1.19977
813.2,1.35848,-2.16734,-2.09311,1.24772
813.3,1.22264,-2.45414,-2.09341,0.34914
813.4,0.98375,-2.70026,-2.00465,0.538312
813.5,0.648343,-2.86963,-1.81503,-0.687936
813.6,0.245174,-2.93689,-1.53672,-0.533503
813.7,-0.182085,-2.89863,-1.20495,0.154085
813.8,-0.589883,-2.77324,-0.86528,0.37511
813.9,-0.947172,-2.59005,-0.55767,-0.562593
814,-1.23869,-2.37672,-0.307063,-1.00609
814.1,-1.46131,-2.15241,-0.122502,-1.05194
814.2,-1.61867,-1.92738,-0.0011545,-2.3365
814.3,-1.71747,-1.70584,0.0667065,-1.04644
814.4,-1.76567,-1.48919,0.0936256,-0.818101
814.5,-1.77182,-1.27812,0.0921398,-0.503165
814.6,-1.74479,-1.07351,0.0730441,-0.252064
814.7,-1.69347,-0.876544,0.0445256,-2.18853
814.8,-1.6264,-0.688371,0.0119744,-0.764259
814.9,-1.55129,-0.509832,-0.0217296,-2.48739
815,-1.47481,-0.341241,-0.0556703,-0.180716
815.1,-1.40243,-0.182334,-0.0902815,-0.626898
815.2,-1.33843,-0.032316,-0.126804,-0.0724057
815.3,-1.28609,0.110028,-0.166884,-0.379569
815.4,-1.24788,0.246203,-0.212335,-0.415682
815.5,-1.22568,0.377859,-0.265036,0.0219396
815.6,-1.22103,0.506656,-0.326939,0.24304
815.7,-1.23525,0.634118,-0.400166,0.37595
815.8,-1.26958,0.761463,-0.487149,0.48477
815.9,-1.32518,0.889379,-0.590805,0.587027
816,-1.40291,1.01768,-0.714714,0.690288
816.1,-1.50303,1.14478,-0.863231,0.797215
816.2,-1.62442,1.2669,-1.04141,0.907205
816.3,-1.76331,1.37686,-1.25451,1.01717
816.4,-1.91143,1.46257,-1.50665,1.12175
816.5,-2.05347,1.50553,-1.79807,1.21311
816.6,-2.16507,1.48055,-2.12073,1.2802
816.7,-2.21327,1.35901,-2.45308,-0.111479
816.8,-2.16337,1.11798,-2.75773,0.596763
816.9,-1.99356,0.754287,-2.98775,-0.114675
817,-1.71137,0.294774,-3.10379,0.364298
817.1,-1.35805,-0.208245,-3.0926,-0.068295
817.2,-0.993683,-0.696429,-2.97132,-0.192562
817.3,-0.673349,-1.12489,-2.77417,0.118022
817.4,-0.43097,-1.46926,-2.53438,-0.960573
817.5,-0.276578,-1.72197,-2.27463,-3.72707
817.6,-0.20207,-1.88565,-2.00718,-1.28917
817.7,-0.189204,-1.96868,-1.73843,-0.446021
817.8,-0.216602,-1.98299,-1.47295,-4.52588
817.9,-0.264772,-1.94274,-1.21509,-0.410241
818,-0.31895,-1.863,-0.968982,-0.289448
818.1,-0.369975,-1.75835,-0.737922,-0.677715
818.2,-0.413719,-1.64174,-0.523895,-1.59374
818.3,-0.449755,-1.52376,-0.327538,-1.59318
818.4,-0.479882,-1.4125,-0.148367,-2.80576
818.5,-0.506904,-1.31367,0.0149043,0.121028
818.6,-0.533798,-1.23104,0.164048,0.260491
818.7,-0.563267,-1.16686,0.301072,0.369277
818.8,-0.59759,-1.1223,0.428025,0.453759
818.9,-0.638652,-1.09782,0.546851,0.521552
819,-0.688082,-1.09344,0.65927,0.579194
819.1,-0.747421,-1.10888,0.766664,0.632132
819.2,-0.8183,-1.14368,0.869953,0.684828
819.3,-0.902568,-1.19708,0.969435,0.740605
819.4,-1.00237,-1.2679,1.06456,0.801342
819.5,-1.12008,-1.3542,1.1536,0.867234
819.6,-1.25808,-1.45274,1.23325,0.936757
819.7,-1.41818,-1.55828,1.29807,1.00676
819.8,-1.6006,-1.66273,1.34009,1.07258
819.9,-1.80249,-1.75437,1.34861,1.12796
820,-2.01605,-1.81767,1.31098,1.16503
820.1,-2.22704,-1.83457,1.21484,1.17483
820.2,-2.41509,-1.78793,1.05212,-0.901639
820.3,-2.55706,-1.66705,0.823816,-0.214994
820.4,-2.63353,-1.47302,0.542804,-1.67707
820.5,-2.63581,-1.22052,0.23211,-0.251029
820.6,-2.56902,-0.93405,-0.0816188,-0.813942
820.7,-2.44945,-0.640549,-0.375787,0.445716
820.8,-2.29815,-0.362583,-0.636506,-0.428427
820.9,-2.13462,-0.115069,-0.858825,-0.0635345
821,-1.97315,0.094549,-1.04407,0.084093
821.1,-1.82203,0.264364,-1.19664,-2.07261
821.2,-1.68441,0.395838,-1.32152,-0.502298
821.3,-1.55984,0.492165,-1.42305,-2.07695
821.4,-1.44578,0.557268,-1.5044,-3.3576
821.5,-1.33879,0.595277,-1.56767,0.755334
821.6,-1.23538,0.610298,-1.61418,0.742207
821.7,-1.13256,0.606311,-1.64485,0.713544
821.8,-1.02812,0.587089,-1.6605,0.669965
821.9,-0.920708,0.556112,-1.66217,0.610973
822,-0.809768,0.516456,-1.65128,0.534599
822.1,-0.695368,0.470677,-1.62966,0.435941
822.2,-0.577975,0.420717,-1.59956,0.302052
822.3,-0.458232,0.367852,-1.56354,0.085303
822.4,-0.336761,0.312694,-1.52435,-0.372758
822.5,-0.214017,0.255237,-1.48479,0.342489
822.6,-0.0902022,0.194938,-1.44764,-0.187526
822.7,0.0347732,0.130797,-1.41559,0.475624
822.8,0.161273,0.061431,-1.39125,0.440405
822.9,0.289886,-0.0148842,-1.37713,0.506739
823,0.421331,-0.100215,-1.37576,0.547998
823.1,0.556331,-0.197021,-1.38967,0.52739
823.2,0.695422,-0.308255,-1.42145,0.232653
823.3,0.838666,-0.437517,-1.47369,0.339702
823.4,0.98521,-0.589232,-1.54875,0.577959
823.5,1.13258,-0.768783,-1.64825,0.750138
823.6,1.2756,-0.98245,-1.77213,0.900388
823.7,1.40471,-1.2368,-1.91694,1.03744
823.8,1.50382,-1.53693,-2.07313,1.16038
823.9,1.54821,-1.88267,-2.2216,1.26257
824,1.50432,-2.26226,-2.33076,1.33228
824.1,1.33527,-2.6453,-2.35828,-0.00311517
824.2,1.01546,-2.98099,-2.26291,-0.0371156
824.3,0.550673,-3.2108,-2.02741,-0.181013
824.4,-0.0120288,-3.2948,-1.67897,0.227797
824.5,-0.598882,-3.2322,-1.28568,-0.199991
824.6,-1.13925,-3.05595,-0.926818,-0.00924505
824.7,-1.58611,-2.8085,-0.660714,-1.0042
824.8,-1.91775,-2.5227,-0.51066,-0.374869
824.9,-2.13054,-2.21848,-0.468746,-0.597482
825,-2.23242,-1.90847,-0.507696,-0.374185
825.1,-2.23914,-1.60331,-0.593425,-0.380942
825.2,-2.1712,-1.31281,-0.694784,-0.691364
825.3,-2.05061,-1.04471,-0.789085,-0.582726
825.4,-1.89782,-0.803423,-0.863497,0.0666492
825.5,-1.72986,-0.590027,-0.913582,-0.30526
825.6,-1.55964,-0.403153,-0.94064,-1.45718
825.7,-1.39622,-0.240122,-0.949075,-0.773898
825.8,-1.24547,-0.097838,-0.944381,-2.04169
825.9,-1.11078,0.0266902,-0.931868,-2.19671
826,-0.993789,0.136141,-0.916005,0.36904
826.1,-0.894884,0.232843,-0.900188,0.425893
826.2,-0.813652,0.318811,-0.886774,0.470079
826.3,-0.749189,0.395796,-0.877239,0.505506
826.4,-0.700337,0.465334,-0.872386,0.534381
826.5,-0.665845,0.528766,-0.872552,0.558143
826.6,-0.644485,0.587266,-0.877777,0.577938
826.7,-0.635109,0.641847,-0.887952,0.594834
826.8,-0.636689,0.693371,-0.902917,0.609904
826.9,-0.648325,0.742556,-0.922544,0.624233
827,-0.669233,0.78997,-0.946787,0.638893
827.1,-0.698723,0.836034,-0.975717,0.654895
827.2,-0.736162,0.881003,-1.00954,0.673117
827.3,-0.78092,0.924945,-1.0486,0.694231
827.4,-0.832309,0.967705,-1.09338,0.718638
827.5,-0.889498,1.00886,-1.14446,0.746403
827.6,-0.951412,1.04766,-1.20246,0.777218
827.7,-1.01661,1.08295,-1.26796,0.810374
827.8,-1.08315,1.11309,-1.34136,0.844737
827.9,-1.14845,1.13596,-1.42266,0.878731
828,-1.20913,1.14884,-1.51125,0.91032
828.1,-1.26102,1.14863,-1.60559,0.936988
828.2,-1.29915,1.13195,-1.70291,0.955755
828.3,-1.31809,1.09564,-1.79911,0.963186
828.4,-1.31247,1.03731,-1.88875,0.955438
828.5,-1.27772,0.956015,-1.96554,0.928287
828.6,-1.21101,0.852845,-2.02312,0.877028
828.7,-1.11196,0.731112,-2.0563,-4.62969
828.8,-0.98295,0.595986,-2.06214,-1.38648
828.9,-0.828799,0.453574,-2.04076,-0.67114
829,-0.655899,0.309703,-1.99546,-0.493478
829.1,-0.471102,0.168819,-1.93217,-0.677543
829.2,-0.280707,0.0333376,-1.8584,-0.964506
829.3,-0.0898105,-0.0964565,-1.78217,-5.09457
829.4,0.0979137,-0.222066,-1.71109,-2.38294
829.5,0.28008,-0.346242,-1.65173,-0.993914
829.6,0.455229,-0.472448,-1.60935,0.133908
829.7,0.622347,-0.604468,-1.58776,0.436534
829.8,0.780326,-0.746162,-1.58928,0.614898
829.9,0.927368,-0.901329,-1.61458,0.749365
830,1.06034,-1.07353,-1.66233,0.862454
830.1,1.17403,-1.26571,-1.72858,0.962211
830.2,1.26047,-1.47935,-1.80586,1.05011
830.3,1.30843,-1.71301,-1.88214,1.12344
830.4,1.30385,-1.96023,-1.94034,1.17612
830.5,1.23188,-2.20733,-1.95912,-1.72871
830.6,1.08129,-2.4328,-1.91651,0.494256
830.7,0.850529,-2.61015,-1.79643,-0.52695
830.8,0.552427,-2.71532,-1.59622,-1.4918
830.9,0.213407,-2.73561,-1.33027,0.186546
831,-0.133882,-2.67479,-1.02644,-1.41359
831.1,-0.460506,-2.55061,-0.716768,-0.217991
831.2,-0.747802,-2.38693,-0.428278,-0.431812
831.3,-0.988146,-2.20577,-0.178303,-0.226725
831.4,-1.18184,-2.02287,0.0254417,-0.0847919
831.5,-1.3332,-1.84703,0.182336,-2.01546
831.6,-1.44771,-1.68152,0.296005,-3.64463
831.7,-1.53055,-1.52616,0.372149,-0.368255
831.8,-1.58613,-1.37912,0.41717,0.0764757
831.9,-1.6182,-1.23819,0.437376,-2.70824
832,-1.63009,-1.10142,0.43855,-0.0430026
832.1,-1.62498,-0.967516,0.425694,0.563268
832.2,-1.60601,-0.835741,0.402898,0.490773
832.3,-1.57639,-0.705846,0.373285,0.397372
832.4,-1.53931,-0.577843,0.339027,0.274805
832.5,-1.49791,-0.451819,0.30142,0.089169
832.6,-1.45515,-0.327776,0.261003,0.27391
832.7,-1.41379,-0.205541,0.217692,0.159461
832.8,-1.37635,-0.0847043,0.170916,-0.540661
832.9,-1.34511,0.0353766,0.119727,-0.857996
833,-1.32222,0.155558,0.0628725,0.228442
833.1,-1.30969,0.276859,-0.00116768,-0.153355
833.2,-1.30955,0.400385,-0.0741945,-1.03063
833.3,-1.32389,0.527233,-0.158349,0.532187
833.4,-1.35496,0.658347,-0.256218,-0.456452
833.5,-1.40509,0.794309,-0.370992,0.195761
833.6,-1.47664,0.934998,-0.506653,0.490015
833.7,-1.57167,1.07905,-0.668168,0.671443
833.8,-1.69117,1.22298,-0.861581,0.827083
833.9,-1.83383,1.35976,-1.09376,0.970341
834,-1.99378,1.47686,-1.37132,1.10239
834.1,-2.15729,1.55375,-1.69795,1.21849
834.2,-2.29899,1.56013,-2.06915,1.30883
834.3,-2.38028,1.45788,-2.46464,-0.0918969
834.4,-2.35532,1.21103,-2.84223,0.281953
834.5,-2.18982,0.805452,-3.14211,-0.232594
834.6,-1.88716,0.267895,-3.30856,-0.707859
834.7,-1.50019,-0.335203,-3.3186,0.287301
834.8,-1.11172,-0.924216,-3.19141,0.123436
834.9,-0.797382,-1.436,-2.96952,-0.686762
835,-0.599522,-1.83518,-2.6931,-0.724311
835.1,-0.523113,-2.10949,-2.38878,-0.530072
835.2,-0.545767,-2.26204,-2.07291,-0.497002
835.3,-0.631833,-2.30621,-1.75818,-2.71615
835.4,-0.744899,-2.26219,-1.45636,0.486562
835.5,-0.856035,-2.15325,-1.17728,-0.77164
835.6,-0.947081,-2.00204,-0.927027,-1.32593
835.7,-1.01003,-1.82793,-0.707506,-1.43581
835.8,-1.04439,-1.64591,-0.51732,-0.404842
835.9,-1.05415,-1.46669,-0.353254,-1.32731
836,-1.0453,-1.29737,-0.211536,-5.8558
836.1,-1.02413,-1.1423,-0.0886062,-0.7048
836.2,-0.996245,-1.00378,0.0185648,0.291122
836.3,-0.966137,-0.882691,0.112449,0.354577
836.4,-0.937093,-0.778918,0.195054,0.403149
836.5,-0.911296,-0.691714,0.268048,0.442757
836.6,-0.890029,-0.619949,0.332849,0.475952
836.7,-0.873889,-0.562302,0.390698,0.503835
836.8,-0.862994,-0.517395,0.44269,0.526947
836.9,-0.857155,-0.483889,0.489796,0.545719
837,-0.856007,-0.46054,0.532877,0.560637
837.1,-0.859104,-0.446231,0.572687,0.572278
837.2,-0.865991,-0.439991,0.609884,0.58129
837.3,-0.876246,-0.440989,0.645039,0.588365
837.4,-0.889508,-0.448532,0.678638,0.594213
837.5,-0.905495,-0.462048,0.711095,0.599547
837.6,-0.924014,-0.481073,0.742756,0.605058
837.7,-0.944963,-0.505232,0.773898,0.611403
837.8,-0.968334,-0.534215,0.804734,0.619179
837.9,-0.994214,-0.567758,0.835405,0.628898
838,-1.02278,-0.605616,0.865977,0.640961
838.1,-1.05428,-0.647531,0.896421,0.655638
838.2,-1.08906,-0.693203,0.926601,0.673046
838.3,-1.1275,-0.742243,0.956245,0.69314
838.4,-1.17003,-0.794126,0.984922,0.715695
838.5,-1.21704,-0.848135,1.012,0.740298
838.6,-1.26887,-0.903293,1.03662,0.766328
838.7,-1.32571,-0.958296,1.05766,0.792937
838.8,-1.38749,-1.01144,1.07372,0.819033
838.9,-1.45374,-1.06059,1.08311,0.843251
839,-1.52349,-1.10312,1.08393,0.863945
839.1,-1.59511,-1.13599,1.07418,0.879186
839.2,-1.66622,-1.15586,1.05192,0.886771
839.3,-1.73375,-1.15935,1.01557,0.884252
839.4,-1.79405,-1.14336,0.964198,0.868956
839.5,-1.84328,-1.10551,0.897807,0.837979
839.6,-1.87789,-1.04453,0.817527,0.788043
839.7,-1.89522,-0.960549,0.725573,0.71506
839.8,-1.89399,-0.855176,0.624975,0.61285
839.9,-1.87469,-0.731254,0.51908,0.4693
840,-1.83955,-0.59245,0.410981,-1.52286
840.1,-1.79232,-0.442714,0.302991,-3.76419
840.2,-1.73782,-0.285771,0.196313,0.249384
840.3,-1.68136,-0.124752,0.0909469,-1.05351
840.4,-1.62832,0.0379904,-0.0142106,-1.18289
840.5,-1.58381,0.200876,-0.121154,-1.01363
840.6,-1.55241,0.362958,-0.232535,0.00313454
840.7,-1.53811,0.523661,-0.35149,-1.54802
840.8,-1.54423,0.682437,-0.481546,0.312132
840.9,-1.57329,0.838319,-0.626613,0.552363
841,-1.62668,0.989343,-0.790994,0.716545
841.1,-1.70415,1.13176,-0.979308,0.853012
841.2,-1.8027,1.25901,-1.19609,0.974421
841.3,-1.91506,1.36046,-1.44474,1.08304
841.4,-2.02768,1.4202,-1.72538,1.17553
841.5,-2.11905,1.41689,-2.03133,1.24409
841.6,-2.16,1.32629,-2.34492,-0.148935
841.7,-2.11889,1.12831,-2.63524,0.315026
841.8,-1.97303,0.818124,-2.86229,0.503259
841.9,-1.72257,0.41546,-2.98998,-1.86649
842,-1.39645,-0.0370665,-3.00201,-0.0720913
842.1,-1.04334,-0.488341,-2.90859,-0.268571
842.2,-0.712787,-0.896008,-2.7383,-0.499191
842.3,-0.439867,-1.2351,-2.52297,-0.609832
842.4,-0.240266,-1.49652,-2.28684,-1.6932
842.5,-0.113434,-1.68129,-2.04399,-1.57954
842.6,-0.0486115,-1.79564,-1.80104,-1.56158
842.7,-0.0304282,-1.84844,-1.56109,-0.538294
842.8,-0.0430781,-1.85008,-1.32624,-0.54127
842.9,-0.0729838,-1.81178,-1.09872,-2.42322
843,-0.11013,-1.74498,-0.880761,-0.619078
843.1,-0.148316,-1.66053,-0.674287,-2.26238
843.2,-0.184659,-1.56809,-0.480504,-1.83112
843.3,-0.218732,-1.47572,-0.299792,-0.370109
843.4,-0.25165,-1.38974,-0.131743,-0.558719
843.5,-0.285308,-1.31489,0.0246874,-0.12221
843.6,-0.321865,-1.25451,0.170988,0.0667697
843.7,-0.363458,-1.2109,0.308907,0.224557
843.8,-0.412118,-1.18561,0.440279,0.34322
843.9,-0.469802,-1.17972,0.566868,0.436616
844,-0.538523,-1.19401,0.690224,0.516732
844.1,-0.620509,-1.22909,0.811502,0.592398
844.2,-0.71838,-1.28534,0.931257,0.669749
844.3,-0.835284,-1.36276,1.04911,0.75229
844.4,-0.974945,-1.46057,1.1633,0.840884
844.5,-1.14148,-1.57651,1.26993,0.933971
844.6,-1.33882,-1.70571,1.36209,1.02787
844.7,-1.56929,-1.83918,1.42868,1.11694
844.8,-1.83126,-1.96199,1.45359,1.19339
844.9,-2.1156,-2.05218,1.41615,1.24682
845,-2.40216,-2.0821,1.29446,-0.506499
845.1,-2.65914,-2.02447,1.07292,0.277107
845.2,-2.84905,-1.86342,0.752148,-0.387315
845.3,-2.94168,-1.60563,0.355315,-2.37795
845.4,-2.92724,-1.28256,-0.0763007,-2.29968
845.5,-2.81944,-0.939923,-0.497515,0.140454
845.6,-2.64635,-0.621152,-0.873409,0.119738
845.7,-2.43707,-0.355749,-1.185,-0.181488
845.8,-2.21304,-0.156534,-1.4267,-1.75806
845.9,-1.98634,-0.0229985,-1.60093,-2.63244
846,-1.7622,0.0535915,-1.71389,-1.31344
846.1,-1.54238,0.0857396,-1.77333,-0.804237
846.2,-1.32768,0.0865209,-1.7878,-0.344864
846.3,-1.11903,0.0675415,-1.76628,-0.951081
846.4,-0.917687,0.0378403,-1.71794,-0.957888
846.5,-0.724977,0.0035452,-1.65167,-0.629101
846.6,-0.541932,-0.0319202,-1.57563,-0.90686
846.7,-0.369053,-0.0673022,-1.49697,-1.36407
846.8,-0.206227,-0.102871,-1.42155,-0.636681
846.9,-0.0527731,-0.139826,-1.35403,-0.769066
847,0.0924556,-0.179843,-1.29794,-0.652555
847.1,0.230926,-0.224786,-1.25595,-1.30233
847.2,0.364279,-0.276581,-1.23004,0.0545425
847.3,0.494182,-0.337204,-1.22178,0.253475
847.4,0.622186,-0.408766,-1.2325,0.381911
847.5,0.749549,-0.493646,-1.26338,0.487667
847.6,0.877021,-0.594666,-1.31551,0.586851
847.7,1.00452,-0.715268,-1.3897,0.686955
847.8,1.13065,-0.859624,-1.48615,0.790842
847.9,1.25192,-1.03259,-1.60379,0.898148
848,1.36167,-1.23924,-1.7391,1.006
848.1,1.44861,-1.48368,-1.88429,1.10931
848.2,1.49539,-1.76652,-2.02507,1.20056
848.3,1.47821,-2.08077,-2.1385,1.26923
848.4,1.36952,-2.40687,-2.19318,0.310267
848.5,1.14624,-2.70999,-2.15511,0.593086
848.6,0.802823,-2.94508,-2.00101,0.485266
848.7,0.361995,-3.07229,-1.73428,-0.122751
848.8,-0.127829,-3.07528,-1.39103,0.366346
848.9,-0.609963,-2.96749,-1.028,0.254875
849,-1.0389,-2.78113,-0.700013,-0.544429
849.1,-1.38881,-2.54963,-0.443153,-1.32934
849.2,-1.65079,-2.29684,-0.270608,-1.75374
849.3,-1.82651,-2.03597,-0.177368,-0.96446
849.4,-1.92341,-1.77361,-0.147665,-1.08108
849.5,-1.95233,-1.51384,-0.161708,-0.390843
849.6,-1.92628,-1.26041,-0.200631,-1.67898
849.7,-1.85932,-1.01704,-0.249478,-1.99651
849.8,-1.76535,-0.78693,-0.298368,-3.2451
849.9,-1.65705,-0.572261,-0.342248,-1.67401
850,-1.54507,-0.373996,-0.379824,-0.379836
850.1,-1.43777,-0.191991,-0.412227,-2.0106
850.2,-1.34127,-0.0252495,-0.441824,0.0378279
850.3,-1.25975,0.127792,-0.471368,0.191212
850.4,-1.19587,0.269016,-0.503491,0.315637
850.5,-1.15116,0.400412,-0.540506,0.412395
850.6,-1.12641,0.523916,-0.584398,0.4893
850.7,-1.12192,0.641276,-0.636934,0.553922
850.8,-1.13768,0.753916,-0.699825,0.61263
850.9,-1.17349,0.862804,-0.774902,0.670598
851,-1.22882,0.968255,-0.864263,0.731646
851.1,-1.30271,1.06968,-0.970351,0.797915
851.2,-1.39336,1.16521,-1.09592,0.869638
851.3,-1.49755,1.25118,-1.24377,0.945134
851.4,-1.60979,1.32151,-1.41613,1.02095
851.5,-1.7213,1.36712,-1.61348,1.09198
851.6,-1.81903,1.3757,-1.83277,1.15137
851.7,-1.88544,1.33253,-2.06515,1.19036
851.8,-1.89995,1.22327,-2.29417,-0.797799
851.9,-1.84341,1.03892,-2.49614,0.531238
852,-1.70486,0.781614,-2.64458,-0.976863
852.1,-1.48791,0.467851,-2.7183,-0.828732
852.2,-1.21214,0.125556,-2.70955,-0.696868
852.3,-0.907436,-0.214387,-2.62665,0.191412
852.4,-0.604532,-0.527145,-2.48955,-0.152505
852.5,-0.327379,-0.7985,-2.32164,-1.23997
852.6,-0.0902223,-1.02412,-2.14285,-0.265067
852.7,0.101351,-1.20605,-1.96652,-0.0717729
852.8,0.24775,-1.34914,-1.79941,-0.0212271
852.9,0.352814,-1.45864,-1.64336,-3.75606
853,0.422002,-1.5392,-1.49729,-0.669074
853.1,0.461283,-1.59457,-1.35883,-0.37142
853.2,0.476528,-1.62787,-1.22542,-0.0142738
853.3,0.47316,-1.64183,-1.09496,0.032279
853.4,0.455945,-1.63912,-0.96604,0.580392
853.5,0.42885,-1.6225,-0.837939,0.505702
853.6,0.394967,-1.59488,-0.710469,0.41056
853.7,0.356499,-1.5593,-0.583759,0.284931
853.8,0.314797,-1.5188,-0.458044,0.0927698
853.9,0.270451,-1.47638,-0.333495,-0.070616
854,0.223412,-1.43486,-0.210102,-0.989793
854.1,0.173116,-1.39688,-0.0876139,0.453525
854.2,0.118593,-1.36488,0.0344753,0.155206
854.3,0.0585471,-1.34112,0.156904,0.21546
854.4,-0.00860565,-1.32778,0.280591,-0.201072
854.5,-0.0847425,-1.32701,0.406555,0.497517
854.6,-0.172092,-1.34102,0.535808,0.507331
854.7,-0.273339,-1.37213,0.6692,-1.95711
854.8,-0.391781,-1.42275,0.807188,0.254137
854.9,-0.531515,-1.49522,0.949473,0.518553
855,-0.697619,-1.59146,1.09442,0.6954
855.1,-0.896203,-1.7122,1.2381,0.848711
855.2,-1.13407,-1.85558,1.37286,0.989817
855.3,-1.41748,-2.01474,1.48525,1.11914
855.4,-1.74915,-2.17455,1.5536,1.23135
855.5,-2.12271,-2.30792,1.5467,1.31602
855.6,-2.51516,-2.37505,1.42654,0.6921
855.7,-2.88174,-2.33096,1.15969,0.185455
855.8,-3.16249,-2.14565,0.737326,-0.225575
855.9,-3.30565,-1.82913,0.192139,-0.191889
856,-3.29455,-1.43901,-0.406787,-0.0387334
856.1,-3.15279,-1.05765,-0.982006,-2.02197
856.2,-2.92329,-0.755912,-1.47503,-2.91956
856.3,-2.64425,-0.570605,-1.85467,-4.16911
856.4,-2.34025,-0.502884,-2.11134,-0.0585839
856.5,-2.0264,-0.528945,-2.2496,0.0911311
856.6,-1.71464,-0.613668,-2.28349,-0.205433
856.7,-1.41605,-0.722275,-2.23322,-0.199789
856.8,-1.13979,-0.827736,-2.12161,-0.207462
856.9,-0.891461,-0.91349,-1.97064,-0.44032
857,-0.672787,-0.97258,-1.79898,-2.06034
857.1,-0.482477,-1.00502,-1.62104,-1.89878
857.2,-0.317574,-1.01488,-1.44707,-0.737387
857.3,-0.174591,-1.00798,-1.28386,-0.648216
857.4,-0.0501885,-0.990242,-1.13548,-0.817377
857.5,0.0585357,-0.966897,-1.00405,0.319696
857.6,0.154013,-0.942056,-0.890294,0.38077
857.7,0.238274,-0.918678,-0.794016,0.427873
857.8,0.313039,-0.898696,-0.714413,0.465916
857.9,0.379793,-0.883216,-0.650344,0.497318
858,0.439837,-0.872733,-0.600511,0.523312
858.1,0.494318,-0.867323,-0.563586,0.544678
858.2,0.544248,-0.866807,-0.538303,0.562086
858.3,0.590513,-0.870874,-0.523499,0.576234
858.4,0.633884,-0.879165,-0.51815,0.587882
858.5,0.675025,-0.891345,-0.521373,0.59784
858.6,0.714498,-0.907137,-0.532424,0.606948
858.7,0.752769,-0.926352,-0.550684,0.616047
858.8,0.79021,-0.948909,-0.575639,0.625953
858.9,0.827094,-0.974839,-0.606855,0.637413
859,0.86359,-1.00429,-0.643944,0.651072
859.1,0.899745,-1.03753,-0.686532,0.667423
859.2,0.935466,-1.07494,-0.73421,0.686775
859.3,0.970485,-1.11697,-0.786482,0.709215
859.4,1.00432,-1.16414,-0.842698,0.734585
859.5,1.03624,-1.21698,-0.901976,0.762464
859.6,1.06518,-1.27595,-0.963113,0.792139
859.7,1.08973,-1.3413,-1.02448,0.822591
859.8,1.10811,-1.41297,-1.08392,0.852461
859.9,1.11811,-1.49038,-1.13869,0.88004
860,1.11724,-1.57222,-1.1854,0.903245
860.1,1.10288,-1.65625,-1.22008,0.919621
860.2,1.07253,-1.73924,-1.23844,0.926365
860.3,1.02428,-1.81696,-1.23616,0.920348
860.4,0.957258,-1.8845,-1.20953,0.898165
860.5,0.87201,-1.93688,-1.15598,0.856064
860.6,0.770713,-1.96977,-1.07471,0.789685
860.7,0.656978,-1.98042,-0.966937,0.695953
860.8,0.535284,-1.96824,-0.835794,-3.6329
860.9,0.410163,-1.93508,-0.685849,-0.359481
861,0.28536,-1.88501,-0.52234,-0.142265
861.1,0.163239,-1.82369,-0.350402,-1.2229
861.2,0.0445358,-1.75764,-0.174473,-0.434088
861.3,-0.0715405,-1.69346,0.00203146,-1.51953
861.4,-0.186993,-1.63729,0.176752,-0.439963
861.5,-0.304662,-1.59451,0.348209,-0.945921
861.6,-0.427908,-1.56951,0.515484,0.055402
861.7,-0.560408,-1.56566,0.677797,0.419132
861.8,-0.706059,-1.58519,0.834013,0.610132
861.9,-0.868923,-1.62891,0.982041,0.753781
862,-1.05307,-1.69567,1.11809,0.876029
862.1,-1.26212,-1.7815,1.23578,0.985058
862.2,-1.49818,-1.87826,1.32512,1.08174
862.3,-1.75987,-1.9722,1.37185,1.16235
862.4,-2.03939,-2.04294,1.35775,1.21936
862.5,-2.31948,-2.06461,1.26345,-0.562393
862.6,-2.57253,-2.01081,1.07463,0.153254
862.7,-2.76505,-1.86409,0.790633,0.471287
862.8,-2.86844,-1.62607,0.430485,-1.83112
862.9,-2.87089,-1.32091,0.0303382,-0.523638
863,-2.78198,-0.98781,-0.368141,-0.139455
863.1,-2.62637,-0.666945,-0.7309,0.272904
863.2,-2.43211,-0.38803,-1.03809,0.0386103
863.3,-2.22166,-0.166388,-1.28293,-0.381679
863.4,-2.00879,-0.00498411,-1.46692,-0.95797
863.5,-1.79992,0.101354,-1.59548,-0.572461
863.6,-1.59702,0.162,-1.67538,-2.55902
863.7,-1.40019,0.187672,-1.71373,-2.18042
863.8,-1.20921,0.188598,-1.71771,-2.36714
863.9,-1.02421,0.173444,-1.69451,-0.664662
864,-0.845672,0.148804,-1.65123,-0.803345
864.1,-0.674229,0.119124,-1.59467,-0.334687
864.2,-0.510366,0.086915,-1.53103,-1.15338
864.3,-0.354237,0.0531351,-1.46577,-2.79761
864.4,-0.20557,0.0176212,-1.40348,-1.23402
864.5,-0.063673,-0.0205206,-1.34792,-0.666152
864.6,0.0725132,-0.0626156,-1.30207,-0.221083
864.7,0.204318,-0.110231,-1.26833,-0.555423
864.8,0.333233,-0.165089,-1.24867,0.221461
864.9,0.460801,-0.229072,-1.2448,0.288177
865,0.588481,-0.304289,-1.25835,0.147054
865.1,0.717496,-0.393211,-1.29091,0.356028
865.2,0.848614,-0.498835,-1.34407,0.498213
865.3,0.98182,-0.624875,-1.41931,0.625404
865.4,1.11579,-0.775918,-1.51762,0.749203
865.5,1.24709,-0.95744,-1.6388,0.872482
865.6,1.3689,-1.17544,-1.78027,0.993995
865.7,1.46927,-1.43528,-1.93499,1.10954
865.8,1.52925,-1.73902,-2.08871,1.212
865.9,1.52182,-2.08071,-2.21707,1.2907
866,1.41437,-2.44018,-2.28506,0.683167
866.1,1.17785,-2.77878,-2.25305,0.206329
866.2,0.803041,-3.04432,-2.0928,-0.394805
866.3,0.314874,-3.18956,-1.80798,0.513496
866.4,-0.229673,-3.19513,-1.44259,0.288361
866.5,-0.763231,-3.07724,-1.0654,-2.91022
866.6,-1.23213,-2.873,-0.740945,0.32165
866.7,-1.60613,-2.61907,-0.508565,-0.58245
866.8,-1.87474,-2.34031,-0.378207,-1.40659
866.9,-2.04006,-2.0507,-0.33742,-0.680648
867,-2.11188,-1.75883,-0.361604,-0.307681
867.1,-2.10512,-1.47196,-0.423252,-0.759889
867.2,-2.0377,-1.19693,-0.49851,-0.589556
867.3,-1.92827,-0.939398,-0.570568,-0.0870987
867.4,-1.79417,-0.70298,-0.630206,0.106771
867.5,-1.64996,-0.489104,-0.674471,-0.430375
867.6,-1.50689,-0.297422,-0.704594,-0.340509
867.7,-1.37298,-0.126428,-0.723991,-0.507422
867.8,-1.25348,0.0259931,-0.736763,-0.292135
867.9,-1.15146,0.162185,-0.746775,0.350887
868,-1.06841,0.284493,-0.757219,0.431976
868.1,-1.00472,0.395139,-0.770507,0.494
868.2,-0.960077,0.496152,-0.788353,0.543064
868.3,-0.933785,0.589327,-0.811945,0.583455
868.4,-0.924929,0.676193,-0.842136,0.618506
868.5,-0.932506,0.757984,-0.879621,0.651026
868.6,-0.955473,0.835601,-0.925087,0.683453
868.7,-0.992719,0.909561,-0.979309,0.717795
868.8,-1.043,0.979917,-1.04321,0.75548
868.9,-1.10478,1.04615,-1.11787,0.797169
869,-1.17605,1.10702,-1.20443,0.842634
869.1,-1.25405,1.16039,-1.30389,0.890702
869.2,-1.33489,1.20304,-1.41684,0.939268
869.3,-1.41328,1.23057,-1.54288,0.985319
869.4,-1.4822,1.23739,-1.68001,1.02494
869.5,-1.53296,1.21716,-1.82387,1.05334
869.6,-1.55564,1.16363,-1.96718,1.06481
869.7,-1.5404,1.07219,-2.09976,1.05279
869.8,-1.47942,0.941567,-2.20959,-0.0587942
869.9,-1.36916,0.775352,-2.28497,-2.52737
870,-1.21192,0.582169,-2.31755,-2.28376
870.1,-1.01588,0.374145,-2.30471,0.0710791
870.2,-0.793275,0.164044,-2.25052,-3.06379
870.3,-0.557614,-0.0377121,-2.16458,-1.58969
870.4,-0.321044,-0.224871,-2.05954,-0.679215
870.5,-0.0928523,-0.395594,-1.94833,-0.947086
870.6,0.120833,-0.551484,-1.84219,-0.80934
870.7,0.316504,-0.696158,-1.74951,-0.575047
870.8,0.492388,-0.833937,-1.67558,0.535929
870.9,0.647559,-0.968935,-1.62277,0.670991
871,0.78121,-1.10453,-1.59082,0.770337
871.1,0.892118,-1.24305,-1.57713,0.848245
871.2,0.978316,-1.38555,-1.57696,0.911198
871.3,1.03698,-1.53155,-1.58363,0.961326
871.4,1.06462,-1.67862,-1.5887,0.997952
871.5,1.05761,-1.82215,-1.58247,1.01843
871.6,1.01313,-1.95522,-1.55495,1.0187
871.7,0.930446,-2.06915,-1.49721,0.844649
871.8,0.812023,-2.15484,-1.40314,0.235497
871.9,0.664082,-2.20473,-1.27093,-2.83443
872,0.495987,-2.21488,-1.10369,-0.00565782
872.1,0.318515,-2.18626,-0.9087,-0.27853
872.2,0.141601,-2.12475,-0.695708,-0.823862
872.3,-0.0275437,-2.03982,-0.474765,-1.09284
872.4,-0.185293,-1.94259,-0.25455,-1.06971
872.5,-0.331388,-1.84392,-0.0415167,-0.251271
872.6,-0.46804,-1.7531,0.160155,-0.891038
872.7,-0.598846,-1.67723,0.348097,0.264305
872.8,-0.727874,-1.62102,0.521078,0.486429
872.9,-0.859063,-1.58688,0.678315,0.63447
873,-0.995865,-1.57508,0.818852,0.746066
873.1,-1.14104,-1.58382,0.941029,0.83722
873.2,-1.29639,-1.60911,1.04204,0.914995
873.3,-1.46237,-1.64459,1.11764,0.98159
873.4,-1.6374,-1.68131,1.16205,1.03598
873.5,-1.81703,-1.70778,1.16839,1.07471
873.6,-1.99319,-1.7107,1.12978,1.09243
873.7,-2.15411,-1.67664,1.0412,-1.20354
873.8,-2.28557,-1.5948,0.901992,-1.06377
873.9,-2.37384,-1.46014,0.717813,0.387729
874,-2.40956,-1.27553,0.500814,0.0716605
874.1,-2.39089,-1.05149,0.267366,-1.44496
874.2,-2.32424,-0.803369,0.0340293,-0.110373
874.3,-2.22228,-0.547445,-0.186297,-0.0620979
874.4,-2.10041,-0.297541,-0.386392,-0.779383
874.5,-1.97327,-0.0634594,-0.564522,-0.265108
874.6,-1.85262,0.148995,-0.72285,-3.85349
874.7,-1.74637,0.337068,-0.865504,-2.34322
874.8,-1.65871,0.499892,-0.99702,0.61637
874.9,-1.59062,0.637485,-1.12136,0.717898
875,-1.54051,0.750052,-1.2414,0.791181
875.1,-1.5048,0.837589,-1.35877,0.845819
875.2,-1.47838,0.899725,-1.47375,0.886264
875.3,-1.45509,0.935795,-1.58525,0.913946
875.4,-1.42821,0.945099,-1.69087,0.928373
875.5,-1.391,0.927329,-1.787,0.927781
875.6,-1.33743,0.883074,-1.86917,0.909575
875.7,-1.26295,0.814276,-1.93272,0.870555
875.8,-1.16511,0.724437,-1.9736,0.770414
875.9,-1.04393,0.61845,-1.98927,-0.975027
876,-0.901755,0.501996,-1.97947,0.145878
876.1,-0.742702,0.380659,-1.94642,0.118442
876.2,-0.571778,0.25904,-1.89464,-1.94813
876.3,-0.39401,0.140123,-1.83023,-0.539194
876.4,-0.213761,0.0250468,-1.76012,0.0919415
876.5,-0.034362,-0.0867456,-1.69122,-1.35256
876.6,0.141953,-0.197132,-1.62988,-1.07926
876.7,0.313873,-0.308872,-1.58155,-0.769952
876.8,0.480701,-0.42524,-1.55066,0.0498305
876.9,0.641953,-0.549793,-1.54055,0.397513
877,0.796895,-0.686263,-1.55347,0.584607
877.1,0.944007,-0.838515,-1.59034,0.725298
877.2,1.08032,-1.01046,-1.65042,0.845161
877.3,1.20064,-1.20571,-1.73054,0.952817
877.4,1.29658,-1.4268,-1.824,1.04982
877.5,1.35586,-1.67358,-1.91916,1.1333
877.6,1.36218,-1.94071,-1.99834,1.19682
877.7,1.29705,-2.21469,-2.03807,0.599747
877.8,1.14459,-2.4721,-2.01244,-0.282707
877.9,0.899095,-2.68193,-1.90076,-0.414872
878,0.57217,-2.81391,-1.69742,0.401968
878.1,0.193423,-2.8502,-1.418,-2.82553
878.2,-0.197922,-2.79284,-1.09584,0.0370507
878.3,-0.565843,-2.66144,-0.770255,0.313443
878.4,-0.886447,-2.48311,-0.474131,0.0339542
878.5,-1.1493,-2.28242,-0.227583,-1.45224
878.6,-1.35365,-2.07619,-0.0380913,-0.337673
878.7,-1.50382,-1.87331,0.0960313,-1.00288
878.8,-1.60597,-1.67701,0.181771,-0.327149
878.9,-1.66662,-1.48758,0.228417,-3.1698
879,-1.69217,-1.30435,0.245583,-3.21539
879.1,-1.68892,-1.12673,0.241995,-1.72543
879.2,-1.6631,-0.9546,0.22483,-2.43958
879.3,-1.62077,-0.788216,0.199442,-2.69468
879.4,-1.56773,-0.627971,0.169382,-0.583237
879.5,-1.50926,-0.474154,0.136606,-0.238189
879.6,-1.45003,-0.326775,0.101802,-0.322381
879.7,-1.39402,-0.18549,0.0647327,-0.800292
879.8,-1.34454,-0.0495897,0.0245375,-1.9028
879.9,-1.30427,0.0819512,-0.0200322,-1.33404
880,-1.27548,0.210399,-0.0704724,0.136494
880.1,-1.26009,0.337168,-0.128466,-0.664173
880.2,-1.25989,0.463711,-0.195899,0.545883
880.3,-1.27661,0.591401,-0.274936,-0.551423
880.4,-1.31203,0.721369,-0.36815,0.291451
880.5,-1.36795,0.854275,-0.478693,0.470327
880.6,-1.44607,0.989957,-0.610493,0.614361
880.7,-1.54755,1.12687,-0.768406,0.748637
880.8,-1.67233,1.26116,-0.95823,0.879151
880.9,-1.81768,1.38534,-1.18629,1.00575
881,-1.97602,1.48634,-1.45812,1.1246
881.1,-2.13188,1.54347,-1.77549,1.22849
881.2,-2.2588,1.52747,-2.13122,1.3062
881.3,-2.31919,1.40357,-2.50237,-0.0668274
881.4,-2.27176,1.14231,-2.84634,0.150061
881.5,-2.08994,0.737437,-3.10757,0.493128
881.6,-1.78359,0.220197,-3.23897,0.565613
881.7,-1.40496,-0.346004,-3.22559,-0.334589
881.8,-1.02852,-0.890653,-3.0891,0.0909517
881.9,-0.719297,-1.36045,-2.86948,-5.00281
882,-0.51296,-1.72696,-2.60304,-1.40977
882.1,-0.413921,-1.98146,-2.31327,-1.76363
882.2,-0.404197,-2.12776,-2.01365,-0.856637
882.3,-0.454855,-2.17766,-1.71359,-0.043016
882.4,-0.535884,-2.14834,-1.42164,-1.23033
882.5,-0.622806,-2.0597,-1.1455,-0.255615
882.6,-0.69958,-1.9317,-0.890851,-0.444407
882.7,-0.758449,-1.78211,-0.660638,-0.468999
882.8,-0.79802,-1.62527,-0.455309,-0.261067
882.9,-0.820833,-1.47184,-0.273571,-1.16753
883,-0.831255,-1.32909,-0.113187,-1.98678
883.1,-0.833998,-1.20158,0.0284213,-0.290379
883.2,-0.833276,-1.09178,0.153839,0.36772
883.3,-0.832435,-1.00069,0.26549,0.437157
883.4,-0.8339,-0.928319,0.365579,0.490195
883.5,-0.839298,-0.874067,0.456076,0.532039
883.6,-0.849641,-0.836986,0.538718,0.566047
883.7,-0.865526,-0.815983,0.615008,0.594672
883.8,-0.887315,-0.809935,0.686217,0.619956
883.9,-0.915281,-0.817752,0.753379,0.643734
884,-0.949716,-0.838396,0.817278,0.667686
884.1,-0.991008,-0.870861,0.878425,0.693285
884.2,-1.03968,-0.914116,0.937023,0.721681
884.3,-1.09642,-0.967016,0.992903,0.753575
884.4,-1.16199,-1.02818,1.04545,0.789103
884.5,-1.23719,-1.09581,1.09349,0.827774
884.6,-1.32267,-1.16753,1.13521,0.868432
884.7,-1.41868,-1.2401,1.16798,0.909259
884.8,-1.52468,-1.30924,1.1884,0.947775
884.9,-1.63892,-1.36949,1.19228,0.980835
885,-1.75798,-1.4142,1.17499,1.00463
885.1,-1.87639,-1.43596,1.13203,1.01472
885.2,-1.98673,-1.42737,1.06,1.00607
885.3,-2.08021,-1.38229,0.957669,0.973039
885.4,-2.14808,-1.29726,0.826978,0.00695588
885.5,-2.18347,-1.17265,0.673274,0.36494
885.6,-2.18316,-1.01297,0.504584,-1.12969
885.7,-2.14855,-0.82605,0.329958,-0.741063
885.8,-2.08547,-0.621444,0.15749,-2.6559
885.9,-2.00286,-0.408628,-0.0072271,-0.106103
886,-1.91099,-0.195634,-0.161741,-1.82962
886.1,-1.81988,0.0115833,-0.30648,0.176082
886.2,-1.73811,0.209111,-0.443948,-0.030448
886.3,-1.67225,0.39462,-0.5778,0.265535
886.4,-1.6267,0.566722,-0.712082,0.496903
886.5,-1.6037,0.724305,-0.850716,0.649686
886.6,-1.6034,0.865901,-0.997203,0.765792
886.7,-1.62371,0.989119,-1.15438,0.86161
886.8,-1.66015,1.09014,-1.32409,0.943864
886.9,-1.70541,1.16337,-1.5066,1.01412
887,-1.74903,1.20137,-1.69967,1.07053
887.1,-1.77752,1.19546,-1.89744,1.10861
887.2,-1.77539,1.1373,-2.08947,1.12183
887.3,-1.72755,1.0215,-2.26095,-0.438381
887.4,-1.62312,0.848806,-2.3947,-1.19517
887.5,-1.45929,0.628256,-2.47545,-2.07711
887.6,-1.24326,0.376499,-2.49468,-0.167096
887.7,-0.990673,0.113949,-2.45376,-0.13478
887.8,-0.721155,-0.140605,-2.36343,-0.253025
887.9,-0.453253,-0.374148,-2.2401,-0.733084
888,-0.201108,-0.580733,-2.10122,-0.728483
888.1,0.0264614,-0.760256,-1.96162,-0.198622
888.2,0.225153,-0.916109,-1.83177,0.181428
888.3,0.393726,-1.05298,-1.7176,-0.999546
888.4,0.532643,-1.17532,-1.62111,0.690461
888.5,0.643097,-1.2866,-1.54132,0.759531
888.6,0.726451,-1.38897,-1.47519,0.80572
888.7,0.784005,-1.48328,-1.41835,0.835156
888.8,0.816983,-1.56924,-1.36577,0.850593
888.9,0.826675,-1.64561,-1.3123,0.8528
889,0.814633,-1.71052,-1.25319,0.841329
889.1,0.782867,-1.7618,-1.18451,0.814968
889.2,0.733959,-1.79745,-1.10347,0.77193
889.3,0.671026,-1.81607,-1.0087,0.709782
889.4,0.597523,-1.81724,-0.90018,0.62485
889.5,0.516909,-1.80179,-0.779118,0.510343
889.6,0.432256,-1.77178,-0.647563,0.3498
889.7,0.3459,-1.73041,-0.507988,-1.56123
889.8,0.259221,-1.68165,-0.362868,-0.798144
889.9,0.172576,-1.6299,-0.214357,0.0416507
890,0.0853712,-1.57966,-0.0640881,0.349827
890.1,-0.00378013,-1.53529,0.0868912,-0.296419
890.2,-0.0968834,-1.50083,0.238068,0.265786
890.3,-0.19642,-1.47997,0.389328,-1.35453
890.4,-0.305274,-1.47605,0.540743,-0.958092
890.5,-0.426736,-1.49199,0.69229,0.2275
890.6,-0.564575,-1.53024,0.843471,0.503758
890.7,-0.723124,-1.59252,0.992792,0.678269
890.8,-0.907294,-1.67921,1.13701,0.822571
890.9,-1.1223,-1.78837,1.27007,0.952094
891,-1.37274,-1.91407,1.38165,1.06987
891.1,-1.66058,-2.04406,1.45564,1.17288
891.2,-1.98139,-2.15742,1.46922,1.2535
891.3,-2.3193,-2.22372,1.39452,0.671717
891.4,-2.643,-2.20719,1.20545,0.134268
891.5,-2.90816,-2.07868,0.890336,0.280984
891.6,-3.0708,-1.83288,0.464937,0.152231
891.7,-3.10696,-1.49867,-0.0258835,-1.09645
891.8,-3.02352,-1.13124,-0.52322,-0.976561
891.9,-2.85064,-0.78954,-0.975533,-0.0712353
892,-2.62367,-0.515953,-1.35084,-2.12502
892.1,-2.36963,-0.328768,-1.63608,-1.926
892.2,-2.1043,-0.225626,-1.83078,-1.05815
892.3,-1.83578,-0.191188,-1.94157,-1.63769
892.4,-1.56903,-0.20467,-1.97927,-1.9928
892.5,-1.3084,-0.245591,-1.95734,-2.44657
892.6,-1.05812,-0.297387,-1.89063,-2.99588
892.7,-0.821802,-0.348934,-1.79397,-0.778892
892.8,-0.601886,-0.394428,-1.68095,-0.4717
892.9,-0.399467,-0.432258,-1.56299,-1.44227
893,-0.214427,-0.463544,-1.44905,-0.273512
893.1,-0.0457372,-0.490807,-1.34565,-0.570391
893.2,0.108223,-0.516994,-1.2572,0.209017
893.3,0.249397,-0.544912,-1.18646,0.328957
893.4,0.379835,-0.576977,-1.13495,0.42183
893.5,0.501537,-0.615193,-1.10338,0.495214
893.6,0.616324,-0.661255,-1.09191,0.556089
893.7,0.725723,-0.71672,-1.10039,0.610322
893.8,0.830854,-0.783175,-1.12846,0.662797
893.9,0.93228,-0.862396,-1.17552,0.717353
894,1.02981,-0.956445,-1.24064,0.776489
894.1,1.12221,-1.06768,-1.32224,0.841071
894.2,1.20681,-1.19859,-1.41768,0.910209
894.3,1.27899,-1.35137,-1.5226,0.981323
894.4,1.33169,-1.5271,-1.63009,1.05026
894.5,1.35504,-1.72434,-1.72977,1.11132
894.6,1.3367,-1.93739,-1.80732,1.15716
894.7,1.26348,-2.15441,-1.84504,1.17862
894.8,1.12481,-2.3568,-1.82449,0.604811
894.9,0.917554,-2.52133,-1.73152,-0.125598
895,0.650184,-2.6258,-1.56223,-0.268605
895.1,0.342943,-2.65652,-1.32666,-0.189668
895.2,0.0227261,-2.61347,-1.047,-0.351039
895.3,-0.284967,-2.50973,-0.750891,-1.37793
895.4,-0.562355,-2.36578,-0.463671,0.266759
895.5,-0.801198,-2.20258,-0.203488,-5.15682
895.6,-1.00085,-2.03668,0.0196118,-0.0661279
895.7,-1.16494,-1.87851,0.2021,-1.20941
895.8,-1.29847,-1.73284,0.344673,-1.88941
895.9,-1.40617,-1.60028,0.450333,-1.61105
896,-1.4917,-1.47889,0.523117,0.174856
896.1,-1.55766,-1.3655,0.567415,0.728902
896.2,-1.60579,-1.25674,0.587621,0.736837
896.3,-1.63732,-1.14961,0.587982,0.709964
896.4,-1.65337,-1.04183,0.572494,0.667889
896.5,-1.65518,-0.931964,0.544805,0.610464
896.6,-1.6443,-0.819366,0.508112,0.53608
896.7,-1.62267,-0.703992,0.465052,0.440413
896.8,-1.5926,-0.586206,0.417621,0.312002
896.9,-1.55665,-0.466552,0.367136,0.110565
897,-1.51755,-0.345562,0.314242,-0.28714
897.1,-1.47806,-0.223615,0.258972,-0.748634
897.2,-1.44092,-0.100846,0.200822,-0.250436
897.3,-1.40873,0.022886,0.138841,-0.0178443
897.4,-1.38403,0.147989,0.0717011,-0.202544
897.5,-1.36928,0.275092,-0.00225686,0.280943
897.6,-1.36692,0.404957,-0.085026,0.257758
897.7,-1.37942,0.538364,-0.178978,-1.08502
897.8,-1.40934,0.675932,-0.286964,0.0759267
897.9,-1.45924,0.817856,-0.41246,0.280131
898,-1.53155,0.963501,-0.559748,0.544552
898.1,-1.62808,1.11075,-0.734073,0.722689
898.2,-1.74919,1.25498,-0.941632,0.875905
898.3,-1.89217,1.38749,-1.1891,1.0155
898.4,-2.04878,1.49341,-1.4821,1.14165
898.5,-2.20172,1.5494,-1.82181,1.24854
898.6,-2.32145,1.52295,-2.19899,1.32491
898.7,-2.36665,1.37657,-2.58659,0.628335
898.8,-2.29413,1.08099,-2.93644,-0.0948817
898.9,-2.08069,0.635384,-3.18915,0.524625
899,-1.74579,0.0805912,-3.29929,0.52369
899.1,-1.35309,-0.511384,-3.25915,-0.729938
899.2,-0.983452,-1.06674,-3.09783,0.554377
899.3,-0.700764,-1.5335,-2.85825,-0.792754
899.4,-0.534197,-1.88598,-2.57564,-2.32222
899.5,-0.479798,-2.11803,-2.27188,-3.19112
899.6,-0.511881,-2.23615,-1.96057,0.0224464
899.7,-0.596021,-2.25528,-1.65278,-1.29378
899.8,-0.699594,-2.19572,-1.35879,0.346645
899.9,-0.798092,-2.07976,-1.08691,-2.98692
900,-0.877084,-1.92846,-0.842079,-0.306216
900.1,-0.931031,-1.75955,-0.625708,-0.913237
900.2,-0.960643,-1.58663,-0.436538,-1.43832
900.3,-0.970147,-1.41928,-0.271842,-0.697066
900.4,-0.965125,-1.26379,-0.128413,-1.11721
900.5,-0.95112,-1.12388,-0.00314766,-2.18579
900.6,-0.932879,-1.00138,0.106716,0.350946
900.7,-0.91407,-0.896844,0.203552,0.409754
900.8,-0.897278,-0.809948,0.289394,0.455257
900.9,-0.884149,-0.739832,0.365999,0.491755
901,-0.875601,-0.685347,0.4349,0.521553
901.1,-0.872025,-0.645229,0.497439,0.546037
901.2,-0.873474,-0.618212,0.554796,0.56624
901.3,-0.879811,-0.603109,0.607996,0.583104
901.4,-0.890815,-0.598847,0.657927,0.59758
901.5,-0.906273,-0.604488,0.70534,0.610652
901.6,-0.926028,-0.619226,0.750858,0.623321
901.7,-0.950022,-0.642368,0.794973,0.636573
901.8,-0.978318,-0.673312,0.838045,0.651324
901.9,-1.01111,-0.711506,0.880288,0.668365
902,-1.04874,-0.756404,0.921745,0.688296
902.1,-1.09166,-0.807402,0.962265,0.711465
902.2,-1.14043,-0.863766,1.00145,0.737923
902.3,-1.19563,-0.92454,1.03861,0.767386
902.4,-1.25785,-0.988436,1.07269,0.799206
902.5,-1.32748,-1.05371,1.10221,0.832358
902.6,-1.4046,-1.11803,1.12521,0.865407
902.7,-1.48874,-1.17836,1.13924,0.896492
902.8,-1.57861,-1.23089,1.14143,0.923312
902.9,-1.67185,-1.2711,1.12864,0.943123
903,-1.76484,-1.29393,1.09782,0.95275
903.1,-1.85272,-1.29427,1.04655,0.948633
903.2,-1.92972,-1.26759,0.973576,0.926853
903.3,-1.98982,-1.21076,0.879446,0.883095
903.4,-2.02779,-1.12278,0.766724,0.812866
903.5,-2.04024,-1.00519,0.639824,0.247064
903.6,-2.02649,-0.861893,0.504272,0.182905
903.7,-1.98884,-0.698515,0.365645,-0.95598
903.8,-1.93224,-0.521428,0.228502,-0.393301
903.9,-1.86343,-0.336757,0.0956477,-6.23501
904,-1.78999,-0.149666,-0.0321122,-1.49684
904.1,-1.71939,0.0359672,-0.155771,-1.19204
904.2,-1.65831,0.217531,-0.277671,0.119314
904.3,-1.61234,0.39341,-0.401004,-0.240819
904.4,-1.58577,0.562562,-0.529406,0.315515
904.5,-1.58152,0.724024,-0.666703,0.537748
904.6,-1.60108,0.876349,-0.816771,0.690762
904.7,-1.64413,1.01698,-0.983411,0.814663
904.8,-1.70808,1.1415,-1.17009,0.922699
904.9,-1.78713,1.24286,-1.37928,1.01882
905,-1.87116,1.31068,-1.61126,1.10184
905.1,-1.94476,1.33108,-1.86203,1.16683
905.2,-1.9872,1.28795,-2.12082,1.20559
905.3,-1.97486,1.16655,-2.36835,0.612724
905.4,-1.88701,0.959672,-2.57789,0.302295
905.5,-1.71418,0.674025,-2.72141,0.390814
905.6,-1.46466,0.332481,-2.77923,0.312932
905.7,-1.16391,-0.0312785,-2.7482,-0.311698
905.8,-0.846173,-0.383395,-2.64218,0.326703
905.9,-0.543371,-0.699079,-2.48501,0.269776
906,-0.277842,-0.96578,-2.30117,-0.0319334
906.1,-0.0607668,-1.18093,-2.10945,-0.828442
906.2,0.105617,-1.34774,-1.92112,-0.372656
906.3,0.224756,-1.47166,-1.74111,-1.91942
906.4,0.303029,-1.55842,-1.57024,-1.87758
906.5,0.34789,-1.61327,-1.40735,-0.129171
906.6,0.366746,-1.64091,-1.25074,-0.52576
906.7,0.36631,-1.64574,-1.09897,-1.42588
906.8,0.352241,-1.632,-0.951155,-0.61032
906.9,0.328986,-1.60383,-0.806911,-0.267356
907,0.299746,-1.56533,-0.666214,0.326583
907.1,0.266563,-1.52039,-0.529159,0.183168
907.2,0.230476,-1.47266,-0.395781,-0.0632161
907.3,0.191714,-1.42544,-0.265925,-0.577128
907.4,0.149888,-1.38165,-0.139186,0.236468
907.5,0.104158,-1.34383,-0.0148919,-1.56754
907.6,0.0533554,-1.31425,0.107871,0.395574
907.7,-0.00394693,-1.29495,0.230206,-0.957281
907.8,-0.0694211,-1.28786,0.353332,0.379153
907.9,-0.145021,-1.29493,0.478494,0.0958349
908,-0.233069,-1.31816,0.606844,-1.196
908.1,-0.336396,-1.3597,0.739266,0.0652108
908.2,-0.458517,-1.42175,0.876113,0.426692
908.3,-0.603832,-1.50637,1.01679,0.609067
908.4,-0.777779,-1.615,1.15904,0.763348
908.5,-0.986784,-1.74749,1.29791,0.906264
908.6,-1.23767,-1.90037,1.42401,1.04051
908.7,-1.53587,-2.0642,1.52133,1.16291
908.8,-1.88163,-2.21991,1.56494,1.26577
908.9,-2.26351,-2.3358,1.5207,1.33639
909,-2.65101,-2.36893,1.35061,0.222707
909.1,-2.99244,-2.27706,1.02762,-0.135476
909.2,-3.2276,-2.04213,0.556541,0.566593
909.3,-3.31496,-1.6917,-0.0152007,0.631535
909.4,-3.25314,-1.29575,-0.612213,0.633934
909.5,-3.07556,-0.93603,-1.16194,-0.698099
909.6,-2.82545,-0.672503,-1.61592,-0.249921
909.7,-2.53618,-0.528697,-1.95173,-0.578292
909.8,-2.22807,-0.495695,-2.16553,-0.610833
909.9,-1.91439,-0.544555,-2.26556,-0.43278
910,-1.60655,-0.639505,-2.26825,-2.25146
910.1,-1.31502,-0.748158,-2.19497,-0.919841
910.2,-1.04779,-0.847201,-2.06845,-0.0419095
910.3,-0.809142,-0.923695,-1.9096,-1.56162
910.4,-0.599691,-0.973423,-1.73562,-3.97033
910.5,-0.417543,-0.998056,-1.55942,-0.952044
910.6,-0.259553,-1.00241,-1.38997,-1.09723
910.7,-0.122303,-0.992391,-1.23301,-1.5636
910.8,-0.00262718,-0.973669,-1.09188,-0.819658
910.9,0.102202,-0.951025,-0.968163,0.348816
911,0.194479,-0.928102,-0.862208,0.404288
911.1,0.276137,-0.907435,-0.773573,0.447767
911.2,0.348833,-0.890614,-0.70132,0.483095
911.3,0.414008,-0.878492,-0.644242,0.512218
911.4,0.472929,-0.871394,-0.601032,0.536229
911.5,0.526709,-0.869302,-0.570392,0.555923
911.6,0.576326,-0.871997,-0.551105,0.572041
911.7,0.622632,-0.879173,-0.542075,0.585366
911.8,0.666364,-0.890509,-0.542343,0.596729
911.9,0.708145,-0.905731,-0.551094,0.607004
912,0.748494,-0.924644,-0.567641,0.617072
912.1,0.787826,-0.947156,-0.591408,0.627799
912.2,0.826449,-0.973291,-0.621907,0.639987
912.3,0.864557,-1.0032,-0.658702,0.654332
912.4,0.902213,-1.03715,-0.701372,0.671377
912.5,0.939326,-1.07552,-0.749463,0.691465
912.6,0.975617,-1.1188,-0.802431,0.714703
912.7,1.01058,-1.16752,-0.859566,0.740932
912.8,1.04342,-1.22222,-0.919915,0.769704
912.9,1.07303,-1.28337,-0.982176,0.800262
913,1.09788,-1.35123,-1.04459,0.831512
913.1,1.11605,-1.42567,-1.10484,0.862006
913.2,1.12521,-1.50602,-1.15997,0.889915
913.3,1.12269,-1.59079,-1.20634,0.913019
913.4,1.10574,-1.67752,-1.23975,0.928709
913.5,1.07179,-1.76265,-1.25564,0.934011
913.6,1.01895,-1.8416,-1.24955,0.925623
913.7,0.946514,-1.90915,-1.21772,0.899932
913.8,0.855359,-1.9601,-1.15776,0.852951
913.9,0.748092,-1.99011,-1.06921,0.779948
914,0.628776,-1.99668,-0.953784,-0.414427
914.1,0.502255,-1.97966,-0.815169,-1.25579
914.2,0.373242,-1.94152,-0.658414,-1.85229
914.3,0.245458,-1.88694,-0.489097,-0.120612
914.4,0.121062,-1.82211,-0.312518,-0.198544
914.5,0.000485805,-1.75389,-0.133121,0.154724
914.6,-0.117386,-1.68906,0.0457643,-2.22986
914.7,-0.234844,-1.63379,0.221901,-0.503517
914.8,-0.354947,-1.59333,0.393908,0.360913
914.9,-0.481206,-1.57186,0.560889,0.235048
915,-0.61739,-1.5724,0.721978,0.496541
915.1,-0.767431,-1.59674,0.875808,0.663632
915.2,-0.935341,-1.64504,1.01987,0.796359
915.3,-1.12499,-1.71527,1.14976,0.911708
915.4,-1.33948,-1.80222,1.25825,1.01482
915.5,-1.5799,-1.89619,1.3344,1.10495
915.6,-1.84307,-1.98164,1.36317,1.17724
915.7,-2.11869,-2.03683,1.32639,1.22322
915.8,-2.38675,-2.03584,1.20643,-0.402707
915.9,-2.61818,-1.95489,0.993059,-0.388563
916,-2.78107,-1.7819,0.691398,-0.435962
916.1,-2.85191,-1.52493,0.325488,0.35712
916.2,-2.8256,-1.21233,-0.0671073,-0.041494
916.3,-2.71663,-0.883094,-0.447626,0.179964
916.4,-2.55095,-0.573588,-0.787244,-0.116859
916.5,-2.35499,-0.308672,-1.07102,-0.850936
916.6,-2.14851,-0.0998546,-1.29538,-0.371847
916.7,-1.94297,0.0519516,-1.46333,-1.88306
916.8,-1.74323,0.152436,-1.58069,-0.287678
916.9,-1.55038,0.210505,-1.65398,-2.10163
917,-1.36394,0.235945,-1.68975,-3.18396
917.1,-1.1833,0.237963,-1.69443,-2.73463
917.2,-1.00824,0.224352,-1.67439,-0.214745
917.3,-0.838951,0.201095,-1.63585,-0.0600021
917.4,-0.675827,0.172311,-1.58482,-0.0803324
917.5,-0.519221,0.140416,-1.52682,-1.11141
917.6,-0.36924,0.106441,-1.46679,-0.16758
917.7,-0.225642,0.0703744,-1.40895,-1.76136
917.8,-0.0878098,0.0315006,-1.35681,-0.171936
917.9,0.0452087,-0.0113461,-1.31326,0.173274
918,0.174633,-0.0596073,-1.28066,-0.393608
918.1,0.301859,-0.114917,-1.26102,-0.38183
918.2,0.428351,-0.179098,-1.25614,-0.360616
918.3,0.55553,-0.254217,-1.26775,-0.736704
918.4,0.684625,-0.342708,-1.29758,0.233053
918.5,0.816468,-0.447528,-1.34743,0.429559
918.6,0.95119,-0.572348,-1.419,0.576869
918.7,1.08773,-0.721732,-1.51368,0.711653
918.8,1.22303,-0.901204,-1.63182,0.842282
918.9,1.35085,-1.117,-1.77164,0.969724
919,1.46,-1.37506,-1.92726,1.09102
919.1,1.53227,-1.67869,-2.08585,1.19993
919.2,1.5409,-2.02395,-2.22443,1.28648
919.3,1.45218,-2.39321,-2.30845,0.321439
919.4,1.23359,-2.74968,-2.29641,0.464738
919.5,0.870225,-3.04016,-2.15518,-0.113684
919.6,0.381722,-3.2125,-1.8822,0.119224
919.7,-0.1762,-3.24074,-1.51805,-1.36011
919.8,-0.732397,-3.13685,-1.1336,-0.762813
919.9,-1.22712,-2.93787,-0.799263,-0.804586
920,-1.62496,-2.68273,-0.560173,-0.428532
920.1,-1.91226,-2.39874,-0.429395,-0.670957
920.2,-2.08973,-2.10165,-0.394583,-0.7685
920.3,-2.16705,-1.80145,-0.429154,-2.01718
920.4,-2.15996,-1.50675,-0.502795,-0.231334
920.5,-2.08771,-1.22551,-0.589079,-1.04715
920.6,-1.97038,-0.964084,-0.669429,-0.999634
920.7,-1.82651,-0.72627,-0.733778,-0.355338
920.8,-1.67149,-0.513238,-0.77905,-0.987766
920.9,-1.51706,-0.324182,-0.806803,-0.844671
921,-1.37144,-0.157124,-0.820986,-0.721281
921.1,-1.23995,-0.00957898,-0.826273,-2.73019
921.2,-1.12563,0.12104,-0.82704,0.343348
921.3,-1.02989,0.237204,-0.826877,0.419657
921.4,-0.952987,0.341186,-0.828459,0.477342
921.5,-0.89449,0.435031,-0.833621,0.52246
921.6,-0.853543,0.520546,-0.843539,0.558835
921.7,-0.82909,0.599306,-0.858922,0.589177
921.8,-0.820019,0.67265,-0.880204,0.615673
921.9,-0.825231,0.741674,-0.907698,0.640259
922,-0.843672,0.807223,-0.941714,0.6647
922.1,-0.87432,0.869864,-0.982646,0.690554
922.2,-0.916134,0.929854,-1.03102,0.719062
922.3,-0.967969,0.987076,-1.08751,0.75102
922.4,-1.02845,1.04097,-1.15291,0.786653
922.5,-1.09581,1.09041,-1.22804,0.825544
922.6,-1.16768,1.13362,-1.31358,0.866596
922.7,-1.24087,1.16801,-1.40986,0.90803
922.8,-1.31113,1.19019,-1.51642,0.947386
922.9,-1.37299,1.19593,-1.63163,0.981525
923,-1.41977,1.18051,-1.75217,1.00663
923.1,-1.44392,1.13929,-1.87264,1.01823
923.2,-1.43785,1.06863,-1.98558,1.01124
923.3,-1.39511,0.967069,-2.08209,0.980004
923.4,-1.31193,0.836328,-2.15314,0.128649
923.5,-1.18843,0.681667,-2.19149,-0.56752
923.6,-1.02897,0.511193,-2.19356,-0.603904
923.7,-0.841428,0.3342,-2.1605,-0.117439
923.8,-0.635562,0.159112,-2.09801,-1.57747
923.9,-0.421119,-0.00814935,-2.01509,-2.57873
924,-0.20641,-0.164882,-1.9222,-0.265049
924.1,0.00238309,-0.311368,-1.82956,-0.446174
924.2,0.201192,-0.450054,-1.74592,-0.631382
924.3,0.387598,-0.584598,-1.67801,0.268964
924.4,0.560178,-0.719061,-1.63029,0.49852
924.5,0.717826,-0.85738,-1.60505,0.650333
924.6,0.859117,-1.00305,-1.6024,0.765452
924.7,0.981742,-1.15886,-1.62025,0.860157
924.8,1.08202,-1.3266,-1.65411,0.941193
924.9,1.15456,-1.50648,-1.69671,1.0102
925,1.19224,-1.69626,-1.73779,1.06543
925.1,1.18677,-1.89018,-1.76416,1.10256
925.2,1.13024,-2.07813,-1.76074,1.11518
925.3,1.01759,-2.24578,-1.71292,0.423169
925.4,0.849666,-2.37663,-1.61012,0.219743
925.5,0.635151,-2.45596,-1.44947,0.291091
925.6,0.390011,-2.47549,-1.23767,-0.437036
925.7,0.133833,-2.4364,-0.989525,-1.29405
925.8,-0.115265,-2.34889,-0.723813,-0.0509031
925.9,-0.344629,-2.2288,-0.45846,-0.736372
926,-0.548388,-2.09313,-0.207309,-0.409791
926.1,-0.726358,-1.95656,0.0208391,-3.80349
926.2,-0.881826,-1.82966,0.221532,-0.70395
926.3,-1.01942,-1.71857,0.393302,-0.974737
926.4,-1.14359,-1.62559,0.536354,0.683029
926.5,-1.25785,-1.54996,0.651607,0.757176
926.6,-1.36441,-1.4888,0.740121,0.808201
926.7,-1.46418,-1.43775,0.802851,0.842467
926.8,-1.55686,-1.39162,0.840625,0.862859
926.9,-1.64106,-1.34495,0.854296,0.870131
927,-1.71466,-1.2925,0.844975,0.863722
927.1,-1.77504,-1.22976,0.814291,0.84225
927.2,-1.81961,-1.15338,0.764574,0.803753
927.3,-1.84633,-1.06149,0.698896,0.745705
927.4,-1.85415,-0.95381,0.620902,0.664521
927.5,-1.84339,-0.831502,0.534456,0.554147
927.6,-1.81589,-0.696825,0.443172,-0.432977
927.7,-1.77482,-0.552647,0.349961,-3.46535
927.8,-1.72438,-0.401942,0.25671,0.0361579
927.9,-1.66938,-0.247375,0.164149,-0.805888
928,-1.61478,-0.0910416,0.0718954,0.31564
928.1,-1.56541,0.0656319,-0.0213638,-0.138131
928.2,-1.52572,0.221849,-0.11766,0.0627199
928.3,-1.4997,0.377295,-0.219549,-1.48664
928.4,-1.49084,0.531904,-0.329997,0.178875
928.5,-1.50216,0.685559,-0.452344,0.280348
928.6,-1.53603,0.837696,-0.590353,0.525796
928.7,-1.59399,0.986778,-0.748273,0.691584
928.8,-1.67619,1.12955,-0.930821,0.830404
928.9,-1.78035,1.26003,-1.14289,0.955346
929,-1.90027,1.36814,-1.38865,1.06886
929.1,-2.02365,1.43838,-1.66952,1.16782
929.2,-2.12995,1.44907,-1.98068,1.24467
929.3,-2.18997,1.37421,-2.3064,-0.223361
929.4,-2.16989,1.18995,-2.61666,0.322962
929.5,-2.04257,0.886304,-2.86968,0.452657
929.6,-1.80305,0.478696,-3.02446,-0.567686
929.7,-1.47783,0.00920071,-3.05864,0.465424
929.8,-1.11772,-0.467286,-2.97851,0.353679
929.9,-0.777589,-0.902595,-2.81236,-0.40436
930,-0.497825,-1.26668,-2.59401,-0.243493
930.1,-0.2972,-1.54726,-2.34999,-1.70199
930.2,-0.175617,-1.74392,-2.096,-1.56712
930.3,-0.120821,-1.8627,-1.83983,-2.1706
930.4,-0.115027,-1.91319,-1.58557,-2.55422
930.5,-0.14,-1.90713,-1.33642,-1.10178
930.6,-0.180329,-1.85749,-1.09561,-1.67752
930.7,-0.225015,-1.77746,-0.866168,-0.763146
930.8,-0.267655,-1.67945,-0.650427,-0.886066
930.9,-0.305705,-1.57425,-0.449706,-1.03807
931,-0.339339,-1.47063,-0.264271,-0.181115
931.1,-0.370301,-1.37526,-0.0934934,-1.30994
931.2,-0.401007,-1.2929,0.0639133,0.0812654
931.3,-0.433975,-1.22675,0.209651,0.227655
931.4,-0.471528,-1.17883,0.345625,0.343569
931.5,-0.515732,-1.15031,0.473767,0.43425
931.6,-0.568461,-1.14186,0.595884,0.508438
931.7,-0.631542,-1.1538,0.713521,0.573867
931.8,-0.706926,-1.18623,0.82781,0.636844
931.9,-0.796852,-1.23901,0.939277,0.702124
932,-0.903966,-1.31159,1.04758,0.772604
932.1,-1.03133,-1.40267,1.15112,0.849062
932.2,-1.18224,-1.50961,1.24647,0.930151
932.3,-1.35967,-1.62753,1.32769,1.01258
932.4,-1.56512,-1.74813,1.38548,1.09125
932.5,-1.79673,-1.8584,1.40672,1.15922
932.6,-2.04662,-1.93994,1.37494,1.20745
932.7,-2.29836,-1.97002,1.27288,0.311563
932.8,-2.52653,-1.92598,1.08797,-0.531258
932.9,-2.70081,-1.79314,0.819518,0.0282761
933,-2.79521,-1.57312,0.483732,0.143703
933.1,-2.79835,-1.28682,0.111572,-0.467314
933.2,-2.71767,-0.968408,-0.260856,-0.510682
933.3,-2.5747,-0.653871,-0.603514,-1.52493
933.4,-2.39525,-0.371132,-0.89853,0.0728252
933.5,-2.20108,-0.136188,-1.13968,-0.456665
933.6,-2.00631,0.0456607,-1.32837,-1.6513
933.7,-1.81785,0.176474,-1.4695,-1.74895
933.8,-1.63766,0.262429,-1.56891,-2.84429
933.9,-1.46508,0.311466,-1.63223,-0.367069
934,-1.29864,0.331799,-1.6647,-2.50734
934.1,-1.13706,0.331022,-1.67124,-0.0409887
934.2,-0.979596,0.315595,-1.65672,-2.88008
934.3,-0.82607,0.290592,-1.62593,-1.3503
934.4,-0.676633,0.259642,-1.58359,-1.43977
934.5,-0.531536,0.225019,-1.5342,0.15575
934.6,-0.390918,0.187836,-1.48192,-0.104641
934.7,-0.254673,0.148284,-1.43046,-1.46073
934.8,-0.122392,0.105875,-1.38306,0.0912786
934.9,0.0066416,0.0596429,-1.34249,-0.696233
935,0.133406,0.00829436,-1.31115,0.458037
935.1,0.259077,-0.0497138,-1.29115,-0.599612
935.2,0.38494,-0.116155,-1.28445,0.104633
935.3,0.512282,-0.193077,-1.29298,0.232587
935.4,0.642255,-0.2829,-1.3187,-0.114134
935.5,0.775687,-0.388559,-1.36364,0.301289
935.6,0.912782,-0.513695,-1.42985,0.506191
935.7,1.05266,-0.662838,-1.51909,0.663477
935.8,1.19261,-0.841526,-1.6323,0.80642
935.9,1.3269,-1.05615,-1.7685,0.94211
936,1.44503,-1.31313,-1.92293,1.07017
936.1,1.52956,-1.61681,-2.0842,1.18582
936.2,1.5542,-1.96515,-2.23084,1.28011
936.3,1.48449,-2.3431,-2.32905,0.711082
936.4,1.28493,-2.71603,-2.33602,0.0548333
936.5,0.935113,-3.0305,-2.21409,-0.200787
936.6,0.448911,-3.23006,-1.95426,0.523999
936.7,-0.120118,-3.28206,-1.59282,0.234669
936.8,-0.697694,-3.19363,-1.20188,-0.54509
936.9,-1.21803,-3.00118,-0.857579,0.287813
937,-1.6402,-2.74585,-0.611182,-1.56139
937.1,-1.94708,-2.45746,-0.479374,-0.367832
937.2,-2.13775,-2.15367,-0.450232,-2.31589
937.3,-2.22164,-1.846,-0.495276,0.0617169
937.4,-2.21522,-1.54446,-0.581298,-0.331232
937.5,-2.139,-1.25824,-0.679126,-0.980693
937.6,-2.0145,-0.994405,-0.768243,-2.9215
937.7,-1.86136,-0.75683,-0.837589,-0.475342
937.8,-1.69577,-0.546316,-0.883871,-2.15452
937.9,-1.52988,-0.361458,-0.908934,-0.717972
938,-1.37217,-0.199693,-0.917272,-0.561099
938.1,-1.22801,-0.0580828,-0.914194,-2.12323
938.2,-1.1005,0.0662299,-0.904685,0.318519
938.3,-0.991008,0.175836,-0.892857,0.391952
938.4,-0.899784,0.273023,-0.881779,0.446904
938.5,-0.826321,0.359793,-0.873544,0.489766
938.6,-0.769678,0.4379,-0.869445,0.524122
938.7,-0.7287,0.508883,-0.870178,0.552167
938.8,-0.702169,0.574081,-0.876041,0.575473
938.9,-0.6889,0.63465,-0.887099,0.59537
939,-0.687798,0.691573,-0.903315,0.61312
939.1,-0.697878,0.745658,-0.924649,0.629961
939.2,-0.718261,0.797544,-0.951125,0.647098
939.3,-0.748154,0.847685,-0.982881,0.665648
939.4,-0.786805,0.896337,-1.02019,0.686559
939.5,-0.833446,0.943527,-1.06347,0.710523
939.6,-0.887211,0.989007,-1.11327,0.737893
939.7,-0.94704,1.0322,-1.17023,0.768617
939.8,-1.01155,1.07211,-1.23499,0.802198
939.9,-1.0789,1.10727,-1.30809,0.83767
940,-1.1466,1.13564,-1.38976,0.873579
940.1,-1.2114,1.1546,-1.47966,0.907969
940.2,-1.26914,1.16093,-1.57662,0.938369
940.3,-1.31477,1.15108,-1.67823,0.961794
940.4,-1.34257,1.12142,-1.78065,0.974754
940.5,-1.34657,1.06896,-1.87851,0.973294
940.6,-1.32141,0.992002,-1.96523,0.953034
940.7,-1.26326,0.890903,-2.03378,0.909126
940.8,-1.17077,0.7685,-2.07794,-1.77623
940.9,-1.04563,0.629917,-2.09358,-1.21194
941,-0.892416,0.48171,-2.07976,-0.6592
941.1,-0.717757,0.330544,-2.03905,-0.0430415
941.2,-0.529133,0.181873,-1.97717,-0.625566
941.3,-0.333658,0.039038,-1.90186,-2.5569
941.4,-0.137236,-0.0969913,-1.82165,-0.480623
941.5,0.0557876,-0.227323,-1.7448,-0.0806423
941.6,0.242544,-0.354553,-1.67847,-2.68718
941.7,0.421282,-0.482139,-1.62839,0.127243
941.8,0.590863,-0.613903,-1.59868,0.428908
941.9,0.750195,-0.753721,-1.59184,0.607385
942,0.897646,-0.905334,-1.6086,0.740494
942.1,1.03041,-1.07217,-1.64771,0.851237
942.2,1.14384,-1.257,-1.7054,0.948198
942.3,1.23083,-1.46122,-1.77463,1.0334
942.4,1.2814,-1.68356,-1.84426,1.10469
942.5,1.28303,-1.9183,-1.89857,1.15673
942.6,1.22242,-2.15337,-1.91797,1.1825
942.7,1.0892,-2.36965,-1.88201,0.149726
942.8,0.881142,-2.54328,-1.77492,-0.831408
942.9,0.608478,-2.65172,-1.59221,-0.421068
943,0.293874,-2.68169,-1.34447,-0.406521
943.1,-0.0334105,-2.63444,-1.05519,-0.239276
943.2,-0.346225,-2.52465,-0.753179,0.289215
943.3,-0.626041,-2.37409,-0.464246,0.0615466
943.4,-0.864516,-2.2043,-0.206281,0.099594
943.5,-1.06117,-2.0318,0.011441,0.0202708
943.6,-1.21983,-1.86666,0.186385,-3.35737
943.7,-1.34569,-1.71328,0.320268,-2.79037
943.8,-1.44366,-1.5721,0.417043,-0.0376692
943.9,-1.51773,-1.44128,0.481593,-0.470901
944,-1.57092,-1.31803,0.519005,-2.22862
944.1,-1.60552,-1.19953,0.5342,0.696458
944.2,-1.62348,-1.08339,0.531731,0.661054
944.3,-1.62666,-0.967947,0.51567,0.610573
944.4,-1.61699,-0.852209,0.489507,0.544624
944.5,-1.59663,-0.73578,0.456084,0.460729
944.6,-1.56796,-0.61866,0.417551,0.351881
944.7,-1.53347,-0.50106,0.375356,0.196504
944.8,-1.49575,-0.383219,0.330286,-0.130622
944.9,-1.45737,-0.265278,0.28253,0.157017
945,-1.42081,-0.147184,0.231765,-1.47296
945.1,-1.38846,-0.0286573,0.177242,-0.974625
945.2,-1.36258,0.0908189,0.11786,-0.22859
945.3,-1.34537,0.211964,0.0522084,-0.783622
945.4,-1.33903,0.335646,-0.0214257,0.542606
945.5,-1.34581,0.46279,-0.105088,0.320021
945.6,-1.36808,0.594259,-0.201238,-1.34839
945.7,-1.40834,0.730658,-0.312882,-1.28452
945.8,-1.46912,0.872052,-0.443741,0.370715
945.9,-1.55278,1.01749,-0.598446,0.597187
946,-1.66093,1.16425,-0.782681,0.767798
946.1,-1.79336,1.30663,-1.00309,0.918764
946.2,-1.94614,1.43416,-1.26656,1.05692
946.3,-2.10868,1.52923,-1.57819,1.18035
946.4,-2.25997,1.56484,-1.93702,1.28144
946.5,-2.36566,1.50485,-2.32901,0.470393
946.6,-2.38086,1.31072,-2.71968,-0.010628
946.7,-2.26436,0.958395,-3.05361,0.235582
946.8,-2.00412,0.459578,-3.27032,0.227863
946.9,-1.63682,-0.130637,-3.33325,0.335151
947,-1.23914,-0.733128,-3.24828,0.689147
947.1,-0.893143,-1.27667,-3.05325,-0.228068
947.2,-0.653966,-1.71643,-2.79139,-1.41498
947.3,-0.53849,-2.03322,-2.49408,-1.79946
947.4,-0.531928,-2.22567,-2.18039,-1.67151
947.5,-0.601433,-2.30414,-1.86374,-1.30982
947.6,-0.709584,-2.28698,-1.55626,-0.924397
947.7,-0.824261,-2.19691,-1.26869,-1.10477
947.8,-0.923564,-2.05719,-1.00851,-3.99236
947.9,-0.996307,-1.88851,-0.778969,-0.233981
948,-1.03983,-1.70737,-0.579571,-1.47575
948.1,-1.05695,-1.52587,-0.407515,-1.9109
948.2,-1.05325,-1.35221,-0.259072,-2.12209
948.3,-1.03509,-1.19159,-0.130538,-1.82121
948.4,-1.00839,-1.0469,-0.0186854,-1.60737
948.5,-0.978073,-0.919457,0.0791369,0.333285
948.6,-0.947843,-0.809434,0.165073,0.385978
948.7,-0.920248,-0.716267,0.240881,0.428331
948.8,-0.896859,-0.638928,0.308046,0.46367
948.9,-0.878483,-0.576141,0.367853,0.493451
949,-0.865381,-0.52653,0.421437,0.518304
949.1,-0.857447,-0.48873,0.469802,0.538644
949.2,-0.854358,-0.461454,0.513841,0.554912
949.3,-0.855679,-0.443533,0.554338,0.567639
949.4,-0.860944,-0.433939,0.591981,0.577442
949.5,-0.869705,-0.431786,0.627367,0.584986
949.6,-0.881566,-0.436328,0.661009,0.590969
949.7,-0.896203,-0.44695,0.693344,0.596091
949.8,-0.913375,-0.463146,0.724741,0.601043
949.9,-0.932932,-0.48451,0.755504,0.60649
950,-0.954812,-0.51071,0.785874,0.613048
950.1,-0.979047,-0.541472,0.816027,0.621263
950.2,-1.00576,-0.576554,0.846069,0.631589
950.3,-1.03515,-0.615721,0.876026,0.64436
950.4,-1.0675,-0.658715,0.905831,0.659777
950.5,-1.10316,-0.705217,0.935304,0.677888
950.6,-1.14251,-0.754808,0.964123,0.698576
950.7,-1.18598,-0.806917,0.991802,0.721552
950.8,-1.23393,-0.860763,1.01765,0.746338
950.9,-1.28664,-0.915292,1.04075,0.772251
951,-1.34422,-0.969108,1.0599,0.798383
951.1,-1.40648,-1.02041,1.07366,0.823578
951.2,-1.47282,-1.06697,1.08032,0.846418
951.3,-1.54209,-1.10608,1.07799,0.865207
951.4,-1.61247,-1.1347,1.06472,0.877978
951.5,-1.68144,-1.14953,1.03872,0.882505
951.6,-1.74582,-1.14734,0.998633,0.876334
951.7,-1.80199,-1.12528,0.943796,0.856798
951.8,-1.84626,-1.08133,0.874535,0.820978
951.9,-1.87538,-1.01463,0.792257,0.765518
952,-1.88713,-0.925716,0.69936,0.686007
952.1,-1.88075,-0.816494,0.598896,0.575309
952.2,-1.85718,-0.689972,0.494074,0.418767
952.3,-1.81904,-0.549814,0.387699,-0.813784
952.4,-1.7703,-0.399815,0.281722,-0.738864
952.5,-1.71581,-0.243449,0.17698,-0.266998
952.6,-1.66082,-0.0835537,0.0731566,-0.870169
952.7,-1.61054,0.0777976,-0.0310874,-1.22896
952.8,-1.56985,0.239258,-0.1379,0.407453
952.9,-1.54316,0.400038,-0.250028,-1.53722
953,-1.53426,0.559638,-0.370675,0.442198
953.1,-1.54633,0.717484,-0.503437,0.365815
953.2,-1.58168,0.872466,-0.652316,0.585755
953.3,-1.64151,1.02232,-0.821728,0.744122
953.4,-1.72515,1.16278,-1.01639,0.878285
953.5,-1.82892,1.2865,-1.24081,0.998289
953.6,-1.94447,1.38167,-1.49806,1.10513
953.7,-2.05661,1.43098,-1.78729,1.19445
953.8,-2.14186,1.41172,-2.09986,1.25755
953.9,-2.16945,1.29917,-2.41519,-0.144795
954,-2.1079,1.07493,-2.69926,-0.214496
954.1,-1.9379,0.738607,-2.91078,0.478342
954.2,-1.66583,0.315765,-3.01595,-0.114431
954.3,-1.32697,-0.146713,-3.00384,-0.415936
954.4,-0.973044,-0.597235,-2.88999,0.259317
954.5,-0.652411,-0.996044,-2.70547,-0.49725
954.6,-0.396413,-1.32153,-2.48146,-0.577812
954.7,-0.216591,-1.56712,-2.24006,-2.59461
954.8,-0.109066,-1.73529,-1.99342,-1.03732
954.9,-0.0608878,-1.83318,-1.7472,-0.879494
955,-0.05557,-1.87038,-1.50432,-1.54431
955.1,-0.0770778,-1.85796,-1.26717,-1.33681
955.2,-0.112259,-1.80777,-1.03825,-0.902785
955.3,-0.15191,-1.73161,-0.819972,-1.38453
955.4,-0.19076,-1.64049,-0.614175,-0.935351
955.5,-0.22678,-1.54397,-0.421879,-1.5625
955.6,-0.260201,-1.44983,-0.243211,-0.857926
955.7,-0.292575,-1.36403,-0.0775179,-0.165038
955.8,-0.326039,-1.29092,0.0764448,-0.00275435
955.9,-0.362851,-1.23347,0.220309,0.164445
956,-0.405167,-1.1937,0.355902,0.296274
956.1,-0.454994,-1.17291,0.48508,0.39789
956.2,-0.514269,-1.17195,0.609575,0.480788
956.3,-0.584997,-1.19145,0.730841,0.554544
956.4,-0.669424,-1.2318,0.849885,0.626438
956.5,-0.770202,-1.29316,0.967031,0.701501
956.6,-0.890506,-1.3752,1.08158,0.782343
956.7,-1.03402,-1.47668,1.19129,0.869102
956.8,-1.20466,-1.59461,1.29167,0.959639
956.9,-1.4058,-1.72313,1.37503,1.0498
957,-1.63876,-1.85197,1.42944,1.1335
957.1,-1.90014,-1.96486,1.43827,1.20249
957.2,-2.17844,-2.03897,1.38119,1.24593
957.3,-2.45124,-2.04727,1.2384,0.40638
957.4,-2.68602,-1.96554,0.998489,0.293279
957.5,-2.84767,-1.78327,0.667447,-0.545617
957.6,-2.91144,-1.51262,0.272308,0.306558
957.7,-2.87357,-1.18748,-0.145702,-2.11618
957.8,-2.75138,-0.85167,-0.545302,0.127775
957.9,-2.57304,-0.544025,-0.896929,0.0323691
958,-2.3656,-0.289383,-1.18603,-0.523771
958.1,-2.14809,-0.0975806,-1.40966,-0.898576
958.2,-1.93076,0.0329106,-1.57135,-2.39673
958.3,-1.71771,0.110376,-1.67742,-1.13246
958.4,-1.50993,0.146078,-1.73514,-0.715196
958.5,-1.30756,0.151644,-1.75218,-0.210205
958.6,-1.11092,0.137425,-1.73642,-0.255064
958.7,-0.920743,0.111612,-1.69582,-0.873564
958.8,-0.737957,0.0799369,-1.63813,-1.99756
958.9,-0.563374,0.0458002,-1.57057,-0.321165
959,-0.397434,0.0106751,-1.49955,-0.138686
959.1,-0.240082,-0.0253822,-1.43047,-0.292224
959.2,-0.0907624,-0.0632403,-1.36774,-0.544286
959.3,0.0515146,-0.1043,-1.3148,-2.96292
959.4,0.188065,-0.150231,-1.27435,-2.32498
959.5,0.320407,-0.202841,-1.24851,-0.249533
959.6,0.450129,-0.264046,-1.23903,-0.146078
959.7,0.578751,-0.335936,-1.24745,0.250384
959.8,0.707571,-0.42089,-1.27522,0.399371
959.9,0.837448,-0.521747,-1.32375,0.520654
960,0.968507,-0.641985,-1.39427,0.634875
960.1,1.09966,-0.785871,-1.48756,0.74908
960.2,1.22786,-0.958491,-1.6033,0.86488
960.3,1.347,-1.16543,-1.73899,0.980606
960.4,1.44637,-1.41175,-1.88815,1.09201
960.5,1.50891,-1.69966,-2.03779,1.19223
960.6,1.51019,-2.02443,-2.16586,1.27125
960.7,1.42026,-2.36872,-2.24034,0.684544
960.8,1.21124,-2.69838,-2.22395,0.126794
960.9,0.871382,-2.96556,-2.08752,-0.294807
961,0.419065,-3.12397,-1.82867,0.232763
961.1,-0.0964589,-3.15028,-1.48203,-1.37357
961.2,-0.612538,-3.05436,-1.10874,0.277564
961.3,-1.07605,-2.86922,-0.77113,-0.329229
961.4,-1.45513,-2.63113,-0.511533,-1.34395
961.5,-1.7374,-2.36653,-0.345692,-2.57757
961.6,-1.92318,-2.09045,-0.267528,-3.95165
961.7,-2.02019,-1.81102,-0.257909,-0.471365
961.8,-2.04078,-1.53406,-0.292982,-0.808059
961.9,-2.00028,-1.26506,-0.350411,-1.17388
962,-1.91532,-1.00906,-0.413072,-0.824785
962.1,-1.80208,-0.769959,-0.470299,-0.00309702
962.2,-1.67486,-0.550003,-0.517307,-0.913662
962.3,-1.54532,-0.349814,-0.55364,-1.06239
962.4,-1.42219,-0.168743,-0.581428,-0.304144
962.5,-1.31159,-0.00530629,-0.603928,-1.17784
962.6,-1.21739,0.142452,-0.624543,0.290766
962.7,-1.14182,0.276681,-0.646293,0.391372
962.8,-1.08589,0.399534,-0.67162,0.468654
962.9,-1.04981,0.513044,-0.70242,0.529917
963,-1.03332,0.619027,-0.740176,0.580865
963.1,-1.03587,0.719004,-0.786137,0.626115
963.2,-1.05672,0.814121,-0.8415,0.669535
963.3,-1.09499,0.905056,-0.907549,0.714276
963.4,-1.14954,0.991886,-0.985758,0.762581
963.5,-1.2188,1.0739,-1.07781,0.815529
963.6,-1.30048,1.14936,-1.18549,0.872859
963.7,-1.39115,1.21517,-1.31044,0.932941
963.8,-1.48566,1.26655,-1.45362,0.99283
963.9,-1.57657,1.2968,-1.61448,1.04833
964,-1.65369,1.29734,-1.78981,1.09397
964.1,-1.70421,1.25852,-1.97246,1.12298
964.2,-1.71381,1.1714,-2.15053,1.12722
964.3,-1.66929,1.0306,-2.30785,0.560727
964.4,-1.56243,0.837469,-2.42659,-0.0946943
964.5,-1.3935,0.601822,-2.49183,0.0510408
964.6,-1.17256,0.340687,-2.49641,-1.56798
964.7,-0.917203,0.0739387,-2.44339,-0.612905
964.8,-0.647767,-0.181038,-2.34477,0.0506171
964.9,-0.382519,-0.413004,-2.21741,-0.0869393
965,-0.13486,-0.617579,-2.07833,-0.00799017
965.1,0.0871336,-0.795691,-1.94147,-0.729274
965.2,0.279672,-0.951194,-1.81624,-0.571056
965.3,0.441756,-1.0888,-1.70751,-0.103775
965.4,0.573874,-1.21272,-1.61641,0.719919
965.5,0.677121,-1.32603,-1.5412,0.783093
965.6,0.752715,-1.43044,-1.47822,0.824882
965.7,0.801834,-1.52633,-1.42263,0.850312
965.8,0.825664,-1.61295,-1.36905,0.861414
965.9,0.825586,-1.68862,-1.3122,0.858451
966,0.803394,-1.75114,-1.24736,0.840584
966.1,0.761482,-1.79819,-1.1709,0.806278
966.2,0.7029,-1.82784,-1.08055,0.753384
966.3,0.631231,-1.83903,-0.975582,0.678875
966.4,0.550287,-1.83191,-0.8567,0.577781
966.5,0.463686,-1.80804,-0.725757,0.439712
966.6,0.374429,-1.77027,-0.585297,-0.423653
966.7,0.284568,-1.72251,-0.438077,-1.36639
966.8,0.195053,-1.66929,-0.28665,-0.393536
966.9,0.105751,-1.61539,-0.133082,-0.299111
967,0.0155868,-1.56551,0.0211837,-1.27447
967.1,-0.0772525,-1.52405,0.175316,0.368499
967.2,-0.17513,-1.49499,0.328986,-1.54526
967.3,-0.280835,-1.48189,0.482169,-0.295386
967.4,-0.397536,-1.48787,0.634879,0.0922922
967.5,-0.528819,-1.51553,0.786819,0.444062
967.6,-0.678765,-1.56679,0.936917,0.630721
967.7,-0.851994,-1.64246,1.08267,0.778646
967.8,-1.05351,-1.74143,1.21921,0.909564
967.9,-1.28807,-1.85924,1.33808,1.02895
968,-1.55864,-1.98615,1.42569,1.13547
968.1,-1.86336,-2.10476,1.46222,1.2231
968.2,-2.19109,-2.18847,1.42212,1.28165
968.3,-2.5168,-2.20354,1.27872,0.167783
968.4,-2.80122,-2.11779,1.01459,0.146423
968.5,-2.9998,-1.91599,0.634743,0.0438394
968.6,-3.08052,-1.61359,0.173196,0.285698
968.7,-3.03902,-1.25604,-0.315983,0.30144
968.8,-2.89791,-0.901119,-0.778645,0.114391
968.9,-2.69164,-0.597205,-1.17661,-0.988229
969,-2.45066,-0.371218,-1.49121,-0.987263
969.1,-2.19456,-0.22858,-1.71831,-2.20007
969.2,-1.93356,-0.159485,-1.8622,-2.27441
969.3,-1.67291,-0.146216,-1.93177,-1.23908
969.4,-1.41638,-0.169165,-1.93872,-0.937719
969.5,-1.16763,-0.210962,-1.89645,-0.357652
969.6,-0.930153,-0.258693,-1.81894,-0.892778
969.7,-0.70672,-0.304465,-1.71956,-0.607279
969.8,-0.499018,-0.34479,-1.61015,-0.23933
969.9,-0.30756,-0.37939,-1.50041,-0.547221
970,-0.131859,-0.409913,-1.39776,-0.239364
970.1,0.0293107,-0.438881,-1.30752,0.0862384
970.2,0.177642,-0.468984,-1.23327,0.231069
970.3,0.315066,-0.502706,-1.17719,0.346073
970.4,0.443567,-0.542208,-1.14054,0.435806
970.5,0.565027,-0.589369,-1.12395,0.508304
970.6,0.681096,-0.645926,-1.12762,0.570839
970.7,0.793056,-0.71364,-1.15155,0.629487
970.8,0.901668,-0.794466,-1.19547,0.689074
970.9,1.00696,-0.890686,-1.25881,0.752923
971,1.10791,-1.00496,-1.34043,0.822515
971.1,1.20201,-1.14021,-1.43815,0.897342
971.2,1.2847,-1.29927,-1.54803,0.974989
971.3,1.34867,-1.48403,-1.66348,1.0513
971.4,1.3833,-1.69402,-1.77406,1.1204
971.5,1.37473,-1.92427,-1.86465,1.17461
971.6,1.30732,-2.16298,-1.91568,1.20412
971.7,1.16742,-2.39013,-1.90575,-0.0807416
971.8,0.949269,-2.57932,-1.8173,0.318589
971.9,0.660598,-2.70402,-1.64423,-1.26284
972,0.323892,-2.74685,-1.39709,-2.85926
972.1,-0.0293346,-2.7064,-1.10165,-0.943129
972.2,-0.368461,-2.59699,-0.790609,0.169116
972.3,-0.671798,-2.4416,-0.493743,0.267405
972.4,-0.928968,-2.2634,-0.231709,-0.235933
972.5,-1.13853,-2.08003,-0.0149976,-0.103323
972.6,-1.30405,-1.90198,0.15393,-0.0825055
972.7,-1.4308,-1.73368,0.277707,-0.442677
972.8,-1.52405,-1.5755,0.361642,-0.0125283
972.9,-1.58831,-1.42578,0.412124,-0.0851753
973,-1.62742,-1.28221,0.435671,-2.25878
973.1,-1.64475,-1.14273,0.438406,-1.48486
973.2,-1.64352,-1.00588,0.42573,-2.52318
973.3,-1.62699,-0.87089,0.402143,0.508099
973.4,-1.59846,-0.737512,0.371148,0.41552
973.5,-1.56132,-0.605838,0.335235,0.295073
973.6,-1.51892,-0.476061,0.295944,0.118767
973.7,-1.47445,-0.348307,0.253976,-0.353572
973.8,-1.43091,-0.222514,0.209342,-0.389133
973.9,-1.39101,-0.0983706,0.161509,-0.0123976
974,-1.35723,0.0246965,0.109526,0.478085
974.1,-1.33184,0.147494,0.0521195,-0.264815
974.2,-1.31696,0.27101,-0.0122606,-0.687219
974.3,-1.31469,0.396335,-0.0854426,-0.770161
974.4,-1.32714,0.52456,-0.169586,0.560998
974.5,-1.35654,0.656628,-0.267283,0.331485
974.6,-1.4052,0.793117,-0.381711,0.237488
974.7,-1.47543,0.933909,-0.516821,0.502194
974.8,-1.56917,1.07764,-0.677521,0.67773
974.9,-1.68731,1.22084,-0.869761,0.830237
975,-1.82843,1.35655,-1.10028,0.971284
975.1,-1.98656,1.47237,-1.37551,1.10156
975.2,-2.148,1.54805,-1.69894,1.21619
975.3,-2.28764,1.5539,-2.06599,1.30537
975.4,-2.3675,1.45262,-2.45659,0.0421931
975.5,-2.34258,1.20916,-2.82931,0.603367
975.6,-2.17922,0.809818,-3.12555,0.559961
975.7,-1.88028,0.280639,-3.29066,0.364842
975.8,-1.49678,-0.313624,-3.30176,0.343948
975.9,-1.10927,-0.895099,-3.17719,0.872651
976,-0.791969,-1.40174,-2.95859,-1.53458
976.1,-0.587243,-1.79863,-2.68574,-0.328802
976.2,-0.501243,-2.07354,-2.38511,-0.124068
976.3,-0.513359,-2.22922,-2.07268,-0.255144
976.4,-0.589698,-2.27841,-1.76045,-0.966836
976.5,-0.695124,-2.24043,-1.45949,0.413075
976.6,-0.801318,-2.13779,-1.17927,-0.604253
976.7,-0.890176,-1.99266,-0.92603,-0.834451
976.8,-0.95341,-1.82427,-0.702103,-0.44964
976.9,-0.990102,-1.64769,-0.506687,-1.00864
977,-1.0038,-1.47378,-0.337102,-0.812056
977.1,-1.00009,-1.30982,-0.189965,-0.63146
977.2,-0.984877,-1.16025,-0.0619376,-1.56859
977.3,-0.963459,-1.02748,0.0499379,0.313378
977.4,-0.940067,-0.912401,0.148165,0.377478
977.5,-0.917786,-0.814939,0.234846,0.426321
977.6,-0.898661,-0.734369,0.311764,0.465464
977.7,-0.88389,-0.669593,0.380459,0.49759
977.8,-0.874041,-0.619339,0.442279,0.524118
977.9,-0.869246,-0.58229,0.49841,0.545935
978,-0.869369,-0.557181,0.549896,0.563784
978.1,-0.874133,-0.542847,0.59765,0.578413
978.2,-0.883213,-0.538259,0.642466,0.590624
978.3,-0.896299,-0.542529,0.685022,0.601266
978.4,-0.913148,-0.554904,0.725893,0.611215
978.5,-0.933606,-0.574757,0.765547,0.621348
978.6,-0.957629,-0.601559,0.804351,0.632501
978.7,-0.985297,-0.634855,0.842563,0.645435
978.8,-1.01681,-0.674227,0.88032,0.66078
978.9,-1.05248,-0.719253,0.917624,0.678998
979,-1.09275,-0.769455,0.95431,0.700333
979.1,-1.13811,-0.824236,0.99001,0.724783
979.2,-1.18912,-0.882803,1.02411,0.752074
979.3,-1.24629,-0.944077,1.05569,0.781632
979.4,-1.31003,-1.00659,1.08348,0.812568
979.5,-1.38046,-1.06838,1.10581,0.843651
979.6,-1.45725,-1.12689,1.12058,0.873285
979.7,-1.53945,-1.17888,1.12532,0.899489
979.8,-1.62519,-1.22049,1.11731,0.91989
979.9,-1.71157,-1.24735,1.09383,0.931739
980,-1.79462,-1.2549,1.05253,0.931932
980.1,-1.86946,-1.23889,0.991946,0.917053
980.2,-1.93079,-1.19604,0.91197,0.883376
980.3,-1.97367,-1.12468,0.81417,0.826671
980.4,-1.99443,-1.02523,0.701781,0.741747
980.5,-1.99143,-0.900219,0.579258,-1.33478
980.6,-1.9656,-0.753954,0.451485,0.190892
980.7,-1.92033,-0.591779,0.322852,-4.34844
980.8,-1.86099,-0.419225,0.196488,-0.155308
980.9,-1.79412,-0.241287,0.0738559,-2.22119
981,-1.72661,-0.061965,-0.045266,0.225
981.1,-1.66503,0.115872,-0.162507,0.0286949
981.2,-1.61519,0.29037,-0.280503,0.220687
981.3,-1.58192,0.460394,-0.40252,-0.143066
981.4,-1.56897,0.625122,-0.532184,0.35676
981.5,-1.5789,0.783561,-0.673333,0.567569
981.6,-1.6129,0.933981,-0.82995,0.718061
981.7,-1.67039,1.07323,-1.00604,0.84302
981.8,-1.74823,1.19588,-1.20528,0.953517
981.9,-1.83963,1.29336,-1.43021,1.05204
982,-1.93274,1.35308,-1.68057,1.13611
982.1,-2.00951,1.35848,-1.95076,1.19944
982.2,-2.04606,1.29092,-2.22685,0.220026
982.3,-2.01624,1.13462,-2.48489,-0.179408
982.4,-1.89957,0.884506,-2.6935,-0.419556
982.5,-1.69119,0.553133,-2.82252,-0.253379
982.6,-1.40776,0.17111,-2.85476,-0.866394
982.7,-1.08347,-0.221793,-2.79328,-1.04614
982.8,-0.757929,-0.589606,-2.65846,-0.161553
982.9,-0.463716,-0.908852,-2.47768,0.0426153
983,-0.220356,-1.16954,-2.27532,-1.30128
983.1,-0.0347009,-1.37123,-2.06784,-1.59036
983.2,0.0954591,-1.5184,-1.86377,-0.770809
983.3,0.177501,-1.61732,-1.66618,-0.267315
983.4,0.220976,-1.67459,-1.47532,-0.176504
983.5,0.235637,-1.69675,-1.29059,-0.253575
983.6,0.230245,-1.69027,-1.11153,-0.0844006
983.7,0.211922,-1.66153,-0.938117,-0.25368
983.8,0.185904,-1.61674,-0.77069,-1.49213
983.9,0.155588,-1.56177,-0.609668,-1.56779
984,0.122775,-1.50198,-0.455325,-0.509593
984.1,0.0880117,-1.44204,-0.30763,-0.40206
984.2,0.0509474,-1.38589,-0.166182,-2.79418
984.3,0.0106404,-1.33679,-0.0302116,-0.172825
984.4,-0.0342156,-1.2974,0.101364,-0.181145
984.5,-0.0851552,-1.26992,0.229857,0.404001
984.6,-0.143893,-1.25623,0.356711,0.0117064
984.7,-0.212346,-1.2581,0.483393,-0.524597
984.8,-0.29272,-1.27723,0.611267,-0.0537111
984.9,-0.387649,-1.31539,0.741424,0.334514
985,-0.500365,-1.37433,0.874445,0.497976
985.1,-0.634897,-1.45566,1.01002,0.636945
985.2,-0.796212,-1.5604,1.14637,0.768841
985.3,-0.990185,-1.68817,1.27925,0.8978
985.4,-1.22309,-1.83569,1.40055,1.02283
985.5,-1.50013,-1.99449,1.49635,1.13952
985.6,-1.82215,-2.14779,1.54493,1.2401
985.7,-2.18024,-2.26763,1.51614,1.31275
985.8,-2.54897,-2.31546,1.37539,0.562067
985.9,-2.88352,-2.25099,1.09547,-0.127257
986,-3.12836,-2.05157,0.674716,0.49917
986.1,-3.23984,-1.73277,0.149286,-0.543812
986.2,-3.20826,-1.35098,-0.415281,0.772343
986.3,-3.05892,-0.980538,-0.950169,-0.484865
986.4,-2.83214,-0.682925,-1.40568,-0.19816
986.5,-2.56262,-0.489394,-1.75663,-0.78103
986.6,-2.27212,-0.401052,-1.99635,-0.873564
986.7,-1.97316,-0.398276,-2.12984,-1.11439
986.8,-1.67476,-0.451954,-2.16957,-0.268736
986.9,-1.38522,-0.532864,-2.133,-0.627363
987,-1.11191,-0.617738,-2.03995,0.102998
987.1,-0.860172,-0.691718,-1.91004,0.0163095
987.2,-0.632654,-0.74795,-1.76054,-0.510225
987.3,-0.429637,-0.785582,-1.60529,-1.10794
987.4,-0.24977,-0.807383,-1.45449,-0.827169
987.5,-0.0908283,-0.817732,-1.31507,-1.2317
987.6,0.0497287,-0.821226,-1.19132,0.287391
987.7,0.174443,-0.821917,-1.08551,0.3791
987.8,0.285704,-0.822985,-0.998543,0.446956
987.9,0.385691,-0.82672,-0.93034,0.49906
988,0.476349,-0.834652,-0.880267,0.540362
988.1,0.559391,-0.847737,-0.847375,0.574154
988.2,0.63629,-0.866559,-0.830579,0.602921
988.3,0.708281,-0.891502,-0.828771,0.628769
988.4,0.776344,-0.922887,-0.840874,0.653587
988.5,0.841193,-0.961082,-0.865846,0.679088
988.6,0.903241,-1.00657,-0.902652,0.706711
988.7,0.96255,-1.05997,-0.950192,0.737492
988.8,1.01876,-1.12205,-1.00719,0.771942
988.9,1.07101,-1.19364,-1.07205,0.809938
989,1.11778,-1.27554,-1.14265,0.850669
989.1,1.15682,-1.36827,-1.21615,0.892633
989.2,1.18502,-1.47175,-1.28871,0.933625
989.3,1.19841,-1.58491,-1.35529,0.97075
989.4,1.19234,-1.70513,-1.4096,1.00042
989.5,1.16196,-1.82783,-1.44426,1.01837
989.6,1.10299,-1.94626,-1.45143,1.01969
989.7,1.01288,-2.05182,-1.42387,0.998838
989.8,0.892001,-2.13514,-1.3565,-3.98029
989.9,0.744282,-2.18788,-1.24774,-1.23999
990,0.577008,-2.20471,-1.10037,-1.07909
990.1,0.399442,-2.18485,-0.921195,-1.31902
990.2,0.220783,-2.13238,-0.719645,-0.091852
990.3,0.0482254,-2.05536,-0.505882,-0.270363
990.4,-0.11417,-1.96409,-0.289063,-1.80295
990.5,-0.265578,-1.86916,-0.0763395,-0.471219
990.6,-0.407739,-1.78013,0.12738,-0.53273
990.7,-0.543981,-1.70457,0.319088,-1.43711
990.8,-0.678315,-1.64781,0.497052,0.433519
990.9,-0.81478,-1.61292,0.660127,0.604342
991,-0.957046,-1.60074,0.807088,0.728734
991.1,-1.10816,-1.60994,0.936047,0.828487
991.2,-1.27025,-1.63689,1.04394,0.912863
991.3,-1.44412,-1.67533,1.12612,0.98503
991.4,-1.62846,-1.71616,1.17627,1.04436
991.5,-1.81889,-1.74732,1.18667,1.08748
991.6,-2.00702,-1.75452,1.14939,1.10878
991.7,-2.18022,-1.723,1.05836,0.566669
991.8,-2.32286,-1.64068,0.912245,-0.543158
991.9,-2.41959,-1.50177,0.716791,0.326649
992,-2.45976,-1.30938,0.485278,-0.0768092
992.1,-2.4411,-1.07532,0.23596,-3.38403
992.2,-2.37065,-0.816876,-0.0125875,-0.62168
992.3,-2.26233,-0.552154,-0.245924,-0.281657
992.4,-2.13281,-0.296281,-0.456011,0.0683448
992.5,-1.99764,-0.0596738,-0.640903,-1.34337
992.6,-1.86887,0.151794,-0.802873,-1.58509
992.7,-1.7543,0.335638,-0.94622,-0.504887
992.8,-1.65765,0.491431,-1.07557,0.643808
992.9,-1.57936,0.619728,-1.19483,0.730668
993,-1.51733,0.721361,-1.30674,0.792599
993.1,-1.46773,0.79708,-1.41271,0.836013
993.2,-1.42553,0.847445,-1.51287,0.86494
993.3,-1.38512,0.872928,-1.60616,0.880771
993.4,-1.34077,0.874137,-1.69052,0.883271
993.5,-1.28722,0.852123,-1.76317,0.871169
993.6,-1.22018,0.808663,-1.82102,0.842529
993.7,-1.13676,0.746429,-1.86124,0.794866
993.8,-1.0358,0.668948,-1.8818,0.725007
993.9,-0.917855,0.580317,-1.88205,0.628321
994,-0.784943,0.484718,-1.86295,-0.662526
994.1,-0.640071,0.385861,-1.82714,-0.0304124
994.2,-0.486645,0.286502,-1.77864,-0.0767246
994.3,-0.327937,0.18816,-1.72239,-0.2139
994.4,-0.166693,0.0910722,-1.66376,-0.552897
994.5,-0.00493594,-0.00566927,-1.60808,-0.418574
994.6,0.156054,-0.103871,-1.56031,-0.694751
994.7,0.31562,-0.205989,-1.52491,0.120243
994.8,0.473502,-0.314936,-1.50575,-0.343809
994.9,0.629547,-0.43399,-1.50608,0.203577
995,0.783322,-0.566783,-1.52848,0.482047
995.1,0.933634,-0.71735,-1.57469,0.654856
995.2,1.07787,-0.890131,-1.64517,0.795078
995.3,1.21111,-1.08978,-1.73831,0.919781
995.4,1.32494,-1.3205,-1.84915,1.0333
995.5,1.40619,-1.58445,-1.96748,1.13393
995.6,1.43601,-1.87892,-2.07586,1.21559
995.7,1.39081,-2.19222,-2.14858,1.26803
995.8,1.24688,-2.49986,-2.15402,-0.311171
995.9,0.989971,-2.76494,-2.06307,0.517457
996,0.626754,-2.9469,-1.86289,-1.11118
996.1,0.189704,-3.01748,-1.56843,0.417487
996.2,-0.27156,-2.9737,-1.22111,-1.11287
996.3,-0.708065,-2.83689,-0.873093,0.628631
996.4,-1.08551,-2.63932,-0.568407,-0.322423
996.5,-1.38735,-2.40995,-0.332529,-1.91641
996.6,-1.61026,-2.16781,-0.172185,-1.13114
996.7,-1.75834,-1.92276,-0.0806293,-1.20463
996.8,-1.83947,-1.67924,-0.0438095,-3.2308
996.9,-1.86352,-1.43974,-0.0453819,-1.9577
997,-1.8416,-1.20652,-0.0701786,-1.12326
997.1,-1.78536,-0.981956,-0.106205,-2.54782
997.2,-1.70625,-0.768276,-0.145384,-0.523013
997.3,-1.61475,-0.567096,-0.18335,-1.39874
997.4,-1.51984,-0.379202,-0.218685,-0.703918
997.5,-1.42877,-0.204532,-0.251957,-0.766979
997.6,-1.34703,-0.042296,-0.284849,-0.163306
997.7,-1.27859,0.108836,-0.319504,0.0112368
997.8,-1.22618,0.250535,-0.358132,0.179167
997.9,-1.19164,0.384632,-0.402835,0.308329
998,-1.17619,0.512951,-0.455597,0.408028
998.1,-1.18069,0.637163,-0.518376,0.490512
998.2,-1.20576,0.758628,-0.593255,0.565357
998.3,-1.25181,0.878203,-0.682612,0.639592
998.4,-1.31898,0.995987,-0.789286,0.717794
998.5,-1.40685,1.11093,-0.916666,0.801984
998.6,-1.51385,1.22025,-1.06863,0.891685
998.7,-1.63645,1.31864,-1.24918,0.984192
998.8,-1.76777,1.39723,-1.46148,1.07481
998.9,-1.89596,1.44257,-1.70599,1.15685
999,-2.00266,1.43639,-1.97752,1.22132
999.1,-2.06302,1.35733,-2.26161,1.25756
999.2,-2.04915,1.1863,-2.53225,-0.422923
999.3,-1.93886,0.915497,-2.75427,0.192997
999.4,-1.72721,0.556959,-2.89312,0.223168
999.5,-1.4337,0.143722,-2.92863,-0.495087
999.6,-1.09783,-0.280184,-2.86362,-0.722294
999.7,-0.764696,-0.674774,-2.72034,-1.35774
999.8,-0.470541,-1.01407,-2.5283,0.20379
999.9,-0.235917,-1.28698,-2.31296,-0.564906
1000,-0.0665694,-1.49283,-2.09074,-6.72288
