time,x,y,z,L
0,-1,0,1,0
0.1,-0.900317,0.0903475,0.900287,-inf
0.2,-0.802402,0.162858,0.801969,-inf
0.3,-0.707676,0.219814,0.705703,-inf
0.4,-0.617205,0.26348,0.611607,-inf
0.5,-0.531743,0.296001,0.519489,-inf
0.6,-0.451778,0.319355,0.429002,-inf
0.7,-0.377571,0.335327,0.339755,-inf
0.8,-0.309197,0.34551,0.251373,-inf
0.9,-0.246583,0.35131,0.163534,-inf
1,-0.189537,0.353957,0.0759844,-0.10693
1.1,-0.137777,0.354521,-0.0114576,0.0124304
1.2,-0.0909516,0.353927,-0.0989057,0.0911289
1.3,-0.0486623,0.352967,-0.186413,0.152098
1.4,-0.0104783,0.352322,-0.273981,0.202778
1.5,0.0240495,0.352571,-0.361566,0.24659
1.6,0.0553791,0.354214,-0.449087,0.285381
1.7,0.0839686,0.357679,-0.536429,0.320255
1.8,0.110271,0.36334,-0.623446,0.351908
1.9,0.134728,0.371535,-0.709961,0.380804
2,0.157774,0.38257,-0.795762,0.407254
2.1,0.179825,0.396741,-0.880599,0.431468
2.2,0.201291,0.414338,-0.964174,0.453582
2.3,0.222565,0.435658,-1.04614,0.473672
2.4,0.244037,0.461012,-1.12606,0.491759
2.5,0.266087,0.490733,-1.20344,0.507817
2.6,0.289092,0.52518,-1.27767,0.521767
2.7,0.31343,0.56474,-1.34801,0.533474
2.8,0.339481,0.609823,-1.41356,0.542738
2.9,0.367627,0.66086,-1.47324,0.549289
3,0.398258,0.718287,-1.52573,0.552768
3.1,0.431764,0.78252,-1.56948,0.552714
3.2,0.468539,0.853924,-1.60259,0.548552
3.3,0.508967,0.932758,-1.62284,0.539575
3.4,0.553414,1.01911,-1.62765,0.524946
3.5,0.602206,1.1128,-1.61408,0.503719
3.6,0.655604,1.21324,-1.57886,0.474924
3.7,0.713764,1.31934,-1.51852,0.437744
3.8,0.776689,1.42927,-1.42961,0.391848
3.9,0.844169,1.54035,-1.30903,0.337845
4,0.915706,1.64887,-1.15452,0.337845
4.1,0.990449,1.75002,-0.965341,0.337845
4.2,1.06712,1.83801,-0.742939,0.337845
4.3,1.14397,1.90634,-0.491677,0.337845
4.4,1.21878,1.94833,-0.219252,0.337845
4.5,1.28895,1.95798,0.0633684,0.337845
4.6,1.35161,1.9309,0.342698,0.337845
4.7,1.40386,1.86522,0.604217,0.337845
4.8,1.44307,1.76223,0.834343,0.337845
4.9,1.46711,1.62642,1.02241,0.337845
5,1.47463,1.46499,1.1621,0.337845
5.1,1.46519,1.2868,1.25195,0.337845
5.2,1.43925,1.10118,1.29485,0.337845
5.3,1.39812,0.916742,1.29685,0.337845
5.4,1.3437,0.740618,1.26563,0.337845
5.5,1.27832,0.57803,1.20915,0.337845
5.6,1.20449,0.432279,1.13469,0.337845
5.7,1.12469,0.304973,1.0483,0.337845
5.8,1.04129,0.196381,0.954606,0.337845
5.9,0.956365,0.105815,0.856913,0.337845
6,0.871726,0.0319662,0.757415,0.337845
6.1,0.788856,-0.026826,0.657444,0.337845
6.2,0.708932,-0.0723736,0.557718,0.337845
6.3,0.632847,-0.106505,0.458543,0.337845
6.4,0.561234,-0.130979,0.359976,0.337845
6.5,0.494508,-0.147433,0.261933,0.337845
6.6,0.432893,-0.157355,0.164271,0.337845
6.7,0.376459,-0.162071,0.066834,-0.0894627
6.8,0.325151,-0.162749,-0.0305188,0.0322777
6.9,0.278814,-0.160398,-0.127901,0.115677
7,0.237222,-0.155881,-0.225396,0.180911
7.1,0.200093,-0.149925,-0.323055,0.235283
7.2,0.167108,-0.143135,-0.420906,0.282348
7.3,0.137928,-0.136006,-0.518957,0.324113
7.4,0.112204,-0.128938,-0.617202,0.361821
7.5,0.0895837,-0.122249,-0.715625,0.396291
7.6,0.0697241,-0.11619,-0.814205,0.428097
7.7,0.0522926,-0.110952,-0.912917,0.457653
7.8,0.0369725,-0.106685,-1.01173,0.485273
7.9,0.0234645,-0.103504,-1.11063,0.511202
8,0.0114884,-0.1015,-1.20958,0.535635
8.1,0.000782732,-0.100748,-1.30856,0.55873
8.2,-0.00889603,-0.101318,-1.40754,0.580621
8.3,-0.0177746,-0.103276,-1.5065,0.601418
8.4,-0.0260648,-0.1067,-1.6054,0.621214
8.5,-0.0339663,-0.111678,-1.70421,0.640088
8.6,-0.0416691,-0.118317,-1.80289,0.658106
8.7,-0.0493563,-0.126752,-1.90139,0.675323
8.8,-0.057208,-0.137147,-1.99966,0.691782
8.9,-0.0654047,-0.149706,-2.0976,0.707516
9,-0.074131,-0.164677,-2.19514,0.722547
9.1,-0.0835802,-0.182362,-2.29213,0.736884
9.2,-0.0939589,-0.203125,-2.38842,0.750523
9.3,-0.105492,-0.227404,-2.4838,0.763445
9.4,-0.118429,-0.255718,-2.57797,0.775608
9.5,-0.133049,-0.288689,-2.67058,0.786948
9.6,-0.14967,-0.327046,-2.76112,0.797366
9.7,-0.168654,-0.371649,-2.84894,0.806723
9.8,-0.190418,-0.423503,-2.93316,0.814821
9.9,-0.215442,-0.48377,-3.01262,0.821388
10,-0.244281,-0.553786,-3.08575,0.826049
10.1,-0.27757,-0.63506,-3.15048,0.828287
10.2,-0.316037,-0.729264,-3.20403,0.827392
10.3,-0.360506,-0.838191,-3.24272,0.822386
10.4,-0.411896,-0.963671,-3.26168,0.811919
10.5,-0.471206,-1.10741,-3.2546,0.794124
10.6,-0.539491,-1.27072,-3.21339,0.766439
10.7,-0.617789,-1.4541,-3.12794,0.725418
10.8,-0.707026,-1.65655,-2.98616,0.66673
10.9,-0.807837,-1.87474,-2.7744,0.585928
11,-0.920318,-2.10182,-2.47878,0.48139
11.1,-1.04369,-2.32626,-2.08779,0.48139
11.2,-1.17588,-2.53096,-1.5964,0.48139
11.3,-1.31313,-2.69342,-1.01144,0.48139
11.4,-1.44969,-2.78778,-0.35656,0.48139
11.5,-1.57792,-2.78939,0.32587,0.48139
11.6,-1.68889,-2.68126,0.979387,0.48139
11.7,-1.7735,-2.46034,1.54537,0.48139
11.8,-1.82408,-2.14044,1.97875,0.48139
11.9,-1.8357,-1.74954,2.26008,0.48139
12,-1.80699,-1.3226,2.39803,0.48139
12.1,-1.74002,-0.893049,2.42207,0.48139
12.2,-1.6395,-0.486676,2.37066,0.48139
12.3,-1.51168,-0.119388,2.28075,0.48139
12.4,-1.36327,0.201764,2.18181,0.48139
12.5,-1.20071,0.475971,2.09418,0.48139
12.6,-1.0297,0.705874,2.02996,0.48139
12.7,-0.855065,0.895357,1.99487,0.48139
12.8,-0.680821,1.04815,1.99007,0.48139
12.9,-0.510273,1.16711,2.01348,0.48139
13,-0.346193,1.25408,2.06073,0.48139
13.1,-0.190958,1.31001,2.12577,0.48139
13.2,-0.0466533,1.3354,2.2014,0.48139
13.3,0.0848778,1.33078,2.27978,0.48139
13.4,0.202039,1.29717,2.35306,0.48139
13.5,0.303524,1.23651,2.41412,0.48139
13.6,0.388389,1.15182,2.45723,0.48139
13.7,0.456116,1.04716,2.47853,0.48139
13.8,0.506669,0.927454,2.47633,0.48139
13.9,0.540507,0.798034,2.451,0.48139
14,0.558555,0.664227,2.40463,0.48139
14.1,0.562142,0.530939,2.34046,0.48139
14.2,0.5529,0.40234,2.26232,0.48139
14.3,0.532663,0.281703,2.17409,0.48139
14.4,0.503354,0.17135,2.07928,0.48139
14.5,0.466892,0.0727227,1.98083,0.48139
14.6,0.425111,-0.0135038,1.88097,0.48139
14.7,0.379705,-0.0872682,1.78128,0.48139
14.8,0.332189,-0.148974,1.68273,0.48139
14.9,0.283877,-0.199352,1.58582,0.48139
15,0.235879,-0.239351,1.49068,0.48139
15.1,0.1891,-0.270048,1.39721,0.48139
15.2,0.144257,-0.292577,1.30516,0.48139
15.3,0.101885,-0.308083,1.21422,0.48139
15.4,0.0623645,-0.317684,1.12404,0.48139
15.5,0.0259334,-0.322447,1.0343,0.48139
15.6,-0.00729067,-0.323368,0.944748,0.48139
15.7,-0.0372921,-0.32136,0.855153,0.48139
15.8,-0.0641395,-0.31725,0.765358,0.48139
15.9,-0.0879693,-0.311772,0.675255,0.48139
16,-0.10897,-0.305569,0.584786,0.48139
16.1,-0.12737,-0.299198,0.493929,0.48139
16.2,-0.143424,-0.293132,0.402698,0.48139
16.3,-0.157404,-0.287768,0.31113,-0.55255
16.4,-0.169591,-0.283437,0.219282,-0.287158
16.5,-0.180267,-0.280412,0.127223,-0.137971
16.6,-0.189712,-0.278918,0.035037,-0.0330777
16.7,-0.198198,-0.279139,-0.0571857,0.048327
16.8,-0.205986,-0.281233,-0.149344,0.115021
16.9,-0.213329,-0.285335,-0.241329,0.171534
17,-0.220465,-0.29157,-0.333019,0.220509
17.1,-0.227624,-0.300059,-0.424279,0.263623
17.2,-0.235024,-0.310928,-0.514958,0.302
17.3,-0.242874,-0.324312,-0.604882,0.336424
17.4,-0.251378,-0.340364,-0.69385,0.367451
17.5,-0.260737,-0.359258,-0.781627,0.395486
17.6,-0.271149,-0.381196,-0.867936,0.420809
17.7,-0.282814,-0.406409,-0.952445,0.443621
17.8,-0.295937,-0.435163,-1.03476,0.464033
17.9,-0.310731,-0.46776,-1.1144,0.482096
18,-0.327419,-0.504537,-1.19079,0.497795
18.1,-0.346236,-0.545867,-1.26323,0.511049
18.2,-0.367431,-0.592151,-1.33088,0.521709
18.3,-0.391271,-0.643812,-1.39273,0.529548
18.4,-0.418036,-0.70128,-1.44754,0.534255
18.5,-0.44802,-0.764969,-1.49384,0.535421
18.6,-0.481528,-0.835243,-1.52987,0.532524
18.7,-0.518864,-0.912371,-1.55356,0.524926
18.8,-0.560324,-0.996462,-1.56253,0.511865
18.9,-0.606173,-1.08738,-1.55401,0.492482
19,-0.656623,-1.18463,-1.525,0.465895
19.1,-0.711795,-1.28722,-1.47225,0.431348
19.2,-0.771677,-1.39355,-1.39255,0.388449
19.3,-0.836065,-1.50119,-1.28296,0.33781
19.4,-0.904501,-1.6068,-1.14128,0.33781
19.5,-0.976204,-1.70604,-0.966578,0.33781
19.6,-1.05001,-1.79361,-0.759901,0.33781
19.7,-1.12432,-1.86354,-0.524857,0.33781
19.8,-1.19711,-1.90958,-0.268081,0.33781
19.9,-1.26595,-1.92596,0.000735601,0.33781
20,-1.32819,-1.90822,0.269403,0.33781
20.1,-1.38106,-1.85407,0.524449,0.33781
20.2,-1.42199,-1.76403,0.75283,0.33781
20.3,-1.44885,-1.64162,0.943761,0.33781
20.4,-1.46018,-1.49298,1.09018,0.33781
20.5,-1.45534,-1.3261,1.18942,0.33781
20.6,-1.43455,-1.14969,1.24302,0.33781
20.7,-1.39883,-0.972099,1.25579,0.33781
20.8,-1.34985,-0.800493,1.23445,0.33781
20.9,-1.28972,-0.640363,1.18641,0.33781
21,-1.22078,-0.495407,1.11867,0.33781
21.1,-1.14543,-0.367663,1.0373,0.33781
21.2,-1.06596,-0.257807,0.947093,0.33781
21.3,-0.984454,-0.1655,0.851583,0.33781
21.4,-0.902728,-0.0897081,0.753226,0.33781
21.5,-0.822308,-0.0289774,0.653595,0.33781
21.6,-0.744424,0.0183568,0.553615,0.33781
21.7,-0.670025,0.054023,0.453763,0.33781
21.8,-0.599807,0.0797147,0.354226,0.33781
21.9,-0.534244,0.0970282,0.255021,0.33781
22,-0.473618,0.107427,0.156078,-0.298514
22.1,-0.418053,0.112224,0.0572932,-0.071508
22.2,-0.367542,0.112577,-0.0414361,0.0421
22.3,-0.321979,0.109487,-0.140198,0.123251
22.4,-0.281176,0.10381,-0.239056,0.187667
22.5,-0.244893,0.0962606,-0.338052,0.241705
22.6,-0.212847,0.0874289,-0.437207,0.288623
22.7,-0.184733,0.0777893,-0.536522,0.330316
22.8,-0.160236,0.0677147,-0.635992,0.36798
22.9,-0.139038,0.0574883,-0.735599,0.402419
23,-0.120829,0.0473163,-0.835324,0.434195
23.1,-0.105313,0.0373387,-0.935144,0.463723
23.2,-0.0922094,0.0276395,-1.03504,0.491317
23.3,-0.0812607,0.0182562,-1.13498,0.517223
23.4,-0.0722315,0.00918736,-1.23497,0.541638
23.5,-0.0649106,0.000399573,-1.33496,0.564724
23.6,-0.0591114,-0.00816731,-1.43496,0.586617
23.7,-0.0546719,-0.0165958,-1.53494,0.607431
23.8,-0.0514543,-0.0249879,-1.6349,0.627264
23.9,-0.0493444,-0.0334629,-1.73481,0.6462
24,-0.0482514,-0.0421566,-1.83467,0.664313
24.1,-0.0481063,-0.0512217,-1.93445,0.681664
24.2,-0.0488625,-0.0608285,-2.03414,0.698308
24.3,-0.0504947,-0.0711674,-2.1337,0.71429
24.4,-0.0529994,-0.0824521,-2.23311,0.729649
24.5,-0.0563951,-0.0949236,-2.33233,0.744416
24.6,-0.0607227,-0.108856,-2.43129,0.758615
24.7,-0.0660476,-0.124562,-2.52993,0.772261
24.8,-0.0724606,-0.142404,-2.62815,0.785361
24.9,-0.0800811,-0.1628,-2.72583,0.797912
25,-0.0890604,-0.186237,-2.82279,0.809897
25.1,-0.0995852,-0.213285,-2.9188,0.821284
25.2,-0.111884,-0.244612,-3.01357,0.832021
25.3,-0.126231,-0.281001,-3.10668,0.842029
25.4,-0.142958,-0.323375,-3.19756,0.851192
25.5,-0.162458,-0.372814,-3.28547,0.859348
25.6,-0.185198,-0.430579,-3.36937,0.866267
25.7,-0.211734,-0.498139,-3.44785,0.871629
25.8,-0.242714,-0.577186,-3.519,0.874988
25.9,-0.278901,-0.669639,-3.58021,0.875719
26,-0.321177,-0.777634,-3.62795,0.87295
26.1,-0.370551,-0.903463,-3.65743,0.865451
26.2,-0.428157,-1.04945,-3.66225,0.851487
26.3,-0.495236,-1.2177,-3.63396,0.828602
26.4,-0.573085,-1.40972,-3.56159,0.793335
26.5,-0.662962,-1.62568,-3.43146,0.740952
26.6,-0.765924,-1.86349,-3.2272,0.665579
26.7,-0.882558,-2.11733,-2.93088,0.562195
26.8,-1.0126,-2.37603,-2.52546,0.562195
26.9,-1.15442,-2.62146,-1.99955,0.562195
27,-1.30444,-2.8279,-1.35435,0.562195
27.1,-1.45667,-2.96357,-0.611426,0.562195
27.2,-1.60257,-2.99569,0.182299,0.562195
27.3,-1.73155,-2.89893,0.957784,0.562195
27.4,-1.83238,-2.66473,1.63836,0.562195
27.5,-1.89514,-2.30687,2.16191,0.562195
27.6,-1.91321,-1.85909,2.49986,0.562195
27.7,-1.88437,-1.36549,2.66247,0.562195
27.8,-1.81083,-0.868481,2.68902,0.562195
27.9,-1.69817,-0.400101,2.63066,0.562195
28,-1.55386,0.0208418,2.53556,0.562195
28.1,-1.38586,0.386944,2.44103,0.562195
28.2,-1.20167,0.69827,2.37176,0.562195
28.3,-1.00789,0.958414,2.34162,0.562195
28.4,-0.810105,1.17159,2.35623,0.562195
28.5,-0.61299,1.34094,2.41518,0.562195
28.6,-0.420574,1.46785,2.51354,0.562195
28.7,-0.236451,1.55206,2.64269,0.562195
28.8,-0.063949,1.59234,2.79105,0.562195
28.9,0.0937927,1.58747,2.94504,0.562195
29,0.233865,1.53736,3.09034,0.562195
29.1,0.353721,1.444,3.21366,0.562195
29.2,0.451371,1.31199,3.3045,0.562195
29.3,0.525574,1.14844,3.35663,0.562195
29.4,0.575987,0.962386,3.36862,0.562195
29.5,0.603208,0.763716,3.34355,0.562195
29.6,0.608716,0.562093,3.28781,0.562195
29.7,0.594721,0.366019,3.2096,0.562195
29.8,0.563949,0.182273,3.11732,0.562195
29.9,0.51942,0.0157253,3.0185,0.562195
30,0.464242,-0.130552,2.91903,0.562195
30.1,0.401444,-0.255001,2.82295,0.562195
30.2,0.333854,-0.357236,2.73252,0.562195
30.3,0.264025,-0.437723,2.64852,0.562195
30.4,0.194194,-0.497523,2.57057,0.562195
30.5,0.12626,-0.538103,2.49755,0.562195
30.6,0.0617883,-0.561209,2.42792,0.562195
30.7,0.00202102,-0.568776,2.35998,0.562195
30.8,-0.05211,-0.562865,2.29211,0.562195
30.9,-0.0999612,-0.545603,2.22293,0.562195
31,-0.141154,-0.519134,2.15135,0.562195
31.1,-0.175547,-0.485556,2.07664,0.562195
31.2,-0.20321,-0.446869,1.99842,0.562195
31.3,-0.224387,-0.404923,1.9166,0.562195
31.4,-0.239467,-0.361374,1.8313,0.562195
31.5,-0.24895,-0.317654,1.74284,0.562195
31.6,-0.25341,-0.274954,1.65162,0.562195
31.7,-0.253471,-0.234221,1.55811,0.562195
31.8,-0.249775,-0.196166,1.46274,0.562195
31.9,-0.242959,-0.16128,1.36594,0.562195
32,-0.233638,-0.129863,1.26805,0.562195
32.1,-0.222388,-0.102047,1.1694,0.562195
32.2,-0.209737,-0.07783,1.07021,0.562195
32.3,-0.196154,-0.0571029,0.970662,0.562195
32.4,-0.182054,-0.0396761,0.870896,0.562195
32.5,-0.167786,-0.025304,0.771002,0.562195
32.6,-0.153645,-0.0137057,0.67104,0.562195
32.7,-0.139869,-0.00458237,0.571049,0.562195
32.8,-0.126642,0.00236918,0.471049,0.562195
32.9,-0.114106,0.00744536,0.371052,0.562195
33,-0.102359,0.0109278,0.271061,0.562195
33.1,-0.0914644,0.0130777,0.171076,-0.248808
33.2,-0.0814571,0.014132,0.0710945,-0.0804031
33.3,-0.0723461,0.0143017,-0.0288851,0.0277605
33.4,-0.0641213,0.013771,-0.128865,0.109454
33.5,-0.056757,0.0126974,-0.228848,0.175763
33.6,-0.0502166,0.0112133,-0.328833,0.231877
33.7,-0.0444551,0.00942723,-0.428823,0.280681
33.8,-0.039423,0.00742611,-0.528815,0.323964
33.9,-0.0350677,0.00527707,-0.628811,0.362912
34,-0.0313365,0.00302977,-0.72881,0.39836
34.1,-0.0281775,0.00071845,-0.828809,0.430915
34.2,-0.0255413,-0.00163613,-0.928809,0.461036
34.3,-0.0233817,-0.00402493,-1.02881,0.489078
34.4,-0.0216566,-0.00644915,-1.12881,0.515322
34.5,-0.0203285,-0.00891892,-1.2288,0.539994
34.6,-0.0193647,-0.0114524,-1.32879,0.563279
34.7,-0.0187378,-0.0140749,-1.42877,0.585331
34.8,-0.0184256,-0.0168186,-1.52875,0.606277
34.9,-0.0184118,-0.0197226,-1.62872,0.626227
35,-0.0186851,-0.0228326,-1.72867,0.645273
35.1,-0.0192405,-0.0262017,-1.82861,0.663496
35.2,-0.0200786,-0.0298911,-1.92853,0.680965
35.3,-0.0212063,-0.0339712,-2.02843,0.69774
35.4,-0.0226372,-0.0385232,-2.1283,0.713873
35.5,-0.0243916,-0.0436405,-2.22813,0.72941
35.6,-0.0264977,-0.0494316,-2.32791,0.744391
35.7,-0.0289921,-0.0560227,-2.42764,0.758851
35.8,-0.0319209,-0.0635611,-2.52728,0.772818
35.9,-0.0353411,-0.0722196,-2.62682,0.786318
36,-0.039322,-0.0822014,-2.72622,0.799371
36.1,-0.0439475,-0.0937464,-2.82545,0.811992
36.2,-0.0493184,-0.107138,-2.92444,0.824189
36.3,-0.0555554,-0.122714,-3.02313,0.835966
36.4,-0.0628026,-0.140874,-3.12139,0.847318
36.5,-0.0712322,-0.162093,-3.2191,0.858228
36.6,-0.0810494,-0.186941,-3.31606,0.86867
36.7,-0.0924994,-0.216092,-3.41201,0.878598
36.8,-0.105874,-0.250356,-3.50658,0.887943
36.9,-0.121522,-0.290693,-3.59928,0.896606
37,-0.139859,-0.338249,-3.68941,0.904444
37.1,-0.16138,-0.394384,-3.77603,0.911253
37.2,-0.186674,-0.460704,-3.85779,0.916746
37.3,-0.216439,-0.53909,-3.93286,0.920515
37.4,-0.251502,-0.631728,-3.99867,0.921983
37.5,-0.292833,-0.741104,-4.05166,0.920326
37.6,-0.34156,-0.869977,-4.08691,0.914365
37.7,-0.398975,-1.02127,-4.09767,0.902404
37.8,-0.466525,-1.19786,-4.07479,0.881977
37.9,-0.545776,-1.40213,-4.00606,0.849506
38,-0.638316,-1.63523,-3.8757,0.799842
38.1,-0.745592,-1.89595,-3.66416,0.726003
38.2,-0.868612,-2.17895,-3.34898,0.62046
38.3,-1.00749,-2.47254,-2.90743,0.62046
38.4,-1.16082,-2.75634,-2.32222,0.62046
38.5,-1.3249,-2.99982,-1.59057,0.62046
38.6,-1.49302,-3.16368,-0.735431,0.62046
38.7,-1.65517,-3.20603,0.186408,0.62046
38.8,-1.79863,-3.0938,1.0874,0.62046
38.9,-1.90973,-2.81594,1.86917,0.62046
39,-1.97643,-2.3911,2.4541,0.62046
39.1,-1.99098,-1.86384,2.81169,0.62046
39.2,-1.95129,-1.29042,2.96366,0.62046
39.3,-1.8607,-0.722216,2.96718,0.62046
39.4,-1.72644,-0.195174,2.89013,0.62046
39.5,-1.55761,0.272139,2.79214,0.62046
39.6,-1.3635,0.674549,2.71641,0.62046
39.7,-1.15264,1.01434,2.68953,0.62046
39.8,-0.932355,1.29606,2.72472,0.62046
39.9,-0.708881,1.52316,2.82512,0.62046
40,-0.487666,1.6963,2.98596,0.62046
40.1,-0.273718,1.81321,3.19569,0.62046
40.2,-0.0718916,1.86968,3.43674,0.62046
40.3,0.112999,1.86139,3.68683,0.62046
40.4,0.276274,1.78623,3.92154,0.62046
40.5,0.413687,1.64626,4.11803,0.62046
40.6,0.521846,1.4489,4.2592,0.62046
40.7,0.598643,1.20661,4.33681,0.62046
40.8,0.643536,0.93531,4.35249,0.62046
40.9,0.657627,0.65201,4.31619,0.62046
41,0.643485,0.372487,4.24299,0.62046
41.1,0.604808,0.109706,4.14929,0.62046
41.2,0.546013,-0.12684,4.04977,0.62046
41.3,0.471833,-0.330995,3.95549,0.62046
41.4,0.386998,-0.499364,3.87322,0.62046
41.5,0.296005,-0.630618,3.80564,0.62046
41.6,0.202974,-0.724915,3.75206,0.62046
41.7,0.111563,-0.783506,3.70941,0.62046
41.8,0.0249201,-0.80853,3.67321,0.62046
41.9,-0.054351,-0.802915,3.63852,0.62046
42,-0.124207,-0.770308,3.60073,0.62046
42.1,-0.183177,-0.71498,3.55616,0.62046
42.2,-0.230361,-0.641655,3.5024,0.62046
42.3,-0.265406,-0.555275,3.43838,0.62046
42.4,-0.288463,-0.460739,3.36431,0.62046
42.5,-0.300123,-0.362634,3.28135,0.62046
42.6,-0.301331,-0.265029,3.19127,0.62046
42.7,-0.293301,-0.171321,3.09608,0.62046
42.8,-0.277417,-0.0841752,2.99776,0.62046
42.9,-0.255149,-0.00551942,2.89801,0.62046
43,-0.227979,0.0634007,2.79813,0.62046
43.1,-0.197336,0.121939,2.69904,0.62046
43.2,-0.164547,0.169949,2.60121,0.62046
43.3,-0.130811,0.207685,2.50482,0.62046
43.4,-0.0971688,0.23571,2.40978,0.62046
43.5,-0.0645001,0.254807,2.31583,0.62046
43.6,-0.0335173,0.265915,2.22264,0.62046
43.7,-0.00477112,0.270059,2.12985,0.62046
43.8,0.02134,0.268304,2.03712,0.62046
43.9,0.0445572,0.261714,1.94417,0.62046
44,0.0647455,0.251311,1.85076,0.62046
44.1,0.0818773,0.238055,1.75676,0.62046
44.2,0.096015,0.222819,1.66208,0.62046
44.3,0.107293,0.206379,1.56669,0.62046
44.4,0.115903,0.189405,1.47061,0.62046
44.5,0.122076,0.172459,1.37388,0.62046
44.6,0.126069,0.155997,1.27658,0.62046
44.7,0.128153,0.140374,1.17877,0.62046
44.8,0.128605,0.125858,1.08055,0.62046
44.9,0.127693,0.112631,0.981966,0.62046
45,0.125676,0.100808,0.883104,0.62046
45.1,0.122796,0.0904439,0.784017,0.62046
45.2,0.119276,0.0815488,0.684755,0.62046
45.3,0.115314,0.0740947,0.585359,0.62046
45.4,0.111087,0.0680272,0.485863,0.62046
45.5,0.106749,0.0632737,0.386293,0.62046
45.6,0.102432,0.059751,0.28667,0.62046
45.7,0.0982467,0.0573714,0.187012,-0.277015
45.8,0.0942848,0.0560479,0.0873324,-0.100154
45.9,0.0906218,0.0556984,-0.0123562,0.012017
46,0.0873181,0.0562488,-0.112044,0.096175
46.1,0.0844222,0.057636,-0.21172,0.16417
46.2,0.0819722,0.0598089,-0.311376,0.221502
46.3,0.0799986,0.062731,-0.411001,0.271211
46.4,0.0785262,0.0663802,-0.510585,0.315174
46.5,0.077576,0.0707505,-0.610116,0.354632
46.6,0.0771674,0.0758525,-0.709579,0.390451
46.7,0.0773196,0.081714,-0.808959,0.423263
46.8,0.0780537,0.0883806,-0.908237,0.45354
46.9,0.0793938,0.0959171,-1.00739,0.481645
47,0.081369,0.104409,-1.10639,0.50786
47.1,0.0840147,0.113962,-1.2052,0.532411
47.2,0.0873743,0.124707,-1.30377,0.555478
47.3,0.0915007,0.136802,-1.40207,0.577203
47.4,0.096458,0.150432,-1.50001,0.5977
47.5,0.102324,0.165819,-1.59751,0.61706
47.6,0.109191,0.183218,-1.69447,0.635348
47.7,0.117169,0.202931,-1.79074,0.652609
47.8,0.12639,0.225307,-1.88616,0.668869
47.9,0.137008,0.250755,-1.98051,0.68413
48,0.149205,0.279746,-2.07348,0.698369
48.1,0.163193,0.312825,-2.16471,0.711536
48.2,0.179221,0.350624,-2.25373,0.723546
48.3,0.197577,0.393866,-2.33989,0.734271
48.4,0.218599,0.44338,-2.42239,0.743528
48.5,0.242672,0.500105,-2.50017,0.751064
48.6,0.270244,0.565095,-2.57185,0.756533
48.7,0.301823,0.639516,-2.63563,0.759467
48.8,0.337986,0.724626,-2.68917,0.759235
48.9,0.379377,0.821737,-2.72948,0.754988
49,0.426704,0.932143,-2.75267,0.745584
49.1,0.480724,1.057,-2.75388,0.7295
49.2,0.542218,1.1971,-2.72698,0.704726
49.3,0.611941,1.35263,-2.66457,0.668685
49.4,0.690545,1.52268,-2.55797,0.618315
49.5,0.77846,1.70472,-2.39756,0.550658
49.6,0.875726,1.89388,-2.17363,0.464586
49.7,0.981773,2.0822,-1.87791,0.464586
49.8,1.09516,2.25812,-1.50599,0.464586
49.9,1.21329,2.40643,-1.06044,0.464586
50,1.33224,2.50922,-0.554015,0.464586
50.1,1.4467,2.54823,-0.0115077,0.464586
50.2,1.55028,2.50854,0.531333,0.464586
50.3,1.63606,2.3826,1.03309,0.464586
50.4,1.6976,2.17338,1.45535,0.464586
50.5,1.72987,1.89473,1.77176,0.464586
50.6,1.73006,1.56862,1.97353,0.464586
50.7,1.69792,1.22026,2.06922,0.464586
50.8,1.63558,0.873009,2.07957,0.464586
50.9,1.54693,0.544942,2.03043,0.464586
51,1.43693,0.247587,1.94664,0.464586
51.1,1.31082,-0.0135003,1.8485,0.464586
51.2,1.17368,-0.23723,1.75057,0.464586
51.3,1.03004,-0.425295,1.66203,0.464586
51.4,0.883783,-0.580762,1.58779,0.464586
51.5,0.738084,-0.707101,1.52969,0.464586
51.6,0.595502,-0.807604,1.48744,0.464586
51.7,0.458057,-0.885122,1.45943,0.464586
51.8,0.327329,-0.942008,1.44321,0.464586
51.9,0.204548,-0.980181,1.43588,0.464586
52,0.090657,-1.00125,1.43431,0.464586
52.1,-0.0136317,-1.00666,1.43535,0.464586
52.2,-0.10781,-0.997813,1.43602,0.464586
52.3,-0.191555,-0.976206,1.43364,0.464586
52.4,-0.264721,-0.943453,1.42594,0.464586
52.5,-0.32734,-0.901324,1.41117,0.464586
52.6,-0.379614,-0.851716,1.38811,0.464586
52.7,-0.42191,-0.796596,1.35612,0.464586
52.8,-0.454748,-0.73793,1.31506,0.464586
52.9,-0.478784,-0.677597,1.26519,0.464586
53,-0.494781,-0.61732,1.20713,0.464586
53.1,-0.503584,-0.558605,1.14171,0.464586
53.2,-0.506089,-0.502704,1.06986,0.464586
53.3,-0.503213,-0.450599,0.992571,0.464586
53.4,-0.495866,-0.403005,0.910771,0.464586
53.5,-0.484927,-0.360392,0.825323,0.464586
53.6,-0.471226,-0.323012,0.736981,0.464586
53.7,-0.455528,-0.290932,0.646386,0.464586
53.8,-0.438524,-0.264076,0.554069,0.464586
53.9,-0.420829,-0.242261,0.460461,0.464586
54,-0.402975,-0.225225,0.365909,-0.522494
54.1,-0.385418,-0.212664,0.270689,-0.338409
54.2,-0.36854,-0.204249,0.175021,-0.190582
54.3,-0.352654,-0.199656,0.079087,-0.0761478
54.4,-0.338015,-0.198572,-0.0169595,0.0146768
54.5,-0.324825,-0.200714,-0.112984,0.0890959
54.6,-0.313239,-0.205837,-0.208861,0.15174
54.7,-0.303379,-0.213739,-0.304469,0.205601
54.8,-0.295338,-0.224268,-0.399681,0.252676
54.9,-0.289186,-0.237322,-0.494363,0.294338
55,-0.284983,-0.252854,-0.588364,0.331558
55.1,-0.282777,-0.270868,-0.681515,0.365036
55.2,-0.282617,-0.291426,-0.773619,0.395282
55.3,-0.284557,-0.314643,-0.864446,0.422664
55.4,-0.288657,-0.340689,-0.95372,0.447448
55.5,-0.294991,-0.369786,-1.04111,0.469812
55.6,-0.30365,-0.402214,-1.12623,0.48986
55.7,-0.314744,-0.438301,-1.20858,0.507634
55.8,-0.32841,-0.478428,-1.28759,0.523107
55.9,-0.344806,-0.523022,-1.36254,0.53619
56,-0.36412,-0.572552,-1.43256,0.546722
56.1,-0.386569,-0.627517,-1.49659,0.554463
56.2,-0.412396,-0.68843,-1.55333,0.55908
56.3,-0.441869,-0.755798,-1.60123,0.560136
56.4,-0.475281,-0.830079,-1.6384,0.557069
56.5,-0.512931,-0.911637,-1.66262,0.549181
56.6,-0.55512,-1.00067,-1.67125,0.535628
56.7,-0.602127,-1.09711,-1.66128,0.515439
56.8,-0.65418,-1.2005,-1.62934,0.487582
56.9,-0.711417,-1.30984,-1.5718,0.451137
57,-0.773835,-1.42343,-1.485,0.405614
57.1,-0.841225,-1.53863,-1.36554,0.351442
57.2,-0.913098,-1.65175,-1.21086,0.351442
57.3,-0.988604,-1.75794,-1.01984,0.351442
57.4,-1.06646,-1.85124,-0.793622,0.351442
57.5,-1.14489,-1.92486,-0.536371,0.351442
57.6,-1.22162,-1.97174,-0.255785,0.351442
57.7,-1.29395,-1.98539,0.0368781,0.351442
57.8,-1.35888,-1.96094,0.327532,0.351442
57.9,-1.41336,-1.89615,0.600798,0.351442
58,-1.45457,-1.79206,0.842118,0.351442
58.1,-1.48022,-1.65322,1.03993,0.351442
58.2,-1.48882,-1.48708,1.1873,0.351442
58.3,-1.47985,-1.30297,1.28249,0.351442
58.4,-1.45375,-1.11074,1.32852,0.351442
58.5,-1.41182,-0.919527,1.33179,0.351442
58.6,-1.35604,-0.73688,1.30049,0.351442
58.7,-1.28884,-0.568308,1.24314,0.351442
58.8,-1.21282,-0.417267,1.16746,0.351442
58.9,-1.13058,-0.285412,1.07984,0.351442
59,-1.04456,-0.172986,0.985125,0.351442
59.1,-0.956937,-0.0792257,0.886751,0.351442
59.2,-0.869581,-0.00272951,0.786956,0.351442
59.3,-0.784024,0.0582607,0.687071,0.351442
59.4,-0.701477,0.10565,0.587779,0.351442
59.5,-0.622857,0.141352,0.489337,0.351442
59.6,-0.548811,0.167199,0.391746,0.351442
59.7,-0.479759,0.184893,0.294869,0.351442
59.8,-0.415926,0.19598,0.198516,0.351442
59.9,-0.357376,0.201839,0.102488,-0.163571
60,-0.304043,0.203683,0.00661064,-0.00764885
60.1,-0.255761,0.202567,-0.089255,0.0859346
60.2,-0.212286,0.199395,-0.18521,0.156073
60.3,-0.173317,0.194938,-0.281319,0.213309
60.4,-0.138517,0.18984,-0.377617,0.262243
60.5,-0.107522,0.184639,-0.474111,0.305323
60.6,-0.0799588,0.179778,-0.570792,0.344003
60.7,-0.0554495,0.17562,-0.667637,0.379215
60.8,-0.033622,0.172464,-0.764611,0.411593
60.9,-0.0141135,0.170553,-0.861674,0.441587
61,0.0034254,0.170095,-0.958777,0.469532
61.1,0.0193291,0.171266,-1.05587,0.495679
61.2,0.0339163,0.174229,-1.15289,0.520228
61.3,0.0474902,0.179138,-1.24977,0.543334
61.4,0.0603402,0.186154,-1.34644,0.565121
61.5,0.0727437,0.195447,-1.44281,0.585689
61.6,0.0849693,0.207214,-1.53876,0.605112
61.7,0.0972797,0.221678,-1.63417,0.623446
61.8,0.109936,0.239104,-1.72888,0.640725
61.9,0.123202,0.259804,-1.82266,0.656964
62,0.137349,0.284149,-1.91528,0.672154
62.1,0.152659,0.312574,-2.00639,0.686259
62.2,0.169436,0.345592,-2.09558,0.699216
62.3,0.188004,0.383802,-2.1823,0.71092
62.4,0.20872,0.427896,-2.26586,0.721221
62.5,0.231977,0.47867,-2.34534,0.72991
62.6,0.258212,0.537028,-2.41959,0.736699
62.7,0.287911,0.603977,-2.48709,0.741199
62.8,0.321615,0.680622,-2.5459,0.742886
62.9,0.359921,0.768135,-2.5935,0.741058
63,0.403484,0.867705,-2.62669,0.734781
63.1,0.453006,0.980448,-2.6414,0.722811
63.2,0.509219,1.10726,-2.63256,0.703505
63.3,0.572853,1.24861,-2.59392,0.674747
63.4,0.644576,1.40418,-2.51809,0.633925
63.5,0.724912,1.57247,-2.39663,0.578189
63.6,0.81411,1.7502,-2.22056,0.505369
63.7,0.911969,1.93166,-1.98138,0.505369
63.8,1.01762,2.10813,-1.67277,0.505369
63.9,1.1293,2.26752,-1.29302,0.505369
64,1.24409,2.39471,-0.847899,0.505369
64.1,1.35782,2.4728,-0.353196,0.505369
64.2,1.46512,2.48574,0.164468,0.505369
64.3,1.55979,2.42179,0.669896,0.505369
64.4,1.63545,2.27703,1.12517,0.505369
64.5,1.68643,2.05743,1.49775,0.505369
64.6,1.70862,1.77828,1.7678,0.505369
64.7,1.70012,1.46109,1.93169,0.505369
64.8,1.66133,1.12898,2.00041,0.505369
64.9,1.59477,0.802505,1.99433,0.505369
65,1.50438,0.496999,1.93704,0.505369
65.1,1.39494,0.221895,1.85039,0.505369
65.2,1.2714,-0.0185556,1.75185,0.505369
65.3,1.13844,-0.223889,1.65374,0.505369
65.4,1.00022,-0.395971,1.56376,0.505369
65.5,0.860267,-0.537809,1.48595,0.505369
65.6,0.721462,-0.652743,1.42174,0.505369
65.7,0.5861,-0.743967,1.37084,0.505369
65.8,0.45597,-0.814304,1.33184,0.505369
65.9,0.332441,-0.866154,1.30271,0.505369
66,0.216545,-0.901535,1.28106,0.505369
66.1,0.109036,-0.922172,1.26443,0.505369
66.2,0.0104458,-0.929599,1.25035,0.505369
66.3,-0.0788889,-0.925257,1.23653,0.505369
66.4,-0.158797,-0.910565,1.22094,0.505369
66.5,-0.229261,-0.88697,1.20184,0.505369
66.6,-0.290403,-0.855962,1.17789,0.505369
66.7,-0.342479,-0.81907,1.14812,0.505369
66.8,-0.385866,-0.777831,1.11193,0.505369
66.9,-0.421051,-0.733752,1.0691,0.505369
67,-0.448613,-0.688263,1.01968,0.505369
67.1,-0.46921,-0.642678,0.963972,0.505369
67.2,-0.483551,-0.598161,0.902464,0.505369
67.3,-0.492384,-0.5557,0.83574,0.505369
67.4,-0.496468,-0.516097,0.764444,0.505369
67.5,-0.496559,-0.479972,0.689227,0.505369
67.6,-0.49339,-0.447769,0.610722,0.505369
67.7,-0.487661,-0.419779,0.529513,0.505369
67.8,-0.480023,-0.396157,0.446132,0.505369
67.9,-0.471078,-0.376948,0.361049,0.505369
68,-0.461369,-0.362116,0.274679,-0.258748
68.1,-0.45138,-0.351562,0.187389,-0.166521
68.2,-0.441538,-0.34515,0.0995005,-0.0828367
68.3,-0.432217,-0.342722,0.0113074,-0.0088033
68.4,-0.423739,-0.34412,-0.0769203,0.0560843
68.5,-0.416379,-0.349194,-0.164924,0.112945
68.6,-0.410375,-0.357816,-0.252447,0.162943
68.7,-0.40593,-0.369886,-0.339228,0.2071
68.8,-0.403221,-0.385341,-0.424988,0.246239
68.9,-0.402403,-0.404158,-0.509424,0.281008
69,-0.403617,-0.426353,-0.5922,0.311898
69.1,-0.406993,-0.45199,-0.672933,0.339272
69.2,-0.412658,-0.481171,-0.751184,0.363382
69.3,-0.420738,-0.514041,-0.826445,0.384386
69.4,-0.431362,-0.55078,-0.898123,0.402359
69.5,-0.444668,-0.591598,-0.965524,0.417296
69.6,-0.460798,-0.636726,-1.02783,0.429116
69.7,-0.479906,-0.686401,-1.0841,0.437663
69.8,-0.502152,-0.74085,-1.1332,0.442703
69.9,-0.527701,-0.800264,-1.17386,0.443925
70,-0.556718,-0.864766,-1.20459,0.440939
70.1,-0.58936,-0.934369,-1.2237,0.43329
70.2,-0.62576,-1.00892,-1.22933,0.420477
70.3,-0.666017,-1.08805,-1.21942,0.402004
70.4,-0.710167,-1.17107,-1.19183,0.377466
70.5,-0.758163,-1.2569,-1.14444,0.346685
70.6,-0.809834,-1.344,-1.07527,0.309879
70.7,-0.864856,-1.43026,-0.982745,0.309879
70.8,-0.922703,-1.51298,-0.865997,0.309879
70.9,-0.982616,-1.58888,-0.725187,0.309879
71,-1.04357,-1.65417,-0.561875,0.309879
71.1,-1.10426,-1.70477,-0.379323,0.309879
71.2,-1.16311,-1.73664,-0.182638,0.309879
71.3,-1.21834,-1.74619,0.0213077,0.309879
71.4,-1.26803,-1.73077,0.224292,0.309879
71.5,-1.31026,-1.68917,0.417456,0.309879
71.6,-1.34326,-1.62185,0.592251,0.309879
71.7,-1.36555,-1.53112,0.74142,0.309879
71.8,-1.37611,-1.4209,0.859802,0.309879
71.9,-1.37444,-1.29633,0.944777,0.309879
72,-1.36061,-1.16315,0.996268,0.309879
72.1,-1.33524,-1.02708,1.01635,0.309879
72.2,-1.29941,-0.893335,1.00863,0.309879
72.3,-1.25455,-0.766219,0.977498,0.309879
72.4,-1.20232,-0.648965,0.92755,0.309879
72.5,-1.14447,-0.54372,0.863078,0.309879
72.6,-1.08274,-0.451654,0.787806,0.309879
72.7,-1.01877,-0.373128,0.704771,0.309879
72.8,-0.954074,-0.307885,0.616328,0.309879
72.9,-0.889938,-0.255239,0.524222,0.309879
73,-0.827467,-0.214228,0.429702,0.309879
73.1,-0.767556,-0.183743,0.333637,-0.360714
73.2,-0.710907,-0.162623,0.236614,-0.248185
73.3,-0.658047,-0.149728,0.139035,-0.135246
73.4,-0.609343,-0.143981,0.0411754,-0.0365885
73.5,-0.565033,-0.144402,-0.0567592,0.0461017
73.6,-0.525243,-0.150127,-0.154602,0.115484
73.7,-0.49001,-0.160418,-0.252201,0.174517
73.8,-0.459305,-0.174661,-0.349403,0.225539
73.9,-0.433048,-0.192373,-0.446043,0.270256
74,-0.411129,-0.213192,-0.541937,0.309882
74.1,-0.393416,-0.236871,-0.636879,0.345285
74.2,-0.379775,-0.263276,-0.73063,0.377083
74.3,-0.370074,-0.292371,-0.822917,0.405715
74.4,-0.364198,-0.324219,-0.913419,0.431487
74.5,-0.362051,-0.358968,-1.00176,0.454604
74.6,-0.363564,-0.396845,-1.08748,0.475182
74.7,-0.368701,-0.438154,-1.17006,0.493266
74.8,-0.37746,-0.483258,-1.24885,0.508828
74.9,-0.389879,-0.532581,-1.32307,0.521771
75,-0.406032,-0.586587,-1.39178,0.531919
75.1,-0.426034,-0.64577,-1.45384,0.539015
75.2,-0.450035,-0.710629,-1.50788,0.542703
75.3,-0.478219,-0.78164,-1.55224,0.542518
75.4,-0.510792,-0.859211,-1.58497,0.537873
75.5,-0.547977,-0.943624,-1.60376,0.528047
75.6,-0.589991,-1.03496,-1.60594,0.512194
75.7,-0.637026,-1.13298,-1.58847,0.489382
75.8,-0.689212,-1.23703,-1.54807,0.458699
75.9,-0.746576,-1.34584,-1.48128,0.419478
76,-0.808988,-1.45739,-1.38475,0.371668
76.1,-0.876094,-1.56874,-1.25566,0.371668
76.2,-0.947243,-1.67589,-1.0922,0.371668
76.3,-1.02141,-1.77379,-0.894265,0.371668
76.4,-1.09716,-1.85645,-0.664182,0.371668
76.5,-1.17256,-1.91731,-0.407328,0.371668
76.6,-1.24526,-1.94991,-0.132424,0.371668
76.7,-1.31254,-1.9487,0.148728,0.371668
76.8,-1.37152,-1.91007,0.422231,0.371668
76.9,-1.41934,-1.83311,0.673744,0.371668
77,-1.45352,-1.72012,0.890489,0.371668
77.1,-1.47216,-1.57649,1.0631,0.371668
77.2,-1.47418,-1.41,1.18677,0.371668
77.3,-1.45942,-1.22971,1.26144,0.371668
77.4,-1.42862,-1.04475,1.29106,0.371668
77.5,-1.38325,-0.863299,1.28224,0.371668
77.6,-1.32538,-0.691875,1.24278,0.371668
77.7,-1.25738,-0.535077,1.18046,0.371668
77.8,-1.18175,-0.395646,1.10214,0.371668
77.9,-1.10095,-0.274746,1.01339,0.371668
78,-1.01723,-0.172328,0.918406,0.371668
78.1,-0.932586,-0.0874954,0.820117,0.371668
78.2,-0.848722,-0.0188256,0.720426,0.371668
78.3,-0.767017,0.0353894,0.620459,0.371668
78.4,-0.688553,0.0769638,0.5208,0.371668
78.5,-0.614139,0.107699,0.421676,0.371668
78.6,-0.544336,0.129309,0.323101,0.371668
78.7,-0.479496,0.143377,0.224977,0.371668
78.8,-0.419793,0.151334,0.127162,-0.219834
78.9,-0.365259,0.15445,0.0295104,-0.0354064
79,-0.315806,0.153834,-0.0681053,0.0672702
79.1,-0.27126,0.150442,-0.165785,0.142511
79.2,-0.231376,0.145088,-0.263597,0.203117
79.3,-0.195864,0.13845,-0.361584,0.25448
79.4,-0.164402,0.131092,-0.459767,0.299415
79.5,-0.13665,0.123469,-0.558146,0.33958
79.6,-0.112263,0.115945,-0.656713,0.376029
79.7,-0.090895,0.108808,-0.755451,0.409477
79.8,-0.0722123,0.102276,-0.854338,0.44043
79.9,-0.0558928,0.0965166,-0.953351,0.469262
80,-0.0416319,0.091654,-1.05247,0.496258
80.1,-0.0291436,0.0877794,-1.15166,0.521645
80.2,-0.0181618,0.0849609,-1.25092,0.545603
80.3,-0.00844009,0.0832515,-1.35021,0.568284
80.4,0.000249328,0.0826961,-1.44953,0.589813
80.5,0.00811659,0.0833388,-1.54884,0.610297
80.6,0.0153562,0.0852279,-1.64813,0.629825
80.7,0.0221493,0.0884224,-1.74738,0.648477
80.8,0.028666,0.0929964,-1.84656,0.666317
80.9,0.0350683,0.0990446,-1.94564,0.683404
81,0.041513,0.106687,-2.04458,0.699783
81.1,0.0481548,0.116076,-2.14334,0.715494
81.2,0.0551499,0.127399,-2.24186,0.730566
81.3,0.0626597,0.140889,-2.34007,0.745021
81.4,0.0708546,0.156829,-2.43786,0.758869
81.5,0.0799186,0.175561,-2.5351,0.772112
81.6,0.0900542,0.1975,-2.63163,0.784736
81.7,0.101488,0.223139,-2.72721,0.796713
81.8,0.114476,0.25307,-2.82155,0.807992
81.9,0.129311,0.287993,-2.91425,0.818499
82,0.146333,0.328738,-3.00476,0.828122
82.1,0.165933,0.376284,-3.09236,0.836705
82.2,0.188567,0.431775,-3.17607,0.844029
82.3,0.214765,0.49654,-3.25456,0.849786
82.4,0.245143,0.572112,-3.32607,0.853556
82.5,0.280413,0.660224,-3.38818,0.85475
82.6,0.321396,0.762799,-3.43765,0.852555
82.7,0.369023,0.881894,-3.47014,0.845836
82.8,0.424335,1.01959,-3.47991,0.833004
82.9,0.488465,1.1778,-3.45937,0.81184
83,0.562598,1.35787,-3.39883,0.779253
83.1,0.647886,1.56006,-3.28616,0.73106
83.2,0.745312,1.78268,-3.10692,0.662079
83.3,0.855461,2.02093,-2.84514,0.567571
83.4,0.9782,2.26544,-2.48531,0.567571
83.5,1.11224,2.50096,-2.01614,0.567571
83.6,1.25464,2.70551,-1.4362,0.567571
83.7,1.40035,2.8514,-0.760619,0.567571
83.8,1.54203,2.90885,-0.0261435,0.567571
83.9,1.67035,2.85268,0.709673,0.567571
84,1.77506,2.67053,1.37843,0.567571
84.1,1.84655,2.36887,1.9187,0.567571
84.2,1.87772,1.97309,2.29411,0.567571
84.3,1.86521,1.52097,2.50207,0.567571
84.4,1.80976,1.05233,2.56941,0.567571
84.5,1.71558,0.600224,2.53898,0.567571
84.6,1.58906,0.18646,2.45559,0.567571
84.7,1.43754,-0.178216,2.3567,0.567571
84.8,1.26823,-0.49128,2.26901,0.567571
84.9,1.08766,-0.754938,2.20891,0.567571
85,0.901411,-0.973195,2.18459,0.567571
85.1,0.714153,-1.14992,2.19825,0.567571
85.2,0.529791,-1.28785,2.24774,0.567571
85.3,0.351665,-1.38831,2.32771,0.567571
85.4,0.182732,-1.45148,2.43024,0.567571
85.5,0.0256823,-1.47697,2.54556,0.567571
85.6,-0.117015,-1.4646,2.66281,0.567571
85.7,-0.24315,-1.41514,2.77103,0.567571
85.8,-0.350868,-1.33093,2.86037,0.567571
85.9,-0.4388,-1.21612,2.92326,0.567571
86,-0.506191,-1.07659,2.95524,0.567571
86.1,-0.552979,-0.919439,2.95528,0.567571
86.2,-0.579816,-0.752296,2.92546,0.567571
86.3,-0.588011,-0.582549,2.87024,0.567571
86.4,-0.579416,-0.416737,2.79538,0.567571
86.5,-0.55627,-0.26014,2.70697,0.567571
86.6,-0.521031,-0.116631,2.61065,0.567571
86.7,-0.476229,0.0112808,2.51105,0.567571
86.8,-0.424331,0.122268,2.41161,0.567571
86.9,-0.367646,0.215953,2.3146,0.567571
87,-0.308267,0.292665,2.22118,0.567571
87.1,-0.248027,0.353239,2.13173,0.567571
87.2,-0.188489,0.398842,2.04598,0.567571
87.3,-0.130947,0.430853,1.96328,0.567571
87.4,-0.0764313,0.450772,1.8828,0.567571
87.5,-0.0257299,0.460157,1.80362,0.567571
87.6,0.0205934,0.460573,1.72488,0.567571
87.7,0.0621765,0.453557,1.64582,0.567571
87.8,0.0988354,0.440586,1.56585,0.567571
87.9,0.13054,0.423052,1.48452,0.567571
88,0.15739,0.402236,1.40157,0.567571
88.1,0.179593,0.379296,1.31686,0.567571
88.2,0.19744,0.355252,1.23036,0.567571
88.3,0.211282,0.33098,1.14213,0.567571
88.4,0.221516,0.30721,1.05232,0.567571
88.5,0.228564,0.284533,0.961067,0.567571
88.6,0.232854,0.263409,0.868569,0.567571
88.7,0.234815,0.244178,0.775005,0.567571
88.8,0.234861,0.227075,0.68055,0.567571
88.9,0.233385,0.212246,0.585369,0.567571
89,0.230751,0.199766,0.489606,0.567571
89.1,0.227294,0.189648,0.39339,0.567571
89.2,0.223317,0.181868,0.296834,-0.521481
89.3,0.219089,0.176368,0.200036,-0.261078
89.4,0.214847,0.173077,0.103083,-0.111416
89.5,0.210799,0.171912,0.00605198,-0.00568693
89.6,0.207125,0.172796,-0.0909832,0.0764155
89.7,0.203981,0.17566,-0.187953,0.143663
89.8,0.201503,0.180449,-0.284788,0.200649
89.9,0.199808,0.18713,-0.381416,0.250086
90,0.199,0.195692,-0.477757,0.293706
90.1,0.199177,0.206156,-0.573726,0.332678
90.2,0.200425,0.218569,-0.669222,0.367828
90.3,0.202834,0.233015,-0.76413,0.399752
90.4,0.206492,0.249613,-0.858313,0.428887
90.5,0.211491,0.268521,-0.951609,0.45556
90.6,0.217933,0.289938,-1.04382,0.480006
90.7,0.225932,0.314106,-1.13471,0.502394
90.8,0.235613,0.341316,-1.22398,0.522833
90.9,0.247124,0.371905,-1.31128,0.541378
91,0.260629,0.406264,-1.39615,0.558033
91.1,0.276318,0.444838,-1.47806,0.572749
91.2,0.29441,0.488122,-1.55633,0.585422
91.3,0.315148,0.536669,-1.6301,0.59588
91.4,0.338811,0.591073,-1.69834,0.603879
91.5,0.365709,0.651967,-1.75975,0.609081
91.6,0.396182,0.72,-1.81274,0.61104
91.7,0.4306,0.795806,-1.85535,0.609176
91.8,0.469357,0.879957,-1.88521,0.602746
91.9,0.512855,0.972887,-1.89945,0.590821
92,0.561492,1.0748,-1.89469,0.572275
92.1,0.615628,1.18552,-1.86702,0.5458
92.2,0.675548,1.30432,-1.81208,0.510028
92.3,0.741404,1.42969,-1.7252,0.463827
92.4,0.813144,1.55909,-1.6018,0.406876
92.5,0.890416,1.68867,-1.4379,0.406876
92.6,0.972466,1.81312,-1.23097,0.406876
92.7,1.05803,1.92555,-0.980923,0.406876
92.8,1.14524,2.01778,-0.691297,0.406876
92.9,1.23159,2.08089,-0.370138,0.406876
93,1.31397,2.10626,-0.0303725,0.406876
93.1,1.38881,2.087,0.310869,0.406876
93.2,1.45237,2.01932,0.634132,0.406876
93.3,1.5011,1.90375,0.920515,0.406876
93.4,1.53206,1.74542,1.15482,0.406876
93.5,1.5433,1.55349,1.32797,0.406876
93.6,1.53405,1.33967,1.43799,0.406876
93.7,1.50478,1.11637,1.48928,0.406876
93.8,1.45705,0.894946,1.49071,0.406876
93.9,1.39327,0.684571,1.45325,0.406876
94,1.31634,0.491672,1.38796,0.406876
94.1,1.22938,0.320012,1.30452,0.406876
94.2,1.13546,0.17111,1.21064,0.406876
94.3,1.0374,0.0448134,1.1119,0.406876
94.4,0.937705,-0.0601463,1.012,0.406876
94.5,0.838463,-0.145689,0.913156,0.406876
94.6,0.741375,-0.214044,0.816478,0.406876
94.7,0.647759,-0.267518,0.722355,0.406876
94.8,0.558592,-0.308354,0.630715,0.406876
94.9,0.47455,-0.338651,0.541239,0.406876
95,0.396054,-0.36033,0.453503,0.406876
95.1,0.323311,-0.375117,0.367064,0.406876
95.2,0.256354,-0.384546,0.281521,0.406876
95.3,0.195075,-0.389973,0.19654,0.406876
95.4,0.139256,-0.392583,0.111865,-0.170515
95.5,0.0885942,-0.393409,0.0273182,-0.0309049
95.6,0.0427249,-0.393344,-0.0572041,0.0543573
95.7,0.0012383,-0.393158,-0.141741,0.118653
95.8,-0.0363039,-0.393512,-0.226275,0.171311
95.9,-0.0703567,-0.394976,-0.310741,0.216378
96,-0.101382,-0.398036,-0.395032,0.255967
96.1,-0.129841,-0.403117,-0.479,0.29131
96.2,-0.156187,-0.410592,-0.562464,0.323171
96.3,-0.180868,-0.420793,-0.645203,0.352045
96.4,-0.204315,-0.43403,-0.726956,0.378257
96.5,-0.226949,-0.450595,-0.807415,0.402021
96.6,-0.249178,-0.470774,-0.886218,0.423463
96.7,-0.271399,-0.494858,-0.962934,0.442644
96.8,-0.293997,-0.523143,-1.03706,0.459565
96.9,-0.317353,-0.555942,-1.10798,0.47417
97,-0.341839,-0.593578,-1.17498,0.486345
97.1,-0.367823,-0.636386,-1.2372,0.495913
97.2,-0.395673,-0.684704,-1.29361,0.502629
97.3,-0.42575,-0.73886,-1.34299,0.506168
97.4,-0.458413,-0.79915,-1.38391,0.506118
97.5,-0.494012,-0.865802,-1.41466,0.501972
97.6,-0.532878,-0.938937,-1.43328,0.493124
97.7,-0.575319,-1.0185,-1.43754,0.478883
97.8,-0.621592,-1.10419,-1.42494,0.458506
97.9,-0.671888,-1.19536,-1.39277,0.431293
98,-0.726296,-1.29089,-1.33823,0.396748
98.1,-0.784761,-1.38907,-1.25863,0.354838
98.2,-0.84704,-1.4875,-1.15165,0.354838
98.3,-0.912644,-1.58297,-1.01576,0.354838
98.4,-0.980787,-1.67143,-0.850667,0.354838
98.5,-1.05033,-1.74814,-0.657873,0.354838
98.6,-1.11978,-1.80783,-0.441135,0.354838
98.7,-1.18727,-1.84521,-0.206748,0.354838
98.8,-1.25061,-1.8555,0.0365334,0.354838
98.9,-1.30744,-1.83518,0.278043,0.354838
99,-1.35537,-1.78263,0.506254,0.354838
99.1,-1.39221,-1.69861,0.710168,0.354838
99.2,-1.41614,-1.58636,0.880759,0.354838
99.3,-1.42596,-1.45126,1.01209,0.354838
99.4,-1.42116,-1.30017,1.10182,0.354838
99.5,-1.40196,-1.14059,1.15106,0.354838
99.6,-1.36929,-0.979708,1.16363,0.354838
99.7,-1.32461,-0.823795,1.14503,0.354838
99.8,-1.26979,-0.677746,1.10143,0.354838
99.9,-1.20692,-0.544965,1.0388,0.354838
100,-1.13811,-0.427446,0.96243,0.354838
100.1,-1.06545,-0.325991,0.876606,0.354838
100.2,-0.990818,-0.240487,0.784616,0.354838
100.3,-0.915897,-0.170171,0.688823,0.354838
100.4,-0.842102,-0.113868,0.590835,0.354838
100.5,-0.770594,-0.0701718,0.49168,0.354838
100.6,-0.702282,-0.0375884,0.39197,0.354838
100.7,-0.637847,-0.0146295,0.292038,0.354838
100.8,-0.577766,0.000122984,0.192045,-0.300246
100.9,-0.522343,0.00797681,0.0920472,-0.109573
101,-0.471732,0.0101074,-0.00794374,0.00792423
101.1,-0.42597,0.00754726,-0.107935,0.094182
101.2,-0.384996,0.0011837,-0.207933,0.162806
101.3,-0.34868,-0.00823815,-0.307931,0.220089
101.4,-0.31684,-0.0201088,-0.40791,0.269461
101.5,-0.289257,-0.033946,-0.507836,0.312985
101.6,-0.265697,-0.0493849,-0.607662,0.351985
101.7,-0.245914,-0.0661679,-0.707327,0.387352
101.8,-0.229669,-0.0841352,-0.806761,0.419713
101.9,-0.216734,-0.103216,-0.905882,0.44952
102,-0.206899,-0.123418,-1.0046,0.477106
102.1,-0.19998,-0.144825,-1.1028,0.502723
102.2,-0.195821,-0.167587,-1.20036,0.526561
102.3,-0.194298,-0.191918,-1.29713,0.548762
102.4,-0.195322,-0.218094,-1.39292,0.569427
102.5,-0.198842,-0.246454,-1.48753,0.588625
102.6,-0.204847,-0.277394,-1.58067,0.606386
102.7,-0.213369,-0.311378,-1.67202,0.622711
102.8,-0.224482,-0.348933,-1.76112,0.63756
102.9,-0.238308,-0.390657,-1.84746,0.650853
103,-0.255017,-0.437222,-1.93035,0.662459
103.1,-0.274831,-0.489373,-2.0089,0.672185
103.2,-0.298026,-0.547929,-2.08204,0.679763
103.3,-0.324931,-0.613779,-2.14834,0.684828
103.4,-0.355934,-0.687861,-2.20603,0.68689
103.5,-0.391472,-0.771139,-2.25287,0.685304
103.6,-0.432037,-0.864549,-2.28605,0.679219
103.7,-0.478155,-0.968919,-2.3021,0.667533
103.8,-0.530372,-1.08485,-2.29674,0.648833
103.9,-0.589221,-1.21251,-2.26488,0.621367
104,-0.655171,-1.35145,-2.2006,0.583097
104.1,-0.728556,-1.50017,-2.09733,0.531976
104.2,-0.809475,-1.65582,-1.94825,0.466722
104.3,-0.897658,-1.81366,-1.74708,0.466722
104.4,-0.992304,-1.96675,-1.48932,0.466722
104.5,-1.09191,-2.1057,-1.17387,0.466722
104.6,-1.19412,-2.21894,-0.805039,0.466722
104.7,-1.29561,-2.29361,-0.394218,0.466722
104.8,-1.39218,-2.31723,0.0394603,0.466722
104.9,-1.47892,-2.28009,0.470318,0.466722
105,-1.55073,-2.17769,0.869636,0.466722
105.1,-1.60287,-2.01241,1.21086,0.466722
105.2,-1.63163,-1.79377,1.47492,0.466722
105.3,-1.63486,-1.53677,1.65361,0.466722
105.4,-1.61219,-1.25909,1.74995,0.466722
105.5,-1.56495,-0.977886,1.77563,0.466722
105.6,-1.49587,-0.707438,1.74701,0.466722
105.7,-1.40857,-0.457877,1.68124,0.466722
105.8,-1.3071,-0.235135,1.5935,0.466722
105.9,-1.19549,-0.0416105,1.49566,0.466722
106,-1.07751,0.122853,1.39607,0.466722
106.1,-0.956435,0.260013,1.29997,0.466722
106.2,-0.835051,0.372464,1.2102,0.466722
106.3,-0.715594,0.463107,1.12787,0.466722
106.4,-0.599818,0.534817,1.05295,0.466722
106.5,-0.489042,0.590274,0.984765,0.466722
106.6,-0.384217,0.631893,0.922251,0.466722
106.7,-0.285989,0.661812,0.864216,0.466722
106.8,-0.194751,0.681913,0.80946,0.466722
106.9,-0.110689,0.693861,0.756864,0.466722
107,-0.033823,0.699133,0.705445,0.466722
107.1,0.0359605,0.699051,0.654373,0.466722
107.2,0.098885,0.694803,0.602986,0.466722
107.3,0.15526,0.687466,0.550783,0.466722
107.4,0.205461,0.678007,0.497416,0.466722
107.5,0.249919,0.667301,0.442672,0.466722
107.6,0.289098,0.656125,0.386461,0.466722
107.7,0.323491,0.645171,0.32879,0.466722
107.8,0.353604,0.63504,0.269753,-0.220725
107.9,0.379949,0.626254,0.209509,-0.160079
108,0.403034,0.619255,0.148271,-0.107567
108.1,0.423357,0.614415,0.0862956,-0.0594817
108.2,0.441403,0.61204,0.0238738,-0.0156927
108.3,0.457636,0.612382,-0.0386747,0.0243099
108.4,0.472496,0.61564,-0.101004,0.0608405
108.5,0.486399,0.621974,-0.162744,0.0941001
108.6,0.499736,0.631508,-0.223497,0.124224
108.7,0.51287,0.644339,-0.282837,0.151304
108.8,0.526138,0.66054,-0.340304,0.175401
108.9,0.53985,0.680163,-0.395402,0.196546
109,0.554291,0.703239,-0.447592,0.214747
109.1,0.569722,0.729782,-0.496289,0.229984
109.2,0.586378,0.75978,-0.540854,0.242215
109.3,0.604469,0.793192,-0.580595,0.251371
109.4,0.624179,0.829936,-0.614765,0.257365
109.5,0.645667,0.869883,-0.642561,0.260097
109.6,0.669059,0.912834,-0.663137,0.259462
109.7,0.694447,0.958509,-0.675611,0.255369
109.8,0.721881,1.00652,-0.679093,0.247757
109.9,0.751367,1.05636,-0.672711,0.236621
110,0.782852,1.10737,-0.655661,0.222039
110.1,0.816219,1.15871,-0.627259,0.222039
110.2,0.851273,1.2094,-0.587015,0.222039
110.3,0.887735,1.25823,-0.534714,0.222039
110.4,0.92523,1.30385,-0.470506,0.222039
110.5,0.963284,1.34478,-0.39499,0.222039
110.6,1.00132,1.37942,-0.309288,0.222039
110.7,1.03866,1.4062,-0.215089,0.222039
110.8,1.07456,1.42364,-0.114651,0.222039
110.9,1.1082,1.43047,-0.0107385,0.222039
111,1.13874,1.42578,0.0934973,0.222039
111.1,1.16534,1.4091,0.194699,0.222039
111.2,1.18725,1.38052,0.289527,0.222039
111.3,1.2038,1.34067,0.374906,0.222039
111.4,1.21448,1.29074,0.448239,0.222039
111.5,1.21898,1.23242,0.507582,0.222039
111.6,1.21717,1.16772,0.551739,0.222039
111.7,1.20915,1.09886,0.58027,0.222039
111.8,1.19524,1.02814,0.593428,0.222039
111.9,1.17592,0.9577,0.592037,0.222039
112,1.15183,0.889503,0.577331,0.222039
112.1,1.12372,0.825197,0.550805,0.222039
112.2,1.09241,0.766091,0.514063,0.222039
112.3,1.05874,0.713148,0.468709,0.222039
112.4,1.02357,0.667003,0.416267,0.222039
112.5,0.987691,0.628005,0.358127,0.222039
112.6,0.951869,0.596261,0.295533,0.222039
112.7,0.916784,0.57169,0.229571,0.222039
112.8,0.883038,0.554076,0.161194,0.222039
112.9,0.851151,0.543107,0.091231,0.222039
113,0.821562,0.538419,0.0204188,-0.0108999
113.1,0.79463,0.539622,-0.050578,0.0267995
113.2,0.770645,0.54633,-0.121143,0.0632384
113.3,0.749833,0.558175,-0.19069,0.0975136
113.4,0.732362,0.574821,-0.258639,0.129042
113.5,0.718359,0.595965,-0.324409,0.157482
113.6,0.707907,0.621348,-0.3874,0.182645
113.7,0.70106,0.650744,-0.446978,0.204433
113.8,0.697849,0.683959,-0.502475,0.222785
113.9,0.698282,0.720819,-0.55317,0.237652
114,0.702352,0.761158,-0.598292,0.248977
114.1,0.710033,0.8048,-0.637012,0.256687
114.2,0.721289,0.851543,-0.668449,0.260699
114.3,0.736062,0.901133,-0.691671,0.260923
114.4,0.754273,0.95324,-0.705716,0.257284
114.5,0.775814,1.00743,-0.709616,0.249738
114.6,0.80054,1.06313,-0.70243,0.238305
114.7,0.828259,1.11962,-0.6833,0.223106
114.8,0.858717,1.17598,-0.651516,0.223106
114.9,0.891591,1.23111,-0.606601,0.223106
115,0.926469,1.28368,-0.548405,0.223106
115.1,0.962848,1.3322,-0.477209,0.223106
115.2,1.00012,1.37501,-0.393821,0.223106
115.3,1.03757,1.41039,-0.299657,0.223106
115.4,1.0744,1.43664,-0.196775,0.223106
115.5,1.10971,1.45219,-0.0878647,0.223106
115.6,1.14258,1.45578,0.0238453,0.223106
115.7,1.17204,1.44654,0.134749,0.223106
115.8,1.19718,1.42419,0.241094,0.223106
115.9,1.21718,1.38903,0.339252,0.223106
116,1.23135,1.34203,0.425992,0.223106
116.1,1.23919,1.28473,0.49872,0.223106
116.2,1.24041,1.21917,0.555642,0.223106
116.3,1.23497,1.14771,0.595829,0.223106
116.4,1.22306,1.07284,0.619187,0.223106
116.5,1.20509,0.997047,0.626342,0.223106
116.6,1.18167,0.9226,0.618476,0.223106
116.7,1.15355,0.851482,0.59714,0.223106
116.8,1.12156,0.785307,0.564076,0.223106
116.9,1.0866,0.725295,0.521071,0.223106
117,1.0496,0.672287,0.46984,0.223106
117.1,1.01143,0.62678,0.411964,0.223106
117.2,0.972935,0.588978,0.348849,0.223106
117.3,0.934879,0.558856,0.281722,0.223106
117.4,0.897942,0.536213,0.211639,0.223106
117.5,0.862715,0.520726,0.139507,0.223106
117.6,0.829696,0.512002,0.0661149,-0.0364914
117.7,0.799299,0.509609,-0.00784481,0.00431162
117.8,0.771856,0.513112,-0.0817441,0.0443384
117.9,0.747626,0.522093,-0.154998,0.0823914
118,0.726806,0.536167,-0.227041,0.117697
118.1,0.709538,0.55499,-0.297315,0.149814
118.2,0.695923,0.578267,-0.365244,0.178524
118.3,0.686023,0.605751,-0.430231,0.203735
118.4,0.679876,0.637235,-0.491638,0.225413
118.5,0.677497,0.67255,-0.54878,0.24354
118.6,0.678884,0.711548,-0.600916,0.258086
118.7,0.684023,0.754094,-0.64724,0.268999
118.8,0.692888,0.800042,-0.686882,0.276203
118.9,0.705439,0.849215,-0.718904,0.279597
119,0.721622,0.901381,-0.742308,0.27907
119.1,0.741361,0.956225,-0.756054,0.274519
119.2,0.764554,1.01332,-0.759082,0.265874
119.3,0.791059,1.07208,-0.750355,0.253129
119.4,0.820684,1.13175,-0.728913,0.23643
119.5,0.853174,1.19136,-0.693951,0.23643
119.6,0.888195,1.24972,-0.644912,0.23643
119.7,0.92532,1.30541,-0.581595,0.23643
119.8,0.964016,1.35677,-0.504277,0.23643
119.9,1.00364,1.40201,-0.413826,0.23643
120,1.04342,1.4392,-0.31179,0.23643
120.1,1.08249,1.46646,-0.20045,0.23643
120.2,1.11988,1.48206,-0.0827982,0.23643
120.3,1.15458,1.48461,0.0375669,0.23643
120.4,1.18554,1.47318,0.156632,0.23643
120.5,1.21178,1.44749,0.27024,0.23643
120.6,1.23241,1.40795,0.374409,0.23643
120.7,1.24668,1.3557,0.46565,0.23643
120.8,1.25408,1.29254,0.541229,0.23643
120.9,1.25432,1.22079,0.599346,0.23643
121,1.24741,1.1431,0.639186,0.23643
121.1,1.23359,1.06225,0.660863,0.23643
121.2,1.21334,0.980923,0.665268,0.23643
121.3,1.18736,0.90157,0.653867,0.23643
121.4,1.15648,0.826273,0.628479,0.23643
121.5,1.12164,0.756682,0.591078,0.23643
121.6,1.08382,0.694007,0.543634,0.23643
121.7,1.044,0.639039,0.487996,0.23643
121.8,1.00313,0.592198,0.425829,0.23643
121.9,0.962097,0.553601,0.358584,0.23643
122,0.921686,0.523127,0.287504,0.23643
122.1,0.882602,0.500484,0.213637,0.23643
122.2,0.845445,0.485267,0.137873,0.23643
122.3,0.810717,0.477009,0.0609689,-0.0351217
122.4,0.778825,0.475217,-0.016412,0.00937296
122.5,0.75009,0.479407,-0.0936749,0.0525463
122.6,0.724759,0.489125,-0.170266,0.0931749
122.7,0.703014,0.50396,-0.245649,0.130562
122.8,0.684983,0.523555,-0.319291,0.164374
122.9,0.67075,0.547611,-0.39064,0.194496
123,0.660367,0.575887,-0.459115,0.220923
123.1,0.653859,0.608193,-0.524094,0.243682
123.2,0.651234,0.644382,-0.5849,0.262806
123.3,0.652485,0.68434,-0.64079,0.278298
123.4,0.657598,0.727972,-0.690951,0.290109
123.5,0.666551,0.775179,-0.73449,0.298165
123.6,0.679312,0.82584,-0.770432,0.302353
123.7,0.695841,0.879783,-0.797724,0.302534
123.8,0.716078,0.936757,-0.815245,0.298561
123.9,0.739944,0.996394,-0.821828,0.290305
124,0.767323,1.05818,-0.816296,0.277695
124.1,0.798051,1.1214,-0.797518,0.260765
124.2,0.831904,1.18512,-0.764483,0.239718
124.3,0.868577,1.24815,-0.716403,0.239718
124.4,0.907667,1.30903,-0.652829,0.239718
124.5,0.948658,1.36604,-0.573794,0.239718
124.6,0.990907,1.41722,-0.47995,0.239718
124.7,1.03364,1.46044,-0.372695,0.239718
124.8,1.07594,1.49355,-0.25426,0.239718
124.9,1.1168,1.51451,-0.127718,0.239718
125,1.15511,1.52156,0.00309593,0.239718
125.1,1.18971,1.51348,0.133777,0.239718
125.2,1.2195,1.48967,0.259649,0.239718
125.3,1.24342,1.45036,0.376127,0.239718
125.4,1.26063,1.39662,0.479109,0.239718
125.5,1.27045,1.33031,0.565309,0.239718
125.6,1.27252,1.25391,0.632499,0.239718
125.7,1.26675,1.17036,0.679597,0.239718
125.8,1.25336,1.08277,0.706622,0.239718
125.9,1.23284,0.994213,0.714526,0.239718
126,1.20591,0.907464,0.704949,0.239718
126.1,1.17347,0.824906,0.679959,0.239718
126.2,1.13655,0.748424,0.641802,0.239718
126.3,1.09621,0.679392,0.592713,0.239718
126.4,1.05354,0.618697,0.534776,0.239718
126.5,1.00958,0.5668,0.469846,0.239718
126.6,0.965294,0.523814,0.399517,0.239718
126.7,0.921557,0.48958,0.325128,0.239718
126.8,0.879135,0.463747,0.247789,0.239718
126.9,0.838678,0.445839,0.168418,0.239718
127,0.800729,0.43531,0.0877772,-0.053552
127.1,0.765723,0.431592,0.0065182,-0.0039352
127.2,0.734002,0.434131,-0.074788,0.0441995
127.3,0.705822,0.442406,-0.15562,0.0893715
127.4,0.68137,0.455954,-0.23548,0.130816
127.5,0.660773,0.474374,-0.313875,0.168244
127.6,0.64411,0.497336,-0.390301,0.201635
127.7,0.631428,0.524578,-0.464223,0.23108
127.8,0.622743,0.555906,-0.535064,0.256702
127.9,0.618058,0.591183,-0.602196,0.278602
128,0.617364,0.630322,-0.66492,0.296837
128.1,0.620644,0.673269,-0.722462,0.311412
128.2,0.627883,0.719989,-0.773959,0.322276
128.3,0.639059,0.770444,-0.818449,0.329323
128.4,0.654151,0.824567,-0.854871,0.3324
128.5,0.673131,0.882233,-0.882063,0.331319
128.6,0.695955,0.943224,-0.898773,0.325875
128.7,0.722558,1.00719,-0.903681,0.31588
128.8,0.75284,1.07361,-0.895438,0.301204
128.9,0.786651,1.14172,-0.87273,0.281837
129,0.823768,1.21053,-0.834365,0.257951
129.1,0.863882,1.2787,-0.779391,0.257951
129.2,0.906569,1.34458,-0.707245,0.257951
129.3,0.951276,1.40622,-0.617918,0.257951
129.4,0.997297,1.46135,-0.512134,0.257951
129.5,1.04377,1.50753,-0.391506,0.257951
129.6,1.08969,1.54226,-0.258643,0.257951
129.7,1.13388,1.56316,-0.117163,0.257951
129.8,1.17511,1.56825,0.0284142,0.257951
129.9,1.21208,1.55615,0.172921,0.257951
130,1.24352,1.5263,0.310921,0.257951
130.1,1.26828,1.47913,0.437176,0.257951
130.2,1.28541,1.41604,0.547119,0.257951
130.3,1.29423,1.33939,0.637258,0.257951
130.4,1.29438,1.2522,0.70542,0.257951
130.5,1.28585,1.15797,0.750823,0.257951
130.6,1.26897,1.06031,0.773952,0.257951
130.7,1.24437,0.962643,0.776312,0.257951
130.8,1.21295,0.868034,0.760104,0.257951
130.9,1.17577,0.778985,0.727896,0.257951
131,1.134,0.697397,0.682343,0.257951
131.1,1.08885,0.624566,0.625975,0.257951
131.2,1.04153,0.561245,0.561066,0.257951
131.3,0.993158,0.507722,0.48957,0.257951
131.4,0.944768,0.463925,0.413111,0.257951
131.5,0.897273,0.429515,0.333009,0.257951
131.6,0.851456,0.40397,0.250322,0.257951
131.7,0.807973,0.386668,0.1659,-0.109951
131.8,0.767352,0.376936,0.0804323,-0.052993
131.9,0.73001,0.374104,-0.00550724,0.00355188
132,0.69626,0.377536,-0.0914204,0.0571167
132.1,0.666327,0.386653,-0.176855,0.106386
132.2,0.640365,0.400949,-0.261377,0.150921
132.3,0.618467,0.420001,-0.344557,0.190757
132.4,0.600682,0.44347,-0.425943,0.226129
132.5,0.587026,0.471101,-0.505057,0.257317
132.6,0.577492,0.502721,-0.581372,0.284575
132.7,0.572064,0.538226,-0.654306,0.308093
132.8,0.570717,0.577577,-0.723203,0.327989
132.9,0.573429,0.620785,-0.787325,0.344307
133,0.580183,0.66789,-0.845831,0.357015
133.1,0.590968,0.718951,-0.897772,0.366013
133.2,0.605779,0.774012,-0.942073,0.371135
133.3,0.624614,0.833081,-0.977529,0.372154
133.4,0.64747,0.896089,-1.0028,0.368796
133.5,0.67433,0.962852,-1.01643,0.360764
133.6,0.705156,1.03302,-1.01685,0.347777
133.7,0.739868,1.10603,-1.00246,0.329623
133.8,0.778329,1.18102,-0.971679,0.306246
133.9,0.820317,1.25683,-0.923055,0.277841
134,0.8655,1.33187,-0.855437,0.277841
134.1,0.91341,1.40417,-0.768156,0.277841
134.2,0.963412,1.47134,-0.661249,0.277841
134.3,1.01469,1.53062,-0.535692,0.277841
134.4,1.06623,1.57904,-0.393602,0.277841
134.5,1.11682,1.61357,-0.238366,0.277841
134.6,1.1651,1.63141,-0.0746305,0.277841
134.7,1.20958,1.63032,0.0918823,0.277841
134.8,1.24874,1.60889,0.254758,0.277841
134.9,1.28114,1.5668,0.407439,0.277841
135,1.30549,1.50502,0.543855,0.277841
135.1,1.32077,1.42573,0.659032,0.277841
135.2,1.32633,1.33216,0.749538,0.277841
135.3,1.32192,1.22831,0.813703,0.277841
135.4,1.30773,1.11849,0.851564,0.277841
135.5,1.28433,1.00696,0.864601,0.277841
135.6,1.25261,0.8976,0.855322,0.277841
135.7,1.21374,0.793645,0.826824,0.277841
135.8,1.16905,0.697591,0.782385,0.277841
135.9,1.11992,0.611169,0.725157,0.277841
136,1.06776,0.535401,0.657966,0.277841
136.1,1.01388,0.470714,0.583214,0.277841
136.2,0.959507,0.417057,0.502861,0.277841
136.3,0.905723,0.374036,0.418454,0.277841
136.4,0.853452,0.341018,0.331188,0.277841
136.5,0.803467,0.317234,0.241977,-0.183294
136.6,0.756389,0.301852,0.15152,-0.114204
136.7,0.712699,0.294038,0.0603617,-0.0442405
136.8,0.672757,0.292992,-0.0310545,0.0218195
136.9,0.636814,0.297986,-0.122351,0.081823
137,0.605032,0.308377,-0.213184,0.135351
137.1,0.577502,0.323618,-0.303221,0.182786
137.2,0.554259,0.343269,-0.392123,0.224755
137.3,0.535297,0.36699,-0.479529,0.261886
137.4,0.520584,0.394544,-0.565049,0.294706
137.5,0.510072,0.425789,-0.648242,0.323624
137.6,0.50371,0.46067,-0.728613,0.348935
137.7,0.501449,0.499211,-0.805596,0.370827
137.8,0.503252,0.541503,-0.878537,0.389396
137.9,0.509095,0.587691,-0.94668,0.404646
138,0.518973,0.637958,-1.00915,0.416504
138.1,0.532899,0.692502,-1.06492,0.424812
138.2,0.550906,0.751517,-1.11281,0.429334
138.3,0.573038,0.815155,-1.15148,0.429755
138.4,0.599347,0.883493,-1.17937,0.425688
138.5,0.629882,0.956482,-1.19476,0.416689
138.6,0.664673,1.03389,-1.19574,0.402292
138.7,0.703715,1.11522,-1.18028,0.382075
138.8,0.746939,1.19967,-1.1463,0.355756
138.9,0.794189,1.28598,-1.0918,0.323347
139,0.845177,1.37242,-1.01504,0.323347
139.1,0.899455,1.45669,-0.914806,0.323347
139.2,0.956369,1.53593,-0.790692,0.323347
139.3,1.01503,1.60672,-0.643475,0.323347
139.4,1.07428,1.66524,-0.475415,0.323347
139.5,1.13271,1.70755,-0.290496,0.323347
139.6,1.18866,1.72988,-0.094472,0.323347
139.7,1.24032,1.72913,0.105348,0.323347
139.8,1.28579,1.70331,0.300628,0.323347
139.9,1.32324,1.65194,0.482799,0.323347
140,1.35104,1.57624,0.643999,0.323347
140.1,1.36793,1.47916,0.777961,0.323347
140.2,1.37311,1.36505,0.880652,0.323347
140.3,1.36633,1.23918,0.950529,0.323347
140.4,1.34787,1.10718,0.988373,0.323347
140.5,1.31853,0.974452,0.996818,0.323347
140.6,1.27951,0.845742,0.979692,0.323347
140.7,1.23231,0.724836,0.941359,0.323347
140.8,1.17858,0.61447,0.886175,0.323347
140.9,1.12005,0.516365,0.818104,0.323347
141,1.05839,0.431352,0.740514,0.323347
141.1,0.995141,0.359554,0.656109,0.323347
141.2,0.931704,0.300561,0.566964,0.323347
141.3,0.86928,0.253604,0.474606,0.323347
141.4,0.80887,0.217694,0.380129,0.323347
141.5,0.751282,0.191735,0.284293,-0.288686
141.6,0.69714,0.174607,0.187626,-0.182376
141.7,0.646903,0.165224,0.090493,-0.0816972
141.8,0.600888,0.162578,-0.00683764,0.00568201
141.9,0.559288,0.165762,-0.104157,0.0797754
142,0.5222,0.173986,-0.201284,0.142825
142.1,0.48964,0.186583,-0.298045,0.197114
142.2,0.461567,0.203013,-0.39426,0.244458
142.3,0.437896,0.22286,-0.489734,0.2862
142.4,0.41852,0.245824,-0.584249,0.323319
142.5,0.403316,0.27172,-0.67756,0.356519
142.6,0.392161,0.300468,-0.769382,0.386301
142.7,0.384941,0.332086,-0.859385,0.41302
142.8,0.381561,0.366681,-0.947186,0.436912
142.9,0.381945,0.404444,-1.03233,0.458122
143,0.386051,0.445639,-1.11428,0.476712
143.1,0.393865,0.490597,-1.19238,0.49267
143.2,0.405411,0.539703,-1.26585,0.50591
143.3,0.420749,0.593384,-1.33378,0.516269
143.4,0.439976,0.652093,-1.39502,0.5235
143.5,0.463222,0.716289,-1.44824,0.52726
143.6,0.490647,0.7864,-1.49183,0.527102
143.7,0.522436,0.862784,-1.52387,0.522463
143.8,0.558782,0.945674,-1.54215,0.512657
143.9,0.599874,1.0351,-1.5441,0.496889
144,0.645872,1.13077,-1.52686,0.474298
144.1,0.696874,1.23201,-1.48731,0.444075
144.2,0.752876,1.33753,-1.42222,0.405671
144.3,0.813721,1.44536,-1.32854,0.359141
144.4,0.879037,1.55264,-1.20368,0.359141
144.5,0.948169,1.65554,-1.04611,0.359141
144.6,1.02011,1.74926,-0.855884,0.359141
144.7,1.09346,1.82817,-0.63535,0.359141
144.8,1.16637,1.88614,-0.389677,0.359141
144.9,1.2366,1.91715,-0.127099,0.359141
145,1.30158,1.9161,0.141338,0.359141
145.1,1.35859,1.87962,0.402688,0.359141
145.2,1.40493,1.80688,0.64359,0.359141
145.3,1.43827,1.69998,0.852078,0.359141
145.4,1.45679,1.56385,1.01925,0.359141
145.5,1.45947,1.40568,1.14036,0.359141
145.6,1.44612,1.23389,1.215,0.359141
145.7,1.41737,1.05705,1.24649,0.359141
145.8,1.37461,0.882915,1.24073,0.359141
145.9,1.31974,0.717758,1.20485,0.359141
146,1.255,0.566105,1.14609,0.359141
146.1,1.18276,0.43075,1.07094,0.359141
146.2,1.10536,0.312984,0.984778,0.359141
146.3,1.02497,0.212921,0.891699,0.359141
146.4,0.943547,0.129841,0.794647,0.359141
146.5,0.862735,0.0624785,0.695586,0.359141
146.6,0.783901,0.00926588,0.59573,0.359141
146.7,0.708121,-0.0314939,0.495759,0.359141
146.8,0.636207,-0.0615066,0.39599,0.359141
146.9,0.568734,-0.0824085,0.296522,0.359141
147,0.506071,-0.0957188,0.197327,0.359141
147.1,0.448416,-0.102814,0.0983218,-0.13741
147.2,0.395822,-0.104918,-0.000591635,0.000644549
147.3,0.348231,-0.103098,-0.0995039,0.092132
147.4,0.305495,-0.0982691,-0.198486,0.162441
147.5,0.267398,-0.0912053,-0.297585,0.220322
147.6,0.233681,-0.0825469,-0.396827,0.269959
147.7,0.204052,-0.0728134,-0.496222,0.313686
147.8,0.178204,-0.0624161,-0.595763,0.352939
147.9,0.155824,-0.0516703,-0.695437,0.388657
148,0.136604,-0.0408073,-0.795222,0.421492
148.1,0.120245,-0.0299862,-0.895096,0.451913
148.2,0.106467,-0.0193042,-0.995034,0.480272
148.3,0.0950073,-0.0088056,-1.09501,0.506838
148.4,0.0856286,0.00150932,-1.19501,0.531829
148.5,0.0781164,0.0116779,-1.29501,0.555418
148.6,0.0722824,0.0217695,-1.39498,0.577752
148.7,0.067964,0.0318809,-1.4949,0.598951
148.8,0.0650245,0.0421338,-1.59477,0.619119
148.9,0.0633531,0.0526726,-1.69454,0.638342
149,0.0628641,0.0636641,-1.7942,0.656695
149.1,0.0634971,0.075298,-1.89372,0.674241
149.2,0.0652166,0.0877892,-1.99305,0.691032
149.3,0.0680124,0.10138,-2.09216,0.707112
149.4,0.0718996,0.116345,-2.19098,0.722514
149.5,0.0769199,0.132997,-2.28942,0.737262
149.6,0.083143,0.151693,-2.3874,0.751369
149.7,0.0906683,0.172843,-2.48477,0.764835
149.8,0.0996277,0.19692,-2.58136,0.777649
149.9,0.110189,0.224475,-2.67692,0.78978
150,0.122561,0.256143,-2.77116,0.801178
150.1,0.136999,0.292669,-2.86364,0.811763
150.2,0.153807,0.334917,-2.95381,0.821419
150.3,0.173353,0.383893,-3.04092,0.829984
150.4,0.196072,0.440765,-3.12395,0.837227
150.5,0.222477,0.506877,-3.20154,0.842832
150.6,0.253168,0.583763,-3.27186,0.846358
150.7,0.288846,0.673149,-3.33244,0.847196
150.8,0.330316,0.776931,-3.37997,0.844504
150.9,0.378493,0.897119,-3.41003,0.83711
151,0.434397,1.03571,-3.41678,0.823378
151.1,0.499135,1.19449,-3.39262,0.801032
151.2,0.573849,1.37463,-3.3278,0.766926
151.3,0.659637,1.57616,-3.21029,0.716854
151.4,0.757403,1.79705,-3.02591,0.64576
151.5,0.867629,2.03214,-2.75922,0.549446
151.6,0.990053,2.27171,-2.39558,0.549446
151.7,1.12324,2.50025,-1.92503,0.549446
151.8,1.2641,2.69584,-1.34774,0.549446
151.9,1.4075,2.83134,-0.680401,0.549446
152,1.54607,2.87819,0.0394496,0.549446
152.1,1.67064,2.813,0.754946,0.549446
152.2,1.77124,2.62529,1.40017,0.549446
152.3,1.83871,2.32282,1.91736,0.549446
152.4,1.86641,1.93122,2.27362,0.549446
152.5,1.85136,1.48729,2.46835,0.549446
152.6,1.79453,1.02929,2.52836,0.549446
152.7,1.70015,0.588625,2.49502,0.549446
152.8,1.57454,0.185896,2.41108,0.549446
152.9,1.42484,-0.168805,2.31213,0.549446
153,1.25806,-0.473183,2.22348,0.549446
153.1,1.08055,-0.729437,2.16065,0.549446
153.2,0.897715,-0.941512,2.13141,0.549446
153.3,0.714074,-1.11327,2.13787,0.549446
153.4,0.533394,-1.24756,2.17808,0.549446
153.5,0.358873,-1.34594,2.24709,0.549446
153.6,0.193313,-1.40887,2.33766,0.549446
153.7,0.0392382,-1.43626,2.44088,0.549446
153.8,-0.10106,-1.42812,2.54684,0.549446
153.9,-0.225541,-1.38524,2.64553,0.549446
154,-0.332495,-1.30975,2.72785,0.549446
154.1,-0.420653,-1.20535,2.78664,0.549446
154.2,-0.489295,-1.07727,2.81743,0.549446
154.3,-0.538325,-0.931893,2.81875,0.549446
154.4,-0.568298,-0.776117,2.79199,0.549446
154.5,-0.580367,-0.61674,2.7407,0.549446
154.6,-0.576199,-0.459871,2.66984,0.549446
154.7,-0.557828,-0.310544,2.5848,0.549446
154.8,-0.527519,-0.172544,2.49074,0.549446
154.9,-0.487616,-0.0484102,2.39207,0.549446
155,-0.440431,0.0604287,2.29217,0.549446
155.1,-0.388142,0.153457,2.19341,0.549446
155.2,-0.332736,0.230857,2.09721,0.549446
155.3,-0.275967,0.293315,2.00417,0.549446
155.4,-0.219339,0.34186,1.91435,0.549446
155.5,-0.164103,0.377734,1.82737,0.549446
155.6,-0.111268,0.402304,1.74266,0.549446
155.7,-0.0616121,0.416992,1.65951,0.549446
155.8,-0.0157039,0.423226,1.57721,0.549446
155.9,0.0260765,0.422403,1.49513,0.549446
156,0.0635158,0.415862,1.41273,0.549446
156.1,0.0965444,0.404861,1.3296,0.549446
156.2,0.125215,0.390558,1.24544,0.549446
156.3,0.149678,0.374001,1.16007,0.549446
156.4,0.170168,0.356119,1.0734,0.549446
156.5,0.186974,0.337717,0.985441,0.549446
156.6,0.200433,0.319476,0.896238,0.549446
156.7,0.210907,0.301958,0.80589,0.549446
156.8,0.21877,0.285615,0.714517,0.549446
156.9,0.224401,0.270796,0.622251,0.549446
157,0.22817,0.257761,0.529228,0.549446
157.1,0.230435,0.246695,0.435583,0.549446
157.2,0.231531,0.237718,0.341441,-0.613242
157.3,0.231773,0.230901,0.246923,-0.336534
157.4,0.231449,0.226278,0.15214,-0.17119
157.5,0.230822,0.223858,0.0571977,-0.055738
157.6,0.230131,0.223634,-0.0378042,0.0328227
157.7,0.229591,0.225594,-0.132767,0.104637
157.8,0.229393,0.229728,-0.227592,0.164992
157.9,0.229713,0.236038,-0.322177,0.216973
158,0.230708,0.244539,-0.416411,0.262536
158.1,0.232526,0.255268,-0.510175,0.302989
158.2,0.235301,0.26829,-0.603331,0.339243
158.3,0.239167,0.283698,-0.695723,0.371952
158.4,0.244251,0.301617,-0.787168,0.401592
158.5,0.250684,0.322212,-0.877449,0.428506
158.6,0.258603,0.345684,-0.966309,0.452942
158.7,0.26815,0.372278,-1.05344,0.475068
158.8,0.279482,0.402284,-1.13845,0.49498
158.9,0.29277,0.436033,-1.2209,0.512718
159,0.308201,0.473906,-1.30022,0.528256
159.1,0.325984,0.516327,-1.37573,0.541508
159.2,0.346351,0.563761,-1.4466,0.552322
159.3,0.369555,0.616703,-1.51179,0.560466
159.4,0.395877,0.675673,-1.57008,0.565623
159.5,0.425618,0.741184,-1.61993,0.567372
159.6,0.4591,0.813718,-1.65954,0.565171
159.7,0.496654,0.893677,-1.68671,0.558339
159.8,0.538614,0.981312,-1.69888,0.546047
159.9,0.585293,1.07664,-1.69306,0.527322
160,0.636962,1.17931,-1.66587,0.501101
160.1,0.693807,1.28847,-1.61364,0.466366
160.2,0.755885,1.40257,-1.53258,0.422435
160.3,0.823059,1.51918,-1.41907,0.369435
160.4,0.894922,1.63481,-1.27019,0.369435
160.5,0.970717,1.74476,-1.08431,0.369435
160.6,1.04926,1.84318,-0.861955,0.369435
160.7,1.12886,1.92325,-0.60656,0.369435
160.8,1.20732,1.9777,-0.325149,0.369435
160.9,1.28197,1.99962,-0.0284847,0.369435
161,1.3498,1.98352,0.269484,0.369435
161.1,1.40768,1.92638,0.553049,0.369435
161.2,1.45262,1.82852,0.806847,0.369435
161.3,1.48214,1.69387,1.01817,0.369435
161.4,1.49454,1.52953,1.17883,0.369435
161.5,1.48906,1.34484,1.28604,0.369435
161.6,1.46595,1.14991,1.34206,0.369435
161.7,1.42638,0.954366,1.35301,0.369435
161.8,1.37228,0.766305,1.32716,0.369435
161.9,1.30604,0.591768,1.27335,0.369435
162,1.23032,0.434651,1.19973,0.369435
162.1,1.14779,0.296931,1.11315,0.369435
162.2,1.06096,0.179058,1.01885,0.369435
162.3,0.972113,0.0803808,0.920576,0.369435
162.4,0.883208,-0.000461466,0.820779,0.369435
162.5,0.795863,-0.0652326,0.720931,0.369435
162.6,0.711365,-0.115872,0.621792,0.369435
162.7,0.630693,-0.154344,0.523655,0.369435
162.8,0.554549,-0.182537,0.426525,0.369435
162.9,0.483393,-0.202211,0.330254,0.369435
163,0.417483,-0.214972,0.234628,0.369435
163.1,0.356907,-0.222252,0.139425,-0.323721
163.2,0.301615,-0.225318,0.0444465,-0.057119
163.3,0.251452,-0.225275,-0.0504678,0.0519847
163.4,0.206179,-0.223074,-0.145436,0.128942
163.5,0.165494,-0.219527,-0.240535,0.190044
163.6,0.129055,-0.215322,-0.335806,0.241478
163.7,0.0964918,-0.211034,-0.431262,0.28631
163.8,0.0674198,-0.207144,-0.526892,0.326288
163.9,0.041449,-0.20405,-0.622668,0.362499
164,0.0181919,-0.202083,-0.718549,0.395663
164.1,-0.00273072,-0.201521,-0.814482,0.426282
164.2,-0.0216865,-0.202602,-0.910405,0.454718
164.3,-0.0390294,-0.205537,-1.00625,0.481245
164.4,-0.0550987,-0.21052,-1.10193,0.506067
164.5,-0.0702199,-0.217744,-1.19735,0.529347
164.6,-0.0847058,-0.227403,-1.2924,0.551207
164.7,-0.0988588,-0.239713,-1.38696,0.57174
164.8,-0.112974,-0.254911,-1.48085,0.591012
164.9,-0.127343,-0.273271,-1.57389,0.609064
165,-0.142257,-0.29511,-1.66583,0.625912
165.1,-0.158014,-0.320799,-1.75636,0.641544
165.2,-0.174919,-0.350771,-1.8451,0.655918
165.3,-0.193295,-0.385528,-1.93157,0.668955
165.4,-0.213484,-0.42565,-2.01514,0.680535
165.5,-0.235856,-0.471804,-2.09504,0.690482
165.6,-0.260813,-0.524742,-2.17025,0.698554
165.7,-0.288795,-0.585304,-2.23949,0.704424
165.8,-0.320283,-0.65441,-2.30112,0.70765
165.9,-0.355804,-0.733038,-2.35306,0.707647
166,-0.395927,-0.822186,-2.39266,0.703641
166.1,-0.441264,-0.922803,-2.41663,0.694616
166.2,-0.492449,-1.03569,-2.42084,0.679249
166.3,-0.550121,-1.16132,-2.40027,0.655847
166.4,-0.614876,-1.29963,-2.34896,0.622331
166.5,-0.687211,-1.44968,-2.26005,0.576356
166.6,-0.767427,-1.60925,-2.12611,0.515836
166.7,-0.8555,-1.77433,-1.93975,0.440172
166.8,-0.950923,-1.93862,-1.69473,0.440172
166.9,-1.05251,-2.0932,-1.38763,0.440172
167,-1.15821,-2.22644,-1.02,0.440172
167.1,-1.26496,-2.32469,-0.600493,0.440172
167.2,-1.36862,-2.37375,-0.146394,0.440172
167.3,-1.46419,-2.36124,0.316737,0.440172
167.4,-1.54617,-2.2795,0.757953,0.440172
167.5,-1.60916,-2.12804,1.14628,0.440172
167.6,-1.64865,-1.91445,1.45709,0.440172
167.7,-1.66162,-1.65341,1.67705,0.440172
167.8,-1.64697,-1.36373,1.8058,0.440172
167.9,-1.60556,-1.06478,1.85399,0.440172
168,-1.53988,-0.773322,1.83894,0.440172
168.1,-1.4536,-0.501741,1.77994,0.440172
168.2,-1.35098,-0.257627,1.69466,0.440172
168.3,-1.23637,-0.0443974,1.59725,0.440172
168.4,-1.11389,0.137615,1.49776,0.440172
168.5,-0.987192,0.290038,1.40263,0.440172
168.6,-0.859375,0.415534,1.31536,0.440172
168.7,-0.732959,0.517146,1.23737,0.440172
168.8,-0.609936,0.597901,1.16868,0.440172
168.9,-0.491829,0.660594,1.10849,0.440172
169,-0.379768,0.707714,1.05548,0.440172
169.1,-0.274551,0.741437,1.00814,0.440172
169.2,-0.176707,0.763663,0.964908,0.440172
169.3,-0.0865478,0.776063,0.924294,0.440172
169.4,-0.00420202,0.780136,0.884937,0.440172
169.5,0.0703477,0.777242,0.845655,0.440172
169.6,0.137242,0.768643,0.805465,0.440172
169.7,0.196724,0.755513,0.763594,0.440172
169.8,0.249122,0.738955,0.719468,0.440172
169.9,0.294834,0.719996,0.672707,0.440172
170,0.334314,0.699591,0.623103,0.440172
170.1,0.368061,0.67861,0.570595,0.440172
170.2,0.396604,0.657834,0.515244,0.440172
170.3,0.420492,0.637955,0.457211,0.440172
170.4,0.440283,0.619566,0.39673,0.440172
170.5,0.456534,0.603172,0.334087,0.440172
170.6,0.469791,0.589186,0.269605,0.440172
170.7,0.480586,0.577938,0.203633,-0.145152
170.8,0.489426,0.569688,0.13653,-0.0939277
170.9,0.496794,0.564629,0.0686662,-0.0455339
171,0.503139,0.562905,0.000417677,-0.000266624
171.1,0.508881,0.564615,-0.0678324,0.0416812
171.2,0.514409,0.569827,-0.135692,0.0802187
171.3,0.520079,0.578587,-0.202754,0.115336
171.4,0.526215,0.590925,-0.268593,0.14707
171.5,0.533115,0.60686,-0.33276,0.175483
171.6,0.54105,0.626409,-0.39477,0.200637
171.7,0.550265,0.649581,-0.454101,0.222581
171.8,0.560984,0.676385,-0.51018,0.24134
171.9,0.573409,0.70682,-0.562383,0.256909
172,0.587724,0.740873,-0.610021,0.269252
172.1,0.60409,0.778509,-0.652341,0.278299
172.2,0.622651,0.819657,-0.68852,0.283954
172.3,0.643527,0.8642,-0.717665,0.286094
172.4,0.666813,0.911948,-0.738825,0.28459
172.5,0.69257,0.96262,-0.750996,0.279317
172.6,0.720824,1.01582,-0.753155,0.270183
172.7,0.751552,1.07099,-0.744289,0.257162
172.8,0.784673,1.12742,-0.723453,0.240331
172.9,0.820037,1.18418,-0.689835,0.240331
173,0.857408,1.24014,-0.642847,0.240331
173.1,0.896455,1.29393,-0.582224,0.240331
173.2,0.936737,1.34397,-0.50814,0.240331
173.3,0.977696,1.38852,-0.421315,0.240331
173.4,1.01866,1.42573,-0.32311,0.240331
173.5,1.05883,1.45374,-0.215577,0.240331
173.6,1.09733,1.47084,-0.10146,0.240331
173.7,1.13321,1.47559,0.0158955,0.240331
173.8,1.16548,1.467,0.132702,0.240331
173.9,1.1932,1.44463,0.244979,0.240331
174,1.2155,1.40873,0.348845,0.240331
174.1,1.23163,1.36025,0.440821,0.240331
174.2,1.24108,1.30078,0.518099,0.240331
174.3,1.24351,1.23243,0.578729,0.240331
174.4,1.23888,1.15772,0.621696,0.240331
174.5,1.22738,1.07929,0.646896,0.240331
174.6,1.20944,0.999772,0.655008,0.240331
174.7,1.18569,0.921611,0.647312,0.240331
174.8,1.15691,0.846911,0.625485,0.240331
174.9,1.124,0.777385,0.591404,0.240331
175,1.08791,0.714322,0.546981,0.240331
175.1,1.0496,0.658599,0.494042,0.240331
175.2,1.01001,0.610726,0.434256,0.240331
175.3,0.970026,0.570899,0.369096,0.240331
175.4,0.930441,0.539068,0.299832,0.240331
175.5,0.891973,0.515002,0.227547,0.240331
175.6,0.855236,0.49834,0.15316,0.240331
175.7,0.820751,0.488651,0.0774589,-0.0441157
175.8,0.788944,0.485467,0.00113081,-0.000640602
175.9,0.760156,0.488319,-0.0752097,0.0419688
176,0.734653,0.496758,-0.150994,0.0823973
176.1,0.712633,0.510376,-0.225676,0.119839
176.2,0.694241,0.528811,-0.298716,0.153867
176.3,0.679574,0.551759,-0.36956,0.184302
176.4,0.668694,0.578965,-0.43763,0.211099
176.5,0.661636,0.610227,-0.502306,0.234264
176.6,0.658414,0.645386,-0.562922,0.253814
176.7,0.659028,0.684316,-0.618748,0.269744
176.8,0.663466,0.726906,-0.668986,0.28202
176.9,0.671707,0.773047,-0.712766,0.290571
177,0.683722,0.822611,-0.749137,0.295291
177.1,0.699469,0.875418,-0.777075,0.296054
177.2,0.71889,0.931219,-0.795494,0.292724
177.3,0.741903,0.989651,-0.80326,0.285181
177.4,0.768394,1.05021,-0.799235,0.273361
177.5,0.798204,1.11221,-0.782319,0.257292
177.6,0.831112,1.17476,-0.75153,0.237152
177.7,0.866821,1.23671,-0.706093,0.237152
177.8,0.904943,1.29666,-0.645554,0.237152
177.9,0.944979,1.35296,-0.569915,0.237152
178,0.986311,1.40372,-0.479762,0.237152
178.1,1.02819,1.4469,-0.376391,0.237152
178.2,1.06974,1.48043,-0.26189,0.237152
178.3,1.10998,1.5023,-0.139157,0.237152
178.4,1.14784,1.51081,-0.0118309,0.237152
178.5,1.1822,1.50469,0.11588,0.237152
178.6,1.21198,1.48332,0.239471,0.237152
178.7,1.23615,1.44682,0.354488,0.237152
178.8,1.25386,1.39613,0.456887,0.237152
178.9,1.26443,1.33293,0.543374,0.237152
179,1.26747,1.25958,0.611638,0.237152
179.1,1.26286,1.17887,0.660463,0.237152
179.2,1.25077,1.09378,0.689701,0.237152
179.3,1.23165,1.0073,0.700126,0.237152
179.4,1.20616,0.92218,0.693216,0.237152
179.5,1.17516,0.840793,0.670903,0.237152
179.6,1.13963,0.765051,0.635333,0.237152
179.7,1.1006,0.696376,0.588674,0.237152
179.8,1.05913,0.635714,0.532974,0.237152
179.9,1.01625,0.58359,0.470076,0.237152
180,0.972906,0.540178,0.401581,0.237152
180.1,0.929976,0.505378,0.328847,0.237152
180.2,0.888224,0.478887,0.253006,0.237152
180.3,0.84831,0.460271,0.174999,0.237152
180.4,0.810782,0.449018,0.0956169,-0.0573558
180.5,0.77609,0.444584,0.0155315,-0.00924765
180.6,0.744584,0.446431,-0.0646655,0.0377982
180.7,0.716536,0.454052,-0.144435,0.0822399
180.8,0.692143,0.466986,-0.223265,0.123216
180.9,0.671542,0.484835,-0.300651,0.160352
181,0.654824,0.507266,-0.376076,0.193557
181.1,0.642043,0.53401,-0.449,0.22288
181.2,0.633223,0.564863,-0.518841,0.248405
181.3,0.628371,0.599677,-0.584965,0.270221
181.4,0.627481,0.638351,-0.646674,0.288374
181.5,0.630539,0.680813,-0.703196,0.302863
181.6,0.637529,0.727012,-0.753672,0.313639
181.7,0.648428,0.776888,-0.797154,0.320601
181.8,0.663211,0.830354,-0.832597,0.323604
181.9,0.681843,0.887264,-0.858862,0.322473
182,0.704276,0.947377,-0.874731,0.317026
182.1,0.730434,1.01032,-0.878926,0.307085
182.2,0.76021,1.07556,-0.870151,0.292562
182.3,0.793441,1.14233,-0.847157,0.273466
182.4,0.829897,1.20961,-0.808827,0.250005
182.5,0.86926,1.27609,-0.75429,0.250005
182.6,0.911101,1.34015,-0.683065,0.250005
182.7,0.954862,1.39987,-0.595219,0.250005
182.8,0.999844,1.45306,-0.491533,0.250005
182.9,1.0452,1.49736,-0.373644,0.250005
183,1.08992,1.53038,-0.244141,0.250005
183.1,1.13289,1.54988,-0.106565,0.250005
183.2,1.1729,1.55399,0.0347024,0.250005
183.3,1.2087,1.54143,0.174685,0.250005
183.4,1.23906,1.51175,0.308175,0.250005
183.5,1.26289,1.46537,0.430176,0.250005
183.6,1.27929,1.40371,0.536341,0.250005
183.7,1.28761,1.32903,0.623351,0.250005
183.8,1.28752,1.24425,0.689137,0.250005
183.9,1.27902,1.15273,0.732945,0.250005
184,1.26242,1.05791,0.755221,0.250005
184.1,1.23836,0.963095,0.757381,0.250005
184.2,1.20769,0.871222,0.741505,0.250005
184.3,1.17143,0.784705,0.710031,0.250005
184.4,1.13073,0.705388,0.665495,0.250005
184.5,1.08676,0.634538,0.610322,0.250005
184.6,1.04067,0.572903,0.546707,0.250005
184.7,0.993556,0.520786,0.476546,0.250005
184.8,0.946429,0.478143,0.40143,0.250005
184.9,0.900175,0.444665,0.32266,0.250005
185,0.855561,0.41987,0.24129,0.250005
185.1,0.81323,0.40317,0.158174,-0.102131
185.2,0.773704,0.393928,0.0740114,-0.0475803
185.3,0.737395,0.391507,-0.0106084,0.0066906
185.4,0.704616,0.395298,-0.0951705,0.0582914
185.5,0.675595,0.404745,-0.179204,0.105932
185.6,0.650488,0.419362,-0.262257,0.149122
185.7,0.629394,0.438741,-0.343879,0.187821
185.8,0.612369,0.462553,-0.423598,0.222196
185.9,0.599434,0.490551,-0.500914,0.252474
186,0.59059,0.52256,-0.575278,0.278863
186.1,0.585823,0.558477,-0.646087,0.301521
186.2,0.585114,0.598251,-0.71266,0.320542
186.3,0.588444,0.641878,-0.774236,0.335949
186.4,0.595796,0.689379,-0.829954,0.347699
186.5,0.607157,0.740782,-0.878845,0.35568
186.6,0.622518,0.796096,-0.919819,0.359721
186.7,0.641869,0.855278,-0.951667,0.359601
186.8,0.665192,0.918205,-0.973057,0.35506
186.9,0.692456,0.984622,-0.982554,0.345833
187,0.723598,1.0541,-0.978651,0.331692
187.1,0.758512,1.12599,-0.959824,0.312493
187.2,0.797023,1.19934,-0.924617,0.288289
187.3,0.838872,1.27289,-0.871761,0.288289
187.4,0.883681,1.34499,-0.800333,0.288289
187.5,0.930936,1.4136,-0.709942,0.288289
187.6,0.979958,1.47631,-0.600946,0.288289
187.7,1.02989,1.53044,-0.474656,0.288289
187.8,1.07969,1.57312,-0.333504,0.288289
187.9,1.12815,1.60156,-0.181121,0.288289
188,1.1739,1.61324,-0.0222689,0.288289
188.1,1.21553,1.60628,0.137383,0.288289
188.2,1.25158,1.57967,0.291674,0.288289
188.3,1.28072,1.53349,0.434484,0.288289
188.4,1.3018,1.469,0.560327,0.288289
188.5,1.31393,1.38857,0.664867,0.288289
188.6,1.31662,1.2955,0.745287,0.288289
188.7,1.30973,1.19368,0.800413,0.288289
188.8,1.29356,1.0872,0.830617,0.288289
188.9,1.26873,0.980055,0.837531,0.288289
189,1.23618,0.875771,0.823656,0.288289
189.1,1.19706,0.777277,0.791954,0.288289
189.2,1.15267,0.686785,0.745501,0.288289
189.3,1.10433,0.605803,0.687217,0.288289
189.4,1.05339,0.535191,0.619704,0.288289
189.5,1.0011,0.475273,0.54517,0.288289
189.6,0.948588,0.425945,0.465417,0.288289
189.7,0.89688,0.386798,0.381876,0.288289
189.8,0.846835,0.357216,0.295666,0.288289
189.9,0.799171,0.336465,0.20765,-0.150584
190,0.754464,0.323762,0.118507,-0.0852443
190.1,0.713159,0.318328,0.0287774,-0.0201395
190.2,0.67559,0.319421,-0.0610873,0.0410943
190.3,0.641988,0.326371,-0.150691,0.0968334
190.4,0.612505,0.338589,-0.239663,0.146751
190.5,0.587224,0.355581,-0.32764,0.191135
190.6,0.566181,0.376953,-0.414247,0.230476
190.7,0.549373,0.402406,-0.499082,0.265268
190.8,0.536776,0.431737,-0.581706,0.295933
190.9,0.528352,0.464831,-0.661629,0.322792
191,0.524058,0.501652,-0.738296,0.346069
191.1,0.523859,0.542234,-0.811073,0.365894
191.2,0.527726,0.586667,-0.879232,0.382307
191.3,0.535645,0.635081,-0.941937,0.39527
191.4,0.547616,0.687628,-0.998222,0.404661
191.5,0.563655,0.744457,-1.04698,0.410283
191.6,0.583787,0.805685,-1.08693,0.411867
191.7,0.608045,0.871365,-1.11664,0.409074
191.8,0.636459,0.941435,-1.13451,0.401517
191.9,0.669041,1.01567,-1.13877,0.388786
192,0.70577,1.09362,-1.12755,0.37051
192.1,0.746573,1.17452,-1.09893,0.346441
192.2,0.791291,1.25726,-1.05106,0.31658
192.3,0.839654,1.34026,-0.982313,0.281315
192.4,0.891244,1.42144,-0.891515,0.281315
192.5,0.945459,1.49821,-0.778213,0.281315
192.6,1.00148,1.56749,-0.642975,0.281315
192.7,1.05827,1.6258,-0.487679,0.281315
192.8,1.11452,1.66949,-0.315738,0.281315
192.9,1.16873,1.69506,-0.132172,0.281315
193,1.21921,1.69952,0.0565409,0.281315
193.1,1.2642,1.68078,0.242877,0.281315
193.2,1.30197,1.6381,0.418927,0.281315
193.3,1.33094,1.57222,0.577213,0.281315
193.4,1.34986,1.48547,0.711504,0.281315
193.5,1.35786,1.38156,0.817449,0.281315
193.6,1.35456,1.26515,0.892909,0.281315
193.7,1.3401,1.1414,0.937919,0.281315
193.8,1.3151,1.01542,0.954345,0.281315
193.9,1.28056,0.891815,0.945339,0.281315
194,1.23783,0.774429,0.914755,0.281315
194.1,1.18841,0.666157,0.866612,0.281315
194.2,1.13392,0.56895,0.804707,0.281315
194.3,1.07594,0.483897,0.73237,0.281315
194.4,1.01599,0.411374,0.652358,0.281315
194.5,0.955449,0.351204,0.56685,0.281315
194.6,0.895516,0.302813,0.477501,0.281315
194.7,0.837219,0.265375,0.385534,0.281315
194.8,0.781398,0.237921,0.291833,-0.265458
194.9,0.728717,0.219425,0.197033,-0.176162
195,0.679682,0.208873,0.101593,-0.0864454
195.1,0.634654,0.205308,0.00585933,-0.00467159
195.2,0.593875,0.207855,-0.0898927,0.0668598
195.3,0.557482,0.215747,-0.185424,0.128797
195.4,0.525536,0.228331,-0.280509,0.182602
195.5,0.498032,0.245073,-0.374919,0.229662
195.6,0.474922,0.265557,-0.468412,0.271159
195.7,0.456129,0.289483,-0.560721,0.307965
195.8,0.44156,0.316663,-0.651546,0.340733
195.9,0.431118,0.34701,-0.740544,0.369935
196,0.42471,0.380534,-0.827321,0.395901
196.1,0.42226,0.417331,-0.911417,0.418844
196.2,0.423709,0.457575,-0.992293,0.438883
196.3,0.429027,0.501511,-1.06931,0.456051
196.4,0.43821,0.549436,-1.14172,0.470302
196.5,0.451287,0.601692,-1.20861,0.481509
196.6,0.468316,0.658645,-1.26892,0.489462
196.7,0.489387,0.720663,-1.32139,0.493862
196.8,0.514613,0.788084,-1.36451,0.494313
196.9,0.544127,0.861176,-1.39655,0.49032
197,0.578069,0.940086,-1.41547,0.481287
197.1,0.616571,1.02477,-1.41898,0.466536
197.2,0.659735,1.1149,-1.40455,0.445362
197.3,0.707607,1.20979,-1.36946,0.417132
197.4,0.760135,1.30821,-1.31093,0.38148
197.5,0.817131,1.40836,-1.22636,0.338572
197.6,0.878216,1.50764,-1.11365,0.338572
197.7,0.942761,1.60269,-0.971554,0.338572
197.8,1.00984,1.68931,-0.800265,0.338572
197.9,1.07817,1.7626,-0.60187,0.338572
198,1.14612,1.81731,-0.380817,0.338572
198.1,1.21169,1.84824,-0.144102,0.338572
198.2,1.27264,1.85093,0.0989235,0.338572
198.3,1.32654,1.82236,0.337243,0.338572
198.4,1.37104,1.76152,0.559335,0.338572
198.5,1.40399,1.66988,0.754607,0.338572
198.6,1.42375,1.55129,0.914777,0.338572
198.7,1.42927,1.41162,1.03485,0.338572
198.8,1.42024,1.25797,1.11344,0.338572
198.9,1.39707,1.09781,1.15245,0.338572
199,1.36084,0.938137,1.15623,0.338572
199.1,1.31313,0.784865,1.13051,0.338572
199.2,1.25587,0.642481,1.08147,0.338572
199.3,1.19117,0.513991,1.0149,0.338572
199.4,1.12113,0.401045,0.935812,0.338572
199.5,1.04779,0.304176,0.84823,0.338572
199.6,0.972985,0.223075,0.755167,0.338572
199.7,0.898305,0.156853,0.658767,0.338572
199.8,0.8251,0.104263,0.560466,0.338572
199.9,0.754458,0.0638697,0.461171,0.338572
200,0.687225,0.0341775,0.36141,0.338572
200.1,0.624022,0.0137167,0.261468,-0.597388
200.2,0.565276,0.00110073,0.161474,-0.225569
200.3,0.511248,-0.00494006,0.0614746,-0.0685118
200.4,0.462059,-0.00553907,-0.0385222,0.0366347
200.5,0.417715,-0.00168565,-0.138521,0.116394
200.6,0.378139,0.00577572,-0.23852,0.181008
200.7,0.343185,0.0161414,-0.338507,0.235566
200.8,0.312661,0.0288413,-0.438456,0.282958
200.9,0.286344,0.0434304,-0.538325,0.324965
201,0.263997,0.0595787,-0.638059,0.36275
201.1,0.24538,0.0770612,-0.737591,0.39711
201.2,0.230257,0.0957486,-0.836843,0.428608
201.3,0.218408,0.115598,-0.935725,0.457654
201.4,0.209633,0.136647,-1.03413,0.484551
201.5,0.203758,0.159004,-1.13195,0.50953
201.6,0.20064,0.182846,-1.22903,0.53276
201.7,0.200168,0.208413,-1.3252,0.55437
201.8,0.20227,0.23601,-1.42026,0.574444
201.9,0.206911,0.266001,-1.51397,0.593036
202,0.214098,0.298814,-1.606,0.610162
202.1,0.223879,0.334944,-1.69596,0.625802
202.2,0.23635,0.374951,-1.78338,0.639895
202.3,0.251655,0.419467,-1.86761,0.652334
202.4,0.269986,0.469197,-1.94789,0.662956
202.5,0.291588,0.524919,-2.02321,0.671526
202.6,0.316761,0.587479,-2.09231,0.677725
202.7,0.345859,0.65778,-2.15359,0.68112
202.8,0.37929,0.736761,-2.20502,0.681139
202.9,0.417513,0.825352,-2.24408,0.677029
203,0.46103,0.924413,-2.26762,0.667807
203.1,0.510368,1.03463,-2.27176,0.652212
203.2,0.566054,1.15634,-2.25184,0.628659
203.3,0.628576,1.28938,-2.20237,0.595253
203.4,0.698318,1.4327,-2.11717,0.549955
203.5,0.775476,1.58409,-1.98962,0.491107
203.6,0.859939,1.73968,-1.81328,0.418568
203.7,0.951146,1.89361,-1.5829,0.418568
203.8,1.04792,2.03767,-1.29587,0.418568
203.9,1.1483,2.16137,-0.954027,0.418568
204,1.24942,2.25253,-0.565463,0.418568
204.1,1.34751,2.2986,-0.145687,0.418568
204.2,1.43802,2.28868,0.282703,0.418568
204.3,1.51596,2.21593,0.692456,0.418568
204.4,1.57647,2.07966,1.05612,0.418568
204.5,1.61541,1.8862,1.35135,0.418568
204.6,1.62995,1.64809,1.56519,0.418568
204.7,1.61895,1.3818,1.69578,0.418568
204.8,1.58299,1.10463,1.75104,0.418568
204.9,1.5242,0.832041,1.74524,0.418568
205,1.44577,0.575865,1.6951,0.418568
205.1,1.35155,0.343776,1.61649,0.418568
205.2,1.24554,0.139648,1.52256,0.418568
205.3,1.1316,-0.0355934,1.42306,0.418568
205.4,1.01318,-0.183017,1.32449,0.418568
205.5,0.893262,-0.304847,1.23066,0.418568
205.6,0.774289,-0.403837,1.14343,0.418568
205.7,0.658206,-0.482866,1.06327,0.418568
205.8,0.546501,-0.544694,0.989836,0.418568
205.9,0.440272,-0.591856,0.922276,0.418568
206,0.340281,-0.626615,0.859518,0.418568
206.1,0.247015,-0.650978,0.80043,0.418568
206.2,0.160736,-0.666713,0.743926,0.418568
206.3,0.0815245,-0.675384,0.689028,0.418568
206.4,0.00931019,-0.678385,0.634902,0.418568
206.5,-0.0560941,-0.676958,0.580869,0.418568
206.6,-0.11497,-0.67222,0.526408,0.418568
206.7,-0.167673,-0.665169,0.471144,0.418568
206.8,-0.214614,-0.656702,0.414839,0.418568
206.9,-0.256247,-0.647613,0.357374,0.418568
207,-0.293051,-0.638606,0.298729,-0.272334
207.1,-0.325525,-0.630295,0.238972,-0.199721
207.2,-0.354174,-0.623211,0.178239,-0.138546
207.3,-0.3795,-0.617808,0.116723,-0.0852146
207.4,-0.401998,-0.614468,0.0546628,-0.0377376
207.5,-0.422151,-0.613509,-0.00766477,0.00502839
207.6,-0.440421,-0.615194,-0.0699502,0.0437695
207.7,-0.457249,-0.619735,-0.131854,0.0789116
207.8,-0.473053,-0.627303,-0.193008,0.110727
207.9,-0.488226,-0.638036,-0.253014,0.139395
208,-0.503133,-0.65204,-0.311441,0.16503
208.1,-0.518116,-0.669398,-0.367821,0.187704
208.2,-0.53349,-0.690171,-0.421645,0.20745
208.3,-0.549545,-0.714396,-0.472361,0.22427
208.4,-0.566545,-0.742089,-0.519363,0.238138
208.5,-0.584729,-0.773235,-0.561993,0.248996
208.6,-0.604313,-0.807789,-0.599536,0.256768
208.7,-0.625482,-0.845657,-0.631222,0.261359
208.8,-0.648395,-0.886691,-0.656227,0.26266
208.9,-0.673177,-0.930668,-0.673683,0.260564
209,-0.699916,-0.97727,-0.682698,0.254984
209.1,-0.728655,-1.02607,-0.682376,0.245874
209.2,-0.759387,-1.0765,-0.671858,0.233252
209.3,-0.792044,-1.12784,-0.650367,0.217237
209.4,-0.826487,-1.1792,-0.617275,0.217237
209.5,-0.862498,-1.22948,-0.572177,0.217237
209.6,-0.899765,-1.27745,-0.514977,0.217237
209.7,-0.937881,-1.32166,-0.44598,0.217237
209.8,-0.976333,-1.36057,-0.365972,0.217237
209.9,-1.01451,-1.39258,-0.276291,0.217237
210,-1.0517,-1.41612,-0.178849,0.217237
210.1,-1.08712,-1.42976,-0.0761208,0.217237
210.2,-1.11994,-1.43234,0.0289458,0.217237
210.3,-1.14932,-1.4231,0.133073,0.217237
210.4,-1.17444,-1.40176,0.232856,0.217237
210.5,-1.19456,-1.3686,0.325002,0.217237
210.6,-1.20907,-1.32449,0.406568,0.217237
210.7,-1.21752,-1.27083,0.475173,0.217237
210.8,-1.21968,-1.20946,0.529138,0.217237
210.9,-1.2155,-1.1425,0.567555,0.217237
211,-1.20518,-1.07225,0.590265,0.217237
211.1,-1.18908,-1.00097,0.597761,0.217237
211.2,-1.16776,-0.93076,0.591058,0.217237
211.3,-1.14193,-0.86349,0.571523,0.217237
211.4,-1.11235,-0.800686,0.540722,0.217237
211.5,-1.07988,-0.74353,0.500286,0.217237
211.6,-1.04537,-0.69286,0.451806,0.217237
211.7,-1.00965,-0.649194,0.396769,0.217237
211.8,-0.97353,-0.612782,0.336518,0.217237
211.9,-0.937734,-0.58365,0.27224,0.217237
212,-0.902918,-0.561654,0.20497,0.217237
212.1,-0.869658,-0.546532,0.135611,0.217237
212.2,-0.838443,-0.537944,0.064957,0.217237
212.3,-0.809681,-0.535509,-0.0062887,0.00336153
212.4,-0.783707,-0.538832,-0.0774832,0.040977
212.5,-0.760784,-0.547529,-0.148025,0.0769185
212.6,-0.741115,-0.56124,-0.217334,0.110415
212.7,-0.724852,-0.579641,-0.284834,0.140982
212.8,-0.712102,-0.602444,-0.349939,0.168363
212.9,-0.702939,-0.629403,-0.412038,0.192401
213,-0.697405,-0.660306,-0.470488,0.213024
213.1,-0.695523,-0.694969,-0.5246,0.230185
213.2,-0.697293,-0.733226,-0.573636,0.243832
213.3,-0.702702,-0.774912,-0.616801,0.253904
213.4,-0.711723,-0.819847,-0.653245,0.260325
213.5,-0.72431,-0.867818,-0.682061,0.263005
213.6,-0.7404,-0.918548,-0.702301,0.261857
213.7,-0.759905,-0.971677,-0.712988,0.256808
213.8,-0.782708,-1.02673,-0.71315,0.247833
213.9,-0.808648,-1.08308,-0.701857,0.234978
214,-0.837514,-1.13994,-0.678285,0.234978
214.1,-0.86903,-1.19633,-0.641784,0.234978
214.2,-0.902843,-1.25106,-0.591968,0.234978
214.3,-0.93851,-1.30273,-0.528819,0.234978
214.4,-0.975489,-1.34977,-0.452786,0.234978
214.5,-1.01313,-1.39048,-0.364883,0.234978
214.6,-1.05069,-1.42312,-0.266755,0.234978
214.7,-1.08732,-1.446,-0.160701,0.234978
214.8,-1.12211,-1.45762,-0.0496362,0.234978
214.9,-1.1541,-1.45683,0.0630258,0.234978
215,-1.18235,-1.44294,0.173563,0.234978
215.1,-1.20594,-1.41586,0.278197,0.234978
215.2,-1.22409,-1.37613,0.373373,0.234978
215.3,-1.23617,-1.32494,0.456031,0.234978
215.4,-1.24174,-1.26405,0.523821,0.234978
215.5,-1.2406,-1.19564,0.575242,0.234978
215.6,-1.2328,-1.12217,0.609666,0.234978
215.7,-1.2186,-1.04616,0.627278,0.234978
215.8,-1.1985,-0.970067,0.628938,0.234978
215.9,-1.17316,-0.896088,0.615999,0.234978
216,-1.14337,-0.826095,0.590119,0.234978
216.1,-1.11001,-0.761572,0.55309,0.234978
216.2,-1.07399,-0.703606,0.506701,0.234978
216.3,-1.03623,-0.652913,0.452641,0.234978
216.4,-0.997612,-0.609877,0.392441,0.234978
216.5,-0.958946,-0.57461,0.32745,0.234978
216.6,-0.920977,-0.547012,0.258837,0.234978
216.7,-0.884355,-0.526828,0.187604,0.234978
216.8,-0.849643,-0.513698,0.114613,0.234978
216.9,-0.817309,-0.507207,0.0406151,-0.0224975
217,-0.787737,-0.506912,-0.0337245,0.0185363
217.1,-0.761233,-0.512377,-0.107798,0.0582902
217.2,-0.738034,-0.523192,-0.181031,0.095718
217.3,-0.718314,-0.538981,-0.252866,0.130191
217.4,-0.702202,-0.559418,-0.322742,0.161315
217.5,-0.68978,-0.584222,-0.390079,0.188982
217.6,-0.681103,-0.613162,-0.454269,0.213118
217.7,-0.676198,-0.646046,-0.514661,0.233702
217.8,-0.675073,-0.682716,-0.57055,0.250717
217.9,-0.677722,-0.723034,-0.621175,0.264131
218,-0.684127,-0.766867,-0.665707,0.273883
218.1,-0.694258,-0.814066,-0.703248,0.279887
218.2,-0.708072,-0.864443,-0.732835,0.282036
218.3,-0.725509,-0.917748,-0.753447,0.280216
218.4,-0.746488,-0.973636,-0.764025,0.274328
218.5,-0.770895,-1.03163,-0.7635,0.264314
218.6,-0.798576,-1.09111,-0.750839,0.250226
218.7,-0.829322,-1.15125,-0.725108,0.232126
218.8,-0.862855,-1.211,-0.685555,0.232126
218.9,-0.898814,-1.26909,-0.631707,0.232126
219,-0.936739,-1.32401,-0.563492,0.232126
219.1,-0.976059,-1.37405,-0.481351,0.232126
219.2,-1.01609,-1.41734,-0.38636,0.232126
219.3,-1.05602,-1.45192,-0.280303,0.232126
219.4,-1.09495,-1.47594,-0.165709,0.232126
219.5,-1.13188,-1.48771,-0.0458081,0.232126
219.6,-1.16577,-1.48596,0.0756064,0.232126
219.7,-1.19558,-1.46994,0.194397,0.232126
219.8,-1.22033,-1.43957,0.306379,0.232126
219.9,-1.23916,-1.3955,0.407646,0.232126
220,-1.2514,-1.33911,0.494885,0.232126
220.1,-1.2566,-1.2724,0.565621,0.232126
220.2,-1.25454,-1.19784,0.618354,0.232126
220.3,-1.24532,-1.11819,0.652578,0.232126
220.4,-1.22927,-1.03623,0.668689,0.232126
220.5,-1.20694,-0.954633,0.667806,0.232126
220.6,-1.17908,-0.875757,0.651559,0.232126
220.7,-1.14658,-0.801567,0.621863,0.232126
220.8,-1.11041,-0.733585,0.580731,0.232126
220.9,-1.07155,-0.672884,0.530126,0.232126
221,-1.031,-0.620132,0.471858,0.232126
221.1,-0.98968,-0.575639,0.407539,0.232126
221.2,-0.948463,-0.539434,0.338558,0.232126
221.3,-0.908116,-0.511325,0.266097,0.232126
221.4,-0.869311,-0.490971,0.191153,0.232126
221.5,-0.832621,-0.477933,0.114566,-0.0662873
221.6,-0.798515,-0.471726,0.037061,-0.0214239
221.7,-0.767375,-0.471849,-0.0407284,0.0232556
221.8,-0.739496,-0.477821,-0.118226,0.0661108
221.9,-0.715104,-0.489194,-0.194889,0.106098
222,-0.694359,-0.505571,-0.270187,0.142656
222.1,-0.677376,-0.526611,-0.343587,0.175548
222.2,-0.664225,-0.552034,-0.414533,0.204712
222.3,-0.654947,-0.581614,-0.482436,0.23017
222.4,-0.649561,-0.615178,-0.546657,0.251962
222.5,-0.648069,-0.652594,-0.606505,0.270114
222.6,-0.650462,-0.693758,-0.661216,0.284617
222.7,-0.656721,-0.738583,-0.709952,0.295423
222.8,-0.666825,-0.786971,-0.751794,0.30244
222.9,-0.680738,-0.838796,-0.785739,0.305545
223,-0.698419,-0.893873,-0.810706,0.304591
223.1,-0.719805,-0.951929,-0.825546,0.299426
223.2,-0.744809,-1.01256,-0.829073,0.289928
223.3,-0.773307,-1.07521,-0.820099,0.276042
223.4,-0.805121,-1.13911,-0.7975,0.257831
223.5,-0.84001,-1.20325,-0.760293,0.257831
223.6,-0.877644,-1.26637,-0.707749,0.257831
223.7,-0.917592,-1.32692,-0.639516,0.257831
223.8,-0.959304,-1.38309,-0.555765,0.257831
223.9,-1.0021,-1.43284,-0.457333,0.257831
224,-1.04516,-1.47401,-0.345839,0.257831
224.1,-1.08753,-1.50442,-0.223762,0.257831
224.2,-1.12817,-1.52205,-0.0944251,0.257831
224.3,-1.16592,-1.52525,0.0381108,0.257831
224.4,-1.19965,-1.51291,0.169275,0.257831
224.5,-1.22822,-1.48465,0.294311,0.257831
224.6,-1.25062,-1.44091,0.408664,0.257831
224.7,-1.26603,-1.383,0.508366,0.257831
224.8,-1.27386,-1.31299,0.59036,0.257831
224.9,-1.27381,-1.23356,0.652704,0.257831
225,-1.26587,-1.14776,0.694628,0.257831
225.1,-1.25033,-1.05875,0.716442,0.257831
225.2,-1.22778,-0.969574,0.719339,0.257831
225.3,-1.19899,-0.882952,0.70514,0.257831
225.4,-1.16491,-0.801157,0.67602,0.257831
225.5,-1.1266,-0.72595,0.634275,0.257831
225.6,-1.08515,-0.658573,0.58214,0.257831
225.7,-1.04164,-0.59979,0.521663,0.257831
225.8,-0.997109,-0.549953,0.454645,0.257831
225.9,-0.952509,-0.509084,0.38262,0.257831
226,-0.908689,-0.476953,0.306865,0.257831
226.1,-0.866389,-0.453158,0.228435,0.257831
226.2,-0.826232,-0.437188,0.148199,-0.0909358
226.3,-0.788733,-0.428476,0.0668834,-0.0410236
226.4,-0.754301,-0.426447,-0.0148897,0.00900483
226.5,-0.723253,-0.430543,-0.0965706,0.0569823
226.6,-0.695826,-0.440254,-0.177652,0.101644
226.7,-0.672185,-0.455126,-0.257644,0.142389
226.8,-0.652443,-0.474774,-0.336059,0.179035
226.9,-0.636668,-0.498885,-0.412389,0.211623
227,-0.624894,-0.527216,-0.486095,0.240273
227.1,-0.617133,-0.559588,-0.556594,0.265117
227.2,-0.613382,-0.595883,-0.623242,0.286253
227.3,-0.613628,-0.636027,-0.685328,0.303732
227.4,-0.617856,-0.67998,-0.742057,0.317548
227.5,-0.626047,-0.727715,-0.792542,0.327637
227.6,-0.638183,-0.779199,-0.835797,0.333879
227.7,-0.654242,-0.834363,-0.870731,0.336109
227.8,-0.674196,-0.893074,-0.896151,0.334128
227.9,-0.698,-0.9551,-0.910773,0.327722
228,-0.725588,-1.02006,-0.913251,0.316703
228.1,-0.756852,-1.08741,-0.902213,0.300949
228.2,-0.791634,-1.15632,-0.876336,0.280474
228.3,-0.829698,-1.22574,-0.834437,0.255491
228.4,-0.870715,-1.29427,-0.775601,0.255491
228.5,-0.914238,-1.36018,-0.699333,0.255491
228.6,-0.959683,-1.4214,-0.605737,0.255491
228.7,-1.00631,-1.47562,-0.495695,0.255491
228.8,-1.05322,-1.52031,-0.371017,0.255491
228.9,-1.09935,-1.55294,-0.234545,0.255491
229,-1.14352,-1.57115,-0.0901389,0.255491
229.1,-1.18444,-1.57301,0.0574542,0.255491
229.2,-1.2208,-1.55726,0.20289,0.255491
229.3,-1.25133,-1.52351,0.340636,0.255491
229.4,-1.27489,-1.47239,0.465461,0.255491
229.5,-1.29056,-1.40553,0.57291,0.255491
229.6,-1.29773,-1.32549,0.659692,0.255491
229.7,-1.29608,-1.23547,0.723898,0.255491
229.8,-1.28568,-1.13907,0.765027,0.255491
229.9,-1.26694,-1.03995,0.78383,0.255491
230,-1.24056,-0.941542,0.782031,0.255491
230.1,-1.20749,-0.846828,0.761988,0.255491
230.2,-1.16882,-0.758225,0.726363,0.255491
230.3,-1.12578,-0.677522,0.677849,0.255491
230.4,-1.07958,-0.605903,0.61897,0.255491
230.5,-1.03143,-0.54401,0.551964,0.255491
230.6,-0.982455,-0.492041,0.478736,0.255491
230.7,-0.933668,-0.449845,0.400855,0.255491
230.8,-0.885967,-0.417022,0.319584,0.255491
230.9,-0.840112,-0.39301,0.235935,0.255491
231,-0.796735,-0.377153,0.150716,-0.101006
231.1,-0.756344,-0.368763,0.0645823,-0.0428326
231.2,-0.719332,-0.367162,-0.0219176,0.0141769
231.3,-0.685993,-0.371713,-0.108305,0.0676833
231.4,-0.656533,-0.381843,-0.194141,0.116593
231.5,-0.63109,-0.397054,-0.279004,0.160639
231.6,-0.609745,-0.416935,-0.362467,0.199944
231.7,-0.592535,-0.441162,-0.444084,0.23479
231.8,-0.579469,-0.469496,-0.523375,0.26548
231.9,-0.570534,-0.501778,-0.599813,0.292272
232,-0.565709,-0.537922,-0.672811,0.315355
232.1,-0.564968,-0.577902,-0.741707,0.334842
232.2,-0.568289,-0.621744,-0.805751,0.350766
232.3,-0.575655,-0.669504,-0.864092,0.363089
232.4,-0.587057,-0.721251,-0.915761,0.371698
232.5,-0.602494,-0.777039,-0.959664,0.376417
232.6,-0.621967,-0.836883,-0.99457,0.377005
232.7,-0.645476,-0.900718,-1.01911,0.373177
232.8,-0.673009,-0.968358,-1.03179,0.364622
232.9,-0.704528,-1.03945,-1.03102,0.351046
233,-0.739957,-1.1134,-1.01515,0.332233
233.1,-0.779157,-1.18934,-0.982569,0.308126
233.2,-0.821901,-1.26604,-0.931799,0.278935
233.3,-0.86785,-1.34189,-0.861679,0.278935
233.4,-0.916523,-1.41485,-0.771551,0.278935
233.5,-0.967267,-1.48243,-0.661494,0.278935
233.6,-1.01924,-1.54182,-0.532567,0.278935
233.7,-1.0714,-1.58996,-0.387012,0.278935
233.8,-1.12251,-1.62375,-0.228381,0.278935
233.9,-1.17116,-1.64036,-0.0615176,0.278935
234,-1.21583,-1.63753,0.107651,0.278935
234.1,-1.25499,-1.6139,0.272524,0.278935
234.2,-1.28715,-1.56927,0.426406,0.278935
234.3,-1.31102,-1.50471,0.563161,0.278935
234.4,-1.32561,-1.42258,0.677836,0.278935
234.5,-1.33028,-1.32629,0.7671,0.278935
234.6,-1.32481,-1.21995,0.829444,0.278935
234.7,-1.30945,-1.108,0.865098,0.278935
234.8,-1.28479,-0.994779,0.875734,0.278935
234.9,-1.25181,-0.884172,0.864029,0.278935
235,-1.2117,-0.779408,0.833208,0.278935
235.1,-1.16582,-0.682936,0.786634,0.278935
235.2,-1.1156,-0.596424,0.727503,0.278935
235.3,-1.06245,-0.520826,0.658653,0.278935
235.4,-1.0077,-0.456499,0.582474,0.278935
235.5,-0.952591,-0.403332,0.500902,0.278935
235.6,-0.898186,-0.360873,0.415451,0.278935
235.7,-0.845409,-0.328449,0.327284,0.278935
235.8,-0.795022,-0.305254,0.237281,-0.18348
235.9,-0.747634,-0.290432,0.146115,-0.111931
236,-0.703716,-0.283127,0.0543055,-0.0402848
236.1,-0.663613,-0.282529,-0.0377251,0.0267371
236.2,-0.627563,-0.287902,-0.129617,0.0872152
236.3,-0.595718,-0.298599,-0.221041,0.140945
236.4,-0.568156,-0.314073,-0.311678,0.188449
236.5,-0.544902,-0.333886,-0.401201,0.230438
236.6,-0.525943,-0.357702,-0.489261,0.267581
236.7,-0.511238,-0.38529,-0.575476,0.30043
236.8,-0.500734,-0.416514,-0.65942,0.329407
236.9,-0.494375,-0.451327,-0.740607,0.354812
237,-0.492109,-0.489765,-0.818482,0.376841
237.1,-0.493895,-0.531928,-0.892403,0.395589
237.2,-0.499711,-0.577976,-0.961625,0.411068
237.3,-0.50955,-0.628106,-1.02528,0.423203
237.4,-0.52343,-0.682536,-1.08236,0.431841
237.5,-0.541386,-0.741482,-1.13169,0.436743
237.6,-0.563469,-0.805123,-1.17192,0.437594
237.7,-0.589738,-0.873569,-1.2015,0.433999
237.8,-0.620253,-0.946807,-1.21868,0.425502
237.9,-0.655059,-1.02465,-1.22154,0.411612
238,-0.694166,-1.10665,-1.20799,0.391864
238.1,-0.737527,-1.19203,-1.17588,0.36592
238.2,-0.785004,-1.27962,-1.12312,0.333718
238.3,-0.836339,-1.36771,-1.04784,0.29564
238.4,-0.891106,-1.45403,-0.948647,0.29564
238.5,-0.948676,-1.53572,-0.824969,0.29564
238.6,-1.00818,-1.60932,-0.67738,0.29564
238.7,-1.06848,-1.67095,-0.50796,0.29564
238.8,-1.12816,-1.7165,-0.32056,0.29564
238.9,-1.18556,-1.74203,-0.120887,0.29564
239,-1.23881,-1.74421,0.0836788,0.29564
239.1,-1.28598,-1.72079,0.284597,0.29564
239.2,-1.32516,-1.67106,0.472971,0.29564
239.3,-1.35464,-1.5961,0.640533,0.29564
239.4,-1.37307,-1.49875,0.780592,0.29564
239.5,-1.37958,-1.3834,0.888744,0.29564
239.6,-1.37383,-1.25545,0.963183,0.29564
239.7,-1.35607,-1.1207,1.00456,0.29564
239.8,-1.32709,-0.984784,1.01552,0.29564
239.9,-1.28808,-0.852665,0.999977,0.29564
240,-1.24055,-0.728323,0.96247,0.29564
240.1,-1.18621,-0.614646,0.907535,0.29564
240.2,-1.12682,-0.513459,0.839313,0.29564
240.3,-1.0641,-0.425654,0.76132,0.29564
240.4,-0.999643,-0.351378,0.676373,0.29564
240.5,-0.934893,-0.290216,0.586627,0.29564
240.6,-0.871087,-0.24138,0.49366,0.29564
240.7,-0.809262,-0.203846,0.398587,0.29564
240.8,-0.750249,-0.17648,0.30218,-0.325006
240.9,-0.694693,-0.158119,0.204958,-0.210108
241,-0.643066,-0.147638,0.107277,-0.101275
241.1,-0.595693,-0.143988,0.0093882,-0.008092
241.2,-0.552773,-0.146224,-0.0885193,0.0698729
241.3,-0.5144,-0.15352,-0.186284,0.135564
241.4,-0.48059,-0.165178,-0.283755,0.191755
241.5,-0.451293,-0.180625,-0.380774,0.240556
241.6,-0.42642,-0.199418,-0.47717,0.283494
241.7,-0.40585,-0.221232,-0.572752,0.321655
241.8,-0.389451,-0.245857,-0.667304,0.355816
241.9,-0.377087,-0.273191,-0.760574,0.38653
242,-0.368631,-0.303232,-0.852273,0.414189
242.1,-0.363974,-0.336071,-0.942061,0.439061
242.2,-0.363026,-0.371881,-1.02954,0.46132
242.3,-0.36573,-0.410917,-1.11423,0.48106
242.4,-0.372061,-0.453501,-1.19556,0.498298
242.5,-0.382028,-0.500019,-1.27285,0.512986
242.6,-0.395682,-0.550907,-1.34525,0.524998
242.7,-0.413109,-0.606641,-1.41178,0.534134
242.8,-0.434436,-0.667718,-1.47121,0.540102
242.9,-0.459825,-0.734631,-1.52208,0.542513
243,-0.489466,-0.807837,-1.56263,0.540862
243.1,-0.523572,-0.887706,-1.59081,0.534514
243.2,-0.562366,-0.974457,-1.60416,0.522707
243.3,-0.606057,-1.06807,-1.5999,0.504561
243.4,-0.654818,-1.16819,-1.57491,0.479135
243.5,-0.708748,-1.27395,-1.52582,0.445576
243.6,-0.767825,-1.38385,-1.44919,0.403385
243.7,-0.831849,-1.49557,-1.34182,0.352828
243.8,-0.900371,-1.60582,-1.20117,0.352828
243.9,-0.97262,-1.71023,-1.02594,0.352828
244,-1.04743,-1.80343,-0.816805,0.352828
244.1,-1.1232,-1.87917,-0.577083,0.352828
244.2,-1.19786,-1.93087,-0.313283,0.352828
244.3,-1.26892,-1.95229,-0.035235,0.352828
244.4,-1.33357,-1.93846,0.24442,0.352828
244.5,-1.38893,-1.88663,0.511455,0.352828
244.6,-1.43225,-1.79699,0.751876,0.352828
244.7,-1.46121,-1.67292,0.953929,0.352828
244.8,-1.47419,-1.52072,1.10975,0.352828
244.9,-1.47041,-1.34873,1.2162,0.352828
245,-1.45005,-1.16614,1.27472,0.352828
245.1,-1.4141,-0.981848,1.29031,0.352828
245.2,-1.36426,-0.803488,1.27012,0.352828
245.3,-1.30273,-0.636922,1.22205,0.352828
245.4,-1.23194,-0.486086,1.15361,0.352828
245.5,-1.15438,-0.353141,1.07124,0.352828
245.6,-1.07245,-0.238793,0.980016,0.352828
245.7,-0.98833,-0.142668,0.883675,0.352828
245.8,-0.903903,-0.0636624,0.784763,0.352828
245.9,-0.820759,-0.000236087,0.684891,0.352828
246,-0.740174,0.0493674,0.584977,0.352828
246.1,-0.663132,0.0869647,0.485466,0.352828
246.2,-0.590353,0.11433,0.386501,0.352828
246.3,-0.522322,0.133134,0.288051,0.352828
246.4,-0.459328,0.144906,0.19,0.352828
246.5,-0.401492,0.151019,0.0922018,-0.133822
246.6,-0.348802,0.152687,-0.00548237,0.00607152
246.7,-0.301139,0.150963,-0.10317,0.0964682
246.8,-0.258303,0.14675,-0.200949,0.165588
246.9,-0.220034,0.140814,-0.298878,0.22247
247,-0.186028,0.13379,-0.39699,0.271306
247.1,-0.155958,0.1262,-0.495299,0.314399
247.2,-0.129481,0.118466,-0.593802,0.353148
247.3,-0.106253,0.110921,-0.692487,0.388467
247.4,-0.0859343,0.103825,-0.791335,0.420983
247.5,-0.0681939,0.0973774,-0.890324,0.451149
247.6,-0.052718,0.0917246,-0.989431,0.479304
247.7,-0.0392097,0.0869759,-1.08863,0.50571
247.8,-0.0273918,0.0832099,-1.18791,0.530576
247.9,-0.0170069,0.0804847,-1.28724,0.554072
248,-0.00781744,0.0788449,-1.38661,0.576339
248.1,0.000395567,0.0783292,-1.48599,0.597495
248.2,0.00783384,0.0789759,-1.58538,0.617642
248.3,0.0146838,0.0808293,-1.68474,0.636866
248.4,0.0211188,0.0839442,-1.78406,0.655242
248.5,0.0273017,0.0883914,-1.88332,0.672832
248.6,0.0333874,0.0942621,-1.98249,0.689692
248.7,0.0395261,0.101673,-2.08153,0.705867
248.8,0.0458663,0.110772,-2.18041,0.721394
248.9,0.0525579,0.121743,-2.27906,0.736304
249,0.0597562,0.134812,-2.37741,0.750616
249.1,0.0676258,0.150257,-2.47539,0.764343
249.2,0.0763446,0.168415,-2.57285,0.777486
249.3,0.0861088,0.18969,-2.66965,0.790034
249.4,0.0971386,0.214568,-2.76558,0.801961
249.5,0.109683,0.243629,-2.86034,0.813222
249.6,0.12403,0.277564,-2.95356,0.823746
249.7,0.140509,0.317191,-3.04473,0.833432
249.8,0.159504,0.363475,-3.13317,0.842132
249.9,0.181464,0.41755,-3.21795,0.849641
250,0.206909,0.480737,-3.29782,0.855671
250.1,0.236447,0.554564,-3.37108,0.859824
250.2,0.270785,0.640769,-3.43543,0.861548
250.3,0.310735,0.741294,-3.48777,0.860073
250.4,0.357226,0.858243,-3.52393,0.854323
250.5,0.411305,0.993779,-3.53833,0.842793
250.6,0.474118,1.14994,-3.52362,0.823367
250.7,0.546879,1.32831,-3.47028,0.793081
250.8,0.630793,1.52946,-3.36631,0.747872
250.9,0.726927,1.75218,-3.19722,0.682534
251,0.835995,1.99226,-2.94665,0.591786
251.1,0.958044,2.24109,-2.5982,0.591786
251.2,1.09202,2.48413,-2.13891,0.591786
251.3,1.23525,2.69991,-1.56493,0.591786
251.4,1.38297,2.86063,-0.888452,0.591786
251.5,1.52801,2.9354,-0.143665,0.591786
251.6,1.66105,2.89683,0.612761,0.591786
251.7,1.7716,2.72956,1.31055,0.591786
251.8,1.84954,2.43723,1.88368,0.591786
251.9,1.8871,2.0437,2.29009,0.591786
252,1.88024,1.58691,2.52264,0.591786
252.1,1.82919,1.1084,2.60622,0.591786
252.2,1.73789,0.643485,2.58435,0.591786
252.3,1.6127,0.216022,2.50401,0.591786
252.4,1.4611,-0.161843,2.40526,0.591786
252.5,1.29051,-0.48687,2.31694,0.591786
252.6,1.10772,-0.761028,2.25701,0.591786
252.7,0.918538,-0.988328,2.2346,0.591786
252.8,0.72783,-1.17269,2.25238,0.591786
252.9,0.539686,-1.31685,2.30832,0.591786
253,0.357618,-1.42201,2.39683,0.591786
253.1,0.184755,-1.48811,2.50954,0.591786
253.2,0.0239667,-1.51449,2.63594,0.591786
253.3,-0.122089,-1.50073,2.76424,0.591786
253.4,-0.251015,-1.44748,2.88251,0.591786
253.5,-0.360783,-1.35717,2.98006,0.591786
253.6,-0.449893,-1.23429,3.04872,0.591786
253.7,-0.517507,-1.08526,3.08384,0.591786
253.8,-0.56355,-0.917847,3.08463,0.591786
253.9,-0.588728,-0.740367,3.05371,0.591786
254,-0.594459,-0.560829,2.99629,0.591786
254.1,-0.58275,-0.386253,2.91891,0.591786
254.2,-0.556015,-0.222238,2.82832,0.591786
254.3,-0.516896,-0.072824,2.73065,0.591786
254.4,-0.468097,0.0594282,2.63079,0.591786
254.5,-0.412243,0.173221,2.53229,0.591786
254.6,-0.351783,0.268249,2.43731,0.591786
254.7,-0.288927,0.344943,2.34685,0.591786
254.8,-0.225605,0.404243,2.26102,0.591786
254.9,-0.163456,0.447433,2.17928,0.591786
255,-0.10383,0.476013,2.10071,0.591786
255.1,-0.0477995,0.491615,2.02421,0.591786
255.2,0.00382421,0.495937,1.94868,0.591786
255.3,0.0504704,0.490696,1.87309,0.591786
255.4,0.091785,0.477587,1.79659,0.591786
255.5,0.127607,0.458248,1.71853,0.591786
255.6,0.15794,0.434225,1.63847,0.591786
255.7,0.182933,0.406945,1.55619,0.591786
255.8,0.202847,0.377692,1.4716,0.591786
255.9,0.218032,0.347591,1.38476,0.591786
256,0.228906,0.317598,1.29582,0.591786
256.1,0.235929,0.288501,1.20501,0.591786
256.2,0.239583,0.26092,1.11255,0.591786
256.3,0.240358,0.235322,1.01871,0.591786
256.4,0.238733,0.212036,0.923704,0.591786
256.5,0.235168,0.191269,0.827765,0.591786
256.6,0.230091,0.173123,0.73108,0.591786
256.7,0.223899,0.157621,0.633809,0.591786
256.8,0.216948,0.144718,0.536089,0.591786
256.9,0.209552,0.134324,0.438031,0.591786
257,0.201987,0.126315,0.339725,0.591786
257.1,0.19449,0.12055,0.241244,-0.390736
257.2,0.18726,0.116881,0.14265,-0.174211
257.3,0.180465,0.11516,0.0439923,-0.045014
257.4,0.174241,0.11525,-0.0546838,0.0490175
257.5,0.1687,0.117028,-0.153338,0.123515
257.6,0.163933,0.120393,-0.251932,0.185434
257.7,0.160014,0.125266,-0.350426,0.238515
257.8,0.157002,0.131595,-0.448779,0.285012
257.9,0.154948,0.139355,-0.546947,0.326391
258,0.153898,0.148551,-0.644877,0.363658
258.1,0.153893,0.159221,-0.742512,0.397533
258.2,0.154978,0.171433,-0.839782,0.428542
258.3,0.157201,0.185291,-0.936604,0.457082
258.4,0.160616,0.200933,-1.03288,0.483454
258.5,0.165288,0.218536,-1.12848,0.507885
258.6,0.171294,0.238317,-1.22327,0.530544
258.7,0.178726,0.260538,-1.31706,0.551555
258.8,0.187696,0.285507,-1.40961,0.570998
258.9,0.198336,0.313583,-1.50065,0.588915
259,0.210802,0.345182,-1.58981,0.605306
259.1,0.225278,0.380779,-1.67665,0.620135
259.2,0.24198,0.420916,-1.7606,0.633315
259.3,0.261155,0.466199,-1.84095,0.64471
259.4,0.283091,0.517307,-1.9168,0.654115
259.5,0.308114,0.574983,-1.98701,0.661251
259.6,0.336595,0.640028,-2.05014,0.665738
259.7,0.368945,0.713281,-2.10441,0.667069
259.8,0.40562,0.795589,-2.14756,0.664581
259.9,0.447107,0.887749,-2.17679,0.657413
260,0.493921,0.990429,-2.18868,0.644457
260.1,0.546579,1.10403,-2.17909,0.624324
260.2,0.605565,1.22853,-2.14315,0.595334
260.3,0.671288,1.36322,-2.07528,0.555616
260.4,0.744002,1.50639,-1.96941,0.503466
260.5,0.823714,1.65498,-1.81946,0.438155
260.6,0.910057,1.80421,-1.62006,0.438155
260.7,1.00215,1.94721,-1.36774,0.438155
260.8,1.09842,2.075,-1.06246,0.438155
260.9,1.19653,2.17678,-0.709307,0.438155
261,1.29326,2.24083,-0.319787,0.438155
261.1,1.3846,2.25613,0.0877914,0.438155
261.2,1.46599,2.21445,0.489688,0.438155
261.3,1.53276,2.11242,0.859992,0.438155
261.4,1.58063,1.95286,1.1752,0.438155
261.5,1.60633,1.74487,1.41869,0.438155
261.6,1.60799,1.50225,1.5835,0.438155
261.7,1.58537,1.24105,1.67245,0.438155
261.8,1.53979,0.976818,1.69593,0.438155
261.9,1.47379,0.722524,1.66845,0.438155
262,1.39075,0.487489,1.60529,0.438155
262.1,1.29442,0.277288,1.52011,0.438155
262.2,1.18855,0.0943,1.42376,0.438155
262.3,1.07667,-0.0614537,1.32398,0.438155
262.4,0.961882,-0.191481,1.22577,0.438155
262.5,0.846791,-0.298131,1.13195,0.438155
262.6,0.733525,-0.384109,1.04376,0.438155
262.7,0.623745,-0.452155,0.961394,0.438155
262.8,0.518698,-0.504877,0.884427,0.438155
262.9,0.419273,-0.54466,0.812082,0.438155
263,0.326063,-0.573647,0.743446,0.438155
263.1,0.239409,-0.593738,0.677597,0.438155
263.2,0.15945,-0.606618,0.613684,0.438155
263.3,0.0861633,-0.613775,0.55097,0.438155
263.4,0.0193922,-0.616525,0.48885,0.438155
263.5,-0.0411211,-0.616036,0.426858,0.438155
263.6,-0.0957147,-0.613338,0.364659,-0.681492
263.7,-0.144787,-0.609339,0.302042,-0.38846
263.8,-0.188778,-0.60484,0.238899,-0.252437
263.9,-0.228159,-0.600536,0.175218,-0.16182
264,-0.263417,-0.597031,0.111061,-0.0925305
264.1,-0.295047,-0.594844,0.0465599,-0.0356698
264.2,-0.32354,-0.594419,-0.0181008,0.0129131
264.3,-0.349382,-0.59613,-0.0826885,0.0554196
264.4,-0.373044,-0.600293,-0.146928,0.0931126
264.5,-0.39498,-0.607173,-0.210507,0.126757
264.6,-0.415624,-0.61699,-0.273073,0.156831
264.7,-0.435387,-0.629928,-0.334235,0.183637
264.8,-0.454658,-0.64614,-0.393559,0.207363
264.9,-0.473801,-0.665752,-0.450567,0.228118
265,-0.493157,-0.688866,-0.504728,0.24595
265.1,-0.513044,-0.715556,-0.555455,0.260857
265.2,-0.533753,-0.745871,-0.602097,0.272796
265.3,-0.555553,-0.779829,-0.64394,0.281688
265.4,-0.578685,-0.817404,-0.680197,0.287424
265.5,-0.603363,-0.858516,-0.710014,0.289869
265.6,-0.629771,-0.90302,-0.73247,0.288876
265.7,-0.658056,-0.950678,-0.746593,0.284303
265.8,-0.688323,-1.00114,-0.751373,0.276028
265.9,-0.720629,-1.05393,-0.745802,0.263984
266,-0.754971,-1.10839,-0.72891,0.248193
266.1,-0.791275,-1.16368,-0.699835,0.228809
266.2,-0.829384,-1.21875,-0.657894,0.228809
266.3,-0.869047,-1.27235,-0.602686,0.228809
266.4,-0.909905,-1.32298,-0.53419,0.228809
266.5,-0.951483,-1.36898,-0.452883,0.228809
266.6,-0.993185,-1.40855,-0.359834,0.228809
266.7,-1.0343,-1.43984,-0.256775,0.228809
266.8,-1.07401,-1.4611,-0.146122,0.228809
266.9,-1.11141,-1.47076,-0.030926,0.228809
267,-1.14556,-1.46766,0.0852556,0.228809
267.1,-1.17552,-1.45111,0.198568,0.228809
267.2,-1.2004,-1.42107,0.305128,0.228809
267.3,-1.21942,-1.37818,0.401326,0.228809
267.4,-1.23198,-1.32373,0.484099,0.228809
267.5,-1.23767,-1.25961,0.551159,0.228809
267.6,-1.23635,-1.18812,0.601111,0.228809
267.7,-1.2281,-1.11185,0.633473,0.228809
267.8,-1.21325,-1.03339,0.648592,0.228809
267.9,-1.19234,-0.955262,0.647487,0.228809
268,-1.1661,-0.879676,0.631655,0.228809
268.1,-1.13536,-0.808502,0.602872,0.228809
268.2,-1.10104,-0.743197,0.563019,0.228809
268.3,-1.06411,-0.684802,0.51394,0.228809
268.4,-1.02549,-0.633981,0.457355,0.228809
268.5,-0.986093,-0.59106,0.394807,0.228809
268.6,-0.946747,-0.556097,0.327641,0.228809
268.7,-0.908197,-0.528942,0.257011,0.228809
268.8,-0.871098,-0.509295,0.183899,0.228809
268.9,-0.836007,-0.496761,0.109146,0.228809
269,-0.803388,-0.490892,0.0334801,-0.0189338
269.1,-0.773619,-0.491227,-0.0424548,0.0237525
269.2,-0.746997,-0.497314,-0.11807,0.0648125
269.3,-0.723748,-0.508733,-0.192808,0.103236
269.4,-0.704041,-0.525106,-0.266127,0.138443
269.5,-0.687993,-0.546106,-0.337476,0.170158
269.6,-0.675684,-0.571459,-0.406286,0.198276
269.7,-0.66716,-0.600944,-0.471955,0.22278
269.8,-0.662445,-0.634381,-0.533835,0.243678
269.9,-0.661546,-0.671628,-0.591222,0.260971
270,-0.664457,-0.712567,-0.643351,0.274636
270.1,-0.671161,-0.757086,-0.68938,0.284616
270.2,-0.681632,-0.805058,-0.728398,0.290819
270.3,-0.695832,-0.856323,-0.759415,0.293128
270.4,-0.71371,-0.910655,-0.781378,0.291413
270.5,-0.735193,-0.967733,-0.793183,0.285552
270.6,-0.760178,-1.02711,-0.793702,0.27546
270.7,-0.788523,-1.08817,-0.781834,0.261132
270.8,-0.820031,-1.1501,-0.756564,0.242689
270.9,-0.854435,-1.21186,-0.717045,0.242689
271,-0.891383,-1.27216,-0.66271,0.242689
271.1,-0.93042,-1.32945,-0.59339,0.242689
271.2,-0.970978,-1.38195,-0.509444,0.242689
271.3,-1.01236,-1.42771,-0.41189,0.242689
271.4,-1.05375,-1.46466,-0.302497,0.242689
271.5,-1.09421,-1.49081,-0.183831,0.242689
271.6,-1.13272,-1.50434,-0.0592213,0.242689
271.7,-1.16817,-1.50383,0.0673727,0.242689
271.8,-1.19949,-1.48842,0.191592,0.242689
271.9,-1.22563,-1.45794,0.308993,0.242689
272,-1.24567,-1.41302,0.415403,0.242689
272.1,-1.25889,-1.35504,0.507265,0.242689
272.2,-1.26478,-1.28609,0.581909,0.242689
272.3,-1.26313,-1.20878,0.637713,0.242689
272.4,-1.25398,-1.12598,0.674125,0.242689
272.5,-1.23768,-1.04068,0.691567,0.242689
272.6,-1.21481,-0.955692,0.691238,0.242689
272.7,-1.18615,-0.873508,0.674884,0.242689
272.8,-1.15261,-0.796203,0.644552,0.242689
272.9,-1.11521,-0.725375,0.602383,0.242689
273,-1.07499,-0.662143,0.550454,0.242689
273.1,-1.03298,-0.607189,0.49067,0.242689
273.2,-0.990146,-0.560821,0.42471,0.242689
273.3,-0.947395,-0.523044,0.354014,0.242689
273.4,-0.905525,-0.493638,0.279793,0.242689
273.5,-0.865232,-0.472226,0.203056,0.242689
273.6,-0.827102,-0.45833,0.12465,-0.0741143
273.7,-0.791622,-0.451428,0.0452909,-0.0268824
273.8,-0.759177,-0.450984,-0.034397,0.0201319
273.9,-0.73007,-0.456485,-0.113852,0.0651294
274,-0.704524,-0.467458,-0.19255,0.107012
274.1,-0.682701,-0.483487,-0.269979,0.145232
274.2,-0.66471,-0.504214,-0.345624,0.179592
274.3,-0.650619,-0.529348,-0.418949,0.210082
274.4,-0.640464,-0.558663,-0.489385,0.236769
274.5,-0.63426,-0.591987,-0.556314,0.259731
274.6,-0.632007,-0.629199,-0.619059,0.279023
274.7,-0.633694,-0.670213,-0.676874,0.294659
274.8,-0.639305,-0.714965,-0.728932,0.306603
274.9,-0.648819,-0.763392,-0.774319,0.314773
275,-0.66221,-0.815409,-0.812027,0.31904
275.1,-0.679446,-0.870883,-0.840959,0.319243
275.2,-0.700479,-0.929598,-0.859934,0.315203
275.3,-0.725242,-0.991221,-0.867707,0.306756
275.4,-0.753635,-1.05526,-0.863006,0.29378
275.5,-0.785509,-1.12103,-0.844587,0.27627
275.6,-0.820657,-1.18759,-0.811311,0.254356
275.7,-0.858784,-1.25374,-0.762249,0.254356
275.8,-0.899498,-1.31796,-0.696814,0.254356
275.9,-0.942283,-1.37845,-0.614912,0.254356
276,-0.986489,-1.43311,-0.517103,0.254356
276.1,-1.03132,-1.47969,-0.40475,0.254356
276.2,-1.07583,-1.51582,-0.280123,0.254356
276.3,-1.11894,-1.53924,-0.146433,0.254356
276.4,-1.15948,-1.54801,-0.00775558,0.254356
276.5,-1.19623,-1.54067,0.131171,0.254356
276.6,-1.22798,-1.51653,0.265267,0.254356
276.7,-1.25359,-1.47573,0.389527,0.254356
276.8,-1.27212,-1.41938,0.499451,0.254356
276.9,-1.28285,-1.34945,0.591438,0.254356
277,-1.28535,-1.26863,0.663056,0.254356
277.1,-1.27953,-1.18011,0.713153,0.254356
277.2,-1.2656,-1.08727,0.7418,0.254356
277.3,-1.24408,-0.993416,0.750095,0.254356
277.4,-1.21576,-0.901567,0.739886,0.254356
277.5,-1.18159,-0.814273,0.713471,0.254356
277.6,-1.14267,-0.733533,0.673323,0.254356
277.7,-1.10015,-0.660781,0.621871,0.254356
277.8,-1.05518,-0.596921,0.561354,0.254356
277.9,-1.00886,-0.542395,0.49374,0.254356
278,-0.962209,-0.497268,0.420699,0.254356
278.1,-0.916153,-0.461323,0.34361,0.254356
278.2,-0.871488,-0.434143,0.2636,0.254356
278.3,-0.828889,-0.415182,0.18158,-0.115522
278.4,-0.788913,-0.403832,0.0983013,-0.0626934
278.5,-0.752004,-0.399464,0.014389,-0.00904929
278.6,-0.718504,-0.401471,-0.0696141,0.0426813
278.7,-0.688668,-0.40929,-0.153218,0.090911
278.8,-0.662677,-0.422419,-0.235958,0.134913
278.9,-0.640648,-0.440433,-0.317376,0.174508
279,-0.622651,-0.462981,-0.397001,0.209785
279.1,-0.60872,-0.489794,-0.474333,0.240936
279.2,-0.598865,-0.520675,-0.548833,0.26816
279.3,-0.593078,-0.555497,-0.619904,0.291618
279.4,-0.591343,-0.594191,-0.686884,0.311414
279.5,-0.593641,-0.636732,-0.749029,0.327584
279.6,-0.599956,-0.683127,-0.805503,0.3401
279.7,-0.610271,-0.73339,-0.855364,0.348868
279.8,-0.624576,-0.787523,-0.897559,0.353733
279.9,-0.642856,-0.845485,-0.930915,0.35449
280,-0.665093,-0.907156,-0.954143,0.350898
280.1,-0.691254,-0.972301,-0.96585,0.342702
280.2,-0.721276,-1.04052,-0.964572,0.329677
280.3,-0.755059,-1.1112,-0.94882,0.31168
280.4,-0.792438,-1.18346,-0.91716,0.288731
280.5,-0.833165,-1.2561,-0.868323,0.261092
280.6,-0.876886,-1.32757,-0.801352,0.261092
280.7,-0.923115,-1.39593,-0.715781,0.261092
280.8,-0.971208,-1.4589,-0.611838,0.261092
280.9,-1.02035,-1.51387,-0.490646,0.261092
281,-1.06955,-1.55809,-0.354394,0.261092
281.1,-1.11765,-1.58879,-0.206426,0.261092
281.2,-1.16333,-1.60347,-0.0512057,0.261092
281.3,-1.2052,-1.60017,0.105877,0.261092
281.4,-1.24185,-1.57772,0.258869,0.261092
281.5,-1.27195,-1.53601,0.40176,0.261092
281.6,-1.29432,-1.47605,0.52904,0.261092
281.7,-1.30804,-1.39994,0.636225,0.261092
281.8,-1.31257,-1.31075,0.720244,0.261092
281.9,-1.30768,-1.21217,0.77961,0.261092
282,-1.29359,-1.1082,0.814369,0.261092
282.1,-1.27084,-1.00275,0.825857,0.261092
282.2,-1.2403,-0.899396,0.816341,0.261092
282.3,-1.20306,-0.801138,0.788627,0.261092
282.4,-1.16035,-0.710301,0.745702,0.261092
282.5,-1.11349,-0.628515,0.69046,0.261092
282.6,-1.06378,-0.556767,0.625523,0.261092
282.7,-1.01249,-0.495495,0.553144,0.261092
282.8,-0.96075,-0.444694,0.475183,0.261092
282.9,-0.909595,-0.404035,0.393135,0.261092
283,-0.859908,-0.372963,0.308177,0.261092
283.1,-0.812429,-0.350789,0.221225,-0.157113
283.2,-0.767758,-0.336761,0.133,-0.094279
283.3,-0.726366,-0.330116,0.0440797,-0.0305643
283.4,-0.688608,-0.330122,-0.0450571,0.0301554
283.5,-0.654739,-0.336109,-0.133992,0.0859118
283.6,-0.624927,-0.347485,-0.222337,0.136111
283.7,-0.599274,-0.363747,-0.309716,0.180878
283.8,-0.57783,-0.384486,-0.395743,0.220616
283.9,-0.560604,-0.409393,-0.480009,0.255777
284,-0.547579,-0.438247,-0.562067,0.286765
284.1,-0.538725,-0.470918,-0.641422,0.313898
284.2,-0.534005,-0.507352,-0.717516,0.3374
284.3,-0.533384,-0.547565,-0.789715,0.357404
284.4,-0.536834,-0.591628,-0.857292,0.373956
284.5,-0.54434,-0.639651,-0.919413,0.387022
284.6,-0.555898,-0.691767,-0.975119,0.39649
284.7,-0.571519,-0.748104,-1.02331,0.402171
284.8,-0.591223,-0.80876,-1.06274,0.403805
284.9,-0.615034,-0.873763,-1.092,0.401071
285,-0.642973,-0.943032,-1.1095,0.393598
285.1,-0.675043,-1.01632,-1.11354,0.381004
285.2,-0.711212,-1.09317,-1.1023,0.362946
285.3,-0.751394,-1.17281,-1.07393,0.339208
285.4,-0.795422,-1.25412,-1.02664,0.309826
285.5,-0.843018,-1.33553,-0.958911,0.309826
285.6,-0.893757,-1.41503,-0.869647,0.309826
285.7,-0.947039,-1.49006,-0.758469,0.309826
285.8,-1.00205,-1.55762,-0.625992,0.309826
285.9,-1.05777,-1.61435,-0.474098,0.309826
286,-1.11291,-1.65674,-0.306143,0.309826
286.1,-1.16601,-1.68143,-0.127017,0.309826
286.2,-1.21543,-1.68553,0.0570052,0.309826
286.3,-1.25946,-1.6671,0.23866,0.309826
286.4,-1.29642,-1.62541,0.410327,0.309826
286.5,-1.32479,-1.56122,0.564802,0.309826
286.6,-1.34335,-1.47675,0.696066,0.309826
286.7,-1.35127,-1.37558,0.799893,0.309826
286.8,-1.34817,-1.26219,0.87416,0.309826
286.9,-1.33419,-1.14155,0.918825,0.309826
287,-1.30991,-1.0186,0.935607,0.309826
287.1,-1.27632,-0.897825,0.92748,0.309826
287.2,-1.23468,-0.782955,0.89811,0.309826
287.3,-1.18648,-0.676844,0.851359,0.309826
287.4,-1.13328,-0.581431,0.790897,0.309826
287.5,-1.07662,-0.497826,0.719966,0.309826
287.6,-1.01799,-0.426442,0.641271,0.309826
287.7,-0.958736,-0.367146,0.556967,0.309826
287.8,-0.900041,-0.31942,0.468706,0.309826
287.9,-0.842919,-0.282486,0.377723,0.309826
288,-0.788203,-0.25542,0.28492,-0.248202
288.1,-0.736556,-0.23724,0.190957,-0.164294
288.2,-0.688484,-0.22697,0.096316,-0.0793874
288.3,-0.644354,-0.223681,0.00136871,-0.00106378
288.4,-0.604414,-0.226527,-0.0935856,0.0681797
288.5,-0.568812,-0.234763,-0.188285,0.128592
288.6,-0.537616,-0.247754,-0.282481,0.181312
288.7,-0.510834,-0.264983,-0.375923,0.227557
288.8,-0.488428,-0.286046,-0.468345,0.268363
288.9,-0.470332,-0.310656,-0.559456,0.30454
289,-0.456463,-0.338629,-0.648928,0.336691
289.1,-0.446736,-0.369887,-0.736389,0.365258
289.2,-0.441068,-0.404443,-0.821411,0.390544
289.3,-0.439391,-0.442392,-0.903495,0.412741
289.4,-0.441656,-0.483909,-0.982058,0.431948
289.5,-0.447838,-0.529227,-1.05641,0.448177
289.6,-0.457939,-0.578631,-1.12575,0.461359
289.7,-0.471991,-0.632442,-1.1891,0.471343
289.8,-0.490054,-0.690991,-1.24534,0.477895
289.9,-0.512211,-0.7546,-1.29313,0.480688
290,-0.538569,-0.823541,-1.3309,0.479304
290.1,-0.569245,-0.897996,-1.35684,0.473228
290.2,-0.604356,-0.977994,-1.36889,0.461864
290.3,-0.644001,-1.06334,-1.36474,0.444564
290.4,-0.688234,-1.15354,-1.34189,0.420706
290.5,-0.737041,-1.24766,-1.29773,0.389832
290.6,-0.790293,-1.34425,-1.22974,0.35185
290.7,-0.847707,-1.44122,-1.13567,0.30731
290.8,-0.908792,-1.53573,-1.01394,0.30731
290.9,-0.972796,-1.62419,-0.864033,0.30731
291,-1.03866,-1.70229,-0.686993,0.30731
291.1,-1.105,-1.76523,-0.485855,0.30731
291.2,-1.17008,-1.80803,-0.265962,0.30731
291.3,-1.23187,-1.82605,-0.0349825,0.30731
291.4,-1.28815,-1.81566,0.197475,0.30731
291.5,-1.33662,-1.77482,0.420702,0.30731
291.6,-1.37511,-1.7036,0.62409,0.30731
291.7,-1.40177,-1.60435,0.798456,0.30731
291.8,-1.41528,-1.48155,0.937186,0.30731
291.9,-1.41491,-1.3413,1.03689,0.30731
292,-1.40067,-1.1905,1.09748,0.30731
292.1,-1.3732,-1.0361,1.12163,0.30731
292.2,-1.33374,-0.884374,1.11394,0.30731
292.3,-1.28393,-0.740445,1.07998,0.30731
292.4,-1.22571,-0.608071,1.02544,0.30731
292.5,-1.16109,-0.489655,0.955547,0.30731
292.6,-1.09207,-0.386401,0.87471,0.30731
292.7,-1.02055,-0.29855,0.786416,0.30731
292.8,-0.948199,-0.225635,0.693267,0.30731
292.9,-0.876481,-0.166704,0.5971,0.30731
293,-0.806607,-0.120521,0.499152,0.30731
293.1,-0.739549,-0.0857097,0.400207,0.30731
293.2,-0.676052,-0.0608598,0.300738,-0.534426
293.3,-0.61666,-0.0446031,0.201011,-0.277099
293.4,-0.561735,-0.0356607,0.101168,-0.114264
293.5,-0.511493,-0.032872,0.00128254,-0.00124302
293.6,-0.466023,-0.0352106,-0.0986042,0.0844982
293.7,-0.425313,-0.0417906,-0.198458,0.153479
293.8,-0.389279,-0.0518666,-0.29824,0.21125
293.9,-0.357776,-0.0648294,-0.397901,0.261037
294,-0.330624,-0.0801994,-0.497376,0.304843
294.1,-0.307621,-0.0976182,-0.596586,0.343981
294.2,-0.288553,-0.11684,-0.695436,0.379345
294.3,-0.273209,-0.137721,-0.793816,0.411561
294.4,-0.261391,-0.160214,-0.891596,0.441079
294.5,-0.252917,-0.184359,-0.988628,0.468227
294.6,-0.247632,-0.210275,-1.08474,0.493246
294.7,-0.24541,-0.23816,-1.17971,0.516307
294.8,-0.246158,-0.268279,-1.2733,0.537526
294.9,-0.249822,-0.30097,-1.3652,0.556975
295,-0.25639,-0.336636,-1.45505,0.574676
295.1,-0.265889,-0.375749,-1.54237,0.590608
295.2,-0.278394,-0.418846,-1.6266,0.604701
295.3,-0.294028,-0.466527,-1.70702,0.616829
295.4,-0.312959,-0.519459,-1.78273,0.6268
295.5,-0.335409,-0.578361,-1.85263,0.634343
295.6,-0.361648,-0.643998,-1.91532,0.639091
295.7,-0.391993,-0.717159,-1.96904,0.640555
295.8,-0.426809,-0.798621,-2.01166,0.638095
295.9,-0.466494,-0.889097,-2.04051,0.630886
296,-0.511472,-0.989151,-2.05238,0.617881
296.1,-0.562169,-1.09909,-2.04344,0.597791
296.2,-0.618977,-1.21877,-2.00919,0.569094
296.3,-0.682213,-1.34742,-1.9446,0.530161
296.4,-0.752043,-1.48334,-1.84426,0.479621
296.5,-0.828401,-1.62359,-1.70283,0.417102
296.6,-0.910873,-1.76368,-1.51574,0.417102
296.7,-0.998574,-1.89731,-1.28021,0.417102
296.8,-1.09001,-2.01636,-0.996543,0.417102
296.9,-1.18298,-2.11115,-0.669548,0.417102
297,-1.27454,-2.17131,-0.309612,0.417102
297.1,-1.36102,-2.1871,0.0670522,0.417102
297.2,-1.43833,-2.1512,0.439546,0.417102
297.3,-1.50221,-2.06045,0.78499,0.417102
297.4,-1.54879,-1.91703,1.08232,0.417102
297.5,-1.57503,-1.72856,1.31608,0.417102
297.6,-1.57913,-1.50695,1.47892,0.417102
297.7,-1.56071,-1.26632,1.57195,0.417102
297.8,-1.52081,-1.02073,1.60319,0.417102
297.9,-1.46158,-0.782258,1.58475,0.417102
298,-1.38603,-0.559941,1.52998,0.417102
298.1,-1.29753,-0.359529,1.45127,0.417102
298.2,-1.19957,-0.183839,1.35879,0.417102
298.3,-1.09544,-0.0334116,1.26011,0.417102
298.4,-0.988081,0.0927666,1.16035,0.417102
298.5,-0.880032,0.196644,1.06258,0.417102
298.6,-0.773362,0.280632,0.96841,0.417102
298.7,-0.66971,0.347282,0.878388,0.417102
298.8,-0.570316,0.399097,0.792422,0.417102
298.9,-0.476072,0.438417,0.710051,0.417102
299,-0.387571,0.46738,0.63064,0.417102
299.1,-0.305159,0.487904,0.553518,0.417102
299.2,-0.228975,0.501697,0.478051,0.417102
299.3,-0.158992,0.510269,0.403692,0.417102
299.4,-0.095051,0.514949,0.329997,0.417102
299.5,-0.0368899,0.516906,0.256634,0.417102
299.6,0.0158328,0.51716,0.183377,-0.264552
299.7,0.0635166,0.516601,0.110097,-0.121895
299.8,0.106602,0.516,0.0367507,-0.0346256
299.9,0.145555,0.516023,-0.0366305,0.0306523
300,0.180857,0.517243,-0.109952,0.0837037
300.1,0.212994,0.520152,-0.183064,0.128756
300.2,0.242448,0.525172,-0.255766,0.16799
300.3,0.269695,0.532666,-0.327813,0.202651
300.4,0.295194,0.542952,-0.398915,0.233488
300.5,0.319392,0.556305,-0.468734,0.260972
300.6,0.342716,0.572971,-0.536882,0.285393
300.7,0.365576,0.593175,-0.602917,0.306925
300.8,0.388363,0.617119,-0.66633,0.32565
300.9,0.411448,0.64499,-0.726543,0.341583
301,0.435186,0.67696,-0.782892,0.354676
301.1,0.459912,0.713177,-0.834619,0.364825
301.2,0.485942,0.753765,-0.880861,0.371874
301.3,0.513572,0.798806,-0.92064,0.375615
301.4,0.543075,0.848325,-0.952855,0.375794
301.5,0.574698,0.902265,-0.97628,0.372121
301.6,0.608653,0.96046,-0.989572,0.364281
301.7,0.645108,1.02259,-0.991289,0.35197
301.8,0.684177,1.08815,-0.979927,0.334937
301.9,0.725903,1.15638,-0.953981,0.313055
302,0.770241,1.22625,-0.912037,0.286401
302.1,0.817032,1.29636,-0.852896,0.286401
302.2,0.865985,1.36497,-0.775734,0.286401
302.3,0.916651,1.42994,-0.680298,0.286401
302.4,0.968404,1.48881,-0.567109,0.286401
302.5,1.02043,1.53884,-0.437662,0.286401
302.6,1.07172,1.57719,-0.294569,0.286401
302.7,1.1211,1.60111,-0.141609,0.286401
302.8,1.16727,1.60824,0.0163657,0.286401
302.9,1.20883,1.59685,0.173692,0.286401
303,1.24443,1.56615,0.324326,0.286401
303.1,1.27278,1.51642,0.46238,0.286401
303.2,1.29284,1.44912,0.582687,0.286401
303.3,1.30384,1.36676,0.68129,0.286401
303.4,1.30535,1.27269,0.755747,0.286401
303.5,1.29736,1.17079,0.805218,0.286401
303.6,1.28022,1.06509,0.830324,0.286401
303.7,1.25462,0.959411,0.832852,0.286401
303.8,1.22154,0.857136,0.815361,0.286401
303.9,1.18216,0.761014,0.7808,0.286401
304,1.13775,0.673098,0.732174,0.286401
304.1,1.08967,0.594755,0.672305,0.286401
304.2,1.0392,0.526738,0.603689,0.286401
304.3,0.987567,0.469292,0.528431,0.286401
304.4,0.93589,0.422261,0.448245,0.286401
304.5,0.885142,0.385207,0.364491,0.286401
304.6,0.836156,0.357505,0.278232,0.286401
304.7,0.789618,0.338424,0.190296,-0.137147
304.8,0.746079,0.327194,0.101331,-0.0721817
304.9,0.705963,0.323055,0.0118658,-0.00820797
305,0.669585,0.325291,-0.0776579,0.0515944
305.1,0.637163,0.333253,-0.166845,0.10589
305.2,0.608838,0.34638,-0.255324,0.154476
305.3,0.584688,0.364203,-0.342725,0.197674
305.4,0.564745,0.386349,-0.428664,0.235959
305.5,0.549004,0.412543,-0.512728,0.269798
305.6,0.537442,0.442601,-0.594466,0.299585
305.7,0.530023,0.476422,-0.67337,0.325614
305.8,0.52671,0.513985,-0.748867,0.348086
305.9,0.527469,0.555333,-0.8203,0.367107
306,0.532277,0.60056,-0.886919,0.382702
306.1,0.541124,0.649798,-0.947856,0.394812
306.2,0.554015,0.703191,-1.00212,0.4033
306.3,0.570967,0.760876,-1.04855,0.407954
306.4,0.592007,0.822951,-1.08587,0.40849
306.5,0.617166,0.889434,-1.11259,0.404563
306.6,0.646466,0.96022,-1.12708,0.395781
306.7,0.679913,1.03503,-1.12757,0.381752
306.8,0.717469,1.11333,-1.11219,0.362135
306.9,0.759039,1.19428,-1.07905,0.336746
307,0.804437,1.27665,-1.02637,0.305683
307.1,0.853357,1.35877,-0.952649,0.305683
307.2,0.905336,1.43843,-0.856902,0.305683
307.3,0.959723,1.51294,-0.738928,0.305683
307.4,1.01565,1.57914,-0.599609,0.305683
307.5,1.07201,1.63354,-0.441187,0.305683
307.6,1.12747,1.67255,-0.267446,0.305683
307.7,1.18048,1.6928,-0.0837341,0.305683
307.8,1.22936,1.69154,0.103248,0.305683
307.9,1.27234,1.66704,0.28592,0.305683
308,1.30776,1.61891,0.456516,0.305683
308.1,1.33412,1.54828,0.607901,0.305683
308.2,1.35027,1.45782,0.734339,0.305683
308.3,1.35547,1.35145,0.832053,0.305683
308.4,1.34947,1.23394,0.89946,0.305683
308.5,1.33253,1.1104,0.937054,0.305683
308.6,1.30535,0.985793,0.947013,0.305683
308.7,1.26903,0.864507,0.932645,0.305683
308.8,1.22494,0.750121,0.897816,0.305683
308.9,1.1746,0.645277,0.846464,0.305683
309,1.1196,0.5517,0.782237,0.305683
309.1,1.06152,0.470298,0.708299,0.305683
309.2,1.00183,0.401309,0.627241,0.305683
309.3,0.941836,0.344461,0.541099,0.305683
309.4,0.882707,0.299129,0.451412,0.305683
309.5,0.825414,0.264458,0.359315,0.305683
309.6,0.770751,0.239477,0.26563,-0.237454
309.7,0.71934,0.223174,0.170952,-0.149096
309.8,0.67165,0.214561,0.0757168,-0.0626874
309.9,0.628012,0.212708,-0.0197417,0.0153228
310,0.588644,0.216778,-0.11515,0.0835246
310.1,0.553666,0.226039,-0.210265,0.14274
310.2,0.523123,0.239875,-0.304853,0.194342
310.3,0.497004,0.257788,-0.398675,0.239618
310.4,0.475257,0.279396,-0.491473,0.27961
310.5,0.457803,0.304432,-0.582962,0.315113
310.6,0.444552,0.332736,-0.672823,0.346712
310.7,0.43541,0.364249,-0.760689,0.37483
310.8,0.430293,0.399004,-0.846135,0.399754
310.9,0.429132,0.437119,-0.92867,0.421665
311,0.431879,0.478784,-1.00771,0.440653
311.1,0.438511,0.524255,-1.08258,0.456721
311.2,0.449035,0.573837,-1.15245,0.469794
311.3,0.463488,0.62787,-1.21637,0.479715
311.4,0.481938,0.68671,-1.27319,0.486243
311.5,0.504478,0.7507,-1.32157,0.489043
311.6,0.531224,0.820138,-1.35991,0.487686
311.7,0.562305,0.895232,-1.38638,0.481642
311.8,0.597851,0.976039,-1.39888,0.470293
311.9,0.637975,1.06239,-1.39503,0.452962
312,0.682749,1.15381,-1.37225,0.428983
312.1,0.732172,1.24939,-1.32786,0.397843
312.2,0.786132,1.34767,-1.2592,0.359399
312.3,0.844358,1.44654,-1.16391,0.314156
312.4,0.906368,1.54313,-1.04028,0.314156
312.5,0.971412,1.63376,-0.887685,0.314156
312.6,1.03843,1.71401,-0.707085,0.314156
312.7,1.106,1.77889,-0.501518,0.314156
312.8,1.17236,1.82324,-0.276426,0.314156
312.9,1.23544,1.84222,-0.0396931,0.314156
313,1.29293,1.832,0.198744,0.314156
313.1,1.34247,1.79044,0.427771,0.314156
313.2,1.38182,1.71756,0.636361,0.314156
313.3,1.40906,1.61578,0.814975,0.314156
313.4,1.4228,1.48977,0.95677,0.314156
313.5,1.42233,1.34583,1.0583,0.314156
313.6,1.40762,1.19117,1.11956,0.314156
313.7,1.37937,1.03297,1.14344,0.314156
313.8,1.33885,0.877701,1.13481,0.314156
313.9,1.28777,0.730619,1.09952,0.314156
314,1.22811,0.595547,1.04349,0.314156
314.1,1.16195,0.474897,0.972126,0.314156
314.2,1.09136,0.369843,0.889946,0.314156
314.3,1.01826,0.280571,0.800504,0.314156
314.4,0.944361,0.206545,0.706422,0.314156
314.5,0.871148,0.146749,0.609532,0.314156
314.6,0.799849,0.0998822,0.511046,0.314156
314.7,0.731442,0.0645092,0.411717,0.314156
314.8,0.666675,0.0391703,0.311983,-0.807794
314.9,0.606088,0.0224538,0.212077,-0.3282
315,0.55004,0.0130433,0.112107,-0.134547
315.1,0.498734,0.00974583,0.012119,-0.0122214
315.2,0.45225,0.0115065,-0.0878704,0.0775147
315.3,0.410564,0.0174138,-0.18785,0.1486
315.4,0.373576,0.0266984,-0.287802,0.20766
315.5,0.341128,0.0387286,-0.387695,0.258343
315.6,0.313026,0.0530027,-0.487484,0.302846
315.7,0.289048,0.06914,-0.587111,0.342582
315.8,0.268967,0.0868713,-0.686502,0.378499
315.9,0.252554,0.10603,-0.785571,0.41126
316,0.239592,0.126541,-0.884218,0.44134
316.1,0.229881,0.148417,-0.982327,0.469087
316.2,0.223245,0.171747,-1.07976,0.494759
316.3,0.219538,0.196693,-1.17637,0.518548
316.4,0.218644,0.223487,-1.27196,0.540592
316.5,0.220486,0.252424,-1.3663,0.560986
316.6,0.225025,0.283868,-1.45911,0.579784
316.7,0.232263,0.318245,-1.55005,0.597
316.8,0.242245,0.356048,-1.6387,0.612611
316.9,0.255062,0.397836,-1.7245,0.626546
317,0.270854,0.444239,-1.80679,0.638684
317.1,0.28981,0.495955,-1.88471,0.648843
317.2,0.312172,0.553746,-1.95719,0.656765
317.3,0.338232,0.618433,-2.02288,0.662097
317.4,0.368336,0.690878,-2.08007,0.664371
317.5,0.40288,0.771955,-2.12663,0.662966
317.6,0.442304,0.862499,-2.15991,0.657073
317.7,0.487081,0.963234,-2.17665,0.645652
317.8,0.537697,1.07465,-2.17291,0.627389
317.9,0.594622,1.19685,-2.14399,0.600677
318,0.658262,1.32932,-2.08451,0.563689
318.1,0.728896,1.47062,-1.98853,0.514654
318.2,0.806579,1.61806,-1.84996,0.452551
318.3,0.891028,1.76729,-1.66323,0.452551
318.4,0.981482,1.912,-1.42437,0.452551
318.5,1.07655,2.04372,-1.13245,0.452551
318.6,1.17406,2.1521,-0.79121,0.452551
318.7,1.27101,2.22559,-0.410573,0.452551
318.8,1.36358,2.25295,-0.00721882,0.452551
318.9,1.44733,2.22516,0.396306,0.452551
319,1.5176,2.13761,0.774407,0.452551
319.1,1.56998,1.99163,1.10277,0.452551
319.2,1.60094,1.79488,1.36296,0.452551
319.3,1.60828,1.56015,1.54568,0.452551
319.4,1.59138,1.30311,1.65153,0.452551
319.5,1.55119,1.03954,1.68929,0.452551
319.6,1.48999,0.78305,1.67269,0.452551
319.7,1.41098,0.543831,1.61695,0.452551
319.8,1.31783,0.328288,1.53616,0.452551
319.9,1.21431,0.139491,1.44183,0.452551
320,1.104,-0.0220433,1.34236,0.452551
320.1,0.990091,-0.157507,1.24336,0.452551
320.2,0.875306,-0.269083,1.14809,0.452551
320.3,0.761876,-0.359408,1.05814,0.452551
320.4,0.651562,-0.431225,0.973924,0.452551
320.5,0.545699,-0.487174,0.895149,0.452551
320.6,0.445254,-0.529695,0.821119,0.452551
320.7,0.35088,-0.560987,0.750959,0.452551
320.8,0.262973,-0.583008,0.683761,0.452551
320.9,0.181713,-0.597492,0.618669,0.452551
321,0.10711,-0.605972,0.554931,0.452551
321.1,0.0390339,-0.609805,0.491925,0.452551
321.2,-0.0227527,-0.610188,0.429163,0.452551
321.3,-0.0785727,-0.608183,0.366294,0.452551
321.4,-0.128813,-0.604724,0.303083,-0.411995
321.5,-0.173906,-0.600631,0.239407,-0.261229
321.6,-0.214316,-0.596619,0.175239,-0.165441
321.7,-0.25053,-0.593311,0.110627,-0.0936825
321.8,-0.283038,-0.591241,0.0456917,-0.0354488
321.9,-0.312334,-0.590865,-0.0193926,0.0139744
322,-0.338904,-0.592571,-0.0844019,0.0570328
322.1,-0.363223,-0.596685,-0.149069,0.0951138
322.2,-0.385746,-0.603483,-0.213086,0.129048
322.3,-0.406912,-0.613195,-0.276108,0.159355
322.4,-0.427137,-0.626012,-0.337749,0.18636
322.5,-0.446814,-0.642097,-0.39758,0.210268
322.6,-0.466313,-0.661581,-0.455125,0.231197
322.7,-0.48598,-0.684575,-0.509857,0.249201
322.8,-0.506136,-0.711161,-0.561191,0.264283
322.9,-0.52708,-0.741397,-0.60848,0.276402
323,-0.549086,-0.775307,-0.651007,0.285478
323.1,-0.572402,-0.812876,-0.687985,0.291401
323.2,-0.597249,-0.854035,-0.718555,0.294033
323.3,-0.623817,-0.898648,-0.74179,0.293223
323.4,-0.652261,-0.946492,-0.756705,0.288818
323.5,-0.682694,-0.997229,-0.762276,0.280688
323.6,-0.71518,-1.05039,-0.75747,0.268751
323.7,-0.749726,-1.10533,-0.741292,0.253016
323.8,-0.786267,-1.16123,-0.712842,0.233614
323.9,-0.824655,-1.21704,-0.671398,0.233614
324,-0.864647,-1.27151,-0.616509,0.233614
324.1,-0.90589,-1.32313,-0.548105,0.233614
324.2,-0.947917,-1.37022,-0.466612,0.233614
324.3,-0.990133,-1.41096,-0.373054,0.233614
324.4,-1.03183,-1.44347,-0.269133,0.233614
324.5,-1.07217,-1.46592,-0.15725,0.233614
324.6,-1.11026,-1.4767,-0.0404705,0.233614
324.7,-1.14514,-1.47457,0.0776085,0.233614
324.8,-1.17583,-1.45878,0.193062,0.233614
324.9,-1.20144,-1.42924,0.301914,0.233614
325,-1.22115,-1.38655,0.400443,0.233614
325.1,-1.23434,-1.33198,0.485479,0.233614
325.2,-1.24058,-1.26742,0.554628,0.233614
325.3,-1.23969,-1.19521,0.606415,0.233614
325.4,-1.23175,-1.11796,0.640305,0.233614
325.5,-1.21708,-1.03835,0.656619,0.233614
325.6,-1.19622,-0.958945,0.656378,0.233614
325.7,-1.16989,-0.882026,0.641103,0.233614
325.8,-1.13895,-0.809513,0.612605,0.233614
325.9,-1.10432,-0.742909,0.572808,0.233614
326,-1.06699,-0.683291,0.523601,0.233614
326.1,-1.0279,-0.631341,0.466744,0.233614
326.2,-0.98797,-0.587401,0.403811,0.233614
326.3,-0.948052,-0.551531,0.336175,0.233614
326.4,-0.908904,-0.523578,0.265008,0.233614
326.5,-0.871193,-0.503235,0.191307,0.233614
326.6,-0.835486,-0.490098,0.115918,0.233614
326.7,-0.802257,-0.483708,0.039573,-0.0225932
326.8,-0.77189,-0.483591,-0.0370839,0.0209499
326.9,-0.744686,-0.489283,-0.113467,0.0628509
327,-0.720875,-0.500353,-0.189024,0.102078
327.1,-0.700629,-0.516415,-0.263217,0.138032
327.2,-0.684065,-0.537135,-0.335504,0.170434
327.3,-0.671263,-0.562232,-0.405323,0.199191
327.4,-0.66227,-0.591483,-0.472078,0.224297
327.5,-0.65711,-0.624709,-0.53513,0.245773
327.6,-0.65579,-0.66177,-0.593783,0.263631
327.7,-0.658303,-0.702554,-0.647277,0.277854
327.8,-0.664633,-0.746956,-0.694776,0.288391
327.9,-0.674758,-0.794867,-0.735371,0.295154
328,-0.688642,-0.84614,-0.768071,0.298023
328.1,-0.706239,-0.900571,-0.791816,0.296862
328.2,-0.727482,-0.957865,-0.805485,0.291536
328.3,-0.752279,-1.0176,-0.80793,0.281943
328.4,-0.780495,-1.0792,-0.79801,0.268047
328.5,-0.811947,-1.14187,-0.77466,0.249944
328.6,-0.846383,-1.20462,-0.736967,0.249944
328.7,-0.883466,-1.26616,-0.684278,0.249944
328.8,-0.922757,-1.32497,-0.616323,0.249944
328.9,-0.963703,-1.37927,-0.533352,0.249944
329,-1.00562,-1.42708,-0.436267,0.249944
329.1,-1.0477,-1.46631,-0.326729,0.249944
329.2,-1.08901,-1.49487,-0.20722,0.249944
329.3,-1.12851,-1.51085,-0.081022,0.249944
329.4,-1.16511,-1.51272,0.0478992,0.249944
329.5,-1.19767,-1.49947,0.175119,0.249944
329.6,-1.22512,-1.4708,0.296068,0.249944
329.7,-1.24651,-1.42723,0.406396,0.249944
329.8,-1.26104,-1.37005,0.50234,0.249944
329.9,-1.26817,-1.30132,0.581016,0.249944
330,-1.26763,-1.22363,0.640609,0.249944
330.1,-1.25943,-1.13992,0.680415,0.249944
330.2,-1.24387,-1.05325,0.700755,0.249944
330.3,-1.22153,-0.966526,0.702783,0.249944
330.4,-1.19316,-0.882361,0.688244,0.249944
330.5,-1.1597,-0.802936,0.659223,0.249944
330.6,-1.12216,-0.729941,0.617919,0.249944
330.7,-1.08161,-0.664575,0.566478,0.249944
330.8,-1.0391,-0.607577,0.506873,0.249944
330.9,-0.995627,-0.559294,0.440847,0.249944
331,-0.952123,-0.519758,0.369891,0.249944
331.1,-0.909412,-0.488755,0.295256,0.249944
331.2,-0.868213,-0.465908,0.217982,0.249944
331.3,-0.829136,-0.450731,0.138933,-0.0836126
331.4,-0.792682,-0.442685,0.058837,-0.0353857
331.5,-0.759255,-0.441221,-0.0216772,0.0128631
331.6,-0.729166,-0.445805,-0.102049,0.0591845
331.7,-0.702649,-0.455948,-0.18176,0.10237
331.8,-0.679871,-0.471213,-0.260305,0.14182
331.9,-0.660947,-0.49123,-0.337181,0.177327
332,-0.645945,-0.515695,-0.411865,0.208888
332.1,-0.634905,-0.54437,-0.483801,0.236589
332.2,-0.62784,-0.577079,-0.552388,0.260528
332.3,-0.62475,-0.613699,-0.616966,0.280781
332.4,-0.625625,-0.654147,-0.676807,0.297376
332.5,-0.630449,-0.698368,-0.7311,0.310293
332.6,-0.639202,-0.746315,-0.778948,0.319458
332.7,-0.651863,-0.797924,-0.819356,0.324749
332.8,-0.668404,-0.853092,-0.851232,0.326004
332.9,-0.688786,-0.911643,-0.873394,0.323035
333,-0.712952,-0.973291,-0.884584,0.315655
333.1,-0.740819,-1.0376,-0.883497,0.303714
333.2,-0.772258,-1.10395,-0.868834,0.287146
333.3,-0.807083,-1.17146,-0.839371,0.266035
333.4,-0.845031,-1.23901,-0.794061,0.266035
333.5,-0.885739,-1.30513,-0.732162,0.266035
333.6,-0.928727,-1.36807,-0.653387,0.266035
333.7,-0.973377,-1.42576,-0.558074,0.266035
333.8,-1.01892,-1.47591,-0.447349,0.266035
333.9,-1.06444,-1.51611,-0.323252,0.266035
334,-1.10888,-1.54396,-0.1888,0.266035
334.1,-1.15105,-1.55733,-0.0479492,0.266035
334.2,-1.18971,-1.55455,0.094581,0.266035
334.3,-1.22361,-1.53464,0.233608,0.266035
334.4,-1.25154,-1.4975,0.363895,0.266035
334.5,-1.27248,-1.444,0.480613,0.266035
334.6,-1.28562,-1.37593,0.579768,0.266035
334.7,-1.29043,-1.29591,0.658523,0.266035
334.8,-1.28671,-1.20711,0.715363,0.266035
334.9,-1.27461,-1.11299,0.750078,0.266035
335,-1.25459,-1.01702,0.763581,0.266035
335.1,-1.22738,-0.922396,0.757644,0.266035
335.2,-1.19394,-0.831866,0.734571,0.266035
335.3,-1.15535,-0.747622,0.696905,0.266035
335.4,-1.11279,-0.671269,0.647184,0.266035
335.5,-1.06744,-0.603845,0.587771,0.266035
335.6,-1.02044,-0.545894,0.520755,0.266035
335.7,-0.972867,-0.497552,0.447911,0.266035
335.8,-0.925679,-0.45864,0.370707,0.266035
335.9,-0.879719,-0.428758,0.290337,0.266035
336,-0.835704,-0.407358,0.207761,0.266035
336.1,-0.794227,-0.393817,0.123759,-0.0804693
336.2,-0.755762,-0.387483,0.0389756,-0.0250447
336.3,-0.720677,-0.387719,-0.0460414,0.0288635
336.4,-0.689247,-0.39393,-0.130804,0.0793367
336.5,-0.661667,-0.405584,-0.214857,0.125478
336.6,-0.638064,-0.422223,-0.297756,0.167047
336.7,-0.618517,-0.44347,-0.379048,0.204137
336.8,-0.603062,-0.469028,-0.458258,0.236968
336.9,-0.59171,-0.498682,-0.534872,0.265779
337,-0.584452,-0.53229,-0.608323,0.290771
337.1,-0.581271,-0.569773,-0.677984,0.31208
337.2,-0.582145,-0.611107,-0.743145,0.329777
337.3,-0.587057,-0.656306,-0.803011,0.34386
337.4,-0.595991,-0.705402,-0.856679,0.354259
337.5,-0.608937,-0.758428,-0.903133,0.360837
337.6,-0.625887,-0.815386,-0.941236,0.363401
337.7,-0.646833,-0.876216,-0.969721,0.361706
337.8,-0.671755,-0.940761,-0.987205,0.355482
337.9,-0.700616,-1.00872,-0.992207,0.344459
338,-0.733344,-1.07959,-0.983184,0.328422
338.1,-0.769813,-1.15262,-0.958602,0.307279
338.2,-0.809825,-1.22677,-0.917028,0.281153
338.3,-0.853084,-1.30062,-0.857267,0.281153
338.4,-0.899168,-1.37237,-0.778533,0.281153
338.5,-0.947506,-1.43983,-0.680655,0.281153
338.6,-0.997354,-1.50045,-0.564292,0.281153
338.7,-1.04778,-1.55142,-0.431139,0.281153
338.8,-1.09768,-1.58983,-0.284073,0.281153
338.9,-1.14576,-1.61291,-0.127186,0.281153
339,-1.19063,-1.61829,0.0343346,0.281153
339.1,-1.23081,-1.60433,0.194503,0.281153
339.2,-1.26487,-1.57038,0.347012,0.281153
339.3,-1.29151,-1.51692,0.485806,0.281153
339.4,-1.30964,-1.44565,0.605679,0.281153
339.5,-1.31851,-1.35936,0.702755,0.281153
339.6,-1.31775,-1.26164,0.774782,0.281153
339.7,-1.30737,-1.15656,0.821172,0.281153
339.8,-1.28779,-1.04829,0.842825,0.281153
339.9,-1.25977,-0.940712,0.841783,0.281153
340,-1.22436,-0.837215,0.820816,0.281153
340.1,-1.18278,-0.740496,0.783019,0.281153
340.2,-1.13636,-0.652522,0.731486,0.281153
340.3,-1.08646,-0.574562,0.669074,0.281153
340.4,-1.03441,-0.507262,0.598272,0.281153
340.5,-0.981423,-0.450766,0.521159,0.281153
340.6,-0.92862,-0.404834,0.439404,0.281153
340.7,-0.876962,-0.368953,0.354321,0.281153
340.8,-0.827265,-0.342441,0.266925,0.281153
340.9,-0.780196,-0.324524,0.178004,-0.130531
341,-0.736285,-0.314399,0.0881707,-0.0635573
341.1,-0.695934,-0.311286,-0.00207671,0.00144727
341.2,-0.659436,-0.314457,-0.0923187,0.0615782
341.3,-0.626991,-0.323259,-0.182179,0.115806
341.4,-0.59872,-0.337131,-0.271301,0.164136
341.5,-0.574685,-0.355608,-0.359327,0.207015
341.6,-0.554904,-0.378326,-0.445881,0.244979
341.7,-0.539361,-0.405019,-0.53056,0.27853
341.8,-0.528022,-0.435516,-0.612916,0.308071
341.9,-0.520844,-0.469731,-0.692447,0.333901
342,-0.517785,-0.507657,-0.768583,0.356219
342.1,-0.518808,-0.549353,-0.840671,0.37513
342.2,-0.523889,-0.594931,-0.907956,0.390652
342.3,-0.533016,-0.64454,-0.969571,0.402721
342.4,-0.546198,-0.698346,-1.02451,0.411195
342.5,-0.563455,-0.756506,-1.07162,0.415855
342.6,-0.58482,-0.819138,-1.10958,0.416404
342.7,-0.610331,-0.886284,-1.1369,0.412482
342.8,-0.64002,-0.957861,-1.1519,0.403681
342.9,-0.673899,-1.03361,-1.15277,0.389579
343,-0.711945,-1.11301,-1.13758,0.369804
343.1,-0.754071,-1.19525,-1.10436,0.344136
343.2,-0.800103,-1.27908,-1.05126,0.312636
343.3,-0.849744,-1.36282,-0.976689,0.312636
343.4,-0.902537,-1.44424,-0.879559,0.312636
343.5,-0.957832,-1.52058,-0.759593,0.312636
343.6,-1.01475,-1.5886,-0.617619,0.312636
343.7,-1.07219,-1.64469,-0.455867,0.312636
343.8,-1.12876,-1.68512,-0.278178,0.312636
343.9,-1.1829,-1.70639,-0.0900283,0.312636
344,-1.23286,-1.7056,0.101675,0.312636
344.1,-1.27685,-1.68092,0.289082,0.312636
344.2,-1.31312,-1.63189,0.464135,0.312636
344.3,-1.34014,-1.55968,0.619421,0.312636
344.4,-1.3567,-1.46703,0.748988,0.312636
344.5,-1.36203,-1.35799,0.848936,0.312636
344.6,-1.35589,-1.23752,0.917664,0.312636
344.7,-1.33853,-1.11091,0.955744,0.312636
344.8,-1.31068,-0.983293,0.965498,0.312636
344.9,-1.27348,-0.859197,0.950411,0.312636
345,-1.22833,-0.74229,0.914527,0.312636
345.1,-1.17681,-0.635262,0.861939,0.312636
345.2,-1.12057,-0.53985,0.796418,0.312636
345.3,-1.06119,-0.456945,0.721209,0.312636
345.4,-1.0002,-0.386751,0.638957,0.312636
345.5,-0.938927,-0.328953,0.551719,0.312636
345.6,-0.878562,-0.282876,0.461037,0.312636
345.7,-0.820087,-0.247618,0.368038,0.312636
345.8,-0.764305,-0.222162,0.273524,-0.255536
345.9,-0.71184,-0.205457,0.178069,-0.161403
346,-0.663159,-0.196477,0.0820841,-0.0701415
346.1,-0.618591,-0.194265,-0.0141194,0.0112418
346.2,-0.578346,-0.197954,-0.110291,0.0816668
346.3,-0.542536,-0.20679,-0.206212,0.142384
346.4,-0.511198,-0.220137,-0.301668,0.195065
346.5,-0.484309,-0.237481,-0.396445,0.241183
346.6,-0.461806,-0.258425,-0.490307,0.281893
346.7,-0.4436,-0.282692,-0.582997,0.318056
346.8,-0.429589,-0.31011,-0.67422,0.350305
346.9,-0.419671,-0.340613,-0.763643,0.379092
347,-0.413749,-0.37423,-0.850878,0.404732
347.1,-0.411744,-0.411075,-0.93547,0.427429
347.2,-0.4136,-0.451341,-1.01689,0.447291
347.3,-0.419287,-0.49529,-1.0945,0.464346
347.4,-0.428806,-0.543238,-1.16755,0.478541
347.5,-0.44219,-0.595546,-1.23515,0.489748
347.6,-0.459505,-0.652603,-1.29623,0.497751
347.7,-0.480847,-0.714799,-1.34951,0.502248
347.8,-0.50634,-0.782499,-1.3935,0.502837
347.9,-0.536129,-0.856,-1.42642,0.499012
348,-0.570366,-0.935481,-1.44622,0.490161
348.1,-0.609198,-1.02093,-1.45057,0.475584
348.2,-0.652745,-1.11207,-1.43685,0.454536
348.3,-0.70107,-1.20821,-1.40227,0.426331
348.4,-0.754144,-1.30819,-1.34394,0.390531
348.5,-0.811796,-1.41019,-1.25914,0.347228
348.6,-0.873664,-1.51163,-1.14557,0.347228
348.7,-0.939136,-1.60907,-1.00187,0.347228
348.8,-1.00729,-1.69824,-0.82805,0.347228
348.9,-1.07684,-1.77412,-0.626108,0.347228
349,-1.14613,-1.83123,-0.40047,0.347228
349.1,-1.21313,-1.86418,-0.158235,0.347228
349.2,-1.27552,-1.86825,0.0910003,0.347228
349.3,-1.33084,-1.8402,0.335846,0.347228
349.4,-1.3766,-1.77889,0.564319,0.347228
349.5,-1.41062,-1.68573,0.765357,0.347228
349.6,-1.43114,-1.56467,0.930291,0.347228
349.7,-1.43708,-1.42175,1.05389,0.347228
349.8,-1.42809,-1.26435,1.13471,0.347228
349.9,-1.40459,-1.10021,1.17477,0.347228
350,-1.36768,-0.936597,1.17865,0.347228
350.1,-1.31899,-0.779613,1.15235,0.347228
350.2,-1.26051,-0.633886,1.10233,0.347228
350.3,-1.1944,-0.502488,1.03461,0.347228
350.4,-1.12284,-0.387081,0.954381,0.347228
350.5,-1.04791,-0.288169,0.865769,0.347228
350.6,-0.971484,-0.205396,0.771851,0.347228
350.7,-0.895196,-0.137811,0.674793,0.347228
350.8,-0.820419,-0.0841038,0.576024,0.347228
350.9,-0.748258,-0.0427801,0.476428,0.347228
351,-0.679569,-0.0122894,0.376507,0.347228
351.1,-0.614976,0.00888666,0.276511,0.347228
351.2,-0.554908,0.0221781,0.176539,-0.279767
351.3,-0.499619,0.0288925,0.0766068,-0.0909182
351.4,-0.449222,0.0301978,-0.0233035,0.0231077
351.5,-0.403718,0.0271143,-0.123219,0.106816
351.6,-0.363013,0.0205156,-0.223161,0.173609
351.7,-0.32695,0.011133,-0.323135,0.229557
351.8,-0.295321,-0.000436647,-0.42313,0.27794
351.9,-0.26789,-0.0137213,-0.523124,0.320725
352,-0.244401,-0.0283634,-0.623079,0.359174
352.1,-0.224596,-0.0441093,-0.722946,0.394137
352.2,-0.208221,-0.0607989,-0.822669,0.426213
352.3,-0.195034,-0.0783566,-0.922183,0.455838
352.4,-0.184815,-0.0967823,-1.02142,0.483336
352.5,-0.177367,-0.116145,-1.12028,0.508953
352.6,-0.17252,-0.136576,-1.21868,0.532881
352.7,-0.170138,-0.158268,-1.31651,0.555265
352.8,-0.170117,-0.181466,-1.41362,0.576214
352.9,-0.172391,-0.206474,-1.50986,0.595809
353,-0.176931,-0.233653,-1.60502,0.6141
353.1,-0.183746,-0.263419,-1.69885,0.631107
353.2,-0.19289,-0.296255,-1.79102,0.646823
353.3,-0.204459,-0.332708,-1.88114,0.661205
353.4,-0.218595,-0.373398,-1.96869,0.674172
353.5,-0.235492,-0.419024,-2.05301,0.685595
353.6,-0.255392,-0.470366,-2.13326,0.695288
353.7,-0.278596,-0.52829,-2.20836,0.70299
353.8,-0.30546,-0.593742,-2.27692,0.708345
353.9,-0.336401,-0.66774,-2.33719,0.710878
354,-0.371896,-0.751347,-2.38691,0.709952
354.1,-0.412478,-0.845624,-2.42322,0.704724
354.2,-0.458725,-0.951557,-2.44256,0.694088
354.3,-0.51125,-1.06993,-2.4405,0.676602
354.4,-0.570661,-1.20114,-2.41166,0.650436
354.5,-0.637519,-1.34495,-2.34968,0.61337
354.6,-0.712264,-1.50011,-2.24736,0.563006
354.7,-0.795108,-1.6639,-2.09704,0.497472
354.8,-0.885892,-1.83164,-1.89136,0.41694
354.9,-0.983912,-1.99617,-1.62459,0.41694
355,-1.08771,-2.14755,-1.29448,0.41694
355.1,-1.19491,-2.2732,-0.904566,0.41694
355.2,-1.30204,-2.35881,-0.466285,0.41694
355.3,-1.4046,-2.39015,-5.33908e-05,0.41694
355.4,-1.49728,-2.35578,0.465819,0.41694
355.5,-1.57443,-2.24996,0.898998,0.41694
355.6,-1.63076,-2.07482,1.26921,0.41694
355.7,-1.6621,-1.84071,1.55464,0.41694
355.8,-1.66599,-1.56438,1.74607,0.41694
355.9,-1.64197,-1.26565,1.84733,0.41694
356,-1.59151,-0.963682,1.87224,0.41694
356.1,-1.51761,-0.67419,1.83975,0.41694
356.2,-1.42426,-0.408084,1.76937,0.41694
356.3,-1.31586,-0.1715,1.67809,0.41694
356.4,-1.1968,0.0333355,1.57888,0.41694
356.5,-1.0711,0.206926,1.48063,0.41694
356.6,-0.94227,0.351403,1.38873,0.41694
356.7,-0.813244,0.469669,1.30587,0.41694
356.8,-0.686384,0.564831,1.23289,0.41694
356.9,-0.563537,0.639868,1.16941,0.41694
357,-0.446103,0.697476,1.11433,0.41694
357.1,-0.335108,0.740024,1.06617,0.41694
357.2,-0.231271,0.769572,1.0233,0.41694
357.3,-0.135058,0.787918,0.984081,0.41694
357.4,-0.0467326,0.796656,0.946971,0.41694
357.5,0.0336134,0.797228,0.910582,0.41694
357.6,0.106027,0.790962,0.873723,0.41694
357.7,0.170673,0.779103,0.835417,0.41694
357.8,0.227816,0.762826,0.794908,0.41694
357.9,0.277804,0.743244,0.751652,0.41694
358,0.321053,0.721401,0.705307,0.41694
358.1,0.358039,0.698266,0.655708,0.41694
358.2,0.389277,0.674728,0.60284,0.41694
358.3,0.415316,0.651581,0.546813,0.41694
358.4,0.436721,0.629524,0.487833,0.41694
358.5,0.454068,0.609154,0.426174,0.41694
358.6,0.467928,0.590972,0.362161,0.41694
358.7,0.478861,0.575381,0.296145,0.41694
358.8,0.487408,0.562702,0.228499,-0.16591
358.9,0.494087,0.553176,0.159599,-0.112065
359,0.499383,0.54698,0.0898265,-0.0608564
359.1,0.503752,0.544238,0.0195636,-0.0127627
359.2,0.507615,0.54503,-0.0508061,0.0318808
359.3,0.511359,0.549408,-0.120894,0.072927
359.4,0.515338,0.557402,-0.190301,0.110348
359.5,0.519874,0.569027,-0.258613,0.144194
359.6,0.525261,0.584294,-0.325392,0.17455
359.7,0.531765,0.603213,-0.390171,0.20151
359.8,0.539627,0.625793,-0.452443,0.225154
359.9,0.549068,0.652047,-0.511655,0.245534
360,0.560287,0.681983,-0.567197,0.262679
360.1,0.573465,0.715605,-0.6184,0.276565
360.2,0.588766,0.752902,-0.66452,0.287139
360.3,0.606337,0.793836,-0.704743,0.294312
360.4,0.626305,0.838329,-0.738175,0.297962
360.5,0.648773,0.886242,-0.76385,0.297944
360.6,0.673819,0.937351,-0.780737,0.294115
360.7,0.701488,0.991325,-0.787761,0.286338
360.8,0.731779,1.04769,-0.783831,0.274532
360.9,0.764642,1.1058,-0.76789,0.2587
361,0.799958,1.1648,-0.738978,0.238982
361.1,0.837529,1.22363,-0.696319,0.238982
361.2,0.877063,1.28096,-0.639421,0.238982
361.3,0.918155,1.33523,-0.5682,0.238982
361.4,0.960282,1.38467,-0.483101,0.238982
361.5,1.00279,1.42735,-0.385217,0.238982
361.6,1.04491,1.46127,-0.276369,0.238982
361.7,1.08575,1.48449,-0.159143,0.238982
361.8,1.12432,1.49531,-0.0368347,0.238982
361.9,1.1596,1.49242,0.0866826,0.238982
362,1.19055,1.47507,0.207196,0.238982
362.1,1.2162,1.44319,0.320458,0.238982
362.2,1.23569,1.39747,0.422523,0.238982
362.3,1.24837,1.33936,0.51007,0.238982
362.4,1.25379,1.27091,0.580644,0.238982
362.5,1.25178,1.19466,0.6328,0.238982
362.6,1.24244,1.11344,0.666107,0.238982
362.7,1.22614,1.03008,0.681045,0.238982
362.8,1.20346,0.947281,0.678821,0.238982
362.9,1.17519,0.867422,0.661143,0.238982
363,1.14223,0.792468,0.629991,0.238982
363.1,1.10557,0.723929,0.587428,0.238982
363.2,1.06624,0.662858,0.535448,0.238982
363.3,1.02522,0.609895,0.47588,0.238982
363.4,0.983477,0.565323,0.410343,0.238982
363.5,0.941868,0.529142,0.340224,0.238982
363.6,0.901174,0.501133,0.266699,0.238982
363.7,0.862067,0.480932,0.190751,0.238982
363.8,0.82512,0.468082,0.113212,-0.0664397
363.9,0.7908,0.462078,0.0347915,-0.0203668
364,0.759486,0.462411,-0.0438883,0.025335
364.1,0.73147,0.468587,-0.122263,0.0690097
364.2,0.706972,0.480154,-0.1998,0.109638
364.3,0.68615,0.496713,-0.27598,0.1467
364.4,0.669113,0.517924,-0.350277,0.179996
364.5,0.655929,0.543505,-0.422143,0.2095
364.6,0.646637,0.573239,-0.490996,0.235257
364.7,0.641252,0.606957,-0.556203,0.257327
364.8,0.639776,0.644537,-0.617075,0.275743
364.9,0.6422,0.685888,-0.672851,0.290508
365,0.648508,0.730934,-0.722693,0.301573
365.1,0.658677,0.779593,-0.765676,0.308848
365.2,0.67268,0.831757,-0.800788,0.312203
365.3,0.690477,0.88726,-0.826933,0.311484
365.4,0.712015,0.94585,-0.842942,0.306525
365.5,0.737213,1.00715,-0.847596,0.297184
365.6,0.765956,1.07061,-0.839667,0.283384
365.7,0.798078,1.13549,-0.817978,0.26516
365.8,0.833348,1.2008,-0.781484,0.242719
365.9,0.871446,1.26527,-0.72938,0.242719
366,0.911953,1.32735,-0.661235,0.242719
366.1,0.954324,1.38522,-0.577138,0.242719
366.2,0.997882,1.43679,-0.477849,0.242719
366.3,1.04181,1.47983,-0.364933,0.242719
366.4,1.08515,1.51208,-0.24084,0.242719
366.5,1.12682,1.53143,-0.10891,0.242719
366.6,1.16567,1.53612,0.0267303,0.242719
366.7,1.20051,1.52491,0.161394,0.242719
366.8,1.23018,1.49734,0.290162,0.242719
366.9,1.25362,1.4538,0.40829,0.242719
367,1.26996,1.39554,0.511615,0.242719
367.1,1.27857,1.32467,0.596903,0.242719
367.2,1.27912,1.2439,0.662075,0.242719
367.3,1.27157,1.15638,0.706275,0.242719
367.4,1.25622,1.06537,0.729783,0.242719
367.5,1.23363,0.974034,0.733813,0.242719
367.6,1.2046,0.885193,0.720238,0.242719
367.7,1.1701,0.801215,0.691314,0.242719
367.8,1.1312,0.723932,0.649421,0.242719
367.9,1.08902,0.654635,0.596875,0.242719
368,1.04468,0.594118,0.535796,0.242719
368.1,0.999249,0.542745,0.468042,0.242719
368.2,0.953693,0.500537,0.395189,0.242719
368.3,0.90889,0.467252,0.318543,0.242719
368.4,0.865599,0.44247,0.239176,0.242719
368.5,0.824458,0.425656,0.157964,-0.098707
368.6,0.785995,0.416222,0.0756337,-0.0472199
368.7,0.750626,0.413568,-0.00719722,0.00442603
368.8,0.718676,0.417116,-0.0899872,0.0539467
368.9,0.690381,0.426335,-0.172239,0.099994
369,0.665912,0.440753,-0.253478,0.141957
369.1,0.645378,0.459973,-0.333227,0.179682
369.2,0.628847,0.483669,-0.410994,0.213241
369.3,0.616349,0.511592,-0.486259,0.24279
369.4,0.607895,0.543561,-0.558451,0.268489
369.5,0.603479,0.579458,-0.626948,0.290463
369.6,0.603085,0.619216,-0.691052,0.308781
369.7,0.606699,0.662805,-0.749988,0.323453
369.8,0.614301,0.710217,-0.802883,0.334425
369.9,0.625877,0.761442,-0.848763,0.341584
370,0.641408,0.816442,-0.886544,0.344766
370.1,0.660875,0.875125,-0.915032,0.343763
370.2,0.684245,0.937305,-0.932928,0.338345
370.3,0.711465,1.00266,-0.938853,0.328289
370.4,0.742448,1.0707,-0.931385,0.313428
370.5,0.777059,1.14068,-0.909118,0.293709
370.6,0.815089,1.2116,-0.870753,0.269272
370.7,0.856243,1.28212,-0.815221,0.269272
370.8,0.900107,1.35058,-0.741837,0.269272
370.9,0.94613,1.41494,-0.650479,0.269272
371,0.993605,1.47284,-0.541784,0.269272
371.1,1.04166,1.52172,-0.417322,0.269272
371.2,1.08924,1.5589,-0.279721,0.269272
371.3,1.13517,1.58185,-0.132706,0.269272
371.4,1.17813,1.58839,0.0190129,0.269272
371.5,1.21677,1.57699,0.169992,0.269272
371.6,1.24974,1.54697,0.314461,0.269272
371.7,1.27583,1.49869,0.446831,0.269272
371.8,1.29401,1.43361,0.562211,0.269272
371.9,1.30356,1.35415,0.656852,0.269272
372,1.30406,1.26353,0.728431,0.269272
372.1,1.2955,1.16544,0.776121,0.269272
372.2,1.27822,1.0637,0.800467,0.269272
372.3,1.25287,0.961963,0.803107,0.269272
372.4,1.22038,0.863446,0.78642,0.269272
372.5,1.18188,0.770787,0.753165,0.269272
372.6,1.13859,0.685967,0.706174,0.269272
372.7,1.09178,0.610322,0.648126,0.269272
372.8,1.0427,0.544608,0.581411,0.269272
372.9,0.992536,0.489093,0.508063,0.269272
373,0.942351,0.443664,0.429753,0.269272
373.1,0.893091,0.407931,0.347828,0.269272
373.2,0.845565,0.381322,0.263349,0.269272
373.3,0.800444,0.363159,0.177158,-0.122046
373.4,0.758267,0.352719,0.0899267,-0.061434
373.5,0.719456,0.349287,0.00220813,-0.00147118
373.6,0.684322,0.352185,-0.0855254,0.0549957
373.7,0.653088,0.3608,-0.172848,0.10663
373.8,0.625902,0.374598,-0.259357,0.153089
373.9,0.602848,0.393133,-0.344648,0.194531
374,0.583966,0.416049,-0.428302,0.231301
374.1,0.569262,0.443082,-0.509872,0.263764
374.2,0.558722,0.474053,-0.588866,0.292238
374.3,0.552318,0.508864,-0.664734,0.316962
374.4,0.550021,0.547483,-0.736858,0.338092
374.5,0.551803,0.589938,-0.804536,0.355701
374.6,0.557643,0.636301,-0.866967,0.369782
374.7,0.567533,0.686664,-0.923235,0.380253
374.8,0.581471,0.741124,-0.972295,0.386954
374.9,0.599467,0.799752,-1.01296,0.389665
375,0.621532,0.862562,-1.04391,0.3881
375.1,0.647674,0.929467,-1.06364,0.381929
375.2,0.677884,1.00023,-1.07057,0.370808
375.3,0.712124,1.07443,-1.06297,0.354429
375.4,0.750304,1.15134,-1.03911,0.332594
375.5,0.792262,1.22995,-0.997318,0.305318
375.6,0.837734,1.30882,-0.93612,0.272932
375.7,0.886323,1.38609,-0.854445,0.272932
375.8,0.937472,1.45943,-0.751851,0.272932
375.9,0.990432,1.52607,-0.628778,0.272932
376,1.04424,1.5829,-0.486811,0.272932
376.1,1.09774,1.62664,-0.328871,0.272932
376.2,1.14954,1.65409,-0.159298,0.272932
376.3,1.19812,1.66244,0.0162463,0.272932
376.4,1.24186,1.64968,0.191103,0.272932
376.5,1.27916,1.61487,0.358148,0.272932
376.6,1.30854,1.55842,0.510475,0.272932
376.7,1.32878,1.4821,0.642113,0.272932
376.8,1.33898,1.38898,0.748621,0.272932
376.9,1.3387,1.28309,0.827449,0.272932
377,1.32794,1.16902,0.877997,0.272932
377.1,1.30714,1.05144,0.901395,0.272932
377.2,1.27713,0.934737,0.900083,0.272932
377.3,1.23908,0.822661,0.877308,0.272932
377.4,1.19433,0.718171,0.83664,0.272932
377.5,1.14435,0.623381,0.781592,0.272932
377.6,1.09063,0.539601,0.715353,0.272932
377.7,1.03461,0.467447,0.640651,0.272932
377.8,0.977617,0.406978,0.559713,0.272932
377.9,0.920849,0.357836,0.474286,0.272932
378,0.865329,0.319379,0.385706,0.272932
378.1,0.811917,0.290792,0.294973,-0.239094
378.2,0.761309,0.271173,0.202831,-0.164806
378.3,0.714047,0.259605,0.109842,-0.086797
378.4,0.670535,0.255201,0.0164389,-0.0123978
378.5,0.631057,0.257141,-0.0770241,0.0549453
378.6,0.595798,0.264695,-0.170239,0.114551
378.7,0.564858,0.277235,-0.262916,0.166977
378.8,0.538276,0.294243,-0.35477,0.213127
378.9,0.516042,0.315311,-0.445497,0.253873
379,0.498112,0.34014,-0.534771,0.289943
379.1,0.484425,0.368538,-0.622229,0.321901
379.2,0.474911,0.400409,-0.707461,0.350161
379.3,0.469503,0.435747,-0.789996,0.375012
379.4,0.468143,0.474627,-0.869291,0.396632
379.5,0.470789,0.517196,-0.944715,0.415106
379.6,0.477421,0.563655,-1.01553,0.430431
379.7,0.488041,0.61425,-1.08086,0.442523
379.8,0.502676,0.669247,-1.1397,0.451214
379.9,0.521376,0.728916,-1.19085,0.456252
380,0.54421,0.793495,-1.23294,0.457299
380.1,0.571261,0.863153,-1.26436,0.453932
380.2,0.602616,0.937943,-1.28329,0.44565
380.3,0.638348,1.01774,-1.2877,0.431902
380.4,0.678502,1.10217,-1.27537,0.412138
380.5,0.723065,1.1905,-1.24396,0.38591
380.6,0.771938,1.28159,-1.19115,0.353031
380.7,0.824895,1.37374,-1.11481,0.313776
380.8,0.881542,1.46463,-1.01327,0.313776
380.9,0.941268,1.55128,-0.885667,0.313776
381,1.00321,1.63004,-0.732333,0.313776
381.1,1.0662,1.69675,-0.555211,0.313776
381.2,1.12878,1.74693,-0.358176,0.313776
381.3,1.1892,1.77622,-0.14718,0.313776
381.4,1.2455,1.78084,0.0699145,0.313776
381.5,1.29557,1.75818,0.283864,0.313776
381.6,1.33735,1.70728,0.484934,0.313776
381.7,1.36898,1.62915,0.664005,0.313776
381.8,1.38897,1.52679,0.813674,0.313776
381.9,1.39632,1.40493,0.929082,0.313776
382,1.39067,1.26942,1.00827,0.313776
382.1,1.37225,1.12661,1.05205,0.313776
382.2,1.3419,0.982628,1.06341,0.313776
382.3,1.30089,0.842834,1.04679,0.313776
382.4,1.25087,0.711498,1.0072,0.313776
382.5,1.19365,0.591673,0.949635,0.313776
382.6,1.1311,0.485237,0.878598,0.313776
382.7,1.06506,0.393057,0.797848,0.313776
382.8,0.997236,0.315195,0.710356,0.313776
382.9,0.929126,0.251127,0.618345,0.313776
383,0.862032,0.199937,0.523407,0.313776
383.1,0.797028,0.160481,0.426634,0.313776
383.2,0.734973,0.131504,0.328749,-0.425044
383.3,0.676521,0.111738,0.230214,-0.274555
383.4,0.622147,0.0999605,0.131322,-0.1388
383.5,0.572166,0.0950375,0.0322629,-0.0302631
383.6,0.526763,0.0959492,-0.0668337,0.0563241
383.7,0.486012,0.101803,-0.165863,0.1272
383.8,0.449905,0.111841,-0.264728,0.186806
383.9,0.418366,0.125438,-0.363326,0.23809
384,0.391273,0.142098,-0.46154,0.283013
384.1,0.368477,0.161452,-0.55924,0.322908
384.2,0.349812,0.183246,-0.656272,0.3587
384.3,0.335108,0.207335,-0.752461,0.391037
384.4,0.324206,0.233679,-0.847601,0.420383
384.5,0.316958,0.262327,-0.941454,0.447069
384.6,0.313243,0.293419,-1.03374,0.471323
384.7,0.312967,0.327176,-1.12411,0.493295
384.8,0.316071,0.363892,-1.21218,0.513069
384.9,0.322531,0.403936,-1.29745,0.530666
385,0.332365,0.44774,-1.37933,0.546048
385.1,0.345633,0.495798,-1.45709,0.559113
385.2,0.36244,0.548653,-1.52984,0.56969
385.3,0.382932,0.606893,-1.59648,0.577527
385.4,0.407302,0.671128,-1.65568,0.582276
385.5,0.435781,0.741965,-1.7058,0.583479
385.6,0.468633,0.819977,-1.74485,0.580542
385.7,0.506149,0.905642,-1.77046,0.572719
385.8,0.548631,0.999266,-1.7798,0.559093
385.9,0.596368,1.10089,-1.76959,0.538587
386,0.649606,1.21012,-1.73611,0.510021
386.1,0.708504,1.326,-1.67532,0.472282
386.2,0.77308,1.44677,-1.58308,0.42468
386.3,0.843132,1.56966,-1.45549,0.367524
386.4,0.918157,1.69066,-1.28951,0.367524
386.5,0.997257,1.80445,-1.08371,0.367524
386.6,1.07905,1.9044,-0.839196,0.367524
386.7,1.16159,1.9829,-0.560541,0.367524
386.8,1.24239,2.03201,-0.256419,0.367524
386.9,1.31844,2.04442,0.060368,0.367524
387,1.38644,2.01473,0.373779,0.367524
387.1,1.443,1.94061,0.666407,0.367524
387.2,1.48501,1.8236,0.922034,0.367524
387.3,1.51003,1.66921,1.1282,0.367524
387.4,1.51651,1.48622,1.27802,0.367524
387.5,1.50401,1.28531,1.37068,0.367524
387.6,1.47316,1.07749,1.41064,0.367524
387.7,1.42554,0.872712,1.40595,0.367524
387.8,1.36344,0.678898,1.36627,0.367524
387.9,1.28958,0.501591,1.30119,0.367524
388,1.2068,0.344026,1.21913,0.367524
388.1,1.11793,0.207498,1.12679,0.367524
388.2,1.02553,0.0918456,1.02909,0.367524
388.3,0.931889,-0.00407777,0.929345,0.367524
388.4,0.838916,-0.0820074,0.829593,0.367524
388.5,0.748163,-0.143971,0.73093,0.367524
388.6,0.660836,-0.192082,0.633808,0.367524
388.7,0.577827,-0.228413,0.538277,0.367524
388.8,0.499751,-0.254914,0.444159,0.367524
388.9,0.426985,-0.273375,0.351171,0.367524
389,0.35971,-0.285411,0.259005,0.367524
389.1,0.297943,-0.292458,0.167374,0.367524
389.2,0.241573,-0.295778,0.0760405,-0.108806
389.3,0.190387,-0.296473,-0.01518,0.016621
389.4,0.144094,-0.295494,-0.106413,0.0986368
389.5,0.102347,-0.293657,-0.197733,0.161959
389.6,0.0647598,-0.29166,-0.289169,0.214491
389.7,0.0309233,-0.290093,-0.380712,0.259864
389.8,0.000414393,-0.289459,-0.47232,0.300053
389.9,-0.0271935,-0.290186,-0.563928,0.336243
390,-0.0523242,-0.29264,-0.655445,0.369194
390.1,-0.0753938,-0.297146,-0.746759,0.399421
390.2,-0.0968079,-0.303994,-0.837737,0.427284
390.3,-0.11696,-0.313455,-0.92822,0.453037
390.4,-0.136232,-0.325795,-1.01802,0.476864
390.5,-0.154995,-0.341284,-1.10691,0.498888
390.6,-0.173609,-0.360206,-1.19463,0.51919
390.7,-0.192432,-0.382871,-1.28084,0.537807
390.8,-0.211815,-0.409621,-1.36516,0.554737
390.9,-0.232112,-0.440838,-1.44711,0.569933
391,-0.253681,-0.47695,-1.52608,0.583303
391.1,-0.27689,-0.518433,-1.60134,0.594704
391.2,-0.302119,-0.565812,-1.67199,0.603925
391.3,-0.329763,-0.619657,-1.73689,0.610681
391.4,-0.360238,-0.680569,-1.79468,0.614594
391.5,-0.393977,-0.749162,-1.84363,0.615169
391.6,-0.431428,-0.826027,-1.88166,0.61177
391.7,-0.47305,-0.911674,-1.90624,0.603592
391.8,-0.519303,-1.00646,-1.91433,0.589637
391.9,-0.570621,-1.11047,-1.90237,0.568702
392,-0.627387,-1.22336,-1.86626,0.539425
392.1,-0.68989,-1.3442,-1.80149,0.500439
392.2,-0.758259,-1.47116,-1.70331,0.450744
392.3,-0.832386,-1.60132,-1.5672,0.390382
392.4,-0.911833,-1.73038,-1.38945,0.390382
392.5,-0.995717,-1.8525,-1.16809,0.390382
392.6,-1.08261,-1.9603,-0.903973,0.390382
392.7,-1.17046,-2.04523,-0.60189,0.390382
392.8,-1.25656,-2.09821,-0.271408,0.390382
392.9,-1.33761,-2.11091,0.0730524,0.390382
393,-1.40995,-2.07711,0.413247,0.390382
393.1,-1.46982,-1.99422,0.729363,0.390382
393.2,-1.51379,-1.86414,1.00312,0.390382
393.3,-1.53915,-1.6934,1.22084,0.390382
393.4,-1.54429,-1.4922,1.37553,0.390382
393.5,-1.52882,-1.27278,1.46733,0.390382
393.6,-1.49355,-1.04751,1.50235,0.390382
393.7,-1.44038,-0.827272,1.49047,0.390382
393.8,-1.37189,-0.620481,1.44302,0.390382
393.9,-1.29114,-0.43275,1.37087,0.390382
394,-1.20126,-0.267105,1.28321,0.390382
394.1,-1.10528,-0.124478,1.18714,0.390382
394.2,-1.00596,-0.00429727,1.08765,0.390382
394.3,-0.905678,0.0949726,0.987951,0.390382
394.4,-0.806422,0.175399,0.889872,0.390382
394.5,-0.709778,0.239273,0.794258,0.390382
394.6,-0.616959,0.288909,0.701311,0.390382
394.7,-0.528848,0.326524,0.610848,0.390382
394.8,-0.446039,0.354173,0.522489,0.390382
394.9,-0.368886,0.373724,0.435782,0.390382
395,-0.297538,0.386849,0.350281,0.390382
395.1,-0.23198,0.395032,0.265593,0.390382
395.2,-0.172068,0.399579,0.181399,0.390382
395.3,-0.117554,0.40163,0.0974602,-0.13642
395.4,-0.0681121,0.402177,0.0136199,-0.0147572
395.5,-0.0233608,0.40208,-0.0702076,0.0647656
395.6,0.0171217,0.402077,-0.154044,0.126069
395.7,0.0537822,0.402804,-0.237855,0.176824
395.8,0.0870806,0.404804,-0.321559,0.220525
395.9,0.117482,0.40855,-0.405034,0.259045
396,0.145447,0.414449,-0.488116,0.293492
396.1,0.171432,0.422862,-0.570607,0.324556
396.2,0.195879,0.434116,-0.652267,0.352689
396.3,0.219221,0.448513,-0.732814,0.378183
396.4,0.241875,0.466341,-0.811914,0.401228
396.5,0.264247,0.487884,-0.889178,0.42193
396.6,0.286732,0.51343,-0.964141,0.44033
396.7,0.309714,0.543275,-1.03626,0.45641
396.8,0.333569,0.577723,-1.10488,0.470095
396.9,0.358667,0.617092,-1.16922,0.481248
397,0.385375,0.661703,-1.22838,0.48967
397.1,0.414052,0.711873,-1.28126,0.495088
397.2,0.445056,0.767897,-1.32656,0.49715
397.3,0.478735,0.830023,-1.36278,0.495417
397.4,0.515423,0.898415,-1.38814,0.489354
397.5,0.555432,0.9731,-1.40063,0.478342
397.6,0.599041,1.05391,-1.39796,0.461694
397.7,0.646468,1.14038,-1.37762,0.438715
397.8,0.697852,1.23167,-1.33697,0.408823
397.9,0.753215,1.32644,-1.27335,0.37174
398,0.812419,1.42272,-1.18434,0.327763
398.1,0.875121,1.51785,-1.06802,0.327763
398.2,0.940716,1.60837,-0.923449,0.327763
398.3,1.00829,1.69008,-0.751093,0.327763
398.4,1.07659,1.75816,-0.553332,0.327763
398.5,1.14401,1.80751,-0.33483,0.327763
398.6,1.2086,1.83322,-0.102665,0.327763
398.7,1.26817,1.83115,0.133924,0.327763
398.8,1.32042,1.79867,0.364267,0.327763
398.9,1.3631,1.73512,0.577396,0.327763
399,1.39423,1.64222,0.763411,0.327763
399.1,1.41229,1.52392,0.91474,0.327763
399.2,1.41637,1.38601,1.02699,0.327763
399.3,1.40627,1.23539,1.09917,0.327763
399.4,1.38247,1.07921,1.13335,0.327763
399.5,1.34607,0.924094,1.13381,0.327763
399.6,1.29866,0.775611,1.10609,0.327763
399.7,1.24213,0.637969,1.05606,0.327763
399.8,1.17852,0.513965,0.989221,0.327763
399.9,1.10989,0.40512,0.910319,0.327763
400,1.03819,0.311901,0.823151,0.327763
400.1,0.965188,0.233989,0.730584,0.327763
400.2,0.892425,0.170513,0.634661,0.327763
400.3,0.821196,0.120271,0.536766,0.327763
400.4,0.752548,0.0818791,0.437781,0.327763
400.5,0.687295,0.0539011,0.338237,-0.800017
400.6,0.626036,0.0349255,0.238432,-0.386482
400.7,0.569182,0.0236216,0.138515,-0.172689
400.8,0.516984,0.0187733,0.0385581,-0.0401023
400.9,0.469559,0.0192969,-0.0614072,0.0555863
401,0.426919,0.0242497,-0.161361,0.130499
401.1,0.388989,0.032831,-0.261281,0.192197
401.2,0.355634,0.0443785,-0.361132,0.24479
401.3,0.326673,0.0583615,-0.460868,0.290732
401.4,0.301899,0.0743731,-0.560428,0.331583
401.5,0.281093,0.0921206,-0.659735,0.368384
401.6,0.264032,0.111417,-0.758698,0.401858
401.7,0.250501,0.132169,-0.857214,0.43252
401.8,0.240303,0.154376,-0.955161,0.460743
401.9,0.233261,0.178114,-1.0524,0.486804
402,0.229229,0.203536,-1.14876,0.510907
402.1,0.22809,0.230865,-1.24404,0.533197
402.2,0.229764,0.260394,-1.33801,0.553775
402.3,0.234209,0.292481,-1.43037,0.572697
402.4,0.241425,0.327548,-1.52077,0.589978
402.5,0.251455,0.366085,-1.60875,0.605591
402.6,0.264388,0.40865,-1.69375,0.619463
402.7,0.280361,0.455866,-1.77509,0.631467
402.8,0.29956,0.508424,-1.85186,0.641411
402.9,0.322222,0.567075,-1.92298,0.649029
403,0.348635,0.632624,-1.98703,0.653953
403.1,0.379141,0.705907,-2.04229,0.655697
403.2,0.414125,0.787761,-2.08657,0.653623
403.3,0.454017,0.878973,-2.11718,0.646899
403.4,0.499272,0.980193,-2.13084,0.634466
403.5,0.550354,1.09182,-2.12359,0.614994
403.6,0.607703,1.21384,-2.09076,0.586888
403.7,0.671685,1.34558,-2.02704,0.548384
403.8,0.742524,1.48542,-1.92668,0.497881
403.9,0.820212,1.63048,-1.78387,0.43469
404,0.904387,1.77623,-1.59348,0.43469
404.1,0.994203,1.91622,-1.35217,0.43469
404.2,1.08818,2.04195,-1.05973,0.43469
404.3,1.18408,2.14322,-0.720707,0.43469
404.4,1.27885,2.20889,-0.345657,0.43469
404.5,1.36871,2.22837,0.0484614,0.43469
404.6,1.44928,2.19353,0.439409,0.43469
404.7,1.51607,2.10068,0.802569,0.43469
404.8,1.56493,1.9519,1.11513,0.43469
404.9,1.59258,1.75525,1.36033,0.43469
405,1.59706,1.52344,1.53028,0.43469
405.1,1.57797,1.27165,1.62641,0.43469
405.2,1.53639,1.01491,1.65763,0.43469
405.3,1.47462,0.766064,1.63725,0.43469
405.4,1.39583,0.534605,1.57976,0.43469
405.5,1.3036,0.326455,1.49848,0.43469
405.6,1.2016,0.144394,1.40419,0.43469
405.7,1.09326,-0.0111875,1.30481,0.43469
405.8,0.981659,-0.141503,1.20557,0.43469
405.9,0.869417,-0.248691,1.10954,0.43469
406,0.758672,-0.335324,1.01822,0.43469
406.1,0.651108,-0.404076,0.932033,0.43469
406.2,0.547996,-0.457528,0.850717,0.43469
406.3,0.450253,-0.498074,0.773654,0.43469
406.4,0.358489,-0.527879,0.700059,0.43469
406.5,0.273062,-0.548873,0.629118,0.43469
406.6,0.194122,-0.562773,0.560072,0.43469
406.7,0.121653,-0.571092,0.49226,0.43469
406.8,0.0555035,-0.575168,0.425143,0.43469
406.9,-0.00458176,-0.576179,0.358307,0.43469
407,-0.0589396,-0.575163,0.291462,-0.538892
407.1,-0.107967,-0.573026,0.224427,-0.279763
407.2,-0.152104,-0.570563,0.157122,-0.16126
407.3,-0.191818,-0.56846,0.0895495,-0.0804067
407.4,-0.227595,-0.56731,0.0217872,-0.0176498
407.5,-0.259925,-0.567625,-0.0460268,0.0342745
407.6,-0.289297,-0.569837,-0.113701,0.078805
407.7,-0.316191,-0.574317,-0.180997,0.117793
407.8,-0.341075,-0.581379,-0.247632,0.152318
407.9,-0.364399,-0.591291,-0.313281,0.183036
408,-0.386594,-0.604281,-0.377577,0.210363
408.1,-0.40807,-0.620545,-0.440104,0.234552
408.2,-0.429215,-0.640252,-0.500397,0.255754
408.3,-0.450395,-0.663545,-0.557935,0.274041
408.4,-0.471956,-0.690547,-0.612133,0.289425
408.5,-0.494217,-0.721353,-0.662334,0.301865
408.6,-0.517479,-0.756031,-0.707805,0.311274
408.7,-0.542015,-0.79461,-0.747731,0.317524
408.8,-0.568076,-0.83707,-0.781209,0.320454
408.9,-0.595882,-0.883325,-0.80725,0.319877
409,-0.625621,-0.933201,-0.824788,0.315594
409.1,-0.65744,-0.986409,-0.832692,0.307414
409.2,-0.691439,-1.04252,-0.829797,0.295189
409.3,-0.727659,-1.10092,-0.814944,0.278854
409.4,-0.766069,-1.16081,-0.787047,0.258475
409.5,-0.806552,-1.22112,-0.745174,0.234292
409.6,-0.84889,-1.28053,-0.688655,0.234292
409.7,-0.892747,-1.33746,-0.617207,0.234292
409.8,-0.937654,-1.39008,-0.531076,0.234292
409.9,-0.983006,-1.43635,-0.431166,0.234292
410,-1.02805,-1.47413,-0.319149,0.234292
410.1,-1.07191,-1.50128,-0.197528,0.234292
410.2,-1.11358,-1.51588,-0.0696069,0.234292
410.3,-1.152,-1.51635,0.0606251,0.234292
410.4,-1.18609,-1.50169,0.188727,0.234292
410.5,-1.21479,-1.47161,0.310127,0.234292
410.6,-1.23717,-1.42665,0.420489,0.234292
410.7,-1.25247,-1.36815,0.516084,0.234292
410.8,-1.26017,-1.29817,0.594085,0.234292
410.9,-1.26004,-1.21937,0.652742,0.234292
411,-1.2521,-1.1347,0.691428,0.234292
411.1,-1.23671,-1.04723,0.710536,0.234292
411.2,-1.21444,-0.959887,0.711288,0.234292
411.3,-1.18609,-0.87527,0.695483,0.234292
411.4,-1.15261,-0.795547,0.665246,0.234292
411.5,-1.11504,-0.722388,0.622802,0.234292
411.6,-1.07444,-0.656969,0.570309,0.234292
411.7,-1.03189,-0.600004,0.509745,0.234292
411.8,-0.988389,-0.551819,0.442847,0.234292
411.9,-0.944869,-0.512421,0.371098,0.234292
412,-0.902158,-0.481583,0.295737,0.234292
412.1,-0.860975,-0.458909,0.217793,0.234292
412.2,-0.821929,-0.443903,0.138116,-0.084061
412.3,-0.785519,-0.436018,0.0574224,-0.0348793
412.4,-0.752146,-0.434698,-0.0236695,0.0141668
412.5,-0.722119,-0.439406,-0.10461,0.0611124
412.6,-0.695669,-0.44965,-0.184888,0.104772
412.7,-0.67296,-0.464996,-0.264009,0.144585
412.8,-0.654105,-0.485072,-0.341476,0.180378
412.9,-0.639171,-0.509579,-0.416773,0.212177
413,-0.628194,-0.538283,-0.489352,0.24009
413.1,-0.62119,-0.571013,-0.558616,0.264229
413.2,-0.618157,-0.607654,-0.623911,0.284678
413.3,-0.619085,-0.64813,-0.684513,0.301473
413.4,-0.623961,-0.692395,-0.739613,0.314597
413.5,-0.632766,-0.740415,-0.788315,0.323977
413.6,-0.645483,-0.792138,-0.829622,0.32949
413.7,-0.662088,-0.847477,-0.862436,0.330969
413.8,-0.682548,-0.906271,-0.885565,0.328218
413.9,-0.706813,-0.968254,-0.897734,0.32104
414,-0.734805,-1.03301,-0.897615,0.309265
414.1,-0.766406,-1.09993,-0.883874,0.292808
414.2,-0.801439,-1.16816,-0.855244,0.271731
414.3,-0.839651,-1.23659,-0.810625,0.271731
414.4,-0.88069,-1.30376,-0.749209,0.271731
414.5,-0.924086,-1.36791,-0.67064,0.271731
414.6,-0.969227,-1.42696,-0.575184,0.271731
414.7,-1.01535,-1.4786,-0.463895,0.271731
414.8,-1.06154,-1.52033,-0.338762,0.271731
414.9,-1.10673,-1.54972,-0.202777,0.271731
415,-1.14973,-1.56454,-0.0599057,0.271731
415.1,-1.18926,-1.56301,0.0850773,0.271731
415.2,-1.22406,-1.54408,0.226889,0.271731
415.3,-1.25288,-1.50757,0.360157,0.271731
415.4,-1.27467,-1.45427,0.479889,0.271731
415.5,-1.28856,-1.38597,0.581931,0.271731
415.6,-1.29402,-1.30529,0.663302,0.271731
415.7,-1.2908,-1.21546,0.722379,0.271731
415.8,-1.27905,-1.12,0.758889,0.271731
415.9,-1.2592,-1.02248,0.773731,0.271731
416,-1.23199,-0.926179,0.768696,0.271731
416.1,-1.19838,-0.833931,0.746139,0.271731
416.2,-1.15949,-0.748001,0.708668,0.271731
416.3,-1.11649,-0.670045,0.658888,0.271731
416.4,-1.0706,-0.60114,0.599226,0.271731
416.5,-1.02298,-0.54185,0.531823,0.271731
416.6,-0.974718,-0.492319,0.458497,0.271731
416.7,-0.926805,-0.452365,0.380747,0.271731
416.8,-0.880096,-0.421576,0.299785,0.271731
416.9,-0.835323,-0.399392,0.216582,0.271731
417,-0.79309,-0.385171,0.131922,-0.0870032
417.1,-0.753881,-0.378244,0.0464486,-0.0302659
417.2,-0.718071,-0.377955,-0.0392953,0.0249613
417.3,-0.685936,-0.383693,-0.124829,0.0766379
417.4,-0.657675,-0.394909,-0.209706,0.123832
417.5,-0.633417,-0.411133,-0.293493,0.166316
417.6,-0.613236,-0.431975,-0.37575,0.204213
417.7,-0.597171,-0.45713,-0.456013,0.237775
417.8,-0.585227,-0.486377,-0.533783,0.267269
417.9,-0.577395,-0.51957,-0.608508,0.292918
418,-0.573655,-0.556632,-0.679576,0.314881
418.1,-0.573983,-0.59754,-0.746296,0.333242
418.2,-0.57836,-0.642316,-0.807888,0.348014
418.3,-0.58677,-0.691007,-0.863468,0.359136
418.4,-0.599205,-0.743663,-0.912036,0.36648
418.5,-0.615661,-0.800309,-0.952464,0.369854
418.6,-0.636133,-0.86092,-0.983496,0.369014
418.7,-0.660613,-0.925377,-1.00375,0.363676
418.8,-0.689073,-0.993425,-1.01172,0.353551
418.9,-0.721458,-1.06462,-1.00583,0.338386
419,-0.757661,-1.13828,-0.984506,0.318034
419.1,-0.79751,-1.21342,-0.946214,0.292543
419.2,-0.840736,-1.2887,-0.889638,0.292543
419.3,-0.886949,-1.36236,-0.813832,0.292543
419.4,-0.935612,-1.43228,-0.718426,0.292543
419.5,-0.986014,-1.49589,-0.60385,0.292543
419.6,-1.03726,-1.55037,-0.471563,0.292543
419.7,-1.08824,-1.59271,-0.324216,0.292543
419.8,-1.1377,-1.62,-0.165731,0.292543
419.9,-1.18421,-1.62966,-0.00121548,0.292543
420,-1.22628,-1.6198,0.163307,0.292543
420.1,-1.26243,-1.58948,0.321352,0.292543
420.2,-1.29126,-1.53895,0.466564,0.292543
420.3,-1.31162,-1.46969,0.593344,0.292543
420.4,-1.32265,-1.38436,0.697388,0.292543
420.5,-1.32387,-1.28652,0.776042,0.292543
420.6,-1.31523,-1.18031,0.828396,0.292543
420.7,-1.29707,-1.07004,0.855137,0.292543
420.8,-1.27012,-0.959776,0.858209,0.292543
420.9,-1.23539,-0.853121,0.84039,0.292543
421,-1.1941,-0.752978,0.804859,0.292543
421.1,-1.14762,-0.661494,0.754835,0.292543
421.2,-1.09734,-0.580078,0.693319,0.292543
421.3,-1.04461,-0.509485,0.622939,0.292543
421.4,-0.990721,-0.449925,0.545893,0.292543
421.5,-0.936816,-0.401194,0.463947,0.292543
421.6,-0.883908,-0.362793,0.378488,0.292543
421.7,-0.832852,-0.334032,0.29058,0.292543
421.8,-0.784353,-0.314117,0.201041,-0.151179
421.9,-0.738968,-0.302218,0.1105,-0.0818411
422,-0.697125,-0.297521,0.0194579,-0.0139276
422.1,-0.659134,-0.299262,-0.0716685,0.0490399
422.2,-0.625207,-0.306754,-0.162514,0.105771
422.3,-0.595475,-0.3194,-0.252737,0.156246
422.4,-0.570005,-0.336705,-0.341996,0.20096
422.5,-0.548814,-0.358274,-0.429941,0.240531
422.6,-0.531887,-0.383816,-0.516192,0.27553
422.7,-0.519185,-0.413137,-0.600331,0.30642
422.8,-0.51066,-0.446133,-0.68189,0.333548
422.9,-0.506264,-0.482786,-0.760335,0.357155
423,-0.505952,-0.523148,-0.835055,0.377382
423.1,-0.509695,-0.567332,-0.905346,0.394278
423.2,-0.517478,-0.615496,-0.97039,0.407811
423.3,-0.529303,-0.667827,-1.02924,0.417863
423.4,-0.545192,-0.724514,-1.0808,0.424241
423.5,-0.565181,-0.785724,-1.1238,0.426671
423.6,-0.589317,-0.851567,-1.15681,0.424803
423.7,-0.617647,-0.922051,-1.1782,0.418227
423.8,-0.650207,-0.997028,-1.18615,0.40649
423.9,-0.687007,-1.07613,-1.17871,0.389151
424,-0.728008,-1.15871,-1.15385,0.365866
424.1,-0.773093,-1.24372,-1.10953,0.336497
424.2,-0.822037,-1.32968,-1.04391,0.30129
424.3,-0.874471,-1.41458,-0.955526,0.30129
424.4,-0.929841,-1.49585,-0.843582,0.30129
424.5,-0.987374,-1.57033,-0.708282,0.30129
424.6,-1.04605,-1.63445,-0.551153,0.30129
424.7,-1.10458,-1.68433,-0.375326,0.30129
424.8,-1.16145,-1.71613,-0.185674,0.30129
424.9,-1.21492,-1.72644,0.0112682,0.30129
425,-1.26313,-1.71275,0.207684,0.30129
425.1,-1.30423,-1.67383,0.395134,0.30129
425.2,-1.33651,-1.6101,0.565431,0.30129
425.3,-1.35854,-1.52367,0.711558,0.30129
425.4,-1.36928,-1.41821,0.828429,0.30129
425.5,-1.36824,-1.29855,0.91333,0.30129
425.6,-1.35544,-1.17014,0.965951,0.30129
425.7,-1.33145,-1.03848,0.988057,0.30129
425.8,-1.29725,-0.908593,0.982909,0.30129
425.9,-1.25421,-0.784707,0.954609,0.30129
426,-1.2039,-0.670035,0.907498,0.30129
426.1,-1.148,-0.566762,0.845703,0.30129
426.2,-1.0882,-0.476131,0.77285,0.30129
426.3,-1.0261,-0.398595,0.691933,0.30129
426.4,-0.963163,-0.333996,0.605308,0.30129
426.5,-0.900667,-0.281739,0.514747,0.30129
426.6,-0.839708,-0.240947,0.421544,0.30129
426.7,-0.781181,-0.210583,0.326611,-0.32471
426.8,-0.725794,-0.189549,0.230588,-0.225334
426.9,-0.674084,-0.176754,0.133921,-0.123411
427,-0.626433,-0.171163,0.0369275,-0.0315155
427.1,-0.583094,-0.171829,-0.060148,0.0473804
427.2,-0.544212,-0.177918,-0.157104,0.114579
427.3,-0.509842,-0.188711,-0.253756,0.17225
427.4,-0.479973,-0.203616,-0.349919,0.222319
427.5,-0.454544,-0.222165,-0.445396,0.266277
427.6,-0.433462,-0.24401,-0.539971,0.305224
427.7,-0.416614,-0.268917,-0.633402,0.339959
427.8,-0.403883,-0.296763,-0.725409,0.371055
427.9,-0.395154,-0.327522,-0.815673,0.39892
428,-0.390326,-0.361264,-0.90382,0.423835
428.1,-0.389319,-0.398143,-0.989412,0.445975
428.2,-0.392078,-0.438392,-1.07193,0.465433
428.3,-0.398579,-0.482309,-1.15075,0.48222
428.4,-0.408833,-0.530253,-1.22513,0.496276
428.5,-0.422884,-0.582625,-1.29419,0.507462
428.6,-0.440814,-0.639858,-1.35685,0.515555
428.7,-0.462737,-0.702395,-1.41184,0.520246
428.8,-0.488798,-0.770654,-1.45763,0.521119
428.9,-0.519167,-0.844998,-1.49241,0.51765
429,-0.554026,-0.925673,-1.51407,0.509198
429.1,-0.593555,-1.01275,-1.52017,0.49501
429.2,-0.63791,-1.10601,-1.50797,0.474264
429.3,-0.687197,-1.20486,-1.47449,0.446159
429.4,-0.741428,-1.30819,-1.41659,0.410102
429.5,-0.800478,-1.4142,-1.33125,0.366009
429.6,-0.864026,-1.5203,-1.21584,0.366009
429.7,-0.931489,-1.62297,-1.0686,0.366009
429.8,-1.00196,-1.71773,-0.889229,0.366009
429.9,-1.07415,-1.79927,-0.679469,0.366009
430,-1.14635,-1.86169,-0.443695,0.366009
430.1,-1.21645,-1.89908,-0.189225,0.366009
430.2,-1.28201,-1.90617,0.0738057,0.366009
430.3,-1.34038,-1.87924,0.333159,0.366009
430.4,-1.38892,-1.81682,0.575803,0.366009
430.5,-1.42523,-1.72021,0.789607,0.366009
430.6,-1.44739,-1.59356,0.965019,0.366009
430.7,-1.45419,-1.44334,1.09628,0.366009
430.8,-1.44522,-1.27752,1.18184,0.366009
430.9,-1.42092,-1.1045,1.224,0.366009
431,-1.38244,-0.932115,1.22787,0.366009
431.1,-1.33151,-0.766933,1.20013,0.366009
431.2,-1.27027,-0.613865,1.14783,0.366009
431.3,-1.20101,-0.476119,1.07754,0.366009
431.4,-1.12605,-0.355367,0.994824,0.366009
431.5,-1.04757,-0.252046,0.90405,0.366009
431.6,-0.967561,-0.165676,0.808417,0.366009
431.7,-0.88772,-0.0951692,0.710127,0.366009
431.8,-0.809477,-0.0390734,0.610588,0.366009
431.9,-0.733974,0.00423904,0.510631,0.366009
432,-0.662084,0.0364381,0.410684,0.366009
432.1,-0.594444,0.0591477,0.310924,0.366009
432.2,-0.531476,0.0738903,0.211376,0.366009
432.3,-0.473425,0.0820549,0.111993,-0.158978
432.4,-0.42039,0.0848822,0.0126961,-0.0139922
432.5,-0.372346,0.0834591,-0.0865901,0.0809476
432.6,-0.329177,0.0787211,-0.185928,0.153414
432.7,-0.290694,0.0714588,-0.285361,0.212774
432.8,-0.25666,0.0623274,-0.384912,0.263479
432.9,-0.226802,0.0518579,-0.484584,0.308006
433,-0.200829,0.0404684,-0.584369,0.34787
433.1,-0.178443,0.0284765,-0.684249,0.384065
433.2,-0.159348,0.016111,-0.784197,0.417272
433.3,-0.143258,0.00352283,-0.884186,0.447984
433.4,-0.129905,-0.00920501,-0.984184,0.476564
433.5,-0.119039,-0.0220481,-1.08416,0.503293
433.6,-0.110436,-0.0350332,-1.18408,0.528392
433.7,-0.103897,-0.0482318,-1.2839,0.552039
433.8,-0.0992508,-0.0617553,-1.3836,0.574378
433.9,-0.0963553,-0.0757516,-1.48312,0.59553
434,-0.0950973,-0.0904032,-1.58243,0.615592
434.1,-0.0953937,-0.105927,-1.68147,0.634645
434.2,-0.0971913,-0.122573,-1.78016,0.652754
434.3,-0.100468,-0.140633,-1.87843,0.66997
434.4,-0.105233,-0.160435,-1.97617,0.686327
434.5,-0.111528,-0.182359,-2.07323,0.701845
434.6,-0.11943,-0.206834,-2.16945,0.716528
434.7,-0.129053,-0.234354,-2.26459,0.730361
434.8,-0.140548,-0.265486,-2.35835,0.743306
434.9,-0.154113,-0.300878,-2.45034,0.755298
435,-0.169991,-0.341278,-2.54005,0.766235
435.1,-0.188479,-0.387541,-2.62679,0.775973
435.2,-0.209933,-0.440645,-2.70967,0.784307
435.3,-0.234774,-0.501705,-2.78751,0.790956
435.4,-0.263496,-0.571973,-2.85873,0.795533
435.5,-0.296674,-0.652844,-2.92129,0.797509
435.6,-0.334964,-0.745828,-2.97246,0.796167
435.7,-0.379108,-0.852511,-3.00869,0.790526
435.8,-0.429931,-0.974459,-3.02537,0.77925
435.9,-0.488317,-1.11306,-3.01656,0.760524
436,-0.555185,-1.26928,-2.97483,0.731904
436.1,-0.631417,-1.44323,-2.89103,0.690208
436.2,-0.717761,-1.63363,-2.75444,0.631632
436.3,-0.814675,-1.83703,-2.55325,0.552674
436.4,-0.922099,-2.04684,-2.27584,0.452893
436.5,-1.03917,-2.25244,-1.913,0.452893
436.6,-1.16385,-2.43853,-1.46146,0.452893
436.7,-1.29266,-2.58545,-0.928164,0.452893
436.8,-1.4204,-2.67097,-0.334168,0.452893
436.9,-1.54028,-2.67408,0.284149,0.452893
437,-1.64444,-2.58022,0.878844,0.452893
437.1,-1.72488,-2.38631,1.39985,0.452893
437.2,-1.77476,-2.10322,1.80739,0.452893
437.3,-1.78953,-1.75401,2.08204,0.452893
437.4,-1.76766,-1.36834,2.22756,0.452893
437.5,-1.71062,-0.97564,2.26608,0.452893
437.6,-1.62228,-0.599713,2.22896,0.452893
437.7,-1.50806,-0.256301,2.14799,0.452893
437.8,-1.37395,0.0466294,2.04978,0.452893
437.9,-1.22583,0.307033,1.9536,0.452893
438,-1.06903,0.526524,1.87165,0.452893
438.1,-0.908109,0.708452,1.81042,0.452893
438.2,-0.746855,0.856553,1.77225,0.452893
438.3,-0.58835,0.974187,1.7566,0.452893
438.4,-0.435098,1.06401,1.76098,0.452893
438.5,-0.289146,1.12797,1.78159,0.452893
438.6,-0.152191,1.16744,1.81379,0.452893
438.7,-0.0256526,1.18352,1.85241,0.452893
438.8,0.0892882,1.17734,1.89218,0.452893
438.9,0.191679,1.15026,1.92802,0.452893
439,0.280811,1.10413,1.95543,0.452893
439.1,0.356243,1.04133,1.97081,0.452893
439.2,0.41783,0.964754,1.97167,0.452893
439.3,0.465735,0.877705,1.95674,0.452893
439.4,0.500431,0.783661,1.92589,0.452893
439.5,0.522678,0.686072,1.87999,0.452893
439.6,0.533481,0.588143,1.82065,0.452893
439.7,0.534035,0.492664,1.7499,0.452893
439.8,0.525662,0.401905,1.66993,0.452893
439.9,0.50975,0.317575,1.58289,0.452893
440,0.487686,0.240828,1.4907,0.452893
440.1,0.460813,0.172319,1.39497,0.452893
440.2,0.430388,0.112277,1.29701,0.452893
440.3,0.39755,0.060589,1.19777,0.452893
440.4,0.363308,0.016883,1.09793,0.452893
440.5,0.32853,-0.0193972,0.997937,0.452893
440.6,0.293942,-0.0489267,0.898065,0.452893
440.7,0.260131,-0.0724465,0.798444,0.452893
440.8,0.227559,-0.0907226,0.699119,0.452893
440.9,0.196571,-0.104514,0.60008,0.452893
441,0.167407,-0.114551,0.501287,0.452893
441.1,0.140216,-0.121517,0.402686,0.452893
441.2,0.115073,-0.126043,0.304222,0.452893
441.3,0.0919864,-0.128698,0.205848,-0.382783
441.4,0.0709141,-0.129989,0.107524,-0.134766
441.5,0.0517719,-0.130362,0.00921978,-0.00948227
441.6,0.0344444,-0.130205,-0.0890821,0.0796397
441.7,0.0187927,-0.129851,-0.187391,0.15003
441.8,0.00466182,-0.129588,-0.285709,0.208701
441.9,-0.00811372,-0.12966,-0.38403,0.25925
442,-0.0197051,-0.130276,-0.482342,0.303789
442.1,-0.0302858,-0.131617,-0.580629,0.343672
442.2,-0.0400289,-0.133843,-0.678869,0.379819
442.3,-0.0491053,-0.137099,-0.777036,0.41289
442.4,-0.057683,-0.141519,-0.875098,0.443369
442.5,-0.065927,-0.147239,-0.973017,0.471625
442.6,-0.0739991,-0.154396,-1.07075,0.497942
442.7,-0.0820596,-0.163137,-1.16823,0.522543
442.8,-0.090268,-0.173627,-1.2654,0.545603
442.9,-0.0987854,-0.186048,-1.36217,0.567261
443,-0.107776,-0.200615,-1.45844,0.58762
443.1,-0.117411,-0.217574,-1.55407,0.60676
443.2,-0.127871,-0.237212,-1.64891,0.624731
443.3,-0.139346,-0.259864,-1.74274,0.641562
443.4,-0.152047,-0.285921,-1.8353,0.657252
443.5,-0.166201,-0.315837,-1.92626,0.671773
443.6,-0.182063,-0.350138,-2.01519,0.685065
443.7,-0.199916,-0.389431,-2.10154,0.697027
443.8,-0.220079,-0.434411,-2.18459,0.707508
443.9,-0.242909,-0.485867,-2.26345,0.7163
444,-0.268813,-0.544686,-2.33694,0.72311
444.1,-0.298245,-0.611849,-2.40355,0.727548
444.2,-0.331713,-0.688421,-2.46134,0.729087
444.3,-0.369784,-0.775518,-2.50783,0.727026
444.4,-0.413074,-0.874257,-2.53988,0.720432
444.5,-0.462247,-0.985664,-2.55349,0.708072
444.6,-0.517988,-1.11053,-2.54375,0.688334
444.7,-0.580975,-1.2492,-2.50465,0.659163
444.8,-0.651819,-1.40126,-2.42912,0.618072
444.9,-0.730979,-1.56509,-2.30918,0.562436
445,-0.818642,-1.7374,-2.13644,0.490436
445.1,-0.914554,-1.91258,-1.9031,0.490436
445.2,-1.01782,-2.08217,-1.60355,0.490436
445.3,-1.12667,-2.23464,-1.23662,0.490436
445.4,-1.23827,-2.35568,-0.808223,0.490436
445.5,-1.34862,-2.42948,-0.33353,0.490436
445.6,-1.45258,-2.44112,0.162331,0.490436
445.7,-1.54429,-2.37973,0.64645,0.490436
445.8,-1.61772,-2.24172,1.08347,0.490436
445.9,-1.6675,-2.03257,1.44291,0.490436
446,-1.68974,-1.76645,1.70583,0.490436
446.1,-1.68259,-1.46332,1.86808,0.490436
446.2,-1.64636,-1.1449,1.9391,0.490436
446.3,-1.58333,-0.830663,1.93729,0.490436
446.4,-1.49723,-0.53545,1.88439,0.490436
446.5,-1.39255,-0.268624,1.80094,0.490436
446.6,-1.27401,-0.0346542,1.70361,0.490436
446.7,-1.14611,0.16567,1.60441,0.490436
446.8,-1.0129,0.333899,1.51102,0.490436
446.9,-0.877794,0.472811,1.42763,0.490436
447,-0.743616,0.58562,1.35596,0.490436
447.1,-0.612605,0.675493,1.29602,0.490436
447.2,-0.486501,0.745308,1.24675,0.490436
447.3,-0.36662,0.797573,1.20649,0.490436
447.4,-0.253935,0.834433,1.17329,0.490436
447.5,-0.149135,0.857734,1.14506,0.490436
447.6,-0.0526805,0.869099,1.11977,0.490436
447.7,0.0351597,0.870007,1.09552,0.490436
447.8,0.114278,0.861851,1.07063,0.490436
447.9,0.184707,0.845984,1.04365,0.490436
448,0.246605,0.82374,1.01343,0.490436
448.1,0.300241,0.796438,0.979119,0.490436
448.2,0.345982,0.765371,0.940149,0.490436
448.3,0.384283,0.731789,0.896219,0.490436
448.4,0.41567,0.696869,0.847265,0.490436
448.5,0.440726,0.661695,0.793415,0.490436
448.6,0.460078,0.627235,0.734946,0.490436
448.7,0.474377,0.594325,0.672241,0.490436
448.8,0.484289,0.563666,0.605748,0.490436
448.9,0.490471,0.535819,0.535948,0.490436
449,0.493569,0.511215,0.46333,0.490436
449.1,0.494201,0.490167,0.388372,0.490436
449.2,0.492951,0.472882,0.311531,0.490436
449.3,0.490361,0.459481,0.233234,-0.186181
449.4,0.486934,0.450016,0.153885,-0.118068
449.5,0.483122,0.444488,0.0738591,-0.054172
449.6,0.479336,0.442864,-0.00648475,0.0045335
449.7,0.475943,0.44509,-0.0868014,0.0577773
449.8,0.473268,0.451106,-0.16675,0.105701
449.9,0.471601,0.460856,-0.245985,0.148645
450,0.4712,0.474296,-0.32415,0.187003
450.1,0.472293,0.491399,-0.400863,0.221149
450.2,0.475086,0.512164,-0.475711,0.251407
450.3,0.479768,0.536612,-0.54824,0.278029
450.4,0.486511,0.564789,-0.617941,0.301201
450.5,0.495476,0.596765,-0.68424,0.321032
450.6,0.506819,0.632625,-0.746484,0.337569
450.7,0.520686,0.672463,-0.803933,0.350788
450.8,0.537221,0.716373,-0.855743,0.360604
450.9,0.556561,0.764428,-0.900956,0.36687
451,0.578836,0.816663,-0.938492,0.369382
451.1,0.604163,0.873051,-0.967145,0.367891
451.2,0.632643,0.933464,-0.985587,0.362113
451.3,0.664346,0.997641,-0.992381,0.35176
451.4,0.699304,1.06514,-0.986018,0.33658
451.5,0.737493,1.13528,-0.964972,0.316426
451.6,0.778813,1.2071,-0.927783,0.291333
451.7,0.823065,1.2793,-0.873178,0.261609
451.8,0.869929,1.35021,-0.800229,0.261609
451.9,0.918938,1.41778,-0.708543,0.261609
452,0.969454,1.47957,-0.598475,0.261609
452.1,1.02066,1.53287,-0.471332,0.261609
452.2,1.07153,1.57482,-0.329543,0.261609
452.3,1.12089,1.60259,-0.176727,0.261609
452.4,1.16741,1.61368,-0.0176393,0.261609
452.5,1.20967,1.60621,0.142071,0.261609
452.6,1.24625,1.57915,0.296264,0.261609
452.7,1.27583,1.53259,0.438849,0.261609
452.8,1.29726,1.46778,0.564371,0.261609
452.9,1.3097,1.38712,0.668529,0.261609
453,1.31265,1.29389,0.748536,0.261609
453.1,1.30598,1.19196,0.803247,0.261609
453.2,1.29,1.08545,0.833055,0.261609
453.3,1.26534,0.978301,0.839606,0.261609
453.4,1.23295,0.874054,0.825408,0.261609
453.5,1.19398,0.775619,0.793428,0.261609
453.6,1.14972,0.685201,0.746738,0.261609
453.7,1.10152,0.604297,0.688254,0.261609
453.8,1.05071,0.533763,0.620575,0.261609
453.9,0.998535,0.473916,0.5459,0.261609
454,0.946145,0.42465,0.466028,0.261609
454.1,0.894548,0.385552,0.382385,0.261609
454.2,0.844609,0.356007,0.296083,0.261609
454.3,0.797043,0.33528,0.207985,-0.151289
454.4,0.752426,0.322589,0.118764,-0.0856542
454.5,0.711204,0.317153,0.0289597,-0.0203116
454.6,0.673708,0.318233,-0.06098,0.0410981
454.7,0.640172,0.325159,-0.15066,0.096964
454.8,0.610744,0.337343,-0.239714,0.146975
454.9,0.58551,0.354292,-0.327779,0.191432
455,0.564505,0.375611,-0.414482,0.230834
455.1,0.547726,0.401004,-0.499424,0.265682
455.2,0.535149,0.430268,-0.582167,0.296401
455.3,0.526736,0.463289,-0.662225,0.323315
455.4,0.522446,0.500033,-0.739044,0.34665
455.5,0.522243,0.540533,-0.811994,0.366538
455.6,0.526098,0.584883,-0.88035,0.383021
455.7,0.533997,0.633212,-0.943278,0.39606
455.8,0.545943,0.685677,-0.999814,0.405538
455.9,0.561952,0.742429,-1.04885,0.411256
456,0.58205,0.80359,-1.08912,0.412947
456.1,0.606271,0.869217,-1.11919,0.410271
456.2,0.634648,0.939256,-1.13745,0.402839
456.3,0.667194,1.01349,-1.14214,0.390239
456.4,0.703893,1.09147,-1.13138,0.372093
456.5,0.744674,1.17246,-1.10324,0.348143
456.6,0.789382,1.25534,-1.05585,0.318379
456.7,0.837754,1.33855,-0.987575,0.283171
456.8,0.889376,1.42003,-0.897208,0.283171
456.9,0.943653,1.49719,-0.784263,0.283171
457,0.999775,1.56694,-0.649267,0.283171
457.1,1.0567,1.62581,-0.494058,0.283171
457.2,1.11313,1.67013,-0.322011,0.283171
457.3,1.16756,1.69637,-0.138117,0.283171
457.4,1.21831,1.7015,0.0511559,0.283171
457.5,1.26361,1.6834,0.238272,0.283171
457.6,1.30171,1.64126,0.415285,0.283171
457.7,1.33103,1.57579,0.574659,0.283171
457.8,1.35029,1.4893,0.710086,0.283171
457.9,1.35862,1.38545,0.817144,0.283171
458,1.35561,1.26894,0.893625,0.283171
458.1,1.3414,1.14492,0.93952,0.283171
458.2,1.31659,1.01854,0.956665,0.283171
458.3,1.28219,0.894449,0.948212,0.283171
458.4,1.23953,0.776519,0.918022,0.283171
458.5,1.19012,0.667681,0.870141,0.283171
458.6,1.13558,0.569912,0.80839,0.283171
458.7,1.07751,0.484322,0.736127,0.283171
458.8,1.01743,0.4113,0.656131,0.283171
458.9,0.956718,0.350675,0.5706,0.283171
459,0.896595,0.301878,0.481203,0.283171
459.1,0.838088,0.26408,0.389173,0.283171
459.2,0.782045,0.236307,0.2954,-0.270229
459.3,0.729135,0.217531,0.20052,-0.180388
459.4,0.679868,0.206732,0.104994,-0.0898691
459.5,0.634608,0.202946,0.00916791,-0.00734848
459.6,0.593598,0.205292,-0.086685,0.0647762
459.7,0.556979,0.212998,-0.182328,0.127166
459.8,0.52481,0.225403,-0.277538,0.181312
459.9,0.497088,0.241969,-0.37209,0.22866
460,0.473764,0.262275,-0.465745,0.270389
460.1,0.454761,0.286017,-0.55824,0.307398
460.2,0.439983,0.313001,-0.649279,0.340351
460.3,0.429332,0.343138,-0.738526,0.369729
460.4,0.422715,0.376433,-0.825591,0.395869
460.5,0.420052,0.412981,-0.910022,0.41899
460.6,0.421285,0.452954,-0.991288,0.439215
460.7,0.426379,0.496595,-1.06876,0.456584
460.8,0.435331,0.544202,-1.1417,0.471055
460.9,0.448168,0.596118,-1.20921,0.482506
461,0.464946,0.652713,-1.27024,0.490733
461.1,0.485755,0.714359,-1.32355,0.495445
461.2,0.510709,0.781405,-1.36765,0.496251
461.3,0.539941,0.854132,-1.40081,0.492661
461.4,0.573595,0.932705,-1.42103,0.484084
461.5,0.611806,1.01711,-1.42601,0.469844
461.6,0.654684,1.10704,-1.41324,0.449223
461.7,0.702283,1.20186,-1.37998,0.421571
461.8,0.754567,1.30039,-1.32343,0.386473
461.9,0.811363,1.40087,-1.24094,0.344028
462,0.872312,1.50079,-1.13032,0.344028
462.1,0.936811,1.59682,-0.990208,0.344028
462.2,1.00396,1.6848,-0.820634,0.344028
462.3,1.0725,1.75988,-0.623496,0.344028
462.4,1.14083,1.81675,-0.40304,0.344028
462.5,1.20698,1.85015,-0.166084,0.344028
462.6,1.26868,1.85549,0.0781366,0.344028
462.7,1.32352,1.82955,0.318622,0.344028
462.8,1.36911,1.77114,0.543745,0.344028
462.9,1.40327,1.6815,0.742688,0.344028
463,1.42427,1.56432,0.906862,0.344028
463.1,1.43102,1.42537,1.03094,0.344028
463.2,1.42314,1.27176,1.11324,0.344028
463.3,1.40099,1.11101,1.15547,0.344028
463.4,1.36559,0.950229,1.16184,0.344028
463.5,1.31851,0.795482,1.13811,0.344028
463.6,1.26167,0.651402,1.09046,0.344028
463.7,1.19717,0.521123,1.02483,0.344028
463.8,1.12716,0.406397,0.946324,0.344028
463.9,1.05367,0.30783,0.859062,0.344028
464,0.978575,0.225158,0.766152,0.344028
464.1,0.903491,0.157518,0.669805,0.344028
464.2,0.829794,0.103669,0.571506,0.344028
464.3,0.758594,0.0621739,0.472192,0.344028
464.4,0.690759,0.0315256,0.372412,0.344028
464.5,0.626926,0.0102401,0.272456,0.344028
464.6,0.567538,-0.00308682,0.172459,-0.252769
464.7,0.512866,-0.00974282,0.0724639,-0.0830313
464.8,0.463039,-0.0108798,-0.0275246,0.0266983
464.9,0.41807,-0.00750527,-0.127515,0.108809
465,0.377886,-0.00048108,-0.227513,0.174848
465.1,0.34234,0.00947236,-0.32751,0.230367
465.2,0.311242,0.0217692,-0.427485,0.278459
465.3,0.284367,0.0359492,-0.527401,0.321006
465.4,0.261476,0.0516678,-0.627208,0.359233
465.5,0.242324,0.0686862,-0.726845,0.39397
465.6,0.226671,0.0868616,-0.826239,0.425802
465.7,0.21429,0.106138,-0.925306,0.455154
465.8,0.204976,0.126538,-1.02395,0.482344
465.9,0.198547,0.148158,-1.12206,0.507607
466,0.194853,0.17116,-1.21951,0.531125
466.1,0.193775,0.195769,-1.31615,0.553031
466.2,0.19523,0.222273,-1.41178,0.57342
466.3,0.199175,0.25102,-1.50618,0.592353
466.4,0.205605,0.282419,-1.59907,0.609857
466.5,0.214558,0.316944,-1.6901,0.625924
466.6,0.226117,0.355135,-1.77882,0.640509
466.7,0.240413,0.397604,-1.86467,0.653523
466.8,0.257624,0.445034,-1.94693,0.664826
466.9,0.277981,0.498185,-2.02472,0.674214
467,0.301769,0.55789,-2.09687,0.681405
467.1,0.329328,0.625048,-2.16192,0.686013
467.2,0.361054,0.700608,-2.21804,0.687529
467.3,0.397397,0.785535,-2.26289,0.685273
467.4,0.438854,0.880756,-2.29355,0.678358
467.5,0.485959,0.987077,-2.30641,0.665633
467.6,0.53926,1.10504,-2.29708,0.645629
467.7,0.599284,1.23476,-2.2603,0.616534
467.8,0.666487,1.3756,-2.19001,0.576274
467.9,0.741174,1.5259,-2.07955,0.52285
468,0.823394,1.68252,-1.92211,0.455214
468.1,0.912803,1.84038,-1.71157,0.455214
468.2,1.0085,1.99212,-1.44384,0.455214
468.3,1.10884,2.12795,-1.11857,0.455214
468.4,1.21132,2.23595,-0.741136,0.455214
468.5,1.31245,2.30315,-0.324224,0.455214
468.6,1.40788,2.31733,0.111749,0.455214
468.7,1.49262,2.26945,0.540222,0.455214
468.8,1.56158,2.15604,0.932357,0.455214
468.9,1.61013,1.9807,1.26242,0.455214
469,1.63478,1.75407,1.51294,0.455214
469.1,1.63366,1.49185,1.67764,0.455214
469.2,1.60669,1.21191,1.76125,0.455214
469.3,1.55548,0.931096,1.7766,0.455214
469.4,1.48296,0.663084,1.74049,0.455214
469.5,1.39284,0.417298,1.66995,0.455214
469.6,1.28922,0.199021,1.57969,0.455214
469.7,1.1761,0.0101499,1.48103,0.455214
469.8,1.05719,-0.149813,1.38177,0.455214
469.9,0.935686,-0.282821,1.28669,0.455214
470,0.814289,-0.39156,1.19828,0.455214
470.1,0.695152,-0.478947,1.11744,0.455214
470.2,0.579954,-0.54784,1.04398,0.455214
470.3,0.469948,-0.600876,0.977133,0.455214
470.4,0.366035,-0.640422,0.915795,0.455214
470.5,0.268813,-0.668572,0.858752,0.455214
470.6,0.178641,-0.687167,0.804804,0.455214
470.7,0.0956754,-0.697837,0.752844,0.455214
470.8,0.0199139,-0.702029,0.701902,0.455214
470.9,-0.0487765,-0.701042,0.651171,0.455214
471,-0.110634,-0.696047,0.600008,0.455214
471.1,-0.165978,-0.688101,0.547934,0.455214
471.2,-0.215196,-0.67816,0.494619,0.455214
471.3,-0.258723,-0.667084,0.43987,0.455214
471.4,-0.29703,-0.65564,0.383611,0.455214
471.5,-0.330613,-0.644507,0.325865,0.455214
471.6,-0.35998,-0.634277,0.266736,-0.216104
471.7,-0.385643,-0.62546,0.206392,-0.157168
471.8,-0.408111,-0.61849,0.145057,-0.104554
471.9,-0.427882,-0.61373,0.082992,-0.0568921
472,-0.445438,-0.611478,0.0204935,-0.0134075
472.1,-0.46124,-0.611976,-0.0421146,0.0263625
472.2,-0.475727,-0.61542,-0.104483,0.0627009
472.3,-0.489312,-0.621963,-0.166237,0.0957925
472.4,-0.502382,-0.631724,-0.226977,0.12576
472.5,-0.515296,-0.644795,-0.286274,0.152692
472.6,-0.528388,-0.661246,-0.343665,0.176636
472.7,-0.541966,-0.681126,-0.398652,0.197629
472.8,-0.55631,-0.704464,-0.450691,0.215673
472.9,-0.571678,-0.73127,-0.499193,0.230749
473,-0.588302,-0.76153,-0.543516,0.242809
473.1,-0.606389,-0.7952,-0.582966,0.251786
473.2,-0.62612,-0.832195,-0.616788,0.257592
473.3,-0.64765,-0.872382,-0.644179,0.260126
473.4,-0.671102,-0.915556,-0.664288,0.259285
473.5,-0.696564,-0.961431,-0.676233,0.254977
473.6,-0.724084,-1.00961,-0.679123,0.247144
473.7,-0.753661,-1.05958,-0.672088,0.235787
473.8,-0.785239,-1.11067,-0.65433,0.221184
473.9,-0.818694,-1.16203,-0.625175,0.221184
474,-0.853826,-1.21266,-0.584148,0.221184
474.1,-0.89035,-1.26136,-0.531055,0.221184
474.2,-0.927884,-1.30675,-0.466073,0.221184
474.3,-0.965945,-1.34733,-0.389832,0.221184
474.4,-1.00395,-1.38153,-0.303492,0.221184
474.5,-1.04122,-1.40775,-0.208782,0.221184
474.6,-1.07699,-1.42454,-0.107993,0.221184
474.7,-1.11045,-1.43065,-0.00392275,0.221184
474.8,-1.14075,-1.42519,0.100256,0.221184
474.9,-1.16707,-1.40772,0.201177,0.221184
475,-1.18864,-1.37836,0.295511,0.221184
475.1,-1.20482,-1.33779,0.380204,0.221184
475.2,-1.2151,-1.28724,0.452697,0.221184
475.3,-1.21918,-1.22841,0.511091,0.221184
475.4,-1.21695,-1.16334,0.554241,0.221184
475.5,-1.20853,-1.09427,0.581756,0.221184
475.6,-1.19424,-1.02348,0.59393,0.221184
475.7,-1.17457,-0.953105,0.591619,0.221184
475.8,-1.15018,-0.885094,0.576083,0.221184
475.9,-1.12182,-0.821072,0.548825,0.221184
476,-1.09031,-0.762328,0.511456,0.221184
476.1,-1.05651,-0.7098,0.465578,0.221184
476.2,-1.02125,-0.664105,0.412705,0.221184
476.3,-0.985339,-0.625573,0.354221,0.221184
476.4,-0.949532,-0.594297,0.291358,0.221184
476.5,-0.914505,-0.570186,0.225194,0.221184
476.6,-0.880854,-0.553015,0.156673,0.221184
476.7,-0.849095,-0.542469,0.0866169,0.221184
476.8,-0.81966,-0.538178,0.0157574,-0.0084109
476.9,-0.792905,-0.539755,-0.055245,0.0292545
477,-0.769114,-0.546812,-0.125777,0.0655863
477.1,-0.748509,-0.558985,-0.195251,0.0997075
477.2,-0.731256,-0.575936,-0.263092,0.131053
477.3,-0.717478,-0.597369,-0.328714,0.159288
477.4,-0.707257,-0.623025,-0.391516,0.184239
477.5,-0.700645,-0.652681,-0.450865,0.20581
477.6,-0.69767,-0.686144,-0.506085,0.223939
477.7,-0.698339,-0.723242,-0.556456,0.238582
477.8,-0.702645,-0.763808,-0.601202,0.249675
477.9,-0.710561,-0.807666,-0.639489,0.257151
478,-0.722049,-0.854611,-0.670433,0.26092
478.1,-0.737051,-0.904386,-0.6931,0.260898
478.2,-0.755485,-0.956653,-0.706526,0.257005
478.3,-0.777242,-1.01097,-0.709742,0.249204
478.4,-0.802174,-1.06676,-0.701811,0.23752
478.5,-0.830085,-1.12329,-0.681881,0.222078
478.6,-0.860719,-1.17963,-0.649256,0.222078
478.7,-0.893744,-1.23465,-0.603473,0.222078
478.8,-0.928745,-1.28702,-0.544409,0.222078
478.9,-0.965212,-1.33524,-0.472375,0.222078
479,-1.00253,-1.37764,-0.388217,0.222078
479.1,-1.03998,-1.4125,-0.293389,0.222078
479.2,-1.07675,-1.43811,-0.189995,0.222078
479.3,-1.11194,-1.45294,-0.080762,0.222078
479.4,-1.14463,-1.45572,0.0310495,0.222078
479.5,-1.17385,-1.44564,0.141815,0.222078
479.6,-1.19869,-1.42244,0.247779,0.222078
479.7,-1.21834,-1.38647,0.345329,0.222078
479.8,-1.23212,-1.33873,0.431267,0.222078
479.9,-1.23954,-1.28081,0.503046,0.222078
480,-1.24033,-1.21477,0.558926,0.222078
480.1,-1.23446,-1.14299,0.598033,0.222078
480.2,-1.22214,-1.06796,0.620323,0.222078
480.3,-1.2038,-0.992159,0.626467,0.222078
480.4,-1.18004,-0.917844,0.617675,0.222078
480.5,-1.15163,-0.846976,0.595518,0.222078
480.6,-1.11941,-0.781145,0.561747,0.222078
480.7,-1.08428,-0.721545,0.518144,0.222078
480.8,-1.04716,-0.668994,0.466422,0.222078
480.9,-1.00894,-0.623968,0.40815,0.222078
481,-0.970435,-0.586656,0.344724,0.222078
481.1,-0.932419,-0.557016,0.277359,0.222078
481.2,-0.895564,-0.53484,0.2071,0.222078
481.3,-0.860454,-0.519798,0.134848,0.222078
481.4,-0.827583,-0.511493,0.0613812,-0.0338818
481.5,-0.797358,-0.509492,-0.0126103,0.00692826
481.6,-0.770106,-0.513361,-0.0865026,0.0468753
481.7,-0.746083,-0.522681,-0.159713,0.0847851
481.8,-0.725481,-0.537071,-0.231677,0.119908
481.9,-0.70844,-0.556191,-0.301835,0.151817
482,-0.695057,-0.579748,-0.369612,0.180317
482.1,-0.685394,-0.607497,-0.434408,0.205309
482.2,-0.679485,-0.639235,-0.495581,0.226767
482.3,-0.677345,-0.674794,-0.552445,0.244671
482.4,-0.678972,-0.714029,-0.604253,0.258992
482.5,-0.68435,-0.756802,-0.650197,0.269675
482.6,-0.693451,-0.802968,-0.6894,0.276643
482.7,-0.706237,-0.852348,-0.720921,0.279791
482.8,-0.722652,-0.904706,-0.743758,0.279016
482.9,-0.742618,-0.959719,-0.756869,0.274207
483,-0.766031,-1.01695,-0.759194,0.265302
483.1,-0.792746,-1.07581,-0.749696,0.252302
483.2,-0.822569,-1.13552,-0.727424,0.235323
483.3,-0.855238,-1.19512,-0.691585,0.235323
483.4,-0.890416,-1.25337,-0.641638,0.235323
483.5,-0.927669,-1.30886,-0.57741,0.235323
483.6,-0.966456,-1.35992,-0.49921,0.235323
483.7,-1.00612,-1.40473,-0.407945,0.235323
483.8,-1.0459,-1.44137,-0.305212,0.235323
483.9,-1.08491,-1.46796,-0.193336,0.235323
484,-1.12218,-1.48279,-0.0753523,0.235323
484.1,-1.15668,-1.48449,0.0451045,0.235323
484.2,-1.1874,-1.47216,0.164001,0.235323
484.3,-1.21332,-1.44557,0.277181,0.235323
484.4,-1.23357,-1.40518,0.380681,0.235323
484.5,-1.24743,-1.35216,0.471048,0.235323
484.6,-1.25439,-1.28836,0.545605,0.235323
484.7,-1.25419,-1.21613,0.60261,0.235323
484.8,-1.24683,-1.13813,0.64131,0.235323
484.9,-1.23258,-1.05713,0.661874,0.235323
485,-1.21194,-0.975828,0.665236,0.235323
485.1,-1.18561,-0.896641,0.652892,0.235323
485.2,-1.15445,-0.821628,0.626677,0.235323
485.3,-1.11938,-0.752415,0.588573,0.235323
485.4,-1.08138,-0.690183,0.540543,0.235323
485.5,-1.04146,-0.635698,0.484428,0.235323
485.6,-1.00054,-0.58936,0.421881,0.235323
485.7,-0.959501,-0.551266,0.354341,0.235323
485.8,-0.919139,-0.521285,0.283036,0.235323
485.9,-0.880145,-0.499114,0.209006,0.235323
486,-0.843114,-0.484344,0.133129,0.235323
486.1,-0.80854,-0.476503,0.0561565,-0.0323516
486.2,-0.776826,-0.475099,-0.0212539,0.0121307
486.3,-0.748287,-0.479648,-0.0985107,0.0551932
486.4,-0.723167,-0.489697,-0.175062,0.0956533
486.5,-0.701643,-0.50484,-0.250373,0.132839
486.6,-0.68384,-0.524724,-0.323909,0.166434
486.7,-0.669841,-0.549052,-0.395118,0.196335
486.8,-0.659694,-0.577586,-0.463416,0.222541
486.9,-0.653424,-0.61014,-0.528179,0.245085
487,-0.651037,-0.64657,-0.588725,0.263991
487.1,-0.652527,-0.686763,-0.644309,0.279258
487.2,-0.657878,-0.730625,-0.694111,0.290845
487.3,-0.667067,-0.778056,-0.737233,0.298671
487.4,-0.680064,-0.828934,-0.772696,0.302616
487.5,-0.696825,-0.883082,-0.799442,0.302554
487.6,-0.717292,-0.940245,-0.816345,0.298323
487.7,-0.741383,-1.00005,-0.822236,0.289803
487.8,-0.768979,-1.06196,-0.815938,0.276926
487.9,-0.799914,-1.12526,-0.796325,0.259731
488,-0.833958,-1.189,-0.762394,0.238413
488.1,-0.870803,-1.25197,-0.713373,0.238413
488.2,-0.910038,-1.3127,-0.648838,0.238413
488.3,-0.95114,-1.36944,-0.568854,0.238413
488.4,-0.993459,-1.42022,-0.474113,0.238413
488.5,-1.03621,-1.46292,-0.366064,0.238413
488.6,-1.07848,-1.49538,-0.246989,0.238413
488.7,-1.11923,-1.51556,-0.120011,0.238413
488.8,-1.15736,-1.52174,0.0109915,0.238413
488.9,-1.19172,-1.51271,0.141585,0.238413
489,-1.2212,-1.48795,0.267082,0.238413
489.1,-1.24475,-1.44771,0.382917,0.238413
489.2,-1.26154,-1.39313,0.485021,0.238413
489.3,-1.2709,-1.32609,0.570168,0.238413
489.4,-1.2725,-1.24913,0.636194,0.238413
489.5,-1.26626,-1.16521,0.682087,0.238413
489.6,-1.25242,-1.07743,0.70793,0.238413
489.7,-1.23147,-0.988863,0.714724,0.238413
489.8,-1.20417,-0.902263,0.704145,0.238413
489.9,-1.17142,-0.819985,0.678278,0.238413
490,-1.13424,-0.743886,0.639378,0.238413
490.1,-1.09371,-0.675308,0.589675,0.238413
490.2,-1.05091,-0.615111,0.531242,0.238413
490.3,-1.00689,-0.563733,0.465918,0.238413
490.4,-0.96259,-0.521267,0.395283,0.238413
490.5,-0.918893,-0.48754,0.320663,0.238413
490.6,-0.876553,-0.462191,0.243154,0.238413
490.7,-0.836216,-0.444737,0.163662,0.238413
490.8,-0.798417,-0.434631,0.0829429,-0.0506091
490.9,-0.763586,-0.431304,0.00164226,-0.000990985
491,-0.732058,-0.4342,-0.0796732,0.0470273
491.1,-0.704086,-0.442805,-0.160484,0.092014
491.2,-0.679852,-0.456656,-0.240294,0.13324
491.3,-0.65948,-0.475357,-0.318612,0.170441
491.4,-0.643047,-0.498582,-0.394929,0.203605
491.5,-0.630596,-0.526074,-0.46871,0.23283
491.6,-0.622145,-0.557642,-0.539377,0.258236
491.7,-0.617694,-0.593153,-0.606295,0.279926
491.8,-0.617232,-0.632522,-0.668764,0.297952
491.9,-0.620746,-0.675697,-0.726004,0.312318
492,-0.628216,-0.722644,-0.777146,0.322967
492.1,-0.639625,-0.773324,-0.821223,0.329792
492.2,-0.654948,-0.827668,-0.857167,0.332637
492.3,-0.674157,-0.885547,-0.88381,0.331313
492.4,-0.697208,-0.946739,-0.899896,0.325611
492.5,-0.724036,-1.01088,-0.904098,0.315349
492.6,-0.754536,-1.07745,-0.89507,0.300399
492.7,-0.788556,-1.14566,-0.871498,0.280746
492.8,-0.825869,-1.2145,-0.8322,0.256626
492.9,-0.866159,-1.28262,-0.776241,0.256626
493,-0.908996,-1.34836,-0.703081,0.256626
493.1,-0.953819,-1.40972,-0.612749,0.256626
493.2,-0.999914,-1.46445,-0.506014,0.256626
493.3,-1.04641,-1.51008,-0.384544,0.256626
493.4,-1.09228,-1.54411,-0.251007,0.256626
493.5,-1.13637,-1.56418,-0.109079,0.256626
493.6,-1.17741,-1.56833,0.0366734,0.256626
493.7,-1.21412,-1.55522,0.18105,0.256626
493.8,-1.24523,-1.52436,0.318607,0.256626
493.9,-1.26959,-1.4762,0.444129,0.256626
494,-1.28628,-1.41224,0.553096,0.256626
494.1,-1.29462,-1.33484,0.642081,0.256626
494.2,-1.29427,-1.2471,0.708993,0.256626
494.3,-1.28524,-1.15252,0.753124,0.256626
494.4,-1.26789,-1.05471,0.775027,0.256626
494.5,-1.24287,-0.95708,0.776258,0.256626
494.6,-1.21107,-0.862671,0.759051,0.256626
494.7,-1.17357,-0.773953,0.725988,0.256626
494.8,-1.13155,-0.692791,0.679725,0.256626
494.9,-1.08622,-0.62045,0.622782,0.256626
495,-1.03878,-0.557653,0.557418,0.256626
495.1,-0.990357,-0.504665,0.485567,0.256626
495.2,-0.941968,-0.461396,0.408838,0.256626
495.3,-0.894523,-0.427491,0.328533,0.256626
495.4,-0.848799,-0.402422,0.245698,0.256626
495.5,-0.805442,-0.38556,0.161171,-0.10689
495.6,-0.764977,-0.376233,0.0756348,-0.0498154
495.7,-0.727812,-0.373769,-0.0103434,0.00666326
495.8,-0.694256,-0.377536,-0.0962689,0.0600479
495.9,-0.664529,-0.386956,-0.181691,0.109085
496,-0.63878,-0.40153,-0.266179,0.153375
496.1,-0.617101,-0.420837,-0.3493,0.192971
496.2,-0.599537,-0.444543,-0.430604,0.228114
496.3,-0.586103,-0.4724,-0.509609,0.25909
496.4,-0.576791,-0.504236,-0.585787,0.286146
496.5,-0.571584,-0.539953,-0.658551,0.309471
496.6,-0.570457,-0.579516,-0.727244,0.32918
496.7,-0.573389,-0.622936,-0.79112,0.34531
496.8,-0.580362,-0.670258,-0.849335,0.357829
496.9,-0.591366,-0.721539,-0.900931,0.366632
497,-0.606396,-0.776825,-0.944829,0.371547
497.1,-0.625451,-0.836119,-0.979813,0.372346
497.2,-0.648527,-0.899349,-1.00454,0.368753
497.3,-0.675607,-0.966325,-1.01754,0.360471
497.4,-0.706651,-1.03669,-1.01725,0.347217
497.5,-0.741579,-1.10986,-1.00206,0.328787
497.6,-0.780247,-1.18497,-0.970382,0.305131
497.7,-0.822431,-1.26082,-0.920787,0.27646
497.8,-0.867792,-1.33583,-0.852137,0.27646
497.9,-0.915853,-1.40798,-0.763791,0.27646
498,-0.965973,-1.47486,-0.655826,0.27646
498.1,-1.01732,-1.53371,-0.529271,0.27646
498.2,-1.06888,-1.58153,-0.386308,0.27646
498.3,-1.11942,-1.61531,-0.230391,0.27646
498.4,-1.16757,-1.63226,-0.0662323,0.27646
498.5,-1.21185,-1.63016,0.100393,0.27646
498.6,-1.25073,-1.60764,0.263041,0.27646
498.7,-1.28277,-1.56448,0.415155,0.27646
498.8,-1.30669,-1.50169,0.550701,0.27646
498.9,-1.32149,-1.4215,0.664768,0.27646
499,-1.32655,-1.32723,0.75401,0.27646
499.1,-1.32163,-1.22288,0.816846,0.27646
499.2,-1.30693,-1.11277,0.853399,0.27646
499.3,-1.28305,-1.00118,0.865213,0.27646
499.4,-1.25091,-0.891939,0.854846,0.27646
499.5,-1.21168,-0.78826,0.825415,0.27646
499.6,-1.16669,-0.6926,0.780204,0.27646
499.7,-1.11733,-0.60665,0.722355,0.27646
499.8,-1.06501,-0.531401,0.654677,0.27646
499.9,-1.01104,-0.467249,0.579551,0.27646
500,-0.956632,-0.414123,0.498916,0.27646
500.1,-0.902867,-0.37161,0.414298,0.27646
500.2,-0.850661,-0.33907,0.326876,0.27646
500.3,-0.800778,-0.315726,0.237552,-0.180202
500.4,-0.753831,-0.300743,0.147014,-0.110803
500.5,-0.710297,-0.293287,0.0558009,-0.0408529
500.6,-0.670528,-0.292561,-0.0356497,0.0250046
500.7,-0.63477,-0.297839,-0.126963,0.0847318
500.8,-0.603181,-0.308482,-0.217797,0.137975
500.9,-0.575849,-0.32395,-0.30782,0.185145
501,-0.552805,-0.343805,-0.396693,0.226877
501.1,-0.534041,-0.367715,-0.484055,0.263798
501.2,-0.519525,-0.395445,-0.569512,0.29643
501.3,-0.509208,-0.426859,-0.652624,0.325178
501.4,-0.503038,-0.461906,-0.732893,0.350331
501.5,-0.500967,-0.500615,-0.809749,0.372074
501.6,-0.502957,-0.543079,-0.882535,0.390498
501.7,-0.508987,-0.589447,-0.950489,0.405605
501.8,-0.519051,-0.639902,-1.01273,0.417319
501.9,-0.533165,-0.694646,-1.06823,0.42547
502,-0.551361,-0.75387,-1.1158,0.429828
502.1,-0.573684,-0.817728,-1.15408,0.430071
502.2,-0.600187,-0.886292,-1.18151,0.425808
502.3,-0.630919,-0.959508,-1.19636,0.416593
502.4,-0.66591,-1.03714,-1.19672,0.40196
502.5,-0.705153,-1.11867,-1.18054,0.381485
502.6,-0.748578,-1.20328,-1.14574,0.354897
502.7,-0.796021,-1.28971,-1.09033,0.322219
502.8,-0.847193,-1.37619,-1.01257,0.322219
502.9,-0.901637,-1.46041,-0.911264,0.322219
503,-0.958688,-1.53945,-0.786063,0.322219
503.1,-1.01745,-1.6099,-0.637786,0.322219
503.2,-1.07675,-1.66792,-0.468761,0.322219
503.3,-1.13516,-1.70954,-0.28305,0.322219
503.4,-1.19103,-1.73101,-0.0864857,0.322219
503.5,-1.24253,-1.72927,0.113558,0.322219
503.6,-1.28775,-1.70238,0.308704,0.322219
503.7,-1.32487,-1.64991,0.490378,0.322219
503.8,-1.35227,-1.57317,0.650752,0.322219
503.9,-1.36871,-1.47517,0.783632,0.322219
504,-1.37339,-1.36032,0.88508,0.322219
504.1,-1.3661,-1.23392,0.953654,0.322219
504.2,-1.34715,-1.10163,0.990231,0.322219
504.3,-1.31735,-0.968833,0.997514,0.322219
504.4,-1.27791,-0.840239,0.979376,0.322219
504.5,-1.23035,-0.719598,0.940201,0.322219
504.6,-1.17633,-0.609606,0.884342,0.322219
504.7,-1.11757,-0.511944,0.815749,0.322219
504.8,-1.05575,-0.427411,0.737764,0.322219
504.9,-0.992399,-0.356098,0.653068,0.322219
505,-0.928917,-0.297577,0.563711,0.322219
505.1,-0.866496,-0.251065,0.471202,0.322219
505.2,-0.806129,-0.215562,0.376615,0.322219
505.3,-0.748617,-0.189969,0.280701,-0.285552
505.4,-0.694577,-0.173164,0.183975,-0.178752
505.5,-0.644461,-0.164062,0.0867982,-0.0782352
505.6,-0.598579,-0.161657,-0.0105663,0.00876212
505.7,-0.557121,-0.165044,-0.107912,0.082469
505.8,-0.52018,-0.173439,-0.205061,0.14519
505.9,-0.487767,-0.186178,-0.301838,0.199211
506,-0.459839,-0.202726,-0.398067,0.246338
506.1,-0.436311,-0.22267,-0.493551,0.287906
506.2,-0.417071,-0.245716,-0.588073,0.324881
506.3,-0.401998,-0.271681,-0.681387,0.357961
506.4,-0.390968,-0.30049,-0.773209,0.387641
506.5,-0.383867,-0.332164,-0.86321,0.414272
506.6,-0.380599,-0.366813,-0.951004,0.438088
506.7,-0.38109,-0.404632,-1.03613,0.459229
506.8,-0.385298,-0.445886,-1.11806,0.477757
506.9,-0.39321,-0.49091,-1.19614,0.493658
507,-0.404852,-0.54009,-1.26958,0.506844
507.1,-0.420284,-0.593857,-1.33745,0.51715
507.2,-0.439605,-0.652666,-1.39864,0.524327
507.3,-0.462946,-0.716977,-1.45177,0.528031
507.4,-0.490469,-0.787219,-1.49524,0.527812
507.5,-0.52236,-0.863754,-1.52714,0.523103
507.6,-0.558814,-0.946811,-1.54522,0.513216
507.7,-0.60002,-1.03642,-1.54693,0.497351
507.8,-0.646139,-1.13229,-1.52938,0.474646
507.9,-0.69727,-1.23374,-1.48944,0.444284
508,-0.753409,-1.33947,-1.42389,0.405721
508.1,-0.814397,-1.44749,-1.32964,0.359018
508.2,-0.879859,-1.55492,-1.20412,0.359018
508.3,-0.949136,-1.65793,-1.0458,0.359018
508.4,-1.02122,-1.75168,-0.854746,0.359018
508.5,-1.09468,-1.83051,-0.633357,0.359018
508.6,-1.16769,-1.88827,-0.386848,0.359018
508.7,-1.23799,-1.91893,-0.123521,0.359018
508.8,-1.30298,-1.91738,0.145509,0.359018
508.9,-1.35995,-1.88028,0.407233,0.359018
509,-1.40619,-1.80683,0.648251,0.359018
509.1,-1.43937,-1.69919,0.856593,0.359018
509.2,-1.45768,-1.56234,1.02339,0.359018
509.3,-1.4601,-1.40352,1.14395,0.359018
509.4,-1.44645,-1.2312,1.21795,0.359018
509.5,-1.4174,-1.05396,1.24877,0.359018
509.6,-1.37433,-0.879564,1.24239,0.359018
509.7,-1.31915,-0.714274,1.20597,0.359018
509.8,-1.25413,-0.562593,1.14676,0.359018
509.9,-1.18164,-0.427289,1.07126,0.359018
510,-1.10402,-0.309626,0.984847,0.359018
510.1,-1.02345,-0.209701,0.891597,0.359018
510.2,-0.941873,-0.126771,0.794439,0.359018
510.3,-0.860936,-0.059559,0.695321,0.359018
510.4,-0.782002,-0.00648862,0.595447,0.359018
510.5,-0.706145,0.0341444,0.495482,0.359018
510.6,-0.634172,0.0640499,0.395739,0.359018
510.7,-0.566655,0.0848665,0.296307,0.359018
510.8,-0.503959,0.0981148,0.197156,0.359018
510.9,-0.446279,0.105172,0.0981993,-0.137637
511,-0.393665,0.107261,-0.000664669,0.000725133
511.1,-0.346056,0.10545,-0.0995274,0.0922346
511.2,-0.303301,0.100654,-0.198461,0.162523
511.3,-0.265184,0.0936459,-0.297514,0.22038
511.4,-0.231442,0.0850671,-0.396713,0.269994
511.5,-0.201781,0.0754372,-0.496067,0.313703
511.6,-0.175894,0.0651683,-0.595571,0.352942
511.7,-0.153464,0.0545766,-0.695211,0.388651
511.8,-0.134183,0.0438952,-0.794968,0.421481
511.9,-0.117751,0.0332851,-0.894818,0.451899
512,-0.103885,0.0228459,-0.994739,0.480257
512.1,-0.092321,0.0126255,-1.09471,0.506826
512.2,-0.0828193,0.00262788,-1.1947,0.531822
512.3,-0.0751637,-0.00717971,-1.2947,0.555421
512.4,-0.0691632,-0.0168609,-1.39468,0.577766
512.5,-0.0646524,-0.026506,-1.49464,0.59898
512.6,-0.0614915,-0.0362289,-1.59454,0.619167
512.7,-0.0595658,-0.0461647,-1.69437,0.638413
512.8,-0.0587854,-0.0564696,-1.7941,0.656796
512.9,-0.0590848,-0.0673208,-1.89372,0.674378
513,-0.0604228,-0.0789183,-1.99318,0.691214
513.1,-0.0627823,-0.0914872,-2.09246,0.707348
513.2,-0.0661704,-0.105282,-2.19149,0.722818
513.3,-0.0706197,-0.120592,-2.29022,0.73765
513.4,-0.076189,-0.137747,-2.38855,0.751861
513.5,-0.0829651,-0.157123,-2.48638,0.765459
513.6,-0.0910652,-0.179159,-2.58356,0.778438
513.7,-0.10064,-0.204359,-2.67988,0.790778
513.8,-0.111879,-0.233311,-2.7751,0.802442
513.9,-0.125011,-0.2667,-2.86886,0.813367
514,-0.140318,-0.305327,-2.9607,0.823463
514.1,-0.158135,-0.350124,-3.04998,0.832596
514.2,-0.178861,-0.402178,-3.13586,0.840579
514.3,-0.20297,-0.462751,-3.21719,0.847151
514.4,-0.231018,-0.533294,-3.29243,0.851952
514.5,-0.263659,-0.615458,-3.35951,0.85448
514.6,-0.301649,-0.711093,-3.4156,0.854038
514.7,-0.345857,-0.822213,-3.45693,0.849659
514.8,-0.397266,-0.950916,-3.47847,0.83999
514.9,-0.456964,-1.09923,-3.47356,0.823141
515,-0.526115,-1.26884,-3.43356,0.796468
515.1,-0.605895,-1.46062,-3.34751,0.756329
515.2,-0.697389,-1.67393,-3.20203,0.697958
515.3,-0.801403,-1.90563,-2.98172,0.616067
515.4,-0.918194,-2.14873,-2.67049,0.507787
515.5,-1.04708,-2.39092,-2.25445,0.507787
515.6,-1.18598,-2.61346,-1.72664,0.507787
515.7,-1.33088,-2.79111,-1.09347,0.507787
515.8,-1.47555,-2.89442,-0.381012,0.507787
515.9,-1.61151,-2.89501,0.362476,0.507787
516,-1.72878,-2.77343,1.0719,0.507787
516.1,-1.81721,-2.52669,1.68002,0.507787
516.2,-1.8683,-2.17162,2.13662,0.507787
516.3,-1.87678,-1.74124,2.42274,0.507787
516.4,-1.84148,-1.27572,2.55249,0.507787
516.5,-1.76508,-0.812215,2.56296,0.507787
516.6,-1.65309,-0.378126,2.49956,0.507787
516.7,-1.51256,0.0107586,2.40405,0.507787
516.8,-1.35085,0.348427,2.30838,0.507787
516.9,-1.17487,0.635246,2.23367,0.507787
517,-0.990678,0.87467,2.19171,0.507787
517.1,-0.803351,1.07081,2.18733,0.507787
517.2,-0.617138,1.22701,2.22027,0.507787
517.3,-0.435626,1.34528,2.28661,0.507787
517.4,-0.261937,1.42627,2.37956,0.507787
517.5,-0.098879,1.46979,2.49017,0.507787
517.6,0.0509734,1.47544,2.60796,0.507787
517.7,0.185276,1.44345,2.72187,0.507787
517.8,0.30199,1.37536,2.82137,0.507787
517.9,0.399496,1.27445,2.89767,0.507787
518,0.476732,1.14583,2.94475,0.507787
518.1,0.533299,0.996076,2.95994,0.507787
518.2,0.569512,0.832681,2.94392,0.507787
518.3,0.586378,0.663233,2.90013,0.507787
518.4,0.585508,0.494747,2.83385,0.507787
518.5,0.568978,0.333138,2.75114,0.507787
518.6,0.539165,0.182957,2.65793,0.507787
518.7,0.498583,0.0473475,2.55938,0.507787
518.8,0.449742,-0.0718278,2.45952,0.507787
518.9,0.39504,-0.173769,2.36115,0.507787
519,0.336677,-0.258498,2.26594,0.507787
519.1,0.276615,-0.326632,2.17462,0.507787
519.2,0.216547,-0.379199,2.08719,0.507787
519.3,0.157894,-0.41749,2.00316,0.507787
519.4,0.101811,-0.442959,1.92176,0.507787
519.5,0.0492003,-0.457142,1.84209,0.507787
519.6,0.000728588,-0.461608,1.76326,0.507787
519.7,-0.0431484,-0.457912,1.68446,0.507787
519.8,-0.0821647,-0.447564,1.605,0.507787
519.9,-0.11622,-0.432001,1.52438,0.507787
520,-0.145356,-0.412559,1.44223,0.507787
520.1,-0.169731,-0.390459,1.35837,0.507787
520.2,-0.189599,-0.366787,1.27272,0.507787
520.3,-0.205287,-0.342488,1.1853,0.507787
520.4,-0.217172,-0.318364,1.09622,0.507787
520.5,-0.225666,-0.29507,1.00563,0.507787
520.6,-0.231197,-0.273128,0.913698,0.507787
520.7,-0.234195,-0.252933,0.820611,0.507787
520.8,-0.235083,-0.234769,0.726552,0.507787
520.9,-0.234263,-0.218821,0.631689,0.507787
521,-0.232116,-0.205196,0.536177,0.507787
521.1,-0.228991,-0.193934,0.440152,0.507787
521.2,-0.225205,-0.185028,0.343736,-0.759453
521.3,-0.221045,-0.178433,0.247032,-0.364988
521.4,-0.216762,-0.174082,0.150132,-0.176413
521.5,-0.212578,-0.171897,0.0531189,-0.0532002
521.6,-0.208685,-0.171797,-0.0439338,0.0388649
521.7,-0.205252,-0.173707,-0.140955,0.112581
521.8,-0.202421,-0.177565,-0.237876,0.174128
521.9,-0.20032,-0.183326,-0.334625,0.22697
522,-0.199057,-0.190969,-0.431128,0.273242
522.1,-0.198733,-0.200496,-0.527302,0.314352
522.2,-0.19944,-0.211944,-0.623055,0.351274
522.3,-0.201263,-0.225376,-0.71828,0.384704
522.4,-0.204292,-0.240896,-0.812851,0.41515
522.5,-0.208615,-0.258641,-0.90662,0.442989
522.6,-0.21433,-0.278789,-0.999407,0.468496
522.7,-0.221544,-0.301563,-1.091,0.491874
522.8,-0.230376,-0.327227,-1.18112,0.513257
522.9,-0.240963,-0.356096,-1.26946,0.532727
523,-0.253458,-0.388535,-1.35561,0.550314
523.1,-0.268041,-0.424963,-1.43909,0.565995
523.2,-0.284915,-0.465849,-1.51927,0.579693
523.3,-0.30431,-0.511719,-1.5954,0.591273
523.4,-0.326489,-0.563147,-1.66655,0.600526
523.5,-0.351745,-0.620752,-1.73155,0.607163
523.6,-0.380404,-0.685177,-1.78895,0.610795
523.7,-0.412823,-0.75707,-1.837,0.61091
523.8,-0.449385,-0.837041,-1.87353,0.606851
523.9,-0.49049,-0.925606,-1.89592,0.597783
524,-0.536541,-1.0231,-1.90105,0.582677
524.1,-0.587923,-1.12955,-1.88527,0.560307
524.2,-0.644963,-1.24454,-1.84441,0.529309
524.3,-0.70789,-1.36697,-1.77393,0.488379
524.4,-0.776763,-1.49484,-1.66914,0.436698
524.5,-0.851392,-1.625,-1.52567,0.374657
524.6,-0.931235,-1.75286,-1.34015,0.374657
524.7,-1.0153,-1.8723,-1.11112,0.374657
524.8,-1.10201,-1.97573,-0.840203,0.374657
524.9,-1.1892,-2.05448,-0.533106,0.374657
525,-1.27403,-2.09961,-0.200364,0.374657
525.1,-1.35312,-2.10319,0.142799,0.374657
525.2,-1.42278,-2.05969,0.477746,0.374657
525.3,-1.47931,-1.96741,0.784875,0.374657
525.4,-1.51941,-1.82921,1.04676,0.374657
525.5,-1.54061,-1.65242,1.25104,0.374657
525.6,-1.54152,-1.4477,1.39222,0.374657
525.7,-1.52201,-1.22737,1.47174,0.374657
525.8,-1.48312,-1.00352,1.49654,0.374657
525.9,-1.4269,-0.786527,1.47687,0.374657
526,-1.35603,-0.584193,1.42398,0.374657
526.1,-1.27358,-0.401572,1.34838,0.374657
526.2,-1.18266,-0.241227,1.2588,0.374657
526.3,-1.08624,-0.103757,1.16187,0.374657
526.4,-0.986992,0.0116231,1.06218,0.374657
526.5,-0.887214,0.106565,0.962621,0.374657
526.6,-0.788801,0.183183,0.864811,0.374657
526.7,-0.693256,0.243771,0.769452,0.374657
526.8,-0.601719,0.290618,0.676665,0.374657
526.9,-0.515012,0.325905,0.586232,0.374657
527,-0.433675,0.351642,0.497763,0.374657
527.1,-0.358016,0.369653,0.410814,0.374657
527.2,-0.288151,0.381569,0.324957,0.374657
527.3,-0.224036,0.388832,0.239821,0.374657
527.4,-0.165504,0.392709,0.15511,-0.366031
527.5,-0.112291,0.394309,0.0706062,-0.0904321
527.6,-0.0640612,0.394593,-0.0138289,0.0142361
527.7,-0.0204235,0.394389,-0.0982659,0.0873523
527.8,0.0190478,0.394411,-0.182714,0.145195
527.9,0.0548012,0.395274,-0.267132,0.19375
528,0.0872965,0.397502,-0.35143,0.235908
528.1,0.116996,0.40155,-0.435481,0.273271
528.2,0.144359,0.407815,-0.51912,0.306805
528.3,0.169836,0.416649,-0.602145,0.337124
528.4,0.193866,0.428371,-0.684314,0.36463
528.5,0.216877,0.443279,-0.765342,0.389587
528.6,0.239283,0.461663,-0.844893,0.412164
528.7,0.261485,0.483809,-0.922572,0.43245
528.8,0.283876,0.51001,-0.997909,0.450478
528.9,0.306838,0.540569,-1.07035,0.466217
529,0.330747,0.575803,-1.13923,0.479584
529.1,0.355972,0.616039,-1.20375,0.490432
529.2,0.382882,0.661615,-1.26298,0.498551
529.3,0.41184,0.712863,-1.3158,0.503654
529.4,0.443206,0.770093,-1.36087,0.505376
529.5,0.477333,0.833567,-1.39662,0.503255
529.6,0.514563,0.903463,-1.42125,0.496737
529.7,0.555215,0.979814,-1.43263,0.48517
529.8,0.599569,1.06244,-1.42841,0.467833
529.9,0.647853,1.15088,-1.40597,0.443998
530,0.700204,1.24424,-1.36257,0.413051
530.1,0.756642,1.34113,-1.29544,0.374709
530.2,0.817019,1.43948,-1.20207,0.329308
530.3,0.88097,1.53648,-1.08051,0.329308
530.4,0.947858,1.62851,-0.929827,0.329308
530.5,1.01672,1.71116,-0.750606,0.329308
530.6,1.08624,1.77939,-0.545473,0.329308
530.7,1.15473,1.82789,-0.319469,0.329308
530.8,1.22015,1.85158,-0.0801694,0.329308
530.9,1.28022,1.84628,0.16263,0.329308
531,1.33256,1.80941,0.397725,0.329308
531.1,1.37486,1.74055,0.613749,0.329308
531.2,1.4051,1.64174,0.800621,0.329308
531.3,1.42178,1.51737,0.950848,0.329308
531.4,1.42405,1.37366,1.06035,0.329308
531.5,1.41179,1.21787,1.12864,0.329308
531.6,1.38558,1.05739,1.15829,0.329308
531.7,1.34664,0.898967,1.1541,0.329308
531.8,1.29667,0.748174,1.12198,0.329308
531.9,1.23764,0.60912,1.06805,0.329308
532,1.17168,0.484454,0.997937,0.329308
532.1,1.10088,0.375525,0.91641,0.329308
532.2,1.02724,0.282636,0.827224,0.329308
532.3,0.952518,0.205315,0.733165,0.329308
532.4,0.878266,0.14257,0.636183,0.329308
532.5,0.805762,0.0930979,0.537567,0.329308
532.6,0.736034,0.0554419,0.438117,0.329308
532.7,0.669869,0.0281093,0.338291,0.329308
532.8,0.60784,0.00964891,0.238327,-0.453132
532.9,0.55033,-0.00129757,0.13833,-0.181828
533,0.497565,-0.00596605,0.0383316,-0.0410261
533.1,0.449635,-0.00545393,-0.0616647,0.0568643
533.2,0.406527,-0.00071419,-0.161663,0.132489
533.3,0.368143,0.00744407,-0.261662,0.194438
533.4,0.334326,0.0183507,-0.361645,0.247139
533.5,0.304876,0.031467,-0.461582,0.293161
533.6,0.279566,0.0463763,-0.56143,0.33411
533.7,0.258158,0.0627747,-0.661131,0.371049
533.8,0.24041,0.0804605,-0.760617,0.404711
533.9,0.226093,0.0993252,-0.859808,0.435619
534,0.214988,0.119345,-0.958611,0.464154
534.1,0.206904,0.140573,-1.05692,0.490602
534.2,0.201671,0.163134,-1.15461,0.515177
534.3,0.199156,0.187218,-1.25155,0.538041
534.4,0.199256,0.21308,-1.34754,0.55931
534.5,0.201906,0.241035,-1.44239,0.579064
534.6,0.20708,0.271461,-1.53582,0.597348
534.7,0.214794,0.3048,-1.62753,0.614171
534.8,0.225108,0.341558,-1.71709,0.629506
534.9,0.238127,0.38231,-1.80401,0.643284
535,0.254004,0.427702,-1.88762,0.655388
535.1,0.272943,0.478455,-1.96711,0.665642
535.2,0.295201,0.53536,-2.04145,0.673799
535.3,0.321088,0.599279,-2.1093,0.679519
535.4,0.35097,0.671126,-2.16899,0.682347
535.5,0.385268,0.751846,-2.21843,0.68168
535.6,0.42445,0.842365,-2.25496,0.676726
535.7,0.469026,0.943525,-2.2753,0.666454
535.8,0.519529,1.05597,-2.27544,0.649544
535.9,0.576484,1.17997,-2.25054,0.624346
536,0.64037,1.31522,-2.19497,0.588911
536.1,0.711546,1.4605,-2.10239,0.541204
536.2,0.790165,1.61332,-1.96613,0.479724
536.3,0.876048,1.76948,-1.77986,0.40476
536.4,0.968535,1.92268,-1.53865,0.40476
536.5,1.06631,2.06425,-1.24054,0.40476
536.6,1.16726,2.18328,-0.888373,0.40476
536.7,1.26835,2.26736,-0.491572,0.40476
536.8,1.36561,2.304,-0.0670953,0.40476
536.9,1.45438,2.28282,0.361248,0.40476
537,1.52962,2.19795,0.765661,0.40476
537.1,1.58654,2.04997,1.11911,0.40476
537.2,1.62119,1.84651,1.40063,0.40476
537.3,1.63103,1.60111,1.59926,0.40476
537.4,1.61523,1.33071,1.71516,0.40476
537.5,1.5747,1.05254,1.7578,0.40476
537.6,1.51179,0.781512,1.7423,0.40476
537.7,1.42989,0.528736,1.6855,0.40476
537.8,1.33291,0.301139,1.60296,0.40476
537.9,1.22486,0.101969,1.50726,0.40476
538,1.10954,-0.068305,1.40752,0.40476
538.1,0.990335,-0.211039,1.30971,0.40476
538.2,0.870133,-0.328611,1.21721,0.40476
538.3,0.751286,-0.423833,1.13157,0.40476
538.4,0.635651,-0.499581,1.05307,0.40476
538.5,0.524643,-0.558583,0.981232,0.40476
538.6,0.419292,-0.603323,0.915127,0.40476
538.7,0.320308,-0.636017,0.853649,0.40476
538.8,0.228136,-0.658621,0.795654,0.40476
538.9,0.143001,-0.672861,0.740061,0.40476
539,0.0649544,-0.680267,0.685905,0.40476
539.1,-0.00609468,-0.682201,0.632368,0.40476
539.2,-0.0703516,-0.679881,0.578791,0.40476
539.3,-0.128112,-0.674402,0.524673,0.40476
539.4,-0.179742,-0.666747,0.46966,0.40476
539.5,-0.22566,-0.657795,0.413531,0.40476
539.6,-0.266327,-0.648329,0.356182,0.40476
539.7,-0.302226,-0.639038,0.297611,-0.266976
539.8,-0.333858,-0.630527,0.237895,-0.19641
539.9,-0.361728,-0.623314,0.177182,-0.136428
540,-0.386341,-0.617844,0.115674,-0.0838166
540.1,-0.408191,-0.614489,0.053617,-0.0367905
540.2,-0.427758,-0.61356,-0.00870651,0.00568299
540.3,-0.445502,-0.61531,-0.070982,0.044226
540.4,-0.461862,-0.619946,-0.132866,0.0792258
540.5,-0.477253,-0.627633,-0.193987,0.110932
540.6,-0.492063,-0.638501,-0.253942,0.139508
540.7,-0.506657,-0.652654,-0.3123,0.16506
540.8,-0.521371,-0.670169,-0.368588,0.187653
540.9,-0.536516,-0.691103,-0.422297,0.207318
541,-0.552379,-0.715491,-0.47287,0.224053
541.1,-0.569221,-0.743343,-0.5197,0.237829
541.2,-0.587278,-0.774645,-0.562128,0.248592
541.3,-0.606761,-0.809345,-0.599437,0.256262
541.4,-0.627852,-0.847347,-0.630854,0.260745
541.5,-0.650706,-0.888499,-0.655555,0.261931
541.6,-0.675445,-0.932572,-0.672673,0.259719
541.7,-0.702152,-0.979245,-0.681317,0.254023
541.8,-0.730869,-1.02808,-0.680595,0.244795
541.9,-0.761582,-1.07852,-0.669652,0.232065
542,-0.79422,-1.12981,-0.647721,0.215954
542.1,-0.82864,-1.18107,-0.614184,0.215954
542.2,-0.864617,-1.23121,-0.568651,0.215954
542.3,-0.901837,-1.27895,-0.511046,0.215954
542.4,-0.939885,-1.32288,-0.441692,0.215954
542.5,-0.978247,-1.36145,-0.3614,0.215954
542.6,-1.0163,-1.39306,-0.271531,0.215954
542.7,-1.05335,-1.41614,-0.17402,0.215954
542.8,-1.08859,-1.42928,-0.0713566,0.215954
542.9,-1.1212,-1.43135,0.0334995,0.215954
543,-1.15034,-1.4216,0.13727,0.215954
543.1,-1.1752,-1.39978,0.236562,0.215954
543.2,-1.19503,-1.3662,0.3281,0.215954
543.3,-1.20925,-1.32175,0.408973,0.215954
543.4,-1.21742,-1.26784,0.476833,0.215954
543.5,-1.21929,-1.20632,0.530037,0.215954
543.6,-1.21485,-1.13933,0.567712,0.215954
543.7,-1.20429,-1.06915,0.589726,0.215954
543.8,-1.18799,-0.998027,0.596596,0.215954
543.9,-1.16651,-0.928062,0.589349,0.215954
544,-1.14055,-0.861093,0.569356,0.215954
544.1,-1.11089,-0.798634,0.538185,0.215954
544.2,-1.07838,-0.74185,0.49746,0.215954
544.3,-1.04387,-0.691563,0.448766,0.215954
544.4,-1.00819,-0.648281,0.393582,0.215954
544.5,-0.97214,-0.612241,0.333239,0.215954
544.6,-0.936442,-0.583465,0.268917,0.215954
544.7,-0.901749,-0.561805,0.201645,0.215954
544.8,-0.868629,-0.546995,0.132321,0.215954
544.9,-0.83757,-0.538695,0.0617322,0.215954
545,-0.808976,-0.536523,-0.00941851,0.00500829
545.1,-0.783177,-0.540088,-0.0804908,0.0424944
545.2,-0.760435,-0.549007,-0.150884,0.0782601
545.3,-0.74095,-0.562922,-0.220017,0.111565
545.4,-0.724871,-0.58151,-0.287315,0.141936
545.5,-0.712306,-0.604487,-0.352187,0.169113
545.6,-0.703326,-0.631607,-0.414025,0.192953
545.7,-0.697973,-0.662661,-0.47218,0.213382
545.8,-0.696267,-0.697463,-0.525963,0.230346
545.9,-0.69821,-0.735848,-0.574633,0.2438
546,-0.703787,-0.77765,-0.617393,0.253679
546.1,-0.71297,-0.822686,-0.653391,0.259904
546.2,-0.725712,-0.870738,-0.681721,0.262388
546.3,-0.74195,-0.921526,-0.701432,0.261043
546.4,-0.761593,-0.974683,-0.711553,0.255802
546.5,-0.784521,-1.02973,-0.711113,0.24664
546.6,-0.810572,-1.08602,-0.699192,0.233612
546.7,-0.83953,-1.14278,-0.674976,0.233612
546.8,-0.871116,-1.19899,-0.637832,0.233612
546.9,-0.904972,-1.25347,-0.587394,0.233612
547,-0.94065,-1.30481,-0.52367,0.233612
547.1,-0.977604,-1.35144,-0.447138,0.233612
547.2,-1.01518,-1.39165,-0.358845,0.233612
547.3,-1.05263,-1.42372,-0.260467,0.233612
547.4,-1.0891,-1.44595,-0.154334,0.233612
547.5,-1.12369,-1.45689,-0.0433813,0.233612
547.6,-1.15542,-1.4554,0.0689664,0.233612
547.7,-1.18337,-1.44083,0.178991,0.233612
547.8,-1.20663,-1.41312,0.282932,0.233612
547.9,-1.22443,-1.37285,0.377266,0.233612
548,-1.23614,-1.32124,0.458979,0.233612
548.1,-1.24135,-1.26005,0.52577,0.233612
548.2,-1.23986,-1.19149,0.576187,0.233612
548.3,-1.23173,-1.11802,0.609648,0.233612
548.4,-1.21725,-1.04214,0.626374,0.233612
548.5,-1.19691,-0.9663,0.627249,0.233612
548.6,-1.17138,-0.892668,0.613639,0.233612
548.7,-1.14145,-0.823093,0.587205,0.233612
548.8,-1.10801,-0.759036,0.549737,0.233612
548.9,-1.07196,-0.701562,0.503013,0.233612
549,-1.03423,-0.651368,0.44871,0.233612
549.1,-0.995672,-0.608823,0.388346,0.233612
549.2,-0.957114,-0.57403,0.323258,0.233612
549.3,-0.919286,-0.546879,0.254605,0.233612
549.4,-0.882833,-0.527112,0.18338,0.233612
549.5,-0.848311,-0.514368,0.110439,0.233612
549.6,-0.816185,-0.50823,0.036528,-0.0202027
549.7,-0.786833,-0.508258,-0.0376912,0.0206735
549.8,-0.760558,-0.51402,-0.111612,0.0602165
549.9,-0.737593,-0.525105,-0.18466,0.0974013
550,-0.71811,-0.541144,-0.256279,0.1316
550.1,-0.702233,-0.561812,-0.325903,0.16249
550.2,-0.690047,-0.586832,-0.392954,0.189906
550.3,-0.681603,-0.615974,-0.456819,0.213795
550.4,-0.676927,-0.649049,-0.516843,0.234136
550.5,-0.676027,-0.685899,-0.572321,0.25091
550.6,-0.678897,-0.726385,-0.622485,0.264082
550.7,-0.685517,-0.770373,-0.666505,0.27359
550.8,-0.695856,-0.81771,-0.703479,0.279346
550.9,-0.70987,-0.868204,-0.732443,0.281244
551,-0.727499,-0.921598,-0.752376,0.279173
551.1,-0.748657,-0.977537,-0.762219,0.273031
551.2,-0.77323,-1.03554,-0.760908,0.262772
551.3,-0.801058,-1.09496,-0.747421,0.248425
551.4,-0.831929,-1.15497,-0.720837,0.23015
551.5,-0.86556,-1.21451,-0.680425,0.23015
551.6,-0.901582,-1.27229,-0.625741,0.23015
551.7,-0.939529,-1.3268,-0.556745,0.23015
551.8,-0.978824,-1.3763,-0.473922,0.23015
551.9,-1.01877,-1.41894,-0.37839,0.23015
552,-1.05857,-1.45276,-0.271981,0.23015
552.1,-1.09729,-1.47592,-0.157265,0.23015
552.2,-1.13395,-1.48678,-0.0375013,0.23015
552.3,-1.16751,-1.48409,0.0834988,0.23015
552.4,-1.19693,-1.46716,0.201603,0.23015
552.5,-1.22125,-1.43594,0.312651,0.23015
552.6,-1.23962,-1.39115,0.412786,0.23015
552.7,-1.25137,-1.33419,0.498755,0.23015
552.8,-1.25608,-1.26709,0.568153,0.23015
552.9,-1.25356,-1.19234,0.619549,0.23015
553,-1.24391,-1.1127,0.6525,0.23015
553.1,-1.22747,-1.03093,0.667447,0.23015
553.2,-1.20482,-0.949678,0.665544,0.23015
553.3,-1.17672,-0.871272,0.648432,0.23015
553.4,-1.14405,-0.797644,0.618032,0.23015
553.5,-1.10777,-0.730282,0.576346,0.23015
553.6,-1.06888,-0.67023,0.525322,0.23015
553.7,-1.02836,-0.618132,0.466754,0.23015
553.8,-0.987134,-0.574279,0.402234,0.23015
553.9,-0.946059,-0.538685,0.333136,0.23015
554,-0.905897,-0.511151,0.260627,0.23015
554.1,-0.867314,-0.49133,0.185692,0.23015
554.2,-0.830871,-0.478783,0.109164,-0.0630647
554.3,-0.797035,-0.473024,0.0317609,-0.0183181
554.4,-0.766179,-0.473556,-0.0458864,0.0261274
554.5,-0.738595,-0.479901,-0.123203,0.068681
554.6,-0.714503,-0.491616,-0.199648,0.108337
554.7,-0.694062,-0.508309,-0.274689,0.144559
554.8,-0.677382,-0.529644,-0.347791,0.177118
554.9,-0.664532,-0.555343,-0.418394,0.20596
555,-0.655553,-0.585186,-0.485905,0.231106
555.1,-0.650461,-0.619001,-0.549682,0.252593
555.2,-0.649259,-0.656658,-0.609028,0.270441
555.3,-0.651936,-0.698053,-0.663175,0.28464
555.4,-0.658475,-0.743097,-0.711278,0.295137
555.5,-0.668851,-0.791688,-0.752414,0.301839
555.6,-0.68303,-0.843695,-0.785575,0.30462
555.7,-0.700966,-0.898925,-0.809676,0.303333
555.8,-0.722597,-0.957092,-0.823571,0.297831
555.9,-0.74783,-1.01778,-0.826074,0.287998
556,-0.776537,-1.08042,-0.816007,0.273788
556.1,-0.808536,-1.14422,-0.792261,0.255278
556.2,-0.843576,-1.20815,-0.753877,0.255278
556.3,-0.881322,-1.27093,-0.700159,0.255278
556.4,-0.921332,-1.331,-0.630801,0.255278
556.5,-0.963047,-1.38652,-0.546027,0.255278
556.6,-1.00577,-1.43546,-0.446739,0.255278
556.7,-1.04869,-1.47565,-0.334622,0.255278
556.8,-1.09083,-1.50494,-0.21222,0.255278
556.9,-1.13114,-1.52134,-0.0829116,0.255278
557,-1.16848,-1.52324,0.0492093,0.255278
557.1,-1.20171,-1.5096,0.179565,0.255278
557.2,-1.22971,-1.48011,0.303425,0.255278
557.3,-1.25149,-1.4353,0.416292,0.255278
557.4,-1.26624,-1.37651,0.514282,0.255278
557.5,-1.2734,-1.30587,0.59444,0.255278
557.6,-1.27269,-1.22609,0.654926,0.255278
557.7,-1.26414,-1.14022,0.695062,0.255278
557.8,-1.24806,-1.0514,0.715233,0.255278
557.9,-1.22504,-0.962646,0.716684,0.255278
558,-1.19588,-0.876631,0.701259,0.255278
558.1,-1.16153,-0.79558,0.671138,0.255278
558.2,-1.12305,-0.721206,0.628607,0.255278
558.3,-1.08153,-0.654706,0.575877,0.255278
558.4,-1.03804,-0.596811,0.514971,0.255278
558.5,-0.993609,-0.547843,0.447661,0.255278
558.6,-0.949182,-0.507805,0.375456,0.255278
558.7,-0.905595,-0.476455,0.299614,0.255278
558.8,-0.863577,-0.453382,0.221171,0.255278
558.9,-0.823742,-0.438072,0.140985,-0.0863592
559,-0.786594,-0.429963,0.0597725,-0.036544
559.1,-0.752534,-0.42848,-0.0218498,0.0131576
559.2,-0.721872,-0.433074,-0.103334,0.0607081
559.3,-0.694839,-0.44324,-0.184174,0.104901
559.4,-0.671597,-0.458531,-0.26388,0.145175
559.5,-0.652254,-0.47857,-0.341958,0.18137
559.6,-0.636876,-0.503049,-0.417899,0.213528
559.7,-0.625495,-0.531732,-0.491158,0.241768
559.8,-0.618124,-0.564445,-0.561145,0.266216
559.9,-0.614757,-0.601073,-0.627211,0.286965
560,-0.615382,-0.641544,-0.688634,0.304058
560.1,-0.619983,-0.685817,-0.744613,0.317482
560.2,-0.628542,-0.733864,-0.794251,0.327168
560.3,-0.641041,-0.785644,-0.836553,0.332993
560.4,-0.657455,-0.841082,-0.87042,0.334789
560.5,-0.677754,-0.900033,-0.894654,0.332355
560.6,-0.701891,-0.962248,-0.907967,0.325482
560.7,-0.729795,-1.02733,-0.909014,0.313989
560.8,-0.761353,-1.09469,-0.896436,0.297772
560.9,-0.796396,-1.16351,-0.868927,0.276863
561,-0.83468,-1.23268,-0.825338,0.251503
561.1,-0.875863,-1.30076,-0.764801,0.251503
561.2,-0.919484,-1.36601,-0.68689,0.251503
561.3,-0.964942,-1.42633,-0.591789,0.251503
561.4,-1.01148,-1.4794,-0.480478,0.251503
561.5,-1.05819,-1.52268,-0.354874,0.251503
561.6,-1.104,-1.55368,-0.217919,0.251503
561.7,-1.14771,-1.57009,-0.0735604,0.251503
561.8,-1.18804,-1.57005,0.0734014,0.251503
561.9,-1.22368,-1.5524,0.217613,0.251503
562,-1.25339,-1.51686,0.353586,0.251503
562.1,-1.27604,-1.46418,0.476184,0.251503
562.2,-1.29076,-1.39608,0.581089,0.251503
562.3,-1.29696,-1.31516,0.665169,0.251503
562.4,-1.29438,-1.2247,0.726675,0.251503
562.5,-1.28312,-1.12827,0.765245,0.251503
562.6,-1.26361,-1.0295,0.781736,0.251503
562.7,-1.23658,-0.931768,0.777938,0.251503
562.8,-1.203,-0.837986,0.756235,0.251503
562.9,-1.16397,-0.750494,0.719284,0.251503
563,-1.12071,-0.671011,0.669751,0.251503
563.1,-1.07444,-0.600655,0.61012,0.251503
563.2,-1.02634,-0.540023,0.542585,0.251503
563.3,-0.977526,-0.489271,0.469009,0.251503
563.4,-0.929001,-0.448224,0.390921,0.251503
563.5,-0.881641,-0.416468,0.309556,0.251503
563.6,-0.836193,-0.393433,0.225903,0.251503
563.7,-0.793274,-0.378462,0.14075,-0.0939331
563.8,-0.753376,-0.370874,0.0547446,-0.0361026
563.9,-0.716883,-0.369996,-0.0315727,0.02029
564,-0.684078,-0.375201,-0.117725,0.0730708
564.1,-0.655162,-0.385927,-0.203275,0.121254
564.2,-0.630265,-0.401689,-0.287796,0.164607
564.3,-0.609465,-0.422085,-0.370858,0.203272
564.4,-0.592796,-0.446803,-0.452009,0.237536
564.5,-0.580264,-0.475612,-0.530762,0.26768
564.6,-0.571859,-0.508362,-0.606579,0.293955
564.7,-0.567557,-0.544972,-0.678864,0.316534
564.8,-0.567334,-0.585423,-0.746942,0.335521
564.9,-0.571168,-0.62974,-0.810049,0.350938
565,-0.579044,-0.677979,-0.86732,0.362737
565.1,-0.590954,-0.730204,-0.91777,0.370797
565.2,-0.606894,-0.786461,-0.960288,0.374932
565.3,-0.626867,-0.846751,-0.993628,0.374899
565.4,-0.650869,-0.910989,-1.01641,0.370409
565.5,-0.678882,-0.978964,-1.02713,0.361158
565.6,-0.710864,-1.05028,-1.02419,0.346863
565.7,-0.746727,-1.12432,-1.00597,0.327329
565.8,-0.786319,-1.20016,-0.970861,0.302547
565.9,-0.829397,-1.27651,-0.91746,0.272771
566,-0.8756,-1.35172,-0.844677,0.272771
566.1,-0.924424,-1.42366,-0.751963,0.272771
566.2,-0.975191,-1.48984,-0.63954,0.272771
566.3,-1.02703,-1.5474,-0.508635,0.272771
566.4,-1.07888,-1.59329,-0.361674,0.272771
566.5,-1.12946,-1.62446,-0.202385,0.272771
566.6,-1.17738,-1.63817,-0.0357574,0.272771
566.7,-1.22111,-1.63231,0.132199,0.272771
566.8,-1.25912,-1.60567,0.294884,0.272771
566.9,-1.28996,-1.55825,0.445701,0.272771
567,-1.3124,-1.49132,0.578706,0.272771
567.1,-1.32549,-1.40738,0.689198,0.272771
567.2,-1.32866,-1.30992,0.774131,0.272771
567.3,-1.32177,-1.20312,0.83226,0.272771
567.4,-1.30509,-1.09138,0.864035,0.272771
567.5,-1.27931,-0.978947,0.871274,0.272771
567.6,-1.2454,-0.869609,0.856729,0.272771
567.7,-1.20459,-0.76646,0.823633,0.272771
567.8,-1.15824,-0.671824,0.775312,0.272771
567.9,-1.10778,-0.587257,0.714892,0.272771
568,-1.05459,-0.513619,0.645133,0.272771
568.1,-1,-0.451199,0.568348,0.272771
568.2,-0.945206,-0.399835,0.486399,0.272771
568.3,-0.891253,-0.359047,0.400746,0.272771
568.4,-0.839037,-0.328147,0.312505,0.272771
568.5,-0.789295,-0.306326,0.222527,-0.170891
568.6,-0.742615,-0.292733,0.131462,-0.0996942
568.7,-0.699448,-0.286526,0.0398169,-0.0291931
568.8,-0.660122,-0.286909,-0.0519921,0.0364049
568.9,-0.624865,-0.293165,-0.143606,0.0954915
569,-0.593816,-0.304664,-0.234695,0.14798
569.1,-0.567049,-0.32088,-0.324934,0.194407
569.2,-0.544582,-0.341391,-0.413988,0.235462
569.3,-0.5264,-0.365881,-0.5015,0.271781
569.4,-0.512462,-0.394133,-0.587076,0.303884
569.5,-0.502716,-0.426027,-0.670275,0.332168
569.6,-0.497107,-0.461527,-0.750598,0.356909
569.7,-0.495585,-0.500678,-0.827469,0.378282
569.8,-0.498116,-0.54359,-0.900224,0.396366
569.9,-0.504677,-0.590423,-0.968094,0.411155
570,-0.515268,-0.641374,-1.03018,0.42256
570.1,-0.529907,-0.696658,-1.08545,0.43041
570.2,-0.548633,-0.756475,-1.13268,0.434455
570.3,-0.571495,-0.820986,-1.1705,0.434363
570.4,-0.59855,-0.89027,-1.19732,0.42973
570.5,-0.629854,-0.964272,-1.21136,0.420103
570.6,-0.66544,-1.04274,-1.21068,0.404977
570.7,-0.705305,-1.12518,-1.19319,0.383945
570.8,-0.749378,-1.2107,-1.15677,0.356717
570.9,-0.797496,-1.29804,-1.09939,0.323326
571,-0.849361,-1.38536,-1.01928,0.323326
571.1,-0.904506,-1.47029,-0.915265,0.323326
571.2,-0.962252,-1.54984,-0.787005,0.323326
571.3,-1.02167,-1.62049,-0.635402,0.323326
571.4,-1.08157,-1.67833,-0.462911,0.323326
571.5,-1.14049,-1.71929,-0.273768,0.323326
571.6,-1.19673,-1.73959,-0.074022,0.323326
571.7,-1.24842,-1.73615,0.128721,0.323326
571.8,-1.29364,-1.70706,0.32587,0.323326
571.9,-1.33052,-1.65202,0.508698,0.323326
572,-1.35745,-1.57248,0.669311,0.323326
572.1,-1.37319,-1.47164,0.80155,0.323326
572.2,-1.37698,-1.35407,0.901612,0.323326
572.3,-1.36863,-1.22525,0.968252,0.323326
572.4,-1.34851,-1.09093,1.00257,0.323326
572.5,-1.31748,-0.956569,1.00749,0.323326
572.6,-1.27681,-0.826878,0.987043,0.323326
572.7,-1.22805,-0.705575,0.94575,0.323326
572.8,-1.1729,-0.595293,0.888028,0.323326
572.9,-1.1131,-0.497638,0.81785,0.323326
573,-1.05035,-0.413334,0.738554,0.323326
573.1,-0.986192,-0.3424,0.652791,0.323326
573.2,-0.92202,-0.284347,0.562574,0.323326
573.3,-0.85902,-0.238339,0.469372,0.323326
573.4,-0.798178,-0.203339,0.374221,0.323326
573.5,-0.740283,-0.178216,0.277836,-0.290969
573.6,-0.685938,-0.161827,0.180706,-0.179188
573.7,-0.635582,-0.153071,0.0831669,-0.0759747
573.8,-0.589513,-0.150933,-0.0145381,0.0121628
573.9,-0.547907,-0.154501,-0.112219,0.0862748
574,-0.510844,-0.162987,-0.209711,0.149101
574.1,-0.478326,-0.175727,-0.306852,0.203124
574.2,-0.450298,-0.192185,-0.403477,0.250231
574.3,-0.426667,-0.211947,-0.499401,0.291793
574.4,-0.407312,-0.234722,-0.59442,0.328794
574.5,-0.392105,-0.260328,-0.688299,0.361938
574.6,-0.380915,-0.28869,-0.780769,0.391727
574.7,-0.373622,-0.319832,-0.871518,0.418513
574.8,-0.370126,-0.353866,-0.960178,0.442535
574.9,-0.370349,-0.390988,-1.04632,0.46394
575,-0.374244,-0.431469,-1.12942,0.482796
575.1,-0.381796,-0.475646,-1.20886,0.499098
575.2,-0.393028,-0.523916,-1.2839,0.512769
575.3,-0.408,-0.576721,-1.35363,0.523656
575.4,-0.426811,-0.634534,-1.41698,0.531524
575.5,-0.449595,-0.697838,-1.47263,0.536047
575.6,-0.47652,-0.7671,-1.51901,0.536792
575.7,-0.507779,-0.842728,-1.55426,0.533209
575.8,-0.543581,-0.925018,-1.57618,0.524619
575.9,-0.584134,-1.01408,-1.58222,0.510222
576,-0.629626,-1.10975,-1.56949,0.489125
576.1,-0.680191,-1.21145,-1.53482,0.460434
576.2,-0.735872,-1.31806,-1.47485,0.423449
576.3,-0.796566,-1.42777,-1.3863,0.377987
576.4,-0.861969,-1.53786,-1.2663,0.377987
576.5,-0.931498,-1.64466,-1.11284,0.377987
576.6,-1.00423,-1.74344,-0.92548,0.377987
576.7,-1.07882,-1.82852,-0.705948,0.377987
576.8,-1.1535,-1.8936,-0.458837,0.377987
576.9,-1.22603,-1.93231,-0.191947,0.377987
577,-1.29384,-1.93899,0.0838385,0.377987
577.1,-1.35411,-1.90964,0.355343,0.377987
577.2,-1.40404,-1.84274,0.608559,0.377987
577.3,-1.44108,-1.73978,0.830533,0.377987
577.4,-1.46322,-1.60536,1.01122,0.377987
577.5,-1.46923,-1.44655,1.1448,0.377987
577.6,-1.45871,-1.27198,1.23007,0.377987
577.7,-1.43219,-1.09063,1.26994,0.377987
577.8,-1.39094,-0.910771,1.27026,0.377987
577.9,-1.33686,-0.739232,1.23842,0.377987
578,-1.27222,-0.581001,1.18204,0.377987
578.1,-1.19944,-0.439232,1.10808,0.377987
578.2,-1.12096,-0.31546,1.02233,0.377987
578.3,-1.03906,-0.209941,0.929244,0.377987
578.4,-0.955773,-0.122011,0.832016,0.377987
578.5,-0.872843,-0.0504047,0.73278,0.377987
578.6,-0.791716,0.00648002,0.63285,0.377987
578.7,-0.713538,0.0503976,0.532953,0.377987
578.8,-0.639175,0.0831206,0.433419,0.377987
578.9,-0.569247,0.106355,0.334335,0.377987
579,-0.504156,0.121691,0.235651,0.377987
579.1,-0.444123,0.130572,0.137254,-0.24289
579.2,-0.389218,0.134285,0.0390184,-0.0473222
579.3,-0.339388,0.133959,-0.0591748,0.0589235
579.4,-0.294486,0.130568,-0.15742,0.136207
579.5,-0.254294,0.124941,-0.255783,0.198171
579.6,-0.218542,0.117769,-0.354308,0.250505
579.7,-0.186926,0.109625,-0.453013,0.296171
579.8,-0.159122,0.10097,-0.551903,0.336906
579.9,-0.134797,0.0921684,-0.65097,0.373815
580,-0.113619,0.0835016,-0.750198,0.407643
580.1,-0.0952668,0.0751805,-0.849569,0.438917
580.2,-0.0794295,0.0673561,-0.949061,0.468027
580.3,-0.0658156,0.0601308,-1.04865,0.49527
580.4,-0.0541531,0.053568,-1.14833,0.520879
580.5,-0.0441915,0.0477002,-1.24808,0.545043
580.6,-0.0357022,0.0425371,-1.34787,0.567919
580.7,-0.0284783,0.0380711,-1.44771,0.589636
580.8,-0.0223337,0.0342837,-1.54758,0.610309
580.9,-0.0171026,0.0311492,-1.64747,0.630031
581,-0.0126371,0.0286387,-1.74738,0.648887
581.1,-0.00880643,0.0267235,-1.84731,0.666951
581.2,-0.00549487,0.0253769,-1.94724,0.684286
581.3,-0.00259998,0.0245771,-2.04718,0.700949
581.4,-3.09064e-05,0.0243083,-2.14712,0.716992
581.5,0.00229344,0.0245626,-2.24706,0.732459
581.6,0.0044461,0.0253411,-2.347,0.747391
581.7,0.00649378,0.0266554,-2.44693,0.761822
581.8,0.00849848,0.028529,-2.54685,0.775787
581.9,0.0105192,0.030999,-2.64676,0.789313
582,0.0126136,0.0341175,-2.74666,0.802427
582.1,0.0148395,0.0379544,-2.84653,0.815151
582.2,0.0172571,0.0425994,-2.94637,0.827506
582.3,0.0199302,0.0481655,-3.04616,0.83951
582.4,0.0229287,0.0547933,-3.1459,0.851178
582.5,0.0263307,0.0626552,-3.24555,0.862523
582.6,0.0302253,0.0719622,-3.3451,0.873553
582.7,0.0347149,0.0829704,-3.4445,0.884275
582.8,0.0399196,0.0959911,-3.5437,0.894691
582.9,0.0459803,0.111401,-3.64263,0.904797
583,0.0530643,0.129656,-3.74118,0.914581
583.1,0.061371,0.151307,-3.83921,0.924024
583.2,0.0711383,0.177023,-3.93653,0.933094
583.3,0.0826519,0.20761,-4.03284,0.941739
583.4,0.096255,0.244044,-4.12775,0.949885
583.5,0.11236,0.287504,-4.2207,0.957421
583.6,0.131465,0.33941,-4.3109,0.964189
583.7,0.154168,0.401472,-4.39722,0.96996
583.8,0.181188,0.475734,-4.47803,0.974402
583.9,0.213391,0.564623,-4.55105,0.977035
584,0.25181,0.670987,-4.61298,0.977162
584.1,0.29767,0.798105,-4.65916,0.973766
584.2,0.352415,0.94964,-4.68299,0.965345
584.3,0.417708,1.12948,-4.67518,0.949671
584.4,0.495425,1.34139,-4.62287,0.923397
584.5,0.587587,1.58827,-4.50866,0.881481
584.6,0.696213,1.87101,-4.30984,0.816436
584.7,0.823034,2.18639,-3.99844,0.718157
584.8,0.969006,2.5243,-3.54329,0.57814
584.9,1.13355,2.86409,-2.91589,0.57814
585,1.31353,3.17145,-2.10168,0.57814
585.1,1.50216,3.39813,-1.11632,0.57814
585.2,1.68824,3.48804,-0.021313,0.57814
585.3,1.85649,3.39213,1.07389,0.57814
585.4,1.98956,3.08832,2.03575,0.57814
585.5,2.07161,2.59567,2.75336,0.57814
585.6,2.09203,1.97124,3.18167,0.57814
585.7,2.04772,1.28952,3.35192,0.57814
585.8,1.94277,0.617592,3.34604,0.57814
585.9,1.78624,-8.15685e-05,3.25841,0.57814
586,1.58936,-0.543109,3.1686,0.57814
586.1,1.36333,-1.00797,3.13154,0.57814
586.2,1.1182,-1.39878,3.17906,0.57814
586.3,0.862599,-1.71989,3.32486,0.57814
586.4,0.604106,-1.97153,3.56825,0.57814
586.5,0.349822,-2.1483,3.89556,0.57814
586.6,0.106926,-2.24029,4.28044,0.57814
586.7,-0.117053,-2.23641,4.68523,0.57814
586.8,-0.314384,-2.12929,5.06563,0.57814
586.9,-0.477753,-1.92011,5.37925,0.57814
587,-0.601194,-1.62144,5.59591,0.57814
587.1,-0.68104,-1.25643,5.70533,0.57814
587.2,-0.716529,-0.854705,5.71848,0.57814
587.3,-0.709876,-0.446646,5.66212,0.57814
587.4,-0.665807,-0.0586053,5.56963,0.57814
587.5,-0.590805,0.289548,5.47206,0.57814
587.6,-0.492298,0.584567,5.39232,0.57814
587.7,-0.377996,0.818596,5.34274,0.57814
587.8,-0.255423,0.987675,5.32554,0.57814
587.9,-0.131621,1.09069,5.33476,0.57814
588,-0.01295,1.12895,5.35912,0.57814
588.1,0.0950808,1.10628,5.38512,0.57814
588.2,0.187978,1.02916,5.40007,0.57814
588.3,0.26242,0.906686,5.39453,0.57814
588.4,0.316374,0.750021,5.36374,0.57814
588.5,0.349128,0.571481,5.30784,0.57814
588.6,0.361218,0.383401,5.23096,0.57814
588.7,0.354261,0.197089,5.13964,0.57814
588.8,0.330716,0.0220767,5.04107,0.57814
588.9,0.293611,-0.134257,4.94161,0.57814
589,0.246281,-0.266734,4.84586,0.57814
589.1,0.192137,-0.372211,4.75631,0.57814
589.2,0.134476,-0.449316,4.67343,0.57814
589.3,0.0763373,-0.498166,4.59611,0.57814
589.4,0.0203988,-0.520122,4.52226,0.57814
589.5,-0.0310971,-0.517552,4.44938,0.57814
589.6,-0.0763866,-0.493611,4.37511,0.57814
589.7,-0.114203,-0.452022,4.2976,0.57814
589.8,-0.143772,-0.396831,4.21572,0.57814
589.9,-0.164785,-0.33217,4.12909,0.57814
590,-0.177349,-0.262037,4.03797,0.57814
590.1,-0.181929,-0.190095,3.94313,0.57814
590.2,-0.179271,-0.119537,3.84556,0.57814
590.3,-0.170327,-0.0529931,3.74633,0.57814
590.4,-0.15618,0.00750633,3.64641,0.57814
590.5,-0.137975,0.0605214,3.54656,0.57814
590.6,-0.116857,0.105163,3.44727,0.57814
590.7,-0.0939241,0.14103,3.34881,0.57814
590.8,-0.0701855,0.168136,3.25123,0.57814
590.9,-0.0465372,0.186834,3.15441,0.57814
591,-0.0237428,0.197736,3.05813,0.57814
591.1,-0.00242517,0.201648,2.96214,0.57814
591.2,0.0169351,0.199497,2.86618,0.57814
591.3,0.0339951,0.192277,2.77004,0.57814
591.4,0.0485402,0.180998,2.67353,0.57814
591.5,0.0604714,0.166642,2.57656,0.57814
591.6,0.0697897,0.150131,2.47908,0.57814
591.7,0.0765801,0.132302,2.38108,0.57814
591.8,0.080994,0.113889,2.28259,0.57814
591.9,0.0832331,0.0955149,2.18369,0.57814
592,0.0835334,0.0776882,2.08444,0.57814
592.1,0.0821516,0.0608047,1.98493,0.57814
592.2,0.0793525,0.0451555,1.88521,0.57814
592.3,0.0753985,0.0309359,1.78535,0.57814
592.4,0.0705415,0.0182574,1.68541,0.57814
592.5,0.0650167,0.00716043,1.58543,0.57814
592.6,0.0590375,-0.00237294,1.48543,0.57814
592.7,0.0527934,-0.0104066,1.38544,0.57814
592.8,0.0464477,-0.0170387,1.28546,0.57814
592.9,0.0401376,-0.0223917,1.1855,0.57814
593,0.0339749,-0.0266028,1.08556,0.57814
593.1,0.0280474,-0.0298169,0.985636,0.57814
593.2,0.0224204,-0.0321801,0.885733,0.57814
593.3,0.0171393,-0.0338352,0.785842,0.57814
593.4,0.0122321,-0.0349176,0.685961,0.57814
593.5,0.00771137,-0.0355535,0.586085,0.57814
593.6,0.00357725,-0.0358579,0.486213,0.57814
593.7,-0.000180604,-0.0359338,0.386342,0.57814
593.8,-0.00358075,-0.0358724,0.286471,0.57814
593.9,-0.00664812,-0.0357533,0.186599,-0.284877
594,-0.00941229,-0.0356455,0.0867264,-0.10075
594.1,-0.0119061,-0.0356083,-0.0131467,0.0128843
594.2,-0.0141646,-0.0356926,-0.11302,0.0975197
594.3,-0.0162239,-0.0359421,-0.212892,0.16571
594.4,-0.0181205,-0.0363953,-0.312761,0.223142
594.5,-0.019891,-0.0370865,-0.412626,0.272925
594.6,-0.0215716,-0.0380471,-0.512485,0.316961
594.7,-0.0231979,-0.0393075,-0.612336,0.356503
594.8,-0.0248051,-0.0408984,-0.712175,0.392427
594.9,-0.0264281,-0.0428518,-0.812,0.425368
595,-0.0281014,-0.0452026,-0.911806,0.455803
595.1,-0.0298601,-0.0479903,-1.01159,0.484101
595.2,-0.0317395,-0.05126,-1.11134,0.510551
595.3,-0.0337767,-0.0550639,-1.21106,0.535385
595.4,-0.0360103,-0.0594632,-1.31073,0.558792
595.5,-0.0384816,-0.0645298,-1.41035,0.580928
595.6,-0.0412355,-0.0703482,-1.5099,0.60192
595.7,-0.0443214,-0.0770179,-1.60935,0.621878
595.8,-0.0477942,-0.0846562,-1.7087,0.640889
595.9,-0.0517157,-0.0934009,-1.80791,0.659029
596,-0.0561562,-0.103414,-1.90694,0.676361
596.1,-0.061196,-0.114887,-2.00575,0.692934
596.2,-0.0669275,-0.128044,-2.10428,0.708788
596.3,-0.0734576,-0.143149,-2.20244,0.72395
596.4,-0.0809103,-0.160513,-2.30014,0.738438
596.5,-0.0894301,-0.180502,-2.39724,0.752255
596.6,-0.0991853,-0.203546,-2.49356,0.765392
596.7,-0.110373,-0.23015,-2.58886,0.77782
596.8,-0.123224,-0.260908,-2.68285,0.789491
596.9,-0.138007,-0.296519,-2.77509,0.800328
597,-0.15504,-0.337798,-2.86505,0.810218
597.1,-0.174692,-0.385701,-2.95199,0.819
597.2,-0.197397,-0.441333,-3.03492,0.826452
597.3,-0.223661,-0.505973,-3.11253,0.832264
597.4,-0.25407,-0.58108,-3.18304,0.836008
597.5,-0.289305,-0.668292,-3.24409,0.837095
597.6,-0.330144,-0.769409,-3.29251,0.834712
597.7,-0.377469,-0.886336,-3.32409,0.827733
597.8,-0.43226,-1.02097,-3.33329,0.814596
597.9,-0.495575,-1.175,-3.3129,0.793136
598,-0.56851,-1.34957,-3.25374,0.76038
598.1,-0.65212,-1.54473,-3.14449,0.71237
598.2,-0.747277,-1.75868,-2.97176,0.644341
598.3,-0.854472,-1.9867,-2.72096,0.552199
598.4,-0.973505,-2.21988,-2.37809,0.552199
598.5,-1.1031,-2.44396,-1.93318,0.552199
598.6,-1.24044,-2.63864,-1.38529,0.552199
598.7,-1.38081,-2.77855,-0.748379,0.552199
598.8,-1.51738,-2.83644,-0.0556936,0.552199
598.9,-1.64152,-2.78912,0.640848,0.552199
599,-1.7437,-2.62461,1.27913,0.552199
599.1,-1.81496,-2.34766,1.80219,0.552199
599.2,-1.84848,-1.98026,2.17429,0.552199
599.3,-1.84081,-1.55623,2.38959,0.552199
599.4,-1.79227,-1.11234,2.46932,0.552199
599.5,-1.70647,-0.680128,2.45084,0.552199
599.6,-1.58918,-0.281359,2.37495,0.552199
599.7,-1.44723,0.0723905,2.277,0.552199
599.8,-1.28747,0.377549,2.18302,0.552199
599.9,-1.11619,0.635498,2.10962,0.552199
600,-0.938794,0.849857,2.06568,0.552199
600.1,-0.759829,1.02459,2.05436,0.552199
600.2,-0.583047,1.16295,2.0748,0.552199
600.3,-0.411592,1.26705,2.12319,0.552199
600.4,-0.248158,1.33793,2.19359,0.552199
600.5,-0.0951212,1.37598,2.27848,0.552199
600.6,0.045391,1.38138,2.3693,0.552199
600.7,0.171491,1.35481,2.4572,0.552199
600.8,0.281574,1.29783,2.53378,0.552199
600.9,0.374398,1.21329,2.59202,0.552199
601,0.449173,1.10533,2.62693,0.552199
601.1,0.505634,0.979193,2.63596,0.552199
601.2,0.544077,0.840794,2.61906,0.552199
601.3,0.565344,0.696186,2.57834,0.552199
601.4,0.570758,0.551052,2.51738,0.552199
601.5,0.562022,0.410302,2.4406,0.552199
601.6,0.541098,0.277837,2.35253,0.552199
601.7,0.510078,0.156472,2.25732,0.552199
601.8,0.471073,0.0479899,2.15844,0.552199
601.9,0.426119,-0.0467205,2.05852,0.552199
602,0.377105,-0.127491,1.95935,0.552199
602.1,0.325731,-0.194696,1.86202,0.552199
602.2,0.273476,-0.249098,1.76701,0.552199
602.3,0.221596,-0.291714,1.67439,0.552199
602.4,0.171121,-0.323713,1.58392,0.552199
602.5,0.122867,-0.346345,1.4952,0.552199
602.6,0.0774537,-0.360878,1.40775,0.552199
602.7,0.0353198,-0.368562,1.32109,0.552199
602.8,-0.00325339,-0.3706,1.23478,0.552199
602.9,-0.0381227,-0.368123,1.14845,0.552199
603,-0.0692623,-0.362177,1.0618,0.552199
603.1,-0.0967439,-0.353715,0.974623,0.552199
603.2,-0.120718,-0.343585,0.886787,0.552199
603.3,-0.141397,-0.332536,0.798219,0.552199
603.4,-0.159038,-0.32121,0.708905,0.552199
603.5,-0.173932,-0.310153,0.618869,0.552199
603.6,-0.186388,-0.299818,0.528167,0.552199
603.7,-0.196725,-0.290575,0.436875,0.552199
603.8,-0.205264,-0.282716,0.345085,-0.607785
603.9,-0.212319,-0.276475,0.252895,-0.340429
604,-0.218194,-0.272029,0.160408,-0.17915
604.1,-0.22318,-0.269515,0.0677308,-0.0657179
604.2,-0.22755,-0.269037,-0.0250275,0.0216838
604.3,-0.23156,-0.270679,-0.117755,0.0927627
604.4,-0.235451,-0.274513,-0.210334,0.152602
604.5,-0.239444,-0.280607,-0.30264,0.204176
604.6,-0.24375,-0.289031,-0.394539,0.249376
604.7,-0.248564,-0.29987,-0.48588,0.289464
604.8,-0.254072,-0.313222,-0.576494,0.32532
604.9,-0.260453,-0.329209,-0.666189,0.357575
605,-0.267881,-0.347979,-0.754737,0.38668
605.1,-0.27653,-0.36971,-0.841875,0.412961
605.2,-0.286576,-0.394617,-0.927286,0.436643
605.3,-0.2982,-0.422947,-1.01059,0.457871
605.4,-0.311591,-0.454991,-1.09134,0.476718
605.5,-0.326949,-0.491073,-1.16899,0.493189
605.6,-0.344489,-0.531558,-1.24287,0.507225
605.7,-0.364442,-0.576841,-1.31219,0.5187
605.8,-0.387055,-0.627344,-1.37597,0.52741
605.9,-0.412591,-0.683501,-1.43305,0.533071
606,-0.441332,-0.745735,-1.48202,0.535303
606.1,-0.473571,-0.814432,-1.52122,0.533616
606.2,-0.509604,-0.889898,-1.54865,0.527406
606.3,-0.549724,-0.972295,-1.56201,0.515943
606.4,-0.594202,-1.06157,-1.55864,0.498392
606.5,-0.643262,-1.15733,-1.53559,0.473864
606.6,-0.697048,-1.25876,-1.48967,0.441548
606.7,-0.755587,-1.36441,-1.41762,0.400955
606.8,-0.818729,-1.47211,-1.31639,0.352285
606.9,-0.886089,-1.57878,-1.18353,0.352285
607,-0.956979,-1.68033,-1.01769,0.352285
607.1,-1.03034,-1.77173,-0.819332,0.352285
607.2,-1.10469,-1.84712,-0.591307,0.352285
607.3,-1.17811,-1.90028,-0.339415,0.352285
607.4,-1.24829,-1.92522,-0.0725611,0.352285
607.5,-1.31259,-1.91703,0.197635,0.352285
607.6,-1.36826,-1.87276,0.457876,0.352285
607.7,-1.41265,-1.79213,0.694803,0.352285
607.8,-1.44348,-1.67786,0.896841,0.352285
607.9,-1.4591,-1.53547,1.05581,0.352285
608,-1.45861,-1.37254,1.16784,0.352285
608.1,-1.44202,-1.19772,1.23341,0.352285
608.2,-1.41015,-1.01956,1.25657,0.352285
608.3,-1.36451,-0.845609,1.24367,0.352285
608.4,-1.3071,-0.68185,1.20207,0.352285
608.5,-1.24025,-0.532457,1.13895,0.352285
608.6,-1.16634,-0.399889,1.0607,0.352285
608.7,-1.08771,-0.285157,0.972436,0.352285
608.8,-1.00651,-0.188158,0.878047,0.352285
608.9,-0.924627,-0.108014,0.780253,0.352285
609,-0.843672,-0.043358,0.680843,0.352285
609.1,-0.764952,0.00743548,0.580893,0.352285
609.2,-0.68949,0.0460916,0.480982,0.352285
609.3,-0.618049,0.0743222,0.381361,0.352285
609.4,-0.551157,0.0937553,0.282081,0.352285
609.5,-0.489146,0.105894,0.18309,0.352285
609.6,-0.432179,0.112093,0.084288,-0.113753
609.7,-0.380281,0.113553,-0.0144312,0.0153906
609.8,-0.333369,0.111318,-0.113161,0.103127
609.9,-0.291276,0.106282,-0.211973,0.171276
610,-0.253772,0.099198,-0.310914,0.227738
610.1,-0.220585,0.0906889,-0.41001,0.276369
610.2,-0.191414,0.0812595,-0.509269,0.319345
610.3,-0.165944,0.0713096,-0.608686,0.358016
610.4,-0.143858,0.061146,-0.708246,0.39327
610.5,-0.124841,0.0509955,-0.807931,0.425726
610.6,-0.108592,0.0410156,-0.907719,0.455834
610.7,-0.0948274,0.0313056,-1.00759,0.483929
610.8,-0.0832811,0.0219158,-1.10752,0.510276
610.9,-0.0737111,0.0128558,-1.20749,0.535082
611,-0.0658989,0.00410182,-1.30748,0.558519
611.1,-0.0596504,-0.00439781,-1.40748,0.580729
611.2,-0.0547959,-0.0127179,-1.50747,0.601831
611.3,-0.0511903,-0.020953,-1.60744,0.621928
611.4,-0.0487118,-0.029215,-1.70738,0.641107
611.5,-0.0472618,-0.0376322,-1.80726,0.659444
611.6,-0.0467641,-0.0463487,-1.90709,0.677006
611.7,-0.0471642,-0.0555255,-2.00683,0.693848
611.8,-0.0484289,-0.065342,-2.10646,0.710019
611.9,-0.0505464,-0.075999,-2.20596,0.725559
612,-0.0535262,-0.0877226,-2.30529,0.740504
612.1,-0.0573999,-0.100769,-2.40441,0.754878
612.2,-0.0622221,-0.115429,-2.50324,0.768702
612.3,-0.0680721,-0.13204,-2.60171,0.781987
612.4,-0.0750558,-0.150989,-2.69971,0.794733
612.5,-0.0833094,-0.172728,-2.7971,0.806932
612.6,-0.0930021,-0.197784,-2.89367,0.818559
612.7,-0.104342,-0.226774,-2.98917,0.829574
612.8,-0.117581,-0.260425,-3.08325,0.839912
612.9,-0.133021,-0.299588,-3.17542,0.849477
613,-0.151025,-0.345265,-3.26505,0.858134
613.1,-0.172025,-0.398631,-3.35124,0.86569
613.2,-0.196532,-0.461057,-3.4328,0.871875
613.3,-0.225148,-0.53413,-3.50809,0.876313
613.4,-0.258583,-0.619671,-3.57488,0.878478
613.5,-0.297661,-0.71973,-3.63012,0.877634
613.6,-0.343336,-0.836556,-3.66969,0.872747
613.7,-0.396687,-0.972508,-3.68802,0.862358
613.8,-0.458918,-1.12988,-3.67771,0.8444
613.9,-0.53132,-1.31059,-3.62903,0.815945
614,-0.615202,-1.51562,-3.52956,0.772899
614.1,-0.711769,-1.74421,-3.36407,0.709828
614.2,-0.821904,-1.99262,-3.11498,0.620709
614.3,-0.945843,-2.25255,-2.76407,0.502803
614.4,-1.08272,-2.50942,-2.29611,0.502803
614.5,-1.23,-2.74105,-1.70477,0.502803
614.6,-1.38292,-2.91794,-1.00054,0.502803
614.7,-1.53411,-3.00647,-0.217806,0.502803
614.8,-1.67379,-2.97594,0.583499,0.502803
614.9,-1.7907,-2.80812,1.3269,0.502803
615,-1.87388,-2.50548,1.93912,0.502803
615.1,-1.91476,-2.09311,2.37272,0.502803
615.2,-1.90882,-1.61209,2.61927,0.502803
615.3,-1.8562,-1.10768,2.70638,0.502803
615.4,-1.76105,-0.618188,2.68241,0.502803
615.5,-1.63018,-0.169113,2.59927,0.502803
615.6,-1.47154,0.226957,2.50069,0.502803
615.7,-1.29302,0.567034,2.41778,0.502803
615.8,-1.10174,0.853505,2.36953,0.502803
615.9,-0.903834,1.0906,2.36525,0.502803
616,-0.704425,1.28209,2.40718,0.502803
616.1,-0.50788,1.43014,2.49224,0.502803
616.2,-0.318032,1.53508,2.61322,0.502803
616.3,-0.138389,1.59586,2.75949,0.502803
616.4,0.0277459,1.61099,2.91783,0.502803
616.5,0.177262,1.57962,3.07357,0.502803
616.6,0.307346,1.50273,3.21229,0.502803
616.7,0.415661,1.3838,3.32165,0.502803
616.8,0.500562,1.22912,3.39323,0.502803
616.9,0.561273,1.04728,3.42348,0.502803
617,0.59799,0.848267,3.41383,0.502803
617.1,0.611861,0.642317,3.36975,0.502803
617.2,0.604861,0.438796,3.29926,0.502803
617.3,0.579599,0.245472,3.2112,0.502803
617.4,0.53908,0.0681593,3.11387,0.502803
617.5,0.486482,-0.0892659,3.01409,0.502803
617.6,0.424965,-0.224624,2.91677,0.502803
617.7,0.357526,-0.337082,2.82487,0.502803
617.8,0.286907,-0.426807,2.73967,0.502803
617.9,0.215537,-0.494672,2.6611,0.502803
618,0.145504,-0.542038,2.58816,0.502803
618.1,0.0785525,-0.5706,2.51928,0.502803
618.2,0.0160862,-0.582293,2.45266,0.502803
618.3,-0.0408165,-0.579211,2.38652,0.502803
618.4,-0.0913849,-0.563556,2.31928,0.502803
618.5,-0.135134,-0.537571,2.24968,0.502803
618.6,-0.171838,-0.503488,2.17685,0.502803
618.7,-0.201501,-0.463456,2.10028,0.502803
618.8,-0.224326,-0.419489,2.01981,0.502803
618.9,-0.240679,-0.373409,1.93555,0.502803
619,-0.251054,-0.32681,1.84782,0.502803
619.1,-0.256038,-0.281031,1.75707,0.502803
619.2,-0.256275,-0.23715,1.66379,0.502803
619.3,-0.252439,-0.195985,1.56848,0.502803
619.4,-0.245207,-0.158115,1.47162,0.502803
619.5,-0.235234,-0.123902,1.37361,0.502803
619.6,-0.223139,-0.093522,1.27479,0.502803
619.7,-0.209491,-0.0669958,1.17544,0.502803
619.8,-0.1948,-0.0442223,1.07575,0.502803
619.9,-0.179514,-0.0250073,0.975866,0.502803
620,-0.164016,-0.00909058,0.875897,0.502803
620.1,-0.148625,0.00383102,0.775899,0.502803
620.2,-0.133601,0.0140841,0.675908,0.502803
620.3,-0.119147,0.0220027,0.575942,0.502803
620.4,-0.105414,0.0279164,0.476005,0.502803
620.5,-0.0925094,0.0321403,0.376096,0.502803
620.6,-0.0805007,0.0349692,0.276209,0.502803
620.7,-0.0694219,0.0366728,0.176338,-0.263227
620.8,-0.0592799,0.0374937,0.0764764,-0.0876597
620.9,-0.0500587,0.0376463,-0.0233821,0.0226812
621,-0.0417253,0.0373173,-0.123241,0.105431
621.1,-0.0342329,0.036667,-0.223104,0.172368
621.2,-0.0275253,0.0358312,-0.322973,0.2289
621.3,-0.0215399,0.0349235,-0.422848,0.278007
621.4,-0.01621,0.034038,-0.522729,0.32152
621.5,-0.0114674,0.0332521,-0.622616,0.360651
621.6,-0.00724339,0.0326291,-0.722507,0.396247
621.7,-0.00347065,0.0322211,-0.822402,0.428925
621.8,-8.35702e-05,0.0320715,-0.922299,0.45915
621.9,0.00298096,0.0322172,-1.0222,0.487281
622,0.00578337,0.0326915,-1.12209,0.513601
622.1,0.00838138,0.0335254,-1.22198,0.538337
622.2,0.0108302,0.0347506,-1.32187,0.561677
622.3,0.0131828,0.0364004,-1.42174,0.583775
622.4,0.0154906,0.0385124,-1.5216,0.604759
622.5,0.0178038,0.0411301,-1.62144,0.624738
622.6,0.0201725,0.0443045,-1.72126,0.643806
622.7,0.0226473,0.0480967,-1.82105,0.662041
622.8,0.0252802,0.0525794,-1.92079,0.679513
622.9,0.028126,0.05784,-2.02049,0.696278
623,0.0312433,0.063983,-2.12012,0.712389
623.1,0.0346963,0.0711333,-2.21966,0.727888
623.2,0.0385557,0.07944,-2.3191,0.742812
623.3,0.0429014,0.0890807,-2.41839,0.75719
623.4,0.0478239,0.100267,-2.51749,0.771047
623.5,0.0534272,0.113251,-2.61635,0.784398
623.6,0.0598318,0.128333,-2.7149,0.797253
623.7,0.0671778,0.145868,-2.81302,0.809613
623.8,0.0756289,0.166281,-2.91059,0.821469
623.9,0.0853776,0.190076,-3.00742,0.832798
624,0.0966504,0.217852,-3.10327,0.843561
624.1,0.109715,0.25032,-3.1978,0.853698
624.2,0.124886,0.288327,-3.29056,0.863119
624.3,0.142538,0.332871,-3.38094,0.871695
624.4,0.163112,0.385136,-3.46808,0.879245
624.5,0.187131,0.446508,-3.55082,0.885512
624.6,0.21521,0.518611,-3.62759,0.890137
624.7,0.248072,0.603314,-3.69618,0.892616
624.8,0.286562,0.702745,-3.75363,0.892241
624.9,0.331658,0.819262,-3.79584,0.88801
625,0.384478,0.95538,-3.81726,0.878505
625.1,0.446276,1.1136,-3.81043,0.861701
625.2,0.51841,1.29611,-3.76549,0.834703
625.3,0.602281,1.50424,-3.66968,0.793412
625.4,0.699212,1.73763,-3.50714,0.732244
625.5,0.81023,1.99293,-3.25926,0.644628
625.6,0.935738,2.26214,-2.9063,0.52652
625.7,1.07504,2.53068,-2.431,0.52652
625.8,1.22571,2.7758,-1.82486,0.52652
625.9,1.38302,2.96654,-1.09675,0.52652
626,1.53943,3.06692,-0.281137,0.52652
626.1,1.68474,3.04327,0.55926,0.52652
626.2,1.80705,2.87477,1.34243,0.52652
626.3,1.89463,2.56285,1.98855,0.52652
626.4,1.93824,2.13371,2.44536,0.52652
626.5,1.93292,1.6313,2.70337,0.52652
626.6,1.87873,1.10421,2.79281,0.52652
626.7,1.78006,0.593396,2.76658,0.52652
626.8,1.6441,0.125731,2.68103,0.52652
626.9,1.47923,-0.2859,2.58316,0.52652
627,1.29372,-0.638796,2.50602,0.52652
627.1,1.09503,-0.935722,2.46944,0.52652
627.2,0.889518,-1.18105,2.48284,0.52652
627.3,0.682563,-1.37831,2.54792,0.52652
627.4,0.478787,-1.52901,2.66055,0.52652
627.5,0.282329,-1.63257,2.8118,0.52652
627.6,0.0970713,-1.68697,2.9887,0.52652
627.7,-0.0732615,-1.68995,3.17527,0.52652
627.8,-0.225129,-1.64044,3.35403,0.52652
627.9,-0.355343,-1.53995,3.50829,0.52652
628,-0.461318,-1.39332,3.62462,0.52652
628.1,-0.541344,-1.20879,3.69489,0.52652
628.2,-0.594792,-0.997207,3.71731,0.52652
628.3,-0.622198,-0.770675,3.69601,0.52652
628.4,-0.6252,-0.541052,3.63944,0.52652
628.5,-0.606344,-0.318724,3.55824,0.52652
628.6,-0.568818,-0.111873,3.46317,0.52652
628.7,-0.51617,0.0737234,3.36349,0.52652
628.8,-0.452051,0.234496,3.26614,0.52652
628.9,-0.380012,0.368685,3.17553,0.52652
629,-0.303365,0.475897,3.09364,0.52652
629.1,-0.225094,0.55671,3.02058,0.52652
629.2,-0.147809,0.612396,2.95501,0.52652
629.3,-0.0737248,0.644726,2.89476,0.52652
629.4,-0.00465819,0.655852,2.83727,0.52652
629.5,0.0579673,0.648231,2.77998,0.52652
629.6,0.113109,0.62455,2.72064,0.52652
629.7,0.160087,0.587649,2.6575,0.52652
629.8,0.198561,0.54043,2.58942,0.52652
629.9,0.228497,0.485753,2.51582,0.52652
630,0.250131,0.426329,2.43667,0.52652
630.1,0.263923,0.364632,2.35235,0.52652
630.2,0.27051,0.302824,2.26352,0.52652
630.3,0.270657,0.24271,2.17098,0.52652
630.4,0.265212,0.185719,2.07558,0.52652
630.5,0.255056,0.13291,1.97813,0.52652
630.6,0.241073,0.0849967,1.87933,0.52652
630.7,0.224117,0.0423885,1.77974,0.52652
630.8,0.204982,0.00523406,1.67981,0.52652
630.9,0.184395,-0.0265289,1.57983,0.52652
631,0.162997,-0.0531269,1.48,0.52652
631.1,0.14134,-0.0749079,1.38041,0.52652
631.2,0.119887,-0.0923024,1.28112,0.52652
631.3,0.0990127,-0.105792,1.18211,0.52652
631.4,0.07901,-0.115881,1.08335,0.52652
631.5,0.0600945,-0.123079,0.984779,0.52652
631.6,0.042414,-0.127878,0.886358,0.52652
631.7,0.0260562,-0.130748,0.788034,0.52652
631.8,0.0110575,-0.132123,0.689764,0.52652
631.9,-0.00258852,-0.132399,0.591515,0.52652
632,-0.0149234,-0.131928,0.493263,0.52652
632.1,-0.0260165,-0.131024,0.394993,0.52652
632.2,-0.0359579,-0.129957,0.296695,0.52652
632.3,-0.0448536,-0.128962,0.198371,-0.306298
632.4,-0.0528197,-0.128239,0.100024,-0.117168
632.5,-0.059979,-0.127958,0.00166389,-0.00164269
632.6,-0.0664577,-0.128264,-0.0966963,0.0840117
632.7,-0.0723824,-0.129282,-0.19504,0.152826
632.8,-0.0778792,-0.131122,-0.293346,0.210653
632.9,-0.0830718,-0.133883,-0.391593,0.260672
633,-0.0880813,-0.137658,-0.489752,0.304817
633.1,-0.0930262,-0.142541,-0.587791,0.344355
633.2,-0.0980227,-0.148627,-0.685675,0.380166
633.3,-0.103185,-0.15602,-0.783357,0.412885
633.4,-0.108628,-0.164834,-0.880787,0.44298
633.5,-0.114465,-0.175202,-0.9779,0.470809
633.6,-0.120815,-0.187276,-1.07462,0.496646
633.7,-0.127799,-0.201232,-1.17085,0.5207
633.8,-0.135546,-0.217277,-1.26648,0.543132
633.9,-0.144193,-0.235652,-1.36136,0.564062
634,-0.153889,-0.256637,-1.4553,0.583574
634.1,-0.1648,-0.28056,-1.5481,0.601717
634.2,-0.177105,-0.307798,-1.63946,0.618509
634.3,-0.19101,-0.338787,-1.72902,0.633933
634.4,-0.206742,-0.374028,-1.81633,0.647934
634.5,-0.224558,-0.414092,-1.90082,0.660414
634.6,-0.244751,-0.459625,-1.98176,0.671222
634.7,-0.267649,-0.511355,-2.05823,0.680144
634.8,-0.293623,-0.570082,-2.12903,0.686883
634.9,-0.323087,-0.636683,-2.19267,0.691041
635,-0.356504,-0.712082,-2.24724,0.692088
635.1,-0.394379,-0.797226,-2.29036,0.689323
635.2,-0.437262,-0.893025,-2.31902,0.681828
635.3,-0.485727,-1.00026,-2.32949,0.668414
635.4,-0.54036,-1.11943,-2.31726,0.647563
635.5,-0.601718,-1.2506,-2.27692,0.617407
635.6,-0.670274,-1.39306,-2.20227,0.575818
635.7,-0.746341,-1.545,-2.08647,0.520779
635.8,-0.82996,-1.70308,-1.92262,0.451339
635.9,-0.920756,-1.86198,-1.70459,0.451339
636,-1.01777,-2.014,-1.42844,0.451339
636.1,-1.11928,-2.14896,-1.09424,0.451339
636.2,-1.22267,-2.2546,-0.70804,0.451339
636.3,-1.32431,-2.3177,-0.283486,0.451339
636.4,-1.41972,-2.32601,0.157943,0.451339
636.5,-1.50382,-2.27078,0.588771,0.451339
636.6,-1.57144,-2.14916,0.979708,0.451339
636.7,-1.61799,-1.96561,1.30524,0.451339
636.8,-1.64009,-1.73162,1.54876,0.451339
636.9,-1.63604,-1.46358,1.70526,0.451339
637,-1.60595,-1.17967,1.78075,0.451339
637.1,-1.55163,-0.896761,1.78906,0.451339
637.2,-1.47616,-0.62823,1.74755,0.451339
637.3,-1.3834,-0.3831,1.6734,0.451339
637.4,-1.27749,-0.166233,1.5812,0.451339
637.5,-1.16245,0.0208311,1.48199,0.451339
637.6,-1.04198,0.178851,1.38324,0.451339
637.7,-0.919258,0.309948,1.28946,0.451339
637.8,-0.79693,0.416898,1.2029,0.451339
637.9,-0.677114,0.502654,1.12425,0.451339
638,-0.561449,0.570064,1.05321,0.451339
638.1,-0.451156,0.621743,0.988888,0.451339
638.2,-0.347107,0.660022,0.930105,0.451339
638.3,-0.249881,0.686953,0.875586,0.451339
638.4,-0.159819,0.704345,0.824082,0.451339
638.5,-0.0770685,0.713796,0.774446,0.451339
638.6,-0.00161934,0.716732,0.725676,0.451339
638.7,0.0666665,0.714438,0.676938,0.451339
638.8,0.12803,0.708076,0.627569,0.451339
638.9,0.182795,0.698704,0.577074,0.451339
639,0.231351,0.687283,0.525118,0.451339
639.1,0.274135,0.674681,0.471502,0.451339
639.2,0.311623,0.661677,0.41615,0.451339
639.3,0.344315,0.64896,0.359089,0.451339
639.4,0.372725,0.637136,0.300429,0.451339
639.5,0.39737,0.626725,0.240346,-0.183917
639.6,0.418766,0.61817,0.179069,-0.130117
639.7,0.437417,0.611839,0.116868,-0.0809676
639.8,0.45381,0.608037,0.0540438,-0.0357993
639.9,0.468414,0.607007,-0.0090771,0.00576061
640,0.481672,0.608944,-0.0721446,0.0439337
640.1,0.494003,0.614001,-0.134787,0.0788597
640.2,0.505798,0.622295,-0.196609,0.110637
640.3,0.517419,0.633916,-0.257192,0.139339
640.4,0.529205,0.648929,-0.316084,0.165018
640.5,0.541463,0.667383,-0.372802,0.187707
640.6,0.554479,0.689308,-0.426822,0.207419
640.7,0.568511,0.714717,-0.477576,0.224151
640.8,0.583795,0.743604,-0.524443,0.237864
640.9,0.600539,0.775935,-0.566753,0.248504
641,0.618932,0.811647,-0.603776,0.255992
641.1,0.639131,0.850629,-0.634728,0.260237
641.2,0.66127,0.892715,-0.658776,0.261131
641.3,0.685448,0.93766,-0.675044,0.258576
641.4,0.711726,0.985125,-0.682635,0.252493
641.5,0.740126,1.03466,-0.680656,0.242851
641.6,0.770612,1.08566,-0.668262,0.22969
641.7,0.803092,1.13737,-0.644699,0.213121
641.8,0.837399,1.18886,-0.609378,0.213121
641.9,0.873288,1.23902,-0.561951,0.213121
642,0.910418,1.28655,-0.502399,0.213121
642.1,0.948352,1.33,-0.431119,0.213121
642.2,0.986549,1.36779,-0.349011,0.213121
642.3,1.02437,1.39833,-0.257532,0.213121
642.4,1.06108,1.42005,-0.158723,0.213121
642.5,1.09589,1.43159,-0.0551679,0.213121
642.6,1.12794,1.43184,0.0500927,0.213121
642.7,1.15639,1.42014,0.153728,0.213121
642.8,1.18043,1.39633,0.252328,0.213121
642.9,1.19935,1.36081,0.342644,0.213121
643,1.21256,1.31456,0.421826,0.213121
643.1,1.21965,1.25909,0.487621,0.213121
643.2,1.22041,1.19631,0.538506,0.213121
643.3,1.21486,1.1284,0.573729,0.213121
643.4,1.20323,1.05767,0.593275,0.213121
643.5,1.18592,0.986363,0.597761,0.213121
643.6,1.16354,0.916543,0.588289,0.213121
643.7,1.13678,0.85001,0.566284,0.213121
643.8,1.10646,0.788224,0.533337,0.213121
643.9,1.07342,0.732298,0.491083,0.213121
644,1.03852,0.682999,0.441099,0.213121
644.1,1.00259,0.640786,0.384844,0.213121
644.2,0.966409,0.605858,0.323631,0.213121
644.3,0.930703,0.5782,0.258616,0.213121
644.4,0.896108,0.55764,0.190807,0.213121
644.5,0.863181,0.543894,0.121082,0.213121
644.6,0.832395,0.536611,0.0502136,-0.0269058
644.7,0.804142,0.535403,-0.0211085,0.0112679
644.8,0.778741,0.539876,-0.0922519,0.0486429
644.9,0.756442,0.549648,-0.162621,0.0841544
645,0.737437,0.564366,-0.231638,0.117096
645.1,0.721868,0.583712,-0.298726,0.14704
645.2,0.709833,0.607408,-0.363294,0.173748
645.3,0.7014,0.635214,-0.424726,0.197096
645.4,0.696605,0.666925,-0.48237,0.217016
645.5,0.695466,0.702362,-0.535527,0.233462
645.6,0.697981,0.741359,-0.583448,0.246383
645.7,0.704133,0.783752,-0.625326,0.255715
645.8,0.713892,0.829355,-0.660298,0.261372
645.9,0.727207,0.877944,-0.687447,0.263271
646,0.744012,0.929228,-0.705816,0.261323
646.1,0.764214,0.982825,-0.714427,0.255462
646.2,0.787686,1.03823,-0.71231,0.245673
646.3,0.814259,1.09479,-0.698552,0.232028
646.4,0.843708,1.15168,-0.672355,0.232028
646.5,0.875744,1.20787,-0.633116,0.232028
646.6,0.909996,1.26213,-0.580515,0.232028
646.7,0.946,1.31302,-0.51462,0.232028
646.8,0.983194,1.35894,-0.43599,0.232028
646.9,1.02091,1.39817,-0.345763,0.232028
647,1.05837,1.42896,-0.24572,0.232028
647.1,1.09473,1.44965,-0.138296,0.232028
647.2,1.12904,1.45881,-0.026522,0.232028
647.3,1.16036,1.45536,0.0861032,0.232028
647.4,1.18773,1.43873,0.19582,0.232028
647.5,1.21028,1.40896,0.298868,0.232028
647.6,1.22724,1.36673,0.39177,0.232028
647.7,1.23801,1.31334,0.471592,0.232028
647.8,1.24221,1.25066,0.536152,0.232028
647.9,1.23969,1.18094,0.584127,0.232028
648,1.23053,1.10668,0.615065,0.232028
648.1,1.21506,1.0304,0.629304,0.232028
648.2,1.19381,0.954513,0.627824,0.232028
648.3,1.16746,0.881161,0.612058,0.232028
648.4,1.13683,0.812137,0.583707,0.232028
648.5,1.10282,0.748846,0.544575,0.232028
648.6,1.06635,0.692296,0.496439,0.232028
648.7,1.02831,0.643128,0.440958,0.232028
648.8,0.989589,0.601668,0.37963,0.232028
648.9,0.950983,0.567976,0.313766,0.232028
649,0.913215,0.541917,0.244498,0.232028
649.1,0.876919,0.523208,0.1728,0.232028
649.2,0.842638,0.511475,0.099507,0.232028
649.3,0.810822,0.506292,0.0253498,-0.0140367
649.4,0.781841,0.507216,-0.0490199,0.0268735
649.5,0.755983,0.513816,-0.123003,0.066259
649.6,0.733471,0.525685,-0.196032,0.103144
649.7,0.714472,0.542459,-0.267549,0.136963
649.8,0.6991,0.563818,-0.33699,0.167419
649.9,0.687435,0.589495,-0.403771,0.194381
650,0.679524,0.619264,-0.467276,0.217804
650.1,0.675388,0.652945,-0.526845,0.237671
650.2,0.675034,0.690382,-0.581761,0.253963
650.3,0.678453,0.731443,-0.63125,0.266644
650.4,0.685623,0.77599,-0.674467,0.275646
650.5,0.696513,0.823872,-0.710502,0.280879
650.6,0.711077,0.87489,-0.738379,0.282233
650.7,0.729251,0.928777,-0.757065,0.279594
650.8,0.750948,0.985165,-0.765495,0.272868
650.9,0.776048,1.04355,-0.762603,0.262011
651,0.804386,1.10327,-0.747368,0.247069
651.1,0.835741,1.16346,-0.718885,0.247069
651.2,0.869819,1.22303,-0.676446,0.247069
651.3,0.906241,1.28066,-0.61965,0.247069
651.4,0.944525,1.33479,-0.548517,0.247069
651.5,0.984077,1.38366,-0.463607,0.247069
651.6,1.02419,1.42539,-0.366133,0.247069
651.7,1.06402,1.45802,-0.258032,0.247069
651.8,1.10266,1.47971,-0.141982,0.247069
651.9,1.13909,1.48885,-0.0213444,0.247069
652,1.17226,1.48426,0.0999924,0.247069
652.1,1.20115,1.46531,0.217851,0.247069
652.2,1.22479,1.43207,0.32807,0.247069
652.3,1.24236,1.38534,0.426835,0.247069
652.4,1.25321,1.32663,0.510982,0.247069
652.5,1.25695,1.25806,0.578223,0.247069
652.6,1.25343,1.18217,0.627259,0.247069
652.7,1.24279,1.10175,0.657781,0.247069
652.8,1.22539,1.01959,0.670346,0.247069
652.9,1.20186,0.93829,0.666199,0.247069
653,1.17296,0.860151,0.647047,0.247069
653.1,1.13961,0.78705,0.614844,0.247069
653.2,1.10278,0.720416,0.571604,0.247069
653.3,1.06347,0.661238,0.519267,0.247069
653.4,1.02266,0.610106,0.45961,0.247069
653.5,0.981258,0.567267,0.394198,0.247069
653.6,0.940124,0.532698,0.324381,0.247069
653.7,0.900007,0.506172,0.2513,0.247069
653.8,0.861557,0.487324,0.175917,0.247069
653.9,0.825327,0.475699,0.0990479,-0.0573901
654,0.791767,0.470807,0.0213939,-0.0123534
654.1,0.761241,0.472147,-0.0564241,0.0321225
654.2,0.73403,0.479244,-0.133839,0.0745006
654.3,0.710344,0.491658,-0.210313,0.113862
654.4,0.690334,0.509003,-0.285317,0.149721
654.5,0.674105,0.530951,-0.358314,0.181886
654.6,0.66172,0.557231,-0.428743,0.210321
654.7,0.653215,0.58763,-0.496006,0.235056
654.8,0.648605,0.621983,-0.559456,0.256132
654.9,0.647888,0.660167,-0.618386,0.273568
655,0.651055,0.702083,-0.672021,0.287348
655.1,0.658086,0.747642,-0.719504,0.297415
655.2,0.668956,0.796744,-0.759901,0.303667
655.3,0.683631,0.849256,-0.79219,0.305988
655.4,0.702063,0.904977,-0.815276,0.304212
655.5,0.724188,0.963613,-0.827999,0.298197
655.6,0.749911,1.02473,-0.829167,0.287828
655.7,0.7791,1.08774,-0.817597,0.273066
655.8,0.811566,1.15182,-0.792182,0.254008
655.9,0.847052,1.21593,-0.75198,0.254008
656,0.885209,1.27873,-0.696322,0.254008
656.1,0.925585,1.33863,-0.624946,0.254008
656.2,0.967604,1.39376,-0.538141,0.254008
656.3,1.01056,1.44205,-0.436889,0.254008
656.4,1.0536,1.48132,-0.322977,0.254008
656.5,1.09576,1.50941,-0.199054,0.254008
656.6,1.13596,1.52434,-0.0686069,0.254008
656.7,1.17305,1.52456,0.0641776,0.254008
656.8,1.20588,1.50908,0.194657,0.254008
656.9,1.23333,1.47767,0.318074,0.254008
657,1.25444,1.43097,0.429955,0.254008
657.1,1.26842,1.37043,0.526481,0.254008
657.2,1.27471,1.29825,0.6048,0.254008
657.3,1.27309,1.21723,0.6632,0.254008
657.4,1.26361,1.13045,0.701135,0.254008
657.5,1.24662,1.04108,0.719109,0.254008
657.6,1.22275,0.95211,0.718466,0.254008
657.7,1.1928,0.866188,0.701118,0.254008
657.8,1.15777,0.785491,0.669289,0.254008
657.9,1.11871,0.711677,0.625278,0.254008
658,1.07673,0.64589,0.571294,0.254008
658.1,1.0329,0.588806,0.509341,0.254008
658.2,0.988237,0.540706,0.44117,0.254008
658.3,0.943684,0.501554,0.368264,0.254008
658.4,0.900068,0.471079,0.291853,0.254008
658.5,0.858106,0.448852,0.212953,0.254008
658.6,0.8184,0.434346,0.132401,-0.081426
658.7,0.781442,0.426987,0.0508998,-0.0311883
658.8,0.747623,0.426201,-0.0309466,0.018645
658.9,0.717244,0.431438,-0.112599,0.0661056
659,0.690524,0.442196,-0.193556,0.110075
659.1,0.66762,0.458034,-0.27333,0.150056
659.2,0.648633,0.47858,-0.351431,0.18593
659.3,0.633624,0.503535,-0.427347,0.217762
659.4,0.622621,0.53267,-0.500532,0.24568
659.5,0.615633,0.565819,-0.570392,0.269812
659.6,0.612655,0.602872,-0.636272,0.290252
659.7,0.613672,0.643766,-0.697445,0.307038
659.8,0.618668,0.688464,-0.7531,0.320153
659.9,0.627625,0.736941,-0.80233,0.329522
660,0.640524,0.789159,-0.84413,0.335016
660.1,0.657343,0.845043,-0.877388,0.336463
660.2,0.678052,0.904444,-0.900891,0.333656
660.3,0.702603,0.967106,-0.913339,0.326384
660.4,0.730922,1.03262,-0.913373,0.314464
660.5,0.762896,1.10039,-0.899625,0.297795
660.6,0.798351,1.16956,-0.870786,0.276422
660.7,0.837039,1.239,-0.825709,0.276422
660.8,0.878608,1.30725,-0.763544,0.276422
660.9,0.922587,1.37251,-0.683891,0.276422
661,0.968363,1.43268,-0.586987,0.276422
661.1,1.01517,1.48537,-0.473876,0.276422
661.2,1.06207,1.52804,-0.346562,0.276422
661.3,1.10798,1.55816,-0.208085,0.276422
661.4,1.15168,1.57344,-0.0624952,0.276422
661.5,1.19189,1.57205,0.085314,0.276422
661.6,1.22728,1.55288,0.229917,0.276422
661.7,1.25661,1.51572,0.36579,0.276422
661.8,1.27877,1.46139,0.487801,0.276422
661.9,1.29289,1.39173,0.591685,0.276422
662,1.2984,1.30942,0.674395,0.276422
662.1,1.29508,1.21778,0.734292,0.276422
662.2,1.28304,1.12046,0.77113,0.276422
662.3,1.26277,1.02109,0.785872,0.276422
662.4,1.235,0.923036,0.780396,0.276422
662.5,1.20073,0.829198,0.757148,0.276422
662.6,1.16109,0.741872,0.71882,0.276422
662.7,1.1173,0.662729,0.668092,0.276422
662.8,1.07058,0.592845,0.607444,0.276422
662.9,1.02214,0.53277,0.539056,0.276422
663,0.973063,0.482626,0.464769,0.276422
663.1,0.924361,0.442207,0.386092,0.276422
663.2,0.8769,0.411072,0.304238,0.276422
663.3,0.831419,0.388636,0.220175,0.276422
663.4,0.788525,0.374231,0.134677,-0.0903116
663.5,0.748703,0.367167,0.0483763,-0.0319979
663.6,0.712325,0.366769,-0.0381959,0.0245831
663.7,0.679668,0.37241,-0.124571,0.0773517
663.8,0.650925,0.383528,-0.210317,0.125411
663.9,0.626221,0.399643,-0.295012,0.168591
664,0.605626,0.420359,-0.378229,0.207068
664.1,0.589172,0.445368,-0.459517,0.241142
664.2,0.576863,0.474445,-0.538389,0.271111
664.3,0.568682,0.507448,-0.614308,0.297222
664.4,0.564607,0.544301,-0.686676,0.319652
664.5,0.564613,0.584992,-0.754816,0.338499
664.6,0.568677,0.629554,-0.817961,0.353784
664.7,0.576784,0.678047,-0.875239,0.365455
664.8,0.588928,0.730541,-0.92566,0.373387
664.9,0.605107,0.787088,-0.968105,0.37739
665,0.625325,0.847692,-1.00132,0.377215
665.1,0.649579,0.912272,-1.0239,0.372567
665.2,0.677855,0.980616,-1.03435,0.363134
665.3,0.710111,1.05233,-1.03103,0.34863
665.4,0.746261,1.12679,-1.01231,0.328856
665.5,0.786153,1.20306,-0.976586,0.303797
665.6,0.829543,1.27984,-0.922411,0.273713
665.7,0.876069,1.35546,-0.848696,0.273713
665.8,0.925223,1.42777,-0.75489,0.273713
665.9,0.976319,1.49423,-0.641225,0.273713
666,1.02848,1.55197,-0.508954,0.273713
666.1,1.08062,1.59788,-0.360547,0.273713
666.2,1.13148,1.62889,-0.199797,0.273713
666.3,1.17961,1.64225,-0.0317708,0.273713
666.4,1.22349,1.63582,0.137436,0.273713
666.5,1.26157,1.60842,0.301142,0.273713
666.6,1.2924,1.56006,0.452685,0.273713
666.7,1.31473,1.49206,0.586082,0.273713
666.8,1.32761,1.40699,0.696628,0.273713
666.9,1.33049,1.30842,0.781306,0.273713
667,1.32322,1.20056,0.838925,0.273713
667.1,1.30612,1.08788,0.870006,0.273713
667.2,1.27987,0.974662,0.87644,0.273713
667.3,1.24546,0.864697,0.861046,0.273713
667.4,1.20415,0.761086,0.827111,0.273713
667.5,1.15732,0.66614,0.777996,0.273713
667.6,1.1064,0.581396,0.716853,0.273713
667.7,1.05278,0.50769,0.646449,0.273713
667.8,0.9978,0.445286,0.569096,0.273713
667.9,0.942654,0.393999,0.486652,0.273713
668,0.888394,0.353329,0.400564,0.273713
668.1,0.835912,0.322567,0.31194,0.273713
668.2,0.785944,0.300893,0.221616,-0.171824
668.3,0.739073,0.287443,0.130233,-0.0995351
668.4,0.695745,0.281365,0.038289,-0.0282442
668.5,0.656287,0.281859,-0.0538095,0.0378534
668.6,0.620918,0.288202,-0.145711,0.0972358
668.7,0.589776,0.299761,-0.237092,0.1499
668.8,0.562928,0.316009,-0.327633,0.196441
668.9,0.540391,0.336525,-0.417007,0.23758
669,0.522143,0.36099,-0.504861,0.273974
669.1,0.508143,0.389191,-0.590808,0.306155
669.2,0.498334,0.421009,-0.674413,0.334527
669.3,0.49266,0.456411,-0.755182,0.359371
669.4,0.491069,0.495446,-0.832548,0.380865
669.5,0.493525,0.538227,-0.905853,0.399092
669.6,0.500006,0.584921,-0.974336,0.414048
669.7,0.510511,0.635734,-1.03711,0.425647
669.8,0.52506,0.690887,-1.09313,0.43372
669.9,0.543692,0.750593,-1.14121,0.438017
670,0.56646,0.815029,-1.17996,0.438207
670.1,0.593427,0.884288,-1.2078,0.433885
670.2,0.624651,0.958338,-1.22294,0.424583
670.3,0.660174,1.03696,-1.22343,0.409807
670.4,0.7,1.11966,-1.20717,0.389101
670.5,0.744073,1.20562,-1.17199,0.362154
670.6,0.79224,1.29357,-1.1158,0.328964
670.7,0.844219,1.38173,-1.03679,0.328964
670.8,0.899558,1.46773,-0.933654,0.328964
670.9,0.957594,1.54861,-0.80597,0.328964
671,1.01741,1.62083,-0.654513,0.328964
671.1,1.07784,1.68043,-0.481622,0.328964
671.2,1.1374,1.72329,-0.291443,0.328964
671.3,1.19441,1.74551,-0.0899775,0.328964
671.4,1.24697,1.74387,0.115148,0.328964
671.5,1.29314,1.71635,0.315246,0.328964
671.6,1.33101,1.66248,0.501416,0.328964
671.7,1.35893,1.58363,0.665542,0.328964
671.8,1.3756,1.48291,0.801225,0.328964
671.9,1.38022,1.36492,0.904443,0.328964
672,1.37256,1.23519,0.97379,0.328964
672.1,1.35295,1.09955,1.01028,0.328964
672.2,1.32224,0.963576,1.0168,0.328964
672.3,1.28169,0.832112,0.997461,0.328964
672.4,1.23288,0.70898,0.956835,0.328964
672.5,1.1775,0.596905,0.899442,0.328964
672.6,1.11734,0.497555,0.829349,0.328964
672.7,1.0541,0.411692,0.749976,0.328964
672.8,0.989361,0.339358,0.664038,0.328964
672.9,0.924536,0.280066,0.573594,0.328964
673,0.860836,0.232973,0.480143,0.328964
673.1,0.799264,0.197027,0.384738,0.328964
673.2,0.740624,0.171081,0.288103,-0.310732
673.3,0.685531,0.153968,0.190724,-0.194358
673.4,0.634435,0.14457,0.0929353,-0.0868766
673.5,0.587637,0.141847,-0.00502857,0.00428755
673.6,0.545319,0.14487,-0.102986,0.0804357
673.7,0.50756,0.15283,-0.200781,0.144668
673.8,0.474363,0.165046,-0.298264,0.199714
673.9,0.44567,0.180964,-0.395279,0.247611
674,0.421384,0.200157,-0.491654,0.289822
674.1,0.40138,0.222316,-0.587198,0.327388
674.2,0.385525,0.247248,-0.681691,0.36105
674.3,0.373681,0.274866,-0.774882,0.391337
674.4,0.365722,0.305179,-0.866476,0.418621
674.5,0.36154,0.338292,-0.956131,0.443159
674.6,0.361049,0.374391,-1.04344,0.465113
674.7,0.364195,0.413739,-1.12792,0.484566
674.8,0.370957,0.456669,-1.20899,0.50153
674.9,0.381349,0.503576,-1.28596,0.515946
675,0.395427,0.554904,-1.35797,0.527683
675.1,0.413282,0.611137,-1.424,0.536529
675.2,0.435047,0.672776,-1.48282,0.542186
675.3,0.460889,0.740317,-1.53293,0.544251
675.4,0.491003,0.814218,-1.57255,0.542207
675.5,0.525607,0.894844,-1.59958,0.535405
675.6,0.564925,0.982403,-1.61152,0.523067
675.7,0.609168,1.07686,-1.60555,0.504296
675.8,0.658509,1.17781,-1.57849,0.478142
675.9,0.713042,1.28435,-1.52694,0.443759
676,0.772733,1.39491,-1.44745,0.400683
676.1,0.837367,1.50709,-1.33681,0.349254
676.2,0.906469,1.61748,-1.19253,0.349254
676.3,0.979238,1.72161,-1.01346,0.349254
676.4,1.05447,1.81396,-0.800442,0.349254
676.5,1.13051,1.88822,-0.557081,0.349254
676.6,1.20523,1.93772,-0.290222,0.349254
676.7,1.2761,1.95626,-0.010046,0.349254
676.8,1.34029,1.93899,0.270503,0.349254
676.9,1.39488,1.88337,0.537026,0.349254
677,1.43713,1.78988,0.77554,0.349254
677.1,1.46477,1.66222,0.974504,0.349254
677.2,1.47624,1.50699,1.12643,0.349254
677.3,1.47085,1.3327,1.22862,0.349254
677.4,1.44884,1.14866,1.28294,0.349254
677.5,1.41131,0.96373,1.29472,0.349254
677.6,1.36001,0.785441,1.27133,0.349254
677.7,1.29719,0.619501,1.22074,0.349254
677.8,1.22531,0.469679,1.15042,0.349254
677.9,1.14689,0.33798,1.06675,0.349254
678,1.0643,0.224982,0.974694,0.349254
678.1,0.979699,0.130212,0.877871,0.349254
678.2,0.894971,0.0524963,0.778731,0.349254
678.3,0.811672,-0.00974939,0.678804,0.349254
678.4,0.731053,-0.0583066,0.578947,0.349254
678.5,0.654074,-0.0950034,0.479559,0.349254
678.6,0.581429,-0.121617,0.380755,0.349254
678.7,0.513585,-0.139813,0.282483,0.349254
678.8,0.45081,-0.151114,0.184615,0.349254
678.9,0.393211,-0.156886,0.0869997,-0.124499
679,0.340763,-0.15833,-0.0105063,0.0115431
679.1,0.293334,-0.156493,-0.108021,0.100419
679.2,0.250716,-0.152268,-0.205632,0.168668
679.3,0.21264,-0.146412,-0.303399,0.224975
679.4,0.178798,-0.139555,-0.401352,0.2734
679.5,0.148856,-0.132214,-0.499505,0.316182
679.6,0.122468,-0.124808,-0.597853,0.354686
679.7,0.0992849,-0.117669,-0.696384,0.389804
679.8,0.0789639,-0.111056,-0.795076,0.422152
679.9,0.0611723,-0.10517,-0.893909,0.452172
680,0.0455924,-0.100163,-0.992856,0.480199
680.1,0.0319243,-0.0961499,-1.09189,0.506489
680.2,0.0198872,-0.093217,-1.191,0.531247
680.3,0.00921952,-0.0914333,-1.29015,0.554641
680.4,-0.000321172,-0.0908564,-1.38932,0.57681
680.5,-0.00895962,-0.0915408,-1.48849,0.597868
680.6,-0.0169045,-0.093544,-1.58764,0.617915
680.7,-0.0243503,-0.0969327,-1.68673,0.637035
680.8,-0.0314803,-0.101789,-1.78575,0.655298
680.9,-0.038469,-0.108214,-1.88465,0.672764
681,-0.045485,-0.116336,-1.98339,0.689484
681.1,-0.0526947,-0.126316,-2.08192,0.705498
681.2,-0.0602656,-0.138351,-2.18017,0.720836
681.3,-0.0683704,-0.152683,-2.27806,0.735519
681.4,-0.0771907,-0.169609,-2.37547,0.749557
681.5,-0.086922,-0.189486,-2.47225,0.762947
681.6,-0.0977787,-0.212744,-2.56821,0.775673
681.7,-0.109999,-0.239896,-2.6631,0.787699
681.8,-0.123854,-0.271553,-2.75657,0.798966
681.9,-0.139649,-0.30844,-2.84818,0.809388
682,-0.157738,-0.35141,-2.93731,0.818838
682.1,-0.178529,-0.401466,-3.02317,0.827136
682.2,-0.202495,-0.459774,-3.10466,0.834034
682.3,-0.230181,-0.527682,-3.18033,0.839188
682.4,-0.262221,-0.606728,-3.24822,0.842124
682.5,-0.299342,-0.698635,-3.3057,0.842184
682.6,-0.342374,-0.805282,-3.34926,0.838461
682.7,-0.392252,-0.928633,-3.37423,0.829694
682.8,-0.450008,-1.0706,-3.37446,0.814129
682.9,-0.516746,-1.23279,-3.342,0.789331
683,-0.593587,-1.41612,-3.26677,0.751963
683.1,-0.681575,-1.62018,-3.13645,0.697657
683.2,-0.781515,-1.84231,-2.93677,0.621446
683.3,-0.893731,-2.07649,-2.65264,0.520073
683.4,-1.01772,-2.31195,-2.2705,0.520073
683.5,-1.15174,-2.53204,-1.78245,0.520073
683.6,-1.2923,-2.71401,-1.19191,0.520073
683.7,-1.43386,-2.83061,-0.51954,0.520073
683.8,-1.56877,-2.85447,0.193453,0.520073
683.9,-1.68774,-2.76491,0.888584,0.520073
684,-1.78103,-2.55522,1.50178,0.520073
684.1,-1.84008,-2.23687,1.98062,0.520073
684.2,-1.85903,-1.83776,2.29916,0.520073
684.3,-1.83578,-1.39489,2.46272,0.520073
684.4,-1.77198,-0.944821,2.50109,0.520073
684.5,-1.67228,-0.516402,2.4556,0.520073
684.6,-1.54312,-0.127786,2.36699,0.520073
684.7,-1.39157,0.212736,2.26818,0.520073
684.8,-1.22443,0.503899,2.18201,0.520073
684.9,-1.04778,0.748318,2.12218,0.520073
685,-0.86678,0.949982,2.0952,0.520073
685.1,-0.685727,1.11264,2.10243,0.520073
685.2,-0.508196,1.23902,2.14151,0.520073
685.3,-0.337223,1.33061,2.20739,0.520073
685.4,-0.175462,1.38795,2.29296,0.520073
685.5,-0.0252938,1.41108,2.38963,0.520073
685.6,0.111136,1.4002,2.488,0.520073
685.7,0.231937,1.35629,2.57872,0.520073
685.8,0.33555,1.28156,2.65336,0.520073
685.9,0.420844,1.17969,2.7054,0.520073
686,0.487213,1.05573,2.73081,0.520073
686.1,0.534643,0.915722,2.72835,0.520073
686.2,0.563723,0.766169,2.69935,0.520073
686.3,0.575601,0.613423,2.64713,0.520073
686.4,0.571892,0.463179,2.57625,0.520073
686.5,0.554554,0.32013,2.4917,0.520073
686.6,0.525748,0.187801,2.39824,0.520073
686.7,0.48771,0.0685621,2.29997,0.520073
686.8,0.442635,-0.0362538,2.20009,0.520073
686.9,0.392595,-0.126168,2.10083,0.520073
687,0.339476,-0.201359,2.0036,0.520073
687.1,0.284944,-0.262484,1.90907,0.520073
687.2,0.230426,-0.310522,1.81735,0.520073
687.3,0.177111,-0.346656,1.72822,0.520073
687.4,0.125954,-0.372184,1.64121,0.520073
687.5,0.077695,-0.388451,1.55573,0.520073
687.6,0.0328739,-0.396803,1.47119,0.520073
687.7,-0.00814716,-0.398552,1.38704,0.520073
687.8,-0.0451624,-0.394947,1.30282,0.520073
687.9,-0.0781008,-0.387159,1.21813,0.520073
688,-0.107005,-0.376261,1.13272,0.520073
688.1,-0.132011,-0.363222,1.0464,0.520073
688.2,-0.153328,-0.348901,0.959089,0.520073
688.3,-0.171222,-0.334041,0.870752,0.520073
688.4,-0.185999,-0.319275,0.781422,0.520073
688.5,-0.197991,-0.30513,0.691167,0.520073
688.6,-0.207543,-0.292033,0.600077,0.520073
688.7,-0.215004,-0.28032,0.508261,0.520073
688.8,-0.220719,-0.270251,0.415832,0.520073
688.9,-0.225019,-0.262018,0.322907,-0.524577
689,-0.228221,-0.255757,0.2296,-0.293735
689.1,-0.230622,-0.251564,0.136026,-0.14652
689.2,-0.232498,-0.2495,0.0422938,-0.0398859
689.3,-0.234104,-0.249608,-0.0514876,0.0435609
689.4,-0.235674,-0.25192,-0.145209,0.112046
689.5,-0.237422,-0.256463,-0.238757,0.170044
689.6,-0.239545,-0.26327,-0.332013,0.220242
689.7,-0.242225,-0.272387,-0.42485,0.264375
689.8,-0.245632,-0.283876,-0.517124,0.30362
689.9,-0.249926,-0.297824,-0.608675,0.338804
690,-0.255262,-0.314344,-0.699318,0.37052
690.1,-0.261793,-0.33358,-0.788834,0.399199
690.2,-0.269671,-0.355712,-0.87697,0.425149
690.3,-0.279055,-0.380957,-0.963417,0.448587
690.4,-0.290108,-0.409574,-1.04781,0.469648
690.5,-0.303009,-0.44186,-1.1297,0.4884
690.6,-0.317945,-0.478156,-1.20857,0.504849
690.7,-0.335123,-0.518845,-1.28374,0.518933
690.8,-0.354767,-0.564343,-1.35444,0.530525
690.9,-0.377123,-0.6151,-1.41969,0.539423
691,-0.402454,-0.671579,-1.47834,0.545342
691.1,-0.431045,-0.734244,-1.52897,0.5479
691.2,-0.463196,-0.803525,-1.5699,0.546604
691.3,-0.499215,-0.879779,-1.59912,0.540838
691.4,-0.53941,-0.96323,-1.61425,0.529854
691.5,-0.58407,-1.05389,-1.61258,0.512775
691.6,-0.633445,-1.15143,-1.59104,0.488653
691.7,-0.68771,-1.25511,-1.54628,0.456575
691.8,-0.746919,-1.36353,-1.47483,0.415911
691.9,-0.810959,-1.47456,-1.37339,0.366705
692,-0.879474,-1.58508,-1.23919,0.366705
692.1,-0.951799,-1.69096,-1.07059,0.366705
692.2,-1.02689,-1.78698,-0.867744,0.366705
692.3,-1.10324,-1.86702,-0.633312,0.366705
692.4,-1.17891,-1.92449,-0.373077,0.366705
692.5,-1.25149,-1.95295,-0.0961721,0.366705
692.6,-1.31825,-1.94705,0.185266,0.366705
692.7,-1.37628,-1.90342,0.457173,0.366705
692.8,-1.42278,-1.82156,0.705281,0.366705
692.9,-1.45532,-1.70417,0.917141,0.366705
693,-1.47208,-1.55697,1.08391,0.366705
693.1,-1.47213,-1.38799,1.20139,0.366705
693.2,-1.4554,-1.20637,1.27011,0.366705
693.3,-1.42273,-1.02119,1.29443,0.366705
693.4,-1.37572,-0.840453,1.28122,0.366705
693.5,-1.31645,-0.670448,1.23837,0.366705
693.6,-1.24735,-0.515535,1.17357,0.366705
693.7,-1.17092,-0.37824,1.09356,0.366705
693.8,-1.0896,-0.25955,1.00375,0.366705
693.9,-1.00562,-0.159288,0.908154,0.366705
694,-0.920937,-0.0764721,0.809568,0.366705
694.1,-0.837222,-0.00962763,0.70978,0.366705
694.2,-0.755816,0.042978,0.609835,0.366705
694.3,-0.677765,0.0831656,0.510258,0.366705
694.4,-0.603846,0.112732,0.411241,0.366705
694.5,-0.534591,0.133377,0.312775,0.366705
694.6,-0.47033,0.14667,0.214753,0.366705
694.7,-0.411217,0.154022,0.117027,-0.191127
694.8,-0.357266,0.156685,0.0194511,-0.022799
694.9,-0.308378,0.15575,-0.0781004,0.075942
695,-0.264366,0.152157,-0.175724,0.149254
695.1,-0.224981,0.146702,-0.273487,0.208693
695.2,-0.189925,0.140053,-0.371429,0.259265
695.3,-0.158873,0.132759,-0.469567,0.303624
695.4,-0.131483,0.125265,-0.567902,0.343346
695.5,-0.107408,0.11793,-0.666424,0.379442
695.6,-0.0863021,0.111031,-0.765114,0.412599
695.7,-0.0678313,0.104786,-0.863951,0.443305
695.8,-0.0516742,0.0993579,-0.96291,0.471923
695.9,-0.0375266,0.0948698,-1.06197,0.498732
696,-0.025103,0.091414,-1.1611,0.523951
696.1,-0.0141378,0.0890611,-1.26029,0.547757
696.2,-0.00438423,0.087868,-1.35951,0.570299
696.3,0.00438579,0.0878857,-1.45874,0.591699
696.4,0.0123835,0.0891654,-1.55796,0.61206
696.5,0.0198053,0.0917653,-1.65714,0.631472
696.6,0.0268349,0.0957555,-1.75626,0.650009
696.7,0.033646,0.101224,-1.8553,0.667737
696.8,0.0404052,0.108281,-1.9542,0.684708
696.9,0.0472751,0.117068,-2.05293,0.700968
697,0.0544179,0.127756,-2.15144,0.716552
697.1,0.0619987,0.140562,-2.24964,0.731485
697.2,0.0701895,0.155748,-2.34745,0.745783
697.3,0.0791738,0.173632,-2.44474,0.759452
697.4,0.0891508,0.1946,-2.54136,0.772485
697.5,0.100341,0.219113,-2.63709,0.784857
697.6,0.112993,0.247722,-2.73165,0.796526
697.7,0.127387,0.281081,-2.82467,0.807424
697.8,0.143847,0.319967,-2.91566,0.817453
697.9,0.162744,0.365292,-3.00394,0.82647
698,0.184511,0.418127,-3.08863,0.834275
698.1,0.209647,0.479715,-3.16852,0.84059
698.2,0.238733,0.551491,-3.24198,0.845031
698.3,0.272439,0.635084,-3.30685,0.847068
698.4,0.311536,0.732307,-3.36019,0.845965
698.5,0.356903,0.845118,-3.3981,0.840701
698.6,0.409524,0.975531,-3.41537,0.829857
698.7,0.470477,1.12544,-3.40519,0.811452
698.8,0.540902,1.29633,-3.35875,0.782735
698.9,0.621929,1.48877,-3.26502,0.739963
699,0.71457,1.70174,-3.11067,0.678357
699.1,0.819518,1.93154,-2.88063,0.592982
699.2,0.936872,2.17055,-2.55961,0.482218
699.3,1.06575,2.40582,-2.1351,0.482218
699.4,1.20382,2.61816,-1.60227,0.482218
699.5,1.34685,2.78236,-0.970097,0.482218
699.6,1.48841,2.86984,-0.267056,0.482218
699.7,1.62001,2.85411,0.457489,0.482218
699.8,1.73187,2.71841,1.13972,0.482218
699.9,1.81428,2.46245,1.71625,0.482218
700,1.85935,2.10477,2.14212,0.482218
700.1,1.86247,1.67853,2.40303,0.482218
700.2,1.82299,1.2225,2.51543,0.482218
700.3,1.74388,0.7717,2.51622,0.482218
700.4,1.63072,0.351458,2.44886,0.482218
700.5,1.49044,-0.0239353,2.35258,0.482218
700.6,1.33019,-0.349291,2.25711,0.482218
700.7,1.15663,-0.625283,2.18188,0.482218
700.8,0.975584,-0.85539,2.13767,0.482218
700.9,0.791919,-1.04367,2.12876,0.482218
701,0.609698,-1.19347,2.15476,0.482218
701.1,0.432333,-1.30691,2.21191,0.482218
701.2,0.262772,-1.38486,2.2939,0.482218
701.3,0.103639,-1.42741,2.39246,0.482218
701.4,-0.0426808,-1.43445,2.49807,0.482218
701.5,-0.174041,-1.40636,2.60065,0.482218
701.6,-0.288584,-1.34466,2.69063,0.482218
701.7,-0.384844,-1.25234,2.75993,0.482218
701.8,-0.461857,-1.13401,2.80288,0.482218
701.9,-0.519258,-0.995588,2.81672,0.482218
702,-0.557323,-0.843807,2.80164,0.482218
702.1,-0.576955,-0.685565,2.76037,0.482218
702.2,-0.579612,-0.527303,2.69732,0.482218
702.3,-0.567181,-0.374534,2.61779,0.482218
702.4,-0.541841,-0.231578,2.52709,0.482218
702.5,-0.505912,-0.101491,2.42996,0.482218
702.6,-0.461725,0.0138445,2.33025,0.482218
702.7,-0.41152,0.113548,2.23076,0.482218
702.8,-0.357368,0.197524,2.13328,0.482218
702.9,-0.30112,0.266262,2.03875,0.482218
703,-0.244386,0.320656,1.94746,0.482218
703.1,-0.188522,0.361867,1.85919,0.482218
703.2,-0.134637,0.391213,1.77344,0.482218
703.3,-0.0836053,0.410096,1.68957,0.482218
703.4,-0.0360812,0.41994,1.60685,0.482218
703.5,0.00747707,0.422155,1.52462,0.482218
703.6,0.0467873,0.418103,1.44231,0.482218
703.7,0.0817205,0.409074,1.35945,0.482218
703.8,0.112278,0.396267,1.27569,0.482218
703.9,0.138571,0.380773,1.1908,0.482218
704,0.160797,0.36357,1.10466,0.482218
704.1,0.179224,0.345512,1.01724,0.482218
704.2,0.194167,0.327331,0.928555,0.482218
704.3,0.205978,0.309637,0.838697,0.482218
704.4,0.215024,0.292928,0.747771,0.482218
704.5,0.221684,0.277593,0.655903,0.482218
704.6,0.226329,0.263932,0.563227,0.482218
704.7,0.229322,0.252158,0.469879,0.482218
704.8,0.231008,0.24242,0.375986,0.482218
704.9,0.231709,0.23481,0.281672,-0.418765
705,0.231724,0.229378,0.18705,-0.223918
705.1,0.231326,0.226144,0.0922295,-0.0942896
705.2,0.230766,0.225109,-0.00268798,0.00242721
705.3,0.230266,0.226264,-0.0976027,0.0795346
705.4,0.230029,0.229602,-0.192416,0.143611
705.5,0.230238,0.235118,-0.287025,0.198364
705.6,0.231058,0.242825,-0.381322,0.24608
705.7,0.23264,0.252753,-0.475191,0.288264
705.8,0.235126,0.264957,-0.568499,0.325951
705.9,0.23865,0.27952,-0.661097,0.359877
706,0.243344,0.296555,-0.75281,0.390572
706.1,0.249337,0.316214,-0.843433,0.418425
706.2,0.256765,0.338685,-0.932723,0.443716
706.3,0.26577,0.364196,-1.02038,0.466637
706.4,0.276503,0.39302,-1.10607,0.487311
706.5,0.289131,0.425475,-1.18933,0.505794
706.6,0.303836,0.461923,-1.26967,0.522085
706.7,0.320819,0.502772,-1.34642,0.536119
706.8,0.340305,0.548471,-1.41882,0.547765
706.9,0.362539,0.599505,-1.48591,0.55682
707,0.387792,0.656383,-1.54651,0.562997
707.1,0.416358,0.719621,-1.59922,0.565912
707.2,0.448552,0.78971,-1.64232,0.565065
707.3,0.484701,0.867081,-1.67375,0.559824
707.4,0.525138,0.952037,-1.69107,0.549413
707.5,0.570184,1.04468,-1.69146,0.532906
707.6,0.620123,1.14479,-1.67166,0.509267
707.7,0.675173,1.25169,-1.62811,0.477449
707.8,0.735437,1.36408,-1.55705,0.436628
707.9,0.800844,1.47985,-1.45479,0.386617
708,0.871086,1.59587,-1.31813,0.386617
708.1,0.945528,1.70787,-1.14498,0.386617
708.2,1.02313,1.81038,-0.935074,0.386617
708.3,1.10239,1.89689,-0.690812,0.386617
708.4,1.18127,1.96026,-0.417977,0.386617
708.5,1.25727,1.99338,-0.12608,0.386617
708.6,1.32748,1.99023,0.171936,0.386617
708.7,1.38878,1.94689,0.46083,0.386617
708.8,1.43813,1.86253,0.724964,0.386617
708.9,1.47287,1.73988,0.9506,0.386617
709,1.49101,1.58505,1.12796,0.386617
709.1,1.49148,1.40672,1.25246,0.386617
709.2,1.4742,1.21484,1.32477,0.386617
709.3,1.44005,1.01927,1.34985,0.386617
709.4,1.39072,0.82866,1.33539,0.386617
709.5,1.32846,0.649728,1.29012,0.386617
709.6,1.25586,0.487059,1.22248,0.386617
709.7,1.17559,0.343229,1.13975,0.386617
709.8,1.09022,0.219154,1.0477,0.386617
709.9,1.00211,0.114516,0.950518,0.386617
710,0.913331,0.0281635,0.851069,0.386617
710.1,0.825599,-0.041549,0.751115,0.386617
710.2,0.740311,-0.0965114,0.651633,0.386617
710.3,0.658543,-0.138682,0.553054,0.386617
710.4,0.581085,-0.169976,0.45547,0.386617
710.5,0.508472,-0.192193,0.358778,0.386617
710.6,0.441027,-0.206985,0.262785,0.386617
710.7,0.37889,-0.215839,0.167274,0.386617
710.8,0.322058,-0.220072,0.0720393,-0.101464
710.9,0.270407,-0.220837,-0.0230899,0.0250861
711,0.223725,-0.219131,-0.118243,0.108956
711.1,0.181733,-0.215808,-0.213509,0.173911
711.2,0.144101,-0.211592,-0.30894,0.227842
711.3,0.11047,-0.207089,-0.404558,0.274449
711.4,0.0804614,-0.202807,-0.500359,0.315773
711.5,0.0536876,-0.199164,-0.596322,0.353054
711.6,0.0297631,-0.196509,-0.692412,0.387105
711.7,0.0083083,-0.195131,-0.788582,0.418481
711.8,-0.0110455,-0.195274,-0.884777,0.447584
711.9,-0.0286534,-0.197152,-0.980933,0.47471
712,-0.0448562,-0.200957,-1.07698,0.500085
712.1,-0.05998,-0.206875,-1.17283,0.523884
712.2,-0.0743373,-0.21509,-1.26838,0.546243
712.3,-0.0882292,-0.225801,-1.36353,0.567267
712.4,-0.101948,-0.239229,-1.45813,0.587033
712.5,-0.11578,-0.255622,-1.55202,0.605595
712.6,-0.130012,-0.275272,-1.64499,0.622981
712.7,-0.144929,-0.298517,-1.73677,0.639196
712.8,-0.160829,-0.325756,-1.82704,0.654216
712.9,-0.17802,-0.357453,-1.91539,0.667985
713,-0.196828,-0.394145,-2.00129,0.680411
713.1,-0.217605,-0.436457,-2.08407,0.691355
713.2,-0.240731,-0.485099,-2.16287,0.700619
713.3,-0.266624,-0.540874,-2.2366,0.707934
713.4,-0.295742,-0.604677,-2.30384,0.712934
713.5,-0.328587,-0.677477,-2.36279,0.715132
713.6,-0.365711,-0.7603,-2.41118,0.713877
713.7,-0.407711,-0.854174,-2.4461,0.70831
713.8,-0.45522,-0.960056,-2.46391,0.697304
713.9,-0.508898,-1.0787,-2.4601,0.679388
714,-0.569392,-1.21048,-2.4292,0.652695
714.1,-0.637297,-1.35509,-2.36474,0.61496
714.2,-0.713075,-1.51123,-2.25939,0.563742
714.3,-0.79695,-1.67608,-2.10536,0.497156
714.4,-0.888767,-1.8448,-1.89523,0.415471
714.5,-0.987803,-2.01005,-1.62325,0.415471
714.6,-1.09257,-2.16162,-1.2873,0.415471
714.7,-1.20062,-2.28668,-0.891241,0.415471
714.8,-1.30842,-2.37065,-0.44703,0.415471
714.9,-1.41137,-2.39916,0.0242198,0.415471
715,-1.50408,-2.36081,0.493482,0.415471
715.1,-1.58083,-2.25014,0.927901,0.415471
715.2,-1.63632,-2.06975,1.29708,0.415471
715.3,-1.6664,-1.83055,1.57953,0.415471
715.4,-1.66869,-1.54983,1.76675,0.415471
715.5,-1.64286,-1.24772,1.86343,0.415471
715.6,-1.59049,-0.943508,1.88412,0.415471
715.7,-1.5147,-0.652806,1.84827,0.415471
715.8,-1.41956,-0.386315,1.77562,0.415471
715.9,-1.30955,-0.149922,1.68313,0.415471
716,-1.18906,0.054374,1.58368,0.415471
716.1,-1.06213,0.22725,1.48598,0.415471
716.2,-0.932256,0.370949,1.39524,0.415471
716.3,-0.802361,0.488437,1.314,0.415471
716.4,-0.674787,0.58284,1.24295,0.415471
716.5,-0.551366,0.657129,1.18163,0.415471
716.6,-0.433484,0.713977,1.12884,0.415471
716.7,-0.322158,0.755721,1.08303,0.415471
716.8,-0.218101,0.784388,1.04249,0.415471
716.9,-0.121779,0.801748,1.00553,0.415471
717,-0.0334536,0.809375,0.970542,0.415471
717.1,0.0467799,0.808699,0.936099,0.415471
717.2,0.118966,0.801046,0.900967,0.415471
717.3,0.183268,0.787669,0.864136,0.415471
717.4,0.239949,0.76976,0.82483,0.415471
717.5,0.289359,0.748453,0.782494,0.415471
717.6,0.331919,0.724821,0.736784,0.415471
717.7,0.368108,0.699863,0.687543,0.415471
717.8,0.398451,0.674494,0.634769,0.415471
717.9,0.423507,0.649535,0.578592,0.415471
718,0.443852,0.625709,0.519238,0.415471
718.1,0.460074,0.60363,0.457003,0.415471
718.2,0.472757,0.583812,0.392232,0.415471
718.3,0.482473,0.566666,0.325297,0.415471
718.4,0.489776,0.552515,0.256584,-0.1902
718.5,0.495192,0.5416,0.186482,-0.133904
718.6,0.499217,0.534094,0.115379,-0.0799945
718.7,0.502315,0.530111,0.0436606,-0.0291528
718.8,0.504913,0.529726,-0.02829,0.0181605
718.9,0.507403,0.532977,-0.100089,0.0617188
719,0.510142,0.539887,-0.171345,0.101465
719.1,0.513455,0.550461,-0.241656,0.137454
719.2,0.517636,0.564703,-0.310599,0.169792
719.3,0.522953,0.582618,-0.377723,0.198601
719.4,0.529646,0.604213,-0.442541,0.223995
719.5,0.537936,0.629501,-0.504522,0.246056
719.6,0.548023,0.658499,-0.563082,0.264835
719.7,0.560089,0.691222,-0.617571,0.280338
719.8,0.574302,0.727678,-0.667272,0.29253
719.9,0.590812,0.767857,-0.711389,0.301336
720,0.609753,0.811716,-0.749045,0.306641
720.1,0.63124,0.859162,-0.779279,0.3083
720.2,0.655364,0.910029,-0.801055,0.306151
720.3,0.682188,0.964051,-0.813273,0.300032
720.4,0.711738,1.02083,-0.814794,0.289813
720.5,0.743991,1.07982,-0.804479,0.27543
720.6,0.778864,1.14025,-0.781249,0.256936
720.7,0.816201,1.20115,-0.744163,0.234568
720.8,0.855754,1.26127,-0.692515,0.234568
720.9,0.897167,1.31913,-0.625958,0.234568
721,0.939966,1.37297,-0.544638,0.234568
721.1,0.983543,1.42084,-0.449322,0.234568
721.2,1.02716,1.46065,-0.341516,0.234568
721.3,1.06993,1.49031,-0.22353,0.234568
721.4,1.11089,1.50787,-0.0984748,0.234568
721.5,1.14897,1.51172,0.0298365,0.234568
721.6,1.18308,1.50075,0.157094,0.234568
721.7,1.21216,1.47454,0.278786,0.234568
721.8,1.23525,1.43342,0.390556,0.234568
721.9,1.25156,1.37856,0.488565,0.234568
722,1.26051,1.31187,0.569803,0.234568
722.1,1.26178,1.23583,0.632289,0.234568
722.2,1.25536,1.15331,0.675144,0.234568
722.3,1.2415,1.06732,0.698521,0.234568
722.4,1.22073,0.980803,0.703439,0.234568
722.5,1.19379,0.896402,0.691544,0.234568
722.6,1.16158,0.816363,0.664861,0.234568
722.7,1.1251,0.742451,0.625565,0.234568
722.8,1.0854,0.675944,0.575805,0.234568
722.9,1.04355,0.617655,0.517576,0.234568
723,1.00055,0.567998,0.452655,0.234568
723.1,0.957338,0.527055,0.382569,0.234568
723.2,0.914757,0.494657,0.308603,0.234568
723.3,0.873545,0.470456,0.23183,0.234568
723.4,0.83433,0.453986,0.15314,0.234568
723.5,0.797633,0.444721,0.0732803,-0.0441061
723.6,0.763872,0.442114,-0.00710487,0.00422805
723.7,0.733376,0.445634,-0.0874458,0.0509356
723.8,0.706394,0.454783,-0.167217,0.0946829
723.9,0.683104,0.46912,-0.245913,0.134778
724,0.66363,0.488264,-0.323033,0.170955
724.1,0.648051,0.511902,-0.398056,0.203186
724.2,0.63641,0.539784,-0.470435,0.231543
724.3,0.628729,0.571727,-0.539577,0.256127
724.4,0.625009,0.607598,-0.604834,0.277015
724.5,0.625243,0.647309,-0.665491,0.294246
724.6,0.629417,0.6908,-0.720754,0.307809
724.7,0.637513,0.738024,-0.769741,0.317638
724.8,0.649511,0.78892,-0.811476,0.32362
724.9,0.665385,0.843396,-0.844888,0.325599
725,0.685099,0.901287,-0.86881,0.323392
725.1,0.708602,0.962331,-0.881999,0.316811
725.2,0.735813,1.02612,-0.883157,0.305695
725.3,0.766615,1.09207,-0.870985,0.289962
725.4,0.800834,1.15935,-0.844241,0.269666
725.5,0.838221,1.22687,-0.801844,0.269666
725.6,0.878433,1.29326,-0.74299,0.269666
725.7,0.921012,1.35679,-0.667305,0.269666
725.8,0.965367,1.41546,-0.575005,0.269666
725.9,1.01076,1.46702,-0.467066,0.269666
726,1.0563,1.50907,-0.345358,0.269666
726.1,1.10094,1.5392,-0.21272,0.269666
726.2,1.14355,1.55523,-0.0729409,0.269666
726.3,1.18286,1.55539,0.0693875,0.269666
726.4,1.21764,1.53858,0.209151,0.269666
726.5,1.24667,1.50452,0.341105,0.269666
726.6,1.26888,1.45392,0.460328,0.269666
726.7,1.28343,1.3884,0.56266,0.269666
726.8,1.28974,1.31043,0.645051,0.269666
726.9,1.28754,1.22312,0.705749,0.269666
727,1.27693,1.12987,0.744316,0.269666
727.1,1.25831,1.03416,0.761482,0.269666
727.2,1.23237,0.939256,0.758879,0.269666
727.3,1.20003,0.847979,0.738731,0.269666
727.4,1.16234,0.762624,0.703551,0.269666
727.5,1.12048,0.684896,0.655884,0.269666
727.6,1.07562,0.615932,0.598128,0.269666
727.7,1.02891,0.556357,0.532421,0.269666
727.8,0.981451,0.506375,0.460592,0.269666
727.9,0.934208,0.465859,0.384161,0.269666
728,0.888049,0.434445,0.304366,0.269666
728.1,0.843712,0.411608,0.222208,0.269666
728.2,0.801812,0.396736,0.138493,-0.0899418
728.3,0.762843,0.389182,0.0538898,-0.0346886
728.4,0.727191,0.388305,-0.0310393,0.0195336
728.5,0.695148,0.393504,-0.115796,0.0706002
728.6,0.66692,0.404234,-0.199921,0.117458
728.7,0.642647,0.420026,-0.282967,0.159769
728.8,0.622416,0.440487,-0.364483,0.197584
728.9,0.606271,0.465308,-0.443999,0.231101
729,0.594225,0.49426,-0.521005,0.260564
729.1,0.586274,0.527187,-0.594945,0.286177
729.2,0.582401,0.564001,-0.665202,0.308088
729.3,0.582587,0.604666,-0.731081,0.326378
729.4,0.586811,0.649192,-0.791801,0.341058
729.5,0.595058,0.697606,-0.846478,0.352068
729.6,0.607317,0.749941,-0.894118,0.359285
729.7,0.62358,0.806204,-0.933603,0.362518
729.8,0.643838,0.866347,-0.96369,0.361539
729.9,0.668074,0.930229,-0.983019,0.356078
730,0.696254,0.997573,-0.990123,0.345864
730.1,0.728309,1.06791,-0.983472,0.330673
730.2,0.764126,1.14055,-0.96153,0.310389
730.3,0.803518,1.21447,-0.922845,0.285095
730.4,0.846205,1.28834,-0.86618,0.285095
730.5,0.891789,1.36042,-0.790677,0.285095
730.6,0.939723,1.42859,-0.696055,0.285095
730.7,0.989294,1.49036,-0.582829,0.285095
730.8,1.03961,1.54295,-0.452513,0.285095
730.9,1.08957,1.58348,-0.307783,0.285095
731,1.13794,1.60913,-0.152529,0.285095
731.1,1.18333,1.61747,0.00823843,0.285095
731.2,1.22428,1.60673,0.168655,0.285095
731.3,1.25935,1.57608,0.322449,0.285095
731.4,1.28721,1.52581,0.463507,0.285095
731.5,1.30675,1.45745,0.586465,0.285095
731.6,1.31714,1.37358,0.687218,0.285095
731.7,1.31795,1.27769,0.763248,0.285095
731.8,1.30914,1.17378,0.813701,0.285095
731.9,1.29106,1.06601,0.839248,0.285095
732,1.26442,0.958325,0.84176,0.285095
732.1,1.23021,0.854195,0.823904,0.285095
732.2,1.18964,0.756427,0.788735,0.285095
732.3,1.14402,0.667105,0.739353,0.285095
732.4,1.09471,0.587606,0.678656,0.285095
732.5,1.04303,0.518672,0.609193,0.285095
732.6,0.990234,0.460523,0.533104,0.285095
732.7,0.937443,0.412976,0.452122,0.285095
732.8,0.885645,0.375561,0.367614,0.285095
732.9,0.83568,0.34762,0.28064,0.285095
733,0.788239,0.328392,0.192021,-0.140526
733.1,0.743872,0.317082,0.102398,-0.0739432
733.2,0.703002,0.312903,0.0122846,-0.0085988
733.3,0.665939,0.31512,-0.0778866,0.0522525
733.4,0.632895,0.323069,-0.167733,0.107316
733.5,0.604007,0.336175,-0.256893,0.156474
733.6,0.579344,0.353959,-0.345009,0.200116
733.7,0.558931,0.376041,-0.431708,0.238772
733.8,0.542758,0.40214,-0.516588,0.272945
733.9,0.530795,0.432071,-0.599209,0.303053
734,0.522999,0.465733,-0.679076,0.329407
734.1,0.519328,0.503107,-0.755628,0.352221
734.2,0.519744,0.544243,-0.828224,0.371612
734.3,0.524221,0.589242,-0.896124,0.38761
734.4,0.532747,0.638248,-0.958478,0.400165
734.5,0.545325,0.691422,-1.0143,0.409144
734.6,0.561975,0.748922,-1.06246,0.414339
734.7,0.582726,0.810869,-1.10166,0.415467
734.8,0.607616,0.877317,-1.13044,0.41218
734.9,0.636675,0.948198,-1.14715,0.404068
735,0.669921,1.02328,-1.15,0.39072
735.1,0.707332,1.10208,-1.13708,0.371756
735.2,0.748831,1.18381,-1.10644,0.34693
735.3,0.794257,1.26732,-1.0562,0.316267
735.4,0.843328,1.35097,-0.984742,0.316267
735.5,0.895611,1.43261,-0.890904,0.316267
735.6,0.950485,1.50957,-0.774292,0.316267
735.7,1.00711,1.57867,-0.635576,0.316267
735.8,1.06439,1.63636,-0.476783,0.316267
735.9,1.12102,1.67893,-0.30152,0.316267
736,1.17543,1.70284,-0.115033,0.316267
736.1,1.22591,1.70512,0.0759716,0.316267
736.2,1.27067,1.68376,0.263772,0.316267
736.3,1.30797,1.63813,0.44033,0.316267
736.4,1.33623,1.56915,0.598134,0.316267
736.5,1.3542,1.47937,0.731023,0.316267
736.6,1.36106,1.37265,0.834816,0.316267
736.7,1.35649,1.25384,0.907603,0.316267
736.8,1.34068,1.12819,0.949669,0.316267
736.9,1.31429,1.00085,0.963111,0.316267
737,1.27841,0.876437,0.951267,0.316267
737.1,1.23439,0.758731,0.918114,0.316267
737.2,1.18381,0.65055,0.867739,0.316267
737.3,1.12829,0.553751,0.803955,0.316267
737.4,1.06943,0.469335,0.730074,0.316267
737.5,1.00875,0.397595,0.648815,0.316267
737.6,0.947627,0.33828,0.562308,0.316267
737.7,0.887251,0.290765,0.47216,0.316267
737.8,0.828635,0.254177,0.379547,0.316267
737.9,0.772604,0.227518,0.285316,-0.265048
738,0.719806,0.209741,0.190069,-0.172374
738.1,0.670729,0.199821,0.0942378,-0.0808776
738.2,0.625718,0.196791,-0.00185079,0.00148268
738.3,0.585001,0.199778,-0.0979376,0.0730116
738.4,0.548701,0.208014,-0.193796,0.134726
738.5,0.516867,0.220849,-0.289212,0.188249
738.6,0.489485,0.237754,-0.383967,0.235064
738.7,0.466497,0.258321,-0.477825,0.276351
738.8,0.447818,0.282256,-0.57053,0.312999
738.9,0.43335,0.309377,-0.661788,0.34566
739,0.42299,0.339603,-0.751268,0.374804
739.1,0.416643,0.372953,-0.838584,0.40076
739.2,0.414228,0.40953,-0.923287,0.423741
739.3,0.415688,0.449517,-1.00485,0.443866
739.4,0.420988,0.493165,-1.08265,0.461169
739.5,0.430127,0.540785,-1.15594,0.475607
739.6,0.443135,0.592729,-1.22384,0.487055
739.7,0.460072,0.649379,-1.28529,0.495308
739.8,0.481032,0.711121,-1.33904,0.50007
739.9,0.506134,0.778317,-1.38362,0.50095
740,0.535518,0.851264,-1.41726,0.497451
740.1,0.569333,0.930146,-1.43796,0.488974
740.2,0.607726,1.01496,-1.44341,0.474829
740.3,0.650813,1.10544,-1.43104,0.454281
740.4,0.69866,1.20094,-1.39806,0.426646
740.5,0.751241,1.30032,-1.34164,0.391474
740.6,0.808395,1.40181,-1.25904,0.348822
740.7,0.869772,1.50291,-1.14797,0.348822
740.8,0.934776,1.60025,-1.00701,0.348822
740.9,1.00251,1.68964,-0.836073,0.348822
741,1.07172,1.76613,-0.637018,0.348822
741.1,1.14079,1.82434,-0.414072,0.348822
741.2,1.20771,1.85887,-0.174105,0.348822
741.3,1.27022,1.865,0.0735211,0.348822
741.4,1.32584,1.83939,0.317603,0.348822
741.5,1.37214,1.78076,0.546261,0.348822
741.6,1.40689,1.69032,0.748417,0.348822
741.7,1.42833,1.57181,0.915264,0.348822
741.8,1.43532,1.4311,1.04134,0.348822
741.9,1.42748,1.27543,1.12492,0.348822
742,1.40516,1.11248,1.16777,0.348822
742.1,1.36939,0.949524,1.17423,0.348822
742.2,1.32178,0.792716,1.15019,0.348822
742.3,1.26428,0.646775,1.10202,0.348822
742.4,1.19901,0.514874,1.03575,0.348822
742.5,1.12816,0.398773,0.95661,0.348822
742.6,1.0538,0.299063,0.868772,0.348822
742.7,0.977806,0.215456,0.775381,0.348822
742.8,0.901834,0.147053,0.678662,0.348822
742.9,0.827267,0.0925798,0.580096,0.348822
743,0.755228,0.0505654,0.480609,0.348822
743.1,0.686585,0.0194731,0.380734,0.348822
743.2,0.621984,-0.00220879,0.280744,0.348822
743.3,0.561863,-0.0159084,0.180755,-0.285453
743.4,0.506493,-0.0229349,0.0807948,-0.0959701
743.5,0.455998,-0.024459,-0.019147,0.0190167
743.6,0.410388,-0.0215056,-0.119093,0.103419
743.7,0.369579,-0.0149527,-0.219058,0.170707
743.8,0.333422,-0.0055359,-0.319046,0.227015
743.9,0.301715,0.00614405,-0.419045,0.275664
744,0.274226,0.0196121,-0.519027,0.318648
744.1,0.250707,0.0345086,-0.618953,0.357244
744.2,0.230902,0.0505789,-0.718771,0.392315
744.3,0.214561,0.0676633,-0.81842,0.424466
744.4,0.201446,0.0856877,-0.91783,0.454138
744.5,0.19134,0.104655,-1.01692,0.481658
744.6,0.184049,0.124639,-1.11561,0.507273
744.7,0.179408,0.145777,-1.21378,0.531173
744.8,0.177284,0.168267,-1.31131,0.553503
744.9,0.177578,0.192367,-1.40806,0.574371
745,0.180227,0.218389,-1.50384,0.593852
745.1,0.185209,0.246707,-1.59844,0.611992
745.2,0.19254,0.277753,-1.69157,0.628806
745.3,0.202279,0.312023,-1.78288,0.644277
745.4,0.214531,0.350081,-1.87193,0.65835
745.5,0.229447,0.392565,-1.95816,0.670932
745.6,0.24723,0.440192,-2.04084,0.681874
745.7,0.268134,0.493756,-2.11906,0.690967
745.8,0.292468,0.554135,-2.19164,0.697921
745.9,0.320599,0.622281,-2.25708,0.70234
746,0.352956,0.699203,-2.31348,0.7037
746.1,0.390019,0.785937,-2.3584,0.7013
746.2,0.432325,0.88349,-2.38881,0.694219
746.3,0.480449,0.992749,-2.40089,0.681255
746.4,0.534983,1.11434,-2.38999,0.660858
746.5,0.596504,1.24842,-2.35052,0.631099
746.6,0.665514,1.3944,-2.27598,0.589726
746.7,0.74236,1.55055,-2.15917,0.534524
746.8,0.827119,1.71355,-1.99272,0.464262
746.9,0.919445,1.87799,-1.76995,0.464262
747,1.01839,2.03593,-1.4864,0.464262
747.1,1.12222,2.17677,-1.14175,0.464262
747.2,1.22823,2.28759,-0.742006,0.464262
747.3,1.33268,2.35435,-0.301302,0.464262
747.4,1.43086,2.36395,0.157731,0.464262
747.5,1.51745,2.30697,0.605904,0.464262
747.6,1.587,2.18029,1.012,0.464262
747.7,1.63467,1.9887,1.34891,0.464262
747.8,1.6569,1.74447,1.59921,0.464262
747.9,1.65192,1.46513,1.75808,0.464262
748,1.61992,1.17,1.83254,0.464262
748.1,1.56284,0.876793,1.83783,0.464262
748.2,1.48397,0.599405,1.79269,0.464262
748.3,1.38736,0.347009,1.71539,0.464262
748.4,1.27734,0.124372,1.62124,0.464262
748.5,1.15811,-0.0671894,1.52161,0.464262
748.6,1.03346,-0.228685,1.42409,0.464262
748.7,0.906676,-0.362459,1.33311,0.464262
748.8,0.780445,-0.471445,1.25075,0.464262
748.9,0.656931,-0.558688,1.17752,0.464262
749,0.537803,-0.627074,1.11288,0.464262
749.1,0.424309,-0.679206,1.05573,0.464262
749.2,0.317347,-0.717379,1.00465,0.464262
749.3,0.217524,-0.743595,0.958153,0.464262
749.4,0.125212,-0.759613,0.914764,0.464262
749.5,0.04059,-0.766995,0.873128,0.464262
749.6,-0.0363213,-0.767149,0.832052,0.464262
749.7,-0.105631,-0.761363,0.790529,0.464262
749.8,-0.167556,-0.750831,0.747751,0.464262
749.9,-0.222401,-0.736662,0.703107,0.464262
750,-0.270545,-0.719888,0.656174,0.464262
750.1,-0.312424,-0.701462,0.606696,0.464262
750.2,-0.348519,-0.682255,0.554571,0.464262
750.3,-0.379347,-0.663053,0.499816,0.464262
750.4,-0.405442,-0.644551,0.442553,0.464262
750.5,-0.427351,-0.627353,0.382982,0.464262
750.6,-0.445624,-0.611974,0.321362,0.464262
750.7,-0.4608,-0.59884,0.25799,-0.189504
750.8,-0.473404,-0.588301,0.193197,-0.136824
750.9,-0.483943,-0.580629,0.127328,-0.086901
751,-0.492897,-0.576038,0.0607446,-0.0399302
751.1,-0.500717,-0.574686,-0.00618297,0.00391249
751.2,-0.507826,-0.576689,-0.0730739,0.0445032
751.3,-0.514615,-0.58213,-0.139536,0.0817876
751.4,-0.521444,-0.591067,-0.20516,0.115755
751.5,-0.528645,-0.603537,-0.269517,0.146447
751.6,-0.536519,-0.61957,-0.332151,0.173909
751.7,-0.545343,-0.639183,-0.392574,0.198188
751.8,-0.555367,-0.66239,-0.450256,0.219318
751.9,-0.56682,-0.689195,-0.504621,0.23731
752,-0.579907,-0.719592,-0.555039,0.252148
752.1,-0.594815,-0.753558,-0.600818,0.263786
752.2,-0.611707,-0.791045,-0.641206,0.272152
752.3,-0.630726,-0.831968,-0.675384,0.277146
752.4,-0.65199,-0.876184,-0.702468,0.278651
752.5,-0.67559,-0.923483,-0.721524,0.276547
752.6,-0.701582,-0.973554,-0.731575,0.270725
752.7,-0.729982,-1.02597,-0.731635,0.261115
752.8,-0.760759,-1.08015,-0.720742,0.247723
752.9,-0.793819,-1.13535,-0.698016,0.230654
753,-0.828997,-1.19062,-0.662728,0.230654
753.1,-0.866045,-1.24481,-0.614385,0.230654
753.2,-0.904618,-1.29655,-0.552833,0.230654
753.3,-0.944262,-1.34428,-0.478358,0.230654
753.4,-0.984414,-1.3863,-0.391791,0.230654
753.5,-1.0244,-1.42082,-0.294586,0.230654
753.6,-1.06342,-1.44609,-0.188861,0.230654
753.7,-1.10063,-1.4605,-0.0773735,0.230654
753.8,-1.13508,-1.46275,0.0365694,0.230654
753.9,-1.16585,-1.452,0.149286,0.230654
754,-1.19202,-1.42795,0.256961,0.230654
754.1,-1.21278,-1.39097,0.355925,0.230654
754.2,-1.22746,-1.34206,0.442936,0.230654
754.3,-1.23558,-1.28286,0.515425,0.230654
754.4,-1.23687,-1.21546,0.571649,0.230654
754.5,-1.23133,-1.14229,0.610757,0.230654
754.6,-1.21918,-1.06591,0.632744,0.230654
754.7,-1.20086,-0.988815,0.638333,0.230654
754.8,-1.17701,-0.913318,0.628791,0.230654
754.9,-1.1484,-0.841397,0.605745,0.230654
755,-1.11591,-0.774657,0.570994,0.230654
755.1,-1.08046,-0.714295,0.526364,0.230654
755.2,-1.04298,-0.661123,0.473596,0.230654
755.3,-1.00438,-0.615607,0.414281,0.230654
755.4,-0.9655,-0.577919,0.349828,0.230654
755.5,-0.927108,-0.548004,0.281456,0.230654
755.6,-0.889891,-0.525633,0.210211,0.230654
755.7,-0.854438,-0.510462,0.13699,0.230654
755.8,-0.821247,-0.502077,0.0625662,-0.034989
755.9,-0.790726,-0.500035,-0.012379,0.00688313
756,-0.763205,-0.503889,-0.0872298,0.0477848
756.1,-0.738937,-0.513214,-0.161411,0.0865237
756.2,-0.718115,-0.527621,-0.234369,0.122356
756.3,-0.700877,-0.546768,-0.305549,0.15488
756.4,-0.687318,-0.570362,-0.374385,0.18391
756.5,-0.677501,-0.598159,-0.440282,0.209382
756.6,-0.671458,-0.629961,-0.502607,0.231281
756.7,-0.669203,-0.665606,-0.560675,0.249603
756.8,-0.670736,-0.70496,-0.613742,0.264323
756.9,-0.676042,-0.747897,-0.660999,0.275394
757,-0.685097,-0.794285,-0.701567,0.282739
757.1,-0.697865,-0.843964,-0.734493,0.286252
757.2,-0.714297,-0.896717,-0.758764,0.285813
757.3,-0.734322,-0.952243,-0.773311,0.281306
757.4,-0.757843,-1.01013,-0.777045,0.272647
757.5,-0.784727,-1.0698,-0.768888,0.259817
757.6,-0.814787,-1.13052,-0.747834,0.242903
757.7,-0.847777,-1.19131,-0.713022,0.242903
757.8,-0.883369,-1.25097,-0.663837,0.242903
757.9,-0.92114,-1.30807,-0.600021,0.242903
758,-0.960558,-1.36092,-0.521796,0.242903
758.1,-1.00098,-1.40767,-0.429988,0.242903
758.2,-1.04162,-1.44634,-0.326126,0.242903
758.3,-1.08161,-1.47497,-0.212501,0.242903
758.4,-1.11995,-1.49174,-0.0921516,0.242903
758.5,-1.15561,-1.49518,0.0312389,0.242903
758.6,-1.18751,-1.48429,0.153535,0.242903
758.7,-1.21463,-1.45872,0.270432,0.242903
758.8,-1.23604,-1.41885,0.377789,0.242903
758.9,-1.25097,-1.36583,0.47196,0.242903
759,-1.25887,-1.30148,0.550086,0.242903
759.1,-1.25944,-1.2282,0.610274,0.242903
759.2,-1.25266,-1.14871,0.651664,0.242903
759.3,-1.23878,-1.06589,0.674368,0.242903
759.4,-1.21829,-0.982532,0.679314,0.242903
759.5,-1.19189,-0.901161,0.668028,0.242903
759.6,-1.16045,-0.823934,0.642403,0.242903
759.7,-1.12492,-0.752557,0.604493,0.242903
759.8,-1.08631,-0.688272,0.556336,0.242903
759.9,-1.04564,-0.631887,0.499843,0.242903
760,-1.00388,-0.583824,0.436726,0.242903
760.1,-0.961921,-0.544193,0.368471,0.242903
760.2,-0.920588,-0.512858,0.296341,0.242903
760.3,-0.880596,-0.489505,0.221399,0.242903
760.4,-0.842557,-0.473709,0.144537,0.242903
760.5,-0.80698,-0.464979,0.0665123,-0.038928
760.6,-0.774279,-0.462803,-0.0120168,0.00696749
760.7,-0.744779,-0.466676,-0.0904633,0.0514603
760.8,-0.718729,-0.476128,-0.168283,0.09328
760.9,-0.69631,-0.490734,-0.24495,0.131719
761,-0.677648,-0.510128,-0.319943,0.166462
761.1,-0.662827,-0.534004,-0.39272,0.197422
761.2,-0.651895,-0.562117,-0.462714,0.22462
761.3,-0.644876,-0.594278,-0.529313,0.24811
761.4,-0.641775,-0.630345,-0.591849,0.267937
761.5,-0.642586,-0.670215,-0.64959,0.284118
761.6,-0.647295,-0.713803,-0.701729,0.296621
761.7,-0.65588,-0.761032,-0.747376,0.305373
761.8,-0.668315,-0.811803,-0.785555,0.310259
761.9,-0.684564,-0.865974,-0.815203,0.311136
762,-0.704578,-0.923326,-0.835181,0.307839
762.1,-0.728286,-0.983532,-0.84429,0.300217
762.2,-0.755587,-1.04612,-0.841306,0.288165
762.3,-0.786334,-1.11041,-0.82503,0.27167
762.4,-0.820321,-1.17553,-0.794363,0.250871
762.5,-0.857265,-1.24031,-0.748401,0.250871
762.6,-0.896785,-1.30331,-0.686563,0.250871
762.7,-0.938385,-1.36283,-0.608727,0.250871
762.8,-0.981442,-1.41686,-0.515385,0.250871
762.9,-1.02519,-1.46324,-0.407782,0.250871
763,-1.06873,-1.49972,-0.28802,0.250871
763.1,-1.11103,-1.52411,-0.159096,0.250871
763.2,-1.15096,-1.5345,-0.0248393,0.250871
763.3,-1.18734,-1.52945,0.110263,0.250871
763.4,-1.219,-1.50819,0.241361,0.250871
763.5,-1.24483,-1.47077,0.363621,0.250871
763.6,-1.2639,-1.41812,0.472634,0.250871
763.7,-1.27548,-1.35202,0.564796,0.250871
763.8,-1.27911,-1.27497,0.637581,0.250871
763.9,-1.27465,-1.18997,0.68967,0.250871
764,-1.26228,-1.10024,0.720923,0.250871
764.1,-1.24244,-1.00901,0.732215,0.250871
764.2,-1.21586,-0.919223,0.725189,0.250871
764.3,-1.18344,-0.833429,0.701971,0.250871
764.4,-1.14622,-0.753661,0.664905,0.250871
764.5,-1.10531,-0.681412,0.616337,0.250871
764.6,-1.06181,-0.617658,0.558465,0.250871
764.7,-1.01683,-0.56292,0.493244,0.250871
764.8,-0.971354,-0.517343,0.422354,0.250871
764.9,-0.92631,-0.48078,0.347197,0.250871
765,-0.882496,-0.452874,0.268931,0.250871
765.1,-0.840594,-0.433133,0.188501,0.250871
765.2,-0.801174,-0.420987,0.106689,-0.0665715
765.3,-0.764692,-0.415839,0.0241491,-0.0149196
765.4,-0.731507,-0.417103,-0.0585486,0.0353947
765.5,-0.701888,-0.42423,-0.140891,0.0826858
765.6,-0.676029,-0.436727,-0.222396,0.126091
765.7,-0.654062,-0.454169,-0.302586,0.165306
765.8,-0.636071,-0.476204,-0.380977,0.200328
765.9,-0.622099,-0.502554,-0.457056,0.23129
766,-0.612164,-0.533013,-0.530273,0.258351
766.1,-0.606266,-0.56744,-0.600024,0.281647
766.2,-0.604394,-0.605748,-0.66564,0.301268
766.3,-0.606531,-0.647893,-0.726375,0.317245
766.4,-0.612661,-0.693858,-0.781393,0.329546
766.5,-0.622765,-0.743634,-0.829758,0.33808
766.6,-0.636828,-0.797193,-0.870429,0.342702
766.7,-0.654831,-0.854462,-0.902252,0.343219
766.8,-0.676743,-0.91529,-0.923972,0.339408
766.9,-0.702521,-0.979406,-0.93424,0.331044
767,-0.732089,-1.04638,-0.931651,0.317938
767.1,-0.76533,-1.11556,-0.914794,0.299992
767.2,-0.802063,-1.18605,-0.882332,0.27727
767.3,-0.842024,-1.25664,-0.833109,0.27727
767.4,-0.884843,-1.32578,-0.766297,0.27727
767.5,-0.93002,-1.39156,-0.681563,0.27727
767.6,-0.976908,-1.45176,-0.579261,0.27727
767.7,-1.02469,-1.50387,-0.460613,0.27727
767.8,-1.07239,-1.54527,-0.327862,0.27727
767.9,-1.11886,-1.57335,-0.184332,0.27727
768,-1.16285,-1.58582,-0.0343836,0.27727
768.1,-1.203,-1.58087,0.116792,0.27727
768.2,-1.23798,-1.55754,0.263524,0.27727
768.3,-1.26652,-1.5158,0.400137,0.27727
768.4,-1.28751,-1.45672,0.521471,0.27727
768.5,-1.30013,-1.38238,0.623357,0.27727
768.6,-1.30385,-1.29573,0.702963,0.27727
768.7,-1.29851,-1.20031,0.758937,0.27727
768.8,-1.28433,-1.0999,0.791354,0.27727
768.9,-1.26186,-0.998233,0.801486,0.27727
769,-1.23193,-0.898676,0.791467,0.27727
769.1,-1.19559,-0.804072,0.763938,0.27727
769.2,-1.15404,-0.716631,0.721713,0.27727
769.3,-1.10853,-0.637909,0.66753,0.27727
769.4,-1.06033,-0.568859,0.603876,0.27727
769.5,-1.01063,-0.509915,0.532908,0.27727
769.6,-0.960535,-0.461092,0.456418,0.27727
769.7,-0.911044,-0.422094,0.37586,0.27727
769.8,-0.863007,-0.39241,0.292392,0.27727
769.9,-0.817141,-0.371398,0.206928,-0.141598
770,-0.774032,-0.358352,0.120196,-0.0821562
770.1,-0.73414,-0.352554,0.0327905,-0.0219931
770.2,-0.697814,-0.353315,-0.0547898,0.0355934
770.3,-0.66531,-0.36,-0.142102,0.0887503
770.4,-0.636798,-0.37205,-0.228735,0.136831
770.5,-0.612386,-0.388988,-0.314283,0.17985
770.6,-0.59213,-0.410429,-0.398331,0.218091
770.7,-0.576047,-0.436077,-0.48044,0.251915
770.8,-0.56413,-0.465725,-0.560131,0.281652
770.9,-0.556357,-0.499245,-0.636873,0.307566
771,-0.552698,-0.536584,-0.710071,0.329838
771.1,-0.553125,-0.577747,-0.779049,0.348566
771.2,-0.557616,-0.62279,-0.843039,0.363769
771.3,-0.566157,-0.671797,-0.901164,0.375387
771.4,-0.578745,-0.724861,-0.952422,0.38329
771.5,-0.595383,-0.782059,-0.995676,0.387276
771.6,-0.616083,-0.843421,-1.02965,0.387079
771.7,-0.640852,-0.908891,-1.0529,0.382386
771.8,-0.669686,-0.978283,-1.06389,0.37286
771.9,-0.702556,-1.05123,-1.06093,0.35818
772,-0.739386,-1.1271,-1.0423,0.338111
772.1,-0.780039,-1.20499,-1.00631,0.312598
772.2,-0.824281,-1.28359,-0.951429,0.281877
772.3,-0.871761,-1.36119,-0.876462,0.281877
772.4,-0.921971,-1.43561,-0.780761,0.281877
772.5,-0.974226,-1.50422,-0.66448,0.281877
772.6,-1.02764,-1.56403,-0.528831,0.281877
772.7,-1.0811,-1.61181,-0.376302,0.281877
772.8,-1.13331,-1.64434,-0.210773,0.281877
772.9,-1.18279,-1.6587,-0.0374832,0.281877
773,-1.22795,-1.6526,0.137222,0.281877
773.1,-1.26719,-1.62476,0.306357,0.281877
773.2,-1.29899,-1.57517,0.462937,0.281877
773.3,-1.32204,-1.50517,0.600687,0.281877
773.4,-1.33535,-1.41744,0.714683,0.281877
773.5,-1.33833,-1.31569,0.80179,0.281877
773.6,-1.33085,-1.20437,0.860813,0.281877
773.7,-1.31321,-1.08812,0.892363,0.281877
773.8,-1.28613,-0.971416,0.898491,0.281877
773.9,-1.25067,-0.858202,0.882205,0.281877
774,-1.2081,-0.751676,0.846985,0.281877
774.1,-1.15987,-0.654202,0.79636,0.281877
774.2,-1.10746,-0.567328,0.733613,0.281877
774.3,-1.05232,-0.491877,0.661606,0.281877
774.4,-0.995806,-0.428074,0.582709,0.281877
774.5,-0.939157,-0.375685,0.498807,0.281877
774.6,-0.883443,-0.334156,0.411356,0.281877
774.7,-0.829574,-0.302725,0.321454,0.281877
774.8,-0.778294,-0.28052,0.22992,-0.185756
774.9,-0.730191,-0.266633,0.13737,-0.108932
775,-0.685709,-0.260169,0.0442776,-0.0337064
775.1,-0.645171,-0.260294,-0.0489772,0.0353743
775.2,-0.608789,-0.266253,-0.14207,0.0969122
775.3,-0.576693,-0.277391,-0.234702,0.151164
775.4,-0.548938,-0.293159,-0.326583,0.198922
775.5,-0.525532,-0.313118,-0.41741,0.241063
775.6,-0.50644,-0.336939,-0.506861,0.278344
775.7,-0.49161,-0.364399,-0.594579,0.311364
775.8,-0.480975,-0.395374,-0.680162,0.340572
775.9,-0.474469,-0.429831,-0.763152,0.366286
776,-0.47203,-0.467822,-0.843022,0.388711
776.1,-0.473615,-0.50947,-0.91916,0.407957
776.2,-0.479196,-0.554958,-0.990853,0.424041
776.3,-0.48877,-0.604515,-1.05726,0.436899
776.4,-0.502355,-0.658397,-1.11741,0.446385
776.5,-0.519996,-0.716868,-1.17015,0.452269
776.6,-0.541753,-0.780165,-1.21415,0.454236
776.7,-0.567705,-0.848468,-1.24787,0.451885
776.8,-0.597933,-0.921851,-1.26955,0.444739
776.9,-0.632511,-1.00023,-1.27722,0.432264
777,-0.671485,-1.08327,-1.26872,0.413916
777.1,-0.714855,-1.17033,-1.24175,0.389228
777.2,-0.762537,-1.26037,-1.19402,0.357957
777.3,-0.814332,-1.35182,-1.12337,0.320271
777.4,-0.869884,-1.4425,-1.02805,0.320271
777.5,-0.928631,-1.52962,-0.907022,0.320271
777.6,-0.989768,-1.6097,-0.760349,0.320271
777.7,-1.05221,-1.67872,-0.589604,0.320271
777.8,-1.11456,-1.7323,-0.398203,0.320271
777.9,-1.17515,-1.76607,-0.19159,0.320271
778,-1.23207,-1.77617,0.0228461,0.320271
778.1,-1.28327,-1.75972,0.236221,0.320271
778.2,-1.32669,-1.71539,0.438958,0.320271
778.3,-1.36043,-1.64376,0.621838,0.320271
778.4,-1.38291,-1.54737,0.777109,0.320271
778.5,-1.39305,-1.43052,0.899361,0.320271
778.6,-1.39033,-1.29881,0.986006,0.320271
778.7,-1.37488,-1.15845,1.03724,0.320271
778.8,-1.34737,-1.01557,1.05556,0.320271
778.9,-1.30898,-0.875686,1.04506,0.320271
779,-1.26127,-0.74328,1.0106,0.320271
779.1,-1.206,-0.621655,0.957166,0.320271
779.2,-1.14502,-0.512935,0.889318,0.320271
779.3,-1.08018,-0.418204,0.810958,0.320271
779.4,-1.01318,-0.337701,0.725208,0.320271
779.5,-0.945564,-0.271037,0.634441,0.320271
779.6,-0.87868,-0.217393,0.540378,0.320271
779.7,-0.813642,-0.175682,0.444218,0.320271
779.8,-0.751353,-0.144688,0.346765,-0.434935
779.9,-0.69251,-0.123157,0.248543,-0.29468
780,-0.637625,-0.109868,0.149887,-0.159454
780.1,-0.587051,-0.103679,0.051016,-0.0483639
780.2,-0.541002,-0.103553,-0.04792,0.0408507
780.3,-0.499579,-0.108581,-0.146803,0.113853
780.4,-0.462793,-0.117984,-0.245527,0.1751
780.5,-0.430588,-0.131114,-0.343981,0.227646
780.6,-0.402856,-0.147456,-0.442046,0.273551
780.7,-0.379458,-0.16662,-0.539584,0.314218
780.8,-0.360234,-0.188334,-0.636437,0.350621
780.9,-0.345023,-0.212437,-0.732425,0.383448
781,-0.333666,-0.238872,-0.827336,0.413184
781.1,-0.32602,-0.267676,-0.920924,0.440178
781.2,-0.321961,-0.298976,-1.0129,0.464671
781.3,-0.321396,-0.332982,-1.10292,0.486819
781.4,-0.324264,-0.369979,-1.19058,0.506712
781.5,-0.330537,-0.410324,-1.27536,0.524373
781.6,-0.340233,-0.454441,-1.35668,0.539766
781.7,-0.353405,-0.502811,-1.43379,0.552787
781.8,-0.370154,-0.555968,-1.50578,0.563264
781.9,-0.390622,-0.614481,-1.57156,0.570942
782,-0.414994,-0.678944,-1.62977,0.57547
782.1,-0.443493,-0.749941,-1.67877,0.576386
782.2,-0.476374,-0.828016,-1.71656,0.573094
782.3,-0.513917,-0.91361,-1.74078,0.564848
782.4,-0.556407,-1.00699,-1.74862,0.550739
782.5,-0.604118,-1.10813,-1.73682,0.529707
782.6,-0.657274,-1.21661,-1.70175,0.500613
782.7,-0.716009,-1.33137,-1.63945,0.462423
782.8,-0.780311,-1.45062,-1.54592,0.414569
782.9,-0.849948,-1.5715,-1.41747,0.357515
783,-0.924385,-1.69002,-1.25128,0.357515
783.1,-1.00269,-1.80085,-1.04621,0.357515
783.2,-1.08346,-1.89746,-0.803645,0.357515
783.3,-1.16475,-1.97242,-0.528375,0.357515
783.4,-1.24408,-2.01804,-0.229164,0.357515
783.5,-1.31849,-2.02736,0.0812927,0.357515
783.6,-1.38474,-1.99536,0.3873,0.357515
783.7,-1.43955,-1.92003,0.672014,0.357515
783.8,-1.47993,-1.80312,0.919899,0.357515
783.9,-1.50354,-1.65019,1.11915,0.357515
784,-1.50895,-1.46985,1.26337,0.357515
784.1,-1.49578,-1.27252,1.35198,0.357515
784.2,-1.46469,-1.06885,1.3894,0.357515
784.3,-1.41727,-0.868423,1.38344,0.357515
784.4,-1.35576,-0.678878,1.34341,0.357515
784.5,-1.28281,-0.505547,1.27856,0.357515
784.6,-1.20124,-0.351546,1.19698,0.357515
784.7,-1.11376,-0.218128,1.10514,0.357515
784.8,-1.0229,-0.105136,1.0078,0.357515
784.9,-0.930889,-0.0114626,0.908199,0.357515
785,-0.839583,0.0645759,0.808325,0.357515
785.1,-0.750505,0.124952,0.709277,0.357515
785.2,-0.664832,0.171726,0.611527,0.357515
785.3,-0.583436,0.206923,0.515155,0.357515
785.4,-0.506919,0.232451,0.420019,0.357515
785.5,-0.435651,0.250063,0.32587,0.357515
785.6,-0.369806,0.261342,0.232434,0.357515
785.7,-0.309403,0.267694,0.13945,-0.369876
785.8,-0.254332,0.270355,0.0467015,-0.0605269
785.9,-0.204382,0.270402,-0.0459785,0.0475893
786,-0.15927,0.268762,-0.138705,0.123443
786.1,-0.118656,0.266228,-0.231548,0.183596
786.2,-0.0821629,0.263473,-0.324533,0.234218
786.3,-0.0493924,0.261069,-0.417657,0.278335
786.4,-0.0199326,0.259494,-0.510887,0.317654
786.5,0.00663079,0.259157,-0.604168,0.35323
786.6,0.0307083,0.260403,-0.697427,0.385756
786.7,0.052702,0.263534,-0.790573,0.415708
786.8,0.073003,0.268822,-0.883498,0.443426
786.9,0.0919898,0.276516,-0.976074,0.469157
787,0.110028,0.286861,-1.06815,0.493083
787.1,0.127473,0.300106,-1.15955,0.515334
787.2,0.144669,0.316515,-1.25006,0.536001
787.3,0.161954,0.336376,-1.33942,0.555136
787.4,0.179665,0.360014,-1.42731,0.572757
787.5,0.198137,0.387794,-1.51335,0.588846
787.6,0.217711,0.420132,-1.59706,0.603346
787.7,0.23874,0.457501,-1.67783,0.616155
787.8,0.261588,0.500433,-1.75492,0.627117
787.9,0.286641,0.549522,-1.8274,0.636014
788,0.314304,0.60542,-1.89409,0.642546
788.1,0.345012,0.668825,-1.95355,0.646316
788.2,0.379225,0.740463,-2.00396,0.646801
788.3,0.417425,0.821047,-2.04307,0.643326
788.4,0.460119,0.911225,-2.06812,0.635021
788.5,0.507816,1.01149,-2.07578,0.620789
788.6,0.561014,1.12206,-2.06206,0.599278
788.7,0.620163,1.24268,-2.02233,0.568909
788.8,0.685614,1.37244,-1.9514,0.528018
788.9,0.757554,1.50944,-1.84376,0.475268
789,0.835913,1.65048,-1.69402,0.410461
789.1,0.920244,1.79075,-1.49769,0.410461
789.2,1.0096,1.92359,-1.25229,0.410461
789.3,1.1024,2.04048,-0.958641,0.410461
789.4,1.19631,2.13144,-0.622362,0.410461
789.5,1.28827,2.18591,-0.25485,0.410461
789.6,1.37449,2.19421,0.126625,0.410461
789.7,1.45077,2.14943,0.500325,0.410461
789.8,1.51284,2.04911,0.843031,0.410461
789.9,1.55687,1.89634,1.13401,0.410461
790,1.57997,1.69966,1.35876,0.410461
790.1,1.58052,1.47166,1.51126,0.410461
790.2,1.55839,1.22684,1.59403,0.410461
790.3,1.51483,0.979238,1.61614,0.410461
790.4,1.45221,0.740635,1.59037,0.410461
790.5,1.37364,0.519621,1.53026,0.410461
790.6,1.28259,0.321461,1.4481,0.410461
790.7,1.18256,0.148538,1.35378,0.410461
790.8,1.07683,0.00105849,1.25449,0.410461
790.9,0.968304,-0.122226,1.155,0.410461
791,0.859466,-0.223408,1.05814,0.410461
791.1,0.752326,-0.304972,0.965251,0.410461
791.2,0.648465,-0.3695,0.876748,0.410461
791.3,0.549069,-0.419487,0.792419,0.410461
791.4,0.454983,-0.457258,0.711729,0.410461
791.5,0.366762,-0.484918,0.634,0.410461
791.6,0.284715,-0.504356,0.55853,0.410461
791.7,0.208956,-0.517247,0.484672,0.410461
791.8,0.139435,-0.525074,0.411872,0.410461
791.9,0.0759768,-0.529141,0.339684,0.410461
792,0.0183055,-0.530593,0.267778,0.410461
792.1,-0.0339305,-0.530433,0.195933,-0.279371
792.2,-0.0811381,-0.529534,0.124024,-0.136691
792.3,-0.123763,-0.528655,0.0520148,-0.0489109
792.4,-0.162276,-0.528449,-0.020057,0.0167761
792.5,-0.19716,-0.529479,-0.0920899,0.0701469
792.6,-0.228902,-0.532229,-0.163926,0.115453
792.7,-0.257985,-0.537111,-0.23536,0.154889
792.8,-0.284883,-0.544482,-0.306137,0.189708
792.9,-0.310056,-0.554649,-0.375961,0.220659
793,-0.333947,-0.56788,-0.444487,0.248218
793.1,-0.356981,-0.58441,-0.511323,0.272677
793.2,-0.379565,-0.604453,-0.576021,0.294209
793.3,-0.402084,-0.628198,-0.638069,0.312894
793.4,-0.424907,-0.655819,-0.696888,0.328753
793.5,-0.448379,-0.687469,-0.751815,0.341739
793.6,-0.47283,-0.723278,-0.802099,0.351753
793.7,-0.498568,-0.763347,-0.846887,0.358647
793.8,-0.525878,-0.807735,-0.88522,0.362223
793.9,-0.555022,-0.856438,-0.916023,0.362243
794,-0.586233,-0.909372,-0.938108,0.358437
794.1,-0.619709,-0.96634,-0.950185,0.35052
794.2,-0.655602,-1.027,-0.950877,0.338231
794.3,-0.694009,-1.09081,-0.938765,0.32136
794.4,-0.734956,-1.157,-0.912449,0.29983
794.5,-0.77838,-1.22453,-0.870634,0.273772
794.6,-0.824108,-1.29202,-0.812253,0.273772
794.7,-0.871838,-1.35777,-0.736621,0.273772
794.8,-0.921117,-1.41973,-0.643612,0.273772
794.9,-0.971324,-1.47551,-0.533847,0.273772
795,-1.02166,-1.52255,-0.408868,0.273772
795.1,-1.07115,-1.55817,-0.27126,0.273772
795.2,-1.11866,-1.57986,-0.124679,0.273772
795.3,-1.16296,-1.58544,0.0262477,0.273772
795.4,-1.20272,-1.57337,0.176179,0.273772
795.5,-1.23667,-1.543,0.319457,0.273772
795.6,-1.26362,-1.49465,0.450601,0.273772
795.7,-1.28259,-1.42976,0.56482,0.273772
795.8,-1.29287,-1.35071,0.658443,0.273772
795.9,-1.29409,-1.26066,0.729193,0.273772
796,-1.28624,-1.16324,0.776265,0.273772
796.1,-1.26966,-1.06221,0.800198,0.273772
796.2,-1.24502,-0.961184,0.802608,0.273772
796.3,-1.21324,-0.863333,0.78584,0.273772
796.4,-1.17543,-0.771266,0.752615,0.273772
796.5,-1.13283,-0.686949,0.70573,0.273772
796.6,-1.08668,-0.611714,0.647837,0.273772
796.7,-1.03824,-0.546316,0.581302,0.273772
796.8,-0.988671,-0.49103,0.508142,0.273772
796.9,-0.939046,-0.445752,0.430021,0.273772
797,-0.890304,-0.410106,0.348277,0.273772
797.1,-0.843252,-0.383528,0.263972,0.273772
797.2,-0.79856,-0.365353,0.177945,-0.122426
797.3,-0.75677,-0.354869,0.0908698,-0.0620085
797.4,-0.718302,-0.351368,0.0033002,-0.00219703
797.5,-0.683472,-0.354181,-0.08429,0.0541693
797.6,-0.652505,-0.3627,-0.171474,0.105744
797.7,-0.62555,-0.376396,-0.257846,0.152171
797.8,-0.602695,-0.394827,-0.343003,0.193597
797.9,-0.583984,-0.417639,-0.426525,0.23036
798,-0.569425,-0.44457,-0.507962,0.262819
798.1,-0.559006,-0.475443,-0.586823,0.29129
798.2,-0.552703,-0.510157,-0.66256,0.31601
798.3,-0.550488,-0.548683,-0.734552,0.337135
798.4,-0.552335,-0.591046,-0.802099,0.354736
798.5,-0.558226,-0.637316,-0.8644,0.368808
798.6,-0.568152,-0.687585,-0.92054,0.379267
798.7,-0.582114,-0.741947,-0.969475,0.385959
798.8,-0.600122,-0.80047,-1.01002,0.388659
798.9,-0.622188,-0.863164,-1.04086,0.387084
799,-0.648318,-0.929941,-1.0605,0.380909
799.1,-0.678505,-1.00056,-1.06735,0.369791
799.2,-0.71271,-1.07459,-1.0597,0.353426
799.3,-0.750842,-1.15133,-1.03582,0.33162
799.4,-0.792738,-1.22974,-0.994053,0.304392
799.5,-0.838133,-1.30839,-0.932937,0.27209
799.6,-0.886632,-1.38542,-0.851411,0.27209
799.7,-0.937676,-1.45852,-0.749043,0.27209
799.8,-0.990517,-1.52491,-0.626281,0.27209
799.9,-1.0442,-1.58151,-0.484713,0.27209
800,-1.09755,-1.62504,-0.327254,0.27209
800.1,-1.14921,-1.65233,-0.158234,0.27209
800.2,-1.19765,-1.66059,0.0167102,0.27209
800.3,-1.24126,-1.64782,0.19095,0.27209
800.4,-1.27844,-1.61309,0.357396,0.27209
800.5,-1.30773,-1.5568,0.509181,0.27209
800.6,-1.3279,-1.48073,0.640362,0.27209
800.7,-1.33807,-1.38793,0.746521,0.27209
800.8,-1.3378,-1.28241,0.825116,0.27209
800.9,-1.32707,-1.16873,0.875546,0.27209
801,-1.30635,-1.05156,0.898925,0.27209
801.1,-1.27645,-0.935237,0.897674,0.27209
801.2,-1.23853,-0.823512,0.875017,0.27209
801.3,-1.19392,-0.719334,0.834505,0.27209
801.4,-1.1441,-0.62481,0.77963,0.27209
801.5,-1.09055,-0.541251,0.71357,0.27209
801.6,-1.03471,-0.469276,0.639044,0.27209
801.7,-0.977889,-0.408949,0.558272,0.27209
801.8,-0.921288,-0.359918,0.473001,0.27209
801.9,-0.865929,-0.321548,0.384565,0.27209
802,-0.81267,-0.293028,0.293966,-0.237095
802.1,-0.762206,-0.273463,0.201952,-0.163336
802.2,-0.715078,-0.26194,0.109085,-0.085853
802.3,-0.671692,-0.257577,0.0158039,-0.0118787
802.4,-0.632332,-0.259559,-0.077536,0.055156
802.5,-0.597184,-0.267157,-0.170623,0.114543
802.6,-0.566349,-0.279747,-0.263166,0.166809
802.7,-0.539867,-0.296812,-0.354873,0.212835
802.8,-0.517729,-0.317947,-0.445441,0.253477
802.9,-0.499893,-0.342854,-0.53454,0.289453
803,-0.486299,-0.371342,-0.621802,0.321321
803.1,-0.476879,-0.403314,-0.706813,0.34949
803.2,-0.471565,-0.438767,-0.7891,0.374244
803.3,-0.470302,-0.477774,-0.868114,0.39576
803.4,-0.473049,-0.52048,-0.943217,0.41412
803.5,-0.479786,-0.567087,-1.01367,0.429317
803.6,-0.490514,-0.617835,-1.07859,0.441266
803.7,-0.505262,-0.672989,-1.13695,0.449795
803.8,-0.52408,-0.732811,-1.18757,0.45465
803.9,-0.547034,-0.797533,-1.22905,0.455491
804,-0.574208,-0.867315,-1.25979,0.451894
804.1,-0.605683,-0.942197,-1.27796,0.443359
804.2,-0.64153,-1.02204,-1.28153,0.429339
804.3,-0.68179,-1.10644,-1.26829,0.409293
804.4,-0.726442,-1.19467,-1.23591,0.382791
804.5,-0.77538,-1.28553,-1.18209,0.349674
804.6,-0.828368,-1.37731,-1.10475,0.310253
804.7,-0.884999,-1.46767,-1.00227,0.310253
804.8,-0.944653,-1.5536,-0.873856,0.310253
804.9,-1.00645,-1.63145,-0.719924,0.310253
805,-1.06921,-1.69705,-0.542514,0.310253
805.1,-1.13148,-1.74597,-0.345591,0.310253
805.2,-1.19149,-1.77389,-0.135174,0.310253
805.3,-1.24727,-1.77711,0.0808429,0.310253
805.4,-1.29676,-1.75313,0.293237,0.310253
805.5,-1.33789,-1.70109,0.492355,0.310253
805.6,-1.36884,-1.6221,0.66921,0.310253
805.7,-1.38813,-1.51922,0.816565,0.310253
805.8,-1.39483,-1.39721,0.929725,0.310253
805.9,-1.3886,-1.26193,1.00688,0.310253
806,-1.36969,-1.11968,1.04892,0.310253
806.1,-1.33896,-0.976508,1.05891,0.310253
806.2,-1.2977,-0.837704,1.04126,0.310253
806.3,-1.24754,-0.707457,1.00095,0.310253
806.4,-1.1903,-0.588751,0.942938,0.310253
806.5,-1.12785,-0.48341,0.871644,0.310253
806.6,-1.062,-0.392264,0.790779,0.310253
806.7,-0.994437,-0.315352,0.703264,0.310253
806.8,-0.92665,-0.25214,0.611286,0.310253
806.9,-0.859925,-0.20171,0.51641,0.310253
807,-0.795324,-0.16292,0.419713,0.310253
807.1,-0.733692,-0.134526,0.321908,-0.407389
807.2,-0.675675,-0.115269,0.223453,-0.261081
807.3,-0.621739,-0.103939,0.124642,-0.129575
807.4,-0.572195,-0.099414,0.0256653,-0.023761
807.5,-0.527223,-0.100687,-0.0733425,0.0611581
807.6,-0.486896,-0.106876,-0.172273,0.130958
807.7,-0.451203,-0.117236,-0.271024,0.189823
807.8,-0.420069,-0.131151,-0.369486,0.240562
807.9,-0.393374,-0.148137,-0.467541,0.285058
808,-0.370969,-0.167834,-0.565048,0.3246
808.1,-0.352691,-0.189998,-0.66185,0.360083
808.2,-0.338376,-0.214492,-0.757762,0.392137
808.3,-0.327864,-0.241284,-0.852572,0.421213
808.4,-0.321016,-0.270433,-0.946029,0.44763
808.5,-0.317713,-0.302085,-1.03784,0.471609
808.6,-0.317866,-0.336468,-1.12765,0.493292
808.7,-0.321421,-0.373886,-1.21504,0.512753
808.8,-0.32836,-0.414712,-1.29951,0.530005
808.9,-0.338706,-0.459384,-1.38042,0.545
809,-0.352525,-0.508398,-1.45702,0.557624
809.1,-0.369924,-0.5623,-1.52838,0.567692
809.2,-0.391058,-0.621674,-1.59336,0.574933
809.3,-0.416119,-0.687121,-1.65057,0.578988
809.4,-0.445342,-0.759233,-1.69832,0.579358
809.5,-0.47899,-0.838554,-1.73454,0.575439
809.6,-0.517352,-0.925518,-1.75679,0.566451
809.7,-0.56072,-1.02037,-1.76218,0.551453
809.8,-0.609368,-1.12305,-1.74738,0.529356
809.9,-0.663519,-1.23307,-1.70863,0.498999
810,-0.723298,-1.3493,-1.64192,0.459358
810.1,-0.788675,-1.46978,-1.54318,0.40994
810.2,-0.859385,-1.59152,-1.40876,0.351378
810.3,-0.934845,-1.71028,-1.23594,0.351378
810.4,-1.01406,-1.82053,-1.02383,0.351378
810.5,-1.09555,-1.9155,-0.774212,0.351378
810.6,-1.17728,-1.98755,-0.492451,0.351378
810.7,-1.25666,-2.02893,-0.187983,0.351378
810.8,-1.33066,-2.03278,0.125823,0.351378
810.9,-1.39596,-1.99433,0.432744,0.351378
811,-1.44927,-1.91207,0.715714,0.351378
811.1,-1.48763,-1.78833,0.959371,0.351378
811.2,-1.5088,-1.62925,1.15247,0.351378
811.3,-1.51147,-1.44396,1.28941,0.351378
811.4,-1.49541,-1.24314,1.37049,0.351378
811.5,-1.46145,-1.03751,1.40087,0.351378
811.6,-1.41132,-0.836521,1.38887,0.351378
811.7,-1.34736,-0.647552,1.34404,0.351378
811.8,-1.2723,-0.475626,1.27565,0.351378
811.9,-1.18896,-0.323554,1.19167,0.351378
812,-1.1001,-0.192328,1.09838,0.351378
812.1,-1.00819,-0.0815938,1.00031,0.351378
812.2,-0.915445,0.00989962,0.900502,0.351378
812.3,-0.823675,0.0839266,0.800781,0.351378
812.4,-0.734357,0.142511,0.702119,0.351378
812.5,-0.648627,0.18774,0.604897,0.351378
812.6,-0.567314,0.22164,0.509131,0.351378
812.7,-0.490983,0.246116,0.414639,0.351378
812.8,-0.419972,0.262908,0.321149,0.351378
812.9,-0.354429,0.273583,0.228369,0.351378
813,-0.294345,0.279531,0.136037,-0.312924
813.1,-0.239592,0.281971,0.0439326,-0.0563148
813.2,-0.189944,0.281964,-0.0481076,0.0494621
813.3,-0.145102,0.280425,-0.140195,0.124178
813.4,-0.104715,0.278136,-0.232394,0.183608
813.5,-0.0683984,0.275762,-0.324725,0.233706
813.6,-0.0357448,0.273866,-0.417176,0.277409
813.7,-0.0063362,0.272925,-0.509706,0.316378
813.8,0.0202471,0.273344,-0.602253,0.35164
813.9,0.0444206,0.275472,-0.694732,0.383868
814,0.0665912,0.279613,-0.787039,0.413525
814.1,0.0871547,0.286042,-0.87905,0.440941
814.2,0.106494,0.29502,-0.970622,0.466352
814.3,0.124982,0.306801,-1.06158,0.489929
814.4,0.142977,0.321645,-1.15172,0.511793
814.5,0.160831,0.339831,-1.2408,0.532023
814.6,0.178891,0.361664,-1.32852,0.550657
814.7,0.1975,0.387483,-1.41451,0.567698
814.8,0.217004,0.417672,-1.49832,0.583109
814.9,0.237753,0.452664,-1.57941,0.596807
815,0.260109,0.492946,-1.65709,0.608663
815.1,0.284448,0.539059,-1.7305,0.618486
815.2,0.311166,0.5916,-1.79858,0.626011
815.3,0.340678,0.65121,-1.86001,0.630888
815.4,0.373422,0.718558,-1.91316,0.63265
815.5,0.409862,0.794311,-1.956,0.630697
815.6,0.450474,0.879087,-1.98606,0.624257
815.7,0.495746,0.97338,-2.00035,0.612354
815.8,0.546156,1.07746,-1.99528,0.593788
815.9,0.602144,1.19121,-1.96668,0.567141
816,0.664072,1.31396,-1.90983,0.530873
816.1,0.732166,1.4442,-1.81965,0.483618
816.2,0.806437,1.57933,-1.69103,0.4248
816.3,0.88658,1.71534,-1.51946,0.4248
816.4,0.97186,1.84658,-1.3019,0.4248
816.5,1.06099,1.96565,-1.03793,0.4248
816.6,1.15203,2.06365,-0.731096,0.4248
816.7,1.24231,2.13079,-0.389972,0.4248
816.8,1.32851,2.15757,-0.0286164,0.4248
816.9,1.40678,2.13632,0.334148,0.4248
817,1.47307,2.06291,0.676882,0.4248
817.1,1.52355,1.938,0.978847,0.4248
817.2,1.55507,1.76742,1.22362,0.4248
817.3,1.56555,1.56145,1.40182,0.4248
817.4,1.55423,1.33307,1.51208,0.4248
817.5,1.52173,1.09583,1.56009,0.4248
817.6,1.46981,0.861956,1.55623,0.4248
817.7,1.40115,0.641055,1.5129,0.4248
817.8,1.3189,0.43966,1.44224,0.4248
817.9,1.22642,0.261386,1.35465,0.4248
818,1.12694,0.107468,1.25818,0.4248
818.1,1.02345,-0.0225731,1.15848,0.4248
818.2,0.918528,-0.130316,1.05919,0.4248
818.3,0.814329,-0.217939,0.96234,0.4248
818.4,0.712582,-0.287873,0.868846,0.4248
818.5,0.614619,-0.342569,0.778882,0.4248
818.6,0.521415,-0.38437,0.692179,0.4248
818.7,0.433638,-0.41544,0.608244,0.4248
818.8,0.351697,-0.437741,0.526502,0.4248
818.9,0.275783,-0.453025,0.446387,0.4248
819,0.205915,-0.462849,0.367394,0.4248
819.1,0.141969,-0.468583,0.28911,0.4248
819.2,0.0837111,-0.471432,0.21122,0.4248
819.3,0.0308225,-0.472446,0.133503,-0.183166
819.4,-0.0170783,-0.472538,0.0558317,-0.0599877
819.5,-0.0604174,-0.4725,-0.0218426,0.0200919
819.6,-0.0996502,-0.473013,-0.0994996,0.0814983
819.7,-0.135249,-0.474664,-0.177058,0.132102
819.8,-0.167693,-0.477958,-0.254386,0.175465
819.9,-0.197461,-0.483331,-0.331302,0.213478
820,-0.225023,-0.49116,-0.407582,0.247242
820.1,-0.250839,-0.501778,-0.482957,0.277433
820.2,-0.275357,-0.515483,-0.557113,0.304479
820.3,-0.299005,-0.532546,-0.629682,0.328648
820.4,-0.3222,-0.553221,-0.70024,0.350097
820.5,-0.34534,-0.577748,-0.768295,0.368901
820.6,-0.368807,-0.606361,-0.833276,0.385064
820.7,-0.392971,-0.639285,-0.894522,0.39853
820.8,-0.418186,-0.676735,-0.951264,0.40918
820.9,-0.444792,-0.718909,-1.00261,0.41684
821,-0.473115,-0.765976,-1.04753,0.421269
821.1,-0.503464,-0.81806,-1.08485,0.422169
821.2,-0.536126,-0.875215,-1.11321,0.419184
821.3,-0.571363,-0.937386,-1.13111,0.411904
821.4,-0.609398,-1.00437,-1.13689,0.399895
821.5,-0.650406,-1.07578,-1.12875,0.38274
821.6,-0.694495,-1.15093,-1.1048,0.360105
821.7,-0.741682,-1.22884,-1.06321,0.331855
821.8,-0.791872,-1.3081,-1.00227,0.298186
821.9,-0.844821,-1.38687,-0.92061,0.298186
822,-0.900109,-1.46279,-0.817449,0.298186
822.1,-0.957109,-1.53301,-0.692857,0.298186
822.2,-1.01496,-1.59427,-0.548051,0.298186
822.3,-1.07256,-1.64306,-0.385638,0.298186
822.4,-1.12858,-1.67585,-0.20976,0.298186
822.5,-1.18148,-1.68943,-0.0260519,0.298186
822.6,-1.22961,-1.68134,0.158637,0.298186
822.7,-1.27127,-1.65018,0.336768,0.298186
822.8,-1.30489,-1.59597,0.50084,0.298186
822.9,-1.32908,-1.52023,0.644183,0.298186
823,-1.34284,-1.42594,0.761665,0.298186
823.1,-1.34559,-1.31719,0.85016,0.298186
823.2,-1.33722,-1.19882,0.908684,0.298186
823.3,-1.31811,-1.07583,0.938202,0.298186
823.4,-1.2891,-0.952988,0.94119,0.298186
823.5,-1.25133,-0.83442,0.921088,0.298186
823.6,-1.20621,-0.723415,0.881746,0.298186
823.7,-1.15529,-0.622343,0.826986,0.298186
823.8,-1.10014,-0.532692,0.760291,0.298186
823.9,-1.0423,-0.455183,0.684638,0.298186
824,-0.983173,-0.389919,0.602443,0.298186
824.1,-0.924043,-0.33654,0.51559,0.298186
824.2,-0.866009,-0.294368,0.4255,0.298186
824.3,-0.809992,-0.26253,0.333216,0.298186
824.4,-0.756737,-0.240056,0.239498,-0.211116
824.5,-0.706823,-0.225954,0.144898,-0.123721
824.6,-0.660684,-0.219262,0.0498279,-0.0402789
824.7,-0.61862,-0.219087,-0.0453906,0.0344009
824.8,-0.580825,-0.224628,-0.140488,0.0996341
824.9,-0.547402,-0.235194,-0.235219,0.156391
825,-0.518385,-0.250207,-0.329344,0.205985
825.1,-0.493753,-0.269205,-0.422613,0.2496
825.2,-0.473452,-0.291844,-0.514755,0.288186
825.3,-0.457403,-0.317887,-0.605472,0.32246
825.4,-0.445519,-0.347206,-0.694424,0.352954
825.5,-0.437713,-0.379768,-0.781223,0.380042
825.6,-0.433907,-0.41563,-0.865418,0.403978
825.7,-0.434041,-0.454928,-0.946484,0.424911
825.8,-0.438076,-0.497872,-1.0238,0.442902
825.9,-0.446,-0.544726,-1.09664,0.457929
826,-0.457831,-0.595802,-1.16414,0.46989
826.1,-0.473615,-0.651438,-1.22528,0.478599
826.2,-0.493425,-0.711977,-1.27883,0.483785
826.3,-0.517362,-0.777739,-1.32338,0.485084
826.4,-0.545542,-0.848981,-1.35726,0.482032
826.5,-0.578092,-0.925851,-1.37854,0.474075
826.6,-0.615131,-1.00832,-1.38505,0.460578
826.7,-0.656754,-1.0961,-1.37436,0.440874
826.8,-0.703003,-1.18856,-1.34388,0.414357
826.9,-0.753833,-1.2846,-1.29095,0.380646
827,-0.809072,-1.38252,-1.21305,0.339833
827.1,-0.868372,-1.47997,-1.10808,0.339833
827.2,-0.931155,-1.57379,-0.974727,0.339833
827.3,-0.99656,-1.66006,-0.812958,0.339833
827.4,-1.0634,-1.73419,-0.624475,0.339833
827.5,-1.13015,-1.79117,-0.413163,0.339833
827.6,-1.19493,-1.82596,-0.185321,0.339833
827.7,-1.2556,-1.83414,0.0504583,0.339833
827.8,-1.30986,-1.8125,0.28385,0.339833
827.9,-1.35538,-1.75969,0.503815,0.339833
828,-1.39007,-1.67663,0.699911,0.339833
828.1,-1.41221,-1.56655,0.863636,0.339833
828.2,-1.42067,-1.43473,0.98944,0.339833
828.3,-1.41499,-1.28778,1.07518,0.339833
828.4,-1.39542,-1.13285,1.12196,0.339833
828.5,-1.36287,-0.976832,1.13339,0.339833
828.6,-1.31877,-0.825706,1.1147,0.339833
828.7,-1.26491,-0.684152,1.07171,0.339833
828.8,-1.2033,-0.555438,1.01012,0.339833
828.9,-1.13602,-0.441494,0.93495,0.339833
829,-1.06504,-0.343116,0.850319,0.339833
829.1,-0.99221,-0.260221,0.7594,0.339833
829.2,-0.919143,-0.192102,0.6645,0.339833
829.3,-0.847219,-0.137649,0.567208,0.339833
829.4,-0.777565,-0.0955243,0.468559,0.339833
829.5,-0.711069,-0.0643009,0.369192,0.339833
829.6,-0.648399,-0.0425522,0.269474,-0.478259
829.7,-0.590026,-0.0289173,0.169599,-0.225194
829.8,-0.536252,-0.0221402,0.0696618,-0.0759497
829.9,-0.487236,-0.0210928,-0.0302933,0.0284729
830,-0.443021,-0.0247863,-0.130242,0.108676
830.1,-0.40356,-0.0323744,-0.230162,0.173887
830.2,-0.368736,-0.0431506,-0.33002,0.228969
830.3,-0.338381,-0.0565435,-0.429772,0.276762
830.4,-0.312298,-0.0721079,-0.529358,0.319048
830.5,-0.290269,-0.0895166,-0.628705,0.356998
830.6,-0.272074,-0.108551,-0.727724,0.391418
830.7,-0.257494,-0.129091,-0.826311,0.422877
830.8,-0.246329,-0.15111,-0.924348,0.451785
830.9,-0.238394,-0.174662,-1.02169,0.478446
831,-0.233535,-0.19988,-1.11819,0.503082
831.1,-0.231627,-0.226969,-1.21363,0.525854
831.2,-0.23258,-0.256205,-1.3078,0.546873
831.3,-0.236341,-0.287928,-1.4004,0.566206
831.4,-0.2429,-0.322546,-1.49109,0.583877
831.5,-0.252288,-0.360534,-1.57943,0.599869
831.6,-0.264583,-0.402432,-1.66489,0.614118
831.7,-0.279908,-0.448848,-1.74679,0.626507
831.8,-0.298437,-0.500455,-1.82428,0.636858
831.9,-0.320395,-0.557989,-1.8963,0.644918
832,-0.346056,-0.622239,-1.96152,0.650341
832.1,-0.375748,-0.694027,-2.01825,0.652663
832.2,-0.409844,-0.774182,-2.06441,0.651276
832.3,-0.44876,-0.863492,-2.09742,0.645388
832.4,-0.492943,-0.962624,-2.11413,0.633986
832.5,-0.542848,-1.07201,-2.11071,0.615799
832.6,-0.598915,-1.19172,-2.08267,0.58929
832.7,-0.661517,-1.32117,-2.02486,0.552733
832.8,-0.730899,-1.45896,-1.93164,0.504497
832.9,-0.807092,-1.60242,-1.79727,0.443707
833,-0.889799,-1.74737,-1.61653,0.443707
833.1,-0.978264,-1.88775,-1.38576,0.443707
833.2,-1.07113,-2.01549,-1.10418,0.443707
833.3,-1.16631,-2.12077,-0.775416,0.443707
833.4,-1.26093,-2.19266,-0.40883,0.443707
833.5,-1.35133,-2.22053,-0.0201164,0.443707
833.6,-1.43329,-2.1958,0.369542,0.443707
833.7,-1.50235,-2.11394,0.73602,0.443707
833.8,-1.5543,-1.97599,1.0562,0.443707
833.9,-1.58573,-1.78886,1.31223,0.443707
834,-1.59444,-1.56441,1.4946,0.443707
834.1,-1.57975,-1.31737,1.60309,0.443707
834.2,-1.54247,-1.06274,1.64526,0.443707
834.3,-1.48468,-0.813744,1.63363,0.443707
834.4,-1.40939,-0.580418,1.58245,0.443707
834.5,-1.3201,-0.369285,1.50518,0.443707
834.6,-1.22043,-0.183654,1.41299,0.443707
834.7,-1.11385,-0.0243213,1.31424,0.443707
834.8,-1.00349,0.109645,1.21459,0.443707
834.9,-0.892039,0.220217,1.11747,0.443707
835,-0.781701,0.309885,1.02465,0.443707
835.1,-0.674234,0.381295,0.936733,0.443707
835.2,-0.570977,0.437041,0.853599,0.443707
835.3,-0.472899,0.479545,0.77471,0.443707
835.4,-0.380661,0.511009,0.699331,0.443707
835.5,-0.294659,0.533406,0.626676,0.443707
835.6,-0.215077,0.548489,0.555999,0.443707
835.7,-0.141923,0.557808,0.486644,0.443707
835.8,-0.0750672,0.56273,0.418069,0.443707
835.9,-0.0142682,0.564461,0.349858,0.443707
836,0.0407987,0.564058,0.281712,-0.57419
836.1,0.0905219,0.56245,0.213445,-0.272343
836.2,0.135335,0.560445,0.144968,-0.150664
836.3,0.175702,0.558743,0.0762767,-0.0690222
836.4,0.212106,0.557951,0.00744091,-0.00605751
836.5,0.245035,0.558588,-0.0614081,0.0458654
836.6,0.274978,0.561097,-0.130085,0.0903049
836.7,0.302417,0.565858,-0.198357,0.129164
836.8,0.32782,0.573194,-0.265946,0.163545
836.9,0.35164,0.58338,-0.332533,0.19412
837,0.374309,0.596653,-0.397751,0.221311
837.1,0.396243,0.61322,-0.461188,0.245378
837.2,0.417832,0.633257,-0.522378,0.266472
837.3,0.439448,0.656921,-0.5808,0.284665
837.4,0.461439,0.684344,-0.635861,0.299968
837.5,0.484134,0.715635,-0.6869,0.312334
837.6,0.507838,0.750876,-0.733172,0.32167
837.7,0.532832,0.790109,-0.773845,0.327841
837.8,0.559374,0.83333,-0.807994,0.330675
837.9,0.587694,0.880466,-0.834603,0.329968
838,0.617988,0.931358,-0.852569,0.325503
838.1,0.650413,0.985727,-0.860716,0.31707
838.2,0.685078,1.04315,-0.857827,0.304497
838.3,0.722034,1.10303,-0.842682,0.287691
838.4,0.761256,1.16453,-0.814127,0.266701
838.5,0.802634,1.22658,-0.771159,0.241766
838.6,0.845953,1.28782,-0.71304,0.241766
838.7,0.890873,1.34662,-0.639431,0.241766
838.8,0.93692,1.40107,-0.550537,0.241766
838.9,0.983471,1.44905,-0.447258,0.241766
839,1.02975,1.48829,-0.331306,0.241766
839.1,1.07485,1.51655,-0.205271,0.241766
839.2,1.11773,1.53178,-0.072607,0.241766
839.3,1.15728,1.53231,0.0625015,0.241766
839.4,1.19236,1.51707,0.195381,0.241766
839.5,1.22187,1.48575,0.321213,0.241766
839.6,1.24484,1.43891,0.435438,0.241766
839.7,1.26046,1.37796,0.534145,0.241766
839.8,1.2682,1.3051,0.614397,0.241766
839.9,1.26781,1.22313,0.674411,0.241766
840,1.25934,1.13517,0.713601,0.241766
840.1,1.24314,1.04446,0.732461,0.241766
840.2,1.21985,0.954034,0.732349,0.241766
840.3,1.19029,0.866614,0.715218,0.241766
840.4,1.15546,0.784428,0.683338,0.241766
840.5,1.11645,0.709178,0.639062,0.241766
840.6,1.07438,0.642039,0.584648,0.241766
840.7,1.03034,0.58371,0.522145,0.241766
840.8,0.985387,0.534478,0.453339,0.241766
840.9,0.940463,0.49431,0.379736,0.241766
841,0.89642,0.462928,0.302583,0.241766
841.1,0.853989,0.439894,0.222904,0.241766
841.2,0.813787,0.424666,0.141539,-0.0885388
841.3,0.776315,0.416659,0.0591864,-0.0368707
841.4,0.741972,0.415283,-0.0235544,0.0144179
841.5,0.711064,0.419974,-0.106153,0.0632431
841.6,0.683817,0.430217,-0.188119,0.108438
841.7,0.660387,0.445562,-0.268978,0.149502
841.8,0.640878,0.465629,-0.348253,0.18634
841.9,0.625352,0.49011,-0.425446,0.219048
842,0.613836,0.518773,-0.500027,0.247785
842.1,0.606339,0.551453,-0.571419,0.272705
842.2,0.602855,0.588042,-0.638984,0.293922
842.3,0.603371,0.628483,-0.70201,0.311492
842.4,0.607872,0.672752,-0.759705,0.325412
842.5,0.616342,0.720842,-0.811178,0.335616
842.6,0.628767,0.772737,-0.855433,0.341981
842.7,0.64513,0.828391,-0.891367,0.344332
842.8,0.66541,0.887695,-0.917764,0.342457
842.9,0.689573,0.950438,-0.933314,0.336125
843,0.717559,1.01627,-0.936626,0.325123
843.1,0.749275,1.08464,-0.926281,0.309302
843.2,0.784571,1.15477,-0.90089,0.288643
843.3,0.823226,1.22559,-0.859196,0.263334
843.4,0.86492,1.29571,-0.8002,0.263334
843.5,0.909215,1.36337,-0.723318,0.263334
843.6,0.955532,1.42649,-0.628569,0.263334
843.7,1.00313,1.48265,-0.516767,0.263334
843.8,1.05111,1.52927,-0.389682,0.263334
843.9,1.09838,1.5637,-0.250162,0.263334
844,1.14374,1.58346,-0.102129,0.263334
844.1,1.18587,1.58647,0.0495469,0.263334
844.2,1.22341,1.57138,0.199338,0.263334
844.3,1.25504,1.53771,0.341489,0.263334
844.4,1.27958,1.48604,0.470526,0.263334
844.5,1.29606,1.41802,0.581772,0.263334
844.6,1.30381,1.33625,0.671757,0.263334
844.7,1.3025,1.24405,0.738461,0.263334
844.8,1.29219,1.14515,0.781345,0.263334
844.9,1.27328,1.04336,0.801191,0.263334
845,1.24649,0.94225,0.799804,0.263334
845.1,1.21279,0.844915,0.779655,0.263334
845.2,1.17332,0.753864,0.743529,0.263334
845.3,1.12932,0.670942,0.694233,0.263334
845.4,1.08207,0.597366,0.634391,0.263334
845.5,1.03278,0.533784,0.566316,0.263334
845.6,0.982635,0.480384,0.491968,0.263334
845.7,0.932662,0.436993,0.412948,0.263334
845.8,0.883784,0.40318,0.330539,0.263334
845.9,0.836778,0.378349,0.245758,0.263334
846,0.79229,0.361812,0.159407,-0.109571
846.1,0.750834,0.352849,0.0721335,-0.048994
846.2,0.712807,0.35075,-0.0155284,0.0102633
846.3,0.678505,0.354851,-0.103116,0.065687
846.4,0.648132,0.364557,-0.190208,0.11618
846.5,0.621824,0.37935,-0.276402,0.161526
846.6,0.599655,0.398804,-0.36129,0.201932
846.7,0.581658,0.422583,-0.444447,0.237749
846.8,0.567836,0.450439,-0.525415,0.269334
846.9,0.558171,0.482212,-0.60369,0.296987
847,0.552635,0.517816,-0.67871,0.320926
847.1,0.551198,0.557232,-0.749838,0.341291
847.2,0.553834,0.600497,-0.816352,0.358135
847.3,0.560526,0.647686,-0.877426,0.371437
847.4,0.571265,0.698894,-0.932117,0.381096
847.5,0.586054,0.75421,-0.979354,0.386942
847.6,0.6049,0.813695,-1.01792,0.388738
847.7,0.627816,0.877341,-1.04646,0.386189
847.8,0.654804,0.94503,-1.06345,0.378961
847.9,0.685851,1.01649,-1.06728,0.366717
848,0.720907,1.09122,-1.05622,0.349171
848.1,0.759868,1.16847,-1.02856,0.326157
848.2,0.80255,1.2471,-0.982645,0.297766
848.3,0.84866,1.32561,-0.9171,0.297766
848.4,0.89777,1.40203,-0.830977,0.297766
848.5,0.949282,1.47393,-0.724014,0.297766
848.6,1.0024,1.53848,-0.59689,0.297766
848.7,1.05613,1.59251,-0.451471,0.297766
848.8,1.10924,1.63275,-0.290985,0.297766
848.9,1.16033,1.65608,-0.120066,0.297766
849,1.20786,1.65985,0.0553905,0.297766
849.1,1.25019,1.64228,0.228598,0.297766
849.2,1.28576,1.6027,0.39245,0.297766
849.3,1.31314,1.54182,0.540219,0.297766
849.4,1.33117,1.46173,0.666251,0.297766
849.5,1.33906,1.36572,0.766519,0.297766
849.6,1.33646,1.25795,0.838913,0.297766
849.7,1.32347,1.14305,0.883239,0.297766
849.8,1.30062,1.02566,0.900942,0.297766
849.9,1.26883,0.910013,0.894665,0.297766
850,1.22929,0.799688,0.867746,0.297766
850.1,1.18339,0.697451,0.823754,0.297766
850.2,1.1326,0.605228,0.766133,0.297766
850.3,1.0784,0.524168,0.697968,0.297766
850.4,1.02221,0.454754,0.62187,0.297766
850.5,0.965324,0.396945,0.539951,0.297766
850.6,0.908894,0.350316,0.453862,0.297766
850.7,0.85391,0.314183,0.364856,0.297766
850.8,0.801195,0.28771,0.273872,-0.221836
850.9,0.751407,0.269992,0.181612,-0.146402
851,0.705058,0.260118,0.0886058,-0.0691457
851.1,0.662524,0.257218,-0.00473143,0.00351636
851.2,0.624067,0.260493,-0.0980557,0.0688945
851.3,0.58985,0.269238,-0.191062,0.126667
851.4,0.559962,0.28285,-0.283462,0.177495
851.5,0.534428,0.300838,-0.374962,0.222276
851.6,0.513232,0.322819,-0.465254,0.261844
851.7,0.496327,0.348521,-0.554002,0.296882
851.8,0.483648,0.377772,-0.640828,0.327914
851.9,0.475129,0.410499,-0.725308,0.355319
852,0.470702,0.446713,-0.806952,0.379359
852.1,0.470315,0.486508,-0.885194,0.400186
852.2,0.473932,0.53004,-0.959377,0.417865
852.3,0.481536,0.577521,-1.02873,0.432371
852.4,0.493136,0.629201,-1.09234,0.443599
852.5,0.508763,0.685346,-1.14917,0.451361
852.6,0.528474,0.746214,-1.19796,0.455382
852.7,0.552338,0.812027,-1.23729,0.45531
852.8,0.58044,0.882923,-1.2655,0.450695
852.9,0.612861,0.95891,-1.28072,0.441027
853,0.649667,1.0398,-1.28087,0.425753
853.1,0.690888,1.12513,-1.26371,0.404345
853.2,0.73649,1.21407,-1.22691,0.376415
853.3,0.786341,1.30533,-1.16818,0.34186
853.4,0.840172,1.39707,-1.08553,0.301156
853.5,0.897536,1.4868,-0.977457,0.301156
853.6,0.957758,1.57137,-0.84341,0.301156
853.7,1.0199,1.647,-0.684119,0.301156
853.8,1.08272,1.70944,-0.502012,0.301156
853.9,1.14468,1.75423,-0.301496,0.301156
854,1.20399,1.77714,-0.0890252,0.301156
854.1,1.25862,1.77469,0.127154,0.301156
854.2,1.3065,1.74467,0.337634,0.301156
854.3,1.34561,1.68664,0.532799,0.301156
854.4,1.37417,1.60213,0.703945,0.301156
854.5,1.39083,1.49462,0.844323,0.301156
854.6,1.39476,1.36916,0.949845,0.301156
854.7,1.38575,1.23176,1.01931,0.301156
854.8,1.36419,1.08873,1.05415,0.301156
854.9,1.33105,0.946008,1.05777,0.301156
855,1.28771,0.808657,1.03479,0.301156
855.1,1.23584,0.680617,0.990241,0.301156
855.2,1.17729,0.564612,0.928983,0.301156
855.3,1.11392,0.46224,0.85531,0.301156
855.4,1.04753,0.374138,0.772763,0.301156
855.5,0.979759,0.300205,0.684099,0.301156
855.6,0.912066,0.239808,0.591361,0.301156
855.7,0.845683,0.191966,0.495998,0.301156
855.8,0.781624,0.155505,0.398996,0.301156
855.9,0.720692,0.12917,0.301006,-0.377602
856,0.663491,0.111707,0.202442,-0.231314
856.1,0.610452,0.101922,0.103571,-0.105064
856.2,0.561856,0.0987142,0.00456764,-0.00413384
856.3,0.517857,0.101102,-0.0944427,0.0771729
856.4,0.478508,0.108234,-0.193354,0.144368
856.5,0.443782,0.119389,-0.292065,0.201315
856.6,0.413592,0.133983,-0.390465,0.250597
856.7,0.387812,0.151556,-0.488431,0.293952
856.8,0.366287,0.171774,-0.585821,0.332571
856.9,0.348854,0.194417,-0.682471,0.367285
857,0.335346,0.21937,-0.778193,0.39868
857.1,0.325609,0.246621,-0.872767,0.427177
857.2,0.319506,0.276247,-0.965936,0.453072
857.3,0.316925,0.308414,-1.05739,0.476566
857.4,0.317782,0.343364,-1.14678,0.497788
857.5,0.322031,0.381417,-1.23365,0.5168
857.6,0.329663,0.42296,-1.31749,0.533602
857.7,0.340708,0.468443,-1.39764,0.548132
857.8,0.355242,0.518375,-1.47331,0.560263
857.9,0.373382,0.573311,-1.54354,0.569794
858,0.395289,0.633841,-1.60714,0.576439
858.1,0.421166,0.700569,-1.66266,0.579808
858.2,0.451255,0.774082,-1.70833,0.579393
858.3,0.485826,0.854909,-1.74204,0.574546
858.4,0.52517,0.943455,-1.76124,0.564459
858.5,0.569579,1.03992,-1.76295,0.548157
858.6,0.619321,1.14417,-1.74374,0.524526
858.7,0.674604,1.25561,-1.6998,0.492407
858.8,0.735531,1.37296,-1.62706,0.450837
858.9,0.80203,1.49408,-1.5215,0.399493
859,0.873784,1.61574,-1.37956,0.399493
859.1,0.950137,1.73345,-1.19884,0.399493
859.2,1.03,1.8414,-0.978863,0.399493
859.3,1.11179,1.9326,-0.722071,0.399493
859.4,1.19336,1.99932,-0.434602,0.399493
859.5,1.27201,2.03387,-0.126724,0.399493
859.6,1.34463,2.02968,0.187491,0.399493
859.7,1.4079,1.98256,0.491435,0.399493
859.8,1.45853,1.89168,0.768133,0.399493
859.9,1.49368,1.76019,1.00283,0.399493
860,1.51128,1.59492,1.1853,0.399493
860.1,1.51023,1.40543,1.31113,0.399493
860.2,1.4905,1.20256,1.38168,0.399493
860.3,1.45314,0.996896,1.40294,0.399493
860.4,1.39999,0.797531,1.38362,0.399493
860.5,1.33353,0.611397,1.33335,0.399493
860.6,1.25651,0.44306,1.26121,0.399493
860.7,1.17177,0.294936,1.17488,0.399493
860.8,1.08201,0.167709,1.08029,0.399493
860.9,0.989677,0.0608071,0.98165,0.399493
861,0.896885,-0.0271534,0.881737,0.399493
861.1,0.805395,-0.0980203,0.782188,0.399493
861.2,0.716612,-0.153846,0.683829,0.399493
861.3,0.631609,-0.196716,0.586952,0.399493
861.4,0.55116,-0.228641,0.491519,0.399493
861.5,0.475782,-0.251496,0.39732,0.399493
861.6,0.40577,-0.266989,0.304071,0.399493
861.7,0.341241,-0.276654,0.211483,0.399493
861.8,0.282159,-0.281846,0.1193,-0.219846
861.9,0.228372,-0.283755,0.0273102,-0.0333254
862,0.179639,-0.283413,-0.0646394,0.0644417
862.1,0.135649,-0.281707,-0.156651,0.13562
862.2,0.0960422,-0.279396,-0.248779,0.192998
862.3,0.060427,-0.277125,-0.341037,0.241732
862.4,0.0283927,-0.275441,-0.433408,0.284445
862.5,-0.000480202,-0.274806,-0.525844,0.322648
862.6,-0.0266119,-0.275613,-0.618278,0.357287
862.7,-0.0504174,-0.278202,-0.710619,0.388989
862.8,-0.0723023,-0.282873,-0.802759,0.418187
862.9,-0.0926609,-0.289898,-0.894569,0.445189
863,-0.111875,-0.299536,-0.985895,0.470218
863.1,-0.130315,-0.312044,-1.07656,0.493433
863.2,-0.148339,-0.327686,-1.16634,0.514946
863.3,-0.1663,-0.346746,-1.25499,0.534827
863.4,-0.184543,-0.369536,-1.34218,0.553105
863.5,-0.203414,-0.396407,-1.42754,0.569774
863.6,-0.223258,-0.427752,-1.51058,0.584786
863.7,-0.244432,-0.464014,-1.59072,0.598049
863.8,-0.267299,-0.505691,-1.66725,0.609417
863.9,-0.29224,-0.553338,-1.73925,0.618682
864,-0.319655,-0.607556,-1.8056,0.625561
864.1,-0.349964,-0.668991,-1.86491,0.629674
864.2,-0.383612,-0.738308,-1.91545,0.630525
864.3,-0.421061,-0.816159,-1.9551,0.627473
864.4,-0.462793,-0.903129,-1.98128,0.6197
864.5,-0.509289,-0.999655,-1.99084,0.606178
864.6,-0.561016,-1.10591,-1.98008,0.585656
864.7,-0.618396,-1.22166,-1.94471,0.55668
864.8,-0.681757,-1.34601,-1.87992,0.517737
864.9,-0.751272,-1.47722,-1.78065,0.467613
865,-0.826876,-1.61236,-1.64191,0.406113
865.1,-0.908164,-1.74702,-1.45953,0.406113
865.2,-0.99427,-1.87515,-1.23109,0.406113
865.3,-1.08375,-1.98898,-0.957092,0.406113
865.4,-1.17449,-2.07938,-0.642275,0.406113
865.5,-1.26367,-2.13661,-0.296548,0.406113
865.6,-1.34783,-2.15156,0.0648176,0.406113
865.7,-1.42307,-2.1174,0.42226,0.406113
865.8,-1.48539,-2.03117,0.754389,0.406113
865.9,-1.53111,-1.89482,1.04143,0.406113
866,-1.55734,-1.71537,1.26869,0.406113
866.1,-1.56235,-1.50384,1.42883,0.406113
866.2,-1.54573,-1.27344,1.52239,0.406113
866.3,-1.5084,-1.03743,1.55635,0.406113
866.4,-1.45236,-0.807362,1.5417,0.406113
866.5,-1.38042,-0.592031,1.49084,0.406113
866.6,-1.2958,-0.397185,1.41543,0.406113
866.7,-1.2018,-0.225787,1.32525,0.406113
866.8,-1.10161,-0.0786013,1.22769,0.406113
866.9,-0.998089,0.0451555,1.12784,0.406113
867,-0.89371,0.147226,1.02888,0.406113
867.1,-0.79051,0.229858,0.932554,0.406113
867.2,-0.69011,0.295484,0.839558,0.406113
867.3,-0.593743,0.346526,0.749956,0.406113
867.4,-0.502301,0.385276,0.663425,0.406113
867.5,-0.416382,0.413843,0.579458,0.406113
867.6,-0.336336,0.434132,0.497491,0.406113
867.7,-0.262307,0.447841,0.416982,0.406113
867.8,-0.194275,0.456478,0.33746,0.406113
867.9,-0.132086,0.461367,0.258545,0.406113
868,-0.0754842,0.463669,0.179953,-0.356414
868.1,-0.0241329,0.464398,0.101495,-0.126208
868.2,0.0223608,0.464431,0.023065,-0.0233789
868.3,0.0644309,0.464529,-0.0553639,0.0488012
868.4,0.102537,0.465347,-0.133755,0.105883
868.5,0.137152,0.467446,-0.212014,0.153702
868.6,0.168755,0.471312,-0.289998,0.195078
868.7,0.197821,0.477364,-0.367517,0.231569
868.8,0.224818,0.485967,-0.444338,0.264101
868.9,0.2502,0.497445,-0.520184,0.293254
869,0.274411,0.51209,-0.594731,0.319394
869.1,0.297876,0.530172,-0.667602,0.34275
869.2,0.321004,0.551945,-0.738358,0.363451
869.3,0.344193,0.577656,-0.806491,0.381548
869.4,0.367822,0.607542,-0.871408,0.397028
869.5,0.392257,0.641837,-0.932422,0.409815
869.6,0.417853,0.680764,-0.98873,0.419774
869.7,0.44495,0.72453,-1.0394,0.426707
869.8,0.473875,0.773312,-1.08336,0.430357
869.9,0.504938,0.827237,-1.11936,0.430398
870,0.538427,0.886354,-1.14599,0.426447
870.1,0.574605,0.950599,-1.16167,0.418067
870.2,0.613693,1.01975,-1.16466,0.404799
870.3,0.655862,1.09336,-1.15305,0.386204
870.4,0.701211,1.1707,-1.12492,0.361948
870.5,0.749742,1.25069,-1.07832,0.331924
870.6,0.801336,1.33181,-1.01154,0.296399
870.7,0.855715,1.41205,-0.923223,0.296399
870.8,0.912412,1.48888,-0.812672,0.296399
870.9,0.970739,1.55926,-0.680147,0.296399
871,1.02976,1.61972,-0.527158,0.296399
871.1,1.08829,1.66658,-0.356721,0.296399
871.2,1.14491,1.69619,-0.173476,0.296399
871.3,1.19799,1.70534,0.0164054,0.296399
871.4,1.24579,1.69165,0.205567,0.296399
871.5,1.28659,1.65398,0.386083,0.296399
871.6,1.31877,1.5927,0.550258,0.296399
871.7,1.34098,1.50976,0.691469,0.296399
871.8,1.35228,1.4086,0.804868,0.296399
871.9,1.35217,1.29373,0.887795,0.296399
872,1.34068,1.17027,0.939825,0.296399
872.1,1.31834,1.04342,0.962486,0.296399
872.2,1.28608,0.917983,0.958735,0.296399
872.3,1.24519,0.798022,0.932369,0.296399
872.4,1.19717,0.686671,0.887458,0.296399
872.5,1.14363,0.586102,0.827919,0.296399
872.6,1.0862,0.497593,0.757232,0.296399
872.7,1.02641,0.421664,0.678309,0.296399
872.8,0.965697,0.358241,0.593469,0.296399
872.9,0.90531,0.306817,0.504484,0.296399
873,0.846325,0.266599,0.412666,0.296399
873.1,0.78963,0.23663,0.318964,-0.295621
873.2,0.735932,0.215879,0.224054,-0.205846
873.3,0.685774,0.203313,0.128422,-0.112635
873.4,0.639549,0.197949,0.0324246,-0.0266333
873.5,0.597523,0.198881,-0.0636579,0.0486745
873.6,0.559858,0.205307,-0.159591,0.11368
873.7,0.526625,0.216541,-0.255157,0.169922
873.8,0.497834,0.232012,-0.350139,0.218967
873.9,0.473441,0.251273,-0.444312,0.262102
874,0.453371,0.273992,-0.537424,0.300312
874.1,0.437532,0.299948,-0.629199,0.334327
874.2,0.425821,0.329029,-0.719318,0.364676
874.3,0.418142,0.361219,-0.807416,0.391734
874.4,0.414411,0.396591,-0.893069,0.415751
874.5,0.41456,0.435303,-0.975779,0.43688
874.6,0.41855,0.477582,-1.05496,0.455183
874.7,0.426368,0.52372,-1.12991,0.470644
874.8,0.438032,0.574054,-1.1998,0.483169
874.9,0.453595,0.628958,-1.26364,0.492581
875,0.473137,0.688819,-1.32026,0.498618
875.1,0.496772,0.75401,-1.36824,0.500923
875.2,0.524633,0.824856,-1.40596,0.499037
875.3,0.556867,0.901587,-1.43148,0.492398
875.4,0.593625,0.984275,-1.4426,0.480346
875.5,0.635036,1.07276,-1.43685,0.462153
875.6,0.681188,1.16653,-1.41151,0.437104
875.7,0.732091,1.26465,-1.36373,0.404638
875.8,0.787639,1.36559,-1.29074,0.364603
875.9,0.847556,1.4671,-1.19003,0.317534
876,0.911339,1.56615,-1.05982,0.317534
876.1,0.978204,1.65883,-0.899506,0.317534
876.2,1.04703,1.74045,-0.710186,0.317534
876.3,1.11633,1.80573,-0.495201,0.317534
876.4,1.18423,1.84922,-0.260474,0.317534
876.5,1.24855,1.86588,-0.0145215,0.317534
876.6,1.30687,1.8518,0.232007,0.317534
876.7,1.35672,1.80492,0.467327,0.317534
876.8,1.39578,1.72553,0.67991,0.317534
876.9,1.42211,1.61649,0.86,0.317534
877,1.43431,1.48298,1.00087,0.317534
877.1,1.43174,1.33185,1.09947,0.317534
877.2,1.41449,1.17073,1.15638,0.317534
877.3,1.38337,1.00711,1.17516,0.317534
877.4,1.33979,0.84759,1.16126,0.317534
877.5,1.2856,0.697432,1.12098,0.317534
877.6,1.22288,0.560345,1.06054,0.317534
877.7,1.15382,0.438568,0.985474,0.317534
877.8,1.08052,0.333076,0.900347,0.317534
877.9,1.00495,0.243862,0.808658,0.317534
878,0.928838,0.170218,0.712938,0.317534
878.1,0.853671,0.11098,0.614912,0.317534
878.2,0.78066,0.0647329,0.515683,0.317534
878.3,0.710764,0.0299514,0.415909,0.317534
878.4,0.644701,0.00510851,0.315943,0.317534
878.5,0.582982,-0.0112576,0.215946,-0.406887
878.6,0.525935,-0.0205002,0.115974,-0.149286
878.7,0.473731,-0.0238398,0.0160251,-0.0168276
878.8,0.426418,-0.0223527,-0.0839199,0.0760953
878.9,0.383945,-0.0169681,-0.18388,0.148471
879,0.346182,-0.00847086,-0.283862,0.208162
879.1,0.312945,0.00249199,-0.38386,0.259228
879.2,0.284013,0.0154025,-0.483851,0.304031
879.3,0.259139,0.0298618,-0.583799,0.344055
879.4,0.238072,0.04558,-0.683655,0.380284
879.5,0.220558,0.0623653,-0.783362,0.413402
879.6,0.206355,0.080115,-0.882853,0.443899
879.7,0.195239,0.0988066,-0.982052,0.472138
879.8,0.187006,0.11849,-1.08087,0.498391
879.9,0.181482,0.139282,-1.17921,0.522865
880,0.178523,0.16136,-1.27695,0.545722
880.1,0.178018,0.184963,-1.37395,0.567079
880.2,0.179893,0.210386,-1.47004,0.587024
880.3,0.184111,0.237981,-1.56502,0.605611
880.4,0.190675,0.268161,-1.65862,0.622865
880.5,0.199631,0.301402,-1.75052,0.63878
880.6,0.211067,0.338245,-1.8403,0.653315
880.7,0.22512,0.379304,-1.92744,0.666388
880.8,0.241974,0.425269,-2.01127,0.67787
880.9,0.261866,0.476909,-2.09095,0.687571
881,0.285089,0.535075,-2.16538,0.695228
881.1,0.31199,0.600695,-2.23316,0.700482
881.2,0.342975,0.674759,-2.29254,0.702851
881.3,0.378511,0.758298,-2.34126,0.701694
881.4,0.419114,0.85233,-2.37649,0.696167
881.5,0.465347,0.957786,-2.39466,0.685161
881.6,0.5178,1.07539,-2.39141,0.667243
881.7,0.577055,1.20546,-2.36145,0.640604
881.8,0.643642,1.34767,-2.29856,0.603081
881.9,0.717965,1.5007,-2.19577,0.552392
882,0.800195,1.66176,-2.04569,0.486865
882.1,0.890134,1.82615,-1.84133,0.406937
882.2,0.987041,1.98676,-1.5774,0.406937
882.3,1.08944,2.13384,-1.25207,0.406937
882.4,1.19496,2.25514,-0.869181,0.406937
882.5,1.30017,2.33684,-0.44018,0.406937
882.6,1.40067,2.36534,0.0149203,0.406937
882.7,1.49129,2.32981,0.468702,0.406937
882.8,1.56657,2.22495,0.890088,0.406937
882.9,1.62141,2.05303,1.25013,0.406937
883,1.6518,1.82411,1.52798,0.406937
883.1,1.6554,1.55436,1.71483,0.406937
883.2,1.63178,1.26284,1.81424,0.406937
883.3,1.58237,0.96802,1.83929,0.406937
883.4,1.51007,0.685099,1.80803,0.406937
883.5,1.41876,0.424717,1.73914,0.406937
883.6,1.31271,0.192934,1.64897,0.406937
883.7,1.19619,-0.00796792,1.55012,0.406937
883.8,1.07312,-0.178375,1.45127,0.406937
883.9,0.946943,-0.320293,1.35777,0.406937
884,0.820535,-0.436524,1.27236,0.406937
884.1,0.696216,-0.530109,1.19596,0.406937
884.2,0.575796,-0.604001,1.12833,0.406937
884.3,0.460646,-0.660897,1.06852,0.406937
884.4,0.351765,-0.703189,1.01521,0.406937
884.5,0.24984,-0.732971,0.96692,0.406937
884.6,0.155311,-0.752076,0.922179,0.406937
884.7,0.06841,-0.762126,0.879605,0.406937
884.8,-0.0107991,-0.764572,0.837963,0.406937
884.9,-0.0823894,-0.760738,0.7962,0.406937
885,-0.146548,-0.751843,0.753454,0.406937
885.1,-0.203556,-0.739018,0.709065,0.406937
885.2,-0.253771,-0.723313,0.662556,0.406937
885.3,-0.297613,-0.705701,0.613628,0.406937
885.4,-0.335552,-0.687071,0.562133,0.406937
885.5,-0.36809,-0.66823,0.508055,0.406937
885.6,-0.395759,-0.649893,0.451485,0.406937
885.7,-0.419099,-0.632688,0.392598,0.406937
885.8,-0.438658,-0.61715,0.331632,0.406937
885.9,-0.454976,-0.603729,0.268874,0.406937
886,-0.468582,-0.592793,0.20464,-0.145936
886.1,-0.479985,-0.584637,0.139271,-0.0956793
886.2,-0.48967,-0.57949,0.0731206,-0.0483739
886.3,-0.498097,-0.577526,0.00655641,-0.00417495
886.4,-0.505694,-0.578874,-0.0600445,0.0368005
886.5,-0.512861,-0.583625,-0.126293,0.0744939
886.6,-0.519965,-0.591846,-0.191783,0.108895
886.7,-0.527345,-0.603581,-0.256091,0.140034
886.8,-0.535311,-0.618864,-0.318766,0.167954
886.9,-0.544145,-0.637715,-0.379326,0.1927
887,-0.554106,-0.660149,-0.437249,0.214307
887.1,-0.565428,-0.686172,-0.491969,0.232788
887.2,-0.578322,-0.71578,-0.542867,0.248131
887.3,-0.59298,-0.748952,-0.589265,0.260294
887.4,-0.60957,-0.785644,-0.630423,0.269209
887.5,-0.62824,-0.825776,-0.665539,0.27478
887.6,-0.649114,-0.869214,-0.693744,0.276897
887.7,-0.672287,-0.915759,-0.714117,0.275439
887.8,-0.697823,-0.965117,-0.725695,0.270296
887.9,-0.725747,-1.01688,-0.727501,0.261395
888,-0.756034,-1.0705,-0.718574,0.248727
888.1,-0.788603,-1.12527,-0.698027,0.232375
888.2,-0.823303,-1.18026,-0.66511,0.232375
888.3,-0.859902,-1.23438,-0.619293,0.232375
888.4,-0.898073,-1.28629,-0.560364,0.232375
888.5,-0.937384,-1.33449,-0.488533,0.232375
888.6,-0.977295,-1.3773,-0.40453,0.232375
888.7,-1.01715,-1.41297,-0.309692,0.232375
888.8,-1.05619,-1.43973,-0.206007,0.232375
888.9,-1.09356,-1.45598,-0.0961035,0.232375
889,-1.12836,-1.46037,0.0168255,0.232375
889.1,-1.15965,-1.45196,0.129185,0.232375
889.2,-1.18653,-1.43038,0.237201,0.232375
889.3,-1.20817,-1.39586,0.337198,0.232375
889.4,-1.22387,-1.3493,0.425875,0.232375
889.5,-1.23312,-1.29221,0.500554,0.232375
889.6,-1.23562,-1.22659,0.559354,0.232375
889.7,-1.23133,-1.15481,0.601271,0.232375
889.8,-1.22042,-1.07937,0.626152,0.232375
889.9,-1.20329,-1.00279,0.634584,0.232375
890,-1.18055,-0.927384,0.627734,0.232375
890.1,-1.15293,-0.855192,0.607156,0.232375
890.2,-1.12129,-0.787871,0.574608,0.232375
890.3,-1.08655,-0.726686,0.531903,0.232375
890.4,-1.04963,-0.672513,0.480786,0.232375
890.5,-1.01142,-0.625878,0.422866,0.232375
890.6,-0.972792,-0.587005,0.359577,0.232375
890.7,-0.934513,-0.55588,0.292167,0.232375
890.8,-0.897282,-0.532309,0.221708,0.232375
890.9,-0.861704,-0.515971,0.149121,0.232375
891,-0.828291,-0.506468,0.0752,-0.041868
891.1,-0.797467,-0.503365,0.000642184,-0.000356455
891.2,-0.769572,-0.50622,-0.0739245,0.0404787
891.3,-0.744874,-0.514606,-0.147917,0.0793665
891.4,-0.723576,-0.528131,-0.220776,0.115492
891.5,-0.705826,-0.546447,-0.291947,0.148396
891.6,-0.691728,-0.569252,-0.360863,0.177855
891.7,-0.681348,-0.596295,-0.426935,0.203785
891.8,-0.674726,-0.627368,-0.489533,0.226158
891.9,-0.67188,-0.662304,-0.547982,0.244963
892,-0.672809,-0.70096,-0.601549,0.260179
892.1,-0.677504,-0.743207,-0.649436,0.271763
892.2,-0.68594,-0.788912,-0.690777,0.27964
892.3,-0.698084,-0.837913,-0.724637,0.283709
892.4,-0.713887,-0.890002,-0.750014,0.283857
892.5,-0.733281,-0.944885,-0.765859,0.279968
892.6,-0.756172,-1.00216,-0.771092,0.271957
892.7,-0.782429,-1.06129,-0.764642,0.259795
892.8,-0.811875,-1.12155,-0.745505,0.243561
892.9,-0.844271,-1.182,-0.712811,0.243561
893,-0.879301,-1.24148,-0.665918,0.243561
893.1,-0.916554,-1.2986,-0.604524,0.243561
893.2,-0.955519,-1.35172,-0.528789,0.243561
893.3,-0.995564,-1.39902,-0.439451,0.243561
893.4,-1.03594,-1.43856,-0.337935,0.243561
893.5,-1.07578,-1.4684,-0.226409,0.243561
893.6,-1.11413,-1.48671,-0.107786,0.243561
893.7,-1.14995,-1.49197,0.0143668,0.243561
893.8,-1.18218,-1.48315,0.136009,0.243561
893.9,-1.20981,-1.45979,0.252891,0.243561
894,-1.23189,-1.42217,0.360879,0.243561
894.1,-1.24764,-1.37134,0.456284,0.243561
894.2,-1.25647,-1.309,0.536155,0.243561
894.3,-1.25807,-1.23744,0.598475,0.243561
894.4,-1.25237,-1.15934,0.642244,0.243561
894.5,-1.23958,-1.07753,0.667432,0.243561
894.6,-1.22015,-0.994777,0.674844,0.243561
894.7,-1.19476,-0.913643,0.665906,0.243561
894.8,-1.16423,-0.836319,0.642445,0.243561
894.9,-1.1295,-0.764562,0.606475,0.243561
895,-1.09158,-0.699674,0.560019,0.243561
895.1,-1.05145,-0.642521,0.504994,0.243561
895.2,-1.01011,-0.59358,0.443127,0.243561
895.3,-0.968438,-0.553005,0.375927,0.243561
895.4,-0.927277,-0.5207,0.304684,0.243561
895.5,-0.887348,-0.496381,0.230484,0.243561
895.6,-0.849275,-0.479646,0.154242,0.243561
895.7,-0.81358,-0.470017,0.0767353,-0.0444494
895.8,-0.780689,-0.46699,-0.00136465,0.000788807
895.9,-0.750939,-0.470067,-0.0794584,0.0451369
896,-0.724589,-0.478773,-0.156993,0.0870118
896.1,-0.701829,-0.492684,-0.233439,0.125636
896.2,-0.682796,-0.511426,-0.308269,0.160638
896.3,-0.667579,-0.534687,-0.380944,0.191895
896.4,-0.656231,-0.562213,-0.450896,0.219406
896.5,-0.648781,-0.593808,-0.517516,0.243219
896.6,-0.645237,-0.629321,-0.580144,0.263373
896.7,-0.645594,-0.668641,-0.638054,0.279883
896.8,-0.64984,-0.711678,-0.690449,0.292724
896.9,-0.657954,-0.758348,-0.73645,0.301826
897,-0.669909,-0.80855,-0.775095,0.307081
897.1,-0.685669,-0.862139,-0.805337,0.30835
897.2,-0.705184,-0.918901,-0.826053,0.305475
897.3,-0.728384,-0.978514,-0.83606,0.29831
897.4,-0.75517,-1.04051,-0.834152,0.286747
897.5,-0.785396,-1.10425,-0.819142,0.270775
897.6,-0.818862,-1.16885,-0.789939,0.250518
897.7,-0.855288,-1.2332,-0.74564,0.250518
897.8,-0.894302,-1.29589,-0.685649,0.250518
897.9,-0.935423,-1.35523,-0.609815,0.250518
898,-0.978038,-1.40929,-0.518581,0.250518
898.1,-1.0214,-1.45593,-0.413122,0.250518
898.2,-1.06463,-1.49294,-0.295451,0.250518
898.3,-1.10671,-1.51815,-0.168458,0.250518
898.4,-1.14653,-1.52965,-0.0358601,0.250518
898.5,-1.18294,-1.52598,0.0979622,0.250518
898.6,-1.21476,-1.50633,0.228246,0.250518
898.7,-1.24091,-1.47066,0.350209,0.250518
898.8,-1.26043,-1.41984,0.459454,0.250518
898.9,-1.27258,-1.35553,0.552342,0.250518
899,-1.27691,-1.28016,0.626275,0.250518
899.1,-1.27323,-1.19663,0.679831,0.250518
899.2,-1.26168,-1.10812,0.712757,0.250518
899.3,-1.2427,-1.01781,0.725819,0.250518
899.4,-1.21697,-0.928651,0.720563,0.250518
899.5,-1.18536,-0.843203,0.699039,0.250518
899.6,-1.14889,-0.763528,0.663543,0.250518
899.7,-1.10866,-0.691158,0.616393,0.250518
899.8,-1.06576,-0.627114,0.559778,0.250518
899.9,-1.02128,-0.571959,0.495657,0.250518
900,-0.976218,-0.525879,0.425723,0.250518
900.1,-0.931497,-0.488761,0.351398,0.250518
900.2,-0.887921,-0.460276,0.273855,0.250518
900.3,-0.846179,-0.439954,0.194059,0.250518
900.4,-0.806849,-0.427242,0.112809,-0.0698602
900.5,-0.770396,-0.421554,0.0307727,-0.0189049
900.6,-0.737187,-0.422311,-0.0514679,0.0309911
900.7,-0.7075,-0.428968,-0.133391,0.078078
900.8,-0.681537,-0.441032,-0.214504,0.121422
900.9,-0.659436,-0.458076,-0.294328,0.16066
901,-0.641287,-0.479744,-0.372371,0.195753
901.1,-0.627139,-0.505753,-0.44812,0.226803
901.2,-0.617013,-0.535891,-0.521022,0.253958
901.3,-0.610913,-0.570009,-0.590473,0.277348
901.4,-0.608828,-0.608013,-0.655806,0.297058
901.5,-0.610744,-0.649852,-0.716275,0.313119
901.6,-0.616644,-0.6955,-0.771051,0.325501
901.7,-0.62651,-0.744937,-0.819205,0.334118
901.8,-0.640323,-0.79813,-0.859703,0.338827
901.9,-0.658063,-0.854998,-0.891405,0.339442
902,-0.679698,-0.915381,-0.913069,0.335749
902.1,-0.705179,-0.979004,-0.923366,0.327531
902.2,-0.73443,-1.04543,-0.920913,0.314608
902.3,-0.76733,-1.11402,-0.904325,0.296892
902.4,-0.803695,-1.18387,-0.872291,0.274458
902.5,-0.84326,-1.25378,-0.823684,0.274458
902.6,-0.885655,-1.32222,-0.757701,0.274458
902.7,-0.930383,-1.38731,-0.674029,0.274458
902.8,-0.976799,-1.44686,-0.573029,0.274458
902.9,-1.0241,-1.4984,-0.455915,0.274458
903,-1.07131,-1.53937,-0.324898,0.274458
903.1,-1.11731,-1.5672,-0.183252,0.274458
903.2,-1.16086,-1.57963,-0.0352574,0.274458
903.3,-1.20062,-1.57492,0.11399,0.274458
903.4,-1.23528,-1.55208,0.258925,0.274458
903.5,-1.26359,-1.51111,0.393973,0.274458
903.6,-1.28446,-1.45304,0.514058,0.274458
903.7,-1.29707,-1.37989,0.615065,0.274458
903.8,-1.30091,-1.29456,0.694178,0.274458
903.9,-1.29581,-1.2005,0.750027,0.274458
904,-1.28197,-1.10143,0.782641,0.274458
904.1,-1.25993,-1.00101,0.793224,0.274458
904.2,-1.2305,-0.902581,0.783842,0.274458
904.3,-1.19472,-0.808948,0.757062,0.274458
904.4,-1.15376,-0.722311,0.715643,0.274458
904.5,-1.10885,-0.644229,0.662276,0.274458
904.6,-1.06124,-0.575668,0.599419,0.274458
904.7,-1.01212,-0.517078,0.529208,0.274458
904.8,-0.962579,-0.468498,0.453431,0.274458
904.9,-0.913607,-0.429653,0.373539,0.274458
905,-0.86605,-0.400054,0.290695,0.274458
905.1,-0.820624,-0.379079,0.205821,-0.139082
905.2,-0.777914,-0.366039,0.119655,-0.080895
905.3,-0.738384,-0.36023,0.0328005,-0.0217843
905.4,-0.702384,-0.360976,-0.0542335,0.03494
905.5,-0.670173,-0.367652,-0.140995,0.0874457
905.6,-0.641927,-0.379703,-0.227062,0.135038
905.7,-0.617756,-0.396661,-0.312021,0.177675
905.8,-0.597721,-0.418141,-0.39545,0.215604
905.9,-0.581843,-0.443851,-0.476898,0.249151
906,-0.570118,-0.473582,-0.555879,0.278629
906.1,-0.562527,-0.507204,-0.631852,0.304285
906.2,-0.559044,-0.54466,-0.704214,0.32629
906.3,-0.559642,-0.58595,-0.772279,0.344734
906.4,-0.5643,-0.631121,-0.83527,0.35963
906.5,-0.573003,-0.680246,-0.892301,0.370915
906.6,-0.585748,-0.733404,-0.942366,0.378456
906.7,-0.602536,-0.790657,-0.984321,0.382048
906.8,-0.623374,-0.852013,-1.01689,0.381432
906.9,-0.648263,-0.917391,-1.03864,0.376302
907,-0.677192,-0.986576,-1.04803,0.366332
907.1,-0.71012,-1.05916,-1.04341,0.351225
907.2,-0.746962,-1.1345,-1.0231,0.330783
907.3,-0.787563,-1.21163,-0.98547,0.304993
907.4,-0.831674,-1.28921,-0.929058,0.274143
907.5,-0.878923,-1.36551,-0.85277,0.274143
907.6,-0.928787,-1.43831,-0.75608,0.274143
907.7,-0.980561,-1.50502,-0.639279,0.274143
907.8,-1.03334,-1.56265,-0.503715,0.274143
907.9,-1.08602,-1.60805,-0.351999,0.274143
908,-1.13728,-1.6381,-0.188098,0.274143
908.1,-1.18567,-1.65,-0.0172774,0.274143
908.2,-1.22962,-1.64164,0.154171,0.274143
908.3,-1.26756,-1.61191,0.319402,0.274143
908.4,-1.29803,-1.56093,0.471644,0.274143
908.5,-1.31977,-1.49017,0.604891,0.274143
908.6,-1.33186,-1.40236,0.714494,0.274143
908.7,-1.33377,-1.30123,0.797568,0.274143
908.8,-1.3254,-1.19112,0.853103,0.274143
908.9,-1.3071,-1.07659,0.881817,0.274143
909,-1.2796,-0.96197,0.885787,0.274143
909.1,-1.24397,-0.851054,0.867985,0.274143
909.2,-1.20147,-0.74691,0.831805,0.274143
909.3,-1.15354,-0.651792,0.780675,0.274143
909.4,-1.10161,-0.567167,0.717769,0.274143
909.5,-1.04711,-0.493803,0.645855,0.274143
909.6,-0.991371,-0.431894,0.567222,0.274143
909.7,-0.93559,-0.381197,0.483697,0.274143
909.8,-0.880814,-0.341163,0.396693,0.274143
909.9,-0.827927,-0.311043,0.307283,0.274143
910,-0.777652,-0.289987,0.216275,-0.170722
910.1,-0.73056,-0.277111,0.12428,-0.0962744
910.2,-0.687085,-0.271547,0.0317741,-0.0236635
910.3,-0.647538,-0.272487,-0.0608543,0.0430903
910.4,-0.612129,-0.279201,-0.15327,0.102731
910.5,-0.580982,-0.291058,-0.245162,0.155451
910.6,-0.554154,-0.30753,-0.336224,0.201964
910.7,-0.531653,-0.3282,-0.426138,0.243054
910.8,-0.51345,-0.352755,-0.514562,0.279409
910.9,-0.499495,-0.380987,-0.601118,0.311578
911,-0.489727,-0.412784,-0.685381,0.339971
911.1,-0.484087,-0.448124,-0.766867,0.364875
911.2,-0.482519,-0.487061,-0.845018,0.38647
911.3,-0.484985,-0.529723,-0.919189,0.404842
911.4,-0.491463,-0.576288,-0.988626,0.419987
911.5,-0.501953,-0.626975,-1.05245,0.431822
911.6,-0.516478,-0.682025,-1.10964,0.44018
911.7,-0.53508,-0.741671,-1.15899,0.444809
911.8,-0.557818,-0.806112,-1.19913,0.445379
911.9,-0.584763,-0.875475,-1.22846,0.441476
912,-0.615982,-0.949759,-1.24521,0.43262
912.1,-0.651532,-1.02878,-1.24736,0.418296
912.2,-0.691431,-1.1121,-1.23279,0.398009
912.3,-0.735639,-1.19893,-1.19927,0.371395
912.4,-0.784027,-1.28806,-1.1446,0.338371
912.5,-0.836334,-1.37773,-1.06686,0.299331
912.6,-0.892132,-1.46562,-0.964608,0.299331
912.7,-0.950779,-1.54875,-0.837227,0.299331
912.8,-1.01138,-1.62355,-0.685321,0.299331
912.9,-1.07277,-1.68597,-0.511066,0.299331
913,-1.13349,-1.73178,-0.318489,0.299331
913.1,-1.19182,-1.75689,-0.113557,0.299331
913.2,-1.24584,-1.75787,0.0960281,0.299331
913.3,-1.29355,-1.73245,0.301378,0.299331
913.4,-1.33299,-1.67998,0.49328,0.299331
913.5,-1.36242,-1.60166,0.663234,0.299331
913.6,-1.38046,-1.50057,0.804451,0.299331
913.7,-1.38624,-1.38131,0.912572,0.299331
913.8,-1.37948,-1.24955,0.985962,0.299331
913.9,-1.36045,-1.1113,1.02553,0.299331
914,-1.33,-0.972341,1.03419,0.299331
914.1,-1.2894,-0.837721,1.01616,0.299331
914.2,-1.24023,-0.711438,0.976157,0.299331
914.3,-1.18425,-0.59635,0.918892,0.299331
914.4,-1.12325,-0.494216,0.848589,0.299331
914.5,-1.05901,-0.405845,0.768803,0.299331
914.6,-0.993136,-0.331296,0.68235,0.299331
914.7,-0.927089,-0.270074,0.591358,0.299331
914.8,-0.862113,-0.221314,0.497365,0.299331
914.9,-0.799239,-0.183932,0.401446,0.299331
915,-0.739293,-0.156741,0.304327,-0.348549
915.1,-0.682909,-0.138538,0.206488,-0.222006
915.2,-0.630546,-0.128164,0.108251,-0.105686
915.3,-0.582513,-0.124545,0.00983495,-0.00868196
915.4,-0.538994,-0.126717,-0.0885979,0.0711767
915.5,-0.500069,-0.133837,-0.18691,0.137865
915.6,-0.465736,-0.145195,-0.284972,0.194644
915.7,-0.435932,-0.160209,-0.382647,0.243853
915.8,-0.410551,-0.178426,-0.479786,0.287131
915.9,-0.389459,-0.199513,-0.57622,0.325621
916,-0.372512,-0.223255,-0.671756,0.360131
916.1,-0.35956,-0.249542,-0.766171,0.391238
916.2,-0.350464,-0.278365,-0.859209,0.419348
916.3,-0.345103,-0.309809,-0.950565,0.444745
916.4,-0.343377,-0.344044,-1.03988,0.46762
916.5,-0.345218,-0.381319,-1.12674,0.48808
916.6,-0.350591,-0.421957,-1.21062,0.506167
916.7,-0.359499,-0.466345,-1.2909,0.521853
916.8,-0.371981,-0.514929,-1.36685,0.535043
916.9,-0.388123,-0.568204,-1.43754,0.54557
917,-0.408046,-0.626697,-1.50187,0.553181
917.1,-0.431914,-0.690951,-1.5585,0.557532
917.2,-0.459925,-0.761495,-1.60579,0.558168
917.3,-0.492308,-0.838805,-1.64181,0.554504
917.4,-0.529308,-0.923248,-1.66424,0.545819
917.5,-0.571177,-1.015,-1.67037,0.531243
917.6,-0.618144,-1.11397,-1.6571,0.509788
917.7,-0.670389,-1.21961,-1.62099,0.48043
917.8,-0.727996,-1.33082,-1.55837,0.442306
917.9,-0.790902,-1.44574,-1.46558,0.395072
918,-0.858826,-1.56153,-1.33936,0.339405
918.1,-0.931194,-1.67429,-1.17734,0.339405
918.2,-1.00706,-1.77891,-0.97882,0.339405
918.3,-1.08502,-1.86922,-0.745493,0.339405
918.4,-1.16318,-1.9383,-0.482235,0.339405
918.5,-1.23917,-1.97912,-0.197532,0.339405
918.6,-1.31019,-1.98541,0.0966348,0.339405
918.7,-1.37318,-1.95273,0.385693,0.339405
918.8,-1.42511,-1.87949,0.654176,0.339405
918.9,-1.46322,-1.76747,0.887907,0.339405
919,-1.48537,-1.62192,1.07613,0.339405
919.1,-1.49025,-1.4508,1.21295,0.339405
919.2,-1.47754,-1.26372,1.29771,0.339405
919.3,-1.44785,-1.07051,1.33426,0.339405
919.4,-1.40268,-0.880073,1.32958,0.339405
919.5,-1.34411,-0.699568,1.29206,0.339405
919.6,-1.27464,-0.534081,1.23016,0.339405
919.7,-1.19688,-0.38667,1.15139,0.339405
919.8,-1.11343,-0.258656,1.06183,0.339405
919.9,-1.02668,-0.150032,0.966044,0.339405
920,-0.938757,-0.059865,0.867182,0.339405
920.1,-0.85145,0.0133509,0.767275,0.339405
920.2,-0.766231,0.0714271,0.667492,0.339405
920.3,-0.68425,0.116287,0.568409,0.339405
920.4,-0.606364,0.149838,0.470212,0.339405
920.5,-0.53317,0.173894,0.372861,0.339405
920.6,-0.465043,0.19013,0.276197,0.339405
920.7,-0.40217,0.20006,0.180022,0.339405
920.8,-0.344585,0.205031,0.0841397,-0.123563
920.9,-0.292199,0.206226,-0.0116209,0.0129147
921,-0.244825,0.204668,-0.107392,0.100559
921.1,-0.202204,0.201237,-0.203268,0.167645
921.2,-0.164026,0.196675,-0.299307,0.222985
921.3,-0.129944,0.191607,-0.395537,0.270612
921.4,-0.0995909,0.186552,-0.491962,0.312725
921.5,-0.072589,0.181937,-0.58857,0.35065
921.6,-0.0485601,0.178113,-0.685331,0.385249
921.7,-0.0271317,0.175368,-0.782211,0.417113
921.8,-0.0079416,0.173941,-0.879165,0.446665
921.9,0.00935855,0.174034,-0.976142,0.474218
922,0.025102,0.175824,-1.07309,0.500014
922.1,0.0396063,0.179475,-1.16994,0.52424
922.2,0.0531742,0.185145,-1.26662,0.547045
922.3,0.066095,0.193002,-1.36305,0.568545
922.4,0.0786469,0.203228,-1.45913,0.588834
922.5,0.0911002,0.216027,-1.55475,0.607981
922.6,0.103721,0.231642,-1.64975,0.626034
922.7,0.116773,0.250352,-1.74395,0.643021
922.8,0.130527,0.272491,-1.83713,0.658948
922.9,0.145261,0.298453,-1.92899,0.673797
923,0.161266,0.328699,-2.01917,0.687521
923.1,0.178855,0.363772,-2.1072,0.700041
923.2,0.198367,0.404302,-2.19248,0.711234
923.3,0.220172,0.451014,-2.27422,0.720928
923.4,0.244679,0.50474,-2.35142,0.728882
923.5,0.272344,0.566412,-2.42278,0.73477
923.6,0.30367,0.637065,-2.48662,0.738149
923.7,0.339218,0.717818,-2.5408,0.738429
923.8,0.379604,0.809833,-2.58253,0.734821
923.9,0.425494,0.914255,-2.60832,0.726274
924,0.477597,1.0321,-2.61372,0.711399
924.1,0.536636,1.16408,-2.59325,0.68838
924.2,0.603309,1.31035,-2.5403,0.654914
924.3,0.678221,1.47014,-2.4471,0.608288
924.4,0.761784,1.64127,-2.30509,0.545842
924.5,0.854068,1.81954,-2.10551,0.466334
924.6,0.954617,1.99815,-1.84075,0.466334
924.7,1.06222,2.16711,-1.50623,0.466334
924.8,1.17467,2.31322,-1.10308,0.466334
924.9,1.28859,2.42071,-0.640878,0.466334
925,1.39936,2.473,-0.139568,0.466334
925.1,1.50129,2.45568,0.37083,0.466334
925.2,1.58812,2.36005,0.853908,0.466334
925.3,1.65376,2.1861,1.2737,0.466334
925.4,1.69317,1.94358,1.60264,0.466334
925.5,1.70313,1.65038,1.82747,0.466334
925.6,1.68269,1.32877,1.95064,0.466334
925.7,1.63312,1.00085,1.98714,0.466334
925.8,1.55751,0.68498,1.95875,0.466334
925.9,1.46017,0.393989,1.8883,0.466334
926,1.34591,0.135078,1.79571,0.466334
926.1,1.21957,-0.0891374,1.69617,0.466334
926.2,1.08557,-0.279204,1.59996,0.466334
926.3,0.947796,-0.437488,1.51319,0.466334
926.4,0.809483,-0.567154,1.43879,0.466334
926.5,0.673243,-0.6715,1.37748,0.466334
926.6,0.541137,-0.753593,1.32856,0.466334
926.7,0.414758,-0.816111,1.29043,0.466334
926.8,0.295308,-0.861331,1.26102,0.466334
926.9,0.183681,-0.891183,1.23802,0.466334
927,0.08051,-0.907335,1.21909,0.466334
927.1,-0.0137784,-0.911296,1.20195,0.466334
927.2,-0.0989391,-0.904492,1.18453,0.466334
927.3,-0.174884,-0.888326,1.16501,0.466334
927.4,-0.241668,-0.864221,1.14191,0.466334
927.5,-0.299477,-0.833619,1.11406,0.466334
927.6,-0.348618,-0.797979,1.08069,0.466334
927.7,-0.389505,-0.758745,1.04132,0.466334
927.8,-0.422651,-0.717312,0.995823,0.466334
927.9,-0.448646,-0.674986,0.944304,0.466334
928,-0.468145,-0.632952,0.887077,0.466334
928.1,-0.481845,-0.592249,0.8246,0.466334
928.2,-0.490469,-0.553749,0.757421,0.466334
928.3,-0.494743,-0.518157,0.686127,0.466334
928.4,-0.495387,-0.48601,0.611314,0.466334
928.5,-0.493094,-0.457693,0.533554,0.466334
928.6,-0.488519,-0.433454,0.453381,0.466334
928.7,-0.482277,-0.413423,0.371285,0.466334
928.8,-0.474927,-0.397641,0.287704,-0.258924
928.9,-0.46698,-0.386075,0.203033,-0.174305
929,-0.458889,-0.378645,0.117627,-0.0955161
929.1,-0.451057,-0.375239,0.0318111,-0.0243422
929.2,-0.443835,-0.375733,-0.0541139,0.0390032
929.3,-0.437531,-0.380003,-0.139859,0.0950814
929.4,-0.432412,-0.387938,-0.225138,0.144704
929.5,-0.428709,-0.399448,-0.309661,0.188677
929.6,-0.426623,-0.414474,-0.393121,0.227704
929.7,-0.426335,-0.432988,-0.475188,0.262359
929.8,-0.428005,-0.455002,-0.555496,0.293092
929.9,-0.431782,-0.480562,-0.633637,0.320234
930,-0.437807,-0.509755,-0.709142,0.344024
930.1,-0.446217,-0.542701,-0.781475,0.364606
930.2,-0.45715,-0.579551,-0.850015,0.382044
930.3,-0.470745,-0.620479,-0.914041,0.396325
930.4,-0.487145,-0.66567,-0.972716,0.407364
930.5,-0.506499,-0.715309,-1.02507,0.415001
930.6,-0.528957,-0.769557,-1.06998,0.419003
930.7,-0.554669,-0.828531,-1.10617,0.41907
930.8,-0.583775,-0.892263,-1.13218,0.414836
930.9,-0.616404,-0.960663,-1.14637,0.405888
931,-0.652653,-1.03346,-1.14699,0.3918
931.1,-0.692574,-1.11016,-1.13212,0.37219
931.2,-0.736153,-1.18995,-1.09985,0.346816
931.3,-0.783279,-1.27163,-1.04834,0.315704
931.4,-0.83372,-1.35355,-0.975978,0.315704
931.5,-0.887084,-1.43356,-0.881651,0.315704
931.6,-0.942786,-1.50899,-0.764989,0.315704
931.7,-1.00002,-1.57668,-0.626674,0.315704
931.8,-1.05773,-1.63311,-0.468727,0.315704
931.9,-1.11462,-1.67462,-0.294723,0.315704
932,-1.16919,-1.69772,-0.109839,0.315704
932.1,-1.21975,-1.69947,0.0793204,0.315704
932.2,-1.26455,-1.67792,0.265165,0.315704
932.3,-1.30187,-1.63245,0.4398,0.315704
932.4,-1.33019,-1.56398,0.595854,0.315704
932.5,-1.34829,-1.475,0.727282,0.315704
932.6,-1.35535,-1.36932,0.829971,0.315704
932.7,-1.35106,-1.25171,0.902037,0.315704
932.8,-1.33562,-1.12732,0.943743,0.315704
932.9,-1.3097,-1.00124,0.957132,0.315704
933,-1.27434,-0.878005,0.945471,0.315704
933.1,-1.23092,-0.761359,0.912661,0.315704
933.2,-1.18096,-0.654093,0.862721,0.315704
933.3,-1.12608,-0.558059,0.799411,0.315704
933.4,-1.06788,-0.47426,0.726004,0.315704
933.5,-1.00784,-0.403004,0.645195,0.315704
933.6,-0.947335,-0.34406,0.559102,0.315704
933.7,-0.887551,-0.296821,0.469328,0.315704
933.8,-0.829493,-0.260438,0.377055,0.315704
933.9,-0.773984,-0.233929,0.283132,-0.258961
934,-0.721671,-0.216267,0.18817,-0.168353
934.1,-0.673041,-0.20644,0.0926122,-0.0786117
934.2,-0.628445,-0.203496,-0.00320852,0.00254787
934.3,-0.58811,-0.206572,-0.0990237,0.073309
934.4,-0.552166,-0.21491,-0.194599,0.134525
934.5,-0.520665,-0.227868,-0.289712,0.187701
934.6,-0.493596,-0.244924,-0.384137,0.234254
934.7,-0.470907,-0.265675,-0.477631,0.27532
934.8,-0.452519,-0.289831,-0.569926,0.311765
934.9,-0.438337,-0.317213,-0.660724,0.344226
935,-0.428262,-0.347745,-0.749679,0.373162
935.1,-0.422205,-0.381446,-0.836396,0.398893
935.2,-0.420088,-0.41842,-0.920412,0.421626
935.3,-0.421857,-0.45885,-1.00118,0.441471
935.4,-0.427482,-0.502985,-1.07807,0.458458
935.5,-0.436963,-0.551131,-1.15031,0.472533
935.6,-0.450331,-0.603634,-1.21699,0.483565
935.7,-0.467649,-0.660866,-1.27704,0.491339
935.8,-0.48901,-0.723197,-1.32918,0.49555
935.9,-0.51453,-0.790967,-1.3719,0.495794
936,-0.544344,-0.864446,-1.40342,0.49157
936.1,-0.578597,-0.943777,-1.42172,0.482272
936.2,-0.617422,-1.02891,-1.42446,0.467217
936.3,-0.660921,-1.11951,-1.40909,0.445691
936.4,-0.70914,-1.21485,-1.37287,0.41706
936.5,-0.762026,-1.31371,-1.313,0.380967
936.6,-0.819384,-1.41422,-1.22689,0.337602
936.7,-0.880825,-1.51376,-1.11242,0.337602
936.8,-0.94571,-1.6089,-0.968402,0.337602
936.9,-1.01309,-1.69538,-0.795078,0.337602
937,-1.08168,-1.76827,-0.594643,0.337602
937.1,-1.14979,-1.82223,-0.371681,0.337602
937.2,-1.21544,-1.85208,-0.133345,0.337602
937.3,-1.27633,-1.85336,0.110852,0.337602
937.4,-1.33003,-1.82311,0.349764,0.337602
937.5,-1.37418,-1.76043,0.571799,0.337602
937.6,-1.40664,-1.6669,0.766373,0.337602
937.7,-1.42578,-1.54653,0.925295,0.337602
937.8,-1.43058,-1.4053,1.04372,0.337602
937.9,-1.42076,-1.25042,1.12046,0.337602
938,-1.39678,-1.08939,1.1576,0.337602
938.1,-1.35974,-0.929215,1.15961,0.337602
938.2,-1.31128,-0.775765,1.13235,0.337602
938.3,-1.25333,-0.633474,1.08202,0.337602
938.4,-1.18802,-0.505279,1.01443,0.337602
938.5,-1.11748,-0.392765,0.934579,0.337602
938.6,-1.04373,-0.296406,0.846438,0.337602
938.7,-0.96859,-0.215845,0.752986,0.337602
938.8,-0.893666,-0.150159,0.656328,0.337602
938.9,-0.82029,-0.0980739,0.557864,0.337602
939,-0.74954,-0.0581373,0.458473,0.337602
939.1,-0.682249,-0.0288437,0.358662,0.337602
939.2,-0.619029,-0.00871782,0.258698,-0.63539
939.3,-0.560296,0.00362926,0.1587,-0.222547
939.4,-0.506302,0.00946694,0.0587048,-0.0654659
939.5,-0.45716,0.00992711,-0.041285,0.0392513
939.6,-0.412869,0.00599684,-0.141278,0.11864
939.7,-0.373346,-0.00148198,-0.241277,0.182971
939.8,-0.338437,-0.0118082,-0.341272,0.237317
939.9,-0.307948,-0.0244139,-0.441238,0.284551
940,-0.281652,-0.0388558,-0.541137,0.32644
940.1,-0.259307,-0.0548048,-0.640917,0.364141
940.2,-0.24067,-0.0720362,-0.740514,0.398443
940.3,-0.225503,-0.0904203,-0.839852,0.429906
940.4,-0.213582,-0.109913,-0.938848,0.458936
940.5,-0.204706,-0.130548,-1.0374,0.485838
940.6,-0.198697,-0.152432,-1.1354,0.51084
940.7,-0.195409,-0.175736,-1.23271,0.534115
940.8,-0.194731,-0.200697,-1.32916,0.555789
940.9,-0.196584,-0.227611,-1.42458,0.575954
941,-0.20093,-0.256837,-1.51871,0.594664
941.1,-0.207773,-0.288793,-1.61128,0.61194
941.2,-0.217157,-0.323965,-1.7019,0.627769
941.3,-0.229172,-0.362904,-1.79011,0.642098
941.4,-0.243957,-0.406233,-1.87534,0.654831
941.5,-0.261698,-0.454649,-1.95683,0.665817
941.6,-0.282636,-0.508923,-2.03364,0.674838
941.7,-0.307063,-0.569898,-2.10458,0.681596
941.8,-0.335329,-0.638482,-2.16812,0.685686
941.9,-0.367837,-0.715626,-2.22233,0.686569
942,-0.405047,-0.80229,-2.26479,0.683535
942.1,-0.44746,-0.899382,-2.29248,0.675651
942.2,-0.495613,-1.00767,-2.30164,0.661716
942.3,-0.550051,-1.12762,-2.28774,0.6402
942.4,-0.61129,-1.25923,-2.2454,0.609242
942.5,-0.679761,-1.40172,-2.16844,0.566751
942.6,-0.755731,-1.55317,-2.05015,0.51083
942.7,-0.839185,-1.71013,-1.8838,0.440764
942.8,-0.929689,-1.86715,-1.66357,0.440764
942.9,-1.02622,-2.01645,-1.38593,0.440764
943,-1.127,-2.14783,-1.05143,0.440764
943.1,-1.22933,-2.24915,-0.666665,0.440764
943.2,-1.32959,-2.30747,-0.245691,0.440764
943.3,-1.4233,-2.31099,0.189866,0.440764
943.4,-1.50541,-2.25155,0.612804,0.440764
943.5,-1.5709,-2.1269,0.994546,0.440764
943.6,-1.6153,-1.94194,1.3106,0.440764
943.7,-1.63541,-1.70833,1.54542,0.440764
943.8,-1.62967,-1.44236,1.6948,0.440764
943.9,-1.59832,-1.16181,1.76513,0.440764
944,-1.54322,-0.883083,1.77016,0.440764
944.1,-1.46748,-0.619067,1.72691,0.440764
944.2,-1.37489,-0.378411,1.65205,0.440764
944.3,-1.26954,-0.165728,1.5597,0.440764
944.4,-1.1554,0.0175743,1.46049,0.440764
944.5,-1.03607,0.172302,1.36163,0.440764
944.6,-0.914676,0.300573,1.26746,0.440764
944.7,-0.793795,0.405133,1.18013,0.440764
944.8,-0.675497,0.488899,1.10032,0.440764
944.9,-0.561375,0.554693,1.02773,0.440764
945,-0.452616,0.605106,0.961514,0.440764
945.1,-0.350059,0.642458,0.900561,0.440764
945.2,-0.254254,0.668796,0.843661,0.440764
945.3,-0.16552,0.685924,0.78964,0.440764
945.4,-0.0839794,0.695437,0.737424,0.440764
945.5,-0.00960372,0.698757,0.686082,0.440764
945.6,0.0577626,0.697157,0.634847,0.440764
945.7,0.118375,0.691786,0.583114,0.440764
945.8,0.172568,0.68368,0.530438,0.440764
945.9,0.220738,0.673774,0.476521,0.440764
946,0.263329,0.662907,0.421196,0.440764
946.1,0.300817,0.651825,0.364409,0.440764
946.2,0.333699,0.641188,0.306199,-0.262666
946.3,0.362485,0.631567,0.246684,-0.197138
946.4,0.387685,0.623455,0.186043,-0.139853
946.5,0.409806,0.617268,0.124507,-0.0886277
946.6,0.42934,0.613355,0.0623427,-0.0422161
946.7,0.446765,0.612001,-0.000147206,9.53285e-05
946.8,0.462535,0.613437,-0.0626342,0.0387463
946.9,0.477085,0.61785,-0.124764,0.0740039
947,0.49082,0.625385,-0.186155,0.106045
947.1,0.50412,0.636157,-0.246402,0.134988
947.2,0.517341,0.650253,-0.305065,0.160913
947.3,0.530808,0.66774,-0.361672,0.183872
947.4,0.544823,0.688661,-0.415712,0.203886
947.5,0.559663,0.713043,-0.466628,0.220952
947.6,0.575579,0.740889,-0.513816,0.235043
947.7,0.592797,0.772179,-0.556616,0.246105
947.8,0.611518,0.806857,-0.594316,0.254062
947.9,0.631918,0.844825,-0.626147,0.258822
948,0.654143,0.885929,-0.651289,0.26028
948.1,0.678308,0.929943,-0.66888,0.258336
948.2,0.704489,0.976547,-0.678033,0.252906
948.3,0.732723,1.02531,-0.677859,0.243946
948.4,0.762992,1.07567,-0.667507,0.231484
948.5,0.795222,1.1269,-0.64621,0.21565
948.6,0.829268,1.17812,-0.61335,0.21565
948.7,0.864903,1.22824,-0.56853,0.21565
948.8,0.901815,1.27602,-0.511665,0.21565
948.9,0.93959,1.32003,-0.443065,0.21565
949,0.977715,1.35875,-0.363519,0.21565
949.1,1.01558,1.39058,-0.274364,0.21565
949.2,1.05247,1.41398,-0.177505,0.21565
949.3,1.08761,1.42751,-0.0754038,0.21565
949.4,1.12017,1.43005,0.0290115,0.21565
949.5,1.14931,1.42084,0.132487,0.21565
949.6,1.17421,1.3996,0.231644,0.21565
949.7,1.19416,1.36663,0.323217,0.21565
949.8,1.20853,1.32279,0.404287,0.21565
949.9,1.21689,1.26945,0.47249,0.21565
950,1.219,1.20846,0.52616,0.21565
950.1,1.21481,1.14192,0.56439,0.21565
950.2,1.20451,1.07209,0.587017,0.21565
950.3,1.18848,1.00124,0.594525,0.21565
950.4,1.16727,0.93144,0.587914,0.21565
950.5,1.14156,0.864549,0.568535,0.21565
950.6,1.11214,0.802087,0.537939,0.21565
950.7,1.07984,0.745231,0.497742,0.21565
950.8,1.0455,0.694815,0.449526,0.21565
950.9,1.00997,0.65136,0.394766,0.21565
951,0.974034,0.615117,0.3348,0.21565
951.1,0.938419,0.586117,0.270809,0.21565
951.2,0.903778,0.564222,0.203828,0.21565
951.3,0.870684,0.549173,0.134759,0.21565
951.4,0.839625,0.540634,0.0643941,0.21565
951.5,0.811009,0.53823,-0.00656051,0.00349555
951.6,0.785168,0.541569,-0.0774612,0.0408439
951.7,0.762366,0.55027,-0.147705,0.076545
951.8,0.742807,0.563976,-0.21671,0.109829
951.9,0.726643,0.582363,-0.283898,0.140213
952,0.713981,0.605146,-0.348681,0.167422
952.1,0.704895,0.632077,-0.410449,0.191311
952.2,0.699428,0.662945,-0.468555,0.211798
952.3,0.697602,0.697563,-0.522312,0.22883
952.4,0.699418,0.735763,-0.570981,0.24236
952.5,0.704864,0.777377,-0.613769,0.25232
952.6,0.713909,0.822222,-0.649826,0.258635
952.7,0.726508,0.870079,-0.678251,0.261218
952.8,0.742597,0.920667,-0.698098,0.259982
952.9,0.762088,0.97362,-0.708401,0.25486
953,0.784858,1.02846,-0.708195,0.245831
953.1,0.810746,1.08455,-0.696564,0.232944
953.2,0.839538,1.14111,-0.672698,0.232944
953.3,0.870955,1.19714,-0.635966,0.232944
953.4,0.904642,1.25146,-0.586002,0.232944
953.5,0.940154,1.30267,-0.522809,0.232944
953.6,0.976947,1.34921,-0.446857,0.232944
953.7,1.01437,1.3894,-0.359178,0.232944
953.8,1.05169,1.42151,-0.261429,0.232944
953.9,1.08805,1.44386,-0.155914,0.232944
954,1.12254,1.455,-0.0455425,0.232944
954.1,1.15422,1.45378,0.0662917,0.232944
954.2,1.18214,1.43957,0.175897,0.232944
954.3,1.20542,1.41227,0.279535,0.232944
954.4,1.22328,1.37247,0.373697,0.232944
954.5,1.23508,1.32134,0.455371,0.232944
954.6,1.24042,1.26065,0.522253,0.232944
954.7,1.2391,1.19256,0.572875,0.232944
954.8,1.23117,1.11952,0.606633,0.232944
954.9,1.2169,1.04402,0.623725,0.232944
955,1.19679,0.968486,0.625008,0.232944
955.1,1.17149,0.895094,0.611827,0.232944
955.2,1.14179,0.82569,0.585826,0.232944
955.3,1.10857,0.761738,0.548779,0.232944
955.4,1.07273,0.704312,0.502454,0.232944
955.5,1.03518,0.654116,0.448524,0.232944
955.6,0.996798,0.611529,0.388504,0.232944
955.7,0.958387,0.576662,0.323733,0.232944
955.8,0.920683,0.549415,0.25537,0.232944
955.9,0.884333,0.529535,0.184411,0.232944
956,0.849893,0.516668,0.111717,0.232944
956.1,0.817829,0.510402,0.0380345,-0.0209822
956.2,0.788522,0.510301,-0.0359702,0.0196892
956.3,0.762274,0.515934,-0.109688,0.0590811
956.4,0.739321,0.526893,-0.182545,0.0961584
956.5,0.719838,0.542809,-0.253979,0.130286
956.6,0.70395,0.563357,-0.323426,0.161123
956.7,0.691742,0.58826,-0.390306,0.188508
956.8,0.683266,0.617286,-0.454006,0.212378
956.9,0.678551,0.650244,-0.513872,0.232707
957,0.677605,0.686974,-0.569198,0.249476
957.1,0.680421,0.727337,-0.619219,0.262648
957.2,0.68698,0.771193,-0.663106,0.272161
957.3,0.697251,0.818388,-0.699962,0.277928
957.4,0.71119,0.868729,-0.728824,0.279843
957.5,0.728735,0.921954,-0.748677,0.277796
957.6,0.749801,0.977709,-0.75847,0.271695
957.7,0.774271,1.03551,-0.757146,0.261488
957.8,0.801987,1.09471,-0.743689,0.247212
957.9,0.832734,1.15448,-0.717189,0.229031
958,0.866229,1.21377,-0.676923,0.229031
958.1,0.902104,1.27129,-0.622456,0.229031
958.2,0.939893,1.32553,-0.553756,0.229031
958.3,0.979021,1.37478,-0.47131,0.229031
958.4,1.0188,1.41718,-0.376237,0.229031
958.5,1.05841,1.45081,-0.270361,0.229031
958.6,1.09696,1.47382,-0.15624,0.229031
958.7,1.13344,1.4846,-0.037114,0.229031
958.8,1.16684,1.4819,0.0832341,0.229031
958.9,1.19612,1.46505,0.200701,0.229031
959,1.22032,1.434,0.311159,0.229031
959.1,1.2386,1.38946,0.410778,0.229031
959.2,1.25031,1.33282,0.496329,0.229031
959.3,1.255,1.26611,0.56542,0.229031
959.4,1.25251,1.19178,0.616624,0.229031
959.5,1.24293,1.11257,0.649494,0.229031
959.6,1.2266,1.03123,0.66446,0.229031
959.7,1.20408,0.950393,0.662658,0.229031
959.8,1.17613,0.872366,0.645711,0.229031
959.9,1.14364,0.799074,0.615521,0.229031
960,1.10755,0.731999,0.574076,0.229031
960.1,1.06886,0.672188,0.52331,0.229031
960.2,1.02853,0.620283,0.465007,0.229031
960.3,0.987504,0.576581,0.400753,0.229031
960.4,0.946618,0.5411,0.331918,0.229031
960.5,0.906638,0.513648,0.259667,0.229031
960.6,0.868224,0.493883,0.184986,0.229031
960.7,0.83194,0.481371,0.108708,-0.0625872
960.8,0.79825,0.475631,0.0315528,-0.0181285
960.9,0.767527,0.476171,-0.0458469,0.0260305
961,0.740063,0.482515,-0.122914,0.0683427
961.1,0.71608,0.494225,-0.199104,0.107797
961.2,0.695737,0.510909,-0.273885,0.14386
961.3,0.679144,0.532233,-0.346717,0.176256
961.4,0.666372,0.55792,-0.417039,0.204968
961.5,0.657463,0.587749,-0.484256,0.229995
961.6,0.652432,0.621546,-0.547726,0.251371
961.7,0.651284,0.659181,-0.606748,0.269112
961.8,0.654007,0.700547,-0.660554,0.283206
961.9,0.660585,0.745551,-0.7083,0.293598
962,0.670991,0.794087,-0.749063,0.300188
962.1,0.685191,0.846019,-0.781837,0.302875
962.2,0.703138,0.901149,-0.805542,0.301492
962.3,0.724767,0.959185,-0.819035,0.295902
962.4,0.749985,1.01971,-0.821141,0.285992
962.5,0.77866,1.08213,-0.810693,0.271726
962.6,0.810606,1.14566,-0.786596,0.253189
962.7,0.845572,1.20926,-0.747911,0.253189
962.8,0.883215,1.27166,-0.693963,0.253189
962.9,0.923094,1.33128,-0.624472,0.253189
963,0.964644,1.3863,-0.539688,0.253189
963.1,1.00717,1.4347,-0.440536,0.253189
963.2,1.04985,1.47432,-0.328724,0.253189
963.3,1.09173,1.50303,-0.206806,0.253189
963.4,1.13174,1.51887,-0.0781602,0.253189
963.5,1.16877,1.52028,0.0531323,0.253189
963.6,1.20167,1.50623,0.182524,0.253189
963.7,1.22933,1.47645,0.305329,0.253189
963.8,1.25079,1.43148,0.417103,0.253189
963.9,1.26524,1.3727,0.514019,0.253189
964,1.27214,1.30223,0.593173,0.253189
964.1,1.27122,1.22275,0.652772,0.253189
964.2,1.26251,1.1373,0.692166,0.253189
964.3,1.24633,1.04901,0.711754,0.253189
964.4,1.22328,0.960834,0.712779,0.253189
964.5,1.19414,0.875434,0.697077,0.253189
964.6,1.15987,0.795002,0.666807,0.253189
964.7,1.12153,0.721229,0.624234,0.253189
964.8,1.08018,0.655296,0.571546,0.253189
964.9,1.0369,0.597922,0.510746,0.253189
965,0.992708,0.549426,0.44359,0.253189
965.1,0.948538,0.509806,0.371575,0.253189
965.2,0.905221,0.478823,0.295948,0.253189
965.3,0.86348,0.45607,0.217741,0.253189
965.4,0.823924,0.441039,0.137807,-0.084027
965.5,0.787052,0.433172,0.0568635,-0.0346044
965.6,0.753265,0.431901,-0.0244732,0.0146707
965.7,0.722868,0.436683,-0.105654,0.0618031
965.8,0.696092,0.447018,-0.186169,0.10561
965.9,0.673098,0.462465,-0.265525,0.145537
966,0.653994,0.48265,-0.343227,0.181419
966.1,0.638845,0.507269,-0.418759,0.21329
966.2,0.627685,0.536087,-0.491573,0.241264
966.3,0.620526,0.568932,-0.561073,0.265456
966.4,0.617364,0.605689,-0.626607,0.285954
966.5,0.618186,0.646283,-0.687447,0.302795
966.6,0.622977,0.690671,-0.742786,0.315964
966.7,0.631719,0.738819,-0.791725,0.325387
966.8,0.64439,0.790681,-0.833266,0.33094
966.9,0.660967,0.846171,-0.866307,0.332455
967,0.681417,0.905133,-0.88965,0.329734
967.1,0.70569,0.967306,-0.902015,0.322575
967.2,0.733709,1.03228,-0.902063,0.310805
967.3,0.765356,1.09944,-0.888453,0.294334
967.4,0.800455,1.16795,-0.859904,0.273216
967.5,0.838755,1.23667,-0.815301,0.273216
967.6,0.879904,1.30418,-0.753821,0.273216
967.7,0.923431,1.36869,-0.675093,0.273216
967.8,0.968727,1.42812,-0.579366,0.273216
967.9,1.01503,1.48012,-0.467688,0.273216
968,1.06141,1.52222,-0.342042,0.273216
968.1,1.10681,1.55193,-0.205427,0.273216
968.2,1.15002,1.567,-0.0618255,0.273216
968.3,1.18977,1.56566,0.0839602,0.273216
968.4,1.22477,1.5468,0.226609,0.273216
968.5,1.25379,1.51024,0.360704,0.273216
968.6,1.27573,1.45679,0.48121,0.273216
968.7,1.28976,1.38821,0.583931,0.273216
968.8,1.29529,1.30716,0.665858,0.273216
968.9,1.29211,1.21688,0.725352,0.273216
969,1.28034,1.12092,0.762136,0.273216
969.1,1.26043,1.02288,0.77712,0.273216
969.2,1.23312,0.926061,0.772113,0.273216
969.3,1.19937,0.833319,0.749492,0.273216
969.4,1.1603,0.746934,0.711888,0.273216
969.5,1.1171,0.668572,0.661929,0.273216
969.6,1.07099,0.599314,0.602057,0.273216
969.7,1.02315,0.539723,0.534429,0.273216
969.8,0.974658,0.48994,0.460871,0.273216
969.9,0.926514,0.449778,0.382887,0.273216
970,0.879578,0.41882,0.301692,0.273216
970.1,0.834585,0.396499,0.218259,0.273216
970.2,0.792142,0.382166,0.133369,-0.0883716
970.3,0.752732,0.375145,0.0476631,-0.0311914
970.4,0.716732,0.374775,-0.0383169,0.0244357
970.5,0.684419,0.380441,-0.124094,0.076453
970.6,0.65599,0.39159,-0.209226,0.12393
970.7,0.631572,0.407747,-0.293282,0.166648
970.8,0.611242,0.42852,-0.375826,0.204745
970.9,0.595034,0.453603,-0.456398,0.238485
971,0.582954,0.482773,-0.534502,0.268144
971.1,0.574992,0.515884,-0.609592,0.293954
971.2,0.571125,0.55286,-0.68106,0.316078
971.3,0.571331,0.59368,-0.748219,0.334604
971.4,0.575589,0.63837,-0.810293,0.349549
971.5,0.583883,0.686979,-0.866404,0.360854
971.6,0.596206,0.739562,-0.915553,0.368394
971.7,0.612554,0.796155,-0.956616,0.371976
971.8,0.632925,0.85674,-0.988339,0.371355
971.9,0.657313,0.921209,-1.00933,0.366245
972,0.685693,0.989322,-1.0181,0.35635
972.1,0.718015,1.06065,-1.01304,0.341406
972.2,0.754178,1.13453,-0.992567,0.321251
972.3,0.794015,1.20999,-0.95512,0.295913
972.4,0.837267,1.2857,-0.89935,0.265711
972.5,0.883552,1.35994,-0.824264,0.265711
972.6,0.932341,1.43057,-0.729436,0.265711
972.7,0.982933,1.49505,-0.615236,0.265711
972.8,1.03443,1.55053,-0.483055,0.265711
972.9,1.08576,1.59397,-0.335487,0.265711
973,1.13563,1.62243,-0.17641,0.265711
973.1,1.18262,1.63325,-0.0109133,0.265711
973.2,1.22524,1.62449,0.154961,0.265711
973.3,1.26198,1.59513,0.314675,0.265711
973.4,1.29143,1.54534,0.461781,0.265711
973.5,1.31241,1.47654,0.590565,0.265711
973.6,1.32403,1.39138,0.696602,0.265711
973.7,1.32578,1.29339,0.777124,0.265711
973.8,1.31759,1.18676,0.831132,0.265711
973.9,1.29979,1.07581,0.859256,0.265711
974,1.27309,0.964705,0.863422,0.265711
974.1,1.2385,0.857083,0.846414,0.265711
974.2,1.19724,0.755911,0.81144,0.265711
974.3,1.15069,0.663389,0.761759,0.265711
974.4,1.10025,0.580965,0.700416,0.265711
974.5,1.04729,0.509422,0.630082,0.265711
974.6,0.993089,0.448987,0.552988,0.265711
974.7,0.938831,0.399465,0.470929,0.265711
974.8,0.885531,0.360357,0.385311,0.265711
974.9,0.834059,0.33097,0.297213,0.265711
975,0.785126,0.310501,0.207459,-0.15733
975.1,0.7393,0.298113,0.116681,-0.0871883
975.2,0.697013,0.29298,0.0253826,-0.0183254
975.3,0.658581,0.294328,-0.066024,0.0455408
975.4,0.624219,0.301459,-0.157177,0.103048
975.5,0.594061,0.313765,-0.247738,0.154171
975.6,0.568173,0.330741,-0.337375,0.199432
975.7,0.546574,0.351986,-0.425741,0.239477
975.8,0.529245,0.377198,-0.512467,0.274899
975.9,0.516149,0.406179,-0.597142,0.30618
976,0.507234,0.43882,-0.679308,0.333686
976.1,0.502449,0.475098,-0.758444,0.357668
976.2,0.50175,0.515064,-0.833951,0.378279
976.3,0.505104,0.558832,-0.905138,0.395577
976.4,0.512493,0.606562,-0.971205,0.409538
976.5,0.523921,0.658446,-1.03122,0.420055
976.6,0.539408,0.714683,-1.08411,0.426941
976.7,0.558991,0.775455,-1.12862,0.429928
976.8,0.582718,0.840891,-1.16334,0.428673
976.9,0.610642,0.911025,-1.18663,0.422765
977,0.642807,0.985745,-1.19671,0.411747
977.1,0.67923,1.06473,-1.19162,0.39516
977.2,0.719887,1.14736,-1.16929,0.37262
977.3,0.764678,1.23268,-1.12765,0.343941
977.4,0.8134,1.31927,-1.06479,0.30929
977.5,0.865709,1.40516,-0.979122,0.30929
977.6,0.921082,1.48786,-0.869714,0.30929
977.7,0.978777,1.56426,-0.736577,0.30929
977.8,1.0378,1.63078,-0.581019,0.30929
977.9,1.09691,1.68352,-0.405945,0.30929
978,1.15458,1.71856,-0.216024,0.30929
978.1,1.2091,1.73233,-0.0176494,0.30929
978.2,1.2586,1.7221,0.181399,0.30929
978.3,1.30118,1.68644,0.372594,0.30929
978.4,1.33509,1.62549,0.547526,0.30929
978.5,1.35882,1.54116,0.698854,0.30929
978.6,1.37127,1.43698,0.821116,0.30929
978.7,1.37185,1.31771,0.911227,0.30929
978.8,1.36052,1.18885,0.968579,0.30929
978.9,1.33777,1.05599,0.994732,0.30929
979,1.30456,0.924322,0.992859,0.30929
979.1,1.26221,0.798246,0.967065,0.30929
979.2,1.21231,0.681146,0.921767,0.30929
979.3,1.15655,0.575359,0.861204,0.30929
979.4,1.09664,0.482245,0.789124,0.30929
979.5,1.0342,0.402342,0.708642,0.30929
979.6,0.970737,0.335547,0.622212,0.30929
979.7,0.90757,0.281293,0.531686,0.30929
979.8,0.845824,0.238712,0.438413,0.30929
979.9,0.786424,0.206764,0.343346,-0.34861
980,0.730106,0.184334,0.247145,-0.247984
980.1,0.677428,0.170311,0.150267,-0.142228
980.2,0.628792,0.163635,0.0530368,-0.0463808
980.3,0.584465,0.163334,-0.0443066,0.0356574
980.4,0.544601,0.168546,-0.141567,0.105198
980.5,0.509262,0.178527,-0.238567,0.164621
980.6,0.478441,0.19266,-0.335133,0.216044
980.7,0.452079,0.210452,-0.43108,0.261091
980.8,0.43008,0.231532,-0.526204,0.300952
980.9,0.412329,0.255648,-0.620277,0.336488
981,0.398702,0.282654,-0.71304,0.368319
981.1,0.389081,0.312508,-0.804191,0.396883
981.2,0.383355,0.345265,-0.893382,0.422486
981.3,0.381437,0.381065,-0.980201,0.445328
981.4,0.383264,0.420128,-1.06416,0.46552
981.5,0.388804,0.462744,-1.14469,0.483094
981.6,0.398059,0.509267,-1.22108,0.498012
981.7,0.411065,0.560099,-1.29251,0.510156
981.8,0.427896,0.615679,-1.35798,0.519333
981.9,0.448664,0.676466,-1.41626,0.52526
982,0.47351,0.74291,-1.46593,0.527555
982.1,0.502604,0.815417,-1.50526,0.525726
982.2,0.536137,0.894304,-1.53222,0.519163
982.3,0.574302,0.979733,-1.54446,0.507136
982.4,0.617279,1.07163,-1.5393,0.488816
982.5,0.665208,1.16956,-1.51375,0.463344
982.6,0.718153,1.27262,-1.46465,0.429981
982.7,0.776057,1.37929,-1.38879,0.38837
982.8,0.838687,1.48726,-1.28326,0.338908
982.9,0.905568,1.59331,-1.14582,0.338908
983,0.975916,1.69322,-0.975473,0.338908
983.1,1.04858,1.78185,-0.773096,0.338908
983.2,1.12197,1.85331,-0.542082,0.338908
983.3,1.19411,1.90145,-0.288783,0.338908
983.4,1.26259,1.9205,-0.0225892,0.338908
983.5,1.32477,1.90593,0.244579,0.338908
983.6,1.37792,1.8553,0.499417,0.338908
983.7,1.41944,1.76889,0.728898,0.338908
983.8,1.44718,1.64994,0.922083,0.338908
983.9,1.45962,1.50436,1.0716,0.338908
984,1.45604,1.33992,1.17442,0.338908
984.1,1.43658,1.16525,1.2317,0.338908
984.2,1.4022,0.988677,1.24791,0.338908
984.3,1.3545,0.817444,1.22958,0.338908
984.4,1.29554,0.657157,1.18399,0.338908
984.5,1.22762,0.51165,1.11816,0.338908
984.6,1.15313,0.383095,1.03818,0.338908
984.7,1.07435,0.272286,0.948928,0.338908
984.8,0.993372,0.178976,0.854027,0.338908
984.9,0.912032,0.102201,0.756016,0.338908
985,0.831871,0.0405555,0.65654,0.338908
985.1,0.754138,-0.0075959,0.556583,0.338908
985.2,0.679803,-0.0439641,0.456666,0.338908
985.3,0.609583,-0.0702343,0.357006,0.338908
985.4,0.543969,-0.0880009,0.257645,0.338908
985.5,0.48326,-0.0987291,0.158528,-0.299588
985.6,0.427594,-0.103736,0.0595615,-0.0741923
985.7,0.376977,-0.104184,-0.0393508,0.0399567
985.8,0.331314,-0.10108,-0.138292,0.121556
985.9,0.290429,-0.0952828,-0.237324,0.186307
986,0.254086,-0.0875125,-0.336486,0.240596
986.1,0.222013,-0.0783606,-0.435796,0.287705
986.2,0.193909,-0.0683025,-0.535256,0.329543
986.3,0.169466,-0.0577103,-0.634858,0.36732
986.4,0.148371,-0.0468647,-0.734583,0.401844
986.5,0.130319,-0.0359672,-0.834411,0.433685
986.6,0.115019,-0.0251508,-0.934316,0.463261
986.7,0.102197,-0.0144905,-1.03428,0.490888
986.8,0.0916013,-0.0040119,-1.13427,0.516813
986.9,0.0830025,0.00630115,-1.23427,0.541234
987,0.0761974,0.0165,-1.33425,0.564313
987.1,0.0710081,0.0266663,-1.4342,0.586186
987.2,0.0672828,0.0369082,-1.5341,0.606966
987.3,0.0648955,0.047358,-1.63392,0.62675
987.4,0.0637461,0.0581705,-1.73365,0.645619
987.5,0.0637597,0.0695237,-1.83324,0.663642
987.6,0.0648866,0.0816193,-1.93267,0.680879
987.7,0.0671023,0.0946853,-2.03189,0.697378
987.8,0.0704078,0.10898,-2.13085,0.713177
987.9,0.0748301,0.124795,-2.22949,0.728306
988,0.0804235,0.142465,-2.3277,0.742783
988.1,0.0872711,0.162372,-2.42538,0.756617
988.2,0.0954872,0.184955,-2.52237,0.769802
988.3,0.10522,0.210725,-2.61846,0.782318
988.4,0.116657,0.24027,-2.71339,0.794124
988.5,0.130027,0.274279,-2.80678,0.805157
988.6,0.145609,0.313549,-2.89816,0.815321
988.7,0.163737,0.359012,-2.98687,0.824477
988.8,0.184808,0.411748,-3.07204,0.832432
988.9,0.209295,0.473006,-3.15251,0.838917
989,0.23775,0.544218,-3.22669,0.843556
989.1,0.27082,0.627007,-3.29246,0.845834
989.2,0.309255,0.723181,-3.34697,0.845036
989.3,0.353909,0.834689,-3.3864,0.840169
989.4,0.405749,0.963545,-3.4057,0.829853
989.5,0.465836,1.11166,-3.3982,0.812166
989.6,0.535295,1.28055,-3.35532,0.784435
989.7,0.615254,1.4709,-3.26625,0.743015
989.8,0.706728,1.68182,-3.1179,0.683226
989.9,0.810441,1.90992,-2.89538,0.600095
990,0.926546,2.14795,-2.58341,0.491529
990.1,1.05426,2.38353,-2.16919,0.491529
990.2,1.19139,2.59806,-1.64706,0.491529
990.3,1.33389,2.76691,-1.02458,0.491529
990.4,1.47555,2.86176,-0.328311,0.491529
990.5,1.60807,2.85583,0.39431,0.491529
990.6,1.72176,2.73128,1.08057,0.491529
990.7,1.80689,2.48625,1.66667,0.491529
990.8,1.85538,2.13759,2.10565,0.491529
990.9,1.86232,1.71731,2.38032,0.491529
991,1.8267,1.2639,2.50458,0.491529
991.1,1.75119,0.812838,2.5138,0.491529
991.2,1.64115,0.39035,2.4511,0.491529
991.3,1.50342,0.0116401,2.35617,0.491529
991.4,1.34514,-0.317399,2.25954,0.491529
991.5,1.17302,-0.59702,2.18147,0.491529
991.6,0.992935,-0.830531,2.1334,0.491529
991.7,0.809829,-1.022,2.12012,0.491529
991.8,0.627817,-1.17489,2.14165,0.491529
991.9,0.450346,-1.29145,2.19457,0.491529
992,0.280383,-1.37272,2.27285,0.491529
992.1,0.120558,-1.41887,2.36851,0.491529
992.2,-0.0267471,-1.42982,2.47223,0.491529
992.3,-0.159383,-1.40589,2.57408,0.491529
992.4,-0.275482,-1.34844,2.66451,0.491529
992.5,-0.373551,-1.26029,2.73534,0.491529
992.6,-0.452585,-1.14579,2.78065,0.491529
992.7,-0.512155,-1.01068,2.79738,0.491529
992.8,-0.552465,-0.861533,2.78536,0.491529
992.9,-0.574343,-0.705166,2.74698,0.491529
993,-0.579173,-0.548019,2.68642,0.491529
993.1,-0.568781,-0.395663,2.60882,0.491529
993.2,-0.545294,-0.252514,2.51944,0.491529
993.3,-0.510999,-0.121749,2.42304,0.491529
993.4,-0.468208,-0.0053649,2.32354,0.491529
993.5,-0.419153,0.09565,2.22384,0.491529
993.6,-0.365906,0.181113,2.12585,0.491529
993.7,-0.310331,0.251443,2.03063,0.491529
993.8,-0.254051,0.307482,1.93853,0.491529
993.9,-0.198441,0.350348,1.84943,0.491529
994,-0.144629,0.381331,1.76289,0.491529
994.1,-0.0935092,0.401808,1.67829,0.491529
994.2,-0.0457565,0.413188,1.59495,0.491529
994.3,-0.00184878,0.416864,1.51223,0.491529
994.4,0.0379126,0.414187,1.42953,0.491529
994.5,0.0733803,0.406437,1.3464,0.491529
994.6,0.104539,0.394808,1.26247,0.491529
994.7,0.131482,0.380387,1.17751,0.491529
994.8,0.154394,0.364149,1.09138,0.491529
994.9,0.173527,0.346951,1.00403,0.491529
995,0.189187,0.329529,0.91547,0.491529
995.1,0.201713,0.312499,0.825774,0.491529
995.2,0.211467,0.296365,0.735038,0.491529
995.3,0.218816,0.281529,0.643382,0.491529
995.4,0.22413,0.268297,0.550933,0.491529
995.5,0.227767,0.256896,0.457822,0.491529
995.6,0.230067,0.247484,0.364174,-0.694058
995.7,0.231354,0.240166,0.27011,-0.386191
995.8,0.231925,0.235001,0.175747,-0.20492
995.9,0.232056,0.23202,0.0811909,-0.0813947
996,0.231997,0.231234,-0.0134525,0.0119601
996.1,0.231975,0.232644,-0.108081,0.0869488
996.2,0.232196,0.236249,-0.202593,0.149563
996.3,0.232845,0.242056,-0.296882,0.203237
996.4,0.234092,0.250083,-0.390836,0.250115
996.5,0.236093,0.26037,-0.484331,0.291617
996.6,0.238995,0.272978,-0.577228,0.328727
996.7,0.242936,0.287996,-0.669371,0.362145
996.8,0.248052,0.305547,-0.760574,0.392379
996.9,0.254481,0.325787,-0.85062,0.419798
997,0.262361,0.348912,-0.939252,0.444666
997.1,0.271841,0.375158,-1.02616,0.467163
997.2,0.283079,0.404803,-1.11097,0.487398
997.3,0.296246,0.438171,-1.19322,0.505418
997.4,0.31153,0.47563,-1.27236,0.521206
997.5,0.329139,0.517591,-1.34773,0.534682
997.6,0.3493,0.564504,-1.41848,0.545701
997.7,0.372267,0.616851,-1.48363,0.554039
997.8,0.398312,0.675133,-1.54193,0.559388
997.9,0.427733,0.739848,-1.59192,0.561338
998,0.460843,0.811462,-1.63181,0.55936
998.1,0.497966,0.890359,-1.65946,0.552793
998.2,0.539428,0.976781,-1.67236,0.540831
998.3,0.585533,1.07074,-1.6676,0.522531
998.4,0.636545,1.17188,-1.64191,0.496865
998.5,0.692644,1.27939,-1.59171,0.462852
998.6,0.753885,1.39175,-1.51332,0.419837
998.7,0.820134,1.50662,-1.40322,0.367918
998.8,0.890999,1.6206,-1.25855,0.367918
998.9,0.965747,1.72919,-1.0777,0.367918
999,1.04323,1.82669,-0.86109,0.367918
999.1,1.12181,1.90653,-0.611954,0.367918
999.2,1.19938,1.96163,-0.33695,0.367918
999.3,1.27333,1.98525,-0.0463611,0.367918
999.4,1.34075,1.97195,0.246414,0.367918
999.5,1.39856,1.91863,0.526171,0.367918
999.6,1.44385,1.82538,0.777896,0.367918
999.7,1.47415,1.69576,0.988982,0.367918
999.8,1.48773,1.53649,1.15107,0.367918
999.9,1.48379,1.35648,1.26095,0.367918
1000,1.46249,1.16558,1.3204,0.367918
