time,x,y,z,L
0,-1,-1,2,0
0.1,-0.905308,-0.891008,2.07504,-inf
0.2,-0.822264,-0.768056,2.10181,-inf
0.3,-0.751968,-0.636958,2.08565,-inf
0.4,-0.694969,-0.502929,2.03455,-inf
0.5,-0.651333,-0.370342,1.95781,-inf
0.6,-0.620737,-0.242608,1.86485,-inf
0.7,-0.602567,-0.122185,1.76428,-inf
0.8,-0.596003,-0.0106622,1.66335,-inf
0.9,-0.600108,0.0911052,1.56767,0.331096
1,-0.613889,0.182838,1.48123,0.437821
1.1,-0.636346,0.264674,1.40644,0.52748
1.2,-0.666508,0.337027,1.34444,0.603076
1.3,-0.703454,0.400461,1.29524,0.667412
1.4,-0.746323,0.455588,1.25805,0.72275
1.5,-0.794314,0.502988,1.23143,0.770797
1.6,-0.84668,0.543157,1.21354,0.812801
1.7,-0.902716,0.576456,1.20219,0.84964
1.8,-0.961749,0.603093,1.19507,0.881899
1.9,-1.02311,0.623102,1.18974,0.909928
2,-1.08614,0.636341,1.18377,0.933875
2.1,-1.15015,0.642493,1.17477,0.953717
2.2,-1.21439,0.641081,1.16049,0.969268
2.3,-1.27809,0.631486,1.13886,0.98018
2.4,-1.34039,0.612977,1.10811,0.98593
2.5,-1.40036,0.584756,1.06687,0.985792
2.6,-1.45699,0.546011,1.0143,0.978783
2.7,-1.50919,0.495982,0.950262,0.963574
2.8,-1.55579,0.434052,0.87547,0.938342
2.9,-1.59559,0.359843,0.791654,0.900492
3,-1.62735,0.273327,0.70169,0.846162
3.1,-1.64986,0.17495,0.609662,0.769207
3.2,-1.66198,0.0657393,0.52081,0.659031
3.3,-1.6627,-0.0525919,0.441334,0.495871
3.4,-1.65123,-0.177589,0.37801,0.495871
3.5,-1.62707,-0.306048,0.337607,0.495871
3.6,-1.59004,-0.434085,0.326149,0.495871
3.7,-1.54041,-0.55729,0.348082,0.495871
3.8,-1.4789,-0.670969,0.405479,0.495871
3.9,-1.40669,-0.770461,0.497429,0.495871
4,-1.32542,-0.851502,0.619776,0.495871
4.1,-1.23712,-0.91058,0.765305,0.495871
4.2,-1.14412,-0.945254,0.924407,0.495871
4.3,-1.04893,-0.954362,1.08614,0.495871
4.4,-0.954095,-0.938105,1.23949,0.495871
4.5,-0.862101,-0.897985,1.3747,0.495871
4.6,-0.775208,-0.836614,1.48425,0.495871
4.7,-0.695373,-0.757426,1.56352,0.495871
4.8,-0.624186,-0.664336,1.61102,0.495871
4.9,-0.562834,-0.561404,1.62809,0.495871
5,-0.512103,-0.452533,1.61839,0.495871
5.1,-0.472407,-0.341235,1.58713,0.495871
5.2,-0.443837,-0.230477,1.54037,0.495871
5.3,-0.426215,-0.122603,1.4843,0.495871
5.4,-0.419162,-0.0193296,1.42469,0.495871
5.5,-0.422158,0.0782199,1.36662,0.495871
5.6,-0.434595,0.169437,1.31418,0.317421
5.7,-0.455828,0.254137,1.27049,0.427152
5.8,-0.485209,0.33246,1.23767,0.521016
5.9,-0.522119,0.404782,1.21698,0.602161
6,-0.565983,0.471624,1.20895,0.673352
6.1,-0.616281,0.533581,1.21347,0.736791
6.2,-0.672557,0.591262,1.22994,0.794159
6.3,-0.73441,0.645239,1.2574,0.846724
6.4,-0.801498,0.69601,1.29459,0.895425
6.5,-0.873519,0.743968,1.34001,0.94095
6.6,-0.950206,0.789372,1.39199,0.983791
6.7,-1.03131,0.832336,1.4487,1.02428
6.8,-1.11659,0.872804,1.50816,1.06264
6.9,-1.20578,0.910541,1.56824,1.09896
7,-1.29859,0.945118,1.62663,1.13326
7.1,-1.39468,0.9759,1.68087,1.16547
7.2,-1.49362,1.00203,1.72829,1.19546
7.3,-1.5949,1.02243,1.76605,1.22301
7.4,-1.69787,1.03579,1.79115,1.24783
7.5,-1.80177,1.04053,1.80049,1.26955
7.6,-1.90563,1.0349,1.79095,1.28768
7.7,-2.00833,1.01691,1.75959,1.30164
7.8,-2.10853,0.984425,1.7039,1.31068
7.9,-2.20466,0.935245,1.62207,1.31388
8,-2.29495,0.867209,1.51352,1.31003
8.1,-2.37741,0.778362,1.3793,1.29758
8.2,-2.44988,0.667172,1.22272,1.27441
8.3,-2.51007,0.53279,1.04978,1.2375
8.4,-2.55567,0.375355,0.869599,1.18221
8.5,-2.58442,0.196302,0.694408,1.10072
8.6,-2.5943,-0.00135601,0.53913,0.977744
8.7,-2.58369,-0.212834,0.420307,0.775692
8.8,-2.55149,-0.431547,0.354349,0.376385
8.9,-2.49741,-0.649299,0.355201,0.376385
9,-2.42198,-0.856744,0.43176,0.376385
9.1,-2.32673,-1.0441,0.585573,0.376385
9.2,-2.21414,-1.20205,0.809439,0.376385
9.3,-2.08756,-1.32276,1.08745,0.376385
9.4,-1.95102,-1.40069,1.3967,0.376385
9.5,-1.80894,-1.43329,1.71044,0.376385
9.6,-1.66586,-1.42111,2.00199,0.376385
9.7,-1.52609,-1.36768,2.24853,0.376385
9.8,-1.3935,-1.2789,2.43396,0.376385
9.9,-1.27124,-1.16225,2.55024,0.376385
10,-1.16171,-1.02585,2.59721,0.376385
10.1,-1.06646,-0.877727,2.58121,0.376385
10.2,-0.986311,-0.725146,2.51299,0.376385
10.3,-0.921379,-0.57421,2.40546,0.376385
10.4,-0.871254,-0.429692,2.27182,0.376385
10.5,-0.835111,-0.295031,2.12408,0.376385
10.6,-0.811843,-0.172462,1.97222,0.376385
10.7,-0.800173,-0.0632241,1.82382,0.376385
10.8,-0.798738,0.0322178,1.6841,0.363389
10.9,-0.806159,0.113946,1.55612,0.44896
11,-0.821085,0.182395,1.44117,0.518433
11.1,-0.842216,0.23819,1.3392,0.574201
11.2,-0.868324,0.282025,1.24916,0.618409
11.3,-0.898245,0.314572,1.16935,0.652702
11.4,-0.930882,0.336429,1.09774,0.678216
11.5,-0.965191,0.348089,1.03217,0.695631
11.6,-1.00017,0.349932,0.970521,0.70522
11.7,-1.03486,0.342236,0.910919,0.706879
11.8,-1.06831,0.325201,0.851811,0.700119
11.9,-1.09959,0.298988,0.792085,0.68402
12,-1.12781,0.263761,0.731151,0.657122
12.1,-1.15205,0.219748,0.669011,0.617225
12.2,-1.17147,0.167294,0.606296,0.56103
12.3,-1.18525,0.106923,0.544282,0.483529
12.4,-1.19262,0.0393998,0.484859,0.377068
12.5,-1.19292,-0.0342265,0.430445,0.230609
12.6,-1.18562,-0.112582,0.383843,0.230609
12.7,-1.17031,-0.193954,0.348026,0.230609
12.8,-1.14679,-0.276309,0.325864,0.230609
12.9,-1.11509,-0.357329,0.319808,0.230609
13,-1.07545,-0.434505,0.331563,0.230609
13.1,-1.0284,-0.505243,0.36179,0.230609
13.2,-0.974705,-0.567009,0.409889,0.230609
13.3,-0.915378,-0.617486,0.473912,0.230609
13.4,-0.85165,-0.654731,0.550628,0.230609
13.5,-0.784921,-0.677309,0.635759,0.230609
13.6,-0.716705,-0.684398,0.724356,0.230609
13.7,-0.648564,-0.675838,0.811272,0.230609
13.8,-0.582043,-0.652129,0.891662,0.230609
13.9,-0.518607,-0.614372,0.961441,0.230609
14,-0.459584,-0.564164,1.01763,0.230609
14.1,-0.406124,-0.50346,1.05854,0.230609
14.2,-0.35917,-0.43442,1.08383,0.230609
14.3,-0.319444,-0.359261,1.0944,0.230609
14.4,-0.287451,-0.280116,1.09213,0.230609
14.5,-0.263489,-0.198934,1.07966,0.230609
14.6,-0.247676,-0.117393,1.06004,0.230609
14.7,-0.239976,-0.0368628,1.03648,0.230609
14.8,-0.240234,0.0416164,1.01211,0.230609
14.9,-0.248207,0.117325,0.989791,0.230609
15,-0.263592,0.189838,0.971997,0.194748
15.1,-0.286062,0.258989,0.960778,0.309888
15.2,-0.31528,0.324829,0.957731,0.409669
15.3,-0.350924,0.387577,0.964014,0.497041
15.4,-0.392703,0.447579,0.980396,0.574658
15.5,-0.440363,0.50527,1.0073,0.644679
15.6,-0.493696,0.561133,1.04486,0.708787
15.7,-0.552546,0.615672,1.09299,0.768279
15.8,-0.616803,0.669383,1.15139,0.824148
15.9,-0.68641,0.722738,1.21963,0.877153
16,-0.761353,0.776159,1.29716,0.92787
16.1,-0.841657,0.830009,1.38333,0.976733
16.2,-0.927379,0.884576,1.47739,1.02406
16.3,-1.0186,0.940063,1.5785,1.07009
16.4,-1.11543,0.996572,1.68571,1.11498
16.5,-1.21795,1.0541,1.79795,1.15882
16.6,-1.32627,1.11251,1.91398,1.20167
16.7,-1.44047,1.17152,2.03234,1.24353
16.8,-1.56058,1.2307,2.15133,1.28436
16.9,-1.6866,1.28943,2.26891,1.32409
17,-1.81843,1.34684,2.38267,1.36262
17.1,-1.95589,1.40186,2.48972,1.39978
17.2,-2.09867,1.4531,2.58665,1.43539
17.3,-2.24632,1.49883,2.66948,1.46922
17.4,-2.39819,1.53696,2.73361,1.50095
17.5,-2.55338,1.565,2.77388,1.53025
17.6,-2.71075,1.58001,2.78466,1.55666
17.7,-2.86883,1.57858,2.76006,1.57966
17.8,-3.02579,1.55692,2.69434,1.5986
17.9,-3.1794,1.51086,2.58248,1.61268
18,-3.32701,1.43608,2.42103,1.6209
18.1,-3.46552,1.32829,2.20922,1.62203
18.2,-3.59144,1.18366,1.9503,1.61446
18.3,-3.70093,0.999316,1.6529,1.59605
18.4,-3.78993,0.773957,1.33233,1.56384
18.5,-3.85438,0.508586,1.01117,1.51335
18.6,-3.89044,0.207216,0.71883,1.43711
18.7,-3.89487,-0.122584,0.489434,1.32018
18.8,-3.86535,-0.469475,0.357762,1.12174
18.9,-3.8009,-0.818676,0.353486,0.586524
19,-3.70212,-1.15295,0.494604,0.586524
19.1,-3.57141,-1.45422,0.78172,0.586524
19.2,-3.41293,-1.70572,1.1951,0.586524
19.3,-3.23237,-1.89412,1.69603,0.586524
19.4,-3.03649,-2.01129,2.23264,0.586524
19.5,-2.83256,-2.0553,2.74901,0.586524
19.6,-2.62774,-2.03033,3.19496,0.586524
19.7,-2.42849,-1.94563,3.53384,0.586524
19.8,-2.24018,-1.81385,3.74654,0.586524
19.9,-2.06682,-1.64914,3.83135,0.586524
20,-1.91099,-1.4654,3.80053,0.586524
20.1,-1.77396,-1.27501,3.67524,0.586524
20.2,-1.65587,-1.08809,3.48046,0.586524
20.3,-1.55597,-0.91219,3.24078,0.586524
20.4,-1.47289,-0.75246,2.97768,0.586524
20.5,-1.40483,-0.611939,2.70823,0.586524
20.6,-1.34981,-0.492009,2.44481,0.586524
20.7,-1.30574,-0.392828,2.19555,0.586524
20.8,-1.27058,-0.313714,1.96511,0.586524
20.9,-1.24237,-0.253454,1.75559,0.586524
21,-1.21931,-0.210532,1.56733,0.586524
21.1,-1.19974,-0.183281,1.39961,0.586524
21.2,-1.18219,-0.169981,1.25119,0.586524
21.3,-1.16534,-0.168907,1.12066,0.586524
21.4,-1.14805,-0.178349,1.00671,0.586524
21.5,-1.12937,-0.196612,0.908274,0.586524
21.6,-1.10849,-0.222006,0.824524,0.586524
21.7,-1.08479,-0.252841,0.754895,0.586524
21.8,-1.0578,-0.287418,0.698987,0.586524
21.9,-1.02724,-0.324038,0.656472,0.586524
22,-0.992981,-0.361014,0.62697,0.586524
22.1,-0.955078,-0.396702,0.609937,0.586524
22.2,-0.913736,-0.429538,0.604566,0.586524
22.3,-0.869314,-0.458082,0.609719,0.586524
22.4,-0.822305,-0.481069,0.623907,0.586524
22.5,-0.77332,-0.497455,0.645311,0.586524
22.6,-0.723061,-0.506457,0.671851,0.586524
22.7,-0.672292,-0.507583,0.701297,0.586524
22.8,-0.621813,-0.500644,0.731404,0.586524
22.9,-0.572428,-0.48575,0.760055,0.586524
23,-0.524915,-0.463292,0.7854,0.586524
23.1,-0.480001,-0.4339,0.805965,0.586524
23.2,-0.438339,-0.398401,0.820728,0.586524
23.3,-0.400492,-0.357761,0.829149,0.586524
23.4,-0.366923,-0.313027,0.831163,0.586524
23.5,-0.337988,-0.26527,0.82713,0.586524
23.6,-0.313935,-0.21554,0.817758,0.586524
23.7,-0.294913,-0.164819,0.804015,0.586524
23.8,-0.280975,-0.113997,0.787027,0.586524
23.9,-0.272091,-0.0638458,0.767984,0.586524
24,-0.268161,-0.0150128,0.74806,0.586524
24.1,-0.269027,0.0319811,0.728341,0.586524
24.2,-0.274483,0.0767356,0.709775,0.586524
24.3,-0.28429,0.118959,0.693138,0.586524
24.4,-0.298183,0.158453,0.679018,0.0807845
24.5,-0.315885,0.195096,0.667806,0.160742
24.6,-0.337106,0.228824,0.659701,0.231454
24.7,-0.361552,0.259612,0.654722,0.293953
24.8,-0.38893,0.28746,0.652722,0.349278
24.9,-0.418946,0.312372,0.653409,0.398349
25,-0.451307,0.33435,0.65636,0.441925
25.1,-0.485717,0.353373,0.661046,0.4806
25.2,-0.521881,0.369394,0.666847,0.514817
25.3,-0.559493,0.382332,0.673074,0.54488
25.4,-0.598241,0.392062,0.678983,0.570972
25.5,-0.637793,0.398417,0.683801,0.593159
25.6,-0.677804,0.401185,0.686738,0.611402
25.7,-0.717902,0.400112,0.687022,0.625555
25.8,-0.757689,0.394906,0.683913,0.635359
25.9,-0.796735,0.385246,0.676746,0.640431
26,-0.834579,0.370794,0.664959,0.640247
26.1,-0.870723,0.351211,0.648138,0.634106
26.2,-0.904639,0.326176,0.626062,0.621079
26.3,-0.935767,0.295414,0.598753,0.599933
26.4,-0.963524,0.258721,0.566523,0.569003
26.5,-0.987311,0.216003,0.530019,0.526002
26.6,-1.00653,0.167307,0.490262,0.467698
26.7,-1.02058,0.11286,0.448655,0.389434
26.8,-1.02892,0.0531095,0.40698,0.284515
26.9,-1.03105,-0.0112526,0.367349,0.14412
27,-1.02655,-0.0792626,0.332119,0.14412
27.1,-1.01511,-0.149678,0.303756,0.14412
27.2,-0.996582,-0.220988,0.284661,0.14412
27.3,-0.970946,-0.291445,0.27696,0.14412
27.4,-0.938386,-0.35912,0.282279,0.14412
27.5,-0.899282,-0.421983,0.301529,0.14412
27.6,-0.854217,-0.478005,0.334737,0.14412
27.7,-0.803973,-0.525271,0.380949,0.14412
27.8,-0.749511,-0.562099,0.438228,0.14412
27.9,-0.691946,-0.587148,0.503771,0.14412
28,-0.632505,-0.599511,0.574127,0.14412
28.1,-0.572482,-0.598771,0.645503,0.14412
28.2,-0.513185,-0.585024,0.714108,0.14412
28.3,-0.455891,-0.55886,0.776506,0.14412
28.4,-0.401793,-0.521308,0.829907,0.14412
28.5,-0.351964,-0.473745,0.872391,0.14412
28.6,-0.307324,-0.417793,0.903007,0.14412
28.7,-0.268626,-0.355202,0.921782,0.14412
28.8,-0.236446,-0.287744,0.929619,0.14412
28.9,-0.211183,-0.21711,0.928139,0.14412
29,-0.193078,-0.144832,0.919474,0.14412
29.1,-0.182227,-0.0722309,0.906059,0.14412
29.2,-0.178607,-0.000380414,0.890427,0.14412
29.3,-0.182099,0.0699048,0.875051,0.14412
29.4,-0.192517,0.138064,0.862209,0.0260625
29.5,-0.20963,0.203772,0.853906,0.159352
29.6,-0.233185,0.266912,0.851827,0.274839
29.7,-0.262928,0.327547,0.857319,0.375167
29.8,-0.298618,0.385879,0.871405,0.463328
29.9,-0.340038,0.442224,0.894813,0.541952
30,-0.387009,0.496975,0.928004,0.613155
30.1,-0.439394,0.550577,0.971222,0.678587
30.2,-0.497102,0.6035,1.02453,0.73952
30.3,-0.560088,0.65622,1.08784,0.796933
30.4,-0.628355,0.709202,1.16097,0.851577
30.5,-0.701951,0.762882,1.24362,0.904031
30.6,-0.780968,0.81766,1.33544,0.954737
30.7,-0.865532,0.873884,1.43602,1.00403
30.8,-0.955803,0.931844,1.54489,1.05216
30.9,-1.05197,0.991763,1.66151,1.09931
31,-1.15423,1.05379,1.78526,1.1456
31.1,-1.2628,1.11797,1.91541,1.19112
31.2,-1.37789,1.18428,2.0511,1.23591
31.3,-1.49972,1.25254,2.19129,1.27998
31.4,-1.62845,1.32247,2.33468,1.32331
31.5,-1.76425,1.3936,2.47967,1.36584
31.6,-1.90719,1.4653,2.62427,1.4075
31.7,-2.0573,1.53669,2.76603,1.44818
31.8,-2.21448,1.60662,2.90189,1.48774
31.9,-2.37853,1.67362,3.02816,1.526
32,-2.54905,1.73586,3.14036,1.56275
32.1,-2.72546,1.79104,3.23318,1.59771
32.2,-2.90693,1.83638,3.30047,1.63056
32.3,-3.0923,1.86854,3.33527,1.6609
32.4,-3.28007,1.88356,3.33,1.68825
32.5,-3.46829,1.87691,3.27683,1.71203
32.6,-3.65456,1.84349,3.16834,1.73153
32.7,-3.83591,1.77778,2.99844,1.74586
32.8,-4.00885,1.67411,2.76378,1.75394
32.9,-4.16929,1.52705,2.46541,1.75441
33,-4.31266,1.33202,2.11089,1.74552
33.1,-4.43399,1.08608,1.71617,1.72494
33.2,-4.52816,0.788872,1.30705,1.68942
33.3,-4.59016,0.443636,0.919322,1.63399
33.4,-4.61554,0.0580925,0.596689,1.55012
33.5,-4.60085,-0.35506,0.385996,1.41961
33.6,-4.54418,-0.778318,0.329622,1.18318
33.7,-4.44556,-1.19045,0.456203,1.18318
33.8,-4.30723,-1.56853,0.771952,1.18318
33.9,-4.13372,-1.8907,1.25552,1.18318
34,-3.93155,-2.13919,1.85893,1.18318
34.1,-3.70872,-2.30277,2.51517,1.18318
34.2,-3.47395,-2.3782,3.15085,1.18318
34.3,-3.23587,-2.37019,3.69998,1.18318
34.4,-3.00232,-2.29003,4.11492,1.18318
34.5,-2.77975,-2.15333,4.37176,1.18318
34.6,-2.57296,-1.97747,4.46971,1.18318
34.7,-2.385,-1.77934,4.42597,1.18318
34.8,-2.21733,-1.57375,4.26862,1.18318
34.9,-2.0701,-1.37249,4.02974,1.18318
35,-1.9424,-1.18416,3.7401,1.18318
35.1,-1.83265,-1.01436,3.42591,1.18318
35.2,-1.73881,-0.866169,3.1075,1.18318
35.3,-1.65865,-0.74073,2.79926,1.18318
35.4,-1.58991,-0.637776,2.51044,1.18318
35.5,-1.53039,-0.556109,2.24621,1.18318
35.6,-1.47804,-0.493953,2.00884,1.18318
35.7,-1.43102,-0.449219,1.79864,1.18318
35.8,-1.38769,-0.419675,1.61472,1.18318
35.9,-1.34665,-0.403061,1.45561,1.18318
36,-1.30672,-0.397151,1.31956,1.18318
36.1,-1.26694,-0.399788,1.2048,1.18318
36.2,-1.22655,-0.408905,1.10962,1.18318
36.3,-1.18501,-0.422536,1.03239,1.18318
36.4,-1.14195,-0.438831,0.971548,1.18318
36.5,-1.09721,-0.456067,0.92552,1.18318
36.6,-1.05076,-0.472671,0.892698,1.18318
36.7,-1.00274,-0.487243,0.871384,1.18318
36.8,-0.953419,-0.498576,0.859766,1.18318
36.9,-0.903168,-0.505683,0.855936,1.18318
37,-0.852449,-0.507813,0.857921,1.18318
37.1,-0.801788,-0.504463,0.863741,1.18318
37.2,-0.751748,-0.495379,0.871486,1.18318
37.3,-0.702904,-0.48055,0.8794,1.18318
37.4,-0.655823,-0.460184,0.885951,1.18318
37.5,-0.611039,-0.434688,0.889896,1.18318
37.6,-0.569038,-0.404623,0.890324,1.18318
37.7,-0.530243,-0.370674,0.886672,1.18318
37.8,-0.495007,-0.3336,0.878712,1.18318
37.9,-0.463601,-0.294202,0.866525,1.18318
38,-0.436217,-0.253279,0.850451,1.18318
38.1,-0.41297,-0.211605,0.831025,1.18318
38.2,-0.393897,-0.169897,0.808918,1.18318
38.3,-0.37897,-0.128804,0.78487,1.18318
38.4,-0.368097,-0.0888921,0.759631,1.18318
38.5,-0.361136,-0.0506434,0.733914,1.18318
38.6,-0.3579,-0.0144552,0.708358,1.18318
38.7,-0.358166,0.0193546,0.683494,1.18318
38.8,-0.361683,0.0505392,0.659739,1.18318
38.9,-0.36818,0.078913,0.637378,1.18318
39,-0.377367,0.104341,0.616575,1.18318
39.1,-0.388947,0.126728,0.597371,0.0508388
39.2,-0.40261,0.146008,0.579704,0.0959821
39.3,-0.418043,0.162134,0.563418,0.134606
39.4,-0.43493,0.175073,0.548282,0.166956
39.5,-0.45295,0.184796,0.534012,0.193249
39.6,-0.471781,0.191276,0.520284,0.213626
39.7,-0.491097,0.194487,0.506758,0.228134
39.8,-0.510569,0.194399,0.493095,0.236697
39.9,-0.529865,0.190983,0.478981,0.239105
40,-0.548653,0.184214,0.464138,0.234991
40.1,-0.566596,0.174076,0.448351,0.223813
40.2,-0.583356,0.160569,0.431481,0.204812
40.3,-0.598598,0.143714,0.41348,0.176984
40.4,-0.611989,0.123571,0.39441,0.138996
40.5,-0.623206,0.100241,0.374446,0.0892032
40.6,-0.631937,0.0738819,0.353888,0.0255956
40.7,-0.637889,0.0447178,0.333154,0.0255956
40.8,-0.640797,0.0130484,0.31278,0.0255956
40.9,-0.640428,-0.0207434,0.293395,0.0255956
41,-0.636593,-0.0561863,0.275701,0.0255956
41.1,-0.629154,-0.0927206,0.260435,0.0255956
41.2,-0.618034,-0.129702,0.248325,0.0255956
41.3,-0.603223,-0.166412,0.240042,0.0255956
41.4,-0.584786,-0.202071,0.236143,0.0255956
41.5,-0.562871,-0.235865,0.237022,0.0255956
41.6,-0.537703,-0.266967,0.242862,0.0255956
41.7,-0.509594,-0.294571,0.253604,0.0255956
41.8,-0.478931,-0.317926,0.268928,0.0255956
41.9,-0.446172,-0.336368,0.288258,0.0255956
42,-0.411839,-0.34935,0.310789,0.0255956
42.1,-0.376498,-0.35647,0.335533,0.0255956
42.2,-0.340749,-0.357492,0.361386,0.0255956
42.3,-0.305205,-0.352351,0.387205,0.0255956
42.4,-0.27048,-0.341157,0.411889,0.0255956
42.5,-0.237167,-0.324187,0.434457,0.0255956
42.6,-0.205822,-0.301862,0.454111,0.0255956
42.7,-0.176954,-0.274728,0.470291,0.0255956
42.8,-0.151015,-0.243419,0.482697,0.0255956
42.9,-0.128387,-0.208629,0.491297,0.0255956
43,-0.109381,-0.171077,0.496311,0.0255956
43.1,-0.0942395,-0.131477,0.49818,0.0255956
43.2,-0.0831316,-0.0905082,0.497524,0.0255956
43.3,-0.0761626,-0.0487961,0.495088,0.0255956
43.4,-0.0733786,-0.00689477,0.491692,0.0255956
43.5,-0.0747741,0.0347234,0.488181,0.0255956
43.6,-0.0803008,0.0756727,0.485383,0.0255956
43.7,-0.0898763,0.115654,0.484066,0.0255956
43.8,-0.103392,0.154452,0.48492,-0.170382
43.9,-0.120722,0.191925,0.488529,-0.0491295
44,-0.14173,0.227998,0.495363,0.0566569
44.1,-0.166275,0.262653,0.505774,0.149247
44.2,-0.194214,0.295912,0.519993,0.230944
44.3,-0.225412,0.327831,0.538133,0.303775
44.4,-0.259738,0.358483,0.560199,0.369396
44.5,-0.297069,0.38795,0.586087,0.429115
44.6,-0.337291,0.416311,0.615598,0.483951
44.7,-0.380297,0.44363,0.648436,0.534694
44.8,-0.425984,0.469948,0.684221,0.581948
44.9,-0.474253,0.495274,0.722483,0.62617
45,-0.525005,0.519575,0.762672,0.667699
45.1,-0.578132,0.542771,0.804151,0.706777
45.2,-0.633517,0.564723,0.846196,0.743564
45.3,-0.691028,0.585228,0.887996,0.778146
45.4,-0.750506,0.604012,0.928648,0.810549
45.5,-0.811762,0.620726,0.967156,0.840739
45.6,-0.874567,0.634932,1.00243,0.868624
45.7,-0.938647,0.646109,1.03329,0.894058
45.8,-1.00367,0.653641,1.0585,0.916834
45.9,-1.06923,0.656824,1.07672,0.93668
46,-1.13486,0.654861,1.08665,0.953251
46.1,-1.2,0.646877,1.08697,0.966112
46.2,-1.264,0.631931,1.07647,0.974723
46.3,-1.32612,0.609038,1.05414,0.978409
46.4,-1.38551,0.577207,1.01927,0.976313
46.5,-1.44123,0.535484,0.971603,0.967338
46.6,-1.49225,0.483021,0.911493,0.950038
46.7,-1.53746,0.419148,0.840081,0.922449
46.8,-1.57569,0.34347,0.759454,0.881792
46.9,-1.60576,0.25597,0.672772,0.823904
47,-1.6265,0.157123,0.58432,0.742118
47.1,-1.63684,0.0479991,0.499452,0.624831
47.2,-1.63582,-0.0696495,0.424378,0.45044
47.3,-1.62271,-0.193337,0.365772,0.45044
47.4,-1.59706,-0.31985,0.330197,0.45044
47.5,-1.55877,-0.445327,0.323373,0.45044
47.6,-1.50817,-0.565421,0.34938,0.45044
47.7,-1.44602,-0.675545,0.409909,0.45044
47.8,-1.37354,-0.771186,0.50371,0.45044
47.9,-1.2924,-0.848257,0.626393,0.45044
48,-1.20462,-0.903444,0.770662,0.45044
48.1,-1.11252,-0.934501,0.927004,0.45044
48.2,-1.01856,-0.940439,1.08475,0.45044
48.3,-0.925259,-0.921594,1.23329,0.45044
48.4,-0.835018,-0.879553,1.36335,0.45044
48.5,-0.750034,-0.816957,1.46788,0.45044
48.6,-0.672198,-0.737215,1.54272,0.45044
48.7,-0.603034,-0.644176,1.58666,0.45044
48.8,-0.543674,-0.541798,1.60125,0.45044
48.9,-0.494859,-0.433868,1.59021,0.45044
49,-0.456972,-0.323775,1.55871,0.45044
49.1,-0.430081,-0.214372,1.51268,0.45044
49.2,-0.413999,-0.1079,1.45814,0.45044
49.3,-0.408348,-0.00598784,1.4007,0.45044
49.4,-0.412614,0.0903068,1.34524,0.198263
49.5,-0.426203,0.180426,1.29574,0.325233
49.6,-0.448488,0.264222,1.25516,0.433848
49.7,-0.478842,0.341859,1.22557,0.526895
49.8,-0.516667,0.413727,1.20819,0.60752
49.9,-0.561413,0.480356,1.20349,0.678445
50,-0.612584,0.542348,1.21138,0.741827
50.1,-0.669748,0.600317,1.2313,0.799311
50.2,-0.732533,0.654842,1.26232,0.852137
50.3,-0.800619,0.706427,1.30321,0.901225
50.4,-0.873734,0.755475,1.35256,0.947251
50.5,-0.951639,0.80226,1.40874,0.990699
50.6,-1.03411,0.846911,1.46999,1.0319
50.7,-1.12095,0.889395,1.5344,1.07107
50.8,-1.21191,0.9295,1.59989,1.10832
50.9,-1.30676,0.966823,1.66422,1.14366
51,-1.40517,1.00075,1.72495,1.17705
51.1,-1.50677,1.03046,1.77944,1.20836
51.2,-1.61108,1.05489,1.82484,1.23739
51.3,-1.71753,1.07274,1.85808,1.26387
51.4,-1.82536,1.08245,1.87594,1.28747
51.5,-1.93368,1.08222,1.87514,1.30774
51.6,-2.04141,1.07003,1.85243,1.32413
51.7,-2.14722,1.04366,1.8049,1.33598
51.8,-2.24959,1.00077,1.73023,1.34244
51.9,-2.34674,0.939011,1.62716,1.34243
52,-2.43668,0.856156,1.49599,1.33458
52.1,-2.51721,0.750327,1.33915,1.31703
52.2,-2.58594,0.620252,1.16184,1.28723
52.3,-2.64044,0.465575,0.972462,1.24139
52.4,-2.67826,0.287202,0.782866,1.17343
52.5,-2.69717,0.0876183,0.608089,1.07226
52.6,-2.69522,-0.128847,0.465476,0.913328
52.7,-2.67104,-0.355915,0.373036,0.62326
52.8,-2.62396,-0.585462,0.347086,0.62326
52.9,-2.55419,-0.807913,0.399456,0.62326
53,-2.46296,-1.01292,0.534768,0.62326
53.1,-2.35252,-1.19028,0.748484,0.62326
53.2,-2.22612,-1.33104,1.02638,0.62326
53.3,-2.08776,-1.42844,1.34583,0.62326
53.4,-1.94201,-1.47873,1.67886,0.62326
53.5,-1.79361,-1.48151,1.99625,0.62326
53.6,-1.6472,-1.43967,2.27189,0.62326
53.7,-1.50698,-1.35883,2.48622,0.62326
53.8,-1.37648,-1.24656,2.62823,0.62326
53.9,-1.25843,-1.11139,2.69564,0.62326
54,-1.15468,-0.961915,2.69368,0.62326
54.1,-1.06625,-0.806066,2.63291,0.62326
54.2,-0.993448,-0.650617,2.52679,0.62326
54.3,-0.935937,-0.500945,2.38949,0.62326
54.4,-0.892934,-0.360988,2.23418,0.62326
54.5,-0.863327,-0.233369,2.07199,0.62326
54.6,-0.845797,-0.119598,1.91153,0.62326
54.7,-0.838923,-0.0203174,1.75882,0.62326
54.8,-0.84125,0.0644574,1.61755,0.413182
54.9,-0.851344,0.135124,1.48945,0.484391
55,-0.867825,0.192314,1.37476,0.540921
55.1,-0.889382,0.23676,1.27261,0.584913
55.2,-0.914777,0.269197,1.18142,0.618058
55.3,-0.942844,0.290301,1.09925,0.641545
55.4,-0.972479,0.300657,1.02401,0.656061
55.5,-1.00263,0.300753,0.953681,0.661843
55.6,-1.0323,0.290987,0.886502,0.658691
55.7,-1.06051,0.271699,0.821061,0.645949
55.8,-1.08633,0.243202,0.756416,0.622427
55.9,-1.10886,0.205838,0.692167,0.586242
56,-1.12722,0.160022,0.628498,0.534531
56.1,-1.1406,0.106305,0.566205,0.462979
56.2,-1.14824,0.0454254,0.50667,0.3651
56.3,-1.14948,-0.0216409,0.4518,0.231695
56.4,-1.14375,-0.0936454,0.403907,0.231695
56.5,-1.13063,-0.169046,0.365532,0.231695
56.6,-1.10989,-0.246009,0.339217,0.231695
56.7,-1.08145,-0.322445,0.327227,0.231695
56.8,-1.04549,-0.396067,0.331268,0.231695
56.9,-1.00241,-0.464487,0.352206,0.231695
57,-0.952847,-0.525334,0.389852,0.231695
57.1,-0.897671,-0.576386,0.442844,0.231695
57.2,-0.837961,-0.615719,0.508653,0.231695
57.3,-0.774968,-0.641828,0.583739,0.231695
57.4,-0.710069,-0.653734,0.663836,0.231695
57.5,-0.644708,-0.651046,0.744337,0.231695
57.6,-0.58034,-0.633979,0.820732,0.231695
57.7,-0.518366,-0.603318,0.889026,0.231695
57.8,-0.460087,-0.560346,0.946088,0.231695
57.9,-0.406652,-0.506724,0.98988,0.231695
58,-0.359034,-0.444366,1.01956,0.231695
58.1,-0.318003,-0.3753,1.03543,0.231695
58.2,-0.28413,-0.301537,1.0388,0.231695
58.3,-0.257789,-0.224965,1.03175,0.231695
58.4,-0.239174,-0.147263,1.0169,0.231695
58.5,-0.228326,-0.0698451,0.997094,0.231695
58.6,-0.225158,0.00616604,0.97524,0.231695
58.7,-0.229485,0.0799445,0.954073,0.231695
58.8,-0.241054,0.150947,0.936046,0.104852
58.9,-0.259572,0.218886,0.923246,0.228869
59,-0.284727,0.283692,0.917356,0.336334
59.1,-0.316209,0.345474,0.919656,0.429945
59.2,-0.353729,0.404483,0.931047,0.512485
59.3,-0.397025,0.461067,0.952086,0.586335
59.4,-0.445875,0.515641,0.98304,0.653392
59.5,-0.500101,0.568652,1.02392,0.715131
59.6,-0.559569,0.620556,1.07455,0.772686
59.7,-0.62419,0.671791,1.13458,0.826927
59.8,-0.693918,0.722761,1.20352,0.878519
59.9,-0.768745,0.773818,1.28076,0.927963
60,-0.848694,0.825248,1.36563,0.975637
60.1,-0.933814,0.877259,1.4573,1.02181
60.2,-1.02417,0.929968,1.55489,1.06669
60.3,-1.11983,0.983388,1.65735,1.11039
60.4,-1.22087,1.03742,1.7635,1.15298
60.5,-1.32733,1.09181,1.87199,1.1945
60.6,-1.43923,1.14619,1.98121,1.2349
60.7,-1.55655,1.19999,2.08928,1.27415
60.8,-1.67918,1.25245,2.19398,1.31212
60.9,-1.80696,1.30258,2.29269,1.34869
61,-1.93958,1.34913,2.38235,1.38366
61.1,-2.07662,1.39056,2.45937,1.41682
61.2,-2.21746,1.425,2.51967,1.44786
61.3,-2.36131,1.4502,2.55868,1.47645
61.4,-2.5071,1.46353,2.57144,1.50215
61.5,-2.65352,1.46199,2.55274,1.52445
61.6,-2.7989,1.44219,2.49752,1.54271
61.7,-2.94123,1.40045,2.40131,1.55615
61.8,-3.07813,1.33292,2.26097,1.5638
61.9,-3.20682,1.23579,2.07557,1.56444
62,-3.32418,1.10562,1.84756,1.55649
62.1,-3.42676,0.939761,1.58389,1.53785
62.2,-3.5109,0.736884,1.29715,1.50558
62.3,-3.57292,0.497601,1.00619,1.45525
62.4,-3.60931,0.225078,0.735901,1.37948
62.5,-3.61703,-0.0744567,0.515664,1.26363
62.6,-3.59383,-0.391465,0.376268,1.06885
62.7,-3.53857,-0.713276,0.345261,0.591064
62.8,-3.45151,-1.02481,0.441416,0.591064
62.9,-3.33449,-1.30988,0.669546,0.591064
63,-3.19094,-1.55291,1.01722,0.591064
63.1,-3.02575,-1.74089,1.4548,0.591064
63.2,-2.8449,-1.865,1.93936,0.591064
63.3,-2.655,-1.92177,2.4217,0.591064
63.4,-2.46273,-1.91323,2.85488,0.591064
63.5,-2.2743,-1.84637,3.20161,0.591064
63.6,-2.09505,-1.73174,3.43907,0.591064
63.7,-1.92913,-1.58191,3.56006,0.591064
63.8,-1.77941,-1.40977,3.57104,0.591064
63.9,-1.64752,-1.22731,3.48823,0.591064
64,-1.53395,-1.04466,3.33299,0.591064
64.1,-1.43832,-0.869761,3.12784,0.591064
64.2,-1.35955,-0.708287,2.89349,0.591064
64.3,-1.2961,-0.563879,2.64712,0.591064
64.4,-1.24614,-0.438496,2.40172,0.591064
64.5,-1.20774,-0.332813,2.16627,0.591064
64.6,-1.17893,-0.246592,1.94624,0.591064
64.7,-1.1578,-0.178997,1.7444,0.591064
64.8,-1.14255,-0.128833,1.56155,0.591064
64.9,-1.1315,-0.0947179,1.39723,0.591064
65,-1.12312,-0.0751956,1.25029,0.300264
65.1,-1.11602,-0.0687951,1.11929,0.280704
65.2,-1.10897,-0.0740574,1.00286,0.280704
65.3,-1.10087,-0.0895359,0.899818,0.280704
65.4,-1.09077,-0.113783,0.809333,0.280704
65.5,-1.07787,-0.145327,0.730924,0.280704
65.6,-1.06151,-0.182659,0.664432,0.280704
65.7,-1.0412,-0.224211,0.60994,0.280704
65.8,-1.01658,-0.26836,0.567658,0.280704
65.9,-0.987493,-0.313433,0.537786,0.280704
66,-0.953922,-0.357737,0.520365,0.280704
66.1,-0.916028,-0.399593,0.515152,0.280704
66.2,-0.874138,-0.437392,0.521503,0.280704
66.3,-0.828734,-0.469653,0.538318,0.280704
66.4,-0.780436,-0.495082,0.564023,0.280704
66.5,-0.729981,-0.512634,0.596617,0.280704
66.6,-0.678197,-0.521558,0.633781,0.280704
66.7,-0.625971,-0.521433,0.673022,0.280704
66.8,-0.574215,-0.512178,0.711846,0.280704
66.9,-0.523832,-0.494044,0.747944,0.280704
67,-0.475684,-0.467587,0.779351,0.280704
67.1,-0.430565,-0.433618,0.804572,0.280704
67.2,-0.389177,-0.393148,0.822662,0.280704
67.3,-0.352114,-0.347316,0.833248,0.280704
67.4,-0.319853,-0.297326,0.836501,0.280704
67.5,-0.292747,-0.244382,0.833063,0.280704
67.6,-0.271036,-0.189633,0.823948,0.280704
67.7,-0.254846,-0.134131,0.81043,0.280704
67.8,-0.244204,-0.0788009,0.793918,0.280704
67.9,-0.239054,-0.0244227,0.775856,0.280704
68,-0.239267,0.0283752,0.757624,0.280704
68.1,-0.24466,0.0791123,0.740473,0.280704
68.2,-0.255009,0.127444,0.725468,0.280704
68.3,-0.270061,0.173148,0.713465,0.101935
68.4,-0.289547,0.216099,0.705092,0.192048
68.5,-0.313188,0.256253,0.70075,0.271525
68.6,-0.340704,0.293623,0.700625,0.341831
68.7,-0.371821,0.328257,0.704701,0.404382
68.8,-0.406267,0.360221,0.712778,0.460399
68.9,-0.443778,0.389579,0.724495,0.510878
69,-0.484097,0.416376,0.739347,0.556602
69.1,-0.526969,0.440627,0.756703,0.598171
69.2,-0.572137,0.462305,0.775823,0.636027
69.3,-0.619341,0.481328,0.79587,0.67048
69.4,-0.668309,0.497552,0.815928,0.701727
69.5,-0.718752,0.51077,0.835008,0.72986
69.6,-0.770354,0.520698,0.852072,0.754881
69.7,-0.82277,0.526983,0.866041,0.776704
69.8,-0.875615,0.529198,0.875824,0.795156
69.9,-0.928457,0.526849,0.880341,0.809972
70,-0.980814,0.519381,0.878565,0.820784
70.1,-1.03214,0.506193,0.869566,0.82711
70.2,-1.08184,0.486654,0.852577,0.828322
70.3,-1.12924,0.460132,0.827064,0.823609
70.4,-1.17361,0.426027,0.79281,0.811918
70.5,-1.21418,0.383813,0.750018,0.791848
70.6,-1.25009,0.333089,0.6994,0.761497
70.7,-1.2805,0.27364,0.642271,0.718183
70.8,-1.30453,0.205504,0.58062,0.657965
70.9,-1.32133,0.129037,0.517135,0.574742
71,-1.33009,0.0449838,0.455172,0.458654
71.1,-1.33011,-0.0454731,0.398645,0.293965
71.2,-1.32083,-0.140675,0.351816,0.293965
71.3,-1.30189,-0.238487,0.318984,0.293965
71.4,-1.27313,-0.336329,0.304096,0.293965
71.5,-1.23472,-0.431268,0.310289,0.293965
71.6,-1.18708,-0.52014,0.339444,0.293965
71.7,-1.131,-0.599737,0.391808,0.293965
71.8,-1.06755,-0.66701,0.465771,0.293965
71.9,-0.998096,-0.719287,0.557843,0.293965
72,-0.924258,-0.75448,0.662893,0.293965
72.1,-0.847815,-0.77125,0.77461,0.293965
72.2,-0.77064,-0.769103,0.886142,0.293965
72.3,-0.694613,-0.748417,0.990821,0.293965
72.4,-0.621536,-0.710384,1.08284,0.293965
72.5,-0.553053,-0.65688,1.15782,0.293965
72.6,-0.490596,-0.590291,1.2131,0.293965
72.7,-0.435341,-0.513305,1.24789,0.293965
72.8,-0.388189,-0.428706,1.2631,0.293965
72.9,-0.349764,-0.339189,1.26107,0.293965
73,-0.320433,-0.247211,1.24516,0.293965
73.1,-0.300333,-0.154882,1.21932,0.293965
73.2,-0.289411,-0.0639121,1.1877,0.293965
73.3,-0.287462,0.0244172,1.15431,0.293965
73.4,-0.294176,0.109233,1.12283,0.293965
73.5,-0.309175,0.190039,1.09636,0.245766
73.6,-0.332044,0.26666,1.07744,0.361044
73.7,-0.36237,0.339187,1.06802,0.46053
73.8,-0.399755,0.407916,1.06944,0.547375
73.9,-0.443841,0.473291,1.08256,0.624373
74,-0.49432,0.535852,1.10782,0.693764
74.1,-0.550938,0.596194,1.1453,0.757284
74.2,-0.613505,0.654926,1.19479,0.816258
74.3,-0.681889,0.712644,1.25588,0.871695
74.4,-0.756018,0.769902,1.32802,0.92436
74.5,-0.835871,0.827197,1.41048,0.974829
74.6,-0.921473,0.884951,1.50249,1.02353
74.7,-1.01289,0.943495,1.60315,1.07079
74.8,-1.11021,1.00306,1.7115,1.11682
74.9,-1.21354,1.06377,1.82643,1.16178
75,-1.323,1.12562,1.94674,1.20575
75.1,-1.43869,1.18845,2.07103,1.24878
75.2,-1.56071,1.25195,2.19768,1.29087
75.3,-1.68909,1.31564,2.32478,1.33196
75.4,-1.82382,1.37882,2.45006,1.37198
75.5,-1.96481,1.44053,2.57079,1.4108
75.6,-2.11184,1.49955,2.68374,1.44828
75.7,-2.26458,1.55434,2.78508,1.4842
75.8,-2.4225,1.60295,2.8703,1.51831
75.9,-2.58488,1.64304,2.93424,1.55031
76,-2.75073,1.6718,2.97107,1.57981
76.1,-2.91875,1.68592,2.97449,1.60636
76.2,-3.0873,1.68159,2.93793,1.62941
76.3,-3.25432,1.65455,2.85509,1.64826
76.4,-3.4173,1.60016,2.72065,1.66208
76.5,-3.57328,1.51362,2.53129,1.66983
76.6,-3.7188,1.39027,2.28699,1.67021
76.7,-3.84997,1.22606,1.99264,1.66152
76.8,-3.96255,1.01813,1.65962,1.64151
76.9,-4.0521,0.765582,1.3071,1.60702
77,-4.11424,0.470296,0.962464,1.55326
77.1,-4.14491,0.13769,0.66036,1.47202
77.2,-4.14084,-0.222743,0.439579,1.34626
77.3,-4.09989,-0.597357,0.337775,1.12466
77.4,-4.02147,-0.96895,0.384394,1.12466
77.5,-3.90685,-1.31813,0.593266,1.12466
77.6,-3.75924,-1.62538,0.956961,1.12466
77.7,-3.58375,-1.87348,1.44512,1.12466
77.8,-3.38694,-2.04989,2.00806,1.12466
77.9,-3.17638,-2.14833,2.58516,1.12466
78,-2.95986,-2.16949,3.11596,1.12466
78.1,-2.74483,-2.12039,3.55063,1.12466
78.2,-2.53773,-2.01289,3.85707,1.12466
78.3,-2.34371,-1.86165,4.02327,1.12466
78.4,-2.16635,-1.68203,4.05517,1.12466
78.5,-2.00777,-1.48837,3.97168,1.12466
78.6,-1.86873,-1.29288,3.79871,1.12466
78.7,-1.74893,-1.10507,3.56389,1.12466
78.8,-1.64723,-0.931701,3.29267,1.12466
78.9,-1.56197,-0.777037,3.00616,1.12466
79,-1.49113,-0.643316,2.7203,1.12466
79.1,-1.43258,-0.531218,2.44612,1.12466
79.2,-1.38418,-0.440326,2.19043,1.12466
79.3,-1.34385,-0.369498,1.95681,1.12466
79.4,-1.30966,-0.317157,1.74655,1.12466
79.5,-1.27986,-0.281493,1.55945,1.12466
79.6,-1.25287,-0.260594,1.39449,1.12466
79.7,-1.22731,-0.252524,1.25028,1.12466
79.8,-1.202,-0.255364,1.12538,1.12466
79.9,-1.17594,-0.267224,1.01845,1.12466
80,-1.14832,-0.286248,0.928351,1.12466
80.1,-1.11851,-0.310615,0.854114,1.12466
80.2,-1.08608,-0.338539,0.794909,1.12466
80.3,-1.05074,-0.368277,0.749947,1.12466
80.4,-1.01242,-0.398151,0.718386,1.12466
80.5,-0.971162,-0.426571,0.69924,1.12466
80.6,-0.927199,-0.452071,0.691308,1.12466
80.7,-0.880888,-0.473346,0.693137,1.12466
80.8,-0.832708,-0.48929,0.703017,1.12466
80.9,-0.783237,-0.499036,0.719028,1.12466
81,-0.733128,-0.501975,0.739105,1.12466
81.1,-0.68308,-0.497777,0.761149,1.12466
81.2,-0.633813,-0.48639,0.783141,1.12466
81.3,-0.586035,-0.468024,0.803257,1.12466
81.4,-0.540426,-0.443131,0.819971,1.12466
81.5,-0.497605,-0.41236,0.832133,1.12466
81.6,-0.458123,-0.376514,0.839007,1.12466
81.7,-0.422441,-0.336497,0.840282,1.12466
81.8,-0.39093,-0.293269,0.836041,1.12466
81.9,-0.363863,-0.247793,0.826712,1.12466
82,-0.341416,-0.201,0.812989,1.12466
82.1,-0.323678,-0.153753,0.795756,1.12466
82.2,-0.310654,-0.106826,0.775997,1.12466
82.3,-0.302279,-0.0608898,0.754723,1.12466
82.4,-0.298424,-0.0165059,0.732904,1.12466
82.5,-0.298911,0.0258726,0.711415,1.12466
82.6,-0.30352,0.0658935,0.690999,1.12466
82.7,-0.312002,0.103295,0.672242,1.12466
82.8,-0.324086,0.137891,0.655564,0.0481221
82.9,-0.339483,0.169558,0.641214,0.119559
83,-0.357897,0.198217,0.629281,0.182757
83.1,-0.379024,0.223823,0.6197,0.238392
83.2,-0.402559,0.246344,0.612276,0.287194
83.3,-0.42819,0.265758,0.606694,0.329839
83.4,-0.455606,0.282033,0.602545,0.366887
83.5,-0.48449,0.295128,0.599342,0.398768
83.6,-0.514523,0.304979,0.596542,0.425783
83.7,-0.545375,0.311499,0.593566,0.448103
83.8,-0.576708,0.314575,0.58982,0.465779
83.9,-0.608171,0.314072,0.584718,0.478738
84,-0.639398,0.309829,0.577705,0.48678
84.1,-0.670006,0.301673,0.568283,0.48957
84.2,-0.699596,0.289424,0.556037,0.486617
84.3,-0.727749,0.272905,0.540664,0.477241
84.4,-0.754029,0.25196,0.522003,0.460528
84.5,-0.777989,0.226468,0.500069,0.43525
84.6,-0.799169,0.196366,0.475074,0.399763
84.7,-0.817109,0.161669,0.447457,0.351838
84.8,-0.831354,0.122494,0.417899,0.288449
84.9,-0.841466,0.0790819,0.387324,0.205536
85,-0.847042,0.0318212,0.35689,0.0980772
85.1,-0.847721,-0.0187354,0.327953,0.0980772
85.2,-0.843209,-0.0718593,0.302015,0.0980772
85.3,-0.833293,-0.126642,0.280641,0.0980772
85.4,-0.817861,-0.182003,0.265357,0.0980772
85.5,-0.796914,-0.23671,0.257527,0.0980772
85.6,-0.770586,-0.289416,0.258229,0.0980772
85.7,-0.739145,-0.338703,0.268129,0.0980772
85.8,-0.703006,-0.38315,0.287382,0.0980772
85.9,-0.662722,-0.421392,0.315565,0.0980772
86,-0.618976,-0.452201,0.351664,0.0980772
86.1,-0.572564,-0.474553,0.394119,0.0980772
86.2,-0.524373,-0.487686,0.440924,0.0980772
86.3,-0.47535,-0.491146,0.489784,0.0980772
86.4,-0.426471,-0.484815,0.538298,0.0980772
86.5,-0.378706,-0.468907,0.584166,0.0980772
86.6,-0.332991,-0.443948,0.625369,0.0980772
86.7,-0.290192,-0.410737,0.660331,0.0980772
86.8,-0.251085,-0.370286,0.688021,0.0980772
86.9,-0.216338,-0.323753,0.708002,0.0980772
87,-0.186496,-0.27237,0.720419,0.0980772
87.1,-0.161984,-0.217376,0.725945,0.0980772
87.2,-0.143102,-0.159959,0.72568,0.0980772
87.3,-0.130037,-0.101201,0.721039,0.0980772
87.4,-0.122875,-0.0420477,0.713627,0.0980772
87.5,-0.121614,0.0167165,0.705124,0.0980772
87.6,-0.126184,0.0744787,0.697182,0.0980772
87.7,-0.136462,0.130796,0.691349,0.0980772
87.8,-0.152286,0.185388,0.689008,0.0385242
87.9,-0.173477,0.238118,0.691345,0.157596
88,-0.199847,0.288977,0.699329,0.26114
88.1,-0.231213,0.338061,0.713713,0.351967
88.2,-0.267406,0.385548,0.735045,0.432672
88.3,-0.308277,0.431677,0.763679,0.505391
88.4,-0.353705,0.476726,0.799802,0.571808
88.5,-0.403597,0.520998,0.843451,0.633229
88.6,-0.457889,0.564799,0.894533,0.690665
88.7,-0.516551,0.608423,0.952845,0.744894
88.8,-0.579577,0.652143,1.01809,0.796515
88.9,-0.64699,0.696196,1.08986,0.845987
89,-0.718834,0.740772,1.1677,0.893657
89.1,-0.795167,0.786003,1.25103,0.939783
89.2,-0.876058,0.831953,1.33919,0.984549
89.3,-0.961581,0.878609,1.4314,1.02808
89.4,-1.0518,0.925864,1.52675,1.07045
89.5,-1.14677,0.97351,1.62418,1.11168
89.6,-1.2465,1.02121,1.72241,1.15176
89.7,-1.351,1.06851,1.81996,1.19064
89.8,-1.46017,1.11477,1.91505,1.22824
89.9,-1.57389,1.15918,2.00557,1.26443
90,-1.69191,1.20073,2.08908,1.29904
90.1,-1.8139,1.23815,2.16269,1.33187
90.2,-1.93936,1.26993,2.22315,1.36266
90.3,-2.06764,1.29426,2.26674,1.39109
90.4,-2.19789,1.30899,2.28945,1.41678
90.5,-2.32903,1.3117,2.28699,1.43925
90.6,-2.45974,1.29962,2.25509,1.45792
90.7,-2.58836,1.26972,2.18979,1.47211
90.8,-2.71298,1.21882,2.08796,1.48093
90.9,-2.83132,1.14365,1.94794,1.48328
91,-2.9408,1.04118,1.77036,1.47776
91.1,-3.03856,0.908826,1.55903,1.46252
91.2,-3.12151,0.744903,1.32192,1.43499
91.3,-3.18647,0.549068,1.0718,1.39142
91.4,-3.23031,0.322828,0.826518,1.32583
91.5,-3.25015,0.0700124,0.608404,1.2272
91.6,-3.24364,-0.202899,0.442557,1.07045
91.7,-3.2092,-0.486694,0.353925,0.769049
91.8,-3.14632,-0.769728,0.363323,0.769049
91.9,-3.05573,-1.03868,0.483045,0.769049
92,-2.93952,-1.27972,0.713102,0.769049
92.1,-2.80115,-1.48,1.03928,0.769049
92.2,-2.64523,-1.62921,1.43394,0.769049
92.3,-2.47723,-1.72081,1.85974,0.769049
92.4,-2.30305,-1.75283,2.27562,0.769049
92.5,-2.12857,-1.7279,2.64344,0.769049
92.6,-1.95916,-1.65263,2.9337,0.769049
92.7,-1.7994,-1.5365,3.12899,0.769049
92.8,-1.65285,-1.39049,3.22457,0.769049
92.9,-1.52193,-1.2258,3.22675,0.769049
93,-1.40797,-1.05274,3.14956,0.769049
93.1,-1.31136,-0.880097,3.01121,0.769049
93.2,-1.23171,-0.714739,2.83078,0.769049
93.3,-1.168,-0.561629,2.62581,0.769049
93.4,-1.11886,-0.423989,2.41094,0.769049
93.5,-1.08263,-0.303599,2.19728,0.769049
93.6,-1.05754,-0.201131,1.99249,0.769049
93.7,-1.04181,-0.116467,1.80123,0.769049
93.8,-1.03368,-0.0489729,1.62574,0.357488
93.9,-1.03147,0.00229016,1.4665,0.400311
94,-1.03363,0.0384072,1.32284,0.427672
94.1,-1.03869,0.0605098,1.1934,0.440535
94.2,-1.0453,0.0697183,1.07657,0.439348
94.3,-1.05224,0.0671193,0.970748,0.423891
94.4,-1.05837,0.0537687,0.874585,0.393169
94.5,-1.06267,0.0307125,0.787102,0.345285
94.6,-1.06422,-0.000982105,0.707766,0.27731
94.7,-1.06222,-0.0401914,0.636511,0.185343
94.8,-1.05597,-0.0857017,0.573698,0.185343
94.9,-1.04492,-0.136181,0.520041,0.185343
95,-1.02862,-0.190165,0.476485,0.185343
95.1,-1.00682,-0.246054,0.444052,0.185343
95.2,-0.979404,-0.30213,0.423669,0.185343
95.3,-0.946447,-0.356592,0.415984,0.185343
95.4,-0.908201,-0.407615,0.4212,0.185343
95.5,-0.865099,-0.453413,0.438934,0.185343
95.6,-0.817748,-0.492323,0.468144,0.185343
95.7,-0.766912,-0.522891,0.50712,0.185343
95.8,-0.713487,-0.543946,0.553553,0.185343
95.9,-0.658468,-0.554668,0.60468,0.185343
96,-0.602913,-0.554629,0.657494,0.185343
96.1,-0.547902,-0.543814,0.708986,0.185343
96.2,-0.494497,-0.522603,0.756383,0.185343
96.3,-0.443703,-0.491738,0.797372,0.185343
96.4,-0.396437,-0.452258,0.830258,0.185343
96.5,-0.353497,-0.405422,0.854062,0.185343
96.6,-0.315551,-0.352624,0.868533,0.185343
96.7,-0.283123,-0.295307,0.874103,0.185343
96.8,-0.256593,-0.234888,0.871779,0.185343
96.9,-0.236204,-0.17269,0.863006,0.185343
97,-0.222075,-0.109894,0.84951,0.185343
97.1,-0.214212,-0.0475074,0.833148,0.185343
97.2,-0.212532,0.0136535,0.815776,0.185343
97.3,-0.216881,0.0729651,0.799138,0.185343
97.4,-0.227049,0.129988,0.784787,0.185343
97.5,-0.242793,0.184447,0.774032,0.123469
97.6,-0.263848,0.236213,0.767914,0.225901
97.7,-0.289945,0.285273,0.767197,0.315681
97.8,-0.320815,0.331701,0.772376,0.39489
97.9,-0.356202,0.375639,0.783697,0.465463
98,-0.395866,0.417263,0.801178,0.529025
98.1,-0.439584,0.456766,0.824638,0.586877
98.2,-0.487154,0.494333,0.853712,0.640038
98.3,-0.538392,0.530125,0.887881,0.689293
98.4,-0.593124,0.564262,0.926483,0.735238
98.5,-0.651191,0.596807,0.968728,0.778318
98.6,-0.712433,0.627755,1.0137,0.818854
98.7,-0.776686,0.657017,1.06037,0.857062
98.8,-0.843774,0.684415,1.10758,0.893071
98.9,-0.913498,0.709667,1.15407,0.926933
99,-0.985623,0.732379,1.19843,0.958631
99.1,-1.05987,0.752035,1.23913,0.988081
99.2,-1.13591,0.767994,1.27453,1.01514
99.3,-1.21332,0.779478,1.30287,1.03959
99.4,-1.29162,0.785576,1.3223,1.06116
99.5,-1.37022,0.785243,1.33093,1.07947
99.6,-1.44842,0.77731,1.32692,1.09408
99.7,-1.52539,0.760504,1.30853,1.10441
99.8,-1.60018,0.733482,1.27431,1.10975
99.9,-1.6717,0.694878,1.22327,1.1092
100,-1.73872,0.643373,1.15507,1.10159
100.1,-1.7999,0.57779,1.07034,1.08538
100.2,-1.85378,0.497212,0.970911,1.05849
100.3,-1.89883,0.401128,0.860069,1.01791
100.4,-1.93349,0.289589,0.742765,0.959062
100.5,-1.95626,0.163384,0.625657,0.874343
100.6,-1.96573,0.0241912,0.516957,0.749608
100.7,-1.96075,-0.125298,0.426006,0.554885
100.8,-1.94046,-0.28133,0.362528,0.554885
100.9,-1.90442,-0.439138,0.335591,0.554885
101,-1.85275,-0.593115,0.352349,0.554885
101.1,-1.78613,-0.737127,0.416775,0.554885
101.2,-1.70587,-0.864946,0.528611,0.554885
101.3,-1.61388,-0.970769,0.682817,0.554885
101.4,-1.51261,-1.04975,0.869724,0.554885
101.5,-1.40494,-1.09849,1.07597,0.554885
101.6,-1.29398,-1.11531,1.28608,0.554885
101.7,-1.18293,-1.10046,1.48447,0.554885
101.8,-1.07488,-1.05596,1.65737,0.554885
101.9,-0.972614,-0.985351,1.79443,0.554885
102,-0.878526,-0.893267,1.88961,0.554885
102.1,-0.794503,-0.784921,1.94138,0.554885
102.2,-0.721906,-0.665642,1.9522,0.554885
102.3,-0.661571,-0.540455,1.92761,0.554885
102.4,-0.613863,-0.413786,1.8751,0.554885
102.5,-0.578741,-0.289283,1.80292,0.554885
102.6,-0.55584,-0.16974,1.71923,0.554885
102.7,-0.544561,-0.0571305,1.63134,0.554885
102.8,-0.544141,0.0473169,1.54531,0.554885
102.9,-0.553731,0.14299,1.46582,0.361306
103,-0.572442,0.229758,1.3961,0.463494
103.1,-0.599393,0.307839,1.33811,0.549935
103.2,-0.633735,0.377674,1.29266,0.62365
103.3,-0.674671,0.439821,1.25969,0.687268
103.4,-0.721463,0.494871,1.23839,0.742854
103.5,-0.773427,0.543378,1.22742,0.791965
103.6,-0.829936,0.585805,1.22505,0.83574
103.7,-0.890397,0.622488,1.22927,0.874989
103.8,-0.954248,0.653612,1.23788,0.910263
103.9,-1.02093,0.679188,1.24856,0.941905
104,-1.0899,0.69905,1.25891,0.970086
104.1,-1.16054,0.712845,1.26654,0.994825
104.2,-1.23224,0.720043,1.26904,1.01601
104.3,-1.30431,0.719944,1.26411,1.03339
104.4,-1.37596,0.711696,1.24959,1.04659
104.5,-1.44634,0.694327,1.22355,1.05509
104.6,-1.51449,0.666777,1.18447,1.05818
104.7,-1.57932,0.627962,1.1313,1.05493
104.8,-1.63967,0.576843,1.06377,1.04413
104.9,-1.69425,0.512515,0.982494,1.02412
105,-1.74171,0.434328,0.889261,0.992608
105.1,-1.78065,0.342013,0.787193,0.946246
105.2,-1.80965,0.235826,0.680882,0.879811
105.3,-1.82738,0.116694,0.576381,0.784444
105.4,-1.83261,-0.0136532,0.481023,0.643416
105.5,-1.82436,-0.152596,0.403001,0.422448
105.6,-1.80193,-0.296594,0.350687,0.422448
105.7,-1.76502,-0.441247,0.33172,0.422448
105.8,-1.71382,-0.581467,0.35195,0.422448
105.9,-1.64906,-0.711758,0.414381,0.422448
106,-1.57199,-0.826602,0.51835,0.422448
106.1,-1.48442,-0.920904,0.659114,0.422448
106.2,-1.38863,-0.990447,0.828045,0.422448
106.3,-1.28726,-1.03228,1.01345,0.422448
106.4,-1.18315,-1.04502,1.2019,0.422448
106.5,-1.07922,-1.02889,1.37994,0.422448
106.6,-0.978273,-0.985718,1.53566,0.422448
106.7,-0.882872,-0.918645,1.66004,0.422448
106.8,-0.795205,-0.831769,1.74776,0.422448
106.9,-0.717024,-0.729728,1.79731,0.422448
107,-0.649606,-0.61728,1.81069,0.422448
107.1,-0.593763,-0.498948,1.79261,0.422448
107.2,-0.549878,-0.378744,1.74953,0.422448
107.3,-0.517965,-0.260006,1.68874,0.422448
107.4,-0.497741,-0.145325,1.61751,0.422448
107.5,-0.488702,-0.0365521,1.54246,0.422448
107.6,-0.490194,0.0651367,1.46923,0.422448
107.7,-0.501473,0.159137,1.40223,0.348756
107.8,-0.52176,0.245303,1.34465,0.453876
107.9,-0.550278,0.323823,1.29851,0.543299
108,-0.586283,0.395117,1.26484,0.620109
108.1,-0.629079,0.459731,1.24381,0.68699
108.2,-0.678027,0.518262,1.2349,0.746056
108.3,-0.732548,0.571289,1.23709,0.798911
108.4,-0.792118,0.619324,1.24894,0.846744
108.5,-0.85626,0.662767,1.26875,0.890422
108.6,-0.924527,0.701883,1.29455,0.930556
108.7,-0.996496,0.736777,1.32423,0.967558
108.8,-1.07174,0.767377,1.35556,1.00168
108.9,-1.14982,0.793424,1.38619,1.03303
109,-1.23026,0.814468,1.41368,1.06161
109.1,-1.31252,0.829859,1.43553,1.08731
109.2,-1.39601,0.838755,1.4492,1.10993
109.3,-1.48003,0.840123,1.45218,1.12913
109.4,-1.56375,0.832758,1.44205,1.1445
109.5,-1.64624,0.815312,1.41659,1.15548
109.6,-1.72643,0.786331,1.37395,1.16135
109.7,-1.80307,0.744319,1.31287,1.1612
109.8,-1.87481,0.687825,1.23294,1.15383
109.9,-1.94011,0.615555,1.1349,1.13767
110,-1.99736,0.526518,1.02094,1.11054
110.1,-2.04484,0.420196,0.89504,1.0693
110.2,-2.08083,0.29674,0.763157,1.00914
110.3,-2.10365,0.157166,0.633248,0.921879
110.4,-2.11179,0.0035386,0.515047,0.791846
110.5,-2.10399,-0.160897,0.419479,0.5838
110.6,-2.0794,-0.331676,0.357694,0.5838
110.7,-2.03763,-0.5032,0.339743,0.5838
110.8,-1.97895,-0.668976,0.373044,0.5838
110.9,-1.90426,-0.822023,0.460895,0.5838
111,-1.8152,-0.95541,0.601351,0.5838
111.1,-1.71405,-1.06288,0.7868,0.5838
111.2,-1.60365,-1.13947,1.00445,0.5838
111.3,-1.48729,-1.182,1.23773,0.5838
111.4,-1.36843,-1.18939,1.46845,0.5838
111.5,-1.25055,-1.1627,1.67918,0.5838
111.6,-1.13692,-1.10496,1.85546,0.5838
111.7,-1.03044,-1.02072,1.98739,0.5838
111.8,-0.93348,-0.915524,2.07033,0.5838
111.9,-0.847836,-0.795347,2.1047,0.5838
112,-0.774714,-0.666038,2.09511,0.5838
112.1,-0.714754,-0.532923,2.0491,0.5838
112.2,-0.668104,-0.400526,1.97574,0.5838
112.3,-0.634505,-0.272429,1.88442,0.5838
112.4,-0.613386,-0.151265,1.78387,0.5838
112.5,-0.603962,-0.0387801,1.68155,0.5838
112.6,-0.605307,0.0640318,1.58334,0.300119
112.7,-0.616432,0.156779,1.49346,0.409853
112.8,-0.636329,0.239515,1.41461,0.502108
112.9,-0.664013,0.312588,1.34809,0.579703
113,-0.698542,0.376521,1.29411,0.645462
113.1,-0.739032,0.431901,1.25201,0.701725
113.2,-0.784656,0.479298,1.22045,0.750286
113.3,-0.834642,0.519207,1.19766,0.79246
113.4,-0.88826,0.552003,1.18154,0.829179
113.5,-0.944813,0.577911,1.1698,0.861068
113.6,-1.00362,0.596993,1.16008,0.8885
113.7,-1.06398,0.60914,1.15,0.911643
113.8,-1.1252,0.614078,1.13724,0.93048
113.9,-1.18654,0.611382,1.11963,0.944823
114,-1.24721,0.600492,1.09521,0.954312
114.1,-1.30635,0.58075,1.06231,0.958404
114.2,-1.36304,0.551441,1.01969,0.956335
114.3,-1.41629,0.511847,0.966655,0.947064
114.4,-1.46504,0.461315,0.903193,0.929176
114.5,-1.50817,0.399343,0.830128,0.900706
114.6,-1.54452,0.325671,0.749258,0.858831
114.7,-1.57292,0.24039,0.663461,0.799294
114.8,-1.59223,0.14405,0.576728,0.715239
114.9,-1.6014,0.0377635,0.494088,0.594725
115,-1.59951,-0.0767118,0.421393,0.415897
115.1,-1.58586,-0.196926,0.364935,0.415897
115.2,-1.56004,-0.319743,0.330887,0.415897
115.3,-1.52195,-0.441419,0.324615,0.415897
115.4,-1.47193,-0.557757,0.349919,0.415897
115.5,-1.41072,-0.664341,0.408332,0.415897
115.6,-1.33953,-0.756836,0.49861,0.415897
115.7,-1.25996,-0.831321,0.616543,0.415897
115.8,-1.17397,-0.884613,0.755181,0.415897
115.9,-1.08382,-0.91455,0.905481,0.415897
116,-0.991877,-0.92017,1.05729,0.415897
116.1,-0.900584,-0.901775,1.20053,0.415897
116.2,-0.812273,-0.860864,1.32632,0.415897
116.3,-0.729079,-0.799947,1.42789,0.415897
116.4,-0.652843,-0.72228,1.50118,0.415897
116.5,-0.585058,-0.631549,1.54495,0.415897
116.6,-0.526841,-0.531562,1.56056,0.415897
116.7,-0.478932,-0.425973,1.55149,0.415897
116.8,-0.441723,-0.318069,1.52262,0.415897
116.9,-0.415302,-0.210625,1.47961,0.415897
117,-0.399509,-0.105839,1.42824,0.415897
117.1,-0.393992,-0.00531869,1.37393,0.415897
117.2,-0.398267,0.0898835,1.32144,0.415897
117.3,-0.411772,0.1792,1.27466,0.313317
117.4,-0.433905,0.262465,1.23657,0.423225
117.5,-0.464068,0.339825,1.20924,0.517461
117.6,-0.501686,0.411652,1.19392,0.599172
117.7,-0.546231,0.478462,1.1912,0.671105
117.8,-0.597231,0.54085,1.20106,0.735441
117.9,-0.654274,0.59943,1.22303,0.793852
118,-0.717009,0.654788,1.25628,0.847591
118.1,-0.785142,0.707445,1.29972,0.897616
118.2,-0.858423,0.757827,1.352,0.944605
118.3,-0.936642,0.806242,1.41165,0.989064
118.4,-1.01961,0.852861,1.477,1.03135
118.5,-1.10715,0.897698,1.54625,1.07168
118.6,-1.19909,0.940599,1.61745,1.11019
118.7,-1.2952,0.981225,1.68846,1.14692
118.8,-1.39524,1.01904,1.75694,1.18184
118.9,-1.49889,1.05328,1.82036,1.21486
119,-1.60574,1.08296,1.8759,1.2458
119.1,-1.71529,1.10686,1.92054,1.27444
119.2,-1.82687,1.12347,1.951,1.30047
119.3,-1.93968,1.13105,1.96384,1.32351
119.4,-2.05271,1.12759,1.95556,1.34309
119.5,-2.16476,1.11084,1.9228,1.35861
119.6,-2.27436,1.07837,1.86258,1.36934
119.7,-2.37982,1.02763,1.77274,1.37437
119.8,-2.47919,0.956135,1.65242,1.37252
119.9,-2.57028,0.861571,1.50266,1.36227
120,-2.65067,0.742102,1.32705,1.3416
120.1,-2.71783,0.59665,1.13242,1.3076
120.2,-2.76914,0.425259,0.92922,1.25592
120.3,-2.80207,0.229463,0.731624,1.17929
120.4,-2.81433,0.0126245,0.557032,1.06367
120.5,-2.80407,-0.219834,0.424755,0.874833
120.6,-2.77009,-0.460397,0.353874,0.493169
120.7,-2.71203,-0.699687,0.360383,0.493169
120.8,-2.63055,-0.927029,0.454054,0.493169
120.9,-2.52739,-1.13132,0.635699,0.493169
121,-2.4054,-1.30212,0.895633,0.493169
121.1,-2.26838,-1.43081,1.21398,0.493169
121.2,-2.12084,-1.51162,1.56304,0.493169
121.3,-1.96773,-1.54221,1.91133,0.493169
121.4,-1.81403,-1.52393,2.22839,0.493169
121.5,-1.66442,-1.46136,2.4892,0.493169
121.6,-1.523,-1.36168,2.67721,0.493169
121.7,-1.39304,-1.23357,2.78552,0.493169
121.8,-1.27692,-1.08624,2.81617,0.493169
121.9,-1.17613,-0.928528,2.77817,0.493169
122,-1.0913,-0.768215,2.68487,0.493169
122.1,-1.02236,-0.611685,2.55136,0.493169
122.2,-0.968677,-0.463772,2.39237,0.493169
122.3,-0.929207,-0.327836,2.22083,0.493169
122.4,-0.90264,-0.205947,2.04712,0.493169
122.5,-0.887514,-0.0991398,1.87878,0.493169
122.6,-0.8823,-0.00767716,1.72076,0.355747
122.7,-0.885475,0.0687083,1.57573,0.432279
122.8,-0.895559,0.130609,1.44459,0.492762
122.9,-0.911139,0.178781,1.32692,0.539246
123,-0.930884,0.214032,1.22143,0.573538
123.1,-0.953541,0.237141,1.12636,0.596958
123.2,-0.977932,0.248818,1.0397,0.6103
123.3,-1.00294,0.24969,0.959529,0.613843
123.4,-1.02753,0.240308,0.884116,0.607367
123.5,-1.05068,0.221169,0.812105,0.590115
123.6,-1.07145,0.192755,0.7426,0.560688
123.7,-1.08894,0.155578,0.675239,0.516858
123.8,-1.1023,0.11023,0.610229,0.455225
123.9,-1.11074,0.0574328,0.548351,0.370724
124,-1.11356,-0.00191232,0.490912,0.25614
124.1,-1.11017,-0.0666841,0.439668,0.25614
124.2,-1.10009,-0.135515,0.396681,0.25614
124.3,-1.08299,-0.206784,0.364137,0.25614
124.4,-1.05872,-0.278629,0.344116,0.25614
124.5,-1.02731,-0.34899,0.338341,0.25614
124.6,-0.989039,-0.415681,0.34792,0.25614
124.7,-0.944373,-0.476479,0.373128,0.25614
124.8,-0.894012,-0.529242,0.413253,0.25614
124.9,-0.838858,-0.572031,0.466539,0.25614
125,-0.779992,-0.603233,0.530254,0.25614
125.1,-0.718637,-0.621665,0.600875,0.25614
125.2,-0.656108,-0.62665,0.674384,0.25614
125.3,-0.593761,-0.618058,0.746626,0.25614
125.4,-0.532936,-0.596301,0.813692,0.25614
125.5,-0.47491,-0.562284,0.872265,0.25614
125.6,-0.420844,-0.517328,0.919885,0.25614
125.7,-0.371755,-0.463056,0.955114,0.25614
125.8,-0.328483,-0.401277,0.977569,0.25614
125.9,-0.291687,-0.333862,0.987858,0.25614
126,-0.261838,-0.262633,0.987416,0.25614
126.1,-0.239231,-0.189277,0.978301,0.25614
126.2,-0.224004,-0.115273,0.962961,0.25614
126.3,-0.216157,-0.041852,0.944012,0.25614
126.4,-0.215581,0.0300218,0.924045,0.25614
126.5,-0.222086,0.0996515,0.905476,0.25614
126.6,-0.235422,0.16659,0.890442,0.117641
126.7,-0.255307,0.230615,0.880739,0.236261
126.8,-0.281446,0.291694,0.877795,0.339273
126.9,-0.313551,0.349948,0.882677,0.429341
127,-0.35135,0.405615,0.896109,0.509069
127.1,-0.394599,0.459017,0.918515,0.580647
127.2,-0.44309,0.510528,0.950051,0.645815
127.3,-0.496654,0.560543,0.990651,0.705926
127.4,-0.555162,0.609456,1.04006,0.762022
127.5,-0.618521,0.657641,1.09787,0.814902
127.6,-0.686677,0.705429,1.16354,0.865174
127.7,-0.759603,0.753096,1.23642,0.913298
127.8,-0.837299,0.800847,1.31572,0.959615
127.9,-0.91978,0.848807,1.40059,1.00437
128,-1.00707,0.897001,1.49001,1.04773
128.1,-1.09919,0.945347,1.58284,1.08979
128.2,-1.19614,0.993641,1.67778,1.13061
128.3,-1.2979,1.04154,1.77332,1.17017
128.4,-1.40441,1.08853,1.86771,1.20844
128.5,-1.51555,1.13394,1.95892,1.24531
128.6,-1.63112,1.17687,2.04458,1.28066
128.7,-1.75081,1.21622,2.12197,1.31431
128.8,-1.8742,1.2506,2.18795,1.34602
128.9,-2.00071,1.27837,2.239,1.37551
129,-2.12958,1.29755,2.27121,1.40243
129.1,-2.25986,1.30588,2.28041,1.42635
129.2,-2.39031,1.30074,2.26229,1.44675
129.3,-2.51946,1.27927,2.21274,1.46299
129.4,-2.64552,1.23834,2.12819,1.47427
129.5,-2.76637,1.17473,2.00625,1.47961
129.6,-2.8796,1.0853,1.8464,1.47776
129.7,-2.98248,0.96724,1.6509,1.46707
129.8,-3.07202,0.81843,1.42567,1.44536
129.9,-3.1451,0.637869,1.18116,1.40948
130,-3.19856,0.426162,0.932808,1.35465
130.1,-3.22938,0.186017,0.700876,1.27263
130.2,-3.23498,-0.0773547,0.509284,1.14668
130.3,-3.2134,-0.356027,0.383279,0.930584
130.4,-3.16361,-0.639476,0.345915,0.930584
130.5,-3.08576,-0.91511,0.413785,0.930584
130.6,-2.98131,-1.16926,0.592876,0.930584
130.7,-2.85308,-1.38853,0.875674,0.930584
130.8,-2.70516,-1.56133,1.24063,0.930584
130.9,-2.54264,-1.67931,1.65453,0.930584
131,-2.37126,-1.73835,2.07755,0.930584
131.1,-2.19692,-1.73899,2.46969,0.930584
131.2,-2.02525,-1.68606,2.79714,0.930584
131.3,-1.86122,-1.58781,3.03675,0.930584
131.4,-1.70886,-1.45464,3.17803,0.930584
131.5,-1.57109,-1.29771,3.22242,0.930584
131.6,-1.44975,-1.12779,3.18071,0.930584
131.7,-1.34564,-0.954409,3.06946,0.930584
131.8,-1.25872,-0.785294,2.90754,0.930584
131.9,-1.18825,-0.626268,2.71334,0.930584
132,-1.133,-0.481322,2.50286,0.930584
132.1,-1.09143,-0.352865,2.28884,0.930584
132.2,-1.06183,-0.242049,2.08045,0.930584
132.3,-1.04243,-0.149092,1.88367,0.930584
132.4,-1.03143,-0.0735816,1.70178,0.930584
132.5,-1.02715,-0.0147086,1.53599,0.386229
132.6,-1.02797,0.0285477,1.38611,0.421181
132.7,-1.03238,0.0572945,1.25104,0.441376
132.8,-1.03898,0.0726486,1.12922,0.44748
132.9,-1.0465,0.0756989,1.01902,0.439662
133,-1.05375,0.0674981,0.918925,0.417342
133.1,-1.05966,0.049076,0.82776,0.379112
133.2,-1.06326,0.0214673,0.744764,0.322593
133.3,-1.06368,-0.0142548,0.669642,0.244326
133.4,-1.06017,-0.0569421,0.602556,0.244326
133.5,-1.0521,-0.10534,0.544071,0.244326
133.6,-1.03896,-0.158064,0.495057,0.244326
133.7,-1.0204,-0.21359,0.45655,0.244326
133.8,-0.996206,-0.27026,0.429585,0.244326
133.9,-0.966365,-0.326311,0.41502,0.244326
134,-0.931025,-0.379916,0.413348,0.244326
134.1,-0.890524,-0.429245,0.424546,0.244326
134.2,-0.845377,-0.472548,0.447953,0.244326
134.3,-0.796269,-0.508235,0.482227,0.244326
134.4,-0.74403,-0.534956,0.52537,0.244326
134.5,-0.689611,-0.551683,0.57483,0.244326
134.6,-0.634048,-0.557761,0.627686,0.244326
134.7,-0.578423,-0.552942,0.68087,0.244326
134.8,-0.523818,-0.537393,0.731422,0.244326
134.9,-0.471284,-0.511666,0.776726,0.244326
135,-0.421795,-0.476651,0.814708,0.244326
135.1,-0.376225,-0.433506,0.843973,0.244326
135.2,-0.33532,-0.383571,0.863865,0.244326
135.3,-0.299689,-0.328284,0.874452,0.244326
135.4,-0.269793,-0.269096,0.876449,0.244326
135.5,-0.245953,-0.2074,0.871092,0.244326
135.6,-0.228354,-0.144469,0.85999,0.244326
135.7,-0.217063,-0.0814142,0.844967,0.244326
135.8,-0.212044,-0.0191645,0.827914,0.244326
135.9,-0.213179,0.0415484,0.810669,0.244326
136,-0.220285,0.100184,0.794914,0.244326
136.1,-0.233134,0.156382,0.782116,0.0648698
136.2,-0.251473,0.209937,0.773475,0.175152
136.3,-0.275031,0.260778,0.76992,0.271713
136.4,-0.303539,0.308941,0.7721,0.356539
136.5,-0.336734,0.354538,0.780402,0.431704
136.6,-0.374366,0.397736,0.794972,0.499022
136.7,-0.416207,0.438726,0.815738,0.559974
136.8,-0.462045,0.477707,0.842439,0.61573
136.9,-0.511688,0.514862,0.874641,0.6672
137,-0.564961,0.550341,0.911762,0.71508
137.1,-0.621703,0.584246,0.953083,0.759895
137.2,-0.681759,0.616618,0.99776,0.802032
137.3,-0.744975,0.647421,1.04483,0.841764
137.4,-0.811187,0.676532,1.0932,0.879268
137.5,-0.880218,0.703732,1.14166,0.914639
137.6,-0.951859,0.728693,1.18889,0.947901
137.7,-1.02587,0.750969,1.23342,0.979008
137.8,-1.10194,0.769991,1.27365,1.00785
137.9,-1.17973,0.785052,1.30786,1.03427
138,-1.2588,0.795311,1.33422,1.05802
138.1,-1.3386,0.799787,1.35082,1.07879
138.2,-1.41852,0.797361,1.35573,1.09619
138.3,-1.4978,0.786796,1.34706,1.10972
138.4,-1.57557,0.766753,1.32311,1.11878
138.5,-1.65079,0.735833,1.28249,1.12259
138.6,-1.72232,0.692632,1.22438,1.12018
138.7,-1.78886,0.635825,1.14872,1.11027
138.8,-1.849,0.564264,1.05651,1.09118
138.9,-1.9012,0.477116,0.950095,1.06057
139,-1.94389,0.374017,0.833429,1.01504
139.1,-1.97548,0.255241,0.712209,0.949247
139.2,-1.99445,0.121879,0.593887,0.854032
139.3,-1.99943,-0.024011,0.487417,0.711524
139.4,-1.98933,-0.179296,0.402702,0.48217
139.5,-1.9634,-0.33975,0.349705,0.48217
139.6,-1.92138,-0.500144,0.337267,0.48217
139.7,-1.86357,-0.654477,0.371769,0.48217
139.8,-1.7909,-0.796351,0.455853,0.48217
139.9,-1.70493,-0.919453,0.587479,0.48217
140,-1.60783,-1.01811,0.759602,0.48217
140.1,-1.50227,-1.08785,0.960632,0.48217
140.2,-1.39132,-1.12579,1.17569,0.48217
140.3,-1.27821,-1.13098,1.38846,0.48217
140.4,-1.16619,-1.10438,1.58332,0.48217
140.5,-1.0583,-1.04873,1.74722,0.48217
140.6,-0.957271,-0.968163,1.87115,0.48217
140.7,-0.865333,-0.867741,1.95071,0.48217
140.8,-0.784203,-0.752926,1.98608,0.48217
140.9,-0.715047,-0.62911,1.98121,0.48217
141,-0.658515,-0.501236,1.94277,0.48217
141.1,-0.614793,-0.373534,1.87894,0.48217
141.2,-0.583689,-0.249388,1.79828,0.48217
141.3,-0.564713,-0.131311,1.70887,0.48217
141.4,-0.557167,-0.0209935,1.61774,0.48217
141.5,-0.560222,0.0805813,1.53049,0.292402
141.6,-0.572978,0.173007,1.45128,0.404867
141.7,-0.594519,0.25631,1.38283,0.499839
141.8,-0.623946,0.330813,1.32657,0.580225
141.9,-0.660405,0.397022,1.28292,0.648923
142,-0.703094,0.455515,1.25143,0.70833
142.1,-0.75127,0.506875,1.23099,0.760293
142.2,-0.804248,0.551616,1.22003,0.806181
142.3,-0.861386,0.590145,1.21663,0.846981
142.4,-0.922079,0.622727,1.21865,0.883381
142.5,-0.985737,0.649464,1.22379,0.915827
142.6,-1.05177,0.670282,1.22966,0.94457
142.7,-1.11959,0.684927,1.23389,0.969695
142.8,-1.18854,0.692969,1.23407,0.991139
142.9,-1.25794,0.693807,1.22791,1.0087
143,-1.32704,0.68669,1.21328,1.02203
143.1,-1.39499,0.670746,1.18824,1.03064
143.2,-1.46086,0.645012,1.15125,1.03386
143.3,-1.52363,0.608493,1.10125,1.0308
143.4,-1.58217,0.560228,1.03783,1.02027
143.5,-1.63525,0.499375,0.961477,1.00067
143.6,-1.6816,0.425316,0.873712,0.969788
143.7,-1.71987,0.337777,0.777311,0.924395
143.8,-1.74871,0.236967,0.676403,0.859501
143.9,-1.76685,0.123704,0.576489,0.766746
144,-1.77309,-0.000452017,0.484285,0.63067
144.1,-1.76647,-0.133118,0.407369,0.420516
144.2,-1.74629,-0.271048,0.353579,0.420516
144.3,-1.71222,-0.410181,0.330204,0.420516
144.4,-1.66437,-0.545782,0.343026,0.420516
144.5,-1.60335,-0.672691,0.395341,0.420516
144.6,-1.5303,-0.785662,0.487152,0.420516
144.7,-1.44685,-0.879777,0.614721,0.420516
144.8,-1.35511,-0.950863,0.770637,0.420516
144.9,-1.25755,-0.995878,0.944462,0.420516
145,-1.15686,-1.01319,1.12389,0.420516
145.1,-1.05584,-1.0027,1.29622,0.420516
145.2,-0.957202,-0.965817,1.44989,0.420516
145.3,-0.863466,-0.905254,1.5758,0.420516
145.4,-0.776818,-0.824711,1.66811,0.420516
145.5,-0.699046,-0.728492,1.72457,0.420516
145.6,-0.631492,-0.621109,1.74629,0.420516
145.7,-0.57505,-0.506933,1.73714,0.420516
145.8,-0.530199,-0.389917,1.70283,0.420516
145.9,-0.497049,-0.273411,1.65012,0.420516
146,-0.475411,-0.16007,1.58592,0.420516
146.1,-0.464864,-0.051844,1.51674,0.420516
146.2,-0.464828,0.0499785,1.44823,0.420516
146.3,-0.474622,0.144684,1.38493,0.314535
146.4,-0.493519,0.232026,1.33027,0.424947
146.5,-0.520785,0.31212,1.28652,0.518968
146.6,-0.555713,0.385327,1.255,0.599722
146.7,-0.597638,0.452167,1.23615,0.670034
146.8,-0.645954,0.513232,1.22974,0.732167
146.9,-0.700112,0.569119,1.23499,0.787853
147,-0.759623,0.620377,1.25069,0.838387
147.1,-0.824049,0.667468,1.27535,0.884723
147.2,-0.892989,0.710727,1.30719,0.927549
147.3,-0.966073,0.750346,1.34429,0.967346
147.4,-1.04294,0.78635,1.38455,1.00443
147.5,-1.12322,0.818585,1.42574,1.03897
147.6,-1.20652,0.846706,1.46551,1.07103
147.7,-1.2924,0.870168,1.50141,1.10057
147.8,-1.38037,0.888223,1.53087,1.12746
147.9,-1.46984,0.899916,1.55125,1.15147
148,-1.5601,0.904087,1.55987,1.17229
148.1,-1.65036,0.89939,1.5541,1.18948
148.2,-1.73964,0.884306,1.53147,1.20253
148.3,-1.82682,0.857191,1.48982,1.21072
148.4,-1.91062,0.816333,1.4276,1.2132
148.5,-1.98957,0.760038,1.34408,1.20884
148.6,-2.06206,0.686756,1.23977,1.19616
148.7,-2.12631,0.595231,1.11677,1.17318
148.8,-2.18047,0.484695,0.97915,1.13707
148.9,-2.22262,0.355088,0.83323,1.08354
149,-2.25088,0.207291,0.687689,1.00553
149.1,-2.26353,0.0433422,0.553354,0.889862
149.2,-2.25912,-0.13339,0.4426,0.707166
149.3,-2.23659,-0.318142,0.368274,0.381708
149.4,-2.19543,-0.50482,0.342177,0.381708
149.5,-2.1358,-0.686264,0.373256,0.381708
149.6,-2.05861,-0.854686,0.465808,0.381708
149.7,-1.96555,-1.0023,0.618083,0.381708
149.8,-1.85908,-1.12201,0.821707,0.381708
149.9,-1.74227,-1.20819,1.06219,0.381708
150,-1.61868,-1.2572,1.32059,0.381708
150.1,-1.49211,-1.26781,1.576,0.381708
150.2,-1.36636,-1.24122,1.80846,0.381708
150.3,-1.245,-1.18086,2.0015,0.381708
150.4,-1.13115,-1.09186,2.14405,0.381708
150.5,-1.02737,-0.980471,2.23112,0.381708
150.6,-0.935577,-0.853339,2.26357,0.381708
150.7,-0.857011,-0.716951,2.24699,0.381708
150.8,-0.792299,-0.57715,2.19013,0.381708
150.9,-0.741529,-0.438847,2.10336,0.381708
151,-0.70435,-0.305885,1.99715,0.381708
151.1,-0.680081,-0.181042,1.88113,0.381708
151.2,-0.66781,-0.0661316,1.76334,0.381708
151.3,-0.666489,0.0378488,1.64999,0.304635
151.4,-0.675003,0.130535,1.5454,0.410672
151.5,-0.692223,0.212019,1.45219,0.499243
151.6,-0.717046,0.282693,1.37149,0.572983
151.7,-0.748419,0.343107,1.30328,0.634608
151.8,-0.785346,0.393865,1.24661,0.686372
151.9,-0.826889,0.43554,1.19994,0.729987
152,-0.872167,0.468618,1.16127,0.766688
152.1,-0.920339,0.493457,1.12837,0.797317
152.2,-0.970591,0.510269,1.09889,0.822394
152.3,-1.02213,0.519111,1.07052,0.84217
152.4,-1.07415,0.519894,1.04103,0.856658
152.5,-1.12583,0.512395,1.00842,0.865651
152.6,-1.17634,0.49629,0.970984,0.868715
152.7,-1.22479,0.471187,0.927398,0.865165
152.8,-1.27026,0.436678,0.876839,0.854007
152.9,-1.3118,0.392393,0.819084,0.833846
153,-1.34841,0.338075,0.754617,0.802705
153.1,-1.37908,0.273652,0.684725,0.757718
153.2,-1.4028,0.199326,0.611555,0.694555
153.3,-1.41863,0.115656,0.538135,0.606322
153.4,-1.42566,0.0236391,0.468298,0.481478
153.5,-1.42313,-0.0752288,0.406517,0.300962
153.6,-1.41045,-0.178915,0.357619,0.300962
153.7,-1.38727,-0.284855,0.326377,0.300962
153.8,-1.35351,-0.39001,0.317009,0.300962
153.9,-1.30941,-0.490975,0.332625,0.300962
154,-1.25557,-0.584156,0.374712,0.300962
154.1,-1.19295,-0.665987,0.442728,0.300962
154.2,-1.12286,-0.733177,0.533917,0.300962
154.3,-1.0469,-0.782968,0.643406,0.300962
154.4,-0.966915,-0.81335,0.764594,0.300962
154.5,-0.884913,-0.82323,0.889813,0.300962
154.6,-0.802957,-0.812502,1.01114,0.300962
154.7,-0.723072,-0.782037,1.12127,0.300962
154.8,-0.647151,-0.733569,1.21424,0.300962
154.9,-0.576878,-0.669517,1.28598,0.300962
155,-0.513671,-0.59276,1.33454,0.300962
155.1,-0.458647,-0.506387,1.36007,0.300962
155.2,-0.412611,-0.413478,1.36456,0.300962
155.3,-0.376073,-0.316906,1.35134,0.300962
155.4,-0.349268,-0.219197,1.32468,0.300962
155.5,-0.332201,-0.122441,1.2892,0.300962
155.6,-0.324693,-0.0282547,1.24952,0.300962
155.7,-0.326426,0.0622177,1.20988,0.300962
155.8,-0.336989,0.148267,1.17398,0.212109
155.9,-0.35592,0.229562,1.14483,0.333714
156,-0.382742,0.306089,1.12476,0.438229
156.1,-0.416987,0.378075,1.11539,0.528737
156.2,-0.458219,0.445928,1.11775,0.60823
156.3,-0.506052,0.51017,1.13235,0.67918
156.4,-0.560152,0.57139,1.15927,0.743522
156.5,-0.620249,0.630195,1.19823,0.802736
156.6,-0.686131,0.687177,1.2487,0.857943
156.7,-0.757642,0.74288,1.30993,0.909991
156.8,-0.83468,0.797779,1.381,0.959514
156.9,-0.917184,0.852257,1.46089,1.00698
157,-1.00513,0.906594,1.54842,1.05273
157.1,-1.0985,0.960947,1.64232,1.097
157.2,-1.19732,1.01534,1.74116,1.13993
157.3,-1.30157,1.06965,1.84337,1.18162
157.4,-1.41123,1.12357,1.94716,1.22208
157.5,-1.52625,1.17664,2.05051,1.26129
157.6,-1.64651,1.22816,2.15109,1.29916
157.7,-1.7718,1.2772,2.24621,1.33558
157.8,-1.90183,1.3226,2.33277,1.37037
157.9,-2.03615,1.36285,2.4072,1.4033
158,-2.17417,1.39614,2.46547,1.43409
158.1,-2.31508,1.42032,2.50309,1.46241
158.2,-2.45784,1.43283,2.51522,1.48782
158.3,-2.60116,1.43076,2.49681,1.50981
158.4,-2.7434,1.41082,2.44297,1.52774
158.5,-2.88261,1.36945,2.34938,1.54084
158.6,-3.01645,1.30292,2.21302,1.54812
158.7,-3.14223,1.20757,2.03302,1.54838
158.8,-3.25689,1.08007,1.81174,1.54002
158.9,-3.35709,0.917865,1.5559,1.52094
159,-3.43926,0.719677,1.27759,1.48815
159.1,-3.49984,0.486098,0.994918,1.43721
159.2,-3.5354,0.220174,0.731791,1.3606
159.3,-3.54299,-0.0720993,0.516478,1.24343
159.4,-3.52041,-0.381535,0.378673,1.04594
159.5,-3.46652,-0.695918,0.3451,0.562496
159.6,-3.38154,-1.00068,0.434246,0.562496
159.7,-3.26723,-1.28011,0.651358,0.562496
159.8,-3.12687,-1.51907,0.985209,0.562496
159.9,-2.96519,-1.70476,1.40796,0.562496
160,-2.788,-1.82839,1.87872,0.562496
160.1,-2.60171,-1.88629,2.35014,0.562496
160.2,-2.41288,-1.88013,2.77651,0.562496
160.3,-2.22761,-1.81643,3.121,0.562496
160.4,-2.05118,-1.70527,3.36049,0.562496
160.5,-1.88773,-1.55878,3.48691,0.562496
160.6,-1.74018,-1.38956,3.50558,0.562496
160.7,-1.61018,-1.20938,3.43158,0.562496
160.8,-1.49833,-1.0283,3.28534,0.562496
160.9,-1.40429,-0.854252,3.0887,0.562496
161,-1.32705,-0.692976,2.862,0.562496
161.1,-1.26514,-0.548204,2.62225,0.562496
161.2,-1.21679,-0.422003,2.38247,0.562496
161.3,-1.18009,-0.315152,2.15171,0.562496
161.4,-1.15312,-0.227513,1.93558,0.562496
161.5,-1.13398,-0.158335,1.73696,0.562496
161.6,-1.12087,-0.106503,1.55673,0.562496
161.7,-1.11214,-0.0707093,1.39449,0.327567
161.8,-1.10624,-0.049566,1.2491,0.329968
161.9,-1.10179,-0.0416728,1.11911,0.315741
162,-1.09751,-0.0456423,1.00309,0.284176
162.1,-1.09231,-0.060102,0.899824,0.284176
162.2,-1.08519,-0.0836793,0.808447,0.284176
162.3,-1.07531,-0.114979,0.72846,0.284176
162.4,-1.06198,-0.15256,0.659723,0.284176
162.5,-1.04464,-0.194917,0.60239,0.284176
162.6,-1.02289,-0.240473,0.55679,0.284176
162.7,-0.996497,-0.287579,0.523296,0.284176
162.8,-0.965382,-0.334543,0.502174,0.284176
162.9,-0.92965,-0.379654,0.493437,0.284176
163,-0.889569,-0.421239,0.496714,0.284176
163.1,-0.845572,-0.457721,0.511165,0.284176
163.2,-0.798243,-0.487681,0.535438,0.284176
163.3,-0.748294,-0.509928,0.567695,0.284176
163.4,-0.696545,-0.523549,0.60569,0.284176
163.5,-0.643891,-0.527961,0.646914,0.284176
163.6,-0.591268,-0.522925,0.688764,0.284176
163.7,-0.539618,-0.508557,0.728738,0.284176
163.8,-0.489853,-0.485301,0.764619,0.284176
163.9,-0.442829,-0.453891,0.794631,0.284176
164,-0.399315,-0.415295,0.81754,0.284176
164.1,-0.359972,-0.370644,0.83271,0.284176
164.2,-0.325347,-0.321165,0.840094,0.284176
164.3,-0.295858,-0.26811,0.840175,0.284176
164.4,-0.271803,-0.212696,0.833878,0.284176
164.5,-0.25336,-0.156054,0.822444,0.284176
164.6,-0.2406,-0.0991918,0.807315,0.284176
164.7,-0.2335,-0.042972,0.790008,0.284176
164.8,-0.23196,0.0119015,0.772013,0.284176
164.9,-0.235817,0.064882,0.754712,0.284176
165,-0.24486,0.115571,0.739314,0.284176
165.1,-0.258846,0.163705,0.726815,0.0796651
165.2,-0.277511,0.209132,0.717982,0.175592
165.3,-0.30058,0.251792,0.713345,0.260092
165.4,-0.327777,0.291697,0.713201,0.334716
165.5,-0.35883,0.328902,0.717637,0.401025
165.6,-0.39347,0.363488,0.726537,0.460385
165.7,-0.431443,0.395543,0.739612,0.51392
165.8,-0.472497,0.425143,0.756416,0.562519
165.9,-0.516391,0.452337,0.776363,0.606871
166,-0.562885,0.477132,0.798745,0.647493
166.1,-0.611736,0.499485,0.822747,0.684758
166.2,-0.662697,0.519288,0.847457,0.71892
166.3,-0.715503,0.536366,0.871876,0.750128
166.4,-0.769871,0.550465,0.894935,0.778437
166.5,-0.825486,0.561254,0.9155,0.803818
166.6,-0.881997,0.568316,0.932394,0.826157
166.7,-0.939008,0.571154,0.944414,0.845261
166.8,-0.996068,0.569193,0.950368,0.860845
166.9,-1.05267,0.561788,0.949107,0.87253
167,-1.10822,0.54824,0.939588,0.879818
167.1,-1.16208,0.527814,0.92094,0.882072
167.2,-1.21353,0.499767,0.892547,0.878475
167.3,-1.26176,0.463391,0.85416,0.867965
167.4,-1.30591,0.418056,0.806003,0.849138
167.5,-1.34506,0.363277,0.748894,0.820083
167.6,-1.37824,0.298774,0.684361,0.778109
167.7,-1.40449,0.224561,0.614723,0.719227
167.8,-1.42284,0.141019,0.543132,0.637191
167.9,-1.43241,0.0489779,0.473534,0.521622
168,-1.4324,-0.050217,0.410535,0.354934
168.1,-1.42219,-0.154668,0.359138,0.354934
168.2,-1.40137,-0.261918,0.324367,0.354934
168.3,-1.36981,-0.369003,0.310771,0.354934
168.4,-1.32769,-0.472548,0.321872,0.354934
168.5,-1.27554,-0.568941,0.359622,0.354934
168.6,-1.21426,-0.654538,0.423957,0.354934
168.7,-1.1451,-0.725927,0.51256,0.354934
168.8,-1.06965,-0.780177,0.620893,0.354934
168.9,-0.989715,-0.815083,0.742542,0.354934
169,-0.907319,-0.82934,0.869843,0.354934
169.1,-0.824546,-0.822647,0.994699,0.354934
169.2,-0.743465,-0.795704,1.10947,0.354934
169.3,-0.666028,-0.750119,1.20776,0.354934
169.4,-0.593985,-0.68824,1.28503,0.354934
169.5,-0.528828,-0.612923,1.33888,0.354934
169.6,-0.471744,-0.527289,1.3691,0.354934
169.7,-0.423609,-0.434484,1.37738,0.354934
169.8,-0.384987,-0.337477,1.36694,0.354934
169.9,-0.356165,-0.238905,1.34198,0.354934
170,-0.337184,-0.14097,1.30719,0.354934
170.1,-0.327892,-0.045397,1.26729,0.354934
170.2,-0.327985,0.0465747,1.22671,0.354934
170.3,-0.33706,0.134156,1.18931,0.193298
170.4,-0.354656,0.216954,1.15828,0.318241
170.5,-0.380289,0.294908,1.1361,0.425561
170.6,-0.413482,0.368218,1.12453,0.51829
170.7,-0.45379,0.437274,1.12474,0.599506
170.8,-0.500813,0.502596,1.1373,0.671794
170.9,-0.554205,0.564776,1.16237,0.737184
171,-0.613684,0.624435,1.19972,0.797232
171.1,-0.679028,0.682181,1.24886,0.853117
171.2,-0.750075,0.738581,1.30907,0.90573
171.3,-0.826716,0.794133,1.37946,0.95574
171.4,-0.908888,0.849251,1.45901,1.00364
171.5,-0.996562,0.904242,1.54658,1.04979
171.6,-1.08974,0.959297,1.64091,1.09445
171.7,-1.18843,1.01447,1.74061,1.13778
171.8,-1.29263,1.06968,1.84414,1.17987
171.9,-1.40235,1.12466,1.94976,1.22076
172,-1.51754,1.17898,2.0555,1.26043
172.1,-1.63811,1.232,2.15909,1.29881
172.2,-1.76387,1.28285,2.2579,1.33578
172.3,-1.89457,1.33038,2.34889,1.37119
172.4,-2.02979,1.37318,2.42857,1.40483
172.5,-2.16899,1.4095,2.49296,1.43643
172.6,-2.3114,1.43721,2.53757,1.46566
172.7,-2.45606,1.45383,2.55754,1.49212
172.8,-2.6017,1.45648,2.54772,1.51532
172.9,-2.74678,1.44189,2.503,1.53466
173,-2.88939,1.40649,2.4187,1.5494
173.1,-3.02726,1.34647,2.29128,1.55863
173.2,-3.15774,1.25804,2.11912,1.5612
173.3,-3.2778,1.13765,1.90363,1.55565
173.4,-3.3841,0.982402,1.6504,1.54003
173.5,-3.47306,0.790581,1.37029,1.51166
173.6,-3.541,0.562212,1.0803,1.46661
173.7,-3.58436,0.299696,0.80354,1.3985
173.8,-3.59997,0.00835026,0.568165,1.29537
173.9,-3.58535,-0.303258,0.404711,1.12843
174,-3.53903,-0.623357,0.341896,0.780107
174.1,-3.46088,-0.937534,0.401298,0.780107
174.2,-3.35226,-1.22986,0.59197,0.780107
174.3,-3.21616,-1.48452,0.906521,0.780107
174.4,-3.05707,-1.6877,1.32012,0.780107
174.5,-2.88068,-1.82934,1.79332,0.780107
174.6,-2.69343,-1.90442,2.27827,0.780107
174.7,-2.502,-1.91345,2.72694,0.780107
174.8,-2.31276,-1.86208,3.099,0.780107
174.9,-2.13128,-1.75993,3.36744,0.780107
175,-1.96206,-1.61911,3.52076,0.780107
175.1,-1.80832,-1.45247,3.56181,0.780107
175.2,-1.67202,-1.27228,3.50434,0.780107
175.3,-1.55396,-1.08923,3.36852,0.780107
175.4,-1.45398,-0.911838,3.17673,0.780107
175.5,-1.37119,-0.7464,2.95028,0.780107
175.6,-1.30416,-0.59709,2.70734,0.780107
175.7,-1.25115,-0.466306,2.46204,0.780107
175.8,-1.21025,-0.355056,2.22442,0.780107
175.9,-1.17949,-0.263338,2.00085,0.780107
176,-1.15695,-0.190472,1.79477,0.780107
176.1,-1.1408,-0.13536,1.60746,0.780107
176.2,-1.12933,-0.0966743,1.43877,0.780107
176.3,-1.12097,-0.0729883,1.28768,0.309522
176.4,-1.11428,-0.062848,1.15279,0.295907
176.5,-1.10799,-0.0648074,1.03268,0.264652
176.6,-1.10096,-0.0774352,0.926098,0.264652
176.7,-1.0922,-0.0993034,0.832104,0.264652
176.8,-1.08084,-0.128968,0.750118,0.264652
176.9,-1.06619,-0.164946,0.679906,0.264652
177,-1.0477,-0.205703,0.621511,0.264652
177.1,-1.02495,-0.24964,0.575151,0.264652
177.2,-0.997716,-0.295103,0.541081,0.264652
177.3,-0.965932,-0.3404,0.519452,0.264652
177.4,-0.929698,-0.383839,0.510167,0.264652
177.5,-0.889282,-0.42377,0.512766,0.264652
177.6,-0.845113,-0.45865,0.526333,0.264652
177.7,-0.797766,-0.4871,0.549474,0.264652
177.8,-0.747945,-0.507969,0.580335,0.264652
177.9,-0.696455,-0.520383,0.616689,0.264652
178,-0.644169,-0.523794,0.65607,0.264652
178.1,-0.592003,-0.517991,0.695943,0.264652
178.2,-0.540874,-0.503105,0.733889,0.264652
178.3,-0.49167,-0.479588,0.767778,0.264652
178.4,-0.44522,-0.448168,0.795912,0.264652
178.5,-0.402269,-0.409798,0.817126,0.264652
178.6,-0.363456,-0.365586,0.830832,0.264652
178.7,-0.329306,-0.31673,0.837006,0.264652
178.8,-0.300224,-0.26445,0.836135,0.264652
178.9,-0.276491,-0.209931,0.82912,0.264652
179,-0.258275,-0.154273,0.817169,0.264652
179.1,-0.245641,-0.0984568,0.801672,0.264652
179.2,-0.238561,-0.0433217,0.784089,0.264652
179.3,-0.236931,0.0104452,0.76585,0.264652
179.4,-0.240587,0.0623084,0.748279,0.264652
179.5,-0.249316,0.111875,0.732527,0.264652
179.6,-0.262876,0.158882,0.719541,0.0703246
179.7,-0.281002,0.203173,0.710045,0.164934
179.8,-0.303418,0.244681,0.70453,0.248359
179.9,-0.329845,0.283403,0.703267,0.322044
180,-0.360007,0.319384,0.706314,0.387473
180.1,-0.393633,0.352689,0.713541,0.445959
180.2,-0.430458,0.383389,0.724645,0.498591
180.3,-0.470226,0.411543,0.739172,0.546231
180.4,-0.512683,0.437183,0.756534,0.589548
180.5,-0.557578,0.460303,0.776024,0.629042
180.6,-0.604657,0.480844,0.796837,0.665073
180.7,-0.653657,0.498689,0.818076,0.69788
180.8,-0.704299,0.513654,0.838767,0.727595
180.9,-0.756284,0.525485,0.857877,0.754259
181,-0.809281,0.53385,0.874321,0.777822
181.1,-0.862925,0.538345,0.886987,0.79815
181.2,-0.916805,0.538492,0.89476,0.815019
181.3,-0.97046,0.533745,0.896554,0.828112
181.4,-1.02337,0.523502,0.891356,0.837005
181.5,-1.07496,0.507123,0.878283,0.841144
181.6,-1.12457,0.483948,0.85665,0.839817
181.7,-1.1715,0.45333,0.826056,0.8321
181.8,-1.21497,0.414674,0.786475,0.816783
181.9,-1.25415,0.367489,0.738362,0.792244
182,-1.28817,0.311439,0.682752,0.756239
182.1,-1.31614,0.246413,0.621343,0.70554
182.2,-1.33716,0.172598,0.556558,0.635273
182.3,-1.35038,0.090545,0.49154,0.537676
182.4,-1.35502,0.00123455,0.430084,0.399978
182.5,-1.35043,-0.0938739,0.37647,0.202986
182.6,-1.33612,-0.192822,0.335191,0.202986
182.7,-1.31182,-0.29317,0.310582,0.202986
182.8,-1.27754,-0.392056,0.306366,0.202986
182.9,-1.23356,-0.486312,0.325177,0.202986
183,-1.18054,-0.572625,0.368114,0.202986
183.1,-1.11941,-0.647745,0.434421,0.202986
183.2,-1.05146,-0.708706,0.521359,0.202986
183.3,-0.978227,-0.753053,0.624328,0.202986
183.4,-0.901464,-0.779036,0.737245,0.202986
183.5,-0.823063,-0.785743,0.853148,0.202986
183.6,-0.744959,-0.773167,0.964922,0.202986
183.7,-0.669044,-0.742179,1.06605,0.202986
183.8,-0.597083,-0.694429,1.15128,0.202986
183.9,-0.530642,-0.632176,1.21704,0.202986
184,-0.471042,-0.558085,1.26168,0.202986
184.1,-0.419325,-0.47501,1.28542,0.202986
184.2,-0.376245,-0.385791,1.29011,0.202986
184.3,-0.342283,-0.293075,1.27883,0.202986
184.4,-0.317668,-0.199195,1.25548,0.202986
184.5,-0.302418,-0.106085,1.22431,0.202986
184.6,-0.296375,-0.0152424,1.18957,0.202986
184.7,-0.299258,0.072268,1.15518,0.202986
184.8,-0.310695,0.155785,1.12461,0.199338
184.9,-0.330271,0.235003,1.10071,0.321704
185,-0.357552,0.309912,1.08568,0.427021
185.1,-0.392117,0.380735,1.08113,0.518402
185.2,-0.433576,0.447871,1.08813,0.598842
185.3,-0.481585,0.511833,1.10725,0.670813
185.4,-0.535856,0.573206,1.13867,0.736247
185.5,-0.596161,0.632601,1.18227,0.796626
185.6,-0.662331,0.690625,1.23766,0.853077
185.7,-0.734259,0.74785,1.30428,0.906455
185.8,-0.811892,0.804791,1.38144,0.957406
185.9,-0.895223,0.861892,1.46829,1.00641
186,-0.984287,0.919507,1.56394,1.05383
186.1,-1.07915,0.977889,1.66736,1.0999
186.2,-1.1799,1.03718,1.77744,1.14482
186.3,-1.28662,1.09738,1.89292,1.18868
186.4,-1.3994,1.15837,2.01238,1.23154
186.5,-1.51831,1.21985,2.1342,1.2734
186.6,-1.64337,1.28136,2.25644,1.31423
186.7,-1.77456,1.3422,2.37687,1.35394
186.8,-1.91176,1.40147,2.4928,1.39242
186.9,-2.05476,1.45796,2.60107,1.42951
187,-2.20321,1.51017,2.69793,1.46501
187.1,-2.35659,1.55622,2.77905,1.49867
187.2,-2.51417,1.59383,2.83944,1.53017
187.3,-2.67498,1.62029,2.87352,1.55914
187.4,-2.83775,1.6324,2.87525,1.58511
187.5,-3.00086,1.62649,2.83843,1.60753
187.6,-3.16231,1.59848,2.75712,1.6257
187.7,-3.31967,1.54394,2.62634,1.63878
187.8,-3.47006,1.45829,2.44308,1.64572
187.9,-3.61015,1.33714,2.20752,1.64519
188,-3.73618,1.17665,1.92449,1.63548
188.1,-3.84407,0.97418,1.605,1.61428
188.2,-3.92958,0.728966,1.26738,1.57834
188.3,-3.9885,0.442884,0.937727,1.52266
188.4,-4.01697,0.121183,0.648908,1.43862
188.5,-4.01185,-0.22702,0.437683,1.30792
188.6,-3.97111,-0.588677,0.339744,1.07353
188.7,-3.89421,-0.947359,0.383125,1.07353
188.8,-3.78236,-1.28455,0.581259,1.07353
188.9,-3.63864,-1.58155,0.927639,1.07353
189,-3.46794,-1.82182,1.39413,1.07353
189.1,-3.27658,-1.99316,1.93415,1.07353
189.2,-3.07183,-2.08932,2.49037,1.07353
189.3,-2.86122,-2.11065,3.00506,1.07353
189.4,-2.65198,-2.06361,3.43,1.07353
189.5,-2.45041,-1.95938,3.73346,1.07353
189.6,-2.26155,-1.81192,3.90265,1.07353
189.7,-2.08897,-1.63604,3.94207,1.07353
189.8,-1.93482,-1.44568,3.86896,1.07353
189.9,-1.79992,-1.2528,3.70768,1.07353
190,-1.68403,-1.06681,3.48466,1.07353
190.1,-1.5861,-0.894501,3.22453,1.07353
190.2,-1.50452,-0.740215,2.94794,1.07353
190.3,-1.43737,-0.606315,2.67066,1.07353
190.4,-1.38255,-0.49362,2.40369,1.07353
190.5,-1.33795,-0.401851,2.15391,1.07353
190.6,-1.30152,-0.330001,1.925,1.07353
190.7,-1.27133,-0.27662,1.71833,1.07353
190.8,-1.24563,-0.240013,1.53378,1.07353
190.9,-1.22283,-0.218382,1.37037,1.07353
191,-1.20152,-0.209894,1.22677,1.07353
191.1,-1.18048,-0.212728,1.10155,1.07353
191.2,-1.15866,-0.225082,0.993458,1.07353
191.3,-1.1352,-0.245178,0.901424,1.07353
191.4,-1.10942,-0.271253,0.824624,1.07353
191.5,-1.08081,-0.301557,0.762404,1.07353
191.6,-1.04903,-0.334361,0.7142,1.07353
191.7,-1.01391,-0.367963,0.679432,1.07353
191.8,-0.975463,-0.400721,0.657396,1.07353
191.9,-0.933847,-0.431077,0.647175,1.07353
192,-0.889375,-0.457605,0.64757,1.07353
192.1,-0.842495,-0.479053,0.657078,1.07353
192.2,-0.793769,-0.494383,0.673908,1.07353
192.3,-0.743849,-0.502809,0.696039,1.07353
192.4,-0.693455,-0.503824,0.721321,1.07353
192.5,-0.643339,-0.497212,0.747593,1.07353
192.6,-0.594264,-0.483043,0.772815,1.07353
192.7,-0.546971,-0.461656,0.795194,1.07353
192.8,-0.502155,-0.433625,0.813286,1.07353
192.9,-0.460443,-0.399711,0.826066,1.07353
193,-0.422379,-0.360818,0.832961,1.07353
193.1,-0.388412,-0.317932,0.833844,1.07353
193.2,-0.358891,-0.272072,0.828988,1.07353
193.3,-0.334063,-0.224241,0.819006,1.07353
193.4,-0.314077,-0.175387,0.804759,1.07353
193.5,-0.298991,-0.126376,0.787269,1.07353
193.6,-0.288782,-0.0779658,0.767632,1.07353
193.7,-0.283356,-0.0308006,0.746935,1.07353
193.8,-0.282563,0.0145941,0.726192,1.07353
193.9,-0.286202,0.057806,0.706297,1.07353
194,-0.294041,0.0985261,0.687986,1.07353
194.1,-0.305817,0.136535,0.671819,0.0376738
194.2,-0.321252,0.171689,0.658176,0.116638
194.3,-0.340057,0.203899,0.647254,0.186625
194.4,-0.361932,0.233118,0.639082,0.248422
194.5,-0.38658,0.259324,0.633533,0.302925
194.6,-0.413696,0.282505,0.63034,0.350971
194.7,-0.442979,0.302646,0.629118,0.393272
194.8,-0.474123,0.31972,0.629383,0.430393
194.9,-0.50682,0.333677,0.63057,0.462756
195,-0.540752,0.344439,0.632054,0.490648
195.1,-0.575597,0.351895,0.63317,0.514232
195.2,-0.611016,0.355899,0.633233,0.53355
195.3,-0.646656,0.356273,0.631561,0.548533
195.4,-0.682143,0.352806,0.627499,0.558991
195.5,-0.717081,0.345263,0.620446,0.56461
195.6,-0.751051,0.333394,0.609885,0.564937
195.7,-0.783607,0.316946,0.595416,0.559346
195.8,-0.81428,0.29568,0.576791,0.546999
195.9,-0.842576,0.269387,0.553955,0.526782
196,-0.867985,0.237917,0.527083,0.497197
196.1,-0.889984,0.2012,0.496611,0.456206
196.2,-0.908051,0.159277,0.46327,0.400995
196.3,-0.921672,0.11233,0.428095,0.327631
196.4,-0.930361,0.0607094,0.392422,0.230699
196.5,-0.933676,0.00495883,0.357865,0.103467
196.6,-0.93124,-0.0541631,0.326248,0.103467
196.7,-0.922763,-0.115675,0.299521,0.103467
196.8,-0.908065,-0.178376,0.279634,0.103467
196.9,-0.887095,-0.240864,0.268384,0.103467
197,-0.859952,-0.301574,0.267249,0.103467
197.1,-0.826895,-0.358836,0.277222,0.103467
197.2,-0.788356,-0.410943,0.298664,0.103467
197.3,-0.744934,-0.456241,0.331205,0.103467
197.4,-0.697386,-0.493218,0.373707,0.103467
197.5,-0.64661,-0.520598,0.424308,0.103467
197.6,-0.593618,-0.537416,0.480544,0.103467
197.7,-0.539499,-0.543083,0.539545,0.103467
197.8,-0.48538,-0.537416,0.59828,0.103467
197.9,-0.432386,-0.520647,0.653824,0.103467
198,-0.3816,-0.493395,0.703609,0.103467
198.1,-0.334025,-0.456612,0.745631,0.103467
198.2,-0.290555,-0.411514,0.778587,0.103467
198.3,-0.251954,-0.359489,0.801941,0.103467
198.4,-0.218839,-0.302013,0.815904,0.103467
198.5,-0.191683,-0.24056,0.821348,0.103467
198.6,-0.170813,-0.176528,0.81968,0.103467
198.7,-0.156421,-0.11118,0.812684,0.103467
198.8,-0.148584,-0.0456046,0.80236,0.103467
198.9,-0.147278,0.019315,0.790775,0.103467
199,-0.152403,0.0829055,0.779941,0.103467
199.1,-0.163799,0.144701,0.771712,-0.0117929
199.2,-0.181274,0.204427,0.767727,0.120436
199.3,-0.204612,0.261984,0.769369,0.235195
199.4,-0.2336,0.317415,0.777751,0.335062
199.5,-0.26803,0.370886,0.793726,0.422939
199.6,-0.30772,0.422653,0.817901,0.501371
199.7,-0.352514,0.473038,0.850666,0.572408
199.8,-0.402294,0.52241,0.892224,0.637655
199.9,-0.456976,0.571156,0.942617,0.698347
200,-0.516517,0.619668,1.00176,0.755442
200.1,-0.580914,0.668327,1.06944,0.809673
200.2,-0.650199,0.717486,1.14539,0.861608
200.3,-0.724439,0.767464,1.22923,0.91168
200.4,-0.803728,0.818526,1.32053,0.960215
200.5,-0.888187,0.870884,1.41877,1.00746
200.6,-0.977953,0.924677,1.52335,1.05358
200.7,-1.07317,0.97997,1.63358,1.09871
200.8,-1.174,1.03673,1.74864,1.14292
200.9,-1.28056,1.09484,1.86754,1.18623
201,-1.393,1.15402,1.98911,1.22866
201.1,-1.51139,1.2139,2.11191,1.27015
201.2,-1.63578,1.27391,2.23421,1.31064
201.3,-1.76615,1.3333,2.35391,1.35004
201.4,-1.90239,1.39109,2.46842,1.38821
201.5,-2.04428,1.44604,2.57469,1.42497
201.6,-2.19145,1.4966,2.66905,1.46012
201.7,-2.34339,1.54087,2.74723,1.49339
201.8,-2.49934,1.57653,2.80431,1.52446
201.9,-2.65832,1.60087,2.8348,1.55295
202,-2.81903,1.61069,2.8328,1.57838
202.1,-2.97985,1.60234,2.79224,1.60017
202.2,-3.13876,1.57175,2.7074,1.61763
202.3,-3.29331,1.51458,2.57361,1.62989
202.4,-3.44064,1.42633,2.38819,1.63587
202.5,-3.5774,1.30273,2.15176,1.63421
202.6,-3.69988,1.14014,1.86962,1.62313
202.7,-3.80405,0.936139,1.55321,1.60024
202.8,-3.88571,0.690201,1.22124,1.56212
202.9,-3.94076,0.40448,0.899906,1.50349
203,-3.96546,0.0844813,0.621856,1.41498
203.1,-3.95682,-0.260482,0.423158,1.27612
203.2,-3.91296,-0.617271,0.338318,1.01837
203.3,-3.83351,-0.969529,0.393782,1.01837
203.4,-3.71982,-1.29898,0.601238,1.01837
203.5,-3.57509,-1.58739,0.952649,1.01837
203.6,-3.40425,-1.81875,1.41894,1.01837
203.7,-3.21363,-1.9815,1.95346,1.01837
203.8,-3.01043,-2.06997,2.49974,1.01837
203.9,-2.80209,-2.08496,3.00163,1.01837
204,-2.59567,-2.03317,3.4128,1.01837
204.1,-2.39731,-1.92585,3.70331,1.01837
204.2,-2.21189,-1.77683,3.86175,1.01837
204.3,-2.04285,-1.60066,3.89337,1.01837
204.4,-1.89221,-1.41099,3.8156,1.01837
204.5,-1.76071,-1.21947,3.65256,1.01837
204.6,-1.64807,-1.03523,3.43015,1.01837
204.7,-1.5532,-0.864819,3.17239,1.01837
204.8,-1.4745,-0.712434,2.89932,1.01837
204.9,-1.41004,-0.580326,2.62619,1.01837
205,-1.35773,-0.469253,2.36359,1.01837
205.1,-1.31549,-0.378915,2.1181,1.01837
205.2,-1.28129,-0.30831,1.8932,1.01837
205.3,-1.25322,-0.256009,1.69012,1.01837
205.4,-1.22953,-0.220355,1.50867,1.01837
205.5,-1.20865,-0.199589,1.34784,1.01837
205.6,-1.18918,-0.191923,1.20628,1.01837
205.7,-1.16989,-0.195579,1.0826,1.01837
205.8,-1.14975,-0.208799,0.975549,1.01837
205.9,-1.12787,-0.22984,0.884135,1.01837
206,-1.10357,-0.25697,0.807589,1.01837
206.1,-1.07633,-0.288462,0.745341,1.01837
206.2,-1.04579,-0.322597,0.696918,1.01837
206.3,-1.01178,-0.357676,0.661843,1.01837
206.4,-0.974282,-0.392043,0.63952,1.01837
206.5,-0.933449,-0.424119,0.629131,1.01837
206.6,-0.889584,-0.452444,0.629571,1.01837
206.7,-0.843129,-0.475721,0.639412,1.01837
206.8,-0.794644,-0.492864,0.656907,1.01837
206.9,-0.744789,-0.503034,0.680057,1.01837
207,-0.694289,-0.505672,0.706697,1.01837
207.1,-0.643914,-0.500514,0.734622,1.01837
207.2,-0.594445,-0.487589,0.761726,1.01837
207.3,-0.546646,-0.467204,0.786131,1.01837
207.4,-0.501235,-0.439913,0.806301,1.01837
207.5,-0.458868,-0.406471,0.82112,1.01837
207.6,-0.420116,-0.367784,0.829935,1.01837
207.7,-0.385453,-0.324851,0.832555,1.01837
207.8,-0.355252,-0.278711,0.829212,1.01837
207.9,-0.329783,-0.230396,0.820496,1.01837
208,-0.309213,-0.180883,0.807268,1.01837
208.1,-0.293617,-0.131067,0.790571,1.01837
208.2,-0.282983,-0.0817356,0.771532,1.01837
208.3,-0.277231,-0.0335599,0.751283,1.01837
208.4,-0.276215,0.0129123,0.73089,1.01837
208.5,-0.279742,0.0572506,0.711298,1.01837
208.6,-0.287583,0.0991328,0.693295,1.01837
208.7,-0.299479,0.138331,0.67749,0.0389483
208.8,-0.315154,0.174697,0.664306,0.120317
208.9,-0.334321,0.208141,0.653978,0.192429
209,-0.356684,0.238619,0.646563,0.256134
209.1,-0.381945,0.266114,0.641957,0.312398
209.2,-0.409807,0.29062,0.639909,0.362121
209.3,-0.439969,0.31213,0.64004,0.406066
209.4,-0.472132,0.330624,0.641866,0.444845
209.5,-0.505992,0.346058,0.644815,0.478919
209.6,-0.541239,0.358358,0.648242,0.508609
209.7,-0.577556,0.367416,0.651459,0.534111
209.8,-0.61461,0.373083,0.653746,0.555503
209.9,-0.652053,0.375175,0.654373,0.572751
210,-0.689518,0.373468,0.65263,0.585707
210.1,-0.726612,0.367708,0.647846,0.594107
210.2,-0.762915,0.357619,0.639425,0.597559
210.3,-0.797982,0.342913,0.626873,0.595518
210.4,-0.831335,0.323305,0.609844,0.587248
210.5,-0.862471,0.298534,0.588173,0.571779
210.6,-0.890862,0.268384,0.561924,0.547811
210.7,-0.915963,0.232714,0.531431,0.513586
210.8,-0.937219,0.191485,0.49733,0.466686
210.9,-0.954078,0.144795,0.460589,0.403717
211,-0.966005,0.0929071,0.422513,0.319869
211.1,-0.972502,0.0362867,0.384731,0.208526
211.2,-0.973127,-0.0243783,0.349146,0.208526
211.3,-0.967522,-0.0881587,0.317854,0.208526
211.4,-0.95543,-0.15388,0.293022,0.208526
211.5,-0.936728,-0.220135,0.276731,0.208526
211.6,-0.911439,-0.285314,0.270794,0.208526
211.7,-0.879759,-0.347659,0.276568,0.208526
211.8,-0.842063,-0.405336,0.29477,0.208526
211.9,-0.798909,-0.456523,0.325345,0.208526
212,-0.751032,-0.499508,0.367388,0.208526
212.1,-0.69933,-0.532799,0.419152,0.208526
212.2,-0.644835,-0.555209,0.478153,0.208526
212.3,-0.588678,-0.565939,0.541363,0.208526
212.4,-0.532049,-0.564627,0.605463,0.208526
212.5,-0.476152,-0.551362,0.667146,0.208526
212.6,-0.422158,-0.526673,0.723407,0.208526
212.7,-0.371168,-0.491476,0.771797,0.208526
212.8,-0.324173,-0.447,0.81061,0.208526
212.9,-0.282029,-0.394699,0.838981,0.208526
213,-0.245441,-0.336145,0.856888,0.208526
213.1,-0.214955,-0.272938,0.865081,0.208526
213.2,-0.190958,-0.206614,0.864946,0.208526
213.3,-0.173689,-0.13858,0.858338,0.208526
213.4,-0.163258,-0.0700573,0.847395,0.208526
213.5,-0.15966,-0.00205034,0.834368,0.208526
213.6,-0.162804,0.0646642,0.821475,0.208526
213.7,-0.172531,0.129538,0.810784,0.208526
213.8,-0.188639,0.192237,0.804135,0.112291
213.9,-0.210901,0.252619,0.803092,0.230737
214,-0.239086,0.310707,0.808925,0.333592
214.1,-0.272971,0.366659,0.822615,0.423815
214.2,-0.312356,0.420739,0.844873,0.504081
214.3,-0.357068,0.473287,0.876167,0.576571
214.4,-0.406975,0.524695,0.916758,0.64299
214.5,-0.461983,0.575386,0.966734,0.704659
214.6,-0.522043,0.625788,1.02604,0.762594
214.7,-0.587145,0.676323,1.0945,0.817579
214.8,-0.657325,0.727387,1.17186,0.870216
214.9,-0.732652,0.779343,1.25777,0.920967
215,-0.813234,0.832507,1.35183,0.970182
215.1,-0.899203,0.887139,1.45357,1.01812
215.2,-0.990717,0.943434,1.56244,1.06499
215.3,-1.08795,1.00151,1.6778,1.1109
215.4,-1.19108,1.0614,1.79891,1.15595
215.5,-1.30029,1.12303,1.92489,1.20019
215.6,-1.41574,1.18624,2.05466,1.24362
215.7,-1.53758,1.25069,2.18693,1.28623
215.8,-1.6659,1.31592,2.32009,1.32795
215.9,-1.80077,1.38127,2.45219,1.36872
216,-1.94213,1.44587,2.5808,1.40841
216.1,-2.08988,1.50858,2.70299,1.44687
216.2,-2.24374,1.56796,2.81521,1.48393
216.3,-2.4033,1.62221,2.91324,1.51935
216.4,-2.56794,1.66914,2.99211,1.55285
216.5,-2.73679,1.70608,3.04614,1.58409
216.6,-2.90872,1.72987,3.069,1.61265
216.7,-3.08221,1.73682,3.05394,1.63804
216.8,-3.25538,1.72273,2.99412,1.65963
216.9,-3.4259,1.68295,2.88331,1.67667
217,-3.59095,1.61253,2.71671,1.68825
217.1,-3.74722,1.50647,2.49226,1.6932
217.2,-3.8909,1.3601,2.21217,1.69007
217.3,-4.01777,1.16969,1.88461,1.67693
217.4,-4.12329,0.933114,1.52534,1.6512
217.5,-4.20286,0.650712,1.15874,1.60913
217.6,-4.25203,0.326146,0.817592,1.54478
217.7,-4.26693,-0.0328821,0.541,1.44723
217.8,-4.2447,-0.414279,0.369905,1.29062
217.9,-4.18387,-0.801819,0.340374,0.966104
218,-4.08477,-1.17618,0.475663,0.966104
218.1,-3.94976,-1.51681,0.779023,0.966104
218.2,-3.78319,-1.80434,1.22971,0.966104
218.3,-3.59119,-2.02318,1.78414,0.966104
218.4,-3.38117,-2.16367,2.38268,0.966104
218.5,-3.16116,-2.22324,2.96051,0.966104
218.6,-2.93907,-2.20638,3.45941,0.966104
218.7,-2.72209,-2.12341,3.83713,0.966104
218.8,-2.51612,-1.98852,4.07211,0.966104
218.9,-2.32559,-1.81755,4.1631,0.966104
219,-2.1533,-1.62595,4.12488,0.966104
219.1,-2.00063,-1.42737,3.98217,0.966104
219.2,-1.86769,-1.23283,3.76362,0.966104
219.3,-1.75365,-1.05042,3.497,0.966104
219.4,-1.65702,-0.885533,3.2063,0.966104
219.5,-1.57586,-0.741248,2.91027,0.966104
219.6,-1.50804,-0.618819,2.62237,0.966104
219.7,-1.45137,-0.518187,2.35132,0.966104
219.8,-1.40371,-0.438398,2.10208,0.966104
219.9,-1.36304,-0.377941,1.87687,0.966104
220,-1.32753,-0.334991,1.67603,0.966104
220.1,-1.29553,-0.30757,1.49883,0.966104
220.2,-1.26557,-0.293654,1.34395,0.966104
220.3,-1.23641,-0.291227,1.20989,0.966104
220.4,-1.20701,-0.298306,1.09518,0.966104
220.5,-1.1765,-0.312955,0.998486,0.966104
220.6,-1.14423,-0.333288,0.918634,0.966104
220.7,-1.10971,-0.357472,0.854574,0.966104
220.8,-1.07266,-0.383738,0.805307,0.966104
220.9,-1.03295,-0.410396,0.769804,0.966104
221,-0.990624,-0.435859,0.74692,0.966104
221.1,-0.945869,-0.458679,0.73533,0.966104
221.2,-0.899019,-0.477572,0.733497,0.966104
221.3,-0.850522,-0.491461,0.739673,0.966104
221.4,-0.800922,-0.499502,0.751931,0.966104
221.5,-0.750836,-0.501108,0.768241,0.966104
221.6,-0.700926,-0.49596,0.78656,0.966104
221.7,-0.651872,-0.484008,0.80494,0.966104
221.8,-0.604345,-0.465454,0.821635,0.966104
221.9,-0.558987,-0.440727,0.83519,0.966104
222,-0.516385,-0.410447,0.844507,0.966104
222.1,-0.477057,-0.375377,0.848885,0.966104
222.2,-0.44144,-0.33638,0.848022,0.966104
222.3,-0.409881,-0.294369,0.841986,0.966104
222.4,-0.382636,-0.250263,0.831168,0.966104
222.5,-0.359869,-0.20495,0.816206,0.966104
222.6,-0.341659,-0.159259,0.797918,0.966104
222.7,-0.328005,-0.113931,0.777214,0.966104
222.8,-0.318839,-0.0696158,0.755029,0.966104
222.9,-0.31403,-0.0268577,0.732262,0.966104
223,-0.3134,0.0138991,0.709723,0.966104
223.1,-0.316731,0.0523055,0.688099,0.966104
223.2,-0.323774,0.0880976,0.667931,0.966104
223.3,-0.334257,0.121084,0.649606,0.0166984
223.4,-0.347893,0.151131,0.633351,0.0855266
223.5,-0.364383,0.178152,0.619244,0.146477
223.6,-0.38342,0.202088,0.607223,0.200026
223.7,-0.404696,0.222902,0.597103,0.246769
223.8,-0.427896,0.240559,0.588593,0.287274
223.9,-0.452702,0.255029,0.581315,0.322029
224,-0.478794,0.266266,0.574827,0.351405
224.1,-0.505845,0.274213,0.56864,0.375652
224.2,-0.533524,0.278797,0.562241,0.394893
224.3,-0.561489,0.279923,0.555112,0.409127
224.4,-0.58939,0.277483,0.546757,0.418226
224.5,-0.616863,0.271354,0.536717,0.421919
224.6,-0.643533,0.261411,0.524604,0.419785
224.7,-0.669014,0.247529,0.510116,0.411221
224.8,-0.692904,0.229599,0.493072,0.395407
224.9,-0.714796,0.207542,0.473427,0.37123
225,-0.734274,0.181323,0.451305,0.337211
225.1,-0.750923,0.15097,0.427012,0.291372
225.2,-0.764334,0.116593,0.401052,0.231088
225.3,-0.774114,0.0784023,0.37413,0.152953
225.4,-0.779898,0.036727,0.347147,0.0528988
225.5,-0.781358,-0.00797029,0.321173,0.0528988
225.6,-0.778223,-0.0550831,0.297411,0.0528988
225.7,-0.770286,-0.103856,0.277132,0.0528988
225.8,-0.757426,-0.153391,0.2616,0.0528988
225.9,-0.739617,-0.202659,0.251983,0.0528988
226,-0.716941,-0.250526,0.249248,0.0528988
226.1,-0.689598,-0.29579,0.254067,0.0528988
226.2,-0.657911,-0.337225,0.266727,0.0528988
226.3,-0.622321,-0.37364,0.287072,0.0528988
226.4,-0.583387,-0.403928,0.314472,0.0528988
226.5,-0.541771,-0.427134,0.347841,0.0528988
226.6,-0.498222,-0.442499,0.385697,0.0528988
226.7,-0.45355,-0.449511,0.426265,0.0528988
226.8,-0.408607,-0.447922,0.467611,0.0528988
226.9,-0.364252,-0.437768,0.507801,0.0528988
227,-0.321329,-0.419358,0.545046,0.0528988
227.1,-0.280637,-0.393247,0.57785,0.0528988
227.2,-0.242911,-0.3602,0.605104,0.0528988
227.3,-0.208798,-0.321136,0.626163,0.0528988
227.4,-0.17885,-0.277079,0.640855,0.0528988
227.5,-0.153513,-0.229092,0.64947,0.0528988
227.6,-0.133127,-0.178232,0.652693,0.0528988
227.7,-0.117929,-0.125498,0.651531,0.0528988
227.8,-0.10806,-0.0717951,0.647214,0.0528988
227.9,-0.103576,-0.017907,0.641101,0.0528988
228,-0.104463,0.0355177,0.63459,0.0528988
228.1,-0.110647,0.087974,0.62904,0.0528988
228.2,-0.122013,0.139098,0.625712,0.0528988
228.3,-0.138414,0.188658,0.625726,0.0130379
228.4,-0.159688,0.236541,0.630033,0.129235
228.5,-0.185666,0.282739,0.639402,0.23044
228.6,-0.216182,0.327325,0.65442,0.319362
228.7,-0.251082,0.370442,0.675501,0.398464
228.8,-0.290228,0.412278,0.702893,0.469763
228.9,-0.333502,0.453052,0.736696,0.534856
229,-0.380811,0.492995,0.776877,0.594977
229.1,-0.432082,0.53234,0.823284,0.651084
229.2,-0.487266,0.571304,0.87566,0.703915
229.3,-0.546336,0.610077,0.933647,0.754036
229.4,-0.60928,0.64881,0.996794,0.80188
229.5,-0.6761,0.687604,1.06456,0.847769
229.6,-0.746805,0.726504,1.13629,0.891942
229.7,-0.821404,0.76548,1.21125,0.93456
229.8,-0.8999,0.804423,1.28857,0.975728
229.9,-0.98228,0.84313,1.36723,1.0155
230,-1.06851,0.881291,1.44607,1.05387
230.1,-1.15851,0.918477,1.52372,1.0908
230.2,-1.25215,0.954122,1.59862,1.12621
230.3,-1.34926,0.987503,1.66894,1.15997
230.4,-1.44955,1.01773,1.73261,1.19192
230.5,-1.55266,1.04372,1.78728,1.22184
230.6,-1.65811,1.06419,1.8303,1.24946
230.7,-1.76526,1.07762,1.85881,1.27444
230.8,-1.87334,1.08228,1.86976,1.29637
230.9,-1.98136,1.07622,1.86004,1.31476
231,-2.08815,1.05727,1.82668,1.32899
231.1,-2.19231,1.02313,1.7671,1.3383
231.2,-2.2922,0.971436,1.67953,1.34174
231.3,-2.38594,0.899854,1.56344,1.33811
231.4,-2.47143,0.806302,1.42012,1.3258
231.5,-2.54641,0.689154,1.25327,1.30269
231.6,-2.60845,0.54754,1.06958,1.2657
231.7,-2.65511,0.381662,0.879079,1.21013
231.8,-2.68402,0.193142,0.695166,1.128
231.9,-2.69309,-0.0146877,0.534082,1.00353
232,-2.68061,-0.236584,0.413671,0.796918
232.1,-2.64554,-0.465381,0.351397,0.374885
232.2,-2.5876,-0.692223,0.361734,0.374885
232.3,-2.50749,-0.907096,0.453347,0.374885
232.4,-2.40693,-1.09964,0.62666,0.374885
232.5,-2.28864,-1.26013,0.872521,0.374885
232.6,-2.15624,-1.38057,1.17251,0.374885
232.7,-2.01404,-1.45559,1.5011,0.374885
232.8,-1.86671,-1.48301,1.82929,0.374885
232.9,-1.71899,-1.46402,2.12893,0.374885
233,-1.57532,-1.40289,2.37677,0.374885
233.1,-1.4396,-1.30625,2.55721,0.374885
233.2,-1.31498,-1.18222,2.66347,0.374885
233.3,-1.20378,-1.03943,2.69704,0.374885
233.4,-1.10744,-0.886223,2.66593,0.374885
233.5,-1.02663,-0.730004,2.58232,0.374885
233.6,-0.961334,-0.576887,2.4602,0.374885
233.7,-0.910993,-0.43155,2.3134,0.374885
233.8,-0.874654,-0.297284,2.15418,0.374885
233.9,-0.851097,-0.176151,1.99248,0.374885
234,-0.838949,-0.0692218,1.83566,0.374885
234.1,-0.836768,0.0231862,1.68859,0.369777
234.2,-0.843109,0.101275,1.55397,0.449757
234.3,-0.856563,0.165571,1.43278,0.513884
234.4,-0.875786,0.216764,1.32468,0.564404
234.5,-0.899504,0.255596,1.22842,0.60328
234.6,-0.926517,0.282774,1.14223,0.63197
234.7,-0.955692,0.298932,1.06404,0.651424
234.8,-0.985954,0.304605,0.991786,0.66212
234.9,-1.01628,0.30023,0.923539,0.664099
235,-1.04568,0.286167,0.857674,0.656967
235.1,-1.0732,0.26273,0.792978,0.639848
235.2,-1.09792,0.230231,0.72874,0.61128
235.3,-1.11895,0.189027,0.664813,0.569009
235.4,-1.13545,0.139579,0.601653,0.509629
235.5,-1.14662,0.0825054,0.540325,0.427999
235.6,-1.15173,0.0186373,0.482461,0.316478
235.7,-1.15015,-0.0509392,0.430174,0.164924
235.8,-1.14139,-0.124851,0.385921,0.164924
235.9,-1.12509,-0.201428,0.352293,0.164924
236,-1.10108,-0.278717,0.331772,0.164924
236.1,-1.0694,-0.354527,0.32644,0.164924
236.2,-1.03031,-0.426508,0.337689,0.164924
236.3,-0.984306,-0.492251,0.365971,0.164924
236.4,-0.932142,-0.549422,0.410605,0.164924
236.5,-0.874778,-0.595901,0.469719,0.164924
236.6,-0.813377,-0.629916,0.540313,0.164924
236.7,-0.749255,-0.65017,0.618474,0.164924
236.8,-0.683827,-0.655925,0.699715,0.164924
236.9,-0.618558,-0.64705,0.77939,0.164924
237,-0.55489,-0.624011,0.853134,0.164924
237.1,-0.494194,-0.587822,0.917264,0.164924
237.2,-0.437716,-0.53995,0.96908,0.164924
237.3,-0.386534,-0.482189,1.00704,0.164924
237.4,-0.341541,-0.416529,1.03081,0.164924
237.5,-0.303424,-0.345013,1.04115,0.164924
237.6,-0.272668,-0.269621,1.03974,0.164924
237.7,-0.249568,-0.192167,1.02894,0.164924
237.8,-0.23425,-0.114228,1.0115,0.164924
237.9,-0.226695,-0.0370991,0.990354,0.164924
238,-0.22677,0.0382215,0.968353,0.164924
238.1,-0.234255,0.111031,0.948143,0.164924
238.2,-0.248877,0.180898,0.932037,0.16191
238.3,-0.27033,0.247636,0.921958,0.2785
238.4,-0.298301,0.311259,0.919422,0.379621
238.5,-0.332484,0.371942,0.925543,0.468121
238.6,-0.372601,0.429987,0.941074,0.546639
238.7,-0.418406,0.485776,0.966441,0.617347
238.8,-0.469695,0.539744,1.0018,0.681951
238.9,-0.52631,0.592349,1.04707,0.741769
239,-0.588135,0.644044,1.10199,0.797813
239.1,-0.655102,0.695258,1.16616,0.850857
239.2,-0.727183,0.746376,1.23904,0.901492
239.3,-0.804385,0.797727,1.31998,0.950161
239.4,-0.886745,0.849566,1.40824,0.997195
239.5,-0.974321,0.902068,1.50298,1.04283
239.6,-1.06718,0.955307,1.60326,1.08723
239.7,-1.16541,1.00925,1.70797,1.1305
239.8,-1.26905,1.06375,1.81587,1.17269
239.9,-1.37816,1.11849,1.92549,1.2138
240,-1.49274,1.17303,2.03513,1.25378
240.1,-1.61274,1.22672,2.14278,1.29258
240.2,-1.73803,1.27871,2.24603,1.33005
240.3,-1.86839,1.32791,2.34209,1.36606
240.4,-2.00348,1.37295,2.42767,1.4004
240.5,-2.14279,1.41214,2.49897,1.4328
240.6,-2.28564,1.44345,2.55168,1.46298
240.7,-2.43113,1.46448,2.58099,1.49053
240.8,-2.5781,1.47242,2.58179,1.51501
240.9,-2.72508,1.46409,2.54885,1.53585
241,-2.87026,1.43594,2.47722,1.55236
241.1,-3.01148,1.38419,2.36282,1.5637
241.2,-3.14618,1.30492,2.20325,1.56879
241.3,-3.27142,1.19441,1.9988,1.5663
241.4,-3.38391,1.04946,1.75359,1.55446
241.5,-3.48009,0.867836,1.47683,1.53088
241.6,-3.55623,0.648921,1.18371,1.49216
241.7,-3.60868,0.394289,0.895799,1.43294
241.8,-3.63404,0.108325,0.64031,1.3438
241.9,-3.62955,-0.201357,0.447941,1.20419
242,-3.59334,-0.523816,0.349055,0.947715
242.1,-3.52482,-0.845178,0.368515,0.947715
242.2,-3.42487,-1.14961,0.520053,0.947715
242.3,-3.29601,-1.42082,0.801614,0.947715
242.4,-3.14231,-1.64397,1.19329,0.947715
242.5,-2.96921,-1.8075,1.65895,0.947715
242.6,-2.78303,-1.90468,2.15169,0.947715
242.7,-2.59053,-1.93432,2.62182,0.947715
242.8,-2.39828,-1.90067,3.02526,0.947715
242.9,-2.21222,-1.81243,3.33012,0.947715
243,-2.03723,-1.6813,3.52003,0.947715
243.1,-1.87695,-1.52025,3.59392,0.947715
243.2,-1.73375,-1.34199,3.56296,0.947715
243.3,-1.60875,-1.15787,3.44622,0.947715
243.4,-1.50206,-0.977212,3.26619,0.947715
243.5,-1.41296,-0.807002,3.04506,0.947715
243.6,-1.34014,-0.65205,2.80232,0.947715
243.7,-1.28194,-0.515251,2.55353,0.947715
243.8,-1.23644,-0.397976,2.31001,0.947715
243.9,-1.20168,-0.300467,2.07922,0.947715
244,-1.17571,-0.222191,1.86543,0.947715
244.1,-1.15664,-0.162122,1.6705,0.947715
244.2,-1.14272,-0.118954,1.49463,0.947715
244.3,-1.13233,-0.0912477,1.33702,0.947715
244.4,-1.124,-0.0775194,1.19636,0.947715
244.5,-1.11641,-0.0762841,1.07121,0.947715
244.6,-1.10838,-0.0860713,0.96027,0.947715
244.7,-1.09888,-0.105418,0.8625,0.947715
244.8,-1.08703,-0.132853,0.777211,0.947715
244.9,-1.07209,-0.166874,0.704057,0.947715
245,-1.05348,-0.205935,0.642975,0.947715
245.1,-1.03079,-0.248433,0.59409,0.947715
245.2,-1.00374,-0.292716,0.557588,0.947715
245.3,-0.972241,-0.337098,0.533573,0.947715
245.4,-0.936371,-0.379891,0.521929,0.947715
245.5,-0.896371,-0.419451,0.5222,0.947715
245.6,-0.85264,-0.454232,0.533504,0.947715
245.7,-0.80573,-0.482849,0.554492,0.947715
245.8,-0.756315,-0.504133,0.583369,0.947715
245.9,-0.705178,-0.51719,0.617967,0.947715
246,-0.653172,-0.521436,0.655875,0.947715
246.1,-0.601193,-0.516623,0.694596,0.947715
246.2,-0.550146,-0.502839,0.73173,0.947715
246.3,-0.500911,-0.480491,0.765141,0.947715
246.4,-0.454311,-0.450263,0.793105,0.947715
246.5,-0.411091,-0.413068,0.814408,0.947715
246.6,-0.371894,-0.369979,0.828398,0.947715
246.7,-0.337252,-0.322166,0.834981,0.947715
246.8,-0.307578,-0.270832,0.834567,0.947715
246.9,-0.283164,-0.21715,0.827989,0.947715
247,-0.26419,-0.162216,0.81639,0.947715
247.1,-0.25073,-0.107017,0.801108,0.947715
247.2,-0.242767,-0.0523994,0.783566,0.947715
247.3,-0.240207,0.000934568,0.765167,0.947715
247.4,-0.242892,0.0524331,0.747219,0.947715
247.5,-0.250618,0.101685,0.73087,0.947715
247.6,-0.263145,0.148409,0.717071,0.0480189
247.7,-0.28021,0.192429,0.706553,0.14364
247.8,-0.301538,0.233662,0.699823,0.228051
247.9,-0.326849,0.272089,0.697166,0.302576
248,-0.355863,0.30774,0.698662,0.368659
248.1,-0.388306,0.340669,0.704196,0.427612
248.2,-0.423908,0.370938,0.713485,0.480534
248.3,-0.462407,0.398599,0.726094,0.528306
248.4,-0.503542,0.42368,0.741454,0.57161
248.5,-0.547056,0.446171,0.75888,0.610963
248.6,-0.592688,0.466017,0.777588,0.646734
248.7,-0.640168,0.483103,0.796706,0.67917
248.8,-0.689211,0.497255,0.815291,0.708413
248.9,-0.739513,0.508226,0.83234,0.734504
249,-0.79074,0.515703,0.846809,0.757395
249.1,-0.842524,0.5193,0.857632,0.776951
249.2,-0.894456,0.518563,0.863747,0.792945
249.3,-0.946075,0.512977,0.864128,0.805052
249.4,-0.996871,0.501978,0.857832,0.812838
249.5,-1.04627,0.484966,0.844047,0.815732
249.6,-1.09364,0.461331,0.822165,0.812999
249.7,-1.1383,0.43048,0.791857,0.803681
249.8,-1.17948,0.391878,0.753163,0.78652
249.9,-1.2164,0.345095,0.706583,0.759819
250,-1.24822,0.289857,0.653171,0.721223
250.1,-1.27409,0.226111,0.594603,0.667325
250.2,-1.29316,0.154092,0.533226,0.59297
250.3,-1.30465,0.0743829,0.472047,0.489974
250.4,-1.30782,-0.012025,0.414655,0.345192
250.5,-1.30207,-0.103692,0.365058,0.345192
250.6,-1.28697,-0.198716,0.327424,0.345192
250.7,-1.26229,-0.294749,0.305729,0.345192
250.8,-1.22807,-0.389065,0.303346,0.345192
250.9,-1.18463,-0.478664,0.322607,0.345192
251,-1.1326,-0.56043,0.364409,0.345192
251.1,-1.07291,-0.63132,0.427934,0.345192
251.2,-1.00679,-0.688573,0.510545,0.345192
251.3,-0.935727,-0.729911,0.607914,0.345192
251.4,-0.861395,-0.753722,0.714378,0.345192
251.5,-0.785596,-0.759178,0.823484,0.345192
251.6,-0.710172,-0.746289,0.928662,0.345192
251.7,-0.636923,-0.715885,1.0239,0.345192
251.8,-0.567528,-0.669516,1.10435,0.345192
251.9,-0.503481,-0.609304,1.16669,0.345192
252,-0.446045,-0.537751,1.2094,0.345192
252.1,-0.39622,-0.457538,1.23264,0.345192
252.2,-0.354737,-0.371339,1.2381,0.345192
252.3,-0.322068,-0.281657,1.22864,0.345192
252.4,-0.298447,-0.190705,1.20785,0.345192
252.5,-0.283907,-0.100325,1.17971,0.345192
252.6,-0.278315,-0.0119542,1.14821,0.345192
252.7,-0.281414,0.0733764,1.11706,0.345192
252.8,-0.292867,0.155019,1.08957,0.180578
252.9,-0.312285,0.232666,1.06848,0.304301
253,-0.339266,0.306292,1.05594,0.410887
253.1,-0.373416,0.376102,1.05356,0.503418
253.2,-0.414371,0.44247,1.06241,0.584899
253.3,-0.461811,0.50589,1.08313,0.657822
253.4,-0.51547,0.566929,1.11596,0.72414
253.5,-0.575138,0.62619,1.16086,0.785355
253.6,-0.640669,0.684273,1.21757,0.842613
253.7,-0.711973,0.741756,1.28561,0.896783
253.8,-0.789017,0.799168,1.36441,0.948527
253.9,-0.87182,0.856977,1.45326,0.998339
254,-0.960439,0.915572,1.55138,1.04659
254.1,-1.05497,0.97525,1.65792,1.09355
254.2,-1.15553,1.03621,1.77191,1.1394
254.3,-1.26226,1.09853,1.89228,1.18427
254.4,-1.37528,1.16218,2.01783,1.22823
254.5,-1.49473,1.22695,2.14715,1.2713
254.6,-1.6207,1.29251,2.2786,1.31345
254.7,-1.75324,1.35832,2.41021,1.35465
254.8,-1.89235,1.42362,2.53962,1.39479
254.9,-2.03791,1.48739,2.66401,1.43376
255,-2.18973,1.54835,2.77998,1.47137
255.1,-2.34744,1.60483,2.8835,1.50744
255.2,-2.51048,1.65481,2.96981,1.54169
255.3,-2.6781,1.69579,3.03346,1.5738
255.4,-2.84924,1.7248,3.0683,1.6034
255.5,-3.02254,1.73835,3.06768,1.63001
255.6,-3.19626,1.7324,3.0247,1.65307
255.7,-3.36822,1.70246,2.9328,1.67187
255.8,-3.53579,1.64365,2.78653,1.68556
255.9,-3.69582,1.55093,2.58267,1.69307
256,-3.84469,1.41948,2.32168,1.69307
256.1,-3.97829,1.24512,2.0094,1.68382
256.2,-4.09219,1.02507,1.65871,1.66302
256.3,-4.18175,0.758659,1.29086,1.62741
256.4,-4.24245,0.448271,0.935797,1.57204
256.5,-4.27014,0.100094,0.630791,1.48834
256.6,-4.26155,-0.27535,0.416866,1.35813
256.7,-4.21465,-0.663225,0.332794,1.12383
256.8,-4.1291,-1.04512,0.4074,1.12383
256.9,-4.00651,-1.40064,0.651817,1.12383
257,-3.85053,-1.70966,1.05405,1.12383
257.1,-3.66671,-1.95492,1.57816,1.12383
257.2,-3.46208,-2.12444,2.16907,1.12383
257.3,-3.24453,-2.21302,2.76233,1.12383
257.4,-3.02211,-2.22272,3.29598,1.12383
257.5,-2.80234,-2.16197,3.72117,1.12383
257.6,-2.59163,-2.04387,4.0087,1.12383
257.7,-2.39496,-1.88391,4.15036,1.12383
257.8,-2.21571,-1.69792,4.15588,1.12383
257.9,-2.05576,-1.50033,4.04718,1.12383
258,-1.91563,-1.30317,3.85219,1.12383
258.1,-1.7948,-1.11559,3.59948,1.12383
258.2,-1.69198,-0.943905,3.31464,1.12383
258.3,-1.60536,-0.791971,3.01839,1.12383
258.4,-1.53286,-0.661633,2.72607,1.12383
258.5,-1.4723,-0.553247,2.448,1.12383
258.6,-1.42151,-0.466135,2.19036,1.12383
258.7,-1.37841,-0.398946,1.95625,1.12383
258.8,-1.34111,-0.349943,1.74659,1.12383
258.9,-1.30788,-0.317184,1.56095,1.12383
259,-1.2772,-0.29865,1.39818,1.12383
259.1,-1.24774,-0.292315,1.25681,1.12383
259.2,-1.2184,-0.296178,1.13533,1.12383
259.3,-1.18823,-0.308284,1.03235,1.12383
259.4,-1.15653,-0.326728,0.946633,1.12383
259.5,-1.12274,-0.349655,0.877091,1.12383
259.6,-1.08651,-0.375271,0.822706,1.12383
259.7,-1.04765,-0.401856,0.782464,1.12383
259.8,-1.00616,-0.427785,0.755259,1.12383
259.9,-0.962167,-0.451559,0.739829,1.12383
260,-0.915963,-0.471835,0.73471,1.12383
260.1,-0.867955,-0.487462,0.738218,1.12383
260.2,-0.818657,-0.497514,0.748482,1.12383
260.3,-0.768661,-0.501315,0.763498,1.12383
260.4,-0.718616,-0.498455,0.781218,1.12383
260.5,-0.669197,-0.488792,0.799651,1.12383
260.6,-0.621081,-0.472445,0.816973,1.12383
260.7,-0.574919,-0.449768,0.831624,1.12383
260.8,-0.53132,-0.42132,0.84238,1.12383
260.9,-0.490824,-0.387818,0.848403,1.12383
261,-0.453897,-0.350096,0.849258,1.12383
261.1,-0.420916,-0.309052,0.844891,1.12383
261.2,-0.392167,-0.265607,0.835587,1.12383
261.3,-0.367844,-0.220662,0.821907,1.12383
261.4,-0.348056,-0.175066,0.804614,1.12383
261.5,-0.332827,-0.129593,0.784593,1.12383
261.6,-0.32211,-0.0849231,0.762776,1.12383
261.7,-0.315796,-0.041636,0.740077,1.12383
261.8,-0.313721,-0.00020947,0.717338,1.12383
261.9,-0.315679,0.0389761,0.69529,1.12383
262,-0.321432,0.075629,0.674524,1.12383
262.1,-0.330713,0.109534,0.655479,1.12383
262.2,-0.343242,0.140541,0.638435,0.061676
262.3,-0.358722,0.168546,0.62352,0.125185
262.4,-0.376849,0.193483,0.610718,0.181117
262.5,-0.397314,0.215307,0.599884,0.230069
262.6,-0.419805,0.233986,0.590762,0.272545
262.7,-0.444006,0.249487,0.583003,0.309125
262.8,-0.469596,0.261771,0.576186,0.340213
262.9,-0.496251,0.270785,0.569838,0.366092
263,-0.523641,0.276462,0.563453,0.386926
263.1,-0.551429,0.278716,0.556516,0.402755
263.2,-0.579267,0.277443,0.548523,0.413491
263.3,-0.606796,0.272526,0.539004,0.418914
263.4,-0.633647,0.263842,0.527547,0.418651
263.5,-0.659435,0.251266,0.513822,0.412164
263.6,-0.683766,0.234685,0.497607,0.398703
263.7,-0.706236,0.21401,0.478814,0.377259
263.8,-0.72643,0.189193,0.457507,0.346483
263.9,-0.743936,0.160239,0.433933,0.304572
264,-0.758343,0.127234,0.408529,0.249127
264.1,-0.769254,0.0903532,0.381931,0.177003
264.2,-0.776294,0.0498865,0.354976,0.0843219
264.3,-0.779125,0.00625164,0.328676,0.0843219
264.4,-0.777457,-0.039993,0.304189,0.0843219
264.5,-0.771063,-0.0881424,0.282762,0.0843219
264.6,-0.759793,-0.137346,0.265662,0.0843219
264.7,-0.743591,-0.18662,0.254089,0.0843219
264.8,-0.722504,-0.234865,0.249078,0.0843219
264.9,-0.696692,-0.280903,0.251397,0.0843219
265,-0.666437,-0.323517,0.261463,0.0843219
265.1,-0.632143,-0.361504,0.279266,0.0843219
265.2,-0.594329,-0.393732,0.304331,0.0843219
265.3,-0.553622,-0.419196,0.33572,0.0843219
265.4,-0.510742,-0.437074,0.37208,0.0843219
265.5,-0.46648,-0.446772,0.411729,0.0843219
265.6,-0.421672,-0.447959,0.452783,0.0843219
265.7,-0.377174,-0.440578,0.493305,0.0843219
265.8,-0.333835,-0.424851,0.531456,0.0843219
265.9,-0.292467,-0.401253,0.565642,0.0843219
266,-0.253824,-0.37048,0.594629,0.0843219
266.1,-0.218581,-0.333405,0.617622,0.0843219
266.2,-0.18732,-0.291016,0.634296,0.0843219
266.3,-0.16052,-0.244365,0.644794,0.0843219
266.4,-0.138554,-0.19451,0.649674,0.0843219
266.5,-0.12169,-0.142469,0.649842,0.0843219
266.6,-0.110102,-0.0891745,0.646456,0.0843219
266.7,-0.10387,-0.0354509,0.640834,0.0843219
266.8,-0.103002,0.0180111,0.634361,0.0843219
266.9,-0.107445,0.0706612,0.628408,0.0843219
267,-0.117094,0.122091,0.624265,0.0843219
267.1,-0.131813,0.172026,0.623095,-0.0314988
267.2,-0.151444,0.220316,0.6259,0.0902797
267.3,-0.17582,0.266919,0.633505,0.196217
267.4,-0.204773,0.311882,0.646555,0.288967
267.5,-0.238145,0.355325,0.665515,0.371112
267.6,-0.275793,0.397421,0.690684,0.444824
267.7,-0.317592,0.438377,0.722208,0.51183
267.8,-0.363438,0.478421,0.760096,0.573479
267.9,-0.413253,0.517785,0.804233,0.630814
268,-0.46698,0.556688,0.854394,0.684638
268.1,-0.524582,0.595328,0.910252,0.735573
268.2,-0.586042,0.633869,0.971387,0.78409
268.3,-0.651356,0.672428,1.03728,0.830548
268.4,-0.72053,0.711065,1.10733,0.87521
268.5,-0.793572,0.749774,1.18082,0.918262
268.6,-0.870485,0.788473,1.25692,0.959827
268.7,-0.95126,0.826988,1.33467,0.99997
268.8,-1.03587,0.865044,1.41294,1.03871
268.9,-1.12424,0.902252,1.49046,1.07602
269,-1.21627,0.938091,1.56571,1.11183
269.1,-1.31179,0.971892,1.63698,1.14603
269.2,-1.41056,1.00282,1.70228,1.17846
269.3,-1.51223,1.02986,1.75934,1.20892
269.4,-1.61636,1.0518,1.80566,1.23716
269.5,-1.72237,1.06721,1.83844,1.26286
269.6,-1.82953,1.07443,1.85471,1.28564
269.7,-1.93692,1.07159,1.8514,1.30502
269.8,-2.04344,1.0566,1.82552,1.32044
269.9,-2.14776,1.02723,1.77437,1.33117
270,-2.24833,0.981139,1.69593,1.33633
270.1,-2.34335,0.915995,1.58927,1.33479
270.2,-2.43082,0.829653,1.45508,1.3251
270.3,-2.50852,0.720348,1.29625,1.30529
270.4,-2.57409,0.586969,1.11849,1.27261
270.5,-2.6251,0.429375,0.930688,1.22295
270.6,-2.65919,0.248721,0.745112,1.14955
270.7,-2.67417,0.0477777,0.57705,1.0397
270.8,-2.66822,-0.168844,0.443815,0.863985
270.9,-2.64009,-0.394614,0.363007,0.529649
271,-2.58927,-0.621235,0.350105,0.529649
271.1,-2.51614,-0.839077,0.415703,0.529649
271.2,-2.42209,-1.03789,0.562925,0.529649
271.3,-2.30953,-1.20776,0.785711,0.529649
271.4,-2.18179,-1.34014,1.06858,0.529649
271.5,-2.04296,-1.4288,1.38819,0.529649
271.6,-1.8976,-1.47058,1.71655,0.529649
271.7,-1.75041,-1.46561,2.02514,0.529649
271.8,-1.60592,-1.41722,2.28909,0.529649
271.9,-1.46821,-1.33131,2.49039,0.529649
272,-1.34066,-1.21554,2.61953,0.529649
272.1,-1.22582,-1.0784,2.6755,0.529649
272.2,-1.12541,-0.928327,2.66437,0.529649
272.3,-1.04033,-0.772997,2.59711,0.529649
272.4,-0.970766,-0.61891,2.48721,0.529649
272.5,-0.916332,-0.47117,2.34856,0.529649
272.6,-0.876195,-0.333471,2.19394,0.529649
272.7,-0.849221,-0.208236,2.03396,0.529649
272.8,-0.834087,-0.096822,1.87678,0.529649
272.9,-0.829377,0.000236343,1.72798,0.342834
273,-0.833657,0.0829921,1.59092,0.428713
273.1,-0.845513,0.151879,1.46708,0.498099
273.2,-0.863591,0.207541,1.35649,0.553233
273.3,-0.886605,0.250704,1.25817,0.596229
273.4,-0.91334,0.282085,1.17048,0.628727
273.5,-0.942651,0.302333,1.09141,0.651856
273.6,-0.973454,0.312004,1.01886,0.66626
273.7,-1.00471,0.311549,0.950812,0.672147
273.8,-1.03544,0.301332,0.885501,0.669302
273.9,-1.06467,0.281655,0.821522,0.65707
274,-1.09146,0.252797,0.757945,0.634273
274.1,-1.11493,0.215062,0.694379,0.599063
274.2,-1.13419,0.168834,0.63103,0.54864
274.3,-1.14843,0.114631,0.568716,0.478775
274.4,-1.15688,0.0531653,0.508856,0.383089
274.5,-1.15885,-0.0146105,0.453407,0.252359
274.6,-1.15378,-0.0874628,0.404745,0.252359
274.7,-1.14124,-0.163855,0.365492,0.252359
274.8,-1.12096,-0.241952,0.338285,0.252359
274.9,-1.09286,-0.319648,0.325493,0.252359
275,-1.05712,-0.394629,0.328925,0.252359
275.1,-1.01411,-0.46447,0.349544,0.252359
275.2,-0.964475,-0.526751,0.387236,0.252359
275.3,-0.909087,-0.579199,0.440683,0.252359
275.4,-0.84903,-0.619833,0.507364,0.252359
275.5,-0.785567,-0.647096,0.583703,0.252359
275.6,-0.720091,-0.659961,0.665359,0.252359
275.7,-0.654069,-0.658004,0.747621,0.252359
275.8,-0.588978,-0.641417,0.825855,0.252359
275.9,-0.526248,-0.61098,0.895939,0.252359
276,-0.467202,-0.567983,0.954628,0.252359
276.1,-0.413014,-0.514109,0.999793,0.252359
276.2,-0.364678,-0.451305,1.03053,0.252359
276.3,-0.322982,-0.381633,1.04712,0.252359
276.4,-0.288511,-0.307148,1.05087,0.252359
276.5,-0.261649,-0.229774,1.0439,0.252359
276.6,-0.242595,-0.151228,1.02886,0.252359
276.7,-0.231394,-0.0729537,1.00869,0.252359
276.8,-0.227957,0.00390093,0.986347,0.252359
276.9,-0.232098,0.0784928,0.964627,0.252359
277,-0.243561,0.150268,0.946045,0.107898
277.1,-0.262048,0.218932,0.932736,0.232274
277.2,-0.287241,0.284415,0.926424,0.340005
277.3,-0.318828,0.346832,0.928419,0.433812
277.4,-0.356514,0.406438,0.939644,0.516502
277.5,-0.400034,0.463591,0.960673,0.590475
277.6,-0.449165,0.518715,0.99178,0.657641
277.7,-0.503725,0.57227,1.03299,0.719484
277.8,-0.563582,0.624723,1.08412,0.777147
277.9,-0.628648,0.676523,1.14482,0.831504
278,-0.698879,0.728088,1.21461,0.883222
278.1,-0.77427,0.779781,1.2929,0.932808
278.2,-0.854849,0.8319,1.37899,0.98064
278.3,-0.940671,0.884667,1.47209,1.02699
278.4,-1.03181,0.93821,1.5713,1.07207
278.5,-1.12834,0.992556,1.67561,1.11599
278.6,-1.23034,1.04761,1.78385,1.15883
278.7,-1.33788,1.10316,1.89467,1.20061
278.8,-1.45098,1.15882,2.00649,1.24132
278.9,-1.56963,1.21405,2.11744,1.28089
279,-1.69375,1.2681,2.22532,1.31924
279.1,-1.82318,1.32,2.32751,1.35622
279.2,-1.95764,1.36851,2.42095,1.39165
279.3,-2.09671,1.41209,2.50204,1.42532
279.4,-2.23983,1.44889,2.56668,1.45694
279.5,-2.38619,1.47665,2.6102,1.48617
279.6,-2.53477,1.49274,2.62753,1.5126
279.7,-2.68425,1.49412,2.61333,1.53571
279.8,-2.83299,1.47735,2.56229,1.55491
279.9,-2.97899,1.43868,2.46965,1.56942
280,-3.11986,1.37415,2.33188,1.57831
280.1,-3.25283,1.2798,2.14761,1.5804
280.2,-3.37471,1.15198,1.91877,1.57417
280.3,-3.48201,0.987818,1.65183,1.55763
280.4,-3.571,0.785689,1.35901,1.528
280.5,-3.63789,0.545907,1.05894,1.48117
280.6,-3.67902,0.271345,0.776675,1.41042
280.7,-3.6912,-0.0320052,0.542227,1.30288
280.8,-3.67197,-0.354739,0.387548,1.12636
280.9,-3.62002,-0.684156,0.341834,0.733374
281,-3.53543,-1.00495,0.4258,0.733374
281.1,-3.41987,-1.30048,0.646137,0.733374
281.2,-3.27671,-1.55457,0.991809,0.733374
281.3,-3.1108,-1.75348,1.43371,0.733374
281.4,-2.92818,-1.88767,1.92837,0.733374
281.5,-2.73557,-1.95304,2.42514,0.733374
281.6,-2.53982,-1.95123,2.87493,0.733374
281.7,-2.34734,-1.88903,3.23821,0.733374
281.8,-2.16367,-1.77708,3.49022,0.733374
281.9,-1.99316,-1.62817,3.62245,0.733374
282,-1.83883,-1.45557,3.64075,0.733374
282.1,-1.70242,-1.27164,3.56137,0.733374
282.2,-1.58452,-1.08692,3.40618,0.733374
282.3,-1.48479,-0.909669,3.1984,0.733374
282.4,-1.40214,-0.745804,2.95953,0.733374
282.5,-1.33505,-0.599145,2.70746,0.733374
282.6,-1.28167,-0.47176,2.45581,0.733374
282.7,-1.24003,-0.364377,2.21398,0.733374
282.8,-1.20813,-0.27677,1.9878,0.733374
282.9,-1.18404,-0.208081,1.78024,0.733374
283,-1.16593,-0.157075,1.59226,0.733374
283.1,-1.15209,-0.122317,1.42347,0.733374
283.2,-1.14097,-0.102285,1.2728,0.733374
283.3,-1.13119,-0.0954395,1.13883,0.733374
283.4,-1.1215,-0.10025,1.02018,0.733374
283.5,-1.1108,-0.115198,0.915687,0.733374
283.6,-1.09817,-0.138766,0.824482,0.733374
283.7,-1.08281,-0.16942,0.746033,0.733374
283.8,-1.0641,-0.205593,0.680104,0.733374
283.9,-1.04156,-0.245675,0.62667,0.733374
284,-1.01489,-0.288015,0.5858,0.733374
284.1,-0.983943,-0.330931,0.557527,0.733374
284.2,-0.948743,-0.372741,0.541705,0.733374
284.3,-0.909486,-0.411802,0.537894,0.733374
284.4,-0.866526,-0.446563,0.545264,0.733374
284.5,-0.820364,-0.475617,0.562551,0.733374
284.6,-0.771633,-0.497765,0.588059,0.733374
284.7,-0.721073,-0.512065,0.619719,0.733374
284.8,-0.669504,-0.517874,0.655208,0.733374
284.9,-0.617792,-0.514873,0.692089,0.733374
285,-0.566823,-0.503073,0.727986,0.733374
285.1,-0.51746,-0.482799,0.760747,0.733374
285.2,-0.470525,-0.454661,0.788592,0.733374
285.3,-0.426763,-0.419499,0.810219,0.733374
285.4,-0.386826,-0.37833,0.824862,0.733374
285.5,-0.351259,-0.332279,0.832298,0.733374
285.6,-0.320494,-0.282514,0.832808,0.733374
285.7,-0.294842,-0.230194,0.827103,0.733374
285.8,-0.274503,-0.176412,0.816218,0.733374
285.9,-0.259575,-0.122162,0.801407,0.733374
286,-0.250058,-0.0683117,0.784027,0.733374
286.1,-0.245875,-0.0155863,0.765443,0.733374
286.2,-0.246883,0.0354318,0.746941,0.733374
286.3,-0.252889,0.0842999,0.729669,0.733374
286.4,-0.263661,0.130702,0.714588,0.00956797
286.5,-0.27894,0.174433,0.702452,0.107073
286.6,-0.298455,0.215379,0.693797,0.193376
286.7,-0.321922,0.253497,0.688943,0.269565
286.8,-0.34906,0.288792,0.688001,0.336998
286.9,-0.379588,0.3213,0.690897,0.396974
287,-0.413229,0.35107,0.697381,0.450611
287.1,-0.449712,0.378143,0.707055,0.49882
287.2,-0.488768,0.402541,0.719384,0.542315
287.3,-0.53013,0.424256,0.733723,0.581637
287.4,-0.573528,0.443234,0.749323,0.61718
287.5,-0.618683,0.459371,0.765356,0.64921
287.6,-0.665302,0.472504,0.780925,0.67788
287.7,-0.713076,0.48241,0.795079,0.703243
287.8,-0.761667,0.488798,0.806834,0.725256
287.9,-0.810707,0.491315,0.815192,0.743786
288,-0.859787,0.489547,0.819168,0.758603
288.1,-0.908458,0.483027,0.817822,0.769378
288.2,-0.956217,0.471245,0.810301,0.775661
288.3,-1.00251,0.453663,0.795891,0.776865
288.4,-1.04674,0.429742,0.774078,0.772224
288.5,-1.08823,0.398966,0.744619,0.76074
288.6,-1.12629,0.360882,0.707621,0.741089
288.7,-1.16015,0.315139,0.663622,0.711481
288.8,-1.18905,0.261542,0.613666,0.669417
288.9,-1.2122,0.200107,0.559363,0.611272
289,-1.22882,0.13112,0.502913,0.531559
289.1,-1.23819,0.0551877,0.447096,0.421698
289.2,-1.23966,-0.0267065,0.395183,0.268583
289.3,-1.2327,-0.113176,0.350784,0.268583
289.4,-1.21693,-0.202421,0.317611,0.268583
289.5,-1.19219,-0.29225,0.299163,0.268583
289.6,-1.15855,-0.380141,0.298366,0.268583
289.7,-1.11632,-0.463344,0.317197,0.268583
289.8,-1.06613,-0.539021,0.35635,0.268583
289.9,-1.00886,-0.604413,0.415001,0.268583
290,-0.945674,-0.657025,0.490739,0.268583
290.1,-0.877952,-0.694807,0.579678,0.268583
290.2,-0.807256,-0.716307,0.676775,0.268583
290.3,-0.735259,-0.720778,0.776303,0.268583
290.4,-0.663668,-0.708226,0.87243,0.268583
290.5,-0.594157,-0.679388,0.959805,0.268583
290.6,-0.528288,-0.635656,1.03407,0.268583
290.7,-0.467459,-0.578938,1.09223,0.268583
290.8,-0.412858,-0.511496,1.13283,0.268583
290.9,-0.365436,-0.435767,1.15594,0.268583
291,-0.325899,-0.354197,1.16296,0.268583
291.1,-0.294714,-0.269089,1.15638,0.268583
291.2,-0.27213,-0.182498,1.13939,0.268583
291.3,-0.258206,-0.0961535,1.11556,0.268583
291.4,-0.252845,-0.0114192,1.08852,0.268583
291.5,-0.255835,0.0707105,1.06169,0.268583
291.6,-0.266879,0.149593,1.03815,0.144579
291.7,-0.285634,0.224904,1.02049,0.271147
291.8,-0.311739,0.296586,1.01081,0.380323
291.9,-0.344836,0.364804,1.01069,0.475109
292,-0.384595,0.429891,1.02125,0.558532
292.1,-0.430725,0.492303,1.04319,0.63314
292.2,-0.482984,0.552572,1.07687,0.70094
292.3,-0.541187,0.611276,1.12236,0.763482
292.4,-0.605207,0.669001,1.1795,0.821951
292.5,-0.674974,0.726322,1.248,0.877251
292.6,-0.750476,0.783778,1.32739,0.930072
292.7,-0.83175,0.841859,1.41715,0.980937
292.8,-0.918882,0.900989,1.51667,1.03024
292.9,-1.01199,0.96152,1.62526,1.07827
293,-1.11124,1.02371,1.74217,1.12523
293.1,-1.2168,1.08774,1.86656,1.17127
293.2,-1.32885,1.15367,1.99749,1.21649
293.3,-1.44759,1.22143,2.13386,1.26093
293.4,-1.57319,1.29083,2.27436,1.30459
293.5,-1.7058,1.36152,2.41743,1.34745
293.6,-1.84552,1.43294,2.56117,1.38945
293.7,-1.99239,1.50435,2.70323,1.4305
293.8,-2.14636,1.57473,2.84079,1.47048
293.9,-2.30726,1.64274,2.97035,1.50922
294,-2.47477,1.70672,3.08775,1.54653
294.1,-2.6484,1.76456,3.18799,1.58216
294.2,-2.8274,1.81369,3.26525,1.6158
294.3,-3.01074,1.851,3.3129,1.64709
294.4,-3.19708,1.87279,3.32358,1.67558
294.5,-3.38464,1.87477,3.28955,1.70073
294.6,-3.57121,1.85206,3.20319,1.72187
294.7,-3.75405,1.79932,3.05781,1.73821
294.8,-3.92989,1.71092,2.84887,1.74873
294.9,-4.09486,1.58132,2.57555,1.75218
295,-4.24461,1.40557,2.24267,1.74699
295.1,-4.37432,1.18002,1.8627,1.73107
295.2,-4.4789,0.903233,1.45748,1.70156
295.3,-4.55331,0.576955,1.05889,1.65428
295.4,-4.59284,0.207088,0.707752,1.58237
295.5,-4.59362,-0.195648,0.450186,1.47255
295.6,-4.55313,-0.615597,0.33103,1.28949
295.7,-4.47059,-1.03287,0.385095,0.790989
295.8,-4.34739,-1.42501,0.627984,0.790989
295.9,-4.18718,-1.76953,1.0493,0.790989
296,-3.99573,-2.04684,1.61102,0.790989
296.1,-3.78052,-2.24301,2.25259,0.790989
296.2,-3.55006,-2.35166,2.90186,0.790989
296.3,-3.31306,-2.37452,3.48882,0.790989
296.4,-3.07772,-2.32052,3.95806,0.790989
296.5,-2.85105,-2.20381,4.27635,0.790989
296.6,-2.63848,-2.0413,4.43433,0.790989
296.7,-2.44374,-1.85023,4.4429,0.790989
296.8,-2.26886,-1.6463,4.32661,0.790989
296.9,-2.11447,-1.44249,4.11656,0.790989
297,-1.98003,-1.24861,3.84436,0.790989
297.1,-1.86419,-1.07137,3.53812,0.790989
297.2,-1.76507,-0.91476,3.22044,0.790989
297.3,-1.68049,-0.780606,2.90789,0.790989
297.4,-1.60819,-0.669142,2.61158,0.790989
297.5,-1.54593,-0.579496,2.33813,0.790989
297.6,-1.49161,-0.510094,2.0908,0.790989
297.7,-1.44331,-0.458956,1.87055,0.790989
297.8,-1.39929,-0.423901,1.6769,0.790989
297.9,-1.35806,-0.402683,1.50855,0.790989
298,-1.31836,-0.393065,1.36386,0.790989
298.1,-1.27914,-0.392869,1.24105,0.790989
298.2,-1.23955,-0.399997,1.13841,0.790989
298.3,-1.19896,-0.412445,1.0543,0.790989
298.4,-1.15694,-0.428316,0.987155,0.790989
298.5,-1.11324,-0.445832,0.935445,0.790989
298.6,-1.06778,-0.463354,0.897609,0.790989
298.7,-1.02062,-0.479401,0.872011,0.790989
298.8,-0.971989,-0.492677,0.856904,0.790989
298.9,-0.922215,-0.502092,0.850432,0.790989
299,-0.871728,-0.506786,0.850647,0.790989
299.1,-0.821035,-0.506144,0.855563,0.790989
299.2,-0.77069,-0.499801,0.863228,0.790989
299.3,-0.72127,-0.487638,0.871801,0.790989
299.4,-0.673353,-0.46977,0.879632,0.790989
299.5,-0.627495,-0.446522,0.885339,0.790989
299.6,-0.584211,-0.418394,0.887852,0.790989
299.7,-0.543958,-0.386025,0.88645,0.790989
299.8,-0.507123,-0.350153,0.880755,0.790989
299.9,-0.474018,-0.311568,0.870718,0.790989
300,-0.444873,-0.271082,0.856573,0.790989
300.1,-0.419838,-0.229487,0.838781,0.790989
300.2,-0.398987,-0.187534,0.81797,0.790989
300.3,-0.38232,-0.145907,0.794862,0.790989
300.4,-0.369775,-0.105214,0.770219,0.790989
300.5,-0.361229,-0.0659777,0.744783,0.790989
300.6,-0.356516,-0.0286345,0.719237,0.790989
300.7,-0.355427,0.00646172,0.694169,0.790989
300.8,-0.357724,0.0390329,0.670054,0.790989
300.9,-0.363142,0.0688671,0.647239,0.790989
301,-0.371401,0.0958083,0.625944,0.790989
301.1,-0.382204,0.119745,0.606263,0.0336108
301.2,-0.395247,0.140599,0.58818,0.0821431
301.3,-0.410219,0.158316,0.571574,0.124037
301.4,-0.426804,0.172859,0.556244,0.159541
301.5,-0.444684,0.184195,0.541922,0.188908
301.6,-0.463536,0.192297,0.528294,0.212327
301.7,-0.483035,0.197137,0.515016,0.229904
301.8,-0.502853,0.198683,0.501742,0.241629
301.9,-0.52266,0.196903,0.488132,0.247363
302,-0.542122,0.191767,0.473884,0.246824
302.1,-0.560901,0.183249,0.458742,0.239561
302.2,-0.578658,0.171334,0.442522,0.224934
302.3,-0.595055,0.156028,0.425125,0.202065
302.4,-0.609752,0.137365,0.406554,0.169798
302.5,-0.622418,0.11542,0.386926,0.126644
302.6,-0.632731,0.0903177,0.366482,0.070745
302.7,-0.640383,0.062244,0.345586,0.070745
302.8,-0.645089,0.0314577,0.324727,0.070745
302.9,-0.646595,-0.00170083,0.3045,0.070745
303,-0.644684,-0.0368035,0.285591,0.070745
303.1,-0.639187,-0.0733312,0.268743,0.070745
303.2,-0.62999,-0.110675,0.254713,0.070745
303.3,-0.617048,-0.148143,0.24423,0.070745
303.4,-0.600383,-0.184975,0.237935,0.070745
303.5,-0.580101,-0.220356,0.236327,0.070745
303.6,-0.556388,-0.253448,0.239716,0.070745
303.7,-0.529516,-0.283415,0.248176,0.070745
303.8,-0.499836,-0.309459,0.261521,0.070745
303.9,-0.467779,-0.330851,0.279296,0.070745
304,-0.433842,-0.346969,0.300794,0.070745
304.1,-0.398577,-0.357323,0.325091,0.070745
304.2,-0.36258,-0.361584,0.351108,0.070745
304.3,-0.326469,-0.359595,0.377683,0.070745
304.4,-0.290869,-0.351379,0.403654,0.070745
304.5,-0.256395,-0.337132,0.427943,0.070745
304.6,-0.223632,-0.317213,0.449631,0.070745
304.7,-0.193125,-0.292118,0.468014,0.070745
304.8,-0.165361,-0.262452,0.482651,0.070745
304.9,-0.140764,-0.228896,0.49337,0.070745
305,-0.119687,-0.192175,0.500274,0.070745
305.1,-0.10241,-0.153022,0.503706,0.070745
305.2,-0.0891401,-0.112147,0.504219,0.070745
305.3,-0.0800157,-0.070218,0.50252,0.070745
305.4,-0.0751116,-0.027834,0.499417,0.070745
305.5,-0.0744466,0.0144837,0.495772,0.070745
305.6,-0.0779916,0.0563013,0.492444,0.070745
305.7,-0.0856786,0.0972742,0.490256,0.070745
305.8,-0.0974096,0.137145,0.489956,0.070745
305.9,-0.113065,0.175737,0.492196,-0.0968685
306,-0.132511,0.212948,0.497516,0.0159387
306.1,-0.155607,0.248734,0.506338,0.114457
306.2,-0.18221,0.283104,0.518958,0.201024
306.3,-0.212182,0.316104,0.535554,0.277835
306.4,-0.245388,0.347805,0.556186,0.34673
306.5,-0.281702,0.378293,0.580805,0.409175
306.6,-0.321009,0.407654,0.609259,0.46632
306.7,-0.363198,0.435966,0.6413,0.519057
306.8,-0.408169,0.463289,0.676587,0.568073
306.9,-0.455824,0.489654,0.714693,0.61389
307,-0.506068,0.515054,0.755103,0.656901
307.1,-0.558801,0.539435,0.79722,0.697392
307.2,-0.613917,0.562692,0.840357,0.735562
307.3,-0.671297,0.584656,0.883738,0.771532
307.4,-0.730798,0.605089,0.926495,0.805357
307.5,-0.792253,0.623677,0.967664,0.837033
307.6,-0.855459,0.640025,1.00618,0.866499
307.7,-0.920167,0.653645,1.04089,0.893638
307.8,-0.986078,0.663961,1.07054,0.918277
307.9,-1.05283,0.670298,1.09382,0.940181
308,-1.11998,0.671887,1.10934,0.959049
308.1,-1.18702,0.66787,1.11573,0.974498
308.2,-1.25333,0.657306,1.11167,0.986055
308.3,-1.31823,0.639194,1.09594,0.993127
308.4,-1.38089,0.612502,1.0676,0.994971
308.5,-1.44041,0.576202,1.02607,0.990644
308.6,-1.49578,0.529331,0.971307,0.978922
308.7,-1.54589,0.471063,0.903976,0.958181
308.8,-1.58959,0.400794,0.825645,0.926177
308.9,-1.62564,0.318248,0.738934,0.879666
309,-1.65283,0.223593,0.647627,0.813663
309.1,-1.66998,0.117553,0.556691,0.719889
309.2,-1.67601,0.00151822,0.472146,0.583333
309.3,-1.67002,-0.12238,0.40077,0.375563
309.4,-1.65137,-0.251236,0.349597,0.375563
309.5,-1.61973,-0.381406,0.325228,0.375563
309.6,-1.57518,-0.508631,0.333011,0.375563
309.7,-1.51826,-0.628244,0.376195,0.375563
309.8,-1.44995,-0.735466,0.45521,0.375563
309.9,-1.37173,-0.825757,0.567233,0.375563
310,-1.28549,-0.895197,0.706175,0.375563
310.1,-1.19348,-0.940824,0.863161,0.375563
310.2,-1.09818,-0.960907,1.02747,0.375563
310.3,-1.00217,-0.955079,1.18775,0.375563
310.4,-0.907997,-0.924341,1.33342,0.375563
310.5,-0.818058,-0.870916,1.45577,0.375563
310.6,-0.734465,-0.797989,1.54887,0.375563
310.7,-0.658983,-0.709378,1.60992,0.375563
310.8,-0.592976,-0.609181,1.63918,0.375563
310.9,-0.537397,-0.501452,1.6395,0.375563
311,-0.492811,-0.389933,1.61567,0.375563
311.1,-0.459428,-0.277864,1.57357,0.375563
311.2,-0.437168,-0.167875,1.5195,0.375563
311.3,-0.425717,-0.0619519,1.45957,0.375563
311.4,-0.424596,0.0385383,1.39921,0.375563
311.5,-0.433216,0.132786,1.34299,0.270977
311.6,-0.450933,0.220447,1.29444,0.38773
311.7,-0.477087,0.301547,1.25609,0.487388
311.8,-0.511034,0.376382,1.22953,0.573071
311.9,-0.55217,0.445427,1.21556,0.647748
312,-0.599945,0.509262,1.21427,0.713848
312.1,-0.653869,0.568497,1.22525,0.773249
312.2,-0.713511,0.623727,1.24761,0.827375
312.3,-0.778499,0.67548,1.28019,0.877279
312.4,-0.848506,0.72419,1.32154,0.923742
312.5,-0.923246,0.770166,1.37002,0.967325
312.6,-1.00245,0.813573,1.42383,1.00842
312.7,-1.08587,0.854413,1.48102,1.04728
312.8,-1.17325,0.892512,1.53948,1.08403
312.9,-1.26427,0.927505,1.59695,1.11874
313,-1.35862,0.958823,1.651,1.15135
313.1,-1.45589,0.985683,1.69904,1.18175
313.2,-1.55558,1.00708,1.73827,1.20975
313.3,-1.65708,1.02177,1.76575,1.23507
313.4,-1.75966,1.02828,1.77844,1.25736
313.5,-1.86241,1.02492,1.77327,1.27617
313.6,-1.96425,1.00979,1.74727,1.29093
313.7,-2.06391,0.980819,1.69787,1.30095
313.8,-2.15988,0.935859,1.62313,1.30534
313.9,-2.25047,0.872771,1.52215,1.30297
314,-2.33377,0.789581,1.39558,1.29237
314.1,-2.40767,0.68468,1.24612,1.27156
314.2,-2.46994,0.557067,1.07903,1.23775
314.3,-2.51832,0.406643,0.902537,1.18676
314.4,-2.55055,0.23451,0.727935,1.11165
314.5,-2.56458,0.0432574,0.569291,0.9994
314.6,-2.5587,-0.162821,0.442556,0.819878
314.7,-2.53172,-0.37766,0.364005,0.481921
314.8,-2.48313,-0.593551,0.348085,0.481921
314.9,-2.41328,-0.801527,0.40492,0.481921
315,-2.32341,-0.992005,0.537948,0.481921
315.1,-2.21577,-1.15564,0.742292,0.481921
315.2,-2.09345,-1.28428,1.00442,0.481921
315.3,-1.96029,-1.37185,1.30339,0.481921
315.4,-1.82057,-1.41506,1.61365,0.481921
315.5,-1.67877,-1.41368,1.90868,0.481921
315.6,-1.53923,-1.37045,2.16484,0.481921
315.7,-1.4059,-1.29065,2.36445,0.481921
315.8,-1.28208,-1.18129,2.49749,0.481921
315.9,-1.17036,-1.05027,2.56185,0.481921
316,-1.07248,-0.905593,2.5622,0.481921
316.1,-0.989449,-0.754643,2.50812,0.481921
316.2,-0.921552,-0.60377,2.4119,0.481921
316.3,-0.868522,-0.458038,2.28659,0.481921
316.4,-0.829647,-0.321188,2.14441,0.481921
316.5,-0.803903,-0.195735,1.99578,0.481921
316.6,-0.79007,-0.0831508,1.84883,0.481921
316.7,-0.786822,0.0159149,1.70933,0.340811
316.8,-0.7928,0.101412,1.58085,0.431609
316.9,-0.806663,0.17369,1.46514,0.505763
317,-0.827117,0.233325,1.36247,0.565674
317.1,-0.852929,0.28099,1.27201,0.613621
317.2,-0.882938,0.317358,1.19225,0.65141
317.3,-0.916045,0.34304,1.1212,0.680329
317.4,-0.951207,0.35854,1.05671,0.701199
317.5,-0.987427,0.36425,0.996599,0.714433
317.6,-1.02374,0.36045,0.938872,0.720071
317.7,-1.05921,0.347327,0.881808,0.717794
317.8,-1.0929,0.325007,0.824085,0.706894
317.9,-1.1239,0.293603,0.764869,0.686205
318,-1.15132,0.253261,0.70389,0.653947
318.1,-1.17427,0.204218,0.641498,0.607472
318.2,-1.19189,0.14687,0.578699,0.54279
318.3,-1.20338,0.0818257,0.517147,0.453788
318.4,-1.20803,0.00996738,0.459091,0.33114
318.5,-1.20519,-0.0675045,0.407264,0.33114
318.6,-1.19439,-0.149043,0.364698,0.33114
318.7,-1.17531,-0.232754,0.334482,0.33114
318.8,-1.14784,-0.316422,0.319448,0.33114
318.9,-1.11211,-0.397575,0.321835,0.33114
319,-1.0685,-0.473588,0.342958,0.33114
319.1,-1.01765,-0.541811,0.382932,0.33114
319.2,-0.960477,-0.599732,0.440501,0.33114
319.3,-0.898121,-0.645134,0.513017,0.33114
319.4,-0.831927,-0.676255,0.596595,0.33114
319.5,-0.763386,-0.691913,0.686432,0.33114
319.6,-0.694078,-0.691587,0.777253,0.33114
319.7,-0.625597,-0.675448,0.86383,0.33114
319.8,-0.559488,-0.644318,0.941489,0.33114
319.9,-0.497187,-0.599596,1.00653,0.33114
320,-0.439961,-0.543122,1.05653,0.33114
320.1,-0.388883,-0.477026,1.09044,0.33114
320.2,-0.344801,-0.403571,1.10856,0.33114
320.3,-0.308339,-0.325005,1.11238,0.33114
320.4,-0.2799,-0.24343,1.10426,0.33114
320.5,-0.259691,-0.160708,1.08717,0.33114
320.6,-0.247745,-0.0783992,1.06439,0.33114
320.7,-0.243956,0.00226931,1.0392,0.33114
320.8,-0.248114,0.0804067,1.01467,0.33114
320.9,-0.259934,0.15544,0.993573,0.139491
321,-0.279088,0.227082,0.978214,0.262984
321.1,-0.305235,0.295286,0.970451,0.36975
321.2,-0.338036,0.360204,0.971678,0.462669
321.3,-0.377176,0.422136,0.982862,0.54461
321.4,-0.422377,0.481491,1.00459,0.617985
321.5,-0.473404,0.538746,1.03714,0.684701
321.6,-0.530073,0.594411,1.08051,0.746235
321.7,-0.592251,0.649003,1.13449,0.803718
321.8,-0.659855,0.703018,1.1987,0.858014
321.9,-0.732851,0.756917,1.27264,0.909783
322,-0.811248,0.811101,1.3557,0.959521
322.1,-0.895092,0.865906,1.44716,1.0076
322.2,-0.984458,0.921585,1.54623,1.0543
322.3,-1.07944,0.978296,1.652,1.0998
322.4,-1.18015,1.03609,1.76346,1.14423
322.5,-1.2867,1.09491,1.87945,1.18766
322.6,-1.39916,1.15455,1.99862,1.23013
322.7,-1.51762,1.21466,2.11939,1.2716
322.8,-1.64209,1.2747,2.23989,1.31204
322.9,-1.77254,1.33394,2.35787,1.35133
323,-1.90882,1.3914,2.47067,1.38937
323.1,-2.05072,1.44584,2.5751,1.42597
323.2,-2.19784,1.4957,2.66743,1.46092
323.3,-2.34964,1.53905,2.7433,1.49397
323.4,-2.50535,1.57359,2.79773,1.52477
323.5,-2.66397,1.59653,2.82521,1.55294
323.6,-2.82417,1.60468,2.81981,1.57801
323.7,-2.98429,1.59437,2.77551,1.59937
323.8,-3.14229,1.56151,2.68668,1.61633
323.9,-3.2957,1.50176,2.54881,1.62799
324,-3.4416,1.41067,2.35951,1.63326
324.1,-3.57665,1.28402,2.11974,1.63073
324.2,-3.6971,1.11828,1.83529,1.61858
324.3,-3.79892,0.911181,1.51818,1.59435
324.4,-3.87794,0.662433,1.18765,1.55448
324.5,-3.9301,0.374454,0.870414,1.49342
324.6,-3.95172,0.0530509,0.599364,1.40116
324.7,-3.93991,-0.292161,0.410433,1.25524
324.8,-3.89293,-0.647795,0.337479,0.975194
324.9,-3.81055,-0.997345,0.405752,0.975194
325,-3.69427,-1.32256,0.625325,0.975194
325.1,-3.54745,-1.60537,0.986398,0.975194
325.2,-3.37514,-1.8302,1.45839,0.975194
325.3,-3.18372,-1.98597,1.99374,0.975194
325.4,-2.98042,-2.06757,2.53598,0.975194
325.5,-2.77264,-2.07633,3.02974,0.975194
325.6,-2.56735,-2.01937,3.43013,0.975194
325.7,-2.37058,-1.90814,3.70884,0.975194
325.8,-2.18707,-1.75656,3.85597,0.975194
325.9,-2.02013,-1.5791,3.87792,0.975194
326,-1.87166,-1.3892,3.79274,0.975194
326.1,-1.74232,-1.19829,3.62472,0.975194
326.2,-1.63174,-1.01525,3.39959,0.975194
326.3,-1.5388,-0.846414,3.141,0.975194
326.4,-1.46185,-0.695798,2.86852,0.975194
326.5,-1.39896,-0.565514,2.59695,0.975194
326.6,-1.34804,-0.456225,2.33649,0.975194
326.7,-1.30702,-0.367572,2.09342,0.975194
326.8,-1.27388,-0.298518,1.87099,0.975194
326.9,-1.24671,-0.247623,1.67029,0.975194
327,-1.2238,-0.213228,1.49105,0.975194
327.1,-1.20358,-0.193583,1.3322,0.975194
327.2,-1.18465,-0.186913,1.19238,0.975194
327.3,-1.16582,-0.191453,1.07021,0.975194
327.4,-1.14605,-0.205457,0.964468,0.975194
327.5,-1.12447,-0.227193,0.874187,0.975194
327.6,-1.10041,-0.25494,0.798632,0.975194
327.7,-1.07334,-0.286975,0.737262,0.975194
327.8,-1.04293,-0.321586,0.689636,0.975194
327.9,-1.00899,-0.357073,0.6553,0.975194
328,-0.971538,-0.391783,0.633674,0.975194
328.1,-0.930716,-0.424136,0.623955,0.975194
328.2,-0.886838,-0.452673,0.625043,0.975194
328.3,-0.840353,-0.476095,0.635508,0.975194
328.4,-0.791826,-0.493319,0.653601,0.975194
328.5,-0.741924,-0.503507,0.677313,0.975194
328.6,-0.691378,-0.506105,0.70447,0.975194
328.7,-0.640965,-0.500852,0.732857,0.975194
328.8,-0.591469,-0.487787,0.76036,0.975194
328.9,-0.543658,-0.467223,0.785096,0.975194
329,-0.498255,-0.439723,0.805528,0.975194
329.1,-0.455919,-0.406052,0.820544,0.975194
329.2,-0.41722,-0.367122,0.829498,0.975194
329.3,-0.382636,-0.323942,0.832209,0.975194
329.4,-0.352539,-0.277558,0.828921,0.975194
329.5,-0.327197,-0.229004,0.820239,0.975194
329.6,-0.306777,-0.179264,0.807039,0.975194
329.7,-0.291353,-0.129234,0.790376,0.975194
329.8,-0.280914,-0.0797035,0.77139,0.975194
329.9,-0.275374,-0.0313417,0.751222,0.975194
330,-0.274588,0.0153042,0.730946,0.975194
330.1,-0.278363,0.0598061,0.711513,0.975194
330.2,-0.286467,0.101845,0.693715,0.975194
330.3,-0.298642,0.141195,0.678164,0.0447202
330.4,-0.314612,0.177712,0.66528,0.126136
330.5,-0.334087,0.211309,0.655299,0.198263
330.6,-0.356775,0.241946,0.648276,0.261984
330.7,-0.382377,0.269607,0.644102,0.318283
330.8,-0.410597,0.29429,0.642523,0.36807
330.9,-0.441136,0.315989,0.643156,0.412115
331,-0.473694,0.334684,0.645509,0.45103
331.1,-0.507971,0.350333,0.649003,0.485277
331.2,-0.543657,0.36286,0.652988,0.51518
331.3,-0.580435,0.372155,0.656763,0.540936
331.4,-0.617975,0.378069,0.659599,0.562624
331.5,-0.65593,0.38041,0.660756,0.580211
331.6,-0.693931,0.378952,0.659508,0.593556
331.7,-0.731585,0.373434,0.655169,0.602399
331.8,-0.768473,0.363571,0.647127,0.606354
331.9,-0.804145,0.349065,0.634871,0.604885
332,-0.838121,0.32962,0.618035,0.597272
332.1,-0.869895,0.304962,0.596438,0.582562
332.2,-0.898932,0.274862,0.570127,0.55948
332.3,-0.924681,0.239164,0.539422,0.526307
332.4,-0.946576,0.197813,0.504953,0.480675
332.5,-0.964057,0.150893,0.467685,0.419262
332.6,-0.976577,0.0986544,0.428935,0.337335
332.7,-0.983626,0.0415518,0.390349,0.228309
332.8,-0.984748,-0.0197335,0.353866,0.228309
332.9,-0.97957,-0.0842732,0.321626,0.228309
333,-0.967824,-0.150887,0.295856,0.228309
333.1,-0.949371,-0.218155,0.278705,0.228309
333.2,-0.924225,-0.284447,0.272058,0.228309
333.3,-0.892574,-0.347973,0.277341,0.228309
333.4,-0.854785,-0.406864,0.295335,0.228309
333.5,-0.811418,-0.459253,0.326027,0.228309
333.6,-0.76321,-0.503386,0.368531,0.228309
333.7,-0.711067,-0.537721,0.421089,0.228309
333.8,-0.656034,-0.561033,0.48118,0.228309
333.9,-0.599257,-0.572486,0.545707,0.228309
334,-0.541945,-0.571691,0.611264,0.228309
334.1,-0.485325,-0.558725,0.674446,0.228309
334.2,-0.430589,-0.534113,0.732147,0.228309
334.3,-0.37886,-0.498781,0.781832,0.228309
334.4,-0.331149,-0.45398,0.821724,0.228309
334.5,-0.28833,-0.401187,0.850912,0.228309
334.6,-0.251124,-0.34201,0.869353,0.228309
334.7,-0.220087,-0.278081,0.877803,0.228309
334.8,-0.195614,-0.210972,0.877676,0.228309
334.9,-0.17795,-0.142119,0.870865,0.228309
335,-0.167206,-0.0727697,0.859561,0.228309
335.1,-0.163378,-0.00395149,0.846069,0.228309
335.2,-0.166372,0.063544,0.832662,0.228309
335.3,-0.176024,0.129158,0.821457,0.228309
335.4,-0.192129,0.192552,0.814334,0.117928
335.5,-0.214456,0.253582,0.812894,0.236324
335.6,-0.242767,0.312273,0.818432,0.33912
335.7,-0.276838,0.368789,0.83195,0.429287
335.8,-0.316462,0.423401,0.85417,0.509505
335.9,-0.361466,0.476458,0.88557,0.581958
336,-0.411715,0.528362,0.926413,0.648355
336.1,-0.467114,0.579544,0.976789,0.710017
336.2,-0.527614,0.630443,1.03664,0.767961
336.3,-0.593208,0.68149,1.1058,0.822972
336.4,-0.66393,0.733092,1.184,0.875652
336.5,-0.739857,0.785622,1.27091,0.926463
336.6,-0.821097,0.839403,1.36612,0.975755
336.7,-0.907788,0.894706,1.46916,1.02379
336.8,-1.0001,0.951733,1.57949,1.07076
336.9,-1.0982,1.01061,1.69649,1.11681
337,-1.20228,1.07139,1.81941,1.16201
337.1,-1.31254,1.134,1.9474,1.20641
337.2,-1.42914,1.19829,2.0794,1.25003
337.3,-1.55224,1.26393,2.21411,1.29284
337.4,-1.68195,1.33048,2.34996,1.3348
337.5,-1.81834,1.39728,2.48499,1.37583
337.6,-1.96139,1.46348,2.6168,1.4158
337.7,-2.11098,1.52794,2.74246,1.45459
337.8,-2.26687,1.58924,2.85841,1.492
337.9,-2.42866,1.64559,2.9604,1.52781
338,-2.59575,1.69478,3.04343,1.56176
338.1,-2.76729,1.73415,3.10173,1.59349
338.2,-2.94215,1.76052,3.12886,1.62261
338.3,-3.11884,1.77016,3.1179,1.64862
338.4,-3.29548,1.75882,3.06178,1.67091
338.5,-3.46975,1.72177,2.95394,1.68877
338.6,-3.63881,1.65394,2.78922,1.70127
338.7,-3.79934,1.55015,2.56511,1.7073
338.8,-3.94748,1.40557,2.28332,1.70544
338.9,-4.07896,1.2162,1.95157,1.69382
339,-4.18915,0.979646,1.58531,1.66998
339.1,-4.27331,0.695952,1.20881,1.63034
339.2,-4.32688,0.36852,0.855174,1.56936
339.3,-4.3458,0.00485726,0.56433,1.47707
339.4,-4.32703,-0.383009,0.378581,1.33081
339.5,-4.26894,-0.778741,0.3358,1.04507
339.6,-4.17168,-1.1627,0.461214,1.04507
339.7,-4.03749,-1.5138,0.759798,1.04507
339.8,-3.87068,-1.81201,1.21182,1.04507
339.9,-3.6774,-2.04101,1.77368,1.04507
340,-3.46514,-2.19047,2.38465,1.04507
340.1,-3.24207,-2.25734,2.97795,1.04507
340.2,-3.01629,-2.24583,3.49306,1.04507
340.3,-2.79518,-2.16626,3.88559,1.04507
340.4,-2.58483,-2.03299,4.13245,1.04507
340.5,-2.38983,-1.86219,4.23157,1.04507
340.6,-2.21312,-1.6697,4.19764,1.04507
340.7,-2.05614,-1.46955,4.05581,1.04507
340.8,-1.91908,-1.27305,3.83544,1.04507
340.9,-1.80113,-1.08857,3.56513,1.04507
341,-1.70078,-0.921672,3.26958,1.04507
341.1,-1.6161,-0.775524,2.96818,1.04507
341.2,-1.54494,-0.651433,2.67483,1.04507
341.3,-1.48508,-0.549346,2.39861,1.04507
341.4,-1.43437,-0.468287,2.14466,1.04507
341.5,-1.39077,-0.406702,1.91534,1.04507
341.6,-1.35244,-0.362713,1.71105,1.04507
341.7,-1.31771,-0.334288,1.53108,1.04507
341.8,-1.28513,-0.319344,1.3741,1.04507
341.9,-1.25346,-0.31581,1.23857,1.04507
342,-1.22166,-0.321655,1.12295,1.04507
342.1,-1.18888,-0.334904,1.02582,1.04507
342.2,-1.1545,-0.35364,0.945921,1.04507
342.3,-1.11804,-0.376014,0.88207,1.04507
342.4,-1.07923,-0.400257,0.833139,1.04507
342.5,-1.03798,-0.424692,0.79796,1.04507
342.6,-0.994337,-0.447765,0.775252,1.04507
342.7,-0.948517,-0.468069,0.76357,1.04507
342.8,-0.900857,-0.48438,0.761276,1.04507
342.9,-0.851808,-0.495686,0.766551,1.04507
343,-0.801912,-0.501216,0.777439,1.04507
343.1,-0.751775,-0.500453,0.791918,1.04507
343.2,-0.70204,-0.493148,0.807992,1.04507
343.3,-0.653364,-0.479307,0.823795,1.04507
343.4,-0.606388,-0.459182,0.837684,1.04507
343.5,-0.561722,-0.433234,0.848323,1.04507
343.6,-0.519915,-0.402099,0.854733,1.04507
343.7,-0.481449,-0.366543,0.856323,1.04507
343.8,-0.446725,-0.327417,0.85288,1.04507
343.9,-0.416055,-0.285611,0.844541,1.04507
344,-0.389663,-0.242012,0.831734,1.04507
344.1,-0.367684,-0.197471,0.815112,1.04507
344.2,-0.350174,-0.152776,0.795475,1.04507
344.3,-0.337111,-0.10863,0.773703,1.04507
344.4,-0.328409,-0.0656442,0.750682,1.04507
344.5,-0.323926,-0.0243298,0.727249,1.04507
344.6,-0.323473,0.0148974,0.704152,1.04507
344.7,-0.326825,0.0517111,0.682012,1.04507
344.8,-0.333727,0.0858646,0.661312,1.04507
344.9,-0.343903,0.117178,0.642382,0.0124934
345,-0.357063,0.145526,0.625403,0.0776875
345.1,-0.372907,0.170823,0.610418,0.135304
345.2,-0.391124,0.193013,0.597337,0.185759
345.3,-0.411404,0.212054,0.58596,0.229559
345.4,-0.433429,0.227913,0.575991,0.267193
345.5,-0.456879,0.240554,0.567062,0.29907
345.6,-0.481431,0.249933,0.558746,0.325492
345.7,-0.506756,0.255996,0.550586,0.346646
345.8,-0.532518,0.258674,0.542107,0.362588
345.9,-0.558375,0.257885,0.532845,0.373254
346,-0.583976,0.253536,0.522366,0.378434
346.1,-0.60896,0.24553,0.510287,0.377775
346.2,-0.632957,0.23377,0.496301,0.370753
346.3,-0.655586,0.218173,0.480198,0.35663
346.4,-0.676461,0.198678,0.461891,0.334414
346.5,-0.695191,0.175259,0.441435,0.302778
346.6,-0.711383,0.147946,0.419044,0.259965
346.7,-0.724653,0.116837,0.395107,0.203663
346.8,-0.73463,0.0821141,0.370191,0.130921
346.9,-0.740965,0.0440625,0.345037,0.0382716
347,-0.743345,0.00308239,0.320547,0.0382716
347.1,-0.741501,-0.0403,0.297747,0.0382716
347.2,-0.735227,-0.0854276,0.277742,0.0382716
347.3,-0.724384,-0.131514,0.261654,0.0382716
347.4,-0.708922,-0.177653,0.250548,0.0382716
347.5,-0.688885,-0.222839,0.245341,0.0382716
347.6,-0.664422,-0.265994,0.246723,0.0382716
347.7,-0.635791,-0.306007,0.255076,0.0382716
347.8,-0.603362,-0.341778,0.27041,0.0382716
347.9,-0.567611,-0.372267,0.292332,0.0382716
348,-0.529115,-0.396549,0.320041,0.0382716
348.1,-0.488534,-0.413858,0.352369,0.0382716
348.2,-0.446595,-0.423631,0.387852,0.0382716
348.3,-0.404071,-0.425537,0.424834,0.0382716
348.4,-0.361753,-0.419493,0.461598,0.0382716
348.5,-0.320432,-0.405664,0.496497,0.0382716
348.6,-0.280867,-0.384449,0.528077,0.0382716
348.7,-0.243768,-0.356453,0.555188,0.0382716
348.8,-0.209777,-0.322444,0.577054,0.0382716
348.9,-0.179451,-0.283308,0.593308,0.0382716
349,-0.153255,-0.239996,0.604,0.0382716
349.1,-0.131558,-0.19348,0.609554,0.0382716
349.2,-0.114634,-0.144703,0.610717,0.0382716
349.3,-0.102664,-0.0945424,0.608478,0.0382716
349.4,-0.0957452,-0.0437836,0.603988,0.0382716
349.5,-0.0939043,0.00690282,0.598478,0.0382716
349.6,-0.097105,0.0569703,0.593183,0.0382716
349.7,-0.105264,0.106,0.589284,0.0382716
349.8,-0.11826,0.153696,0.587857,-0.103978
349.9,-0.135952,0.199876,0.589842,0.0232216
350,-0.158182,0.244462,0.596023,0.133972
350.1,-0.184792,0.287459,0.607022,0.230668
350.2,-0.215624,0.328944,0.623294,0.315919
350.3,-0.250534,0.369043,0.645139,0.392007
350.4,-0.289392,0.407924,0.672712,0.46078
350.5,-0.332084,0.445771,0.706031,0.52369
350.6,-0.378518,0.482777,0.744994,0.581865
350.7,-0.428618,0.519125,0.789388,0.636174
350.8,-0.482327,0.554981,0.838898,0.687288
350.9,-0.539602,0.590478,0.893113,0.735721
351,-0.600413,0.625706,0.951527,0.78186
351.1,-0.664736,0.660703,1.01354,0.825992
351.2,-0.732546,0.695447,1.07845,0.868322
351.3,-0.803813,0.729837,1.14543,0.908985
351.4,-0.878495,0.763695,1.21357,0.948056
351.5,-0.956526,0.796742,1.28176,0.985558
351.6,-1.0378,0.828596,1.3488,1.02146
351.7,-1.12219,0.858751,1.41325,1.0557
351.8,-1.20948,0.886571,1.47351,1.08816
351.9,-1.2994,0.911271,1.52778,1.11868
352,-1.3916,0.931904,1.57401,1.14703
352.1,-1.48561,0.947352,1.60999,1.17296
352.2,-1.58085,0.956318,1.63331,1.19612
352.3,-1.67661,0.957322,1.64147,1.21612
352.4,-1.77199,0.948713,1.63195,1.23244
352.5,-1.86597,0.928691,1.6024,1.24446
352.6,-1.95729,0.895354,1.55086,1.25142
352.7,-2.04453,0.846763,1.47602,1.25234
352.8,-2.12607,0.781055,1.37764,1.24599
352.9,-2.20011,0.696582,1.25695,1.23072
353,-2.26472,0.592097,1.1171,1.2043
353.1,-2.31785,0.466982,0.963563,1.16347
353.2,-2.35744,0.321501,0.804401,1.1032
353.3,-2.38151,0.157058,0.650278,1.01484
353.4,-2.38831,-0.0235743,0.514052,0.88112
353.5,-2.3764,-0.216101,0.409872,0.659515
353.6,-2.34488,-0.414689,0.351723,0.659515
353.7,-2.2935,-0.612133,0.351516,0.659515
353.8,-2.22277,-0.800243,0.41698,0.659515
353.9,-2.13405,-0.970438,0.549765,0.659515
354,-2.02955,-1.11451,0.74425,0.659515
354.1,-1.91225,-1.22544,0.987488,0.659515
354.2,-1.78574,-1.29816,1.26047,0.659515
354.3,-1.65398,-1.33008,1.54062,0.659515
354.4,-1.52108,-1.32132,1.8049,0.659515
354.5,-1.39099,-1.27462,2.03307,0.659515
354.6,-1.26726,-1.19483,2.21016,0.659515
354.7,-1.15291,-1.08834,2.32786,0.659515
354.8,-1.05025,-0.962268,2.38464,0.659515
354.9,-0.96087,-0.823795,2.38481,0.659515
355,-0.88568,-0.67956,2.33689,0.659515
355.1,-0.824959,-0.535276,2.25179,0.659515
355.2,-0.778473,-0.39552,2.1411,0.659515
355.3,-0.745589,-0.263692,2.01572,0.659515
355.4,-0.725392,-0.142091,1.88505,0.659515
355.5,-0.716784,-0.0320748,1.75647,0.659515
355.6,-0.71857,0.0657488,1.63529,0.362589
355.7,-0.729525,0.151324,1.52487,0.455719
355.8,-0.748437,0.224967,1.42685,0.532651
355.9,-0.774138,0.287206,1.34156,0.596046
356,-0.805519,0.338662,1.26825,0.648294
356.1,-0.841532,0.37995,1.20547,0.691273
356.2,-0.881188,0.411615,1.15128,0.726346
356.3,-0.923549,0.43409,1.10347,0.754438
356.4,-0.96771,0.447675,1.05975,0.776106
356.5,-1.01279,0.452529,1.01788,0.791594
356.6,-1.05793,0.448683,0.975787,0.800865
356.7,-1.10224,0.436061,0.931666,0.803608
356.8,-1.14484,0.41451,0.884089,0.799223
356.9,-1.18484,0.38385,0.832095,0.786768
357,-1.2213,0.343919,0.775282,0.764865
357.1,-1.25331,0.294641,0.713888,0.731522
357.2,-1.27992,0.236093,0.648867,0.683818
357.3,-1.30023,0.168576,0.581929,0.617335
357.4,-1.31336,0.0926896,0.515531,0.52512
357.5,-1.31852,0.00939862,0.452818,0.395958
357.6,-1.31503,-0.0799168,0.397469,0.213196
357.7,-1.30239,-0.173431,0.353456,0.213196
357.8,-1.28028,-0.268879,0.324714,0.213196
357.9,-1.24864,-0.363601,0.314733,0.213196
358,-1.20769,-0.454636,0.326116,0.213196
358.1,-1.15794,-0.538864,0.360158,0.213196
358.2,-1.10024,-0.613181,0.416525,0.213196
358.3,-1.03573,-0.674705,0.493084,0.213196
358.4,-0.965812,-0.720985,0.585959,0.213196
358.5,-0.892105,-0.750183,0.689812,0.213196
358.6,-0.816381,-0.76122,0.798347,0.213196
358.7,-0.740476,-0.753848,0.904943,0.213196
358.8,-0.666207,-0.728655,1.00334,0.213196
358.9,-0.595295,-0.686984,1.08828,0.213196
359,-0.529294,-0.630799,1.15595,0.213196
359.1,-0.469539,-0.562508,1.20426,0.213196
359.2,-0.417108,-0.484758,1.23288,0.213196
359.3,-0.372813,-0.400241,1.24306,0.213196
359.4,-0.337199,-0.311529,1.23733,0.213196
359.5,-0.310569,-0.220933,1.21909,0.213196
359.6,-0.29301,-0.130416,1.19223,0.213196
359.7,-0.284431,-0.0415431,1.16074,0.213196
359.8,-0.284607,0.0445281,1.12845,0.213196
359.9,-0.293217,0.127031,1.09876,0.136145
360,-0.30988,0.205552,1.07456,0.265108
360.1,-0.334191,0.279974,1.05818,0.376286
360.2,-0.365743,0.350428,1.05136,0.472479
360.3,-0.404154,0.417227,1.05528,0.556744
360.4,-0.449081,0.480818,1.07067,0.631721
360.5,-0.500229,0.541732,1.09787,0.699509
360.6,-0.557357,0.600542,1.13687,0.761729
360.7,-0.620286,0.657827,1.18741,0.81962
360.8,-0.688891,0.714147,1.24902,0.874126
360.9,-0.7631,0.770016,1.3211,0.92596
361,-0.842894,0.825884,1.40289,0.975659
361.1,-0.92829,0.882124,1.49355,1.02362
361.2,-1.01934,0.939013,1.59215,1.07015
361.3,-1.11612,0.996725,1.69765,1.11542
361.4,-1.21871,1.05532,1.80886,1.15959
361.5,-1.32721,1.11471,1.92449,1.20273
361.6,-1.44168,1.17467,2.04302,1.24485
361.7,-1.56215,1.23481,2.16269,1.28594
361.8,-1.68862,1.29455,2.28144,1.32593
361.9,-1.82102,1.35307,2.39682,1.36473
362,-1.95916,1.40931,2.50594,1.40219
362.1,-2.10276,1.46192,2.60537,1.43812
362.2,-2.25137,1.50921,2.69114,1.47231
362.3,-2.40436,1.54912,2.75862,1.50445
362.4,-2.56086,1.57916,2.80263,1.53421
362.5,-2.71976,1.59642,2.81748,1.56115
362.6,-2.87961,1.5975,2.79717,1.58475
362.7,-3.0386,1.57859,2.73582,1.60439
362.8,-3.19452,1.5355,2.62816,1.61927
362.9,-3.34475,1.46384,2.47043,1.62845
363,-3.48619,1.35922,2.26142,1.6307
363.1,-3.61536,1.21767,2.00387,1.62449
363.2,-3.72839,1.0361,1.70584,1.60775
363.3,-3.82119,0.812966,1.38209,1.57766
363.4,-3.88962,0.548967,1.05478,1.52999
363.5,-3.92974,0.247794,0.753174,1.45784
363.6,-3.93817,-0.0832869,0.511667,1.34779
363.7,-3.91245,-0.433172,0.365879,1.16506
363.8,-3.8514,-0.787183,0.346892,0.724704
363.9,-3.75545,-1.128,0.474546,0.724704
364,-3.62685,-1.43728,0.751411,0.724704
364.1,-3.46963,-1.69774,1.15942,0.724704
364.2,-3.2894,-1.89542,1.66078,0.724704
364.3,-3.09294,-2.02153,2.20357,0.724704
364.4,-2.88757,-2.07352,2.73084,0.724704
364.5,-2.68059,-2.05509,3.19062,0.724704
364.6,-2.47861,-1.97524,3.54424,0.724704
364.7,-2.28717,-1.84658,3.77073,0.724704
364.8,-2.11044,-1.68338,3.867,0.724704
364.9,-1.95117,-1.49982,3.84456,0.724704
365,-1.81073,-1.30859,3.72443,0.724704
365.1,-1.68936,-1.12013,3.53185,0.724704
365.2,-1.58635,-0.942277,3.29195,0.724704
365.3,-1.50036,-0.78041,3.02683,0.724704
365.4,-1.42963,-0.637738,2.75419,0.724704
365.5,-1.37213,-0.515756,2.4869,0.724704
365.6,-1.32578,-0.414687,2.23351,0.724704
365.7,-1.28851,-0.333879,1.999,0.724704
365.8,-1.25837,-0.272119,1.78566,0.724704
365.9,-1.2335,-0.227874,1.59396,0.724704
366,-1.21226,-0.199449,1.42324,0.724704
366.1,-1.19315,-0.18509,1.2723,0.724704
366.2,-1.17484,-0.183033,1.13972,0.724704
366.3,-1.15619,-0.191533,1.02419,0.724704
366.4,-1.13623,-0.208859,0.924571,0.724704
366.5,-1.11418,-0.233294,0.840008,0.724704
366.6,-1.0894,-0.263122,0.769865,0.724704
366.7,-1.06143,-0.296629,0.713671,0.724704
366.8,-1.03,-0.332107,0.671018,0.724704
366.9,-0.995001,-0.367871,0.641444,0.724704
367,-0.956475,-0.402285,0.624322,0.724704
367.1,-0.91464,-0.433805,0.61877,0.724704
367.2,-0.869858,-0.461015,0.623587,0.724704
367.3,-0.822622,-0.482682,0.637237,0.724704
367.4,-0.77354,-0.497797,0.657874,0.724704
367.5,-0.723307,-0.505614,0.683416,0.724704
367.6,-0.672677,-0.505672,0.711652,0.724704
367.7,-0.622436,-0.497815,0.740376,0.724704
367.8,-0.573373,-0.482176,0.767527,0.724704
367.9,-0.526247,-0.459162,0.791318,0.724704
368,-0.481766,-0.42941,0.810341,0.724704
368.1,-0.440562,-0.393747,0.823633,0.724704
368.2,-0.403181,-0.353131,0.830707,0.724704
368.3,-0.370067,-0.308593,0.831532,0.724704
368.4,-0.341558,-0.261188,0.826488,0.724704
368.5,-0.317891,-0.211941,0.816289,0.724704
368.6,-0.299199,-0.161814,0.801891,0.724704
368.7,-0.285528,-0.111673,0.784397,0.724704
368.8,-0.27684,-0.0622711,0.764967,0.724704
368.9,-0.273028,-0.0142371,0.744736,0.724704
369,-0.27393,0.0319218,0.72475,0.724704
369.1,-0.279337,0.0758155,0.705918,0.724704
369.2,-0.289008,0.117159,0.688977,0.724704
369.3,-0.302677,0.155758,0.674482,0.0768975
369.4,-0.320064,0.19149,0.662792,0.155304
369.5,-0.340877,0.224289,0.654084,0.224658
369.6,-0.364823,0.254126,0.648355,0.285928
369.7,-0.391604,0.280995,0.645447,0.340101
369.8,-0.420923,0.304894,0.645056,0.388051
369.9,-0.452483,0.325817,0.646759,0.430504
370,-0.485986,0.343737,0.65003,0.468023
370.1,-0.521129,0.358603,0.654256,0.501027
370.2,-0.557602,0.370328,0.658763,0.529798
370.3,-0.595086,0.378787,0.66283,0.554496
370.4,-0.633245,0.383815,0.665712,0.575166
370.5,-0.671727,0.385205,0.666659,0.591744
370.6,-0.710157,0.382714,0.664942,0.604054
370.7,-0.748131,0.376065,0.659882,0.611804
370.8,-0.785221,0.364962,0.650878,0.614569
370.9,-0.820965,0.349094,0.637445,0.61177
371,-0.854871,0.32816,0.619255,0.602631
371.1,-0.886419,0.301886,0.596177,0.586126
371.2,-0.915063,0.270049,0.568327,0.560881
371.3,-0.940239,0.232508,0.536108,0.525035
371.4,-0.961373,0.189236,0.500249,0.476007
371.5,-0.977898,0.140351,0.461828,0.410149
371.6,-0.989266,0.086156,0.42228,0.322251
371.7,-0.99497,0.0271642,0.383373,0.205131
371.8,-0.994564,-0.0358701,0.347155,0.205131
371.9,-0.987694,-0.101938,0.315853,0.205131
372,-0.974117,-0.169775,0.291747,0.205131
372.1,-0.95373,-0.237873,0.276985,0.205131
372.2,-0.926591,-0.304525,0.273398,0.205131
372.3,-0.892935,-0.367878,0.282288,0.205131
372.4,-0.853189,-0.426015,0.30425,0.205131
372.5,-0.807969,-0.477055,0.339031,0.205131
372.6,-0.758073,-0.519256,0.385476,0.205131
372.7,-0.704462,-0.551128,0.441551,0.205131
372.8,-0.64823,-0.571522,0.504481,0.205131
372.9,-0.590565,-0.579711,0.570972,0.205131
373,-0.532704,-0.575433,0.637499,0.205131
373.1,-0.475888,-0.558901,0.700628,0.205131
373.2,-0.421311,-0.530775,0.757318,0.205131
373.3,-0.370084,-0.492106,0.80518,0.205131
373.4,-0.323196,-0.444248,0.842648,0.205131
373.5,-0.281489,-0.388759,0.869055,0.205131
373.6,-0.245644,-0.327293,0.884612,0.205131
373.7,-0.216174,-0.261507,0.890314,0.205131
373.8,-0.193434,-0.192965,0.887775,0.205131
373.9,-0.177626,-0.123076,0.879047,0.205131
374,-0.168823,-0.0530445,0.866422,0.205131
374.1,-0.166989,0.0161599,0.852263,0.205131
374.2,-0.172003,0.083807,0.83885,0.205131
374.3,-0.183682,0.149402,0.828278,0.0320239
374.4,-0.201806,0.212667,0.822377,0.162488
374.5,-0.226135,0.273517,0.822681,0.275558
374.6,-0.256431,0.332026,0.830413,0.373965
374.7,-0.292469,0.388401,0.846498,0.460647
374.8,-0.33405,0.442947,0.871586,0.538139
374.9,-0.38101,0.496043,0.906089,0.608468
375,-0.433224,0.548109,0.950214,0.673211
375.1,-0.490612,0.599591,1.004,0.733586
375.2,-0.553138,0.650935,1.06735,0.790529
375.3,-0.620809,0.702574,1.14007,0.844763
375.4,-0.693676,0.754916,1.22186,0.896841
375.5,-0.771828,0.808325,1.31236,0.947187
375.6,-0.855387,0.863119,1.41116,0.996121
375.7,-0.944506,0.919554,1.51776,1.04388
375.8,-1.03936,0.977819,1.6316,1.09064
375.9,-1.14013,1.03802,1.75204,1.13652
376,-1.24703,1.10019,1.87831,1.18159
376.1,-1.36024,1.16423,2.00949,1.22589
376.2,-1.47993,1.22995,2.14449,1.26942
376.3,-1.60627,1.297,2.28192,1.31215
376.4,-1.73936,1.36488,2.42012,1.35402
376.5,-1.87925,1.43289,2.55701,1.39494
376.6,-2.02591,1.50008,2.69003,1.4348
376.7,-2.1792,1.56526,2.81606,1.47345
376.8,-2.33885,1.62688,2.93132,1.51068
376.9,-2.5044,1.68305,3.03129,1.54627
377,-2.67519,1.7314,3.11069,1.57993
377.1,-2.85032,1.76911,3.16346,1.6113
377.2,-3.02855,1.79281,3.18284,1.63997
377.3,-3.20829,1.79857,3.16165,1.6654
377.4,-3.38752,1.78191,3.09271,1.68698
377.5,-3.56376,1.73789,2.96948,1.70394
377.6,-3.73401,1.66128,2.78717,1.71532
377.7,-3.89475,1.54681,2.54402,1.71993
377.8,-4.04195,1.38965,2.24306,1.71629
377.9,-4.17113,1.18602,1.89393,1.70241
378,-4.27753,0.933952,1.51457,1.67565
378.1,-4.35633,0.634234,1.13219,1.63211
378.2,-4.40293,0.291289,0.782767,1.56561
378.3,-4.41343,-0.0860927,0.508435,1.46461
378.4,-4.38501,-0.484467,0.352225,1.30086
378.5,-4.31643,-0.886142,0.350516,0.940682
378.6,-4.20836,-1.27045,0.524479,0.940682
378.7,-4.06363,-1.61585,0.872811,0.940682
378.8,-3.88715,-1.90262,1.36842,0.940682
378.9,-3.68558,-2.11551,1.96094,0.940682
379,-3.46681,-2.24591,2.58516,0.940682
379.1,-3.23919,-2.29277,3.17319,0.940682
379.2,-3.01084,-2.26226,3.66677,0.940682
379.3,-2.78893,-2.16629,4.02633,0.940682
379.4,-2.57925,-2.02025,4.23458,0.940682
379.5,-2.38599,-1.84072,4.29492,0.940682
379.6,-2.2117,-1.64342,4.22619,0.940682
379.7,-2.05745,-1.44188,4.056,0.940682
379.8,-1.9231,-1.24674,3.81459,0.940682
379.9,-1.80763,-1.06563,3.53023,0.940682
380,-1.70934,-0.903427,3.22665,0.940682
380.1,-1.62622,-0.76271,2.92193,0.940682
380.2,-1.55606,-0.644329,2.62871,0.940682
380.3,-1.49662,-0.547886,2.35491,0.940682
380.4,-1.44579,-0.472163,2.10487,0.940682
380.5,-1.40156,-0.41544,1.88027,0.940682
380.6,-1.36213,-0.375729,1.68116,0.940682
380.7,-1.32592,-0.350924,1.50655,0.940682
380.8,-1.29152,-0.338893,1.35501,0.940682
380.9,-1.25778,-0.337533,1.22492,0.940682
381,-1.22373,-0.344792,1.11472,0.940682
381.1,-1.1886,-0.358683,1.02296,0.940682
381.2,-1.15183,-0.377294,0.948309,0.940682
381.3,-1.11305,-0.398793,0.889503,0.940682
381.4,-1.07204,-0.421442,0.845297,0.940682
381.5,-1.02877,-0.443622,0.814378,0.940682
381.6,-0.983379,-0.463855,0.795311,0.940682
381.7,-0.936112,-0.480832,0.786495,0.940682
381.8,-0.887358,-0.493446,0.786165,0.940682
381.9,-0.837598,-0.500817,0.792411,0.940682
382,-0.787391,-0.502315,0.80324,0.940682
382.1,-0.737344,-0.497567,0.816653,0.940682
382.2,-0.68809,-0.486458,0.830741,0.940682
382.3,-0.64026,-0.469119,0.843777,0.940682
382.4,-0.594462,-0.445906,0.854303,0.940682
382.5,-0.551257,-0.417359,0.86119,0.940682
382.6,-0.511145,-0.38417,0.863678,0.940682
382.7,-0.474551,-0.34713,0.861382,0.940682
382.8,-0.441819,-0.307093,0.854269,0.940682
382.9,-0.413204,-0.264929,0.842618,0.940682
383,-0.388876,-0.221487,0.826957,0.940682
383.1,-0.368922,-0.177569,0.807993,0.940682
383.2,-0.353353,-0.133902,0.78654,0.940682
383.3,-0.342112,-0.0911302,0.76345,0.940682
383.4,-0.335079,-0.0498017,0.739554,0.940682
383.5,-0.332088,-0.0103712,0.715615,0.940682
383.6,-0.332929,0.0267965,0.692288,0.940682
383.7,-0.337362,0.061419,0.670102,0.940682
383.8,-0.345121,0.0932847,0.649443,0.940682
383.9,-0.355922,0.122241,0.630553,0.0284104
384,-0.369469,0.148182,0.613535,0.0881057
384.1,-0.385455,0.171035,0.598362,0.140571
384.2,-0.403571,0.190749,0.584894,0.186206
384.3,-0.423499,0.207288,0.57289,0.225413
384.4,-0.444921,0.220616,0.562033,0.258627
384.5,-0.467514,0.230697,0.551947,0.286069
384.6,-0.490951,0.237486,0.542214,0.308194
384.7,-0.5149,0.240929,0.532401,0.324839
384.8,-0.539023,0.240963,0.522074,0.336049
384.9,-0.562977,0.237515,0.510827,0.341646
385,-0.586408,0.230508,0.498294,0.341307
385.1,-0.608957,0.219868,0.484181,0.334537
385.2,-0.630258,0.205534,0.468278,0.320637
385.3,-0.649939,0.187463,0.450487,0.298659
385.4,-0.667626,0.165648,0.430839,0.267343
385.5,-0.682945,0.140128,0.409507,0.225021
385.6,-0.695531,0.111006,0.386824,0.169535
385.7,-0.705032,0.078461,0.363282,0.0981711
385.8,-0.711118,0.0427631,0.339535,0.0981711
385.9,-0.713492,0.00428753,0.316376,0.0981711
386,-0.7119,-0.0364778,0.294719,0.0981711
386.1,-0.70614,-0.0789267,0.275549,0.0981711
386.2,-0.696082,-0.122336,0.259874,0.0981711
386.3,-0.681669,-0.165874,0.248656,0.0981711
386.4,-0.662934,-0.208618,0.242736,0.0981711
386.5,-0.640005,-0.249576,0.242761,0.0981711
386.6,-0.613112,-0.287723,0.249111,0.0981711
386.7,-0.582588,-0.322041,0.261846,0.0981711
386.8,-0.548864,-0.351561,0.280668,0.0981711
386.9,-0.512465,-0.37541,0.304915,0.0981711
387,-0.473996,-0.392854,0.333593,0.0981711
387.1,-0.434126,-0.403339,0.36543,0.0981711
387.2,-0.393572,-0.406514,0.398966,0.0981711
387.3,-0.353071,-0.402256,0.432663,0.0981711
387.4,-0.313365,-0.390667,0.465017,0.0981711
387.5,-0.275172,-0.372066,0.494676,0.0981711
387.6,-0.239169,-0.346967,0.520534,0.0981711
387.7,-0.205973,-0.31604,0.541804,0.0981711
387.8,-0.176128,-0.28008,0.558063,0.0981711
387.9,-0.150096,-0.23995,0.569255,0.0981711
388,-0.128248,-0.196547,0.575672,0.0981711
388.1,-0.110866,-0.150754,0.577911,0.0981711
388.2,-0.0981486,-0.103405,0.576805,0.0981711
388.3,-0.0902116,-0.0552598,0.573358,0.0981711
388.4,-0.0871011,-0.0069782,0.568667,0.0981711
388.5,-0.0888021,0.040889,0.563854,0.0981711
388.6,-0.0952504,0.0879062,0.560009,0.0981711
388.7,-0.106344,0.133752,0.558141,0.0981711
388.8,-0.121954,0.178211,0.559148,-0.0514707
388.9,-0.141936,0.221166,0.563788,0.0653396
389,-0.166136,0.262582,0.572671,0.167143
389.1,-0.194402,0.302494,0.586257,0.256488
389.2,-0.226588,0.34099,0.604858,0.33577
389.3,-0.262557,0.378195,0.628646,0.406983
389.4,-0.302189,0.41426,0.657659,0.471713
389.5,-0.345377,0.449343,0.691819,0.531198
389.6,-0.39203,0.483598,0.730936,0.586396
389.7,-0.442073,0.517166,0.774716,0.638045
389.8,-0.495444,0.550158,0.822771,0.686712
389.9,-0.552088,0.582649,0.874617,0.732826
390,-0.611958,0.614664,0.929677,0.776708
390.1,-0.675004,0.646172,0.987277,0.818587
390.2,-0.741172,0.677073,1.04664,0.858618
390.3,-0.810393,0.707192,1.10687,0.89689
390.4,-0.882576,0.736265,1.16695,0.933438
390.5,-0.957599,0.763929,1.22573,0.968244
390.6,-1.0353,0.789714,1.28189,1.00124
390.7,-1.11546,0.813029,1.33397,1.03231
390.8,-1.1978,0.833153,1.38033,1.06129
390.9,-1.28196,0.849223,1.41916,1.08797
391,-1.36747,0.860231,1.4485,1.11207
391.1,-1.45379,0.865017,1.46629,1.13324
391.2,-1.54023,0.862271,1.47041,1.15106
391.3,-1.62595,0.850551,1.45878,1.16501
391.4,-1.70999,0.828304,1.42951,1.17445
391.5,-1.79121,0.793912,1.38113,1.17856
391.6,-1.86831,0.745759,1.31277,1.17633
391.7,-1.93985,0.682325,1.22451,1.16644
391.8,-2.00422,0.602311,1.11774,1.14711
391.9,-2.05973,0.504804,0.995444,1.11591
392,-2.10459,0.389454,0.862551,1.06922
392.1,-2.13704,0.256689,0.726079,1.00134
392.2,-2.15539,0.107914,0.595092,0.902205
392.3,-2.15817,-0.0543114,0.480334,0.75135
392.4,-2.14421,-0.226165,0.39347,0.49974
392.5,-2.11278,-0.402564,0.345907,0.49974
392.6,-2.06375,-0.577316,0.347298,0.49974
392.7,-1.99761,-0.743437,0.403895,0.49974
392.8,-1.91559,-0.893636,0.517087,0.49974
392.9,-1.81964,-1.02093,0.682464,0.49974
393,-1.71237,-1.11929,0.889744,0.49974
393.1,-1.5969,-1.18429,1.12369,0.49974
393.2,-1.47671,-1.2135,1.36598,0.49974
393.3,-1.3554,-1.20675,1.59762,0.49974
393.4,-1.23649,-1.16606,1.80148,0.49974
393.5,-1.12319,-1.09531,1.96436,0.49974
393.6,-1.01826,-0.999746,2.07831,0.49974
393.7,-0.923872,-0.885372,2.14089,0.49974
393.8,-0.841604,-0.758379,2.15464,0.49974
393.9,-0.77242,-0.624621,2.12592,0.49974
394,-0.716732,-0.489256,2.06347,0.49974
394.1,-0.674481,-0.356522,1.97702,0.49974
394.2,-0.645231,-0.229663,1.87609,0.49974
394.3,-0.628275,-0.110958,1.76916,0.49974
394.4,-0.62272,-0.0018306,1.66321,0.49974
394.5,-0.627565,0.0970031,1.56348,0.350604
394.6,-0.641771,0.185369,1.47354,0.451498
394.7,-0.664297,0.263475,1.39541,0.536021
394.8,-0.694139,0.331769,1.32986,0.607064
394.9,-0.730342,0.390817,1.2766,0.667243
395,-0.772014,0.441212,1.23457,0.718637
395.1,-0.818315,0.483496,1.20216,0.762803
395.2,-0.868457,0.518108,1.17737,0.80086
395.3,-0.921691,0.545354,1.15795,0.833571
395.4,-0.977288,0.565383,1.14157,0.86142
395.5,-1.03453,0.578177,1.12583,0.884651
395.6,-1.09268,0.583558,1.10845,0.903304
395.7,-1.15098,0.581198,1.08723,0.917233
395.8,-1.20864,0.570637,1.06024,0.926108
395.9,-1.26482,0.551319,1.02583,0.929397
396,-1.31859,0.522632,0.982786,0.926343
396.1,-1.36901,0.483958,0.930412,0.915894
396.2,-1.41503,0.434746,0.868683,0.896609
396.3,-1.45559,0.374583,0.798374,0.866471
396.4,-1.48958,0.30329,0.721176,0.822568
396.5,-1.51588,0.221018,0.639786,0.760491
396.6,-1.53344,0.128346,0.557925,0.673124
396.7,-1.54124,0.0263793,0.480259,0.548172
396.8,-1.53846,-0.0831781,0.412198,0.363831
396.9,-1.52443,-0.197985,0.359527,0.363831
397,-1.49878,-0.315069,0.327906,0.363831
397.1,-1.46146,-0.430904,0.322235,0.363831
397.2,-1.41278,-0.541552,0.345973,0.363831
397.3,-1.35346,-0.64288,0.400509,0.363831
397.4,-1.28465,-0.730833,0.484705,0.363831
397.5,-1.20786,-0.801739,0.594723,0.363831
397.6,-1.12497,-0.852606,0.724224,0.363831
397.7,-1.03808,-0.881379,0.864943,0.363831
397.8,-0.949461,-0.887111,1.00757,0.363831
397.9,-0.861418,-0.870024,1.1428,0.363831
398,-0.776174,-0.831453,1.26236,0.363831
398.1,-0.695768,-0.773686,1.35988,0.363831
398.2,-0.621977,-0.699721,1.4314,0.363831
398.3,-0.55625,-0.612985,1.47556,0.363831
398.4,-0.499686,-0.517045,1.49341,0.363831
398.5,-0.453032,-0.415348,1.488,0.363831
398.6,-0.416704,-0.311025,1.46374,0.363831
398.7,-0.390825,-0.206744,1.42585,0.363831
398.8,-0.375282,-0.104639,1.37972,0.363831
398.9,-0.369772,-0.00629291,1.3305,0.363831
399,-0.373862,0.0872365,1.28275,0.363831
399.1,-0.387038,0.175359,1.24028,0.29024
399.2,-0.408747,0.257876,1.20604,0.40282
399.3,-0.43843,0.334898,1.18216,0.499456
399.4,-0.475554,0.406766,1.17001,0.583303
399.5,-0.519628,0.473973,1.17029,0.657168
399.6,-0.570213,0.537101,1.18315,0.723293
399.7,-0.626933,0.596765,1.20829,0.783401
399.8,-0.689471,0.653566,1.24506,0.838801
399.9,-0.757569,0.708054,1.29254,0.890473
400,-0.83102,0.760702,1.34962,0.939147
400.1,-0.90966,0.811877,1.41497,0.98536
400.2,-0.993355,0.861824,1.48717,1.02949
400.3,-1.08199,0.91065,1.56461,1.0718
400.4,-1.17545,0.958304,1.64555,1.11246
400.5,-1.2736,1.00457,1.7281,1.15154
400.6,-1.3763,1.04903,1.81013,1.18904
400.7,-1.48333,1.09109,1.8893,1.22492
400.8,-1.59441,1.12991,1.96301,1.25906
400.9,-1.70917,1.16441,2.02833,1.29128
401,-1.82711,1.19325,2.08204,1.32136
401.1,-1.94758,1.21481,2.12059,1.34899
401.2,-2.06976,1.22717,2.14019,1.37379
401.3,-2.19263,1.22811,2.13689,1.39532
401.4,-2.31492,1.21514,2.10679,1.41299
401.5,-2.4351,1.18554,2.04634,1.4261
401.6,-2.55138,1.13641,1.95274,1.43378
401.7,-2.66164,1.06486,1.82458,1.43493
401.8,-2.76351,0.968146,1.66245,1.42813
401.9,-2.85435,0.843994,1.46983,1.41149
402,-2.93134,0.690918,1.2538,1.38239
402.1,-2.99156,0.508638,1.02571,1.33699
402.2,-3.03214,0.298521,0.801317,1.26904
402.3,-3.05045,0.0639948,0.600367,1.16703
402.4,-3.04432,-0.189156,0.445132,1.00447
402.5,-3.01227,-0.452705,0.357954,0.691346
402.6,-2.95377,-0.716225,0.357856,0.691346
402.7,-2.86942,-0.967713,0.456753,0.691346
402.8,-2.76105,-1.1946,0.656091,0.691346
402.9,-2.63172,-1.38501,0.944917,0.691346
403,-2.4856,-1.52917,1.30021,0.691346
403.1,-2.32765,-1.62055,1.68974,0.691346
403.2,-2.16333,-1.65662,2.07697,0.691346
403.3,-1.99812,-1.63904,2.42687,0.691346
403.4,-1.83714,-1.57321,2.71111,0.691346
403.5,-1.68482,-1.46734,2.91157,0.691346
403.6,-1.54468,-1.3313,3.02145,0.691346
403.7,-1.41922,-1.17539,3.0442,0.691346
403.8,-1.30993,-1.00938,2.991,0.691346
403.9,-1.21739,-0.841745,2.87759,0.691346
404,-1.14141,-0.679322,2.72124,0.691346
404.1,-1.08119,-0.527183,2.53844,0.691346
404.2,-1.03551,-0.388763,2.34332,0.691346
404.3,-1.00291,-0.266094,2.14697,0.691346
404.4,-0.981737,-0.160106,1.95729,0.691346
404.5,-0.970325,-0.070918,1.77927,0.691346
404.6,-0.967007,0.00189186,1.61553,0.39142
404.7,-0.970182,0.0590738,1.46684,0.443977
404.8,-0.978331,0.101543,1.33267,0.481699
404.9,-0.990032,0.130266,1.21174,0.506012
405,-1.00396,0.146194,1.10232,0.517863
405.1,-1.01887,0.15023,1.00264,0.517619
405.2,-1.03364,0.143222,0.91105,0.505016
405.3,-1.04718,0.125979,0.826236,0.47909
405.4,-1.05852,0.0993029,0.747315,0.438041
405.5,-1.06675,0.0640252,0.673902,0.37901
405.6,-1.07107,0.0210511,0.606126,0.297808
405.7,-1.07074,-0.0285996,0.544611,0.1889
405.8,-1.06516,-0.0837563,0.490398,0.1889
405.9,-1.05385,-0.143073,0.444836,0.1889
406,-1.03646,-0.205018,0.40943,0.1889
406.1,-1.01281,-0.267882,0.385648,0.1889
406.2,-0.982914,-0.329813,0.374717,0.1889
406.3,-0.946948,-0.388864,0.377417,0.1889
406.4,-0.905303,-0.44307,0.393897,0.1889
406.5,-0.858559,-0.490536,0.423545,0.1889
406.6,-0.807478,-0.529536,0.464932,0.1889
406.7,-0.752983,-0.558613,0.515848,0.1889
406.8,-0.696124,-0.576661,0.573433,0.1889
406.9,-0.638042,-0.582997,0.63439,0.1889
407,-0.579923,-0.577393,0.695261,0.1889
407.1,-0.522954,-0.560082,0.752725,0.1889
407.2,-0.468275,-0.531727,0.803874,0.1889
407.3,-0.416942,-0.493361,0.84645,0.1889
407.4,-0.369893,-0.446304,0.878986,0.1889
407.5,-0.327921,-0.392067,0.900875,0.1889
407.6,-0.291665,-0.332252,0.912336,0.1889
407.7,-0.261603,-0.268456,0.914313,0.1889
407.8,-0.238056,-0.202193,0.908324,0.1889
407.9,-0.221201,-0.134828,0.89628,0.1889
408,-0.211088,-0.0675335,0.880305,0.1889
408.1,-0.20766,-0.00126617,0.862568,0.1889
408.2,-0.210776,0.0632408,0.845148,0.1889
408.3,-0.220232,0.125471,0.829928,0.1889
408.4,-0.235783,0.185105,0.81853,0.132458
408.5,-0.257161,0.241998,0.812276,0.241087
408.6,-0.284091,0.296148,0.812176,0.335929
408.7,-0.316303,0.347668,0.818939,0.419376
408.8,-0.353543,0.396751,0.832991,0.493647
408.9,-0.39558,0.443646,0.854504,0.560587
409,-0.442209,0.48863,0.883428,0.621662
409.1,-0.493252,0.531982,0.919517,0.678012
409.2,-0.54856,0.573966,0.962357,0.73052
409.3,-0.608007,0.61481,1.01139,0.779858
409.4,-0.67149,0.654691,1.06591,0.826534
409.5,-0.738917,0.693719,1.12512,0.870925
409.6,-0.810206,0.731926,1.18805,0.913299
409.7,-0.885273,0.769251,1.25365,0.953838
409.8,-0.964022,0.805528,1.32071,0.992645
409.9,-1.04633,0.840473,1.38786,1.02976
410,-1.13206,0.873672,1.45357,1.06517
410.1,-1.22099,0.904564,1.51613,1.09879
410.2,-1.31287,0.932431,1.5736,1.13051
410.3,-1.40735,0.956383,1.62385,1.16013
410.4,-1.50398,0.97534,1.66452,1.18743
410.5,-1.60221,0.988033,1.69306,1.21209
410.6,-1.70133,0.992988,1.7068,1.23375
410.7,-1.80049,0.988542,1.70301,1.25193
410.8,-1.89866,0.972852,1.67904,1.26606
410.9,-1.99462,0.943941,1.63259,1.27542
411,-2.08694,0.899759,1.56194,1.27913
411.1,-2.174,0.838283,1.46635,1.27605
411.2,-2.25396,0.757656,1.34651,1.2647
411.3,-2.32484,0.656372,1.20501,1.24308
411.4,-2.38451,0.533504,1.04681,1.20837
411.5,-2.43082,0.388973,0.879604,1.15632
411.6,-2.46162,0.223827,0.713935,1.0799
411.7,-2.47497,0.0405047,0.562913,0.96585
411.8,-2.46925,-0.156965,0.441412,0.783689
411.9,-2.4433,-0.362894,0.36466,0.444878
412,-2.39663,-0.570051,0.346283,0.444878
412.1,-2.32953,-0.770004,0.39602,0.444878
412.2,-2.24317,-0.953708,0.517542,0.444878
412.3,-2.13962,-1.11228,0.706891,0.444878
412.4,-2.02181,-1.23791,0.952066,0.444878
412.5,-1.89334,-1.32465,1.23406,0.444878
412.6,-1.75829,-1.3691,1.52926,0.444878
412.7,-1.62095,-1.37077,1.81282,0.444878
412.8,-1.48549,-1.33194,2.06215,0.444878
412.9,-1.35576,-1.25735,2.25991,0.444878
413,-1.235,-1.15348,2.39573,0.444878
413.1,-1.12579,-1.02776,2.46666,0.444878
413.2,-1.02992,-0.887805,2.47625,0.444878
413.3,-0.948462,-0.740745,2.43294,0.444878
413.4,-0.881801,-0.592791,2.34801,0.444878
413.5,-0.829765,-0.448967,2.23377,0.444878
413.6,-0.791743,-0.313041,2.10197,0.444878
413.7,-0.766806,-0.187601,1.9628,0.444878
413.8,-0.75382,-0.0742124,1.8244,0.444878
413.9,-0.751536,0.0263819,1.69265,0.335666
414,-0.758665,0.114046,1.57133,0.430604
414.1,-0.773923,0.18906,1.46241,0.508728
414.2,-0.796072,0.251946,1.36638,0.572548
414.3,-0.823929,0.30334,1.28259,0.624468
414.4,-0.856379,0.343888,1.20966,0.666437
414.5,-0.892365,0.374176,1.14567,0.699853
414.6,-0.930888,0.39469,1.08845,0.725668
414.7,-0.970989,0.405786,1.03575,0.744437
414.8,-1.01174,0.407698,0.98541,0.756367
414.9,-1.05223,0.400543,0.935479,0.761349
415,-1.09155,0.384347,0.884324,0.758956
415.1,-1.12879,0.359085,0.830732,0.74841
415.2,-1.16306,0.324728,0.774004,0.728504
415.3,-1.19344,0.281295,0.714027,0.69745
415.4,-1.21902,0.228915,0.651346,0.652617
415.5,-1.23893,0.167899,0.587198,0.590059
415.6,-1.25233,0.0988004,0.523518,0.503668
415.7,-1.25845,0.0224804,0.46289,0.383857
415.8,-1.25663,-0.0598417,0.408426,0.216631
415.9,-1.24634,-0.146557,0.363571,0.216631
416,-1.22724,-0.235663,0.331833,0.216631
416.1,-1.1992,-0.324794,0.316436,0.216631
416.2,-1.16236,-0.411292,0.319937,0.216631
416.3,-1.11713,-0.492317,0.343852,0.216631
416.4,-1.06418,-0.565002,0.388339,0.216631
416.5,-1.00449,-0.626619,0.452004,0.216631
416.6,-0.939304,-0.674774,0.531884,0.216631
416.7,-0.870053,-0.707571,0.623624,0.216631
416.8,-0.798344,-0.723761,0.721848,0.216631
416.9,-0.725872,-0.722825,0.820681,0.216631
417,-0.654343,-0.705004,0.914338,0.216631
417.1,-0.585403,-0.671257,0.997697,0.216631
417.2,-0.520571,-0.62316,1.06678,0.216631
417.3,-0.461181,-0.562759,1.11904,0.216631
417.4,-0.408351,-0.492401,1.15351,0.216631
417.5,-0.362951,-0.414552,1.17071,0.216631
417.6,-0.325609,-0.331635,1.17242,0.216631
417.7,-0.296718,-0.245897,1.16139,0.216631
417.8,-0.276458,-0.159302,1.14096,0.216631
417.9,-0.264831,-0.0734768,1.11475,0.216631
418,-0.261695,0.010324,1.08632,0.216631
418.1,-0.266798,0.0912105,1.059,0.216631
418.2,-0.279821,0.168634,1.03569,0.183381
418.3,-0.300401,0.242348,1.01882,0.303494
418.4,-0.328167,0.312356,1.01027,0.407233
418.5,-0.362756,0.378865,1.01143,0.497611
418.6,-0.403835,0.442231,1.02325,0.577476
418.7,-0.451112,0.502914,1.04625,0.649173
418.8,-0.504346,0.561439,1.08063,0.714539
418.9,-0.563347,0.618355,1.12631,0.774988
419,-0.627981,0.674212,1.18302,0.831599
419.1,-0.698171,0.72953,1.25029,0.885197
419.2,-0.773885,0.784784,1.32755,0.936406
419.3,-0.855139,0.840387,1.4141,0.985695
419.4,-0.941986,0.896674,1.50917,1.03341
419.5,-1.03451,0.953891,1.61189,1.07982
419.6,-1.1328,1.01218,1.72127,1.12507
419.7,-1.23698,1.07158,1.83623,1.1693
419.8,-1.34715,1.13198,1.95551,1.21255
419.9,-1.4634,1.19314,2.07766,1.25484
420,-1.58579,1.25466,2.20096,1.29614
420.1,-1.71432,1.31594,2.32337,1.33639
420.2,-1.84894,1.37616,2.44249,1.37548
420.3,-1.98949,1.43425,2.55541,1.41327
420.4,-2.13567,1.48884,2.6587,1.44958
420.5,-2.28708,1.53822,2.74831,1.48418
420.6,-2.44308,1.58032,2.81958,1.51678
420.7,-2.60282,1.61261,2.8672,1.54704
420.8,-2.76517,1.63212,2.88531,1.57454
420.9,-2.9287,1.63541,2.86773,1.59877
421,-3.09158,1.61856,2.8083,1.6191
421.1,-3.2516,1.57727,2.70147,1.63478
421.2,-3.40607,1.50699,2.54312,1.64485
421.3,-3.55188,1.40319,2.33172,1.64812
421.4,-3.68545,1.26168,2.0697,1.6431
421.5,-3.80284,1.07915,1.76496,1.62779
421.6,-3.89985,0.853837,1.43225,1.59945
421.7,-3.9722,0.586259,1.09407,1.55408
421.8,-4.01581,0.279981,0.780403,1.48518
421.9,-4.02714,-0.0577467,0.526757,1.38041
422,-4.00358,-0.41569,0.370217,1.20905
422.1,-3.94383,-0.778872,0.343466,0.824383
422.2,-3.84822,-1.12951,0.467776,0.824383
422.3,-3.71898,-1.44866,0.746609,0.824383
422.4,-3.56014,-1.71842,1.16195,0.824383
422.5,-3.37743,-1.92423,1.67513,0.824383
422.6,-3.17774,-2.05683,2.23252,0.824383
422.7,-2.9686,-2.11346,2.77507,0.824383
422.8,-2.75747,-2.09779,3.24875,0.824383
422.9,-2.55115,-2.01902,3.61332,0.824383
423,-2.35534,-1.89009,3.84694,0.824383
423.1,-2.17432,-1.72568,3.94639,0.824383
423.2,-2.0109,-1.54035,3.92359,0.824383
423.3,-1.86651,-1.34713,3.80033,0.824383
423.4,-1.74138,-1.15671,3.60271,0.824383
423.5,-1.6348,-0.977097,3.35665,0.824383
423.6,-1.54541,-0.813762,3.08492,0.824383
423.7,-1.4714,-0.669952,2.80569,0.824383
423.8,-1.41072,-0.547152,2.53218,0.824383
423.9,-1.36126,-0.445547,2.27312,0.824383
424,-1.32093,-0.364429,2.0336,0.824383
424.1,-1.28773,-0.302518,1.81598,0.824383
424.2,-1.25984,-0.258208,1.62075,0.824383
424.3,-1.23556,-0.22973,1.44727,0.824383
424.4,-1.21342,-0.215253,1.29432,0.824383
424.5,-1.19211,-0.212941,1.16048,0.824383
424.6,-1.17049,-0.220976,1.04441,0.824383
424.7,-1.14763,-0.237562,0.944935,0.824383
424.8,-1.12275,-0.260925,0.861111,0.824383
424.9,-1.09527,-0.289306,0.792203,0.824383
425,-1.06478,-0.320962,0.737604,0.824383
425.1,-1.03103,-0.354175,0.696739,0.824383
425.2,-0.99395,-0.387273,0.668957,0.824383
425.3,-0.953633,-0.418657,0.653432,0.824383
425.4,-0.910325,-0.44684,0.649087,0.824383
425.5,-0.864416,-0.47049,0.654546,0.824383
425.6,-0.816417,-0.488473,0.668139,0.824383
425.7,-0.766941,-0.49989,0.687935,0.824383
425.8,-0.716679,-0.504111,0.711832,0.824383
425.9,-0.66637,-0.500793,0.737661,0.824383
426,-0.616774,-0.489882,0.76332,0.824383
426.1,-0.56864,-0.471602,0.7869,0.824383
426.2,-0.522683,-0.446426,0.806799,0.824383
426.3,-0.479562,-0.415037,0.821806,0.824383
426.4,-0.439855,-0.37828,0.831151,0.824383
426.5,-0.404053,-0.337108,0.834513,0.824383
426.6,-0.372547,-0.292528,0.831999,0.824383
426.7,-0.345627,-0.245551,0.824076,0.824383
426.8,-0.323484,-0.197153,0.811503,0.824383
426.9,-0.306214,-0.148233,0.795239,0.824383
427,-0.293828,-0.0995981,0.77635,0.824383
427.1,-0.286261,-0.0519405,0.755929,0.824383
427.2,-0.283388,-0.00583692,0.735026,0.824383
427.3,-0.285027,0.0382522,0.714584,0.824383
427.4,-0.290959,0.0799739,0.69541,0.824383
427.5,-0.300934,0.119071,0.678137,0.824383
427.6,-0.31468,0.155368,0.663223,0.0807908
427.7,-0.33191,0.188752,0.650942,0.154488
427.8,-0.352331,0.219159,0.641394,0.219642
427.9,-0.375642,0.246557,0.634518,0.277115
428,-0.401541,0.27093,0.630106,0.327774
428.1,-0.429726,0.292265,0.627826,0.372384
428.2,-0.459892,0.31054,0.627236,0.411571
428.3,-0.491731,0.325717,0.627806,0.445817
428.4,-0.52493,0.337729,0.62894,0.475462
428.5,-0.559168,0.346481,0.629992,0.500722
428.6,-0.594114,0.351845,0.630288,0.521687
428.7,-0.629419,0.353656,0.629151,0.538333
428.8,-0.66472,0.351721,0.625917,0.550522
428.9,-0.699631,0.345818,0.619967,0.55799
429,-0.733743,0.335706,0.610753,0.560341
429.1,-0.766624,0.321137,0.597831,0.557022
429.2,-0.797814,0.30187,0.580893,0.547284
429.3,-0.826834,0.277687,0.559806,0.530129
429.4,-0.853182,0.248418,0.534651,0.504222
429.5,-0.876344,0.213962,0.505756,0.467759
429.6,-0.895801,0.174319,0.473727,0.41826
429.7,-0.911039,0.129613,0.439467,0.352248
429.8,-0.921564,0.0801269,0.404183,0.265045
429.9,-0.92692,0.0263244,0.369363,0.150269
430,-0.926707,-0.031126,0.336733,0.150269
430.1,-0.920603,-0.0913382,0.308179,0.150269
430.2,-0.908384,-0.153206,0.285637,0.150269
430.3,-0.88995,-0.215418,0.270954,0.150269
430.4,-0.865339,-0.276484,0.265727,0.150269
430.5,-0.834745,-0.334785,0.27114,0.150269
430.6,-0.79853,-0.388641,0.287806,0.150269
430.7,-0.757221,-0.436387,0.315654,0.150269
430.8,-0.711508,-0.476462,0.353862,0.150269
430.9,-0.66223,-0.507503,0.400872,0.150269
431,-0.610346,-0.528426,0.454474,0.150269
431.1,-0.556907,-0.538495,0.511978,0.150269
431.2,-0.50302,-0.537365,0.570434,0.150269
431.3,-0.449806,-0.525102,0.626889,0.150269
431.4,-0.398356,-0.502165,0.678644,0.150269
431.5,-0.349702,-0.469369,0.72348,0.150269
431.6,-0.304775,-0.427817,0.759822,0.150269
431.7,-0.264386,-0.378823,0.786829,0.150269
431.8,-0.22921,-0.323818,0.804412,0.150269
431.9,-0.199774,-0.264268,0.813175,0.150269
432,-0.176461,-0.201597,0.814303,0.150269
432.1,-0.159515,-0.137113,0.809419,0.150269
432.2,-0.14906,-0.0719696,0.800424,0.150269
432.3,-0.145111,-0.00712664,0.789347,0.150269
432.4,-0.147599,0.056661,0.778207,0.150269
432.5,-0.15639,0.118846,0.768908,0.150269
432.6,-0.171303,0.179079,0.763165,0.0630163
432.7,-0.192135,0.237189,0.762452,0.184983
432.8,-0.21867,0.293161,0.767982,0.290855
432.9,-0.250699,0.347109,0.780705,0.383523
433,-0.288031,0.399249,0.801322,0.465716
433.1,-0.330498,0.449875,0.830306,0.539694
433.2,-0.377967,0.499332,0.867933,0.607238
433.3,-0.430338,0.547996,0.914305,0.669731
433.4,-0.487553,0.596255,0.969387,0.728238
433.5,-0.549588,0.644488,1.03302,0.783581
433.6,-0.616462,0.693057,1.10496,0.836393
433.7,-0.688222,0.74229,1.18486,0.887161
433.8,-0.764951,0.792471,1.27232,0.936252
433.9,-0.846756,0.84383,1.36684,0.983945
434,-0.933762,0.896532,1.46787,1.03044
434.1,-1.02611,0.950668,1.57474,1.07588
434.2,-1.12394,1.00624,1.68668,1.12036
434.3,-1.2274,1.06317,1.80277,1.16393
434.4,-1.33661,1.12123,1.92192,1.20659
434.5,-1.45168,1.18009,2.04281,1.24833
434.6,-1.57264,1.23926,2.16381,1.28908
434.7,-1.69952,1.29807,2.28297,1.32876
434.8,-1.83222,1.35562,2.39794,1.36726
434.9,-1.97056,1.41079,2.50585,1.4044
435,-2.11425,1.46215,2.60331,1.44
435.1,-2.26281,1.50796,2.68633,1.47381
435.2,-2.41558,1.54608,2.7503,1.50552
435.3,-2.57168,1.57398,2.79001,1.53479
435.4,-2.72994,1.58868,2.79979,1.56116
435.5,-2.88886,1.58673,2.77372,1.58411
435.6,-3.0466,1.5643,2.706,1.60297
435.7,-3.2009,1.51717,2.59164,1.61694
435.8,-3.34907,1.44098,2.42722,1.62503
435.9,-3.48798,1.33141,2.21207,1.62597
436,-3.61411,1.18464,1.94965,1.61816
436.1,-3.72357,0.997793,1.64889,1.59943
436.2,-3.81229,0.769633,1.3255,1.56678
436.3,-3.87616,0.501271,1.00257,1.51569
436.4,-3.91134,0.196879,0.710001,1.43854
436.5,-3.91459,-0.135768,0.48235,1.32005
436.6,-3.88362,-0.48509,0.35462,1.11778
436.7,-3.81751,-0.836065,0.356376,0.552367
436.8,-3.71694,-1.17125,0.505104,0.552367
436.9,-3.5844,-1.47245,0.800507,0.552367
437,-3.42414,-1.72288,1.22172,0.552367
437.1,-3.24196,-1.90933,1.72886,0.552367
437.2,-3.04468,-2.02389,2.26919,0.552367
437.3,-2.83964,-2.06494,2.78639,0.552367
437.4,-2.634,-2.03698,3.23036,0.552367
437.5,-2.43423,-1.94953,3.56503,0.552367
437.6,-2.24565,-1.81546,3.77211,0.552367
437.7,-2.07221,-1.64904,3.85075,0.552367
437.8,-1.91645,-1.46421,3.81394,0.552367
437.9,-1.77957,-1.2733,3.68338,0.552367
438,-1.66166,-1.08636,3.4843,0.552367
438.1,-1.56192,-0.91084,3.24135,0.552367
438.2,-1.47894,-0.751775,2.97596,0.552367
438.3,-1.41091,-0.612112,2.70504,0.552367
438.4,-1.35582,-0.493154,2.44077,0.552367
438.5,-1.31159,-0.394993,2.19113,0.552367
438.6,-1.27616,-0.316898,1.96064,0.552367
438.7,-1.24758,-0.257618,1.75129,0.552367
438.8,-1.22406,-0.215609,1.56336,0.552367
438.9,-1.20394,-0.189181,1.39609,0.552367
439,-1.18576,-0.176596,1.24821,0.552367
439.1,-1.16822,-0.176112,1.11832,0.552367
439.2,-1.15019,-0.186002,1.00513,0.552367
439.3,-1.13073,-0.204556,0.907549,0.552367
439.4,-1.10905,-0.23007,0.824768,0.552367
439.5,-1.08454,-0.260843,0.756206,0.552367
439.6,-1.05676,-0.295168,0.701441,0.552367
439.7,-1.02544,-0.331341,0.660105,0.552367
439.8,-0.990486,-0.36768,0.631768,0.552367
439.9,-0.951956,-0.402552,0.615826,0.552367
440,-0.910076,-0.43441,0.611406,0.552367
440.1,-0.865222,-0.461842,0.61731,0.552367
440.2,-0.817897,-0.483617,0.631992,0.552367
440.3,-0.76872,-0.49873,0.653594,0.552367
440.4,-0.718398,-0.506443,0.680016,0.552367
440.5,-0.667694,-0.506308,0.70903,0.552367
440.6,-0.617403,-0.498177,0.738417,0.552367
440.7,-0.56832,-0.482202,0.766107,0.552367
440.8,-0.52121,-0.458803,0.790312,0.552367
440.9,-0.476785,-0.428635,0.809628,0.552367
441,-0.435681,-0.39254,0.823108,0.552367
441.1,-0.398443,-0.351489,0.830281,0.552367
441.2,-0.365514,-0.306527,0.831142,0.552367
441.3,-0.337232,-0.258716,0.826094,0.552367
441.4,-0.313831,-0.20909,0.815878,0.552367
441.5,-0.295443,-0.158614,0.801473,0.552367
441.6,-0.282108,-0.108155,0.784004,0.552367
441.7,-0.273786,-0.0584643,0.764649,0.552367
441.8,-0.270368,-0.0101699,0.744556,0.552367
441.9,-0.271688,0.0362262,0.724781,0.552367
442,-0.277537,0.080339,0.706238,0.552367
442.1,-0.287671,0.12189,0.689669,0.552367
442.2,-0.301823,0.160689,0.675625,0.0867764
442.3,-0.319713,0.196622,0.664465,0.165095
442.4,-0.34105,0.229627,0.656359,0.234349
442.5,-0.36554,0.25968,0.651302,0.295549
442.6,-0.392887,0.28678,0.649124,0.349703
442.7,-0.422797,0.310928,0.649515,0.397695
442.8,-0.454975,0.332119,0.652043,0.440252
442.9,-0.489122,0.350329,0.65617,0.477939
443,-0.524939,0.365506,0.661272,0.511174
443.1,-0.562119,0.37756,0.666662,0.54024
443.2,-0.600343,0.386365,0.671604,0.565297
443.3,-0.639278,0.391748,0.675334,0.586387
443.4,-0.678572,0.393498,0.677084,0.603455
443.5,-0.717848,0.39136,0.676104,0.616327
443.6,-0.756704,0.385048,0.671689,0.624719
443.7,-0.794708,0.37425,0.663214,0.628215
443.8,-0.831394,0.358641,0.650167,0.626248
443.9,-0.866265,0.3379,0.632191,0.618064
444,-0.898793,0.311734,0.60913,0.602663
444.1,-0.928423,0.279898,0.581078,0.578709
444.2,-0.954578,0.242227,0.548421,0.544394
444.3,-0.976672,0.198672,0.51188,0.497215
444.4,-0.994119,0.14933,0.472539,0.433628
444.5,-1.00635,0.0944844,0.431854,0.348539
444.6,-1.01285,0.0346365,0.391633,0.234778
444.7,-1.01314,-0.0294663,0.353985,0.234778
444.8,-1.00685,-0.0968122,0.321219,0.234778
444.9,-0.993711,-0.166122,0.295711,0.234778
445,-0.973609,-0.235862,0.279721,0.234778
445.1,-0.946583,-0.304286,0.275194,0.234778
445.2,-0.912859,-0.369487,0.283536,0.234778
445.3,-0.872859,-0.429488,0.305428,0.234778
445.4,-0.8272,-0.482338,0.340671,0.234778
445.5,-0.77669,-0.526224,0.388116,0.234778
445.6,-0.722306,-0.559585,0.445695,0.234778
445.7,-0.665165,-0.581211,0.510547,0.234778
445.8,-0.606482,-0.590328,0.579255,0.234778
445.9,-0.547526,-0.586642,0.648144,0.234778
446,-0.489574,-0.570352,0.713617,0.234778
446.1,-0.433854,-0.542129,0.772484,0.234778
446.2,-0.38151,-0.503044,0.822225,0.234778
446.3,-0.333561,-0.454493,0.86118,0.234778
446.4,-0.290874,-0.398081,0.88863,0.234778
446.5,-0.25415,-0.335518,0.904778,0.234778
446.6,-0.223918,-0.268515,0.910645,0.234778
446.7,-0.200541,-0.198689,0.907904,0.234778
446.8,-0.184226,-0.127494,0.898682,0.234778
446.9,-0.175046,-0.0561725,0.885361,0.234778
447,-0.172962,0.014277,0.870391,0.234778
447.1,-0.177847,0.0831049,0.856136,0.234778
447.2,-0.189512,0.149805,0.844762,0.0421938
447.3,-0.207728,0.214096,0.838162,0.172385
447.4,-0.232248,0.275894,0.837915,0.285176
447.5,-0.262826,0.335282,0.845278,0.383331
447.6,-0.299231,0.392476,0.861198,0.469797
447.7,-0.341259,0.447795,0.886339,0.547112
447.8,-0.38874,0.501632,0.921118,0.617302
447.9,-0.44155,0.554422,0.965742,0.681943
448,-0.499605,0.606625,1.02025,0.742251
448.1,-0.562871,0.658703,1.08454,0.799159
448.2,-0.631357,0.711104,1.15841,0.853389
448.3,-0.705116,0.764247,1.24156,0.905492
448.4,-0.784244,0.818512,1.33363,0.955891
448.5,-0.868867,0.874226,1.43421,1.00491
448.6,-0.959146,0.931658,1.5428,1.05277
448.7,-1.05526,0.99101,1.65885,1.09966
448.8,-1.15742,1.0524,1.78172,1.1457
448.9,-1.26581,1.11587,1.91067,1.19095
449,-1.38066,1.18133,2.04478,1.23545
449.1,-1.50214,1.2486,2.18296,1.27921
449.2,-1.63043,1.31736,2.32387,1.3222
449.3,-1.76564,1.3871,2.46582,1.36436
449.4,-1.90786,1.45713,2.60677,1.40561
449.5,-2.05705,1.52653,2.74415,1.44582
449.6,-2.2131,1.5941,2.87482,1.48486
449.7,-2.37576,1.6583,2.99499,1.52254
449.8,-2.54459,1.71724,3.10008,1.55861
449.9,-2.71895,1.76854,3.18471,1.59281
450,-2.89794,1.80935,3.2427,1.62479
450.1,-3.08036,1.83625,3.26711,1.65412
450.2,-3.2646,1.84527,3.25049,1.68032
450.3,-3.44866,1.83182,3.18533,1.70275
450.4,-3.63005,1.79084,3.06468,1.72067
450.5,-3.80573,1.71691,2.88323,1.73315
450.6,-3.97215,1.60454,2.63869,1.73904
450.7,-4.12519,1.44863,2.33353,1.73689
450.8,-4.26028,1.24508,1.97694,1.72481
450.9,-4.37253,0.991592,1.58668,1.70025
451,-4.45695,0.688617,1.19011,1.65956
451.1,-4.50874,0.340319,0.823973,1.59704
451.2,-4.52378,-0.0446471,0.531787,1.50231
451.3,-4.49904,-0.452779,0.358582,1.35128
451.4,-4.43305,-0.866086,0.34311,1.04562
451.5,-4.32635,-1.26334,0.508842,1.04562
451.6,-4.18166,-1.62224,0.856149,1.04562
451.7,-4.00388,-1.92214,1.35847,1.04562
451.8,-3.79975,-2.14696,1.96459,1.04562
451.9,-3.57731,-2.28734,2.60722,1.04562
452,-3.34515,-2.34181,3.21562,1.04562
452.1,-3.11162,-2.3164,3.72866,1.04562
452.2,-2.88413,-2.2232,4.10446,1.04562
452.3,-2.66871,-2.07797,4.32433,1.04562
452.4,-2.4697,-1.89774,4.3913,1.04562
452.5,-2.28979,-1.69875,4.32457,1.04562
452.6,-2.13011,-1.49497,4.15263,1.04562
452.7,-1.99058,-1.29738,3.90677,1.04562
452.8,-1.87016,-1.11385,3.6163,1.04562
452.9,-1.76717,-0.949397,3.3058,1.04562
453,-1.67956,-0.806677,2.994,1.04562
453.1,-1.60508,-0.686548,2.694,1.04562
453.2,-1.54151,-0.588585,2.41404,1.04562
453.3,-1.48667,-0.511513,2.15859,1.04562
453.4,-1.43857,-0.453546,1.92945,1.04562
453.5,-1.39539,-0.41262,1.72668,1.04562
453.6,-1.35555,-0.386553,1.54929,1.04562
453.7,-1.31766,-0.373142,1.39576,1.04562
453.8,-1.28057,-0.370219,1.26443,1.04562
453.9,-1.24334,-0.375681,1.15362,1.04562
454,-1.20522,-0.387503,1.06174,1.04562
454.1,-1.16569,-0.403749,0.987304,1.04562
454.2,-1.12439,-0.422586,0.928895,1.04562
454.3,-1.08114,-0.442296,0.885082,1.04562
454.4,-1.03595,-0.461296,0.854378,1.04562
454.5,-0.988954,-0.478166,0.835186,1.04562
454.6,-0.94043,-0.491673,0.825772,1.04562
454.7,-0.890766,-0.500796,0.824275,1.04562
454.8,-0.840443,-0.50475,0.82874,1.04562
454.9,-0.790006,-0.503,0.837176,1.04562
455,-0.740043,-0.495265,0.847639,1.04562
455.1,-0.691154,-0.48151,0.858317,1.04562
455.2,-0.643935,-0.461934,0.867616,1.04562
455.3,-0.598948,-0.436938,0.874227,1.04562
455.4,-0.556709,-0.407092,0.877176,1.04562
455.5,-0.517669,-0.373094,0.87585,1.04562
455.6,-0.482203,-0.335727,0.869986,1.04562
455.7,-0.450608,-0.295817,0.859646,1.04562
455.8,-0.423096,-0.254194,0.84517,1.04562
455.9,-0.399799,-0.211662,0.82711,1.04562
456,-0.380769,-0.16897,0.806166,1.04562
456.1,-0.365988,-0.126795,0.783114,1.04562
456.2,-0.355373,-0.0857275,0.758752,1.04562
456.3,-0.348789,-0.0462715,0.733839,1.04562
456.4,-0.346051,-0.00884124,0.709057,1.04562
456.5,-0.346942,0.0262324,0.684984,1.04562
456.6,-0.351211,0.0586932,0.662068,1.04562
456.7,-0.358587,0.0883497,0.640628,1.04562
456.8,-0.368783,0.115063,0.620847,0.0184467
456.9,-0.381498,0.138736,0.602779,0.0732165
457,-0.396426,0.159301,0.586366,0.121072
457.1,-0.413253,0.17671,0.571447,0.162312
457.2,-0.431662,0.190928,0.557778,0.197259
457.3,-0.451331,0.201923,0.545053,0.226207
457.4,-0.471938,0.209661,0.532919,0.249369
457.5,-0.493154,0.214106,0.520999,0.266854
457.6,-0.514648,0.215215,0.508911,0.278651
457.7,-0.536084,0.212943,0.49629,0.284615
457.8,-0.557122,0.207241,0.482806,0.284457
457.9,-0.577417,0.198066,0.468183,0.27772
458,-0.596619,0.185386,0.452225,0.263748
458.1,-0.614377,0.169188,0.434826,0.241649
458.2,-0.630339,0.149488,0.415992,0.210238
458.3,-0.644159,0.126346,0.395856,0.167972
458.4,-0.655497,0.0998753,0.374683,0.11289
458.5,-0.664029,0.0702556,0.352878,0.0425912
458.6,-0.669452,0.0377456,0.330982,0.0425912
458.7,-0.671494,0.00269325,0.309658,0.0425912
458.8,-0.669921,-0.0344567,0.289668,0.0425912
458.9,-0.66455,-0.0731586,0.271842,0.0425912
459,-0.655259,-0.112767,0.25703,0.0425912
459.1,-0.641991,-0.152544,0.246048,0.0425912
459.2,-0.624771,-0.191672,0.239618,0.0425912
459.3,-0.603708,-0.229275,0.238306,0.0425912
459.4,-0.578997,-0.264448,0.242461,0.0425912
459.5,-0.550929,-0.296285,0.25217,0.0425912
459.6,-0.51988,-0.323922,0.267227,0.0425912
459.7,-0.486311,-0.34657,0.287121,0.0425912
459.8,-0.450755,-0.363559,0.311058,0.0425912
459.9,-0.413806,-0.374363,0.338004,0.0425912
460,-0.376101,-0.378634,0.36675,0.0425912
460.1,-0.338302,-0.376213,0.395998,0.0425912
460.2,-0.30108,-0.36714,0.424459,0.0425912
460.3,-0.265089,-0.351645,0.450943,0.0425912
460.4,-0.230952,-0.330131,0.474446,0.0425912
460.5,-0.199245,-0.303151,0.494216,0.0425912
460.6,-0.170482,-0.271375,0.509791,0.0425912
460.7,-0.145105,-0.235548,0.521022,0.0425912
460.8,-0.123481,-0.196457,0.528058,0.0425912
460.9,-0.105896,-0.154893,0.531318,0.0425912
461,-0.0925592,-0.111619,0.531445,0.0425912
461.1,-0.0836056,-0.0673398,0.529246,0.0425912
461.2,-0.0791036,-0.0226863,0.525632,0.0425912
461.3,-0.0790627,0.0218018,0.52156,0.0425912
461.4,-0.0834436,0.0656822,0.51798,0.0425912
461.5,-0.0921673,0.108611,0.515791,0.0425912
461.6,-0.105126,0.150339,0.515804,0.0425912
461.7,-0.12219,0.190707,0.518721,-0.0376709
461.8,-0.143219,0.22963,0.525119,0.0715368
461.9,-0.168067,0.26709,0.535444,0.166976
462,-0.196589,0.303124,0.550006,0.251074
462.1,-0.228646,0.337803,0.568989,0.325988
462.2,-0.264108,0.371228,0.592454,0.393487
462.3,-0.302854,0.403511,0.620345,0.454963
462.4,-0.344776,0.434763,0.6525,0.511505
462.5,-0.389776,0.465087,0.688659,0.563952
462.6,-0.437765,0.494562,0.728465,0.61295
462.7,-0.488661,0.523237,0.771471,0.658992
462.8,-0.542386,0.551118,0.81714,0.702446
462.9,-0.598857,0.578164,0.864844,0.743579
463,-0.657987,0.604271,0.913863,0.782576
463.1,-0.719675,0.62927,0.963378,0.819544
463.2,-0.783796,0.652916,1.01246,0.854544
463.3,-0.850202,0.674878,1.06008,0.887557
463.4,-0.918702,0.694735,1.10508,0.918526
463.5,-0.989061,0.711962,1.14618,0.947337
463.6,-1.06099,0.72593,1.182,0.973823
463.7,-1.13411,0.735898,1.21103,0.997758
463.8,-1.208,0.74101,1.2317,1.01885
463.9,-1.28212,0.740296,1.24237,1.03675
464,-1.35583,0.732685,1.24142,1.05099
464.1,-1.42839,0.717014,1.22735,1.06103
464.2,-1.49893,0.692064,1.19888,1.06617
464.3,-1.56645,0.656595,1.1551,1.06552
464.4,-1.62985,0.609409,1.09568,1.05798
464.5,-1.68791,0.54943,1.02108,1.04205
464.6,-1.73929,0.475808,0.932797,1.01574
464.7,-1.7826,0.388035,0.833578,0.976189
464.8,-1.81642,0.286093,0.727592,0.919091
464.9,-1.83936,0.170594,0.620497,0.837417
465,-1.85013,0.042923,0.519348,0.718473
465.1,-1.84762,-0.0946513,0.432267,0.536663
465.2,-1.83098,-0.238919,0.367866,0.536663
465.3,-1.79975,-0.385754,0.334399,0.536663
465.4,-1.7539,-0.530239,0.338725,0.536663
465.5,-1.69396,-0.66691,0.385203,0.536663
465.6,-1.62097,-0.790115,0.474724,0.536663
465.7,-1.53657,-0.894445,0.604099,0.536663
465.8,-1.44287,-0.97521,0.766001,0.536663
465.9,-1.34243,-1.02887,0.94956,0.536663
466,-1.23807,-1.05337,1.14156,0.536663
466.1,-1.13274,-1.04832,1.32805,0.536663
466.2,-1.02935,-1.01499,1.49609,0.536663
466.3,-0.930596,-0.956097,1.63523,0.536663
466.4,-0.838854,-0.875496,1.73857,0.536663
466.5,-0.756069,-0.777751,1.80312,0.536663
466.6,-0.683714,-0.667704,1.82968,0.536663
466.7,-0.62278,-0.550078,1.82214,0.536663
466.8,-0.573807,-0.429167,1.78655,0.536663
466.9,-0.536934,-0.308627,1.73013,0.536663
467,-0.511971,-0.191369,1.66037,0.536663
467.1,-0.498478,-0.0795387,1.58431,0.536663
467.2,-0.495834,0.0254313,1.50807,0.536663
467.3,-0.503308,0.122731,1.43658,0.30696
467.4,-0.520114,0.212057,1.37351,0.418379
467.5,-0.545456,0.293489,1.32131,0.512957
467.6,-0.578561,0.367378,1.28134,0.593775
467.7,-0.618697,0.434234,1.25403,0.663702
467.8,-0.665192,0.494646,1.23909,0.725061
467.9,-0.717431,0.549205,1.23561,0.779633
468,-0.774856,0.598447,1.24226,0.828744
468.1,-0.836958,0.642813,1.25738,0.873367
468.2,-0.903267,0.68261,1.27904,0.914194
468.3,-0.973333,0.717992,1.30517,0.951701
468.4,-1.04672,0.74894,1.33352,0.986185
468.5,-1.12297,0.775252,1.36176,1.0178
468.6,-1.2016,0.796534,1.38747,1.04657
468.7,-1.28209,0.812196,1.40817,1.07241
468.8,-1.36383,0.821457,1.42135,1.09514
468.9,-1.44613,0.823348,1.42453,1.11445
469,-1.52821,0.81673,1.41531,1.12993
469.1,-1.60915,0.800318,1.39149,1.14105
469.2,-1.6879,0.772722,1.35125,1.14711
469.3,-1.76328,0.732508,1.29328,1.14722
469.4,-1.83394,0.678272,1.2171,1.1402
469.5,-1.89842,0.608758,1.12331,1.12453
469.6,-1.95515,0.522985,1.01388,1.09808
469.7,-2.00246,0.420417,0.892484,1.05782
469.8,-2.03867,0.301144,0.764671,0.999102
469.9,-2.06216,0.166075,0.637919,0.914134
470,-2.07142,0.0171118,0.521443,0.7882
470.1,-2.06522,-0.142715,0.425673,0.588974
470.2,-2.04266,-0.309201,0.361371,0.588974
470.3,-2.00333,-0.477033,0.338402,0.588974
470.4,-1.94741,-0.640001,0.364288,0.588974
470.5,-1.87572,-0.791372,0.442766,0.588974
470.6,-1.78975,-0.924394,0.572663,0.588974
470.7,-1.69166,-1.03288,0.747387,0.588974
470.8,-1.58416,-1.11182,0.955267,0.588974
470.9,-1.47039,-1.15786,1.18078,0.588974
471,-1.35373,-1.16964,1.40652,0.588974
471.1,-1.23758,-1.14789,1.61543,0.588974
471.2,-1.12518,-1.09525,1.79304,0.588974
471.3,-1.01942,-1.01593,1.92904,0.588974
471.4,-0.922713,-0.915198,2.01809,0.588974
471.5,-0.836906,-0.798803,2.05981,0.588974
471.6,-0.763283,-0.672477,2.05804,0.588974
471.7,-0.702565,-0.541506,2.01964,0.588974
471.8,-0.654984,-0.410436,1.95321,0.588974
471.9,-0.620358,-0.282923,1.86786,0.588974
472,-0.598189,-0.161693,1.77221,0.588974
472.1,-0.587748,-0.0485994,1.67379,0.588974
472.2,-0.588161,0.0552645,1.57862,0.279254
472.3,-0.598476,0.149421,1.49114,0.392812
472.4,-0.61772,0.233855,1.41427,0.488532
472.5,-0.644933,0.308871,1.34955,0.569167
472.6,-0.679197,0.374964,1.29741,0.637617
472.7,-0.719648,0.432712,1.25738,0.696328
472.8,-0.765481,0.482697,1.2283,0.747194
472.9,-0.815946,0.525432,1.20851,0.791614
473,-0.870339,0.561323,1.19602,0.830596
473.1,-0.927991,0.590629,1.18861,0.86483
473.2,-0.988249,0.61345,1.18393,0.894751
473.3,-1.05046,0.629712,1.1796,0.920587
473.4,-1.11396,0.639167,1.17325,0.942387
473.5,-1.17806,0.641405,1.16259,0.960036
473.6,-1.24199,0.635864,1.14549,0.973261
473.7,-1.30495,0.62186,1.12006,0.981626
473.8,-1.36605,0.598619,1.08474,0.984507
473.9,-1.42434,0.565325,1.03843,0.981059
474,-1.47875,0.521183,0.980634,0.97014
474.1,-1.52819,0.465493,0.911621,0.950201
474.2,-1.57145,0.39774,0.832589,0.919082
474.3,-1.60733,0.317707,0.745815,0.873648
474.4,-1.63459,0.225581,0.65475,0.809091
474.5,-1.65206,0.122076,0.564036,0.717464
474.6,-1.65867,0.00853978,0.479388,0.584498
474.7,-1.6535,-0.112968,0.407309,0.383393
474.8,-1.6359,-0.239638,0.354611,0.383393
474.9,-1.60552,-0.367937,0.327764,0.383393
475,-1.5624,-0.493722,0.332094,0.383393
475.1,-1.50701,-0.612434,0.370963,0.383393
475.2,-1.4403,-0.719377,0.445052,0.383393
475.3,-1.36368,-0.810058,0.551899,0.383393
475.4,-1.27897,-0.880556,0.685855,0.383393
475.5,-1.18834,-0.927858,0.838491,0.383393
475.6,-1.09423,-0.95013,0.999471,0.383393
475.7,-0.999169,-0.946869,1.15773,0.383393
475.8,-0.905681,-0.918913,1.30278,0.383393
475.9,-0.816142,-0.868317,1.42587,0.383393
476,-0.732672,-0.79811,1.52087,0.383393
476.1,-0.657051,-0.711982,1.58468,0.383393
476.2,-0.590672,-0.613938,1.61722,0.383393
476.3,-0.534527,-0.507975,1.621,0.383393
476.4,-0.489217,-0.397816,1.60049,0.383393
476.5,-0.454995,-0.286711,1.56137,0.383393
476.6,-0.431816,-0.177324,1.50979,0.383393
476.7,-0.419404,-0.0716885,1.45178,0.383393
476.8,-0.417306,0.0287759,1.39279,0.383393
476.9,-0.424957,0.123205,1.33741,0.252106
477,-0.441732,0.211205,1.28927,0.37136
477.1,-0.466983,0.292759,1.25099,0.473015
477.2,-0.500078,0.368131,1.22428,0.5607
477.3,-0.540418,0.437774,1.21003,0.636874
477.4,-0.58746,0.502253,1.20845,0.704222
477.5,-0.640717,0.562177,1.21921,0.764687
477.6,-0.699764,0.618144,1.24153,0.81974
477.7,-0.764232,0.670697,1.2743,0.870483
477.8,-0.833805,0.72029,1.31616,0.917729
477.9,-0.908203,0.767259,1.36555,0.962067
478,-0.987176,0.811801,1.42073,1.00391
478.1,-1.07048,0.853956,1.47981,1.04354
478.2,-1.15788,0.893592,1.54075,1.08111
478.3,-1.24911,0.93039,1.60135,1.11668
478.4,-1.34385,0.963833,1.65925,1.15023
478.5,-1.44174,0.993191,1.7119,1.18167
478.6,-1.54232,1.01751,1.75654,1.21082
478.7,-1.64503,1.0356,1.79026,1.23744
478.8,-1.74919,1.04604,1.80997,1.26121
478.9,-1.85393,1.04716,1.81253,1.2817
479,-1.95824,1.0371,1.79483,1.29841
479.1,-2.06091,1.01377,1.75404,1.31069
479.2,-2.16048,0.974978,1.68784,1.31772
479.3,-2.25531,0.9185,1.59481,1.31849
479.4,-2.34352,0.842201,1.47493,1.31168
479.5,-2.42303,0.744237,1.33009,1.29554
479.6,-2.4916,0.623285,1.16461,1.26766
479.7,-2.5469,0.478832,0.985778,1.22452
479.8,-2.5866,0.311481,0.804066,1.16055
479.9,-2.6085,0.12327,0.633009,1.06587
480,-2.61068,-0.0820752,0.488537,0.919598
480.1,-2.5917,-0.299001,0.387608,0.664178
480.2,-2.55074,-0.520173,0.346171,0.664178
480.3,-2.48782,-0.736778,0.376641,0.664178
480.4,-2.40386,-0.93909,0.485316,0.664178
480.5,-2.3008,-1.11729,0.670323,0.664178
480.6,-2.18151,-1.26245,0.920727,0.664178
480.7,-2.04965,-1.36749,1.21726,0.664178
480.8,-1.9095,-1.42796,1.53468,0.664178
480.9,-1.76559,-1.44255,1.84543,0.664178
481,-1.62246,-1.41311,2.12365,0.664178
481.1,-1.48429,-1.34426,2.34874,0.664178
481.2,-1.3547,-1.24272,2.50767,0.664178
481.3,-1.23657,-1.11642,2.59569,0.664178
481.4,-1.13196,-0.973624,2.61558,0.664178
481.5,-1.04213,-0.822179,2.57589,0.664178
481.6,-0.967586,-0.668969,2.48866,0.664178
481.7,-0.908209,-0.519608,2.3673,0.664178
481.8,-0.863393,-0.378341,2.22477,0.664178
481.9,-0.832172,-0.24811,2.07244,0.664178
482,-0.813342,-0.13072,1.9194,0.664178
482.1,-0.805569,-0.0270662,1.77228,0.664178
482.2,-0.807463,0.0626422,1.63538,0.398441
482.3,-0.817641,0.13866,1.511,0.476727
482.4,-0.834757,0.201524,1.39982,0.539846
482.5,-0.85753,0.251908,1.30133,0.590124
482.6,-0.884746,0.290514,1.21416,0.629497
482.7,-0.915262,0.317996,1.13644,0.659383
482.8,-0.947993,0.334921,1.06608,0.680709
482.9,-0.981909,0.341747,1.00092,0.69396
483,-1.01602,0.338823,0.938962,0.699227
483.1,-1.04936,0.32641,0.878483,0.696212
483.2,-1.08099,0.30471,0.818151,0.684204
483.3,-1.11,0.273906,0.757116,0.662002
483.4,-1.13548,0.234217,0.695089,0.627757
483.5,-1.15655,0.185952,0.632392,0.578693
483.6,-1.1724,0.129569,0.569982,0.510623
483.7,-1.18222,0.0657322,0.509443,0.417159
483.8,-1.18532,-0.00462916,0.45292,0.288793
483.9,-1.18112,-0.0802846,0.403007,0.288793
484,-1.16914,-0.159676,0.362562,0.288793
484.1,-1.14912,-0.24092,0.334462,0.288793
484.2,-1.12097,-0.321838,0.32131,0.288793
484.3,-1.08484,-0.40002,0.325111,0.288793
484.4,-1.04114,-0.472928,0.346969,0.288793
484.5,-0.990517,-0.538021,0.386831,0.288793
484.6,-0.933877,-0.592908,0.443344,0.288793
484.7,-0.872346,-0.635497,0.513858,0.288793
484.8,-0.807243,-0.664145,0.594577,0.288793
484.9,-0.740019,-0.677772,0.680878,0.288793
485,-0.672204,-0.675935,0.767736,0.288793
485.1,-0.605341,-0.658845,0.850212,0.288793
485.2,-0.540917,-0.627335,0.923923,0.288793
485.3,-0.480309,-0.582779,0.985433,0.288793
485.4,-0.424737,-0.526961,1.03251,0.288793
485.5,-0.375224,-0.461938,1.06425,0.288793
485.6,-0.332583,-0.389886,1.08099,0.288793
485.7,-0.297409,-0.312958,1.0842,0.288793
485.8,-0.270087,-0.233166,1.07615,0.288793
485.9,-0.250811,-0.152295,1.0597,0.288793
486,-0.239614,-0.0718349,1.03796,0.288793
486.1,-0.236391,0.00703776,1.01408,0.288793
486.2,-0.24094,0.0834698,0.990985,0.288793
486.3,-0.252985,0.156911,0.971313,0.132273
486.4,-0.272213,0.227084,0.957278,0.255317
486.5,-0.298291,0.293944,0.950655,0.361785
486.6,-0.330896,0.357632,0.952781,0.454514
486.7,-0.369721,0.418436,0.964587,0.536333
486.8,-0.4145,0.476748,0.986643,0.609627
486.9,-0.465003,0.533025,1.01921,0.676282
487,-0.521053,0.587755,1.06229,0.73776
487.1,-0.582519,0.641436,1.11568,0.795183
487.2,-0.649321,0.694542,1.17903,0.849407
487.3,-0.721423,0.747515,1.25182,0.901088
487.4,-0.798833,0.800739,1.33346,0.95072
487.5,-0.88159,0.854533,1.42324,0.998672
487.6,-0.969766,0.909133,1.52037,1.04522
487.7,-1.06345,0.964685,1.62396,1.09054
487.8,-1.16274,1.02123,1.73298,1.13477
487.9,-1.26773,1.07869,1.84629,1.17798
488,-1.3785,1.13685,1.96252,1.22019
488.1,-1.49511,1.19534,2.0801,1.26138
488.2,-1.61756,1.25363,2.19715,1.3015
488.3,-1.7458,1.31098,2.31144,1.34044
488.4,-1.87969,1.36639,2.42032,1.37809
488.5,-2.01897,1.41864,2.52063,1.41426
488.6,-2.16326,1.46615,2.60869,1.44874
488.7,-2.31198,1.50702,2.68021,1.48125
488.8,-2.46437,1.53896,2.73033,1.51147
488.9,-2.61939,1.55924,2.75368,1.53899
489,-2.77572,1.56469,2.74453,1.56332
489.1,-2.93171,1.55173,2.69714,1.58387
489.2,-3.08532,1.5164,2.60618,1.5999
489.3,-3.23411,1.45447,2.46754,1.61051
489.4,-3.37519,1.36169,2.27924,1.61457
489.5,-3.50528,1.23404,2.04265,1.61063
489.6,-3.62072,1.06824,1.7639,1.59681
489.7,-3.71759,0.862283,1.45519,1.57051
489.8,-3.79184,0.616141,1.13566,1.528
489.9,-3.83956,0.33244,0.831548,1.46327
490,-3.85727,0.0171142,0.574763,1.36534
490.1,-3.84224,-0.320238,0.399805,1.20839
490.2,-3.79292,-0.666422,0.338751,0.891051
490.3,-3.7092,-1.00533,0.41501,0.891051
490.4,-3.59269,-1.31928,0.637142,0.891051
490.5,-3.44676,-1.59092,0.994578,0.891051
490.6,-3.27641,-1.80538,1.45698,0.891051
490.7,-3.08794,-1.95224,1.9781,0.891051
490.8,-2.88838,-2.02684,2.50352,0.891051
490.9,-2.68494,-2.03072,2.98027,0.891051
491,-2.48436,-1.97094,3.36561,0.891051
491.1,-2.2925,-1.85872,3.63279,0.891051
491.2,-2.11392,-1.70759,3.77266,0.891051
491.3,-1.95181,-1.53156,3.7916,0.891051
491.4,-1.808,-1.34369,3.70714,0.891051
491.5,-1.6831,-1.15503,3.54272,0.891051
491.6,-1.57673,-0.97422,3.32316,0.891051
491.7,-1.48778,-0.807401,3.07128,0.891051
491.8,-1.41465,-0.658491,2.80597,0.891051
491.9,-1.35542,-0.529566,2.54155,0.891051
492,-1.30805,-0.421298,2.28786,0.891051
492.1,-1.27048,-0.333365,2.05099,0.891051
492.2,-1.24073,-0.26479,1.83403,0.891051
492.3,-1.21692,-0.214203,1.63802,0.891051
492.4,-1.19734,-0.180023,1.46263,0.891051
492.5,-1.18042,-0.160582,1.30678,0.891051
492.6,-1.16479,-0.154188,1.16911,0.891051
492.7,-1.14921,-0.159158,1.04826,0.891051
492.8,-1.13263,-0.173824,0.943028,0.891051
492.9,-1.11418,-0.196527,0.852509,0.891051
493,-1.09312,-0.225602,0.776062,0.891051
493.1,-1.0689,-0.259377,0.713273,0.891051
493.2,-1.04114,-0.296163,0.663862,0.891051
493.3,-1.00962,-0.334269,0.62757,0.891051
493.4,-0.974297,-0.372021,0.604032,0.891051
493.5,-0.935284,-0.407793,0.592669,0.891051
493.6,-0.892856,-0.440053,0.592593,0.891051
493.7,-0.847437,-0.467411,0.602559,0.891051
493.8,-0.799578,-0.488666,0.620955,0.891051
493.9,-0.749939,-0.502859,0.645844,0.891051
494,-0.699264,-0.509306,0.675055,0.891051
494.1,-0.648349,-0.507625,0.706306,0.891051
494.2,-0.598013,-0.497741,0.73735,0.891051
494.3,-0.549067,-0.47988,0.766121,0.891051
494.4,-0.502287,-0.454537,0.790871,0.891051
494.5,-0.458385,-0.422438,0.810268,0.891051
494.6,-0.417994,-0.384485,0.82346,0.891051
494.7,-0.381649,-0.341699,0.830088,0.891051
494.8,-0.349779,-0.295162,0.830265,0.891051
494.9,-0.322706,-0.24596,0.824512,0.891051
495,-0.300641,-0.195138,0.813673,0.891051
495.1,-0.2837,-0.143659,0.798818,0.891051
495.2,-0.271903,-0.0923799,0.78114,0.891051
495.3,-0.265193,-0.0420342,0.761865,0.891051
495.4,-0.263445,0.00677525,0.74217,0.891051
495.5,-0.26648,0.0535731,0.72312,0.891051
495.6,-0.27408,0.0980031,0.705626,0.891051
495.7,-0.285994,0.139815,0.690412,0.0369322
495.8,-0.30195,0.178846,0.678006,0.123709
495.9,-0.321667,0.215005,0.668736,0.200578
496,-0.344854,0.248253,0.662735,0.268513
496.1,-0.37122,0.278583,0.659961,0.328632
496.2,-0.400474,0.306006,0.660208,0.381973
496.3,-0.432325,0.330533,0.663127,0.42942
496.4,-0.466484,0.352163,0.668246,0.471685
496.5,-0.50266,0.370872,0.674985,0.509313
496.6,-0.540559,0.386602,0.682681,0.542704
496.7,-0.579878,0.399257,0.690602,0.572121
496.8,-0.620303,0.408692,0.697965,0.597714
496.9,-0.661503,0.414717,0.703955,0.619519
497,-0.703125,0.417095,0.707751,0.637471
497.1,-0.744791,0.415541,0.708544,0.651397
497.2,-0.786091,0.409732,0.705567,0.661017
497.3,-0.826584,0.399314,0.69813,0.665926
497.4,-0.865788,0.383916,0.685657,0.665574
497.5,-0.903188,0.363166,0.667731,0.659234
497.6,-0.938231,0.336714,0.644145,0.645945
497.7,-0.970331,0.30426,0.614953,0.62443
497.8,-0.998876,0.265582,0.580529,0.592963
497.9,-1.02324,0.220579,0.541609,0.549158
498,-1.04278,0.169305,0.499333,0.48962
498.1,-1.0569,0.11201,0.455257,0.409405
498.2,-1.065,0.0491826,0.411346,0.301296
498.3,-1.06657,-0.0184205,0.369914,0.155617
498.4,-1.06119,-0.0897493,0.333525,0.155617
498.5,-1.04854,-0.163454,0.304846,0.155617
498.6,-1.02848,-0.237898,0.286443,0.155617
498.7,-1.001,-0.311196,0.280548,0.155617
498.8,-0.966343,-0.381277,0.288812,0.155617
498.9,-0.924927,-0.445976,0.312077,0.155617
499,-0.877399,-0.503146,0.350192,0.155617
499.1,-0.824615,-0.550786,0.401927,0.155617
499.2,-0.767618,-0.587165,0.464996,0.155617
499.3,-0.707603,-0.610938,0.536203,0.155617
499.4,-0.64588,-0.621244,0.611704,0.155617
499.5,-0.583815,-0.617757,0.687361,0.155617
499.6,-0.522781,-0.6007,0.759124,0.155617
499.7,-0.464103,-0.570817,0.823411,0.155617
499.8,-0.409006,-0.529301,0.877412,0.155617
499.9,-0.358579,-0.477696,0.919302,0.155617
500,-0.313744,-0.417774,0.948327,0.155617
500.1,-0.275239,-0.351411,0.964775,0.155617
500.2,-0.243614,-0.280476,0.969847,0.155617
500.3,-0.219238,-0.206722,0.965458,0.155617
500.4,-0.202311,-0.131716,0.954013,0.155617
500.5,-0.192892,-0.0567788,0.938173,0.155617
500.6,-0.190918,0.0170362,0.920647,0.155617
500.7,-0.196236,0.0889542,0.904023,0.155617
500.8,-0.208628,0.158466,0.890647,0.0857384
500.9,-0.22784,0.225307,0.882544,0.213002
501,-0.253598,0.289421,0.881385,0.323144
501.1,-0.285637,0.35093,0.888477,0.419072
501.2,-0.323706,0.410096,0.904788,0.503726
501.3,-0.36759,0.467283,0.93098,0.57959
501.4,-0.417111,0.522929,0.967449,0.648631
501.5,-0.47214,0.577515,1.01437,0.712373
501.6,-0.532596,0.631543,1.07175,0.77199
501.7,-0.598447,0.685511,1.13945,0.828382
501.8,-0.669712,0.7399,1.21723,0.882241
501.9,-0.746456,0.795158,1.30477,0.9341
502,-0.828786,0.851688,1.40167,0.984361
502.1,-0.916848,0.909841,1.5075,1.03333
502.2,-1.01082,0.969902,1.62175,1.08123
502.3,-1.1109,1.03209,1.74386,1.12823
502.4,-1.21731,1.09652,1.87319,1.17443
502.5,-1.33028,1.16326,2.00896,1.21991
502.6,-1.45004,1.23222,2.15026,1.26469
502.7,-1.57679,1.30322,2.29597,1.30878
502.8,-1.71074,1.37592,2.44471,1.35214
502.9,-1.85202,1.44981,2.59477,1.39472
503,-2.00072,1.52419,2.74398,1.43643
503.1,-2.15684,1.5981,2.88969,1.47716
503.2,-2.32028,1.67029,3.02861,1.51675
503.3,-2.49079,1.73917,3.1567,1.55502
503.4,-2.66794,1.80273,3.26914,1.59174
503.5,-2.85107,1.8585,3.36017,1.62663
503.6,-3.03928,1.90345,3.42317,1.65935
503.7,-3.23128,1.93397,3.45065,1.68948
503.8,-3.42545,1.9458,3.43455,1.71652
503.9,-3.61966,1.93406,3.36665,1.73985
504,-3.81129,1.8933,3.23932,1.75874
504.1,-3.99716,1.81767,3.04664,1.77226
504.2,-4.17347,1.70124,2.78593,1.77927
504.3,-4.33586,1.53844,2.45969,1.77834
504.4,-4.47945,1.32477,2.07776,1.76763
504.5,-4.59903,1.05767,1.65938,1.74467
504.6,-4.68922,0.737585,1.23442,1.70595
504.7,-4.74492,0.368972,0.843011,1.64609
504.8,-4.7617,-0.0387975,0.53268,1.55548
504.9,-4.73634,-0.471083,0.35237,1.41251
505,-4.66731,-0.908393,0.343685,1.13526
505.1,-4.55525,-1.32781,0.530897,1.13526
505.2,-4.40315,-1.70541,0.912449,1.13526
505.3,-4.2163,-2.01932,1.45718,1.13526
505.4,-4.00197,-2.25278,2.10747,1.13526
505.5,-3.76874,-2.39654,2.78937,1.13526
505.6,-3.52569,-2.44983,3.42683,1.13526
505.7,-3.28156,-2.41991,3.95584,1.13526
505.8,-3.04404,-2.32024,4.33436,1.13526
505.9,-2.81927,-2.16787,4.54577,1.13526
506,-2.61161,-1.98089,4.59636,1.13526
506.1,-2.42368,-1.77619,4.50889,1.13526
506.2,-2.25649,-1.56809,4.3149,1.13526
506.3,-2.1098,-1.36763,4.04788,1.13526
506.4,-1.98245,-1.18253,3.73851,1.13526
506.5,-1.87262,-1.01756,3.41197,1.13526
506.6,-1.77818,-0.875105,3.08715,1.13526
506.7,-1.69683,-0.755712,2.77696,1.13526
506.8,-1.62629,-0.658683,2.48934,1.13526
506.9,-1.5644,-0.582496,2.22847,1.13526
507,-1.50916,-0.525147,1.99584,1.13526
507.1,-1.45882,-0.484387,1.79125,1.13526
507.2,-1.41181,-0.457877,1.61349,1.13526
507.3,-1.36684,-0.443283,1.46083,1.13526
507.4,-1.32283,-0.438336,1.33139,1.13526
507.5,-1.27893,-0.440864,1.22324,1.13526
507.6,-1.23448,-0.448808,1.13451,1.13526
507.7,-1.18905,-0.460238,1.0634,1.13526
507.8,-1.14238,-0.473369,1.00813,1.13526
507.9,-1.09437,-0.486575,0.966913,1.13526
508,-1.04511,-0.498411,0.937926,1.13526
508.1,-0.994779,-0.507631,0.91927,1.13526
508.2,-0.943703,-0.513209,0.908984,1.13526
508.3,-0.892285,-0.514351,0.905071,1.13526
508.4,-0.840999,-0.51051,0.905549,1.13526
508.5,-0.79036,-0.50138,0.908515,1.13526
508.6,-0.740902,-0.486894,0.912215,1.13526
508.7,-0.693155,-0.467201,0.915113,1.13526
508.8,-0.647624,-0.442645,0.915948,1.13526
508.9,-0.604772,-0.413727,0.913775,1.13526
509,-0.565004,-0.381069,0.907975,1.13526
509.1,-0.528659,-0.345378,0.898255,1.13526
509.2,-0.496004,-0.307403,0.884618,1.13526
509.3,-0.467229,-0.267906,0.86732,1.13526
509.4,-0.442449,-0.227626,0.846813,1.13526
509.5,-0.421707,-0.187256,0.823687,1.13526
509.6,-0.40498,-0.147428,0.798611,1.13526
509.7,-0.392184,-0.108702,0.772273,1.13526
509.8,-0.383186,-0.0715571,0.745339,1.13526
509.9,-0.377807,-0.0363923,0.718412,1.13526
510,-0.375831,-0.00353218,0.692004,1.13526
510.1,-0.377015,0.0267679,0.66652,1.13526
510.2,-0.381093,0.0543131,0.642253,1.13526
510.3,-0.387781,0.0789595,0.619379,1.13526
510.4,-0.396784,0.100604,0.597963,1.13526
510.5,-0.407799,0.119176,0.577973,0.0412364
510.6,-0.420516,0.134626,0.559293,0.077942
510.7,-0.434619,0.146923,0.541738,0.108357
510.8,-0.449794,0.156044,0.52507,0.132581
510.9,-0.465722,0.161973,0.509019,0.15068
511,-0.482082,0.1647,0.493303,0.162634
511.1,-0.498555,0.164215,0.477642,0.168311
511.2,-0.514818,0.160517,0.461777,0.167446
511.3,-0.530551,0.153611,0.44549,0.159619
511.4,-0.545434,0.143514,0.42862,0.14423
511.5,-0.559149,0.130264,0.411074,0.120463
511.6,-0.571384,0.113925,0.392843,0.0872662
511.7,-0.581834,0.0945956,0.374013,0.0433149
511.8,-0.590208,0.0724165,0.354768,0.0433149
511.9,-0.596229,0.0475817,0.335394,0.0433149
512,-0.599644,0.0203449,0.316275,0.0433149
512.1,-0.600228,-0.00897347,0.297882,0.0433149
512.2,-0.597793,-0.0399815,0.280753,0.0433149
512.3,-0.592191,-0.0722142,0.265473,0.0433149
512.4,-0.583327,-0.105135,0.252637,0.0433149
512.5,-0.571161,-0.138142,0.242812,0.0433149
512.6,-0.555718,-0.170578,0.236501,0.0433149
512.7,-0.537088,-0.201748,0.234093,0.0433149
512.8,-0.515434,-0.230938,0.235829,0.0433149
512.9,-0.49099,-0.257436,0.241768,0.0433149
513,-0.464059,-0.280564,0.251769,0.0433149
513.1,-0.43501,-0.2997,0.265479,0.0433149
513.2,-0.40427,-0.314308,0.282349,0.0433149
513.3,-0.372314,-0.323962,0.301659,0.0433149
513.4,-0.339653,-0.328362,0.322559,0.0433149
513.5,-0.306822,-0.327353,0.344127,0.0433149
513.6,-0.274364,-0.320923,0.365431,0.0433149
513.7,-0.242814,-0.309208,0.385591,0.0433149
513.8,-0.212689,-0.292479,0.403839,0.0433149
513.9,-0.184472,-0.271126,0.419567,0.0433149
514,-0.158602,-0.245636,0.432362,0.0433149
514.1,-0.135465,-0.216569,0.442024,0.0433149
514.2,-0.115387,-0.18453,0.448567,0.0433149
514.3,-0.0986368,-0.150141,0.452206,0.0433149
514.4,-0.0854169,-0.114018,0.453327,0.0433149
514.5,-0.0758713,-0.0767485,0.452455,0.0433149
514.6,-0.0700873,-0.0388727,0.450215,0.0433149
514.7,-0.0681008,-0.000872742,0.447283,0.0433149
514.8,-0.069903,0.0368374,0.444354,0.0433149
514.9,-0.0754472,0.0739153,0.442103,0.0433149
515,-0.0846559,0.11009,0.441159,0.0433149
515.1,-0.0974283,0.145159,0.442078,0.0433149
515.2,-0.113646,0.178983,0.445329,-0.111337
515.3,-0.13318,0.211476,0.451284,-0.0055284
515.4,-0.155896,0.242597,0.460214,0.0871324
515.5,-0.181654,0.272343,0.472285,0.168768
515.6,-0.210319,0.300733,0.487563,0.241327
515.7,-0.241757,0.327805,0.506014,0.306425
515.8,-0.275837,0.353598,0.527513,0.365357
515.9,-0.312435,0.378151,0.551846,0.419137
516,-0.351427,0.401485,0.578716,0.468549
516.1,-0.392692,0.423605,0.607747,0.514197
516.2,-0.436106,0.444482,0.638486,0.556533
516.3,-0.481544,0.464053,0.670409,0.595893
516.4,-0.52887,0.482211,0.702916,0.632511
516.5,-0.577935,0.498802,0.735341,0.666535
516.6,-0.628571,0.513613,0.766945,0.698041
516.7,-0.680589,0.526376,0.796925,0.727034
516.8,-0.733767,0.536758,0.824414,0.75346
516.9,-0.787848,0.544362,0.84849,0.7772
517,-0.842531,0.548721,0.868188,0.798071
517.1,-0.897466,0.549306,0.88252,0.815823
517.2,-0.952247,0.545525,0.890499,0.830128
517.3,-1.0064,0.536733,0.89118,0.840569
517.4,-1.0594,0.522246,0.883708,0.84662
517.5,-1.11064,0.501358,0.867384,0.847617
517.6,-1.15944,0.473366,0.841746,0.842715
517.7,-1.20505,0.43761,0.806658,0.830825
517.8,-1.24668,0.393513,0.762415,0.81051
517.9,-1.28346,0.34064,0.709849,0.779817
518,-1.31451,0.278752,0.650426,0.735994
518.1,-1.33892,0.207887,0.58632,0.67497
518.2,-1.3558,0.128424,0.520442,0.590405
518.3,-1.36434,0.0411547,0.456404,0.471923
518.4,-1.36381,-0.0526601,0.398392,0.30268
518.5,-1.35365,-0.151256,0.350939,0.30268
518.6,-1.33348,-0.252364,0.318583,0.30268
518.7,-1.30318,-0.353255,0.30544,0.30268
518.8,-1.26294,-0.450832,0.314716,0.30268
518.9,-1.21324,-0.541774,0.348228,0.30268
519,-1.15491,-0.622734,0.406019,0.30268
519.1,-1.08913,-0.690557,0.486131,0.30268
519.2,-1.01733,-0.742518,0.584625,0.30268
519.3,-0.941223,-0.776529,0.695862,0.30268
519.4,-0.862668,-0.79131,0.813033,0.30268
519.5,-0.783616,-0.786484,0.928866,0.30268
519.6,-0.706008,-0.762586,1.0364,0.30268
519.7,-0.631689,-0.720992,1.1297,0.30268
519.8,-0.562331,-0.663771,1.20443,0.30268
519.9,-0.499371,-0.59349,1.25811,0.30268
520,-0.443974,-0.512995,1.29026,0.30268
520.1,-0.397015,-0.425192,1.30213,0.30268
520.2,-0.359086,-0.332859,1.29643,0.30268
520.3,-0.330511,-0.238498,1.27685,0.30268
520.4,-0.311383,-0.144228,1.24761,0.30268
520.5,-0.301605,-0.0517401,1.21307,0.30268
520.6,-0.300933,0.0377228,1.17737,0.30268
520.7,-0.309021,0.12334,1.14421,0.150005
520.8,-0.325458,0.204671,1.11671,0.279507
520.9,-0.349808,0.2816,1.09737,0.390955
521,-0.381636,0.354269,1.08803,0.487223
521.1,-0.420531,0.42302,1.08996,0.571441
521.2,-0.466125,0.488332,1.1039,0.6463
521.3,-0.518102,0.550774,1.13017,0.713933
521.4,-0.576205,0.610953,1.16874,0.775985
521.5,-0.640238,0.669483,1.2193,0.833709
521.6,-0.710066,0.726955,1.28134,0.888056
521.7,-0.785611,0.783907,1.35416,0.939744
521.8,-0.866846,0.840809,1.43699,0.989311
521.9,-0.953785,0.898048,1.52889,1.03716
522,-1.04648,0.955909,1.62888,1.08357
522.1,-1.14499,1.01457,1.73584,1.12876
522.2,-1.24942,1.07407,1.84855,1.17284
522.3,-1.35983,1.13434,1.96561,1.21588
522.4,-1.4763,1.19512,2.08544,1.25792
522.5,-1.59886,1.25599,2.20619,1.29891
522.6,-1.72748,1.31634,2.32569,1.3388
522.7,-1.86208,1.37531,2.44139,1.37747
522.8,-2.00246,1.43178,2.55027,1.41479
522.9,-2.14831,1.48434,2.64875,1.45055
523,-2.29914,1.53122,2.73267,1.48452
523.1,-2.45429,1.57026,2.79727,1.51641
523.2,-2.61285,1.59888,2.83716,1.54584
523.3,-2.77362,1.61403,2.84649,1.57238
523.4,-2.93509,1.61221,2.81916,1.5955
523.5,-3.09536,1.58946,2.74922,1.61452
523.6,-3.25214,1.5415,2.63152,1.62865
523.7,-3.40267,1.46383,2.46257,1.6369
523.8,-3.54377,1.35206,2.24173,1.63798
523.9,-3.67182,1.20225,1.97262,1.6303
524,-3.78285,1.01148,1.66455,1.61169
524.1,-3.8727,0.778527,1.33382,1.57914
524.2,-3.93719,0.504583,1.00434,1.52814
524.3,-3.9724,0.194001,0.707032,1.45109
524.4,-3.97503,-0.145146,0.477469,1.33272
524.5,-3.94281,-0.500888,0.35151,1.13052
524.6,-3.87481,-0.857744,0.359137,0.554698
524.7,-3.77182,-1.19781,0.517596,0.554698
524.8,-3.63643,-1.5025,0.825598,0.554698
524.9,-3.47307,-1.75478,1.26063,0.554698
525,-3.28767,-1.9414,1.78085,0.554698
525.1,-3.08725,-2.05462,2.33166,0.554698
525.2,-2.87924,-2.09317,2.85538,0.554698
525.3,-2.67094,-2.06199,3.30141,0.554698
525.4,-2.46884,-1.97109,3.63393,0.554698
525.5,-2.27827,-1.83374,3.83554,0.554698
525.6,-2.10315,-1.66452,3.90657,0.554698
525.7,-1.94596,-1.47755,3.86121,0.554698
525.8,-1.80782,-1.28523,3.72213,0.554698
525.9,-1.68875,-1.09758,3.51524,0.554698
526,-1.5879,-0.921968,3.26555,0.554698
526.1,-1.50379,-0.763313,2.99461,0.554698
526.2,-1.43458,-0.624441,2.71929,0.554698
526.3,-1.3782,-0.506538,2.45163,0.554698
526.4,-1.33257,-0.409595,2.19943,0.554698
526.5,-1.29561,-0.33279,1.96709,0.554698
526.6,-1.26538,-0.274797,1.75646,0.554698
526.7,-1.24008,-0.234007,1.56774,0.554698
526.8,-1.21807,-0.208672,1.40011,0.554698
526.9,-1.19789,-0.196998,1.25231,0.554698
527,-1.17827,-0.197193,1.12291,0.554698
527.1,-1.15811,-0.207482,1.01062,0.554698
527.2,-1.1365,-0.22611,0.914336,0.554698
527.3,-1.11267,-0.251335,0.833221,0.554698
527.4,-1.08607,-0.281423,0.766632,0.554698
527.5,-1.05628,-0.314649,0.714059,0.554698
527.6,-1.02309,-0.349303,0.675015,0.554698
527.7,-0.986431,-0.383716,0.64893,0.554698
527.8,-0.946409,-0.416284,0.635038,0.554698
527.9,-0.903285,-0.445514,0.632309,0.554698
528,-0.857462,-0.470062,0.639393,0.554698
528.1,-0.809467,-0.488783,0.654628,0.554698
528.2,-0.75993,-0.500771,0.676075,0.554698
528.3,-0.709559,-0.50539,0.701608,0.554698
528.4,-0.65911,-0.502296,0.729028,0.554698
528.5,-0.609359,-0.491438,0.756197,0.554698
528.6,-0.561074,-0.473051,0.781173,0.554698
528.7,-0.514984,-0.44762,0.802323,0.554698
528.8,-0.471761,-0.415847,0.818418,0.554698
528.9,-0.431997,-0.378599,0.828679,0.554698
529,-0.396191,-0.336849,0.832793,0.554698
529.1,-0.364743,-0.291625,0.830878,0.554698
529.2,-0.337948,-0.243962,0.823429,0.554698
529.3,-0.315999,-0.194849,0.811236,0.554698
529.4,-0.298996,-0.145204,0.795294,0.554698
529.5,-0.286949,-0.0958429,0.776707,0.554698
529.6,-0.279794,-0.0474662,0.756604,0.554698
529.7,-0.277403,-0.000654212,0.736066,0.554698
529.8,-0.279596,0.0441317,0.716069,0.554698
529.9,-0.28615,0.0865409,0.697441,0.554698
530,-0.296816,0.12632,0.680836,0.0120068
530.1,-0.311321,0.1633,0.666724,0.0957772
530.2,-0.329379,0.197375,0.655387,0.170163
530.3,-0.350697,0.228489,0.64693,0.235912
530.4,-0.374977,0.256617,0.641289,0.293963
530.5,-0.401921,0.28175,0.638253,0.345232
530.6,-0.431227,0.30388,0.637479,0.390517
530.7,-0.462596,0.322992,0.638511,0.430464
530.8,-0.495724,0.339047,0.640803,0.465573
530.9,-0.530302,0.351981,0.643734,0.496197
531,-0.566013,0.361694,0.646631,0.522563
531.1,-0.602529,0.368053,0.648788,0.544775
531.2,-0.639506,0.370882,0.649487,0.562827
531.3,-0.67658,0.369973,0.648019,0.576598
531.4,-0.713368,0.365085,0.643713,0.585851
531.5,-0.749456,0.355951,0.635962,0.590222
531.6,-0.784407,0.342292,0.624258,0.589199
531.7,-0.817754,0.32383,0.608227,0.582093
531.8,-0.849004,0.300305,0.587668,0.567984
531.9,-0.877639,0.271499,0.562596,0.545647
532,-0.903123,0.23726,0.533281,0.513431
532.1,-0.924908,0.197531,0.500287,0.469073
532.2,-0.942448,0.152384,0.464497,0.409413
532.3,-0.955212,0.102047,0.427126,0.329987
532.4,-0.962698,0.0469407,0.389709,0.224621
532.5,-0.964462,-0.0123012,0.35406,0.224621
532.6,-0.960129,-0.0748101,0.322203,0.224621
532.7,-0.949427,-0.139477,0.296255,0.224621
532.8,-0.932206,-0.204961,0.278285,0.224621
532.9,-0.908459,-0.269716,0.270136,0.224621
533,-0.878344,-0.332037,0.273243,0.224621
533.1,-0.842193,-0.39013,0.288453,0.224621
533.2,-0.800519,-0.442193,0.315882,0.224621
533.3,-0.754013,-0.486512,0.354824,0.224621
533.4,-0.703526,-0.521564,0.403745,0.224621
533.5,-0.65005,-0.546111,0.460361,0.224621
533.6,-0.594683,-0.559278,0.521806,0.224621
533.7,-0.53859,-0.560608,0.584876,0.224621
533.8,-0.482957,-0.550091,0.646305,0.224621
533.9,-0.428953,-0.528149,0.703064,0.224621
534,-0.377681,-0.495601,0.752612,0.224621
534.1,-0.330148,-0.453591,0.793099,0.224621
534.2,-0.287233,-0.403503,0.823482,0.224621
534.3,-0.249666,-0.346864,0.843546,0.224621
534.4,-0.218026,-0.28525,0.853857,0.224621
534.5,-0.192731,-0.220194,0.855637,0.224621
534.6,-0.174054,-0.153117,0.850606,0.224621
534.7,-0.162133,-0.0852683,0.840811,0.224621
534.8,-0.156991,-0.0176932,0.828445,0.224621
534.9,-0.158558,0.0487865,0.815706,0.224621
535,-0.166692,0.113574,0.804668,0.224621
535.1,-0.181203,0.176288,0.797201,0.0746447
535.2,-0.201874,0.236742,0.794913,0.197546
535.3,-0.228475,0.294916,0.799127,0.304149
535.4,-0.260785,0.350933,0.810881,0.397372
535.5,-0.298598,0.405029,0.830939,0.479993
535.6,-0.341737,0.457519,0.859822,0.554321
535.7,-0.39006,0.508777,0.897836,0.622171
535.8,-0.443465,0.559213,0.945108,0.684952
535.9,-0.50189,0.609247,1.00161,0.74375
536,-0.565315,0.659294,1.06721,0.799403
536.1,-0.633762,0.709754,1.14166,0.852556
536.2,-0.707292,0.760989,1.22463,0.903702
536.3,-0.785997,0.813321,1.31574,0.953217
536.4,-0.870001,0.867017,1.41453,1.00139
536.5,-0.959453,0.922283,1.52046,1.04842
536.6,-1.05451,0.979249,1.63291,1.09445
536.7,-1.15536,1.03796,1.75117,1.1396
536.8,-1.26216,1.09838,1.87437,1.1839
536.9,-1.37509,1.16033,2.0015,1.22738
537,-1.49427,1.22354,2.13129,1.27003
537.1,-1.61982,1.28756,2.26222,1.31179
537.2,-1.75179,1.35178,2.39241,1.3526
537.3,-1.89016,1.41537,2.51956,1.39233
537.4,-2.03481,1.47726,2.64087,1.43086
537.5,-2.18551,1.53607,2.75297,1.46801
537.6,-2.34186,1.59012,2.8518,1.50354
537.7,-2.5033,1.63729,2.93265,1.53719
537.8,-2.66901,1.67506,2.99005,1.56863
537.9,-2.8379,1.70041,3.01793,1.59746
538,-3.00856,1.70981,3.00974,1.62319
538.1,-3.1792,1.69922,2.9588,1.64522
538.2,-3.34759,1.66417,2.8589,1.66284
538.3,-3.51106,1.59985,2.70506,1.67514
538.4,-3.66642,1.50135,2.49477,1.68101
538.5,-3.81003,1.36406,2.22938,1.67905
538.6,-3.93781,1.18413,1.91576,1.66742
538.7,-4.04536,0.959178,1.5679,1.64366
538.8,-4.12814,0.689061,1.20807,1.60422
538.9,-4.18176,0.37675,0.866848,1.54359
539,-4.2023,0.0290405,0.58146,1.45189
539.1,-4.18675,-0.343016,0.391905,1.30683
539.2,-4.13339,-0.724239,0.334798,1.02677
539.3,-4.04221,-1.09618,0.43579,1.02677
539.4,-3.91513,-1.43878,0.702283,1.02677
539.5,-3.75608,-1.73266,1.11877,1.02677
539.6,-3.57077,-1.96163,1.64687,1.02677
539.7,-3.36629,-2.11493,2.23086,1.02677
539.8,-3.15045,-2.18858,2.80755,1.02677
539.9,-2.93113,-2.18562,3.31787,1.02677
540,-2.71558,-2.1151,3.71669,1.02677
540.1,-2.50992,-1.99032,3.97843,1.02677
540.2,-2.31881,-1.82665,4.09776,1.02677
540.3,-2.14537,-1.6395,4.08611,1.02677
540.4,-1.99123,-1.44277,3.96603,1.02677
540.5,-1.85675,-1.24789,3.7651,1.02677
540.6,-1.7413,-1.0635,3.51106,1.02677
540.7,-1.6435,-0.895479,3.22837,1.02677
540.8,-1.56154,-0.747348,2.93667,1.02677
540.9,-1.49332,-0.620729,2.65028,1.02677
541,-1.43667,-0.515841,2.37877,1.02677
541.1,-1.38945,-0.431936,2.12776,1.02677
541.2,-1.34963,-0.36765,1.89994,1.02677
541.3,-1.31532,-0.32126,1.69599,1.02677
541.4,-1.28484,-0.290864,1.51538,1.02677
541.5,-1.25668,-0.274492,1.35689,1.02677
541.6,-1.22954,-0.270168,1.21906,1.02677
541.7,-1.20231,-0.275945,1.10044,1.02677
541.8,-1.17408,-0.289913,0.999721,1.02677
541.9,-1.14412,-0.3102,0.915769,1.02677
542,-1.11189,-0.334981,0.847599,1.02677
542.1,-1.07703,-0.362474,0.794316,1.02677
542.2,-1.03936,-0.390963,0.755022,1.02677
542.3,-0.99886,-0.418814,0.728725,1.02677
542.4,-0.95567,-0.444506,0.714264,1.02677
542.5,-0.910077,-0.466666,0.710255,1.02677
542.6,-0.862494,-0.484109,0.715073,1.02677
542.7,-0.813444,-0.495868,0.726877,1.02677
542.8,-0.763534,-0.501228,0.743663,1.02677
542.9,-0.713427,-0.499739,0.763359,1.02677
543,-0.663821,-0.491229,0.783925,1.02677
543.1,-0.615413,-0.475793,0.803472,1.02677
543.2,-0.568882,-0.453769,0.820365,1.02677
543.3,-0.52486,-0.425712,0.833308,1.02677
543.4,-0.483917,-0.392344,0.841397,1.02677
543.5,-0.44654,-0.354513,0.84414,1.02677
543.6,-0.413132,-0.313138,0.841449,1.02677
543.7,-0.383999,-0.269165,0.833591,1.02677
543.8,-0.359355,-0.223523,0.821129,1.02677
543.9,-0.339321,-0.177092,0.804841,1.02677
544,-0.323936,-0.130671,0.785645,1.02677
544.1,-0.313163,-0.0849681,0.764513,1.02677
544.2,-0.306898,-0.0405839,0.742406,1.02677
544.3,-0.304985,0.00198559,0.720213,1.02677
544.4,-0.307222,0.0423466,0.698714,1.02677
544.5,-0.313371,0.0801981,0.678543,1.02677
544.6,-0.32317,0.11532,0.660178,1.02677
544.7,-0.336338,0.147558,0.64393,0.0734261
544.8,-0.352582,0.176811,0.629951,0.139184
544.9,-0.371599,0.203015,0.618241,0.197166
545,-0.393082,0.226129,0.608666,0.248021
545.1,-0.416721,0.246123,0.600967,0.292409
545.2,-0.442202,0.262968,0.594791,0.330904
545.3,-0.469208,0.276626,0.589698,0.363969
545.4,-0.497419,0.287045,0.585192,0.391938
545.5,-0.526507,0.294153,0.580734,0.415018
545.6,-0.556136,0.297855,0.575768,0.433292
545.7,-0.585961,0.298037,0.569742,0.446718
545.8,-0.615622,0.294564,0.562126,0.455128
545.9,-0.644747,0.287287,0.552443,0.458228
546,-0.672947,0.276052,0.54029,0.455514
546.1,-0.69982,0.260707,0.525368,0.44638
546.2,-0.724947,0.241121,0.507506,0.429936
546.3,-0.747899,0.217193,0.486693,0.405005
546.4,-0.768239,0.188874,0.463101,0.370011
546.5,-0.785528,0.156187,0.437105,0.322835
546.6,-0.799335,0.119245,0.409302,0.260627
546.7,-0.809243,0.0782769,0.380513,0.179633
546.8,-0.814868,0.0336431,0.351771,0.0752759
546.9,-0.815866,-0.0141461,0.324296,0.0752759
547,-0.811955,-0.06442,0.299443,0.0752759
547.1,-0.802927,-0.116343,0.278635,0.0752759
547.2,-0.788665,-0.168922,0.263272,0.0752759
547.3,-0.769159,-0.221023,0.254619,0.0752759
547.4,-0.744518,-0.2714,0.253703,0.0752759
547.5,-0.71498,-0.318742,0.26119,0.0752759
547.6,-0.680915,-0.361719,0.277302,0.0752759
547.7,-0.642824,-0.399052,0.301744,0.0752759
547.8,-0.601332,-0.429571,0.33369,0.0752759
547.9,-0.55717,-0.452285,0.37181,0.0752759
548,-0.511161,-0.466433,0.414352,0.0752759
548.1,-0.464186,-0.471535,0.459271,0.0752759
548.2,-0.417162,-0.467408,0.504393,0.0752759
548.3,-0.371008,-0.454182,0.547587,0.0752759
548.4,-0.326615,-0.432279,0.586945,0.0752759
548.5,-0.284818,-0.402382,0.620924,0.0752759
548.6,-0.246375,-0.365386,0.648451,0.0752759
548.7,-0.211943,-0.322335,0.668985,0.0752759
548.8,-0.182072,-0.274363,0.682517,0.0752759
548.9,-0.157196,-0.22263,0.689534,0.0752759
549,-0.137634,-0.16826,0.690938,0.0752759
549.1,-0.123597,-0.1123,0.687951,0.0752759
549.2,-0.115196,-0.0556765,0.681999,0.0752759
549.3,-0.112457,0.000824137,0.674615,0.0752759
549.4,-0.115335,0.0565711,0.667331,0.0752759
549.5,-0.12373,0.111092,0.66161,0.0752759
549.6,-0.137502,0.164064,0.65878,-0.0313277
549.7,-0.156485,0.215308,0.659997,0.0940523
549.8,-0.180504,0.264766,0.666226,0.203026
549.9,-0.209381,0.312484,0.678228,0.298249
550,-0.242947,0.358591,0.696569,0.382411
550.1,-0.281051,0.403281,0.721632,0.457802
550.2,-0.323564,0.446791,0.753633,0.526254
550.3,-0.370379,0.489385,0.792635,0.589195
550.4,-0.421419,0.531333,0.838574,0.647731
550.5,-0.476633,0.572902,0.891267,0.702715
550.6,-0.535995,0.614337,0.950431,0.754805
550.7,-0.599503,0.655854,1.01569,0.804505
550.8,-0.667175,0.697623,1.08657,0.852197
550.9,-0.73904,0.739761,1.16251,0.898167
551,-0.815141,0.782322,1.24285,0.942622
551.1,-0.895518,0.825281,1.32683,0.9857
551.2,-0.980207,0.868531,1.41354,1.02749
551.3,-1.06923,0.91186,1.50194,1.06802
551.4,-1.16257,0.954946,1.59081,1.1073
551.5,-1.26019,0.997332,1.67869,1.14526
551.6,-1.36199,1.03842,1.76391,1.18183
551.7,-1.46781,1.07743,1.84448,1.21688
551.8,-1.57738,1.1134,1.91813,1.25025
551.9,-1.69035,1.14515,1.98222,1.28171
552,-1.80622,1.17126,2.03377,1.31101
552.1,-1.92435,1.19005,2.06948,1.33782
552.2,-2.04392,1.19959,2.0858,1.36173
552.3,-2.16389,1.19764,2.07901,1.38227
552.4,-2.28299,1.18175,2.04549,1.39883
552.5,-2.39968,1.14922,1.98198,1.41069
552.6,-2.51218,1.09727,1.88607,1.41694
552.7,-2.6184,1.02309,1.7567,1.41643
552.8,-2.71597,0.924131,1.59492,1.40765
552.9,-2.80233,0.798299,1.4046,1.38862
553,-2.8747,0.644344,1.1932,1.35653
553.1,-2.93026,0.462238,0.972255,1.3072
553.2,-2.96626,0.253599,0.757526,1.23371
553.3,-2.98021,0.0220774,0.568386,1.12285
553.4,-2.9701,-0.226392,0.426346,0.94267
553.5,-2.93464,-0.483549,0.352568,0.576854
553.6,-2.87345,-0.73908,0.364579,0.576854
553.7,-2.78727,-0.981273,0.47268,0.576854
553.8,-2.67804,-1.19801,0.676883,0.576854
553.9,-2.54889,-1.37802,0.965308,0.576854
554,-2.40397,-1.51216,1.31476,0.576854
554.1,-2.24819,-1.59451,1.69368,0.576854
554.2,-2.08687,-1.62307,2.06695,0.576854
554.3,-1.92531,-1.59979,2.40139,0.576854
554.4,-1.76845,-1.53019,2.67058,0.576854
554.5,-1.62055,-1.4224,2.85804,0.576854
554.6,-1.48493,-1.28603,2.95805,0.576854
554.7,-1.36396,-1.13106,2.97458,0.576854
554.8,-1.25902,-0.966859,2.9188,0.576854
554.9,-1.17062,-0.801557,2.80601,0.576854
555,-1.09853,-0.64167,2.65286,0.576854
555.1,-1.04194,-0.492023,2.47515,0.576854
555.2,-0.999672,-0.355872,2.28635,0.576854
555.3,-0.970255,-0.235131,2.09701,0.576854
555.4,-0.952102,-0.130663,1.9146,0.576854
555.5,-0.943576,-0.0425623,1.74382,0.342035
555.6,-0.943058,0.0295887,1.58707,0.411492
555.7,-0.948986,0.0865151,1.44498,0.464825
555.8,-0.959882,0.129091,1.31695,0.503774
555.9,-0.974357,0.158233,1.20161,0.529848
556,-0.991111,0.17483,1.09719,0.544058
556.1,-1.00893,0.179716,1.00185,0.546853
556.2,-1.02669,0.173662,0.913886,0.538088
556.3,-1.04332,0.157391,0.831895,0.516981
556.4,-1.05785,0.131613,0.754921,0.481994
556.5,-1.06935,0.0970577,0.682505,0.430629
556.6,-1.077,0.0545256,0.614719,0.359113
556.7,-1.08002,0.00492989,0.55216,0.262097
556.8,-1.07778,-0.0506623,0.495888,0.262097
556.9,-1.06973,-0.110998,0.447332,0.262097
557,-1.05547,-0.174623,0.408146,0.262097
557.1,-1.03475,-0.239879,0.380022,0.262097
557.2,-1.0075,-0.304932,0.364482,0.262097
557.3,-0.97384,-0.367812,0.362658,0.262097
557.4,-0.934081,-0.426489,0.375077,0.262097
557.5,-0.888749,-0.478959,0.401503,0.262097
557.6,-0.838559,-0.523345,0.440837,0.262097
557.7,-0.784405,-0.558005,0.49111,0.262097
557.8,-0.727327,-0.581632,0.54959,0.262097
557.9,-0.668477,-0.59333,0.612969,0.262097
558,-0.609073,-0.592672,0.677642,0.262097
558.1,-0.550353,-0.579716,0.740016,0.262097
558.2,-0.493523,-0.554988,0.796826,0.262097
558.3,-0.439716,-0.519431,0.845406,0.262097
558.4,-0.389955,-0.474323,0.883885,0.262097
558.5,-0.34512,-0.42118,0.911288,0.262097
558.6,-0.305932,-0.36165,0.927539,0.262097
558.7,-0.272946,-0.297413,0.933381,0.262097
558.8,-0.246552,-0.230084,0.930224,0.262097
558.9,-0.226983,-0.161143,0.919968,0.262097
559,-0.214334,-0.0918817,0.9048,0.262097
559.1,-0.208582,-0.0233674,0.887013,0.262097
559.2,-0.209608,0.0435662,0.86885,0.262097
559.3,-0.217222,0.108318,0.852379,0.262097
559.4,-0.231185,0.170503,0.839413,0.108147
559.5,-0.25123,0.229928,0.831458,0.222398
559.6,-0.277078,0.286562,0.829696,0.32193
559.7,-0.308453,0.340503,0.834986,0.409202
559.8,-0.345095,0.391947,0.847889,0.486604
559.9,-0.386768,0.441158,0.868693,0.55615
560,-0.433262,0.488437,0.897444,0.619451
560.1,-0.484401,0.534099,0.933985,0.677762
560.2,-0.540039,0.578452,0.977978,0.732054
560.3,-0.600057,0.621773,1.02893,0.783069
560.4,-0.664367,0.664296,1.08623,0.831373
560.5,-0.732896,0.706191,1.14911,0.877387
560.6,-0.805587,0.747556,1.2167,0.92142
560.7,-0.88239,0.788401,1.28803,0.963686
560.8,-0.963247,0.828635,1.36194,1.00432
560.9,-1.04809,0.868052,1.43718,1.0434
561,-1.13682,0.906318,1.51228,1.08094
561.1,-1.2293,0.942959,1.5856,1.11688
561.2,-1.32534,0.977339,1.65528,1.15115
561.3,-1.42466,1.00865,1.71921,1.18361
561.4,-1.52693,1.03588,1.77501,1.21405
561.5,-1.63166,1.05782,1.82005,1.24223
561.6,-1.73827,1.07304,1.85147,1.26783
561.7,-1.84599,1.07987,1.86619,1.29048
561.8,-1.9539,1.07641,1.8611,1.3097
561.9,-2.06086,1.06058,1.83314,1.3249
562,-2.16553,1.03009,1.77961,1.33536
562.1,-2.26632,0.982602,1.69852,1.34018
562.2,-2.3614,0.915773,1.589,1.33821
562.3,-2.44875,0.827455,1.45186,1.32798
562.4,-2.52612,0.715907,1.29023,1.30747
562.5,-2.59112,0.580066,1.11003,1.27387
562.6,-2.64132,0.419868,0.920513,1.22294
562.7,-2.67433,0.236585,0.734287,1.14766
562.8,-2.68796,0.0331348,0.566981,1.0347
562.9,-2.68044,-0.18569,0.436165,0.852537
563,-2.65053,-0.413164,0.359536,0.499459
563.1,-2.5978,-0.640804,0.352439,0.499459
563.2,-2.52269,-0.858823,0.425058,0.499459
563.3,-2.4267,-1.05688,0.579849,0.499459
563.4,-2.31231,-1.22506,0.809901,0.499459
563.5,-2.18297,-1.3549,1.09884,0.499459
563.6,-2.04282,-1.44036,1.42257,0.499459
563.7,-1.89648,-1.47853,1.7526,0.499459
563.8,-1.74868,-1.46984,2.06032,0.499459
563.9,-1.60395,-1.41788,2.32111,0.499459
564,-1.46634,-1.3288,2.51753,0.499459
564.1,-1.33917,-1.21044,2.64077,0.499459
564.2,-1.22495,-1.07137,2.69053,0.499459
564.3,-1.12531,-0.920038,2.67349,0.499459
564.4,-1.04109,-0.764094,2.60106,0.499459
564.5,-0.972426,-0.609953,2.48695,0.499459
564.6,-0.918871,-0.462616,2.34513,0.499459
564.7,-0.879555,-0.325675,2.18828,0.499459
564.8,-0.853311,-0.201454,2.0269,0.499459
564.9,-0.838796,-0.0912308,1.86893,0.499459
565,-0.834582,0.00452549,1.71977,0.349516
565.1,-0.839222,0.0859142,1.58261,0.433553
565.2,-0.851301,0.1534,1.45875,0.501249
565.3,-0.869461,0.207644,1.34814,0.554849
565.4,-0.892413,0.249383,1.24971,0.596416
565.5,-0.918944,0.279334,1.16177,0.627535
565.6,-0.947909,0.298149,1.08231,0.649274
565.7,-0.978222,0.306382,1.00923,0.662221
565.8,-1.00885,0.304487,0.940554,0.666527
565.9,-1.03879,0.292835,0.874567,0.661908
566,-1.0671,0.271741,0.809938,0.647624
566.1,-1.09284,0.241505,0.745821,0.622383
566.2,-1.11511,0.20246,0.68192,0.584174
566.3,-1.13305,0.155028,0.618535,0.529951
566.4,-1.14585,0.0997752,0.556578,0.455116
566.5,-1.15277,0.0374664,0.497548,0.352769
566.6,-1.15314,-0.0308867,0.443454,0.213253
566.7,-1.14643,-0.103991,0.396693,0.213253
566.8,-1.13224,-0.180254,0.359862,0.213253
566.9,-1.11034,-0.257793,0.335516,0.213253
567,-1.08071,-0.334469,0.325891,0.213253
567.1,-1.04355,-0.407959,0.332609,0.213253
567.2,-0.999304,-0.475851,0.356405,0.213253
567.3,-0.948648,-0.535767,0.396922,0.213253
567.4,-0.892491,-0.585505,0.452605,0.213253
567.5,-0.831949,-0.623181,0.520734,0.213253
567.6,-0.768305,-0.647353,0.597599,0.213253
567.7,-0.702959,-0.657121,0.678807,0.213253
567.8,-0.637372,-0.652186,0.75969,0.213253
567.9,-0.573002,-0.632859,0.835744,0.213253
568,-0.511251,-0.600018,0.903048,0.213253
568.1,-0.453404,-0.555023,0.958599,0.213253
568.2,-0.400594,-0.499603,1.00053,0.213253
568.3,-0.353766,-0.435713,1.02818,0.213253
568.4,-0.313665,-0.365406,1.04203,0.213253
568.5,-0.280832,-0.290695,1.04355,0.213253
568.6,-0.25561,-0.213453,1.03495,0.213253
568.7,-0.23817,-0.135333,1.01893,0.213253
568.8,-0.228527,-0.0577119,0.998391,0.213253
568.9,-0.226575,0.0183299,0.976246,0.213253
569,-0.232114,0.0920102,0.955218,0.213253
569.1,-0.244881,0.162828,0.937727,0.129191
569.2,-0.264575,0.230535,0.925812,0.250331
569.3,-0.290883,0.295096,0.9211,0.355276
569.4,-0.323494,0.35665,0.924817,0.446841
569.5,-0.362121,0.415469,0.937808,0.527768
569.6,-0.406509,0.471921,0.960584,0.60036
569.7,-0.456441,0.526433,0.993367,0.66644
569.8,-0.511746,0.579461,1.03614,0.727421
569.9,-0.572299,0.631463,1.08868,0.784391
570,-0.638019,0.682879,1.15063,0.83818
570.1,-0.708869,0.73411,1.22147,0.889423
570.2,-0.784847,0.785504,1.30058,0.938599
570.3,-0.865984,0.837338,1.38727,0.986068
570.4,-0.952336,0.889812,1.48071,1.03209
570.5,-1.04397,0.943031,1.57998,1.07684
570.6,-1.14097,0.996994,1.68403,1.12045
570.7,-1.24339,1.05158,1.79166,1.16297
570.8,-1.3513,1.10654,1.90147,1.20441
570.9,-1.4647,1.16145,2.01183,1.24476
571,-1.58357,1.21574,2.12081,1.28395
571.1,-1.7078,1.2686,2.22613,1.32186
571.2,-1.8372,1.31902,2.32509,1.35836
571.3,-1.97148,1.3657,2.41455,1.39325
571.4,-2.11017,1.40705,2.49082,1.42629
571.5,-2.25265,1.44113,2.54972,1.4572
571.6,-2.39807,1.46563,2.58657,1.48562
571.7,-2.54536,1.47786,2.59627,1.51111
571.8,-2.69313,1.47471,2.57356,1.53313
571.9,-2.83968,1.45273,2.51332,1.55105
572,-2.98293,1.40815,2.41111,1.56405
572.1,-3.12042,1.33706,2.26394,1.57116
572.2,-3.24933,1.23562,2.07116,1.57111
572.3,-3.36642,1.10039,1.83569,1.56228
572.4,-3.46819,0.928807,1.5652,1.5425
572.5,-3.55093,0.719702,1.27317,1.50872
572.6,-3.61091,0.473952,0.979495,1.45631
572.7,-3.64461,0.1951,0.710105,1.37743
572.8,-3.64904,-0.110156,0.495236,1.25622
572.9,-3.62203,-0.431752,0.366053,1.04856
573,-3.56258,-0.756496,0.349754,0.494507
573.1,-3.47114,-1.06888,0.463902,0.494507
573.2,-3.34977,-1.35248,0.71127,0.494507
573.3,-3.20213,-1.59175,1.07688,0.494507
573.4,-3.03333,-1.77394,1.52853,0.494507
573.5,-2.84952,-1.89083,2.02129,0.494507
573.6,-2.65744,-1.93962,2.50502,0.494507
573.7,-2.46378,-1.92313,2.93298,0.494507
573.8,-2.27474,-1.84901,3.26918,0.494507
573.9,-2.09553,-1.72835,3.49271,0.494507
574,-1.93019,-1.57398,3.59844,0.494507
574.1,-1.78142,-1.39891,3.59463,0.494507
574.2,-1.6507,-1.21501,3.49879,0.494507
574.3,-1.53838,-1.03224,3.333,0.494507
574.4,-1.44396,-0.85826,3.11997,0.494507
574.5,-1.36625,-0.698481,2.88023,0.494507
574.6,-1.30367,-0.556296,2.63056,0.494507
574.7,-1.25435,-0.433454,2.3835,0.494507
574.8,-1.21632,-0.330467,2.14756,0.494507
574.9,-1.1876,-0.246974,1.92781,0.494507
575,-1.1663,-0.182049,1.72672,0.494507
575.1,-1.15062,-0.134434,1.54488,0.494507
575.2,-1.13889,-0.102704,1.38172,0.494507
575.3,-1.1296,-0.0853667,1.23602,0.494507
575.4,-1.12138,-0.0809201,1.10637,0.494507
575.5,-1.11303,-0.0878756,0.991399,0.494507
575.6,-1.10348,-0.104755,0.889991,0.494507
575.7,-1.0918,-0.130076,0.801361,0.494507
575.8,-1.07723,-0.162335,0.725064,0.494507
575.9,-1.05915,-0.199987,0.660954,0.494507
576,-1.03711,-0.241435,0.609096,0.494507
576.1,-1.0108,-0.285033,0.569642,0.494507
576.2,-0.980085,-0.329101,0.542696,0.494507
576.3,-0.945015,-0.371951,0.528176,0.494507
576.4,-0.905791,-0.411929,0.525683,0.494507
576.5,-0.862778,-0.447472,0.534413,0.494507
576.6,-0.816492,-0.47716,0.553108,0.494507
576.7,-0.767581,-0.499785,0.580061,0.494507
576.8,-0.716802,-0.514396,0.613179,0.494507
576.9,-0.664991,-0.520348,0.6501,0.494507
577,-0.613032,-0.517325,0.688347,0.494507
577.1,-0.561825,-0.505347,0.725501,0.494507
577.2,-0.51225,-0.484754,0.759377,0.494507
577.3,-0.465141,-0.456174,0.788169,0.494507
577.4,-0.421253,-0.42047,0.810563,0.494507
577.5,-0.38125,-0.378681,0.825795,0.494507
577.6,-0.345682,-0.331955,0.833657,0.494507
577.7,-0.314983,-0.281484,0.834457,0.494507
577.8,-0.28947,-0.228444,0.82894,0.494507
577.9,-0.269343,-0.173945,0.818181,0.494507
578,-0.254696,-0.118991,0.803476,0.494507
578.1,-0.245531,-0.0644567,0.786221,0.494507
578.2,-0.241766,-0.0110712,0.767819,0.494507
578.3,-0.243259,0.0405843,0.749587,0.494507
578.4,-0.249811,0.0900708,0.7327,0.494507
578.5,-0.26119,0.137079,0.718141,0.0229027
578.6,-0.277137,0.181412,0.706679,0.120729
578.7,-0.29738,0.222966,0.698862,0.207194
578.8,-0.321637,0.261707,0.695015,0.283505
578.9,-0.349628,0.297654,0.695254,0.351084
579,-0.381076,0.330851,0.699502,0.411268
579.1,-0.415709,0.361358,0.707508,0.465192
579.2,-0.45326,0.389226,0.718867,0.513777
579.3,-0.493467,0.414485,0.733038,0.55774
579.4,-0.536069,0.437132,0.749362,0.597627
579.5,-0.580805,0.457119,0.767077,0.633833
579.6,-0.627401,0.474343,0.785336,0.666628
579.7,-0.675576,0.48864,0.803216,0.696169
579.8,-0.725024,0.499783,0.819736,0.722516
579.9,-0.775417,0.507472,0.833873,0.745636
580,-0.826391,0.51134,0.844582,0.765405
580.1,-0.877543,0.510955,0.850819,0.78161
580.2,-0.928424,0.505822,0.851574,0.793939
580.3,-0.978531,0.495397,0.845914,0.801972
580.4,-1.02731,0.479102,0.833033,0.805153
580.5,-1.07414,0.456345,0.812315,0.802768
580.6,-1.11834,0.426552,0.783412,0.793883
580.7,-1.15919,0.389198,0.746326,0.777273
580.8,-1.19592,0.343857,0.7015,0.751292
580.9,-1.22769,0.290253,0.649901,0.71366
581,-1.25369,0.228318,0.593101,0.6611
581.1,-1.27308,0.158255,0.533313,0.588678
581.2,-1.28509,0.0806051,0.473392,0.488636
581.3,-1.28898,-0.00370353,0.416768,0.348586
581.4,-1.28417,-0.093309,0.367293,0.348586
581.5,-1.2702,-0.1864,0.329005,0.348586
581.6,-1.24685,-0.280732,0.305796,0.348586
581.7,-1.2141,-0.373681,0.301022,0.348586
581.8,-1.17225,-0.462348,0.317083,0.348586
581.9,-1.12188,-0.543699,0.355036,0.348586
582,-1.06386,-0.614749,0.414306,0.348586
582.1,-0.999362,-0.672758,0.492568,0.348586
582.2,-0.929816,-0.715437,0.585836,0.348586
582.3,-0.856842,-0.741116,0.688777,0.348586
582.4,-0.782191,-0.748877,0.795216,0.348586
582.5,-0.707668,-0.738613,0.898768,0.348586
582.6,-0.635047,-0.711016,0.993497,0.348586
582.7,-0.565996,-0.667501,1.0745,0.348586
582.8,-0.502012,-0.610059,1.13832,0.348586
582.9,-0.444369,-0.541084,1.18321,0.348586
583,-0.394093,-0.463173,1.20907,0.348586
583.1,-0.351945,-0.378948,1.21732,0.348586
583.2,-0.318431,-0.290886,1.21057,0.348586
583.3,-0.293821,-0.201203,1.19223,0.348586
583.4,-0.278182,-0.111764,1.16611,0.348586
583.5,-0.271411,-0.024042,1.13612,0.348586
583.6,-0.27328,0.0608855,1.10596,0.348586
583.7,-0.283471,0.142321,1.07892,0.151715
583.8,-0.301615,0.219908,1.05778,0.278851
583.9,-0.327322,0.293574,1.04477,0.38842
584,-0.360205,0.363486,1.04157,0.483391
584.1,-0.399905,0.429985,1.04932,0.566827
584.2,-0.446104,0.493542,1.06874,0.641315
584.3,-0.498534,0.554706,1.10017,0.708896
584.4,-0.556985,0.61407,1.14363,0.771143
584.5,-0.621308,0.672234,1.19892,0.829257
584.6,-0.691411,0.729781,1.26564,0.884154
584.7,-0.767261,0.787251,1.34326,0.936529
584.8,-0.848875,0.84513,1.43114,0.986907
584.9,-0.936315,0.903829,1.52858,1.03568
585,-1.02968,0.963677,1.63476,1.08313
585.1,-1.1291,1.02491,1.74882,1.12948
585.2,-1.23471,1.08764,1.86976,1.17484
585.3,-1.34668,1.1519,1.99648,1.21932
585.4,-1.46514,1.21754,2.1277,1.26294
585.5,-1.59022,1.28429,2.2619,1.30569
585.6,-1.72202,1.35169,2.3973,1.34755
585.7,-1.86056,1.41909,2.53172,1.38843
585.8,-2.0058,1.48558,2.66254,1.42822
585.9,-2.15761,1.54999,2.78662,1.46677
586,-2.31568,1.61082,2.90017,1.5039
586.1,-2.47959,1.66619,2.99868,1.53938
586.2,-2.64866,1.71379,3.07691,1.57291
586.3,-2.822,1.75083,3.12887,1.60415
586.4,-2.99837,1.77397,3.14791,1.63267
586.5,-3.1762,1.77935,3.12694,1.65796
586.6,-3.3535,1.76257,3.0589,1.67938
586.7,-3.52781,1.71875,2.93739,1.69617
586.8,-3.69618,1.64274,2.75768,1.70737
586.9,-3.85511,1.52936,2.51806,1.71181
587,-4.00064,1.37387,2.22151,1.70797
587.1,-4.12836,1.17254,1.87749,1.69388
587.2,-4.23356,0.923438,1.50358,1.66687
587.3,-4.31147,0.627333,1.12645,1.62304
587.4,-4.35759,0.288556,0.7814,1.55615
587.5,-4.36804,-0.0842697,0.509777,1.45452
587.6,-4.34004,-0.477949,0.353906,1.28947
587.7,-4.27234,-0.875099,0.349713,0.92411
587.8,-4.16558,-1.25538,0.518349,0.92411
587.9,-4.02253,-1.59757,0.859036,0.92411
588,-3.84799,-1.88214,1.34571,0.92411
588.1,-3.64854,-2.09395,1.92932,0.92411
588.2,-3.43193,-2.2243,2.54598,0.92411
588.3,-3.20644,-2.27198,3.12879,0.92411
588.4,-2.9801,-2.24288,3.61998,0.92411
588.5,-2.76004,-2.14861,3.97988,0.92411
588.6,-2.55204,-2.00431,4.19071,0.92411
588.7,-2.3603,-1.82632,4.25514,0.92411
588.8,-2.18738,-1.63026,4.19125,0.92411
588.9,-2.0344,-1.42959,4.02604,0.92411
589,-1.90126,-1.23498,3.78927,0.92411
589.1,-1.78694,-1.05407,3.50899,0.92411
589.2,-1.68982,-0.891797,3.2088,0.92411
589.3,-1.60787,-0.750829,2.90681,0.92411
589.4,-1.53891,-0.632076,2.61568,0.92411
589.5,-1.48073,-0.5352,2.34345,0.92411
589.6,-1.43118,-0.459039,2.09451,0.92411
589.7,-1.38828,-0.40192,1.87062,0.92411
589.8,-1.35023,-0.361895,1.67186,0.92411
589.9,-1.3154,-0.336894,1.4973,0.92411
590,-1.28242,-0.324817,1.34553,0.92411
590.1,-1.25008,-0.323586,1.21497,0.92411
590.2,-1.21741,-0.33117,1.1041,0.92411
590.3,-1.18362,-0.3456,1.0115,0.92411
590.4,-1.14812,-0.364969,0.93591,0.92411
590.5,-1.11052,-0.387445,0.87613,0.92411
590.6,-1.07059,-0.411281,0.830991,0.92411
590.7,-1.02827,-0.434837,0.799264,0.92411
590.8,-0.983679,-0.456605,0.77959,0.92411
590.9,-0.937056,-0.475236,0.770443,0.92411
591,-0.888775,-0.489578,0.77011,0.92411
591.1,-0.839315,-0.498698,0.776716,0.92411
591.2,-0.789233,-0.501912,0.788275,0.92411
591.3,-0.739144,-0.498792,0.80277,0.92411
591.4,-0.689691,-0.489175,0.818248,0.92411
591.5,-0.641523,-0.473151,0.832917,0.92411
591.6,-0.595264,-0.451038,0.845241,0.92411
591.7,-0.551501,-0.423357,0.854005,0.92411
591.8,-0.510756,-0.390785,0.858365,0.92411
591.9,-0.47348,-0.354114,0.85786,0.92411
592,-0.440041,-0.314203,0.852394,0.92411
592.1,-0.410718,-0.271938,0.842203,0.92411
592.2,-0.385703,-0.228191,0.827788,0.92411
592.3,-0.365102,-0.183786,0.809848,0.92411
592.4,-0.348942,-0.13948,0.789206,0.92411
592.5,-0.33718,-0.095941,0.766737,0.92411
592.6,-0.329709,-0.0537436,0.743304,0.92411
592.7,-0.326371,-0.0133652,0.719707,0.92411
592.8,-0.326963,0.0248106,0.696645,0.92411
592.9,-0.331249,0.0604852,0.674688,0.92411
593,-0.338969,0.0934349,0.65426,0.92411
593.1,-0.34984,0.123499,0.635639,0.0285299
593.2,-0.363569,0.150564,0.618957,0.0906681
593.3,-0.37985,0.174556,0.604211,0.14541
593.4,-0.398376,0.195422,0.591277,0.193178
593.5,-0.418829,0.213125,0.579923,0.234457
593.6,-0.440894,0.227629,0.569834,0.269695
593.7,-0.464247,0.238899,0.560628,0.299256
593.8,-0.488564,0.246889,0.551875,0.323392
593.9,-0.513514,0.25154,0.543121,0.342234
594,-0.538759,0.252785,0.533907,0.355792
594.1,-0.563955,0.250541,0.52379,0.363939
594.2,-0.588748,0.244722,0.512365,0.366409
594.3,-0.612777,0.235235,0.49929,0.362777
594.4,-0.63567,0.221998,0.484305,0.352429
594.5,-0.657049,0.204944,0.467257,0.334525
594.6,-0.67653,0.184033,0.448119,0.307936
594.7,-0.693727,0.159272,0.427011,0.271162
594.8,-0.708258,0.130722,0.404216,0.222228
594.9,-0.71975,0.0985232,0.380186,0.158574
595,-0.727849,0.0629023,0.355549,0.0770537
595.1,-0.732227,0.0241931,0.331091,0.0770537
595.2,-0.732599,-0.0171545,0.307743,0.0770537
595.3,-0.728728,-0.0605655,0.286533,0.0770537
595.4,-0.720441,-0.105339,0.268545,0.0770537
595.5,-0.707642,-0.150651,0.254842,0.0770537
595.6,-0.690323,-0.195572,0.246395,0.0770537
595.7,-0.668574,-0.239087,0.244,0.0770537
595.8,-0.642588,-0.280126,0.248196,0.0770537
595.9,-0.612668,-0.317607,0.259196,0.0770537
596,-0.579221,-0.350481,0.276841,0.0770537
596.1,-0.542757,-0.377779,0.300578,0.0770537
596.2,-0.503879,-0.398664,0.329473,0.0770537
596.3,-0.463261,-0.412472,0.362267,0.0770537
596.4,-0.421636,-0.418749,0.397457,0.0770537
596.5,-0.37977,-0.417274,0.433406,0.0770537
596.6,-0.338439,-0.408069,0.468473,0.0770537
596.7,-0.298405,-0.391391,0.501132,0.0770537
596.8,-0.260394,-0.367715,0.530095,0.0770537
596.9,-0.225074,-0.337697,0.554392,0.0770537
597,-0.19304,-0.302136,0.573432,0.0770537
597.1,-0.164802,-0.261927,0.587028,0.0770537
597.2,-0.140778,-0.218007,0.595374,0.0770537
597.3,-0.121293,-0.171316,0.599013,0.0770537
597.4,-0.106577,-0.122752,0.598766,0.0770537
597.5,-0.0967772,-0.0731379,0.595659,0.0770537
597.6,-0.0919604,-0.0231988,0.590842,0.0770537
597.7,-0.0921278,0.0264553,0.585515,0.0770537
597.8,-0.0972255,0.0753367,0.580858,0.0770537
597.9,-0.107157,0.12308,0.577978,0.0770537
598,-0.121795,0.169437,0.57787,-0.0652895
598.1,-0.140993,0.214264,0.581387,0.0557194
598.2,-0.164595,0.257513,0.589227,0.161082
598.3,-0.192444,0.299211,0.60193,0.253346
598.4,-0.224389,0.339448,0.619877,0.335017
598.5,-0.26029,0.37836,0.6433,0.408214
598.6,-0.300022,0.416109,0.672291,0.474631
598.7,-0.343478,0.452874,0.706816,0.53559
598.8,-0.39057,0.488834,0.746724,0.592117
598.9,-0.441224,0.524157,0.791759,0.645003
599,-0.495385,0.558984,0.841565,0.694857
599.1,-0.553008,0.593422,0.895691,0.742141
599.2,-0.614058,0.627532,0.953593,0.787205
599.3,-0.678504,0.66132,1.01463,0.830301
599.4,-0.74631,0.694724,1.07805,0.871606
599.5,-0.817431,0.727608,1.14299,0.91123
599.6,-0.891806,0.759746,1.20848,0.949225
599.7,-0.969345,0.790817,1.27337,0.985593
599.8,-1.04992,0.820388,1.33639,1.02029
599.9,-1.13335,0.847904,1.39606,1.05322
600,-1.21941,0.872675,1.45072,1.08424
600.1,-1.30777,0.893862,1.49854,1.11317
600.2,-1.39803,0.910469,1.53746,1.13977
600.3,-1.48967,0.921331,1.56527,1.16373
600.4,-1.58206,0.925114,1.57963,1.18467
600.5,-1.67441,0.920318,1.57817,1.20215
600.6,-1.76578,0.905294,1.55859,1.21559
600.7,-1.85507,0.878277,1.51887,1.22429
600.8,-1.94098,0.837443,1.4575,1.22739
600.9,-2.02204,0.780997,1.37381,1.22376
601,-2.0966,0.707285,1.26831,1.21195
601.1,-2.16287,0.614958,1.14315,1.19001
601.2,-2.21894,0.503161,1.00247,1.15517
601.3,-2.26285,0.371764,0.852732,1.10329
601.4,-2.29267,0.2216,0.702844,1.02757
601.5,-2.30661,0.0546938,0.56397,0.915392
601.6,-2.30316,-0.125555,0.448918,0.738871
601.7,-2.28122,-0.314298,0.37104,0.424266
601.8,-2.24023,-0.505302,0.342655,0.424266
601.9,-2.18032,-0.691212,0.373163,0.424266
602,-2.10242,-0.86401,0.467153,0.424266
602.1,-2.00823,-1.01565,0.622928,0.424266
602.2,-1.90024,-1.13883,0.831878,0.424266
602.3,-1.78161,-1.22769,1.07901,0.424266
602.4,-1.65597,-1.2785,1.34465,0.424266
602.5,-1.52722,-1.28996,1.60713,0.424266
602.6,-1.39925,-1.26334,1.84571,0.424266
602.7,-1.27571,-1.20219,2.04339,0.424266
602.8,-1.15979,-1.11181,2.18875,0.424266
602.9,-1.05411,-0.998654,2.27675,0.424266
603,-0.96059,-0.869572,2.3084,0.424266
603.1,-0.880499,-0.731226,2.28958,0.424266
603.2,-0.814453,-0.589604,2.22944,0.424266
603.3,-0.76252,-0.449721,2.13868,0.424266
603.4,-0.72432,-0.315488,2.02813,0.424266
603.5,-0.699139,-0.189722,1.90764,0.424266
603.6,-0.686031,-0.0742466,1.78541,0.424266
603.7,-0.683912,0.0299418,1.66774,0.305103
603.8,-0.691631,0.12249,1.55897,0.410044
603.9,-0.708026,0.203505,1.46169,0.4975
604,-0.731961,0.273392,1.37698,0.570089
604.1,-0.762352,0.332712,1.30475,0.630472
604.2,-0.798171,0.382075,1.24401,0.680876
604.3,-0.838454,0.42206,1.19313,0.722988
604.4,-0.882287,0.453154,1.15009,0.758017
604.5,-0.928801,0.475718,1.11263,0.786772
604.6,-0.977154,0.489967,1.07842,0.809739
604.7,-1.02652,0.495969,1.04517,0.827124
604.8,-1.07607,0.493652,1.01075,0.838886
604.9,-1.12497,0.482825,0.973278,0.844746
605,-1.17234,0.463211,0.931195,0.844174
605.1,-1.2173,0.434485,0.883393,0.836354
605.2,-1.25893,0.396329,0.829297,0.820109
605.3,-1.29625,0.348494,0.768971,0.793765
605.4,-1.3283,0.290867,0.703204,0.754916
605.5,-1.3541,0.223554,0.633589,0.7
605.6,-1.3727,0.146957,0.562548,0.623494
605.7,-1.38321,0.0618531,0.493305,0.516417
605.8,-1.38483,-0.0305367,0.429776,0.363901
605.9,-1.37691,-0.128502,0.376343,0.363901
606,-1.35901,-0.229829,0.33754,0.363901
606.1,-1.33092,-0.331827,0.317614,0.363901
606.2,-1.29273,-0.431407,0.320038,0.363901
606.3,-1.24483,-0.525221,0.347007,0.363901
606.4,-1.18799,-0.609838,0.398998,0.363901
606.5,-1.12328,-0.681971,0.474495,0.363901
606.6,-1.05211,-0.738713,0.569934,0.363901
606.7,-0.976131,-0.777759,0.679925,0.363901
606.8,-0.897199,-0.797594,0.797736,0.363901
606.9,-0.817274,-0.797604,0.91598,0.363901
607,-0.738329,-0.778114,1.0274,0.363901
607.1,-0.662262,-0.740327,1.12564,0.363901
607.2,-0.590809,-0.686196,1.20584,0.363901
607.3,-0.525484,-0.618229,1.26502,0.363901
607.4,-0.46753,-0.53927,1.30222,0.363901
607.5,-0.417898,-0.452274,1.31832,0.363901
607.6,-0.377247,-0.360107,1.31579,0.363901
607.7,-0.345962,-0.265381,1.29818,0.363901
607.8,-0.324181,-0.170343,1.26969,0.363901
607.9,-0.311842,-0.0768093,1.23474,0.363901
608,-0.308723,0.0138556,1.19759,0.363901
608.1,-0.314486,0.100724,1.16211,0.363901
608.2,-0.328723,0.183263,1.13157,0.252543
608.3,-0.350988,0.26128,1.10863,0.367457
608.4,-0.380831,0.334858,1.09527,0.466504
608.5,-0.417821,0.404294,1.09285,0.552815
608.6,-0.461566,0.470032,1.10221,0.629182
608.7,-0.511723,0.532614,1.12371,0.697854
608.8,-0.568004,0.59263,1.15735,0.760572
608.9,-0.630183,0.650681,1.20282,0.818663
609,-0.698094,0.707343,1.25957,0.873135
609.1,-0.771623,0.763142,1.32689,0.924749
609.2,-0.850709,0.818535,1.40392,0.974076
609.3,-0.935329,0.873891,1.48968,1.02154
609.4,-1.02549,0.929476,1.58308,1.06744
609.5,-1.12124,0.985438,1.68293,1.11198
609.6,-1.2226,1.0418,1.78788,1.15531
609.7,-1.32961,1.09843,1.89643,1.19749
609.8,-1.44228,1.15504,2.00689,1.23854
609.9,-1.5606,1.21116,2.1173,1.27843
610,-1.68447,1.26611,2.22537,1.31708
610.1,-1.81375,1.31899,2.32846,1.35436
610.2,-1.94816,1.36862,2.42346,1.39012
610.3,-2.08732,1.4135,2.50678,1.42414
610.4,-2.23065,1.45184,2.5743,1.45616
610.5,-2.37739,1.48144,2.62138,1.48585
610.6,-2.52656,1.49971,2.64292,1.51279
610.7,-2.67686,1.50364,2.63353,1.53652
610.8,-2.8267,1.48985,2.58781,1.55641
610.9,-2.97411,1.45457,2.50082,1.57175
611,-3.11676,1.39384,2.36874,1.58163
611.1,-3.2519,1.30365,2.18979,1.5849
611.2,-3.37638,1.18025,1.96535,1.58011
611.3,-3.48674,1.02058,1.70122,1.56534
611.4,-3.57923,0.822794,1.40881,1.53796
611.5,-3.65002,0.586871,1.10601,1.49413
611.6,-3.69541,0.3153,0.817231,1.42767
611.7,-3.71208,0.0136493,0.572236,1.32707
611.8,-3.69743,-0.309087,0.403267,1.16503
611.9,-3.64997,-0.640539,0.340523,0.832062
612,-3.56954,-0.965571,0.406447,0.832062
612.1,-3.45762,-1.2675,0.609992,0.832062
612.2,-3.31736,-1.52983,0.942525,0.832062
612.3,-3.15346,-1.73826,1.37696,0.832062
612.4,-2.97185,-1.88254,1.87097,0.832062
612.5,-2.77926,-1.95778,2.37386,0.832062
612.6,-2.58257,-1.96487,2.8354,0.832062
612.7,-2.38835,-1.91007,3.21409,0.832062
612.8,-2.20228,-1.80368,3.48287,0.832062
612.9,-2.02891,-1.65841,3.63114,0.832062
613,-1.87145,-1.48765,3.6632,0.832062
613.1,-1.73181,-1.30403,3.59439,0.832062
613.2,-1.61071,-1.1184,3.44631,0.832062
613.3,-1.5079,-0.939374,3.24244,0.832062
613.4,-1.4224,-0.773193,3.00476,0.832062
613.5,-1.3527,-0.623934,2.75182,0.832062
613.6,-1.29697,-0.493864,2.49787,0.832062
613.7,-1.25326,-0.383851,2.25289,0.832062
613.8,-1.21954,-0.29376,2.02313,0.832062
613.9,-1.19387,-0.222782,1.8119,0.832062
614,-1.17439,-0.169701,1.62038,0.832062
614.1,-1.15938,-0.133081,1.44834,0.832062
614.2,-1.14727,-0.111389,1.29475,0.832062
614.3,-1.13665,-0.103066,1.15822,0.832062
614.4,-1.12627,-0.10656,1.03738,0.832062
614.5,-1.115,-0.120332,0.931008,0.832062
614.6,-1.10191,-0.142845,0.838204,0.832062
614.7,-1.08619,-0.172552,0.758385,0.832062
614.8,-1.06721,-0.207875,0.691265,0.832062
614.9,-1.04448,-0.247196,0.636768,0.832062
615,-1.01769,-0.28886,0.594922,0.832062
615.1,-0.986689,-0.331187,0.565722,0.832062
615.2,-0.951489,-0.372497,0.548998,0.832062
615.3,-0.912278,-0.411151,0.544291,0.832062
615.4,-0.869399,-0.445599,0.550768,0.832062
615.5,-0.823345,-0.47444,0.567166,0.832062
615.6,-0.774738,-0.496475,0.591801,0.832062
615.7,-0.724309,-0.51076,0.622626,0.832062
615.8,-0.672867,-0.516648,0.657335,0.832062
615.9,-0.621271,-0.513812,0.693514,0.832062
616,-0.570395,-0.502253,0.728804,0.832062
616.1,-0.521101,-0.482284,0.761067,0.832062
616.2,-0.474199,-0.4545,0.788526,0.832062
616.3,-0.430434,-0.419728,0.809876,0.832062
616.4,-0.390453,-0.378968,0.824341,0.832062
616.5,-0.354803,-0.333333,0.83168,0.832062
616.6,-0.323911,-0.283981,0.832154,0.832062
616.7,-0.298092,-0.23206,0.826449,0.832062
616.8,-0.277548,-0.178658,0.815575,0.832062
616.9,-0.262377,-0.124765,0.800762,0.832062
617,-0.252582,-0.0712469,0.783348,0.832062
617.1,-0.24809,-0.0188306,0.764677,0.832062
617.2,-0.24876,0.0318991,0.746024,0.832062
617.3,-0.254399,0.0804951,0.728523,0.832062
617.4,-0.264777,0.126636,0.71313,0.000928142
617.5,-0.279637,0.170112,0.700595,0.0984311
617.6,-0.298706,0.210801,0.691452,0.184823
617.7,-0.321703,0.248654,0.68602,0.261108
617.8,-0.348342,0.283671,0.684416,0.328603
617.9,-0.378343,0.315882,0.686566,0.38859
618,-0.411427,0.34533,0.692226,0.442182
618.1,-0.447318,0.372052,0.701003,0.490285
618.2,-0.485747,0.396068,0.71237,0.533616
618.3,-0.526442,0.417366,0.725688,0.572718
618.4,-0.569128,0.435892,0.74022,0.607983
618.5,-0.613524,0.451541,0.755148,0.639679
618.6,-0.659335,0.464153,0.769589,0.667958
618.7,-0.706246,0.473508,0.78261,0.69287
618.8,-0.753919,0.479321,0.793248,0.714371
618.9,-0.801981,0.481249,0.800527,0.732323
619,-0.850025,0.478887,0.803493,0.74649
619.1,-0.8976,0.471784,0.801239,0.756532
619.2,-0.944208,0.459446,0.792951,0.761991
619.3,-0.989298,0.441359,0.777957,0.762262
619.4,-1.03227,0.417009,0.755788,0.756557
619.5,-1.07247,0.385909,0.726246,0.743844
619.6,-1.10921,0.347637,0.689483,0.722756
619.7,-1.14175,0.30188,0.64607,0.691435
619.8,-1.16933,0.248479,0.597075,0.647275
619.9,-1.1912,0.187486,0.544111,0.586488
620,-1.20659,0.119218,0.489358,0.503341
620.1,-1.21482,0.0443098,0.43554,0.388924
620.2,-1.21526,-0.0362408,0.38584,0.230048
620.3,-1.20743,-0.121045,0.343739,0.230048
620.4,-1.19097,-0.208319,0.312789,0.230048
620.5,-1.16575,-0.295906,0.296305,0.230048
620.6,-1.13186,-0.381344,0.29702,0.230048
620.7,-1.08964,-0.461962,0.316732,0.230048
620.8,-1.03972,-0.535016,0.355991,0.230048
620.9,-0.982981,-0.597857,0.413896,0.230048
621,-0.920569,-0.648102,0.48803,0.230048
621.1,-0.853846,-0.683806,0.57459,0.230048
621.2,-0.784339,-0.703608,0.668697,0.230048
621.3,-0.713678,-0.706827,0.764849,0.230048
621.4,-0.643526,-0.693508,0.857477,0.230048
621.5,-0.575504,-0.664396,0.941498,0.230048
621.6,-0.511128,-0.620857,1.01279,0.230048
621.7,-0.451752,-0.56475,1.06854,0.230048
621.8,-0.398524,-0.498268,1.10741,0.230048
621.9,-0.352365,-0.423769,1.12951,0.230048
622,-0.313959,-0.343612,1.13622,0.230048
622.1,-0.283757,-0.260025,1.12994,0.230048
622.2,-0.262002,-0.174988,1.11376,0.230048
622.3,-0.248751,-0.0901712,1.09112,0.230048
622.4,-0.243916,-0.00689304,1.06551,0.230048
622.5,-0.247289,0.073885,1.04023,0.230048
622.6,-0.258588,0.151541,1.01825,0.138147
622.7,-0.277483,0.22576,1.00211,0.264754
622.8,-0.303624,0.296487,0.993817,0.37402
622.9,-0.336669,0.363882,0.994938,0.468935
623,-0.3763,0.428272,1.00657,0.552518
623.1,-0.422238,0.4901,1.02941,0.627307
623.2,-0.474252,0.54989,1.06383,0.695301
623.3,-0.532166,0.608208,1.10992,0.758047
623.4,-0.595864,0.665634,1.16758,0.816725
623.5,-0.665282,0.722736,1.2365,0.872239
623.6,-0.740418,0.78005,1.31631,0.925281
623.7,-0.821316,0.838068,1.40649,0.976372
623.8,-0.908069,0.897217,1.50649,1.02591
623.9,-1.00081,0.957858,1.61567,1.07418
624,-1.0997,1.02027,1.73334,1.12141
624.1,-1.20493,1.08463,1.85873,1.16773
624.2,-1.31669,1.15104,1.99096,1.21325
624.3,-1.4352,1.21946,2.129,1.25802
624.4,-1.56065,1.28972,2.27165,1.30204
624.5,-1.6932,1.36152,2.41745,1.3453
624.6,-1.83299,1.43438,2.5646,1.38775
624.7,-1.98009,1.50758,2.71092,1.4293
624.8,-2.13448,1.58018,2.85371,1.46985
624.9,-2.29606,1.65095,2.98965,1.50924
625,-2.46456,1.71831,3.11474,1.54728
625.1,-2.63954,1.78025,3.22416,1.58374
625.2,-2.82035,1.83433,3.31222,1.61835
625.3,-3.00605,1.87753,3.37236,1.65075
625.4,-3.19538,1.90629,3.39724,1.68053
625.5,-3.38668,1.9164,3.37895,1.70718
625.6,-3.57787,1.90304,3.30948,1.73009
625.7,-3.76633,1.86086,3.18146,1.74849
625.8,-3.94889,1.78412,2.98923,1.76145
625.9,-4.12181,1.66702,2.7304,1.76784
626,-4.28077,1.50417,2.40775,1.76618
626.1,-4.42097,1.29124,2.03127,1.75461
626.2,-4.53727,1.02586,1.62018,1.73059
626.3,-4.62441,0.708613,1.20408,1.69053
626.4,-4.67741,0.344071,0.822468,1.62882
626.5,-4.69196,-0.0583921,0.521902,1.53536
626.6,-4.66494,-0.484253,0.350062,1.38684
626.7,-4.59496,-0.914282,0.347204,1.08935
626.8,-4.4827,-1.32596,0.536457,1.08935
626.9,-4.33117,-1.69585,0.915651,1.08935
627,-4.14564,-2.0026,1.45377,1.08935
627.1,-3.9333,-2.2299,2.09417,1.08935
627.2,-3.70261,-2.36882,2.76442,1.08935
627.3,-3.46251,-2.41873,3.39022,1.08935
627.4,-3.2216,-2.38684,3.90913,1.08935
627.5,-2.98743,-2.2864,4.28014,1.08935
627.6,-2.76605,-2.13422,4.48705,1.08935
627.7,-2.56172,-1.94806,4.53603,1.08935
627.8,-2.37701,-1.74455,4.44935,1.08935
627.9,-2.21292,-1.53777,4.25787,1.08935
628,-2.0692,-1.33863,3.99446,1.08935
628.1,-1.94468,-1.15475,3.68921,1.08935
628.2,-1.83758,-0.990865,3.36689,1.08935
628.3,-1.74576,-0.849339,3.04609,1.08935
628.4,-1.66695,-0.730753,2.73953,1.08935
628.5,-1.59887,-0.634439,2.45507,1.08935
628.6,-1.53936,-0.55892,2.19684,1.08935
628.7,-1.48645,-0.502238,1.96633,1.08935
628.8,-1.43836,-0.462187,1.76335,1.08935
628.9,-1.39354,-0.43647,1.58673,1.08935
629,-1.35067,-0.42279,1.43482,1.08935
629.1,-1.30865,-0.418906,1.30577,1.08935
629.2,-1.26663,-0.422666,1.19774,1.08935
629.3,-1.22393,-0.43202,1.10896,1.08935
629.4,-1.1801,-0.445039,1.03771,1.08935
629.5,-1.13487,-0.459923,0.982316,1.08935
629.6,-1.08811,-0.475025,0.941097,1.08935
629.7,-1.0399,-0.488864,0.912308,1.08935
629.8,-0.990426,-0.500148,0.894124,1.08935
629.9,-0.939994,-0.507802,0.884635,1.08935
630,-0.889015,-0.510978,0.881868,1.08935
630.1,-0.837968,-0.509071,0.883836,1.08935
630.2,-0.787382,-0.501726,0.888605,1.08935
630.3,-0.737808,-0.488828,0.894365,1.08935
630.4,-0.689798,-0.470488,0.899507,1.08935
630.5,-0.643882,-0.447021,0.902686,1.08935
630.6,-0.600549,-0.418913,0.90287,1.08935
630.7,-0.560233,-0.386781,0.89936,1.08935
630.8,-0.523303,-0.351337,0.891793,1.08935
630.9,-0.490051,-0.313343,0.880118,1.08935
631,-0.460693,-0.273583,0.864556,1.08935
631.1,-0.435368,-0.232821,0.845543,1.08935
631.2,-0.414138,-0.19178,0.823672,1.08935
631.3,-0.396999,-0.151123,0.799626,1.08935
631.4,-0.383881,-0.111437,0.774124,1.08935
631.5,-0.374662,-0.0732292,0.747869,1.08935
631.6,-0.369172,-0.0369236,0.721504,1.08935
631.7,-0.367202,-0.00286528,0.695583,1.08935
631.8,-0.368515,0.028673,0.670554,1.08935
631.9,-0.372846,0.0574827,0.646743,1.08935
632,-0.379915,0.0834089,0.624358,1.08935
632.1,-0.389428,0.10634,0.603489,0.00779595
632.2,-0.401081,0.1262,0.584118,0.0539619
632.3,-0.414564,0.142933,0.566138,0.0936159
632.4,-0.429562,0.156504,0.549363,0.126919
632.5,-0.445758,0.166886,0.533548,0.154039
632.6,-0.462832,0.174056,0.518407,0.175103
632.7,-0.480462,0.177995,0.503634,0.190154
632.8,-0.498323,0.178684,0.488919,0.199126
632.9,-0.51609,0.176109,0.47397,0.201823
633,-0.533435,0.170258,0.458527,0.197902
633.1,-0.550032,0.161129,0.442385,0.186845
633.2,-0.565552,0.148737,0.425407,0.167934
633.3,-0.579672,0.133117,0.407538,0.140208
633.4,-0.59207,0.114339,0.388823,0.102432
633.5,-0.602438,0.0925117,0.369408,0.0530624
633.6,-0.610476,0.0677958,0.349554,0.0530624
633.7,-0.615908,0.0404116,0.329628,0.0530624
633.8,-0.618479,0.0106484,0.310102,0.0530624
633.9,-0.61797,-0.0211292,0.291536,0.0530624
634,-0.614201,-0.0544769,0.274554,0.0530624
634.1,-0.60704,-0.0888708,0.259812,0.0530624
634.2,-0.596412,-0.12371,0.247961,0.0530624
634.3,-0.582305,-0.158328,0.239604,0.0530624
634.4,-0.564778,-0.192003,0.235245,0.0530624
634.5,-0.543961,-0.22398,0.235243,0.0530624
634.6,-0.520064,-0.253493,0.239777,0.0530624
634.7,-0.49337,-0.279794,0.248808,0.0530624
634.8,-0.464236,-0.302182,0.262069,0.0530624
634.9,-0.433085,-0.320035,0.279062,0.0530624
635,-0.400397,-0.332834,0.299085,0.0530624
635.1,-0.366699,-0.340192,0.321266,0.0530624
635.2,-0.332548,-0.341867,0.344622,0.0530624
635.3,-0.298518,-0.337776,0.368126,0.0530624
635.4,-0.265183,-0.327997,0.390777,0.0530624
635.5,-0.233101,-0.312758,0.41167,0.0530624
635.6,-0.202801,-0.292426,0.430057,0.0530624
635.7,-0.17477,-0.267485,0.44539,0.0530624
635.8,-0.149439,-0.238505,0.457352,0.0530624
635.9,-0.127182,-0.20612,0.465865,0.0530624
636,-0.108307,-0.170991,0.47108,0.0530624
636.1,-0.0930531,-0.133784,0.473353,0.0530624
636.2,-0.0815975,-0.095139,0.473208,0.0530624
636.3,-0.0740533,-0.0556517,0.471293,0.0530624
636.4,-0.0704773,-0.0158581,0.468337,0.0530624
636.5,-0.0708764,0.0237782,0.465098,0.0530624
636.6,-0.0752147,0.0628705,0.462329,0.0530624
636.7,-0.083422,0.101111,0.460741,0.0530624
636.8,-0.0954008,0.138269,0.460976,0.0530624
636.9,-0.111034,0.174184,0.463584,-0.117725
637,-0.130193,0.208756,0.469017,-0.00735008
637.1,-0.152739,0.241941,0.477614,0.0891619
637.2,-0.178535,0.273736,0.489606,0.174028
637.3,-0.207441,0.304169,0.505113,0.249328
637.4,-0.239325,0.333289,0.524149,0.316813
637.5,-0.274057,0.361154,0.546629,0.377885
637.6,-0.311516,0.387822,0.572372,0.433643
637.7,-0.351583,0.413338,0.601107,0.484941
637.8,-0.394146,0.437731,0.632481,0.532434
637.9,-0.439092,0.460999,0.666056,0.576621
638,-0.486307,0.483105,0.701316,0.617874
638.1,-0.535671,0.503966,0.737668,0.656459
638.2,-0.587054,0.523451,0.774438,0.692555
638.3,-0.640309,0.541369,0.810877,0.726265
638.4,-0.695268,0.557469,0.846155,0.757624
638.5,-0.751732,0.571428,0.879364,0.786604
638.6,-0.809469,0.582851,0.909525,0.813121
638.7,-0.868202,0.591269,0.935588,0.837028
638.8,-0.927604,0.596133,0.956454,0.858115
638.9,-0.987289,0.596818,0.970991,0.876106
639,-1.04681,0.59263,0.978067,0.890646
639.1,-1.10563,0.582809,0.9766,0.901287
639.2,-1.16315,0.56655,0.965617,0.907469
639.3,-1.2187,0.543024,0.944336,0.908485
639.4,-1.27149,0.51141,0.912267,0.903438
639.5,-1.32068,0.470937,0.869326,0.891166
639.6,-1.36536,0.420941,0.81597,0.870128
639.7,-1.40454,0.360932,0.753322,0.838216
639.8,-1.4372,0.290669,0.683299,0.792414
639.9,-1.46233,0.210249,0.608688,0.728176
640,-1.47893,0.120194,0.533176,0.638208
640.1,-1.48608,0.0215327,0.461279,0.510034
640.2,-1.483,-0.0841338,0.398152,0.322242
640.3,-1.46909,-0.194601,0.349268,0.322242
640.4,-1.44401,-0.307073,0.319948,0.322242
640.5,-1.40772,-0.418233,0.314795,0.322242
640.6,-1.36053,-0.524379,0.337075,0.322242
640.7,-1.30314,-0.621623,0.388143,0.322242
640.8,-1.23663,-0.706145,0.467024,0.322242
640.9,-1.16246,-0.774475,0.570256,0.322242
641,-1.08238,-0.823767,0.692057,0.322242
641.1,-0.998404,-0.852041,0.824838,0.322242
641.2,-0.912701,-0.858343,0.959992,0.322242
641.3,-0.827465,-0.842809,1.08885,0.322242
641.4,-0.744828,-0.806624,1.20363,0.322242
641.5,-0.666759,-0.751876,1.29825,0.322242
641.6,-0.59498,-0.681341,1.3688,0.322242
641.7,-0.530911,-0.598223,1.4138,0.322242
641.8,-0.475643,-0.505885,1.43401,0.322242
641.9,-0.429931,-0.407608,1.43209,0.322242
642,-0.394218,-0.306392,1.41207,0.322242
642.1,-0.368664,-0.204821,1.37876,0.322242
642.2,-0.353196,-0.104981,1.33727,0.322242
642.3,-0.347557,-0.00844295,1.29249,0.322242
642.4,-0.351361,0.0837278,1.24884,0.322242
642.5,-0.364136,0.170916,1.21005,0.267155
642.6,-0.38537,0.252891,1.17909,0.382601
642.7,-0.414543,0.329731,1.15815,0.481766
642.8,-0.451155,0.401747,1.14868,0.567831
642.9,-0.494747,0.469414,1.15152,0.643665
643,-0.544912,0.533304,1.16697,0.711582
643.1,-0.601303,0.594034,1.19488,0.773369
643.2,-0.663635,0.652223,1.23479,0.830382
643.3,-0.731682,0.70845,1.28595,0.883647
643.4,-0.805277,0.763234,1.34741,0.933931
643.5,-0.884295,0.817002,1.41806,0.981803
643.6,-0.968654,0.870075,1.49667,1.02768
643.7,-1.05829,0.922649,1.58185,1.07184
643.8,-1.15317,0.974781,1.6721,1.1145
643.9,-1.25323,1.02637,1.76574,1.15574
644,-1.35842,1.07716,1.86093,1.19563
644.1,-1.46862,1.12669,1.95559,1.23415
644.2,-1.58369,1.1743,2.04735,1.27121
644.3,-1.70339,1.21909,2.13355,1.30671
644.4,-1.82738,1.2599,2.21112,1.34046
644.5,-1.95519,1.29531,2.27663,1.37223
644.6,-2.0862,1.32355,2.32621,1.40175
644.7,-2.21959,1.34256,2.35565,1.42864
644.8,-2.35432,1.3499,2.36044,1.45247
644.9,-2.48909,1.34281,2.33602,1.4727
645,-2.6223,1.31822,2.27804,1.48866
645.1,-2.75204,1.27283,2.18285,1.49953
645.2,-2.87606,1.20325,2.04816,1.50429
645.3,-2.99177,1.1062,1.87381,1.50163
645.4,-3.09629,0.978802,1.66277,1.48985
645.5,-3.18645,0.81898,1.4221,1.46664
645.6,-3.25897,0.625926,1.16381,1.42869
645.7,-3.31056,0.400632,0.905285,1.37086
645.8,-3.33813,0.146406,0.6689,1.28417
645.9,-3.33907,-0.130726,0.480553,1.14965
646,-3.31152,-0.421856,0.366855,0.910807
646.1,-3.25462,-0.715405,0.351122,0.910807
646.2,-3.16881,-0.997799,0.448715,0.910807
646.3,-3.05591,-1.25462,0.662776,0.910807
646.4,-2.9192,-1.47212,0.981631,0.910807
646.5,-2.76319,-1.63886,1.37897,0.910807
646.6,-2.59338,-1.74713,1.8172,0.910807
646.7,-2.41582,-1.7939,2.25344,0.910807
646.8,-2.23659,-1.781,2.64657,0.910807
646.9,-2.0614,-1.71459,2.96364,0.910807
647,-1.89515,-1.60409,3.184,0.910807
647.1,-1.74168,-1.46073,3.30047,0.910807
647.2,-1.60371,-1.29616,3.3179,0.910807
647.3,-1.48279,-1.12131,3.24993,0.910807
647.4,-1.37947,-0.94555,3.11514,0.910807
647.5,-1.29346,-0.776314,2.9335,0.910807
647.6,-1.22381,-0.619023,2.72368,0.910807
647.7,-1.16913,-0.47725,2.50143,0.910807
647.8,-1.12777,-0.353015,2.27886,0.910807
647.9,-1.09792,-0.247141,2.06445,0.910807
648,-1.07773,-0.159582,1.86346,0.910807
648.1,-1.06541,-0.0897177,1.6786,0.910807
648.2,-1.05923,-0.0365849,1.51062,0.368449
648.3,-1.05758,0.000957802,1.35906,0.395053
648.4,-1.05894,0.0241177,1.22268,0.406413
648.5,-1.06196,0.034104,1.09993,0.40289
648.6,-1.06537,0.032101,0.989268,0.384179
648.7,-1.06802,0.019268,0.88937,0.349176
648.8,-1.0689,-0.0032436,0.799263,0.295874
648.9,-1.06709,-0.0342613,0.718403,0.221331
649,-1.0618,-0.0725602,0.646682,0.221331
649.1,-1.05238,-0.116833,0.584386,0.221331
649.2,-1.03828,-0.165669,0.532111,0.221331
649.3,-1.01914,-0.217539,0.490632,0.221331
649.4,-0.994728,-0.270807,0.460757,0.221331
649.5,-0.96499,-0.323746,0.44315,0.221331
649.6,-0.930049,-0.37458,0.438168,0.221331
649.7,-0.890203,-0.421541,0.44571,0.221331
649.8,-0.845926,-0.462935,0.465107,0.221331
649.9,-0.797853,-0.497225,0.495074,0.221331
650,-0.746762,-0.5231,0.533726,0.221331
650.1,-0.693548,-0.539551,0.578674,0.221331
650.2,-0.639188,-0.545918,0.627176,0.221331
650.3,-0.58471,-0.541927,0.67635,0.221331
650.4,-0.531145,-0.527692,0.723397,0.221331
650.5,-0.479497,-0.503695,0.765818,0.221331
650.6,-0.430705,-0.470745,0.801608,0.221331
650.7,-0.385611,-0.429906,0.829376,0.221331
650.8,-0.344945,-0.382431,0.848415,0.221331
650.9,-0.309301,-0.329672,0.858694,0.221331
651,-0.27914,-0.273009,0.860792,0.221331
651.1,-0.254785,-0.213773,0.855789,0.221331
651.2,-0.23643,-0.153197,0.845131,0.221331
651.3,-0.224154,-0.0923685,0.830486,0.221331
651.4,-0.217934,-0.032207,0.813604,0.221331
651.5,-0.217666,0.0265498,0.796202,0.221331
651.6,-0.223178,0.0833432,0.779865,0.221331
651.7,-0.234256,0.137784,0.765985,0.0218822
651.8,-0.250649,0.189632,0.755709,0.133123
651.9,-0.272092,0.238778,0.74993,0.230846
652,-0.298314,0.285212,0.749275,0.316687
652.1,-0.329046,0.329003,0.754118,0.392577
652.2,-0.36403,0.370273,0.764603,0.460288
652.3,-0.403022,0.40917,0.780655,0.521303
652.4,-0.44579,0.445851,0.802014,0.576809
652.5,-0.492123,0.480458,0.828249,0.627735
652.6,-0.541817,0.513107,0.858781,0.674795
652.7,-0.594681,0.543865,0.892897,0.718526
652.8,-0.650527,0.572743,0.929759,0.759327
652.9,-0.709165,0.599678,0.968415,0.797472
653,-0.770394,0.624531,1.0078,0.833141
653.1,-0.833994,0.647066,1.04675,0.866422
653.2,-0.899719,0.666954,1.08398,0.897331
653.3,-0.967282,0.683754,1.11811,0.925809
653.4,-1.03635,0.696918,1.14768,0.951727
653.5,-1.10652,0.705779,1.17112,0.974889
653.6,-1.17734,0.709559,1.18684,0.995022
653.7,-1.24824,0.707365,1.19321,1.01177
653.8,-1.31858,0.698208,1.18867,1.02468
653.9,-1.38761,0.681016,1.17179,1.03318
654,-1.45447,0.654667,1.14141,1.03656
654.1,-1.5182,0.618031,1.09675,1.03389
654.2,-1.5777,0.570034,1.03763,1.024
654.3,-1.6318,0.509733,0.964651,1.0053
654.4,-1.67921,0.436418,0.87942,0.975642
654.5,-1.71863,0.349724,0.784724,0.931917
654.6,-1.74872,0.249767,0.684673,0.869364
654.7,-1.76817,0.137273,0.584736,0.78009
654.8,-1.7758,0.0137011,0.491608,0.649652
654.9,-1.77061,-0.118659,0.412879,0.449314
655,-1.75188,-0.256649,0.356466,0.449314
655.1,-1.71923,-0.396283,0.329816,0.449314
655.2,-1.67272,-0.532874,0.338956,0.449314
655.3,-1.61293,-0.661276,0.387506,0.449314
655.4,-1.54092,-0.77622,0.475844,0.449314
655.5,-1.4583,-0.872718,0.600608,0.449314
655.6,-1.36713,-0.946491,0.754709,0.449314
655.7,-1.26987,-0.99436,0.927925,0.449314
655.8,-1.16919,-1.01454,1.10802,0.449314
655.9,-1.06789,-1.00677,1.2822,0.449314
656,-0.968722,-0.972336,1.4387,0.449314
656.1,-0.874227,-0.913839,1.56808,0.449314
656.2,-0.786636,-0.834912,1.66412,0.449314
656.3,-0.707783,-0.739834,1.72424,0.449314
656.4,-0.639057,-0.633132,1.74925,0.449314
656.5,-0.581397,-0.519216,1.74278,0.449314
656.6,-0.535319,-0.402104,1.71047,0.449314
656.7,-0.500968,-0.285217,1.659,0.449314
656.8,-0.478177,-0.171289,1.59535,0.449314
656.9,-0.466543,-0.06234,1.52611,0.449314
657,-0.465497,0.040278,1.45703,0.449314
657.1,-0.474362,0.135799,1.3928,0.303691
657.2,-0.49241,0.22394,1.33694,0.415794
657.3,-0.518906,0.304784,1.29185,0.51121
657.4,-0.553135,0.378677,1.25892,0.593063
657.5,-0.594427,0.446128,1.23866,0.664223
657.6,-0.642166,0.507727,1.23091,0.72701
657.7,-0.695797,0.564073,1.23492,0.783202
657.8,-0.754824,0.615725,1.24952,0.834132
657.9,-0.818802,0.663151,1.27321,0.880783
658,-0.887325,0.706701,1.30426,0.923865
658.1,-0.96002,0.74658,1.34074,0.963875
658.2,-1.03652,0.782829,1.38055,1.00114
658.3,-1.11646,0.815308,1.42147,1.03585
658.4,-1.19945,0.843689,1.46118,1.06806
658.5,-1.28504,0.867445,1.4972,1.09776
658.6,-1.37276,0.885843,1.52699,1.12482
658.7,-1.462,0.897945,1.54791,1.14901
658.8,-1.5521,0.902611,1.55728,1.17002
658.9,-1.64223,0.898506,1.55246,1.18744
659,-1.73146,0.88413,1.53098,1.20074
659.1,-1.81866,0.857849,1.49066,1.20925
659.2,-1.90257,0.817957,1.4299,1.21209
659.3,-1.98174,0.762763,1.34791,1.20818
659.4,-2.05456,0.690707,1.24511,1.19606
659.5,-2.11928,0.600513,1.12349,1.17377
659.6,-2.17403,0.491381,0.986952,1.13856
659.7,-2.21692,0.363198,0.841668,1.08627
659.8,-2.24606,0.216778,0.696136,1.01007
659.9,-2.25973,0.0540743,0.561026,0.897348
660,-2.25644,-0.121642,0.448603,0.720361
660.1,-2.23512,-0.305708,0.371685,0.407649
660.2,-2.19522,-0.492127,0.342158,0.407649
660.3,-2.13685,-0.673814,0.36919,0.407649
660.4,-2.06088,-0.843025,0.457422,0.407649
660.5,-1.96893,-0.991968,0.60554,0.407649
660.6,-1.8634,-1.11351,0.805637,0.407649
660.7,-1.74733,-1.2019,1.04364,0.407649
660.8,-1.62425,-1.25337,1.3009,0.407649
660.9,-1.49794,-1.26651,1.55661,0.407649
661,-1.37219,-1.24238,1.7907,0.407649
661.1,-1.2506,-1.18423,1.98648,0.407649
661.2,-1.13631,-1.09711,2.13247,0.407649
661.3,-1.03194,-0.987181,2.22327,0.407649
661.4,-0.939416,-0.861071,2.25938,0.407649
661.5,-0.860044,-0.725279,2.24606,0.407649
661.6,-0.794486,-0.585692,2.19189,0.407649
661.7,-0.742865,-0.447282,2.10714,0.407649
661.8,-0.704859,-0.31396,2.00229,0.407649
661.9,-0.679807,-0.188574,1.88702,0.407649
662,-0.666816,-0.0729935,1.76949,0.407649
662.1,-0.664846,0.0317309,1.65602,0.296651
662.2,-0.672786,0.125197,1.55107,0.404043
662.3,-0.689512,0.207472,1.45736,0.493814
662.4,-0.71392,0.278928,1.37612,0.568568
662.5,-0.744955,0.340109,1.3074,0.631042
662.6,-0.781619,0.391618,1.25032,0.683526
662.7,-0.822975,0.434031,1.20337,0.727772
662.8,-0.868139,0.467841,1.16457,0.765046
662.9,-0.916269,0.493417,1.13172,0.796218
663,-0.966555,0.51098,1.10247,0.821829
663.1,-1.0182,0.520597,1.07449,0.842151
663.2,-1.07041,0.522188,1.04556,0.857217
663.3,-1.12236,0.515536,1.01363,0.86684
663.4,-1.17323,0.500319,0.976967,0.87061
663.5,-1.22213,0.476145,0.9342,0.867867
663.6,-1.26815,0.442596,0.88445,0.857658
663.7,-1.31032,0.39929,0.827425,0.838636
663.8,-1.34767,0.345948,0.763533,0.808903
663.9,-1.37917,0.282468,0.693976,0.765715
664,-1.40383,0.209016,0.62082,0.704948
664.1,-1.42066,0.126104,0.547011,0.620078
664.2,-1.42877,0.0346797,0.476321,0.500219
664.3,-1.42736,-0.063816,0.41319,0.32717
664.4,-1.41583,-0.167404,0.362451,0.32717
664.5,-1.39379,-0.273567,0.328933,0.32717
664.6,-1.36113,-0.379302,0.316967,0.32717
664.7,-1.31806,-0.481224,0.32983,0.32717
664.8,-1.26514,-0.575733,0.369218,0.32717
664.9,-1.20328,-0.659233,0.434822,0.32717
665,-1.13377,-0.728377,0.524112,0.32717
665.1,-1.05818,-0.780326,0.632402,0.32717
665.2,-0.978347,-0.812972,0.753215,0.32717
665.3,-0.89627,-0.825114,0.878915,0.32717
665.4,-0.814016,-0.816541,1.00153,0.32717
665.5,-0.733627,-0.788027,1.11359,0.32717
665.6,-0.657021,-0.741233,1.20895,0.32717
665.7,-0.585912,-0.678527,1.2833,0.32717
665.8,-0.521751,-0.602763,1.33445,0.32717
665.9,-0.465691,-0.517035,1.36236,0.32717
666,-0.418572,-0.424444,1.36883,0.32717
666.1,-0.380933,-0.327906,1.35714,0.32717
666.2,-0.353036,-0.229996,1.33146,0.32717
666.3,-0.334908,-0.132859,1.29644,0.32717
666.4,-0.326383,-0.0381661,1.25672,0.32717
666.5,-0.327153,0.0528874,1.21664,0.32717
666.6,-0.336813,0.139548,1.17995,0.199651
666.7,-0.354904,0.22145,1.14975,0.32308
666.8,-0.380943,0.298549,1.12844,0.429142
666.9,-0.41446,0.371054,1.11772,0.520876
667,-0.455014,0.439356,1.11866,0.601311
667.1,-0.502208,0.503971,1.13184,0.672977
667.2,-0.555704,0.565483,1.15734,0.737862
667.3,-0.615222,0.624501,1.19494,0.797484
667.4,-0.680541,0.681619,1.2441,0.852999
667.5,-0.751501,0.737387,1.30409,0.905277
667.6,-0.82799,0.792285,1.37401,0.954971
667.7,-0.909942,0.846706,1.45282,1.00256
667.8,-0.997325,0.900937,1.53936,1.04841
667.9,-1.09013,0.955147,1.63234,1.09274
668,-1.18835,1.00937,1.73035,1.13573
668.1,-1.292,1.06348,1.83182,1.17745
668.2,-1.40104,1.11721,1.93498,1.21795
668.3,-1.51541,1.17008,2.0378,1.25718
668.4,-1.635,1.22142,2.13798,1.29507
668.5,-1.75962,1.27033,2.23285,1.33151
668.6,-1.88895,1.31563,2.31934,1.36632
668.7,-2.02257,1.35587,2.39391,1.39929
668.8,-2.1599,1.38925,2.45258,1.43012
668.9,-2.30012,1.41363,2.49091,1.45849
669,-2.44224,1.4265,2.50407,1.48397
669.1,-2.58495,1.42497,2.48708,1.50605
669.2,-2.72665,1.40579,2.43504,1.52409
669.3,-2.8654,1.36544,2.34365,1.53733
669.4,-2.9989,1.3002,2.20985,1.54481
669.5,-3.12449,1.20644,2.03267,1.5453
669.6,-3.23913,1.08083,1.81431,1.53725
669.7,-3.3395,0.920788,1.56121,1.51856
669.8,-3.42209,0.724991,1.28517,1.48631
669.9,-3.48333,0.493935,1.0039,1.43609
670,-3.5198,0.230534,0.740882,1.36058
670.1,-3.52854,-0.0593862,0.524045,1.24529
670.2,-3.50733,-0.36684,0.382883,1.05219
670.3,-3.45499,-0.679813,0.344174,0.592294
670.4,-3.37167,-0.983911,0.42678,0.592294
670.5,-3.25902,-1.26355,0.636641,0.592294
670.6,-3.12028,-1.5036,0.963458,0.592294
670.7,-2.96006,-1.69118,1.38038,0.592294
670.8,-2.78409,-1.81733,1.84731,0.592294
670.9,-2.59878,-1.87812,2.31741,0.592294
671,-2.41061,-1.87494,2.74499,0.592294
671.1,-2.22572,-1.81403,3.09285,0.592294
671.2,-2.0494,-1.70527,3.33721,0.592294
671.3,-1.88586,-1.56065,3.46924,0.592294
671.4,-1.73805,-1.39272,3.49356,0.592294
671.5,-1.6077,-1.21324,3.4247,0.592294
671.6,-1.49544,-1.03236,3.28277,0.592294
671.7,-1.401,-0.858082,3.08949,0.592294
671.8,-1.32341,-0.696252,2.86521,0.592294
671.9,-1.26121,-0.550694,2.62706,0.592294
672,-1.21266,-0.423555,2.38822,0.592294
672.1,-1.17585,-0.315683,2.15793,0.592294
672.2,-1.14888,-0.226987,1.94194,0.592294
672.3,-1.12984,-0.156756,1.74325,0.592294
672.4,-1.11695,-0.1039,1.56283,0.592294
672.5,-1.10853,-0.0671303,1.40033,0.331946
672.6,-1.10303,-0.0450765,1.25462,0.335936
672.7,-1.09907,-0.0363513,1.12427,0.323445
672.8,-1.09536,-0.0395809,1.00783,0.293818
672.9,-1.0908,-0.0534072,0.904062,0.245658
673,-1.08437,-0.0764736,0.812073,0.245658
673.1,-1.07524,-0.107402,0.731344,0.245658
673.2,-1.06268,-0.144768,0.661726,0.245658
673.3,-1.04612,-0.187084,0.60337,0.245658
673.4,-1.02515,-0.232784,0.556622,0.245658
673.5,-0.999505,-0.280233,0.52189,0.245658
673.6,-0.9691,-0.327737,0.499489,0.245658
673.7,-0.934013,-0.373585,0.489497,0.245658
673.8,-0.894495,-0.416088,0.491617,0.245658
673.9,-0.850961,-0.453647,0.505085,0.245658
674,-0.803979,-0.484812,0.52862,0.245658
674.1,-0.754253,-0.508351,0.560439,0.245658
674.2,-0.702595,-0.523308,0.598334,0.245658
674.3,-0.649899,-0.529049,0.639806,0.245658
674.4,-0.597102,-0.525291,0.682234,0.245658
674.5,-0.545155,-0.512104,0.723075,0.245658
674.6,-0.494983,-0.489896,0.760048,0.245658
674.7,-0.447454,-0.459371,0.791297,0.245658
674.8,-0.403354,-0.421477,0.815506,0.245658
674.9,-0.363367,-0.377337,0.831957,0.245658
675,-0.328054,-0.328178,0.840531,0.245658
675.1,-0.297856,-0.275261,0.841655,0.245658
675.2,-0.273086,-0.219818,0.836213,0.245658
675.3,-0.253938,-0.163001,0.825428,0.245658
675.4,-0.240497,-0.105841,0.810735,0.245658
675.5,-0.232752,-0.0492226,0.793667,0.245658
675.6,-0.23061,0.00612669,0.775737,0.245658
675.7,-0.233916,0.0596396,0.758357,0.245658
675.8,-0.242463,0.1109,0.742775,0.245658
675.9,-0.256011,0.15963,0.730025,0.0704936
676,-0.274299,0.205667,0.720913,0.168135
676.1,-0.297053,0.248944,0.716005,0.254129
676.2,-0.323996,0.289469,0.715632,0.330025
676.3,-0.354857,0.327296,0.719911,0.397422
676.4,-0.389368,0.36251,0.728753,0.457727
676.5,-0.427275,0.395203,0.741891,0.512099
676.6,-0.468328,0.425458,0.758899,0.56146
676.7,-0.512287,0.453331,0.779206,0.606524
676.8,-0.558915,0.47884,0.802118,0.64783
676.9,-0.607975,0.50195,0.826829,0.685772
677,-0.659222,0.522567,0.852435,0.720618
677.1,-0.7124,0.540525,0.877941,0.752533
677.2,-0.767231,0.555582,0.902277,0.781586
677.3,-0.823409,0.567413,0.924304,0.807761
677.4,-0.880592,0.575611,0.942832,0.83096
677.5,-0.938393,0.579683,0.956641,0.851005
677.6,-0.996372,0.579056,0.964505,0.867632
677.7,-1.05403,0.573082,0.965237,0.88048
677.8,-1.11079,0.561053,0.957736,0.889082
677.9,-1.16601,0.542217,0.941056,0.892835
678,-1.21898,0.515808,0.914495,0.89097
678.1,-1.26889,0.48108,0.877689,0.882488
678.2,-1.31489,0.437358,0.83074,0.86608
678.3,-1.35605,0.384095,0.774329,0.839979
678.4,-1.39138,0.320939,0.709842,0.801715
678.5,-1.4199,0.247817,0.639468,0.747675
678.6,-1.44062,0.165016,0.566253,0.672269
678.7,-1.45261,0.0732678,0.494083,0.566297
678.8,-1.45502,-0.0261816,0.427571,0.413946
678.9,-1.44717,-0.131521,0.371819,0.413946
679,-1.4286,-0.240361,0.332048,0.413946
679.1,-1.39908,-0.349771,0.313112,0.413946
679.2,-1.35874,-0.456367,0.318928,0.413946
679.3,-1.30802,-0.556479,0.351902,0.413946
679.4,-1.24778,-0.646353,0.412431,0.413946
679.5,-1.17922,-0.722414,0.498606,0.413946
679.6,-1.10387,-0.781533,0.606181,0.413946
679.7,-1.02356,-0.82128,0.728867,0.413946
679.8,-0.940307,-0.840126,0.858933,0.413946
679.9,-0.856245,-0.83756,0.988026,0.413946
680,-0.773492,-0.814115,1.1081,0.413946
680.1,-0.694069,-0.771284,1.21225,0.413946
680.2,-0.619806,-0.711354,1.29541,0.413946
680.3,-0.552273,-0.637186,1.35471,0.413946
680.4,-0.492738,-0.551952,1.38954,0.413946
680.5,-0.442144,-0.458893,1.40135,0.413946
680.6,-0.401117,-0.361096,1.39322,0.413946
680.7,-0.36999,-0.261329,1.36935,0.413946
680.8,-0.348838,-0.161924,1.3345,0.413946
680.9,-0.337531,-0.0647264,1.29357,0.413946
681,-0.335774,0.028917,1.25115,0.413946
681.1,-0.343166,0.11813,1.2113,0.175913
681.2,-0.359237,0.202453,1.17739,0.303686
681.3,-0.383489,0.281774,1.15205,0.413415
681.4,-0.41543,0.356259,1.13719,0.508011
681.5,-0.454592,0.426276,1.13403,0.590605
681.6,-0.500553,0.492333,1.14324,0.663873
681.7,-0.552946,0.555018,1.165,0.729934
681.8,-0.611465,0.614951,1.19911,0.79041
681.9,-0.675865,0.672745,1.24505,0.846537
682,-0.745962,0.728968,1.30208,0.899243
682.1,-0.821623,0.784123,1.36929,0.949225
682.2,-0.902765,0.838622,1.44561,0.997001
682.3,-0.989336,0.892774,1.52984,1.04294
682.4,-1.08131,0.946762,1.62067,1.08732
682.5,-1.17869,1.00064,1.71665,1.13029
682.6,-1.28143,1.0543,1.81619,1.17197
682.7,-1.38953,1.10747,1.91748,1.21238
682.8,-1.5029,1.1597,2.01848,1.2515
682.9,-1.62142,1.21033,2.11688,1.28926
683,-1.74488,1.25845,2.21,1.32555
683.1,-1.87298,1.30292,2.29477,1.36018
683.2,-2.00529,1.34227,2.3677,1.39295
683.3,-2.14121,1.37475,2.42481,1.42357
683.4,-2.27994,1.39823,2.46172,1.4517
683.5,-2.42047,1.41022,2.47369,1.47691
683.6,-2.56151,1.40786,2.45581,1.49869
683.7,-2.70146,1.38796,2.40329,1.51641
683.8,-2.8384,1.34703,2.31195,1.52928
683.9,-2.97004,1.28145,2.17884,1.53635
684,-3.09375,1.18763,2.00313,1.53638
684.1,-3.20652,1.06234,1.78707,1.52778
684.2,-3.30508,0.90308,1.53718,1.50845
684.3,-3.38596,0.708603,1.26516,1.4754
684.4,-3.44564,0.479465,0.988523,1.42415
684.5,-3.48079,0.21861,0.730436,1.34715
684.6,-3.4885,-0.0681598,0.518324,1.22939
684.7,-3.46659,-0.371938,0.381086,1.03084
684.8,-3.41394,-0.680858,0.344878,0.548469
684.9,-3.33072,-0.980736,0.428037,0.548469
685,-3.2186,-1.25624,0.636217,0.548469
685.1,-3.08078,-1.49251,0.959171,0.548469
685.2,-2.92183,-1.6769,1.37048,0.548469
685.3,-2.74743,-1.80062,1.8308,0.548469
685.4,-2.56387,-1.85982,2.29417,0.548469
685.5,-2.37757,-1.85587,2.71579,0.548469
685.6,-2.1946,-1.79491,3.05913,0.548469
685.7,-2.02017,-1.68666,3.30075,0.548469
685.8,-1.85845,-1.54292,3.43186,0.548469
685.9,-1.71236,-1.37605,3.45689,0.548469
686,-1.58362,-1.19766,3.39001,0.548469
686.1,-1.47287,-1.01778,3.25091,0.548469
686.2,-1.37985,-0.84434,3.06096,0.548469
686.3,-1.30359,-0.683141,2.84017,0.548469
686.4,-1.24268,-0.537995,2.60549,0.548469
686.5,-1.19539,-0.411057,2.36996,0.548469
686.6,-1.15983,-0.303192,2.14271,0.548469
686.7,-1.13411,-0.214339,1.92948,0.548469
686.8,-1.11635,-0.143816,1.73324,0.548469
686.9,-1.10477,-0.0905677,1.55496,0.548469
687,-1.09771,-0.0533403,1.3943,0.345262
687.1,-1.09362,-0.0307986,1.25011,0.351203
687.2,-1.0911,-0.0215935,1.12094,0.340995
687.3,-1.0889,-0.0243906,1.00531,0.314063
687.4,-1.08587,-0.0378731,0.901988,0.269062
687.5,-1.08101,-0.0607265,0.810045,0.269062
687.6,-1.07345,-0.0916146,0.728959,0.269062
687.7,-1.06247,-0.129154,0.658593,0.269062
687.8,-1.04745,-0.171892,0.599127,0.269062
687.9,-1.02796,-0.218293,0.550968,0.269062
688,-1.00372,-0.266739,0.514607,0.269062
688.1,-0.974605,-0.315545,0.490469,0.269062
688.2,-0.94066,-0.36299,0.478763,0.269062
688.3,-0.90211,-0.407361,0.479332,0.269062
688.4,-0.859345,-0.447016,0.491552,0.269062
688.5,-0.812914,-0.480447,0.514268,0.269062
688.6,-0.763507,-0.506352,0.545793,0.269062
688.7,-0.711929,-0.523695,0.583976,0.269062
688.8,-0.659077,-0.531761,0.626326,0.269062
688.9,-0.605899,-0.530184,0.670183,0.269062
689,-0.553362,-0.518963,0.712919,0.269062
689.1,-0.502417,-0.498444,0.752133,0.269062
689.2,-0.453962,-0.469288,0.785826,0.269062
689.3,-0.408817,-0.432415,0.812534,0.269062
689.4,-0.367699,-0.388941,0.831398,0.269062
689.5,-0.331207,-0.3401,0.842179,0.269062
689.6,-0.299815,-0.287175,0.845213,0.269062
689.7,-0.273866,-0.231433,0.841325,0.269062
689.8,-0.253582,-0.174063,0.831717,0.269062
689.9,-0.239072,-0.116141,0.817832,0.269062
690,-0.230342,-0.0585945,0.801235,0.269062
690.1,-0.227315,-0.00219066,0.783494,0.269062
690.2,-0.229845,0.0524674,0.766088,0.269062
690.3,-0.237735,0.104935,0.750337,0.269062
690.4,-0.250749,0.154909,0.737351,0.0595789
690.5,-0.268628,0.202215,0.728009,0.160204
690.6,-0.2911,0.246775,0.722944,0.248773
690.7,-0.317891,0.288595,0.722551,0.326868
690.8,-0.34873,0.327734,0.726998,0.396159
690.9,-0.383352,0.364283,0.736245,0.458131
691,-0.421504,0.398348,0.750066,0.514013
691.1,-0.462942,0.430026,0.768066,0.564782
691.2,-0.507432,0.459392,0.789702,0.611199
691.3,-0.554744,0.486484,0.814302,0.653842
691.4,-0.604652,0.51129,0.841075,0.693135
691.5,-0.656924,0.533733,0.869125,0.729376
691.6,-0.711316,0.553669,0.897462,0.762756
691.7,-0.767567,0.570874,0.925006,0.79337
691.8,-0.825389,0.585039,0.950602,0.821226
691.9,-0.88446,0.595769,0.973029,0.846255
692,-0.944412,0.602576,0.991016,0.868308
692.1,-1.00483,0.604883,1.00327,0.887155
692.2,-1.06522,0.602031,1.0085,0.90248
692.3,-1.12503,0.593284,1.00548,0.913865
692.4,-1.18365,0.577849,0.99311,0.920777
692.5,-1.24035,0.554897,0.970473,0.922532
692.6,-1.29435,0.5236,0.936973,0.918257
692.7,-1.34477,0.483172,0.892439,0.906814
692.8,-1.39066,0.432929,0.837258,0.886693
692.9,-1.43101,0.372357,0.77252,0.855827
693,-1.46478,0.301194,0.700138,0.811264
693.1,-1.4909,0.219522,0.622944,0.748556
693.2,-1.50835,0.127857,0.544717,0.660566
693.3,-1.51617,0.0272371,0.470112,0.53503
693.4,-1.51355,-0.0807078,0.404474,0.350445
693.5,-1.49986,-0.19372,0.353493,0.350445
693.6,-1.47473,-0.308925,0.322724,0.350445
693.7,-1.43812,-0.422902,0.316986,0.350445
693.8,-1.39032,-0.531827,0.339707,0.350445
693.9,-1.33205,-0.631676,0.392323,0.350445
694,-1.26442,-0.718494,0.473827,0.350445
694.1,-1.18891,-0.788687,0.580605,0.350445
694.2,-1.10734,-0.83931,0.706607,0.350445
694.3,-1.02177,-0.868322,0.843893,0.350445
694.4,-0.934425,-0.874749,0.983468,0.350445
694.5,-0.847567,-0.858755,1.11629,0.350445
694.6,-0.763381,-0.82159,1.23427,0.350445
694.7,-0.683883,-0.765441,1.33112,0.350445
694.8,-0.61083,-0.693199,1.40284,0.350445
694.9,-0.545668,-0.608191,1.44797,0.350445
695,-0.489501,-0.513897,1.46741,0.350445
695.1,-0.443086,-0.413698,1.46399,0.350445
695.2,-0.406855,-0.310678,1.44195,0.350445
695.3,-0.380955,-0.207477,1.40632,0.350445
695.4,-0.365294,-0.106223,1.36237,0.350445
695.5,-0.359592,-0.00850141,1.31517,0.350445
695.6,-0.36344,0.0846169,1.26923,0.350445
695.7,-0.376342,0.172524,1.22834,0.278863
695.8,-0.397763,0.255001,1.19549,0.393031
695.9,-0.427164,0.332144,1.17285,0.491047
696,-0.464025,0.404278,1.16184,0.57609
696.1,-0.507869,0.471888,1.16324,0.651004
696.2,-0.558271,0.535556,1.17729,0.718075
696.3,-0.614869,0.5959,1.20375,0.779063
696.4,-0.677361,0.653532,1.24208,0.835304
696.5,-0.745504,0.709023,1.29143,0.887804
696.6,-0.81911,0.762869,1.35078,0.937314
696.7,-0.898036,0.815471,1.4189,0.984387
696.8,-0.982173,0.867115,1.49445,1.02942
696.9,-1.07143,0.917955,1.57595,1.0727
697,-1.16574,0.967995,1.66176,1.11439
697.1,-1.265,1.01708,1.7501,1.1546
697.2,-1.36911,1.06487,1.83896,1.19334
697.3,-1.47791,1.11084,1.92613,1.23059
697.4,-1.59119,1.15423,2.00912,1.26626
697.5,-1.70864,1.19405,2.0851,1.30018
697.6,-1.82984,1.22906,2.15092,1.33218
697.7,-1.95424,1.2577,2.20305,1.36197
697.8,-2.08111,1.27815,2.23761,1.38923
697.9,-2.20952,1.28823,2.25049,1.41356
698,-2.33833,1.28546,2.23741,1.43445
698.1,-2.4661,1.26708,2.19425,1.45129
698.2,-2.59112,1.23006,2.11738,1.46331
698.3,-2.71138,1.17127,2.00418,1.46957
698.4,-2.82455,1.08761,1.85376,1.46888
698.5,-2.92798,0.976251,1.66777,1.45966
698.6,-3.0188,0.834971,1.45131,1.43984
698.7,-3.09394,0.662567,1.21374,1.40647
698.8,-3.15028,0.45932,0.969217,1.35511
698.9,-3.18485,0.227477,0.736723,1.27833
699,-3.19498,-0.0283294,0.539087,1.16147
699.1,-3.17862,-0.300832,0.400965,0.966829
699.2,-3.13458,-0.580171,0.345616,0.532595
699.3,-3.06276,-0.854333,0.390853,0.532595
699.4,-2.96433,-1.11002,0.544905,0.532595
699.5,-2.84181,-1.33392,0.803268,0.532595
699.6,-2.699,-1.51417,1.14764,0.532595
699.7,-2.54074,-1.64182,1.54763,0.532595
699.8,-2.37256,-1.71188,1.96516,0.532595
699.9,-2.2003,-1.7239,2.36064,0.532595
700,-2.02959,-1.68177,2.69917,0.532595
700.1,-1.86551,-1.59296,2.95555,0.532595
700.2,-1.71223,-1.46731,3.11669,0.532595
700.3,-1.57291,-1.31575,3.18153,0.532595
700.4,-1.44958,-1.14905,3.1588,0.532595
700.5,-1.34328,-0.976893,3.06373,0.532595
700.6,-1.25412,-0.807333,2.91457,0.532595
700.7,-1.18152,-0.646544,2.72965,0.532595
700.8,-1.12437,-0.498865,2.52535,0.532595
700.9,-1.08121,-0.367015,2.31494,0.532595
701,-1.05039,-0.252401,2.10829,0.532595
701.1,-1.03014,-0.155441,1.91195,0.532595
701.2,-1.01872,-0.0758608,1.72973,0.532595
701.3,-1.01442,-0.0129511,1.56322,0.386588
701.4,-1.01561,0.034244,1.41249,0.42642
701.5,-1.02078,0.0667876,1.27658,0.451437
701.6,-1.02851,0.0857637,1.154,0.462578
701.7,-1.03751,0.0922303,1.04305,0.459922
701.8,-1.04658,0.0872051,0.94217,0.444048
701.9,-1.0546,0.0716748,0.850032,0.412995
702,-1.06059,0.0466197,0.765736,0.365069
702.1,-1.06364,0.0130477,0.688843,0.297204
702.2,-1.06295,-0.027968,0.619392,0.205225
702.3,-1.05784,-0.0752535,0.557862,0.205225
702.4,-1.04774,-0.127505,0.505093,0.205225
702.5,-1.03222,-0.183274,0.462159,0.205225
702.6,-1.01102,-0.240962,0.430217,0.205225
702.7,-0.984023,-0.298839,0.410321,0.205225
702.8,-0.951306,-0.355084,0.403235,0.205225
702.9,-0.913123,-0.407834,0.409257,0.205225
703,-0.869917,-0.455262,0.428075,0.205225
703.1,-0.822305,-0.495661,0.458682,0.205225
703.2,-0.771069,-0.527529,0.499363,0.205225
703.3,-0.717125,-0.549654,0.547769,0.205225
703.4,-0.661492,-0.561181,0.601065,0.205225
703.5,-0.605257,-0.56166,0.656148,0.205225
703.6,-0.54953,-0.551064,0.709898,0.205225
703.7,-0.495401,-0.52978,0.759434,0.205225
703.8,-0.443905,-0.498567,0.802348,0.205225
703.9,-0.395983,-0.458491,0.836873,0.205225
704,-0.352459,-0.41085,0.861986,0.205225
704.1,-0.314018,-0.357079,0.877426,0.205225
704.2,-0.281198,-0.298664,0.883643,0.205225
704.3,-0.254391,-0.237063,0.881687,0.205225
704.4,-0.233846,-0.173636,0.873066,0.205225
704.5,-0.219684,-0.109595,0.859577,0.205225
704.6,-0.211913,-0.0459684,0.843158,0.205225
704.7,-0.210448,0.016411,0.825741,0.205225
704.8,-0.215132,0.0769126,0.809141,0.205225
704.9,-0.225754,0.135096,0.794975,0.0202085
705,-0.242065,0.190694,0.784607,0.13755
705.1,-0.263802,0.243587,0.779123,0.240322
705.2,-0.290692,0.293776,0.779321,0.330346
705.3,-0.32247,0.341357,0.785727,0.409792
705.4,-0.358882,0.386489,0.79861,0.480645
705.5,-0.399693,0.429373,0.818007,0.544556
705.6,-0.444689,0.470224,0.843749,0.60284
705.7,-0.493677,0.509252,0.875488,0.656523
705.8,-0.546485,0.546642,0.912716,0.706395
705.9,-0.602956,0.582538,0.954782,0.753057
706,-0.662946,0.617026,1.00091,0.796957
706.1,-0.726315,0.650123,1.05018,0.838421
706.2,-0.792922,0.681762,1.10159,0.877671
706.3,-0.862614,0.711785,1.15396,0.914843
706.4,-0.935216,0.739925,1.20604,0.949997
706.5,-1.01052,0.765801,1.25638,0.983128
706.6,-1.08828,0.788906,1.30344,1.01417
706.7,-1.16819,0.808595,1.34551,1.04298
706.8,-1.24986,0.824083,1.38074,1.06938
706.9,-1.33284,0.834433,1.40716,1.09311
707,-1.41654,0.83856,1.42271,1.11384
707.1,-1.5003,0.835232,1.42531,1.13115
707.2,-1.5833,0.823088,1.41295,1.14452
707.3,-1.66457,0.80066,1.38382,1.15331
707.4,-1.74303,0.766424,1.3365,1.15671
707.5,-1.81741,0.718857,1.27022,1.1537
707.6,-1.88631,0.656537,1.18508,1.14292
707.7,-1.94819,0.578259,1.08244,1.1226
707.8,-2.0014,0.483187,0.965201,1.09023
707.9,-2.04426,0.371032,0.838065,1.04214
708,-2.07506,0.242241,0.707711,0.972465
708.1,-2.0922,0.0981953,0.582723,0.870847
708.2,-2.09427,-0.0586346,0.473246,0.716231
708.3,-2.08016,-0.224586,0.390273,0.459352
708.4,-2.04921,-0.394807,0.344553,0.459352
708.5,-2.00126,-0.5634,0.345195,0.459352
708.6,-1.9368,-0.723719,0.398149,0.459352
708.7,-1.85702,-0.868822,0.504841,0.459352
708.8,-1.76377,-0.99204,0.661293,0.459352
708.9,-1.65953,-1.0876,0.858027,0.459352
709,-1.54731,-1.1512,1.08088,0.459352
709.1,-1.43044,-1.18043,1.31269,0.459352
709.2,-1.31239,-1.17501,1.53553,0.459352
709.3,-1.19654,-1.13673,1.73308,0.459352
709.4,-1.08602,-1.06916,1.89258,0.459352
709.5,-0.983519,-0.977222,2.00609,0.459352
709.6,-0.891196,-0.866612,2.07088,0.459352
709.7,-0.810621,-0.743238,2.08896,0.459352
709.8,-0.742785,-0.612739,2.06605,0.459352
709.9,-0.688143,-0.480122,2.01027,0.459352
710,-0.646692,-0.349543,1.93081,0.459352
710.1,-0.618059,-0.224211,1.83679,0.459352
710.2,-0.601598,-0.106411,1.73646,0.459352
710.3,-0.596476,0.00240396,1.63668,0.459352
710.4,-0.601753,0.101478,1.54269,0.341463
710.5,-0.616439,0.190595,1.45815,0.444968
710.6,-0.639546,0.269928,1.38522,0.531958
710.7,-0.670113,0.339899,1.3248,0.605369
710.8,-0.707232,0.401062,1.2768,0.667888
710.9,-0.750051,0.454006,1.2403,0.72166
711,-0.797778,0.499283,1.21384,0.768302
711.1,-0.849668,0.537352,1.19552,0.80899
711.2,-0.905019,0.568538,1.18318,0.844544
711.3,-0.963152,0.593013,1.17451,0.875502
711.4,-1.0234,0.610782,1.16713,0.902172
711.5,-1.08508,0.621676,1.15867,0.924667
711.6,-1.14749,0.625363,1.14682,0.942924
711.7,-1.2099,0.621358,1.12944,0.956718
711.8,-1.27149,0.609049,1.10458,0.965653
711.9,-1.3314,0.587728,1.07064,0.969148
712,-1.38871,0.556639,1.02644,0.966402
712.1,-1.44238,0.515032,0.971368,0.956329
712.2,-1.49134,0.462234,0.905547,0.93745
712.3,-1.53444,0.397742,0.829959,0.907713
712.4,-1.57049,0.321313,0.746612,0.864152
712.5,-1.59831,0.233085,0.658629,0.80226
712.6,-1.61673,0.133677,0.570279,0.714697
712.7,-1.62471,0.0243063,0.486883,0.58851
712.8,-1.62133,-0.0931403,0.414566,0.399721
712.9,-1.6059,-0.216058,0.359838,0.399721
713,-1.57804,-0.341141,0.328993,0.399721
713.1,-1.53773,-0.464475,0.327375,0.399721
713.2,-1.48535,-0.581712,0.35859,0.399721
713.3,-1.42174,-0.688316,0.423803,0.399721
713.4,-1.34819,-0.779889,0.521245,0.399721
713.5,-1.2664,-0.852513,0.646087,0.399721
713.6,-1.17842,-0.903082,0.790745,0.399721
713.7,-1.08658,-0.929578,0.945619,0.399721
713.8,-0.993336,-0.931239,1.10017,0.399721
713.9,-0.901147,-0.908602,1.24412,0.399721
714,-0.812368,-0.863407,1.36867,0.399721
714.1,-0.729127,-0.798392,1.46733,0.399721
714.2,-0.653236,-0.717001,1.53644,0.399721
714.3,-0.586145,-0.623058,1.57527,0.399721
714.4,-0.528913,-0.520454,1.5857,0.399721
714.5,-0.48222,-0.412871,1.57163,0.399721
714.6,-0.446395,-0.303578,1.5383,0.399721
714.7,-0.42147,-0.1953,1.49158,0.399721
714.8,-0.40723,-0.0901612,1.43737,0.399721
714.9,-0.403281,0.0103163,1.38109,0.399721
715,-0.409105,0.105164,1.32745,0.21542
715.1,-0.42411,0.193894,1.28021,0.339656
715.2,-0.447676,0.276408,1.2422,0.445919
715.3,-0.479191,0.352907,1.21533,0.537108
715.4,-0.518071,0.4238,1.2007,0.616328
715.5,-0.563782,0.489627,1.19872,0.686214
715.6,-0.615847,0.550993,1.20924,0.74884
715.7,-0.673852,0.608506,1.23167,0.805787
715.8,-0.737439,0.662736,1.26505,0.85824
715.9,-0.806306,0.714177,1.30818,0.907084
716,-0.880195,0.76322,1.35962,0.952966
716.1,-0.958879,0.810126,1.41778,0.996348
716.2,-1.04215,0.855012,1.4809,1.03755
716.3,-1.12981,0.897831,1.54708,1.07676
716.4,-1.22164,0.93836,1.61426,1.1141
716.5,-1.31739,0.976183,1.6802,1.14956
716.6,-1.41677,1.01068,1.74248,1.1831
716.7,-1.51939,1.04101,1.79843,1.21459
716.8,-1.6248,1.06609,1.84519,1.24383
716.9,-1.73239,1.0846,1.87968,1.27055
717,-1.84144,1.09498,1.89863,1.29441
717.1,-1.95105,1.09539,1.8987,1.31497
717.2,-2.06012,1.08379,1.8766,1.33169
717.3,-2.16734,1.05791,1.82933,1.3439
717.4,-2.27115,1.01538,1.7545,1.35077
717.5,-2.36978,0.953787,1.65076,1.35122
717.6,-2.4612,0.870856,1.51833,1.3439
717.7,-2.54317,0.76465,1.35963,1.32697
717.8,-2.6133,0.633837,1.17984,1.29793
717.9,-2.6691,0.478011,0.987434,1.25305
718,-2.7081,0.298039,0.794407,1.1864
718.1,-2.72799,0.0963956,0.616043,1.0872
718.2,-2.7268,-0.12257,0.470024,0.931838
718.3,-2.7031,-0.352515,0.374764,0.650083
718.4,-2.6562,-0.585208,0.346998,0.650083
718.5,-2.58629,-0.810923,0.398916,0.650083
718.6,-2.4946,-1.01913,0.53536,0.650083
718.7,-2.3834,-1.19944,0.751801,0.650083
718.8,-2.25595,-1.34271,1.03378,0.650083
718.9,-2.11633,-1.44205,1.35823,0.650083
719,-1.96914,-1.49362,1.69655,0.650083
719.1,-1.81921,-1.49701,2.01891,0.650083
719.2,-1.67125,-1.45517,2.29865,0.650083
719.3,-1.5295,-1.37383,2.51584,0.650083
719.4,-1.39754,-1.26069,2.65931,0.650083
719.5,-1.27813,-1.12444,2.72681,0.650083
719.6,-1.17313,-0.973798,2.72376,0.650083
719.7,-1.08358,-0.816823,2.66098,0.650083
719.8,-1.00975,-0.660376,2.55223,0.650083
719.9,-0.951304,-0.50989,2.41194,0.650083
720,-0.907438,-0.369338,2.25349,0.650083
720.1,-0.877016,-0.241355,2.08815,0.650083
720.2,-0.858697,-0.127451,1.92462,0.650083
720.3,-0.851034,-0.02826,1.76897,0.650083
720.4,-0.852554,0.0562172,1.62488,0.409094
720.5,-0.861801,0.126393,1.49409,0.479468
720.6,-0.877377,0.182916,1.37681,0.535071
720.7,-0.897954,0.226534,1.27214,0.578008
720.8,-0.922279,0.257998,1.17853,0.609945
720.9,-0.949172,0.278001,1.09401,0.632032
721,-0.977517,0.287151,1.01653,0.644916
721.1,-1.00626,0.28596,0.944124,0.648782
721.2,-1.03438,0.274857,0.875074,0.643359
721.3,-1.06091,0.254219,0.808051,0.627892
721.4,-1.08492,0.224407,0.7422,0.601044
721.5,-1.1055,0.185818,0.677215,0.560713
721.6,-1.1218,0.138931,0.613379,0.503714
721.7,-1.13303,0.084369,0.551569,0.425241
721.8,-1.13845,0.0229476,0.49323,0.31819
721.9,-1.13743,-0.04428,0.440295,0.173087
722,-1.12944,-0.11599,0.395051,0.173087
722.1,-1.11413,-0.190576,0.359955,0.173087
722.2,-1.09129,-0.266156,0.337394,0.173087
722.3,-1.06094,-0.340618,0.329417,0.173087
722.4,-1.02328,-0.411682,0.337454,0.173087
722.5,-0.978792,-0.477002,0.362063,0.173087
722.6,-0.928152,-0.534286,0.40274,0.173087
722.7,-0.872273,-0.581428,0.457839,0.173087
722.8,-0.812264,-0.616644,0.524619,0.173087
722.9,-0.749387,-0.638593,0.599419,0.173087
723,-0.685015,-0.646463,0.677973,0.173087
723.1,-0.620572,-0.640024,0.755793,0.173087
723.2,-0.557476,-0.619632,0.828592,0.173087
723.3,-0.497082,-0.586182,0.892677,0.173087
723.4,-0.44063,-0.541029,0.945255,0.173087
723.5,-0.38921,-0.485867,0.98463,0.173087
723.6,-0.343727,-0.422603,1.01026,0.173087
723.7,-0.304893,-0.353224,1.02268,0.173087
723.8,-0.273221,-0.279675,1.02338,0.173087
723.9,-0.249037,-0.203761,1.01451,0.173087
724,-0.232495,-0.127068,0.998679,0.173087
724.1,-0.223605,-0.050918,0.978704,0.173087
724.2,-0.222258,0.023655,0.957376,0.173087
724.3,-0.228258,0.0959031,0.93731,0.173087
724.4,-0.241345,0.165349,0.920819,0.127151
724.5,-0.261226,0.231756,0.909851,0.247226
724.6,-0.287594,0.295094,0.905962,0.351346
724.7,-0.320147,0.355499,0.910315,0.442272
724.8,-0.358604,0.413233,0.923713,0.522697
724.9,-0.402716,0.468649,0.946632,0.594879
725,-0.452271,0.522159,0.979272,0.660608
725.1,-0.507099,0.574197,1.0216,0.721273
725.2,-0.567076,0.625202,1.07338,0.777942
725.3,-0.632119,0.675591,1.13423,0.831431
725.4,-0.702186,0.725743,1.20365,0.882366
725.5,-0.77727,0.775981,1.28099,0.931222
725.6,-0.857394,0.82656,1.36554,0.978335
725.7,-0.9426,0.877653,1.45646,1.02398
725.8,-1.03294,0.929341,1.5528,1.06831
725.9,-1.12849,0.981596,1.65349,1.11146
726,-1.22928,1.03427,1.75729,1.15348
726.1,-1.33535,1.08708,1.86276,1.19437
726.2,-1.44668,1.13958,1.96824,1.23411
726.3,-1.56323,1.19115,2.07175,1.27261
726.4,-1.68486,1.24097,2.17098,1.30977
726.5,-1.81133,1.28798,2.26322,1.34543
726.6,-1.94231,1.33086,2.3453,1.37938
726.7,-2.07731,1.36799,2.41358,1.41138
726.8,-2.21565,1.3974,2.46393,1.44111
726.9,-2.35646,1.41681,2.4918,1.4682
727,-2.49859,1.42352,2.49232,1.49219
727.1,-2.64064,1.41448,2.46055,1.51251
727.2,-2.78085,1.38633,2.39183,1.52848
727.3,-2.91715,1.33545,2.28236,1.53923
727.4,-3.04706,1.25815,2.1299,1.54372
727.5,-3.16778,1.15089,1.93476,1.54058
727.6,-3.27614,1.01066,1.70088,1.52803
727.7,-3.36874,0.835359,1.43693,1.50368
727.8,-3.44202,0.624408,1.15721,1.46403
727.9,-3.49248,0.379301,0.881957,1.40365
728,-3.51688,0.104171,0.636748,1.31283
728.1,-3.51255,-0.193802,0.450487,1.17031
728.2,-3.4777,-0.504294,0.351925,0.906862
728.3,-3.41171,-0.814187,0.36489,0.906862
728.4,-3.31538,-1.10845,0.503048,0.906862
728.5,-3.19106,-1.37156,0.76548,0.906862
728.6,-3.04259,-1.58919,1.13455,0.906862
728.7,-2.87511,-1.75007,1.57717,0.906862
728.8,-2.6947,-1.84735,2.0496,0.906862
728.9,-2.50782,-1.87945,2.50473,0.906862
729,-2.32087,-1.84997,2.90001,0.906862
729.1,-2.13962,-1.76688,3.20381,0.906862
729.2,-1.96891,-1.64113,3.39893,0.906862
729.3,-1.8124,-1.48508,3.48271,0.906862
729.4,-1.6725,-1.31103,3.46454,0.906862
729.5,-1.55043,-1.13009,3.3618,0.906862
729.6,-1.4464,-0.95147,3.19564,0.906862
729.7,-1.35982,-0.782222,2.98739,0.906862
729.8,-1.28948,-0.627261,2.75609,0.906862
729.9,-1.23378,-0.489637,2.51715,0.906862
730,-1.19092,-0.370887,2.28195,0.906862
730.1,-1.15896,-0.271412,2.05812,0.906862
730.2,-1.13601,-0.190824,1.85012,0.906862
730.3,-1.1202,-0.12823,1.65997,0.906862
730.4,-1.1098,-0.0824439,1.48798,0.906862
730.5,-1.10319,-0.0521397,1.3334,0.339399
730.6,-1.0989,-0.0359429,1.19492,0.336783
730.7,-1.09558,-0.0324806,1.07106,0.317585
730.8,-1.09203,-0.0403974,0.960446,0.280846
730.9,-1.08717,-0.0583489,0.861966,0.280846
731,-1.08007,-0.0849831,0.774887,0.280846
731.1,-1.06993,-0.118915,0.698859,0.280846
731.2,-1.05609,-0.158705,0.633877,0.280846
731.3,-1.03804,-0.20284,0.580206,0.280846
731.4,-1.01543,-0.249729,0.538255,0.280846
731.5,-0.988059,-0.297712,0.508435,0.280846
731.6,-0.955907,-0.345081,0.491008,0.280846
731.7,-0.91912,-0.390124,0.485937,0.280846
731.8,-0.878015,-0.431176,0.492769,0.280846
731.9,-0.83307,-0.46668,0.510548,0.280846
732,-0.78491,-0.495257,0.537801,0.280846
732.1,-0.734288,-0.515769,0.572564,0.280846
732.2,-0.682054,-0.527375,0.612493,0.280846
732.3,-0.629127,-0.529572,0.655008,0.280846
732.4,-0.576458,-0.522209,0.697481,0.280846
732.5,-0.524997,-0.505492,0.737433,0.280846
732.6,-0.475654,-0.479949,0.772719,0.280846
732.7,-0.429275,-0.44639,0.801669,0.280846
732.8,-0.38661,-0.405842,0.823186,0.280846
732.9,-0.3483,-0.359484,0.836782,0.280846
733,-0.314865,-0.30857,0.842559,0.280846
733.1,-0.286696,-0.254362,0.841137,0.280846
733.2,-0.264062,-0.198072,0.833552,0.280846
733.3,-0.247114,-0.140814,0.821134,0.280846
733.4,-0.235898,-0.0835702,0.805381,0.280846
733.5,-0.230371,-0.027167,0.78784,0.280846
733.6,-0.230414,0.0277283,0.770006,0.280846
733.7,-0.23585,0.0806075,0.753244,0.280846
733.8,-0.246456,0.13111,0.738731,0.00666453
733.9,-0.261985,0.179006,0.727424,0.112185
734,-0.282166,0.224174,0.720042,0.205298
734.1,-0.306727,0.266582,0.717063,0.287305
734.2,-0.335392,0.30626,0.718739,0.359838
734.3,-0.367891,0.34328,0.725107,0.424446
734.4,-0.403962,0.377735,0.73601,0.482448
734.5,-0.443355,0.409719,0.751117,0.534915
734.6,-0.485826,0.439309,0.769944,0.582685
734.7,-0.531139,0.466551,0.791873,0.626405
734.8,-0.579059,0.491448,0.816162,0.666555
734.9,-0.629348,0.513944,0.841965,0.703481
735,-0.681763,0.533919,0.868338,0.737409
735.1,-0.736042,0.551181,0.89425,0.76847
735.2,-0.7919,0.565456,0.918597,0.7967
735.3,-0.849022,0.576387,0.940208,0.822056
735.4,-0.907051,0.583531,0.957867,0.844411
735.5,-0.965584,0.58636,0.970331,0.863559
735.6,-1.02416,0.584265,0.976363,0.879206
735.7,-1.08225,0.576563,0.974777,0.89096
735.8,-1.13926,0.562516,0.964492,0.898313
735.9,-1.19452,0.541348,0.94461,0.900615
736,-1.24727,0.512277,0.914504,0.897035
736.1,-1.29668,0.474557,0.873936,0.886491
736.2,-1.34187,0.427528,0.823169,0.867552
736.3,-1.38186,0.370679,0.763105,0.838273
736.4,-1.41567,0.303727,0.695397,0.795896
736.5,-1.44227,0.226693,0.622545,0.736322
736.6,-1.46068,0.139995,0.547929,0.653079
736.7,-1.46998,0.0445276,0.475769,0.535282
736.8,-1.46934,-0.0582702,0.410969,0.364165
736.9,-1.45814,-0.166373,0.358832,0.364165
737,-1.43598,-0.277168,0.324638,0.364165
737.1,-1.40273,-0.387514,0.313114,0.364165
737.2,-1.35861,-0.493851,0.327834,0.364165
737.3,-1.30422,-0.592387,0.370643,0.364165
737.4,-1.24052,-0.679327,0.441198,0.364165
737.5,-1.16885,-0.751149,0.536748,0.364165
737.6,-1.09089,-0.804873,0.652202,0.364165
737.7,-1.00856,-0.83831,0.780548,0.364165
737.8,-0.923948,-0.850243,0.913555,0.364165
737.9,-0.839232,-0.840516,1.04267,0.364165
738,-0.756538,-0.810018,1.15998,0.364165
738.1,-0.677861,-0.760574,1.25899,0.364165
738.2,-0.60497,-0.694746,1.33528,0.364165
738.3,-0.539356,-0.615587,1.38672,0.364165
738.4,-0.482188,-0.526381,1.41346,0.364165
738.5,-0.434306,-0.430395,1.41764,0.364165
738.6,-0.396233,-0.330673,1.40287,0.364165
738.7,-0.368206,-0.229883,1.3737,0.364165
738.8,-0.350218,-0.130224,1.33509,0.364165
738.9,-0.342067,-0.0333878,1.29195,0.364165
739,-0.343406,0.0594352,1.24878,0.364165
739.1,-0.353795,0.147515,1.20947,0.227064
739.2,-0.37274,0.23052,1.17718,0.347932
739.3,-0.39973,0.308448,1.15427,0.451675
739.4,-0.434268,0.381546,1.14242,0.54142
739.5,-0.475892,0.450245,1.14263,0.620172
739.6,-0.524189,0.51509,1.15537,0.690406
739.7,-0.578802,0.576689,1.18063,0.754054
739.8,-0.639439,0.635662,1.21807,0.812586
739.9,-0.705867,0.692607,1.26705,0.867116
740,-0.777911,0.748067,1.32671,0.918482
740.1,-0.855446,0.802506,1.39603,0.967308
740.2,-0.93839,0.856288,1.47386,1.01405
740.3,-1.02669,0.909662,1.55891,1.05904
740.4,-1.12031,0.962747,1.64975,1.1025
740.5,-1.21923,1.01552,1.74484,1.14457
740.6,-1.3234,1.06778,1.84243,1.18531
740.7,-1.43276,1.11917,1.94059,1.22474
740.8,-1.54719,1.16912,2.0371,1.2628
740.9,-1.66651,1.21685,2.12944,1.29939
741,-1.79045,1.26132,2.21476,1.33438
741.1,-1.91862,1.30123,2.28976,1.36755
741.2,-2.05049,1.33496,2.35073,1.39866
741.3,-2.18534,1.36057,2.39355,1.42737
741.4,-2.32225,1.37578,2.41373,1.45331
741.5,-2.46006,1.37792,2.40656,1.47598
741.6,-2.5973,1.36403,2.36736,1.4948
741.7,-2.73222,1.3308,2.29185,1.50904
741.8,-2.86271,1.27478,2.17674,1.5178
741.9,-2.9863,1.19246,2.02046,1.51995
742,-3.10021,1.08059,1.82408,1.51404
742.1,-3.20134,0.936479,1.59236,1.49815
742.2,-3.28638,0.758463,1.33476,1.46962
742.3,-3.3519,0.546432,1.06612,1.42454
742.4,-3.39459,0.302377,0.806886,1.3566
742.5,-3.41146,0.0308993,0.582157,1.25397
742.6,-3.40011,-0.260468,0.419586,1.08864
742.7,-3.35905,-0.561247,0.345808,0.753312
742.8,-3.28797,-0.858442,0.381833,0.753312
742.9,-3.18796,-1.13748,0.538192,0.753312
743,-3.06158,-1.38361,0.811119,0.753312
743.1,-2.91278,-1.58357,1.18109,0.753312
743.2,-2.74674,-1.72725,1.6146,0.753312
743.3,-2.56941,-1.80892,2.06914,0.753312
743.4,-2.38705,-1.82792,2.50024,0.753312
743.5,-2.20578,-1.78842,2.86877,0.753312
743.6,-2.03105,-1.69858,3.14657,0.753312
743.7,-1.86738,-1.5692,3.31929,0.753312
743.8,-1.71813,-1.41222,3.38612,0.753312
743.9,-1.58546,-1.23936,3.35719,0.753312
744,-1.47043,-1.06109,3.2497,0.753312
744.1,-1.37314,-0.88604,3.08398,0.753312
744.2,-1.2929,-0.720755,2.88024,0.753312
744.3,-1.22851,-0.569769,2.65631,0.753312
744.4,-1.17837,-0.435862,2.4265,0.753312
744.5,-1.14072,-0.320403,2.2013,0.753312
744.6,-1.11367,-0.223711,1.98765,0.753312
744.7,-1.09536,-0.145378,1.7895,0.753312
744.8,-1.08401,-0.0845389,1.60855,0.753312
744.9,-1.07791,-0.0400673,1.44489,0.36237
745,-1.07549,-0.0107191,1.29761,0.37837
745.1,-1.0753,0.00478282,1.16533,0.378843
745.2,-1.07603,0.00770453,1.0465,0.363681
745.3,-1.07647,-0.000710991,0.939724,0.332028
745.4,-1.07555,-0.0192345,0.843879,0.282174
745.5,-1.07232,-0.0466278,0.75825,0.21156
745.6,-1.06597,-0.0816149,0.682534,0.21156
745.7,-1.05579,-0.122854,0.616823,0.21156
745.8,-1.04124,-0.168916,0.56152,0.21156
745.9,-1.0219,-0.218271,0.517228,0.21156
746,-0.997528,-0.269293,0.484607,0.21156
746.1,-0.968042,-0.320277,0.464207,0.21156
746.2,-0.933532,-0.369475,0.456313,0.21156
746.3,-0.894265,-0.415149,0.460793,0.21156
746.4,-0.850676,-0.455634,0.476996,0.21156
746.5,-0.803362,-0.48941,0.503694,0.21156
746.6,-0.753061,-0.515177,0.539094,0.21156
746.7,-0.700628,-0.531918,0.580917,0.21156
746.8,-0.647001,-0.538953,0.626542,0.21156
746.9,-0.593171,-0.535969,0.673195,0.21156
747,-0.54014,-0.523031,0.718162,0.21156
747.1,-0.488883,-0.500562,0.759,0.21156
747.2,-0.440321,-0.469302,0.793712,0.21156
747.3,-0.395283,-0.430253,0.820882,0.21156
747.4,-0.35449,-0.384602,0.839739,0.21156
747.5,-0.318539,-0.333647,0.850161,0.21156
747.6,-0.287893,-0.278721,0.852617,0.21156
747.7,-0.262884,-0.221124,0.848071,0.21156
747.8,-0.243717,-0.162067,0.837857,0.21156
747.9,-0.230483,-0.102631,0.823537,0.21156
748,-0.223172,-0.0437355,0.806773,0.21156
748.1,-0.221692,0.0138684,0.78921,0.21156
748.2,-0.225884,0.0696035,0.772381,0.21156
748.3,-0.235537,0.123055,0.757638,0.21156
748.4,-0.25041,0.173957,0.746111,0.100253
748.5,-0.270239,0.222167,0.738679,0.199218
748.6,-0.294752,0.267647,0.73597,0.286193
748.7,-0.323678,0.310434,0.738362,0.362973
748.8,-0.356752,0.350621,0.746006,0.431293
748.9,-0.39372,0.388329,0.758842,0.492642
749,-0.43434,0.423688,0.776619,0.548225
749.1,-0.478383,0.456821,0.798921,0.598991
749.2,-0.525633,0.487821,0.825181,0.645675
749.3,-0.575878,0.51674,0.8547,0.688831
749.4,-0.628911,0.543574,0.88666,0.728866
749.5,-0.684521,0.568254,0.92013,0.766065
749.6,-0.742485,0.590633,0.954077,0.800611
749.7,-0.802563,0.61048,0.987368,0.832594
749.8,-0.864486,0.62747,1.01878,0.862026
749.9,-0.927948,0.641181,1.04701,0.888839
750,-0.992596,0.65109,1.07066,0.912898
750.1,-1.05802,0.656569,1.08833,0.933987
750.2,-1.12374,0.656893,1.09854,0.951813
750.3,-1.1892,0.651242,1.09987,0.96599
750.4,-1.25376,0.638717,1.09099,0.976028
750.5,-1.31668,0.618363,1.07073,0.981303
750.6,-1.37714,0.5892,1.03822,0.981023
750.7,-1.4342,0.550269,0.993008,0.97417
750.8,-1.48684,0.50069,0.935224,0.959413
750.9,-1.53395,0.43974,0.865756,0.934955
751,-1.57439,0.366943,0.786413,0.898278
751.1,-1.60694,0.282173,0.700065,0.845677
751.2,-1.63043,0.185769,0.610721,0.771322
751.3,-1.64374,0.0786402,0.523505,0.66529
751.4,-1.64586,-0.0376326,0.444482,0.50928
751.5,-1.63598,-0.16074,0.380317,0.270676
751.6,-1.61358,-0.287628,0.337731,0.270676
751.7,-1.57846,-0.414562,0.322803,0.270676
751.8,-1.53081,-0.537262,0.340162,0.270676
751.9,-1.4713,-0.651136,0.392203,0.270676
752,-1.40103,-0.751578,0.478464,0.270676
752.1,-1.32157,-0.834319,0.595315,0.270676
752.2,-1.23488,-0.895788,0.736077,0.270676
752.3,-1.14321,-0.933419,0.891615,0.270676
752.4,-1.04903,-0.945884,1.05132,0.270676
752.5,-0.954874,-0.933187,1.20433,0.270676
752.6,-0.863193,-0.896628,1.34083,0.270676
752.7,-0.776264,-0.83863,1.45307,0.270676
752.8,-0.696073,-0.762471,1.53607,0.270676
752.9,-0.624249,-0.671953,1.5879,0.270676
753,-0.562028,-0.571073,1.60947,0.270676
753.1,-0.51025,-0.463714,1.60408,0.270676
753.2,-0.469383,-0.353407,1.57664,0.270676
753.3,-0.439565,-0.24317,1.53304,0.270676
753.4,-0.420665,-0.135412,1.47936,0.270676
753.5,-0.41234,-0.0319241,1.42142,0.270676
753.6,-0.414098,0.0660964,1.36432,0.270676
753.7,-0.425354,0.157974,1.31229,0.297051
753.8,-0.445479,0.243466,1.26857,0.409817
753.9,-0.473837,0.322671,1.23544,0.506241
754,-0.509815,0.395933,1.21429,0.589487
754.1,-0.552843,0.463754,1.20578,0.662409
754.2,-0.602404,0.526726,1.20993,0.727299
754.3,-0.658047,0.585463,1.22624,0.785918
754.4,-0.719375,0.640553,1.25386,0.839593
754.5,-0.786053,0.692518,1.2916,0.889314
754.6,-0.857789,0.741783,1.33805,0.935809
754.7,-0.93433,0.788648,1.39163,0.979602
754.8,-1.01544,0.833269,1.45057,1.02106
754.9,-1.10091,0.875644,1.51298,1.06041
755,-1.19049,0.915592,1.57678,1.09779
755.1,-1.28393,0.952745,1.63976,1.13324
755.2,-1.38093,0.986531,1.69951,1.16671
755.3,-1.4811,1.01616,1.75342,1.19809
755.4,-1.58399,1.04062,1.79869,1.22719
755.5,-1.68901,1.05864,1.8323,1.25376
755.6,-1.79545,1.06873,1.85109,1.27745
755.7,-1.90244,1.06915,1.85182,1.29785
755.8,-2.0089,1.05792,1.83131,1.31441
755.9,-2.11356,1.03289,1.78666,1.32647
756,-2.21494,0.991766,1.71554,1.33322
756.1,-2.3113,0.932247,1.61662,1.33358
756.2,-2.4007,0.852139,1.49005,1.32622
756.3,-2.48098,0.749569,1.33801,1.30933
756.4,-2.54982,0.623235,1.16534,1.28041
756.5,-2.60482,0.472708,0.979979,1.23581
756.6,-2.64358,0.298758,0.793198,1.16967
756.7,-2.66386,0.103679,0.619438,1.07145
756.8,-2.66374,-0.108454,0.475492,0.918306
756.9,-2.6418,-0.33166,0.37899,0.644315
757,-2.5973,-0.558136,0.346166,0.644315
757.1,-2.53037,-0.778603,0.389169,0.644315
757.2,-2.44212,-0.982948,0.513382,0.644315
757.3,-2.33466,-1.1611,0.715416,0.644315
757.4,-2.21107,-1.30408,0.98241,0.644315
757.5,-2.07525,-1.40497,1.29309,0.644315
757.6,-1.93162,-1.45969,1.62052,0.644315
757.7,-1.78488,-1.46748,1.93607,0.644315
757.8,-1.63961,-1.43078,2.2136,0.644315
757.9,-1.50003,-1.35482,2.43304,0.644315
758,-1.36972,-1.24683,2.58248,0.644315
758.1,-1.25146,-1.11512,2.6586,0.644315
758.2,-1.1472,-0.968178,2.66564,0.644315
758.3,-1.05806,-0.813919,2.61336,0.644315
758.4,-0.98443,-0.659183,2.51471,0.644315
758.5,-0.926059,-0.509455,2.38357,0.644315
758.6,-0.882235,-0.368809,2.23309,0.644315
758.7,-0.851901,-0.240001,2.07453,0.644315
758.8,-0.833784,-0.124664,1.9167,0.644315
758.9,-0.826494,-0.023541,1.76591,0.644315
759,-0.828599,0.0632745,1.62609,0.407304
759.1,-0.838683,0.136124,1.4992,0.481328
759.2,-0.855378,0.195604,1.38566,0.540478
759.3,-0.877382,0.242424,1.28471,0.586966
759.4,-0.903465,0.277306,1.19489,0.622588
759.5,-0.932467,0.300919,1.11426,0.648621
759.6,-0.963292,0.31384,1.04071,0.66585
759.7,-0.994895,0.316544,0.972187,0.674615
759.8,-1.02627,0.30941,0.906813,0.674838
759.9,-1.05646,0.292745,0.843056,0.666012
760,-1.08451,0.266818,0.779819,0.647154
760.1,-1.10952,0.231905,0.716528,0.616672
760.2,-1.13061,0.188347,0.653189,0.572145
760.3,-1.14692,0.136599,0.590423,0.50992
760.4,-1.15767,0.0772928,0.529462,0.42447
760.5,-1.16215,0.0112858,0.472106,0.307577
760.6,-1.15974,-0.0602915,0.420629,0.307577
760.7,-1.14996,-0.136009,0.377619,0.307577
760.8,-1.13246,-0.21413,0.345768,0.307577
760.9,-1.10712,-0.29263,0.327602,0.307577
761,-1.074,-0.369248,0.32519,0.307577
761.1,-1.03341,-0.441572,0.339841,0.307577
761.2,-0.98591,-0.507151,0.371852,0.307577
761.3,-0.932286,-0.563629,0.420337,0.307577
761.4,-0.873558,-0.608891,0.483177,0.307577
761.5,-0.81094,-0.641205,0.557115,0.307577
761.6,-0.745791,-0.659339,0.638009,0.307577
761.7,-0.679567,-0.662649,0.721187,0.307577
761.8,-0.613756,-0.651111,0.8019,0.307577
761.9,-0.54982,-0.625312,0.875764,0.307577
762,-0.489132,-0.586381,0.939163,0.307577
762.1,-0.43293,-0.535891,0.989539,0.307577
762.2,-0.382277,-0.475725,1.02555,0.307577
762.3,-0.338039,-0.407935,1.04707,0.307577
762.4,-0.300874,-0.334605,1.0551,0.307577
762.5,-0.271236,-0.257728,1.05151,0.307577
762.6,-0.249386,-0.179112,1.03883,0.307577
762.7,-0.23542,-0.100309,1.01994,0.307577
762.8,-0.229289,-0.0225761,0.997841,0.307577
762.9,-0.230837,0.053135,0.975422,0.307577
763,-0.239826,0.126171,0.955328,0.307577
763.1,-0.255969,0.196151,0.939847,0.193611
763.2,-0.27895,0.262935,0.930855,0.306759
763.3,-0.308451,0.32658,0.929813,0.404985
763.4,-0.344168,0.387301,0.937776,0.491168
763.5,-0.385825,0.445428,0.955438,0.567872
763.6,-0.433181,0.50137,0.98317,0.637173
763.7,-0.486041,0.555582,1.02108,0.700694
763.8,-0.544255,0.608534,1.06904,0.759683
763.9,-0.607721,0.66069,1.12678,0.815101
764,-0.676381,0.712483,1.19383,0.86768
764.1,-0.750219,0.7643,1.26965,0.917976
764.2,-0.829253,0.816467,1.35358,0.966408
764.3,-0.913532,0.869236,1.44486,1.01329
764.4,-1.00313,0.922773,1.54264,1.05883
764.5,-1.09811,0.977143,1.64593,1.10319
764.6,-1.19858,1.0323,1.75364,1.14646
764.7,-1.3046,1.08807,1.86448,1.18868
764.8,-1.41621,1.14415,1.97697,1.22985
764.9,-1.53342,1.20004,2.08933,1.26991
765,-1.65619,1.25507,2.1995,1.3088
765.1,-1.78438,1.30836,2.30501,1.34638
765.2,-1.91776,1.35877,2.40294,1.3825
765.3,-2.05599,1.40487,2.48989,1.41694
765.4,-2.19854,1.44491,2.5619,1.44945
765.5,-2.3447,1.47678,2.61448,1.47972
765.6,-2.49354,1.49797,2.64266,1.50736
765.7,-2.64384,1.50556,2.6411,1.53189
765.8,-2.79409,1.49625,2.60438,1.55276
765.9,-2.9424,1.46634,2.5274,1.56925
766,-3.08654,1.4119,2.406,1.58051
766.1,-3.22383,1.3289,2.23785,1.58546
766.2,-3.35124,1.21349,2.02348,1.58273
766.3,-3.46534,1.0624,1.76753,1.57052
766.4,-3.56245,0.873438,1.48003,1.5464
766.5,-3.63875,0.646098,1.17733,1.50689
766.6,-3.69045,0.382228,0.882419,1.44651
766.7,-3.71413,0.0866399,0.624039,1.3555
766.8,-3.70699,-0.232475,0.434248,1.21225
766.9,-3.66723,-0.563486,0.344252,0.943881
767,-3.59438,-0.891798,0.378874,0.943881
767.1,-3.48951,-1.20093,0.550678,0.943881
767.2,-3.35539,-1.47414,0.85533,0.943881
767.3,-3.19639,-1.69643,1.26986,0.943881
767.4,-3.01819,-1.85644,1.75492,0.943881
767.5,-2.82739,-1.94796,2.26094,0.943881
767.6,-2.6309,-1.97056,2.7367,0.943881
767.7,-2.43541,-1.92933,3.13799,0.943881
767.8,-2.24685,-1.8338,3.43405,0.943881
767.9,-2.07005,-1.69629,3.61048,0.943881
768,-1.90854,-1.53019,3.66841,0.943881
768.1,-1.76453,-1.34842,3.62107,0.943881
768.2,-1.639,-1.16233,3.48907,0.943881
768.3,-1.5319,-0.981063,3.29582,0.943881
768.4,-1.4424,-0.811415,3.06391,0.943881
768.5,-1.36908,-0.657936,2.81281,0.943881
768.6,-1.31018,-0.523276,2.5578,0.943881
768.7,-1.26376,-0.40859,2.30982,0.943881
768.8,-1.2278,-0.313939,2.07593,0.943881
768.9,-1.20032,-0.238642,1.86006,0.943881
769,-1.17946,-0.181557,1.66379,0.943881
769.1,-1.16345,-0.141282,1.48718,0.943881
769.2,-1.15069,-0.116294,1.32932,0.943881
769.3,-1.13974,-0.105035,1.18889,0.943881
769.4,-1.12928,-0.105946,1.06448,0.943881
769.5,-1.11819,-0.117483,0.954826,0.943881
769.6,-1.10548,-0.138107,0.85895,0.943881
769.7,-1.09032,-0.16627,0.776194,0.943881
769.8,-1.07203,-0.200402,0.706205,0.943881
769.9,-1.05009,-0.238892,0.648866,0.943881
770,-1.02416,-0.280092,0.604185,0.943881
770.1,-0.994041,-0.322325,0.572169,0.943881
770.2,-0.959717,-0.363908,0.55269,0.943881
770.3,-0.921336,-0.403189,0.545356,0.943881
770.4,-0.879208,-0.438598,0.549418,0.943881
770.5,-0.833793,-0.468696,0.563705,0.943881
770.6,-0.785687,-0.492238,0.586621,0.943881
770.7,-0.735598,-0.508221,0.61619,0.943881
770.8,-0.684319,-0.515933,0.650154,0.943881
770.9,-0.632701,-0.514977,0.686111,0.943881
771,-0.581615,-0.505282,0.72168,0.943881
771.1,-0.531928,-0.487097,0.754664,0.943881
771.2,-0.484461,-0.460958,0.783201,0.943881
771.3,-0.439975,-0.427644,0.80588,0.943881
771.4,-0.39914,-0.388124,0.821808,0.943881
771.5,-0.362521,-0.343489,0.830631,0.943881
771.6,-0.330574,-0.29489,0.832506,0.943881
771.7,-0.303637,-0.243482,0.828031,0.943881
771.8,-0.281934,-0.190366,0.818155,0.943881
771.9,-0.265586,-0.136557,0.804067,0.943881
772,-0.254616,-0.082946,0.787085,0.943881
772.1,-0.248965,-0.0302916,0.768559,0.943881
772.2,-0.248505,0.0207914,0.749781,0.943881
772.3,-0.253055,0.0698271,0.731917,0.943881
772.4,-0.262391,0.116468,0.715963,0.943881
772.5,-0.276261,0.160481,0.702712,0.077403
772.6,-0.294395,0.201726,0.692746,0.166094
772.7,-0.316512,0.24014,0.686426,0.244426
772.8,-0.342328,0.275713,0.683913,0.313681
772.9,-0.37156,0.308469,0.685171,0.375161
773,-0.403929,0.338449,0.689992,0.430017
773.1,-0.439159,0.365693,0.698013,0.479202
773.2,-0.476977,0.390224,0.708736,0.523468
773.3,-0.517113,0.412037,0.721545,0.563394
773.4,-0.559293,0.431088,0.735723,0.599404
773.5,-0.603236,0.447283,0.75047,0.631788
773.6,-0.648649,0.460476,0.764919,0.660723
773.7,-0.695224,0.470458,0.778146,0.68628
773.8,-0.742625,0.47696,0.789197,0.708434
773.9,-0.790489,0.479652,0.797102,0.727065
774,-0.838415,0.478144,0.800902,0.741958
774.1,-0.885963,0.471994,0.799683,0.752796
774.2,-0.932644,0.460721,0.792613,0.759144
774.3,-0.977919,0.443816,0.778991,0.76043
774.4,-1.0212,0.420766,0.758306,0.755903
774.5,-1.06185,0.391081,0.730306,0.744588
774.6,-1.09918,0.354326,0.695066,0.72519
774.7,-1.13247,0.310166,0.653069,0.695962
774.8,-1.16096,0.258412,0.605278,0.654471
774.9,-1.1839,0.199071,0.553186,0.597205
775,-1.20053,0.132404,0.498852,0.518892
775.1,-1.21015,0.0589801,0.444882,0.411369
775.2,-1.21213,-0.0202808,0.394359,0.262315
775.3,-1.20595,-0.104074,0.350702,0.262315
775.4,-1.19122,-0.190698,0.317444,0.262315
775.5,-1.16778,-0.278079,0.297953,0.262315
775.6,-1.13566,-0.363819,0.295084,0.262315
775.7,-1.09516,-0.445293,0.310836,0.262315
775.8,-1.04684,-0.519774,0.34602,0.262315
775.9,-0.991527,-0.584593,0.400039,0.262315
776,-0.930322,-0.637315,0.470791,0.262315
776.1,-0.864536,-0.675905,0.554756,0.262315
776.2,-0.795662,-0.698882,0.647271,0.262315
776.3,-0.725308,-0.705428,0.742955,0.262315
776.4,-0.655128,-0.695439,0.836245,0.262315
776.5,-0.586752,-0.669518,0.921952,0.262315
776.6,-0.521715,-0.628908,0.995754,0.262315
776.7,-0.461402,-0.575369,1.05457,0.262315
776.8,-0.407001,-0.511027,1.09677,0.262315
776.9,-0.359479,-0.438207,1.12216,0.262315
777,-0.319564,-0.359268,1.13188,0.262315
777.1,-0.287754,-0.276463,1.12814,0.262315
777.2,-0.264332,-0.191821,1.11389,0.262315
777.3,-0.249393,-0.107073,1.09249,0.262315
777.4,-0.242874,-0.0236041,1.06743,0.262315
777.5,-0.244594,0.0575535,1.04205,0.262315
777.6,-0.254285,0.135712,1.01939,0.107922
777.7,-0.271624,0.210497,1.00205,0.238485
777.8,-0.296268,0.281803,0.992164,0.351202
777.9,-0.327872,0.349748,0.991376,0.448909
778,-0.366115,0.414626,1.00087,0.534684
778.1,-0.410709,0.476857,1.02144,0.611175
778.2,-0.461415,0.536951,1.0535,0.680493
778.3,-0.518047,0.595465,1.09722,0.744269
778.4,-0.580475,0.652978,1.15251,0.803754
778.5,-0.648628,0.710059,1.21914,0.859905
778.6,-0.722491,0.767255,1.29672,0.913452
778.7,-0.802099,0.825064,1.3848,0.964951
778.8,-0.887539,0.883932,1.48282,1.01482
778.9,-0.978934,0.944234,1.59018,1.06338
779,-1.07644,1.00627,1.7062,1.11085
779.1,-1.18025,1.07024,1.83013,1.15739
779.2,-1.29056,1.13626,1.96114,1.20312
779.3,-1.40757,1.20433,2.09824,1.24808
779.4,-1.53149,1.27433,2.24029,1.29231
779.5,-1.66249,1.34598,2.38589,1.33579
779.6,-1.80073,1.41883,2.53335,1.37848
779.7,-1.94628,1.49225,2.68059,1.4203
779.8,-2.09917,1.56536,2.82505,1.46114
779.9,-2.2593,1.63699,2.96359,1.50087
780,-2.42646,1.70565,3.09236,1.53931
780.1,-2.60027,1.76947,3.20676,1.57625
780.2,-2.78012,1.82609,3.30131,1.6114
780.3,-2.96515,1.87266,3.36965,1.64445
780.4,-3.1542,1.90574,3.4046,1.675
780.5,-3.34572,1.92128,3.39832,1.70256
780.6,-3.53772,1.9146,3.34275,1.72654
780.7,-3.72772,1.88045,3.2302,1.74624
780.8,-3.9127,1.81315,3.05443,1.76077
780.9,-4.08905,1.70686,2.812,1.76904
781,-4.25259,1.55598,2.50415,1.76969
781.1,-4.39861,1.35583,2.13882,1.76097
781.2,-4.52201,1.10341,1.73277,1.74055
781.3,-4.61753,0.798438,1.31298,1.70517
781.4,-4.68005,0.444374,0.916743,1.64992
781.5,-4.70503,0.0493227,0.589444,1.5663
781.6,-4.68899,-0.37346,0.379418,1.43626
781.7,-4.63002,-0.80579,0.329941,1.201
781.8,-4.52824,-1.22572,0.469548,1.201
781.9,-4.38608,-1.60968,0.803121,1.201
782,-4.20825,-1.93541,1.30687,1.201
782.1,-4.00154,-2.185,1.92975,1.201
782.2,-3.77417,-2.34744,2.60179,1.201
782.3,-3.53506,-2.41997,3.24748,1.201
782.4,-3.293,-2.40798,3.79999,1.201
782.5,-3.05588,-2.32345,4.21212,1.201
782.6,-2.83019,-2.18258,4.46137,1.201
782.7,-2.62065,-2.00317,4.54881,1.201
782.8,-2.43026,-1.80236,4.49341,1.201
782.9,-2.2604,-1.595,4.32471,1.201
783,-2.11109,-1.39286,4.07571,1.201
783.1,-1.98137,-1.20436,3.77763,1.201
783.2,-1.86957,-1.03495,3.45681,1.201
783.3,-1.77364,-0.887523,3.13344,1.201
783.4,-1.6913,-0.763051,2.8217,1.201
783.5,-1.62028,-0.66113,2.53057,1.201
783.6,-1.55837,-0.580441,2.26501,1.201
783.7,-1.50354,-0.519115,2.02708,1.201
783.8,-1.45397,-0.474981,1.81695,1.201
783.9,-1.40805,-0.445746,1.63363,1.201
784,-1.3644,-0.429099,1.47553,1.201
784.1,-1.32189,-0.422777,1.34084,1.201
784.2,-1.27958,-0.424598,1.22767,1.201
784.3,-1.23677,-0.432484,1.13423,1.201
784.4,-1.19294,-0.444472,1.05877,1.201
784.5,-1.1478,-0.458731,0.999593,1.201
784.6,-1.10118,-0.473577,0.954997,1.201
784.7,-1.05311,-0.487491,0.923242,1.201
784.8,-1.00376,-0.49914,0.90251,1.201
784.9,-0.953397,-0.507402,0.8909,1.201
785,-0.902419,-0.51138,0.886445,1.201
785.1,-0.851285,-0.51042,0.887155,1.201
785.2,-0.800513,-0.504111,0.89108,1.201
785.3,-0.750647,-0.492291,0.896381,1.201
785.4,-0.702237,-0.475023,0.901404,1.201
785.5,-0.655815,-0.45258,0.90475,1.201
785.6,-0.611879,-0.425411,0.90532,1.201
785.7,-0.570871,-0.394108,0.902346,1.201
785.8,-0.533172,-0.35936,0.895398,1.201
785.9,-0.499089,-0.32192,0.884361,1.201
786,-0.468852,-0.282564,0.8694,1.201
786.1,-0.442614,-0.242061,0.850906,1.201
786.2,-0.420453,-0.201141,0.829439,1.201
786.3,-0.402377,-0.160477,0.805665,1.201
786.4,-0.388329,-0.120671,0.780294,1.201
786.5,-0.378197,-0.0822448,0.754029,1.201
786.6,-0.37182,-0.045638,0.727524,1.201
786.7,-0.368997,-0.0112112,0.701351,1.201
786.8,-0.369495,0.020749,0.675977,1.201
786.9,-0.373057,0.0500216,0.651752,1.201
787,-0.379404,0.0764414,0.628907,1.201
787.1,-0.388246,0.0998889,0.607555,1.201
787.2,-0.39928,0.12028,0.587703,0.0408348
787.3,-0.412198,0.137558,0.56926,0.0815536
787.4,-0.426686,0.151682,0.552059,0.115892
787.5,-0.442428,0.162624,0.535868,0.144012
787.6,-0.459105,0.170363,0.520413,0.166042
787.7,-0.476394,0.17488,0.505395,0.182036
787.8,-0.493973,0.176158,0.490509,0.191944
787.9,-0.511517,0.174183,0.475461,0.1956
788,-0.5287,0.168945,0.459991,0.192677
788.1,-0.545197,0.160443,0.443886,0.182692
788.2,-0.560681,0.14869,0.426999,0.16496
788.3,-0.574828,0.133723,0.409262,0.13857
788.4,-0.58732,0.115605,0.390702,0.102335
788.5,-0.597847,0.0944412,0.371448,0.0547771
788.6,-0.606112,0.070385,0.351737,-0.00586171
788.7,-0.611835,0.0436472,0.331915,-0.00586171
788.8,-0.614761,0.0145054,0.31243,-0.00586171
788.9,-0.614667,-0.0166893,0.293819,-0.00586171
789,-0.611369,-0.0495081,0.276687,-0.00586171
789.1,-0.604728,-0.0834435,0.261675,-0.00586171
789.2,-0.594662,-0.117912,0.249426,-0.00586171
789.3,-0.58115,-0.152264,0.240541,-0.00586171
789.4,-0.564237,-0.185791,0.23553,-0.00586171
789.5,-0.544044,-0.217754,0.234772,-0.00586171
789.6,-0.520764,-0.247394,0.23847,-0.00586171
789.7,-0.494667,-0.27397,0.246619,-0.00586171
789.8,-0.466095,-0.29678,0.258992,-0.00586171
789.9,-0.435458,-0.315196,0.275135,-0.00586171
790,-0.40322,-0.328687,0.294387,-0.00586171
790.1,-0.369898,-0.33685,0.315915,-0.00586171
790.2,-0.336037,-0.339422,0.338766,-0.00586171
790.3,-0.302204,-0.336295,0.361933,-0.00586171
790.4,-0.268967,-0.327518,0.384425,-0.00586171
790.5,-0.236882,-0.313294,0.405332,-0.00586171
790.6,-0.206478,-0.293963,0.423888,-0.00586171
790.7,-0.178244,-0.269982,0.43952,-0.00586171
790.8,-0.152618,-0.241904,0.451876,-0.00586171
790.9,-0.129979,-0.210344,0.460838,-0.00586171
791,-0.110644,-0.175952,0.466516,-0.00586171
791.1,-0.0948614,-0.139387,0.469226,-0.00586171
791.2,-0.0828175,-0.101287,0.469458,-0.00586171
791.3,-0.0746352,-0.06225,0.467829,-0.00586171
791.4,-0.0703806,-0.0228177,0.465044,-0.00586171
791.5,-0.070069,0.0165375,0.461846,-0.00586171
791.6,-0.0736722,0.0554184,0.45898,-0.00586171
791.7,-0.0811261,0.0935054,0.457153,-0.00586171
791.8,-0.0923386,0.130555,0.45701,-0.00586171
791.9,-0.107197,0.166393,0.459111,-0.146217
792,-0.125573,0.200911,0.463916,-0.0329596
792.1,-0.147333,0.234051,0.471779,0.066056
792.2,-0.172337,0.265802,0.482945,0.152992
792.3,-0.200447,0.296184,0.497551,0.22997
792.4,-0.231529,0.325239,0.515627,0.298803
792.5,-0.265453,0.353022,0.537103,0.360956
792.6,-0.302093,0.379587,0.561816,0.417581
792.7,-0.341331,0.404979,0.589512,0.469574
792.8,-0.383051,0.429228,0.619851,0.517625
792.9,-0.427139,0.452335,0.652414,0.56226
793,-0.473479,0.474266,0.686701,0.603873
793.1,-0.52195,0.494947,0.722138,0.642749
793.2,-0.572422,0.514253,0.75807,0.679082
793.3,-0.624749,0.532007,0.793768,0.712986
793.4,-0.678764,0.547966,0.828426,0.744508
793.5,-0.734273,0.561825,0.861161,0.773633
793.6,-0.791047,0.573206,0.89102,0.800282
793.7,-0.848816,0.581657,0.916983,0.824318
793.8,-0.907263,0.586651,0.93798,0.845541
793.9,-0.966011,0.587588,0.95291,0.863683
794,-1.02462,0.583796,0.960668,0.878401
794.1,-1.08259,0.574544,0.960195,0.889257
794.2,-1.13932,0.559052,0.950534,0.895706
794.3,-1.19416,0.536516,0.930904,0.89706
794.4,-1.24637,0.506138,0.9008,0.892444
794.5,-1.29511,0.467165,0.8601,0.88073
794.6,-1.33949,0.418941,0.809188,0.860425
794.7,-1.37857,0.360974,0.749085,0.829492
794.8,-1.41135,0.293006,0.681562,0.785035
794.9,-1.43684,0.215098,0.609226,0.722723
795,-1.45405,0.127714,0.535551,0.635667
795.1,-1.4621,0.0318009,0.464819,0.512228
795.2,-1.46018,-0.071147,0.40196,0.332553
795.3,-1.4477,-0.179052,0.352247,0.332553
795.4,-1.42429,-0.289261,0.320872,0.332553
795.5,-1.38988,-0.398604,0.312409,0.332553
795.6,-1.34472,-0.503518,0.330222,0.332553
795.7,-1.28945,-0.600234,0.375904,0.332553
795.8,-1.22507,-0.685011,0.448853,0.332553
795.9,-1.15296,-0.754407,0.546077,0.332553
796,-1.0748,-0.805549,0.662309,0.332553
796.1,-0.992526,-0.83637,0.790445,0.332553
796.2,-0.908238,-0.845775,0.922274,0.332553
796.3,-0.824087,-0.833726,1.04937,0.332553
796.4,-0.742177,-0.80121,1.16401,0.332553
796.5,-0.664465,-0.750123,1.26,0.332553
796.6,-0.592685,-0.683065,1.33317,0.332553
796.7,-0.528283,-0.603097,1.38168,0.332553
796.8,-0.472387,-0.513481,1.40589,0.332553
796.9,-0.4258,-0.417442,1.40808,0.332553
797,-0.389013,-0.317963,1.39195,0.332553
797.1,-0.362235,-0.217647,1.36206,0.332553
797.2,-0.34544,-0.118625,1.32335,0.332553
797.3,-0.338412,-0.0225242,1.28064,0.332553
797.4,-0.340799,0.0695212,1.23835,0.332553
797.5,-0.352158,0.156829,1.20028,0.238442
797.6,-0.371997,0.239105,1.16946,0.357595
797.7,-0.399812,0.316376,1.14822,0.459914
797.8,-0.435114,0.388909,1.13812,0.548559
797.9,-0.47745,0.457148,1.14015,0.62649
798,-0.526419,0.521646,1.1547,0.696127
798.1,-0.581675,0.583013,1.18177,0.759351
798.2,-0.642937,0.64187,1.22099,0.817593
798.3,-0.709985,0.698814,1.27172,0.871939
798.4,-0.782655,0.754385,1.3331,0.923202
798.5,-0.860832,0.809043,1.40414,0.971991
798.6,-0.944445,0.863149,1.48368,1.01875
798.7,-1.03345,0.916952,1.57046,1.0638
798.8,-1.12783,0.970567,1.66308,1.10736
798.9,-1.22756,1.02397,1.75999,1.14956
799,-1.33261,1.07696,1.85948,1.19046
799.1,-1.44293,1.12919,1.95962,1.23007
799.2,-1.5584,1.18008,2.05822,1.26835
799.3,-1.67887,1.22885,2.15277,1.30519
799.4,-1.80407,1.27447,2.2404,1.34045
799.5,-1.93362,1.31563,2.3178,1.37393
799.6,-2.06699,1.35072,2.38126,1.40538
799.7,-2.20349,1.37778,2.42659,1.43448
799.8,-2.3422,1.39451,2.44925,1.46085
799.9,-2.48196,1.39823,2.44443,1.48401
800,-2.62132,1.38594,2.40732,1.50337
800.1,-2.7585,1.35428,2.33349,1.51824
800.2,-2.89141,1.29973,2.21944,1.52771
800.3,-3.01757,1.21871,2.06338,1.53069
800.4,-3.13416,1.10784,1.86614,1.52575
800.5,-3.23804,0.964301,1.63224,1.51103
800.6,-3.32586,0.786293,1.37098,1.48394
800.7,-3.39414,0.573551,1.09717,1.44075
800.8,-3.43948,0.327924,0.831335,1.37543
800.9,-3.45878,0.0539029,0.598963,1.27695
801,-3.44956,-0.241029,0.428321,1.11981
801.1,-3.41022,-0.546359,0.346907,0.811459
801.2,-3.34037,-0.848954,0.376726,0.811459
801.3,-3.24102,-1.134,0.529276,0.811459
801.4,-3.11466,-1.38639,0.801507,0.811459
801.5,-2.96528,-1.59249,1.17417,0.811459
801.6,-2.79806,-1.74179,1.6135,0.811459
801.7,-2.61903,-1.82823,2.07619,0.811459
801.8,-2.43455,-1.85092,2.51663,0.811459
801.9,-2.25084,-1.81394,2.89445,0.811459
802,-2.07348,-1.72549,3.18039,0.811459
802.1,-1.90709,-1.59651,3.35933,0.811459
802.2,-1.75512,-1.43914,3.43011,0.811459
802.3,-1.61981,-1.26534,3.40284,0.811459
802.4,-1.50224,-1.08582,3.295,0.811459
802.5,-1.40254,-0.909381,3.12735,0.811459
802.6,-1.32004,-0.742731,2.92054,0.811459
802.7,-1.25351,-0.590506,2.69283,0.811459
802.8,-1.20136,-0.45555,2.4589,0.811459
802.9,-1.16178,-0.339263,2.22949,0.811459
803,-1.13287,-0.241971,2.01174,0.811459
803.1,-1.11276,-0.163255,1.80974,0.811459
803.2,-1.09963,-0.102223,1.62525,0.811459
803.3,-1.09177,-0.0577178,1.45842,0.346796
803.4,-1.08758,-0.0284551,1.30839,0.361258
803.5,-1.08561,-0.0131144,1.17381,0.359822
803.6,-1.08454,-0.0103824,1.05314,0.342299
803.7,-1.08316,-0.0189661,0.945014,0.307756
803.8,-1.08041,-0.0375846,0.848332,0.25443
803.9,-1.07535,-0.0649474,0.762383,0.25443
804,-1.06717,-0.0997271,0.68686,0.25443
804.1,-1.05521,-0.140534,0.621827,0.25443
804.2,-1.03892,-0.185897,0.567634,0.25443
804.3,-1.01793,-0.234255,0.524805,0.25443
804.4,-0.992019,-0.28396,0.493888,0.25443
804.5,-0.961146,-0.333304,0.475296,0.25443
804.6,-0.925428,-0.380553,0.469157,0.25443
804.7,-0.885162,-0.424001,0.475175,0.25443
804.8,-0.840809,-0.462035,0.49254,0.25443
804.9,-0.792984,-0.493205,0.519888,0.25443
805,-0.742437,-0.516293,0.555327,0.25443
805.1,-0.690026,-0.530373,0.596528,0.25443
805.2,-0.636683,-0.534857,0.640878,0.25443
805.3,-0.583382,-0.529521,0.685665,0.25443
805.4,-0.531102,-0.514507,0.728284,0.25443
805.5,-0.480788,-0.490299,0.766439,0.25443
805.6,-0.433323,-0.457682,0.798303,0.25443
805.7,-0.389498,-0.417677,0.822627,0.25443
805.8,-0.349994,-0.371473,0.838793,0.25443
805.9,-0.315367,-0.320352,0.846807,0.25443
806,-0.286044,-0.265615,0.847228,0.25443
806.1,-0.262322,-0.208522,0.841071,0.25443
806.2,-0.244379,-0.150233,0.82968,0.25443
806.3,-0.232281,-0.0917797,0.814595,0.25443
806.4,-0.226,-0.0340337,0.797429,0.25443
806.5,-0.225427,0.022299,0.779756,0.25443
806.6,-0.230394,0.076679,0.763028,0.25443
806.7,-0.240685,0.128722,0.748511,0.25443
806.8,-0.256052,0.178184,0.737245,0.109574
806.9,-0.276231,0.224936,0.73003,0.205465
807,-0.300948,0.268946,0.727415,0.289827
807.1,-0.32993,0.310251,0.729712,0.364386
807.2,-0.362911,0.348936,0.737012,0.430788
807.3,-0.399634,0.38511,0.749203,0.490434
807.4,-0.439853,0.418886,0.765991,0.544459
807.5,-0.483334,0.450367,0.786921,0.593755
807.6,-0.529852,0.479621,0.811398,0.639009
807.7,-0.579185,0.506676,0.838698,0.680736
807.8,-0.631113,0.531503,0.867981,0.719313
807.9,-0.685409,0.554006,0.898306,0.754994
808,-0.741831,0.574012,0.928632,0.787935
808.1,-0.800119,0.591266,0.957832,0.818201
808.2,-0.859981,0.605424,0.984698,0.845776
808.3,-0.921086,0.616048,1.00796,0.870566
808.4,-0.983055,0.622605,1.02628,0.892402
808.5,-1.04545,0.624468,1.03831,0.911034
808.6,-1.10777,0.620924,1.04271,0.926122
808.7,-1.16943,0.611182,1.03821,0.937229
808.8,-1.22977,0.59439,1.02367,0.943793
808.9,-1.28804,0.569664,0.99816,0.945102
809,-1.34341,0.536125,0.961119,0.940242
809.1,-1.39495,0.492945,0.912442,0.928022
809.2,-1.44165,0.439413,0.852646,0.906857
809.3,-1.48247,0.375011,0.78302,0.874563
809.4,-1.51628,0.299501,0.705758,0.827991
809.5,-1.542,0.213027,0.624049,0.762348
809.6,-1.55854,0.116208,0.542095,0.669803
809.7,-1.56494,0.0102371,0.465019,0.536602
809.8,-1.56035,-0.103054,0.398629,0.338203
809.9,-1.54416,-0.22116,0.34902,0.338203
810,-1.51606,-0.34093,0.322021,0.338203
810.1,-1.47605,-0.458652,0.322521,0.338203
810.2,-1.42453,-0.570224,0.353765,0.338203
810.3,-1.36235,-0.67139,0.416714,0.338203
810.4,-1.29074,-0.758034,0.509627,0.338203
810.5,-1.21135,-0.826502,0.627956,0.338203
810.6,-1.12614,-0.873905,0.76464,0.338203
810.7,-1.03733,-0.898366,0.910783,0.338203
810.8,-0.947259,-0.899182,1.05664,0.338203
810.9,-0.85827,-0.876855,1.19271,0.338203
811,-0.772607,-0.833007,1.31081,0.338203
811.1,-0.692301,-0.770196,1.4049,0.338203
811.2,-0.619092,-0.691643,1.47151,0.338203
811.3,-0.554377,-0.600939,1.50989,0.338203
811.4,-0.499187,-0.501746,1.52169,0.338203
811.5,-0.454195,-0.397547,1.51047,0.338203
811.6,-0.419741,-0.29145,1.48107,0.338203
811.7,-0.395881,-0.186058,1.43897,0.338203
811.8,-0.382437,-0.083417,1.38972,0.338203
811.9,-0.379056,0.0149968,1.33848,0.338203
812,-0.385263,0.108232,1.28975,0.199875
812.1,-0.400513,0.1958,1.2472,0.325917
812.2,-0.42423,0.277588,1.21363,0.433873
812.3,-0.455844,0.353782,1.19098,0.526655
812.4,-0.494813,0.424774,1.18043,0.607392
812.5,-0.540643,0.491097,1.1825,0.678752
812.6,-0.592897,0.553353,1.19719,0.742841
812.7,-0.651198,0.61216,1.22405,0.801267
812.8,-0.715234,0.668112,1.26231,0.855245
812.9,-0.784743,0.721738,1.31092,0.905682
813,-0.859518,0.773476,1.36866,0.953249
813.1,-0.939387,0.823653,1.43411,0.998436
813.2,-1.0242,0.872461,1.50572,1.04158
813.3,-1.11384,0.919946,1.5818,1.08292
813.4,-1.20814,0.965985,1.66048,1.12257
813.5,-1.30697,1.01028,1.73974,1.1606
813.6,-1.41013,1.05234,1.81734,1.19698
813.7,-1.51734,1.09145,1.89079,1.23162
813.8,-1.62829,1.12668,1.95734,1.2644
813.9,-1.74251,1.15682,2.01394,1.29509
814,-1.85943,1.18043,2.05726,1.32344
814.1,-1.97832,1.19576,2.08368,1.3491
814.2,-2.09824,1.20078,2.08944,1.37164
814.3,-2.21806,1.19318,2.07072,1.39055
814.4,-2.33637,1.17042,2.02393,1.40518
814.5,-2.45154,1.12976,1.94606,1.41472
814.6,-2.56164,1.06839,1.83517,1.41818
814.7,-2.66444,0.9836,1.691,1.41426
814.8,-2.75749,0.87299,1.51574,1.40128
814.9,-2.83812,0.7348,1.31473,1.37694
815,-2.90351,0.568264,1.09719,1.33794
815.1,-2.95085,0.374029,0.876534,1.27912
815.2,-2.97747,0.154568,0.670261,1.1915
815.3,-2.98107,-0.0854808,0.49895,1.05633
815.4,-2.95992,-0.339138,0.384347,0.820674
815.5,-2.9131,-0.597175,0.34648,0.820674
815.6,-2.8407,-0.848547,0.400147,0.820674
815.7,-2.74401,-1.08121,0.551434,0.820674
815.8,-2.62549,-1.28324,0.795186,0.820674
815.9,-2.48874,-1.44414,1.11429,0.820674
816,-2.33829,-1.55606,1.48134,0.820674
816.1,-2.1793,-1.61477,1.86249,0.820674
816.2,-2.01713,-1.62002,2.22275,0.820674
816.3,-1.85696,-1.57544,2.53139,0.820674
816.4,-1.70347,-1.48784,2.76609,0.820674
816.5,-1.56053,-1.36614,2.91511,0.820674
816.6,-1.43105,-1.22028,2.97729,0.820674
816.7,-1.31695,-1.06006,2.96012,0.820674
816.8,-1.21922,-0.894391,2.87699,0.820674
816.9,-1.13801,-0.730715,2.74415,0.820674
817,-1.07282,-0.574802,2.57812,0.820674
817.1,-1.02265,-0.430763,2.39379,0.820674
817.2,-0.986179,-0.301228,2.20342,0.820674
817.3,-0.961873,-0.187612,2.01619,0.820674
817.4,-0.948109,-0.0904027,1.83828,0.820674
817.5,-0.943251,-0.00943941,1.67334,0.374386
817.6,-0.945699,0.0558559,1.52289,0.436449
817.7,-0.953926,0.106292,1.38698,0.483147
817.8,-0.966492,0.142773,1.2646,0.516167
817.9,-0.982046,0.166212,1.15417,0.53681
818,-0.999329,0.177478,1.05386,0.545844
818.1,-1.01716,0.177377,0.961863,0.543448
818.2,-1.03445,0.16666,0.876592,0.529202
818.3,-1.05017,0.146042,0.79684,0.502
818.4,-1.06335,0.116238,0.721864,0.459898
818.5,-1.07313,0.0780089,0.651443,0.399864
818.6,-1.0787,0.0322024,0.585889,0.31743
818.7,-1.07935,-0.0202007,0.526014,0.206573
818.8,-1.07448,-0.0780507,0.473057,0.206573
818.9,-1.0636,-0.140003,0.428562,0.206573
819,-1.04639,-0.204509,0.394221,0.206573
819.1,-1.02268,-0.269827,0.37167,0.206573
819.2,-0.992464,-0.334055,0.362273,0.206573
819.3,-0.955968,-0.395187,0.366906,0.206573
819.4,-0.913598,-0.451196,0.385761,0.206573
819.5,-0.865965,-0.500125,0.418213,0.206573
819.6,-0.813869,-0.540194,0.462759,0.206573
819.7,-0.758272,-0.569904,0.517068,0.206573
819.8,-0.700271,-0.588129,0.578117,0.206573
819.9,-0.641052,-0.594185,0.642432,0.206573
820,-0.581847,-0.587866,0.706378,0.206573
820.1,-0.523883,-0.569449,0.766483,0.206573
820.2,-0.468337,-0.539656,0.819729,0.206573
820.3,-0.416294,-0.499594,0.8638,0.206573
820.4,-0.368714,-0.45066,0.897229,0.206573
820.5,-0.326405,-0.394441,0.919457,0.206573
820.6,-0.290013,-0.332611,0.930795,0.206573
820.7,-0.260015,-0.266826,0.932312,0.206573
820.8,-0.236727,-0.198648,0.925661,0.206573
820.9,-0.220318,-0.129473,0.912892,0.206573
821,-0.210826,-0.0604925,0.89626,0.206573
821.1,-0.208181,0.00733294,0.878048,0.206573
821.2,-0.21223,0.0732777,0.860428,0.206573
821.3,-0.222757,0.136842,0.845356,0.0385972
821.4,-0.239509,0.197731,0.834508,0.161634
821.5,-0.26221,0.25583,0.829238,0.268889
821.6,-0.290583,0.311168,0.830581,0.362517
821.7,-0.324357,0.363894,0.839253,0.445011
821.8,-0.363282,0.414235,0.855687,0.518603
821.9,-0.407134,0.462475,0.880055,0.585118
822,-0.455717,0.508925,0.912306,0.645997
822.1,-0.508869,0.553896,0.952196,0.702357
822.2,-0.566457,0.597683,0.999315,0.755058
822.3,-0.628375,0.640546,1.05311,0.804756
822.4,-0.694542,0.682688,1.1129,0.851947
822.5,-0.764894,0.72425,1.17787,0.896998
822.6,-0.839375,0.765288,1.2471,0.940173
822.7,-0.917933,0.805766,1.31954,0.98165
822.8,-1.0005,0.845542,1.39398,1.02153
822.9,-1.08701,0.884353,1.46909,1.05987
823,-1.17733,0.921801,1.54331,1.09664
823.1,-1.27131,0.957339,1.6149,1.13178
823.2,-1.36871,0.990253,1.6819,1.16518
823.3,-1.46924,1.01965,1.74207,1.19668
823.4,-1.57249,1.04442,1.79293,1.22605
823.5,-1.67793,1.06326,1.83173,1.25302
823.6,-1.78489,1.07463,1.85552,1.27724
823.7,-1.89254,1.07676,1.8612,1.29829
823.8,-1.99987,1.06766,1.84567,1.31564
823.9,-2.10563,1.04517,1.80602,1.32865
824,-2.20838,1.00696,1.73985,1.33651
824.1,-2.30642,0.950681,1.64564,1.33823
824.2,-2.39783,0.87408,1.52326,1.3325
824.3,-2.48049,0.775177,1.37454,1.31763
824.4,-2.55208,0.652522,1.20383,1.29127
824.5,-2.61018,0.505488,1.01858,1.25003
824.6,-2.65238,0.334603,0.829573,1.18861
824.7,-2.67637,0.141875,0.650872,1.09766
824.8,-2.68015,-0.0689257,0.499117,0.957773
824.9,-2.66217,-0.292112,0.392122,0.716073
825,-2.62156,-0.520123,0.346733,0.716073
825.1,-2.55829,-0.743821,0.376152,0.716073
825.2,-2.47328,-0.953094,0.487181,0.716073
825.3,-2.36849,-1.13771,0.678012,0.716073
825.4,-2.24687,-1.28834,0.937259,0.716073
825.5,-2.11221,-1.39758,1.24471,0.716073
825.6,-1.96889,-1.46082,1.57385,0.716073
825.7,-1.82163,-1.4767,1.89574,0.716073
825.8,-1.67507,-1.44718,2.18327,0.716073
825.9,-1.53354,-1.3771,2.41498,0.716073
826,-1.40077,-1.2735,2.5774,0.716073
826.1,-1.27969,-1.14464,2.66583,0.716073
826.2,-1.1724,-0.9991,2.68344,0.716073
826.3,-1.08015,-0.844995,2.63935,0.716073
826.4,-1.00344,-0.689414,2.54626,0.716073
826.5,-0.942124,-0.53811,2.4182,0.716073
826.6,-0.895534,-0.395406,2.26861,0.716073
826.7,-0.862656,-0.264277,2.1092,0.716073
826.8,-0.842232,-0.146527,1.94928,0.716073
826.9,-0.832875,-0.0430269,1.79556,0.716073
827,-0.833145,0.0460426,1.65236,0.391691
827.1,-0.841612,0.120972,1.52195,0.468027
827.2,-0.856887,0.182332,1.40495,0.529068
827.3,-0.877649,0.230829,1.30077,0.57705
827.4,-0.902649,0.267196,1.20803,0.613836
827.5,-0.930707,0.292122,1.12484,0.640773
827.6,-0.960712,0.306208,1.04914,0.658709
827.7,-0.991604,0.309958,0.978849,0.668034
827.8,-1.02237,0.303778,0.912078,0.668711
827.9,-1.05204,0.288001,0.847265,0.660268
828,-1.07966,0.262918,0.783276,0.64175
828.1,-1.10432,0.228828,0.719492,0.6116
828.2,-1.12514,0.186085,0.655869,0.567432
828.3,-1.14127,0.135154,0.592971,0.505647
828.4,-1.15192,0.0766708,0.53197,0.420809
828.5,-1.15638,0.0114916,0.474606,0.304857
828.6,-1.15403,-0.0592621,0.423086,0.304857
828.7,-1.14439,-0.134175,0.379939,0.304857
828.8,-1.12711,-0.21153,0.347801,0.304857
828.9,-1.10207,-0.289328,0.329159,0.304857
829,-1.06931,-0.365335,0.326054,0.304857
829.1,-1.02914,-0.437168,0.339796,0.304857
829.2,-0.982094,-0.502401,0.370706,0.304857
829.3,-0.928956,-0.558697,0.417944,0.304857
829.4,-0.870723,-0.603956,0.47946,0.304857
829.5,-0.808591,-0.636448,0.552081,0.304857
829.6,-0.743901,-0.654937,0.63175,0.304857
829.7,-0.678093,-0.658759,0.713879,0.304857
829.8,-0.61264,-0.647866,0.793779,0.304857
829.9,-0.548992,-0.622812,0.867109,0.304857
830,-0.488514,-0.584689,0.930264,0.304857
830.1,-0.432439,-0.535035,0.980671,0.304857
830.2,-0.38183,-0.475698,1.01695,0.304857
830.3,-0.337555,-0.408701,1.03892,0.304857
830.4,-0.300276,-0.336105,1.0475,0.304857
830.5,-0.270454,-0.25989,1.04452,0.304857
830.6,-0.248359,-0.181854,1.03243,0.304857
830.7,-0.234092,-0.103546,1.01406,0.304857
830.8,-0.227616,-0.0262304,0.992369,0.304857
830.9,-0.228781,0.0491345,0.970222,0.304857
831,-0.237356,0.121884,0.950247,0.304857
831.1,-0.253057,0.191624,0.934722,0.183226
831.2,-0.275575,0.258201,0.925529,0.297321
831.3,-0.304593,0.321658,0.924133,0.396348
831.4,-0.339809,0.382198,0.931603,0.483174
831.5,-0.380946,0.440139,0.948643,0.56038
831.6,-0.427764,0.495881,0.975641,0.630068
831.7,-0.480064,0.549868,1.01271,0.693882
831.8,-0.537694,0.602565,1.05975,0.753089
831.9,-0.600549,0.654429,1.11648,0.808664
832,-0.668566,0.705887,1.18245,0.861349
832.1,-0.741726,0.757325,1.25713,0.91171
832.2,-0.820042,0.809065,1.33985,0.960173
832.3,-0.903557,0.861357,1.42987,1.00705
832.4,-0.992337,0.914366,1.52632,1.05258
832.5,-1.08646,0.968158,1.62824,1.0969
832.6,-1.18599,1.02269,1.73452,1.14011
832.7,-1.29101,1.07778,1.84389,1.18225
832.8,-1.40156,1.13313,1.95486,1.22332
832.9,-1.51763,1.18826,2.06568,1.26328
833,-1.63918,1.24249,2.17429,1.30205
833.1,-1.76607,1.29495,2.27825,1.3395
833.2,-1.89807,1.3445,2.37467,1.37547
833.3,-2.03483,1.38974,2.46019,1.40976
833.4,-2.17582,1.42894,2.53091,1.4421
833.5,-2.32035,1.46,2.58239,1.47218
833.6,-2.46747,1.48046,2.60976,1.49962
833.7,-2.61599,1.48744,2.60777,1.52394
833.8,-2.7644,1.47766,2.57111,1.54458
833.9,-2.91084,1.44752,2.4948,1.56082
834,-3.05309,1.39313,2.37479,1.57181
834.1,-3.18853,1.31055,2.20884,1.57646
834.2,-3.31414,1.19601,1.99751,1.5734
834.3,-3.42656,1.0463,1.74543,1.56082
834.4,-3.52215,0.859307,1.46248,1.53627
834.5,-3.59716,0.634553,1.16471,1.49622
834.6,-3.64786,0.37388,0.874693,1.43514
834.7,-3.67089,0.0820353,0.620578,1.34307
834.8,-3.6635,-0.232923,0.433771,1.19789
834.9,-3.62391,-0.559566,0.344854,0.924138
835,-3.55167,-0.883555,0.378197,0.924138
835.1,-3.44783,-1.1887,0.54624,0.924138
835.2,-3.31511,-1.45853,0.84494,0.924138
835.3,-3.1578,-1.67828,1.25204,0.924138
835.4,-2.9815,-1.8367,1.7292,0.924138
835.5,-2.79271,-1.9276,2.22795,0.924138
835.6,-2.59826,-1.95043,2.69801,0.924138
835.7,-2.40474,-1.91011,3.09575,0.924138
835.8,-2.21804,-1.81591,3.39062,0.924138
835.9,-2.04295,-1.67991,3.56799,0.924138
836,-1.88301,-1.51531,3.62855,0.924138
836.1,-1.74042,-1.33487,3.58495,0.924138
836.2,-1.61618,-1.14982,3.45725,0.924138
836.3,-1.5103,-0.9693,3.26843,0.924138
836.4,-1.42194,-0.800074,3.04076,0.924138
836.5,-1.34975,-0.646724,2.79353,0.924138
836.6,-1.29198,-0.51194,2.54194,0.924138
836.7,-1.2467,-0.396925,2.29691,0.924138
836.8,-1.21193,-0.301789,2.06554,0.924138
836.9,-1.1857,-0.225898,1.85178,0.924138
837,-1.16615,-0.168153,1.65726,0.924138
837.1,-1.15151,-0.127194,1.48205,0.924138
837.2,-1.1402,-0.101542,1.32525,0.924138
837.3,-1.13074,-0.0896754,1.18555,0.924138
837.4,-1.12185,-0.0900779,1.06151,0.924138
837.5,-1.11237,-0.101245,0.95186,0.924138
837.6,-1.10129,-0.12168,0.855618,0.924138
837.7,-1.08778,-0.149875,0.772126,0.924138
837.8,-1.07111,-0.184292,0.701054,0.924138
837.9,-1.05076,-0.223352,0.642332,0.924138
838,-1.02634,-0.265428,0.596038,0.924138
838.1,-0.997632,-0.308851,0.56228,0.924138
838.2,-0.964583,-0.351935,0.541046,0.924138
838.3,-0.927312,-0.393008,0.532079,0.924138
838.4,-0.886102,-0.430461,0.534766,0.924138
838.5,-0.84139,-0.462804,0.548063,0.924138
838.6,-0.793755,-0.488725,0.570481,0.924138
838.7,-0.743896,-0.507144,0.600113,0.924138
838.8,-0.692603,-0.517267,0.634728,0.924138
838.9,-0.640735,-0.518615,0.671906,0.924138
839,-0.589178,-0.51104,0.7092,0.924138
839.1,-0.538819,-0.494723,0.744309,0.924138
839.2,-0.490509,-0.47015,0.775243,0.924138
839.3,-0.44504,-0.438063,0.800445,0.924138
839.4,-0.403115,-0.399413,0.818883,0.924138
839.5,-0.36534,-0.35529,0.830074,0.924138
839.6,-0.332201,-0.306861,0.834072,0.924138
839.7,-0.304071,-0.255306,0.831403,0.924138
839.8,-0.281206,-0.201763,0.822975,0.924138
839.9,-0.26375,-0.147285,0.80997,0.924138
840,-0.251749,-0.0928085,0.793727,0.924138
840.1,-0.245161,-0.0391315,0.775636,0.924138
840.2,-0.243874,0.0130933,0.757049,0.924138
840.3,-0.247715,0.0633574,0.739201,0.924138
840.4,-0.256468,0.111287,0.72316,0.924138
840.5,-0.269886,0.15663,0.709792,0.0673986
840.6,-0.287702,0.199233,0.699746,0.159183
840.7,-0.309639,0.239026,0.693451,0.240212
840.8,-0.335413,0.276,0.69112,0.311814
840.9,-0.364745,0.310182,0.692767,0.375363
841,-0.397358,0.341622,0.698226,0.432088
841.1,-0.43298,0.370371,0.707166,0.483007
841.2,-0.471344,0.396468,0.719114,0.528929
841.3,-0.512186,0.419923,0.73347,0.570479
841.4,-0.55524,0.440708,0.749528,0.608122
841.5,-0.600236,0.458746,0.76649,0.642185
841.6,-0.646893,0.473905,0.783479,0.672877
841.7,-0.694914,0.485987,0.799554,0.700301
841.8,-0.74398,0.494734,0.81373,0.724463
841.9,-0.793739,0.499817,0.82499,0.745281
842,-0.843808,0.500843,0.832316,0.762578
842.1,-0.893758,0.497358,0.834709,0.776083
842.2,-0.943112,0.488857,0.831232,0.785418
842.3,-0.991344,0.474796,0.821055,0.790083
842.4,-1.03787,0.454611,0.803513,0.789423
842.5,-1.08204,0.427743,0.778171,0.782592
842.6,-1.12318,0.393673,0.744907,0.768478
842.7,-1.16052,0.35196,0.70399,0.745599
842.8,-1.1933,0.302288,0.65617,0.711929
842.9,-1.22071,0.244525,0.602748,0.664595
843,-1.24194,0.178778,0.545629,0.599356
843.1,-1.25621,0.105455,0.48734,0.509665
843.2,-1.2628,0.025323,0.430983,0.385151
843.3,-1.26109,-0.0604494,0.380124,0.210518
843.4,-1.25058,-0.150266,0.338598,0.210518
843.5,-1.23097,-0.242103,0.31022,0.210518
843.6,-1.20217,-0.333555,0.298441,0.210518
843.7,-1.16436,-0.421904,0.305949,0.210518
843.8,-1.11799,-0.504255,0.334284,0.210518
843.9,-1.06381,-0.577686,0.383527,0.210518
844,-1.00284,-0.639438,0.452116,0.210518
844.1,-0.936389,-0.687108,0.53685,0.210518
844.2,-0.865953,-0.718828,0.633102,0.210518
844.3,-0.793196,-0.733405,0.735234,0.210518
844.4,-0.719859,-0.730408,0.837149,0.210518
844.5,-0.647689,-0.710191,0.93292,0.210518
844.6,-0.578359,-0.673835,1.01738,0.210518
844.7,-0.513404,-0.623043,1.0866,0.210518
844.8,-0.45416,-0.559976,1.13819,0.210518
844.9,-0.401736,-0.487079,1.17137,0.210518
845,-0.356987,-0.406894,1.18691,0.210518
845.1,-0.320518,-0.321893,1.18683,0.210518
845.2,-0.292693,-0.234343,1.17411,0.210518
845.3,-0.273668,-0.146208,1.15229,0.210518
845.4,-0.263418,-0.0590901,1.12512,0.210518
845.5,-0.261775,0.025791,1.09629,0.210518
845.6,-0.268473,0.107593,1.06918,0.210518
845.7,-0.283174,0.185822,1.04672,0.215366
845.8,-0.305511,0.260285,1.03134,0.332937
845.9,-0.335108,0.331044,1.0249,0.434486
846,-0.371605,0.398357,1.02878,0.523151
846.1,-0.414678,0.462633,1.04388,0.601755
846.2,-0.464047,0.52438,1.07073,0.672582
846.3,-0.519488,0.584165,1.10951,0.737407
846.4,-0.580835,0.642582,1.16014,0.79759
846.5,-0.647979,0.70022,1.22237,0.85417
846.6,-0.720872,0.757641,1.29575,0.907937
846.7,-0.799517,0.815359,1.37977,0.959493
846.8,-0.883969,0.873831,1.47379,1.00929
846.9,-0.974321,0.933437,1.57712,1.05767
847,-1.0707,0.994474,1.68898,1.10487
847.1,-1.17327,1.05714,1.80852,1.15106
847.2,-1.28219,1.12154,1.93479,1.19636
847.3,-1.39763,1.18763,2.06668,1.24083
847.4,-1.51977,1.25527,2.20292,1.2845
847.5,-1.64873,1.32413,2.34196,1.32734
847.6,-1.78462,1.39372,2.48198,1.3693
847.7,-1.92747,1.46333,2.62073,1.41031
847.8,-2.07725,1.53201,2.7555,1.45025
847.9,-2.2338,1.59851,2.88298,1.48895
848,-2.39683,1.66125,2.99919,1.52624
848.1,-2.56586,1.71825,3.09941,1.56187
848.2,-2.74021,1.76706,3.1781,1.59554
848.3,-2.9189,1.80475,3.22895,1.6269
848.4,-3.10067,1.82781,3.24495,1.65551
848.5,-3.28384,1.83215,3.21867,1.68086
848.6,-3.46632,1.81314,3.14271,1.70228
848.7,-3.64552,1.76566,3.01046,1.71901
848.8,-3.81833,1.6843,2.81717,1.73007
848.9,-3.98107,1.56368,2.56146,1.73425
849,-4.12959,1.39889,2.24704,1.73001
849.1,-4.25925,1.18619,1.88468,1.71534
849.2,-4.36517,0.923809,1.4939,1.68751
849.3,-4.44239,0.612906,1.10383,1.64251
849.4,-4.48629,0.258492,0.75251,1.57391
849.5,-4.49296,-0.129854,0.483837,1.4695
849.6,-4.45967,-0.537769,0.34177,1.29848
849.7,-4.38537,-0.946626,0.362268,0.895995
849.8,-4.27102,-1.33497,0.564422,0.895995
849.9,-4.11979,-1.68079,0.943319,0.895995
850,-3.93695,-1.96434,1.46736,0.895995
850.1,-3.7295,-2.17086,2.08181,0.895995
850.2,-3.50561,-2.2926,2.7183,0.895995
850.3,-3.27381,-2.32964,3.30773,0.895995
850.4,-3.04227,-2.28933,3.79272,0.895995
850.5,-2.8181,-2.18454,4.13613,0.895995
850.6,-2.60697,-2.03137,4.32392,0.895995
850.7,-2.41287,-1.84671,4.36265,0.895995
850.8,-2.23815,-1.64633,4.27369,0.895995
850.9,-2.08368,-1.44356,4.08624,0.895995
851,-1.94917,-1.24873,3.83123,0.895995
851.1,-1.83343,-1.06908,3.53699,0.895995
851.2,-1.7347,-0.909109,3.22683,0.895995
851.3,-1.65087,-0.771091,2.91824,0.895995
851.4,-1.57973,-0.655602,2.62321,0.895995
851.5,-1.51902,-0.562039,2.34914,0.895995
851.6,-1.46663,-0.489026,2.09988,0.895995
851.7,-1.42059,-0.434727,1.87682,0.895995
851.8,-1.37913,-0.397065,1.67977,0.895995
851.9,-1.3407,-0.373869,1.50762,0.895995
852,-1.30395,-0.362957,1.35884,0.895995
852.1,-1.26777,-0.362187,1.23174,0.895995
852.2,-1.23124,-0.369482,1.1247,0.895995
852.3,-1.19367,-0.382842,1.0362,0.895995
852.4,-1.15454,-0.400353,0.964805,0.895995
852.5,-1.11352,-0.420201,0.909136,0.895995
852.6,-1.07047,-0.440684,0.867807,0.895995
852.7,-1.02541,-0.460238,0.839359,0.895995
852.8,-0.978505,-0.477457,0.822209,0.895995
852.9,-0.930042,-0.491126,0.814631,0.895995
853,-0.880432,-0.500244,0.814763,0.895995
853.1,-0.830171,-0.504046,0.820645,0.895995
853.2,-0.779817,-0.50202,0.830284,0.895995
853.3,-0.72997,-0.493909,0.841735,0.895995
853.4,-0.681239,-0.479705,0.853193,0.895995
853.5,-0.634225,-0.459629,0.863077,0.895995
853.6,-0.589495,-0.434106,0.870097,0.895995
853.7,-0.547566,-0.403729,0.873307,0.895995
853.8,-0.508887,-0.369213,0.872122,0.895995
853.9,-0.473834,-0.331357,0.866316,0.895995
854,-0.442699,-0.290999,0.855985,0.895995
854.1,-0.41569,-0.248977,0.841499,0.895995
854.2,-0.392932,-0.206098,0.82344,0.895995
854.3,-0.374474,-0.163114,0.802531,0.895995
854.4,-0.36029,-0.120698,0.77957,0.895995
854.5,-0.350296,-0.0794388,0.755364,0.895995
854.6,-0.344347,-0.0398347,0.73068,0.895995
854.7,-0.34226,-0.00229381,0.706206,0.895995
854.8,-0.343809,0.0328594,0.682513,0.895995
854.9,-0.348744,0.0653752,0.660048,0.895995
855,-0.35679,0.095068,0.63912,0.895995
855.1,-0.367659,0.121804,0.6199,0.0322966
855.2,-0.381049,0.145491,0.602434,0.0870383
855.3,-0.396653,0.166063,0.586647,0.134843
855.4,-0.414156,0.183477,0.572368,0.176039
855.5,-0.433242,0.197695,0.559338,0.210982
855.6,-0.453588,0.208685,0.547236,0.239981
855.7,-0.47487,0.216412,0.535696,0.263257
855.8,-0.49676,0.220836,0.524327,0.280923
855.9,-0.518925,0.221909,0.512734,0.292971
856,-0.541028,0.219579,0.500537,0.299261
856.1,-0.562726,0.213792,0.487396,0.299504
856.2,-0.58367,0.204497,0.473024,0.293247
856.3,-0.603507,0.191652,0.457215,0.279839
856.4,-0.621881,0.175236,0.439857,0.258392
856.5,-0.638435,0.155256,0.420953,0.227725
856.6,-0.652815,0.131765,0.400636,0.186292
856.7,-0.664675,0.104866,0.379177,0.132111
856.8,-0.673681,0.0747357,0.356991,0.0627488
856.9,-0.679522,0.041628,0.334637,0.0627488
857,-0.681919,0.0058906,0.312801,0.0627488
857.1,-0.680628,-0.0320289,0.292276,0.0627488
857.2,-0.675458,-0.071578,0.273926,0.0627488
857.3,-0.66628,-0.1121,0.25864,0.0627488
857.4,-0.653031,-0.152839,0.247274,0.0627488
857.5,-0.635732,-0.19296,0.240591,0.0627488
857.6,-0.61449,-0.23156,0.239191,0.0627488
857.7,-0.589502,-0.267705,0.24345,0.0627488
857.8,-0.561062,-0.300463,0.253472,0.0627488
857.9,-0.529553,-0.328935,0.269053,0.0627488
858,-0.495445,-0.352308,0.28967,0.0627488
858.1,-0.459285,-0.369881,0.314502,0.0627488
858.2,-0.42168,-0.381111,0.342473,0.0627488
858.3,-0.383286,-0.385633,0.372325,0.0627488
858.4,-0.344783,-0.383282,0.402703,0.0627488
858.5,-0.306858,-0.374096,0.432261,0.0627488
858.6,-0.270184,-0.358312,0.459756,0.0627488
858.7,-0.235401,-0.336349,0.48414,0.0627488
858.8,-0.203101,-0.308778,0.504628,0.0627488
858.9,-0.17381,-0.27629,0.520743,0.0627488
859,-0.147981,-0.239658,0.532331,0.0627488
859.1,-0.125989,-0.199694,0.539553,0.0627488
859.2,-0.108126,-0.157214,0.542851,0.0627488
859.3,-0.0946043,-0.113002,0.542901,0.0627488
859.4,-0.0855595,-0.0677842,0.540545,0.0627488
859.5,-0.0810594,-0.0222051,0.536737,0.0627488
859.6,-0.081112,0.0231843,0.532474,0.0627488
859.7,-0.0856749,0.0679347,0.528744,0.0627488
859.8,-0.094666,0.111699,0.52648,0.0627488
859.9,-0.107974,0.154231,0.526525,0.0627488
860,-0.125466,0.195371,0.529604,-0.0188965
860.1,-0.146999,0.235045,0.536313,0.0894378
860.2,-0.172425,0.273241,0.547114,0.184144
860.3,-0.201599,0.310005,0.562328,0.26767
860.4,-0.234381,0.34542,0.582145,0.342167
860.5,-0.270642,0.379597,0.606629,0.409383
860.6,-0.310264,0.41266,0.635729,0.470698
860.7,-0.353141,0.44473,0.669282,0.527184
860.8,-0.39918,0.475922,0.707026,0.579668
860.9,-0.448299,0.506325,0.748602,0.628789
861,-0.500421,0.535996,0.79356,0.675031
861.1,-0.555474,0.56495,0.841358,0.718758
861.2,-0.613386,0.593151,0.891363,0.760233
861.3,-0.674076,0.620502,0.942845,0.799638
861.4,-0.737453,0.646837,0.994972,0.837083
861.5,-0.803402,0.67191,1.0468,0.872618
861.6,-0.871782,0.695391,1.09728,0.906236
861.7,-0.942412,0.716849,1.14521,0.937879
861.8,-1.01507,0.735754,1.18929,0.967434
861.9,-1.08946,0.751459,1.22807,0.99474
862,-1.16523,0.763201,1.25998,1.01958
862.1,-1.24194,0.770093,1.28335,1.04167
862.2,-1.31905,0.771128,1.29645,1.06066
862.3,-1.39593,0.765181,1.29754,1.07611
862.4,-1.47181,0.751028,1.28497,1.08749
862.5,-1.54582,0.727371,1.25729,1.09412
862.6,-1.61693,0.692879,1.21343,1.09516
862.7,-1.68399,0.646249,1.15289,1.08953
862.8,-1.74573,0.586289,1.07599,1.07584
862.9,-1.80077,0.512024,0.984121,1.05217
863,-1.84764,0.422822,0.880004,1.01587
863.1,-1.88483,0.318551,0.767888,0.962935
863.2,-1.91086,0.199733,0.653653,0.886948
863.3,-1.92434,0.0677038,0.544732,0.77644
863.4,-1.92404,-0.0752623,0.449802,0.608256
863.5,-1.90903,-0.225875,0.378172,0.333376
863.6,-1.87875,-0.379844,0.338888,0.333376
863.7,-1.83312,-0.531999,0.339596,0.333376
863.8,-1.7726,-0.676547,0.385316,0.333376
863.9,-1.69826,-0.807446,0.477346,0.333376
864,-1.61176,-0.918881,0.612543,0.333376
864.1,-1.51531,-1.00577,0.783208,0.333376
864.2,-1.41156,-1.06426,0.977702,0.333376
864.3,-1.30348,-1.09208,1.18175,0.333376
864.4,-1.19418,-1.08875,1.38021,0.333376
864.5,-1.08673,-1.05559,1.55899,0.333376
864.6,-0.983962,-0.995494,1.70674,0.333376
864.7,-0.888388,-0.912568,1.81594,0.333376
864.8,-0.802047,-0.811688,1.88341,0.333376
864.9,-0.726477,-0.69802,1.91005,0.333376
865,-0.662701,-0.57659,1.9001,0.333376
865.1,-0.611265,-0.451953,1.86014,0.333376
865.2,-0.572288,-0.327972,1.79794,0.333376
865.3,-0.545546,-0.207704,1.72152,0.333376
865.4,-0.530548,-0.0933931,1.63834,0.333376
865.5,-0.526618,0.013476,1.55484,0.333376
865.6,-0.532967,0.112072,1.47617,0.313075
865.7,-0.548746,0.202089,1.40606,0.423089
865.8,-0.573101,0.283617,1.34697,0.516215
865.9,-0.605198,0.357015,1.30019,0.595489
866,-0.64425,0.422804,1.26603,0.663755
866.1,-0.689525,0.481571,1.24405,0.723315
866.2,-0.74035,0.533895,1.23318,0.775929
866.3,-0.796107,0.580293,1.23192,0.822903
866.4,-0.856225,0.621171,1.23842,0.865184
866.5,-0.920166,0.656796,1.25064,0.903436
866.6,-0.987412,0.687272,1.26633,0.938099
866.7,-1.05745,0.712525,1.28317,0.969432
866.8,-1.12974,0.7323,1.29876,0.99754
866.9,-1.20371,0.746151,1.31067,1.0224
867,-1.27875,0.753453,1.31647,1.04385
867.1,-1.35415,0.753403,1.31383,1.06162
867.2,-1.42915,0.745045,1.30051,1.07532
867.3,-1.50285,0.727296,1.27455,1.0844
867.4,-1.57426,0.698986,1.23434,1.08815
867.5,-1.64226,0.658915,1.17882,1.08563
867.6,-1.70561,0.605933,1.1077,1.07563
867.7,-1.76298,0.539035,1.02168,1.05651
867.8,-1.81293,0.457485,0.922676,1.02599
867.9,-1.85398,0.36096,0.814095,0.980743
868,-1.88463,0.249701,0.700925,0.91561
868.1,-1.90346,0.124679,0.589761,0.821802
868.2,-1.90917,-0.0122681,0.488596,0.682552
868.3,-1.9007,-0.158332,0.406354,0.462296
868.4,-1.87732,-0.309705,0.352133,0.462296
868.5,-1.83874,-0.461651,0.334183,0.462296
868.6,-1.78515,-0.608695,0.358725,0.462296
868.7,-1.71736,-0.74494,0.428788,0.462296
868.8,-1.63672,-0.864493,0.543314,0.462296
868.9,-1.5452,-0.961956,0.696749,0.462296
869,-1.44522,-1.03293,0.879321,0.462296
869.1,-1.3396,-1.07441,1.07801,0.462296
869.2,-1.23136,-1.08511,1.27811,0.462296
869.3,-1.12359,-1.06551,1.46509,0.462296
869.4,-1.0192,-1.01778,1.62636,0.462296
869.5,-0.920851,-0.945453,1.75268,0.462296
869.6,-0.83078,-0.853034,1.8389,0.462296
869.7,-0.750747,-0.745536,1.88408,0.462296
869.8,-0.682006,-0.628025,1.89094,0.462296
869.9,-0.625317,-0.505247,1.86499,0.462296
870,-0.580993,-0.381356,1.81345,0.462296
870.1,-0.548968,-0.259757,1.74418,0.462296
870.2,-0.528877,-0.143045,1.66489,0.462296
870.3,-0.520135,-0.0330357,1.58247,0.462296
870.4,-0.522009,0.0691545,1.50261,0.253145
870.5,-0.533687,0.162991,1.42969,0.372262
870.6,-0.554326,0.248391,1.36675,0.473296
870.7,-0.583092,0.325599,1.31561,0.559046
870.8,-0.619187,0.395069,1.27704,0.632531
870.9,-0.661866,0.457366,1.25096,0.696327
871,-0.710441,0.513082,1.2366,0.752444
871.1,-0.764282,0.562772,1.2327,0.802394
871.2,-0.822811,0.606904,1.2376,0.847288
871.3,-0.885489,0.645821,1.24936,0.88792
871.4,-0.951808,0.679715,1.26586,0.924837
871.5,-1.02127,0.708609,1.28482,0.958388
871.6,-1.09336,0.732343,1.30391,0.988757
871.7,-1.16755,0.750572,1.32068,1.01599
871.8,-1.24327,0.76276,1.33271,1.04001
871.9,-1.31988,0.768191,1.33758,1.06061
872,-1.39665,0.765977,1.33293,1.07748
872.1,-1.47278,0.755079,1.31659,1.09017
872.2,-1.54734,0.734336,1.28663,1.0981
872.3,-1.61928,0.702519,1.24156,1.10049
872.4,-1.68744,0.658384,1.18049,1.09635
872.5,-1.75051,0.600764,1.10339,1.08434
872.6,-1.80711,0.528675,1.0113,1.06268
872.7,-1.85574,0.441447,0.90663,1.02886
872.8,-1.89488,0.33888,0.79333,0.979182
872.9,-1.92302,0.221402,0.67704,0.907735
873,-1.93871,0.0902402,0.565023,0.804162
873.1,-1.94068,-0.0524483,0.46589,0.647905
873.2,-1.92794,-0.203485,0.389023,0.39448
873.3,-1.89984,-0.358666,0.3437,0.39448
873.4,-1.85624,-0.512873,0.337963,0.39448
873.5,-1.79749,-0.660306,0.37737,0.39448
873.6,-1.7246,-0.794852,0.463836,0.39448
873.7,-1.63915,-0.910551,0.594827,0.39448
873.8,-1.5433,-1.00212,0.763146,0.39448
873.9,-1.43967,-1.06545,0.957454,0.39448
874,-1.33124,-1.09801,1.16351,0.39448
874.1,-1.22112,-1.09906,1.36593,0.39448
874.2,-1.11244,-1.06971,1.55015,0.39448
874.3,-1.0081,-1.01268,1.70418,0.39448
874.4,-0.910693,-0.932006,1.81986,0.39448
874.5,-0.822329,-0.832558,1.89337,0.39448
874.6,-0.744633,-0.71955,1.92514,0.39448
874.7,-0.6787,-0.598111,1.91912,0.39448
874.8,-0.625135,-0.472926,1.88173,0.39448
874.9,-0.584105,-0.347997,1.82076,0.39448
875,-0.555419,-0.22652,1.74436,0.39448
875.1,-0.538606,-0.110862,1.66019,0.39448
875.2,-0.532999,-0.00261204,1.57491,0.39448
875.3,-0.537806,0.0973159,1.49386,0.29838
875.4,-0.552172,0.188555,1.421,0.410468
875.5,-0.575229,0.271153,1.35893,0.505304
875.6,-0.606126,0.345442,1.30907,0.585873
875.7,-0.644057,0.411928,1.27182,0.655067
875.8,-0.68827,0.471194,1.2468,0.715258
875.9,-0.738074,0.523822,1.23298,0.768266
876,-0.792831,0.570334,1.22887,0.815446
876.1,-0.851951,0.611147,1.23264,0.857781
876.2,-0.91488,0.646538,1.24222,0.89596
876.3,-0.981082,0.676625,1.25538,0.930443
876.4,-1.05003,0.701349,1.26979,0.961501
876.5,-1.12117,0.720467,1.28305,0.989249
876.6,-1.19392,0.733552,1.29273,1.01366
876.7,-1.26765,0.739997,1.29643,1.03459
876.8,-1.34167,0.739022,1.29184,1.05175
876.9,-1.41518,0.729699,1.27679,1.06475
877,-1.4873,0.710977,1.24936,1.07302
877.1,-1.55703,0.681727,1.20802,1.07583
877.2,-1.62325,0.640797,1.15182,1.07224
877.3,-1.68476,0.587094,1.08054,1.06096
877.4,-1.74021,0.519678,0.994988,1.04032
877.5,-1.78821,0.437887,0.897181,1.00791
877.6,-1.8273,0.341473,0.790569,0.960264
877.7,-1.85603,0.230756,0.680151,0.891888
877.8,-1.87301,0.106778,0.57246,0.793359
877.9,-1.87701,-0.0285695,0.475341,0.646529
878,-1.86701,-0.172447,0.397471,0.413363
878.1,-1.84236,-0.321054,0.347606,0.413363
878.2,-1.8028,-0.469704,0.33358,0.413363
878.3,-1.7486,-0.613019,0.36117,0.413363
878.4,-1.68057,-0.745248,0.432998,0.413363
878.5,-1.60011,-0.860683,0.547697,0.413363
878.6,-1.50916,-0.954136,0.699579,0.413363
878.7,-1.41015,-1.02141,0.878941,0.413363
878.8,-1.30585,-1.05971,1.07305,0.413363
878.9,-1.19922,-1.06788,1.26766,0.413363
879,-1.09326,-1.04649,1.44879,0.413363
879.1,-0.990833,-0.997742,1.60444,0.413363
879.2,-0.894508,-0.925122,1.72586,0.413363
879.3,-0.806457,-0.833052,1.80829,0.413363
879.4,-0.728383,-0.726418,1.85097,0.413363
879.5,-0.661495,-0.610143,1.85669,0.413363
879.6,-0.606522,-0.488831,1.83084,0.413363
879.7,-0.563762,-0.366504,1.78048,0.413363
879.8,-0.533144,-0.246454,1.71325,0.413363
879.9,-0.51431,-0.131187,1.63663,0.413363
880,-0.506688,-0.0224532,1.55729,0.413363
880.1,-0.509566,0.0786773,1.48076,0.256583
880.2,-0.522153,0.171698,1.41129,0.375364
880.3,-0.543632,0.256543,1.35184,0.476183
880.4,-0.573197,0.333465,1.30421,0.561902
880.5,-0.610077,0.402922,1.26916,0.635542
880.6,-0.653552,0.465479,1.24662,0.699659
880.7,-0.702962,0.521732,1.23588,0.756246
880.8,-0.757707,0.572238,1.23571,0.806801
880.9,-0.817234,0.617472,1.24451,0.852428
881,-0.881037,0.657786,1.2604,0.89392
881.1,-0.948634,0.693384,1.2813,0.931827
881.2,-1.01956,0.724302,1.30501,0.966503
881.3,-1.09333,0.750395,1.32918,0.998145
881.4,-1.16947,0.771327,1.3514,1.02681
881.5,-1.24741,0.786575,1.36924,1.05245
881.6,-1.32657,0.795423,1.3802,1.07488
881.7,-1.40625,0.796974,1.38187,1.09383
881.8,-1.48568,0.790167,1.3719,1.10889
881.9,-1.56397,0.773797,1.34818,1.11953
882,-1.64008,0.746564,1.30894,1.12506
882.1,-1.71287,0.707121,1.25294,1.12458
882.2,-1.78105,0.654157,1.17973,1.11693
882.3,-1.84321,0.586499,1.08986,1.10057
882.4,-1.89783,0.503243,0.985223,1.07335
882.5,-1.94333,0.403903,0.869291,1.03221
882.6,-1.97808,0.28859,0.747291,0.972459
882.7,-2.00054,0.158185,0.626258,0.886208
882.8,-2.00927,0.0145107,0.514853,0.758617
882.9,-2.00309,-0.139554,0.422876,0.557579
883,-1.98115,-0.300021,0.360452,0.557579
883.1,-1.94304,-0.461856,0.336904,0.557579
883.2,-1.88893,-0.619175,0.359413,0.557579
883.3,-1.81957,-0.765586,0.431684,0.557579
883.4,-1.73639,-0.894655,0.552881,0.557579
883.5,-1.64142,-1.00045,0.717121,0.557579
883.6,-1.53724,-1.07812,0.913736,0.557579
883.7,-1.42684,-1.12434,1.12836,0.557579
883.8,-1.31347,-1.13766,1.34468,0.557579
883.9,-1.20039,-1.1186,1.54655,0.557579
884,-1.09075,-1.0695,1.72004,0.557579
884.1,-0.987366,-0.994239,1.85497,0.557579
884.2,-0.892612,-0.897742,1.94579,0.557579
884.3,-0.808343,-0.785459,1.99161,0.557579
884.4,-0.735863,-0.66288,1.99561,0.557579
884.5,-0.675939,-0.535117,1.964,0.557579
884.6,-0.628863,-0.406618,1.90476,0.557579
884.7,-0.594519,-0.280996,1.82652,0.557579
884.8,-0.572476,-0.160983,1.7376,0.557579
884.9,-0.562072,-0.0484683,1.64536,0.557579
885,-0.562493,0.0554048,1.5558,0.263094
885.1,-0.572846,0.150104,1.47343,0.379872
885.2,-0.592206,0.235564,1.4013,0.478595
885.3,-0.61966,0.312052,1.34113,0.561992
885.4,-0.654333,0.380039,1.29355,0.633027
885.5,-0.695403,0.440094,1.25828,0.694229
885.6,-0.742107,0.492805,1.23434,0.747567
885.7,-0.793737,0.538705,1.22023,0.794512
885.8,-0.849635,0.578226,1.21408,0.836132
885.9,-0.90918,0.611668,1.21379,0.873175
886,-0.971771,0.639166,1.21708,0.906137
886.1,-1.03681,0.660687,1.22157,0.935305
886.2,-1.1037,0.676016,1.22487,0.960795
886.3,-1.1718,0.684762,1.2246,0.982569
886.4,-1.24042,0.686364,1.21846,1.00045
886.5,-1.30881,0.680111,1.20429,1.01411
886.6,-1.37615,0.665163,1.18016,1.02307
886.7,-1.44152,0.640593,1.14448,1.0267
886.8,-1.50391,0.605432,1.09614,1.02411
886.9,-1.56222,0.558737,1.03468,1.01417
887,-1.61525,0.499673,0.960456,0.995322
887.1,-1.66172,0.427616,0.874863,0.96541
887.2,-1.70033,0.342269,0.780493,0.921324
887.3,-1.72974,0.243792,0.681266,0.858284
887.4,-1.74867,0.132936,0.582443,0.768352
887.5,-1.75596,0.011163,0.490504,0.637026
887.6,-1.75062,-0.11926,0.41281,0.435715
887.7,-1.73192,-0.255222,0.35705,0.435715
887.8,-1.69952,-0.392803,0.330467,0.435715
887.9,-1.65346,-0.527406,0.33893,0.435715
888,-1.5943,-0.653983,0.385981,0.435715
888.1,-1.52311,-0.767365,0.472017,0.435715
888.2,-1.44144,-0.862655,0.593803,0.435715
888.3,-1.35132,-0.935643,0.744482,0.435715
888.4,-1.25516,-0.983186,0.914128,0.435715
888.5,-1.15559,-1.0035,1.09083,0.435715
888.6,-1.05538,-0.996298,1.26212,0.435715
888.7,-0.957211,-0.962787,1.41645,0.435715
888.8,-0.863613,-0.905482,1.54451,0.435715
888.9,-0.776791,-0.827919,1.64014,0.435715
889,-0.698565,-0.734274,1.70066,0.435715
889.1,-0.630324,-0.628983,1.72676,0.435715
889.2,-0.573012,-0.516386,1.72189,0.435715
889.3,-0.527158,-0.400443,1.69147,0.435715
889.4,-0.492921,-0.284544,1.64204,0.435715
889.5,-0.470156,-0.171407,1.58043,0.435715
889.6,-0.45848,-0.0630487,1.51312,0.435715
889.7,-0.457341,0.0391704,1.44581,0.435715
889.8,-0.466083,0.134472,1.38316,0.296299
889.9,-0.483994,0.222555,1.32871,0.409426
890,-0.510355,0.303489,1.2849,0.505772
890.1,-0.544465,0.377608,1.25315,0.588457
890.2,-0.585666,0.445412,1.23406,0.660373
890.3,-0.633356,0.507488,1.22749,0.723863
890.4,-0.686993,0.564438,1.23279,0.78073
890.5,-0.746092,0.616824,1.24884,0.832325
890.6,-0.810222,0.66513,1.2742,0.879647
890.7,-0.878994,0.70972,1.3072,0.923423
890.8,-0.952049,0.750821,1.34596,0.964164
890.9,-1.02904,0.788496,1.38845,1.00221
891,-1.10963,0.822635,1.4325,1.03776
891.1,-1.19344,0.852937,1.47579,1.07091
891.2,-1.28007,0.878905,1.51591,1.10163
891.3,-1.36906,0.899836,1.55031,1.12982
891.4,-1.45984,0.914818,1.57635,1.15528
891.5,-1.55178,0.922729,1.59129,1.17773
891.6,-1.64411,0.922246,1.59243,1.19679
891.7,-1.7359,0.911863,1.57714,1.21195
891.8,-1.8261,0.88992,1.54305,1.22261
891.9,-1.91344,0.854657,1.48824,1.22797
892,-1.99652,0.80429,1.41155,1.22701
892.1,-2.07374,0.737124,1.31293,1.21844
892.2,-2.14334,0.651695,1.19379,1.20052
892.3,-2.20344,0.546956,1.05747,1.17082
892.4,-2.25207,0.422494,0.909532,1.1258
892.5,-2.28729,0.278772,0.75799,1.05987
892.6,-2.30724,0.117367,0.613245,0.963112
892.7,-2.31027,-0.0588256,0.487633,0.815151
892.8,-2.29512,-0.245471,0.394498,0.564548
892.9,-2.26102,-0.436802,0.346773,0.564548
893,-2.20784,-0.625808,0.355167,0.564548
893.1,-2.1362,-0.804624,0.426226,0.564548
893.2,-2.04752,-0.965114,0.560646,0.564548
893.3,-1.94404,-1.09959,0.75229,0.564548
893.4,-1.82869,-1.20158,0.988284,0.564548
893.5,-1.70496,-1.26652,1.25032,0.564548
893.6,-1.5767,-1.2922,1.51703,0.564548
893.7,-1.44782,-1.279,1.76695,0.564548
893.8,-1.3221,-1.22967,1.98139,0.564548
893.9,-1.20293,-1.149,2.14675,0.564548
894,-1.09315,-1.04311,2.25566,0.564548
894.1,-0.994925,-0.918808,2.30708,0.564548
894.2,-0.90977,-0.782896,2.30531,0.564548
894.3,-0.838522,-0.641665,2.25858,0.564548
894.4,-0.781434,-0.500512,2.17723,0.564548
894.5,-0.738272,-0.363758,2.07223,0.564548
894.6,-0.708427,-0.234608,1.95389,0.564548
894.7,-0.691024,-0.115228,1.83107,0.564548
894.8,-0.685013,-0.00689106,1.71079,0.564548
894.9,-0.689258,0.0898405,1.59808,0.374371
895,-0.702593,0.17493,1.49612,0.467751
895.1,-0.723866,0.248694,1.4065,0.545261
895.2,-0.751971,0.311651,1.32951,0.609639
895.3,-0.785856,0.364407,1.26445,0.663292
895.4,-0.824532,0.40756,1.20988,0.708094
895.5,-0.867066,0.441635,1.1639,0.745413
895.6,-0.912571,0.467041,1.12431,0.776191
895.7,-0.960194,0.484048,1.08879,0.801021
895.8,-1.0091,0.492777,1.05504,0.820199
895.9,-1.05847,0.493206,1.02086,0.833768
896,-1.10746,0.485186,0.984269,0.841528
896.1,-1.15522,0.468472,0.9436,0.843034
896.2,-1.20086,0.442754,0.897592,0.837569
896.3,-1.24346,0.407715,0.845484,0.82408
896.4,-1.28208,0.363082,0.787125,0.801069
896.5,-1.31575,0.308698,0.723057,0.766395
896.6,-1.3435,0.244594,0.654605,0.716921
896.7,-1.36436,0.171074,0.583915,0.647856
896.8,-1.37742,0.0887889,0.513949,0.551527
896.9,-1.38186,-0.00118637,0.448398,0.415216
897,-1.37698,-0.0973038,0.391505,0.219475
897.1,-1.36226,-0.197514,0.347767,0.219475
897.2,-1.33742,-0.29928,0.321548,0.219475
897.3,-1.30245,-0.39964,0.316597,0.219475
897.4,-1.25765,-0.495324,0.335547,0.219475
897.5,-1.20366,-0.58292,0.379453,0.219475
897.6,-1.14145,-0.659085,0.447451,0.219475
897.7,-1.07232,-0.72078,0.536634,0.219475
897.8,-0.997857,-0.765497,0.642181,0.219475
897.9,-0.919848,-0.791461,0.757758,0.219475
898,-0.840221,-0.797767,0.876144,0.219475
898.1,-0.76095,-0.784441,0.989999,0.219475
898.2,-0.683957,-0.752409,1.09264,0.219475
898.3,-0.611035,-0.703395,1.17869,0.219475
898.4,-0.543767,-0.639741,1.24458,0.219475
898.5,-0.483483,-0.564193,1.2887,0.219475
898.6,-0.431227,-0.479682,1.31136,0.219475
898.7,-0.387749,-0.389109,1.31456,0.219475
898.8,-0.353517,-0.295172,1.3015,0.219475
898.9,-0.328747,-0.200235,1.27624,0.219475
899,-0.313438,-0.106251,1.24312,0.219475
899.1,-0.307414,-0.0147246,1.20649,0.219475
899.2,-0.310375,0.0732807,1.17033,0.219475
899.3,-0.321931,0.157112,1.13812,0.210355
899.4,-0.341648,0.236473,1.1127,0.331087
899.5,-0.369076,0.311365,1.09626,0.43499
899.6,-0.403779,0.382019,1.09037,0.525154
899.7,-0.445352,0.448839,1.09602,0.604525
899.8,-0.493436,0.512337,1.11372,0.675531
899.9,-0.547728,0.573094,1.14358,0.740067
900,-0.607984,0.631707,1.18539,0.799585
900.1,-0.674018,0.688765,1.23868,0.855188
900.2,-0.745703,0.744812,1.3028,0.907711
900.3,-0.822963,0.800332,1.37694,0.957781
900.4,-0.905765,0.855725,1.46016,1.00587
900.5,-0.994114,0.911294,1.55142,1.0523
900.6,-1.08804,0.96723,1.64957,1.09733
900.7,-1.18757,1.0236,1.75333,1.14112
900.8,-1.29277,1.08033,1.86128,1.18374
900.9,-1.40365,1.1372,1.97179,1.22524
901,-1.5202,1.1938,2.08301,1.2656
901.1,-1.64238,1.24952,2.19279,1.30476
901.2,-1.77005,1.30356,2.29861,1.34261
901.3,-1.903,1.35483,2.39756,1.37902
901.4,-2.04088,1.40197,2.48622,1.41377
901.5,-2.1832,1.44328,2.56066,1.44663
901.6,-2.32927,1.47671,2.6164,1.4773
901.7,-2.4782,1.49982,2.64848,1.50539
901.8,-2.6288,1.50975,2.65157,1.53046
901.9,-2.7796,1.50322,2.62018,1.55195
902,-2.92877,1.47659,2.54911,1.56919
902.1,-3.07412,1.42594,2.43399,1.58133
902.2,-3.21302,1.34722,2.27211,1.58733
902.3,-3.34249,1.23651,2.0635,1.58588
902.4,-3.45915,1.09042,1.81216,1.57525
902.5,-3.55932,0.90654,1.52727,1.55314
902.6,-3.63917,0.684078,1.22431,1.51625
902.7,-3.69489,0.424502,0.925428,1.4595
902.8,-3.72297,0.132177,0.658783,1.37403
902.9,-3.72049,-0.185176,0.456331,1.24106
903,-3.68547,-0.516362,0.349871,1.00246
903.1,-3.61723,-0.8471,0.365632,1.00246
903.2,-3.51661,-1.16102,0.518324,1.00246
903.3,-3.38615,-1.44123,0.806182,1.00246
903.4,-3.23001,-1.67231,1.20872,1.00246
903.5,-3.05373,-1.84223,1.68843,1.00246
903.6,-2.86384,-1.94397,2.19643,1.00246
903.7,-2.66726,-1.97628,2.68097,1.00246
903.8,-2.47076,-1.94356,3.09618,1.00246
903.9,-2.28042,-1.85483,3.40905,1.00246
904,-2.10125,-1.72219,3.60282,1.00246
904.1,-1.93699,-1.55903,3.67666,1.00246
904.2,-1.79003,-1.37845,3.64247,1.00246
904.3,-1.66149,-1.1921,3.52023,1.00246
904.4,-1.55148,-1.00948,3.33329,1.00246
904.5,-1.45923,-0.837715,3.10464,1.00246
904.6,-1.38341,-0.681662,2.85432,1.00246
904.7,-1.32228,-0.54421,2.59827,1.00246
904.8,-1.2739,-0.426692,2.34804,1.00246
904.9,-1.23627,-0.329292,2.1112,1.00246
905,-1.20739,-0.251405,1.89207,1.00246
905.1,-1.18538,-0.19193,1.69253,1.00246
905.2,-1.16844,-0.149483,1.51278,1.00246
905.3,-1.15496,-0.122544,1.35204,1.00246
905.4,-1.14347,-0.109544,1.20901,1.00246
905.5,-1.13264,-0.108914,1.08228,1.00246
905.6,-1.12132,-0.119099,0.970567,1.00246
905.7,-1.10851,-0.13855,0.872839,1.00246
905.8,-1.09336,-0.165713,0.788393,1.00246
905.9,-1.07517,-0.199012,0.71683,1.00246
906,-1.0534,-0.236837,0.657993,1.00246
906.1,-1.0277,-0.277539,0.611863,1.00246
906.2,-0.997856,-0.319443,0.578433,1.00246
906.3,-0.96383,-0.360865,0.557574,1.00246
906.4,-0.925754,-0.400152,0.548908,1.00246
906.5,-0.883923,-0.435726,0.551708,1.00246
906.6,-0.838781,-0.46614,0.564838,1.00246
906.7,-0.79091,-0.490131,0.586736,1.00246
906.8,-0.741003,-0.506679,0.61546,1.00246
906.9,-0.689847,-0.515045,0.648779,1.00246
907,-0.638282,-0.514805,0.684306,1.00246
907.1,-0.587176,-0.505861,0.719662,1.00246
907.2,-0.537393,-0.488432,0.752638,1.00246
907.3,-0.489756,-0.463026,0.781346,1.00246
907.4,-0.445028,-0.430402,0.804339,1.00246
907.5,-0.403885,-0.391506,0.82068,1.00246
907.6,-0.3669,-0.347417,0.829968,1.00246
907.7,-0.334537,-0.299279,0.832313,1.00246
907.8,-0.307141,-0.248241,0.828273,1.00246
907.9,-0.284948,-0.195409,0.818761,1.00246
908,-0.268085,-0.1418,0.804941,1.00246
908.1,-0.256584,-0.0883166,0.788114,1.00246
908.2,-0.250392,-0.0357264,0.769621,1.00246
908.3,-0.249388,0.0153438,0.750753,1.00246
908.4,-0.253394,0.0644063,0.732682,1.00246
908.5,-0.26219,0.111102,0.716414,1.00246
908.6,-0.275527,0.155187,0.702755,0.0660473
908.7,-0.293135,0.196512,0.6923,0.15558
908.8,-0.314735,0.235006,0.685429,0.234682
908.9,-0.340042,0.270653,0.682316,0.304597
909,-0.368771,0.303472,0.682941,0.366623
909.1,-0.400643,0.333501,0.687111,0.421919
909.2,-0.43538,0.360777,0.694477,0.47145
909.3,-0.472707,0.385324,0.704552,0.515985
909.4,-0.512353,0.407139,0.716733,0.556112
909.5,-0.554043,0.426179,0.730315,0.592268
909.6,-0.597494,0.442355,0.74451,0.624753
909.7,-0.642414,0.455525,0.758459,0.653751
909.8,-0.688492,0.465487,0.771252,0.679339
909.9,-0.735396,0.47198,0.781947,0.701498
910,-0.782762,0.47468,0.789584,0.720113
910.1,-0.830193,0.473208,0.793218,0.734974
910.2,-0.87725,0.467134,0.791945,0.745768
910.3,-0.92345,0.455985,0.784944,0.752063
910.4,-0.968261,0.439265,0.771523,0.753289
910.5,-1.0111,0.416472,0.751178,0.748703
910.6,-1.05134,0.387127,0.723654,0.737331
910.7,-1.08829,0.350807,0.689022,0.717886
910.8,-1.12125,0.307184,0.647751,0.688628
910.9,-1.14948,0.256073,0.600776,0.647139
911,-1.17222,0.197484,0.549556,0.589931
911.1,-1.18874,0.131673,0.496098,0.511782
911.2,-1.19833,0.0591968,0.442946,0.404639
911.3,-1.20038,-0.0190425,0.393111,0.256433
911.4,-1.19437,-0.101767,0.349937,0.256433
911.5,-1.17994,-0.187311,0.316882,0.256433
911.6,-1.15688,-0.273642,0.29725,0.256433
911.7,-1.12526,-0.35841,0.293856,0.256433
911.8,-1.08534,-0.439037,0.308681,0.256433
911.9,-1.03768,-0.512847,0.342565,0.256433
912,-0.983086,-0.57721,0.394972,0.256433
912.1,-0.922632,-0.629722,0.463899,0.256433
912.2,-0.857605,-0.668365,0.545958,0.256433
912.3,-0.789471,-0.69166,0.636624,0.256433
912.4,-0.719813,-0.698771,0.730657,0.256433
912.5,-0.650262,-0.689564,0.822611,0.256433
912.6,-0.582426,-0.664599,0.90738,0.256433
912.7,-0.517828,-0.625065,0.980683,0.256433
912.8,-0.457843,-0.572669,1.03944,0.256433
912.9,-0.403654,-0.509483,1.08195,0.256433
913,-0.35623,-0.437786,1.10798,0.256433
913.1,-0.316303,-0.3599,1.11855,0.256433
913.2,-0.284382,-0.278049,1.11578,0.256433
913.3,-0.260758,-0.194247,1.10252,0.256433
913.4,-0.24554,-0.110217,1.08206,0.256433
913.5,-0.238676,-0.0273481,1.05781,0.256433
913.6,-0.239996,0.0533205,1.03307,0.256433
913.7,-0.249243,0.131088,1.01087,0.0941671
913.8,-0.266104,0.205563,0.993784,0.226146
913.9,-0.290241,0.276624,0.983961,0.34013
914,-0.321318,0.344373,0.983055,0.438899
914.1,-0.359015,0.409088,0.992274,0.525532
914.2,-0.403048,0.471179,1.01243,0.602714
914.3,-0.453179,0.531141,1.04397,0.672591
914.4,-0.509224,0.589526,1.08709,0.736822
914.5,-0.571051,0.646906,1.14173,0.796683
914.6,-0.63859,0.703849,1.20769,0.853149
914.7,-0.711825,0.760901,1.2846,0.906964
914.8,-0.790791,0.818564,1.37203,0.958697
914.9,-0.875573,0.877287,1.46945,1.00878
915,-0.966296,0.937454,1.57628,1.05752
915.1,-1.06312,0.999373,1.69188,1.10518
915.2,-1.16624,1.06327,1.81554,1.1519
915.3,-1.27585,1.12926,1.94645,1.1978
915.4,-1.39216,1.19737,2.08367,1.24296
915.5,-1.51539,1.2675,2.22611,1.28739
915.6,-1.64572,1.33941,2.37244,1.33108
915.7,-1.78331,1.41268,2.52105,1.37401
915.8,-1.92828,1.48672,2.66994,1.41609
915.9,-2.08066,1.56069,2.81666,1.45724
916,-2.24038,1.6335,2.95819,1.49731
916.1,-2.40727,1.70372,3.09081,1.53615
916.2,-2.58098,1.76954,3.21007,1.57353
916.3,-2.76096,1.82871,3.31062,1.60921
916.4,-2.94641,1.87846,3.38625,1.64286
916.5,-3.13623,1.91546,3.42984,1.67412
916.6,-3.32894,1.93576,3.4336,1.70252
916.7,-3.52267,1.93476,3.38935,1.72748
916.8,-3.71501,1.90727,3.28913,1.74834
916.9,-3.90305,1.84763,3.12618,1.76425
917,-4.08327,1.74992,2.89621,1.77418
917.1,-4.25157,1.60837,2.59922,1.77682
917.2,-4.40332,1.41797,2.24157,1.77054
917.3,-4.53342,1.17521,1.83809,1.75316
917.4,-4.63658,0.879096,1.4138,1.7217
917.5,-4.70754,0.532208,1.00431,1.67174
917.6,-4.74156,0.141655,0.654178,1.59592
917.7,-4.73482,-0.280294,0.412362,1.47957
917.8,-4.68502,-0.716249,0.324611,1.28095
917.9,-4.59182,-1.14467,0.423821,1.28095
918,-4.45713,-1.54185,0.720561,1.28095
918.1,-4.28526,-1.88472,1.19689,1.28095
918.2,-4.08265,-2.15403,1.80629,1.28095
918.3,-3.85734,-2.33705,2.48086,1.28095
918.4,-3.61827,-2.42926,3.14403,1.28095
918.5,-3.3744,-2.43449,3.72532,1.28095
918.6,-3.13391,-2.36369,4.17238,1.28095
918.7,-2.90367,-2.23257,4.45739,1.28095
918.8,-2.68881,-2.059,4.57706,1.28095
918.9,-2.4927,-1.86053,4.54765,1.28095
919,-2.31702,-1.65272,4.39754,1.28095
919.1,-2.16205,-1.44804,4.15991,1.28095
919.2,-2.027,-1.25565,3.867,1.28095
919.3,-1.91031,-1.08156,3.54649,1.28095
919.4,-1.80996,-0.929145,3.22003,1.28095
919.5,-1.72371,-0.799696,2.90302,1.28095
919.6,-1.64926,-0.693022,2.60548,1.28095
919.7,-1.58438,-0.60793,2.33307,1.28095
919.8,-1.52701,-0.542609,2.08837,1.28095
919.9,-1.47528,-0.494907,1.87182,1.28095
920,-1.42752,-0.462521,1.68261,1.28095
920.1,-1.38234,-0.443114,1.51921,1.28095
920.2,-1.33854,-0.434394,1.37978,1.28095
920.3,-1.29518,-0.434146,1.26241,1.28095
920.4,-1.2515,-0.440263,1.16524,1.28095
920.5,-1.20698,-0.450757,1.08646,1.28095
920.6,-1.16127,-0.463773,1.0243,1.28095
920.7,-1.1142,-0.477608,0.977026,1.28095
920.8,-1.06577,-0.490725,0.942845,1.28095
920.9,-1.01612,-0.501777,0.919914,1.28095
921,-0.965521,-0.509624,0.906313,1.28095
921.1,-0.914334,-0.513354,0.900066,1.28095
921.2,-0.86301,-0.512294,0.899178,1.28095
921.3,-0.81205,-0.506019,0.901696,1.28095
921.4,-0.761987,-0.494343,0.905779,1.28095
921.5,-0.71336,-0.477312,0.909768,1.28095
921.6,-0.666694,-0.455177,0.912253,1.28095
921.7,-0.62248,-0.428369,0.912123,1.28095
921.8,-0.581157,-0.397459,0.908591,1.28095
921.9,-0.543103,-0.363121,0.901203,1.28095
922,-0.508623,-0.326092,0.889819,1.28095
922.1,-0.477949,-0.287137,0.874576,1.28095
922.2,-0.451235,-0.247015,0.855841,1.28095
922.3,-0.428561,-0.206449,0.834149,1.28095
922.4,-0.409937,-0.16611,0.810143,1.28095
922.5,-0.395311,-0.126595,0.784517,1.28095
922.6,-0.384573,-0.0884291,0.757959,1.28095
922.7,-0.377565,-0.0520522,0.731114,1.28095
922.8,-0.374091,-0.0178277,0.704549,1.28095
922.9,-0.373918,0.0139543,0.678729,1.28095
923,-0.376793,0.0430694,0.654006,1.28095
923.1,-0.382438,0.0693491,0.630616,1.28095
923.2,-0.390564,0.0926709,0.608679,1.28095
923.3,-0.40087,0.112949,0.588211,0.0257898
923.4,-0.41305,0.130123,0.569134,0.0661148
923.5,-0.42679,0.144154,0.551291,0.100072
923.6,-0.441775,0.155016,0.534464,0.127793
923.7,-0.457687,0.162687,0.518394,0.149381
923.8,-0.474206,0.167152,0.502795,0.164873
923.9,-0.49101,0.168401,0.487376,0.174208
924,-0.507778,0.166424,0.47186,0.177198
924.1,-0.524187,0.161218,0.455999,0.173516
924.2,-0.539914,0.15279,0.439592,0.162665
924.3,-0.554639,0.141164,0.422504,0.143953
924.4,-0.568042,0.126383,0.404676,0.116459
924.5,-0.579813,0.108521,0.386139,0.0790058
924.6,-0.589647,0.0876931,0.367025,0.0301324
924.7,-0.597258,0.0640592,0.347565,0.0301324
924.8,-0.602373,0.0378375,0.328098,0.0301324
924.9,-0.604748,0.00930979,0.309056,0.0301324
925,-0.60417,-0.0211712,0.290954,0.0301324
925.1,-0.600463,-0.0531786,0.274368,0.0301324
925.2,-0.5935,-0.0862108,0.259906,0.0301324
925.3,-0.583206,-0.119695,0.248173,0.0301324
925.4,-0.569567,-0.152996,0.23973,0.0301324
925.5,-0.552635,-0.185427,0.235048,0.0301324
925.6,-0.532534,-0.216271,0.234469,0.0301324
925.7,-0.509458,-0.244798,0.238165,0.0301324
925.8,-0.483675,-0.270297,0.246114,0.0301324
925.9,-0.455522,-0.292097,0.258079,0.0301324
926,-0.425399,-0.309601,0.273611,0.0301324
926.1,-0.393762,-0.322307,0.292069,0.0301324
926.2,-0.361111,-0.329835,0.31265,0.0301324
926.3,-0.327976,-0.331942,0.334448,0.0301324
926.4,-0.294906,-0.328534,0.356503,0.0301324
926.5,-0.262451,-0.319666,0.377878,0.0301324
926.6,-0.231149,-0.305539,0.397714,0.0301324
926.7,-0.201508,-0.286484,0.415292,0.0301324
926.8,-0.174001,-0.262946,0.430076,0.0301324
926.9,-0.14905,-0.235459,0.441738,0.0301324
927,-0.127021,-0.204614,0.450174,0.0301324
927.1,-0.108219,-0.17104,0.455492,0.0301324
927.2,-0.0928833,-0.135369,0.457999,0.0301324
927.3,-0.0811942,-0.0982169,0.458158,0.0301324
927.4,-0.07327,-0.0601606,0.456559,0.0301324
927.5,-0.0691747,-0.0217232,0.453871,0.0301324
927.6,-0.0689228,0.0166378,0.450801,0.0301324
927.7,-0.0724867,0.0545361,0.448055,0.0301324
927.8,-0.0798041,0.0916595,0.446305,0.0301324
927.9,-0.0907847,0.127768,0.446164,0.0301324
928,-0.105318,0.162688,0.448161,-0.165363
928.1,-0.123279,0.196308,0.452733,-0.05182
928.2,-0.144534,0.228566,0.460215,0.0474997
928.3,-0.168946,0.259444,0.470834,0.134682
928.4,-0.196377,0.288952,0.484716,0.211817
928.5,-0.226692,0.317125,0.501884,0.28071
928.6,-0.259759,0.344006,0.522262,0.342826
928.7,-0.295452,0.36964,0.545685,0.39932
928.8,-0.333647,0.394062,0.571899,0.451092
928.9,-0.374224,0.417293,0.600568,0.498836
929,-0.417065,0.439324,0.631278,0.543081
929.1,-0.462048,0.460116,0.663539,0.584221
929.2,-0.509045,0.479588,0.696784,0.622543
929.3,-0.557917,0.497613,0.730378,0.658239
929.4,-0.608513,0.51401,0.763609,0.691424
929.5,-0.660657,0.528542,0.795697,0.722141
929.6,-0.714149,0.540907,0.825792,0.750369
929.7,-0.768754,0.550737,0.852983,0.776027
929.8,-0.824198,0.557596,0.876302,0.798971
929.9,-0.880158,0.560978,0.894741,0.818989
930,-0.936258,0.560311,0.907275,0.835804
930.1,-0.992064,0.55496,0.91289,0.849056
930.2,-1.04707,0.54424,0.91063,0.858289
930.3,-1.10071,0.527427,0.899654,0.86293
930.4,-1.15233,0.503784,0.879308,0.862254
930.5,-1.20121,0.472588,0.849212,0.855338
930.6,-1.24657,0.433175,0.809369,0.840982
930.7,-1.28756,0.384984,0.760266,0.817588
930.8,-1.32326,0.32762,0.702993,0.782955
930.9,-1.35277,0.260923,0.639337,0.733931
931,-1.37514,0.185043,0.571846,0.665755
931.1,-1.38949,0.100514,0.503839,0.570826
931.2,-1.39499,0.0083241,0.439336,0.436452
931.3,-1.39095,-0.0900305,0.382887,0.242568
931.4,-1.37684,-0.192524,0.339286,0.242568
931.5,-1.35239,-0.296613,0.313171,0.242568
931.6,-1.31757,-0.399304,0.308542,0.242568
931.7,-1.27268,-0.49727,0.328234,0.242568
931.8,-1.21839,-0.587027,0.373444,0.242568
931.9,-1.15567,-0.665151,0.443374,0.242568
932,-1.08585,-0.72852,0.535092,0.242568
932.1,-1.01054,-0.774555,0.643668,0.242568
932.2,-0.931578,-0.801427,0.762586,0.242568
932.3,-0.850928,-0.808201,0.884398,0.242568
932.4,-0.770608,-0.794901,1.00152,0.242568
932.5,-0.692586,-0.762483,1.10705,0.242568
932.6,-0.61869,-0.71272,1.19544,0.242568
932.7,-0.55054,-0.648021,1.26302,0.242568
932.8,-0.48949,-0.571212,1.30813,0.242568
932.9,-0.436601,-0.485303,1.33115,0.242568
933,-0.392633,-0.393269,1.33414,0.242568
933.1,-0.358059,-0.297871,1.32047,0.242568
933.2,-0.33309,-0.201524,1.2943,0.242568
933.3,-0.317719,-0.106216,1.26013,0.242568
933.4,-0.311761,-0.0134728,1.22243,0.242568
933.5,-0.314903,0.0756347,1.1853,0.242568
933.6,-0.326745,0.160455,1.15229,0.221062
933.7,-0.346841,0.240704,1.1263,0.341371
933.8,-0.374733,0.316397,1.10956,0.444845
933.9,-0.409977,0.387786,1.10364,0.534638
934,-0.452161,0.455292,1.10954,0.613712
934.1,-0.500924,0.519453,1.12777,0.684492
934.2,-0.55596,0.580866,1.15842,0.74887
934.3,-0.617026,0.640152,1.20128,0.808289
934.4,-0.68394,0.697913,1.25586,0.863848
934.5,-0.756577,0.754714,1.32149,0.916374
934.6,-0.834867,0.81105,1.39736,0.966491
934.7,-0.918785,0.867335,1.48252,1.01466
934.8,-1.00834,0.923884,1.57593,1.06122
934.9,-1.10358,0.9809,1.67644,1.10641
935,-1.20454,1.03846,1.78277,1.15039
935.1,-1.31129,1.0965,1.89349,1.19324
935.2,-1.42385,1.1548,2.007,1.23499
935.3,-1.54224,1.21297,2.12143,1.27565
935.4,-1.66642,1.27041,2.23464,1.31513
935.5,-1.79627,1.3263,2.34411,1.35335
935.6,-1.93159,1.37957,2.44689,1.39016
935.7,-2.07205,1.42885,2.53952,1.42536
935.8,-2.21717,1.47244,2.61802,1.45872
935.9,-2.36628,1.50826,2.67783,1.48993
936,-2.51848,1.53385,2.71386,1.51864
936.1,-2.67261,1.5463,2.7206,1.54439
936.2,-2.82719,1.54227,2.69236,1.56665
936.3,-2.98039,1.51803,2.62364,1.58475
936.4,-3.12999,1.46953,2.50975,1.59787
936.5,-3.27335,1.39257,2.3476,1.605
936.6,-3.40742,1.28306,2.13685,1.60484
936.7,-3.52876,1.13738,1.88114,1.59576
936.8,-3.6336,0.952882,1.58943,1.57551
936.9,-3.718,0.728533,1.27717,1.54098
937,-3.77802,0.465585,0.966817,1.48739
937.1,-3.80997,0.16825,0.687236,1.40663
937.2,-3.81077,-0.155794,0.471535,1.28194
937.3,-3.77829,-0.495241,0.353042,1.06474
937.4,-3.71169,-0.83552,0.359694,1.06474
937.5,-3.61172,-1.15979,0.507765,1.06474
937.6,-3.48085,-1.45057,0.796532,1.06474
937.7,-3.32327,-1.69173,1.20571,1.06474
937.8,-3.14459,-1.87062,1.69701,1.06474
937.9,-2.95148,-1.97971,2.21993,1.06474
938,-2.75103,-2.01744,2.72057,1.06474
938.1,-2.55023,-1.98815,3.15092,1.06474
938.2,-2.35534,-1.90102,3.47623,1.06474
938.3,-2.17154,-1.76845,3.67868,1.06474
938.4,-2.0027,-1.60424,3.75714,1.06474
938.5,-1.85129,-1.42189,3.72377,1.06474
938.6,-1.71852,-1.23341,3.59922,1.06474
938.7,-1.60449,-1.0486,3.4077,1.06474
938.8,-1.50843,-0.874804,3.17299,1.06474
938.9,-1.42899,-0.716989,2.91587,1.06474
939,-1.3644,-0.578116,2.65281,1.06474
939.1,-1.31269,-0.459532,2.39575,1.06474
939.2,-1.27181,-0.3614,2.15253,1.06474
939.3,-1.23975,-0.283069,1.92761,1.06474
939.4,-1.21458,-0.223378,1.72298,1.06474
939.5,-1.1945,-0.180872,1.53889,1.06474
939.6,-1.17788,-0.153955,1.3746,1.06474
939.7,-1.16325,-0.140978,1.22883,1.06474
939.8,-1.14928,-0.14029,1.10018,1.06474
939.9,-1.13483,-0.150254,0.987358,1.06474
940,-1.11893,-0.169244,0.889325,1.06474
940.1,-1.10074,-0.195631,0.805325,1.06474
940.2,-1.07961,-0.227776,0.734878,1.06474
940.3,-1.05505,-0.26402,0.67771,1.06474
940.4,-1.02672,-0.302681,0.633645,1.06474
940.5,-0.994485,-0.342075,0.602481,1.06474
940.6,-0.95834,-0.380533,0.583869,1.06474
940.7,-0.918463,-0.416446,0.577199,1.06474
940.8,-0.875186,-0.448306,0.581517,1.06474
940.9,-0.828982,-0.47476,0.595488,1.06474
941,-0.780453,-0.494662,0.617396,1.06474
941.1,-0.730299,-0.50712,0.645211,1.06474
941.2,-0.679297,-0.511529,0.676687,1.06474
941.3,-0.628271,-0.507596,0.709502,1.06474
941.4,-0.578056,-0.495341,0.741407,1.06474
941.5,-0.52947,-0.475078,0.770382,1.06474
941.6,-0.483288,-0.447392,0.794763,1.06474
941.7,-0.440213,-0.413081,0.813335,1.06474
941.8,-0.40086,-0.37311,0.825384,1.06474
941.9,-0.365744,-0.328543,0.8307,1.06474
942,-0.335268,-0.28049,0.82954,1.06474
942.1,-0.309726,-0.230047,0.822555,1.06474
942.2,-0.289303,-0.178257,0.810698,1.06474
942.3,-0.274088,-0.126066,0.79512,1.06474
942.4,-0.264076,-0.0743066,0.77707,1.06474
942.5,-0.259188,-0.0236789,0.757802,1.06474
942.6,-0.259283,0.025249,0.738499,1.06474
942.7,-0.264167,0.0720387,0.720213,1.06474
942.8,-0.273609,0.11637,0.703824,1.06474
942.9,-0.287351,0.158025,0.690018,0.0759564
943,-0.30512,0.196871,0.679278,0.160312
943.1,-0.32663,0.232843,0.671881,0.234893
943.2,-0.351592,0.265921,0.667914,0.300834
943.3,-0.379718,0.296114,0.667284,0.359296
943.4,-0.410719,0.323441,0.669739,0.411308
943.5,-0.444311,0.347921,0.674885,0.457723
943.6,-0.480209,0.369552,0.682206,0.499214
943.7,-0.518126,0.388305,0.691084,0.536293
943.8,-0.557772,0.404114,0.700814,0.569326
943.9,-0.598847,0.416869,0.710623,0.598549
944,-0.641038,0.426408,0.71969,0.624088
944.1,-0.684014,0.43252,0.72716,0.645961
944.2,-0.727419,0.434941,0.732169,0.664084
944.3,-0.770869,0.433358,0.733867,0.678274
944.4,-0.813945,0.427415,0.731447,0.688237
944.5,-0.856194,0.416724,0.72418,0.693559
944.6,-0.897118,0.400874,0.711456,0.693685
944.7,-0.936183,0.379456,0.692834,0.687879
944.8,-0.972811,0.352082,0.668094,0.675177
944.9,-1.00639,0.318412,0.637298,0.654295
945,-1.03628,0.278197,0.600848,0.623503
945.1,-1.06181,0.23131,0.559542,0.580397
945.2,-1.08232,0.177791,0.514613,0.521548
945.3,-1.09715,0.117894,0.467753,0.441905
945.4,-1.1057,0.0521269,0.421094,0.333957
945.5,-1.10741,-0.0187089,0.377157,0.187247
945.6,-1.10182,-0.0934963,0.338733,0.187247
945.7,-1.08862,-0.170793,0.30872,0.187247
945.8,-1.06764,-0.248844,0.289902,0.187247
945.9,-1.0389,-0.325627,0.284683,0.187247
946,-1.00263,-0.398923,0.294819,0.187247
946.1,-0.959306,-0.466413,0.321158,0.187247
946.2,-0.909619,-0.525807,0.363446,0.187247
946.3,-0.854486,-0.574981,0.420241,0.187247
946.4,-0.795024,-0.612114,0.488944,0.187247
946.5,-0.732512,-0.635817,0.565978,0.187247
946.6,-0.668338,-0.645229,0.647093,0.187247
946.7,-0.603952,-0.640074,0.727763,0.187247
946.8,-0.540799,-0.620669,0.803615,0.187247
946.9,-0.480265,-0.587886,0.870844,0.187247
947,-0.423623,-0.543069,0.926538,0.187247
947.1,-0.371996,-0.487917,0.968892,0.187247
947.2,-0.32632,-0.424355,0.997277,0.187247
947.3,-0.287338,-0.354399,1.01219,0.187247
947.4,-0.255588,-0.280027,1.01509,0.187247
947.5,-0.231418,-0.203078,1.00818,0.187247
947.6,-0.215004,-0.125172,0.99412,0.187247
947.7,-0.20637,-0.047656,0.975812,0.187247
947.8,-0.205424,0.0284156,0.956155,0.187247
947.9,-0.21198,0.102287,0.937881,0.187247
948,-0.225792,0.173482,0.923426,0.133049
948.1,-0.246579,0.241778,0.914864,0.255919
948.2,-0.27405,0.307169,0.913876,0.362234
948.3,-0.307922,0.369826,0.921754,0.455025
948.4,-0.347934,0.430057,0.939427,0.537168
948.5,-0.393866,0.488274,0.967507,0.611037
948.6,-0.445538,0.544953,1.00633,0.678495
948.7,-0.502822,0.600609,1.05603,0.740983
948.8,-0.565643,0.65577,1.11653,0.799606
948.9,-0.633977,0.710956,1.18765,0.855213
949,-0.707852,0.766665,1.2691,0.908454
949.1,-0.787343,0.823352,1.36052,0.959827
949.2,-0.872569,0.881426,1.46146,1.00971
949.3,-0.963686,0.941235,1.57145,1.05838
949.4,-1.06088,1.00306,1.68995,1.10605
949.5,-1.16437,1.0671,1.81634,1.15287
949.6,-1.27438,1.13348,1.94994,1.19893
949.7,-1.39115,1.2022,2.08991,1.24429
949.8,-1.5149,1.27318,2.23527,1.28897
949.9,-1.64585,1.34618,2.38481,1.33297
950,-1.78419,1.42081,2.53702,1.37624
950.1,-1.93005,1.49652,2.69004,1.41872
950.2,-2.0835,1.57251,2.84152,1.46031
950.3,-2.24452,1.64772,2.98857,1.50089
950.4,-2.41297,1.7208,3.12762,1.54029
950.5,-2.58855,1.79,3.25431,1.57833
950.6,-2.77077,1.85315,3.3634,1.61475
950.7,-2.95889,1.90754,3.44874,1.64925
950.8,-3.15188,1.94993,3.50323,1.68148
950.9,-3.34835,1.9764,3.51897,1.711
951,-3.54648,1.98242,3.48754,1.73727
951.1,-3.74398,1.96278,3.40055,1.75964
951.2,-3.93799,1.91175,3.2505,1.77732
951.3,-4.12508,1.82323,3.03207,1.78933
951.4,-4.30119,1.69118,2.74387,1.79446
951.5,-4.46168,1.51011,2.39051,1.79117
951.6,-4.60143,1.27588,1.98489,1.77747
951.7,-4.71502,0.986686,1.55013,1.75066
951.8,-4.79699,0.644117,1.12048,1.70685
951.9,-4.84226,0.254248,0.740201,1.63984
952,-4.84663,-0.171607,0.459562,1.53805
952.1,-4.80729,-0.616737,0.327646,1.37267
952.2,-4.72335,-1.05979,0.382587,0.992001
952.3,-4.59621,-1.47662,0.641343,0.992001
952.4,-4.42971,-1.84302,1.09218,0.992001
952.5,-4.22999,-2.13799,1.69301,0.992001
952.6,-4.00499,-2.34677,2.37732,0.992001
952.7,-3.76374,-2.46282,3.0665,0.992001
952.8,-3.51546,-2.48835,3.68523,0.992001
952.9,-3.26876,-2.43325,4.17486,0.992001
953,-3.03098,-2.31289,4.50149,0.992001
953.1,-2.80775,-2.14536,4.65711,0.992001
953.2,-2.60287,-1.9489,4.65522,0.992001
953.3,-2.41839,-1.73991,4.52337,0.992001
953.4,-2.25486,-1.53181,4.29535,0.992001
953.5,-2.11166,-1.33457,4.00489,0.992001
953.6,-1.98735,-1.15489,3.68149,0.992001
953.7,-1.87997,-0.996617,3.34856,0.992001
953.8,-1.78726,-0.861403,3.02302,0.992001
953.9,-1.70692,-0.749253,2.71605,0.992001
954,-1.63668,-0.659073,2.43416,0.992001
954.1,-1.57443,-0.58908,2.18047,0.992001
954.2,-1.51826,-0.5371,1.95574,0.992001
954.3,-1.46649,-0.500786,1.75929,0.992001
954.4,-1.41766,-0.477744,1.58963,0.992001
954.5,-1.37057,-0.46562,1.44486,0.992001
954.6,-1.32425,-0.462149,1.32298,0.992001
954.7,-1.27793,-0.465179,1.22196,0.992001
954.8,-1.23106,-0.472694,1.13985,0.992001
954.9,-1.1833,-0.482824,1.07474,0.992001
955,-1.13447,-0.493866,1.02474,0.992001
955.1,-1.08455,-0.504293,0.987937,0.992001
955.2,-1.03367,-0.512781,0.962379,0.992001
955.3,-0.982094,-0.51822,0.946076,0.992001
955.4,-0.930161,-0.519731,0.937009,0.992001
955.5,-0.8783,-0.516678,0.933174,0.992001
955.6,-0.826991,-0.508665,0.932635,0.992001
955.7,-0.776738,-0.495535,0.933591,0.992001
955.8,-0.728053,-0.477351,0.934442,0.992001
955.9,-0.681428,-0.454375,0.933844,0.992001
956,-0.637323,-0.427035,0.93075,0.992001
956.1,-0.596148,-0.395895,0.924433,0.992001
956.2,-0.558249,-0.361609,0.914486,0.992001
956.3,-0.523907,-0.324891,0.900798,0.992001
956.4,-0.493328,-0.286476,0.88352,0.992001
956.5,-0.466644,-0.24709,0.863016,0.992001
956.6,-0.443919,-0.207424,0.8398,0.992001
956.7,-0.425147,-0.168116,0.814484,0.992001
956.8,-0.410265,-0.129735,0.787722,0.992001
956.9,-0.399153,-0.0927767,0.760158,0.992001
957,-0.391648,-0.0576606,0.732391,0.992001
957.1,-0.387548,-0.0247308,0.704944,0.992001
957.2,-0.38662,0.00573788,0.678243,0.992001
957.3,-0.388606,0.0335324,0.652608,0.992001
957.4,-0.393232,0.0584928,0.628248,0.992001
957.5,-0.400206,0.0805035,0.605269,0.992001
957.6,-0.409231,0.0994834,0.583678,0.992001
957.7,-0.42,0.115378,0.563397,0.0366163
957.8,-0.432203,0.128154,0.544281,0.0673229
957.9,-0.445526,0.137789,0.52613,0.0917951
958,-0.459656,0.144272,0.508709,0.110054
958.1,-0.474275,0.147599,0.491767,0.122054
958.2,-0.48907,0.147772,0.475052,0.127659
958.3,-0.503725,0.1448,0.458329,0.126608
958.4,-0.517926,0.138701,0.441398,0.118489
958.5,-0.531362,0.129508,0.424109,0.102728
958.6,-0.543726,0.117271,0.406373,0.0785481
958.7,-0.554717,0.102067,0.388178,0.044954
958.8,-0.564044,0.0840056,0.369596,0.000725878
958.9,-0.571428,0.0632349,0.350788,0.000725878
959,-0.576607,0.0399518,0.332004,0.000725878
959.1,-0.579343,0.0144078,0.313585,0.000725878
959.2,-0.579424,-0.0130855,0.295944,0.000725878
959.3,-0.576673,-0.042152,0.279559,0.000725878
959.4,-0.570956,-0.0723505,0.264942,0.000725878
959.5,-0.562182,-0.103176,0.252618,0.000725878
959.6,-0.550318,-0.134067,0.243085,0.000725878
959.7,-0.535387,-0.164413,0.23678,0.000725878
959.8,-0.517475,-0.19357,0.234043,0.000725878
959.9,-0.496735,-0.220879,0.235083,0.000725878
960,-0.473383,-0.245686,0.239948,0.000725878
960.1,-0.447702,-0.267365,0.248509,0.000725878
960.2,-0.420033,-0.285345,0.260453,0.000725878
960.3,-0.390773,-0.299131,0.275293,0.000725878
960.4,-0.36036,-0.308327,0.29239,0.000725878
960.5,-0.32927,-0.312652,0.310993,0.000725878
960.6,-0.297997,-0.311953,0.330282,0.000725878
960.7,-0.267047,-0.306211,0.349423,0.000725878
960.8,-0.23692,-0.295537,0.367627,0.000725878
960.9,-0.208097,-0.280168,0.384197,0.000725878
961,-0.181031,-0.260449,0.398574,0.000725878
961.1,-0.156137,-0.236818,0.410367,0.000725878
961.2,-0.133781,-0.209781,0.419373,0.000725878
961.3,-0.114276,-0.179888,0.425577,0.000725878
961.4,-0.0978797,-0.147712,0.429145,0.000725878
961.5,-0.084791,-0.113823,0.430398,0.000725878
961.6,-0.075154,-0.0787682,0.429787,0.000725878
961.7,-0.0690592,-0.0430585,0.427853,0.000725878
961.8,-0.0665487,-0.00715306,0.425195,0.000725878
961.9,-0.0676217,0.0285478,0.422431,0.000725878
962,-0.0722402,0.0637074,0.420169,0.000725878
962.1,-0.080336,0.0980533,0.418977,0.000725878
962.2,-0.0918166,0.131375,0.419363,0.000725878
962.3,-0.106572,0.163521,0.421762,-0.177429
962.4,-0.124478,0.194387,0.426517,-0.0682071
962.5,-0.145404,0.223915,0.433884,0.0274932
962.6,-0.169216,0.252079,0.444019,0.111627
962.7,-0.195775,0.278879,0.456989,0.186127
962.8,-0.224946,0.304328,0.472766,0.252659
962.9,-0.256596,0.32845,0.491237,0.312578
963,-0.290593,0.351262,0.512205,0.366953
963.1,-0.326805,0.372773,0.535395,0.416621
963.2,-0.365104,0.392973,0.560458,0.46223
963.3,-0.405355,0.411827,0.586975,0.504244
963.4,-0.447422,0.429269,0.61446,0.543044
963.5,-0.491158,0.445193,0.64236,0.578876
963.6,-0.536405,0.459452,0.670063,0.611902
963.7,-0.582987,0.471851,0.696899,0.642208
963.8,-0.630705,0.482144,0.722143,0.669807
963.9,-0.679335,0.490029,0.74502,0.694644
964,-0.728619,0.495153,0.76472,0.716601
964.1,-0.77826,0.497104,0.780407,0.735489
964.2,-0.827919,0.49542,0.791237,0.751048
964.3,-0.877206,0.489591,0.796388,0.762936
964.4,-0.92568,0.479068,0.795095,0.770715
964.5,-0.972844,0.46328,0.786691,0.773827
964.6,-1.01814,0.441646,0.770669,0.771565
964.7,-1.06096,0.413604,0.746741,0.763025
964.8,-1.10063,0.378643,0.714919,0.747029
964.9,-1.13644,0.336339,0.675591,0.722014
965,-1.16764,0.286404,0.629604,0.685833
965.1,-1.19347,0.228734,0.578326,0.635444
965.2,-1.21314,0.163469,0.523696,0.566338
965.3,-1.22592,0.0910465,0.468227,0.471565
965.4,-1.23113,0.0122552,0.41496,0.340287
965.5,-1.2282,-0.0717284,0.367345,0.340287
965.6,-1.21667,-0.159318,0.329045,0.340287
965.7,-1.19628,-0.248526,0.303666,0.340287
965.8,-1.16699,-0.337005,0.294417,0.340287
965.9,-1.12899,-0.42213,0.303744,0.340287
966,-1.08277,-0.501115,0.332973,0.340287
966.1,-1.02907,-0.571176,0.382029,0.340287
966.2,-0.968915,-0.629699,0.449286,0.340287
966.3,-0.903586,-0.674426,0.531585,0.340287
966.4,-0.834549,-0.703622,0.624455,0.340287
966.5,-0.763416,-0.716202,0.722509,0.340287
966.6,-0.691875,-0.71181,0.819977,0.340287
966.7,-0.621608,-0.69083,0.911281,0.340287
966.8,-0.554227,-0.654339,0.991597,0.340287
966.9,-0.491203,-0.603991,1.05728,0.340287
967,-0.433821,-0.541874,1.10614,0.340287
967.1,-0.383142,-0.470336,1.13751,0.340287
967.2,-0.339987,-0.39181,1.15218,0.340287
967.3,-0.304934,-0.30866,1.1521,0.340287
967.4,-0.278336,-0.223055,1.14014,0.340287
967.5,-0.260342,-0.13687,1.11967,0.340287
967.6,-0.25093,-0.0516391,1.09428,0.340287
967.7,-0.249943,0.0314726,1.06749,0.340287
967.8,-0.257127,0.111659,1.04253,0.340287
967.9,-0.272161,0.188447,1.02222,0.208317
968,-0.294696,0.261653,1.00889,0.325944
968.1,-0.324374,0.33134,1.00436,0.427615
968.2,-0.360855,0.397762,1.00997,0.516462
968.3,-0.403831,0.461316,1.02663,0.595295
968.4,-0.453039,0.5225,1.05486,0.666387
968.5,-0.508271,0.581872,1.09488,0.731505
968.6,-0.569373,0.640018,1.14666,0.792002
968.7,-0.636253,0.697522,1.20998,0.848916
968.8,-0.708875,0.754945,1.28447,0.903036
968.9,-0.787257,0.812806,1.36967,0.954966
969,-0.871466,0.871571,1.46501,1.00516
969.1,-0.961614,0.931635,1.56989,1.05396
969.2,-1.05785,0.993318,1.68361,1.10161
969.3,-1.16034,1.05685,1.80543,1.14829
969.4,-1.26928,1.12236,1.93449,1.19412
969.5,-1.38488,1.18988,2.06982,1.23917
969.6,-1.50732,1.25929,2.21027,1.28347
969.7,-1.63679,1.33036,2.35449,1.32702
969.8,-1.77344,1.40266,2.50082,1.36977
969.9,-1.91735,1.4756,2.64722,1.41166
970,-2.06855,1.54832,2.7912,1.45258
970.1,-2.22697,1.61971,2.92972,1.4924
970.2,-2.3924,1.68833,3.05903,1.53095
970.3,-2.56448,1.75236,3.17467,1.56802
970.4,-2.74264,1.80953,3.27129,1.60335
970.5,-2.92606,1.85707,3.34269,1.6366
970.6,-3.11362,1.89164,3.38185,1.6674
970.7,-3.30383,1.9093,3.38107,1.69528
970.8,-3.49477,1.90547,3.33234,1.71966
970.9,-3.68403,1.87501,3.22797,1.73984
971,-3.86869,1.81233,3.06153,1.75497
971.1,-4.04523,1.71164,2.8292,1.76398
971.2,-4.20957,1.56735,2.53152,1.76555
971.3,-4.35709,1.37464,2.17542,1.75798
971.4,-4.48277,1.1303,1.77632,1.73902
971.5,-4.5814,0.83365,1.35962,1.70557
971.6,-4.64785,0.487607,0.961029,1.65293
971.7,-4.67752,0.0995835,0.624689,1.5732
971.8,-4.66678,-0.317934,0.3985,1.45008
971.9,-4.61352,-0.747498,0.326525,1.23417
972,-4.51759,-1.16772,0.439524,1.23417
972.1,-4.38107,-1.55528,0.745868,1.23417
972.2,-4.20837,-1.88773,1.2259,1.23417
972.3,-4.00599,-2.14655,1.83234,1.23417
972.4,-3.78193,-2.31976,2.49773,1.23417
972.5,-3.54503,-2.4035,3.14709,1.23417
972.6,-3.30408,-2.40204,3.7122,1.23417
972.7,-3.06709,-2.32651,4.14309,1.23417
972.8,-2.84072,-2.19256,4.41391,1.23417
972.9,-2.62994,-2.01782,4.52264,1.23417
973,-2.43794,-1.81951,4.48601,1.23417
973.1,-2.26631,-1.61279,4.33226,1.23417
973.2,-2.11526,-1.40982,4.09401,1.23417
973.3,-1.98392,-1.21946,3.80274,1.23417
973.4,-1.87075,-1.04752,3.48542,1.23417
973.5,-1.7737,-0.897229,3.163,1.23417
973.6,-1.69054,-0.769793,2.85041,1.23417
973.7,-1.61898,-0.664989,2.55724,1.23417
973.8,-1.55682,-0.581622,2.28894,1.23417
973.9,-1.502,-0.517899,2.04792,1.23417
974,-1.45266,-0.471698,1.83455,1.23417
974.1,-1.40715,-0.440753,1.648,1.23417
974.2,-1.36408,-0.422766,1.48675,1.23417
974.3,-1.32224,-0.415476,1.34902,1.23417
974.4,-1.2807,-0.416699,1.23296,1.23417
974.5,-1.23869,-0.424345,1.1368,1.23417
974.6,-1.19568,-0.436437,1.05882,1.23417
974.7,-1.15132,-0.451122,0.997338,1.23417
974.8,-1.10543,-0.466686,0.950715,1.23417
974.9,-1.058,-0.481575,0.91725,1.23417
975,-1.00918,-0.494411,0.895167,1.23417
975.1,-0.959229,-0.504022,0.882601,1.23417
975.2,-0.908516,-0.509459,0.877608,1.23417
975.3,-0.8575,-0.510008,0.878202,1.23417
975.4,-0.806694,-0.505204,0.882415,1.23417
975.5,-0.756645,-0.494831,0.888371,1.23417
975.6,-0.707913,-0.478902,0.894359,1.23417
975.7,-0.661042,-0.457652,0.898909,1.23417
975.8,-0.616546,-0.431496,0.900843,1.23417
975.9,-0.574888,-0.401003,0.899314,1.23417
976,-0.536468,-0.366851,0.893811,1.23417
976.1,-0.501614,-0.329792,0.884152,1.23417
976.2,-0.47058,-0.290606,0.870449,1.23417
976.3,-0.443538,-0.250075,0.853053,1.23417
976.4,-0.420585,-0.208945,0.832502,1.23417
976.5,-0.401746,-0.167912,0.809453,1.23417
976.6,-0.386979,-0.127599,0.784623,1.23417
976.7,-0.376184,-0.0885506,0.758732,1.23417
976.8,-0.369211,-0.0512292,0.732458,1.23417
976.9,-0.365868,-0.0160147,0.706405,1.23417
977,-0.365927,0.0167888,0.68107,1.23417
977.1,-0.369137,0.0469456,0.656837,1.23417
977.2,-0.375222,0.0742785,0.633966,1.23417
977.3,-0.383894,0.0986584,0.612599,1.23417
977.4,-0.394853,0.119994,0.592764,0.0387199
977.5,-0.40779,0.138223,0.574388,0.0815091
977.6,-0.422392,0.153302,0.557316,0.117863
977.7,-0.438344,0.165199,0.541324,0.147962
977.8,-0.455325,0.173891,0.526136,0.171972
977.9,-0.473014,0.179355,0.511449,0.189983
978,-0.491088,0.181571,0.496947,0.201985
978.1,-0.50922,0.18052,0.482321,0.207854
978.2,-0.527082,0.176187,0.46729,0.207317
978.3,-0.544347,0.16856,0.451616,0.199946
978.4,-0.560685,0.157644,0.435124,0.185123
978.5,-0.575767,0.143459,0.417716,0.16201
978.6,-0.589269,0.126056,0.399386,0.129503
978.7,-0.600874,0.105518,0.380231,0.0861991
978.8,-0.610273,0.0819799,0.36046,0.030388
978.9,-0.617176,0.055629,0.340393,0.030388
979,-0.621313,0.02672,0.320461,0.030388
979.1,-0.622445,-0.00441926,0.301191,0.030388
979.2,-0.620369,-0.0373816,0.283191,0.030388
979.3,-0.614924,-0.0716783,0.267118,0.030388
979.4,-0.606007,-0.10674,0.253645,0.030388
979.5,-0.593572,-0.141925,0.243417,0.030388
979.6,-0.577642,-0.176528,0.237006,0.030388
979.7,-0.558311,-0.209797,0.234857,0.030388
979.8,-0.535753,-0.240959,0.237251,0.030388
979.9,-0.510215,-0.269244,0.24426,0.030388
980,-0.482024,-0.293912,0.25573,0.030388
980.1,-0.451576,-0.314291,0.271268,0.030388
980.2,-0.419329,-0.329799,0.290257,0.030388
980.3,-0.385794,-0.339974,0.311888,0.030388
980.4,-0.351522,-0.344499,0.335206,0.030388
980.5,-0.317088,-0.343211,0.359178,0.030388
980.6,-0.283074,-0.336108,0.382762,0.030388
980.7,-0.250055,-0.323352,0.404981,0.030388
980.8,-0.218582,-0.305249,0.424988,0.030388
980.9,-0.189169,-0.282235,0.442123,0.030388
981,-0.162281,-0.254852,0.455949,0.030388
981.1,-0.138324,-0.223716,0.466271,0.030388
981.2,-0.117641,-0.189488,0.473134,0.030388
981.3,-0.100507,-0.152843,0.476806,0.030388
981.4,-0.0871306,-0.114445,0.477746,0.030388
981.5,-0.0776554,-0.0749207,0.476562,0.030388
981.6,-0.0721648,-0.0348435,0.473961,0.030388
981.7,-0.0706882,0.00528295,0.470709,0.030388
981.8,-0.0732087,0.0450314,0.467579,0.030388
981.9,-0.0796703,0.0840548,0.46532,0.030388
982,-0.0899865,0.122085,0.464621,0.030388
982.1,-0.104048,0.158929,0.466088,-0.167335
982.2,-0.121728,0.194462,0.470229,-0.0499858
982.3,-0.142894,0.228616,0.477444,0.0525753
982.4,-0.167405,0.261372,0.48802,0.142464
982.5,-0.195122,0.29275,0.502134,0.221894
982.6,-0.22591,0.322792,0.519851,0.292777
982.7,-0.259638,0.351559,0.541133,0.356672
982.8,-0.296182,0.379112,0.565846,0.414812
982.9,-0.335422,0.405509,0.593759,0.468154
983,-0.377246,0.43079,0.624556,0.517441
983.1,-0.421544,0.454971,0.657837,0.563238
983.2,-0.468203,0.478036,0.69312,0.605971
983.3,-0.517112,0.499928,0.729844,0.645954
983.4,-0.568146,0.520539,0.767368,0.683403
983.5,-0.621172,0.539708,0.804971,0.718457
983.6,-0.676033,0.557213,0.841853,0.751181
983.7,-0.732549,0.572764,0.877132,0.781578
983.8,-0.790508,0.585997,0.909847,0.809592
983.9,-0.849657,0.596472,0.938962,0.835106
984,-0.909694,0.603672,0.963379,0.857944
984.1,-0.970262,0.606997,0.98195,0.877865
984.2,-1.03094,0.605772,0.993507,0.894556
984.3,-1.09124,0.59925,0.996901,0.907623
984.4,-1.15059,0.586627,0.991056,0.916567
984.5,-1.20833,0.567058,0.975044,0.920765
984.6,-1.26374,0.539685,0.948174,0.919432
984.7,-1.31598,0.503677,0.910109,0.91156
984.8,-1.36416,0.458277,0.860992,0.895835
984.9,-1.4073,0.402867,0.801584,0.870489
985,-1.44439,0.337041,0.733402,0.833056
985.1,-1.47436,0.260692,0.658826,0.779928
985.2,-1.49618,0.174102,0.581169,0.705507
985.3,-1.50886,0.0780315,0.504659,0.60049
985.4,-1.51152,-0.0261998,0.434313,0.448532
985.5,-1.50342,-0.13666,0.375677,0.223175
985.6,-1.48406,-0.250793,0.334416,0.223175
985.7,-1.45324,-0.365452,0.315771,0.223175
985.8,-1.41107,-0.477013,0.323925,0.223175
985.9,-1.35807,-0.581541,0.361368,0.223175
986,-1.29513,-0.675034,0.42836,0.223175
986.1,-1.22356,-0.753696,0.522614,0.223175
986.2,-1.145,-0.81424,0.639291,0.223175
986.3,-1.0614,-0.854155,0.771359,0.223175
986.4,-0.974909,-0.871922,0.910291,0.223175
986.5,-0.887769,-0.867132,1.047,0.223175
986.6,-0.802212,-0.840493,1.17284,0.223175
986.7,-0.720342,-0.793735,1.28058,0.223175
986.8,-0.644051,-0.729412,1.36503,0.223175
986.9,-0.574941,-0.650649,1.42348,0.223175
987,-0.514288,-0.560864,1.45565,0.223175
987.1,-0.463021,-0.463503,1.46345,0.223175
987.2,-0.421732,-0.361806,1.45045,0.223175
987.3,-0.390708,-0.25864,1.42133,0.223175
987.4,-0.369973,-0.156389,1.38128,0.223175
987.5,-0.359337,-0.0569065,1.33549,0.223175
987.6,-0.358454,0.0384848,1.28875,0.223175
987.7,-0.36687,0.128952,1.24525,0.212845
987.8,-0.384067,0.214089,1.20836,0.3364
987.9,-0.409508,0.293842,1.18065,0.442322
988,-0.442663,0.368428,1.16394,0.53366
988.1,-0.483035,0.43826,1.15931,0.613491
988.2,-0.530174,0.503878,1.16726,0.68439
988.3,-0.58369,0.565886,1.18781,0.748374
988.4,-0.643252,0.624906,1.22055,0.806983
988.5,-0.708592,0.681537,1.26481,0.861381
988.6,-0.779498,0.736318,1.31966,0.912441
988.7,-0.855809,0.789705,1.38398,0.960814
988.8,-0.937404,0.84205,1.45651,1.00697
988.9,-1.02419,0.893581,1.53585,1.05125
989,-1.1161,0.944387,1.62046,1.09389
989.1,-1.21304,0.994406,1.70866,1.13501
989.2,-1.31494,1.0434,1.79858,1.17468
989.3,-1.42168,1.09096,1.88814,1.2129
989.4,-1.53307,1.13645,1.97501,1.24961
989.5,-1.64887,1.17902,2.05656,1.2847
989.6,-1.76874,1.21758,2.12982,1.31798
989.7,-1.89221,1.25073,2.19146,1.34925
989.8,-2.01865,1.27682,2.23779,1.3782
989.9,-2.14727,1.29384,2.26477,1.40449
990,-2.27704,1.2995,2.26815,1.42766
990.1,-2.4067,1.29114,2.24363,1.44718
990.2,-2.5347,1.26587,2.18716,1.46237
990.3,-2.65921,1.22057,2.09538,1.47242
990.4,-2.77804,1.15205,1.96622,1.47627
990.5,-2.88874,1.05723,1.79968,1.47262
990.6,-2.98852,0.933443,1.59866,1.45973
990.7,-3.0744,0.778788,1.36992,1.43523
990.8,-3.14323,0.592565,1.12484,1.39571
990.9,-3.19189,0.375777,0.879747,1.33586
991,-3.21747,0.131602,0.655613,1.24625
991.1,-3.21748,-0.134236,0.476655,1.10671
991.2,-3.19018,-0.413313,0.367775,0.856102
991.3,-3.13474,-0.694703,0.350878,0.856102
991.4,-3.05158,-0.965593,0.440598,0.856102
991.5,-2.94243,-1.21235,0.640344,0.856102
991.6,-2.81036,-1.4219,0.939834,0.856102
991.7,-2.65966,-1.58329,1.31511,0.856102
991.8,-2.49556,-1.68899,1.73149,0.856102
991.9,-2.32383,-1.73582,2.14891,0.856102
992,-2.15032,-1.72518,2.52846,0.856102
992.1,-1.98052,-1.66265,2.83836,0.856102
992.2,-1.81923,-1.55692,3.05804,0.856102
992.3,-1.67023,-1.41858,3.1795,0.856102
992.4,-1.53623,-1.25874,3.20619,0.856102
992.5,-1.41884,-1.08791,3.15017,0.856102
992.6,-1.31871,-0.915235,3.02859,0.856102
992.7,-1.23561,-0.748056,2.86027,0.856102
992.8,-1.16873,-0.591801,2.66313,0.856102
992.9,-1.11676,-0.45012,2.45249,0.856102
993,-1.07815,-0.325149,2.24032,0.856102
993.1,-1.05114,-0.217836,2.03512,0.856102
993.2,-1.03399,-0.128266,1.84228,0.856102
993.3,-1.02492,-0.0559403,1.66459,0.350065
993.4,-1.02225,-7.07332e-06,1.50298,0.398298
993.5,-1.0244,0.0405671,1.357,0.43088
993.6,-1.02989,0.0668832,1.22545,0.448935
993.7,-1.03734,0.0800409,1.10671,0.453128
993.8,-1.04549,0.0811067,0.999153,0.443516
993.9,-1.05319,0.071111,0.9013,0.4194
994,-1.05938,0.0510641,0.812032,0.379254
994.1,-1.06311,0.021986,0.730662,0.320558
994.2,-1.06351,-0.0150583,0.656975,0.239676
994.3,-1.05987,-0.0589227,0.59121,0.239676
994.4,-1.05154,-0.108348,0.534007,0.239676
994.5,-1.03806,-0.161942,0.486293,0.239676
994.6,-1.01907,-0.218165,0.449151,0.239676
994.7,-0.994392,-0.275347,0.42364,0.239676
994.8,-0.964025,-0.331709,0.410621,0.239676
994.9,-0.928139,-0.385411,0.410566,0.239676
995,-0.887093,-0.434621,0.423408,0.239676
995.1,-0.841423,-0.477587,0.448428,0.239676
995.2,-0.791836,-0.512729,0.484212,0.239676
995.3,-0.739183,-0.538719,0.528687,0.239676
995.4,-0.684431,-0.554556,0.579237,0.239676
995.5,-0.628631,-0.55962,0.632888,0.239676
995.6,-0.572874,-0.553706,0.686544,0.239676
995.7,-0.518249,-0.537022,0.737241,0.239676
995.8,-0.465809,-0.510166,0.782384,0.239676
995.9,-0.416525,-0.474066,0.819948,0.239676
996,-0.371264,-0.429913,0.848602,0.239676
996.1,-0.330765,-0.379075,0.867763,0.239676
996.2,-0.295624,-0.323005,0.877578,0.239676
996.3,-0.26629,-0.263163,0.878834,0.239676
996.4,-0.24307,-0.200942,0.87283,0.239676
996.5,-0.226138,-0.137608,0.861225,0.239676
996.6,-0.215549,-0.0742612,0.845878,0.239676
996.7,-0.211256,-0.0118129,0.828702,0.239676
996.8,-0.213132,0.0490231,0.811541,0.239676
996.9,-0.220989,0.107726,0.796077,0.239676
997,-0.234595,0.163954,0.783761,0.081452
997.1,-0.253691,0.217521,0.775781,0.190274
997.2,-0.278008,0.268373,0.773044,0.285521
997.3,-0.307277,0.316559,0.776178,0.369255
997.4,-0.341235,0.362205,0.78555,0.443549
997.5,-0.379639,0.405486,0.801286,0.510191
997.6,-0.422261,0.446604,0.823299,0.57063
997.7,-0.468894,0.48576,0.851308,0.62601
997.8,-0.519354,0.523144,0.884867,0.677213
997.9,-0.573469,0.558907,0.923382,0.724919
998,-0.631084,0.593151,0.966122,0.769637
998.1,-0.69205,0.625915,1.01223,0.81174
998.2,-0.756217,0.65716,1.06074,0.851493
998.3,-0.823427,0.68676,1.11053,0.889065
998.4,-0.893507,0.714488,1.1604,0.924544
998.5,-0.966252,0.740008,1.20899,0.957948
998.6,-1.04142,0.762863,1.25481,0.989231
998.7,-1.11872,0.782469,1.29625,1.01828
998.8,-1.19778,0.798105,1.33154,1.04493
998.9,-1.27818,0.808909,1.35881,1.06893
999,-1.35937,0.813873,1.37611,1.08999
999.1,-1.44072,0.811854,1.38145,1.10769
999.2,-1.52146,0.801577,1.37289,1.12156
999.3,-1.60071,0.781666,1.34866,1.13098
999.4,-1.67743,0.75068,1.30733,1.13519
999.5,-1.75043,0.707169,1.248,1.1332
999.6,-1.8184,0.649759,1.17061,1.12376
999.7,-1.87988,0.577256,1.07614,1.1052
999.8,-1.93332,0.488788,0.966997,1.07519
999.9,-1.97709,0.383958,0.84723,1.03036
1000,-2.00957,0.263031,0.722709,0.965453
