time,x,y,z,L
0,1,-2,1,0
0.1,0.889667,-2.19965,0.994829,0.625168
0.2,0.757354,-2.39713,0.978603,0.619352
0.3,0.601168,-2.58996,0.95019,0.608993
0.4,0.419416,-2.77538,0.908392,0.593334
0.5,0.210753,-2.95031,0.851984,0.571351
0.6,-0.025632,-3.11141,0.779749,0.54164
0.7,-0.289793,-3.25511,0.690546,0.50222
0.8,-0.580762,-3.37772,0.583385,0.450181
0.9,-0.896261,-3.4755,0.457521,0.381023
1,-1.23241,-3.54485,0.312575,0.287287
1.1,-1.58343,-3.58247,0.14866,0.155465
1.2,-1.94151,-3.5856,-0.0334732,0.155465
1.3,-2.29665,-3.55222,-0.232295,0.155465
1.4,-2.63685,-3.48136,-0.445372,0.155465
1.5,-2.9485,-3.37331,-0.669278,0.155465
1.6,-3.21701,-3.22984,-0.899564,0.155465
1.7,-3.42793,-3.05428,-1.13081,0.155465
1.8,-3.56811,-2.85159,-1.3568,0.155465
1.9,-3.62722,-2.62818,-1.57077,0.155465
2,-3.59903,-2.39166,-1.76581,0.155465
2.1,-3.48255,-2.15041,-1.93532,0.155465
2.2,-3.2826,-1.91304,-2.07351,0.155465
2.3,-3.00966,-1.68784,-2.17589,0.155465
2.4,-2.67906,-1.48215,-2.23963,0.155465
2.5,-2.30953,-1.30196,-2.2638,0.155465
2.6,-1.9213,-1.15156,-2.24944,0.155465
2.7,-1.53419,-1.03336,-2.1994,0.155465
2.8,-1.16589,-0.947975,-2.11807,0.155465
2.9,-0.83065,-0.894404,-2.01093,0.155465
3,-0.538697,-0.87033,-1.88412,0.155465
3.1,-0.296091,-0.872485,-1.74394,0.155465
3.2,-0.105128,-0.897008,-1.59651,0.155465
3.3,0.0349682,-0.939767,-1.44742,0.155465
3.4,0.127221,-0.996617,-1.30152,0.155465
3.5,0.176086,-1.06359,-1.16287,0.155465
3.6,0.186745,-1.13703,-1.03466,0.155465
3.7,0.164559,-1.2136,-0.91926,0.155465
3.8,0.114697,-1.29038,-0.818333,0.155465
3.9,0.041924,-1.36478,-0.7329,0.155465
4,-0.0494909,-1.43455,-0.663456,0.155465
4.1,-0.155766,-1.49773,-0.610066,0.155465
4.2,-0.273542,-1.55264,-0.572452,0.155465
4.3,-0.399787,-1.59784,-0.550059,0.155465
4.4,-0.531686,-1.6321,-0.542105,0.155465
4.5,-0.666544,-1.65442,-0.547624,0.155465
4.6,-0.801705,-1.66401,-0.565487,0.155465
4.7,-0.934493,-1.66033,-0.594419,0.155465
4.8,-1.06219,-1.64309,-0.63301,0.155465
4.9,-1.18205,-1.61224,-0.679724,0.155465
5,-1.29133,-1.56803,-0.732907,0.155465
5.1,-1.38736,-1.511,-0.790809,0.155465
5.2,-1.46767,-1.44198,-0.851597,0.155465
5.3,-1.53004,-1.36209,-0.913391,0.155465
5.4,-1.57271,-1.27268,-0.974299,0.155465
5.5,-1.59441,-1.17538,-1.03246,0.155465
5.6,-1.59449,-1.07196,-1.08612,0.155465
5.7,-1.573,-0.964329,-1.13362,0.155465
5.8,-1.5307,-0.85445,-1.17355,0.155465
5.9,-1.46904,-0.744274,-1.2047,0.155465
6,-1.39008,-0.635673,-1.22616,0.155465
6.1,-1.29641,-0.530371,-1.23734,0.155465
6.2,-1.19098,-0.4299,-1.23794,0.155465
6.3,-1.07696,-0.335553,-1.22801,0.155465
6.4,-0.957551,-0.248362,-1.20789,0.155465
6.5,-0.83583,-0.169088,-1.17819,0.155465
6.6,-0.714634,-0.0982269,-1.13973,0.155465
6.7,-0.596437,-0.0360277,-1.09353,0.155465
6.8,-0.483288,0.0174815,-1.0407,0.155465
6.9,-0.376783,0.0624578,-0.982446,0.155465
7,-0.278064,0.0992068,-0.919969,0.155465
7.1,-0.187846,0.128145,-0.85445,0.155465
7.2,-0.106476,0.149764,-0.787008,0.155465
7.3,-0.0339824,0.164599,-0.71867,0.155465
7.4,0.0298471,0.173205,-0.650358,0.155465
7.5,0.0854064,0.176132,-0.582877,0.155465
7.6,0.133207,0.17391,-0.51691,0.155465
7.7,0.173826,0.167043,-0.453023,0.155465
7.8,0.207861,0.155999,-0.391675,0.155465
7.9,0.235898,0.141208,-0.33322,0.155465
8,0.258484,0.123066,-0.277927,0.155465
8.1,0.276114,0.101934,-0.225991,0.155465
8.2,0.289217,0.0781432,-0.177541,0.155465
8.3,0.298156,0.052004,-0.132659,0.155465
8.4,0.303225,0.0238069,-0.0913863,0.155465
8.5,0.304655,-0.00616877,-0.0537368,0.155465
8.6,0.302617,-0.0376505,-0.019703,0.155465
8.7,0.297235,-0.0703664,0.0107356,0.0127424
8.8,0.288588,-0.104041,0.037607,0.0434944
8.9,0.276721,-0.138392,0.0609423,0.0689373
9,0.261656,-0.173124,0.0807729,0.0897061
9.1,0.243401,-0.207931,0.0971285,0.106277
9.2,0.221957,-0.242487,0.110036,0.119016
9.3,0.197328,-0.276455,0.119521,0.128193
9.4,0.169532,-0.309477,0.125605,0.133983
9.5,0.138605,-0.341183,0.128314,0.136566
9.6,0.104616,-0.371186,0.127673,0.135961
9.7,0.0676704,-0.399091,0.123715,0.132203
9.8,0.0279179,-0.424494,0.11648,0.125267
9.9,-0.0144376,-0.446988,0.106023,0.115086
10,-0.0591338,-0.466172,0.0924148,0.101551
10.1,-0.105844,-0.48165,0.0757479,0.0845173
10.2,-0.154173,-0.493046,0.0561404,0.0637949
10.3,-0.203656,-0.500007,0.0337399,0.039166
10.4,-0.253757,-0.502216,0.00872771,0.039166
10.5,-0.303871,-0.499393,-0.0186777,0.039166
10.6,-0.353333,-0.491315,-0.0482181,0.039166
10.7,-0.401421,-0.477813,-0.0795937,0.039166
10.8,-0.447368,-0.458791,-0.112462,0.039166
10.9,-0.490381,-0.434224,-0.14644,0.039166
11,-0.529656,-0.40417,-0.181103,0.039166
11.1,-0.564394,-0.368772,-0.215992,0.039166
11.2,-0.593832,-0.32826,-0.250616,0.039166
11.3,-0.617259,-0.282952,-0.284461,0.039166
11.4,-0.634044,-0.233252,-0.316997,0.039166
11.5,-0.643654,-0.179643,-0.347692,0.039166
11.6,-0.645679,-0.122683,-0.376016,0.039166
11.7,-0.639846,-0.0629919,-0.401459,0.039166
11.8,-0.626027,-0.00124466,-0.423539,0.039166
11.9,-0.604253,0.0618461,-0.441818,0.039166
12,-0.574703,0.125541,-0.455907,0.039166
12.1,-0.537707,0.18909,-0.465479,0.039166
12.2,-0.493725,0.251744,-0.470278,0.039166
12.3,-0.443335,0.312769,-0.47012,0.039166
12.4,-0.387205,0.371457,-0.464899,0.039166
12.5,-0.326071,0.427138,-0.454585,0.039166
12.6,-0.260711,0.479184,-0.439224,0.039166
12.7,-0.191915,0.527014,-0.418932,0.039166
12.8,-0.120464,0.570101,-0.39389,0.039166
12.9,-0.0471074,0.607967,-0.364334,0.039166
13,0.0274534,0.640185,-0.330546,0.039166
13.1,0.10258,0.666375,-0.292846,0.039166
13.2,0.177702,0.6862,-0.25158,0.039166
13.3,0.252325,0.69936,-0.207113,0.039166
13.4,0.326024,0.705587,-0.159817,0.039166
13.5,0.398443,0.704637,-0.110069,0.039166
13.6,0.469285,0.696291,-0.0582371,0.039166
13.7,0.538304,0.680343,-0.00468267,0.039166
13.8,0.605294,0.656602,0.0502468,0.0574023
13.9,0.670073,0.624886,0.106218,0.115279
14,0.732473,0.58502,0.162914,0.168323
14.1,0.792328,0.536839,0.220031,0.216958
14.2,0.849461,0.480188,0.277279,0.261577
14.3,0.90367,0.41492,0.334375,0.302547
14.4,0.954721,0.340905,0.391047,0.340188
14.5,1.00233,0.258033,0.447019,0.37479
14.6,1.04617,0.166218,0.502016,0.406596
14.7,1.08584,0.0654096,0.555753,0.43581
14.8,1.12085,-0.0444032,0.60793,0.462602
14.9,1.15067,-0.163178,0.658227,0.487105
15,1.17464,-0.290808,0.706298,0.50942
15.1,1.19202,-0.427112,0.751763,0.529616
15.2,1.20194,-0.571814,0.794201,0.547734
15.3,1.20346,-0.724535,0.833147,0.563779
15.4,1.19548,-0.884769,0.868081,0.577728
15.5,1.1768,-1.05187,0.898424,0.589522
15.6,1.14608,-1.22502,0.92353,0.599065
15.7,1.10187,-1.40322,0.942683,0.606218
15.8,1.04263,-1.58528,0.955092,0.610796
15.9,0.9667,-1.76976,0.959888,0.612554
16,0.872383,-1.95499,0.956126,0.611176
16.1,0.757971,-2.13904,0.942789,0.606258
16.2,0.621812,-2.31971,0.918793,0.597278
16.3,0.4624,-2.4945,0.88301,0.583567
16.4,0.278498,-2.66068,0.834286,0.56424
16.5,0.0692834,-2.81523,0.771477,0.538118
16.6,-0.165467,-2.95496,0.6935,0.503579
16.7,-0.425164,-3.0765,0.599389,0.458316
16.8,-0.708166,-3.17644,0.488375,0.398895
16.9,-1.01153,-3.25141,0.35998,0.3199
17,-1.33076,-3.29827,0.214126,0.212131
17.1,-1.65963,-3.31425,0.0512487,0.0585023
17.2,-1.99008,-3.29717,-0.127573,0.0585023
17.3,-2.31223,-3.24565,-0.320507,0.0585023
17.4,-2.61462,-3.15936,-0.524878,0.0585023
17.5,-2.8847,-3.03917,-0.737116,0.0585023
17.6,-3.1095,-2.88732,-0.95277,0.0585023
17.7,-3.2767,-2.70746,-1.1666,0.0585023
17.8,-3.37568,-2.50462,-1.37277,0.0585023
17.9,-3.39877,-2.28504,-1.56511,0.0585023
18,-3.34231,-2.05587,-1.73751,0.0585023
18.1,-3.20735,-1.82476,-1.8843,0.0585023
18.2,-2.99998,-1.59939,-2.00071,0.0585023
18.3,-2.73095,-1.38697,-2.08323,0.0585023
18.4,-2.41475,-1.19379,-2.12988,0.0585023
18.5,-2.06831,-1.02482,-2.1404,0.0585023
18.6,-1.70932,-0.883491,-2.1162,0.0585023
18.7,-1.3547,-0.771646,-2.06023,0.0585023
18.8,-1.01919,-0.689572,-1.97666,0.0585023
18.9,-0.7145,-0.636213,-1.87052,0.0585023
19,-0.448795,-0.609433,-1.74733,0.0585023
19.1,-0.226767,-0.606332,-1.61266,0.0585023
19.2,-0.0499916,-0.623541,-1.47186,0.0585023
19.3,0.0824605,-0.657488,-1.3298,0.0585023
19.4,0.173334,-0.704614,-1.1907,0.0585023
19.5,0.226513,-0.761522,-1.05804,0.0585023
19.6,0.246446,-0.825071,-0.934588,0.0585023
19.7,0.237695,-0.892425,-0.822411,0.0585023
19.8,0.204638,-0.961064,-0.722952,0.0585023
19.9,0.151278,-1.02877,-0.637115,0.0585023
20,0.0811783,-1.09359,-0.565361,0.0585023
20.1,-0.0025449,-1.15383,-0.507788,0.0585023
20.2,-0.0971694,-1.208,-0.464209,0.0585023
20.3,-0.200289,-1.25479,-0.43421,0.0585023
20.4,-0.309722,-1.29307,-0.417202,0.0585023
20.5,-0.423424,-1.32185,-0.412448,0.0585023
20.6,-0.539411,-1.34032,-0.419093,0.0585023
20.7,-0.655692,-1.34781,-0.436173,0.0585023
20.8,-0.770236,-1.34383,-0.462626,0.0585023
20.9,-0.880945,-1.32808,-0.497294,0.0585023
21,-0.985666,-1.30045,-0.538925,0.0585023
21.1,-1.08222,-1.26107,-0.586182,0.0585023
21.2,-1.16845,-1.21027,-0.637648,0.0585023
21.3,-1.24229,-1.14864,-0.691838,0.0585023
21.4,-1.30186,-1.07698,-0.747222,0.0585023
21.5,-1.34553,-0.996343,-0.802247,0.0585023
21.6,-1.37205,-0.907953,-0.855371,0.0585023
21.7,-1.3806,-0.813221,-0.905097,0.0585023
21.8,-1.37084,-0.713687,-0.95002,0.0585023
21.9,-1.34299,-0.610973,-0.98886,0.0585023
22,-1.2978,-0.506739,-1.02051,0.0585023
22.1,-1.23655,-0.402624,-1.04405,0.0585023
22.2,-1.16096,-0.300198,-1.05882,0.0585023
22.3,-1.07312,-0.200913,-1.06438,0.0585023
22.4,-0.975377,-0.106069,-1.06055,0.0585023
22.5,-0.870219,-0.0167842,-1.04741,0.0585023
22.6,-0.760145,0.0660243,-1.02525,0.0585023
22.7,-0.64756,0.141644,-0.994588,0.0585023
22.8,-0.534671,0.209562,-0.956097,0.0585023
22.9,-0.42342,0.269455,-0.910592,0.0585023
23,-0.315431,0.321165,-0.858976,0.0585023
23.1,-0.211991,0.364673,-0.802206,0.0585023
23.2,-0.114051,0.400079,-0.741256,0.0585023
23.3,-0.0222451,0.427564,-0.677078,0.0585023
23.4,0.0630734,0.447373,-0.610583,0.0585023
23.5,0.141787,0.459784,-0.542616,0.0585023
23.6,0.213966,0.465093,-0.473944,0.0585023
23.7,0.279818,0.463597,-0.405246,0.0585023
23.8,0.339641,0.455582,-0.337113,0.0585023
23.9,0.393784,0.441313,-0.270049,0.0585023
24,0.442608,0.421033,-0.204474,0.0585023
24.1,0.486463,0.394963,-0.140736,0.0585023
24.2,0.525658,0.363299,-0.0791187,0.0585023
24.3,0.56045,0.326218,-0.0198495,0.0585023
24.4,0.591033,0.283883,0.0368856,0.042672
24.5,0.617527,0.236451,0.0909334,0.100058
24.6,0.63998,0.184075,0.142164,0.149502
24.7,0.658363,0.126918,0.190459,0.192333
24.8,0.672572,0.0651569,0.235707,0.22956
24.9,0.682436,-0.00100903,0.277793,0.261961
25,0.687714,-0.071348,0.316592,0.290133
25.1,0.688102,-0.145589,0.351968,0.314533
25.2,0.683244,-0.223412,0.383764,0.335505
25.3,0.672732,-0.304444,0.411801,0.353299
25.4,0.656116,-0.388246,0.435878,0.368091
25.5,0.632916,-0.47431,0.455769,0.379988
25.6,0.602629,-0.562052,0.471219,0.389038
25.7,0.564745,-0.650804,0.481954,0.395229
25.8,0.518759,-0.739815,0.487675,0.398497
25.9,0.464194,-0.828242,0.488063,0.398718
26,0.400619,-0.915153,0.482789,0.395707
26.1,0.327677,-0.999526,0.471516,0.38921
26.2,0.245115,-1.08026,0.453911,0.37889
26.3,0.152821,-1.15617,0.429654,0.364309
26.4,0.0508567,-1.22602,0.398454,0.344906
26.5,-0.0604942,-1.28851,0.360062,0.319954
26.6,-0.180686,-1.34233,0.314293,0.288507
26.7,-0.308864,-1.38617,0.261049,0.249311
26.8,-0.443828,-1.41876,0.200333,0.200683
26.9,-0.583995,-1.4389,0.132287,0.140309
27,-0.727377,-1.44552,0.0572042,0.0649389
27.1,-0.871578,-1.43771,-0.0244382,0.0649389
27.2,-1.01381,-1.41479,-0.111962,0.0649389
27.3,-1.15093,-1.37634,-0.204471,0.0649389
27.4,-1.27954,-1.32226,-0.300842,0.0649389
27.5,-1.39608,-1.2528,-0.399725,0.0649389
27.6,-1.49697,-1.1686,-0.499559,0.0649389
27.7,-1.5788,-1.07067,-0.598598,0.0649389
27.8,-1.6385,-0.960436,-0.69495,0.0649389
27.9,-1.67356,-0.839661,-0.786641,0.0649389
28,-1.68221,-0.710429,-0.871675,0.0649389
28.1,-1.66355,-0.57507,-0.948123,0.0649389
28.2,-1.61764,-0.436076,-1.0142,0.0649389
28.3,-1.54557,-0.296006,-1.06834,0.0649389
28.4,-1.4494,-0.157391,-1.10928,0.0649389
28.5,-1.33204,-0.0226359,-1.13612,0.0649389
28.6,-1.19706,0.106065,-1.14836,0.0649389
28.7,-1.04847,0.226796,-1.1459,0.0649389
28.8,-0.890493,0.337966,-1.12904,0.0649389
28.9,-0.727283,0.438336,-1.09847,0.0649389
29,-0.562726,0.527017,-1.05519,0.0649389
29.1,-0.40025,0.603449,-1.00043,0.0649389
29.2,-0.242709,0.667368,-0.935649,0.0649389
29.3,-0.0923171,0.718758,-0.862368,0.0649389
29.4,0.049362,0.757793,-0.782161,0.0649389
29.5,0.181374,0.784787,-0.696566,0.0649389
29.6,0.303302,0.800139,-0.60704,0.0649389
29.7,0.415174,0.804289,-0.514919,0.0649389
29.8,0.517357,0.797677,-0.421391,0.0649389
29.9,0.610454,0.780716,-0.327485,0.0649389
30,0.695213,0.753769,-0.234065,0.0649389
30.1,0.772437,0.71714,-0.141841,0.0649389
30.2,0.842923,0.671063,-0.0513755,0.0649389
30.3,0.907408,0.615707,0.0368926,0.0426947
30.4,0.96653,0.551178,0.122633,0.131172
30.5,1.0208,0.477529,0.205603,0.205086
30.6,1.07059,0.394768,0.285622,0.267771
30.7,1.11612,0.302877,0.362557,0.321614
30.8,1.15745,0.20182,0.436301,0.368347
30.9,1.1945,0.0915587,0.506754,0.409242
31,1.22701,-0.0279267,0.573812,0.44525
31.1,1.25461,-0.156626,0.637348,0.477083
31.2,1.27672,-0.294481,0.697203,0.505276
31.3,1.29267,-0.441364,0.753176,0.530231
31.4,1.3016,-0.597065,0.805007,0.55224
31.5,1.30251,-0.761265,0.852375,0.571507
31.6,1.29424,-0.933521,0.894889,0.588163
31.7,1.27551,-1.11324,0.932075,0.602269
31.8,1.24484,-1.29966,0.963374,0.613828
31.9,1.20063,-1.49182,0.988135,0.622777
32,1.14115,-1.68854,1.00561,0.628992
32.1,1.06454,-1.88839,1.01494,0.63228
32.2,0.96884,-2.08967,1.01519,0.632368
32.3,0.852063,-2.29041,1.00531,0.628886
32.4,0.712243,-2.48831,0.984152,0.621348
32.5,0.547526,-2.68077,0.950513,0.609112
32.6,0.356302,-2.86487,0.903129,0.591325
32.7,0.137364,-3.0374,0.840723,0.56684
32.8,-0.109891,-3.19489,0.762054,0.534073
32.9,-0.385218,-3.33366,0.665978,0.490773
33,-0.687243,-3.44994,0.551536,0.43358
33.1,-1.01317,-3.53997,0.418059,0.357186
33.2,-1.35846,-3.60016,0.265287,0.252542
33.3,-1.7166,-3.62731,0.0935134,0.102656
33.4,-2.07891,-3.61884,-0.0962749,0.102656
33.5,-2.43454,-3.57301,-0.302252,0.102656
33.6,-2.77068,-3.48924,-0.521637,0.102656
33.7,-3.07303,-3.3683,-0.750615,0.102656
33.8,-3.32667,-3.21251,-0.984337,0.102656
33.9,-3.51715,-3.02581,-1.21701,0.102656
34,-3.63188,-2.81377,-1.44209,0.102656
34.1,-3.66159,-2.58335,-1.65261,0.102656
34.2,-3.60167,-2.34261,-1.84161,0.102656
34.3,-3.45313,-2.10021,-2.0026,0.102656
34.4,-3.22294,-1.86485,-2.1301,0.102656
34.5,-2.92367,-1.64466,-2.22011,0.102656
34.6,-2.57238,-1.44669,-2.27041,0.102656
34.7,-2.18896,-1.27639,-2.28077,0.102656
34.8,-1.79412,-1.13744,-2.25294,0.102656
34.9,-1.40747,-1.03159,-2.19044,0.102656
35,-1.04588,-0.958814,-2.09818,0.102656
35.1,-0.72242,-0.917543,-1.98205,0.102656
35.2,-0.445907,-0.904994,-1.84841,0.102656
35.3,-0.221003,-0.917555,-1.70364,0.102656
35.4,-0.0487585,-0.951141,-1.55381,0.102656
35.5,0.0726109,-1.0015,-1.40432,0.102656
35.6,0.146861,-1.06445,-1.25982,0.102656
35.7,0.178917,-1.13605,-1.1241,0.102656
35.8,0.174208,-1.2127,-1.00006,0.102656
35.9,0.13818,-1.29115,-0.889826,0.102656
36,0.0759806,-1.36856,-0.794819,0.102656
36.1,-0.00770766,-1.44243,-0.715847,0.102656
36.2,-0.108709,-1.51059,-0.653222,0.102656
36.3,-0.223323,-1.57116,-0.606855,0.102656
36.4,-0.348239,-1.62254,-0.576331,0.102656
36.5,-0.480428,-1.66335,-0.560973,0.102656
36.6,-0.61704,-1.69245,-0.559893,0.102656
36.7,-0.755304,-1.70892,-0.572017,0.102656
36.8,-0.89246,-1.7121,-0.596114,0.102656
36.9,-1.02572,-1.70154,-0.630803,0.102656
37,-1.15224,-1.6771,-0.674569,0.102656
37.1,-1.26918,-1.6389,-0.72577,0.102656
37.2,-1.37375,-1.58734,-0.78265,0.102656
37.3,-1.46329,-1.52317,-0.843361,0.102656
37.4,-1.53538,-1.44739,-0.90599,0.102656
37.5,-1.588,-1.36131,-0.968591,0.102656
37.6,-1.61959,-1.26648,-1.02924,0.102656
37.7,-1.62923,-1.16466,-1.08606,0.102656
37.8,-1.61666,-1.05775,-1.13731,0.102656
37.9,-1.58237,-0.947773,-1.18144,0.102656
38,-1.52758,-0.836725,-1.2171,0.102656
38.1,-1.45419,-0.726566,-1.24323,0.102656
38.2,-1.36468,-0.619127,-1.25909,0.102656
38.3,-1.26198,-0.516055,-1.26427,0.102656
38.4,-1.14932,-0.418765,-1.25866,0.102656
38.5,-1.03,-0.328406,-1.24253,0.102656
38.6,-0.907282,-0.245849,-1.21638,0.102656
38.7,-0.784216,-0.171686,-1.181,0.102656
38.8,-0.663501,-0.106241,-1.13738,0.102656
38.9,-0.547424,-0.0496012,-1.08662,0.102656
39,-0.437798,-0.00164571,-1.02995,0.102656
39.1,-0.335961,0.0379139,-0.968607,0.102656
39.2,-0.242797,0.0694944,-0.903825,0.102656
39.3,-0.158777,0.0936034,-0.836782,0.102656
39.4,-0.0840253,0.110804,-0.768572,0.102656
39.5,-0.018384,0.121687,-0.700182,0.102656
39.6,0.0385139,0.126846,-0.632481,0.102656
39.7,0.0871802,0.126858,-0.56621,0.102656
39.8,0.128213,0.122274,-0.501989,0.102656
39.9,0.162247,0.113608,-0.440318,0.102656
40,0.189919,0.101337,-0.38159,0.102656
40.1,0.211831,0.0858972,-0.3261,0.102656
40.2,0.228542,0.0676877,-0.274062,0.102656
40.3,0.240545,0.0470744,-0.225616,0.102656
40.4,0.248269,0.0243943,-0.180849,0.102656
40.5,0.252074,-3.86116e-05,-0.139799,0.102656
40.6,0.252259,-0.0259281,-0.102471,0.102656
40.7,0.249059,-0.0529899,-0.0688428,0.102656
40.8,0.242663,-0.0809473,-0.0388751,0.102656
40.9,0.233214,-0.109526,-0.0125166,0.102656
41,0.220821,-0.13845,0.0102912,0.0122275
41.1,0.20557,-0.167441,0.0296104,0.0345111
41.2,0.187529,-0.196212,0.0455043,0.0534273
41.3,0.166762,-0.224469,0.0580366,0.0658311
41.4,0.143332,-0.251909,0.0672706,0.0756461
41.5,0.117312,-0.278221,0.0732703,0.0819388
41.6,0.0887955,-0.303086,0.0761014,0.0848813
41.7,0.0578971,-0.326179,0.075833,0.0846102
41.8,0.0247648,-0.347174,0.0725405,0.0811799
41.9,-0.0104169,-0.365741,0.0663076,0.0746337
42,-0.0474209,-0.381558,0.0572297,0.0649681
42.1,-0.0859743,-0.39431,0.0454169,0.0521358
42.2,-0.125754,-0.403697,0.0309974,0.0360798
42.3,-0.166389,-0.409439,0.01412,0.0167077
42.4,-0.207453,-0.411284,-0.00504253,0.0167077
42.5,-0.248475,-0.40901,-0.0262912,0.0167077
42.6,-0.288937,-0.402436,-0.0493987,0.0167077
42.7,-0.328283,-0.391429,-0.0741082,0.0167077
42.8,-0.365924,-0.375904,-0.100133,0.0167077
42.9,-0.401253,-0.355836,-0.127156,0.0167077
43,-0.433652,-0.33126,-0.154833,0.0167077
43.1,-0.462509,-0.302276,-0.182792,0.0167077
43.2,-0.487233,-0.269053,-0.210642,0.0167077
43.3,-0.507268,-0.231824,-0.237972,0.0167077
43.4,-0.522115,-0.190893,-0.26436,0.0167077
43.5,-0.531338,-0.146623,-0.289381,0.0167077
43.6,-0.534589,-0.099438,-0.312612,0.0167077
43.7,-0.531612,-0.0498157,-0.333642,0.0167077
43.8,-0.522257,0.00172211,-0.352079,0.0167077
43.9,-0.506481,0.0546164,-0.367562,0.0167077
44,-0.484355,0.108281,-0.379761,0.0167077
44.1,-0.456058,0.162112,-0.388394,0.0167077
44.2,-0.421873,0.2155,-0.393224,0.0167077
44.3,-0.382172,0.267836,-0.394072,0.0167077
44.4,-0.33741,0.318522,-0.390813,0.0167077
44.5,-0.288102,0.366981,-0.383379,0.0167077
44.6,-0.234811,0.412661,-0.371764,0.0167077
44.7,-0.178128,0.455041,-0.356013,0.0167077
44.8,-0.118654,0.493635,-0.336228,0.0167077
44.9,-0.0569878,0.527992,-0.312555,0.0167077
45,0.00629358,0.5577,-0.285184,0.0167077
45.1,0.0706413,0.582384,-0.25434,0.0167077
45.2,0.135545,0.601702,-0.220277,0.0167077
45.3,0.200538,0.615348,-0.183271,0.0167077
45.4,0.2652,0.623041,-0.143614,0.0167077
45.5,0.329153,0.624532,-0.10161,0.0167077
45.6,0.392066,0.619591,-0.0575646,0.0167077
45.7,0.453641,0.608012,-0.0117862,0.0167077
45.8,0.513612,0.589604,0.0354198,0.0410508
45.9,0.571734,0.564195,0.083753,0.0927382
46,0.627778,0.531627,0.132919,0.140902
46.1,0.681518,0.491757,0.18263,0.185617
46.2,0.732722,0.444459,0.232603,0.227089
46.3,0.781146,0.389626,0.282561,0.265506
46.4,0.826521,0.327167,0.332228,0.301062
46.5,0.868548,0.257022,0.381327,0.333928
46.6,0.906886,0.179154,0.429578,0.364262
46.7,0.941148,0.0935669,0.476691,0.392203
46.8,0.970889,0.000303927,0.522366,0.417865
46.9,0.995602,-0.100539,0.566287,0.441339
47,1.01471,-0.208808,0.608113,0.462694
47.1,1.02757,-0.324274,0.64748,0.481972
47.2,1.03345,-0.446632,0.683993,0.499194
47.3,1.03153,-0.575476,0.717221,0.514349
47.4,1.02092,-0.710295,0.746691,0.527405
47.5,1.00064,-0.850456,0.771887,0.538293
47.6,0.969625,-0.995187,0.792245,0.546913
47.7,0.926744,-1.14357,0.807149,0.553128
47.8,0.870805,-1.2945,0.815932,0.556753
47.9,0.80058,-1.44672,0.817875,0.557551
48,0.714836,-1.59877,0.81221,0.55522
48.1,0.612376,-1.74898,0.798124,0.549374
48.2,0.492095,-1.89548,0.774775,0.539525
48.3,0.353058,-2.03622,0.7413,0.525043
48.4,0.194583,-2.16894,0.696844,0.505111
48.5,0.0163583,-2.2912,0.640583,0.478649
48.6,-0.181429,-2.40046,0.571765,0.444189
48.7,-0.397952,-2.49407,0.489758,0.399682
48.8,-0.63158,-2.5694,0.394107,0.342142
48.9,-0.879733,-2.62387,0.284598,0.267015
49,-1.13873,-2.65509,0.161336,0.166915
49.1,-1.40372,-2.661,0.0248249,0.0290694
49.2,-1.66858,-2.64,-0.123959,0.0290694
49.3,-1.92603,-2.59107,-0.283494,0.0290694
49.4,-2.16782,-2.51395,-0.451657,0.0290694
49.5,-2.38497,-2.40926,-0.625708,0.0290694
49.6,-2.56834,-2.27858,-0.802298,0.0290694
49.7,-2.70917,-2.12448,-0.977542,0.0290694
49.8,-2.79983,-1.95053,-1.14714,0.0290694
49.9,-2.83454,-1.76118,-1.30655,0.0290694
50,-2.81004,-1.56155,-1.45125,0.0290694
50.1,-2.72608,-1.35723,-1.57696,0.0290694
50.2,-2.58568,-1.15396,-1.67995,0.0290694
50.3,-2.39498,-0.957281,-1.75728,0.0290694
50.4,-2.16287,-0.772267,-1.80703,0.0290694
50.5,-1.90023,-0.603219,-1.82838,0.0290694
50.6,-1.61898,-0.453486,-1.82171,0.0290694
50.7,-1.33112,-0.325353,-1.7885,0.0290694
50.8,-1.0478,-0.220026,-1.73119,0.0290694
50.9,-0.778585,-0.137707,-1.65299,0.0290694
51,-0.530994,-0.0777293,-1.55761,0.0290694
51.1,-0.310277,-0.0387334,-1.44901,0.0290694
51.2,-0.119487,-0.0188665,-1.33117,0.0290694
51.3,0.0402769,-0.0159696,-1.20789,0.0290694
51.4,0.169503,-0.0277441,-1.08262,0.0290694
51.5,0.269846,-0.051887,-0.958391,0.0290694
51.6,0.343721,-0.0861885,-0.837736,0.0290694
51.7,0.393941,-0.128596,-0.7227,0.0290694
51.8,0.42343,-0.177249,-0.614858,0.0290694
51.9,0.435009,-0.230487,-0.515361,0.0290694
52,0.431264,-0.286841,-0.42499,0.0290694
52.1,0.414465,-0.345019,-0.344224,0.0290694
52.2,0.386546,-0.403877,-0.273294,0.0290694
52.3,0.349111,-0.462394,-0.212243,0.0290694
52.4,0.303469,-0.519644,-0.160971,0.0290694
52.5,0.250682,-0.574779,-0.119274,0.0290694
52.6,0.191622,-0.627001,-0.0868785,0.0290694
52.7,0.127019,-0.675557,-0.0634595,0.0290694
52.8,0.0575233,-0.719724,-0.0486586,0.0290694
52.9,-0.0162482,-0.758807,-0.0420912,0.0290694
53,-0.093669,-0.792138,-0.0433508,0.0290694
53.1,-0.174063,-0.819081,-0.0520075,0.0290694
53.2,-0.256677,-0.839043,-0.0676046,0.0290694
53.3,-0.340654,-0.851479,-0.0896525,0.0290694
53.4,-0.425021,-0.855914,-0.117621,0.0290694
53.5,-0.508685,-0.85195,-0.150931,0.0290694
53.6,-0.590432,-0.83929,-0.188951,0.0290694
53.7,-0.668948,-0.817752,-0.230986,0.0290694
53.8,-0.742836,-0.787281,-0.27628,0.0290694
53.9,-0.810654,-0.747968,-0.324013,0.0290694
54,-0.870955,-0.700054,-0.373306,0.0290694
54.1,-0.92234,-0.643943,-0.423225,0.0290694
54.2,-0.963509,-0.580194,-0.472799,0.0290694
54.3,-0.993322,-0.509524,-0.521033,0.0290694
54.4,-1.01085,-0.432791,-0.566925,0.0290694
54.5,-1.01542,-0.35098,-0.609496,0.0290694
54.6,-1.00668,-0.265182,-0.647809,0.0290694
54.7,-0.984571,-0.176561,-0.680996,0.0290694
54.8,-0.949393,-0.0863326,-0.708285,0.0290694
54.9,-0.901762,0.00427512,-0.729021,0.0290694
55,-0.842596,0.0940487,-0.742684,0.0290694
55.1,-0.773065,0.18182,-0.748905,0.0290694
55.2,-0.694545,0.266492,-0.747472,0.0290694
55.3,-0.608543,0.34706,-0.738328,0.0290694
55.4,-0.516637,0.422627,-0.721572,0.0290694
55.5,-0.420404,0.49241,-0.697443,0.0290694
55.6,-0.321359,0.555747,-0.666304,0.0290694
55.7,-0.220906,0.612093,-0.628625,0.0290694
55.8,-0.120295,0.661009,-0.584955,0.0290694
55.9,-0.0205954,0.702154,-0.535903,0.0290694
56,0.0773139,0.735269,-0.482111,0.0290694
56.1,0.172748,0.760164,-0.424237,0.0290694
56.2,0.265203,0.776696,-0.362928,0.0290694
56.3,0.354343,0.784762,-0.298815,0.0290694
56.4,0.439969,0.784279,-0.232488,0.0290694
56.5,0.521997,0.775173,-0.164499,0.0290694
56.6,0.600426,0.757372,-0.0953476,0.0290694
56.7,0.675315,0.730796,-0.0254855,0.0290694
56.8,0.746747,0.695356,0.0446869,0.0513328
56.9,0.814814,0.650945,0.114816,0.12366
57,0.879593,0.597446,0.184589,0.187305
57.1,0.941125,0.534726,0.25373,0.243683
57.2,0.999402,0.462646,0.321989,0.293932
57.3,1.05435,0.381062,0.389138,0.338965
57.4,1.10584,0.289836,0.454961,0.379511
57.5,1.15363,0.188838,0.519242,0.416151
57.6,1.19741,0.0779629,0.581763,0.449349
57.7,1.23675,-0.0428652,0.64229,0.479474
57.8,1.27115,-0.173676,0.700566,0.506812
57.9,1.29994,-0.314442,0.756304,0.531588
58,1.32238,-0.465062,0.809178,0.553968
58.1,1.33756,-0.625344,0.858812,0.574066
58.2,1.34446,-0.794989,0.904774,0.591954
58.3,1.34187,-0.973567,0.946571,0.607657
58.4,1.32847,-1.1605,0.983632,0.621162
58.5,1.30275,-1.35503,1.01531,0.632408
58.6,1.26305,-1.5562,1.04086,0.641282
58.7,1.20756,-1.76282,1.05945,0.647649
58.8,1.1343,-1.97346,1.07015,0.65127
58.9,1.0412,-2.1864,1.07192,0.651865
59,0.926091,-2.39962,1.06361,0.649059
59.1,0.786807,-2.61074,1.04398,0.642364
59.2,0.621248,-2.8171,1.01172,0.631147
59.3,0.427521,-3.01563,0.965419,0.614573
59.4,0.204102,-3.20299,0.903664,0.591529
59.5,-0.0499455,-3.37548,0.825047,0.560486
59.6,-0.334714,-3.52921,0.728246,0.519275
59.7,-0.649138,-3.66009,0.61211,0.464686
59.8,-0.990657,-3.76404,0.475765,0.391669
59.9,-1.35486,-3.83709,0.318756,0.291659
60,-1.73517,-3.87566,0.141188,0.148601
60.1,-2.12259,-3.87676,-0.0560977,0.148601
60.2,-2.50566,-3.8383,-0.271368,0.148601
60.3,-2.87058,-3.75938,-0.501845,0.148601
60.4,-3.20173,-3.64058,-0.743612,0.148601
60.5,-3.48253,-3.48414,-0.991582,0.148601
60.6,-3.69667,-3.29415,-1.23958,0.148601
60.7,-3.8297,-3.07647,-1.48053,0.148601
60.8,-3.87069,-2.83859,-1.70683,0.148601
60.9,-3.81383,-2.58927,-1.91078,0.148601
61,-3.65963,-2.33797,-2.08517,0.148601
61.1,-3.41541,-2.09427,-2.22385,0.148601
61.2,-3.09495,-1.86714,-2.32228,0.148601
61.3,-2.71728,-1.66432,-2.37791,0.148601
61.4,-2.30469,-1.49179,-2.39043,0.148601
61.5,-1.88051,-1.35351,-2.36175,0.148601
61.6,-1.46674,-1.25129,-2.29577,0.148601
61.7,-1.08226,-1.18491,-2.19799,0.148601
61.8,-0.741507,-1.15243,-2.07493,0.148601
61.9,-0.454037,-1.15058,-1.93369,0.148601
62,-0.224661,-1.17519,-1.78132,0.148601
62.1,-0.0541096,-1.22157,-1.62447,0.148601
62.2,0.0600328,-1.28492,-1.46908,0.148601
62.3,0.122322,-1.36054,-1.32016,0.148601
62.4,0.138537,-1.44403,-1.18176,0.148601
62.5,0.114934,-1.53139,-1.05697,0.148601
62.6,0.0577183,-1.61904,-0.947976,0.148601
62.7,-0.0272833,-1.70387,-0.856185,0.148601
62.8,-0.134772,-1.78313,-0.782346,0.148601
62.9,-0.260003,-1.8545,-0.726656,0.148601
63,-0.39872,-1.91597,-0.688867,0.148601
63.1,-0.547048,-1.96584,-0.66837,0.148601
63.2,-0.701368,-2.00273,-0.664256,0.148601
63.3,-0.858198,-2.02552,-0.675368,0.148601
63.4,-1.0141,-2.03342,-0.700329,0.148601
63.5,-1.16564,-2.02593,-0.737568,0.148601
63.6,-1.30933,-2.00289,-0.785331,0.148601
63.7,-1.44172,-1.96447,-0.841703,0.148601
63.8,-1.55943,-1.91123,-0.904626,0.148601
63.9,-1.65928,-1.84408,-0.971923,0.148601
64,-1.73845,-1.76426,-1.04134,0.148601
64.1,-1.79458,-1.6734,-1.11058,0.148601
64.2,-1.82601,-1.57336,-1.17739,0.148601
64.3,-1.83185,-1.46627,-1.2396,0.148601
64.4,-1.8121,-1.35439,-1.29521,0.148601
64.5,-1.76768,-1.24007,-1.34244,0.148601
64.6,-1.70044,-1.12562,-1.37982,0.148601
64.7,-1.61303,-1.01325,-1.40625,0.148601
64.8,-1.50878,-0.90497,-1.42101,0.148601
64.9,-1.3915,-0.802524,-1.42377,0.148601
65,-1.26523,-0.707344,-1.41465,0.148601
65.1,-1.13406,-0.620515,-1.39411,0.148601
65.2,-1.00187,-0.542769,-1.36296,0.148601
65.3,-0.872175,-0.474492,-1.32229,0.148601
65.4,-0.747986,-0.415758,-1.27339,0.148601
65.5,-0.631725,-0.366362,-1.2177,0.148601
65.6,-0.525199,-0.325872,-1.1567,0.148601
65.7,-0.429614,-0.293682,-1.09189,0.148601
65.8,-0.345623,-0.269057,-1.02471,0.148601
65.9,-0.273407,-0.251183,-0.956502,0.148601
66,-0.212755,-0.239206,-0.888473,0.148601
66.1,-0.163162,-0.232267,-0.821686,0.148601
66.2,-0.123909,-0.229526,-0.757041,0.148601
66.3,-0.0941454,-0.230178,-0.695279,0.148601
66.4,-0.0729487,-0.233473,-0.636984,0.148601
66.5,-0.059377,-0.238714,-0.582596,0.148601
66.6,-0.0525052,-0.245267,-0.532423,0.148601
66.7,-0.0514499,-0.252558,-0.486659,0.148601
66.8,-0.0553841,-0.260071,-0.445397,0.148601
66.9,-0.0635446,-0.267344,-0.408647,0.148601
67,-0.0752318,-0.273968,-0.376346,0.148601
67.1,-0.0898077,-0.279581,-0.348376,0.148601
67.2,-0.106689,-0.283865,-0.32457,0.148601
67.3,-0.12534,-0.286544,-0.304726,0.148601
67.4,-0.145267,-0.287379,-0.288611,0.148601
67.5,-0.166008,-0.286167,-0.275969,0.148601
67.6,-0.187128,-0.282744,-0.266525,0.148601
67.7,-0.208215,-0.276978,-0.259991,0.148601
67.8,-0.228876,-0.268772,-0.256069,0.148601
67.9,-0.248732,-0.258065,-0.254449,0.148601
68,-0.267422,-0.244829,-0.25482,0.148601
68.1,-0.284599,-0.229072,-0.256864,0.148601
68.2,-0.299934,-0.210837,-0.260261,0.148601
68.3,-0.31312,-0.190201,-0.264692,0.148601
68.4,-0.323872,-0.167276,-0.269841,0.148601
68.5,-0.331932,-0.142208,-0.275395,0.148601
68.6,-0.337075,-0.115175,-0.281048,0.148601
68.7,-0.339112,-0.0863846,-0.286503,0.148601
68.8,-0.337892,-0.0560739,-0.291477,0.148601
68.9,-0.333306,-0.0245048,-0.295699,0.148601
69,-0.325292,0.00803875,-0.298918,0.148601
69.1,-0.31383,0.0412537,-0.3009,0.148601
69.2,-0.29895,0.074822,-0.301438,0.148601
69.3,-0.280725,0.108415,-0.300346,0.148601
69.4,-0.259271,0.141696,-0.297466,0.148601
69.5,-0.234747,0.174325,-0.292668,0.148601
69.6,-0.207345,0.205965,-0.285853,0.148601
69.7,-0.177292,0.23628,-0.276948,0.148601
69.8,-0.144837,0.264944,-0.265912,0.148601
69.9,-0.110255,0.291638,-0.252733,0.148601
70,-0.0738327,0.316059,-0.237426,0.148601
70.1,-0.0358692,0.337917,-0.220033,0.148601
70.2,0.00333197,0.356936,-0.20062,0.148601
70.3,0.0434664,0.372861,-0.179276,0.148601
70.4,0.0842324,0.385453,-0.156111,0.148601
70.5,0.125333,0.39449,-0.131253,0.148601
70.6,0.166481,0.399771,-0.104844,0.148601
70.7,0.207394,0.401113,-0.0770418,0.148601
70.8,0.247801,0.398352,-0.0480145,0.148601
70.9,0.287439,0.391343,-0.0179393,0.148601
71,0.326049,0.37996,0.0129982,0.0153918
71.1,0.363381,0.364097,0.0446059,0.0512454
71.2,0.399183,0.343668,0.0766864,0.0854892
71.3,0.433207,0.318609,0.109037,0.11804
71.4,0.465198,0.288877,0.141451,0.148843
71.5,0.494896,0.254455,0.173715,0.177866
71.6,0.522032,0.215351,0.205614,0.205095
71.7,0.546325,0.171601,0.236924,0.230526
71.8,0.567477,0.123274,0.267416,0.254158
71.9,0.585174,0.0704736,0.296856,0.275996
72,0.599082,0.0133408,0.324997,0.296037
72.1,0.608845,-0.0479398,0.351586,0.314277
72.2,0.614088,-0.113137,0.376359,0.330698
72.3,0.614411,-0.181968,0.399038,0.345277
72.4,0.609398,-0.254093,0.419335,0.357975
72.5,0.598613,-0.329112,0.436948,0.368738
72.6,0.581609,-0.40656,0.451561,0.377495
72.7,0.557931,-0.485899,0.462846,0.384154
72.8,0.527125,-0.56652,0.470462,0.388598
72.9,0.48875,-0.647734,0.47406,0.390683
73,0.442392,-0.728774,0.47328,0.390232
73.1,0.387679,-0.808794,0.467762,0.387027
73.2,0.324304,-0.886868,0.457145,0.380801
73.3,0.252046,-0.961997,0.441079,0.371229
73.4,0.170803,-1.03311,0.419231,0.357911
73.5,0.0806178,-1.09908,0.391298,0.340349
73.6,-0.0182818,-1.15875,0.357016,0.317921
73.7,-0.125451,-1.2109,0.316181,0.289843
73.8,-0.240188,-1.25435,0.26866,0.2551
73.9,-0.361503,-1.28791,0.214416,0.212369
74,-0.488083,-1.31048,0.153522,0.159886
74.1,-0.618276,-1.32102,0.0861888,0.095248
74.2,-0.750076,-1.31866,0.0127783,0.0151362
74.3,-0.881138,-1.30267,-0.0661729,0.0151362
74.4,-1.0088,-1.27258,-0.149941,0.0151362
74.5,-1.13015,-1.22814,-0.237605,0.0151362
74.6,-1.24209,-1.16944,-0.328043,0.0151362
74.7,-1.34146,-1.09685,-0.419946,0.0151362
74.8,-1.42519,-1.01113,-0.511825,0.0151362
74.9,-1.4904,-0.913347,-0.602055,0.0151362
75,-1.53462,-0.80491,-0.688906,0.0151362
75.1,-1.55592,-0.68753,-0.770604,0.0151362
75.2,-1.55307,-0.563168,-0.845394,0.0151362
75.3,-1.52561,-0.433973,-0.911604,0.0151362
75.4,-1.47394,-0.302209,-0.967723,0.0151362
75.5,-1.39931,-0.170169,-1.01246,0.0151362
75.6,-1.30376,-0.0400954,-1.04481,0.0151362
75.7,-1.19,0.0858976,-1.06408,0.0151362
75.8,-1.06126,0.205895,-1.06994,0.0151362
75.9,-0.921079,0.31823,-1.06241,0.0151362
76,-0.773086,0.421523,-1.04185,0.0151362
76.1,-0.620832,0.514689,-1.00893,0.0151362
76.2,-0.467593,0.596944,-0.964578,0.0151362
76.3,-0.31624,0.667775,-0.909937,0.0151362
76.4,-0.169143,0.726917,-0.846282,0.0151362
76.5,-0.0281368,0.774303,-0.774968,0.0151362
76.6,0.10549,0.810026,-0.697371,0.0151362
76.7,0.230951,0.834289,-0.614833,0.0151362
76.8,0.347904,0.847363,-0.528621,0.0151362
76.9,0.456371,0.849547,-0.439895,0.0151362
77,0.556653,0.84114,-0.34969,0.0151362
77.1,0.649245,0.822415,-0.258902,0.0151362
77.2,0.734758,0.7936,-0.168291,0.0151362
77.3,0.813851,0.754872,-0.0784798,0.0151362
77.4,0.887174,0.706346,0.0100269,0.0151362
77.5,0.955327,0.648082,0.0968342,0.105983
77.6,1.01882,0.580082,0.181637,0.18476
77.7,1.07806,0.502305,0.264204,0.251718
77.8,1.13331,0.41467,0.344356,0.30938
77.9,1.18473,0.317071,0.421952,0.359589
78,1.23231,0.20939,0.496873,0.403706
78.1,1.27591,0.0915102,0.569001,0.442753
78.2,1.31524,-0.0366707,0.63821,0.477501
78.3,1.34987,-0.175222,0.704353,0.508536
78.4,1.3792,-0.324164,0.767246,0.536306
78.5,1.4025,-0.48345,0.826659,0.561143
78.6,1.41886,-0.652948,0.882308,0.583294
78.7,1.42722,-0.832416,0.93384,0.602928
78.8,1.42635,-1.02149,0.980827,0.620153
78.9,1.41482,-1.21963,1.02276,0.635014
79,1.39106,-1.42615,1.05902,0.647503
79.1,1.35328,-1.64011,1.08891,0.657554
79.2,1.2995,-1.86038,1.1116,0.665045
79.3,1.22759,-2.08553,1.12616,0.669788
79.4,1.13525,-2.31383,1.13151,0.671522
79.5,1.02007,-2.54322,1.12649,0.669896
79.6,0.879577,-2.7713,1.10978,0.664447
79.7,0.711336,-2.99527,1.07996,0.654567
79.8,0.51307,-3.21197,1.03554,0.639453
79.9,0.282839,-3.41784,0.97494,0.618029
80,0.0192654,-3.60896,0.896596,0.588819
80.1,-0.278179,-3.78114,0.798986,0.549734
80.2,-0.608828,-3.92994,0.680742,0.497685
80.3,-0.970428,-4.05087,0.540763,0.427834
80.4,-1.35872,-4.13951,0.37836,0.332001
80.5,-1.76704,-4.1918,0.193428,0.194857
80.6,-2.18599,-4.20426,-0.0133618,0.194857
80.7,-2.60328,-4.17437,-0.24037,0.194857
80.8,-3.00386,-4.10087,-0.484807,0.194857
80.9,-3.37035,-3.9841,-0.742599,0.194857
81,-3.68404,-3.82629,-1.00833,0.194857
81.1,-3.9262,-3.6317,-1.27531,0.194857
81.2,-4.07997,-3.40666,-1.53578,0.194857
81.3,-4.13232,-3.15938,-1.78126,0.194857
81.4,-4.07599,-2.89955,-2.00314,0.194857
81.5,-3.91104,-2.63774,-2.19326,0.194857
81.6,-3.64546,-2.38463,-2.34463,0.194857
81.7,-3.29487,-2.15026,-2.45205,0.194857
81.8,-2.88109,-1.94325,-2.51265,0.194857
81.9,-2.42978,-1.77019,-2.52607,0.194857
82,-1.96775,-1.6353,-2.49453,0.194857
82.1,-1.52018,-1.54035,-2.42255,0.194857
82.2,-1.10837,-1.48476,-2.3164,0.194857
82.3,-0.748375,-1.46603,-2.18356,0.194857
82.4,-0.450438,-1.48016,-2.03206,0.194857
82.5,-0.219284,-1.5222,-1.86983,0.194857
82.6,-0.0549811,-1.58667,-1.70429,0.194857
82.7,0.0459108,-1.66803,-1.54197,0.194857
82.8,0.0891341,-1.76092,-1.38835,0.194857
82.9,0.081667,-1.86037,-1.24773,0.194857
83,0.03089,-1.96188,-1.12337,0.194857
83.1,-0.0559812,-2.0615,-1.01747,0.194857
83.2,-0.172218,-2.15577,-0.931386,0.194857
83.3,-0.311704,-2.24172,-0.865727,0.194857
83.4,-0.468915,-2.31683,-0.82049,0.194857
83.5,-0.63882,-2.37898,-0.795171,0.194857
83.6,-0.816734,-2.42645,-0.788853,0.194857
83.7,-0.998181,-2.4579,-0.800273,0.194857
83.8,-1.17877,-2.47235,-0.827866,0.194857
83.9,-1.35412,-2.46926,-0.8698,0.194857
84,-1.51985,-2.44848,-0.924,0.194857
84.1,-1.67163,-2.41031,-0.988173,0.194857
84.2,-1.80526,-2.35551,-1.05984,0.194857
84.3,-1.91685,-2.28529,-1.13636,0.194857
84.4,-2.00303,-2.20129,-1.21502,0.194857
84.5,-2.06111,-2.10555,-1.29305,0.194857
84.6,-2.08933,-2.00046,-1.36774,0.194857
84.7,-2.08702,-1.88864,-1.43654,0.194857
84.8,-2.0547,-1.77286,-1.49711,0.194857
84.9,-1.9941,-1.65591,-1.54746,0.194857
85,-1.9081,-1.5405,-1.58599,0.194857
85.1,-1.80057,-1.42913,-1.61159,0.194857
85.2,-1.67612,-1.32397,-1.62367,0.194857
85.3,-1.53984,-1.22683,-1.62214,0.194857
85.4,-1.39695,-1.13906,-1.60743,0.194857
85.5,-1.25252,-1.06157,-1.58041,0.194857
85.6,-1.11118,-0.99479,-1.54232,0.194857
85.7,-0.976936,-0.938753,-1.49473,0.194857
85.8,-0.853027,-0.893107,-1.43937,0.194857
85.9,-0.741865,-0.857195,-1.37809,0.194857
86,-0.645042,-0.830122,-1.31274,0.194857
86.1,-0.563394,-0.810821,-1.24513,0.194857
86.2,-0.497098,-0.798123,-1.17692,0.194857
86.3,-0.445789,-0.790804,-1.10963,0.194857
86.4,-0.408683,-0.787641,-1.04456,0.194857
86.5,-0.384697,-0.787443,-0.982785,0.194857
86.6,-0.372547,-0.789082,-0.925193,0.194857
86.7,-0.37084,-0.791507,-0.872442,0.194857
86.8,-0.378135,-0.793761,-0.824996,0.194857
86.9,-0.392994,-0.794987,-0.783136,0.194857
87,-0.414013,-0.794426,-0.746982,0.194857
87.1,-0.439844,-0.791426,-0.716513,0.194857
87.2,-0.469204,-0.785432,-0.691581,0.194857
87.3,-0.500881,-0.775993,-0.671938,0.194857
87.4,-0.533734,-0.762753,-0.657244,0.194857
87.5,-0.566693,-0.745451,-0.647088,0.194857
87.6,-0.598758,-0.723919,-0.640999,0.194857
87.7,-0.629004,-0.69808,-0.638461,0.194857
87.8,-0.656577,-0.667944,-0.638919,0.194857
87.9,-0.680705,-0.633604,-0.641797,0.194857
88,-0.700703,-0.595233,-0.646502,0.194857
88.1,-0.715978,-0.553081,-0.652438,0.194857
88.2,-0.726038,-0.507462,-0.659015,0.194857
88.3,-0.730502,-0.458755,-0.665654,0.194857
88.4,-0.7291,-0.407389,-0.671805,0.194857
88.5,-0.721685,-0.353838,-0.676946,0.194857
88.6,-0.708226,-0.298609,-0.680601,0.194857
88.7,-0.688812,-0.242233,-0.682337,0.194857
88.8,-0.66364,-0.185252,-0.68178,0.194857
88.9,-0.633014,-0.128211,-0.678614,0.194857
89,-0.597323,-0.0716468,-0.672587,0.194857
89.1,-0.557035,-0.0160807,-0.66351,0.194857
89.2,-0.512673,0.0379913,-0.651262,0.194857
89.3,-0.464801,0.0901033,-0.635783,0.194857
89.4,-0.414005,0.139825,-0.617075,0.194857
89.5,-0.360875,0.186763,-0.595197,0.194857
89.6,-0.30599,0.230565,-0.570255,0.194857
89.7,-0.249904,0.27092,-0.542401,0.194857
89.8,-0.193132,0.307553,-0.511823,0.194857
89.9,-0.13615,0.340228,-0.478739,0.194857
90,-0.0793812,0.368744,-0.443388,0.194857
90.1,-0.0231984,0.392926,-0.406025,0.194857
90.2,0.0320762,0.412632,-0.366912,0.194857
90.3,0.0861691,0.427737,-0.326316,0.194857
90.4,0.13885,0.43814,-0.284502,0.194857
90.5,0.189927,0.443755,-0.241731,0.194857
90.6,0.239239,0.444508,-0.198253,0.194857
90.7,0.286647,0.440339,-0.154311,0.194857
90.8,0.33203,0.431197,-0.110137,0.194857
90.9,0.375275,0.417041,-0.0659497,0.194857
91,0.41627,0.397837,-0.0219602,0.194857
91.1,0.454899,0.373565,0.0216308,0.025407
91.2,0.491032,0.344213,0.06463,0.0728583
91.3,0.524525,0.309783,0.106849,0.115898
91.4,0.555212,0.270295,0.148104,0.154959
91.5,0.582903,0.225786,0.188209,0.190412
91.6,0.607376,0.176318,0.22698,0.222582
91.7,0.628381,0.121977,0.264224,0.251733
91.8,0.645634,0.0628849,0.299744,0.278089
91.9,0.658815,-0.000802054,0.333331,0.301824
92,0.667571,-0.0688841,0.364765,0.323078
92.1,0.671514,-0.141113,0.393811,0.341954
92.2,0.67022,-0.217188,0.420219,0.358521
92.3,0.663237,-0.296745,0.443719,0.372815
92.4,0.650084,-0.379355,0.464023,0.384843
92.5,0.630259,-0.464517,0.480825,0.394581
92.6,0.603246,-0.551652,0.493798,0.401971
92.7,0.568523,-0.640096,0.502597,0.406921
92.8,0.525579,-0.729102,0.50686,0.409302
92.9,0.473928,-0.817828,0.506214,0.408942
93,0.413127,-0.905345,0.500275,0.405619
93.1,0.342804,-0.990633,0.488656,0.399054
93.2,0.262686,-1.07259,0.470979,0.388898
93.3,0.17263,-1.15002,0.44688,0.374708
93.4,0.0726634,-1.22169,0.416024,0.355925
93.5,-0.0369735,-1.28628,0.37812,0.331845
93.6,-0.155786,-1.34248,0.332942,0.301555
93.7,-0.282979,-1.38893,0.280343,0.263861
93.8,-0.417413,-1.42435,0.220284,0.217164
93.9,-0.557571,-1.44749,0.152858,0.159291
94,-0.701527,-1.45723,0.0783091,0.0871616
94.1,-0.846941,-1.45262,-0.00293517,0.0871616
94.2,-0.991069,-1.4329,-0.0902471,0.0871616
94.3,-1.1308,-1.39758,-0.182779,0.0871616
94.4,-1.26273,-1.34649,-0.279453,0.0871616
94.5,-1.38326,-1.2798,-0.37896,0.0871616
94.6,-1.48876,-1.19807,-0.479769,0.0871616
94.7,-1.57571,-1.10224,-0.580153,0.0871616
94.8,-1.6409,-0.993663,-0.678231,0.0871616
94.9,-1.68165,-0.874057,-0.772015,0.0871616
95,-1.69599,-0.74547,-0.859487,0.0871616
95.1,-1.68279,-0.610215,-0.938672,0.0871616
95.2,-1.64193,-0.470787,-1.00773,0.0871616
95.3,-1.57431,-0.329774,-1.06501,0.0871616
95.4,-1.48183,-0.189748,-1.10919,0.0871616
95.5,-1.36727,-0.053177,-1.13927,0.0871616
95.6,-1.23415,0.0776728,-1.15466,0.0871616
95.7,-1.08648,0.200806,-1.15518,0.0871616
95.8,-0.928532,0.31455,-1.14107,0.0871616
95.9,-0.764556,0.417588,-1.11294,0.0871616
96,-0.598564,0.508959,-1.07176,0.0871616
96.1,-0.434136,0.588044,-1.01875,0.0871616
96.2,-0.274284,0.654533,-0.955337,0.0871616
96.3,-0.121373,0.708376,-0.883066,0.0871616
96.4,0.022894,0.749726,-0.803529,0.0871616
96.5,0.157447,0.778891,-0.718296,0.0871616
96.6,0.281778,0.796271,-0.628862,0.0871616
96.7,0.39585,0.802316,-0.536604,0.0871616
96.8,0.499989,0.797482,-0.442755,0.0871616
96.9,0.59478,0.782204,-0.348385,0.0871616
97,0.68097,0.756866,-0.254396,0.0871616
97.1,0.759374,0.721794,-0.161533,0.0871616
97.2,0.830814,0.677245,-0.0703893,0.0871616
97.3,0.896056,0.623407,0.0185739,0.0218866
97.4,0.955769,0.560405,0.105007,0.114088
97.5,1.0105,0.488308,0.188653,0.190791
97.6,1.06066,0.407137,0.269324,0.255601
97.7,1.1065,0.316882,0.34688,0.311095
97.8,1.14811,0.217515,0.421214,0.359134
97.9,1.18544,0.109002,0.492227,0.401082
98,1.21827,-0.00867514,0.55982,0.437952
98.1,1.24623,-0.135509,0.623873,0.470503
98.2,1.26881,-0.271445,0.684236,0.499306
98.3,1.28533,-0.416364,0.740715,0.524785
98.4,1.29497,-0.570065,0.793067,0.547259
98.5,1.29676,-0.732244,0.840983,0.566943
98.6,1.28957,-0.902476,0.884084,0.583984
98.7,1.27213,-1.08019,0.921914,0.598457
98.8,1.24302,-1.26465,0.953932,0.610371
98.9,1.20066,-1.45491,0.979505,0.619677
99,1.14333,-1.64985,0.997903,0.626262
99.1,1.06922,-1.84806,1.0083,0.629942
99.2,0.976401,-2.0479,1.00976,0.630458
99.3,0.862906,-2.24744,1.00127,0.627456
99.4,0.726781,-2.44443,0.981704,0.620469
99.5,0.56618,-2.63634,0.949877,0.608878
99.6,0.379477,-2.8203,0.904544,0.591865
99.7,0.165427,-2.99316,0.844443,0.568334
99.8,-0.0766452,-3.15152,0.768339,0.536775
99.9,-0.346603,-3.29175,0.675087,0.495049
100,-0.643234,-3.41012,0.563715,0.439995
100.1,-0.963951,-3.50289,0.433521,0.366662
100.2,-1.3045,-3.56647,0.284196,0.266718
100.3,-1.65868,-3.59764,0.115956,0.124762
100.4,-2.01821,-3.59373,-0.0703109,0.124762
100.5,-2.37261,-3.55292,-0.272909,0.124762
100.6,-2.70946,-3.47446,-0.489209,0.124762
100.7,-3.01479,-3.35891,-0.715572,0.124762
100.8,-3.27389,-3.20835,-0.947331,0.124762
100.9,-3.47235,-3.02646,-1.17887,0.124762
101,-3.5974,-2.81854,-1.4038,0.124762
101.1,-3.63935,-2.59129,-1.61526,0.124762
101.2,-3.59294,-2.35256,-1.80634,0.124762
101.3,-3.45831,-2.11085,-1.97053,0.124762
101.4,-3.2415,-1.87482,-2.10224,0.124762
101.5,-2.95414,-1.65263,-2.19725,0.124762
101.6,-2.61249,-1.45142,-2.25311,0.124762
101.7,-2.23588,-1.27688,-2.26929,0.124762
101.8,-1.84474,-1.13293,-2.24722,0.124762
101.9,-1.45869,-1.0216,-2.19013,0.124762
102,-1.09489,-0.943151,-2.10269,0.124762
102.1,-0.766895,-0.896264,-1.99059,0.124762
102.2,-0.484076,-0.878372,-1.86008,0.124762
102.3,-0.251689,-0.886027,-1.71748,0.124762
102.4,-0.0713201,-0.915259,-1.56886,0.124762
102.5,0.0583707,-0.961887,-1.41968,0.124762
102.6,0.140806,-1.02177,-1.27468,0.124762
102.7,0.180687,-1.09096,-1.13773,0.124762
102.8,0.18331,-1.16585,-1.01187,0.124762
102.9,0.154062,-1.24319,-0.899316,0.124762
103,0.098072,-1.32009,-0.801589,0.124762
103.1,0.0200354,-1.39403,-0.719593,0.124762
103.2,-0.075857,-1.46281,-0.653721,0.124762
103.3,-0.185894,-1.52455,-0.603954,0.124762
103.4,-0.30677,-1.57758,-0.569944,0.124762
103.5,-0.435483,-1.62052,-0.551075,0.124762
103.6,-0.569225,-1.65218,-0.546516,0.124762
103.7,-0.705289,-1.67161,-0.555251,0.124762
103.8,-0.840989,-1.67808,-0.576107,0.124762
103.9,-0.973615,-1.6711,-0.607765,0.124762
104,-1.10041,-1.65044,-0.648771,0.124762
104.1,-1.21859,-1.61612,-0.697546,0.124762
104.2,-1.32541,-1.56849,-0.752399,0.124762
104.3,-1.41821,-1.50815,-0.811539,0.124762
104.4,-1.49455,-1.43601,-0.873104,0.124762
104.5,-1.55231,-1.35328,-0.935192,0.124762
104.6,-1.58982,-1.2614,-0.995899,0.124762
104.7,-1.60596,-1.16204,-1.05337,0.124762
104.8,-1.60027,-1.05705,-1.10586,0.124762
104.9,-1.57299,-0.948352,-1.15175,0.124762
105,-1.52507,-0.837943,-1.18968,0.124762
105.1,-1.45817,-0.727769,-1.2185,0.124762
105.2,-1.37452,-0.61968,-1.23739,0.124762
105.3,-1.27685,-0.515365,-1.24581,0.124762
105.4,-1.16824,-0.416299,-1.24358,0.124762
105.5,-1.0519,-0.323712,-1.23083,0.124762
105.6,-0.931047,-0.238565,-1.20798,0.124762
105.7,-0.808744,-0.161543,-1.17571,0.124762
105.8,-0.687759,-0.0930688,-1.13492,0.124762
105.9,-0.570473,-0.0333201,-1.08665,0.124762
106,-0.458829,0.0177374,-1.03208,0.124762
106.1,-0.354302,0.0603158,-0.972412,0.124762
106.2,-0.257918,0.0947658,-0.908861,0.124762
106.3,-0.170282,0.12154,-0.842605,0.124762
106.4,-0.0916408,0.141157,-0.774749,0.124762
106.5,-0.0219433,0.154172,-0.706301,0.124762
106.6,0.0390907,0.161151,-0.638156,0.124762
106.7,0.0919043,0.162652,-0.57109,0.124762
106.8,0.137044,0.159209,-0.505756,0.124762
106.9,0.175108,0.151326,-0.44269,0.124762
107,0.206705,0.139469,-0.382322,0.124762
107.1,0.232426,0.124069,-0.32498,0.124762
107.2,0.252814,0.105516,-0.270909,0.124762
107.3,0.268359,0.0841723,-0.220282,0.124762
107.4,0.279483,0.060368,-0.17321,0.124762
107.5,0.28654,0.0344121,-0.129758,0.124762
107.6,0.289818,0.00659609,-0.0899542,0.124762
107.7,0.289543,-0.0227999,-0.0538,0.124762
107.8,0.285885,-0.0535016,-0.0212772,0.124762
107.9,0.278967,-0.0852357,0.00764398,0.00900377
108,0.268872,-0.117725,0.0330004,0.0383374
108.1,0.255654,-0.150686,0.0548317,0.0623841
108.2,0.239345,-0.183825,0.0731779,0.0818462
108.3,0.219966,-0.216833,0.0880776,0.0971691
108.4,0.197536,-0.249392,0.0995675,0.108707
108.5,0.17208,-0.281166,0.107683,0.116715
108.6,0.143639,-0.311806,0.112459,0.121375
108.7,0.112274,-0.340952,0.113932,0.122804
108.8,0.078082,-0.368231,0.112142,0.121066
108.9,0.041195,-0.393264,0.107137,0.11618
109,0.00179289,-0.415669,0.0989748,0.108117
109.1,-0.0398931,-0.435063,0.0877272,0.0968132
109.2,-0.0835743,-0.451073,0.073484,0.0821628
109.3,-0.128901,-0.463338,0.0563568,0.0640318
109.4,-0.175458,-0.471518,0.036483,0.0422192
109.5,-0.222768,-0.4753,0.0140295,0.0166034
109.6,-0.270288,-0.474409,-0.0108041,0.0166034
109.7,-0.317416,-0.468615,-0.0377827,0.0166034
109.8,-0.363499,-0.457738,-0.0666335,0.0166034
109.9,-0.407837,-0.44166,-0.0970455,0.0166034
110,-0.4497,-0.420331,-0.128669,0.0166034
110.1,-0.488342,-0.393773,-0.161117,0.0166034
110.2,-0.523016,-0.362087,-0.193968,0.0166034
110.3,-0.552998,-0.325453,-0.226772,0.0166034
110.4,-0.577603,-0.284134,-0.259052,0.0166034
110.5,-0.596209,-0.238473,-0.290316,0.0166034
110.6,-0.608277,-0.188892,-0.320063,0.0166034
110.7,-0.613372,-0.135882,-0.347793,0.0166034
110.8,-0.611177,-0.080001,-0.373019,0.0166034
110.9,-0.601505,-0.0218588,-0.395274,0.0166034
111,-0.584308,0.0378899,-0.414127,0.0166034
111.1,-0.559681,0.0985593,-0.429189,0.0166034
111.2,-0.527855,0.159446,-0.440123,0.0166034
111.3,-0.489191,0.219839,-0.446654,0.0166034
111.4,-0.444163,0.279035,-0.448572,0.0166034
111.5,-0.393345,0.33635,-0.445738,0.0166034
111.6,-0.337383,0.391125,-0.438083,0.0166034
111.7,-0.276976,0.442738,-0.42561,0.0166034
111.8,-0.212851,0.490608,-0.40839,0.0166034
111.9,-0.14574,0.534199,-0.386557,0.0166034
112,-0.0763601,0.573021,-0.360299,0.0166034
112.1,-0.00539342,0.606633,-0.329856,0.0166034
112.2,0.0665247,0.634638,-0.295505,0.0166034
112.3,0.138816,0.65668,-0.257557,0.0166034
112.4,0.210967,0.672443,-0.216344,0.0166034
112.5,0.282527,0.681641,-0.172212,0.0166034
112.6,0.353108,0.68402,-0.125515,0.0166034
112.7,0.42238,0.679348,-0.076605,0.0166034
112.8,0.490065,0.667411,-0.0258325,0.0166034
112.9,0.555922,0.648013,0.0264628,0.0309364
113,0.619741,0.620968,0.0799516,0.0888617
113.1,0.681332,0.586105,0.134317,0.142211
113.2,0.740509,0.54326,0.189255,0.191305
113.3,0.797082,0.49228,0.244472,0.236476
113.4,0.850846,0.433027,0.299684,0.278045
113.5,0.901567,0.365375,0.354612,0.316311
113.6,0.948974,0.28922,0.408983,0.351538
113.7,0.992749,0.204481,0.462517,0.383961
113.8,1.03252,0.111108,0.514933,0.413778
113.9,1.06784,0.00909155,0.565934,0.441154
114,1.09821,-0.10153,0.615207,0.466224
114.1,1.12302,-0.22066,0.662418,0.489092
114.2,1.14159,-0.348131,0.707201,0.509829
114.3,1.15314,-0.483693,0.749156,0.528482
114.4,1.15679,-0.626995,0.787844,0.545063
114.5,1.15153,-0.777575,0.822774,0.559557
114.6,1.13628,-0.934838,0.853406,0.571918
114.7,1.1098,-1.09804,0.879138,0.582059
114.8,1.07079,-1.26627,0.899306,0.58986
114.9,1.01781,-1.43842,0.913179,0.595153
115,0.949372,-1.6132,0.919954,0.597717
115.1,0.863911,-1.78907,0.918761,0.597266
115.2,0.759862,-1.96426,0.908661,0.593436
115.3,0.635698,-2.13675,0.88866,0.585758
115.4,0.490016,-2.30427,0.857716,0.573631
115.5,0.321633,-2.4643,0.814763,0.556272
115.6,0.129719,-2.61408,0.758741,0.532643
115.7,-0.08605,-2.75064,0.688633,0.501338
115.8,-0.325307,-2.87087,0.603521,0.460394
115.9,-0.586783,-2.9716,0.502651,0.406951
116,-0.868089,-3.04964,0.385514,0.336634
116.1,-1.1655,-3.10197,0.25194,0.242298
116.2,-1.47377,-3.1259,0.102202,0.111319
116.3,-1.78602,-3.11916,-0.0628769,0.111319
116.4,-2.0937,-3.08022,-0.241814,0.111319
116.5,-2.3868,-3.00838,-0.432381,0.111319
116.6,-2.65412,-2.90402,-0.631551,0.111319
116.7,-2.88388,-2.7687,-0.835483,0.111319
116.8,-3.06452,-2.60528,-1.03959,0.111319
116.9,-3.18562,-2.41791,-1.23865,0.111319
117,-3.23899,-2.2119,-1.42707,0.111319
117.1,-3.21966,-1.99352,-1.59915,0.111319
117.2,-3.12664,-1.76969,-1.74944,0.111319
117.3,-2.96338,-1.54753,-1.87313,0.111319
117.4,-2.73771,-1.33399,-1.96642,0.111319
117.5,-2.46123,-1.13534,-2.02679,0.111319
117.6,-2.14833,-0.956831,-2.05323,0.111319
117.7,-1.81482,-0.802444,-2.04624,0.111319
117.8,-1.47654,-0.674714,-2.00783,0.111319
117.9,-1.148,-0.574744,-1.94125,0.111319
118,-0.841396,-0.502314,-1.85072,0.111319
118.1,-0.565986,-0.45609,-1.74107,0.111319
118.2,-0.327863,-0.43388,-1.61741,0.111319
118.3,-0.130129,-0.43291,-1.4848,0.111319
118.4,0.0266792,-0.450081,-1.34798,0.111319
118.5,0.144025,-0.482186,-1.21119,0.111319
118.6,0.224759,-0.52608,-1.07804,0.111319
118.7,0.272554,-0.578794,-0.951505,0.111319
118.8,0.291433,-0.637608,-0.833894,0.111319
118.9,0.285422,-0.700073,-0.726914,0.111319
119,0.258307,-0.764021,-0.631736,0.111319
119.1,0.213507,-0.82754,-0.549077,0.111319
119.2,0.154026,-0.888952,-0.479279,0.111319
119.3,0.0824598,-0.946779,-0.422388,0.111319
119.4,0.00104608,-0.999713,-0.378213,0.111319
119.5,-0.0882627,-1.0466,-0.346387,0.111319
119.6,-0.183721,-1.0864,-0.326399,0.111319
119.7,-0.283709,-1.11821,-0.317628,0.111319
119.8,-0.386667,-1.14123,-0.319364,0.111319
119.9,-0.49103,-1.15479,-0.330812,0.111319
120,-0.595191,-1.15834,-0.351106,0.111319
120.1,-0.697471,-1.15148,-0.379303,0.111319
120.2,-0.796115,-1.13394,-0.414388,0.111319
120.3,-0.8893,-1.10565,-0.455273,0.111319
120.4,-0.975169,-1.06671,-0.500795,0.111319
120.5,-1.05187,-1.01742,-0.549728,0.111319
120.6,-1.11764,-0.958278,-0.600789,0.111319
120.7,-1.17083,-0.889987,-0.652652,0.111319
120.8,-1.21002,-0.813441,-0.703975,0.111319
120.9,-1.23408,-0.729713,-0.753418,0.111319
121,-1.24224,-0.640028,-0.799682,0.111319
121.1,-1.23414,-0.545734,-0.841534,0.111319
121.2,-1.20985,-0.448261,-0.877847,0.111319
121.3,-1.16992,-0.349084,-0.907631,0.111319
121.4,-1.1153,-0.249672,-0.93006,0.111319
121.5,-1.04736,-0.151455,-0.944501,0.111319
121.6,-0.967783,-0.0557761,-0.950525,0.111319
121.7,-0.87849,0.0361371,-0.947916,0.111319
121.8,-0.781551,0.1232,-0.936672,0.111319
121.9,-0.679082,0.204487,-0.916989,0.111319
122,-0.573152,0.279241,-0.889245,0.111319
122.1,-0.4657,0.346872,-0.853971,0.111319
122.2,-0.358467,0.406949,-0.811827,0.111319
122.3,-0.252953,0.459187,-0.763561,0.111319
122.4,-0.150388,0.503424,-0.709981,0.111319
122.5,-0.0517262,0.539603,-0.651922,0.111319
122.6,0.0423461,0.567749,-0.590217,0.111319
122.7,0.131384,0.587944,-0.525672,0.111319
122.8,0.215155,0.600312,-0.459051,0.111319
122.9,0.293596,0.604994,-0.391055,0.111319
123,0.36678,0.602142,-0.32232,0.111319
123.1,0.434869,0.591899,-0.25341,0.111319
123.2,0.498082,0.574399,-0.184816,0.111319
123.3,0.556662,0.549758,-0.11696,0.111319
123.4,0.610846,0.518072,-0.0502018,0.111319
123.5,0.660844,0.47942,0.0151563,0.0179158
123.6,0.706821,0.433864,0.0788571,0.0877331
123.7,0.748885,0.381458,0.140681,0.148132
123.8,0.787072,0.322249,0.200438,0.200771
123.9,0.821344,0.256286,0.257952,0.246937
124,0.851584,0.183631,0.313062,0.287633
124.1,0.877591,0.104363,0.365602,0.323632
124.2,0.89908,0.0185915,0.4154,0.355538
124.3,0.915684,-0.0735367,0.462272,0.383818
124.4,0.926947,-0.171824,0.506009,0.408827
124.5,0.932336,-0.276011,0.546376,0.430836
124.6,0.931232,-0.385768,0.583106,0.450038
124.7,0.92294,-0.500681,0.615893,0.466565
124.8,0.906692,-0.620237,0.644393,0.480488
124.9,0.881652,-0.743817,0.668216,0.491827
125,0.846925,-0.870681,0.686928,0.500551
125.1,0.801571,-0.999956,0.700048,0.506576
125.2,0.744622,-1.13063,0.70705,0.509761
125.3,0.675107,-1.26153,0.707366,0.509904
125.4,0.592083,-1.39133,0.700391,0.506732
125.5,0.494675,-1.51856,0.685489,0.499886
125.6,0.382125,-1.64155,0.662009,0.488898
125.7,0.253863,-1.75851,0.629296,0.473163
125.8,0.109572,-1.8675,0.586716,0.451886
125.9,-0.0507129,-1.96648,0.533682,0.424021
126,-0.226515,-2.05329,0.469685,0.388146
126.1,-0.416803,-2.12578,0.394337,0.34229
126.2,-0.619886,-2.1818,0.307416,0.283608
126.3,-0.833309,-2.21933,0.208917,0.207837
126.4,-1.05378,-2.2365,0.0991119,0.108254
126.5,-1.2771,-2.23176,-0.0213992,0.108254
126.6,-1.4982,-2.20395,-0.151631,0.108254
126.7,-1.71121,-2.15239,-0.290167,0.108254
126.8,-1.90958,-2.07703,-0.435136,0.108254
126.9,-2.08641,-1.97851,-0.584201,0.108254
127,-2.23475,-1.85819,-0.734583,0.108254
127.1,-2.34806,-1.71822,-0.883126,0.108254
127.2,-2.42073,-1.56147,-1.02639,0.108254
127.3,-2.44854,-1.39149,-1.16079,0.108254
127.4,-2.4291,-1.21234,-1.28278,0.108254
127.5,-2.36222,-1.02841,-1.389,0.108254
127.6,-2.25001,-0.844247,-1.47653,0.108254
127.7,-2.09685,-0.664273,-1.54303,0.108254
127.8,-1.90908,-0.492598,-1.58689,0.108254
127.9,-1.69453,-0.33281,-1.60735,0.108254
128,-1.46191,-0.187824,-1.6045,0.108254
128.1,-1.22015,-0.059798,-1.57928,0.108254
128.2,-0.977748,0.0498997,-1.53335,0.108254
128.3,-0.742245,0.140657,-1.469,0.108254
128.4,-0.519839,0.212538,-1.38896,0.108254
128.5,-0.315181,0.266167,-1.2962,0.108254
128.6,-0.13135,0.3026,-1.19377,0.108254
128.7,0.0300478,0.323182,-1.08468,0.108254
128.8,0.168661,0.32943,-0.971717,0.108254
128.9,0.285131,0.322919,-0.857391,0.108254
129,0.38081,0.305203,-0.743879,0.108254
129.1,0.457491,0.277749,-0.632998,0.108254
129.2,0.517182,0.241906,-0.526211,0.108254
129.3,0.56192,0.198882,-0.424644,0.108254
129.4,0.593639,0.149742,-0.329129,0.108254
129.5,0.614074,0.0954177,-0.240245,0.108254
129.6,0.624719,0.0367221,-0.158358,0.108254
129.7,0.626798,-0.0256295,-0.0836743,0.108254
129.8,0.621271,-0.0909974,-0.0162742,0.108254
129.9,0.60885,-0.158794,0.0438478,0.0504115
130,0.590026,-0.228465,0.0967536,0.105903
130.1,0.565102,-0.299465,0.142537,0.149846
130.2,0.534223,-0.371246,0.181302,0.18447
130.3,0.497419,-0.44324,0.213154,0.211333
130.4,0.454633,-0.514848,0.238183,0.231523
130.5,0.405755,-0.585432,0.256466,0.245794
130.6,0.350659,-0.654307,0.268057,0.254643
130.7,0.289232,-0.720743,0.272997,0.258369
130.8,0.221403,-0.78396,0.271311,0.257103
130.9,0.147179,-0.843139,0.263022,0.250818
131,0.0666687,-0.897419,0.248152,0.239353
131.1,-0.0198822,-0.945916,0.226742,0.22239
131.2,-0.112067,-0.987735,0.198855,0.199441
131.3,-0.209288,-1.02198,0.164601,0.169825
131.4,-0.310738,-1.04779,0.124143,0.132611
131.5,-0.415379,-1.06435,0.0777176,0.0865559
131.6,-0.521934,-1.07092,0.0256482,0.0300072
131.7,-0.628886,-1.06687,-0.0316384,0.0300072
131.8,-0.734489,-1.05169,-0.0936007,0.0300072
131.9,-0.836792,-1.02506,-0.159572,0.0300072
132,-0.933682,-0.986825,-0.228757,0.0300072
132.1,-1.02294,-0.937066,-0.300227,0.0300072
132.2,-1.10232,-0.876086,-0.372929,0.0300072
132.3,-1.16963,-0.804435,-0.4457,-2.86432
132.4,-1.22284,-0.722909,-0.517285,-2.86432
132.5,-1.26016,-0.632541,-0.586364,-2.86432
132.6,-1.28018,-0.534582,-0.651594,-2.86432
132.7,-1.28192,-0.430471,-0.711644,-2.86432
132.8,-1.26492,-0.321795,-0.765239,-2.86432
132.9,-1.22928,-0.21024,-0.811212,-2.86432
133,-1.17567,-0.0975429,-0.848542,-2.86432
133.1,-1.10527,0.0145693,-0.876394,-2.86432
133.2,-1.01977,0.124427,-0.89415,-2.86432
133.3,-0.921227,0.230467,-0.901432,-2.86432
133.4,-0.811973,0.331274,-0.898106,-2.86432
133.5,-0.694492,0.425607,-0.884281,-2.86432
133.6,-0.571286,0.512417,-0.860296,-2.86432
133.7,-0.444761,0.590856,-0.82669,-2.86432
133.8,-0.317127,0.660268,-0.784171,-2.86432
133.9,-0.190317,0.720178,-0.733578,-2.86432
134,-0.0659441,0.770267,-0.675839,-2.86432
134.1,0.0547242,0.81035,-0.611929,-2.86432
134.2,0.170765,0.840344,-0.542835,-2.86432
134.3,0.281576,0.860238,-0.469524,-2.86432
134.4,0.38684,0.87007,-0.392911,-2.86432
134.5,0.486473,0.869898,-0.313843,-2.86432
134.6,0.580578,0.859783,-0.233088,-2.86432
134.7,0.669391,0.839772,-0.15132,-2.86432
134.8,0.753227,0.809884,-0.0691257,-2.86432
134.9,0.832444,0.770104,0.0129988,0.0154004
135,0.907398,0.720382,0.0946376,0.103785
135.1,0.978412,0.660627,0.175447,0.179381
135.2,1.04576,0.590715,0.255145,0.244776
135.3,1.10963,0.510491,0.333499,0.30194
135.4,1.17012,0.419777,0.41031,0.352367
135.5,1.22723,0.318379,0.485405,0.397203
135.6,1.28086,0.206103,0.558622,0.437322
135.7,1.33077,0.0827571,0.629797,0.473407
135.8,1.3766,-0.0518266,0.698754,0.505985
135.9,1.41787,-0.197783,0.765295,0.535468
136,1.45395,-0.355197,0.829184,0.56217
136.1,1.48405,-0.524084,0.890145,0.586333
136.2,1.50726,-0.704376,0.947845,0.608128
136.3,1.52246,-0.895895,1.00188,0.627674
136.4,1.52838,-1.09833,1.05179,0.645038
136.5,1.52352,-1.31122,1.097,0.660238
136.6,1.50622,-1.53391,1.13686,0.673246
136.7,1.47456,-1.76552,1.1706,0.683984
136.8,1.42643,-2.00495,1.19733,0.692324
136.9,1.35947,-2.25078,1.21606,0.698077
137,1.27114,-2.50129,1.22561,0.700986
137.1,1.1587,-2.75438,1.22471,0.700712
137.2,1.01928,-3.00757,1.21191,0.696808
137.3,0.849963,-3.25795,1.18563,0.688692
137.4,0.647919,-3.50217,1.14419,0.675599
137.5,0.410568,-3.73641,1.08577,0.656507
137.6,0.135835,-3.95644,1.00853,0.630023
137.7,-0.177541,-4.15762,0.910629,0.594185
137.8,-0.529608,-4.335,0.790348,0.546117
137.9,-0.918736,-4.48348,0.646196,0.481356
138,-1.34109,-4.59793,0.477084,0.392429
138.1,-1.7901,-4.67351,0.282519,0.265476
138.2,-2.256,-4.70597,0.0628316,0.0709492
138.3,-2.72547,-4.69201,-0.180578,0.0709492
138.4,-3.1817,-4.62971,-0.445007,0.0709492
138.5,-3.60471,-4.51894,-0.72625,0.0709492
138.6,-3.97241,-4.36173,-1.01849,0.0709492
138.7,-4.26216,-4.16252,-1.31431,0.0709492
138.8,-4.45296,-3.92826,-1.60493,0.0709492
138.9,-4.52802,-3.66819,-1.88055,0.0709492
139,-4.47732,-3.39344,-2.13106,0.0709492
139.1,-4.29965,-3.11628,-2.34673,0.0709492
139.2,-4.00373,-2.84925,-2.51913,0.0709492
139.3,-3.60789,-2.60416,-2.64196,0.0709492
139.4,-3.13837,-2.39109,-2.71163,0.0709492
139.5,-2.6264,-2.21768,-2.72768,0.0709492
139.6,-2.10459,-2.08864,-2.69275,0.0709492
139.7,-1.60343,-2.0057,-2.61227,0.0709492
139.8,-1.14839,-1.96773,-2.4938,0.0709492
139.9,-0.758186,-1.97132,-2.34632,0.0709492
140,-0.444204,-2.01129,-2.17937,0.0709492
140.1,-0.210994,-2.08141,-2.00232,0.0709492
140.2,-0.0574778,-2.17496,-1.82381,0.0709492
140.3,0.0215197,-2.2852,-1.65134,0.0709492
140.4,0.0337266,-2.40573,-1.49106,0.0709492
140.5,-0.0118848,-2.53066,-1.34774,0.0709492
140.6,-0.106071,-2.65478,-1.22483,0.0709492
140.7,-0.239932,-2.77352,-1.12456,0.0709492
140.8,-0.40522,-2.88295,-1.04815,0.0709492
140.9,-0.594401,-2.97976,-0.995959,0.0709492
141,-0.800575,-3.06122,-0.96761,0.0709492
141.1,-1.0173,-3.12512,-0.96214,0.0709492
141.2,-1.23844,-3.1698,-0.978076,0.0709492
141.3,-1.45794,-3.19413,-1.01351,0.0709492
141.4,-1.66983,-3.19753,-1.06613,0.0709492
141.5,-1.86814,-3.18002,-1.13331,0.0709492
141.6,-2.04704,-3.14222,-1.21207,0.0709492
141.7,-2.20099,-3.08535,-1.29919,0.0709492
141.8,-2.32499,-3.01127,-1.39126,0.0709492
141.9,-2.41492,-2.92237,-1.48475,0.0709492
142,-2.46781,-2.82156,-1.57613,0.0709492
142.1,-2.48216,-2.71211,-1.66199,0.0709492
142.2,-2.45813,-2.59753,-1.73917,0.0709492
142.3,-2.39765,-2.48142,-1.80494,0.0709492
142.4,-2.30433,-2.36727,-1.85707,0.0709492
142.5,-2.18329,-2.2583,-1.89398,0.0709492
142.6,-2.04081,-2.15729,-1.91476,0.0709492
142.7,-1.8839,-2.06652,-1.91925,0.0709492
142.8,-1.71982,-1.9876,-1.90798,0.0709492
142.9,-1.55561,-1.92153,-1.8821,0.0709492
143,-1.39765,-1.86864,-1.84332,0.0709492
143.1,-1.2514,-1.82869,-1.79372,0.0709492
143.2,-1.12113,-1.8009,-1.73567,0.0709492
143.3,-1.00988,-1.7841,-1.67165,0.0709492
143.4,-0.919484,-1.7768,-1.60413,0.0709492
143.5,-0.850663,-1.7773,-1.53548,0.0709492
143.6,-0.803189,-1.78378,-1.46784,0.0709492
143.7,-0.776066,-1.79443,-1.40313,0.0709492
143.8,-0.767717,-1.80743,-1.34291,0.0709492
143.9,-0.776155,-1.82108,-1.28846,0.0709492
144,-0.799126,-1.8338,-1.24071,0.0709492
144.1,-0.834228,-1.84419,-1.2003,0.0709492
144.2,-0.878997,-1.85099,-1.16756,0.0709492
144.3,-0.930973,-1.85317,-1.14257,0.0709492
144.4,-0.987748,-1.84986,-1.12515,0.0709492
144.5,-1.047,-1.84042,-1.11493,0.0709492
144.6,-1.1065,-1.82439,-1.11135,0.0709492
144.7,-1.16418,-1.80151,-1.1137,0.0709492
144.8,-1.21813,-1.77171,-1.12115,0.0709492
144.9,-1.26659,-1.73512,-1.13277,0.0709492
145,-1.30805,-1.69203,-1.14757,0.0709492
145.1,-1.34122,-1.64289,-1.16452,0.0709492
145.2,-1.36512,-1.5883,-1.18257,0.0709492
145.3,-1.379,-1.52895,-1.20069,0.0709492
145.4,-1.38249,-1.46567,-1.21791,0.0709492
145.5,-1.3755,-1.39932,-1.23332,0.0709492
145.6,-1.35827,-1.33081,-1.2461,0.0709492
145.7,-1.33134,-1.26105,-1.25554,0.0709492
145.8,-1.29552,-1.19094,-1.26109,0.0709492
145.9,-1.25184,-1.12131,-1.26231,0.0709492
146,-1.20152,-1.05294,-1.25893,0.0709492
146.1,-1.14591,-0.986509,-1.25081,0.0709492
146.2,-1.08639,-0.922584,-1.23797,0.0709492
146.3,-1.02437,-0.861623,-1.22056,0.0709492
146.4,-0.961194,-0.803966,-1.19884,0.0709492
146.5,-0.898114,-0.749836,-1.17317,0.0709492
146.6,-0.836242,-0.699347,-1.14399,0.0709492
146.7,-0.776531,-0.652511,-1.11179,0.0709492
146.8,-0.719757,-0.609253,-1.07712,0.0709492
146.9,-0.666514,-0.569424,-1.0405,0.0709492
147,-0.617223,-0.532815,-1.0025,0.0709492
147.1,-0.572136,-0.49917,-0.963618,0.0709492
147.2,-0.531357,-0.468205,-0.924356,0.0709492
147.3,-0.494862,-0.439616,-0.885159,0.0709492
147.4,-0.462519,-0.41309,-0.84642,0.0709492
147.5,-0.43411,-0.388319,-0.808483,0.0709492
147.6,-0.409351,-0.365003,-0.771631,0.0709492
147.7,-0.387912,-0.342858,-0.736094,0.0709492
147.8,-0.369432,-0.321623,-0.702044,0.0709492
147.9,-0.353536,-0.301059,-0.669604,0.0709492
148,-0.339843,-0.280956,-0.638848,0.0709492
148.1,-0.327979,-0.261129,-0.609807,0.0709492
148.2,-0.317578,-0.241426,-0.582474,0.0709492
148.3,-0.308297,-0.221719,-0.556809,0.0709492
148.4,-0.299811,-0.20191,-0.532744,0.0709492
148.5,-0.29182,-0.181929,-0.510188,0.0709492
148.6,-0.284051,-0.161728,-0.489031,0.0709492
148.7,-0.276258,-0.141288,-0.469149,0.0709492
148.8,-0.26822,-0.12061,-0.450407,0.0709492
148.9,-0.259747,-0.0997159,-0.432664,0.0709492
149,-0.250673,-0.078649,-0.415775,0.0709492
149.1,-0.240861,-0.0574689,-0.399595,0.0709492
149.2,-0.230199,-0.0362514,-0.383981,0.0709492
149.3,-0.218598,-0.0150865,-0.368793,0.0709492
149.4,-0.205997,0.00592359,-0.353899,0.0709492
149.5,-0.192355,0.0266661,-0.339173,0.0709492
149.6,-0.177654,0.0470194,-0.324498,0.0709492
149.7,-0.161895,0.0668549,-0.30977,0.0709492
149.8,-0.145101,0.0860385,-0.294894,0.0709492
149.9,-0.127311,0.104433,-0.279786,0.0709492
150,-0.10858,0.121897,-0.264377,0.0709492
150.1,-0.0889784,0.138291,-0.24861,0.0709492
150.2,-0.0685903,0.153476,-0.232438,0.0709492
150.3,-0.0475115,0.167312,-0.215832,0.0709492
150.4,-0.0258484,0.179665,-0.19877,0.0709492
150.5,-0.00371661,0.190405,-0.181247,0.0709492
150.6,0.0187603,0.199408,-0.163268,0.0709492
150.7,0.0414517,0.206556,-0.144849,0.0709492
150.8,0.0642213,0.211738,-0.126019,0.0709492
150.9,0.0869275,0.214853,-0.106815,0.0709492
151,0.109425,0.215809,-0.0872878,0.0709492
151.1,0.131563,0.214524,-0.0674938,0.0709492
151.2,0.153189,0.210927,-0.0475003,0.0709492
151.3,0.174147,0.204961,-0.0273824,0.0709492
151.4,0.194278,0.196581,-0.00722338,0.0709492
151.5,0.213419,0.185756,0.0128864,0.0152675
151.6,0.231407,0.172471,0.0328496,0.0381685
151.7,0.248073,0.156725,0.0525621,0.0599454
151.8,0.263247,0.138538,0.071914,0.0805227
151.9,0.276756,0.117945,0.0907891,0.0999122
152,0.288425,0.0950029,0.109066,0.118069
152.1,0.298076,0.0697893,0.126618,0.134962
152.2,0.30553,0.0424036,0.143313,0.150562
152.3,0.310605,0.0129688,0.159015,0.164836
152.4,0.31312,-0.0183669,0.173583,0.177751
152.5,0.312898,-0.0514294,0.186874,0.189268
152.6,0.309761,-0.0860177,0.198739,0.199343
152.7,0.303538,-0.121902,0.209028,0.207928
152.8,0.294066,-0.158824,0.21759,0.214969
152.9,0.281194,-0.196497,0.224272,0.220398
153,0.264784,-0.234602,0.228924,0.224144
153.1,0.244719,-0.272794,0.231395,0.226124
153.2,0.220908,-0.310696,0.231541,0.226241
153.3,0.193288,-0.347906,0.229224,0.224384
153.4,0.161834,-0.383997,0.224313,0.22043
153.5,0.126566,-0.418519,0.216691,0.214233
153.6,0.0875537,-0.451004,0.206257,0.205631
153.7,0.044927,-0.480968,0.192926,0.194431
153.8,-0.00111871,-0.507922,0.176641,0.180423
153.9,-0.0503142,-0.531373,0.157369,0.163358
154,-0.10231,-0.550836,0.135111,0.142956
154.1,-0.156671,-0.565841,0.109904,0.118889
154.2,-0.212872,-0.575943,0.0818299,0.0907829
154.3,-0.2703,-0.580732,0.0510143,0.0582514
154.4,-0.328249,-0.579844,0.0176351,0.0207968
154.5,-0.38593,-0.572975,-0.0180759,0.0207968
154.6,-0.442479,-0.55989,-0.0558299,0.0207968
154.7,-0.496966,-0.540431,-0.0952804,0.0207968
154.8,-0.548419,-0.514533,-0.136023,0.0207968
154.9,-0.595838,-0.482228,-0.177597,0.0207968
155,-0.638227,-0.443651,-0.219493,0.0207968
155.1,-0.674619,-0.399047,-0.261152,0.0207968
155.2,-0.704108,-0.348768,-0.301983,0.0207968
155.3,-0.725881,-0.293273,-0.341368,0.0207968
155.4,-0.73925,-0.233122,-0.378675,0.0207968
155.5,-0.743675,-0.168966,-0.413275,0.0207968
155.6,-0.738793,-0.101539,-0.444555,0.0207968
155.7,-0.724432,-0.0316366,-0.471936,0.0207968
155.8,-0.700619,0.0398955,-0.494887,0.0207968
155.9,-0.667579,0.112181,-0.512938,0.0207968
156,-0.625731,0.184333,-0.525698,0.0207968
156.1,-0.575664,0.25547,-0.532858,0.0207968
156.2,-0.518117,0.324732,-0.534203,0.0207968
156.3,-0.453943,0.391301,-0.529617,0.0207968
156.4,-0.38408,0.454404,-0.519077,0.0207968
156.5,-0.309505,0.51333,-0.502657,0.0207968
156.6,-0.231208,0.567433,-0.480514,0.0207968
156.7,-0.150154,0.616133,-0.452887,0.0207968
156.8,-0.0672529,0.658917,-0.420079,0.0207968
156.9,0.0166585,0.695336,-0.382449,0.0207968
157,0.100836,0.724998,-0.340396,0.0207968
157.1,0.184634,0.747563,-0.294348,0.0207968
157.2,0.267513,0.762735,-0.244749,0.0207968
157.3,0.349031,0.770252,-0.192045,0.0207968
157.4,0.428837,0.769879,-0.136679,0.0207968
157.5,0.506665,0.761403,-0.0790819,0.0207968
157.6,0.582311,0.744621,-0.0196634,0.0207968
157.7,0.655623,0.719339,0.0411874,0.047472
157.8,0.726483,0.685367,0.103106,0.112213
157.9,0.79479,0.642516,0.165753,0.170849
158,0.860447,0.590598,0.228812,0.224053
158.1,0.92334,0.529425,0.291984,0.272445
158.2,0.98333,0.458812,0.354992,0.316565
158.3,1.04024,0.378582,0.417564,0.35688
158.4,1.09383,0.28857,0.479439,0.393785
158.5,1.14381,0.188628,0.540354,0.427615
158.6,1.18982,0.078635,0.60004,0.458644
158.7,1.23138,-0.0414933,0.658212,0.487098
158.8,1.26797,-0.171795,0.714568,0.513157
158.9,1.29891,-0.312247,0.768776,0.536962
159,1.32344,-0.462756,0.820466,0.558613
159.1,1.34067,-0.623133,0.869225,0.578178
159.2,1.34956,-0.793085,0.91459,0.595688
159.3,1.34893,-0.972189,0.956033,0.611142
159.4,1.33745,-1.15987,0.992958,0.624501
159.5,1.31362,-1.35539,1.02469,0.635689
159.6,1.27579,-1.55778,1.05048,0.644589
159.7,1.22213,-1.76589,1.06946,0.651036
159.8,1.15068,-1.97828,1.08068,0.654807
159.9,1.05933,-2.19323,1.08309,0.655612
160,0.945912,-2.40874,1.07552,0.653078
160.1,0.808204,-2.62245,1.05673,0.646723
160.2,0.644064,-2.83167,1.02536,0.63592
160.3,0.451535,-3.03336,0.97999,0.619852
160.4,0.229013,-3.22413,0.91918,0.597425
160.5,-0.0245396,-3.4003,0.841485,0.567145
160.6,-0.309328,-3.5579,0.745541,0.526899
160.7,-0.624418,-3.69283,0.630148,0.473578
160.8,-0.967384,-3.80092,0.494376,0.402298
160.9,-1.33395,-3.87814,0.337704,0.304835
161,-1.71765,-3.9208,0.160168,0.16587
161.1,-2.10959,-3.92579,-0.0374669,0.16587
161.2,-2.49829,-3.8909,-0.253536,0.16587
161.3,-2.86993,-3.8151,-0.485326,0.16587
161.4,-3.20869,-3.69884,-0.728965,0.16587
161.5,-3.49772,-3.54426,-0.979386,0.16587
161.6,-3.72031,-3.35537,-1.2304,0.16587
161.7,-3.8615,-3.13798,-1.47487,0.16587
161.8,-3.90979,-2.89962,-1.70509,0.16587
161.9,-3.85883,-2.6491,-1.91323,0.16587
162,-3.70868,-2.39603,-2.09188,0.16587
162.1,-3.46635,-2.15016,-2.23471,0.16587
162.2,-3.14552,-1.92067,-2.33694,0.16587
162.3,-2.76534,-1.71552,-2.39588,0.16587
162.4,-2.34848,-1.54089,-2.41107,0.16587
162.5,-1.91875,-1.40092,-2.38434,0.16587
162.6,-1.49877,-1.29752,-2.31955,0.16587
162.7,-1.10799,-1.23054,-2.22224,0.16587
162.8,-0.761371,-1.19807,-2.09904,0.16587
162.9,-0.468878,-1.19679,-1.95714,0.16587
163,-0.23558,-1.22245,-1.80375,0.16587
163.1,-0.0623375,-1.27028,-1.64567,0.16587
163.2,0.0532483,-1.33537,-1.48896,0.16587
163.3,0.115803,-1.41291,-1.33878,0.16587
163.4,0.131228,-1.49838,-1.19926,0.16587
163.5,0.10593,-1.5877,-1.07357,0.16587
163.6,0.0462756,-1.67719,-0.963968,0.16587
163.7,-0.0417509,-1.76367,-0.871886,0.16587
163.8,-0.152702,-1.84435,-0.798094,0.16587
163.9,-0.281691,-1.91683,-0.742792,0.16587
164,-0.42433,-1.97907,-0.70572,0.16587
164.1,-0.576613,-2.02935,-0.686248,0.16587
164.2,-0.734793,-2.06626,-0.683434,0.16587
164.3,-0.895258,-2.0887,-0.69608,0.16587
164.4,-1.05444,-2.09587,-0.722759,0.16587
164.5,-1.20876,-2.0873,-0.761841,0.16587
164.6,-1.35462,-2.06287,-0.811508,0.16587
164.7,-1.48844,-2.0228,-0.869775,0.16587
164.8,-1.60675,-1.96773,-0.934508,0.16587
164.9,-1.70629,-1.89862,-1.00346,0.16587
165,-1.78421,-1.81684,-1.07429,0.16587
165.1,-1.83818,-1.72408,-1.14466,0.16587
165.2,-1.86657,-1.62231,-1.21223,0.16587
165.3,-1.86863,-1.51376,-1.27481,0.16587
165.4,-1.84451,-1.40076,-1.33036,0.16587
165.5,-1.79535,-1.28574,-1.3771,0.16587
165.6,-1.72321,-1.17104,-1.41358,0.16587
165.7,-1.631,-1.05891,-1.43874,0.16587
165.8,-1.52228,-0.951357,-1.45189,0.16587
165.9,-1.40107,-0.85011,-1.45281,0.16587
166,-1.2716,-0.756558,-1.44167,0.16587
166.1,-1.13808,-0.671727,-1.41904,0.16587
166.2,-1.00447,-0.596274,-1.38583,0.16587
166.3,-0.874325,-0.530505,-1.3432,0.16587
166.4,-0.750632,-0.474405,-1.29254,0.16587
166.5,-0.635758,-0.427681,-1.23533,0.16587
166.6,-0.531427,-0.389817,-1.17314,0.16587
166.7,-0.43874,-0.360125,-1.10749,0.16587
166.8,-0.358239,-0.337798,-1.03986,0.16587
166.9,-0.289988,-0.321956,-0.971598,0.16587
167,-0.233668,-0.311691,-0.903917,0.16587
167.1,-0.188671,-0.306092,-0.837871,0.16587
167.2,-0.154186,-0.304278,-0.774344,0.16587
167.3,-0.12928,-0.305412,-0.714051,0.16587
167.4,-0.112958,-0.308713,-0.657549,0.16587
167.5,-0.104215,-0.313463,-0.605245,0.16587
167.6,-0.102065,-0.31901,-0.557414,0.16587
167.7,-0.105571,-0.324766,-0.51421,0.16587
167.8,-0.113853,-0.330208,-0.475689,0.16587
167.9,-0.126096,-0.334872,-0.441819,0.16587
168,-0.141546,-0.33835,-0.412499,0.16587
168.1,-0.159513,-0.340288,-0.387566,0.16587
168.2,-0.179358,-0.340382,-0.366812,0.16587
168.3,-0.20049,-0.338377,-0.349987,0.16587
168.4,-0.222358,-0.334059,-0.336815,0.16587
168.5,-0.244446,-0.327262,-0.326992,0.16587
168.6,-0.266268,-0.317862,-0.320196,0.16587
168.7,-0.287364,-0.305774,-0.316092,0.16587
168.8,-0.307299,-0.29096,-0.314333,0.16587
168.9,-0.325662,-0.273418,-0.314566,0.16587
169,-0.342068,-0.253189,-0.316433,0.16587
169.1,-0.35616,-0.230357,-0.319574,0.16587
169.2,-0.367611,-0.20504,-0.323631,0.16587
169.3,-0.376129,-0.177397,-0.328253,0.16587
169.4,-0.381463,-0.147624,-0.333093,0.16587
169.5,-0.383402,-0.115949,-0.337818,0.16587
169.6,-0.381782,-0.0826302,-0.342106,0.16587
169.7,-0.376491,-0.0479553,-0.345655,0.16587
169.8,-0.367466,-0.0122346,-0.348183,0.16587
169.9,-0.354697,0.0242015,-0.34943,0.16587
170,-0.338228,0.0610077,-0.349163,0.16587
170.1,-0.318152,0.0978278,-0.34718,0.16587
170.2,-0.294611,0.1343,-0.343305,0.16587
170.3,-0.267789,0.170059,-0.337399,0.16587
170.4,-0.237912,0.204743,-0.329353,0.16587
170.5,-0.205237,0.237998,-0.319091,0.16587
170.6,-0.170047,0.269477,-0.306573,0.16587
170.7,-0.132648,0.298847,-0.291788,0.16587
170.8,-0.0933574,0.325788,-0.274757,0.16587
170.9,-0.0525013,0.349999,-0.255529,0.16587
171,-0.0104076,0.371197,-0.234181,0.16587
171.1,0.0325986,0.389115,-0.210812,0.16587
171.2,0.076199,0.40351,-0.185542,0.16587
171.3,0.120085,0.414154,-0.158513,0.16587
171.4,0.163958,0.420843,-0.129877,0.16587
171.5,0.207534,0.423388,-0.0998034,0.16587
171.6,0.250539,0.421622,-0.0684705,0.16587
171.7,0.29271,0.415396,-0.0360652,0.16587
171.8,0.333795,0.404579,-0.00278103,0.16587
171.9,0.373546,0.389061,0.0311829,0.0362938
172,0.411721,0.368749,0.0656231,0.0739103
172.1,0.448076,0.343571,0.100333,0.109467
172.2,0.482365,0.313478,0.135101,0.142946
172.3,0.514336,0.278441,0.169713,0.174351
172.4,0.543724,0.238458,0.203952,0.20371
172.5,0.570251,0.193555,0.237592,0.231055
172.6,0.593623,0.143788,0.270406,0.256418
172.7,0.613524,0.0892455,0.302156,0.279831
172.8,0.629615,0.0300569,0.332596,0.301317
172.9,0.641534,-0.0336075,0.361473,0.320894
173,0.648892,-0.10153,0.388518,0.338566
173.1,0.651275,-0.17344,0.413452,0.354327
173.2,0.648242,-0.249009,0.435982,0.368154
173.3,0.639331,-0.327848,0.455799,0.380006
173.4,0.62406,-0.409495,0.472578,0.389825
173.5,0.601931,-0.493418,0.485979,0.39753
173.6,0.572444,-0.579006,0.495647,0.403015
173.7,0.5351,-0.665562,0.501213,0.406146
173.8,0.489419,-0.752307,0.502296,0.406752
173.9,0.434958,-0.838373,0.498507,0.404626
174,0.371329,-0.922803,0.489456,0.39951
174.1,0.298225,-1.00456,0.474754,0.391085
174.2,0.215453,-1.08252,0.454029,0.378959
174.3,0.122962,-1.15549,0.426928,0.362643
174.4,0.0208868,-1.22224,0.393139,0.341525
174.5,-0.0904127,-1.28146,0.352401,0.314825
174.6,-0.210311,-1.33187,0.304527,0.281537
174.7,-0.337871,-1.37216,0.249419,0.24034
174.8,-0.471812,-1.40111,0.187096,0.189459
174.9,-0.610473,-1.41754,0.117715,0.126457
175,-0.751797,-1.42045,0.0415944,0.0479242
175.1,-0.893335,-1.40898,-0.0407626,0.0479242
175.2,-1.03226,-1.38252,-0.128649,0.0479242
175.3,-1.16543,-1.34072,-0.22114,0.0479242
175.4,-1.28947,-1.28355,-0.317088,0.0479242
175.5,-1.40086,-1.21135,-0.415125,0.0479242
175.6,-1.49613,-1.12481,-0.51368,0.0479242
175.7,-1.57201,-1.02503,-0.611009,0.0479242
175.8,-1.62559,-0.913461,-0.70524,0.0479242
175.9,-1.65457,-0.791911,-0.794427,0.0479242
176,-1.65737,-0.66248,-0.876628,0.0479242
176.1,-1.6333,-0.52749,-0.949974,0.0479242
176.2,-1.58263,-0.389405,-1.01276,0.0479242
176.3,-1.50662,-0.25074,-1.0635,0.0479242
176.4,-1.40744,-0.11396,-1.10105,0.0479242
176.5,-1.28806,0.0186075,-1.12458,0.0479242
176.6,-1.15206,0.144852,-1.13367,0.0479242
176.7,-1.00341,0.262946,-1.12831,0.0479242
176.8,-0.84622,0.371383,-1.10888,0.0479242
176.9,-0.684512,0.468998,-1.07608,0.0479242
177,-0.522002,0.554965,-1.03095,0.0479242
177.1,-0.361943,0.628774,-0.974741,0.0479242
177.2,-0.207014,0.690196,-0.908881,0.0479242
177.3,-0.0592698,0.73923,-0.834879,0.0479242
177.4,0.0798615,0.776057,-0.754267,0.0479242
177.5,0.209534,0.800981,-0.66854,0.0479242
177.6,0.32941,0.814383,-0.579103,0.0479242
177.7,0.439568,0.816677,-0.487242,0.0479242
177.8,0.5404,0.80827,-0.394095,0.0479242
177.9,0.632513,0.789543,-0.300644,0.0479242
178,0.716643,0.760822,-0.207712,0.0479242
178.1,0.793568,0.722374,-0.115973,0.0479242
178.2,0.864054,0.674401,-0.0259609,0.0479242
178.3,0.928801,0.617038,0.0619103,0.0699705
178.4,0.988409,0.550361,0.147328,0.154247
178.5,1.04335,0.474393,0.230061,0.225056
178.6,1.09396,0.389119,0.309937,0.285409
178.7,1.14042,0.294495,0.386827,0.337479
178.8,1.18277,0.190464,0.460622,0.382849
178.9,1.22088,0.0769709,0.531222,0.422689
179,1.25449,-0.0460235,0.598515,0.457875
179.1,1.28316,-0.178523,0.662367,0.489067
179.2,1.30631,-0.320481,0.722609,0.516763
179.3,1.32322,-0.471781,0.779027,0.541334
179.4,1.33301,-0.632219,0.831348,0.563049
179.5,1.33464,-0.801481,0.879235,0.582097
179.6,1.3269,-0.979122,0.922278,0.598593
179.7,1.30845,-1.16455,0.959981,0.612588
179.8,1.27777,-1.35698,0.991762,0.624074
179.9,1.23319,-1.55544,1.01694,0.63298
180,1.17289,-1.75872,1.03473,0.639175
180.1,1.09492,-1.96535,1.04426,0.642458
180.2,0.997218,-2.1736,1.04452,0.642547
180.3,0.877693,-2.38142,1.03442,0.639065
180.4,0.734251,-2.58644,1.01276,0.631513
180.5,0.564912,-2.78596,0.978278,0.619234
180.6,0.367941,-2.97696,0.929638,0.601357
180.7,0.142014,-3.15608,0.86549,0.576707
180.8,-0.113563,-3.31972,0.784514,0.543658
180.9,-0.398595,-3.46404,0.685493,0.499888
181,-0.711698,-3.58508,0.567396,0.441917
181.1,-1.04997,-3.67891,0.429494,0.36421
181.2,-1.40867,-3.74178,0.27149,0.257236
181.3,-1.78091,-3.77033,0.0936694,0.10278
181.4,-2.15752,-3.76186,-0.102947,0.10278
181.5,-2.52695,-3.7146,-0.316444,0.10278
181.6,-2.87555,-3.62797,-0.543888,0.10278
181.7,-3.18812,-3.50284,-0.781245,0.10278
181.8,-3.44876,-3.34176,-1.02337,0.10278
181.9,-3.64215,-3.14898,-1.26412,0.10278
182,-3.75504,-2.93049,-1.49657,0.10278
182.1,-3.77787,-2.69373,-1.71333,0.10278
182.2,-3.70617,-2.44728,-1.90708,0.10278
182.3,-3.54156,-2.20032,-2.07104,0.10278
182.4,-3.29214,-1.96198,-2.19954,0.10278
182.5,-2.97193,-1.74074,-2.28851,0.10278
182.6,-2.59967,-1.54381,-2.33587,0.10278
182.7,-2.19685,-1.3767,-2.34164,0.10278
182.8,-1.7856,-1.24294,-2.30795,0.10278
182.9,-1.38655,-1.14405,-2.23877,0.10278
183,-1.01716,-1.07962,-2.13951,0.10278
183.1,-0.690615,-1.04768,-2.01652,0.10278
183.2,-0.415509,-1.04503,-1.87661,0.10278
183.3,-0.195995,-1.06765,-1.7265,0.10278
183.4,-0.0324671,-1.11108,-1.57251,0.10278
183.5,0.0775559,-1.17075,-1.42022,0.10278
183.6,0.138495,-1.24222,-1.27437,0.10278
183.7,0.155859,-1.32135,-1.13876,0.10278
183.8,0.135564,-1.40434,-1.01627,0.10278
183.9,0.0834478,-1.48784,-0.908946,0.10278
184,0.00497308,-1.56889,-0.818114,0.10278
184.1,-0.0949086,-1.64493,-0.744468,0.10278
184.2,-0.211777,-1.71372,-0.688189,0.10278
184.3,-0.341685,-1.77336,-0.649048,0.10278
184.4,-0.481053,-1.82222,-0.626479,0.10278
184.5,-0.626555,-1.85896,-0.619642,0.10278
184.6,-0.775005,-1.88249,-0.62747,0.10278
184.7,-0.923264,-1.89198,-0.648696,0.10278
184.8,-1.06819,-1.8869,-0.681874,0.10278
184.9,-1.20659,-1.86701,-0.725396,0.10278
185,-1.33529,-1.83236,-0.777503,0.10278
185.1,-1.45113,-1.78337,-0.836301,0.10278
185.2,-1.55111,-1.72078,-0.899783,0.10278
185.3,-1.63251,-1.64564,-0.96586,0.10278
185.4,-1.69297,-1.55935,-1.0324,0.10278
185.5,-1.73072,-1.46358,-1.09727,0.10278
185.6,-1.74464,-1.36023,-1.15842,0.10278
185.7,-1.7344,-1.25139,-1.2139,0.10278
185.8,-1.70052,-1.13923,-1.26198,0.10278
185.9,-1.64432,-1.02594,-1.30116,0.10278
186,-1.56793,-0.913647,-1.33027,0.10278
186.1,-1.47415,-0.804345,-1.34847,0.10278
186.2,-1.36629,-0.699801,-1.35531,0.10278
186.3,-1.24798,-0.60152,-1.3507,0.10278
186.4,-1.12296,-0.510705,-1.33492,0.10278
186.5,-0.994908,-0.428238,-1.30856,0.10278
186.6,-0.86722,-0.354683,-1.27252,0.10278
186.7,-0.742906,-0.290303,-1.2279,0.10278
186.8,-0.62448,-0.235088,-1.17596,0.10278
186.9,-0.513908,-0.188802,-1.11807,0.10278
187,-0.412608,-0.151019,-1.0556,0.10278
187.1,-0.321472,-0.121175,-0.989915,0.10278
187.2,-0.240928,-0.0986102,-0.922324,0.10278
187.3,-0.171012,-0.0826057,-0.854015,0.10278
187.4,-0.111445,-0.0724202,-0.786056,0.10278
187.5,-0.061718,-0.0673152,-0.719378,0.10278
187.6,-0.0211654,-0.066575,-0.654762,0.10278
187.7,0.0109721,-0.0695205,-0.592849,0.10278
187.8,0.0354925,-0.0755184,-0.534144,0.10278
187.9,0.0531924,-0.0839847,-0.479029,0.10278
188,0.0648371,-0.0943858,-0.427773,0.10278
188.1,0.0711418,-0.106237,-0.38055,0.10278
188.2,0.0727606,-0.119099,-0.337453,0.10278
188.3,0.0702824,-0.132573,-0.298506,0.10278
188.4,0.0642318,-0.146297,-0.263677,0.10278
188.5,0.0550737,-0.159944,-0.232893,0.10278
188.6,0.0432201,-0.17321,-0.206042,0.10278
188.7,0.029038,-0.18582,-0.182991,0.10278
188.8,0.0128582,-0.197518,-0.163582,0.10278
188.9,-0.00501675,-0.208068,-0.147644,0.10278
189,-0.0243041,-0.217252,-0.134994,0.10278
189.1,-0.044734,-0.224868,-0.125441,0.10278
189.2,-0.0660436,-0.230733,-0.118785,0.10278
189.3,-0.0879715,-0.23468,-0.114823,0.10278
189.4,-0.110254,-0.236561,-0.113344,0.10278
189.5,-0.132624,-0.236246,-0.114132,0.10278
189.6,-0.154806,-0.233629,-0.116968,0.10278
189.7,-0.176519,-0.228624,-0.121624,0.10278
189.8,-0.197475,-0.221172,-0.127869,0.10278
189.9,-0.217385,-0.211239,-0.135465,0.10278
190,-0.235956,-0.198822,-0.144171,0.10278
190.1,-0.252897,-0.183944,-0.153739,0.10278
190.2,-0.267924,-0.16666,-0.163918,0.10278
190.3,-0.280766,-0.147059,-0.174455,0.10278
190.4,-0.291167,-0.125258,-0.185096,0.10278
190.5,-0.298892,-0.101406,-0.195586,0.10278
190.6,-0.303733,-0.0756849,-0.205674,0.10278
190.7,-0.305516,-0.0483024,-0.215117,0.10278
190.8,-0.304099,-0.0194949,-0.223677,0.10278
190.9,-0.299382,0.0104772,-0.231128,0.10278
191,-0.291307,0.0413319,-0.23726,0.10278
191.1,-0.27986,0.072769,-0.241876,0.10278
191.2,-0.26507,0.104474,-0.244801,0.10278
191.3,-0.247011,0.13612,-0.245882,0.10278
191.4,-0.225799,0.167376,-0.244988,0.10278
191.5,-0.20159,0.197906,-0.242014,0.10278
191.6,-0.174573,0.227374,-0.236881,0.10278
191.7,-0.144971,0.255448,-0.22954,0.10278
191.8,-0.113032,0.281806,-0.219964,0.10278
191.9,-0.079026,0.306133,-0.208159,0.10278
192,-0.0432371,0.328126,-0.194152,0.10278
192.1,-0.00596176,0.347499,-0.177998,0.10278
192.2,0.0324982,0.363981,-0.159774,0.10278
192.3,0.0718387,0.377316,-0.13958,0.10278
192.4,0.111758,0.387269,-0.117533,0.10278
192.5,0.151957,0.393622,-0.0937694,0.10278
192.6,0.192144,0.396177,-0.0684402,0.10278
192.7,0.232035,0.394755,-0.0417091,0.10278
192.8,0.271352,0.389196,-0.0137514,0.10278
192.9,0.309823,0.379361,0.0152486,0.0180245
193,0.347183,0.365131,0.0450981,0.0517865
193.1,0.383169,0.346408,0.075598,0.0843613
193.2,0.41752,0.323116,0.106543,0.115597
193.3,0.449974,0.295202,0.137722,0.145387
193.4,0.480264,0.262636,0.168921,0.173651
193.5,0.508115,0.225416,0.199917,0.200333
193.6,0.533244,0.183568,0.230484,0.225395
193.7,0.555352,0.137149,0.26039,0.248807
193.8,0.574127,0.0862492,0.289395,0.270548
193.9,0.589239,0.0309979,0.317252,0.290599
194,0.600337,-0.0284347,0.343705,0.308938
194.1,0.607052,-0.0918329,0.368488,0.325538
194.2,0.608993,-0.158931,0.391324,0.340365
194.3,0.605753,-0.229408,0.411924,0.353376
194.4,0.596903,-0.302885,0.429987,0.364514
194.5,0.582005,-0.378919,0.445201,0.373703
194.6,0.56061,-0.456996,0.457238,0.380856
194.7,0.532271,-0.536533,0.465761,0.385859
194.8,0.496547,-0.61687,0.470422,0.388575
194.9,0.453022,-0.697271,0.470866,0.388832
195,0.401317,-0.776917,0.466733,0.386427
195.1,0.341111,-0.854915,0.457664,0.381107
195.2,0.272161,-0.930295,0.443307,0.372568
195.3,0.194332,-1.00202,0.423326,0.360434
195.4,0.107624,-1.06899,0.39741,0.344244
195.5,0.0122098,-1.13005,0.365286,0.323423
195.6,-0.0915367,-1.18404,0.326731,0.297246
195.7,-0.202998,-1.22976,0.281594,0.26479
195.8,-0.321282,-1.26603,0.229807,0.224851
195.9,-0.445188,-1.29174,0.171409,0.175842
196,-0.573186,-1.30584,0.106566,0.115619
196.1,-0.703402,-1.3074,0.035589,0.0412418
196.2,-0.83362,-1.29567,-0.0410441,0.0412418
196.3,-0.961306,-1.2701,-0.122675,0.0412418
196.4,-1.08366,-1.23036,-0.208454,0.0412418
196.5,-1.19766,-1.17644,-0.297334,0.0412418
196.6,-1.30022,-1.10863,-0.388076,0.0412418
196.7,-1.38826,-1.02753,-0.479264,0.0412418
196.8,-1.45887,-0.934102,-0.569331,0.0412418
196.9,-1.50946,-0.829646,-0.656597,0.0412418
197,-1.53797,-0.715754,-0.739319,0.0412418
197.1,-1.54293,-0.594287,-0.815751,0.0412418
197.2,-1.52364,-0.467314,-0.884211,0.0412418
197.3,-1.48021,-0.337041,-0.943149,0.0412418
197.4,-1.4136,-0.205733,-0.991212,0.0412418
197.5,-1.32557,-0.0756301,-1.02731,0.0412418
197.6,-1.21857,0.0511287,-1.05066,0.0412418
197.7,-1.09565,0.172577,-1.0608,0.0412418
197.8,-0.960173,0.28698,-1.05765,0.0412418
197.9,-0.815723,0.392869,-1.04144,0.0412418
198,-0.665835,0.489068,-1.01274,0.0412418
198.1,-0.513839,0.574696,-0.972381,0.0412418
198.2,-0.36271,0.649149,-0.921416,0.0412418
198.3,-0.214961,0.712074,-0.861066,0.0412418
198.4,-0.0725832,0.763334,-0.792644,0.0412418
198.5,0.0629648,0.802958,-0.717506,0.0412418
198.6,0.190736,0.831105,-0.636989,0.0412418
198.7,0.310244,0.84801,-0.552373,0.0412418
198.8,0.421384,0.853954,-0.464842,0.0412418
198.9,0.524359,0.849223,-0.375462,0.0412418
199,0.619592,0.834089,-0.285166,0.0412418
199.1,0.707645,0.808784,-0.194753,0.0412418
199.2,0.789151,0.77349,-0.104887,0.0412418
199.3,0.864755,0.728335,-0.0161061,0.0412418
199.4,0.935062,0.673386,0.0711597,0.0797343
199.5,1.00061,0.608657,0.156577,0.162644
199.6,1.06182,0.534111,0.239892,0.232872
199.7,1.11902,0.449672,0.320907,0.293172
199.8,1.17239,0.355235,0.399469,0.34555
199.9,1.22198,0.250675,0.475451,0.391487
200,1.26768,0.135865,0.548735,0.432092
200.1,1.30927,0.0106891,0.619197,0.468199
200.2,1.34635,-0.124944,0.686698,0.500445
200.3,1.37839,-0.271082,0.751064,0.529312
200.4,1.4047,-0.427713,0.812083,0.555168
200.5,1.42443,-0.594747,0.869488,0.578281
200.6,1.43658,-0.771992,0.92295,0.598846
200.7,1.43998,-0.959136,0.972067,0.616989
200.8,1.43326,-1.15572,1.01636,0.632775
200.9,1.41489,-1.36112,1.05524,0.646216
201,1.38313,-1.5745,1.08804,0.657265
201.1,1.33608,-1.7948,1.11398,0.665822
201.2,1.27163,-2.02071,1.13214,0.671725
201.3,1.18751,-2.25061,1.14151,0.674742
201.4,1.0813,-2.48257,1.14094,0.674557
201.5,0.950497,-2.7143,1.12914,0.670754
201.6,0.792596,-2.94315,1.10472,0.662787
201.7,0.605177,-3.16605,1.0662,0.649936
201.8,0.386084,-3.37957,1.01199,0.631241
201.9,0.133624,-3.57989,0.940481,0.605402
202,-0.15316,-3.76285,0.850099,0.570599
202.1,-0.474164,-3.92404,0.739366,0.524193
202.2,-0.827836,-4.0589,0.607023,0.462149
202.3,-1.21075,-4.16287,0.452168,0.377856
202.4,-1.61719,-4.23166,0.274416,0.259435
202.5,-2.03875,-4.26144,0.0740931,0.0827959
202.6,-2.46411,-4.24922,-0.147569,0.0827959
202.7,-2.87901,-4.19316,-0.388234,0.0827959
202.8,-3.26659,-4.09291,-0.644301,0.0827959
202.9,-3.60813,-3.94995,-0.910809,0.0827959
203,-3.88428,-3.7678,-1.18145,0.0827959
203.1,-4.07683,-3.55211,-1.4487,0.0827959
203.2,-4.17065,-3.31051,-1.70417,0.0827959
203.3,-4.15585,-3.05238,-1.93905,0.0827959
203.4,-4.02946,-2.78821,-2.14477,0.0827959
203.5,-3.79656,-2.52895,-2.31366,0.0827959
203.6,-3.47031,-2.28517,-2.43966,0.0827959
203.7,-3.07092,-2.06626,-2.51891,0.0827959
203.8,-2.62353,-1.87976,-2.55007,0.0827959
203.9,-2.1555,-1.73085,-2.53447,0.0827959
204,-1.69349,-1.62221,-2.47591,0.0827959
204.1,-1.26098,-1.55406,-2.38022,0.0827959
204.2,-0.876414,-1.52446,-2.25467,0.0827959
204.3,-0.552357,-1.52978,-2.10732,0.0827959
204.4,-0.295528,-1.56522,-1.94637,0.0827959
204.5,-0.107495,-1.62531,-1.77964,0.0827959
204.6,0.0141996,-1.70435,-1.61412,0.0827959
204.7,0.074797,-1.79677,-1.45577,0.0827959
204.8,0.081152,-1.89731,-1.30941,0.0827959
204.9,0.040789,-2.00123,-1.17869,0.0827959
205,-0.0387731,-2.10427,-1.06621,0.0827959
205.1,-0.15043,-2.20276,-0.973612,0.0827959
205.2,-0.287679,-2.29348,-0.901737,0.0827959
205.3,-0.444638,-2.37374,-0.85076,0.0827959
205.4,-0.615963,-2.44124,-0.820306,0.0827959
205.5,-0.796707,-2.49411,-0.809548,0.0827959
205.6,-0.982172,-2.53088,-0.817279,0.0827959
205.7,-1.16778,-2.55047,-0.841966,0.0827959
205.8,-1.34897,-2.55222,-0.881789,0.0827959
205.9,-1.52119,-2.5359,-0.934667,0.0827959
206,-1.67993,-2.50173,-0.998286,0.0827959
206.1,-1.8208,-2.45039,-1.07013,0.0827959
206.2,-1.93968,-2.38307,-1.1475,0.0827959
206.3,-2.03295,-2.30138,-1.22762,0.0827959
206.4,-2.09771,-2.20737,-1.30762,0.0827959
206.5,-2.13196,-2.10343,-1.38471,0.0827959
206.6,-2.13482,-1.99224,-1.45621,0.0827959
206.7,-2.10663,-1.87665,-1.51967,0.0827959
206.8,-2.04902,-1.75954,-1.57296,0.0827959
206.9,-1.96483,-1.64371,-1.61439,0.0827959
207,-1.85797,-1.53176,-1.64273,0.0827959
207.1,-1.73316,-1.42599,-1.6573,0.0827959
207.2,-1.59565,-1.32829,-1.65794,0.0827959
207.3,-1.45087,-1.24009,-1.64505,0.0827959
207.4,-1.30415,-1.16236,-1.61947,0.0827959
207.5,-1.16035,-1.09559,-1.58246,0.0827959
207.6,-1.02371,-1.0398,-1.53561,0.0827959
207.7,-0.89769,-0.994646,-1.48071,0.0827959
207.8,-0.784857,-0.95945,-1.41965,0.0827959
207.9,-0.686929,-0.933272,-1.35438,0.0827959
208,-0.604819,-0.914995,-1.28677,0.0827959
208.1,-0.538738,-0.903384,-1.21855,0.0827959
208.2,-0.488317,-0.897153,-1.1513,0.0827959
208.3,-0.452737,-0.895009,-1.08637,0.0827959
208.4,-0.430854,-0.895697,-1.02491,0.0827959
208.5,-0.421308,-0.898024,-0.967825,0.0827959
208.6,-0.422613,-0.900885,-0.9158,0.0827959
208.7,-0.43323,-0.903271,-0.869313,0.0827959
208.8,-0.451616,-0.904284,-0.828648,0.0827959
208.9,-0.47626,-0.903132,-0.793917,0.0827959
209,-0.505707,-0.899138,-0.76508,0.0827959
209.1,-0.538567,-0.891734,-0.741965,0.0827959
209.2,-0.573525,-0.880463,-0.724289,0.0827959
209.3,-0.60934,-0.864976,-0.711672,0.0827959
209.4,-0.64485,-0.845029,-0.703659,0.0827959
209.5,-0.678971,-0.820479,-0.699728,0.0827959
209.6,-0.710703,-0.791285,-0.69931,0.0827959
209.7,-0.739132,-0.7575,-0.701799,0.0827959
209.8,-0.763443,-0.719272,-0.706564,0.0827959
209.9,-0.782921,-0.67683,-0.71296,0.0827959
210,-0.796966,-0.630487,-0.720342,0.0827959
210.1,-0.805101,-0.580624,-0.728076,0.0827959
210.2,-0.806978,-0.527686,-0.735547,0.0827959
210.3,-0.802385,-0.47217,-0.742174,0.0827959
210.4,-0.791246,-0.414611,-0.747417,0.0827959
210.5,-0.773623,-0.355573,-0.750786,0.0827959
210.6,-0.74971,-0.295638,-0.751851,0.0827959
210.7,-0.719818,-0.235389,-0.750248,0.0827959
210.8,-0.68437,-0.175403,-0.745679,0.0827959
210.9,-0.643875,-0.116238,-0.737924,0.0827959
211,-0.598914,-0.0584234,-0.726832,0.0827959
211.1,-0.550119,-0.00245585,-0.712326,0.0827959
211.2,-0.498145,0.0512104,-0.694398,0.0827959
211.3,-0.443659,0.102165,-0.673104,0.0827959
211.4,-0.387312,0.150046,-0.648556,0.0827959
211.5,-0.329726,0.194535,-0.620917,0.0827959
211.6,-0.271483,0.235361,-0.590392,0.0827959
211.7,-0.213108,0.272298,-0.557219,0.0827959
211.8,-0.15507,0.305156,-0.521661,0.0827959
211.9,-0.0977755,0.333782,-0.483996,0.0827959
212,-0.0415678,0.358053,-0.444514,0.0827959
212.1,0.013268,0.377872,-0.403504,0.0827959
212.2,0.0665011,0.393165,-0.361254,0.0827959
212.3,0.117948,0.403872,-0.318044,0.0827959
212.4,0.167463,0.40995,-0.274143,0.0827959
212.5,0.214935,0.411364,-0.229806,0.0827959
212.6,0.260271,0.408092,-0.185273,0.0827959
212.7,0.303394,0.400115,-0.14077,0.0827959
212.8,0.344234,0.387422,-0.0965079,0.0827959
212.9,0.382716,0.37001,-0.0526852,0.0827959
213,0.418762,0.347883,-0.00948795,0.0827959
213.1,0.452277,0.321052,0.0329072,0.0382805
213.2,0.483148,0.289542,0.0743303,0.0830413
213.3,0.511241,0.253392,0.114616,0.123454
213.4,0.536396,0.212655,0.153601,0.159956
213.5,0.558423,0.167407,0.19112,0.192895
213.6,0.577105,0.117749,0.227004,0.222601
213.7,0.592191,0.0638096,0.26108,0.249335
213.8,0.6034,0.00575229,0.293164,0.273307
213.9,0.610421,-0.0562209,0.323061,0.294683
214,0.612911,-0.121864,0.350565,0.313587
214.1,0.610499,-0.190882,0.375454,0.330107
214.2,0.602792,-0.262926,0.397492,0.344296
214.3,0.589373,-0.337587,0.416427,0.356175
214.4,0.569812,-0.414391,0.431989,0.365731
214.5,0.543672,-0.492796,0.443894,0.37292
214.6,0.510518,-0.572187,0.451843,0.377663
214.7,0.46993,-0.651875,0.455523,0.379843
214.8,0.42152,-0.731092,0.454616,0.379307
214.9,0.364943,-0.808994,0.448796,0.37585
215,0.299927,-0.884661,0.437739,0.369216
215.1,0.226292,-0.957104,0.421131,0.359083
215.2,0.143981,-1.02527,0.398677,0.345048
215.3,0.0530875,-1.08805,0.370109,0.326605
215.4,-0.0461049,-1.14431,0.335207,0.303118
215.5,-0.153093,-1.19287,0.293804,0.273774
215.6,-0.267116,-1.23259,0.245812,0.237526
215.7,-0.387126,-1.26234,0.191238,0.192996
215.8,-0.511762,-1.28106,0.1302,0.138347
215.9,-0.639328,-1.2878,0.0629543,0.0710809
216,-0.767798,-1.28173,-0.010093,0.0710809
216.1,-0.894821,-1.26224,-0.0883644,0.0710809
216.2,-1.01776,-1.2289,-0.1711,0.0710809
216.3,-1.13376,-1.18157,-0.257348,0.0710809
216.4,-1.23982,-1.1204,-0.345971,0.0710809
216.5,-1.3329,-1.04586,-0.43565,0.0710809
216.6,-1.41009,-0.95873,-0.524906,0.0710809
216.7,-1.46871,-0.860142,-0.612135,0.0710809
216.8,-1.50651,-0.751529,-0.69565,0.0710809
216.9,-1.52177,-0.634607,-0.773735,0.0710809
217,-1.51348,-0.511316,-0.844708,0.0710809
217.1,-1.48138,-0.383767,-0.906984,0.0710809
217.2,-1.42603,-0.254159,-0.959147,0.0710809
217.3,-1.3488,-0.12471,-1.00001,0.0710809
217.4,-1.25178,0.0024305,-1.02865,0.0710809
217.5,-1.13768,0.125247,-1.04449,0.0710809
217.6,-1.00964,0.241923,-1.04726,0.0710809
217.7,-0.871101,0.350889,-1.03705,0.0710809
217.8,-0.725524,0.450848,-1.01426,0.0710809
217.9,-0.57627,0.540789,-0.979577,0.0710809
218,-0.426417,0.619982,-0.933942,0.0710809
218.1,-0.27864,0.687953,-0.87847,0.0710809
218.2,-0.135131,0.744457,-0.814405,0.0710809
218.3,0.00242983,0.789432,-0.743057,0.0710809
218.4,0.132874,0.822961,-0.665744,0.0710809
218.5,0.255506,0.845226,-0.58375,0.0710809
218.6,0.370038,0.856469,-0.498279,0.0710809
218.7,0.47652,0.856955,-0.410434,0.0710809
218.8,0.575256,0.846944,-0.321193,0.0710809
218.9,0.666723,0.826669,-0.231405,0.0710809
219,0.751503,0.796321,-0.141785,0.0710809
219.1,0.830215,0.756037,-0.0529238,0.0710809
219.2,0.903466,0.7059,0.0347025,0.0402505
219.3,0.971808,0.645934,0.120719,0.129343
219.4,1.03571,0.576115,0.204836,0.204447
219.5,1.09552,0.496375,0.286828,0.268661
219.6,1.15149,0.406609,0.366523,0.324241
219.7,1.20373,0.306692,0.443779,0.372851
219.8,1.25219,0.196487,0.518472,0.415728
219.9,1.2967,0.0758614,0.59048,0.453805
220,1.33696,-0.055301,0.659669,0.487789
220.1,1.3725,-0.197081,0.725881,0.518223
220.2,1.4027,-0.349508,0.78892,0.545516
220.3,1.42679,-0.512545,0.848546,0.569978
220.4,1.44386,-0.686062,0.904459,0.591833
220.5,1.4528,-0.869822,0.956291,0.611237
220.6,1.45234,-1.06345,1.0036,0.628282
220.7,1.44103,-1.26643,1.04585,0.643027
220.8,1.41723,-1.47803,1.08241,0.655385
220.9,1.3791,-1.69733,1.11255,0.665355
221,1.32461,-1.92315,1.13542,0.672781
221.1,1.25154,-2.15403,1.15004,0.677471
221.2,1.1575,-2.38822,1.15533,0.679154
221.3,1.04,-2.62359,1.15005,0.677472
221.4,0.896444,-2.85768,1.13285,0.671953
221.5,0.724295,-3.08763,1.10226,0.661975
221.6,0.52116,-3.31015,1.05672,0.646719
221.7,0.284992,-3.52159,0.994598,0.625085
221.8,0.0143231,-3.7179,0.914254,0.595561
221.9,-0.29143,-3.89475,0.814101,0.555999
222,-0.631605,-4.04754,0.692707,0.503214
222.1,-1.00387,-4.17163,0.548914,0.432187
222.2,-1.40379,-4.26245,0.381996,0.334361
222.3,-1.82439,-4.3158,0.191839,0.193508
222.4,-2.2558,-4.32811,-0.0208608,0.193508
222.5,-2.68511,-4.29679,-0.254387,0.193508
222.6,-3.09648,-4.22061,-0.505812,0.193508
222.7,-3.47166,-4.10002,-0.77086,0.193508
222.8,-3.79099,-3.93744,-1.04384,0.193508
222.9,-4.03491,-3.73745,-1.31774,0.193508
223,-4.18591,-3.50679,-1.58442,0.193508
223.1,-4.23067,-3.25413,-1.83503,0.193508
223.2,-4.16214,-2.98966,-2.06059,0.193508
223.3,-3.98104,-2.72442,-2.25269,0.193508
223.4,-3.69656,-2.46952,-2.40417,0.193508
223.5,-3.32586,-2.23529,-2.50982,0.193508
223.6,-2.89244,-2.03046,-2.5669,0.193508
223.7,-2.4236,-1.86163,-2.57537,0.193508
223.8,-1.94747,-1.73282,-2.53784,0.193508
223.9,-1.49013,-1.64548,-2.45929,0.193508
224,-1.07329,-1.59866,-2.34651,0.193508
224.1,-0.712936,-1.58942,-2.20742,0.193508
224.2,-0.418897,-1.61335,-2.05042,0.193508
224.3,-0.195243,-1.66509,-1.88378,0.193508
224.4,-0.0412874,-1.73885,-1.71511,0.193508
224.5,0.0471544,-1.8288,-1.55105,0.193508
224.6,0.0764935,-1.92937,-1.3971,0.193508
224.7,0.0542664,-2.03541,-1.25757,0.193508
224.8,-0.0116991,-2.14232,-1.13561,0.193508
224.9,-0.113834,-2.24604,-1.03333,0.193508
225,-0.245118,-2.34307,-0.951979,0.193508
225.1,-0.399176,-2.43041,-0.892008,0.193508
225.2,-0.570225,-2.50551,-0.85327,0.193508
225.3,-0.752957,-2.56628,-0.835102,0.193508
225.4,-0.942376,-2.61106,-0.836414,0.193508
225.5,-1.13366,-2.63856,-0.855755,0.193508
225.6,-1.32204,-2.64798,-0.891356,0.193508
225.7,-1.50276,-2.6389,-0.941163,0.193508
225.8,-1.67109,-2.61142,-1.00287,0.193508
225.9,-1.82238,-2.5661,-1.07393,0.193508
226,-1.95224,-2.50399,-1.15162,0.193508
226.1,-2.05671,-2.42664,-1.23308,0.193508
226.2,-2.13251,-2.33604,-1.31536,0.193508
226.3,-2.17727,-2.2346,-1.39554,0.193508
226.4,-2.18971,-2.12499,-1.47079,0.193508
226.5,-2.16984,-2.01014,-1.5385,0.193508
226.6,-2.11901,-1.89304,-1.59636,0.193508
226.7,-2.03987,-1.7766,-1.64248,0.193508
226.8,-1.93623,-1.6636,-1.67546,0.193508
226.9,-1.81287,-1.55647,-1.69444,0.193508
227,-1.67517,-1.45728,-1.69914,0.193508
227.1,-1.52882,-1.36761,-1.68983,0.193508
227.2,-1.37942,-1.28856,-1.66728,0.193508
227.3,-1.23222,-1.2207,-1.63273,0.193508
227.4,-1.0918,-1.16414,-1.58775,0.193508
227.5,-0.961968,-1.11858,-1.53418,0.193508
227.6,-0.845584,-1.08333,-1.47398,0.193508
227.7,-0.744614,-1.05744,-1.40917,0.193508
227.8,-0.66015,-1.03974,-1.34171,0.193508
227.9,-0.592518,-1.02894,-1.27345,0.193508
228,-0.541407,-1.02367,-1.20605,0.193508
228.1,-0.506001,-1.02257,-1.14096,0.193508
228.2,-0.485117,-1.02429,-1.07942,0.193508
228.3,-0.477321,-1.02756,-1.02239,0.193508
228.4,-0.481029,-1.0312,-0.970614,0.193508
228.5,-0.494586,-1.03414,-0.924608,0.193508
228.6,-0.516322,-1.0354,-0.884679,0.193508
228.7,-0.544594,-1.03415,-0.850948,0.193508
228.8,-0.57781,-1.02968,-0.823368,0.193508
228.9,-0.614446,-1.02138,-0.801751,0.193508
229,-0.653056,-1.00879,-0.785784,0.193508
229.1,-0.692271,-0.991549,-0.775051,0.193508
229.2,-0.730812,-0.96943,-0.769048,0.193508
229.3,-0.767489,-0.942309,-0.767203,0.193508
229.4,-0.801206,-0.910178,-0.768889,0.193508
229.5,-0.830975,-0.873135,-0.773439,0.193508
229.6,-0.85592,-0.831379,-0.780162,0.193508
229.7,-0.875292,-0.785201,-0.788356,0.193508
229.8,-0.888479,-0.734979,-0.797318,0.193508
229.9,-0.895015,-0.681165,-0.806363,0.193508
230,-0.894591,-0.624273,-0.814835,0.193508
230.1,-0.887056,-0.564869,-0.822117,0.193508
230.2,-0.872419,-0.503554,-0.827645,0.193508
230.3,-0.850848,-0.440951,-0.830916,0.193508
230.4,-0.822652,-0.37769,-0.8315,0.193508
230.5,-0.788275,-0.314395,-0.829042,0.193508
230.6,-0.74827,-0.251672,-0.823269,0.193508
230.7,-0.703281,-0.190094,-0.813993,0.193508
230.8,-0.654016,-0.130195,-0.801105,0.193508
230.9,-0.601219,-0.0724638,-0.784578,0.193508
231,-0.545648,-0.0173338,-0.76446,0.193508
231.1,-0.488051,0.0348152,-0.740864,0.193508
231.2,-0.42914,0.0836591,-0.713964,0.193508
231.3,-0.369582,0.128928,-0.683981,0.193508
231.4,-0.309978,0.170404,-0.651177,0.193508
231.5,-0.250859,0.207914,-0.615842,0.193508
231.6,-0.192682,0.24133,-0.578286,0.193508
231.7,-0.135824,0.270558,-0.538828,0.193508
231.8,-0.0805934,0.295534,-0.497792,0.193508
231.9,-0.0272273,0.316221,-0.455493,0.193508
232,0.024095,0.332598,-0.412239,0.193508
232.1,0.0732452,0.344662,-0.368321,0.193508
232.2,0.120136,0.352419,-0.324014,0.193508
232.3,0.164711,0.355882,-0.279573,0.193508
232.4,0.206936,0.355072,-0.235232,0.193508
232.5,0.246786,0.35001,-0.191208,0.193508
232.6,0.284243,0.340725,-0.147696,0.193508
232.7,0.319285,0.327245,-0.104877,0.193508
232.8,0.351879,0.309605,-0.0629165,0.193508
232.9,0.381979,0.287844,-0.0219674,0.193508
233,0.409519,0.262011,0.017826,0.0210129
233.1,0.434412,0.232163,0.0563261,0.0639939
233.2,0.456545,0.198371,0.0933988,0.102544
233.3,0.47578,0.160723,0.128911,0.137131
233.4,0.491953,0.119327,0.162727,0.168157
233.5,0.504873,0.074313,0.194709,0.195943
233.6,0.514321,0.0258413,0.22471,0.220751
233.7,0.520055,-0.0258979,0.252578,0.242792
233.8,0.521809,-0.0806776,0.27815,0.262227
233.9,0.519295,-0.138231,0.30125,0.279177
234,0.512209,-0.198248,0.321695,0.293726
234.1,0.500235,-0.26037,0.339285,0.305919
234.2,0.483049,-0.324187,0.353813,0.315774
234.3,0.460327,-0.389235,0.365057,0.323272
234.4,0.431753,-0.454993,0.372789,0.328364
234.5,0.397028,-0.520882,0.37677,0.330966
234.6,0.355884,-0.586264,0.37676,0.330959
234.7,0.308099,-0.650444,0.372515,0.328184
234.8,0.253506,-0.712669,0.363798,0.322438
234.9,0.192021,-0.772136,0.350383,0.313464
235,0.123655,-0.827997,0.33206,0.300946
235.1,0.0485407,-0.879367,0.308647,0.28449
235.2,-0.0330479,-0.925336,0.279997,0.263604
235.3,-0.12067,-0.964984,0.246014,0.237684
235.4,-0.213697,-0.997399,0.206659,0.205964
235.5,-0.311293,-1.0217,0.161968,0.16748
235.6,-0.412398,-1.03704,0.112064,0.120995
235.7,-0.51572,-1.04269,0.0571683,0.0649
235.8,-0.619735,-1.03797,-0.00238201,0.0649
235.9,-0.722697,-1.02239,-0.0661274,0.0649
236,-0.822661,-0.995584,-0.133476,0.0649
236.1,-0.917529,-0.957395,-0.203699,0.0649
236.2,-1.0051,-0.907872,-0.275932,0.0649
236.3,-1.08313,-0.847296,-0.34918,0.0649
236.4,-1.14946,-0.77619,-0.422335,0.0649
236.5,-1.20206,-0.695318,-0.494191,0.0649
236.6,-1.23914,-0.605681,-0.563477,0.0649
236.7,-1.25928,-0.508497,-0.628888,0.0649
236.8,-1.26149,-0.40517,-0.68913,0.0649
236.9,-1.24526,-0.297254,-0.742959,0.0649
237,-1.21065,-0.186407,-0.789229,0.0649
237.1,-1.15826,-0.0743377,-0.826936,0.0649
237.2,-1.08921,0.037247,-0.855252,0.0649
237.3,-1.00512,0.146692,-0.87356,0.0649
237.4,-0.907971,0.252444,-0.881475,0.0649
237.5,-0.800023,0.353086,-0.878851,0.0649
237.6,-0.683698,0.447371,-0.865779,0.0649
237.7,-0.561444,0.534241,-0.842575,0.0649
237.8,-0.435627,0.612828,-0.809755,0.0649
237.9,-0.308426,0.682454,-0.768002,0.0649
238,-0.181761,0.742619,-0.718129,0.0649
238.1,-0.057241,0.792976,-0.66104,0.0649
238.2,0.0638617,0.833312,-0.597692,0.0649
238.3,0.180611,0.863512,-0.529052,0.0649
238.4,0.292386,0.883537,-0.45607,0.0649
238.5,0.398848,0.893396,-0.379652,0.0649
238.6,0.499892,0.893119,-0.300637,0.0649
238.7,0.595601,0.882739,-0.219785,0.0649
238.8,0.686191,0.862276,-0.13777,0.0649
238.9,0.771963,0.831721,-0.0551733,0.0649
239,0.853261,0.791035,0.0275059,0.0321231
239.1,0.930434,0.74014,0.109851,0.118835
239.2,1.0038,0.678917,0.191518,0.193235
239.3,1.07363,0.607214,0.272222,0.257787
239.4,1.14012,0.524846,0.351729,0.314372
239.5,1.20336,0.431602,0.429839,0.364421
239.6,1.26337,0.327256,0.506378,0.409033
239.7,1.32004,0.211576,0.581184,0.449052
239.8,1.37315,0.0843314,0.654094,0.485137
239.9,1.42234,-0.0546868,0.724934,0.517801
240,1.46713,-0.205658,0.793505,0.547442
240.1,1.5069,-0.368713,0.859575,0.574369
240.2,1.54088,-0.54392,0.92287,0.598816
240.3,1.56812,-0.731259,0.983056,0.620955
240.4,1.5875,-0.930608,1.03974,0.640903
240.5,1.59774,-1.14171,1.09244,0.658726
240.6,1.59731,-1.36416,1.14059,0.674447
240.7,1.58448,-1.59736,1.18354,0.68804
240.8,1.55729,-1.84048,1.2205,0.699433
240.9,1.51353,-2.09246,1.25058,0.708505
241,1.45073,-2.35192,1.27272,0.715076
241.1,1.36617,-2.61717,1.28576,0.7189
241.2,1.25691,-2.88611,1.28833,0.719652
241.3,1.11984,-3.15625,1.27894,0.716905
241.4,0.951716,-3.42464,1.25593,0.710101
241.5,0.749327,-3.68783,1.21747,0.69851
241.6,0.509642,-3.94189,1.16164,0.681155
241.7,0.230066,-4.18239,1.08639,0.656715
241.8,-0.0912316,-4.40445,0.989694,0.623335
241.9,-0.454894,-4.60278,0.869573,0.578314
242,-0.859865,-4.77188,0.724261,0.517501
242.1,-1.3028,-4.90615,0.552366,0.434019
242.2,-1.77744,-5.0002,0.353081,0.315282
242.3,-2.27402,-5.04919,0.126439,0.134792
242.4,-2.77882,-5.04922,-0.126414,0.134792
242.5,-3.27406,-4.99781,-0.402938,0.134792
242.6,-3.73817,-4.89436,-0.698953,0.134792
242.7,-4.14678,-4.74062,-1.00848,0.134792
242.8,-4.47444,-4.541,-1.32372,0.134792
242.9,-4.69699,-4.30269,-1.63524,0.134792
243,-4.79457,-4.03556,-1.93238,0.134792
243.1,-4.7546,-3.75165,-2.20393,0.134792
243.2,-4.57437,-3.46444,-2.43904,0.134792
243.3,-4.26251,-3.18779,-2.62814,0.134792
243.4,-3.83886,-2.93485,-2.76396,0.134792
243.5,-3.33258,-2.71685,-2.84228,0.134792
243.6,-2.77883,-2.54233,-2.86238,0.134792
243.7,-2.21459,-2.41648,-2.82707,0.134792
243.8,-1.67441,-2.34109,-2.74234,0.134792
243.9,-1.1871,-2.31475,-2.61662,0.134792
244,-0.773574,-2.33343,-2.45994,0.134792
244.1,-0.446285,-2.39115,-2.28291,0.134792
244.2,-0.209809,-2.48078,-2.09597,0.134792
244.3,-0.0623258,-2.5947,-1.90866,0.134792
244.4,0.00255393,-2.72531,-1.7292,0.134792
244.5,-0.00600819,-2.86545,-1.56427,0.134792
244.6,-0.0775774,-3.0086,-1.41899,0.134792
244.7,-0.201525,-3.149,-1.29696,0.134792
244.8,-0.367683,-3.28166,-1.20046,0.134792
244.9,-0.566633,-3.40234,-1.13061,0.134792
245,-0.789736,-3.50751,-1.08757,0.134792
245.1,-1.02899,-3.5943,-1.07071,0.134792
245.2,-1.27684,-3.66051,-1.07869,0.134792
245.3,-1.52596,-3.70457,-1.10961,0.134792
245.4,-1.7691,-3.72559,-1.16107,0.134792
245.5,-1.99907,-3.72336,-1.23019,0.134792
245.6,-2.20877,-3.69841,-1.31369,0.134792
245.7,-2.3914,-3.65199,-1.40795,0.134792
245.8,-2.54077,-3.58611,-1.50905,0.134792
245.9,-2.65164,-3.50345,-1.61291,0.134792
246,-2.72015,-3.40732,-1.71542,0.134792
246.1,-2.74419,-3.30148,-1.81255,0.134792
246.2,-2.72371,-3.19002,-1.90057,0.134792
246.3,-2.66084,-3.07713,-1.97618,0.134792
246.4,-2.55985,-2.96688,-2.03673,0.134792
246.5,-2.4269,-2.86302,-2.0803,0.134792
246.6,-2.26966,-2.76877,-2.10584,0.134792
246.7,-2.09669,-2.68669,-2.11315,0.134792
246.8,-1.91686,-2.61857,-2.10291,0.134792
246.9,-1.7387,-2.56537,-2.07654,0.134792
247,-1.5699,-2.5273,-2.03612,0.134792
247.1,-1.41691,-2.50384,-1.98421,0.134792
247.2,-1.28464,-2.49384,-1.92364,0.134792
247.3,-1.17645,-2.49569,-1.8574,0.134792
247.4,-1.09415,-2.50742,-1.78841,0.134792
247.5,-1.03819,-2.52685,-1.71943,0.134792
247.6,-1.00782,-2.5517,-1.65293,0.134792
247.7,-1.00141,-2.57971,-1.59105,0.134792
247.8,-1.0166,-2.60868,-1.53551,0.134792
247.9,-1.05059,-2.63661,-1.48764,0.134792
248,-1.10024,-2.66166,-1.44834,0.134792
248.1,-1.16227,-2.68224,-1.41813,0.134792
248.2,-1.23336,-2.69703,-1.39716,0.134792
248.3,-1.31017,-2.70497,-1.38526,0.134792
248.4,-1.38951,-2.70528,-1.38194,0.134792
248.5,-1.46828,-2.69748,-1.38649,0.134792
248.6,-1.54361,-2.68135,-1.39795,0.134792
248.7,-1.61287,-2.65695,-1.41522,0.134792
248.8,-1.67371,-2.62462,-1.43705,0.134792
248.9,-1.72417,-2.5849,-1.4621,0.134792
249,-1.7627,-2.53856,-1.489,0.134792
249.1,-1.78817,-2.48655,-1.51639,0.134792
249.2,-1.8,-2.42996,-1.54293,0.134792
249.3,-1.79809,-2.36995,-1.56741,0.134792
249.4,-1.78286,-2.30775,-1.58873,0.134792
249.5,-1.7552,-2.24455,-1.60596,0.134792
249.6,-1.71646,-2.18153,-1.61837,0.134792
249.7,-1.6683,-2.11975,-1.62544,0.134792
249.8,-1.61268,-2.06013,-1.62688,0.134792
249.9,-1.55169,-2.00346,-1.62261,0.134792
250,-1.48751,-1.95031,-1.61278,0.134792
250.1,-1.42223,-1.90109,-1.5977,0.134792
250.2,-1.35782,-1.85601,-1.57787,0.134792
250.3,-1.29604,-1.8151,-1.55391,0.134792
250.4,-1.23836,-1.77824,-1.52655,0.134792
250.5,-1.18596,-1.74514,-1.49654,0.134792
250.6,-1.13969,-1.71541,-1.4647,0.134792
250.7,-1.1001,-1.68857,-1.4318,0.134792
250.8,-1.06743,-1.66406,-1.3986,0.134792
250.9,-1.04165,-1.64129,-1.36578,0.134792
251,-1.02249,-1.61966,-1.33396,0.134792
251.1,-1.00951,-1.59856,-1.30364,0.134792
251.2,-1.00208,-1.57742,-1.27525,0.134792
251.3,-0.999481,-1.55571,-1.2491,0.134792
251.4,-1.0009,-1.53295,-1.22538,0.134792
251.5,-1.00547,-1.5087,-1.20422,0.134792
251.6,-1.01231,-1.48262,-1.18562,0.134792
251.7,-1.02056,-1.45442,-1.16952,0.134792
251.8,-1.02937,-1.42389,-1.15577,0.134792
251.9,-1.03792,-1.3909,-1.14416,0.134792
252,-1.04549,-1.35539,-1.13443,0.134792
252.1,-1.05141,-1.31735,-1.12627,0.134792
252.2,-1.05509,-1.27688,-1.11934,0.134792
252.3,-1.05605,-1.23408,-1.11329,0.134792
252.4,-1.05391,-1.18914,-1.10777,0.134792
252.5,-1.04837,-1.14229,-1.1024,0.134792
252.6,-1.03926,-1.09379,-1.09685,0.134792
252.7,-1.0265,-1.04392,-1.09078,0.134792
252.8,-1.01011,-0.992982,-1.0839,0.134792
252.9,-0.99018,-0.941299,-1.07594,0.134792
253,-0.96691,-0.88918,-1.06668,0.134792
253.1,-0.94055,-0.836936,-1.05593,0.134792
253.2,-0.911409,-0.78486,-1.04356,0.134792
253.3,-0.879839,-0.733228,-1.02948,0.134792
253.4,-0.846219,-0.682295,-1.01363,0.134792
253.5,-0.810942,-0.632284,-0.996001,0.134792
253.6,-0.774403,-0.583395,-0.976631,0.134792
253.7,-0.736985,-0.535794,-0.955582,0.134792
253.8,-0.699051,-0.489619,-0.932947,0.134792
253.9,-0.660936,-0.444977,-0.908846,0.134792
254,-0.62294,-0.401952,-0.883414,0.134792
254.1,-0.585323,-0.3606,-0.856803,0.134792
254.2,-0.548304,-0.320956,-0.829172,0.134792
254.3,-0.512061,-0.283038,-0.800684,0.134792
254.4,-0.476732,-0.246846,-0.771501,0.134792
254.5,-0.442415,-0.212371,-0.741782,0.134792
254.6,-0.409174,-0.179593,-0.711676,0.134792
254.7,-0.377043,-0.148486,-0.681326,0.134792
254.8,-0.346028,-0.119023,-0.650861,0.134792
254.9,-0.316115,-0.0911728,-0.620396,0.134792
255,-0.287271,-0.0649077,-0.590037,0.134792
255.1,-0.259451,-0.0402012,-0.559871,0.134792
255.2,-0.232601,-0.0170308,-0.529976,0.134792
255.3,-0.206662,0.00462107,-0.500415,0.134792
255.4,-0.181574,0.024767,-0.471241,0.134792
255.5,-0.157276,0.0434139,-0.442494,0.134792
255.6,-0.133713,0.0605631,-0.414206,0.134792
255.7,-0.110834,0.0762106,-0.386402,0.134792
255.8,-0.0885964,0.0903472,-0.359098,0.134792
255.9,-0.0669644,0.102959,-0.332305,0.134792
256,-0.0459122,0.11403,-0.306031,0.134792
256.1,-0.0254237,0.123538,-0.280282,0.134792
256.2,-0.00549272,0.13146,-0.255061,0.134792
256.3,0.0138765,0.137774,-0.23037,0.134792
256.4,0.0326696,0.142454,-0.206213,0.134792
256.5,0.0508623,0.145478,-0.182595,0.134792
256.6,0.0684205,0.146823,-0.159524,0.134792
256.7,0.0853005,0.14647,-0.13701,0.134792
256.8,0.10145,0.144406,-0.115067,0.134792
256.9,0.116808,0.140619,-0.0937136,0.134792
257,0.131306,0.135106,-0.0729714,0.134792
257.1,0.144868,0.12787,-0.052868,0.134792
257.2,0.15741,0.118925,-0.0334358,0.134792
257.3,0.168846,0.10829,-0.0147121,0.134792
257.4,0.17908,0.0959969,0.00326073,0.134792
257.5,0.188014,0.0820898,0.020435,0.0240328
257.6,0.195547,0.0666238,0.0367581,0.0425503
257.7,0.201574,0.0496682,0.0521728,0.0595082
257.8,0.205989,0.0313062,0.066617,0.0749593
257.9,0.208687,0.0116364,0.0800246,0.0889391
258,0.209563,-0.00922679,0.0923256,0.101455
258.1,0.208513,-0.0311524,0.103447,0.112548
258.2,0.205441,-0.0539925,0.113313,0.122204
258.3,0.200253,-0.0775818,0.121847,0.13042
258.4,0.192867,-0.101737,0.128968,0.137185
258.5,0.18321,-0.126259,0.1346,0.142476
258.6,0.171222,-0.15093,0.138665,0.146263
258.7,0.156858,-0.175516,0.141087,0.148507
258.8,0.140095,-0.199768,0.141796,0.149162
258.9,0.120929,-0.223422,0.140726,0.148173
259,0.0993832,-0.246202,0.137819,0.145476
259.1,0.0755095,-0.267822,0.133024,0.141
259.2,0.0493916,-0.287987,0.126305,0.134665
259.3,0.0211488,-0.306399,0.117636,0.126381
259.4,-0.00906112,-0.322757,0.107007,0.11605
259.5,-0.041039,-0.336764,0.0944281,0.103575
259.6,-0.0745423,-0.34813,0.079927,0.088839
259.7,-0.109284,-0.356578,0.0635553,0.0717213
259.8,-0.144932,-0.361848,0.0453888,0.0521042
259.9,-0.181109,-0.363702,0.0255299,0.0302372
260,-0.217395,-0.361932,0.00410942,0.0302372
260.1,-0.253333,-0.356365,-0.0187127,0.0302372
260.2,-0.288429,-0.346865,-0.0427462,0.0302372
260.3,-0.322163,-0.333344,-0.0677708,0.0302372
260.4,-0.353997,-0.315762,-0.0935366,0.0302372
260.5,-0.383383,-0.294135,-0.119766,0.0302372
260.6,-0.409775,-0.268532,-0.146155,0.0302372
260.7,-0.432644,-0.239086,-0.172378,0.0302372
260.8,-0.451489,-0.205985,-0.198091,0.0302372
260.9,-0.465849,-0.16948,-0.222937,0.0302372
261,-0.47532,-0.129875,-0.246551,0.0302372
261.1,-0.479566,-0.0875317,-0.26857,0.0302372
261.2,-0.478328,-0.042859,-0.288633,0.0302372
261.3,-0.471434,0.00369071,-0.306397,0.0302372
261.4,-0.458803,0.0516287,-0.321537,0.0302372
261.5,-0.440452,0.100438,-0.333757,0.0302372
261.6,-0.416489,0.149581,-0.342795,0.0302372
261.7,-0.387115,0.19851,-0.348429,0.0302372
261.8,-0.352614,0.246672,-0.35048,0.0302372
261.9,-0.313344,0.293519,-0.34882,0.0302372
262,-0.269724,0.338516,-0.343367,0.0302372
262.1,-0.222223,0.381147,-0.33409,0.0302372
262.2,-0.171344,0.420915,-0.321008,0.0302372
262.3,-0.117607,0.457356,-0.304186,0.0302372
262.4,-0.0615424,0.490032,-0.283735,0.0302372
262.5,-0.00367147,0.518538,-0.259804,0.0302372
262.6,0.0555001,0.542501,-0.232575,0.0302372
262.7,0.115492,0.56158,-0.202264,0.0302372
262.8,0.175854,0.575462,-0.169107,0.0302372
262.9,0.236171,0.583865,-0.13336,0.0302372
263,0.296063,0.586533,-0.0952923,0.0302372
263.1,0.355184,0.583232,-0.0551826,0.0302372
263.2,0.413218,0.573753,-0.0133139,0.0302372
263.3,0.469877,0.557904,0.0300288,0.0349867
263.4,0.524892,0.535513,0.0745613,0.0832827
263.5,0.578008,0.506428,0.120001,0.128654
263.6,0.628975,0.470512,0.16607,0.171129
263.7,0.677541,0.427649,0.212491,0.210787
263.8,0.723445,0.37774,0.258989,0.247733
263.9,0.766407,0.320713,0.30529,0.282085
264,0.806121,0.256519,0.35112,0.313962
264.1,0.842249,0.18514,0.396196,0.343473
264.2,0.87441,0.106596,0.440233,0.37072
264.3,0.902178,0.0209457,0.48293,0.395788
264.4,0.925074,-0.0716996,0.523975,0.418744
264.5,0.942558,-0.171173,0.563036,0.439639
264.6,0.95403,-0.277238,0.599757,0.458501
264.7,0.958818,-0.389584,0.633758,0.475339
264.8,0.956185,-0.507811,0.664626,0.490135
264.9,0.94532,-0.631418,0.691915,0.50285
265,0.925347,-0.759793,0.715139,0.513414
265.1,0.895323,-0.892199,0.733774,0.521726
265.2,0.854252,-1.02776,0.747252,0.52765
265.3,0.801097,-1.16546,0.754963,0.531007
265.4,0.734801,-1.3041,0.756255,0.531567
265.5,0.654316,-1.44235,0.750437,0.529039
265.6,0.558641,-1.57866,0.736786,0.523056
265.7,0.446875,-1.71135,0.714557,0.513152
265.8,0.318278,-1.83852,0.682999,0.498732
265.9,0.172351,-1.95815,0.641371,0.47903
266,0.00893073,-2.06806,0.588971,0.453036
266.1,-0.171705,-2.16597,0.525168,0.419397
266.2,-0.368716,-2.24953,0.449447,0.376238
266.3,-0.580575,-2.3164,0.361449,0.320878
266.4,-0.804942,-2.36432,0.261038,0.249295
266.5,-1.03856,-2.39119,0.148353,0.155185
266.6,-1.27719,-2.39518,0.0238799,0.0279899
266.7,-1.51556,-2.37487,-0.11149,0.0279899
266.8,-1.74746,-2.32935,-0.256401,0.0279899
266.9,-1.96583,-2.25834,-0.408994,0.0279899
267,-2.16308,-2.1623,-0.566887,0.0279899
267.1,-2.33144,-2.04252,-0.727188,0.0279899
267.2,-2.46344,-1.90112,-0.886554,0.0279899
267.3,-2.55247,-1.74107,-1.04128,0.0279899
267.4,-2.59337,-1.56609,-1.18747,0.0279899
267.5,-2.58299,-1.38054,-1.32117,0.0279899
267.6,-2.52056,-1.18919,-1.43864,0.0279899
267.7,-2.40797,-0.997004,-1.53653,0.0279899
267.8,-2.24969,-0.808886,-1.61214,0.0279899
267.9,-2.05256,-0.629396,-1.66355,0.0279899
268,-1.8252,-0.462534,-1.68978,0.0279899
268.1,-1.57735,-0.311558,-1.6908,0.0279899
268.2,-1.31909,-0.178871,-1.66755,0.0279899
268.3,-1.06006,-0.0659823,-1.62183,0.0279899
268.4,-0.808851,0.0264635,-1.55612,0.0279899
268.5,-0.57253,0.0985935,-1.47344,0.0279899
268.6,-0.356386,0.151177,-1.37707,0.0279899
268.7,-0.16389,0.185474,-1.27043,0.0279899
268.8,0.003177,0.203074,-1.15685,0.0279899
268.9,0.144483,0.205757,-1.03942,0.0279899
269,0.260828,0.195368,-0.920933,0.0279899
269.1,0.353816,0.17372,-0.803798,0.0279899
269.2,0.425543,0.142526,-0.690007,0.0279899
269.3,0.478334,0.103362,-0.581154,0.0279899
269.4,0.514531,0.0576397,-0.478457,0.0279899
269.5,0.536351,0.00661037,-0.382801,0.0279899
269.6,0.545779,-0.0486268,-0.294785,0.0279899
269.7,0.544526,-0.107106,-0.214776,0.0279899
269.8,0.534006,-0.167974,-0.14296,0.0279899
269.9,0.515349,-0.230461,-0.0793796,0.0279899
270,0.489424,-0.293863,-0.023983,0.0279899
270.1,0.456873,-0.357516,0.02335,0.0273819
270.2,0.418156,-0.420777,0.0627797,0.0708963
270.3,0.373593,-0.483013,0.0944879,0.103634
270.4,0.3234,-0.543582,0.118664,0.127371
270.5,0.26774,-0.60183,0.135498,0.143314
270.6,0.206753,-0.657085,0.145174,0.152272
270.7,0.140597,-0.708655,0.147874,0.154746
270.8,0.0694756,-0.755831,0.143779,0.150991
270.9,-0.00632399,-0.797892,0.133077,0.14105
271,-0.0864099,-0.834115,0.115969,0.124775
271.1,-0.170259,-0.863787,0.0926818,0.10182
271.2,-0.257198,-0.886218,0.0634754,0.0718886
271.3,-0.346389,-0.900763,0.0286589,0.0334339
271.4,-0.43682,-0.906834,-0.0114008,0.0334339
271.5,-0.527306,-0.90393,-0.0562667,0.0334339
271.6,-0.616496,-0.891653,-0.105423,0.0334339
271.7,-0.702893,-0.869728,-0.158265,0.0334339
271.8,-0.784878,-0.838031,-0.214101,0.0334339
271.9,-0.860758,-0.796597,-0.272144,0.0334339
272,-0.928813,-0.745641,-0.331519,0.0334339
272.1,-0.987356,-0.685564,-0.391273,0.0334339
272.2,-1.0348,-0.616954,-0.450386,0.0334339
272.3,-1.06974,-0.540586,-0.507795,0.0334339
272.4,-1.09101,-0.457407,-0.562413,0.0334339
272.5,-1.09773,-0.368516,-0.613158,0.0334339
272.6,-1.08941,-0.275139,-0.658989,0.0334339
272.7,-1.06594,-0.1786,-0.698933,0.0334339
272.8,-1.0276,-0.0802785,-0.732119,0.0334339
272.9,-0.975087,0.0184248,-0.757806,0.0334339
273,-0.909467,0.116127,-0.775408,0.0334339
273.1,-0.832114,0.211501,-0.78451,0.0334339
273.2,-0.74465,0.303303,-0.784883,0.0334339
273.3,-0.64886,0.390405,-0.776479,0.0334339
273.4,-0.546611,0.471806,-0.759432,0.0334339
273.5,-0.439763,0.546645,-0.73404,0.0334339
273.6,-0.330091,0.614207,-0.700746,0.0334339
273.7,-0.219225,0.673913,-0.660114,0.0334339
273.8,-0.1086,0.725313,-0.612799,0.0334339
273.9,0.000579379,0.768069,-0.559521,0.0334339
274,0.107345,0.801937,-0.501034,0.0334339
274.1,0.21097,0.826748,-0.438099,0.0334339
274.2,0.310947,0.842387,-0.371465,0.0334339
274.3,0.406972,0.848775,-0.301848,0.0334339
274.4,0.498902,0.845851,-0.229915,0.0334339
274.5,0.586729,0.83356,-0.156278,0.0334339
274.6,0.67054,0.811838,-0.0814857,0.0334339
274.7,0.750481,0.780607,-0.00602394,0.0334339
274.8,0.826729,0.739766,0.069684,0.0781879
274.9,0.899462,0.689192,0.145272,0.152363
275,0.968834,0.62874,0.220425,0.217279
275.1,1.03496,0.55824,0.294869,0.274551
275.2,1.09788,0.477509,0.368367,0.325457
275.3,1.15757,0.386349,0.440703,0.371003
275.4,1.21394,0.284563,0.511676,0.411977
275.5,1.26676,0.171955,0.581089,0.449004
275.6,1.31574,0.0483502,0.648741,0.482577
275.7,1.36045,-0.0864014,0.714413,0.513087
275.8,1.40033,-0.232406,0.777861,0.540839
275.9,1.43473,-0.389714,0.838808,0.566067
276,1.46281,-0.558302,0.89693,0.588948
276.1,1.48362,-0.738051,0.951849,0.609604
276.2,1.496,-0.928732,1.00312,0.628114
276.3,1.49865,-1.12998,1.05024,0.644508
276.4,1.49007,-1.34125,1.09259,0.658777
276.5,1.46855,-1.56184,1.12949,0.670867
276.6,1.43218,-1.79079,1.16012,0.680675
276.7,1.37882,-2.02691,1.18357,0.688049
276.8,1.30615,-2.2687,1.1988,0.692776
276.9,1.21164,-2.51435,1.20463,0.694573
277,1.09259,-2.76167,1.19974,0.693067
277.1,0.946242,-3.00811,1.18269,0.687775
277.2,0.769808,-3.25066,1.15191,0.678065
277.3,0.560646,-3.48592,1.1057,0.663107
277.4,0.316443,-3.71003,1.0423,0.641785
277.5,0.0354692,-3.91873,0.95993,0.612569
277.6,-0.283093,-4.10741,0.856844,0.573285
277.7,-0.638748,-4.2712,0.731448,0.520696
277.8,-1.02923,-4.40512,0.582429,0.449691
277.9,-1.44998,-4.50427,0.408922,0.3515
278,-1.89369,-4.56412,0.210705,0.209315
278.1,-2.34987,-4.58081,-0.0115739,0.209315
278.2,-2.80463,-4.55151,-0.256166,0.209315
278.3,-3.24082,-4.47486,-0.520008,0.209315
278.4,-3.63853,-4.35133,-0.798555,0.209315
278.5,-3.97625,-4.18355,-1.08571,0.209315
278.6,-4.23255,-3.97649,-1.37391,0.209315
278.7,-4.38825,-3.73751,-1.65434,0.209315
278.8,-4.4289,-3.47606,-1.91743,0.209315
278.9,-4.34706,-3.20324,-2.15345,0.209315
279,-4.1441,-2.93103,-2.35331,0.209315
279.1,-3.83082,-2.67142,-2.50938,0.209315
279.2,-3.42685,-2.43543,-2.61621,0.209315
279.3,-2.9587,-2.23229,-2.6711,0.209315
279.4,-2.45681,-2.06871,-2.67433,0.209315
279.5,-1.95209,-1.94861,-2.62912,0.209315
279.6,-1.47274,-1.87304,-2.5412,0.209315
279.7,-1.04177,-1.84047,-2.41822,0.209315
279.8,-0.675577,-1.84723,-2.26896,0.209315
279.9,-0.383636,-1.88816,-2.10259,0.209315
280,-0.169161,-1.9572,-1.92803,0.209315
280.1,-0.0303045,-2.04788,-1.75335,0.209315
280.2,0.0383719,-2.15383,-1.58553,0.209315
280.3,0.0444794,-2.26901,-1.43024,0.209315
280.4,-0.00337928,-2.38789,-1.29182,0.209315
280.5,-0.0964687,-2.50559,-1.17339,0.209315
280.6,-0.22645,-2.61784,-1.07693,0.209315
280.7,-0.385634,-2.72096,-1.0035,0.209315
280.8,-0.567017,-2.81187,-0.953323,0.209315
280.9,-0.76419,-2.88797,-0.925998,0.209315
281,-0.97118,-2.94722,-0.920558,0.209315
281.1,-1.18227,-2.98802,-0.935577,0.209315
281.2,-1.39186,-3.00929,-0.969226,0.209315
281.3,-1.59439,-3.01047,-1.01932,0.209315
281.4,-1.78432,-2.99154,-1.08336,0.209315
281.5,-1.95619,-2.95304,-1.15854,0.209315
281.6,-2.10482,-2.89608,-1.24184,0.209315
281.7,-2.22551,-2.82233,-1.33004,0.209315
281.8,-2.31433,-2.73403,-1.41982,0.209315
281.9,-2.36838,-2.63383,-1.50784,0.209315
282,-2.38609,-2.5248,-1.59088,0.209315
282.1,-2.3674,-2.41022,-1.66593,0.209315
282.2,-2.31385,-2.29347,-1.73036,0.209315
282.3,-2.22856,-2.17787,-1.782,0.209315
282.4,-2.11604,-2.06652,-1.81925,0.209315
282.5,-1.98197,-1.96215,-1.84115,0.209315
282.6,-1.83272,-1.86701,-1.84743,0.209315
282.7,-1.67502,-1.78277,-1.83844,0.209315
282.8,-1.51544,-1.71054,-1.81516,0.209315
282.9,-1.36007,-1.65081,-1.77906,0.209315
283,-1.21418,-1.6035,-1.73204,0.209315
283.1,-1.08201,-1.56806,-1.67624,0.209315
283.2,-0.96669,-1.54352,-1.61397,0.209315
283.3,-0.870225,-1.5286,-1.54755,0.209315
283.4,-0.793589,-1.52181,-1.47923,0.209315
283.5,-0.736849,-1.52151,-1.41108,0.209315
283.6,-0.699328,-1.52603,-1.34496,0.209315
283.7,-0.679777,-1.5337,-1.28244,0.209315
283.8,-0.676531,-1.54293,-1.22481,0.209315
283.9,-0.687652,-1.55221,-1.17306,0.209315
284,-0.71104,-1.56019,-1.12791,0.209315
284.1,-0.744522,-1.56564,-1.08979,0.209315
284.2,-0.785916,-1.56752,-1.05888,0.209315
284.3,-0.833075,-1.56495,-1.03515,0.209315
284.4,-0.883918,-1.5572,-1.01836,0.209315
284.5,-0.936456,-1.54373,-1.0081,0.209315
284.6,-0.988802,-1.52418,-1.00382,0.209315
284.7,-1.03919,-1.49835,-1.00485,0.209315
284.8,-1.08601,-1.46619,-1.01042,0.209315
284.9,-1.12778,-1.42783,-1.01968,0.209315
285,-1.16323,-1.38353,-1.03174,0.209315
285.1,-1.19127,-1.33369,-1.04567,0.209315
285.2,-1.21104,-1.27884,-1.06055,0.209315
285.3,-1.22192,-1.21959,-1.07547,0.209315
285.4,-1.22355,-1.15666,-1.08956,0.209315
285.5,-1.21583,-1.09081,-1.10201,0.209315
285.6,-1.19892,-1.02285,-1.1121,0.209315
285.7,-1.17323,-0.953584,-1.11918,0.209315
285.8,-1.13937,-0.883825,-1.12275,0.209315
285.9,-1.09818,-0.814342,-1.12239,0.209315
286,-1.05063,-0.745852,-1.11783,0.209315
286.1,-0.997816,-0.679003,-1.10892,0.209315
286.2,-0.940882,-0.614363,-1.09562,0.209315
286.3,-0.880999,-0.552406,-1.07802,0.209315
286.4,-0.81931,-0.493515,-1.0563,0.209315
286.5,-0.756895,-0.437976,-1.03073,0.209315
286.6,-0.694735,-0.385984,-1.00166,0.209315
286.7,-0.633696,-0.337651,-0.969483,0.209315
286.8,-0.574506,-0.29301,-0.934648,0.209315
286.9,-0.517757,-0.25203,-0.89761,0.209315
287,-0.463899,-0.214624,-0.858832,0.209315
287.1,-0.413248,-0.180663,-0.818773,0.209315
287.2,-0.366,-0.149982,-0.777869,0.209315
287.3,-0.322241,-0.122396,-0.73653,0.209315
287.4,-0.281969,-0.0977055,-0.695129,0.209315
287.5,-0.245105,-0.0757043,-0.654002,0.209315
287.6,-0.211513,-0.0561873,-0.61344,0.209315
287.7,-0.181015,-0.0389553,-0.573693,0.209315
287.8,-0.153407,-0.0238184,-0.534967,0.209315
287.9,-0.128466,-0.0105988,-0.49743,0.209315
288,-0.105963,0.00086696,-0.461211,0.209315
288.1,-0.0856749,0.0107276,-0.426407,0.209315
288.2,-0.0673829,0.0191167,-0.393082,0.209315
288.3,-0.0508834,0.0261531,-0.361276,0.209315
288.4,-0.0359885,0.0319414,-0.331006,0.209315
288.5,-0.0225288,0.0365735,-0.302269,0.209315
288.6,-0.0103536,0.0401294,-0.27505,0.209315
288.7,0.000668112,0.0426788,-0.249319,0.209315
288.8,0.0106485,0.0442825,-0.225039,0.209315
288.9,0.0196816,0.044994,-0.202166,0.209315
289,0.0278445,0.0448605,-0.180653,0.209315
289.1,0.0351988,0.0439247,-0.16045,0.209315
289.2,0.0417919,0.0422259,-0.141507,0.209315
289.3,0.0476585,0.0398011,-0.123774,0.209315
289.4,0.0528223,0.0366862,-0.107205,0.209315
289.5,0.0572976,0.0329173,-0.0917543,0.209315
289.6,0.0610904,0.0285309,-0.0773812,0.209315
289.7,0.0642002,0.0235654,-0.064048,0.209315
289.8,0.0666212,0.0180614,-0.051721,0.209315
289.9,0.0683437,0.0120623,-0.0403703,0.209315
290,0.0693551,0.00561509,-0.0299702,0.209315
290.1,0.0696415,-0.00122967,-0.0204985,0.209315
290.2,0.0691885,-0.00841725,-0.0119365,0.209315
290.3,0.0679822,-0.0158887,-0.0042688,0.209315
290.4,0.0660108,-0.0235807,0.00251753,0.209315
290.5,0.0632648,-0.0314257,0.00843305,0.209315
290.6,0.0597387,-0.0393516,0.0134866,0.0159689
290.7,0.0554313,-0.0472826,0.0176859,0.0208558
290.8,0.0503471,-0.055139,0.021038,0.0247314
290.9,0.0444967,-0.0628378,0.0235502,0.0276111
291,0.0378976,-0.0702931,0.0252301,0.0295276
291.1,0.0305752,-0.0774169,0.026087,0.0305064
291.2,0.022563,-0.0841198,0.0261318,0.0305614
291.3,0.0139035,-0.0903114,0.0253782,0.0297047
291.4,0.00464833,-0.0959017,0.0238431,0.0279659
291.5,-0.00514114,-0.100802,0.0215468,0.0253103
291.6,-0.0153939,-0.104925,0.0185145,0.0218129
291.7,-0.0260291,-0.108189,0.014776,0.0174773
291.8,-0.0369562,-0.110513,0.0103662,0.0123219
291.9,-0.0480754,-0.111825,0.00532608,0.0123219
292,-0.0592779,-0.11206,-0.000297443,0.0123219
292.1,-0.0704471,-0.111158,-0.00645123,0.0123219
292.2,-0.0814588,-0.109072,-0.0130757,0.0123219
292.3,-0.092183,-0.105762,-0.0201048,0.0123219
292.4,-0.102485,-0.101204,-0.0274662,0.0123219
292.5,-0.112227,-0.0953836,-0.0350814,0.0123219
292.6,-0.121269,-0.0882997,-0.0428662,0.0123219
292.7,-0.129473,-0.0799669,-0.0507313,0.0123219
292.8,-0.136703,-0.0704139,-0.0585826,0.0123219
292.9,-0.142827,-0.059685,-0.0663222,0.0123219
293,-0.14772,-0.0478395,-0.0738495,0.0123219
293.1,-0.151267,-0.0349524,-0.0810619,0.0123219
293.2,-0.153363,-0.0211138,-0.0878561,0.0123219
293.3,-0.153918,-0.00642842,-0.0941293,0.0123219
293.4,-0.152854,0.0089851,-0.0997806,0.0123219
293.5,-0.150113,0.024995,-0.104712,0.0123219
293.6,-0.145652,0.0414574,-0.108831,0.0123219
293.7,-0.139448,0.0582179,-0.112048,0.0123219
293.8,-0.131499,0.0751128,-0.114285,0.0123219
293.9,-0.121822,0.0919708,-0.115469,0.0123219
294,-0.110454,0.108614,-0.115537,0.0123219
294.1,-0.097452,0.124862,-0.114437,0.0123219
294.2,-0.0828911,0.140529,-0.112128,0.0123219
294.3,-0.0668657,0.155432,-0.108582,0.0123219
294.4,-0.0494864,0.169385,-0.103781,0.0123219
294.5,-0.0308791,0.182208,-0.0977237,0.0123219
294.6,-0.0111836,0.193723,-0.0904179,0.0123219
294.7,0.00944818,0.203761,-0.0818865,0.0123219
294.8,0.030854,0.212156,-0.0721648,0.0123219
294.9,0.0528627,0.218756,-0.0613007,0.0123219
295,0.0752962,0.223413,-0.0493541,0.0123219
295.1,0.0979703,0.225995,-0.0363963,0.0123219
295.2,0.120697,0.22638,-0.02251,0.0123219
295.3,0.143283,0.22446,-0.00778756,0.0123219
295.4,0.165536,0.220141,0.00766859,0.00912278
295.5,0.187257,0.213343,0.0237474,0.0278353
295.6,0.208251,0.204005,0.0403295,0.0465214
295.7,0.228317,0.192081,0.0572882,0.0650314
295.8,0.247257,0.177544,0.0744897,0.0832089
295.9,0.264869,0.160385,0.0917939,0.100926
296,0.280952,0.140616,0.109055,0.118058
296.1,0.295303,0.118271,0.126122,0.134491
296.2,0.307719,0.0934051,0.142838,0.150125
296.3,0.317996,0.0660982,0.159044,0.164862
296.4,0.32593,0.0364549,0.174573,0.178618
296.5,0.331314,0.00460598,0.189258,0.191308
296.6,0.333947,-0.0292898,0.202927,0.202854
296.7,0.333626,-0.0650449,0.215404,0.213179
296.8,0.330153,-0.102442,0.226512,0.222205
296.9,0.323336,-0.141231,0.236072,0.229851
297,0.312993,-0.181133,0.243905,0.236031
297.1,0.298953,-0.221833,0.24983,0.240659
297.2,0.281061,-0.262986,0.25367,0.243637
297.3,0.259185,-0.304213,0.255251,0.244858
297.4,0.233219,-0.345102,0.254402,0.244202
297.5,0.203091,-0.385215,0.250962,0.241539
297.6,0.16877,-0.424082,0.244779,0.236717
297.7,0.130273,-0.461209,0.235717,0.229567
297.8,0.0876759,-0.496083,0.223654,0.219897
297.9,0.0411196,-0.528174,0.208492,0.207485
298,-0.00917968,-0.556944,0.19016,0.192077
298.1,-0.0629224,-0.581853,0.168617,0.173383
298.2,-0.119718,-0.60237,0.143858,0.151063
298.3,-0.179078,-0.617979,0.115922,0.124726
298.4,-0.240412,-0.628196,0.0848949,0.0939294
298.5,-0.303027,-0.632576,0.050916,0.0581406
298.6,-0.366127,-0.630728,0.0141819,0.0167789
298.7,-0.42882,-0.622328,-0.025049,0.0167789
298.8,-0.490128,-0.60713,-0.0664537,0.0167789
298.9,-0.549004,-0.58498,-0.109643,0.0167789
299,-0.604348,-0.555828,-0.154164,0.0167789
299.1,-0.655041,-0.519733,-0.199498,0.0167789
299.2,-0.699968,-0.476872,-0.245072,0.0167789
299.3,-0.738057,-0.427546,-0.290262,0.0167789
299.4,-0.768312,-0.372176,-0.334405,0.0167789
299.5,-0.789856,-0.3113,-0.376811,0.0167789
299.6,-0.801961,-0.245569,-0.41678,0.0167789
299.7,-0.80408,-0.17573,-0.453618,0.0167789
299.8,-0.795877,-0.102615,-0.486655,0.0167789
299.9,-0.777238,-0.0271242,-0.515262,0.0167789
300,-0.748281,0.0497995,-0.538873,0.0167789
300.1,-0.709353,0.127187,-0.556994,0.0167789
300.2,-0.661015,0.204067,-0.569227,0.0167789
300.3,-0.604014,0.279483,-0.57527,0.0167789
300.4,-0.539255,0.352519,-0.57493,0.0167789
300.5,-0.467756,0.422307,-0.568125,0.0167789
300.6,-0.390612,0.488046,-0.554883,0.0167789
300.7,-0.308943,0.549004,-0.535331,0.0167789
300.8,-0.223859,0.60453,-0.509694,0.0167789
300.9,-0.136421,0.65405,-0.478278,0.0167789
301,-0.0476105,0.697065,-0.441457,0.0167789
301.1,0.0416943,0.733147,-0.399659,0.0167789
301.2,0.13073,0.761929,-0.353346,0.0167789
301.3,0.218858,0.783097,-0.303008,0.0167789
301.4,0.30556,0.796383,-0.249138,0.0167789
301.5,0.390432,0.801549,-0.19223,0.0167789
301.6,0.473176,0.798384,-0.132762,0.0167789
301.7,0.553576,0.786688,-0.0711911,0.0167789
301.8,0.631488,0.766275,-0.00794759,0.0167789
301.9,0.706818,0.736956,0.0565676,0.0642538
302,0.779501,0.698543,0.121984,0.130552
302.1,0.849486,0.650845,0.187962,0.190202
302.2,0.916715,0.593665,0.254189,0.244038
302.3,0.98111,0.526802,0.320375,0.292798
302.4,1.04256,0.450056,0.386248,0.337107
302.5,1.1009,0.363231,0.451552,0.377193
302.6,1.1559,0.26614,0.516033,0.414385
302.7,1.20727,0.158613,0.57944,0.448155
302.8,1.25463,0.040505,0.64151,0.479097
302.9,1.2975,-0.0882911,0.701968,0.507451
303,1.33531,-0.227835,0.760512,0.533408
303.1,1.36736,-0.378124,0.81681,0.557114
303.2,1.39283,-0.539078,0.87049,0.578675
303.3,1.41075,-0.710521,0.921128,0.59816
303.4,1.42002,-0.892162,0.968243,0.615601
303.5,1.41936,-1.08357,1.01129,0.630995
303.6,1.40733,-1.28417,1.04964,0.644302
303.7,1.3823,-1.49316,1.08257,0.655441
303.8,1.34246,-1.70957,1.1093,0.664289
303.9,1.2858,-1.93216,1.12888,0.670672
304,1.21015,-2.15939,1.14032,0.674358
304.1,1.11319,-2.38946,1.14245,0.675043
304.2,0.992474,-2.6202,1.13403,0.672333
304.3,0.845526,-2.84907,1.11366,0.66572
304.4,0.669922,-3.07317,1.07989,0.654543
304.5,0.463429,-3.28921,1.03114,0.63793
304.6,0.2242,-3.49349,0.965808,0.614715
304.7,-0.0489864,-3.682,0.882291,0.583287
304.8,-0.356419,-3.85042,0.779067,0.541351
304.9,-0.69709,-3.99424,0.654787,0.485467
305,-1.06829,-4.10892,0.508408,0.410163
305.1,-1.46517,-4.19006,0.339346,0.305961
305.2,-1.88035,-4.23365,0.147648,0.154541
305.3,-2.30365,-4.2364,-0.0658018,0.154541
305.4,-2.7219,-4.19601,-0.299093,0.154541
305.5,-3.11925,-4.11158,-0.54911,0.154541
305.6,-3.47763,-3.98389,-0.811412,0.154541
305.7,-3.77793,-3.8157,-1.0802,0.154541
305.8,-4.00143,-3.61184,-1.34841,0.154541
305.9,-4.1318,-3.37923,-1.60798,0.154541
306,-4.15712,-3.12658,-1.85024,0.154541
306.1,-4.07178,-2.86399,-2.06653,0.154541
306.2,-3.87786,-2.60227,-2.2488,0.154541
306.3,-3.58554,-2.35213,-2.39041,0.154541
306.4,-3.21247,-2.12343,-2.48665,0.154541
306.5,-2.78207,-1.92439,-2.53525,0.154541
306.6,-2.32099,-1.76107,-2.53657,0.154541
306.7,-1.85623,-1.63708,-2.49349,0.154541
306.8,-1.41251,-1.5535,-2.41113,0.154541
306.9,-1.0101,-1.5092,-2.29624,0.154541
307,-0.663709,-1.50113,-2.1566,0.154541
307.1,-0.382117,-1.52493,-2.00038,0.154541
307.2,-0.1687,-1.57537,-1.83552,0.154541
307.3,-0.0223934,-1.64684,-1.6693,0.154541
307.4,0.0610852,-1.73373,-1.50806,0.154541
307.5,0.0880362,-1.83071,-1.35702,0.154541
307.6,0.0657491,-1.93286,-1.22022,0.154541
307.7,0.00173063,-2.03577,-1.10064,0.154541
307.8,-0.096798,-2.13558,-1.00025,0.154541
307.9,-0.223164,-2.22893,-0.920195,0.154541
308,-0.371319,-2.31296,-0.860881,0.154541
308.1,-0.535794,-2.38523,-0.82214,0.154541
308.2,-0.71157,-2.44372,-0.803323,0.154541
308.3,-0.893937,-2.48681,-0.80338,0.154541
308.4,-1.07835,-2.51326,-0.82092,0.154541
308.5,-1.26031,-2.52225,-0.854257,0.154541
308.6,-1.43535,-2.51336,-0.901438,0.154541
308.7,-1.59898,-2.4866,-0.96027,0.154541
308.8,-1.7468,-2.44246,-1.02835,0.154541
308.9,-1.87463,-2.38188,-1.10307,0.154541
309,-1.97864,-2.30627,-1.18173,0.154541
309.1,-2.05563,-2.21746,-1.26152,0.154541
309.2,-2.10321,-2.11768,-1.33963,0.154541
309.3,-2.11997,-2.00947,-1.41335,0.154541
309.4,-2.10572,-1.89558,-1.48015,0.154541
309.5,-2.06147,-1.77884,-1.53777,0.154541
309.6,-1.98949,-1.66209,-1.58433,0.154541
309.7,-1.89317,-1.54801,-1.61841,0.154541
309.8,-1.77682,-1.43901,-1.63906,0.154541
309.9,-1.6454,-1.33717,-1.64592,0.154541
310,-1.50424,-1.24412,-1.63909,0.154541
310.1,-1.35865,-1.16105,-1.61923,0.154541
310.2,-1.21367,-1.08865,-1.5874,0.154541
310.3,-1.0738,-1.02719,-1.54501,0.154541
310.4,-0.94282,-0.976495,-1.49375,0.154541
310.5,-0.823683,-0.93605,-1.43545,0.154541
310.6,-0.718483,-0.905055,-1.37203,0.154541
310.7,-0.628495,-0.882492,-1.30536,0.154541
310.8,-0.554253,-0.867201,-1.23723,0.154541
310.9,-0.495663,-0.85794,-1.16928,0.154541
311,-0.452128,-0.853439,-1.10296,0.154541
311.1,-0.422674,-0.852447,-1.03949,0.154541
311.2,-0.406065,-0.853759,-0.979892,0.154541
311.3,-0.400903,-0.856248,-0.92495,0.154541
311.4,-0.405706,-0.858873,-0.87524,0.154541
311.5,-0.418967,-0.860698,-0.831138,0.154541
311.6,-0.439198,-0.86089,-0.792844,0.154541
311.7,-0.464953,-0.858724,-0.760398,0.154541
311.8,-0.494852,-0.853584,-0.733701,0.154541
311.9,-0.527581,-0.84496,-0.712538,0.154541
312,-0.561901,-0.832446,-0.696589,0.154541
312.1,-0.596647,-0.81574,-0.685454,0.154541
312.2,-0.630729,-0.79464,-0.678661,0.154541
312.3,-0.663135,-0.769039,-0.675684,0.154541
312.4,-0.69293,-0.738929,-0.675956,0.154541
312.5,-0.71927,-0.704388,-0.678876,0.154541
312.6,-0.741398,-0.665583,-0.683826,0.154541
312.7,-0.758663,-0.622762,-0.690181,0.154541
312.8,-0.770518,-0.576245,-0.697316,0.154541
312.9,-0.77654,-0.526422,-0.704621,0.154541
313,-0.776425,-0.473736,-0.711509,0.154541
313.1,-0.770003,-0.418681,-0.717426,0.154541
313.2,-0.757229,-0.361785,-0.721862,0.154541
313.3,-0.738192,-0.303601,-0.724356,0.154541
313.4,-0.7131,-0.244697,-0.724506,0.154541
313.5,-0.682275,-0.18564,-0.721973,0.154541
313.6,-0.646134,-0.12699,-0.716487,0.154541
313.7,-0.605181,-0.0692883,-0.707847,0.154541
313.8,-0.559979,-0.0130487,-0.695922,0.154541
313.9,-0.511137,0.0412489,-0.680649,0.154541
314,-0.459285,0.0931635,-0.662031,0.154541
314.1,-0.405057,0.142297,-0.64013,0.154541
314.2,-0.349075,0.188294,-0.615063,0.154541
314.3,-0.291929,0.230845,-0.586994,0.154541
314.4,-0.234169,0.269682,-0.556123,0.154541
314.5,-0.176296,0.304577,-0.522685,0.154541
314.6,-0.118752,0.335341,-0.486934,0.154541
314.7,-0.0619256,0.361814,-0.449141,0.154541
314.8,-0.00614425,0.383869,-0.409584,0.154541
314.9,0.0483171,0.401399,-0.368546,0.154541
315,0.101233,0.41432,-0.326303,0.154541
315.1,0.152421,0.422564,-0.283127,0.154541
315.2,0.201734,0.426076,-0.239279,0.154541
315.3,0.249051,0.424811,-0.195006,0.154541
315.4,0.29427,0.418736,-0.150544,0.154541
315.5,0.337302,0.407823,-0.106115,0.154541
315.6,0.378058,0.392053,-0.061928,0.154541
315.7,0.416448,0.371415,-0.0181816,0.154541
315.8,0.452371,0.345906,0.0249366,0.029198
315.9,0.485712,0.315536,0.0672462,0.0756237
316,0.516334,0.280327,0.108572,0.117585
316.1,0.544077,0.240318,0.148741,0.155539
316.2,0.568755,0.195567,0.187581,0.189874
316.3,0.590151,0.146156,0.224917,0.220918
316.4,0.608016,0.0921942,0.260567,0.248942
316.5,0.622069,0.0338254,0.294342,0.274167
316.6,0.631998,-0.0287702,0.326044,0.296767
316.7,0.637455,-0.0953689,0.35546,0.316879
316.8,0.638064,-0.165699,0.382365,0.3346
316.9,0.633416,-0.239433,0.406516,0.349993
317,0.62308,-0.316186,0.427656,0.363088
317.1,0.606603,-0.395506,0.445506,0.373885
317.2,0.583517,-0.476871,0.459774,0.38235
317.3,0.55335,-0.559684,0.470148,0.388416
317.4,0.515634,-0.643271,0.476303,0.391979
317.5,0.469924,-0.726872,0.4779,0.3929
317.6,0.415809,-0.809649,0.474591,0.390991
317.7,0.352936,-0.890678,0.466027,0.386015
317.8,0.281036,-0.968957,0.451859,0.377672
317.9,0.199949,-1.04341,0.431754,0.365588
318,0.109658,-1.1129,0.405399,0.349291
318.1,0.0103266,-1.17623,0.372521,0.328189
318.2,-0.0976665,-1.23217,0.332896,0.301524
318.3,-0.213686,-1.2795,0.286371,0.268324
318.4,-0.336803,-1.31699,0.23288,0.22731
318.5,-0.46576,-1.34346,0.17247,0.176775
318.6,-0.598948,-1.35784,0.105318,0.114393
318.7,-0.734388,-1.35916,0.0317554,0.0369339
318.8,-0.869738,-1.34665,-0.0477112,0.0369339
318.9,-1.00232,-1.31973,-0.132384,0.0369339
319,-1.12915,-1.2781,-0.221362,0.0369339
319.1,-1.24705,-1.22176,-0.313537,0.0369339
319.2,-1.35274,-1.15104,-0.407595,0.0369339
319.3,-1.44297,-1.06661,-0.502037,0.0369339
319.4,-1.51468,-0.96951,-0.595206,0.0369339
319.5,-1.5652,-0.861139,-0.685327,0.0369339
319.6,-1.59237,-0.743203,-0.770564,0.0369339
319.7,-1.59473,-0.617687,-0.849084,0.0369339
319.8,-1.57165,-0.486785,-0.919127,0.0369339
319.9,-1.52336,-0.352826,-0.979083,0.0369339
320,-1.45102,-0.218187,-1.02756,0.0369339
320.1,-1.35662,-0.0852045,-1.06346,0.0369339
320.2,-1.24289,0.0439071,-1.086,0.0369339
320.3,-1.11314,0.167131,-1.09476,0.0369339
320.4,-0.971025,0.282708,-1.08972,0.0369339
320.5,-0.820371,0.389171,-1.07119,0.0369339
320.6,-0.664919,0.485368,-1.03982,0.0369339
320.7,-0.508152,0.570463,-0.996561,0.0369339
320.8,-0.353142,0.64391,-0.94256,0.0369339
320.9,-0.202445,0.705427,-0.879136,0.0369339
321,-0.0580456,0.754952,-0.807699,0.0369339
321.1,0.0786442,0.792591,-0.729682,0.0369339
321.2,0.206754,0.818575,-0.646493,0.0369339
321.3,0.32589,0.833208,-0.559461,0.0369339
321.4,0.436052,0.836833,-0.469809,0.0369339
321.5,0.537543,0.829793,-0.378629,0.0369339
321.6,0.630881,0.812403,-0.286866,0.0369339
321.7,0.716712,0.784939,-0.195322,0.0369339
321.8,0.795736,0.747618,-0.104657,0.0369339
321.9,0.868652,0.700596,-0.0153999,0.0369339
322,0.936105,0.643969,0.0720327,0.0806462
322.1,0.998652,0.577776,0.157323,0.163316
322.2,1.05674,0.502005,0.24023,0.23314
322.3,1.11068,0.416606,0.320572,0.292937
322.4,1.16065,0.3215,0.398209,0.344751
322.5,1.20668,0.216594,0.473022,0.390083
322.6,1.24865,0.101794,0.544902,0.43005
322.7,1.28631,-0.0229789,0.61373,0.465491
322.8,1.31923,-0.157774,0.679366,0.497045
322.9,1.34685,-0.302592,0.741638,0.525191
323,1.36845,-0.457368,0.800327,0.550293
323.1,1.38316,-0.621953,0.855161,0.572616
323.2,1.38995,-0.796091,0.905802,0.592346
323.3,1.38761,-0.9794,0.951839,0.609601
323.4,1.37478,-1.17135,0.992777,0.624436
323.5,1.34992,-1.37122,1.02803,0.63685
323.6,1.3113,-1.57811,1.05691,0.646784
323.7,1.25705,-1.79087,1.07863,0.654119
323.8,1.18511,-2.00809,1.09227,0.658672
323.9,1.0933,-2.22809,1.09683,0.660183
324,0.979328,-2.44884,1.09117,0.658305
324.1,0.840886,-2.66799,1.07403,0.652577
324.2,0.675701,-2.88285,1.04407,0.642395
324.3,0.481681,-3.09033,0.99987,0.62696
324.4,0.257076,-3.28702,0.939941,0.605201
324.5,0.000696963,-3.46915,0.86281,0.575649
324.6,-0.287816,-3.63269,0.767066,0.536229
324.7,-0.607672,-3.77343,0.65145,0.483874
324.8,-0.956566,-3.88708,0.514968,0.413798
324.9,-1.3303,-3.96947,0.357029,0.31793
325,-1.72241,-4.01677,0.177604,0.181261
325.1,-2.1239,-4.02571,-0.0225955,0.181261
325.2,-2.52312,-3.99395,-0.241944,0.181261
325.3,-2.90586,-3.92033,-0.477734,0.181261
325.4,-3.25583,-3.80521,-0.726059,0.181261
325.5,-3.55554,-3.6507,-0.981766,0.181261
325.6,-3.78756,-3.46084,-1.23852,0.181261
325.7,-3.93615,-3.24157,-1.489,0.181261
325.8,-3.98917,-3.0006,-1.72523,0.181261
325.9,-3.93974,-2.74701,-1.93911,0.181261
326,-3.78768,-2.49073,-2.12293,0.181261
326.1,-3.54012,-2.24186,-2.27009,0.181261
326.2,-3.21118,-2.0099,-2.37561,0.181261
326.3,-2.82081,-1.80308,-2.43664,0.181261
326.4,-2.39261,-1.62783,-2.45268,0.181261
326.5,-1.95147,-1.48837,-2.42563,0.181261
326.6,-1.52097,-1.38665,-2.35952,0.181261
326.7,-1.12137,-1.32243,-2.26007,0.181261
326.8,-0.768182,-1.29365,-2.13421,0.181261
326.9,-0.471657,-1.2968,-1.98939,0.181261
327,-0.236917,-1.3274,-1.83311,0.181261
327.1,-0.0646819,-1.38044,-1.67239,0.181261
327.2,0.0477134,-1.45079,-1.5135,0.181261
327.3,0.105225,-1.53344,-1.36174,0.181261
327.4,0.114103,-1.62369,-1.22135,0.181261
327.5,0.0810926,-1.71729,-1.09556,0.181261
327.6,0.0128665,-1.81046,-0.98663,0.181261
327.7,-0.0843116,-1.89988,-0.896011,0.181261
327.8,-0.204741,-1.9827,-0.82443,0.181261
327.9,-0.343296,-2.05645,-0.772036,0.181261
328,-0.495352,-2.11905,-0.738502,0.181261
328.1,-0.656661,-2.16876,-0.723109,0.181261
328.2,-0.823219,-2.20418,-0.724817,0.181261
328.3,-0.99114,-2.22423,-0.742309,0.181261
328.4,-1.15658,-2.22819,-0.774026,0.181261
328.5,-1.31566,-2.21567,-0.818192,0.181261
328.6,-1.46454,-2.18669,-0.872831,0.181261
328.7,-1.59938,-2.14163,-0.935788,0.181261
328.8,-1.71655,-2.08131,-1.00476,0.181261
328.9,-1.81269,-2.00692,-1.07732,0.181261
329,-1.88495,-1.92005,-1.151,0.181261
329.1,-1.93114,-1.82263,-1.22329,0.181261
329.2,-1.94989,-1.71686,-1.29178,0.181261
329.3,-1.94081,-1.60517,-1.35419,0.181261
329.4,-1.90455,-1.49007,-1.40847,0.181261
329.5,-1.8428,-1.3741,-1.45288,0.181261
329.6,-1.75824,-1.2597,-1.48606,0.181261
329.7,-1.65435,-1.14913,-1.50708,0.181261
329.8,-1.53526,-1.04435,-1.51543,0.181261
329.9,-1.40544,-0.946996,-1.51111,0.181261
330,-1.26948,-0.858312,-1.49451,0.181261
330.1,-1.13182,-0.779146,-1.46643,0.181261
330.2,-0.996501,-0.70995,-1.42801,0.181261
330.3,-0.867034,-0.650812,-1.38062,0.181261
330.4,-0.746274,-0.601497,-1.32583,0.181261
330.5,-0.636367,-0.5615,-1.26527,0.181261
330.6,-0.538765,-0.530106,-1.2006,0.181261
330.7,-0.45427,-0.506449,-1.13342,0.181261
330.8,-0.383121,-0.489565,-1.06524,0.181261
330.9,-0.325091,-0.47844,-0.997423,0.181261
331,-0.279593,-0.472052,-0.931144,0.181261
331.1,-0.245779,-0.469399,-0.867417,0.181261
331.2,-0.222631,-0.469526,-0.80706,0.181261
331.3,-0.209034,-0.471539,-0.750715,0.181261
331.4,-0.203839,-0.474611,-0.698854,0.181261
331.5,-0.2059,-0.477995,-0.651794,0.181261
331.6,-0.214109,-0.48102,-0.609714,0.181261
331.7,-0.227412,-0.48309,-0.572674,0.181261
331.8,-0.244816,-0.483685,-0.540632,0.181261
331.9,-0.265394,-0.482357,-0.513455,0.181261
332,-0.288283,-0.478727,-0.490941,0.181261
332.1,-0.312676,-0.47248,-0.472827,0.181261
332.2,-0.337824,-0.463366,-0.4588,0.181261
332.3,-0.363024,-0.451199,-0.448509,0.181261
332.4,-0.38762,-0.435849,-0.441571,0.181261
332.5,-0.410999,-0.417246,-0.43758,0.181261
332.6,-0.432591,-0.395379,-0.436111,0.181261
332.7,-0.451868,-0.370289,-0.436729,0.181261
332.8,-0.46835,-0.342075,-0.438991,0.181261
332.9,-0.481606,-0.310885,-0.442453,0.181261
333,-0.491258,-0.276916,-0.446676,0.181261
333.1,-0.49699,-0.240413,-0.451228,0.181261
333.2,-0.498546,-0.201661,-0.455692,0.181261
333.3,-0.49574,-0.160984,-0.459669,0.181261
333.4,-0.488456,-0.118735,-0.462785,0.181261
333.5,-0.47665,-0.0752967,-0.464693,0.181261
333.6,-0.460349,-0.0310712,-0.465078,0.181261
333.7,-0.439648,0.0135254,-0.463661,0.181261
333.8,-0.414712,0.0580689,-0.460202,0.181261
333.9,-0.385761,0.102133,-0.454503,0.181261
334,-0.35307,0.145295,-0.446409,0.181261
334.1,-0.316958,0.18714,-0.435805,0.181261
334.2,-0.27778,0.227269,-0.422623,0.181261
334.3,-0.235912,0.265298,-0.406834,0.181261
334.4,-0.19175,0.300864,-0.388449,0.181261
334.5,-0.145694,0.333625,-0.367516,0.181261
334.6,-0.0981432,0.363264,-0.344117,0.181261
334.7,-0.0494859,0.389486,-0.318363,0.181261
334.8,-9.67374e-05,0.412024,-0.290391,0.181261
334.9,0.0496694,0.43063,-0.26036,0.181261
335,0.0994796,0.445082,-0.228447,0.181261
335.1,0.149024,0.455178,-0.19484,0.181261
335.2,0.198016,0.460738,-0.159742,0.181261
335.3,0.24619,0.461598,-0.123359,0.181261
335.4,0.2933,0.457614,-0.0859033,0.181261
335.5,0.339114,0.44866,-0.04759,0.181261
335.6,0.383413,0.434623,-0.00863449,0.181261
335.7,0.425983,0.415411,0.0307476,0.0357919
335.8,0.466613,0.390945,0.0703409,0.0788783
335.9,0.505089,0.361166,0.10993,0.118912
336,0.541187,0.326034,0.149301,0.156049
336.1,0.574673,0.285529,0.188235,0.190432
336.2,0.605292,0.239658,0.226515,0.222207
336.3,0.632771,0.188453,0.263915,0.251498
336.4,0.656808,0.131976,0.300208,0.278424
336.5,0.677076,0.070328,0.335155,0.303082
336.6,0.693214,0.00364752,0.368508,0.325551
336.7,0.704828,-0.0678801,0.400007,0.34589
336.8,0.71149,-0.144018,0.429378,0.36414
336.9,0.712738,-0.224471,0.45633,0.38032
337,0.708072,-0.308882,0.480553,0.394425
337.1,0.696966,-0.396818,0.501721,0.40643
337.2,0.678864,-0.487774,0.519483,0.416283
337.3,0.653189,-0.581157,0.53347,0.423906
337.4,0.619354,-0.676285,0.543293,0.42919
337.5,0.576772,-0.772381,0.548543,0.43199
337.6,0.524873,-0.868568,0.548795,0.432124
337.7,0.463125,-0.963869,0.543612,0.42936
337.8,0.391059,-1.0572,0.53255,0.423408
337.9,0.3083,-1.14739,0.515168,0.413909
338,0.214605,-1.23316,0.491036,0.400407
338.1,0.109901,-1.31317,0.459753,0.382338
338.2,-0.00566253,-1.38598,0.420954,0.358974
338.3,-0.131664,-1.45014,0.374342,0.32938
338.4,-0.267355,-1.50417,0.319698,0.292322
338.5,-0.411612,-1.54661,0.256916,0.246141
338.6,-0.562883,-1.57605,0.186028,0.188543
338.7,-0.71915,-1.59123,0.107231,0.116272
338.8,-0.877914,-1.59101,0.0209189,0.0245806
338.9,-1.03619,-1.57449,-0.0722898,0.0245806
339,-1.19056,-1.54107,-0.17153,0.0245806
339.1,-1.3372,-1.49046,-0.275674,0.0245806
339.2,-1.47206,-1.42278,-0.383326,0.0245806
339.3,-1.59098,-1.33858,-0.492828,0.0245806
339.4,-1.68989,-1.23885,-0.60229,0.0245806
339.5,-1.76503,-1.12504,-0.709626,0.0245806
339.6,-1.81324,-0.999043,-0.812617,0.0245806
339.7,-1.83213,-0.863113,-0.908992,0.0245806
339.8,-1.82033,-0.719829,-0.996516,0.0245806
339.9,-1.77761,-0.571985,-1.07309,0.0245806
340,-1.70496,-0.422476,-1.13685,0.0245806
340.1,-1.60454,-0.274188,-1.18626,0.0245806
340.2,-1.47959,-0.129873,-1.2202,0.0245806
340.3,-1.33422,0.0079531,-1.238,0.0245806
340.4,-1.1731,0.137096,-1.23947,0.0245806
340.5,-1.00121,0.255749,-1.2249,0.0245806
340.6,-0.823487,0.362521,-1.19504,0.0245806
340.7,-0.644548,0.456444,-1.15102,0.0245806
340.8,-0.468481,0.536948,-1.09427,0.0245806
340.9,-0.298675,0.603818,-1.02644,0.0245806
341,-0.137736,0.657135,-0.949323,0.0245806
341.1,0.0125185,0.697215,-0.864732,0.0245806
341.2,0.151017,0.724533,-0.774455,0.0245806
341.3,0.277338,0.739668,-0.680177,0.0245806
341.4,0.391592,0.743242,-0.583437,0.0245806
341.5,0.494291,0.735877,-0.485594,0.0245806
341.6,0.586223,0.718158,-0.387816,0.0245806
341.7,0.668334,0.690612,-0.291078,0.0245806
341.8,0.741627,0.65369,-0.196167,0.0245806
341.9,0.807086,0.607767,-0.103699,0.0245806
342,0.865613,0.553136,-0.0141435,0.0245806
342.1,0.917989,0.490021,0.0721561,0.0807757
342.2,0.964842,0.418585,0.154956,0.161182
342.3,1.00663,0.338943,0.234087,0.228271
342.4,1.04366,0.251176,0.309433,0.28505
342.5,1.07603,0.15535,0.380906,0.333655
342.6,1.1037,0.0515283,0.448433,0.375633
342.7,1.12646,-0.060206,0.511931,0.412117
342.8,1.14393,-0.179737,0.571299,0.443948
342.9,1.15559,-0.306899,0.626404,0.471746
343,1.16078,-0.441452,0.677068,0.495974
343.1,1.15869,-0.583075,0.723059,0.516964
343.2,1.14839,-0.731335,0.764086,0.534948
343.3,1.12881,-0.885679,0.799789,0.550069
343.4,1.09877,-1.04541,0.829734,0.562394
343.5,1.05697,-1.20966,0.853413,0.571921
343.6,1.00203,-1.37739,0.870237,0.578575
343.7,0.932461,-1.54735,0.879535,0.582214
343.8,0.846764,-1.71809,0.88056,0.582614
343.9,0.743418,-1.88791,0.87249,0.57946
344,0.620957,-2.05488,0.854441,0.57233
344.1,0.478039,-2.21682,0.825475,0.56066
344.2,0.31355,-2.37133,0.78463,0.543707
344.3,0.126717,-2.51575,0.730942,0.520472
344.4,-0.0827403,-2.64728,0.663489,0.489598
344.5,-0.314437,-2.76293,0.581441,0.449184
344.6,-0.567135,-2.85966,0.484122,0.39647
344.7,-0.838532,-2.93448,0.371089,0.327248
344.8,-1.12508,-2.98449,0.242219,0.234707
344.9,-1.42179,-3.00711,0.0978079,0.106955
345,-1.72216,-3.00022,-0.0613315,0.106955
345.1,-2.01815,-2.96233,-0.233769,0.106955
345.2,-2.30034,-2.89276,-0.417376,0.106955
345.3,-2.55823,-2.79182,-0.609276,0.106955
345.4,-2.78075,-2.66097,-0.805832,0.106955
345.5,-2.95703,-2.50286,-1.00271,0.106955
345.6,-3.07723,-2.32133,-1.19498,0.106955
345.7,-3.13353,-2.12137,-1.37735,0.106955
345.8,-3.12103,-1.90885,-1.54443,0.106955
345.9,-3.03851,-1.69029,-1.69102,0.106955
346,-2.88882,-1.47243,-1.81252,0.106955
346.1,-2.6789,-1.2619,-1.90523,0.106955
346.2,-2.41924,-1.06473,-1.96664,0.106955
346.3,-2.12304,-0.886052,-1.99561,0.106955
346.4,-1.80497,-0.729828,-1.99247,0.106955
346.5,-1.47988,-0.598692,-1.9589,0.106955
346.6,-1.16157,-0.493934,-1.89781,0.106955
346.7,-0.861843,-0.41559,-1.81306,0.106955
346.8,-0.589819,-0.362621,-1.70913,0.106955
346.9,-0.351734,-0.333145,-1.59081,0.106955
347,-0.151014,-0.324691,-1.46288,0.106955
347.1,0.0113743,-0.334435,-1.32989,0.106955
347.2,0.136418,-0.359417,-1.19591,0.106955
347.3,0.226506,-0.396699,-1.0645,0.106955
347.4,0.284892,-0.443489,-0.938583,0.106955
347.5,0.31525,-0.497208,-0.820478,0.106955
347.6,0.321317,-0.555527,-0.711928,0.106955
347.7,0.306653,-0.616375,-0.61416,0.106955
347.8,0.274497,-0.677924,-0.527962,0.106955
347.9,0.2277,-0.738564,-0.453756,0.106955
348,0.168719,-0.796876,-0.391672,0.106955
348.1,0.0996513,-0.8516,-0.341613,0.106955
348.2,0.0222952,-0.901611,-0.303304,0.106955
348.3,-0.0617799,-0.945901,-0.276338,0.106955
348.4,-0.15116,-0.983558,-0.260207,0.106955
348.5,-0.244515,-1.01377,-0.25432,0.106955
348.6,-0.340541,-1.03581,-0.258016,0.106955
348.7,-0.437911,-1.04905,-0.270574,0.106955
348.8,-0.535234,-1.05298,-0.291212,0.106955
348.9,-0.63104,-1.04719,-0.319087,0.106955
349,-0.723776,-1.03142,-0.35329,0.106955
349.1,-0.811808,-1.00556,-0.392849,0.106955
349.2,-0.893458,-0.969662,-0.436725,0.106955
349.3,-0.967035,-0.923944,-0.483819,0.106955
349.4,-1.03089,-0.868817,-0.532975,0.106955
349.5,-1.0835,-0.804875,-0.582998,0.106955
349.6,-1.12347,-0.732892,-0.632666,0.106955
349.7,-1.14969,-0.65381,-0.680753,0.106955
349.8,-1.16133,-0.568721,-0.72606,0.106955
349.9,-1.15791,-0.478839,-0.767436,0.106955
350,-1.13934,-0.38547,-0.803816,0.106955
350.1,-1.10595,-0.289977,-0.834245,0.106955
350.2,-1.05845,-0.193736,-0.857912,0.106955
350.3,-0.997914,-0.0981055,-0.874165,0.106955
350.4,-0.925749,-0.00438368,-0.882536,0.106955
350.5,-0.843599,0.0862208,-0.882747,0.106955
350.6,-0.753281,0.172616,-0.87471,0.106955
350.7,-0.65669,0.253843,-0.858524,0.106955
350.8,-0.555722,0.329092,-0.83446,0.106955
350.9,-0.452191,0.397701,-0.80294,0.106955
351,-0.347766,0.459152,-0.764511,0.106955
351.1,-0.243921,0.513063,-0.719819,0.106955
351.2,-0.141901,0.559173,-0.669577,0.106955
351.3,-0.0427134,0.597323,-0.614538,0.106955
351.4,0.0528791,0.627434,-0.555467,0.106955
351.5,0.144339,0.649494,-0.493117,0.106955
351.6,0.23133,0.663532,-0.42821,0.106955
351.7,0.313688,0.669603,-0.361426,0.106955
351.8,0.391386,0.667778,-0.293385,0.106955
351.9,0.464496,0.658126,-0.224648,0.106955
352,0.533159,0.64071,-0.155711,0.106955
352.1,0.597549,0.615579,-0.0870083,0.106955
352.2,0.657848,0.582767,-0.0189154,0.106955
352.3,0.714224,0.542289,0.0482449,0.0552364
352.4,0.766808,0.49415,0.114195,0.123058
352.5,0.815679,0.438339,0.178692,0.182208
352.6,0.860856,0.374843,0.241524,0.23416
352.7,0.902284,0.303648,0.302496,0.280075
352.8,0.939828,0.224752,0.361421,0.320859
352.9,0.973272,0.138166,0.418115,0.357221
353,1.00231,0.0439331,0.472386,0.389714
353.1,1.02654,-0.0578684,0.524027,0.418773
353.2,1.04548,-0.167109,0.572808,0.44473
353.3,1.05853,-0.283599,0.618469,0.467839
353.4,1.06501,-0.407073,0.660715,0.488285
353.5,1.06415,-0.537175,0.699208,0.506193
353.6,1.05505,-0.673448,0.733566,0.521634
353.7,1.03674,-0.815315,0.76335,0.534631
353.8,1.00815,-0.962066,0.788069,0.545158
353.9,0.968139,-1.11284,0.807173,0.553138
354,0.915473,-1.26661,0.820048,0.558442
354.1,0.848883,-1.42216,0.826024,0.560884
354.2,0.767072,-1.5781,0.824367,0.560208
354.3,0.668761,-1.73281,0.814295,0.556079
354.4,0.552739,-1.88449,0.794978,0.548059
354.5,0.417935,-2.0311,0.765558,0.535581
354.6,0.2635,-2.17041,0.725165,0.517904
354.7,0.0889211,-2.30001,0.672947,0.494048
354.8,-0.105857,-2.41732,0.608106,0.46269
354.9,-0.320283,-2.51966,0.529943,0.421995
355,-0.553038,-2.60432,0.437912,0.369321
355.1,-0.801872,-2.66861,0.331689,0.300689
355.2,-1.06345,-2.71,0.211248,0.209763
355.3,-1.33322,-2.72623,0.076938,0.0857497
355.4,-1.60535,-2.71545,-0.0704281,0.0857497
355.5,-1.87275,-2.67638,-0.229499,0.0857497
355.6,-2.12719,-2.60849,-0.398321,0.0857497
355.7,-2.35958,-2.51205,-0.574299,0.0857497
355.8,-2.56046,-2.38837,-0.754196,0.0857497
355.9,-2.72049,-2.23975,-0.934185,0.0857497
356,-2.83129,-2.06953,-1.10995,0.0857497
356.1,-2.88611,-1.88202,-1.27688,0.0857497
356.2,-2.88064,-1.68232,-1.43024,0.0857497
356.3,-2.81357,-1.47607,-1.5655,0.0857497
356.4,-2.68695,-1.26919,-1.6786,0.0857497
356.5,-2.50621,-1.0675,-1.76622,0.0857497
356.6,-2.27981,-0.876399,-1.82601,0.0857497
356.7,-2.01853,-0.700593,-1.85678,0.0857497
356.8,-1.7346,-0.543824,-1.85857,0.0857497
356.9,-1.4406,-0.408752,-1.83258,0.0857497
357,-1.14847,-0.296904,-1.78109,0.0857497
357.1,-0.868703,-0.208729,-1.70722,0.0857497
357.2,-0.609726,-0.143727,-1.6147,0.0857497
357.3,-0.377626,-0.100624,-1.50761,0.0857497
357.4,-0.176145,-0.0775758,-1.39008,0.0857497
357.5,-0.00689231,-0.0723735,-1.26611,0.0857497
357.6,0.130293,-0.0826218,-1.13939,0.0857497
357.7,0.236902,-0.105891,-1.01318,0.0857497
357.8,0.315323,-0.139829,-0.89021,0.0857497
357.9,0.368442,-0.182236,-0.77273,0.0857497
358,0.399322,-0.231107,-0.662475,0.0857497
358.1,0.410967,-0.284648,-0.560728,0.0857497
358.2,0.406154,-0.341268,-0.468371,0.0857497
358.3,0.387353,-0.399568,-0.385957,0.0857497
358.4,0.356682,-0.458308,-0.313764,0.0857497
358.5,0.315919,-0.516388,-0.251861,0.0857497
358.6,0.266533,-0.572816,-0.200155,0.0857497
358.7,0.209733,-0.626686,-0.158437,0.0857497
358.8,0.146524,-0.677161,-0.126411,0.0857497
358.9,0.0777659,-0.723453,-0.103723,0.0857497
359,0.00423385,-0.764818,-0.0899745,0.0857497
359.1,-0.0733331,-0.800553,-0.0847326,0.0857497
359.2,-0.154185,-0.829992,-0.087536,0.0857497
359.3,-0.237521,-0.852517,-0.0978934,0.0857497
359.4,-0.322463,-0.867561,-0.115281,0.0857497
359.5,-0.408031,-0.874626,-0.139135,0.0857497
359.6,-0.493134,-0.873293,-0.168849,0.0857497
359.7,-0.576568,-0.863239,-0.203763,0.0857497
359.8,-0.657026,-0.844254,-0.243161,0.0857497
359.9,-0.733118,-0.816254,-0.286267,0.0857497
360,-0.803401,-0.7793,-0.332242,0.0857497
360.1,-0.866418,-0.7336,-0.380191,0.0857497
360.2,-0.92075,-0.679526,-0.429164,0.0857497
360.3,-0.965064,-0.617606,-0.478173,0.0857497
360.4,-0.998176,-0.548528,-0.526201,0.0857497
360.5,-1.0191,-0.473125,-0.572228,0.0857497
360.6,-1.02712,-0.392361,-0.615246,0.0857497
360.7,-1.02178,-0.307312,-0.654289,0.0857497
360.8,-1.00298,-0.219134,-0.688457,0.0857497
360.9,-0.970941,-0.129039,-0.716941,0.0857497
361,-0.926224,-0.0382612,-0.739047,0.0857497
361.1,-0.869692,0.0519764,-0.754214,0.0857497
361.2,-0.802479,0.14049,-0.762031,0.0857497
361.3,-0.725935,0.226163,-0.762246,0.0857497
361.4,-0.641561,0.307967,-0.754765,0.0857497
361.5,-0.550942,0.384983,-0.739652,0.0857497
361.6,-0.455676,0.456406,-0.717116,0.0857497
361.7,-0.357313,0.521552,-0.687497,0.0857497
361.8,-0.257295,0.579855,-0.651245,0.0857497
361.9,-0.156922,0.630863,-0.608898,0.0857497
362,-0.0573132,0.674224,-0.561059,0.0857497
362.1,0.0406038,0.709672,-0.508368,0.0857497
362.2,0.136097,0.737016,-0.451485,0.0857497
362.3,0.228623,0.756116,-0.391068,0.0857497
362.4,0.317809,0.766875,-0.327755,0.0857497
362.5,0.40343,0.769221,-0.262151,0.0857497
362.6,0.48538,0.763093,-0.194819,0.0857497
362.7,0.563647,0.748435,-0.126274,0.0857497
362.8,0.638281,0.725185,-0.0569805,0.0857497
362.9,0.709365,0.693271,0.0126488,0.0149916
363,0.776998,0.652608,0.0822488,0.091222
363.1,0.841265,0.603097,0.151498,0.15805
363.2,0.90222,0.544626,0.220113,0.217025
363.3,0.959874,0.477074,0.287839,0.269405
363.4,1.01418,0.400316,0.354446,0.316199
363.5,1.06501,0.31423,0.419715,0.358209
363.6,1.11217,0.218702,0.483434,0.396076
363.7,1.15538,0.113638,0.54539,0.43031
363.8,1.19425,-0.00102588,0.605355,0.461313
363.9,1.22829,-0.125314,0.663082,0.489406
364,1.2569,-0.259194,0.718299,0.514833
364.1,1.27938,-0.402567,0.770693,0.537782
364.2,1.29488,-0.55525,0.81991,0.558385
364.3,1.30243,-0.716954,0.865542,0.576727
364.4,1.30093,-0.887274,0.907121,0.592849
364.5,1.28911,-1.06566,0.944113,0.606748
364.6,1.26557,-1.25139,0.975904,0.618377
364.7,1.22877,-1.44358,1.0018,0.627645
364.8,1.17699,-1.6411,1.02102,0.634408
364.9,1.10841,-1.84259,1.03269,0.638467
365,1.0211,-2.04645,1.03583,0.639553
365.1,0.913034,-2.25077,1.02937,0.637316
365.2,0.782195,-2.45335,1.01216,0.631301
365.3,0.626627,-2.65165,0.982952,0.620918
365.4,0.444556,-2.84284,0.940452,0.605391
365.5,0.234542,-3.02374,0.883328,0.583691
365.6,-0.00433611,-3.19093,0.810263,0.554416
365.7,-0.272241,-3.34071,0.720013,0.515602
365.8,-0.568304,-3.46926,0.611482,0.464374
365.9,-0.89032,-3.57269,0.483827,0.396301
366,-1.23443,-3.64724,0.336568,0.304055
366.1,-1.59483,-3.68944,0.169735,0.17437
366.2,-1.96352,-3.69635,-0.0159922,0.17437
366.3,-2.33025,-3.66581,-0.219126,0.17437
366.4,-2.68261,-3.59672,-0.437239,0.17437
366.5,-3.00639,-3.48928,-0.666863,0.17437
366.6,-3.28635,-3.34522,-0.903451,0.17437
366.7,-3.50723,-3.16794,-1.14143,0.17437
366.8,-3.6551,-2.96253,-1.37434,0.17437
366.9,-3.71891,-2.73562,-1.59517,0.17437
367,-3.69192,-2.49512,-1.7967,0.17437
367.1,-3.57291,-2.24974,-1.97202,0.17437
367.2,-3.36678,-2.00849,-2.11505,0.17437
367.3,-3.08452,-1.77999,-2.22106,0.17437
367.4,-2.74227,-1.57193,-2.28707,0.17437
367.5,-2.35976,-1.39052,-2.31212,0.17437
367.6,-1.95837,-1.24018,-2.2973,0.17437
367.7,-1.55896,-1.12336,-2.24563,0.17437
367.8,-1.18011,-1.0406,-2.16173,0.17437
367.9,-0.836737,-0.990758,-2.05138,0.17437
368,-0.539409,-0.971298,-1.92101,0.17437
368.1,-0.294289,-0.978709,-1.77725,0.17437
368.2,-0.103561,-1.00887,-1.62647,0.17437
368.3,0.0338122,-1.05741,-1.47449,0.17437
368.4,0.121201,-1.11994,-1.32635,0.17437
368.5,0.163437,-1.1923,-1.18622,0.17437
368.6,0.166068,-1.27064,-1.05736,0.17437
368.7,0.134792,-1.35149,-0.942202,0.17437
368.8,0.0750775,-1.43179,-0.842397,0.17437
368.9,-0.00804877,-1.50885,-0.758942,0.17437
369,-0.110079,-1.58034,-0.692287,0.17437
369.1,-0.227007,-1.64425,-0.642436,0.17437
369.2,-0.35525,-1.69883,-0.60903,0.17437
369.3,-0.491543,-1.74263,-0.591421,0.17437
369.4,-0.632823,-1.77442,-0.588723,0.17437
369.5,-0.776129,-1.79323,-0.599848,0.17437
369.6,-0.918523,-1.79832,-0.62353,0.17437
369.7,-1.05704,-1.78925,-0.658346,0.17437
369.8,-1.18868,-1.76583,-0.702721,0.17437
369.9,-1.31044,-1.72818,-0.754947,0.17437
370,-1.41936,-1.67675,-0.813192,0.17437
370.1,-1.51264,-1.61229,-0.875524,0.17437
370.2,-1.58772,-1.53586,-0.939939,0.17437
370.3,-1.64248,-1.44883,-1.0044,0.17437
370.4,-1.67529,-1.35283,-1.06689,0.17437
370.5,-1.68519,-1.24971,-1.12545,0.17437
370.6,-1.67196,-1.14145,-1.17826,0.17437
370.7,-1.63614,-1.03016,-1.22368,0.17437
370.8,-1.57908,-0.917933,-1.26033,0.17437
370.9,-1.50284,-0.806797,-1.28712,0.17437
371,-1.41009,-0.698645,-1.30328,0.17437
371.1,-1.30397,-0.595168,-1.3084,0.17437
371.2,-1.18791,-0.497802,-1.30243,0.17437
371.3,-1.06543,-0.407701,-1.28565,0.17437
371.4,-0.939987,-0.32572,-1.25863,0.17437
371.5,-0.814757,-0.252413,-1.22224,0.17437
371.6,-0.692563,-0.188057,-1.17752,0.17437
371.7,-0.575762,-0.132675,-1.12567,0.17437
371.8,-0.466204,-0.0860767,-1.06797,0.17437
371.9,-0.365227,-0.0478961,-1.00575,0.17437
372,-0.273686,-0.017638,-0.94029,0.17437
372.1,-0.192001,0.00528386,-0.872824,0.17437
372.2,-0.12023,0.0215097,-0.804485,0.17437
372.3,-0.0581413,0.0317033,-0.736291,0.17437
372.4,-0.00528681,0.0365268,-0.669129,0.17437
372.5,0.0389262,0.0366227,-0.603751,0.17437
372.6,0.0751755,0.0326007,-0.540778,0.17437
372.7,0.104174,0.0250302,-0.480705,0.17437
372.8,0.126629,0.0144367,-0.423911,0.17437
372.9,0.143219,0.00130115,-0.370674,0.17437
373,0.154568,-0.0139375,-0.321182,0.17437
373.1,0.16124,-0.0308788,-0.275551,0.17437
373.2,0.163733,-0.0491564,-0.233833,0.17437
373.3,0.162478,-0.0684328,-0.196032,0.17437
373.4,0.157846,-0.0883942,-0.162114,0.17437
373.5,0.150152,-0.108746,-0.132015,0.17437
373.6,0.139665,-0.129208,-0.105649,0.17437
373.7,0.126614,-0.149512,-0.0829163,0.17437
373.8,0.1112,-0.169396,-0.0637045,0.17437
373.9,0.0936038,-0.188607,-0.0478947,0.17437
374,0.0739923,-0.206895,-0.0353627,0.17437
374.1,0.0525294,-0.224014,-0.0259804,0.17437
374.2,0.029381,-0.239723,-0.0196163,0.17437
374.3,0.00472217,-0.253785,-0.0161352,0.17437
374.4,-0.021258,-0.26597,-0.0153975,0.17437
374.5,-0.0483517,-0.276058,-0.0172579,0.17437
374.6,-0.0763295,-0.283838,-0.0215642,0.17437
374.7,-0.104937,-0.289113,-0.0281558,0.17437
374.8,-0.133896,-0.291705,-0.0368618,0.17437
374.9,-0.162901,-0.291455,-0.0474998,0.17437
375,-0.191622,-0.28823,-0.0598747,0.17437
375.1,-0.21971,-0.281924,-0.0737773,0.17437
375.2,-0.246793,-0.272461,-0.0889842,0.17437
375.3,-0.272489,-0.259804,-0.105257,0.17437
375.4,-0.296407,-0.24395,-0.122344,0.17437
375.5,-0.318155,-0.224937,-0.139979,0.17437
375.6,-0.337349,-0.202847,-0.157885,0.17437
375.7,-0.353619,-0.177801,-0.175775,0.17437
375.8,-0.366619,-0.149965,-0.193355,0.17437
375.9,-0.376037,-0.11955,-0.210329,0.17437
376,-0.381598,-0.0868026,-0.226398,0.17437
376.1,-0.38308,-0.0520121,-0.241272,0.17437
376.2,-0.380311,-0.0155009,-0.254667,0.17437
376.3,-0.373183,0.0223774,-0.266314,0.17437
376.4,-0.361646,0.0612429,-0.275961,0.17437
376.5,-0.34572,0.100694,-0.283379,0.17437
376.6,-0.325484,0.140315,-0.288366,0.17437
376.7,-0.301083,0.17968,-0.290751,0.17437
376.8,-0.272717,0.218356,-0.290392,0.17437
376.9,-0.240639,0.255916,-0.287187,0.17437
377,-0.205144,0.291936,-0.281066,0.17437
377.1,-0.166568,0.326003,-0.271998,0.17437
377.2,-0.125271,0.35772,-0.259987,0.17437
377.3,-0.0816347,0.386706,-0.245074,0.17437
377.4,-0.0360494,0.412601,-0.227329,0.17437
377.5,0.01109,0.435067,-0.206857,0.17437
377.6,0.059393,0.453789,-0.183787,0.17437
377.7,0.108478,0.468474,-0.158276,0.17437
377.8,0.157978,0.478855,-0.130498,0.17437
377.9,0.207541,0.484686,-0.100648,0.17437
378,0.256833,0.485745,-0.0689319,0.17437
378.1,0.305538,0.481831,-0.0355693,0.17437
378.2,0.353354,0.472764,-0.000787406,0.17437
378.3,0.399997,0.458387,0.0351804,0.0407843
378.4,0.445189,0.438561,0.0720959,0.0807129
378.5,0.488659,0.41317,0.109718,0.118705
378.6,0.53014,0.382118,0.147802,0.154682
378.7,0.56936,0.345333,0.186103,0.188606
378.8,0.606039,0.302768,0.22437,0.220477
378.9,0.639881,0.2544,0.262352,0.250307
379,0.670577,0.20024,0.299789,0.278122
379.1,0.697788,0.140329,0.33642,0.303953
379.2,0.721152,0.0747488,0.371971,0.327828
379.3,0.740273,0.00362253,0.40616,0.349769
379.4,0.75472,-0.0728773,0.438693,0.369792
379.5,0.764025,-0.154524,0.46926,0.387899
379.6,0.76768,-0.241027,0.497534,0.404079
379.7,0.765138,-0.332031,0.52317,0.418304
379.8,0.755814,-0.4271,0.545802,0.43053
379.9,0.739086,-0.525716,0.565039,0.440687
380,0.714303,-0.627269,0.580469,0.448685
380.1,0.680794,-0.73105,0.591656,0.454403
380.2,0.637878,-0.836243,0.59814,0.457686
380.3,0.584878,-0.941922,0.59944,0.458342
380.4,0.521151,-1.04704,0.595059,0.456129
380.5,0.446104,-1.15045,0.584488,0.450746
380.6,0.359238,-1.25087,0.567212,0.441821
380.7,0.26018,-1.34691,0.542727,0.428886
380.8,0.148738,-1.43708,0.510546,0.411349
380.9,0.0249535,-1.51983,0.470225,0.38846
381,-0.110837,-1.5935,0.421376,0.359235
381.1,-0.257936,-1.65645,0.363699,0.322372
381.2,-0.415219,-1.70701,0.297009,0.276107
381.3,-0.58107,-1.74359,0.221269,0.217964
381.4,-0.753331,-1.76469,0.136624,0.144364
381.5,-0.929264,-1.76899,0.0434398,0.0499595
381.6,-1.10555,-1.75542,-0.0576647,0.0499595
381.7,-1.2783,-1.72323,-0.165786,0.0499595
381.8,-1.44318,-1.67203,-0.279712,0.0499595
381.9,-1.59545,-1.6019,-0.397916,0.0499595
382,-1.73026,-1.51341,-0.518555,0.0499595
382.1,-1.84279,-1.40764,-0.639503,0.0499595
382.2,-1.9286,-1.28624,-0.75839,0.0499595
382.3,-1.98388,-1.15134,-0.872679,0.0499595
382.4,-2.00579,-1.00553,-0.979757,0.0499595
382.5,-1.99268,-0.851774,-1.07704,0.0499595
382.6,-1.9443,-0.693273,-1.16211,0.0499595
382.7,-1.86189,-0.533354,-1.23282,0.0499595
382.8,-1.74812,-0.375309,-1.28742,0.0499595
382.9,-1.60698,-0.222257,-1.32463,0.0499595
383,-1.44345,-0.0770161,-1.34374,0.0499595
383.1,-1.26322,0.0580036,-1.34462,0.0499595
383.2,-1.07224,0.180867,-1.3277,0.0499595
383.3,-0.876387,0.29015,-1.29393,0.0499595
383.4,-0.68106,0.384936,-1.24472,0.0499595
383.5,-0.490955,0.464782,-1.18183,0.0499595
383.6,-0.309863,0.529657,-1.10724,0.0499595
383.7,-0.140601,0.579871,-1.02307,0.0499595
383.8,0.014985,0.615986,-0.931452,0.0499595
383.9,0.155933,0.638738,-0.83445,0.0499595
384,0.282036,0.64896,-0.733986,0.0499595
384.1,0.393684,0.647515,-0.631786,0.0499595
384.2,0.491699,0.635249,-0.529354,0.0499595
384.3,0.577173,0.612951,-0.427959,0.0499595
384.4,0.65134,0.581331,-0.328635,0.0499595
384.5,0.715453,0.541006,-0.232202,0.0499595
384.6,0.770705,0.4925,-0.139282,0.0499595
384.7,0.818163,0.436246,-0.050332,0.0499595
384.8,0.858731,0.372599,0.0343302,0.0398008
384.9,0.893125,0.301847,0.114493,0.123347
385,0.921862,0.224232,0.190023,0.19196
385.1,0.945268,0.139964,0.26084,0.249152
385.2,0.963477,0.0492404,0.326894,0.29736
385.3,0.976446,-0.0477368,0.388143,0.338325
385.4,0.983965,-0.150741,0.444535,0.373304
385.5,0.985676,-0.259507,0.495999,0.403214
385.6,0.981079,-0.373708,0.542428,0.428726
385.7,0.969553,-0.492946,0.583671,0.450328
385.8,0.950363,-0.616733,0.619529,0.468363
385.9,0.922678,-0.744475,0.649743,0.483057
386,0.885585,-0.875457,0.674,0.494541
386.1,0.838107,-1.00883,0.691925,0.502855
386.2,0.779226,-1.1436,0.703082,0.507959
386.3,0.707907,-1.27863,0.706981,0.509729
386.4,0.623133,-1.41258,0.703079,0.507957
386.5,0.523951,-1.54399,0.690791,0.502333
386.6,0.409519,-1.67119,0.669502,0.492432
386.7,0.279176,-1.79238,0.638585,0.477682
386.8,0.132518,-1.90559,0.597418,0.457321
386.9,-0.0305108,-2.00873,0.54542,0.430326
387,-0.209513,-2.09962,0.482077,0.395299
387.1,-0.40353,-2.17605,0.406992,0.350291
387.2,-0.610924,-2.2358,0.319926,0.292483
387.3,-0.82927,-2.27676,0.220856,0.217629
387.4,-1.05527,-2.29702,0.110036,0.119016
387.5,-1.28468,-2.29492,-0.011947,0.119016
387.6,-1.51235,-2.26924,-0.144114,-2.01782
387.7,-1.73224,-2.21923,-0.285043,-2.01782
387.8,-1.93761,-2.14479,-0.43284,-2.01782
387.9,-2.12129,-2.04651,-0.585124,-2.01782
388,-2.27605,-1.92577,-0.739054,-2.01782
388.1,-2.39504,-1.78473,-0.891383,-2.01782
388.2,-2.47231,-1.62634,-1.03856,-2.01782
388.3,-2.50338,-1.45422,-1.17689,-2.01782
388.4,-2.48564,-1.27256,-1.30265,-2.01782
388.5,-2.4188,-1.0859,-1.41238,-2.01782
388.6,-2.30498,-0.898948,-1.50301,-2.01782
388.7,-2.14866,-0.716291,-1.57208,-2.01782
388.8,-1.95645,-0.542186,-1.6179,-2.01782
388.9,-1.73651,-0.38035,-1.63966,-2.01782
389,-1.49794,-0.233796,-1.63745,-2.01782
389.1,-1.2501,-0.104742,-1.61222,-2.01782
389.2,-1.00187,0.00542294,-1.56572,-2.01782
389.3,-0.761128,0.0961006,-1.50033,-2.01782
389.4,-0.534339,0.167402,-1.41888,-2.01782
389.5,-0.32633,0.220025,-1.32448,-2.01782
389.6,-0.140269,0.255112,-1.22031,-2.01782
389.7,0.0222205,0.274109,-1.10948,-2.01782
389.8,0.160833,0.278634,-0.994894,-2.01782
389.9,0.276294,0.270365,-0.879148,-2.01782
390,0.370066,0.25095,-0.764492,-2.01782
390.1,0.444062,0.221946,-0.652797,-2.01782
390.2,0.500407,0.184784,-0.54556,-2.01782
390.3,0.541249,0.140746,-0.443933,-2.01782
390.4,0.568618,0.0909624,-0.348757,-2.01782
390.5,0.584335,0.0364272,-0.260611,-2.01782
390.6,0.589962,-0.0219905,-0.179857,-2.01782
390.7,0.586789,-0.0835231,-0.106687,-2.01782
390.8,0.575829,-0.147482,-0.0411662,-2.01782
390.9,0.557847,-0.213233,0.0167321,0.0197495
391,0.533386,-0.280179,0.0670924,0.0754615
391.1,0.502804,-0.347735,0.110034,0.119014
391.2,0.46631,-0.415316,0.145692,0.152747
391.3,0.424004,-0.482325,0.174202,0.178293
391.4,0.375915,-0.548137,0.195694,0.196776
391.5,0.32203,-0.612098,0.210283,0.208967
391.6,0.262337,-0.673517,0.218076,0.215365
391.7,0.196851,-0.731669,0.219166,0.216254
391.8,0.125648,-0.785796,0.213643,0.211734
391.9,0.0488938,-0.835113,0.201599,0.201744
392,-0.033129,-0.878817,0.18314,0.186057
392.1,-0.119993,-0.9161,0.158393,0.164277
392.2,-0.211103,-0.946166,0.127525,0.135817
392.3,-0.305681,-0.968247,0.090749,0.09987
392.4,-0.402745,-0.981627,0.0483436,0.0553414
392.5,-0.501109,-0.985662,0.000663661,0.0553414
392.6,-0.59938,-0.979809,-0.0518468,0.0553414
392.7,-0.695975,-0.963651,-0.108644,0.0553414
392.8,-0.789141,-0.936917,-0.169077,0.0553414
392.9,-0.876997,-0.899513,-0.232384,0.0553414
393,-0.957583,-0.851535,-0.297691,0.0553414
393.1,-1.02893,-0.793287,-0.36402,0.0553414
393.2,-1.08912,-0.725288,-0.430302,0.0553414
393.3,-1.1364,-0.648272,-0.495393,0.0553414
393.4,-1.16923,-0.563182,-0.5581,0.0553414
393.5,-1.18639,-0.471151,-0.617215,0.0553414
393.6,-1.18706,-0.373475,-0.671545,0.0553414
393.7,-1.17084,-0.27158,-0.719953,0.0553414
393.8,-1.13782,-0.16698,-0.761395,0.0553414
393.9,-1.08856,-0.0612367,-0.794959,0.0553414
394,-1.02409,0.0440935,-0.819895,0.0553414
394.1,-0.945834,0.147498,-0.835644,0.0553414
394.2,-0.855563,0.247553,-0.841851,0.0553414
394.3,-0.755279,0.342955,-0.838376,0.0553414
394.4,-0.647124,0.432545,-0.82529,0.0553414
394.5,-0.533269,0.515331,-0.802864,0.0553414
394.6,-0.415821,0.590485,-0.771548,0.0553414
394.7,-0.296733,0.657351,-0.731941,0.0553414
394.8,-0.17774,0.715424,-0.684762,0.0553414
394.9,-0.0603116,0.764341,-0.630814,0.0553414
395,0.0543681,0.803856,-0.570951,0.0553414
395.1,0.165406,0.833815,-0.506041,0.0553414
395.2,0.272184,0.854137,-0.436943,0.0553414
395.3,0.374331,0.864786,-0.364482,0.0553414
395.4,0.471688,0.865748,-0.289427,0.0553414
395.5,0.564261,0.857021,-0.212481,0.0553414
395.6,0.652182,0.838592,-0.134275,0.0553414
395.7,0.735666,0.810429,-0.0553613,0.0553414
395.8,0.814971,0.772477,0.0237832,0.0278757
395.9,0.890362,0.724649,0.102752,0.111863
396,0.962088,0.666825,0.181201,0.184385
396.1,1.03035,0.59886,0.258841,0.24762
396.2,1.09529,0.52058,0.335427,0.30327
396.3,1.15698,0.431792,0.410748,0.352642
396.4,1.21537,0.332294,0.484612,0.39675
396.5,1.27034,0.22188,0.55684,0.436383
396.6,1.32166,0.10035,0.627252,0.472161
396.7,1.36896,-0.0324722,0.695656,0.504567
396.8,1.41177,-0.176731,0.761838,0.53398
396.9,1.44947,-0.332522,0.825554,0.560693
397,1.4813,-0.499874,0.886517,0.584928
397.1,1.50635,-0.678735,0.944388,0.60685
397.2,1.52354,-0.868945,0.998764,0.626567
397.3,1.53161,-1.07022,1.04917,0.644143
397.4,1.52913,-1.28211,1.09505,0.659593
397.5,1.51443,-1.50402,1.13575,0.67289
397.6,1.48565,-1.73509,1.17052,0.683959
397.7,1.4407,-1.97425,1.19847,0.692674
397.8,1.37726,-2.22015,1.21861,0.698855
397.9,1.29279,-2.4711,1.2298,0.702255
398,1.18458,-2.72508,1.23076,0.702546
398.1,1.04976,-2.97965,1.22006,0.699299
398.2,0.885385,-3.23197,1.19615,0.691958
398.3,0.688582,-3.47875,1.15733,0.679789
398.4,0.456686,-3.71624,1.10179,0.66182
398.5,0.187489,-3.94024,1.02768,0.636729
398.6,-0.120458,-4.14617,0.933139,0.602667
398.7,-0.467462,-4.32908,0.816397,0.556944
398.8,-0.852222,-4.48385,0.675898,0.495428
398.9,-1.27131,-4.60532,0.510457,0.411301
399,-1.71864,-4.68854,0.319452,0.29215
399.1,-2.18496,-4.72909,0.103049,0.112156
399.2,-2.65747,-4.72347,-0.137552,0.112156
399.3,-3.11982,-4.66947,-0.399874,0.112156
399.4,-3.55237,-4.56663,-0.679957,0.112156
399.5,-3.93308,-4.4166,-0.972222,0.112156
399.6,-4.23906,-4.22345,-1.26947,0.112156
399.7,-4.4487,-3.99374,-1.56305,0.112156
399.8,-4.54415,-3.73644,-1.84323,0.112156
399.9,-4.514,-3.46247,-2.09982,0.112156
400,-4.35548,-3.1841,-2.32289,0.112156
400.1,-4.07573,-2.91398,-2.5037,0.112156
400.2,-3.69179,-2.66417,-2.63546,0.112156
400.3,-3.22905,-2.44518,-2.7141,0.112156
400.4,-2.71846,-2.26513,-2.73866,0.112156
400.5,-2.19297,-2.12924,-2.7113,0.112156
400.6,-1.68391,-2.03968,-2.63711,0.112156
400.7,-1.21791,-1.99574,-2.52342,0.112156
400.8,-0.814963,-1.99427,-2.37913,0.112156
400.9,-0.487673,-2.03027,-2.21382,0.112156
401,-0.241589,-2.09757,-2.037,0.112156
401.1,-0.0763578,-2.18942,-1.85753,0.112156
401.2,0.0127498,-2.299,-1.68314,0.112156
401.3,0.0332619,-2.41977,-1.52025,0.112156
401.4,-0.0058635,-2.54573,-1.37387,0.112156
401.5,-0.0952752,-2.67149,-1.24765,0.112156
401.6,-0.225902,-2.79236,-1.14402,0.112156
401.7,-0.389301,-2.90431,-1.06432,0.112156
401.8,-0.577752,-3.00389,-1.00903,0.112156
401.9,-0.78419,-3.08829,-0.97786,0.112156
402,-1.00204,-3.15521,-0.969903,0.112156
402.1,-1.22503,-3.20291,-0.983732,0.112156
402.2,-1.44705,-3.23019,-1.01747,0.112156
402.3,-1.662,-3.23641,-1.06882,0.112156
402.4,-1.86384,-3.22152,-1.13516,0.112156
402.5,-2.04664,-3.18608,-1.21352,0.112156
402.6,-2.20472,-3.1313,-1.30067,0.112156
402.7,-2.33296,-3.05897,-1.39316,0.112156
402.8,-2.42708,-2.97149,-1.48743,0.112156
402.9,-2.48395,-2.87175,-1.57991,0.112156
403,-2.50192,-2.76302,-1.66712,0.112156
403.1,-2.481,-2.64887,-1.74585,0.112156
403.2,-2.42299,-2.53292,-1.81329,0.112156
403.3,-2.33144,-2.41871,-1.86713,0.112156
403.4,-2.21143,-2.30954,-1.90571,0.112156
403.5,-2.06926,-2.20825,-1.92807,0.112156
403.6,-1.91203,-2.11718,-1.93399,0.112156
403.7,-1.74709,-2.03802,-1.92396,0.112156
403.8,-1.58162,-1.9718,-1.8991,0.112156
403.9,-1.42218,-1.9189,-1.8611,0.112156
404,-1.27434,-1.87908,-1.81207,0.112156
404.1,-1.14254,-1.85161,-1.75438,0.112156
404.2,-1.02994,-1.83528,-1.69055,0.112156
404.3,-0.93845,-1.8286,-1.62308,0.112156
404.4,-0.868863,-1.82985,-1.55439,0.112156
404.5,-0.820983,-1.83719,-1.48667,0.112156
404.6,-0.793822,-1.84875,-1.42185,0.112156
404.7,-0.785791,-1.86271,-1.36155,0.112156
404.8,-0.79487,-1.87731,-1.30707,0.112156
404.9,-0.818765,-1.89095,-1.25938,0.112156
405,-0.855019,-1.9022,-1.21911,0.112156
405.1,-0.901112,-1.90978,-1.18663,0.112156
405.2,-0.954523,-1.91263,-1.16199,0.112156
405.3,-1.01278,-1.90988,-1.14504,0.112156
405.4,-1.0735,-1.90087,-1.13538,0.112156
405.5,-1.1344,-1.88515,-1.13244,0.112156
405.6,-1.19336,-1.86246,-1.13551,0.112156
405.7,-1.24839,-1.83274,-1.14371,0.112156
405.8,-1.29773,-1.79613,-1.15611,0.112156
405.9,-1.33982,-1.75294,-1.17169,0.112156
406,-1.37336,-1.70364,-1.18938,0.112156
406.1,-1.39733,-1.64886,-1.20813,0.112156
406.2,-1.41103,-1.58933,-1.22688,0.112156
406.3,-1.41408,-1.52587,-1.24464,0.112156
406.4,-1.40642,-1.4594,-1.26048,0.112156
406.5,-1.38835,-1.39084,-1.27357,0.112156
406.6,-1.36044,-1.32113,-1.28322,0.112156
406.7,-1.32358,-1.25116,-1.28885,0.112156
406.8,-1.27885,-1.1818,-1.29005,0.112156
406.9,-1.22754,-1.11381,-1.28655,0.112156
407,-1.17105,-1.04788,-1.27824,0.112156
407.1,-1.11083,-0.984561,-1.26515,0.112156
407.2,-1.04832,-0.924299,-1.24745,0.112156
407.3,-0.984905,-0.867414,-1.22543,0.112156
407.4,-0.921864,-0.814106,-1.19949,0.112156
407.5,-0.860321,-0.764463,-1.17007,0.112156
407.6,-0.80123,-0.718467,-1.13772,0.112156
407.7,-0.745359,-0.676015,-1.10296,0.112156
407.8,-0.693288,-0.636926,-1.06638,0.112156
407.9,-0.645412,-0.600962,-1.02853,0.112156
408,-0.601954,-0.56784,-0.989932,0.112156
408.1,-0.562987,-0.537247,-0.951091,0.112156
408.2,-0.528449,-0.508856,-0.912452,0.112156
408.3,-0.498172,-0.482332,-0.874412,0.112156
408.4,-0.471899,-0.457347,-0.837307,0.112156
408.5,-0.449309,-0.433585,-0.801413,0.112156
408.6,-0.430035,-0.410748,-0.766949,0.112156
408.7,-0.413681,-0.388566,-0.734075,0.112156
408.8,-0.399837,-0.366792,-0.702897,0.112156
408.9,-0.38809,-0.345211,-0.673474,0.112156
409,-0.378033,-0.323639,-0.645818,0.112156
409.1,-0.369274,-0.301923,-0.619902,0.112156
409.2,-0.361441,-0.279941,-0.595667,0.112156
409.3,-0.354186,-0.257603,-0.573023,0.112156
409.4,-0.347188,-0.234849,-0.551859,0.112156
409.5,-0.340154,-0.211644,-0.532043,0.112156
409.6,-0.332821,-0.187985,-0.513431,0.112156
409.7,-0.324956,-0.163889,-0.495868,0.112156
409.8,-0.316359,-0.1394,-0.479194,0.112156
409.9,-0.306859,-0.114582,-0.463247,0.112156
410,-0.296314,-0.0895173,-0.447863,0.112156
410.1,-0.284614,-0.0643069,-0.432885,0.112156
410.2,-0.271675,-0.039066,-0.418159,0.112156
410.3,-0.257442,-0.0139233,-0.403541,0.112156
410.4,-0.241885,0.0109819,-0.388896,0.112156
410.5,-0.225,0.0355011,-0.3741,0.112156
410.6,-0.206804,0.0594792,-0.359041,0.112156
410.7,-0.187338,0.0827558,-0.343622,0.112156
410.8,-0.16666,0.105168,-0.327759,0.112156
410.9,-0.144848,0.12655,-0.311382,0.112156
411,-0.121992,0.146737,-0.294436,0.112156
411.1,-0.0981991,0.165568,-0.276882,0.112156
411.2,-0.0735867,0.182881,-0.258693,0.112156
411.3,-0.0482824,0.198522,-0.239859,0.112156
411.4,-0.0224223,0.212341,-0.220381,0.112156
411.5,0.00385076,0.224194,-0.200274,0.112156
411.6,0.0303883,0.233947,-0.179567,0.112156
411.7,0.0570373,0.241471,-0.158298,0.112156
411.8,0.0836414,0.246649,-0.136519,0.112156
411.9,0.110041,0.249373,-0.114288,0.112156
412,0.136074,0.249547,-0.0916776,0.112156
412.1,0.161576,0.247087,-0.0687657,0.112156
412.2,0.186381,0.241919,-0.0456396,0.112156
412.3,0.21032,0.233985,-0.0223944,0.112156
412.4,0.233221,0.223241,0.000868056,0.112156
412.5,0.25491,0.209658,0.0240388,0.0282039
412.6,0.275208,0.193224,0.0470028,0.0538758
412.7,0.293935,0.173944,0.0696385,0.0781394
412.8,0.310904,0.151843,0.0918187,0.100951
412.9,0.325926,0.126966,0.11341,0.122298
413,0.338804,0.0993807,0.134275,0.142169
413.1,0.34934,0.0691778,0.154267,0.16056
413.2,0.357331,0.0364736,0.173238,0.177449
413.3,0.362568,0.00141143,0.191033,0.192822
413.4,0.364841,-0.0358365,0.207491,0.206655
413.5,0.363941,-0.0750678,0.222447,0.21892
413.6,0.359655,-0.116048,0.235733,0.22958
413.7,0.351777,-0.158508,0.247174,0.238589
413.8,0.340107,-0.202147,0.256594,0.245893
413.9,0.324455,-0.246626,0.263817,0.251423
414,0.304647,-0.29157,0.268662,0.255102
414.1,0.28053,-0.336569,0.270955,0.256833
414.2,0.25198,-0.381179,0.270521,0.256505
414.3,0.218907,-0.424918,0.267192,0.253988
414.4,0.181268,-0.467277,0.260813,0.249131
414.5,0.13907,-0.507715,0.251238,0.241753
414.6,0.0923845,-0.545671,0.23834,0.231648
414.7,0.0413586,-0.580563,0.222016,0.21857
414.8,-0.013778,-0.611801,0.202189,0.202238
414.9,-0.0727005,-0.638791,0.178815,0.182314
415,-0.13498,-0.660947,0.151892,0.158408
415.1,-0.200076,-0.677705,0.121463,0.130054
415.2,-0.267331,-0.688532,0.0876256,0.0967091
415.3,-0.335968,-0.692939,0.0505343,0.0577287
415.4,-0.405091,-0.690501,0.0104099,0.0123576
415.5,-0.473694,-0.680868,-0.0324572,0.0123576
415.6,-0.54067,-0.663779,-0.0777038,0.0123576
415.7,-0.604835,-0.639079,-0.124892,0.0123576
415.8,-0.664946,-0.606728,-0.17351,0.0123576
415.9,-0.719737,-0.566814,-0.222974,0.0123576
416,-0.767954,-0.519558,-0.272636,0.0123576
416.1,-0.808396,-0.465322,-0.321795,0.0123576
416.2,-0.839961,-0.404599,-0.369702,0.0123576
416.3,-0.861687,-0.33802,-0.415586,0.0123576
416.4,-0.872797,-0.266333,-0.458662,0.0123576
416.5,-0.872733,-0.190395,-0.498159,0.0123576
416.6,-0.861184,-0.111154,-0.533338,0.0123576
416.7,-0.838104,-0.0296205,-0.563511,0.0123576
416.8,-0.803719,0.0531485,-0.588067,0.0123576
416.9,-0.758514,0.13608,-0.606485,0.0123576
417,-0.703217,0.218108,-0.618354,0.0123576
417.1,-0.638762,0.298196,-0.62338,0.0123576
417.2,-0.566246,0.375362,-0.621396,0.0123576
417.3,-0.486881,0.448689,-0.612357,0.0123576
417.4,-0.401941,0.517343,-0.596347,0.0123576
417.5,-0.312711,0.580579,-0.573559,0.0123576
417.6,-0.220436,0.637741,-0.544292,0.0123576
417.7,-0.126285,0.688267,-0.508929,0.0123576
417.8,-0.0313122,0.731679,-0.467924,0.0123576
417.9,0.0635579,0.767575,-0.421781,0.0123576
418,0.157549,0.795623,-0.371039,0.0123576
418.1,0.250031,0.815543,-0.316249,0.0123576
418.2,0.340521,0.827098,-0.257966,0.0123576
418.3,0.428662,0.830084,-0.196729,0.0123576
418.4,0.514215,0.824315,-0.133055,0.0123576
418.5,0.59703,0.809615,-0.0674311,0.0123576
418.6,0.677031,0.785812,-0.000306765,0.0123576
418.7,0.754189,0.75273,0.0679055,0.0763184
418.8,0.828501,0.710185,0.136831,0.144558
418.9,0.89997,0.657982,0.206132,0.205527
419,0.968588,0.59592,0.275502,0.260248
419.1,1.03432,0.523785,0.34466,0.309588
419.2,1.09707,0.441363,0.413349,0.354263
419.3,1.1567,0.348437,0.481324,0.394867
419.4,1.213,0.244799,0.548345,0.431885
419.5,1.26568,0.130255,0.614175,0.465712
419.6,1.31435,0.0046364,0.678562,0.49667
419.7,1.35852,-0.132189,0.74124,0.525016
419.8,1.39758,-0.280304,0.801914,0.550954
419.9,1.43081,-0.43973,0.860256,0.574639
420,1.45733,-0.610403,0.915891,0.596181
420.1,1.47613,-0.792163,0.968391,0.615655
420.2,1.48603,-0.984729,1.01726,0.633093
420.3,1.48567,-1.18767,1.06194,0.648494
420.4,1.47349,-1.4004,1.10178,0.661816
420.5,1.44775,-1.62211,1.13602,0.672976
420.6,1.40649,-1.85178,1.16382,0.681846
420.7,1.34753,-2.08811,1.18421,0.688248
420.8,1.26852,-2.32951,1.1961,0.691942
420.9,1.16689,-2.57406,1.19826,0.692611
421,1.03996,-2.81946,1.18935,0.689848
421.1,0.884985,-3.06303,1.16787,0.683125
421.2,0.699254,-3.30166,1.13222,0.67175
421.3,0.48025,-3.5318,1.0807,0.654813
421.4,0.225864,-3.7495,1.01154,0.631083
421.5,-0.0653396,-3.95041,0.92298,0.598857
421.6,-0.393766,-4.12987,0.813335,0.555683
421.7,-0.75838,-4.283,0.681104,0.497853
421.8,-1.15623,-4.40486,0.525119,0.419369
421.9,-1.58197,-4.49071,0.344716,0.309626
422,-2.02734,-4.53621,0.139938,0.147444
422.1,-2.48091,-4.53785,-0.0882363,0.147444
422.2,-2.92788,-4.49326,-0.337671,0.147444
422.3,-3.35033,-4.40163,-0.604869,0.147444
422.4,-3.72797,-4.26408,-0.884843,0.147444
422.5,-4.0394,-4.08394,-1.17108,0.147444
422.6,-4.26392,-3.86688,-1.45566,0.147444
422.7,-4.38383,-3.62085,-1.72959,0.147444
422.8,-4.38682,-3.35579,-1.98328,0.147444
422.9,-4.26815,-3.083,-2.20723,0.147444
423,-4.03202,-2.81445,-2.39282,0.147444
423.1,-3.6919,-2.56178,-2.5331,0.147444
423.2,-3.26946,-2.33544,-2.62349,0.147444
423.3,-2.79236,-2.14384,-2.6622,0.147444
423.4,-2.29107,-1.99284,-2.65041,0.147444
423.5,-1.79558,-1.88544,-2.59208,0.147444
423.6,-1.33238,-1.82191,-2.49353,0.147444
423.7,-0.922292,-1.80008,-2.36271,0.147444
423.8,-0.579485,-1.81584,-2.20848,0.147444
423.9,-0.31142,-1.8638,-2.03988,0.147444
424,-0.119695,-1.93782,-1.86553,0.147444
424.1,-0.00134195,-2.03152,-1.6931,0.147444
424.2,0.0497257,-2.13869,-1.52914,0.147444
424.3,0.0413716,-2.25348,-1.37885,0.147444
424.4,-0.0178366,-2.37065,-1.2462,0.147444
424.5,-0.119379,-2.48553,-1.13391,0.147444
424.6,-0.25522,-2.59408,-1.0437,0.147444
424.7,-0.417995,-2.69284,-0.976351,0.147444
424.8,-0.601004,-2.77888,-0.931934,0.147444
424.9,-0.798097,-2.8498,-0.909888,0.147444
425,-1.00351,-2.90368,-0.909142,0.147444
425.1,-1.2117,-2.93907,-0.928193,0.147444
425.2,-1.4172,-2.95501,-0.965156,0.147444
425.3,-1.61458,-2.95107,-1.01781,0.147444
425.4,-1.79844,-2.92732,-1.08362,0.147444
425.5,-1.96347,-2.88442,-1.1598,0.147444
425.6,-2.1047,-2.82356,-1.24332,0.147444
425.7,-2.21764,-2.74651,-1.33099,0.147444
425.8,-2.29863,-2.65552,-1.41955,0.147444
425.9,-2.34506,-2.5533,-1.50573,0.147444
426,-2.35566,-2.4429,-1.5864,0.147444
426.1,-2.33064,-2.32757,-1.65868,0.147444
426.2,-2.27178,-2.21063,-1.72003,0.147444
426.3,-2.1824,-2.09532,-1.76844,0.147444
426.4,-2.06711,-1.98462,-1.80244,0.147444
426.5,-1.93159,-1.88115,-1.82121,0.147444
426.6,-1.78216,-1.78704,-1.82457,0.147444
426.7,-1.62537,-1.70385,-1.81298,0.147444
426.8,-1.46761,-1.63258,-1.78748,0.147444
426.9,-1.31469,-1.57363,-1.74958,0.147444
427,-1.17163,-1.52688,-1.70118,0.147444
427.1,-1.04242,-1.49173,-1.64441,0.147444
427.2,-0.929943,-1.46719,-1.58154,0.147444
427.3,-0.836033,-1.45199,-1.51484,0.147444
427.4,-0.761516,-1.44466,-1.44648,0.147444
427.5,-0.706366,-1.44361,-1.37848,0.147444
427.6,-0.669855,-1.44721,-1.31261,0.147444
427.7,-0.650724,-1.45383,-1.25039,0.147444
427.8,-0.647331,-1.46195,-1.19304,0.147444
427.9,-0.657783,-1.4701,-1.14151,0.147444
428,-0.680047,-1.47699,-1.09647,0.147444
428.1,-0.712028,-1.48143,-1.05832,0.147444
428.2,-0.751629,-1.48241,-1.02723,0.147444
428.3,-0.796794,-1.47908,-1.00315,0.147444
428.4,-0.845533,-1.47076,-0.985853,0.147444
428.5,-0.895946,-1.45691,-0.974932,0.147444
428.6,-0.946235,-1.43717,-0.969856,0.147444
428.7,-0.994715,-1.41133,-0.969974,0.147444
428.8,-1.03984,-1.37937,-0.974544,0.147444
428.9,-1.0802,-1.34136,-0.982753,0.147444
429,-1.11457,-1.29757,-0.993741,0.147444
429.1,-1.14189,-1.24835,-1.00662,0.147444
429.2,-1.16134,-1.1942,-1.0205,0.147444
429.3,-1.17228,-1.13571,-1.0345,0.147444
429.4,-1.17436,-1.07355,-1.04778,0.147444
429.5,-1.16742,-1.00845,-1.05956,0.147444
429.6,-1.15159,-0.941173,-1.06913,0.147444
429.7,-1.1272,-0.87251,-1.07586,0.147444
429.8,-1.09481,-0.803241,-1.07924,0.147444
429.9,-1.05517,-0.734117,-1.07886,0.147444
430,-1.00917,-0.665845,-1.07443,0.147444
430.1,-0.957808,-0.599072,-1.06577,0.147444
430.2,-0.902171,-0.534368,-1.05284,0.147444
430.3,-0.843356,-0.472223,-1.03567,0.147444
430.4,-0.782447,-0.413038,-1.01444,0.147444
430.5,-0.720479,-0.357127,-0.989368,0.147444
430.6,-0.658404,-0.304717,-0.960775,0.147444
430.7,-0.597068,-0.255954,-0.929024,0.147444
430.8,-0.537199,-0.210912,-0.894524,0.147444
430.9,-0.479394,-0.169599,-0.857705,0.147444
431,-0.424122,-0.13197,-0.819009,0.147444
431.1,-0.371727,-0.0979353,-0.778872,0.147444
431.2,-0.322439,-0.067372,-0.737718,0.147444
431.3,-0.276383,-0.0401323,-0.695945,0.147444
431.4,-0.233597,-0.0160523,-0.653922,0.147444
431.5,-0.194048,0.0050401,-0.611985,0.147444
431.6,-0.157646,0.0233194,-0.570427,0.147444
431.7,-0.124257,0.0389577,-0.529508,0.147444
431.8,-0.0937216,0.0521206,-0.489444,0.147444
431.9,-0.0658612,0.0629646,-0.450418,0.147444
432,-0.0404917,0.0716361,-0.412576,0.147444
432.1,-0.0174301,0.0782696,-0.376034,0.147444
432.2,0.00349924,0.0829882,-0.34088,0.147444
432.3,0.0224594,0.0859041,-0.307176,0.147444
432.4,0.0395978,0.0871191,-0.274964,0.147444
432.5,0.0550444,0.086726,-0.244269,0.147444
432.6,0.0689104,0.0848101,-0.215103,0.147444
432.7,0.0812879,0.0814505,-0.187465,0.147444
432.8,0.0922507,0.0767219,-0.161349,0.147444
432.9,0.101855,0.0706962,-0.13674,0.147444
433,0.11014,0.0634441,-0.113624,0.147444
433.1,0.117132,0.0550364,-0.0919815,0.147444
433.2,0.122842,0.045546,-0.0717954,0.147444
433.3,0.127271,0.0350486,-0.0530488,0.147444
433.4,0.13041,0.0236243,-0.035727,0.147444
433.5,0.132244,0.0113585,-0.0198178,0.147444
433.6,0.132753,-0.00165703,-0.00531199,0.147444
433.7,0.13191,-0.0153236,0.00779665,0.147444
433.8,0.129691,-0.0295346,0.0195113,0.0229632
433.9,0.126071,-0.0441758,0.0298324,0.0347644
434,0.121027,-0.0591241,0.0387581,0.044777
434.1,0.114542,-0.0742485,0.0462848,0.0530891
434.2,0.106604,-0.0894096,0.0524079,0.0597632
434.3,0.0972101,-0.10446,0.0571224,0.0648495
434.4,0.0863689,-0.119245,0.0604243,0.0683842
434.5,0.0741003,-0.133603,0.062311,0.0703975
434.6,0.0604388,-0.147369,0.0627829,0.0708854
434.7,0.0454345,-0.160371,0.0618444,0.0699058
434.8,0.0291553,-0.172435,0.0595051,0.0674035
434.9,0.0116879,-0.183387,0.055781,0.0634074
435,-0.00686072,-0.193054,0.0506958,0.0579054
435.1,-0.0263625,-0.201264,0.0442822,0.0508893
435.2,-0.0466678,-0.207854,0.0365829,0.0423516
435.3,-0.0676047,-0.212665,0.027652,0.0322908
435.4,-0.0889798,-0.215553,0.0175558,0.0206803
435.5,-0.110579,-0.216383,0.00637362,0.0206803
435.6,-0.132167,-0.215039,-0.00580125,0.0206803
435.7,-0.153493,-0.211424,-0.0188613,0.0206803
435.8,-0.174289,-0.205461,-0.0326845,0.0206803
435.9,-0.194277,-0.197099,-0.0471344,0.0206803
436,-0.213168,-0.186312,-0.0620606,0.0206803
436.1,-0.230672,-0.173103,-0.0772993,0.0206803
436.2,-0.246498,-0.157504,-0.0926746,0.0206803
436.3,-0.260362,-0.13958,-0.108,0.0206803
436.4,-0.271993,-0.119427,-0.123081,0.0206803
436.5,-0.281136,-0.0971722,-0.137715,0.0206803
436.6,-0.287562,-0.0729752,-0.151696,0.0206803
436.7,-0.291067,-0.0470255,-0.164819,0.0206803
436.8,-0.291484,-0.0195417,-0.176878,0.0206803
436.9,-0.288681,0.00923119,-0.187675,0.0206803
437,-0.282571,0.0390243,-0.197018,0.0206803
437.1,-0.273105,0.0695481,-0.204728,0.0206803
437.2,-0.260285,0.100495,-0.210641,0.0206803
437.3,-0.244155,0.131546,-0.214611,0.0206803
437.4,-0.224801,0.16237,-0.216511,0.0206803
437.5,-0.202355,0.192631,-0.216238,0.0206803
437.6,-0.176986,0.221991,-0.213712,0.0206803
437.7,-0.148896,0.250116,-0.208879,0.0206803
437.8,-0.118319,0.276673,-0.201711,0.0206803
437.9,-0.0855133,0.301341,-0.192205,0.0206803
438,-0.0507574,0.323808,-0.180385,0.0206803
438.1,-0.0143433,0.343776,-0.166299,0.0206803
438.2,0.0234273,0.360963,-0.150021,0.0206803
438.3,0.062248,0.375101,-0.131645,0.0206803
438.4,0.101811,0.385944,-0.111284,0.0206803
438.5,0.141813,0.39326,-0.0890726,0.0206803
438.6,0.181951,0.39684,-0.0651593,0.0206803
438.7,0.221933,0.396494,-0.0397071,0.0206803
438.8,0.26147,0.392049,-0.0128915,0.0206803
438.9,0.300283,0.383358,0.0151018,0.0178535
439,0.338097,0.370289,0.0440787,0.0506634
439.1,0.37464,0.352735,0.0738371,0.0825288
439.2,0.409645,0.330609,0.104169,0.113262
439.3,0.442842,0.30385,0.13486,0.142719
439.4,0.473961,0.272417,0.165691,0.170795
439.5,0.502723,0.2363,0.196438,0.197405
439.6,0.528841,0.195513,0.226871,0.222499
439.7,0.552018,0.150104,0.256753,0.246015
439.8,0.571939,0.100153,0.285842,0.267933
439.9,0.588276,0.045777,0.313887,0.288219
440,0.60068,-0.0128649,0.340632,0.306841
440.1,0.608783,-0.0755699,0.365806,0.323767
440.2,0.612196,-0.142086,0.389132,0.338961
440.3,0.610512,-0.212106,0.41032,0.352375
440.4,0.603303,-0.285267,0.429068,0.363952
440.5,0.590129,-0.36114,0.44506,0.373619
440.6,0.570539,-0.43923,0.45797,0.381288
440.7,0.544079,-0.518969,0.467459,0.38685
440.8,0.510302,-0.599716,0.473176,0.390172
440.9,0.468777,-0.680748,0.474764,0.391091
441,0.419107,-0.761266,0.471857,0.389408
441.1,0.360949,-0.84039,0.464092,0.384884
441.2,0.29403,-0.917163,0.45111,0.377227
441.3,0.218179,-0.990558,0.432564,0.366081
441.4,0.133351,-1.05948,0.40813,0.351005
441.5,0.0396663,-1.12279,0.377519,0.331453
441.6,-0.0625606,-1.17929,0.340489,0.306743
441.7,-0.17278,-1.2278,0.296862,0.276
441.8,-0.290175,-1.26713,0.246544,0.238098
441.9,-0.413622,-1.29611,0.189539,0.191548
442,-0.54167,-1.31367,0.125977,0.134354
442.1,-0.672524,-1.31884,0.0561258,0.0637779
442.2,-0.804036,-1.3108,-0.0195803,0.0637779
442.3,-0.93373,-1.28894,-0.10053,0.0637779
442.4,-1.05884,-1.25287,-0.185919,0.0637779
442.5,-1.17636,-1.20248,-0.274746,0.0637779
442.6,-1.28318,-1.13797,-0.365811,0.0637779
442.7,-1.37616,-1.05987,-0.45773,0.0637779
442.8,-1.45229,-0.96907,-0.548958,0.0637779
442.9,-1.50886,-0.86678,-0.637823,0.0637779
443,-1.54362,-0.754537,-0.722576,0.0637779
443.1,-1.55491,-0.634157,-0.801445,0.0637779
443.2,-1.54182,-0.507683,-0.872709,0.0637779
443.3,-1.50423,-0.377314,-0.934757,0.0637779
443.4,-1.44292,-0.245332,-0.986167,0.0637779
443.5,-1.35945,-0.114014,-1.02576,0.0637779
443.6,-1.25617,0.014448,-1.05267,0.0637779
443.7,-1.13601,0.13802,-1.06634,0.0637779
443.8,-1.00232,0.254889,-1.0666,0.0637779
443.9,-0.858717,0.363505,-1.0536,0.0637779
444,-0.708797,0.462614,-1.02784,0.0637779
444.1,-0.556006,0.551256,-0.990095,0.0637779
444.2,-0.403457,0.628763,-0.941393,0.0637779
444.3,-0.253814,0.694729,-0.88293,0.0637779
444.4,-0.109223,0.748973,-0.81602,0.0637779
444.5,0.0287142,0.791498,-0.742029,0.0637779
444.6,0.158924,0.822445,-0.66232,0.0637779
444.7,0.280813,0.842046,-0.578205,0.0637779
444.8,0.394197,0.850586,-0.490907,0.0637779
444.9,0.499222,0.848365,-0.401532,0.0637779
445,0.596277,0.83567,-0.311058,0.0637779
445.1,0.68591,0.812754,-0.220321,0.0637779
445.2,0.768756,0.779823,-0.130023,0.0637779
445.3,0.845473,0.737025,-0.0407361,0.0637779
445.4,0.916694,0.684451,0.0470844,0.053963
445.5,0.98298,0.622133,0.133082,0.141055
445.6,1.0448,0.550054,0.216985,0.214474
445.7,1.1025,0.468152,0.298585,0.27725
445.8,1.15631,0.376333,0.377721,0.331586
445.9,1.20631,0.274483,0.454263,0.379098
446,1.25244,0.162479,0.528092,0.420989
446.1,1.29449,0.0402078,0.59909,0.458165
446.2,1.33212,-0.0924234,0.667123,0.491313
446.3,1.36482,-0.235468,0.732029,0.520954
446.4,1.39196,-0.388923,0.793607,0.547485
446.5,1.41271,-0.552711,0.851606,0.5712
446.6,1.42611,-0.72666,0.905712,0.592312
446.7,1.43103,-0.910481,0.955545,0.610963
446.8,1.42616,-1.10375,1.00064,0.627234
446.9,1.41001,-1.30586,1.04045,0.641148
447,1.38091,-1.51604,1.07432,0.652674
447.1,1.33698,-1.73327,1.1015,0.661724
447.2,1.2762,-1.95629,1.12111,0.668148
447.3,1.19634,-2.18357,1.13216,0.671733
447.4,1.09504,-2.41325,1.13355,0.67218
447.5,0.969847,-2.64311,1.12403,0.669098
447.6,0.818281,-2.87061,1.10224,0.66197
447.7,0.637938,-3.09278,1.06673,0.650117
447.8,0.426638,-3.3063,1.01596,0.632637
447.9,0.18262,-3.50744,0.94834,0.608311
448,-0.0952024,-3.69216,0.862303,0.575448
448.1,-0.406935,-3.85614,0.75637,0.531617
448.2,-0.75133,-3.99488,0.629257,0.473143
448.3,-1.12538,-4.10387,0.480001,0.394108
448.4,-1.52389,-4.1788,0.308118,0.284111
448.5,-1.93911,-4.21578,0.113788,0.122664
448.6,-2.36044,-4.21167,-0.101953,0.122664
448.7,-2.77439,-4.16439,-0.337021,0.122664
448.8,-3.16483,-4.07328,-0.588111,0.122664
448.9,-3.51359,-3.93942,-0.850594,0.122664
449,-3.80167,-3.76586,-1.1185,0.122664
449.1,-4.01075,-3.55773,-1.38465,0.122664
449.2,-4.12519,-3.32219,-1.64089,0.122664
449.3,-4.13401,-3.06813,-1.8786,0.122664
449.4,-4.03274,-2.80574,-2.0892,0.122664
449.5,-3.82464,-2.54577,-2.2649,0.122664
449.6,-3.52098,-2.2988,-2.39933,0.122664
449.7,-3.14024,-2.07441,-2.48818,0.122664
449.8,-2.70626,-1.88048,-2.52955,0.122664
449.9,-2.24567,-1.72269,-2.52419,0.122664
450,-1.78507,-1.60427,-2.47531,0.122664
450.1,-1.34842,-1.52597,-2.38822,0.122664
450.2,-0.955103,-1.48638,-2.26984,0.122664
450.3,-0.618858,-1.48227,-2.12797,0.122664
450.4,-0.34762,-1.50918,-1.9707,0.122664
450.5,-0.144069,-1.56183,-1.80586,0.122664
450.6,-0.00665465,-1.63467,-1.64057,0.122664
450.7,0.0691935,-1.72216,-1.48095,0.122664
450.8,0.0898943,-1.81905,-1.33202,0.122664
450.9,0.0627287,-1.92053,-1.19767,0.122664
451,-0.00488771,-2.0223,-1.08071,0.122664
451.1,-0.105869,-2.12061,-0.982977,0.122664
451.2,-0.23369,-2.21218,-0.905504,0.122664
451.3,-0.38245,-2.29423,-0.848625,0.122664
451.4,-0.546805,-2.3644,-0.812109,0.122664
451.5,-0.721847,-2.42072,-0.795264,0.122664
451.6,-0.902954,-2.46164,-0.797008,0.122664
451.7,-1.08565,-2.48597,-0.815933,0.122664
451.8,-1.26553,-2.49291,-0.850341,0.122664
451.9,-1.43814,-2.4821,-0.898277,0.122664
452,-1.5991,-2.45359,-0.957548,0.122664
452.1,-1.74407,-2.40788,-1.02576,0.122664
452.2,-1.86892,-2.34596,-1.10033,0.122664
452.3,-1.96996,-2.26924,-1.17856,0.122664
452.4,-2.04406,-2.17958,-1.25768,0.122664
452.5,-2.08891,-2.07919,-1.33492,0.122664
452.6,-2.10325,-1.9706,-1.40761,0.122664
452.7,-2.08692,-1.85653,-1.47326,0.122664
452.8,-2.04102,-1.73981,-1.52966,0.122664
452.9,-1.96787,-1.62322,-1.57499,0.122664
453,-1.87085,-1.5094,-1.60786,0.122664
453.1,-1.75426,-1.40073,-1.62738,0.122664
453.2,-1.62303,-1.29923,-1.6332,0.122664
453.3,-1.4824,-1.2065,-1.62549,0.122664
453.4,-1.33761,-1.1237,-1.60488,0.122664
453.5,-1.19359,-1.0515,-1.57245,0.122664
453.6,-1.05474,-0.990141,-1.52963,0.122664
453.7,-0.924762,-0.939449,-1.47806,0.122664
453.8,-0.806515,-0.898911,-1.41959,0.122664
453.9,-0.702037,-0.867733,-1.35608,0.122664
454,-0.612555,-0.844915,-1.28939,0.122664
454.1,-0.538575,-0.829317,-1.22128,0.122664
454.2,-0.479991,-0.819718,-1.15335,0.122664
454.3,-0.436207,-0.814876,-1.08704,0.122664
454.4,-0.406265,-0.813562,-1.02355,0.122664
454.5,-0.388951,-0.814597,-0.963879,0.122664
454.6,-0.382898,-0.816876,-0.908791,0.122664
454.7,-0.386657,-0.819382,-0.858855,0.122664
454.8,-0.398759,-0.821193,-0.814445,0.122664
454.9,-0.417755,-0.821494,-0.775757,0.122664
455,-0.44224,-0.819572,-0.742835,0.122664
455.1,-0.470872,-0.814818,-0.715587,0.122664
455.2,-0.502378,-0.806728,-0.693805,0.122664
455.3,-0.535556,-0.794897,-0.677185,0.122664
455.4,-0.569277,-0.779021,-0.665338,0.122664
455.5,-0.602485,-0.75889,-0.657811,0.122664
455.6,-0.634197,-0.73439,-0.654096,0.122664
455.7,-0.663506,-0.705497,-0.653643,0.122664
455.8,-0.689585,-0.672274,-0.655871,0.122664
455.9,-0.711696,-0.63487,-0.660183,0.122664
456,-0.729192,-0.59351,-0.665971,0.122664
456.1,-0.741531,-0.548493,-0.672627,0.122664
456.2,-0.74828,-0.500185,-0.679556,0.122664
456.3,-0.749124,-0.449005,-0.686185,0.122664
456.4,-0.743867,-0.395424,-0.691969,0.122664
456.5,-0.732442,-0.339948,-0.696404,0.122664
456.6,-0.714899,-0.283112,-0.699033,0.122664
456.7,-0.69141,-0.225464,-0.699452,0.122664
456.8,-0.662256,-0.167561,-0.69732,0.122664
456.9,-0.627812,-0.10995,-0.692357,0.122664
457,-0.588539,-0.0531682,-0.684352,0.122664
457.1,-0.544962,0.00227469,-0.673158,0.122664
457.2,-0.497652,0.0558969,-0.658697,0.122664
457.3,-0.447209,0.107253,-0.640954,0.122664
457.4,-0.39424,0.155935,-0.619972,0.122664
457.5,-0.339346,0.201579,-0.595848,0.122664
457.6,-0.283105,0.243861,-0.568727,0.122664
457.7,-0.226058,0.282499,-0.538791,0.122664
457.8,-0.168704,0.317248,-0.506256,0.122664
457.9,-0.111489,0.347901,-0.471364,0.122664
458,-0.0548088,0.374282,-0.434369,0.122664
458.1,0.000998097,0.396246,-0.395542,0.122664
458.2,0.0556433,0.413671,-0.355152,0.122664
458.3,0.108886,0.426454,-0.313472,0.122664
458.4,0.160527,0.434513,-0.270768,0.122664
458.5,0.210402,0.437779,-0.227298,0.122664
458.6,0.258374,0.436194,-0.183309,0.122664
458.7,0.304324,0.429709,-0.139038,0.122664
458.8,0.348148,0.418288,-0.0947094,0.122664
458.9,0.389742,0.4019,-0.0505358,0.122664
459,0.429003,0.380525,-0.00671967,0.122664
459.1,0.465816,0.35415,0.0365455,0.0423105
459.2,0.500054,0.322779,0.0790732,0.0879561
459.3,0.531569,0.286425,0.120682,0.129307
459.4,0.560191,0.245121,0.161191,0.166785
459.5,0.585719,0.198921,0.200421,0.200756
459.6,0.607927,0.1479,0.238189,0.231527
459.7,0.626554,0.092166,0.274304,0.25935
459.8,0.641305,0.0318587,0.308571,0.284435
459.9,0.651854,-0.0328424,0.34078,0.306942
460,0.657837,-0.101714,0.37071,0.327
460.1,0.658859,-0.174481,0.398124,0.344697
460.2,0.654494,-0.250813,0.422769,0.360092
460.3,0.644287,-0.330319,0.444375,0.373209
460.4,0.627761,-0.412537,0.462652,0.38404
460.5,0.604422,-0.496934,0.477291,0.392549
460.6,0.573768,-0.582898,0.487967,0.398662
460.7,0.535301,-0.669732,0.494335,0.402275
460.8,0.48854,-0.756656,0.496039,0.403236
460.9,0.433041,-0.842801,0.492711,0.401356
461,0.368416,-0.927211,0.48398,0.396389
461.1,0.294361,-1.00884,0.469476,0.388025
461.2,0.210687,-1.08658,0.448841,0.375877
461.3,0.117351,-1.15923,0.421739,0.359458
461.4,0.0144962,-1.22555,0.387871,0.338151
461.5,-0.0975049,-1.28426,0.346992,0.311171
461.6,-0.218011,-1.33404,0.298928,0.277501
461.7,-0.346069,-1.37364,0.243595,0.235788
461.8,-0.480375,-1.4018,0.181028,0.184233
461.9,-0.619247,-1.41738,0.111398,0.120342
462,-0.760609,-1.41937,0.0350397,0.0406268
462.1,-0.901989,-1.40695,-0.0475261,0.0406268
462.2,-1.04054,-1.37951,-0.135576,0.0406268
462.3,-1.17312,-1.33674,-0.228169,0.0406268
462.4,-1.29632,-1.27862,-0.324141,0.0406268
462.5,-1.40666,-1.20551,-0.422109,0.0406268
462.6,-1.50066,-1.11815,-0.520492,0.0406268
462.7,-1.57507,-1.01763,-0.617534,0.0406268
462.8,-1.62705,-0.905451,-0.711358,0.0406268
462.9,-1.65432,-0.783428,-0.80002,0.0406268
463,-1.65536,-0.653676,-0.881579,0.0406268
463.1,-1.62956,-0.518528,-0.95418,0.0406268
463.2,-1.57726,-0.380452,-1.01613,0.0406268
463.3,-1.49975,-0.241956,-1.06597,0.0406268
463.4,-1.39927,-0.105498,-1.10256,0.0406268
463.5,-1.27884,0.0266099,-1.12511,0.0406268
463.6,-1.14206,0.152278,-1.13324,0.0406268
463.7,-0.9929,0.269699,-1.12695,0.0406268
463.8,-0.83548,0.37739,-1.10662,0.0406268
463.9,-0.673792,0.47421,-1.07302,0.0406268
464,-0.511523,0.559356,-1.02717,0.0406268
464.1,-0.351887,0.632336,-0.970343,0.0406268
464.2,-0.197519,0.692937,-0.903971,0.0406268
464.3,-0.0504313,0.741171,-0.829564,0.0406268
464.4,0.0879882,0.777226,-0.748651,0.0406268
464.5,0.216929,0.801414,-0.66272,0.0406268
464.6,0.336082,0.814117,-0.573168,0.0406268
464.7,0.445548,0.815748,-0.481271,0.0406268
464.8,0.545733,0.806714,-0.388155,0.0406268
464.9,0.637255,0.787391,-0.29479,0.0406268
465,0.720849,0.758101,-0.201991,0.0406268
465.1,0.797295,0.719107,-0.11042,0.0406268
465.2,0.867354,0.670607,-0.0206022,0.0406268
465.3,0.931717,0.612731,0.0670541,0.0754229
465.4,0.990976,0.545551,0.152243,0.158726
465.5,1.0456,0.46909,0.234736,0.228788
465.6,1.0959,0.38333,0.314366,0.288558
465.7,1.14206,0.288226,0.391005,0.340159
465.8,1.1841,0.183721,0.464544,0.385148
465.9,1.22189,0.0697616,0.534881,0.424669
466,1.25515,-0.0536889,0.601906,0.459583
466.1,1.28344,-0.186631,0.665481,0.490538
466.2,1.30618,-0.329013,0.725434,0.518024
466.3,1.32262,-0.480714,0.781548,0.542403
466.4,1.33188,-0.641522,0.833547,0.563941
466.5,1.3329,-0.811114,0.881089,0.582819
466.6,1.32449,-0.989038,0.923757,0.59915
466.7,1.30528,-1.17469,0.961054,0.612981
466.8,1.27374,-1.36727,0.99239,0.624298
466.9,1.22821,-1.56579,1.01708,0.633029
467,1.16685,-1.76904,1.03434,0.639038
467.1,1.0877,-1.97553,1.04327,0.642118
467.2,0.988725,-2.1835,1.04287,0.641982
467.3,0.867816,-2.39088,1.03205,0.638247
467.4,0.722894,-2.5953,1.00961,0.630405
467.5,0.551998,-2.79403,0.974274,0.617788
467.6,0.353418,-2.98403,0.924708,0.599508
467.7,0.125872,-3.16195,0.859568,0.574366
467.8,-0.131281,-3.32415,0.777544,0.540704
467.9,-0.417775,-3.4668,0.677427,0.496141
468,-0.732136,-3.58595,0.55821,0.437105
468.1,-1.07135,-3.67768,0.419188,0.357884
468.2,-1.43057,-3.73826,0.260102,0.248589
468.3,-1.80276,-3.76439,0.081278,0.0902251
468.4,-2.17862,-3.75341,-0.116208,0.0902251
468.5,-2.54649,-3.70362,-0.330383,0.0902251
468.6,-2.89263,-3.61454,-0.558249,0.0902251
468.7,-3.20181,-3.48714,-0.795707,0.0902251
468.8,-3.45816,-3.32406,-1.03756,0.0902251
468.9,-3.64651,-3.12966,-1.27762,0.0902251
469,-3.75382,-2.91,-1.50892,0.0902251
469.1,-3.77083,-2.67262,-1.72412,0.0902251
469.2,-3.69343,-2.4261,-1.91589,0.0902251
469.3,-3.52367,-2.17963,-2.07754,0.0902251
469.4,-3.26998,-1.94229,-2.20351,0.0902251
469.5,-2.94669,-1.72248,-2.28984,0.0902251
469.6,-2.57268,-1.5273,-2.33457,0.0902251
469.7,-2.16951,-1.36214,-2.33787,0.0902251
469.8,-1.75919,-1.23041,-2.30197,0.0902251
469.9,-1.36214,-1.13348,-2.23093,0.0902251
470,-0.99553,-1.07088,-2.13022,0.0902251
470.1,-0.672276,-1.04055,-2.00622,0.0902251
470.2,-0.400656,-1.03924,-1.86571,0.0902251
470.3,-0.184582,-1.06291,-1.71539,0.0902251
470.4,-0.0242604,-1.1071,-1.56153,0.0902251
470.5,0.082914,-1.16726,-1.40965,0.0902251
470.6,0.141428,-1.23898,-1.26441,0.0902251
470.7,0.156811,-1.31813,-1.12957,0.0902251
470.8,0.134963,-1.40097,-1.00794,0.0902251
470.9,0.0816879,-1.48418,-0.901527,0.0902251
471,0.00240281,-1.56482,-0.811611,0.0902251
471.1,-0.0979886,-1.64035,-0.738854,0.0902251
471.2,-0.215111,-1.70857,-0.683417,0.0902251
471.3,-0.345057,-1.7676,-0.645051,0.0902251
471.4,-0.484281,-1.81583,-0.623177,0.0902251
471.5,-0.629483,-1.85193,-0.616949,0.0902251
471.6,-0.777499,-1.87482,-0.625292,0.0902251
471.7,-0.925209,-1.88369,-0.646937,0.0902251
471.8,-1.06948,-1.87802,-0.680437,0.0902251
471.9,-1.20715,-1.85757,-0.724184,0.0902251
472,-1.33505,-1.82242,-0.776422,0.0902251
472.1,-1.45005,-1.77299,-0.83526,0.0902251
472.2,-1.54916,-1.71002,-0.898696,0.0902251
472.3,-1.62967,-1.63457,-0.964648,0.0902251
472.4,-1.68928,-1.54805,-1.03099,0.0902251
472.5,-1.72621,-1.45212,-1.09561,0.0902251
472.6,-1.73939,-1.34869,-1.15644,0.0902251
472.7,-1.72851,-1.23982,-1.21158,0.0902251
472.8,-1.69409,-1.1277,-1.25929,0.0902251
472.9,-1.63747,-1.0145,-1.2981,0.0902251
473,-1.5608,-0.902342,-1.32683,0.0902251
473.1,-1.46687,-0.793199,-1.34468,0.0902251
473.2,-1.35898,-0.688833,-1.35119,0.0902251
473.3,-1.24073,-0.590737,-1.34627,0.0902251
473.4,-1.11587,-0.500105,-1.33023,0.0902251
473.5,-0.988036,-0.417811,-1.30366,0.0902251
473.6,-0.860601,-0.344413,-1.26744,0.0902251
473.7,-0.736554,-0.280171,-1.22269,0.0902251
473.8,-0.618385,-0.225075,-1.17065,0.0902251
473.9,-0.508041,-0.178889,-1.11269,0.0902251
474,-0.406924,-0.14119,-1.05018,0.0902251
474.1,-0.315915,-0.111418,-0.984483,0.0902251
474.2,-0.235436,-0.0889181,-0.916883,0.0902251
474.3,-0.165517,-0.0729794,-0.84857,0.0902251
474.4,-0.105882,-0.0628667,-0.780604,0.0902251
474.5,-0.0560227,-0.0578485,-0.713909,0.0902251
474.6,-0.0152786,-0.0572162,-0.649262,0.0902251
474.7,0.0171027,-0.0602975,-0.587301,0.0902251
474.8,0.0419118,-0.0664655,-0.528528,0.0902251
474.9,0.0599369,-0.0751421,-0.47332,0.0902251
475,0.0719346,-0.0857992,-0.421949,0.0902251
475.1,0.0786109,-0.0979566,-0.374587,0.0902251
475.2,0.0806106,-0.111179,-0.331328,0.0902251
475.3,0.0785131,-0.125071,-0.292198,0.0902251
475.4,0.0728337,-0.139275,-0.257169,0.0902251
475.5,0.0640278,-0.153461,-0.226168,0.0902251
475.6,0.0524979,-0.16733,-0.19909,0.0902251
475.7,0.0386017,-0.180605,-0.175803,0.0902251
475.8,0.0226602,-0.193029,-0.156156,0.0902251
475.9,0.00496682,-0.204363,-0.139982,0.0902251
476,-0.0142049,-0.214387,-0.127105,0.0902251
476.1,-0.0345939,-0.222895,-0.117339,0.0902251
476.2,-0.0559458,-0.229697,-0.110491,0.0902251
476.3,-0.078007,-0.234621,-0.106363,0.0902251
476.4,-0.100521,-0.237509,-0.104751,0.0902251
476.5,-0.123226,-0.238225,-0.105446,0.0902251
476.6,-0.145851,-0.236651,-0.108234,0.0902251
476.7,-0.168119,-0.232692,-0.112895,0.0902251
476.8,-0.189744,-0.226277,-0.119203,0.0902251
476.9,-0.210434,-0.21736,-0.126925,0.0902251
477,-0.229895,-0.205925,-0.135824,0.0902251
477.1,-0.247832,-0.191983,-0.145657,0.0902251
477.2,-0.263953,-0.175576,-0.156176,0.0902251
477.3,-0.277977,-0.15678,-0.167128,0.0902251
477.4,-0.289636,-0.1357,-0.178261,0.0902251
477.5,-0.298682,-0.112474,-0.189319,0.0902251
477.6,-0.304893,-0.0872721,-0.20005,0.0902251
477.7,-0.308074,-0.0602939,-0.210206,0.0902251
477.8,-0.308068,-0.0317671,-0.219544,0.0902251
477.9,-0.304754,-0.0019457,-0.227835,0.0902251
478,-0.298057,0.0288933,-0.234858,0.0902251
478.1,-0.28794,0.060453,-0.24041,0.0902251
478.2,-0.274418,0.0924199,-0.244306,0.0902251
478.3,-0.257546,0.124468,-0.246381,0.0902251
478.4,-0.237424,0.156263,-0.246496,0.0902251
478.5,-0.214195,0.187466,-0.244533,0.0902251
478.6,-0.188038,0.217736,-0.240403,0.0902251
478.7,-0.159165,0.246735,-0.234043,0.0902251
478.8,-0.12782,0.274133,-0.22542,0.0902251
478.9,-0.0942677,0.299607,-0.214526,0.0902251
479,-0.0587916,0.322846,-0.201379,0.0902251
479.1,-0.0216882,0.343553,-0.186027,0.0902251
479.2,0.0167381,0.361448,-0.168539,0.0902251
479.3,0.0561798,0.376265,-0.149006,0.0902251
479.4,0.0963298,0.38776,-0.127542,0.0902251
479.5,0.136885,0.395703,-0.104278,0.0902251
479.6,0.177547,0.399887,-0.0793613,0.0902251
479.7,0.218026,0.400122,-0.0529525,0.0902251
479.8,0.258039,0.396241,-0.0252251,0.0902251
479.9,0.297311,0.388092,0.0036378,0.0902251
480,0.335571,0.375548,0.0334444,0.0388362
480.1,0.372556,0.3585,0.0639959,0.0721867
480.2,0.408003,0.336861,0.0950872,0.104235
480.3,0.441649,0.310568,0.126508,0.134857
480.4,0.473228,0.279579,0.158043,0.163963
480.5,0.502468,0.24388,0.189471,0.191489
480.6,0.529088,0.203482,0.220566,0.217393
480.7,0.552795,0.15843,0.251097,0.241644
480.8,0.573279,0.108797,0.280825,0.264219
480.9,0.590215,0.0546975,0.309504,0.285101
481,0.603258,-0.00371803,0.336881,0.30427
481.1,0.612044,-0.0662528,0.36269,0.321702
481.2,0.616184,-0.132662,0.386658,0.337371
481.3,0.615273,-0.202647,0.408498,0.351235
481.4,0.608884,-0.275852,0.427911,0.363245
481.5,0.596575,-0.351859,0.444586,0.373335
481.6,0.577891,-0.430179,0.458199,0.381423
481.7,0.552375,-0.510256,0.468411,0.387405
481.8,0.519572,-0.591456,0.474874,0.391154
481.9,0.479043,-0.673066,0.47723,0.392513
482,0.430379,-0.754293,0.475114,0.391293
482.1,0.373221,-0.834267,0.468161,0.387259
482.2,0.307278,-0.912035,0.456007,0.380128
482.3,0.232356,-0.986572,0.438301,0.369555
482.4,0.148386,-1.05679,0.414712,0.355111
482.5,0.0554546,-1.12154,0.384942,0.336265
482.6,-0.0461563,-1.17963,0.348739,0.312354
482.7,-0.155936,-1.22987,0.305912,0.282531
482.8,-0.273106,-1.27104,0.256348,0.245704
482.9,-0.396587,-1.30197,0.200035,0.200433
483,-0.52497,-1.32156,0.137081,0.14479
483.1,-0.656496,-1.32882,0.0677333,0.0761371
483.2,-0.789054,-1.32289,-0.00759972,0.0761371
483.3,-0.920191,-1.30311,-0.0883304,0.0761371
483.4,-1.04715,-1.26906,-0.173679,0.0761371
483.5,-1.16694,-1.22059,-0.262665,0.0761371
483.6,-1.27641,-1.15784,-0.354108,0.0761371
483.7,-1.37238,-1.08131,-0.446638,0.0761371
483.8,-1.45179,-0.991833,-0.538718,0.0761371
483.9,-1.51183,-0.890586,-0.628676,0.0761371
484,-1.55016,-0.779078,-0.714754,0.0761371
484.1,-1.565,-0.659105,-0.795162,0.0761371
484.2,-1.55531,-0.532701,-0.86815,0.0761371
484.3,-1.52087,-0.402069,-0.932071,0.0761371
484.4,-1.46233,-0.269506,-0.985457,0.0761371
484.5,-1.38118,-0.137315,-1.02708,0.0761371
484.6,-1.27968,-0.00772375,-1.05602,0.0761371
484.7,-1.16075,0.11719,-1.07168,0.0761371
484.8,-1.02773,0.235566,-1.07382,0.0761371
484.9,-0.884245,0.345807,-1.06256,0.0761371
485,-0.733968,0.446611,-1.03836,0.0761371
485.1,-0.580414,0.536979,-1.00198,0.0761371
485.2,-0.426781,0.616204,-0.954417,0.0761371
485.3,-0.275827,0.683852,-0.896872,0.0761371
485.4,-0.129789,0.739723,-0.830661,0.0761371
485.5,0.00964721,0.783806,-0.757161,0.0761371
485.6,0.141335,0.816239,-0.677755,0.0761371
485.7,0.264624,0.837253,-0.593776,0.0761371
485.8,0.379288,0.847142,-0.506473,0.0761371
485.9,0.485443,0.846214,-0.416981,0.0761371
486,0.583463,0.83477,-0.326299,0.0761371
486.1,0.673894,0.81308,-0.235292,0.0761371
486.2,0.757374,0.781364,-0.144681,0.0761371
486.3,0.834576,0.739787,-0.0550571,0.0761371
486.4,0.906145,0.688453,0.033107,0.0384569
486.5,0.972666,0.627409,0.119443,0.12812
486.6,1.03463,0.556651,0.20367,0.20348
486.7,1.0924,0.476126,0.285572,0.267735
486.8,1.14622,0.385751,0.364986,0.323225
486.9,1.1962,0.28542,0.441778,0.37165
487,1.2423,0.175015,0.515832,0.414274
487.1,1.28433,0.0544268,0.587032,0.452047
487.2,1.32197,-0.0764341,0.655246,0.485686
487.3,1.35473,-0.217621,0.720319,0.515739
487.4,1.38198,-0.369131,0.782056,0.542618
487.5,1.40294,-0.530891,0.840214,0.566634
487.6,1.41665,-0.702735,0.894489,0.588009
487.7,1.42202,-0.884381,0.94451,0.606895
487.8,1.41774,-1.07541,0.989826,0.623382
487.9,1.40237,-1.27525,1.0299,0.637499
488,1.37425,-1.48312,1.06409,0.649223
488.1,1.33156,-1.69804,1.09166,0.65847
488.2,1.27229,-1.91878,1.11177,0.665099
488.3,1.19426,-2.14382,1.12343,0.668899
488.4,1.09515,-2.37135,1.12555,0.669591
488.5,0.972543,-2.59921,1.11692,0.666784
488.6,0.823997,-2.82488,1.09621,0.659977
488.7,0.647135,-3.04547,1.06198,0.648508
488.8,0.439797,-3.2577,1.01273,0.631501
488.9,0.20022,-3.45792,0.946876,0.60777
489,-0.0727095,-3.64216,0.862886,0.575679
489.1,-0.379161,-3.80614,0.759292,0.532881
489.2,-0.717998,-3.94545,0.634811,0.475851
489.3,-1.08638,-4.05561,0.488472,0.39895
489.4,-1.47936,-4.13235,0.319764,0.292369
489.5,-1.88947,-4.17178,0.128816,0.137041
489.6,-2.30651,-4.17073,-0.0834165,0.137041
489.7,-2.7174,-4.12704,-0.314956,0.137041
489.8,-3.10645,-4.03995,-0.56264,0.137041
489.9,-3.45592,-3.91036,-0.822009,0.137041
490,-3.74713,-3.74108,-1.08728,0.137041
490.1,-3.96193,-3.53701,-1.35146,0.137041
490.2,-4.0846,-3.30501,-1.6066,0.137041
490.3,-4.10386,-3.05372,-1.8442,0.137041
490.4,-4.01464,-2.79307,-2.05578,0.137041
490.5,-3.81936,-2.53366,-2.23355,0.137041
490.6,-3.52833,-2.28596,-2.37108,0.137041
490.7,-3.15904,-2.05956,-2.46388,0.137041
490.8,-2.73445,-1.86245,-2.50983,0.137041
490.9,-2.28057,-1.70048,-2.50938,0.137041
491,-1.82368,-1.57712,-2.46543,0.137041
491.1,-1.3877,-1.49342,-2.38301,0.137041
491.2,-0.992293,-1.44821,-2.26878,0.137041
491.3,-0.651639,-1.43854,-2.13035,0.137041
491.4,-0.374222,-1.46014,-1.97569,0.137041
491.5,-0.163286,-1.50793,-1.81256,0.137041
491.6,-0.0177847,-1.57644,-1.64807,0.137041
491.7,0.0664361,-1.66023,-1.48839,0.137041
491.8,0.0954849,-1.75408,-1.33861,0.137041
491.9,0.0764291,-1.85321,-1.20271,0.137041
492,0.0165488,-1.95334,-1.08358,0.137041
492.1,-0.0771519,-2.05068,-0.983184,0.137041
492.2,-0.198203,-2.14197,-0.902627,0.137041
492.3,-0.340746,-2.22438,-0.842339,0.137041
492.4,-0.499493,-2.29553,-0.802177,0.137041
492.5,-0.669603,-2.35343,-0.78153,0.137041
492.6,-0.846548,-2.39648,-0.779401,0.137041
492.7,-1.02597,-2.42342,-0.794468,0.137041
492.8,-1.20357,-2.4334,-0.825121,0.137041
492.9,-1.37505,-2.42596,-0.869496,0.137041
493,-1.53613,-2.40104,-0.925497,0.137041
493.1,-1.68256,-2.35904,-0.990822,0.137041
493.2,-1.81028,-2.30079,-1.06299,0.137041
493.3,-1.91556,-2.22756,-1.13939,0.137041
493.4,-1.99519,-2.14107,-1.21732,0.137041
493.5,-2.04672,-2.04338,-1.29407,0.137041
493.6,-2.06861,-1.93691,-1.36699,0.137041
493.7,-2.06041,-1.82425,-1.4336,0.137041
493.8,-2.02286,-1.70817,-1.49166,0.137041
493.9,-1.95787,-1.5914,-1.53927,0.137041
494,-1.86845,-1.47659,-1.57496,0.137041
494.1,-1.75853,-1.36613,-1.59772,0.137041
494.2,-1.63276,-1.26213,-1.60704,0.137041
494.3,-1.49615,-1.16629,-1.60295,0.137041
494.4,-1.35382,-1.07987,-1.58592,0.137041
494.5,-1.21067,-1.00371,-1.5569,0.137041
494.6,-1.07116,-0.938167,-1.51716,0.137041
494.7,-0.939101,-0.883221,-1.46825,0.137041
494.8,-0.817534,-0.838488,-1.41193,0.137041
494.9,-0.708703,-0.803296,-1.34999,0.137041
495,-0.614055,-0.776748,-1.28427,0.137041
495.1,-0.534313,-0.757789,-1.21651,0.137041
495.2,-0.469572,-0.745271,-1.14834,0.137041
495.3,-0.419418,-0.738002,-1.08121,0.137041
495.4,-0.383048,-0.734795,-1.01637,0.137041
495.5,-0.359381,-0.734497,-0.954858,0.137041
495.6,-0.347156,-0.736017,-0.897514,0.137041
495.7,-0.345016,-0.738345,-0.844963,0.137041
495.8,-0.351567,-0.740557,-0.79764,0.137041
495.9,-0.365425,-0.741828,-0.755808,0.137041
496,-0.385243,-0.741428,-0.719575,0.137041
496.1,-0.409734,-0.738728,-0.688912,0.137041
496.2,-0.437673,-0.733192,-0.663673,0.137041
496.3,-0.467907,-0.724381,-0.643615,0.137041
496.4,-0.499351,-0.711948,-0.62841,0.137041
496.5,-0.530989,-0.695635,-0.617661,0.137041
496.6,-0.561872,-0.675272,-0.610917,0.137041
496.7,-0.591117,-0.650774,-0.607681,0.137041
496.8,-0.617912,-0.622138,-0.607423,0.137041
496.9,-0.641518,-0.589444,-0.609591,0.137041
497,-0.661274,-0.552843,-0.613618,0.137041
497.1,-0.676604,-0.512559,-0.618932,0.137041
497.2,-0.687026,-0.468885,-0.624965,0.137041
497.3,-0.692154,-0.422169,-0.631162,0.137041
497.4,-0.691711,-0.372813,-0.63699,0.137041
497.5,-0.685528,-0.321262,-0.641944,0.137041
497.6,-0.673544,-0.267998,-0.645558,0.137041
497.7,-0.655813,-0.213525,-0.647408,0.137041
497.8,-0.632491,-0.158363,-0.647124,0.137041
497.9,-0.603832,-0.103038,-0.644386,0.137041
498,-0.57018,-0.0480729,-0.638937,0.137041
498.1,-0.531949,0.00602314,-0.630579,0.137041
498.2,-0.489616,0.0587597,-0.619176,0.137041
498.3,-0.4437,0.109672,-0.604651,0.137041
498.4,-0.394745,0.158328,-0.586989,0.137041
498.5,-0.343308,0.204327,-0.566223,0.137041
498.6,-0.289939,0.247308,-0.542442,0.137041
498.7,-0.235172,0.286943,-0.515773,0.137041
498.8,-0.179509,0.322946,-0.486382,0.137041
498.9,-0.123418,0.355061,-0.454468,0.137041
499,-0.0673221,0.383067,-0.420249,0.137041
499.1,-0.0116006,0.406773,-0.383964,0.137041
499.2,0.043415,0.426013,-0.345861,0.137041
499.3,0.0974373,0.440647,-0.306194,0.137041
499.4,0.15022,0.450553,-0.265219,0.137041
499.5,0.201551,0.455627,-0.22319,0.137041
499.6,0.251252,0.455778,-0.180352,0.137041
499.7,0.299163,0.45093,-0.136947,0.137041
499.8,0.345143,0.441018,-0.093206,0.137041
499.9,0.389061,0.425987,-0.0493502,0.137041
500,0.430784,0.405792,-0.0055936,0.137041
500.1,0.470179,0.3804,0.0378579,0.0437749
500.2,0.5071,0.349792,0.080805,0.0897393
500.3,0.541386,0.31396,0.123052,0.131572
500.4,0.572856,0.272917,0.164408,0.169653
500.5,0.601302,0.226695,0.204678,0.204316
500.6,0.62649,0.17535,0.243667,0.235844
500.7,0.648153,0.118966,0.281174,0.264478
500.8,0.665989,0.0576611,0.316991,0.290415
500.9,0.679663,-0.0084069,0.350899,0.313812
501,0.688803,-0.0790373,0.382664,0.334794
501.1,0.693,-0.153978,0.412041,0.353449
501.2,0.69181,-0.232922,0.438765,0.369836
501.3,0.684754,-0.315498,0.462553,0.383982
501.4,0.671328,-0.401264,0.483101,0.395887
501.5,0.650999,-0.489704,0.500087,0.405514
501.6,0.62322,-0.58022,0.513165,0.412801
501.7,0.587438,-0.672127,0.521973,0.417649
501.8,0.543106,-0.764646,0.526128,0.41992
501.9,0.489703,-0.856906,0.525235,0.419432
502,0.42675,-0.947938,0.518885,0.415955
502.1,0.353843,-1.03668,0.506671,0.409197
502.2,0.270677,-1.12198,0.488187,0.398788
502.3,0.177085,-1.20259,0.463043,0.38427
502.4,0.0730794,-1.2772,0.430882,0.365057
502.5,-0.0411036,-1.34446,0.391388,0.340406
502.6,-0.164956,-1.40296,0.344313,0.309352
502.7,-0.297651,-1.4513,0.289497,0.270623
502.8,-0.437991,-1.48811,0.226888,0.222508
502.9,-0.584372,-1.5121,0.156576,0.162644
503,-0.734752,-1.52208,0.0788137,0.0876872
503.1,-0.886641,-1.51706,-0.00595389,0.0876872
503.2,-1.03711,-1.49624,-0.0970651,0.0876872
503.3,-1.18284,-1.45914,-0.193623,0.0876872
503.4,-1.32019,-1.40559,-0.294485,0.0876872
503.5,-1.44531,-1.3358,-0.398259,0.0876872
503.6,-1.55434,-1.25039,-0.503316,0.0876872
503.7,-1.64352,-1.15039,-0.60782,0.0876872
503.8,-1.70948,-1.03728,-0.709767,0.0876872
503.9,-1.74941,-0.912903,-0.80705,0.0876872
504,-1.76127,-0.779472,-0.897529,0.0876872
504.1,-1.74401,-0.639459,-0.979123,0.0876872
504.2,-1.69761,-0.495523,-1.04989,0.0876872
504.3,-1.62321,-0.350403,-1.10815,0.0876872
504.4,-1.523,-0.206808,-1.15251,0.0876872
504.5,-1.40011,-0.0673101,-1.18199,0.0876872
504.6,-1.25844,0.0657482,-1.19602,0.0876872
504.7,-1.10238,0.190331,-1.19451,0.0876872
504.8,-0.936546,0.304762,-1.17778,0.0876872
504.9,-0.765476,0.407752,-1.14657,0.0876872
505,-0.593409,0.498394,-1.10197,0.0876872
505.1,-0.424069,0.576149,-1.04535,0.0876872
505.2,-0.260537,0.640799,-0.978261,0.0876872
505.3,-0.105177,0.692392,-0.902372,0.0876872
505.4,0.0403653,0.731188,-0.819386,0.0876872
505.5,0.17512,0.757592,-0.730964,0.0876872
505.6,0.298706,0.772098,-0.638671,0.0876872
505.7,0.411222,0.77524,-0.543939,0.0876872
505.8,0.513131,0.767551,-0.448032,0.0876872
505.9,0.605146,0.749527,-0.352039,0.0876872
506,0.688122,0.721611,-0.256869,0.0876872
506.1,0.762969,0.684176,-0.163259,0.0876872
506.2,0.830576,0.637522,-0.0717926,0.0876872
506.3,0.891759,0.581877,0.0170867,0.0201591
506.4,0.947222,0.517401,0.103049,0.112157
506.5,0.997526,0.444199,0.185855,0.188395
506.6,1.04308,0.36233,0.265336,0.252579
506.7,1.08413,0.271822,0.341368,0.307344
506.8,1.12075,0.17269,0.413858,0.35458
506.9,1.15287,0.064948,0.482718,0.395666
507,1.18024,-0.051373,0.547854,0.431623
507.1,1.20246,-0.176207,0.609151,0.463212
507.2,1.219,-0.309437,0.66646,0.491
507.3,1.22915,-0.450875,0.719586,0.51541
507.4,1.23208,-0.600247,0.76828,0.536741
507.5,1.2268,-0.757169,0.812231,0.555228
507.6,1.21219,-0.921131,0.851055,0.57098
507.7,1.18699,-1.09147,0.884292,0.584065
507.8,1.14981,-1.26737,0.9114,0.594478
507.9,1.09913,-1.4478,0.931749,0.602148
508,1.03332,-1.63153,0.944621,0.606936
508.1,0.950705,-1.81709,0.949206,0.60863
508.2,0.849522,-2.00276,0.944608,0.606931
508.3,0.72804,-2.18656,0.92985,0.601437
508.4,0.584606,-2.36622,0.903887,0.591615
508.5,0.417748,-2.53921,0.865623,0.57676
508.6,0.226302,-2.70272,0.813939,0.555933
508.7,0.00956733,-2.85369,0.747736,0.527861
508.8,-0.232498,-2.98889,0.665979,0.490773
508.9,-0.499056,-3.10494,0.567771,0.442113
509,-0.788148,-3.19844,0.452432,0.378013
509.1,-1.09644,-3.26608,0.319597,0.292252
509.2,-1.419,-3.3048,0.169329,0.174011
509.3,-1.74912,-3.31198,0.00223807,0.174011
509.4,-2.07824,-3.28565,-0.180393,0.174011
509.5,-2.39603,-3.2247,-0.376505,0.174011
509.6,-2.6907,-3.12911,-0.583176,0.174011
509.7,-2.94951,-3.00011,-0.796589,0.174011
509.8,-3.15959,-2.84033,-1.01206,0.174011
509.9,-3.30899,-2.6538,-1.22418,0.174011
510,-3.38779,-2.44591,-1.42698,0.174011
510.1,-3.38935,-2.22316,-1.61428,0.174011
510.2,-3.31122,-1.99289,-1.78005,0.174011
510.3,-3.15586,-1.76279,-1.91884,0.174011
510.4,-2.93066,-1.54046,-2.02617,0.174011
510.5,-2.64749,-1.33289,-2.09895,0.174011
510.6,-2.32165,-1.14602,-2.13566,0.174011
510.7,-1.97041,-0.98443,-2.1365,0.174011
510.8,-1.61138,-0.851113,-2.10332,0.174011
510.9,-1.26098,-0.74747,-2.03943,0.174011
511,-0.933178,-0.673401,-1.94926,0.174011
511.1,-0.638727,-0.627529,-1.83803,0.174011
511.2,-0.384825,-0.607484,-1.71128,0.174011
511.3,-0.175262,-0.610211,-1.57455,0.174011
511.4,-0.0108689,-0.632267,-1.43308,0.174011
511.5,0.109843,-0.670068,-1.29157,0.174011
511.6,0.189986,-0.720092,-1.15402,0.174011
511.7,0.233642,-0.779006,-1.02374,0.174011
511.8,0.245323,-0.843753,-0.903283,0.174011
511.9,0.229559,-0.911583,-0.794542,0.174011
512,0.190633,-0.980062,-0.698801,0.174011
512.1,0.132432,-1.04705,-0.616837,0.174011
512.2,0.0583912,-1.11067,-0.549003,0.174011
512.3,-0.0284876,-1.16928,-0.495314,0.174011
512.4,-0.125577,-1.22145,-0.455515,0.174011
512.5,-0.23054,-1.26592,-0.429141,0.174011
512.6,-0.341241,-1.3016,-0.415559,0.174011
512.7,-0.455659,-1.32755,-0.414,0.174011
512.8,-0.571811,-1.34299,-0.423577,0.174011
512.9,-0.6877,-1.34731,-0.4433,0.174011
513,-0.801276,-1.34006,-0.472079,0.174011
513.1,-0.910427,-1.32101,-0.50873,0.174011
513.2,-1.01299,-1.2901,-0.551978,0.174011
513.3,-1.10679,-1.24752,-0.600465,0.174011
513.4,-1.18968,-1.19367,-0.652753,0.174011
513.5,-1.25966,-1.1292,-0.707344,0.174011
513.6,-1.31489,-1.05499,-0.762699,0.174011
513.7,-1.35386,-0.972121,-0.817266,0.174011
513.8,-1.37542,-0.881886,-0.869515,0.174011
513.9,-1.37888,-0.78573,-0.917971,0.174011
514,-1.36407,-0.685219,-0.96126,0.174011
514.1,-1.33133,-0.581991,-0.998148,0.174011
514.2,-1.28159,-0.477701,-1.02758,0.174011
514.3,-1.21624,-0.373973,-1.04871,0.174011
514.4,-1.1371,-0.272346,-1.06092,0.174011
514.5,-1.04636,-0.174233,-1.06386,0.174011
514.6,-0.946412,-0.0808834,-1.05743,0.174011
514.7,-0.839747,0.00664017,-1.04175,0.174011
514.8,-0.728849,0.0874775,-1.01718,0.174011
514.9,-0.616073,0.160973,-0.984295,0.174011
515,-0.503556,0.226668,-0.943801,0.174011
515.1,-0.393153,0.284287,-0.896542,0.174011
515.2,-0.286395,0.333713,-0.84344,0.174011
515.3,-0.184473,0.374963,-0.785458,0.174011
515.4,-0.0882471,0.40816,-0.723564,0.174011
515.5,0.00173111,0.433506,-0.658702,0.174011
515.6,0.0851775,0.451256,-0.591764,0.174011
515.7,0.162031,0.461694,-0.523575,0.174011
515.8,0.232404,0.465118,-0.454876,0.174011
515.9,0.296532,0.461821,-0.386322,0.174011
516,0.354731,0.452084,-0.318479,0.174011
516.1,0.407356,0.436166,-0.251826,0.174011
516.2,0.454766,0.414304,-0.186764,0.174011
516.3,0.4973,0.386711,-0.123619,0.174011
516.4,0.535254,0.353576,-0.0626595,0.174011
516.5,0.568869,0.315072,-0.00410074,0.174011
516.6,0.598318,0.271361,0.0518817,0.0591932
516.7,0.623701,0.222596,0.105142,0.11422
516.8,0.645044,0.168933,0.155554,0.161734
516.9,0.662298,0.110538,0.203003,0.202918
517,0.675341,0.047592,0.247375,0.238747
517.1,0.68398,-0.0196968,0.288555,0.269932
517.2,0.687958,-0.0910869,0.326416,0.297027
517.3,0.686957,-0.166295,0.360813,0.320455
517.4,0.680604,-0.244988,0.391587,0.340533
517.5,0.668481,-0.326774,0.418552,0.357491
517.6,0.650128,-0.411197,0.441499,0.371482
517.7,0.625059,-0.49773,0.460195,0.382598
517.8,0.592768,-0.585767,0.474381,0.390869
517.9,0.552744,-0.674617,0.483774,0.396271
518,0.50449,-0.763503,0.488071,0.398722
518.1,0.447538,-0.851561,0.486949,0.398083
518.2,0.381475,-0.937834,0.480076,0.394151
518.3,0.305972,-1.02128,0.467117,0.386651
518.4,0.220809,-1.10077,0.447739,0.375219
518.5,0.125918,-1.17511,0.421631,0.359391
518.6,0.0214178,-1.24303,0.38851,0.338561
518.7,-0.0923412,-1.30326,0.348145,0.311952
518.8,-0.214734,-1.35445,0.300372,0.278543
518.9,-0.344815,-1.39533,0.245117,0.236984
519,-0.481285,-1.42462,0.18242,0.185436
519.1,-0.622453,-1.44116,0.112461,0.121376
519.2,-0.76622,-1.44392,0.0355811,0.0412316
519.3,-0.910083,-1.43206,-0.0476898,0.0412316
519.4,-1.05116,-1.40495,-0.136616,0.0412316
519.5,-1.18622,-1.36227,-0.230241,0.0412316
519.6,-1.31182,-1.30399,-0.32738,0.0412316
519.7,-1.42439,-1.23048,-0.426625,0.0412316
519.8,-1.52036,-1.14247,-0.526362,0.0412316
519.9,-1.59641,-1.0411,-0.624803,0.0412316
520,-1.64961,-0.927864,-0.720029,0.0412316
520.1,-1.67764,-0.804634,-0.810053,0.0412316
520.2,-1.67893,-0.673561,-0.892893,0.0412316
520.3,-1.65285,-0.537026,-0.96665,0.0412316
520.4,-1.59974,-0.397547,-1.02959,0.0412316
520.5,-1.52096,-0.257683,-1.08023,0.0412316
520.6,-1.41881,-0.119939,-1.11741,0.0412316
520.7,-1.29638,0.013333,-1.14031,0.0412316
520.8,-1.15739,0.140008,-1.14856,0.0412316
520.9,-1.00594,0.258256,-1.14215,0.0412316
521,-0.846242,0.366582,-1.12151,0.0412316
521.1,-0.682392,0.46384,-1.08741,0.0412316
521.2,-0.518166,0.549234,-1.04091,0.0412316
521.3,-0.356845,0.622289,-0.983328,0.0412316
521.4,-0.201109,0.68281,-0.916123,0.0412316
521.5,-0.0529958,0.730838,-0.840849,0.0412316
521.6,0.0861024,0.76659,-0.759071,0.0412316
521.7,0.215385,0.790405,-0.672308,0.0412316
521.8,0.334564,0.802698,-0.581988,0.0412316
521.9,0.443768,0.803911,-0.489406,0.0412316
522,0.543437,0.794476,-0.395708,0.0412316
522.1,0.634222,0.774796,-0.301877,0.0412316
522.2,0.71689,0.745217,-0.208736,0.0412316
522.3,0.792249,0.706023,-0.116951,0.0412316
522.4,0.861082,0.657431,-0.0270502,0.0412316
522.5,0.924103,0.599589,0.0605588,0.0685302
522.6,0.981915,0.53259,0.145572,0.152638
522.7,1.03499,0.456471,0.227764,0.223212
522.8,1.08367,0.371233,0.306971,0.28329
522.9,1.12812,0.276849,0.383067,0.335054
523,1.16837,0.173281,0.455949,0.380095
523.1,1.20428,0.0604937,0.525517,0.419586
523.2,1.23558,-0.061527,0.591662,0.454405
523.3,1.26182,-0.19276,0.654251,0.485212
523.4,1.28242,-0.333132,0.713113,0.512501
523.5,1.29663,-0.482494,0.76803,0.536642
523.6,1.30357,-0.640611,0.818731,0.557902
523.7,1.3022,-0.807132,0.864873,0.576464
523.8,1.29132,-0.981579,0.906045,0.592439
523.9,1.26959,-1.16331,0.941749,0.605872
524,1.23551,-1.35153,0.971403,0.616748
524.1,1.18744,-1.54519,0.994329,0.62499
524.2,1.1236,-1.74308,1.00975,0.630454
524.3,1.0421,-1.94368,1.01679,0.632927
524.4,0.940971,-2.14523,1.01447,0.632114
524.5,0.818219,-2.34566,1.00172,0.627615
524.6,0.671893,-2.54259,0.977371,0.618907
524.7,0.500186,-2.73335,0.940202,0.605298
524.8,0.301574,-2.91491,0.88894,0.585866
524.9,0.074984,-3.08401,0.822308,0.559367
525,-0.17999,-3.2371,0.739081,0.524068
525.1,-0.462835,-3.37046,0.638154,0.477473
525.2,-0.77183,-3.48031,0.51863,0.415815
525.3,-1.10374,-3.56291,0.379935,0.333025
525.4,-1.45353,-3.61474,0.22194,0.218509
525.5,-1.81412,-3.63275,0.045107,0.0517989
525.6,-2.17622,-3.61454,-0.149368,0.0517989
525.7,-2.52842,-3.55866,-0.359415,0.0517989
525.8,-2.85742,-3.46486,-0.581979,0.0517989
525.9,-3.14865,-3.33431,-0.812963,0.0517989
526,-3.38716,-3.16975,-1.04725,0.0517989
526.1,-3.55883,-2.97558,-1.27881,0.0517989
526.2,-3.65178,-2.75778,-1.50094,0.0517989
526.3,-3.65786,-2.52364,-1.70662,0.0517989
526.4,-3.57386,-2.28144,-1.88895,0.0517989
526.5,-3.40238,-2.03994,-2.04167,0.0517989
526.6,-3.15198,-1.80775,-2.15962,0.0517989
526.7,-2.83658,-1.59278,-2.23925,0.0517989
526.8,-2.47422,-1.40168,-2.27886,0.0517989
526.9,-2.08524,-1.23948,-2.27876,0.0517989
527,-1.69029,-1.10931,-2.24121,0.0517989
527.1,-1.30842,-1.01246,-2.17013,0.0517989
527.2,-0.955587,-0.948452,-2.07078,0.0517989
527.3,-0.643761,-0.915336,-1.94921,0.0517989
527.4,-0.380625,-0.91007,-1.81184,0.0517989
527.5,-0.169808,-0.928872,-1.66503,0.0517989
527.6,-0.0115111,-0.967574,-1.51467,0.0517989
527.7,0.0966721,-1.02192,-1.36601,0.0517989
527.8,0.158898,-1.08776,-1.22346,0.0517989
527.9,0.180298,-1.16124,-1.09058,0.0517989
528,0.16636,-1.23883,-0.970052,0.0517989
528.1,0.122485,-1.31741,-0.863814,0.0517989
528.2,0.0537175,-1.39421,-0.773103,0.0517989
528.3,-0.0353859,-1.46683,-0.698587,0.0517989
528.4,-0.140774,-1.53317,-0.640459,0.0517989
528.5,-0.258851,-1.59143,-0.598532,0.0517989
528.6,-0.386384,-1.64007,-0.572314,0.0517989
528.7,-0.520394,-1.67776,-0.561063,0.0517989
528.8,-0.65805,-1.70344,-0.563834,0.0517989
528.9,-0.79658,-1.71625,-0.579505,0.0517989
529,-0.933205,-1.71559,-0.606798,0.0517989
529.1,-1.06511,-1.7011,-0.644289,0.0517989
529.2,-1.18945,-1.6727,-0.690422,0.0517989
529.3,-1.30337,-1.6306,-0.743515,0.0517989
529.4,-1.4041,-1.5753,-0.801781,0.0517989
529.5,-1.48903,-1.50763,-0.863343,0.0517989
529.6,-1.55584,-1.42868,-0.926269,0.0517989
529.7,-1.60262,-1.33983,-0.988609,0.0517989
529.8,-1.62798,-1.24271,-1.04844,0.0517989
529.9,-1.63118,-1.13914,-1.10392,0.0517989
530,-1.61219,-1.03106,-1.15335,0.0517989
530.1,-1.57171,-0.920482,-1.19522,0.0517989
530.2,-1.51117,-0.809425,-1.22827,0.0517989
530.3,-1.43266,-0.699816,-1.25153,0.0517989
530.4,-1.33882,-0.593441,-1.26434,0.0517989
530.5,-1.2327,-0.491886,-1.26638,0.0517989
530.6,-1.11757,-0.396492,-1.25766,0.0517989
530.7,-0.996759,-0.308331,-1.23852,0.0517989
530.8,-0.87349,-0.228189,-1.20955,0.0517989
530.9,-0.750726,-0.156577,-1.17162,0.0517989
531,-0.631062,-0.0937443,-1.12574,0.0517989
531.1,-0.516654,-0.0397099,-1.07309,0.0517989
531.2,-0.40918,0.00570349,-1.01487,0.0517989
531.3,-0.309843,0.0428301,-0.952362,0.0517989
531.4,-0.219398,0.0721213,-0.88677,0.0517989
531.5,-0.138207,0.0941089,-0.81926,0.0517989
531.6,-0.0663011,0.109371,-0.750898,0.0517989
531.7,-0.00345054,0.118506,-0.682639,0.0517989
531.8,0.0507647,0.122108,-0.615317,0.0517989
531.9,0.0968916,0.120751,-0.549638,0.0517989
532,0.135548,0.11498,-0.486186,0.0517989
532.1,0.167378,0.105302,-0.425429,0.0517989
532.2,0.193013,0.0921839,-0.367729,0.0517989
532.3,0.21305,0.0760541,-0.313356,0.0517989
532.4,0.228033,0.0573041,-0.262499,0.0517989
532.5,0.238441,0.0362927,-0.215281,0.0517989
532.6,0.244687,0.0133517,-0.17177,0.0517989
532.7,0.247117,-0.0112093,-0.131992,0.0517989
532.8,0.246014,-0.037097,-0.0959413,0.0517989
532.9,0.241605,-0.0640291,-0.0635878,0.0517989
533,0.234069,-0.0917296,-0.0348852,0.0517989
533.1,0.223543,-0.119924,-0.00977676,0.0517989
533.2,0.210135,-0.148338,0.0118004,0.0139944
533.3,0.193929,-0.176691,0.0299123,0.0348504
533.4,0.174998,-0.204696,0.0446262,0.0512655
533.5,0.153411,-0.232061,0.0560092,0.063654
533.6,0.129239,-0.258483,0.0641291,0.0723288
533.7,0.102568,-0.283653,0.0690543,0.0775274
533.8,0.0735009,-0.307256,0.070856,0.0794159
533.9,0.0421693,-0.328972,0.0696094,0.0781095
534,0.00873607,-0.34848,0.0653967,0.0736704
534.1,-0.0265974,-0.365461,0.0583097,0.0661259
534.2,-0.0635874,-0.379604,0.0484524,0.0554611
534.3,-0.101944,-0.390606,0.0359445,0.0416382
534.4,-0.141329,-0.398184,0.0209241,0.0245933
534.5,-0.181356,-0.402076,0.00355082,0.0245933
534.6,-0.221589,-0.402048,-0.0159919,0.0245933
534.7,-0.261547,-0.397903,-0.0374942,0.0245933
534.8,-0.300708,-0.389484,-0.0607185,0.0245933
534.9,-0.338516,-0.376682,-0.0853985,0.0245933
535,-0.374389,-0.35944,-0.111239,0.0245933
535.1,-0.407729,-0.337759,-0.137916,0.0245933
535.2,-0.437938,-0.311701,-0.165081,0.0245933
535.3,-0.464427,-0.281394,-0.19236,0.0245933
535.4,-0.486635,-0.24703,-0.219361,0.0245933
535.5,-0.504045,-0.208867,-0.245677,0.0245933
535.6,-0.516195,-0.167226,-0.270895,0.0245933
535.7,-0.522697,-0.122487,-0.294599,0.0245933
535.8,-0.523249,-0.0750891,-0.316381,0.0245933
535.9,-0.517643,-0.0255157,-0.335845,0.0245933
536,-0.505777,0.0257067,-0.352621,0.0245933
536.1,-0.487653,0.0780198,-0.366368,0.0245933
536.2,-0.463382,0.130843,-0.376784,0.0245933
536.3,-0.433179,0.183581,-0.38361,0.0245933
536.4,-0.397353,0.235638,-0.386637,0.0245933
536.5,-0.356298,0.28642,-0.385711,0.0245933
536.6,-0.31048,0.33535,-0.380731,0.0245933
536.7,-0.260418,0.381869,-0.371655,0.0245933
536.8,-0.206671,0.425448,-0.358497,0.0245933
536.9,-0.149819,0.465587,-0.341321,0.0245933
537,-0.0904481,0.501822,-0.320243,0.0245933
537.1,-0.0291332,0.533722,-0.295422,0.0245933
537.2,0.033571,0.560896,-0.267057,0.0245933
537.3,0.0971415,0.582984,-0.235378,0.0245933
537.4,0.161094,0.599663,-0.200642,0.0245933
537.5,0.224985,0.610638,-0.163126,0.0245933
537.6,0.288418,0.615645,-0.123118,0.0245933
537.7,0.351034,0.614443,-0.0809187,0.0245933
537.8,0.412516,0.606814,-0.0368287,0.0245933
537.9,0.472578,0.592558,0.00884987,0.0245933
538,0.53096,0.571497,0.0558179,0.0634482
538.1,0.587422,0.543464,0.103781,0.112879
538.2,0.64173,0.508312,0.152451,0.158915
538.3,0.693654,0.465908,0.201543,0.201697
538.4,0.742953,0.416136,0.250781,0.241398
538.5,0.78937,0.358902,0.299886,0.278192
538.6,0.83262,0.294132,0.348585,0.31225
538.7,0.872386,0.221781,0.3966,0.34373
538.8,0.908307,0.141835,0.443647,0.372772
538.9,0.939972,0.0543189,0.489432,0.399496
539,0.966913,-0.0406952,0.53365,0.424003
539.1,0.988601,-0.143081,0.575973,0.446368
539.2,1.00443,-0.252648,0.616055,0.466645
539.3,1.01374,-0.369131,0.653519,0.484863
539.4,1.01576,-0.492176,0.687957,0.501026
539.5,1.00967,-0.621332,0.718925,0.515114
539.6,0.994547,-0.756034,0.745937,0.527075
539.7,0.969402,-0.895592,0.768462,0.536827
539.8,0.933169,-1.03917,0.785924,0.544253
539.9,0.884719,-1.18579,0.797694,0.549195
540,0.822879,-1.33428,0.803095,0.551445
540.1,0.746458,-1.48331,0.801401,0.55074
540.2,0.65428,-1.63136,0.791843,0.546745
540.3,0.545235,-1.7767,0.773615,0.539031
540.4,0.418337,-1.9174,0.745888,0.527054
540.5,0.272807,-2.05137,0.707828,0.510113
540.6,0.108169,-2.17632,0.658618,0.48729
540.7,-0.0756379,-2.28981,0.597496,0.45736
540.8,-0.278123,-2.38931,0.523788,0.418642
540.9,-0.498105,-2.47225,0.436967,0.36875
541,-0.733556,-2.53608,0.336705,0.304149
541.1,-0.981466,-2.57837,0.222948,0.219326
541.2,-1.23773,-2.59695,0.0959834,0.105132
541.3,-1.49706,-2.58999,-0.0434804,0.105132
541.4,-1.75301,-2.5562,-0.194243,0.105132
541.5,-1.99809,-2.49491,-0.354554,0.105132
541.6,-2.22397,-2.40626,-0.522071,0.105132
541.7,-2.42188,-2.29124,-0.693859,0.105132
541.8,-2.5831,-2.15182,-0.866425,0.105132
541.9,-2.69962,-1.99093,-1.03581,0.105132
542,-2.7648,-1.81241,-1.19772,0.105132
542.1,-2.77408,-1.62086,-1.34775,0.105132
542.2,-2.72553,-1.42148,-1.4816,0.105132
542.3,-2.62023,-1.21976,-1.59532,0.105132
542.4,-2.46237,-1.02122,-1.68561,0.105132
542.5,-2.25901,-0.831071,-1.75001,0.105132
542.6,-2.01952,-0.65395,-1.78711,0.105132
542.7,-1.75486,-0.493683,-1.79658,0.105132
542.8,-1.47659,-0.353128,-1.77921,0.105132
542.9,-1.19599,-0.234113,-1.73681,0.105132
543,-0.923248,-0.13745,-1.67205,0.105132
543.1,-0.666825,-0.0630336,-1.58823,0.105132
543.2,-0.433135,-0.00998518,-1.48905,0.105132
543.3,-0.226438,0.023165,-1.37834,0.105132
543.4,-0.0489696,0.0382947,-1.2599,0.105132
543.5,0.0987819,0.0375153,-1.13728,0.105132
543.6,0.217699,0.0230236,-1.01368,0.105132
543.7,0.309639,-0.00301458,-0.891847,0.105132
543.8,0.377059,-0.0385462,-0.774066,0.105132
543.9,0.422697,-0.0816815,-0.662152,0.105132
544,0.449319,-0.130718,-0.557487,0.105132
544.1,0.459548,-0.184144,-0.461062,0.105132
544.2,0.455744,-0.240626,-0.373536,0.105132
544.3,0.439956,-0.298988,-0.295296,0.105132
544.4,0.413906,-0.358188,-0.226512,0.105132
544.5,0.379001,-0.417291,-0.167191,0.105132
544.6,0.336374,-0.475444,-0.117219,0.105132
544.7,0.286928,-0.531854,-0.0763948,0.105132
544.8,0.231388,-0.58577,-0.044461,0.105132
544.9,0.170353,-0.636472,-0.0211216,0.105132
545,0.10435,-0.683257,-0.00605584,0.105132
545.1,0.0338746,-0.725442,0.00107495,0.105132
545.2,-0.0405618,-0.762357,0.000624717,0.105132
545.3,-0.118398,-0.793353,-0.00703542,0.105132
545.4,-0.198993,-0.817811,-0.0215126,0.105132
545.5,-0.2816,-0.83515,-0.0423854,0.105132
545.6,-0.365353,-0.84484,-0.0691959,0.105132
545.7,-0.449256,-0.846423,-0.101441,0.105132
545.8,-0.532183,-0.839522,-0.138564,0.105132
545.9,-0.612886,-0.823867,-0.179949,0.105132
546,-0.690015,-0.799302,-0.224913,0.105132
546.1,-0.762146,-0.765811,-0.272708,0.105132
546.2,-0.827815,-0.723523,-0.322518,0.105132
546.3,-0.885569,-0.672723,-0.373465,0.105132
546.4,-0.934015,-0.613857,-0.424621,0.105132
546.5,-0.97188,-0.547534,-0.475017,0.105132
546.6,-0.998062,-0.474513,-0.523662,0.105132
546.7,-1.01169,-0.395695,-0.569569,0.105132
546.8,-1.01217,-0.312103,-0.611772,0.105132
546.9,-0.999218,-0.224858,-0.649355,0.105132
547,-0.972883,-0.135151,-0.68148,0.105132
547.1,-0.933549,-0.0442098,-0.707409,0.105132
547.2,-0.881927,0.0467282,-0.726525,0.105132
547.3,-0.819013,0.136451,-0.738355,0.105132
547.4,-0.746052,0.223801,-0.742576,0.105132
547.5,-0.664469,0.307697,-0.739022,0.105132
547.6,-0.575809,0.387155,-0.727689,0.105132
547.7,-0.481664,0.461303,-0.708718,0.105132
547.8,-0.383607,0.529386,-0.682393,0.105132
547.9,-0.283135,0.590771,-0.649113,0.105132
548,-0.181614,0.644935,-0.609378,0.105132
548.1,-0.0802511,0.691465,-0.563762,0.105132
548.2,0.0199369,0.730039,-0.51289,0.105132
548.3,0.118126,0.760412,-0.457416,0.105132
548.4,0.213686,0.782403,-0.398001,0.105132
548.5,0.306165,0.795876,-0.335292,0.105132
548.6,0.395272,0.800726,-0.269911,0.105132
548.7,0.480848,0.796867,-0.202442,0.105132
548.8,0.562839,0.784216,-0.133424,0.105132
548.9,0.641269,0.762691,-0.063344,0.105132
549,0.716209,0.732199,0.00736127,0.105132
549.1,0.787752,0.692631,0.0783044,0.0871595
549.2,0.855989,0.643868,0.149144,0.155907
549.3,0.920992,0.585773,0.219579,0.21659
549.4,0.982789,0.518196,0.289342,0.27051
549.5,1.04136,0.440981,0.358191,0.318707
549.6,1.0966,0.35397,0.425903,0.362015
549.7,1.14836,0.257008,0.49226,0.401101
549.8,1.19637,0.149956,0.55705,0.436494
549.9,1.24028,0.0326969,0.620047,0.468619
550,1.27963,-0.0948493,0.681011,0.49781
550.1,1.31385,-0.232715,0.739676,0.524329
550.2,1.34226,-0.380869,0.795739,0.548378
550.3,1.36402,-0.539202,0.848857,0.570102
550.4,1.37818,-0.707506,0.898631,0.589601
550.5,1.38363,-0.88546,0.944604,0.60693
550.6,1.3791,-1.0726,0.986248,0.622101
550.7,1.36314,-1.2683,1.02296,0.635084
550.8,1.33416,-1.47175,1.05404,0.645806
550.9,1.29037,-1.68193,1.0787,0.654145
551,1.22982,-1.89755,1.09606,0.659926
551.1,1.1504,-2.11708,1.1051,0.662911
551.2,1.04989,-2.33867,1.10473,0.662788
551.3,0.925973,-2.56015,1.09371,0.659148
551.4,0.776336,-2.77898,1.07072,0.651463
551.5,0.598755,-2.99229,1.03435,0.639041
551.6,0.391249,-3.19681,0.983101,0.620971
551.7,0.152265,-3.38896,0.915472,0.596022
551.8,-0.11908,-3.56481,0.829975,0.562492
551.9,-0.422704,-3.72021,0.725226,0.517931
552,-0.75721,-3.85085,0.60004,0.458644
552.1,-1.11951,-3.95244,0.453557,0.37868
552.2,-1.50445,-4.02088,0.285392,0.267601
552.3,-1.90444,-4.05252,0.095799,0.104948
552.4,-2.30926,-4.04442,-0.114141,0.104948
552.5,-2.70598,-3.99468,-0.342347,0.104948
552.6,-3.07929,-3.90276,-0.585587,0.104948
552.7,-3.41204,-3.76976,-0.839383,0.104948
552.8,-3.68639,-3.59864,-1.09801,0.104948
552.9,-3.88524,-3.39432,-1.35461,0.104948
553,-3.99402,-3.16359,-1.60145,0.104948
553.1,-4.00255,-2.91492,-1.83037,0.104948
553.2,-3.90672,-2.65792,-2.03327,0.104948
553.3,-3.70956,-2.40279,-2.20279,0.104948
553.4,-3.4215,-2.15953,-2.3329,0.104948
553.5,-3.05965,-1.93725,-2.41949,0.104948
553.6,-2.64615,-1.74352,-2.46072,0.104948
553.7,-2.20578,-1.58384,-2.45718,0.104948
553.8,-1.76343,-1.46144,-2.41178,0.104948
553.9,-1.34167,-1.37725,-2.32943,0.104948
554,-0.958959,-1.33014,-2.21655,0.104948
554.1,-0.628606,-1.31729,-2.08044,0.104948
554.2,-0.358549,-1.33464,-1.92872,0.104948
554.3,-0.151811,-1.37735,-1.76879,0.104948
554.4,-0.00740061,-1.44026,-1.60745,0.104948
554.5,0.0785936,-1.5182,-1.45058,0.104948
554.6,0.11192,-1.60621,-1.30306,0.104948
554.7,0.0992345,-1.69976,-1.16868,0.104948
554.8,0.0473981,-1.79476,-1.05025,0.104948
554.9,-0.0369863,-1.8876,-0.949642,0.104948
555,-0.147823,-1.97515,-0.867966,0.104948
555.1,-0.279605,-2.05472,-0.805664,0.104948
555.2,-0.427379,-2.124,-0.762643,0.104948
555.3,-0.586639,-2.18105,-0.738369,0.104948
555.4,-0.753194,-2.2243,-0.731945,0.104948
555.5,-0.923032,-2.25248,-0.742173,0.104948
555.6,-1.09222,-2.2647,-0.767589,0.104948
555.7,-1.25682,-2.26039,-0.806496,0.104948
555.8,-1.41289,-2.23938,-0.856983,0.104948
555.9,-1.55652,-2.20189,-0.916947,0.104948
556,-1.68387,-2.14854,-0.984114,0.104948
556.1,-1.79139,-2.08038,-1.05608,0.104948
556.2,-1.87592,-1.99885,-1.13033,0.104948
556.3,-1.9349,-1.90574,-1.20435,0.104948
556.4,-1.96653,-1.8032,-1.27562,0.104948
556.5,-1.96998,-1.69358,-1.34176,0.104948
556.6,-1.94542,-1.57942,-1.40058,0.104948
556.7,-1.89414,-1.46329,-1.45015,0.104948
556.8,-1.81843,-1.34774,-1.48892,0.104948
556.9,-1.72152,-1.23514,-1.51574,0.104948
557,-1.60738,-1.12761,-1.52992,0.104948
557.1,-1.48045,-1.02696,-1.53124,0.104948
557.2,-1.3454,-0.934627,-1.51992,0.104948
557.3,-1.20685,-0.851619,-1.49662,0.104948
557.4,-1.06912,-0.778556,-1.46236,0.104948
557.5,-0.936044,-0.715664,-1.41845,0.104948
557.6,-0.810808,-0.662819,-1.36641,0.104948
557.7,-0.695899,-0.6196,-1.30789,0.104948
557.8,-0.593081,-0.585345,-1.24458,0.104948
557.9,-0.503423,-0.559214,-1.17813,0.104948
558,-0.427382,-0.540246,-1.11014,0.104948
558.1,-0.364893,-0.527412,-1.04204,0.104948
558.2,-0.315479,-0.519657,-0.975108,0.104948
558.3,-0.278355,-0.51594,-0.910446,0.104948
558.4,-0.252526,-0.515254,-0.84896,0.104948
558.5,-0.236871,-0.516655,-0.791369,0.104948
558.6,-0.230206,-0.519266,-0.738212,0.104948
558.7,-0.231337,-0.522288,-0.689867,0.104948
558.8,-0.239098,-0.525001,-0.646559,0.104948
558.9,-0.252366,-0.526769,-0.608387,0.104948
559,-0.270082,-0.527032,-0.575332,0.104948
559.1,-0.29125,-0.525308,-0.547284,0.104948
559.2,-0.31494,-0.521189,-0.524049,0.104948
559.3,-0.340282,-0.514338,-0.505366,0.104948
559.4,-0.366467,-0.504488,-0.490919,0.104948
559.5,-0.392735,-0.491437,-0.480349,0.104948
559.6,-0.418379,-0.47505,-0.473259,0.104948
559.7,-0.442738,-0.455252,-0.469228,0.104948
559.8,-0.465198,-0.432034,-0.467811,0.104948
559.9,-0.485196,-0.405442,-0.468551,0.104948
560,-0.502217,-0.375583,-0.470984,0.104948
560.1,-0.515804,-0.34262,-0.474642,0.104948
560.2,-0.525562,-0.306764,-0.479063,0.104948
560.3,-0.531158,-0.268279,-0.483793,0.104948
560.4,-0.532332,-0.227469,-0.488393,0.104948
560.5,-0.528897,-0.18468,-0.492445,0.104948
560.6,-0.520744,-0.140288,-0.495557,0.104948
560.7,-0.507842,-0.0946984,-0.497368,0.104948
560.8,-0.490237,-0.0483339,-0.49755,0.104948
560.9,-0.468049,-0.00163171,-0.495816,0.104948
561,-0.441471,0.0449646,-0.491922,0.104948
561.1,-0.410753,0.0910117,-0.485667,0.104948
561.2,-0.376204,0.136072,-0.476895,0.104948
561.3,-0.338177,0.17972,-0.4655,0.104948
561.4,-0.297056,0.221546,-0.451417,0.104948
561.5,-0.253251,0.26116,-0.434628,0.104948
561.6,-0.207185,0.298194,-0.415156,0.104948
561.7,-0.159283,0.332306,-0.39306,0.104948
561.8,-0.109962,0.36318,-0.368437,0.104948
561.9,-0.0596297,0.390524,-0.341412,0.104948
562,-0.00867005,0.414074,-0.312135,0.104948
562.1,0.0425544,0.433589,-0.280779,0.104948
562.2,0.0937078,0.448854,-0.247534,0.104948
562.3,0.144481,0.459672,-0.2126,0.104948
562.4,0.194592,0.46587,-0.176189,0.104948
562.5,0.243781,0.467291,-0.138517,0.104948
562.6,0.291811,0.463799,-0.0998027,0.104948
562.7,0.338462,0.455271,-0.0602673,0.104948
562.8,0.383524,0.441601,-0.0201299,0.104948
562.9,0.426797,0.422699,0.0203911,0.0239834
563,0.46808,0.39849,0.0610793,0.0690858
563.1,0.507172,0.368915,0.10172,0.110842
563.2,0.54386,0.333937,0.142098,0.149442
563.3,0.57792,0.293534,0.182001,0.185074
563.4,0.609107,0.247712,0.22121,0.217916
563.5,0.637156,0.196499,0.259506,0.248129
563.6,0.661773,0.139956,0.296663,0.275857
563.7,0.682636,0.0781774,0.332448,0.301215
563.8,0.699389,0.0112982,0.366618,0.324304
563.9,0.711641,-0.0605026,0.398915,0.345199
564,0.718967,-0.136994,0.42907,0.363953
564.1,0.720902,-0.217889,0.456796,0.380595
564.2,0.71695,-0.302835,0.481786,0.395133
564.3,0.706577,-0.391409,0.503716,0.407547
564.4,0.689222,-0.483111,0.522239,0.417795
564.5,0.664304,-0.577355,0.536987,0.425806
564.6,0.631222,-0.673466,0.547569,0.431472
564.7,0.589378,-0.770672,0.553578,0.434661
564.8,0.538186,-0.868101,0.554584,0.435193
564.9,0.477095,-0.964777,0.550149,0.432844
565,0.405612,-1.05962,0.539823,0.427329
565.1,0.323337,-1.15145,0.523158,0.418298
565.2,0.229995,-1.23899,0.499716,0.405306
565.3,0.12548,-1.32088,0.469081,0.387795
565.4,0.00990436,-1.39569,0.430879,0.365056
565.5,-0.116349,-1.46193,0.384793,0.336169
565.6,-0.252574,-1.51811,0.330589,0.299927
565.7,-0.397683,-1.56274,0.268139,0.254705
565.8,-0.550161,-1.59439,0.197453,0.19826
565.9,-0.70802,-1.61173,0.118705,0.12741
566,-0.868778,-1.6136,0.0322672,0.0375025
566.1,-1.02946,-1.59906,-0.061265,0.0375025
566.2,-1.18662,-1.56745,-0.161046,0.0375025
566.3,-1.33643,-1.51844,-0.265964,0.0375025
566.4,-1.47475,-1.4521,-0.374631,0.0375025
566.5,-1.59736,-1.36894,-0.485394,0.0375025
566.6,-1.70006,-1.26992,-0.596353,0.0375025
566.7,-1.779,-1.15647,-0.705406,0.0375025
566.8,-1.83085,-1.03046,-0.810307,0.0375025
566.9,-1.85309,-0.894165,-0.908742,0.0375025
567,-1.8442,-0.750173,-0.998429,0.0375025
567.1,-1.80384,-0.601312,-1.07721,0.0375025
567.2,-1.73289,-0.450525,-1.14316,0.0375025
567.3,-1.63348,-0.300753,-1.19469,0.0375025
567.4,-1.50883,-0.15481,-1.2306,0.0375025
567.5,-1.36307,-0.0152788,-1.25017,0.0375025
567.6,-1.20096,0.115586,-1.25319,0.0375025
567.7,-1.02757,0.23592,-1.2399,0.0375025
567.8,-0.847962,0.344285,-1.21103,0.0375025
567.9,-0.666902,0.439676,-1.16772,0.0375025
568,-0.488612,0.5215,-1.1114,0.0375025
568.1,-0.316603,0.589529,-1.04375,0.0375025
568.2,-0.153592,0.643846,-0.966586,0.0375025
568.3,-0.00147718,0.684773,-0.881769,0.0375025
568.4,0.138608,0.712805,-0.791123,0.0375025
568.5,0.266207,0.728544,-0.696376,0.0375025
568.6,0.381416,0.732637,-0.599104,0.0375025
568.7,0.484748,0.725737,-0.500705,0.0375025
568.8,0.577007,0.708458,-0.40238,0.0375025
568.9,0.659162,0.681355,-0.305129,0.0375025
569,0.732245,0.644908,-0.209761,0.0375025
569.1,0.797271,0.599516,-0.116912,0.0375025
569.2,0.855174,0.545499,-0.0270618,0.0375025
569.3,0.906763,0.483102,0.0594368,0.0673312
569.4,0.952692,0.412508,0.142335,0.14966
569.5,0.99345,0.333852,0.221462,0.218121
569.6,1.02935,0.247232,0.2967,0.275883
569.7,1.06052,0.152732,0.367966,0.325194
569.8,1.08693,0.0504302,0.435187,0.367673
569.9,1.10839,-0.0595752,0.498288,0.404503
570,1.12453,-0.177154,0.557171,0.436558
570.1,1.13485,-0.302126,0.611711,0.464487
570.2,1.1387,-0.434241,0.661735,0.488768
570.3,1.1353,-0.573163,0.707021,0.509747
570.4,1.12372,-0.718452,0.747286,0.527665
570.5,1.10293,-0.869543,0.78218,0.542671
570.6,1.07177,-1.02573,0.811283,0.554837
570.7,1.02898,-1.18615,0.834099,0.564165
570.8,0.973222,-1.34976,0.850056,0.570581
570.9,0.90307,-1.51533,0.858503,0.573944
571,0.817076,-1.68139,0.858716,0.574028
571.1,0.713794,-1.84629,0.8499,0.570519
571.2,0.591841,-2.00811,0.831202,0.56299
571.3,0.449968,-2.16471,0.801723,0.550875
571.4,0.287161,-2.31375,0.760542,0.533421
571.5,0.102754,-2.45263,0.706747,0.509623
571.6,-0.103427,-2.57862,0.639467,0.478109
571.7,-0.330898,-2.68883,0.557933,0.436959
571.8,-0.578336,-2.78034,0.46153,0.383382
571.9,-0.84339,-2.85025,0.349879,0.313124
572,-1.1225,-2.89581,0.222917,0.219301
572.1,-1.41074,-2.91458,0.0809899,0.089929
572.2,-1.70173,-2.90455,-0.0750505,0.089929
572.3,-1.98769,-2.86435,-0.243757,0.089929
572.4,-2.2595,-2.79341,-0.423014,0.089929
572.5,-2.50711,-2.69209,-0.60999,0.089929
572.6,-2.71998,-2.56187,-0.801139,0.089929
572.7,-2.8878,-2.40535,-0.992255,0.089929
572.8,-3.00131,-2.22628,-1.17859,0.089929
572.9,-3.05322,-2.02948,-1.35507,0.089929
573,-3.03901,-1.82059,-1.51652,0.089929
573.1,-2.95766,-1.60588,-1.65799,0.089929
573.2,-2.81199,-1.39181,-1.77511,0.089929
573.3,-2.60863,-1.18471,-1.86437,0.089929
573.4,-2.35757,-0.99036,-1.92338,0.089929
573.5,-2.0713,-0.813699,-1.95108,0.089929
573.6,-1.7637,-0.65854,-1.94775,0.089929
573.7,-1.44886,-0.527455,-1.91501,0.089929
573.8,-1.13985,-0.421741,-1.85561,0.089929
573.9,-0.847905,-0.341513,-1.7732,0.089929
574,-0.581775,-0.285858,-1.67204,0.089929
574.1,-0.347492,-0.25306,-1.55668,0.089929
574.2,-0.148451,-0.240831,-1.4317,0.089929
574.3,0.0142816,-0.24654,-1.30142,0.089929
574.4,0.141506,-0.267409,-1.16979,0.089929
574.5,0.235369,-0.300676,-1.04021,0.089929
574.6,0.298873,-0.343701,-0.91552,0.089929
574.7,0.335439,-0.394044,-0.797987,0.089929
574.8,0.348578,-0.449497,-0.689319,0.089929
574.9,0.341649,-0.508093,-0.590739,0.089929
575,0.317716,-0.568093,-0.503045,0.089929
575.1,0.279476,-0.627967,-0.426685,0.089929
575.2,0.229246,-0.686361,-0.361828,0.089929
575.3,0.168988,-0.742074,-0.308422,0.089929
575.4,0.100366,-0.794025,-0.26625,0.089929
575.5,0.0248033,-0.841239,-0.234967,0.089929
575.6,-0.0564425,-0.882826,-0.214137,0.089929
575.7,-0.142217,-0.917975,-0.203248,0.089929
575.8,-0.231406,-0.945947,-0.201732,0.089929
575.9,-0.322887,-0.966081,-0.208967,0.089929
576,-0.415486,-0.9778,-0.224284,0.089929
576.1,-0.507955,-0.98062,-0.246958,0.089929
576.2,-0.598949,-0.974166,-0.276214,0.089929
576.3,-0.687036,-0.958185,-0.311217,0.089929
576.4,-0.770699,-0.932564,-0.351069,0.089929
576.5,-0.84837,-0.897341,-0.394813,0.089929
576.6,-0.918466,-0.85272,-0.441432,0.089929
576.7,-0.979437,-0.799074,-0.489856,0.089929
576.8,-1.02982,-0.736951,-0.538972,0.089929
576.9,-1.06833,-0.667071,-0.587644,0.089929
577,-1.09385,-0.590311,-0.634729,0.089929
577.1,-1.10559,-0.507694,-0.6791,0.089929
577.2,-1.10305,-0.42036,-0.719677,0.089929
577.3,-1.08609,-0.329542,-0.755454,0.089929
577.4,-1.05496,-0.236532,-0.785522,0.089929
577.5,-1.01025,-0.142642,-0.809104,0.089929
577.6,-0.952928,-0.0491737,-0.825569,0.089929
577.7,-0.884237,0.042619,-0.83445,0.089929
577.8,-0.805674,0.131559,-0.835459,0.089929
577.9,-0.718901,0.21657,-0.828485,0.089929
578,-0.625674,0.296699,-0.813591,0.089929
578.1,-0.527759,0.371124,-0.791002,0.089929
578.2,-0.426865,0.439158,-0.761088,0.089929
578.3,-0.32458,0.500251,-0.72434,0.089929
578.4,-0.222323,0.553977,-0.681346,0.089929
578.5,-0.121308,0.600027,-0.632763,0.089929
578.6,-0.0225346,0.638185,-0.579292,0.089929
578.7,0.0732224,0.668319,-0.521651,0.089929
578.8,0.165399,0.690357,-0.460553,0.089929
578.9,0.253621,0.704272,-0.396685,0.089929
579,0.337679,0.710064,-0.330701,0.089929
579.1,0.4175,0.707748,-0.263201,0.089929
579.2,0.493106,0.697344,-0.194733,0.089929
579.3,0.564592,0.678864,-0.125787,0.089929
579.4,0.632091,0.652311,-0.0567921,0.089929
579.5,0.695747,0.61767,0.011873,0.0140746
579.6,0.755694,0.574917,0.0798811,0.0887876
579.7,0.812034,0.524008,0.146947,0.153898
579.8,0.864824,0.464892,0.21282,0.211058
579.9,0.914059,0.397513,0.277276,0.261576
580,0.959665,0.321814,0.34011,0.306483
580.1,1.00149,0.237747,0.401122,0.346596
580.2,1.0393,0.145284,0.460117,0.382552
580.3,1.07277,0.0444204,0.516889,0.414852
580.4,1.10146,-0.0648078,0.571215,0.443904
580.5,1.12487,-0.182315,0.622851,0.470001
580.6,1.14236,-0.307952,0.671521,0.49338
580.7,1.15321,-0.441493,0.716908,0.514209
580.8,1.15655,-0.582619,0.758652,0.532604
580.9,1.15145,-0.730903,0.796342,0.54863
581,1.13683,-0.885793,0.829508,0.562302
581.1,1.1115,-1.04659,0.857618,0.573592
581.2,1.07416,-1.21244,0.880072,0.582424
581.3,1.02344,-1.38229,0.896201,0.588668
581.4,0.957839,-1.5549,0.90526,0.592139
581.5,0.875838,-1.72882,0.906433,0.592587
581.6,0.775883,-1.90235,0.898834,0.589679
581.7,0.656456,-2.07354,0.881517,0.582986
581.8,0.516145,-2.24022,0.853483,0.571948
581.9,0.353739,-2.39994,0.813704,0.555836
582,0.16835,-2.55004,0.761149,0.533683
582.1,-0.0404437,-2.68763,0.694823,0.504186
582.2,-0.272419,-2.80968,0.613812,0.465532
582.3,-0.52651,-2.91306,0.517353,0.415112
582.4,-0.800596,-2.99465,0.404905,0.34898
582.5,-1.09129,-3.05144,0.276239,0.2608
582.6,-1.39375,-3.08068,0.13154,0.139608
582.7,-1.70155,-3.08008,-0.0284874,0.139608
582.8,-2.00666,-3.04794,-0.202517,0.139608
582.9,-2.29953,-2.98341,-0.38851,0.139608
583,-2.56941,-2.8866,-0.58365,0.139608
583.1,-2.80485,-2.75882,-0.784329,0.139608
583.2,-2.99442,-2.60257,-0.986185,0.139608
583.3,-3.12761,-2.42166,-1.18422,0.139608
583.4,-3.19584,-2.22105,-1.373,0.139608
583.5,-3.19349,-2.00672,-1.54693,0.139608
583.6,-3.11865,-1.78533,-1.70057,0.139608
583.7,-2.97368,-1.56387,-1.82904,0.139608
583.8,-2.76526,-1.34922,-1.92835,0.139608
583.9,-2.5039,-1.14773,-1.99572,0.139608
584,-2.2031,-0.964837,-2.02978,0.139608
584.1,-1.87809,-0.804779,-2.03068,0.139608
584.2,-1.54443,-0.670413,-2.00003,0.139608
584.3,-1.21673,-0.563187,-1.94072,0.139608
584.4,-0.907549,-0.48322,-1.85668,0.139608
584.5,-0.626694,-0.429489,-1.75251,0.139608
584.6,-0.380929,-0.400063,-1.63319,0.139608
584.7,-0.174037,-0.392373,-1.5037,0.139608
584.8,-0.00717962,-0.403469,-1.36878,0.139608
584.9,0.120583,-0.430241,-1.23272,0.139608
585,0.211702,-0.469597,-1.09925,0.139608
585.1,0.269572,-0.518593,-0.97145,0.139608
585.2,0.298047,-0.574506,-0.851756,0.139608
585.3,0.301066,-0.634878,-0.742005,0.139608
585.4,0.282392,-0.697522,-0.64349,0.139608
585.5,0.245456,-0.760506,-0.557035,0.139608
585.6,0.193289,-0.822134,-0.483082,0.139608
585.7,0.128512,-0.88091,-0.421759,0.139608
585.8,0.0533779,-0.935513,-0.372955,0.139608
585.9,-0.0301666,-0.984767,-0.336366,0.139608
586,-0.120406,-1.02763,-0.311546,0.139608
586.1,-0.215777,-1.06316,-0.297935,0.139608
586.2,-0.314796,-1.09053,-0.294883,0.139608
586.3,-0.416001,-1.10903,-0.301663,0.139608
586.4,-0.517895,-1.11805,-0.317473,0.139608
586.5,-0.618921,-1.11712,-0.341446,0.139608
586.6,-0.717442,-1.10589,-0.372644,0.139608
586.7,-0.811743,-1.08418,-0.410058,0.139608
586.8,-0.900052,-1.05198,-0.45261,0.139608
586.9,-0.980571,-1.00946,-0.499153,0.139608
587,-1.05153,-0.956968,-0.548482,0.139608
587.1,-1.11126,-0.895067,-0.599338,0.139608
587.2,-1.15823,-0.824504,-0.650433,0.139608
587.3,-1.19117,-0.74621,-0.700465,0.139608
587.4,-1.20907,-0.661282,-0.74815,0.139608
587.5,-1.21133,-0.570956,-0.792248,0.139608
587.6,-1.19773,-0.476573,-0.831597,0.139608
587.7,-1.16848,-0.379544,-0.865146,0.139608
587.8,-1.12423,-0.281311,-0.891987,0.139608
587.9,-1.06603,-0.183298,-0.911378,0.139608
588,-0.995293,-0.0868792,-0.922767,0.139608
588.1,-0.913714,0.00666283,-0.925801,0.139608
588.2,-0.823198,0.0961643,-0.920335,0.139608
588.3,-0.725758,0.180604,-0.906424,0.139608
588.4,-0.623427,0.259114,-0.884312,0.139608
588.5,-0.518169,0.330992,-0.85441,0.139608
588.6,-0.411802,0.395691,-0.817269,0.139608
588.7,-0.305946,0.452813,-0.773553,0.139608
588.8,-0.201979,0.502094,-0.724005,0.139608
588.9,-0.101019,0.543385,-0.669416,0.139608
589,-0.00392086,0.576631,-0.610596,0.139608
589.1,0.08871,0.601848,-0.548345,0.139608
589.2,0.176493,0.619103,-0.483435,0.139608
589.3,0.259238,0.628497,-0.416592,0.139608
589.4,0.336912,0.630145,-0.348481,0.139608
589.5,0.409598,0.624168,-0.279702,0.139608
589.6,0.477456,0.610678,-0.210786,0.139608
589.7,0.540693,0.589775,-0.142196,0.139608
589.8,0.599528,0.561542,-0.0743308,0.139608
589.9,0.654172,0.526043,-0.00752881,0.139608
590,0.7048,0.483325,0.0579207,0.0657068
590.1,0.751541,0.433425,0.121771,0.130348
590.2,0.794461,0.376368,0.183808,0.186633
590.3,0.833558,0.312178,0.243841,0.235981
590.4,0.868748,0.240886,0.301694,0.279497
590.5,0.89987,0.162535,0.357195,0.318041
590.6,0.926676,0.0771924,0.410169,0.352307
590.7,0.94883,-0.0150411,0.460432,0.382737
590.8,0.965912,-0.114021,0.507777,0.409812
590.9,0.977409,-0.219549,0.551977,0.433813
591,0.982724,-0.331357,0.592771,0.454968
591.1,0.98117,-0.449099,0.629862,0.473439
591.2,0.971978,-0.572338,0.662913,0.489326
591.3,0.954296,-0.700528,0.69154,0.502678
591.4,0.927197,-0.833008,0.715312,0.513492
591.5,0.889688,-0.96898,0.733748,0.521715
591.6,0.840723,-1.1075,0.746314,0.52724
591.7,0.779221,-1.24748,0.752427,0.529905
591.8,0.704095,-1.38765,0.751455,0.529482
591.9,0.614284,-1.52655,0.742724,0.525668
592,0.5088,-1.66259,0.725526,0.518065
592.1,0.386787,-1.79394,0.699134,0.506159
592.2,0.247594,-1.91866,0.662815,0.489279
592.3,0.0908596,-2.0346,0.615859,0.466548
592.4,-0.0833802,-2.13952,0.557608,0.436788
592.5,-0.274579,-2.23108,0.487491,0.398392
592.6,-0.481554,-2.30692,0.405077,0.349088
592.7,-0.702357,-2.3647,0.310121,0.28554
592.8,-0.934158,-2.40222,0.202632,0.202608
592.9,-1.17315,-2.41748,0.08293,0.0919204
593,-1.41449,-2.40886,-0.0482798,0.0919204
593.1,-1.65234,-2.37517,-0.189851,0.0919204
593.2,-1.87993,-2.31582,-0.340145,0.0919204
593.3,-2.08979,-2.23093,-0.496998,0.0919204
593.4,-2.27408,-2.12139,-0.657721,0.0919204
593.5,-2.42502,-1.98898,-0.819134,0.0919204
593.6,-2.53545,-1.8363,-0.977643,0.0919204
593.7,-2.59939,-1.66679,-1.12937,0.0919204
593.8,-2.61266,-1.48458,-1.27032,0.0919204
593.9,-2.57335,-1.29434,-1.39657,0.0919204
594,-2.48213,-1.10103,-1.50455,0.0919204
594.1,-2.34239,-0.909668,-1.59118,0.0919204
594.2,-2.16005,-0.725052,-1.65416,0.0919204
594.3,-1.94312,-0.551503,-1.69204,0.0919204
594.4,-1.70108,-0.392662,-1.70439,0.0919204
594.5,-1.44409,-0.251345,-1.69172,0.0919204
594.6,-1.18223,-0.129465,-1.65549,0.0919204
594.7,-0.924742,-0.0280395,-1.59792,0.0919204
594.8,-0.679519,0.0527459,-1.52188,0.0919204
594.9,-0.452719,0.11342,-1.43058,0.0919204
595,-0.248652,0.155074,-1.32746,0.0919204
595.1,-0.0698305,0.179208,-1.21594,0.0919204
595.2,0.0828214,0.187572,-1.09928,0.0919204
595.3,0.209673,0.182031,-0.980452,0.0919204
595.4,0.312054,0.164456,-0.862057,0.0919204
595.5,0.39192,0.136646,-0.746293,0.0919204
595.6,0.45157,0.100268,-0.634941,0.0919204
595.7,0.493401,0.0568352,-0.529391,0.0919204
595.8,0.519736,0.00769288,-0.430671,0.0919204
595.9,0.532703,-0.0459727,-0.339503,0.0919204
596,0.534166,-0.10312,-0.256346,0.0919204
596.1,0.525695,-0.16283,-0.181455,0.0919204
596.2,0.508563,-0.224282,-0.114925,0.0919204
596.3,0.483771,-0.286732,-0.0567346,0.0919204
596.4,0.452077,-0.349485,-0.00677967,0.0919204
596.5,0.41404,-0.411879,0.0350948,0.0406883
596.6,0.370059,-0.473266,0.0690745,0.0775466
596.7,0.320421,-0.533001,0.0953597,0.104509
596.8,0.265341,-0.590431,0.114155,0.12302
596.9,0.205001,-0.644888,0.125664,0.134057
597,0.139589,-0.69569,0.130089,0.138242
597.1,0.0693336,-0.74214,0.127632,0.135923
597.2,-0.00546649,-0.783534,0.118501,0.127213
597.3,-0.0844131,-0.819166,0.102916,0.112017
597.4,-0.166985,-0.84834,0.0811209,0.0900649
597.5,-0.252518,-0.870385,0.0533934,0.0608296
597.6,-0.340191,-0.884674,0.0200542,0.0235908
597.7,-0.429015,-0.890637,-0.0185196,0.0235908
597.8,-0.517837,-0.887787,-0.0618852,0.0235908
597.9,-0.605344,-0.875739,-0.109524,0.0235908
598,-0.69008,-0.854227,-0.160834,0.0235908
598.1,-0.770478,-0.82313,-0.215129,0.0235908
598.2,-0.844895,-0.782485,-0.271631,0.0235908
598.3,-0.911664,-0.732499,-0.329482,0.0235908
598.4,-0.96915,-0.673562,-0.387744,0.0235908
598.5,-1.01582,-0.606246,-0.445421,0.0235908
598.6,-1.0503,-0.531302,-0.501471,0.0235908
598.7,-1.07145,-0.44965,-0.554832,0.0235908
598.8,-1.07843,-0.362356,-0.604447,0.0235908
598.9,-1.07074,-0.270614,-0.649298,0.0235908
599,-1.04826,-0.175709,-0.688433,0.0235908
599.1,-1.01125,-0.078987,-0.720998,0.0235908
599.2,-0.960371,0.018187,-0.746265,0.0235908
599.3,-0.896624,0.114462,-0.763653,0.0235908
599.4,-0.821328,0.208536,-0.77275,0.0235908
599.5,-0.73604,0.299191,-0.77332,0.0235908
599.6,-0.642478,0.385312,-0.765305,0.0235908
599.7,-0.542445,0.46591,-0.748821,0.0235908
599.8,-0.437742,0.54013,-0.724147,0.0235908
599.9,-0.330098,0.607255,-0.691702,0.0235908
600,-0.221104,0.666702,-0.652023,0.0235908
600.1,-0.112166,0.718012,-0.60574,0.0235908
600.2,-0.00447642,0.760837,-0.553547,0.0235908
600.3,0.101002,0.794919,-0.496173,0.0235908
600.4,0.203538,0.820078,-0.434358,0.0235908
600.5,0.302613,0.836184,-0.368833,0.0235908
600.6,0.397903,0.843147,-0.300296,0.0235908
600.7,0.489248,0.840896,-0.229403,0.0235908
600.8,0.576616,0.829365,-0.156757,0.0235908
600.9,0.66007,0.808484,-0.0828994,0.0235908
601,0.739736,0.778169,-0.00831333,0.0235908
601.1,0.815772,0.738316,0.0665793,0.0749226
601.2,0.888337,0.688801,0.141412,0.148807
601.3,0.957572,0.629476,0.215866,0.213559
601.4,1.02358,0.560175,0.289667,0.270748
601.5,1.08639,0.480715,0.362572,0.321624
601.6,1.14599,0.390903,0.434361,0.367172
601.7,1.20225,0.290543,0.50483,0.408169
601.8,1.25498,0.179446,0.573779,0.445233
601.9,1.30387,0.0574373,0.641001,0.478851
602,1.34849,-0.0756264,0.706275,0.509409
602.1,1.38831,-0.219849,0.769356,0.53721
602.2,1.42265,-0.375277,0.829965,0.562488
602.3,1.45073,-0.541885,0.887778,0.585417
602.4,1.47156,-0.719554,0.942419,0.606121
602.5,1.48404,-0.908055,0.993449,0.624676
602.6,1.48688,-1.10702,1.04035,0.641115
602.7,1.47858,-1.31593,1.08254,0.655429
602.8,1.45748,-1.53406,1.11932,0.667565
602.9,1.42168,-1.76048,1.14989,0.677422
603,1.3691,-1.994,1.17335,0.68485
603.1,1.29743,-2.23316,1.18867,0.689639
603.2,1.2042,-2.47615,1.19469,0.691507
603.3,1.08676,-2.72083,1.19012,0.690089
603.4,0.942394,-2.96467,1.17353,0.684905
603.5,0.768363,-3.20473,1.14336,0.675334
603.6,0.562077,-3.43762,1.09796,0.660556
603.7,0.32126,-3.65957,1.0356,0.639473
603.8,0.0442112,-3.86637,0.954508,0.610582
603.9,-0.269884,-4.05349,0.852981,0.571748
604,-0.620559,-4.21611,0.729447,0.519809
604.1,-1.00562,-4.34935,0.582609,0.449784
604.2,-1.42065,-4.44835,0.411606,0.353177
604.3,-1.85854,-4.50864,0.216206,0.213837
604.4,-2.30908,-4.52637,-0.00297519,0.213837
604.5,-2.75875,-4.49873,-0.244252,0.213837
604.6,-3.19082,-4.4243,-0.504652,0.213837
604.7,-3.58584,-4.30345,-0.77976,0.213837
604.8,-3.92275,-4.13868,-1.06364,0.213837
604.9,-4.18048,-3.93476,-1.34889,0.213837
605,-4.34007,-3.6988,-1.62692,0.213837
605.1,-4.38703,-3.44001,-1.88832,0.213837
605.2,-4.31368,-3.16922,-2.12352,0.213837
605.3,-4.12081,-2.89818,-2.32353,0.213837
605.4,-3.81843,-2.63873,-2.48074,0.213837
605.5,-3.42528,-2.40178,-2.58965,0.213837
605.6,-2.96695,-2.19655,-2.6474,0.213837
605.7,-2.47308,-2.02987,-2.65408,0.213837
605.8,-1.97401,-1.90581,-2.61264,0.213837
605.9,-1.49769,-1.82562,-2.52854,0.213837
606,-1.0671,-1.78801,-2.40917,0.213837
606.1,-0.698871,-1.78957,-2.2631,0.213837
606.2,-0.40288,-1.82535,-2.09933,0.213837
606.3,-0.182791,-1.88947,-1.92664,0.213837
606.4,-0.0372147,-1.97562,-1.75308,0.213837
606.5,0.0388798,-2.07753,-1.58559,0.213837
606.6,0.0527687,-2.18924,-1.42986,0.213837
606.7,0.0127974,-2.30528,-1.29031,0.213837
606.8,-0.072489,-2.4208,-1.17011,0.213837
606.9,-0.194895,-2.53155,-1.07131,0.213837
607,-0.346847,-2.63385,-0.995055,0.213837
607.1,-0.52145,-2.72462,-0.941662,0.213837
607.2,-0.712414,-2.80125,-0.910806,0.213837
607.3,-0.913897,-2.86164,-0.901612,0.213837
607.4,-1.12034,-2.90417,-0.91275,0.213837
607.5,-1.32631,-2.92769,-0.942493,0.213837
607.6,-1.52642,-2.93154,-0.988766,0.213837
607.7,-1.7153,-2.9156,-1.04918,0.213837
607.8,-1.88764,-2.88027,-1.12106,0.213837
607.9,-2.03836,-2.82651,-1.20149,0.213837
608,-2.16276,-2.75584,-1.28737,0.213837
608.1,-2.25687,-2.67031,-1.37548,0.213837
608.2,-2.3176,-2.57241,-1.46257,0.213837
608.3,-2.34314,-2.46504,-1.54545,0.213837
608.4,-2.33304,-2.35137,-1.62116,0.213837
608.5,-2.28841,-2.23468,-1.68701,0.213837
608.6,-2.2119,-2.11822,-1.74077,0.213837
608.7,-2.10756,-2.0051,-1.78076,0.213837
608.8,-1.9806,-1.89808,-1.80588,0.213837
608.9,-1.83704,-1.79949,-1.81567,0.213837
609,-1.68334,-1.71113,-1.81032,0.213837
609.1,-1.52592,-1.63425,-1.79063,0.213837
609.2,-1.37084,-1.56949,-1.75789,0.213837
609.3,-1.22342,-1.51697,-1.71385,0.213837
609.4,-1.08807,-1.4763,-1.66052,0.213837
609.5,-0.96815,-1.44666,-1.60011,0.213837
609.6,-0.865915,-1.42691,-1.53488,0.213837
609.7,-0.782615,-1.41568,-1.46704,0.213837
609.8,-0.718585,-1.41143,-1.39866,0.213837
609.9,-0.673401,-1.41256,-1.33161,0.213837
610,-0.646038,-1.41747,-1.26751,0.213837
610.1,-0.635031,-1.42459,-1.20771,0.213837
610.2,-0.638615,-1.43245,-1.15328,0.213837
610.3,-0.654839,-1.43968,-1.105,0.213837
610.4,-0.681659,-1.44507,-1.06338,0.213837
610.5,-0.717009,-1.44753,-1.02871,0.213837
610.6,-0.758844,-1.44614,-1.00102,0.213837
610.7,-0.805176,-1.44014,-0.980191,0.213837
610.8,-0.854096,-1.42894,-0.965889,0.213837
610.9,-0.903788,-1.4121,-0.957655,0.213837
611,-0.952545,-1.38933,-0.954902,0.213837
611.1,-0.998779,-1.36051,-0.95694,0.213837
611.2,-1.04104,-1.32566,-0.963003,0.213837
611.3,-1.07803,-1.28494,-0.972265,0.213837
611.4,-1.10862,-1.23866,-0.983864,0.213837
611.5,-1.13189,-1.18724,-0.996924,0.213837
611.6,-1.1471,-1.1312,-1.01057,0.213837
611.7,-1.15375,-1.07116,-1.02395,0.213837
611.8,-1.15158,-1.00781,-1.03627,0.213837
611.9,-1.14057,-0.941878,-1.04678,0.213837
612,-1.12092,-0.874139,-1.05482,0.213837
612.1,-1.09305,-0.805366,-1.05983,0.213837
612.2,-1.05758,-0.736316,-1.06133,0.213837
612.3,-1.01531,-0.667715,-1.05898,0.213837
612.4,-0.967162,-0.60024,-1.05254,0.213837
612.5,-0.914142,-0.534498,-1.04188,0.213837
612.6,-0.857316,-0.471026,-1.027,0.213837
612.7,-0.797755,-0.410274,-1.00799,0.213837
612.8,-0.736501,-0.35261,-0.985031,0.213837
612.9,-0.674534,-0.298315,-0.958384,0.213837
613,-0.612744,-0.247588,-0.928379,0.213837
613.1,-0.551915,-0.200554,-0.895389,0.213837
613.2,-0.492711,-0.157269,-0.859824,0.213837
613.3,-0.435668,-0.117729,-0.82211,0.213837
613.4,-0.381201,-0.0818839,-0.782679,0.213837
613.5,-0.329608,-0.0496416,-0.741954,0.213837
613.6,-0.281078,-0.0208823,-0.700341,0.213837
613.7,-0.235707,0.00453535,-0.658223,0.213837
613.8,-0.193513,0.0267654,-0.615949,0.213837
613.9,-0.15445,0.0459685,-0.573835,0.213837
614,-0.118424,0.0623058,-0.532159,0.213837
614.1,-0.0853027,0.0759356,-0.491162,0.213837
614.2,-0.054935,0.0870091,-0.451049,0.213837
614.3,-0.027156,0.0956695,-0.41199,0.213837
614.4,-0.00179838,0.10205,-0.374123,0.213837
614.5,0.0213007,0.106274,-0.337557,0.213837
614.6,0.0422942,0.108453,-0.302376,0.213837
614.7,0.0613213,0.108693,-0.268641,0.213837
614.8,0.0785042,0.107089,-0.236395,0.213837
614.9,0.0939472,0.10373,-0.205668,0.213837
615,0.107735,0.0987,-0.176476,0.213837
615.1,0.119935,0.0920794,-0.148827,0.213837
615.2,0.130594,0.0839471,-0.122723,0.213837
615.3,0.139744,0.0743817,-0.0981626,0.213837
615.4,0.1474,0.0634636,-0.0751406,0.213837
615.5,0.153565,0.0512765,-0.053653,0.213837
615.6,0.158226,0.0379087,-0.0336961,0.213837
615.7,0.161365,0.0234547,-0.0152683,0.213837
615.8,0.162953,0.00801641,0.00162989,0.213837
615.9,0.162957,-0.00829606,0.0169947,0.0200537
616,0.161339,-0.0253631,0.0308196,0.035878
616.1,0.158062,-0.0430553,0.043095,0.0495821
616.2,0.153088,-0.0612326,0.0538085,0.0612791
616.3,0.146384,-0.0797441,0.0629457,0.0710726
616.4,0.137924,-0.0984281,0.0704907,0.079033
616.5,0.127688,-0.117112,0.0764268,0.0852203
616.6,0.115669,-0.135614,0.0807376,0.0896702
616.7,0.101873,-0.153742,0.0834084,0.0924098
616.8,0.0863221,-0.171295,0.0844271,0.0934512
616.9,0.0690564,-0.188066,0.0837856,0.0927955
617,0.050137,-0.203841,0.0814815,0.0904347
617.1,0.029648,-0.218405,0.0775196,0.0863487
617.2,0.00769859,-0.231539,0.0719133,0.0805226
617.3,-0.0155756,-0.243027,0.0646865,0.0729183
617.4,-0.0400105,-0.252657,0.055875,0.0635097
617.5,-0.0654133,-0.260224,0.0455283,0.0522528
617.6,-0.0915617,-0.265534,0.0337109,0.0391357
617.7,-0.118204,-0.268408,0.0205036,0.0241097
617.8,-0.145061,-0.268683,0.00600517,0.0241097
617.9,-0.171828,-0.266221,-0.00966751,0.0241097
618,-0.198174,-0.260906,-0.0263783,0.0241097
618.1,-0.223751,-0.252654,-0.0439715,0.0241097
618.2,-0.248194,-0.24141,-0.0622727,0.0241097
618.3,-0.271131,-0.227156,-0.0810885,0.0241097
618.4,-0.292185,-0.209912,-0.100208,0.0241097
618.5,-0.310983,-0.189736,-0.119406,0.0241097
618.6,-0.327163,-0.166729,-0.138442,0.0241097
618.7,-0.340386,-0.14103,-0.157065,0.0241097
618.8,-0.350336,-0.112822,-0.175019,0.0241097
618.9,-0.356738,-0.0823254,-0.192042,0.0241097
619,-0.359355,-0.0497994,-0.207872,0.0241097
619.1,-0.358002,-0.0155378,-0.222254,0.0241097
619.2,-0.352549,0.0201341,-0.234941,0.0241097
619.3,-0.342922,0.0568639,-0.245701,0.0241097
619.4,-0.329108,0.0942766,-0.254317,0.0241097
619.5,-0.311157,0.13198,-0.260599,0.0241097
619.6,-0.289176,0.16957,-0.264378,0.0241097
619.7,-0.263328,0.206634,-0.265517,0.0241097
619.8,-0.233829,0.242761,-0.26391,0.0241097
619.9,-0.20094,0.277541,-0.259482,0.0241097
620,-0.16496,0.310571,-0.252194,0.0241097
620.1,-0.126219,0.341462,-0.242039,0.0241097
620.2,-0.0850714,0.369839,-0.229044,0.0241097
620.3,-0.0418836,0.395344,-0.213269,0.0241097
620.4,0.00296863,0.417641,-0.194802,0.0241097
620.5,0.0491093,0.436413,-0.173758,0.0241097
620.6,0.0961672,0.451366,-0.150279,0.0241097
620.7,0.143781,0.46223,-0.124526,0.0241097
620.8,0.1916,0.468754,-0.0966803,0.0241097
620.9,0.239292,0.470713,-0.0669374,0.0241097
621,0.286535,0.467903,-0.0355057,0.0241097
621.1,0.333025,0.460139,-0.00260341,0.0241097
621.2,0.378469,0.447261,0.0315436,0.0366969
621.3,0.422583,0.429128,0.0667035,0.0750516
621.4,0.465093,0.405621,0.10264,0.111752
621.5,0.505723,0.376643,0.139113,0.14668
621.6,0.544199,0.34212,0.17588,0.179759
621.7,0.580238,0.302003,0.212694,0.210955
621.8,0.613547,0.25627,0.249305,0.240251
621.9,0.643817,0.204929,0.285457,0.267649
622,0.670716,0.148019,0.320889,0.29316
622.1,0.693892,0.0856199,0.355331,0.316793
622.2,0.71296,0.0178502,0.388506,0.338559
622.3,0.727505,-0.0551231,0.420123,0.358462
622.4,0.73708,-0.133081,0.449879,0.376495
622.5,0.7412,-0.215744,0.477454,0.392643
622.6,0.739345,-0.302769,0.502513,0.406874
622.7,0.73096,-0.393738,0.524699,0.41914
622.8,0.715459,-0.488155,0.543636,0.429373
622.9,0.692229,-0.585435,0.558927,0.437485
623,0.660639,-0.684902,0.570153,0.443352
623.1,0.620051,-0.785777,0.576875,0.446833
623.2,0.569834,-0.887178,0.578633,0.44774
623.3,0.509385,-0.988113,0.574955,0.445842
623.4,0.438154,-1.08748,0.565357,0.440853
623.5,0.355677,-1.18407,0.549353,0.432421
623.6,0.261608,-1.27657,0.526464,0.420103
623.7,0.155769,-1.36356,0.496234,0.403346
623.8,0.0381984,-1.44357,0.458239,0.381446
623.9,-0.0907939,-1.51504,0.412116,0.353495
624,-0.230566,-1.57639,0.357578,0.318297
624.1,-0.380083,-1.62604,0.294448,0.274244
624.2,-0.537859,-1.66248,0.222684,0.219112
624.3,-0.701912,-1.68426,0.142413,0.149732
624.4,-0.869727,-1.69013,0.0539657,0.0614488
624.5,-1.03825,-1.67903,-0.0420953,0.0614488
624.6,-1.20391,-1.65018,-0.144944,0.0614488
624.7,-1.36268,-1.60319,-0.253469,0.0614488
624.8,-1.5102,-1.53804,-0.366268,0.0614488
624.9,-1.64193,-1.45518,-0.481643,0.0614488
625,-1.75337,-1.35557,-0.597628,0.0614488
625.1,-1.84028,-1.24063,-0.712025,0.0614488
625.2,-1.89899,-1.11229,-0.822469,0.0614488
625.3,-1.92666,-0.972913,-0.926507,0.0614488
625.4,-1.9215,-0.825209,-1.0217,0.0614488
625.5,-1.88297,-0.672159,-1.10573,0.0614488
625.6,-1.8119,-0.51688,-1.1765,0.0614488
625.7,-1.71045,-0.362496,-1.23229,0.0614488
625.8,-1.58201,-0.212005,-1.27178,0.0614488
625.9,-1.43098,-0.0681591,-1.29415,0.0614488
626,-1.26246,0.0666402,-1.29914,0.0614488
626.1,-1.08194,0.190413,-1.28699,0.0614488
626.2,-0.894906,0.301644,-1.25846,0.0614488
626.3,-0.70651,0.399287,-1.21474,0.0614488
626.4,-0.521335,0.482746,-1.15738,0.0614488
626.5,-0.343181,0.551824,-1.08816,0.0614488
626.6,-0.174975,0.60666,-1.00904,0.0614488
626.7,-0.0187469,0.647655,-0.922013,0.0614488
626.8,0.124312,0.675394,-0.829029,0.0614488
626.9,0.253748,0.690577,-0.731937,0.0614488
627,0.369708,0.693955,-0.632422,0.0614488
627.1,0.472791,0.686276,-0.531971,0.0614488
627.2,0.563901,0.668251,-0.431857,0.0614488
627.3,0.644118,0.640523,-0.333136,0.0614488
627.4,0.714582,0.603653,-0.236657,0.0614488
627.5,0.776409,0.558115,-0.143079,0.0614488
627.6,0.83062,0.504298,-0.0528993,0.0614488
627.7,0.878096,0.442512,0.0335256,0.038932
627.8,0.919556,0.373002,0.115948,0.124754
627.9,0.955533,0.295958,0.194204,0.195516
628,0.986376,0.211539,0.268185,0.25474
628.1,1.01225,0.119882,0.337821,0.304915
628.2,1.03314,0.0211246,0.403052,0.347814
628.3,1.04888,-0.0845784,0.463817,0.384723
628.4,1.05912,-0.197039,0.520033,0.416585
628.5,1.06337,-0.316015,0.571589,0.444098
628.6,1.06103,-0.441198,0.61833,0.467771
628.7,1.05133,-0.572192,0.660051,0.48797
628.8,1.03341,-0.708498,0.696488,0.504949
628.9,1.00631,-0.849497,0.727317,0.518862
629,0.968943,-0.994433,0.752145,0.529783
629.1,0.920173,-1.1424,0.770512,0.537705
629.2,0.858792,-1.29232,0.78189,0.542548
629.3,0.783565,-1.44294,0.785683,0.544152
629.4,0.693258,-1.59281,0.781238,0.542272
629.5,0.586688,-1.74029,0.767843,0.536562
629.6,0.462784,-1.88353,0.744752,0.526557
629.7,0.320657,-2.02049,0.711191,0.511634
629.8,0.159699,-2.14894,0.666391,0.490968
629.9,-0.0203119,-2.26651,0.609616,0.463444
630,-0.219077,-2.37068,0.540201,0.427533
630.1,-0.435641,-2.4589,0.457606,0.381073
630.2,-0.668238,-2.5286,0.361468,0.320891
630.3,-0.914149,-2.57731,0.251675,0.242092
630.4,-1.16958,-2.60279,0.128434,0.136679
630.5,-1.42956,-2.60311,-0.0076513,0.136679
630.6,-1.68795,-2.5768,-0.155503,0.136679
630.7,-1.9375,-2.52303,-0.313507,0.136679
630.8,-2.17005,-2.44171,-0.479469,0.136679
630.9,-2.3769,-2.3336,-0.650595,0.136679
631,-2.54923,-2.20042,-0.823518,0.136679
631.1,-2.67874,-2.04485,-0.994376,0.136679
631.2,-2.75835,-1.87051,-1.15894,0.136679
631.3,-2.78287,-1.68184,-1.31278,0.136679
631.4,-2.74962,-1.4839,-1.45153,0.136679
631.5,-2.65887,-1.28216,-1.57111,0.136679
631.6,-2.51402,-1.08218,-1.66803,0.136679
631.7,-2.32142,-0.889286,-1.73956,0.136679
631.8,-2.08997,-0.708316,-1.78401,0.136679
631.9,-1.83031,-0.543332,-1.80074,0.136679
632,-1.554,-0.397461,-1.79027,0.136679
632.1,-1.27252,-0.272803,-1.75417,0.136679
632.2,-0.996437,-0.170428,-1.6949,0.136679
632.3,-0.73475,-0.09045,-1.61563,0.136679
632.4,-0.494449,-0.0321692,-1.51998,0.136679
632.5,-0.280364,0.00575958,-1.41181,0.136679
632.6,-0.0952408,0.0251377,-1.29495,0.136679
632.7,0.0600131,0.0280442,-1.17304,0.136679
632.8,0.185969,0.0166795,-1.04938,0.136679
632.9,0.284279,-0.00676047,-0.926852,0.136679
633,0.35729,-0.0401748,-0.807876,0.136679
633.1,0.407708,-0.0816164,-0.694389,0.136679
633.2,0.438325,-0.129322,-0.587883,0.136679
633.3,0.451827,-0.181722,-0.489448,0.136679
633.4,0.450661,-0.237426,-0.399823,0.136679
633.5,0.436974,-0.295214,-0.319459,0.136679
633.6,0.41258,-0.354003,-0.248576,0.136679
633.7,0.37898,-0.412824,-0.187217,0.136679
633.8,0.337386,-0.470801,-0.135289,0.136679
633.9,0.28877,-0.52712,-0.0926072,0.136679
634,0.233912,-0.581019,-0.0589214,0.136679
634.1,0.173457,-0.631765,-0.033937,0.136679
634.2,0.107966,-0.678654,-0.0173311,0.136679
634.3,0.0379586,-0.720998,-0.00876027,0.136679
634.4,-0.0360378,-0.758126,-0.00786444,0.136679
634.5,-0.113454,-0.789391,-0.0142657,0.136679
634.6,-0.193646,-0.814174,-0.0275647,0.136679
634.7,-0.27587,-0.831894,-0.0473341,0.136679
634.8,-0.359269,-0.842023,-0.073111,0.136679
634.9,-0.442856,-0.844101,-0.104389,0.136679
635,-0.525518,-0.837752,-0.140609,0.136679
635.1,-0.606023,-0.8227,-0.181155,0.136679
635.2,-0.683035,-0.798786,-0.225345,0.136679
635.3,-0.755145,-0.765986,-0.272433,0.136679
635.4,-0.820903,-0.724421,-0.321606,0.136679
635.5,-0.878868,-0.674366,-0.371992,0.136679
635.6,-0.927655,-0.616256,-0.422665,0.136679
635.7,-0.965991,-0.550685,-0.472664,0.136679
635.8,-0.992776,-0.4784,-0.521001,0.136679
635.9,-1.00713,-0.400287,-0.566692,0.136679
636,-1.00845,-0.317356,-0.608774,0.136679
636.1,-0.996436,-0.230715,-0.646334,0.136679
636.2,-0.971111,-0.141542,-0.67853,0.136679
636.3,-0.932839,-0.0510573,-0.704622,0.136679
636.4,-0.882303,0.0395119,-0.723988,0.136679
636.5,-0.820473,0.128959,-0.736148,0.136679
636.6,-0.748569,0.216128,-0.740769,0.136679
636.7,-0.667993,0.29994,-0.737676,0.136679
636.8,-0.580269,0.37941,-0.726852,0.136679
636.9,-0.486975,0.453663,-0.708427,0.136679
637,-0.389675,0.521938,-0.682672,0.136679
637.1,-0.289859,0.583597,-0.649976,0.136679
637.2,-0.188893,0.638113,-0.610826,0.136679
637.3,-0.0879879,0.685063,-0.565788,0.136679
637.4,0.0118324,0.724121,-0.515478,0.136679
637.5,0.109735,0.755037,-0.460544,0.136679
637.6,0.205077,0.777625,-0.40164,0.136679
637.7,0.297396,0.791744,-0.339412,0.136679
637.8,0.386389,0.797288,-0.27448,0.136679
637.9,0.471885,0.794168,-0.207426,0.136679
638,0.553821,0.782301,-0.138789,0.136679
638.1,0.632213,0.761604,-0.0690584,0.136679
638.2,0.707123,0.731986,0.00132732,0.136679
638.3,0.778641,0.693341,0.0719788,0.0805898
638.4,0.846855,0.64555,0.142552,0.14986
638.5,0.911833,0.588478,0.212744,0.210996
638.6,0.973605,0.521981,0.282285,0.265303
638.7,1.03215,0.445903,0.350931,0.313834
638.8,1.08737,0.36009,0.418455,0.357431
638.9,1.13912,0.264389,0.484643,0.396767
639,1.18713,0.158662,0.549278,0.432381
639.1,1.23106,0.042796,0.612136,0.464699
639.2,1.27046,-0.0832897,0.672979,0.494063
639.3,1.30478,-0.219627,0.73154,0.520737
639.4,1.33332,-0.366186,0.78752,0.544926
639.5,1.35528,-0.522859,0.840578,0.56678
639.6,1.36972,-0.689443,0.890321,0.5864
639.7,1.37554,-0.86562,0.936296,0.603845
639.8,1.37148,-1.05094,0.977983,0.619129
639.9,1.35614,-1.24478,1.01478,0.632224
640,1.32793,-1.44634,1.04601,0.64306
640.1,1.28509,-1.65462,1.07089,0.65152
640.2,1.2257,-1.86836,1.08854,0.657431
640.3,1.14769,-2.08604,1.09798,0.660561
640.4,1.04885,-2.30585,1.0981,0.660602
640.5,0.926915,-2.52563,1.08771,0.657153
640.6,0.779591,-2.7429,1.06549,0.649696
640.7,0.604683,-2.95483,1.03005,0.637551
640.8,0.400225,-3.15819,0.97992,0.619826
640.9,0.164667,-3.34945,0.913611,0.595317
641,-0.102893,-3.52474,0.829652,0.56236
641.1,-0.402415,-3.67995,0.726669,0.518574
641.2,-0.732585,-3.81082,0.603485,0.460376
641.3,-1.09044,-3.91311,0.459233,0.382032
641.4,-1.47099,-3.98274,0.293508,0.273558
641.5,-1.86689,-4.01607,0.106528,0.115583
641.6,-2.26817,-4.01013,-0.100682,0.115583
641.7,-2.66226,-3.96299,-0.326124,0.115583
641.8,-3.03415,-3.87402,-0.566667,0.115583
641.9,-3.36703,-3.74418,-0.81796,0.115583
642,-3.6433,-3.57629,-1.07442,0.115583
642.1,-3.84603,-3.37505,-1.32933,0.115583
642.2,-3.96061,-3.14708,-1.57512,0.115583
642.3,-3.97666,-2.90062,-1.80371,0.115583
642.4,-3.88965,-2.6451,-2.00711,0.115583
642.5,-3.70202,-2.39058,-2.17795,0.115583
642.6,-3.42351,-2.14698,-2.31017,0.115583
642.7,-3.07048,-1.9234,-2.39956,0.115583
642.8,-2.6644,-1.72745,-2.44408,0.115583
642.9,-2.22958,-1.56478,-2.44415,0.115583
643,-1.79059,-1.43876,-2.40243,0.115583
643.1,-1.36995,-1.35055,-2.32363,0.115583
643.2,-0.986255,-1.29921,-2.21396,0.115583
643.3,-0.653111,-1.2821,-2.08057,0.115583
643.4,-0.378833,-1.29533,-1.93098,0.115583
643.5,-0.166846,-1.33421,-1.77252,0.115583
643.6,-0.0165355,-1.39367,-1.61197,0.115583
643.7,0.0756936,-1.46859,-1.45524,0.115583
643.8,0.115344,-1.55409,-1.30724,0.115583
643.9,0.108897,-1.64563,-1.17184,0.115583
644,0.0630953,-1.73915,-1.05189,0.115583
644.1,-0.0155318,-1.83105,-0.949355,0.115583
644.2,-0.120939,-1.91818,-0.865399,0.115583
644.3,-0.24766,-1.99784,-0.800536,0.115583
644.4,-0.390784,-2.06772,-0.754734,0.115583
644.5,-0.54586,-2.12587,-0.727523,0.115583
644.6,-0.708766,-2.17065,-0.71807,0.115583
644.7,-0.875579,-2.2008,-0.725239,0.115583
644.8,-1.04246,-2.21536,-0.747633,0.115583
644.9,-1.20558,-2.2137,-0.783625,0.115583
645,-1.3611,-2.19559,-0.831378,0.115583
645.1,-1.50519,-2.16115,-0.888864,0.115583
645.2,-1.63409,-2.11091,-0.953886,0.115583
645.3,-1.74426,-2.0458,-1.02411,0.115583
645.4,-1.83251,-1.96714,-1.09709,0.115583
645.5,-1.89619,-1.87663,-1.17036,0.115583
645.6,-1.93338,-1.77629,-1.24145,0.115583
645.7,-1.94302,-1.66838,-1.30798,0.115583
645.8,-1.92504,-1.55536,-1.36776,0.115583
645.9,-1.88044,-1.43975,-1.41884,0.115583
646,-1.81121,-1.32407,-1.4596,0.115583
646.1,-1.72028,-1.21068,-1.48882,0.115583
646.2,-1.61136,-1.10175,-1.5057,0.115583
646.3,-1.48868,-0.999148,-1.50992,0.115583
646.4,-1.35675,-0.904371,-1.50157,0.115583
646.5,-1.2201,-0.818541,-1.4812,0.115583
646.6,-1.08304,-0.742379,-1.44971,0.115583
646.7,-0.949449,-0.676221,-1.40831,0.115583
646.8,-0.822609,-0.620053,-1.35844,0.115583
646.9,-0.705142,-0.573553,-1.30169,0.115583
647,-0.598964,-0.536154,-1.23969,0.115583
647.1,-0.505312,-0.507096,-1.17408,0.115583
647.2,-0.424801,-0.485487,-1.10644,0.115583
647.3,-0.357518,-0.470351,-1.03821,0.115583
647.4,-0.303118,-0.46068,-0.970705,0.115583
647.5,-0.260933,-0.455463,-0.905042,0.115583
647.6,-0.230062,-0.45372,-0.842168,0.115583
647.7,-0.209463,-0.454522,-0.782845,0.115583
647.8,-0.198018,-0.457002,-0.727658,0.115583
647.9,-0.194587,-0.460366,-0.677031,0.115583
648,-0.198049,-0.463895,-0.631238,0.115583
648.1,-0.207323,-0.466944,-0.590421,0.115583
648.2,-0.221388,-0.468947,-0.554611,0.115583
648.3,-0.239285,-0.469408,-0.52374,0.115583
648.4,-0.260122,-0.4679,-0.497658,0.115583
648.5,-0.283065,-0.464065,-0.47615,0.115583
648.6,-0.307342,-0.457606,-0.458942,0.115583
648.7,-0.332228,-0.448289,-0.445717,0.115583
648.8,-0.357049,-0.435941,-0.436121,0.115583
648.9,-0.381172,-0.420444,-0.429771,0.115583
649,-0.404007,-0.40174,-0.426264,0.115583
649.1,-0.425004,-0.379825,-0.425178,0.115583
649.2,-0.443655,-0.354747,-0.426084,0.115583
649.3,-0.459497,-0.326611,-0.428546,0.115583
649.4,-0.472117,-0.295568,-0.432129,0.115583
649.5,-0.481152,-0.261819,-0.436401,0.115583
649.6,-0.4863,-0.225608,-0.440941,0.115583
649.7,-0.487319,-0.187221,-0.44534,0.115583
649.8,-0.484032,-0.146979,-0.449211,0.115583
649.9,-0.476332,-0.105235,-0.452187,0.115583
650,-0.464183,-0.0623659,-0.453932,0.115583
650.1,-0.447617,-0.01877,-0.454141,0.115583
650.2,-0.426732,0.0251417,-0.452544,0.115583
650.3,-0.401694,0.0689504,-0.448908,0.115583
650.4,-0.372721,0.112236,-0.443044,0.115583
650.5,-0.340087,0.15458,-0.434801,0.115583
650.6,-0.304106,0.195577,-0.424072,0.115583
650.7,-0.265125,0.23483,-0.410793,0.115583
650.8,-0.223517,0.271962,-0.394937,0.115583
650.9,-0.179668,0.306614,-0.376519,0.115583
651,-0.133972,0.338448,-0.355589,0.115583
651.1,-0.0868188,0.367152,-0.332228,0.115583
651.2,-0.0385914,0.392435,-0.306549,0.115583
651.3,0.0103428,0.414029,-0.278686,0.115583
651.4,0.0596345,0.431691,-0.248799,0.115583
651.5,0.108955,0.445201,-0.21706,0.115583
651.6,0.157999,0.454357,-0.18366,0.115583
651.7,0.206482,0.45898,-0.148796,0.115583
651.8,0.254138,0.458908,-0.112674,0.115583
651.9,0.300723,0.453998,-0.0755042,0.115583
652,0.346003,0.444124,-0.0374999,0.115583
652.1,0.389756,0.429176,0.00112473,0.115583
652.2,0.431767,0.409062,0.0401548,0.046329
652.3,0.471819,0.383707,0.0793755,0.0882676
652.4,0.509694,0.353054,0.118572,0.127282
652.5,0.545164,0.317065,0.157528,0.163518
652.6,0.577987,0.275726,0.196026,0.197056
652.7,0.607905,0.229048,0.233846,0.228079
652.8,0.634636,0.177068,0.270762,0.256687
652.9,0.657874,0.119857,0.306542,0.282983
653,0.677284,0.0575211,0.340946,0.307056
653.1,0.692499,-0.009791,0.373724,0.328976
653.2,0.703121,-0.0818845,0.404611,0.348796
653.3,0.708714,-0.158512,0.43333,0.366546
653.4,0.708812,-0.239366,0.459587,0.38224
653.5,0.702913,-0.324075,0.483068,0.395867
653.6,0.690486,-0.412195,0.503442,0.407394
653.7,0.670975,-0.503204,0.520356,0.416763
653.8,0.643806,-0.596493,0.533438,0.423889
653.9,0.608393,-0.691366,0.542296,0.428656
654,0.564158,-0.787028,0.546518,0.430912
654.1,0.510543,-0.882586,0.54568,0.430464
654.2,0.447032,-0.977047,0.539344,0.427072
654.3,0.373178,-1.06932,0.52707,0.420433
654.4,0.288635,-1.1582,0.508422,0.41017
654.5,0.193194,-1.24242,0.482976,0.395814
654.6,0.0868293,-1.32062,0.450341,0.37677
654.7,-0.0302576,-1.39137,0.410167,0.352279
654.8,-0.157584,-1.45321,0.362175,0.32136
654.9,-0.294333,-1.50468,0.306168,0.282715
655,-0.439303,-1.54434,0.24207,0.23459
655.1,-0.590862,-1.57082,0.169942,0.174551
655.2,-0.746912,-1.58286,0.0900188,0.0991342
655.3,-0.904874,-1.5794,0.00273676,0.0991342
655.4,-1.0617,-1.55959,-0.0912423,0.0991342
655.5,-1.2139,-1.52289,-0.191008,0.0991342
655.6,-1.35765,-1.4691,-0.295386,0.0991342
655.7,-1.48889,-1.3984,-0.402938,0.0991342
655.8,-1.6035,-1.31144,-0.511972,0.0991342
655.9,-1.69748,-1.20928,-0.620569,0.0991342
656,-1.76721,-1.09346,-0.726629,0.0991342
656.1,-1.80969,-0.965901,-0.827935,0.0991342
656.2,-1.82273,-0.828934,-0.922231,0.0991342
656.3,-1.80517,-0.685157,-1.00732,0.0991342
656.4,-1.75702,-0.537369,-1.08116,0.0991342
656.5,-1.67947,-0.388452,-1.14195,0.0991342
656.6,-1.57487,-0.241252,-1.18824,0.0991342
656.7,-1.44661,-0.0984666,-1.219,0.0991342
656.8,-1.29887,0.037459,-1.23365,0.0991342
656.9,-1.13637,0.164412,-1.23209,0.0991342
657,-0.96403,0.280668,-1.21471,0.0991342
657.1,-0.786707,0.384918,-1.18229,0.0991342
657.2,-0.608899,0.47627,-1.13604,0.0991342
657.3,-0.434538,0.554217,-1.0774,0.0991342
657.4,-0.266847,0.618596,-1.00804,0.0991342
657.5,-0.108272,0.669527,-0.929759,0.0991342
657.6,0.0395184,0.707345,-0.844344,0.0991342
657.7,0.175577,0.732539,-0.753557,0.0991342
657.8,0.299581,0.745685,-0.659044,0.0991342
657.9,0.411714,0.747397,-0.562302,0.0991342
658,0.512533,0.738279,-0.464648,0.0991342
658.1,0.602849,0.718897,-0.367209,0.0991342
658.2,0.68361,0.689755,-0.270917,0.0991342
658.3,0.755809,0.651281,-0.176525,0.0991342
658.4,0.820408,0.603825,-0.0846202,0.0991342
658.5,0.878278,0.547661,0.00435417,0.0991342
658.6,0.930168,0.482993,0.090074,0.0991899
658.7,0.976671,0.409966,0.17231,0.176634
658.8,1.01821,0.328683,0.250903,0.241493
658.9,1.05505,0.239212,0.325741,0.296556
659,1.08728,0.141611,0.39674,0.343818
659.1,1.1148,0.0359394,0.463822,0.384726
659.2,1.13738,-0.077724,0.526904,0.420343
659.3,1.15462,-0.199263,0.585877,0.451457
659.4,1.16598,-0.328508,0.640599,0.478657
659.5,1.17074,-0.465214,0.690881,0.502375
659.6,1.1681,-0.609049,0.736481,0.522922
659.7,1.15707,-0.759571,0.777091,0.540511
659.8,1.13657,-0.916207,0.812339,0.555273
659.9,1.10538,-1.07824,0.841775,0.567262
660,1.06218,-1.24478,0.864872,0.576463
660.1,1.00554,-1.41476,0.88102,0.582794
660.2,0.933957,-1.5869,0.889532,0.586095
660.3,0.845892,-1.75971,0.889636,0.586136
660.4,0.739795,-1.93143,0.88049,0.582586
660.5,0.614177,-2.10011,0.861185,0.575006
660.6,0.467682,-2.2635,0.830763,0.562812
660.7,0.299189,-2.41913,0.788239,0.545229
660.8,0.107942,-2.56431,0.73263,0.52122
660.9,-0.106302,-2.69616,0.663001,0.489367
661,-0.34309,-2.81165,0.578513,0.447678
661.1,-0.601077,-2.90768,0.478491,0.39324
661.2,-0.877814,-2.9812,0.362505,0.32158
661.3,-1.16955,-3.02931,0.230461,0.225376
661.4,-1.47105,-3.04942,0.0827003,0.0916849
661.5,-1.77553,-3.03944,-0.0798952,0.0916849
661.6,-2.07463,-2.99791,-0.255805,0.0916849
661.7,-2.35857,-2.92427,-0.442786,0.0916849
661.8,-2.61653,-2.81896,-0.637826,0.0916849
661.9,-2.83721,-2.6836,-0.837141,0.0916849
662,-3.00954,-2.52104,-1.03623,0.0916849
662.1,-3.12367,-2.33535,-1.23004,0.0916849
662.2,-3.17192,-2.13174,-1.41312,0.0916849
662.3,-3.14972,-1.9163,-1.57998,0.0916849
662.4,-3.05636,-1.69572,-1.7254,0.0916849
662.5,-2.89534,-1.47689,-1.84478,0.0916849
662.6,-2.67429,-1.26648,-1.9345,0.0916849
662.7,-2.40442,-1.07055,-1.99218,0.0916849
662.8,-2.09955,-0.894149,-2.01688,0.0916849
662.9,-1.77482,-0.741106,-2.00914,0.0916849
663,-1.44536,-0.613882,-1.97088,0.0916849
663.1,-1.12504,-0.513565,-1.90525,0.0916849
663.2,-0.825524,-0.439981,-1.81631,0.0916849
663.3,-0.555695,-0.391891,-1.70871,0.0916849
663.4,-0.321431,-0.367233,-1.58736,0.0916849
663.5,-0.125774,-0.363385,-1.45711,0.0916849
663.6,0.030686,-0.377406,-1.32254,0.0916849
663.7,0.149269,-0.406246,-1.18774,0.0916849
663.8,0.232634,-0.446906,-1.0562,0.0916849
663.9,0.28424,-0.496554,-0.930822,0.0916849
664,0.307901,-0.552584,-0.813843,0.0916849
664.1,0.307442,-0.612656,-0.706941,0.0916849
664.2,0.286474,-0.674688,-0.611275,0.0916849
664.3,0.248258,-0.736847,-0.527567,0.0916849
664.4,0.195656,-0.79752,-0.456178,0.0916849
664.5,0.131133,-0.855285,-0.397183,0.0916849
664.6,0.0568012,-0.908879,-0.350433,0.0916849
664.7,-0.0255148,-0.957179,-0.315605,0.0916849
664.8,-0.114204,-0.999176,-0.292245,0.0916849
664.9,-0.207793,-1.03397,-0.279796,0.0916849
665,-0.304878,-1.06077,-0.277618,0.0916849
665.1,-0.404064,-1.07886,-0.284999,0.0916849
665.2,-0.503918,-1.08766,-0.301161,0.0916849
665.3,-0.602943,-1.08671,-0.325259,0.0916849
665.4,-0.69956,-1.07565,-0.356383,0.0916849
665.5,-0.792108,-1.05432,-0.393557,0.0916849
665.6,-0.878866,-1.02269,-0.435734,0.0916849
665.7,-0.95809,-0.9809,-0.481802,0.0916849
665.8,-1.02805,-0.929304,-0.530592,0.0916849
665.9,-1.08712,-0.868428,-0.580881,0.0916849
666,-1.13379,-0.798993,-0.631418,0.0916849
666.1,-1.1668,-0.721897,-0.680934,0.0916849
666.2,-1.18516,-0.638202,-0.728178,0.0916849
666.3,-1.18824,-0.549105,-0.771937,0.0916849
666.4,-1.17579,-0.455914,-0.811075,0.0916849
666.5,-1.14798,-0.360005,-0.844557,0.0916849
666.6,-1.1054,-0.262789,-0.871486,0.0916849
666.7,-1.04903,-0.165665,-0.891123,0.0916849
666.8,-0.980212,-0.069988,-0.902914,0.0916849
666.9,-0.900561,0.022972,-0.906496,0.0916849
667,-0.811906,0.112056,-0.901706,0.0916849
667.1,-0.716194,0.196242,-0.888579,0.0916849
667.2,-0.615397,0.274654,-0.867331,0.0916849
667.3,-0.511432,0.346573,-0.838344,0.0916849
667.4,-0.406085,0.411434,-0.802143,0.0916849
667.5,-0.300956,0.468816,-0.75936,0.0916849
667.6,-0.197413,0.51843,-0.710711,0.0916849
667.7,-0.0965788,0.5601,-0.656961,0.0916849
667.8,0.000678965,0.593741,-0.598898,0.0916849
667.9,0.0937354,0.619344,-0.537304,0.0916849
668,0.182186,0.636949,-0.472936,0.0916849
668.1,0.265815,0.646631,-0.406509,0.0916849
668.2,0.344564,0.648482,-0.338681,0.0916849
668.3,0.418488,0.642598,-0.270047,0.0916849
668.4,0.487725,0.629073,-0.201139,0.0916849
668.5,0.55246,0.607985,-0.132419,0.0916849
668.6,0.612896,0.579398,-0.0642869,0.0916849
668.7,0.669227,0.543358,0.00291239,0.0916849
668.8,0.721617,0.499896,0.0688856,0.0773496
668.9,0.770185,0.449028,0.133381,0.141334
669,0.81499,0.390763,0.196178,0.197184
669.1,0.856019,0.325109,0.25708,0.246267
669.2,0.893187,0.252076,0.315906,0.289648
669.3,0.926323,0.171691,0.372478,0.32816
669.4,0.955174,0.0840016,0.426614,0.362451
669.5,0.979394,-0.0109099,0.478123,0.393028
669.6,0.998552,-0.112918,0.526794,0.420282
669.7,1.01212,-0.221841,0.572391,0.444514
669.8,1.01949,-0.337431,0.614645,0.465946
669.9,1.01994,-0.459358,0.653251,0.484735
670,1.01268,-0.587197,0.68786,0.500981
670.1,0.996823,-0.720417,0.718075,0.514733
670.2,0.971389,-0.858363,0.743451,0.525987
670.3,0.935333,-1.00024,0.763487,0.53469
670.4,0.887543,-1.14511,0.777626,0.540739
670.5,0.826859,-1.29186,0.785257,0.543972
670.6,0.752102,-1.43921,0.785716,0.544166
670.7,0.662104,-1.58568,0.778289,0.54102
670.8,0.555758,-1.72961,0.762222,0.534145
670.9,0.432075,-1.86915,0.736732,0.523032
671,0.29026,-2.00223,0.701027,0.507022
671.1,0.129805,-2.12665,0.654324,0.485247
671.2,-0.0494017,-2.24005,0.595888,0.456548
671.3,-0.24695,-2.33994,0.525067,0.41934
671.4,-0.461769,-2.42381,0.441339,0.371386
671.5,-0.691982,-2.48915,0.344373,0.309392
671.6,-0.934771,-2.53356,0.234092,0.228275
671.7,-1.18626,-2.55487,0.110745,0.119707
671.8,-1.44143,-2.55125,-0.0250184,0.119707
671.9,-1.69415,-2.52135,-0.17208,0.119707
672,-1.93722,-2.46443,-0.32879,0.119707
672.1,-2.16263,-2.38049,-0.49293,0.119707
672.2,-2.36185,-2.27039,-0.661702,0.119707
672.3,-2.52635,-2.13591,-0.831758,0.119707
672.4,-2.64818,-1.97977,-0.99928,0.119707
672.5,-2.72063,-1.8056,-1.16011,0.119707
672.6,-2.73891,-1.61779,-1.30994,0.119707
672.7,-2.70069,-1.42134,-1.44453,0.119707
672.8,-2.60653,-1.2216,-1.55995,0.119707
672.9,-2.46,-1.02397,-1.65285,0.119707
673,-2.26752,-0.833649,-1.72068,0.119707
673.1,-2.03784,-0.655278,-1.76186,0.119707
673.2,-1.7814,-0.492767,-1.77589,0.119707
673.3,-1.50941,-0.349107,-1.76333,0.119707
673.4,-1.23295,-0.226291,-1.72579,0.119707
673.5,-0.96216,-0.12532,-1.66571,0.119707
673.6,-0.705652,-0.0462788,-1.58621,0.119707
673.7,-0.470079,0.0115285,-1.49083,0.119707
673.8,-0.260013,0.04941,-1.38331,0.119707
673.9,-0.0780309,0.069107,-1.26739,0.119707
674,0.0750477,0.0726221,-1.14657,0.119707
674.1,0.199811,0.0620702,-1.02406,0.119707
674.2,0.297874,0.0395584,-0.902649,0.119707
674.3,0.371511,0.00710011,-0.784658,0.119707
674.4,0.423329,-0.033441,-0.671965,0.119707
674.5,0.456018,-0.0803788,-0.566012,0.119707
674.6,0.472155,-0.132212,-0.467851,0.119707
674.7,0.474088,-0.187617,-0.3782,0.119707
674.8,0.463869,-0.245427,-0.297499,0.119707
674.9,0.443227,-0.30461,-0.225967,0.119707
675,0.413583,-0.364241,-0.163653,0.119707
675.1,0.376072,-0.423482,-0.110478,0.119707
675.2,0.331591,-0.481552,-0.0662758,0.119707
675.3,0.280848,-0.537715,-0.0308211,0.119707
675.4,0.224409,-0.59126,-0.00384891,0.119707
675.5,0.162747,-0.641493,0.0149295,0.0176523
675.6,0.0962951,-0.687732,0.025818,0.0302037
675.7,0.0254807,-0.729302,0.029132,0.0339703
675.8,-0.0492314,-0.76554,0.0251993,0.0295003
675.9,-0.127308,-0.795798,0.0143637,0.0169917
676,-0.208122,-0.819457,-0.00300857,0.0169917
676.1,-0.290929,-0.835933,-0.0265209,0.0169917
676.2,-0.374854,-0.844698,-0.0557374,0.0169917
676.3,-0.458887,-0.845292,-0.0901739,0.0169917
676.4,-0.541883,-0.837342,-0.12929,0.0169917
676.5,-0.62257,-0.820579,-0.17248,0.0169917
676.6,-0.699576,-0.794859,-0.219072,0.0169917
676.7,-0.771452,-0.760172,-0.268321,0.0169917
676.8,-0.836715,-0.716659,-0.319416,0.0169917
676.9,-0.893896,-0.664622,-0.371479,0.0169917
677,-0.941589,-0.604524,-0.423581,0.0169917
677.1,-0.978516,-0.536991,-0.474753,0.0169917
677.2,-1.00358,-0.462804,-0.524002,0.0169917
677.3,-1.01592,-0.382885,-0.570341,0.0169917
677.4,-1.01496,-0.298274,-0.612804,0.0169917
677.5,-1.00044,-0.210114,-0.650479,0.0169917
677.6,-0.97244,-0.119609,-0.682533,0.0169917
677.7,-0.931386,-0.0280036,-0.708237,0.0169917
677.8,-0.878021,0.0634549,-0.726985,0.0169917
677.9,-0.813383,0.153547,-0.738315,0.0169917
678,-0.73875,0.241111,-0.741922,0.0169917
678.1,-0.655581,0.325064,-0.737659,0.0169917
678.2,-0.565444,0.404424,-0.725537,0.0169917
678.3,-0.469952,0.478325,-0.705719,0.0169917
678.4,-0.370689,0.546018,-0.678504,0.0169917
678.5,-0.269155,0.606875,-0.644313,0.0169917
678.6,-0.166715,0.660384,-0.603658,0.0169917
678.7,-0.0645654,0.706137,-0.55713,0.0169917
678.8,0.0362889,0.74382,-0.505364,0.0169917
678.9,0.135041,0.773193,-0.449022,0.0169917
679,0.231079,0.79408,-0.388772,0.0169917
679.1,0.32397,0.806347,-0.325265,0.0169917
679.2,0.41344,0.80989,-0.259127,0.0169917
679.3,0.499349,0.80462,-0.190939,0.0169917
679.4,0.581657,0.790454,-0.121239,0.0169917
679.5,0.660401,0.767303,-0.0505128,0.0169917
679.6,0.73566,0.735069,0.0208074,0.0244638
679.7,0.807535,0.693637,0.092338,0.101474
679.8,0.876122,0.642879,0.163742,0.16906
679.9,0.941491,0.58265,0.234721,0.228776
680,1.00367,0.512792,0.305012,0.281886
680.1,1.06264,0.433139,0.374377,0.329403
680.2,1.11829,0.343523,0.442592,0.372139
680.3,1.17044,0.243782,0.509445,0.410739
680.4,1.21884,0.133766,0.574719,0.44572
680.5,1.26312,0.0133534,0.638192,0.477492
680.6,1.3028,-0.117544,0.69962,0.506381
680.7,1.33729,-0.258963,0.758732,0.532639
680.8,1.36588,-0.410876,0.815222,0.55646
680.9,1.38772,-0.573175,0.868738,0.577986
681,1.40183,-0.74565,0.918874,0.597309
681.1,1.40705,-0.927974,0.965161,0.614479
681.2,1.40208,-1.11967,1.00706,0.629505
681.3,1.38543,-1.32011,1.04394,0.64235
681.4,1.35543,-1.52846,1.0751,0.652937
681.5,1.31026,-1.74365,1.09972,0.661138
681.6,1.24788,-1.96439,1.11688,0.666772
681.7,1.16611,-2.18909,1.12556,0.669594
681.8,1.06265,-2.41584,1.12459,0.669281
681.9,0.935079,-2.6424,1.11273,0.665413
682,0.781004,-2.86616,1.08859,0.657447
682.1,0.598112,-3.08416,1.05071,0.644669
682.2,0.384344,-3.29302,0.997549,0.626136
682.3,0.138092,-3.48903,0.927545,0.600573
682.4,-0.141548,-3.66814,0.839157,0.566208
682.5,-0.454456,-3.82607,0.730954,0.520477
682.6,-0.799131,-3.95837,0.601716,0.459487
682.7,-1.17228,-4.06063,0.450564,0.376902
682.8,-1.56842,-4.12864,0.277121,0.261459
682.9,-1.97952,-4.15867,0.0816876,0.0906477
683,-2.39474,-4.14778,-0.134565,0.0906477
683.1,-2.80046,-4.0941,-0.369412,0.0906477
683.2,-3.18052,-3.99723,-0.619415,0.0906477
683.3,-3.51698,-3.85848,-0.879832,0.0906477
683.4,-3.79123,-3.68111,-1.14462,0.0906477
683.5,-3.98563,-3.47045,-1.40658,0.0906477
683.6,-4.08537,-3.23376,-1.65764,0.0906477
683.7,-4.0805,-2.97996,-1.88928,0.0906477
683.8,-3.96757,-2.71915,-2.09319,0.0906477
683.9,-3.75074,-2.46189,-2.26186,0.0906477
684,-3.44195,-2.21849,-2.38927,0.0906477
684.1,-3.05995,-1.99818,-2.47146,0.0906477
684.2,-2.62845,-1.80848,-2.50688,0.0906477
684.3,-2.17359,-1.65472,-2.49653,0.0906477
684.4,-1.72114,-1.5398,-2.44379,0.0906477
684.5,-1.29412,-1.46428,-2.35408,0.0906477
684.6,-0.910902,-1.42657,-2.23427,0.0906477
684.7,-0.584372,-1.42343,-2.09205,0.0906477
684.8,-0.321774,-1.45041,-1.93535,0.0906477
684.9,-0.125331,-1.50233,-1.77177,0.0906477
685,0.00674688,-1.57375,-1.60821,0.0906477
685.1,0.0790848,-1.65929,-1.45058,0.0906477
685.2,0.0980191,-1.75386,-1.3037,0.0906477
685.3,0.0706599,-1.85281,-1.17129,0.0906477
685.4,0.00420497,-1.95198,-1.05604,0.0906477
685.5,-0.0944936,-2.04772,-0.959688,0.0906477
685.6,-0.219144,-2.13688,-0.883201,0.0906477
685.7,-0.364064,-2.21675,-0.826879,0.0906477
685.8,-0.524116,-2.28504,-0.790478,0.0906477
685.9,-0.694586,-2.33986,-0.773312,0.0906477
686,-0.871039,-2.37966,-0.774326,0.0906477
686.1,-1.04919,-2.40329,-0.79215,0.0906477
686.2,-1.22478,-2.40996,-0.825142,0.0906477
686.3,-1.39359,-2.39927,-0.871409,0.0906477
686.4,-1.55136,-2.37124,-0.928837,0.0906477
686.5,-1.69392,-2.32634,-0.995111,0.0906477
686.6,-1.8173,-2.26547,-1.06775,0.0906477
686.7,-1.91787,-2.18995,-1.14414,0.0906477
686.8,-1.99257,-2.10154,-1.22159,0.0906477
686.9,-2.0391,-2.00235,-1.29744,0.0906477
687,-2.05609,-1.8948,-1.36908,0.0906477
687.1,-2.04328,-1.78151,-1.43407,0.0906477
687.2,-2.00157,-1.66521,-1.49025,0.0906477
687.3,-1.93303,-1.54861,-1.5358,0.0906477
687.4,-1.84077,-1.43429,-1.56931,0.0906477
687.5,-1.7288,-1.32462,-1.58986,0.0906477
687.6,-1.60178,-1.22161,-1.59704,0.0906477
687.7,-1.46471,-1.12689,-1.59092,0.0906477
687.8,-1.32262,-1.04168,-1.57206,0.0906477
687.9,-1.18031,-0.966716,-1.54142,0.0906477
688,-1.04211,-0.902328,-1.50032,0.0906477
688.1,-0.911681,-0.848443,-1.45033,0.0906477
688.2,-0.791938,-0.804648,-1.39319,0.0906477
688.3,-0.684988,-0.77025,-1.33069,0.0906477
688.4,-0.592164,-0.744345,-1.26464,0.0906477
688.5,-0.514099,-0.725883,-1.19675,0.0906477
688.6,-0.45082,-0.713725,-1.12861,0.0906477
688.7,-0.401871,-0.706699,-1.06163,0.0906477
688.8,-0.366423,-0.703637,-0.997027,0.0906477
688.9,-0.34339,-0.703411,-0.935809,0.0906477
689,-0.331521,-0.704957,-0.878776,0.0906477
689.1,-0.329478,-0.707288,-0.826526,0.0906477
689.2,-0.335895,-0.709506,-0.779475,0.0906477
689.3,-0.349418,-0.710808,-0.737866,0.0906477
689.4,-0.368739,-0.710483,-0.701794,0.0906477
689.5,-0.392605,-0.707919,-0.671223,0.0906477
689.6,-0.419831,-0.702596,-0.646004,0.0906477
689.7,-0.4493,-0.694085,-0.625892,0.0906477
689.8,-0.479961,-0.682046,-0.610565,0.0906477
689.9,-0.510834,-0.666227,-0.599632,0.0906477
690,-0.541,-0.64646,-0.59265,0.0906477
690.1,-0.569606,-0.622658,-0.589134,0.0906477
690.2,-0.595865,-0.594815,-0.588568,0.0906477
690.3,-0.619059,-0.563002,-0.590411,0.0906477
690.4,-0.638547,-0.527363,-0.594112,0.0906477
690.5,-0.653765,-0.488111,-0.599112,0.0906477
690.6,-0.664239,-0.445524,-0.604859,0.0906477
690.7,-0.669588,-0.399937,-0.610811,0.0906477
690.8,-0.669532,-0.351737,-0.616445,0.0906477
690.9,-0.663893,-0.301354,-0.621269,0.0906477
691,-0.652602,-0.249254,-0.624824,0.0906477
691.1,-0.635692,-0.195926,-0.626693,0.0906477
691.2,-0.6133,-0.141879,-0.626509,0.0906477
691.3,-0.585657,-0.0876256,-0.623955,0.0906477
691.4,-0.55308,-0.0336795,-0.618773,0.0906477
691.5,-0.515958,0.0194573,-0.61076,0.0906477
691.6,-0.474741,0.0712996,-0.599775,0.0906477
691.7,-0.429922,0.121386,-0.585735,0.0906477
691.8,-0.382024,0.169284,-0.568612,0.0906477
691.9,-0.33158,0.214591,-0.548434,0.0906477
692,-0.279126,0.256942,-0.525274,0.0906477
692.1,-0.225179,0.296006,-0.49925,0.0906477
692.2,-0.170234,0.331486,-0.470517,0.0906477
692.3,-0.114752,0.363119,-0.43926,0.0906477
692.4,-0.0591539,0.390676,-0.405689,0.0906477
692.5,-0.00381901,0.413955,-0.370031,0.0906477
692.6,0.0509171,0.432781,-0.332528,0.0906477
692.7,0.104761,0.447003,-0.293425,0.0906477
692.8,0.157459,0.456489,-0.252974,0.0906477
692.9,0.20879,0.461125,-0.211421,0.0906477
693,0.258564,0.460813,-0.169012,0.0906477
693.1,0.306613,0.455467,-0.125984,0.0906477
693.2,0.352783,0.445014,-0.0825682,0.0906477
693.3,0.396932,0.429393,-0.0389868,0.0906477
693.4,0.438918,0.408552,0.00454517,0.0906477
693.5,0.478597,0.382454,0.0478196,0.0547679
693.6,0.515813,0.351072,0.0906339,0.099755
693.7,0.550394,0.314398,0.132789,0.140781
693.8,0.582151,0.27244,0.174089,0.178194
693.9,0.610867,0.225226,0.214336,0.212304
694,0.636298,0.172811,0.253328,0.243372
694.1,0.658167,0.115281,0.29086,0.271622
694.2,0.676164,0.0527518,0.326716,0.297237
694.3,0.689944,-0.0146172,0.360672,0.320361
694.4,0.699124,-0.0866228,0.392489,0.34111
694.5,0.703283,-0.16301,0.421912,0.359564
694.6,0.701966,-0.243466,0.448669,0.375774
694.7,0.694682,-0.327613,0.472471,0.389763
694.8,0.680911,-0.415001,0.493004,0.401522
694.9,0.660107,-0.505106,0.509938,0.411013
695,0.631708,-0.597315,0.522917,0.418166
695.1,0.595143,-0.69093,0.531568,0.422876
695.2,0.54985,-0.785156,0.535498,0.425001
695.3,0.49529,-0.879102,0.5343,0.424355
695.4,0.430971,-0.971778,0.527556,0.420697
695.5,0.356472,-1.0621,0.514843,0.413728
695.6,0.27148,-1.14887,0.495744,0.40307
695.7,0.17582,-1.23084,0.46986,0.388248
695.8,0.0695042,-1.30666,0.43682,0.368661
695.9,-0.0472258,-1.37494,0.396299,0.343537
696,-0.173846,-1.43423,0.348043,0.311883
696.1,-0.3095,-1.48312,0.291883,0.272372
696.2,-0.452949,-1.52019,0.227771,0.223218
696.3,-0.602533,-1.54412,0.155797,0.161941
696.4,-0.756136,-1.55372,0.0762239,0.0850093
696.5,-0.911177,-1.54796,-0.0104856,0.0850093
696.6,-1.06462,-1.52606,-0.103646,0.0850093
696.7,-1.21303,-1.48753,-0.202329,0.0850093
696.8,-1.35264,-1.43222,-0.305349,0.0850093
696.9,-1.47949,-1.36038,-0.411266,0.0850093
697,-1.58957,-1.27266,-0.518394,0.0850093
697.1,-1.67904,-1.17017,-0.624836,0.0850093
697.2,-1.74445,-1.05445,-0.728525,0.0850093
697.3,-1.78296,-0.927431,-0.827289,0.0850093
697.4,-1.79255,-0.791412,-0.918931,0.0850093
697.5,-1.7722,-0.648954,-1.00132,0.0850093
697.6,-1.72204,-0.502801,-1.07249,0.0850093
697.7,-1.64333,-0.355765,-1.13071,0.0850093
697.8,-1.53846,-0.210616,-1.17462,0.0850093
697.9,-1.41077,-0.0699716,-1.20323,0.0850093
698,-1.26437,0.0638014,-1.21603,0.0850093
698.1,-1.10385,0.188662,-1.21295,0.0850093
698.2,-0.933979,0.302949,-1.19441,0.0850093
698.3,-0.759449,0.405401,-1.1612,0.0850093
698.4,-0.584581,0.495156,-1.1145,0.0850093
698.5,-0.413145,0.571728,-1.05574,0.0850093
698.6,-0.248224,0.634954,-0.986546,0.0850093
698.7,-0.0921508,0.684943,-0.908658,0.0850093
698.8,0.053488,0.722011,-0.823825,0.0850093
698.9,0.187797,0.746617,-0.733748,0.0850093
699,0.310478,0.759303,-0.640025,0.0850093
699.1,0.421713,0.760645,-0.544103,0.0850093
699.2,0.522044,0.751209,-0.447256,0.0850093
699.3,0.612251,0.731523,-0.350575,0.0850093
699.4,0.693245,0.702055,-0.254962,0.0850093
699.5,0.765979,0.663199,-0.161148,0.0850093
699.6,0.831374,0.615273,-0.0697023,0.0850093
699.7,0.890266,0.558521,0.0189438,0.022312
699.8,0.943364,0.49312,0.104473,0.113576
699.9,0.991234,0.419192,0.186659,0.189084
700,1.03428,0.336813,0.265344,0.252586
700.1,1.07273,0.246031,0.340414,0.306691
700.2,1.10665,0.146881,0.41178,0.353286
700.3,1.13596,0.039403,0.479361,0.39374
700.4,1.16038,-0.0763453,0.543066,0.429068
700.5,1.17951,-0.200268,0.60278,0.460022
700.6,1.19278,-0.332213,0.658355,0.487165
700.7,1.19949,-0.471957,0.709592,0.510912
700.8,1.19879,-0.619185,0.756241,0.531561
700.9,1.18968,-0.773471,0.797985,0.549316
701,1.17106,-0.93426,0.83444,0.564302
701.1,1.14165,-1.10085,0.865141,0.576569
701.2,1.1001,-1.27235,0.889547,0.586101
701.3,1.04493,-1.44771,0.907029,0.592814
701.4,0.974568,-1.62565,0.916876,0.596554
701.5,0.887386,-1.80465,0.918288,0.597088
701.6,0.781743,-1.98296,0.91039,0.594094
701.7,0.656035,-2.15858,0.892232,0.587139
701.8,0.508777,-2.32923,0.862808,0.575648
701.9,0.338705,-2.49237,0.821075,0.558863
702,0.144904,-2.64524,0.765987,0.535765
702.1,-0.0730282,-2.78485,0.696532,0.504969
702.2,-0.3148,-2.90805,0.611789,0.464526
702.3,-0.579206,-3.01161,0.510994,0.411599
702.4,-0.863906,-3.09231,0.393624,0.341835
702.5,-1.1652,-3.14708,0.259493,0.248119
702.6,-1.47783,-3.17312,0.108857,0.117864
702.7,-1.79485,-3.16816,-0.0574691,0.117864
702.8,-2.10764,-3.13056,-0.238006,0.117864
702.9,-2.40601,-3.05961,-0.430517,0.117864
703,-2.67854,-2.95563,-0.631946,0.117864
703.1,-2.91322,-2.8202,-0.838406,0.117864
703.2,-3.09817,-2.65619,-1.04524,0.117864
703.3,-3.22269,-2.46779,-1.24714,0.117864
703.4,-3.27832,-2.26041,-1.4384,0.117864
703.5,-3.25988,-2.04043,-1.6132,0.117864
703.6,-3.16631,-1.8149,-1.76596,0.117864
703.7,-3.00107,-1.59108,-1.89177,0.117864
703.8,-2.77213,-1.37607,-1.98672,0.117864
703.9,-2.49139,-1.17625,-2.04824,0.117864
704,-2.17358,-0.996994,-2.07527,0.117864
704.1,-1.83495,-0.842337,-2.06834,0.117864
704.2,-1.49171,-0.714844,-2.0295,0.117864
704.3,-1.15876,-0.615605,-1.96208,0.117864
704.4,-0.848557,-0.544358,-1.87041,0.117864
704.5,-0.570544,-0.499697,-1.75943,0.117864
704.6,-0.330901,-0.479342,-1.63438,0.117864
704.7,-0.132732,-0.480423,-1.50042,0.117864
704.8,0.0234907,-0.499742,-1.36238,0.117864
704.9,0.139335,-0.533997,-1.22458,0.117864
705,0.217779,-0.579956,-1.09071,0.117864
705.1,0.262629,-0.634572,-0.963773,0.117864
705.2,0.278038,-0.695055,-0.846104,0.117864
705.3,0.268147,-0.758898,-0.739421,0.117864
705.4,0.236847,-0.82388,-0.644897,0.117864
705.5,0.18765,-0.888046,-0.563239,0.117864
705.6,0.123643,-0.949679,-0.494773,0.117864
705.7,0.0475023,-1.00727,-0.439519,0.117864
705.8,-0.038455,-1.05949,-0.397262,0.117864
705.9,-0.132193,-1.10516,-0.367597,0.117864
706,-0.231875,-1.14324,-0.349977,0.117864
706.1,-0.335785,-1.17283,-0.343738,0.117864
706.2,-0.442255,-1.19313,-0.348118,0.117864
706.3,-0.549608,-1.20349,-0.362269,0.117864
706.4,-0.65612,-1.20341,-0.385263,0.117864
706.5,-0.759994,-1.19252,-0.416091,0.117864
706.6,-0.859364,-1.17063,-0.453668,0.117864
706.7,-0.952311,-1.13774,-0.49683,0.117864
706.8,-1.0369,-1.09404,-0.544341,0.117864
706.9,-1.11124,-1.03993,-0.594899,0.117864
707,-1.17354,-0.976023,-0.647151,0.117864
707.1,-1.22219,-0.903132,-0.69971,0.117864
707.2,-1.25585,-0.822266,-0.751182,0.117864
707.3,-1.27351,-0.734609,-0.800192,0.117864
707.4,-1.27458,-0.641487,-0.845419,0.117864
707.5,-1.25889,-0.544334,-0.885632,0.117864
707.6,-1.22676,-0.444649,-0.919726,0.117864
707.7,-1.17898,-0.343952,-0.946752,0.117864
707.8,-1.11676,-0.243739,-0.96595,0.117864
707.9,-1.0417,-0.145435,-0.976765,0.117864
708,-0.955703,-0.0503607,-0.978863,0.117864
708.1,-0.860861,0.0403013,-0.972133,0.117864
708.2,-0.759372,0.125529,-0.956678,0.117864
708.3,-0.653429,0.204475,-0.932804,0.117864
708.4,-0.545126,0.276468,-0.90099,0.117864
708.5,-0.436382,0.341009,-0.861861,0.117864
708.6,-0.328881,0.397757,-0.816155,0.117864
708.7,-0.224031,0.446516,-0.764687,0.117864
708.8,-0.122953,0.487207,-0.708313,0.117864
708.9,-0.0264791,0.519847,-0.647903,0.117864
709,0.0648261,0.544527,-0.584307,0.117864
709.1,0.150637,0.561388,-0.518339,0.117864
709.2,0.230826,0.570599,-0.450754,0.117864
709.3,0.305425,0.572344,-0.38224,0.117864
709.4,0.37458,0.566808,-0.313413,0.117864
709.5,0.438515,0.554165,-0.244808,0.117864
709.6,0.49749,0.534571,-0.17689,0.117864
709.7,0.551776,0.508167,-0.110052,0.117864
709.8,0.601624,0.475069,-0.0446256,0.117864
709.9,0.647251,0.43538,0.0191132,0.0225031
710,0.688817,0.389184,0.0809308,0.0898681
710.1,0.726418,0.336559,0.140629,0.148081
710.2,0.76008,0.277581,0.198034,0.19875
710.3,0.789747,0.21233,0.252987,0.243108
710.4,0.815288,0.1409,0.305335,0.282117
710.5,0.836488,0.063406,0.354925,0.316521
710.6,0.853052,-0.0200017,0.401591,0.346891
710.7,0.864605,-0.109133,0.445153,0.373674
710.8,0.870694,-0.203745,0.485409,0.397205
710.9,0.870792,-0.303533,0.522129,0.417734
711,0.8643,-0.408117,0.555049,0.435438
711.1,0.850552,-0.517035,0.583874,0.450432
711.2,0.828824,-0.629728,0.608267,0.46277
711.3,0.798338,-0.745533,0.627853,0.472456
711.4,0.75828,-0.863669,0.642219,0.479439
711.5,0.707812,-0.983233,0.650908,0.483615
711.6,0.646092,-1.10319,0.65343,0.48482
711.7,0.572304,-1.22235,0.649261,0.482826
711.8,0.48569,-1.33942,0.637852,0.477336
711.9,0.385594,-1.45293,0.618639,0.467923
712,0.271511,-1.56128,0.591056,0.454097
712.1,0.143153,-1.66277,0.554551,0.435176
712.2,0.000518089,-1.75557,0.508614,0.410278
712.3,-0.156031,-1.83778,0.452797,0.378229
712.4,-0.325677,-1.90749,0.386752,0.337432
712.5,-0.507062,-1.96277,0.310268,0.285645
712.6,-0.698205,-2.00176,0.22331,0.219619
712.7,-0.896427,-2.02276,0.126071,0.134442
712.8,-1.09831,-2.0243,0.0190147,0.0223939
712.9,-1.29971,-2.0052,-0.0970777,0.0223939
713,-1.49574,-1.9647,-0.221069,0.0223939
713.1,-1.68097,-1.90252,-0.35144,0.0223939
713.2,-1.84955,-1.81896,-0.486272,0.0223939
713.3,-1.99549,-1.71492,-0.623268,0.0223939
713.4,-2.11298,-1.59199,-0.759783,0.0223939
713.5,-2.19683,-1.45237,-0.892898,0.0223939
713.6,-2.2428,-1.29889,-1.01952,0.0223939
713.7,-2.24803,-1.13488,-1.13651,0.0223939
713.8,-2.21135,-0.964056,-1.24085,0.0223939
713.9,-2.13346,-0.790344,-1.32975,0.0223939
714,-2.01695,-0.617706,-1.40089,0.0223939
714.1,-1.86623,-0.449948,-1.45248,0.0223939
714.2,-1.68717,-0.29054,-1.48339,0.0223939
714.3,-1.48669,-0.142472,-1.49322,0.0223939
714.4,-1.27224,-0.00814452,-1.48231,0.0223939
714.5,-1.05131,0.110688,-1.45165,0.0223939
714.6,-0.830849,0.212926,-1.40286,0.0223939
714.7,-0.616971,0.298086,-1.33801,0.0223939
714.8,-0.41462,0.36623,-1.25949,0.0223939
714.9,-0.227467,0.417866,-1.16991,0.0223939
715,-0.0579014,0.453836,-1.07187,0.0223939
715.1,0.0928585,0.475214,-0.967938,0.0223939
715.2,0.224596,0.483198,-0.860468,0.0223939
715.3,0.337876,0.479028,-0.751588,0.0223939
715.4,0.433825,0.463921,-0.643139,0.0223939
715.5,0.513915,0.439021,-0.536658,0.0223939
715.6,0.579787,0.405369,-0.433391,0.0223939
715.7,0.633098,0.363889,-0.334302,0.0223939
715.8,0.675415,0.315387,-0.240113,0.0223939
715.9,0.708141,0.260558,-0.151335,0.0223939
716,0.732467,0.199999,-0.0683059,0.0223939
716.1,0.749355,0.134226,0.00877037,0.0104632
716.2,0.759532,0.0636949,0.0797895,0.088693
716.3,0.763499,-0.0111767,0.144715,0.151852
716.4,0.76155,-0.0899913,0.203552,0.203377
716.5,0.753794,-0.172352,0.256324,0.245684
716.6,0.740178,-0.257842,0.303053,0.280477
716.7,0.720511,-0.346014,0.343748,0.308967
716.8,0.694491,-0.436371,0.378395,0.332024
716.9,0.661732,-0.528352,0.406946,0.350262
717,0.621784,-0.621329,0.429319,0.364104
717.1,0.574164,-0.714591,0.445393,0.373818
717.2,0.518378,-0.807341,0.455016,0.379543
717.3,0.453952,-0.89869,0.457999,0.381305
717.4,0.380463,-0.987658,0.454132,0.37902
717.5,0.297573,-1.07318,0.443188,0.372496
717.6,0.205063,-1.15409,0.424932,0.36142
717.7,0.102881,-1.22918,0.399142,0.345343
717.8,-0.00881935,-1.29715,0.36562,0.323645
717.9,-0.12963,-1.35669,0.324213,0.295489
718,-0.258842,-1.40645,0.274837,0.25975
718.1,-0.395399,-1.44513,0.217498,0.214893
718.2,-0.537859,-1.47148,0.152322,0.158798
718.3,-0.684365,-1.48435,0.0795787,0.0884766
718.4,-0.832629,-1.48274,-0.000288513,0.0884766
718.5,-0.979942,-1.46587,-0.0866416,0.0884766
718.6,-1.12321,-1.43321,-0.178626,0.0884766
718.7,-1.25902,-1.38453,-0.275158,0.0884766
718.8,-1.38374,-1.31997,-0.374921,0.0884766
718.9,-1.49367,-1.24002,-0.476373,0.0884766
719,-1.58519,-1.14561,-0.577769,0.0884766
719.1,-1.65499,-1.03805,-0.677198,0.0884766
719.2,-1.70024,-0.919041,-0.772641,0.0884766
719.3,-1.71883,-0.790634,-0.862031,0.0884766
719.4,-1.70949,-0.655152,-0.943338,0.0884766
719.5,-1.67197,-0.515116,-1.01465,0.0884766
719.6,-1.60705,-0.373152,-1.07428,0.0884766
719.7,-1.51656,-0.231886,-1.12079,0.0884766
719.8,-1.40325,-0.0938437,-1.15314,0.0884766
719.9,-1.27066,0.0386442,-1.17067,0.0884766
720,-1.12285,0.163519,-1.17314,0.0884766
720.1,-0.964181,0.279049,-1.16074,0.0884766
720.2,-0.799014,0.383865,-1.13408,0.0884766
720.3,-0.631502,0.476965,-1.0941,0.0884766
720.4,-0.465364,0.557702,-1.04201,0.0884766
720.5,-0.303745,0.625748,-0.979274,0.0884766
720.6,-0.149134,0.681047,-0.907446,0.0884766
720.7,-0.00333321,0.723764,-0.828154,0.0884766
720.8,0.132507,0.754219,-0.743009,0.0884766
720.9,0.257824,0.772838,-0.653546,0.0884766
721,0.372547,0.780102,-0.561185,0.0884766
721.1,0.476987,0.776501,-0.467197,0.0884766
721.2,0.571732,0.762505,-0.372689,0.0884766
721.3,0.657539,0.738537,-0.278597,0.0884766
721.4,0.735248,0.70496,-0.185692,0.0884766
721.5,0.805704,0.66207,-0.0945902,0.0884766
721.6,0.869703,0.61009,-0.00577169,0.0884766
721.7,0.927943,0.549181,0.0804012,0.0893248
721.8,0.981001,0.479445,0.163661,0.168991
721.9,1.02931,0.400937,0.243815,0.23596
722,1.07314,0.31368,0.320719,0.293041
722.1,1.11263,0.217676,0.394267,0.342245
722.2,1.14773,0.112922,0.464361,0.385041
722.3,1.17825,-0.000571506,0.530906,0.422518
722.4,1.20385,-0.122767,0.593788,0.455485
722.5,1.22403,-0.253581,0.652865,0.48455
722.6,1.23814,-0.392869,0.707952,0.510169
722.7,1.2454,-0.540405,0.758815,0.532675
722.8,1.24488,-0.695863,0.80516,0.552303
722.9,1.23551,-0.858798,0.846627,0.569209
723,1.21605,-1.02862,0.882778,0.583476
723.1,1.18517,-1.20459,0.913095,0.595121
723.2,1.14136,-1.38577,0.936976,0.604098
723.3,1.08304,-1.57103,0.953727,0.610294
723.4,1.0085,-1.75899,0.962562,0.613531
723.5,0.915952,-1.94804,0.962606,0.613548
723.6,0.803613,-2.13631,0.952896,0.60999
723.7,0.669721,-2.32163,0.932391,0.602388
723.8,0.512645,-2.50155,0.899986,0.590121
723.9,0.330995,-2.67336,0.854538,0.572368
724,0.123768,-2.83405,0.794897,0.548025
724.1,-0.109472,-2.98041,0.719954,0.515576
724.2,-0.368378,-3.10905,0.628699,0.47287
724.3,-0.651574,-3.21647,0.5203,0.416729
724.4,-0.956403,-3.29924,0.394192,0.342176
724.5,-1.27867,-3.35407,0.250194,0.240942
724.6,-1.6124,-3.37802,0.0886224,0.0977204
724.7,-1.94976,-3.36871,-0.0895782,0.0977204
724.8,-2.28098,-3.32456,-0.282712,0.0977204
724.9,-2.59461,-3.24497,-0.488233,0.0977204
725,-2.8779,-3.13056,-0.702679,0.0977204
725.1,-3.11752,-2.98335,-0.921669,0.0977204
725.2,-3.30054,-2.80679,-1.13998,0.0977204
725.3,-3.41556,-2.60578,-1.35173,0.0977204
725.4,-3.45399,-2.38651,-1.55062,0.0977204
725.5,-3.41119,-2.15617,-1.73033,0.0977204
725.6,-3.28733,-1.92254,-1.88492,0.0977204
725.7,-3.08776,-1.69356,-2.00929,0.0977204
725.8,-2.82279,-1.47674,-2.09957,0.0977204
725.9,-2.50684,-1.2787,-2.15345,0.0977204
726,-2.15708,-1.10477,-2.17035,0.0977204
726.1,-1.79181,-0.958738,-2.15147,0.0977204
726.2,-1.42871,-0.842708,-2.0996,0.0977204
726.3,-1.08345,-0.757178,-2.01885,0.0977204
726.4,-0.7686,-0.701212,-1.91433,0.0977204
726.5,-0.493128,-0.67272,-1.79163,0.0977204
726.6,-0.262339,-0.668774,-1.65653,0.0977204
726.7,-0.0782354,-0.685923,-1.51458,0.0977204
726.8,0.0598764,-0.720474,-1.37086,0.0977204
726.9,0.154665,-0.768728,-1.22979,0.0977204
727,0.210064,-0.827136,-1.09507,0.0977204
727.1,0.230654,-0.892408,-0.969614,0.0977204
727.2,0.221185,-0.96157,-0.855632,0.0977204
727.3,0.186237,-1.03197,-0.754665,0.0977204
727.4,0.130027,-1.10129,-0.667693,0.0977204
727.5,0.0563186,-1.16747,-0.59522,0.0977204
727.6,-0.0315805,-1.22874,-0.53737,0.0977204
727.7,-0.130771,-1.28355,-0.493957,0.0977204
727.8,-0.238678,-1.33052,-0.464556,0.0977204
727.9,-0.352962,-1.3685,-0.448547,0.0977204
728,-0.471421,-1.39648,-0.445157,0.0977204
728.1,-0.591914,-1.41362,-0.453477,0.0977204
728.2,-0.712296,-1.41927,-0.472484,0.0977204
728.3,-0.83038,-1.41296,-0.501045,0.0977204
728.4,-0.943921,-1.39443,-0.537923,0.0977204
728.5,-1.05063,-1.36364,-0.581784,0.0977204
728.6,-1.14819,-1.32078,-0.631201,0.0977204
728.7,-1.23436,-1.26627,-0.684667,0.0977204
728.8,-1.30701,-1.2008,-0.740607,0.0977204
728.9,-1.36423,-1.12529,-0.797404,0.0977204
729,-1.40443,-1.0409,-0.85343,0.0977204
729.1,-1.42643,-0.94898,-0.907077,0.0977204
729.2,-1.42953,-0.851045,-0.956801,0.0977204
729.3,-1.41359,-0.748741,-1.00117,0.0977204
729.4,-1.37905,-0.643777,-1.03889,0.0977204
729.5,-1.32692,-0.53788,-1.06887,0.0977204
729.6,-1.25873,-0.43273,-1.09025,0.0977204
729.7,-1.17646,-0.329916,-1.1024,0.0977204
729.8,-1.08248,-0.230883,-1.10499,0.0977204
729.9,-0.979321,-0.136899,-1.09792,0.0977204
730,-0.869659,-0.049028,-1.08137,0.0977204
730.1,-0.756111,0.0318842,-1.05575,0.0977204
730.2,-0.641149,0.105209,-1.02168,0.0977204
730.3,-0.526998,0.170529,-0.979927,0.0977204
730.4,-0.415572,0.227616,-0.931407,0.0977204
730.5,-0.308431,0.27641,-0.877096,0.0977204
730.6,-0.206769,0.316989,-0.818016,0.0977204
730.7,-0.111427,0.34954,-0.755183,0.0977204
730.8,-0.0229228,0.374327,-0.689585,0.0977204
730.9,0.0585069,0.391669,-0.622148,0.0977204
731,0.132855,0.40191,-0.553723,0.0977204
731.1,0.200291,0.405407,-0.48507,0.0977204
731.2,0.261109,0.402507,-0.416857,0.0977204
731.3,0.315679,0.393543,-0.349652,0.0977204
731.4,0.364406,0.378824,-0.283935,0.0977204
731.5,0.407701,0.358634,-0.220102,0.0977204
731.6,0.445943,0.333229,-0.15847,0.0977204
731.7,0.479472,0.302842,-0.0992942,0.0977204
731.8,0.508566,0.267687,-0.0427757,0.0977204
731.9,0.533434,0.227963,0.0109272,0.0129602
732,0.554216,0.18386,0.0616876,0.0697344
732.1,0.570977,0.13557,0.1094,0.118396
732.2,0.58371,0.0832891,0.153973,0.160294
732.3,0.59234,0.0272302,0.195319,0.196459
732.4,0.596729,-0.0323737,0.233347,0.227681
732.5,0.596681,-0.0952599,0.267961,0.25457
732.6,0.591948,-0.16113,0.299052,0.277588
732.7,0.582238,-0.229641,0.326496,0.297083
732.8,0.567226,-0.300402,0.35015,0.313307
732.9,0.546558,-0.372968,0.369854,0.326438
733,0.519866,-0.446831,0.385428,0.336579
733.1,0.486779,-0.521423,0.396673,0.343776
733.2,0.446934,-0.596106,0.403375,0.348017
733.3,0.399994,-0.670174,0.405307,0.349233
733.4,0.345665,-0.742852,0.402233,0.347297
733.5,0.283718,-0.813301,0.393914,0.34202
733.6,0.214008,-0.880615,0.380118,0.333143
733.7,0.136504,-0.943836,0.360622,0.320329
733.8,0.0513126,-1.00196,0.335234,0.303137
733.9,-0.0412883,-1.05394,0.303793,0.281009
734,-0.140824,-1.09874,0.266192,0.253229
734.1,-0.24659,-1.13531,0.222389,0.218872
734.2,-0.35763,-1.16263,0.172425,0.176737
734.3,-0.472711,-1.17974,0.116443,0.12523
734.4,-0.590311,-1.18579,0.0547022,0.0622457
734.5,-0.708619,-1.18004,-0.0124042,0.0622457
734.6,-0.825548,-1.16191,-0.084334,0.0622457
734.7,-0.938764,-1.13103,-0.160386,0.0622457
734.8,-1.04574,-1.08725,-0.239693,0.0622457
734.9,-1.14383,-1.03069,-0.321225,0.0622457
735,-1.23036,-0.961733,-0.403794,0.0622457
735.1,-1.30273,-0.881067,-0.486075,0.0622457
735.2,-1.35857,-0.789666,-0.566631,0.0622457
735.3,-1.39584,-0.688781,-0.643951,0.0622457
735.4,-1.41295,-0.579916,-0.716495,0.0622457
735.5,-1.40892,-0.464783,-0.782747,0.0622457
735.6,-1.38337,-0.345255,-0.841269,0.0622457
735.7,-1.33665,-0.223301,-0.890761,0.0622457
735.8,-1.26979,-0.10092,-0.930113,0.0622457
735.9,-1.18447,0.019924,-0.958449,0.0622457
736,-1.08291,0.137368,-0.975163,0.0622457
736.1,-0.967746,0.249703,-0.979942,0.0622457
736.2,-0.841908,0.355421,-0.972767,0.0622457
736.3,-0.708416,0.45324,-0.953905,0.0622457
736.4,-0.57024,0.542123,-0.923885,0.0622457
736.5,-0.43016,0.621275,-0.88346,0.0622457
736.6,-0.290649,0.69013,-0.833561,0.0622457
736.7,-0.153796,0.748329,-0.775247,0.0622457
736.8,-0.0212625,0.795686,-0.709658,0.0622457
736.9,0.105727,0.832154,-0.637957,0.0622457
737,0.226362,0.857788,-0.561298,0.0622457
737.1,0.340207,0.872709,-0.480781,0.0622457
737.2,0.447139,0.877072,-0.397426,0.0622457
737.3,0.547288,0.871041,-0.312157,0.0622457
737.4,0.640963,0.854764,-0.225789,0.0622457
737.5,0.728594,0.828358,-0.139022,0.0622457
737.6,0.810668,0.791899,-0.0524449,0.0622457
737.7,0.887688,0.745415,0.0334551,0.0388304
737.8,0.960124,0.688888,0.118285,0.127007
737.9,1.02839,0.62225,0.20173,0.201854
738,1.09281,0.545393,0.283543,0.266235
738.1,1.1536,0.458176,0.363523,0.322256
738.2,1.21089,0.360432,0.441508,0.371487
738.3,1.26465,0.25198,0.517353,0.415112
738.4,1.31475,0.13264,0.590921,0.454029
738.5,1.3609,0.00224224,0.662068,0.488926
738.6,1.4027,-0.139357,0.730629,0.520333
738.7,1.43958,-0.292258,0.79641,0.548658
738.8,1.47084,-0.456501,0.859176,0.574211
738.9,1.4956,-0.632048,0.918637,0.59722
739,1.51283,-0.818761,0.97444,0.617848
739.1,1.52132,-1.01638,1.02616,0.6362
739.2,1.51966,-1.2245,1.07329,0.652327
739.3,1.50624,-1.44254,1.11522,0.666227
739.4,1.47925,-1.6697,1.15124,0.677852
739.5,1.43665,-1.90497,1.18052,0.687097
739.6,1.37619,-2.14705,1.20212,0.693802
739.7,1.29541,-2.39432,1.21495,0.697739
739.8,1.19164,-2.64485,1.21778,0.698604
739.9,1.06208,-2.89629,1.20924,0.695991
740,0.903871,-3.14591,1.18782,0.689374
740.1,0.714159,-3.39052,1.15189,0.678059
740.2,0.490303,-3.62651,1.09968,0.661125
740.3,0.230066,-3.84981,1.0294,0.637326
740.4,-0.0680895,-4.05596,0.939214,0.60493
740.5,-0.404641,-4.24014,0.827379,0.561436
740.6,-0.778569,-4.39734,0.692336,0.503043
740.7,-1.18685,-4.52248,0.532864,0.423578
740.8,-1.62396,-4.61064,0.348266,0.312034
740.9,-2.08133,-4.65738,0.138578,0.146183
741,-2.54703,-4.65908,-0.0951923,0.146183
741.1,-3.00561,-4.61333,-0.350825,0.146183
741.2,-3.43835,-4.51935,-0.624681,0.146183
741.3,-3.82406,-4.37837,-0.911557,0.146183
741.4,-4.14038,-4.19396,-1.20466,0.146183
741.5,-4.36581,-3.9721,-1.49573,0.146183
741.6,-4.48207,-3.72117,-1.77541,0.146183
741.7,-4.47668,-3.45156,-2.03371,0.146183
741.8,-4.34523,-3.17509,-2.26083,0.146183
741.9,-4.09277,-2.90416,-2.44789,0.146183
742,-3.7341,-2.65079,-2.58783,0.146183
742.1,-3.29253,-2.42566,-2.6761,0.146183
742.2,-2.7974,-2.23725,-2.71111,0.146183
742.3,-2.28072,-2.09133,-2.69437,0.146183
742.4,-1.77364,-1.99067,-2.63028,0.146183
742.5,-1.30332,-1.93519,-2.52563,0.146183
742.6,-0.890769,-1.9223,-2.38883,0.146183
742.7,-0.549907,-1.94751,-2.22917,0.146183
742.8,-0.287642,-2.00499,-2.05605,0.146183
742.9,-0.10486,-2.08825,-1.8783,0.146183
743,0.00216237,-2.19063,-1.70378,0.146183
743.1,0.0402154,-2.30566,-1.53908,0.146183
743.2,0.01777,-2.42733,-1.38943,0.146183
743.3,-0.0561099,-2.55025,-1.25872,0.146183
743.4,-0.172504,-2.66966,-1.14961,0.146183
743.5,-0.323048,-2.78145,-1.06367,0.146183
743.6,-0.500082,-2.88213,-1.00157,0.146183
743.7,-0.696615,-2.96876,-0.963226,0.146183
743.8,-0.906192,-3.03897,-0.947914,0.146183
743.9,-1.12271,-3.09088,-0.954386,0.146183
744,-1.34024,-3.12316,-0.980942,0.146183
744.1,-1.55294,-3.13497,-1.02548,0.146183
744.2,-1.75497,-3.12607,-1.08556,0.146183
744.3,-1.94057,-3.09679,-1.15839,0.146183
744.4,-2.10415,-3.04805,-1.24094,0.146183
744.5,-2.24057,-2.98137,-1.32992,0.146183
744.6,-2.34535,-2.89887,-1.42191,0.146183
744.7,-2.41501,-2.80314,-1.51345,0.146183
744.8,-2.44738,-2.69725,-1.60111,0.146183
744.9,-2.44181,-2.58454,-1.68167,0.146183
745,-2.39932,-2.46852,-1.75224,0.146183
745.1,-2.32263,-2.35268,-1.81036,0.146183
745.2,-2.21604,-2.24032,-1.85417,0.146183
745.3,-2.08516,-2.13442,-1.88244,0.146183
745.4,-1.9365,-2.03747,-1.89466,0.146183
745.5,-1.77707,-1.95141,-1.89098,0.146183
745.6,-1.61391,-1.87753,-1.87225,0.146183
745.7,-1.4536,-1.8165,-1.83987,0.146183
745.8,-1.30197,-1.76838,-1.79568,0.146183
745.9,-1.16379,-1.7327,-1.74189,0.146183
746,-1.04267,-1.70852,-1.68087,0.146183
746.1,-0.941031,-1.69454,-1.61506,0.146183
746.2,-0.86014,-1.68922,-1.54684,0.146183
746.3,-0.800269,-1.69084,-1.47843,0.146183
746.4,-0.760846,-1.69765,-1.41183,0.146183
746.5,-0.740645,-1.70786,-1.34876,0.146183
746.6,-0.737953,-1.71975,-1.29063,0.146183
746.7,-0.75073,-1.73173,-1.23854,0.146183
746.8,-0.776734,-1.74231,-1.19328,0.146183
746.9,-0.81362,-1.7502,-1.15535,0.146183
747,-0.859021,-1.75426,-1.12496,0.146183
747.1,-0.910591,-1.75354,-1.10211,0.146183
747.2,-0.966052,-1.74727,-1.08655,0.146183
747.3,-1.02322,-1.7349,-1.07784,0.146183
747.4,-1.08001,-1.71603,-1.0754,0.146183
747.5,-1.1345,-1.69046,-1.0785,0.146183
747.6,-1.18491,-1.65819,-1.08631,0.146183
747.7,-1.22963,-1.61938,-1.09791,0.146183
747.8,-1.26728,-1.57434,-1.11232,0.146183
747.9,-1.2967,-1.52354,-1.12856,0.146183
748,-1.317,-1.46757,-1.14562,0.146183
748.1,-1.32757,-1.40714,-1.16252,0.146183
748.2,-1.32809,-1.34304,-1.17833,0.146183
748.3,-1.31853,-1.27612,-1.1922,0.146183
748.4,-1.29918,-1.20724,-1.20336,0.146183
748.5,-1.27059,-1.1373,-1.21117,0.146183
748.6,-1.23356,-1.06713,-1.21509,0.146183
748.7,-1.18909,-0.997557,-1.21476,0.146183
748.8,-1.13836,-0.929302,-1.2099,0.146183
748.9,-1.08262,-0.863015,-1.20043,0.146183
749,-1.02319,-0.799245,-1.18637,0.146183
749.1,-0.961402,-0.738429,-1.16787,0.146183
749.2,-0.898504,-0.680899,-1.14518,0.146183
749.3,-0.835664,-0.626875,-1.11866,0.146183
749.4,-0.77392,-0.576477,-1.08873,0.146183
749.5,-0.714161,-0.529733,-1.05586,0.146183
749.6,-0.657111,-0.486588,-1.02056,0.146183
749.7,-0.603328,-0.446919,-0.983346,0.146183
749.8,-0.553207,-0.410547,-0.944728,0.146183
749.9,-0.506993,-0.377253,-0.905202,0.146183
750,-0.464794,-0.346787,-0.865234,0.146183
750.1,-0.426603,-0.318882,-0.825249,0.146183
750.2,-0.392314,-0.293262,-0.785623,0.146183
750.3,-0.361743,-0.269655,-0.746688,0.146183
750.4,-0.334648,-0.247792,-0.708718,0.146183
750.5,-0.310745,-0.227423,-0.67194,0.146183
750.6,-0.289725,-0.20831,-0.63653,0.146183
750.7,-0.271264,-0.190241,-0.602615,0.146183
750.8,-0.255036,-0.173021,-0.570281,0.146183
750.9,-0.240719,-0.156483,-0.539575,0.146183
751,-0.228004,-0.140481,-0.510509,0.146183
751.1,-0.216597,-0.124894,-0.483064,0.146183
751.2,-0.206225,-0.109622,-0.457197,0.146183
751.3,-0.196635,-0.0945892,-0.432845,0.146183
751.4,-0.187599,-0.0797388,-0.409926,0.146183
751.5,-0.17891,-0.0650342,-0.388346,0.146183
751.6,-0.170386,-0.0504568,-0.368003,0.146183
751.7,-0.161867,-0.0360045,-0.348786,0.146183
751.8,-0.153215,-0.0216906,-0.330581,0.146183
751.9,-0.144313,-0.00754176,-0.313274,0.146183
752,-0.135066,0.00640289,-0.296751,0.146183
752.1,-0.125398,0.0200935,-0.280901,0.146183
752.2,-0.11525,0.0334706,-0.265616,0.146183
752.3,-0.104583,0.0464669,-0.250795,0.146183
752.4,-0.0933719,0.0590081,-0.236343,0.146183
752.5,-0.0816093,0.0710147,-0.222173,0.146183
752.6,-0.0693012,0.0824029,-0.208205,0.146183
752.7,-0.0564676,0.093086,-0.19437,0.146183
752.8,-0.043141,0.102975,-0.180606,0.146183
752.9,-0.0293654,0.111982,-0.166861,0.146183
753,-0.015196,0.120017,-0.153094,0.146183
753.1,-0.000697542,0.126994,-0.139273,0.146183
753.2,0.0140562,0.132829,-0.125373,0.146183
753.3,0.0289833,0.13744,-0.111384,0.146183
753.4,0.0439946,0.140752,-0.0973003,0.146183
753.5,0.0589942,0.142694,-0.0831283,0.146183
753.6,0.0738806,0.143202,-0.0688821,0.146183
753.7,0.0885472,0.14222,-0.0545848,0.146183
753.8,0.102883,0.1397,-0.0402674,0.146183
753.9,0.116773,0.135602,-0.0259689,0.146183
754,0.130098,0.129898,-0.0117357,0.146183
754.1,0.142739,0.122568,0.00237896,0.146183
754.2,0.154572,0.113606,0.0163153,0.0192464
754.3,0.165472,0.103018,0.0300073,0.034961
754.4,0.175313,0.0908223,0.0433834,0.0498992
754.5,0.183971,0.0770511,0.0563669,0.0640378
754.6,0.191317,0.0617516,0.0688763,0.0773396
754.7,0.197228,0.0449862,0.0808259,0.0897609
754.8,0.20158,0.0268334,0.0921264,0.101261
754.9,0.204253,0.00738794,0.102685,0.111797
755,0.205128,-0.0132381,0.112408,0.121325
755.1,0.204096,-0.0349155,0.121197,0.129799
755.2,0.201049,-0.0574968,0.128955,0.137172
755.3,0.195891,-0.0808169,0.135583,0.143394
755.4,0.188535,-0.104693,0.140984,0.148412
755.5,0.178905,-0.128923,0.145062,0.15217
755.6,0.166942,-0.153291,0.147722,0.154608
755.7,0.1526,-0.17756,0.148876,0.155663
755.8,0.135858,-0.201481,0.14844,0.155264
755.9,0.116715,-0.224789,0.146336,0.153339
756,0.0951965,-0.247209,0.142495,0.149807
756.1,0.0713579,-0.268452,0.136858,0.144583
756.2,0.0452872,-0.288227,0.129381,0.137575
756.3,0.017108,-0.306233,0.120032,0.128684
756.4,-0.013017,-0.322172,0.108795,0.117803
756.5,-0.0448841,-0.335749,0.0956741,0.104823
756.6,-0.0782464,-0.346676,0.0806951,0.0896262
756.7,-0.112812,-0.354679,0.063906,0.0720908
756.8,-0.148246,-0.3595,0.0453804,0.0520941
756.9,-0.184167,-0.360906,0.025219,0.0295181
757,-0.220153,-0.358694,0.0035513,0.0295181
757.1,-0.255744,-0.352695,-0.0194637,0.0295181
757.2,-0.290446,-0.342779,-0.0436365,0.0295181
757.3,-0.323742,-0.328864,-0.0687475,0.0295181
757.4,-0.355093,-0.310915,-0.0945476,0.0295181
757.5,-0.383955,-0.288953,-0.12076,0.0295181
757.6,-0.409789,-0.263054,-0.147082,0.0295181
757.7,-0.432069,-0.233356,-0.17319,0.0295181
757.8,-0.450303,-0.200051,-0.198741,0.0295181
757.9,-0.464038,-0.163394,-0.223382,0.0295181
758,-0.47288,-0.123695,-0.246752,0.0295181
758.1,-0.476503,-0.081317,-0.268489,0.0295181
758.2,-0.474658,-0.0366708,-0.288239,0.0295181
758.3,-0.467182,0.00978992,-0.305662,0.0295181
758.4,-0.454006,0.0575766,-0.320441,0.0295181
758.5,-0.435154,0.106173,-0.332284,0.0295181
758.6,-0.410744,0.155044,-0.340936,0.0295181
758.7,-0.380981,0.203643,-0.346181,0.0295181
758.8,-0.346156,0.251422,-0.347846,0.0295181
758.9,-0.306629,0.297837,-0.345809,0.0295181
759,-0.262821,0.342357,-0.339994,0.0295181
759.1,-0.2152,0.38447,-0.330374,0.0295181
759.2,-0.164268,0.423685,-0.316974,0.0295181
759.3,-0.110544,0.459543,-0.299864,0.0295181
759.4,-0.0545505,0.49161,-0.279155,0.0295181
759.5,0.00319358,0.519485,-0.254999,0.0295181
759.6,0.0621885,0.542802,-0.227583,0.0295181
759.7,0.121959,0.56122,-0.197121,0.0295181
759.8,0.182061,0.574434,-0.16385,0.0295181
759.9,0.242084,0.582163,-0.128026,0.0295181
760,0.301652,0.584153,-0.0899191,0.0295181
760.1,0.360423,0.580175,-0.0498055,0.0295181
760.2,0.418084,0.57002,-0.00796783,0.0295181
760.3,0.474348,0.5535,0.0353102,0.040928
760.4,0.528947,0.530447,0.0797456,0.0886491
760.5,0.581625,0.500708,0.125057,0.13348
760.6,0.632133,0.464152,0.170967,0.175454
760.7,0.680216,0.420662,0.217199,0.214649
760.8,0.72561,0.370147,0.263479,0.251166
760.9,0.768031,0.312536,0.309533,0.285122
761,0.80717,0.247785,0.355086,0.316629
761.1,0.842684,0.175882,0.399856,0.345795
761.2,0.874188,0.096851,0.443554,0.372716
761.3,0.90125,0.0107596,0.48588,0.397474
761.4,0.923385,-0.0822746,0.52652,0.420133
761.5,0.940048,-0.182075,0.565138,0.440739
761.6,0.950632,-0.288398,0.601378,0.459318
761.7,0.954463,-0.40092,0.634856,0.475873
761.8,0.950797,-0.519229,0.665156,0.490385
761.9,0.938822,-0.642813,0.691828,0.50281
762,0.917656,-0.771046,0.714385,0.513075
762.1,0.886358,-0.903176,0.732299,0.521074
762.2,0.843934,-1.03831,0.745,0.526666
762.3,0.789352,-1.17542,0.751875,0.529665
762.4,0.721564,-1.3133,0.752271,0.529838
762.5,0.639536,-1.45058,0.745498,0.526883
762.6,0.542288,-1.58572,0.730834,0.520424
762.7,0.428947,-1.71701,0.70754,0.509983
762.8,0.29881,-1.84256,0.674868,0.494947
762.9,0.151425,-1.96032,0.63209,0.474526
763,-0.0133142,-2.06813,0.578516,0.44768
763.1,-0.195061,-2.1637,0.513536,0.413007
763.2,-0.392896,-2.24471,0.436657,0.368562
763.3,-0.605202,-2.30883,0.34755,0.311549
763.4,-0.829545,-2.35383,0.246115,0.237763
763.5,-1.06257,-2.37766,0.132533,0.14054
763.6,-1.29995,-2.37855,0.00733539,0.14054
763.7,-1.53633,-2.35515,-0.128535,0.14054
763.8,-1.76544,-2.30662,-0.273673,0.14054
763.9,-1.98022,-2.23278,-0.426166,0.14054
764,-2.1731,-2.13417,-0.583588,0.14054
764.1,-2.3364,-2.01217,-0.743014,0.14054
764.2,-2.46279,-1.86899,-0.901079,0.14054
764.3,-2.54589,-1.70766,-1.05408,0.14054
764.4,-2.58078,-1.53195,-1.19813,0.14054
764.5,-2.5646,-1.34623,-1.32933,0.14054
764.6,-2.49688,-1.15528,-1.44401,0.14054
764.7,-2.37978,-0.964029,-1.53892,0.14054
764.8,-2.21801,-0.777298,-1.61144,0.14054
764.9,-2.01854,-0.599566,-1.65978,0.14054
765,-1.79006,-0.43473,-1.68306,0.14054
765.1,-1.54227,-0.285939,-1.68137,0.14054
765.2,-1.28513,-0.155487,-1.65573,0.14054
765.3,-1.02809,-0.0447865,-1.60799,0.14054
765.4,-0.779511,0.0455971,-1.54069,0.14054
765.5,-0.546216,0.115851,-1.45682,0.14054
765.6,-0.333259,0.166783,-1.35969,0.14054
765.7,-0.143909,0.199669,-1.25265,0.14054
765.8,0.0202176,0.2161,-1.139,0.14054
765.9,0.158907,0.21784,-1.02178,0.14054
766,0.273031,0.206708,-0.903711,0.14054
766.1,0.364228,0.184484,-0.787144,0.14054
766.2,0.434596,0.152848,-0.674016,0.14054
766.3,0.486437,0.113336,-0.565872,0.14054
766.4,0.522059,0.0673265,-0.463889,0.14054
766.5,0.54363,0.0160371,-0.368917,0.14054
766.6,0.553088,-0.0394625,-0.28153,0.14054
766.7,0.552094,-0.0982331,-0.202077,0.14054
766.8,0.542016,-0.159443,-0.130728,0.14054
766.9,0.523941,-0.222343,-0.0675225,0.14054
767,0.498697,-0.286243,-0.0124043,0.14054
767.1,0.466893,-0.350494,0.034745,0.040292
767.2,0.428956,-0.414462,0.0740814,0.0827833
767.3,0.385175,-0.477521,0.10578,0.114848
767.4,0.335741,-0.539035,0.130021,0.138178
767.5,0.280788,-0.598352,0.146983,0.153931
767.6,0.22043,-0.6548,0.156838,0.16288
767.7,0.154797,-0.707683,0.159756,0.165501
767.8,0.0840688,-0.756287,0.155902,0.162035
767.9,0.00850327,-0.799881,0.145448,0.152533
768,-0.0715341,-0.83773,0.128578,0.136817
768.1,-0.155547,-0.869106,0.1055,0.114572
768.2,-0.242886,-0.893301,0.0764566,0.0852497
768.3,-0.332737,-0.909644,0.0417369,0.0480799
768.4,-0.424106,-0.917526,0.00168875,0.0480799
768.5,-0.515821,-0.916414,-0.04327,0.0480799
768.6,-0.606538,-0.905879,-0.0926412,0.0480799
768.7,-0.694757,-0.885615,-0.145839,0.0480799
768.8,-0.778847,-0.855462,-0.202182,0.0480799
768.9,-0.857091,-0.815422,-0.260898,0.0480799
769,-0.927732,-0.765678,-0.321117,0.0480799
769.1,-0.989035,-0.706599,-0.381891,0.0480799
769.2,-1.03936,-0.63875,-0.442196,0.0480799
769.3,-1.07722,-0.562885,-0.500959,0.0480799
769.4,-1.10137,-0.479934,-0.557078,0.0480799
769.5,-1.11088,-0.390992,-0.609454,0.0480799
769.6,-1.10516,-0.297286,-0.657016,0.0480799
769.7,-1.08401,-0.200147,-0.698761,0.0480799
769.8,-1.04768,-0.100971,-0.733784,0.0480799
769.9,-0.996798,-0.00118341,-0.761305,0.0480799
770,-0.932399,0.0978057,-0.780702,0.0480799
770.1,-0.855841,0.194635,-0.791525,0.0480799
770.2,-0.768748,0.288029,-0.793509,0.0480799
770.3,-0.672928,0.37682,-0.786579,0.0480799
770.4,-0.570283,0.459975,-0.770845,0.0480799
770.5,-0.462721,0.536601,-0.746587,0.0480799
770.6,-0.352076,0.605955,-0.714239,0.0480799
770.7,-0.240036,0.667434,-0.674359,0.0480799
770.8,-0.128098,0.72057,-0.627607,0.0480799
770.9,-0.0175252,0.765012,-0.574708,0.0480799
771,0.0906644,0.800507,-0.516429,0.0480799
771.1,0.195699,0.826883,-0.453548,0.0480799
771.2,0.297039,0.844025,-0.386831,0.0480799
771.3,0.394353,0.851857,-0.317012,0.0480799
771.4,0.487483,0.850324,-0.244778,0.0480799
771.5,0.576415,0.839376,-0.170759,0.0480799
771.6,0.661232,0.818958,-0.0955212,0.0480799
771.7,0.74209,0.788998,-0.0195645,0.0480799
771.8,0.819173,0.749405,0.0566745,0.064371
771.9,0.892675,0.700061,0.132819,0.140808
772,0.962765,0.640825,0.208546,0.207529
772.1,1.02957,0.571532,0.283577,0.26626
772.2,1.09317,0.492,0.357669,0.318358
772.3,1.15354,0.402032,0.430608,0.36489
772.4,1.21061,0.301427,0.502191,0.406694
772.5,1.26419,0.189988,0.572227,0.444429
772.6,1.31398,0.0675308,0.640516,0.478619
772.7,1.35959,-0.0661024,0.706846,0.509668
772.8,1.40049,-0.21103,0.770982,0.537906
772.9,1.43603,-0.367315,0.832652,0.563578
773,1.4654,-0.534951,0.891544,0.586873
773.1,1.48767,-0.713841,0.947292,0.607924
773.2,1.50171,-0.903778,0.999464,0.626816
773.3,1.50624,-1.10442,1.04756,0.643591
773.4,1.49977,-1.31527,1.09099,0.658245
773.5,1.48064,-1.53564,1.12907,0.670733
773.6,1.44694,-1.76462,1.16102,0.680961
773.7,1.39657,-2.00106,1.18593,0.688786
773.8,1.32721,-2.24351,1.20278,0.694006
773.9,1.23633,-2.49021,1.21041,0.696349
774,1.12127,-2.73903,1.20751,0.69546
774.1,0.979204,-2.98746,1.19266,0.690876
774.2,0.80733,-3.23256,1.16428,0.681992
774.3,0.602931,-3.47098,1.12069,0.668013
774.4,0.363587,-3.69891,1.06013,0.647878
774.5,0.0874147,-3.91212,0.980781,0.620137
774.6,-0.226613,-4.10602,0.880876,0.582737
774.7,-0.578274,-4.27574,0.758767,0.532654
774.8,-0.965636,-4.41626,0.613063,0.46516
774.9,-1.38455,-4.52261,0.442792,0.372259
775,-1.82815,-4.59013,0.247599,0.238922
775.1,-2.28642,-4.61479,0.0279647,0.032646
775.2,-2.7459,-4.59352,-0.214557,0.032646
775.3,-3.18977,-4.52468,-0.477117,0.032646
775.4,-3.59833,-4.40842,-0.755388,0.032646
775.5,-3.94997,-4.247,-1.04348,0.032646
775.6,-4.22284,-4.04507,-1.33398,0.032646
775.7,-4.39699,-3.80968,-1.61817,0.032646
775.8,-4.45687,-3.55005,-1.88645,0.032646
775.9,-4.39368,-3.2772,-2.129,0.032646
776,-4.20733,-3.00313,-2.33645,0.032646
776.1,-3.90727,-2.74003,-2.50081,0.032646
776.2,-3.51212,-2.49923,-2.6162,0.032646
776.3,-3.04784,-2.29037,-2.67943,0.032646
776.4,-2.54488,-2.12065,-2.69034,0.032646
776.5,-2.0347,-1.99443,-2.65175,0.032646
776.6,-1.54644,-1.91317,-2.56913,0.032646
776.7,-1.10427,-1.87564,-2.44997,0.032646
776.8,-0.725777,-1.87842,-2.30305,0.032646
776.9,-0.42152,-1.91643,-2.13762,0.032646
777,-0.195551,-1.98363,-1.96276,0.032646
777.1,-0.0465957,-2.07349,-1.78678,0.032646
777.2,0.0304674,-2.17953,-1.61691,0.032646
777.3,0.0431465,-2.29556,-1.45905,0.032646
777.4,9.5721e-05,-2.41593,-1.31778,0.032646
777.5,-0.0898013,-2.5356,-1.19638,0.032646
777.6,-0.218011,-2.65017,-1.097,0.032646
777.7,-0.376637,-2.75585,-1.02082,0.032646
777.8,-0.55848,-2.84945,-0.968155,0.032646
777.9,-0.756956,-2.9283,-0.938663,0.032646
778,-0.965938,-2.99026,-0.931421,0.032646
778.1,-1.17958,-3.03367,-0.945026,0.032646
778.2,-1.39216,-3.05741,-0.977662,0.032646
778.3,-1.59801,-3.06087,-1.02714,0.032646
778.4,-1.79145,-3.04397,-1.09094,0.032646
778.5,-1.96694,-3.00724,-1.16626,0.032646
778.6,-2.11916,-2.95177,-1.25002,0.032646
778.7,-2.24328,-2.87924,-1.33898,0.032646
778.8,-2.33524,-2.79187,-1.42975,0.032646
778.9,-2.39202,-2.69235,-1.51895,0.032646
779,-2.41195,-2.58378,-1.6033,0.032646
779.1,-2.39489,-2.46948,-1.67971,0.032646
779.2,-2.34234,-2.35289,-1.7455,0.032646
779.3,-2.25741,-2.2374,-1.79843,0.032646
779.4,-2.14469,-2.12615,-1.83685,0.032646
779.5,-2.0099,-2.02193,-1.85978,0.032646
779.6,-1.85958,-1.92703,-1.86689,0.032646
779.7,-1.70055,-1.84319,-1.85854,0.032646
779.8,-1.53956,-1.77151,-1.83571,0.032646
779.9,-1.38284,-1.7125,-1.79989,0.032646
780,-1.23578,-1.66608,-1.75299,0.032646
780.1,-1.10272,-1.63168,-1.69721,0.032646
780.2,-0.986883,-1.60831,-1.63489,0.032646
780.3,-0.890315,-1.59466,-1.56839,0.032646
780.4,-0.814008,-1.58917,-1.50001,0.032646
780.5,-0.758024,-1.5902,-1.43186,0.032646
780.6,-0.721658,-1.59602,-1.36583,0.032646
780.7,-0.703617,-1.60491,-1.30352,0.032646
780.8,-0.702181,-1.61525,-1.24623,0.032646
780.9,-0.715346,-1.62551,-1.19499,0.032646
781,-0.740942,-1.6343,-1.15049,0.032646
781.1,-0.776724,-1.64037,-1.11318,0.032646
781.2,-0.820433,-1.64266,-1.08322,0.032646
781.3,-0.869851,-1.64028,-1.06057,0.032646
781.4,-0.922825,-1.63251,-1.04496,0.032646
781.5,-0.977295,-1.61882,-1.03597,0.032646
781.6,-1.03131,-1.59884,-1.03301,0.032646
781.7,-1.08306,-1.57241,-1.03538,0.032646
781.8,-1.13086,-1.5395,-1.04226,0.032646
781.9,-1.17323,-1.50026,-1.05279,0.032646
782,-1.20884,-1.455,-1.06604,0.032646
782.1,-1.23662,-1.40416,-1.08103,0.032646
782.2,-1.2557,-1.3483,-1.09683,0.032646
782.3,-1.26551,-1.28809,-1.1125,0.032646
782.4,-1.26573,-1.22427,-1.12715,0.032646
782.5,-1.25631,-1.15764,-1.13996,0.032646
782.6,-1.23748,-1.08905,-1.15019,0.032646
782.7,-1.20973,-1.01933,-1.15722,0.032646
782.8,-1.17378,-0.949306,-1.16054,0.032646
782.9,-1.13055,-0.879756,-1.15977,0.032646
783,-1.0811,-0.811399,-1.15464,0.032646
783.1,-1.0266,-0.744875,-1.14504,0.032646
783.2,-0.968263,-0.680735,-1.13097,0.032646
783.3,-0.907328,-0.61943,-1.11256,0.032646
783.4,-0.844977,-0.561312,-1.09002,0.032646
783.5,-0.782316,-0.506633,-1.06367,0.032646
783.6,-0.720338,-0.455549,-1.03388,0.032646
783.7,-0.659906,-0.40813,-1.00111,0.032646
783.8,-0.601734,-0.364367,-0.965803,0.032646
783.9,-0.546387,-0.324185,-0.928456,0.032646
784,-0.494279,-0.287457,-0.88955,0.032646
784.1,-0.445688,-0.254013,-0.849555,0.032646
784.2,-0.400763,-0.22365,-0.80892,0.032646
784.3,-0.359545,-0.196149,-0.768055,0.032646
784.4,-0.321981,-0.171278,-0.727335,0.032646
784.5,-0.287945,-0.148803,-0.687086,0.032646
784.6,-0.257255,-0.128494,-0.647593,0.032646
784.7,-0.229689,-0.11013,-0.60909,0.032646
784.8,-0.204997,-0.0935022,-0.571769,0.032646
784.9,-0.182916,-0.0784191,-0.535778,0.032646
785,-0.16318,-0.0647055,-0.501227,0.032646
785.1,-0.145525,-0.0522045,-0.468188,0.032646
785.2,-0.129699,-0.0407778,-0.436703,0.032646
785.3,-0.115462,-0.0303054,-0.406788,0.032646
785.4,-0.102594,-0.0206845,-0.378432,0.032646
785.5,-0.0908931,-0.0118288,-0.351608,0.032646
785.6,-0.0801773,-0.00366748,-0.326272,0.032646
785.7,-0.0702856,0.0038567,-0.302369,0.032646
785.8,-0.0610768,0.0107882,-0.279833,0.032646
785.9,-0.0524292,0.0171602,-0.258593,0.032646
786,-0.0442391,0.0229963,-0.238574,0.032646
786.1,-0.0364203,0.0283114,-0.2197,0.032646
786.2,-0.0289023,0.033113,-0.201893,0.032646
786.3,-0.0216293,0.0374028,-0.185077,0.032646
786.4,-0.014559,0.0411773,-0.169179,0.032646
786.5,-0.00766138,0.0444293,-0.15413,0.032646
786.6,-0.00091731,0.0471487,-0.139865,0.032646
786.7,0.00568226,0.0493234,-0.126322,0.032646
786.8,0.0121375,0.0509401,-0.113446,0.032646
786.9,0.0184405,0.0519855,-0.101189,0.032646
787,0.0245764,0.0524464,-0.0895069,0.032646
787.1,0.030524,0.0523112,-0.0783611,0.032646
787.2,0.036257,0.0515698,-0.0677202,0.032646
787.3,0.0417441,0.0502147,-0.0575579,0.032646
787.4,0.0469503,0.0482415,-0.0478539,0.032646
787.5,0.0518372,0.0456491,-0.038593,0.032646
787.6,0.056364,0.0424407,-0.0297654,0.032646
787.7,0.060488,0.0386237,-0.0213662,0.032646
787.8,0.0641652,0.0342104,-0.0133952,0.032646
787.9,0.0673511,0.0292184,-0.00585614,0.032646
788,0.070001,0.0236706,0.00124306,0.032646
788.1,0.072071,0.0175958,0.00789115,0.032646
788.2,0.0735187,0.0110285,0.0140738,0.0166609
788.3,0.0743032,0.00400948,0.0197741,0.0232695
788.4,0.0743866,-0.00341455,0.024973,0.0292374
788.5,0.073734,-0.0111906,0.0296497,0.0345551
788.6,0.0723147,-0.0192597,0.0337824,0.0392145
788.7,0.0701024,-0.0275569,0.0373486,0.043207
788.8,0.0670763,-0.0360114,0.0403257,0.0465178
788.9,0.0632215,-0.044547,0.0426915,0.0491365
789,0.0585299,-0.0530825,0.0444249,0.0510444
789.1,0.0530008,-0.0615319,0.0455063,0.0522357
789.2,0.0466416,-0.0698053,0.0459184,0.0526872
789.3,0.0394683,-0.0778091,0.0456466,0.0523879
789.4,0.0315066,-0.0854475,0.0446796,0.0513252
789.5,0.0227916,-0.0926223,0.0430103,0.0494863
789.6,0.0133691,-0.099235,0.0406358,0.0468599
789.7,0.00329544,-0.105187,0.0375586,0.0434405
789.8,-0.00736187,-0.110381,0.0337869,0.0392215
789.9,-0.0185244,-0.114722,0.0293347,0.0342002
790,-0.0301024,-0.118118,0.0242232,0.0283819
790.1,-0.0419954,-0.120485,0.0184802,0.0217685
790.2,-0.0540924,-0.121743,0.0121411,0.0144001
790.3,-0.0662726,-0.121819,0.00524911,0.0144001
790.4,-0.0784059,-0.120651,-0.00214492,0.0144001
790.5,-0.0903546,-0.118187,-0.00998215,0.0144001
790.6,-0.101974,-0.114387,-0.0181959,0.0144001
790.7,-0.113115,-0.109224,-0.0267118,0.0144001
790.8,-0.123625,-0.102685,-0.0354482,0.0144001
790.9,-0.13335,-0.0947707,-0.0443166,0.0144001
791,-0.142136,-0.0855004,-0.0532223,0.0144001
791.1,-0.149834,-0.0749078,-0.0620651,0.0144001
791.2,-0.1563,-0.0630443,-0.0707406,0.0144001
791.3,-0.161398,-0.0499778,-0.0791406,0.0144001
791.4,-0.165003,-0.0357935,-0.0871552,0.0144001
791.5,-0.167003,-0.020593,-0.0946733,0.0144001
791.6,-0.1673,-0.00449403,-0.101585,0.0144001
791.7,-0.165814,0.0123708,-0.107781,0.0144001
791.8,-0.162485,0.0298548,-0.113157,0.0144001
791.9,-0.157272,0.0477982,-0.117614,0.0144001
792,-0.150156,0.0660304,-0.121059,0.0144001
792.1,-0.14114,0.0843709,-0.123407,0.0144001
792.2,-0.130248,0.102632,-0.124582,0.0144001
792.3,-0.117529,0.120618,-0.12452,0.0144001
792.4,-0.10305,0.138133,-0.123168,0.0144001
792.5,-0.0869012,0.154975,-0.120485,0.0144001
792.6,-0.0691909,0.170944,-0.116445,0.0144001
792.7,-0.0500454,0.185841,-0.111033,0.0144001
792.8,-0.0296069,0.199473,-0.10425,0.0144001
792.9,-0.00803154,0.211648,-0.0961112,0.0144001
793,0.0145122,0.222184,-0.0866458,0.0144001
793.1,0.0378458,0.230907,-0.0758961,0.0144001
793.2,0.0617822,0.237653,-0.0639183,0.0144001
793.3,0.0861279,0.242267,-0.050781,0.0144001
793.4,0.110684,0.244609,-0.0365654,0.0144001
793.5,0.135249,0.244551,-0.0213637,0.0144001
793.6,0.159617,0.241979,-0.00527884,0.0144001
793.7,0.183581,0.236795,0.0115764,0.0137354
793.8,0.206933,0.228918,0.0290801,0.0339103
793.9,0.229464,0.218282,0.0471023,0.0539836
794,0.250963,0.204841,0.0655054,0.0737867
794.1,0.27122,0.188567,0.0841446,0.0931625
794.2,0.290022,0.169454,0.102869,0.111979
794.3,0.307156,0.147517,0.121522,0.130109
794.4,0.322407,0.122791,0.139941,0.147446
794.5,0.335558,0.0953391,0.157958,0.163888
794.6,0.346392,0.0652468,0.175403,0.179342
794.7,0.354687,0.0326279,0.192097,0.193725
794.8,0.360224,-0.00237563,0.20786,0.206962
794.9,0.362779,-0.0395919,0.222507,0.218969
795,0.362134,-0.0788175,0.235851,0.229674
795.1,0.358069,-0.119816,0.2477,0.239
795.2,0.350372,-0.162317,0.25786,0.246866
795.3,0.338837,-0.206014,0.266137,0.253188
795.4,0.323273,-0.250566,0.272335,0.257872
795.5,0.303502,-0.295593,0.27626,0.260816
795.6,0.279371,-0.340681,0.27772,0.261907
795.7,0.250756,-0.385379,0.276529,0.261017
795.8,0.217567,-0.429203,0.272507,0.258001
795.9,0.179761,-0.471636,0.265487,0.252694
796,0.13735,-0.512133,0.255314,0.244906
796.1,0.0904083,-0.550126,0.241853,0.234419
796.2,0.0390867,-0.58503,0.224992,0.220979
796.3,-0.0163796,-0.616247,0.204649,0.204292
796.4,-0.0756591,-0.64318,0.180777,0.184017
796.5,-0.138316,-0.665239,0.153368,0.159745
796.6,-0.2038,-0.681855,0.122462,0.131009
796.7,-0.271445,-0.692493,0.0881563,0.0972475
796.8,-0.340462,-0.696662,0.0506046,0.0578051
796.9,-0.409943,-0.693936,0.0100284,0.0119174
797,-0.478871,-0.683965,-0.0332803,0.0119174
797.1,-0.546127,-0.666489,-0.0789552,0.0119174
797.2,-0.610512,-0.641356,-0.126555,0.0119174
797.3,-0.670771,-0.608531,-0.175562,0.0119174
797.4,-0.725627,-0.568108,-0.225389,0.0119174
797.5,-0.773818,-0.520316,-0.275382,0.0119174
797.6,-0.814135,-0.465522,-0.324832,0.0119174
797.7,-0.845471,-0.404232,-0.372986,0.0119174
797.8,-0.866865,-0.337085,-0.419066,0.0119174
797.9,-0.877542,-0.26484,-0.462284,0.0119174
798,-0.876949,-0.188366,-0.501863,0.0119174
798.1,-0.864785,-0.108619,-0.537061,0.0119174
798.2,-0.84102,-0.0266205,-0.56719,0.0119174
798.3,-0.805894,0.0565641,-0.591638,0.0119174
798.4,-0.759911,0.139854,-0.609886,0.0119174
798.5,-0.703817,0.222178,-0.621526,0.0119174
798.6,-0.638564,0.302497,-0.626269,0.0119174
798.7,-0.565269,0.379823,-0.623952,0.0119174
798.8,-0.485159,0.45324,-0.614541,0.0119174
798.9,-0.399522,0.521915,-0.598125,0.0119174
799,-0.309653,0.585104,-0.574907,0.0119174
799.1,-0.216805,0.642155,-0.545192,0.0119174
799.2,-0.122149,0.692508,-0.509373,0.0119174
799.3,-0.0267418,0.735691,-0.46791,0.0119174
799.4,0.0684948,0.771305,-0.421316,0.0119174
799.5,0.162788,0.799022,-0.370133,0.0119174
799.6,0.255516,0.818566,-0.314918,0.0119174
799.7,0.3462,0.829704,-0.25623,0.0119174
799.8,0.434492,0.832233,-0.19461,0.0119174
799.9,0.52016,0.82597,-0.130577,0.0119174
800,0.603062,0.810741,-0.064619,0.0119174
800.1,0.683129,0.786374,0.00281509,0.0119174
800.2,0.760337,0.752692,0.0713131,0.0798955
800.3,0.834687,0.709512,0.140502,0.147966
800.4,0.906188,0.656639,0.210044,0.208768
800.5,0.974833,0.593869,0.279634,0.263333
800.6,1.04058,0.520988,0.348995,0.312528
800.7,1.10335,0.437778,0.417868,0.357068
800.8,1.163,0.344023,0.486012,0.397549
800.9,1.21931,0.239512,0.553187,0.434454
801,1.27199,0.12405,0.619156,0.468179
801.1,1.32065,-0.0025328,0.683669,0.499043
801.2,1.36478,-0.14037,0.746459,0.527303
801.3,1.40379,-0.289545,0.807231,0.553162
801.4,1.43693,-0.450076,0.865654,0.576772
801.5,1.46333,-0.621902,0.921352,0.598244
801.6,1.48196,-0.80486,0.973896,0.617651
801.7,1.49163,-0.998663,1.02279,0.635025
801.8,1.49096,-1.20288,1.06746,0.650362
801.9,1.47839,-1.41691,1.10725,0.663619
802,1.45215,-1.63994,1.14142,0.674712
802.1,1.41027,-1.87095,1.1691,0.683511
802.2,1.35056,-2.10861,1.18931,0.689836
802.3,1.27061,-2.35133,1.20096,0.693442
802.4,1.16787,-2.59716,1.20281,0.694013
802.5,1.03961,-2.84378,1.19349,0.691134
802.6,0.883068,-3.08848,1.17151,0.684271
802.7,0.695511,-3.32813,1.13524,0.672726
802.8,0.474408,-3.55914,1.08298,0.655576
802.9,0.21764,-3.77752,1.01293,0.631574
803,-0.0762163,-3.9789,0.923333,0.598991
803.1,-0.407542,-4.15855,0.812481,0.555332
803.2,-0.775248,-4.31158,0.678873,0.496815
803.3,-1.1763,-4.43302,0.521341,0.417303
803.4,-1.60521,-4.51809,0.339233,0.305883
803.5,-2.05357,-4.56246,0.132619,0.14062
803.6,-2.50973,-4.56262,-0.0974842,0.14062
803.7,-2.95863,-4.51624,-0.34888,0.14062
803.8,-3.38211,-4.42257,-0.617997,0.14062
803.9,-3.75962,-4.28283,-0.899749,0.14062
804,-4.06956,-4.10047,-1.18752,0.14062
804.1,-4.2911,-3.8813,-1.47327,0.14062
804.2,-4.40658,-3.63344,-1.74791,0.14062
804.3,-4.40387,-3.36697,-2.00175,0.14062
804.4,-4.27856,-3.09334,-2.22525,0.14062
804.5,-4.03534,-2.82461,-2.40978,0.14062
804.6,-3.68825,-2.57249,-2.54842,0.14062
804.7,-3.25954,-2.34739,-2.6367,0.14062
804.8,-2.77735,-2.15769,-2.67294,0.14062
804.9,-2.27254,-2.00913,-2.65852,0.14062
805,-1.77525,-1.90458,-2.59756,0.14062
805.1,-1.31196,-1.84414,-2.49653,0.14062
805.2,-0.903332,-1.82547,-2.36354,0.14062
805.3,-0.563256,-1.84435,-2.20755,0.14062
805.4,-0.298872,-1.89526,-2.03767,0.14062
805.5,-0.111459,-1.97196,-1.86254,0.14062
805.6,0.00223376,-2.06802,-1.68984,0.14062
805.7,0.0485173,-2.17718,-1.52607,0.14062
805.8,0.0354215,-2.29359,-1.37643,0.14062
805.9,-0.0283732,-2.41197,-1.24479,0.14062
806,-0.134273,-2.52766,-1.13385,0.14062
806.1,-0.274195,-2.63663,-1.04526,0.14062
806.2,-0.440733,-2.73543,-0.979757,0.14062
806.3,-0.62715,-2.82115,-0.937348,0.14062
806.4,-0.827247,-2.8914,-0.917423,0.14062
806.5,-1.0352,-2.94429,-0.918861,0.14062
806.6,-1.24539,-2.9784,-0.940105,0.14062
806.7,-1.45228,-2.99283,-0.979213,0.14062
806.8,-1.65035,-2.98719,-1.0339,0.14062
806.9,-1.83411,-2.96162,-1.10159,0.14062
807,-1.99823,-2.91686,-1.17941,0.14062
807.1,-2.13768,-2.85419,-1.2643,0.14062
807.2,-2.24802,-2.77545,-1.35299,0.14062
807.3,-2.32562,-2.68299,-1.44219,0.14062
807.4,-2.36802,-2.57961,-1.5286,0.14062
807.5,-2.3741,-2.46843,-1.60906,0.14062
807.6,-2.3443,-2.35276,-1.6807,0.14062
807.7,-2.28064,-2.23596,-1.74103,0.14062
807.8,-2.18668,-2.12128,-1.78806,0.14062
807.9,-2.06728,-2.01169,-1.82039,0.14062
808,-1.92834,-1.90977,-1.8373,0.14062
808.1,-1.77633,-1.81759,-1.83868,0.14062
808.2,-1.61791,-1.73666,-1.82511,0.14062
808.3,-1.45951,-1.66788,-1.79771,0.14062
808.4,-1.30694,-1.61156,-1.75808,0.14062
808.5,-1.16514,-1.56749,-1.70818,0.14062
808.6,-1.03797,-1.53499,-1.65022,0.14062
808.7,-0.92822,-1.51299,-1.58651,0.14062
808.8,-0.837555,-1.50016,-1.51932,0.14062
808.9,-0.766661,-1.49496,-1.45086,0.14062
809,-0.715371,-1.49577,-1.38311,0.14062
809.1,-0.682834,-1.50091,-1.31785,0.14062
809.2,-0.66768,-1.50876,-1.25656,0.14062
809.3,-0.668173,-1.51775,-1.20042,0.14062
809.4,-0.682341,-1.52644,-1.15036,0.14062
809.5,-0.708082,-1.53351,-1.10698,0.14062
809.6,-0.743241,-1.53781,-1.07066,0.14062
809.7,-0.785672,-1.53834,-1.0415,0.14062
809.8,-0.833273,-1.53426,-1.01943,0.14062
809.9,-0.884016,-1.52492,-1.00415,0.14062
810,-0.935965,-1.50981,-0.995229,0.14062
810.1,-0.987294,-1.48863,-0.992084,0.14062
810.2,-1.0363,-1.46119,-0.994023,0.14062
810.3,-1.08142,-1.42751,-1.00027,0.14062
810.4,-1.12126,-1.38773,-1.00996,0.14062
810.5,-1.15459,-1.34215,-1.02222,0.14062
810.6,-1.1804,-1.29119,-1.03613,0.14062
810.7,-1.19789,-1.23539,-1.05077,0.14062
810.8,-1.20651,-1.17538,-1.06526,0.14062
810.9,-1.20595,-1.11187,-1.07875,0.14062
811,-1.19617,-1.04564,-1.09045,0.14062
811.1,-1.17737,-0.977473,-1.09967,0.14062
811.2,-1.14999,-0.90818,-1.10581,0.14062
811.3,-1.11469,-0.838551,-1.10837,0.14062
811.4,-1.07231,-0.76934,-1.10697,0.14062
811.5,-1.02383,-0.701245,-1.10137,0.14062
811.6,-0.970329,-0.634895,-1.09144,0.14062
811.7,-0.912944,-0.570837,-1.07716,0.14062
811.8,-0.852819,-0.509527,-1.05865,0.14062
811.9,-0.791065,-0.451332,-1.03608,0.14062
812,-0.728726,-0.396523,-1.00975,0.14062
812.1,-0.666748,-0.345286,-0.980001,0.14062
812.2,-0.605957,-0.297724,-0.947238,0.14062
812.3,-0.54705,-0.253866,-0.911894,0.14062
812.4,-0.490584,-0.21368,-0.874422,0.14062
812.5,-0.436982,-0.177081,-0.835278,0.14062
812.6,-0.38654,-0.143944,-0.794909,0.14062
812.7,-0.339436,-0.114111,-0.753742,0.14062
812.8,-0.295747,-0.087406,-0.712175,0.14062
812.9,-0.255463,-0.0636379,-0.670571,0.14062
813,-0.218505,-0.0426119,-0.629255,0.14062
813.1,-0.184742,-0.024134,-0.588509,0.14062
813.2,-0.154002,-0.00801547,-0.548575,0.14062
813.3,-0.12609,0.00592282,-0.509655,0.14062
813.4,-0.100797,0.0178486,-0.47191,0.14062
813.5,-0.0779094,0.0279163,-0.435469,0.14062
813.6,-0.0572184,0.0362667,-0.400425,0.14062
813.7,-0.0385235,0.0430266,-0.366845,0.14062
813.8,-0.0216385,0.0483097,-0.334771,0.14062
813.9,-0.00639364,0.052217,-0.304222,0.14062
814,0.00736251,0.0548383,-0.275204,0.14062
814.1,0.0197624,0.0562534,-0.247704,0.14062
814.2,0.0309193,0.0565337,-0.221702,0.14062
814.3,0.040928,0.0557434,-0.197169,0.14062
814.4,0.049866,0.0539412,-0.17407,0.14062
814.5,0.0577942,0.051182,-0.152369,0.14062
814.6,0.0647587,0.0475176,-0.132025,0.14062
814.7,0.0707927,0.0429988,-0.112999,0.14062
814.8,0.0759176,0.0376758,-0.0952538,0.14062
814.9,0.0801449,0.0316002,-0.0787531,0.14062
815,0.083478,0.024825,-0.0634637,0.14062
815.1,0.0859134,0.0174063,-0.0493554,0.14062
815.2,0.087443,0.00940341,-0.0364016,0.14062
815.3,0.0880547,0.000879933,-0.0245793,0.14062
815.4,0.087735,-0.00809604,-0.0138688,0.14062
815.5,0.0864693,-0.0174515,-0.00425359,0.14062
815.6,0.0842441,-0.0271081,0.00427984,0.14062
815.7,0.081048,-0.0369823,0.0117426,0.0139236
815.8,0.0768733,-0.0469854,0.0181437,0.021384
815.9,0.0717166,-0.0570234,0.0234909,0.0275431
816,0.065581,-0.0669974,0.0277911,0.0324472
816.1,0.0584762,-0.0768042,0.0310512,0.0361374
816.2,0.0504205,-0.0863368,0.0332788,0.0386478
816.3,0.0414411,-0.0954848,0.0344829,0.0400012
816.4,0.0315756,-0.104136,0.0346747,0.0402223
816.5,0.0208725,-0.112175,0.0338684,0.0393127
816.6,0.00939206,-0.11949,0.0320822,0.0373066
816.7,-0.00279328,-0.125965,0.0293388,0.0342046
816.8,-0.0155983,-0.131491,0.0256661,0.0300234
816.9,-0.0289249,-0.13596,0.0210983,0.0247927
817,-0.0426621,-0.139269,0.0156763,0.0186155
817.1,-0.0566863,-0.141324,0.00944798,0.0112339
817.2,-0.0708618,-0.142037,0.00246937,0.0112339
817.3,-0.0850416,-0.141331,-0.00519553,0.0112339
817.4,-0.0990687,-0.139142,-0.0134743,0.0112339
817.5,-0.112777,-0.135417,-0.022286,0.0112339
817.6,-0.125994,-0.130118,-0.0315413,0.0112339
817.7,-0.138542,-0.123225,-0.0411427,0.0112339
817.8,-0.15024,-0.114734,-0.0509848,0.0112339
817.9,-0.160909,-0.104659,-0.0609552,0.0112339
818,-0.170371,-0.0930325,-0.0709351,0.0112339
818.1,-0.178453,-0.0799087,-0.0808002,0.0112339
818.2,-0.184994,-0.0653603,-0.0904224,0.0112339
818.3,-0.189842,-0.0494802,-0.0996705,0.0112339
818.4,-0.192861,-0.0323806,-0.108413,0.0112339
818.5,-0.193931,-0.014193,-0.116516,0.0112339
818.6,-0.192955,0.00493367,-0.123853,0.0112339
818.7,-0.189855,0.0248334,-0.130296,0.0112339
818.8,-0.184579,0.0453253,-0.135726,0.0112339
818.9,-0.177101,0.066215,-0.140031,0.0112339
819,-0.167419,0.0872967,-0.143107,0.0112339
819.1,-0.155558,0.108355,-0.144864,0.0112339
819.2,-0.141572,0.129169,-0.145222,0.0112339
819.3,-0.125537,0.14951,-0.144115,0.0112339
819.4,-0.107554,0.169151,-0.141492,0.0112339
819.5,-0.0877474,0.18786,-0.137318,0.0112339
819.6,-0.0662619,0.205411,-0.131574,0.0112339
819.7,-0.0432599,0.22158,-0.124257,0.0112339
819.8,-0.0189198,0.236149,-0.115382,0.0112339
819.9,0.00656675,0.24891,-0.104978,0.0112339
820,0.0329973,0.259662,-0.093091,0.0112339
820.1,0.0601609,0.268216,-0.0797831,0.0112339
820.2,0.0878403,0.274395,-0.0651299,0.0112339
820.3,0.115814,0.278035,-0.0492211,0.0112339
820.4,0.143857,0.278989,-0.0321591,0.0112339
820.5,0.171743,0.277121,-0.0140578,0.0112339
820.6,0.199245,0.272316,0.00495775,0.0112339
820.7,0.226135,0.264473,0.0247531,0.0289858
820.8,0.252186,0.253512,0.0451849,0.0518802
820.9,0.27717,0.23937,0.0661016,0.0744165
821,0.300857,0.222005,0.0873444,0.0964267
821.1,0.32302,0.201396,0.108748,0.117757
821.2,0.343424,0.177545,0.130141,0.13829
821.3,0.361837,0.150478,0.151345,0.15791
821.4,0.378021,0.120247,0.172177,0.176518
821.5,0.391735,0.0869297,0.19245,0.194026
821.6,0.402732,0.0506339,0.211969,0.210357
821.7,0.410763,0.0114982,0.230535,0.225436
821.8,0.415576,-0.0303062,0.247946,0.239192
821.9,0.416912,-0.0745728,0.263991,0.251556
822,0.414513,-0.121058,0.278458,0.262457
822.1,0.408122,-0.16948,0.291129,0.27182
822.2,0.397484,-0.219516,0.301782,0.279561
822.3,0.382353,-0.2708,0.310194,0.285593
822.4,0.362493,-0.322923,0.316139,0.289813
822.5,0.337689,-0.375432,0.31939,0.292106
822.6,0.30775,-0.427831,0.319724,0.292341
822.7,0.272522,-0.479578,0.316923,0.290367
822.8,0.231894,-0.530093,0.310776,0.286007
822.9,0.185813,-0.578754,0.301083,0.279057
823,0.134292,-0.624907,0.287664,0.269277
823.1,0.0774289,-0.667872,0.27036,0.256383
823.2,0.0154186,-0.706944,0.24904,0.240044
823.3,-0.0514338,-0.741411,0.223611,0.219863
823.4,-0.122698,-0.770562,0.194023,0.195362
823.5,-0.197804,-0.7937,0.160278,0.165968
823.6,-0.276035,-0.810156,0.122439,0.130987
823.7,-0.35652,-0.819311,0.0806396,0.0895692
823.8,-0.438228,-0.820611,0.0350911,0.040681
823.9,-0.519977,-0.813587,-0.0139105,0.040681
824,-0.600443,-0.797872,-0.0659773,0.040681
824.1,-0.678181,-0.773227,-0.120627,0.040681
824.2,-0.751654,-0.73955,-0.177279,0.040681
824.3,-0.819271,-0.696897,-0.235262,0.040681
824.4,-0.879436,-0.645488,-0.293814,0.040681
824.5,-0.930602,-0.585719,-0.352095,0.040681
824.6,-0.971331,-0.518158,-0.409206,0.040681
824.7,-1.00036,-0.443541,-0.4642,0.040681
824.8,-1.01664,-0.362763,-0.516115,0.040681
824.9,-1.01943,-0.276854,-0.56399,0.040681
825,-1.00831,-0.186959,-0.606905,0.040681
825.1,-0.983196,-0.0943084,-0.643999,0.040681
825.2,-0.944383,-0.000183146,-0.674507,0.040681
825.3,-0.892512,0.0941171,-0.69778,0.040681
825.4,-0.828551,0.187309,-0.713308,0.040681
825.5,-0.753743,0.278157,-0.720737,0.040681
825.6,-0.669542,0.365502,-0.719873,0.040681
825.7,-0.577549,0.44828,-0.710688,0.040681
825.8,-0.47943,0.525543,-0.693314,0.040681
825.9,-0.376849,0.596466,-0.668027,0.040681
826,-0.271397,0.660347,-0.635233,0.040681
826.1,-0.164538,0.716606,-0.595446,0.040681
826.2,-0.0575649,0.764777,-0.549261,0.040681
826.3,0.0484237,0.804489,-0.497331,0.040681
826.4,0.15254,0.835458,-0.440342,0.040681
826.5,0.254102,0.857463,-0.378986,0.040681
826.6,0.352627,0.870333,-0.313948,0.040681
826.7,0.447805,0.873928,-0.245884,0.040681
826.8,0.539472,0.868125,-0.175408,0.040681
826.9,0.627585,0.852806,-0.103088,0.040681
827,0.712184,0.827845,-0.0294349,0.040681
827.1,0.793366,0.793104,0.0450932,0.0517801
827.2,0.871254,0.748426,0.120094,0.128743
827.3,0.945975,0.693633,0.195216,0.196371
827.4,1.01763,0.628525,0.27015,0.256232
827.5,1.08629,0.552884,0.344627,0.309565
827.6,1.15195,0.466476,0.418406,0.3574
827.7,1.21456,0.369059,0.491266,0.400537
827.8,1.27397,0.260388,0.562997,0.439619
827.9,1.32994,0.140226,0.633391,0.475159
828,1.38212,0.00835396,0.702232,0.507571
828.1,1.43006,-0.135419,0.769287,0.53718
828.2,1.47318,-0.291241,0.834294,0.564243
828.3,1.51076,-0.459197,0.896957,0.588958
828.4,1.54193,-0.639301,0.956931,0.611471
828.5,1.56567,-0.831468,1.01381,0.631883
828.6,1.58077,-1.03549,1.06713,0.650252
828.7,1.58583,-1.25103,1.11634,0.666595
828.8,1.57923,-1.47756,1.1608,0.680891
828.9,1.55916,-1.71435,1.19976,0.693074
829,1.52352,-1.96046,1.23237,0.703035
829.1,1.47,-2.21464,1.25764,0.710611
829.2,1.39603,-2.47535,1.27444,0.715582
829.3,1.2988,-2.74068,1.28151,0.717657
829.4,1.17531,-3.00834,1.2774,0.716451
829.5,1.02242,-3.27559,1.26053,0.711471
829.6,0.836923,-3.53924,1.22917,0.702066
829.7,0.615748,-3.79559,1.18144,0.687384
829.8,0.356121,-4.04047,1.11536,0.666276
829.9,0.0558731,-4.26924,1.02892,0.637158
830,-0.286184,-4.47682,0.920105,0.597774
830.1,-0.669795,-4.65786,0.787078,0.54474
830.2,-1.09272,-4.8068,0.628277,0.472663
830.3,-1.5501,-4.91821,0.442623,0.372158
830.4,-2.0339,-4.98701,0.229755,0.224811
830.5,-2.53237,-5.00886,-0.0097136,0.224811
830.6,-3.02973,-4.98062,-0.273917,0.224811
830.7,-3.50632,-4.9008,-0.559474,0.224811
830.8,-3.93921,-4.77004,-0.861288,0.224811
830.9,-4.30354,-4.59145,-1.17246,0.224811
831,-4.57461,-4.37089,-1.48437,0.224811
831.1,-4.73053,-4.1169,-1.78697,0.224811
831.2,-4.75525,-3.84048,-2.06937,0.224811
831.3,-4.64137,-3.55437,-2.32056,0.224811
831.4,-4.39209,-3.27223,-2.53039,0.224811
831.5,-4.02191,-3.00751,-2.69052,0.224811
831.6,-3.55555,-2.77231,-2.7953,0.224811
831.7,-3.02531,-2.57642,-2.84236,0.224811
831.8,-2.46725,-2.42659,-2.83285,0.224811
831.9,-1.91701,-2.32619,-2.77125,0.224811
832,-1.40598,-2.27532,-2.66482,0.224811
832.1,-0.958661,-2.27117,-2.5228,0.224811
832.2,-0.59134,-2.30872,-2.35551,0.224811
832.3,-0.312165,-2.38142,-2.17341,0.224811
832.4,-0.12223,-2.48191,-1.9864,0.224811
832.5,-0.0172476,-2.60266,-1.80328,0.224811
832.6,0.0106368,-2.73637,-1.63139,0.224811
832.7,-0.0287925,-2.87629,-1.47655,0.224811
832.8,-0.125088,-3.01635,-1.34302,0.224811
832.9,-0.267986,-3.15126,-1.2337,0.224811
833,-0.447855,-3.27648,-1.15025,0.224811
833.1,-0.655848,-3.38818,-1.09328,0.224811
833.2,-0.883833,-3.48319,-1.06255,0.224811
833.3,-1.12422,-3.559,-1.0571,0.224811
833.4,-1.36976,-3.61372,-1.07536,0.224811
833.5,-1.61333,-3.64611,-1.1152,0.224811
833.6,-1.8479,-3.65558,-1.17405,0.224811
833.7,-2.06645,-3.64224,-1.2489,0.224811
833.8,-2.26217,-3.60691,-1.33638,0.224811
833.9,-2.42861,-3.55114,-1.43278,0.224811
834,-2.56008,-3.47717,-1.53421,0.224811
834.1,-2.65198,-3.3879,-1.63661,0.224811
834.2,-2.70122,-3.28679,-1.73596,0.224811
834.3,-2.70654,-3.17767,-1.82842,0.224811
834.4,-2.66875,-3.06462,-1.91049,0.224811
834.5,-2.5908,-2.95173,-1.97918,0.224811
834.6,-2.47763,-2.84288,-2.03216,0.224811
834.7,-2.3359,-2.74157,-2.0679,0.224811
834.8,-2.17348,-2.65072,-2.08567,0.224811
834.9,-1.99893,-2.57256,-2.08565,0.224811
835,-1.82082,-2.50854,-2.06877,0.224811
835.1,-1.64722,-2.45935,-2.03671,0.224811
835.2,-1.4852,-2.42489,-1.99169,0.224811
835.3,-1.3405,-2.40445,-1.93634,0.224811
835.4,-1.21736,-2.39673,-1.8735,0.224811
835.5,-1.1185,-2.40002,-1.80608,0.224811
835.6,-1.04519,-2.41233,-1.73689,0.224811
835.7,-0.99742,-2.43148,-1.66856,0.224811
835.8,-0.974167,-2.45525,-1.60338,0.224811
835.9,-0.973577,-2.48145,-1.5433,0.224811
836,-0.993211,-2.50801,-1.48989,0.224811
836.1,-1.03023,-2.53301,-1.44429,0.224811
836.2,-1.08157,-2.55473,-1.40727,0.224811
836.3,-1.14403,-2.57172,-1.37922,0.224811
836.4,-1.2144,-2.58274,-1.36019,0.224811
836.5,-1.28951,-2.58684,-1.34992,0.224811
836.6,-1.36631,-2.58334,-1.34789,0.224811
836.7,-1.44188,-2.57182,-1.35332,0.224811
836.8,-1.51351,-2.55214,-1.36525,0.224811
836.9,-1.57875,-2.52441,-1.38258,0.224811
837,-1.63542,-2.48899,-1.40406,0.224811
837.1,-1.68173,-2.44645,-1.42841,0.224811
837.2,-1.71624,-2.39757,-1.45428,0.224811
837.3,-1.73801,-2.34329,-1.48037,0.224811
837.4,-1.74652,-2.28467,-1.5054,0.224811
837.5,-1.74177,-2.22285,-1.52822,0.224811
837.6,-1.72423,-2.15899,-1.54779,0.224811
837.7,-1.69481,-2.09428,-1.56325,0.224811
837.8,-1.65483,-2.02982,-1.57391,0.224811
837.9,-1.60593,-1.96662,-1.57931,0.224811
838,-1.54996,-1.90556,-1.57919,0.224811
838.1,-1.48896,-1.84739,-1.57349,0.224811
838.2,-1.42495,-1.79267,-1.56236,0.224811
838.3,-1.35994,-1.74177,-1.54614,0.224811
838.4,-1.29578,-1.6949,-1.5253,0.224811
838.5,-1.23412,-1.65209,-1.50045,0.224811
838.6,-1.17634,-1.61322,-1.47228,0.224811
838.7,-1.12356,-1.57803,-1.44152,0.224811
838.8,-1.07657,-1.54617,-1.40894,0.224811
838.9,-1.03589,-1.51717,-1.37529,0.224811
839,-1.00176,-1.49053,-1.34129,0.224811
839.1,-0.974144,-1.46569,-1.30759,0.224811
839.2,-0.952824,-1.44208,-1.27478,0.224811
839.3,-0.937382,-1.41915,-1.24335,0.224811
839.4,-0.927262,-1.39634,-1.21371,0.224811
839.5,-0.921798,-1.37317,-1.18615,0.224811
839.6,-0.920249,-1.34916,-1.16089,0.224811
839.7,-0.921829,-1.32391,-1.13804,0.224811
839.8,-0.925732,-1.29708,-1.11764,0.224811
839.9,-0.931154,-1.26839,-1.09963,0.224811
840,-0.937316,-1.23762,-1.0839,0.224811
840.1,-0.943474,-1.20465,-1.07025,0.224811
840.2,-0.94894,-1.16938,-1.05846,0.224811
840.3,-0.953087,-1.1318,-1.04825,0.224811
840.4,-0.955365,-1.09197,-1.03932,0.224811
840.5,-0.955301,-1.04997,-1.03135,0.224811
840.6,-0.95251,-1.00596,-1.024,0.224811
840.7,-0.946695,-0.960135,-1.01694,0.224811
840.8,-0.93765,-0.912717,-1.00984,0.224811
840.9,-0.925258,-0.863966,-1.0024,0.224811
841,-0.909486,-0.814157,-0.994323,0.224811
841.1,-0.890383,-0.763583,-0.985351,0.224811
841.2,-0.868071,-0.712538,-0.975259,0.224811
841.3,-0.842736,-0.66132,-0.963856,0.224811
841.4,-0.814619,-0.610218,-0.950991,0.224811
841.5,-0.784003,-0.559508,-0.936551,0.224811
841.6,-0.751204,-0.509452,-0.920464,0.224811
841.7,-0.716557,-0.460289,-0.902694,0.224811
841.8,-0.680406,-0.412238,-0.883242,0.224811
841.9,-0.643094,-0.365492,-0.862143,0.224811
842,-0.604955,-0.32022,-0.839458,0.224811
842.1,-0.566302,-0.276567,-0.815275,0.224811
842.2,-0.527426,-0.234653,-0.789702,0.224811
842.3,-0.488588,-0.194576,-0.762863,0.224811
842.4,-0.45002,-0.156416,-0.734894,0.224811
842.5,-0.411918,-0.120231,-0.705937,0.224811
842.6,-0.374446,-0.0860681,-0.676139,0.224811
842.7,-0.337738,-0.0539577,-0.645647,0.224811
842.8,-0.301896,-0.0239219,-0.614605,0.224811
842.9,-0.266996,0.00402584,-0.58315,0.224811
843,-0.233092,0.0298781,-0.551416,0.224811
843.1,-0.200216,0.0536313,-0.519525,0.224811
843.2,-0.168388,0.0752844,-0.487591,0.224811
843.3,-0.137611,0.0948374,-0.455717,0.224811
843.4,-0.107882,0.11229,-0.423999,0.224811
843.5,-0.0791943,0.127643,-0.392521,0.224811
843.6,-0.0515358,0.140893,-0.361358,0.224811
843.7,-0.0248968,0.152038,-0.330578,0.224811
843.8,0.000729847,0.161074,-0.300241,0.224811
843.9,0.0253468,0.167998,-0.270401,0.224811
844,0.0489502,0.172803,-0.241107,0.224811
844.1,0.0715288,0.175487,-0.212404,0.224811
844.2,0.0930625,0.176046,-0.184334,0.224811
844.3,0.113522,0.174479,-0.156938,0.224811
844.4,0.13287,0.170791,-0.130255,0.224811
844.5,0.151056,0.164988,-0.104326,0.224811
844.6,0.168023,0.157084,-0.0791928,0.224811
844.7,0.183703,0.1471,-0.0548981,0.224811
844.8,0.198019,0.135065,-0.0314885,0.224811
844.9,0.210884,0.121017,-0.00901381,0.224811
845,0.222206,0.105008,0.0124726,0.0147863
845.1,0.231882,0.0871002,0.0329129,0.038239
845.2,0.239806,0.0673699,0.0522449,0.0595865
845.3,0.245864,0.0459094,0.070402,0.0789408
845.4,0.249939,0.0228272,0.0873127,0.096393
845.5,0.251914,-0.00175066,0.102901,0.112011
845.6,0.251667,-0.0276792,0.117088,0.125854
845.7,0.249081,-0.0547938,0.129789,0.137959
845.8,0.24404,-0.0829096,0.140917,0.14835
845.9,0.236435,-0.111821,0.150383,0.157036
846,0.226167,-0.141299,0.158097,0.164012
846.1,0.213147,-0.171098,0.163967,0.169261
846.2,0.197304,-0.200945,0.167903,0.172752
846.3,0.178583,-0.230553,0.169819,0.174444
846.4,0.156955,-0.259611,0.169629,0.174276
846.5,0.13242,-0.287793,0.167259,0.172184
846.6,0.105008,-0.314758,0.162641,0.168079
846.7,0.0747884,-0.340151,0.155716,0.161869
846.8,0.0418719,-0.363609,0.146443,0.153437
846.9,0.00641668,-0.384763,0.134796,0.142659
847,-0.031368,-0.403246,0.120769,0.12939
847.1,-0.0712179,-0.418695,0.104379,0.113468
847.2,-0.112811,-0.430758,0.0856689,0.0947185
847.3,-0.155764,-0.439101,0.0647124,0.0729476
847.4,-0.199636,-0.443417,0.0416144,0.0479425
847.5,-0.243924,-0.44343,0.0165151,0.0194971
847.6,-0.288073,-0.438904,-0.0104081,0.0194971
847.7,-0.331474,-0.429652,-0.0389393,0.0194971
847.8,-0.373477,-0.41554,-0.0688233,0.0194971
847.9,-0.413403,-0.396497,-0.0997655,0.0194971
848,-0.450551,-0.372519,-0.131434,0.0194971
848.1,-0.484219,-0.343674,-0.163461,0.0194971
848.2,-0.513717,-0.310103,-0.195448,0.0194971
848.3,-0.538388,-0.272027,-0.226969,0.0194971
848.4,-0.557628,-0.229739,-0.257581,0.0194971
848.5,-0.570902,-0.18361,-0.286825,0.0194971
848.6,-0.577764,-0.134077,-0.314243,0.0194971
848.7,-0.577872,-0.0816417,-0.33938,0.0194971
848.8,-0.571002,-0.0268603,-0.361799,0.0194971
848.9,-0.557053,0.0296656,-0.381089,0.0194971
849,-0.536054,0.0873001,-0.396874,0.0194971
849.1,-0.508164,0.145384,-0.408823,0.0194971
849.2,-0.473663,0.203247,-0.416659,0.0194971
849.3,-0.432942,0.260219,-0.420161,0.0194971
849.4,-0.386489,0.31564,-0.419173,0.0194971
849.5,-0.334873,0.368872,-0.413605,0.0194971
849.6,-0.278717,0.419304,-0.403429,0.0194971
849.7,-0.218686,0.466361,-0.388685,0.0194971
849.8,-0.155457,0.509506,-0.369472,0.0194971
849.9,-0.0897052,0.548245,-0.345942,0.0194971
850,-0.0220854,0.582128,-0.318299,0.0194971
850.1,0.0467842,0.610746,-0.286787,0.0194971
850.2,0.116331,0.633729,-0.251682,0.0194971
850.3,0.186035,0.650748,-0.213289,0.0194971
850.4,0.255434,0.661503,-0.171927,0.0194971
850.5,0.324121,0.665726,-0.127928,0.0194971
850.6,0.391743,0.663174,-0.0816292,0.0194971
850.7,0.457994,0.653624,-0.0333651,0.0194971
850.8,0.522607,0.636872,0.0165335,0.0195084
850.9,0.585348,0.612729,0.0677435,0.0761477
851,0.646002,0.581019,0.119952,0.128607
851.1,0.704362,0.541578,0.172854,0.177112
851.2,0.760223,0.494256,0.226157,0.221918
851.3,0.813367,0.438916,0.279573,0.263288
851.4,0.863554,0.375437,0.332822,0.301473
851.5,0.910512,0.303719,0.385626,0.336706
851.6,0.953927,0.223686,0.437706,0.369196
851.7,0.993435,0.135293,0.488774,0.399122
851.8,1.02861,0.0385334,0.538537,0.426638
851.9,1.05897,-0.0665542,0.586683,0.451869
852,1.08394,-0.179874,0.63288,0.474911
852.1,1.10287,-0.301263,0.676771,0.495835
852.2,1.11503,-0.430479,0.717964,0.514683
852.3,1.11958,-0.567188,0.756034,0.531471
852.4,1.11558,-0.710946,0.790508,0.546184
852.5,1.10201,-0.861188,0.820867,0.558777
852.6,1.07771,-1.01721,0.846535,0.569173
852.7,1.04146,-1.17813,0.866881,0.577255
852.8,0.991924,-1.34293,0.881209,0.582866
852.9,0.927702,-1.51037,0.88876,0.585797
853,0.847341,-1.67899,0.888712,0.585778
853.1,0.74938,-1.84714,0.880182,0.582466
853.2,0.632396,-2.01291,0.862232,0.57542
853.3,0.495077,-2.17416,0.833883,0.564077
853.4,0.336311,-2.32851,0.794135,0.547706
853.5,0.155307,-2.47337,0.74199,0.525346
853.6,-0.0482723,-2.60595,0.676491,0.495705
853.7,-0.274137,-2.72331,0.596768,0.456993
853.8,-0.521187,-2.82244,0.502101,0.406643
853.9,-0.787312,-2.90033,0.391988,0.34079
854,-1.0692,-2.95408,0.266236,0.253263
854.1,-1.36214,-2.98108,0.125047,0.133467
854.2,-1.65997,-2.97912,-0.0308751,0.133467
854.3,-1.95496,-2.94658,-0.200231,0.133467
854.4,-2.23802,-2.88265,-0.381042,0.133467
854.5,-2.4989,-2.78746,-0.570595,0.133467
854.6,-2.72672,-2.66222,-0.765424,0.133467
854.7,-2.91063,-2.50934,-0.961352,0.133467
854.8,-3.04066,-2.33243,-1.1536,0.133467
854.9,-3.10863,-2.1362,-1.33699,0.133467
855,-3.10912,-1.92635,-1.50615,0.133467
855.1,-3.0402,-1.70921,-1.65591,0.133467
855.2,-2.90393,-1.49147,-1.78157,0.133467
855.3,-2.70638,-1.27972,-1.87927,0.133467
855.4,-2.45733,-1.08008,-1.94629,0.133467
855.5,-2.16935,-0.897849,-1.98125,0.133467
855.6,-1.85675,-0.737179,-1.98416,0.133467
855.7,-1.53426,-0.600953,-1.95646,0.133467
855.8,-1.21579,-0.49072,-1.90079,0.133467
855.9,-0.913448,-0.406765,-1.82081,0.133467
856,-0.636805,-0.348271,-1.72085,0.133467
856.1,-0.392608,-0.313542,-1.6056,0.133467
856.2,-0.184792,-0.300246,-1.47982,0.133467
856.3,-0.0147878,-0.305658,-1.34805,0.133467
856.4,0.118014,-0.326876,-1.21446,0.133467
856.5,0.215717,-0.360992,-1.08267,0.133467
856.6,0.281382,-0.405218,-0.955694,0.133467
856.7,0.318573,-0.456966,-0.835961,0.133467
856.8,0.330977,-0.51389,-0.72531,0.133467
856.9,0.322154,-0.573895,-0.625063,0.133467
857,0.295367,-0.635132,-0.536089,0.133467
857.1,0.253502,-0.695972,-0.458882,0.133467
857.2,0.199054,-0.75498,-0.393632,0.133467
857.3,0.134148,-0.810881,-0.340295,0.133467
857.4,0.0605964,-0.862539,-0.298642,0.133467
857.5,-0.0200339,-0.908931,-0.268306,0.133467
857.6,-0.106349,-0.949133,-0.248815,0.133467
857.7,-0.197059,-0.982311,-0.239616,0.133467
857.8,-0.290912,-1.00772,-0.240086,0.133467
857.9,-0.386647,-1.0247,-0.249544,0.133467
858,-0.482947,-1.03269,-0.267251,0.133467
858.1,-0.578421,-1.03125,-0.292408,0.133467
858.2,-0.671587,-1.02004,-0.324157,0.133467
858.3,-0.76088,-0.998896,-0.361576,0.133467
858.4,-0.844668,-0.967774,-0.403678,0.133467
858.5,-0.921288,-0.926815,-0.449414,0.133467
858.6,-0.989095,-0.876333,-0.497675,0.133467
858.7,-1.04651,-0.816825,-0.547305,0.133467
858.8,-1.0921,-0.748969,-0.597116,0.133467
858.9,-1.12462,-0.673613,-0.645901,0.133467
859,-1.14311,-0.591765,-0.692466,0.133467
859.1,-1.14692,-0.504567,-0.735653,0.133467
859.2,-1.13576,-0.413269,-0.774369,0.133467
859.3,-1.10975,-0.319191,-0.807618,0.133467
859.4,-1.06938,-0.223694,-0.834527,0.133467
859.5,-1.01555,-0.128133,-0.854375,0.133467
859.6,-0.949475,-0.0338263,-0.866608,0.133467
859.7,-0.872654,0.0579795,-0.870857,0.133467
859.8,-0.786796,0.14614,-0.866939,0.133467
859.9,-0.693733,0.229635,-0.85486,0.133467
860,-0.595335,0.30758,-0.834802,0.133467
860.1,-0.493434,0.379238,-0.807105,0.133467
860.2,-0.389752,0.444017,-0.772247,0.133467
860.3,-0.285843,0.501461,-0.730818,0.133467
860.4,-0.183053,0.551241,-0.683487,0.133467
860.5,-0.0824963,0.593139,-0.630978,0.133467
860.6,0.0149485,0.627025,-0.574042,0.133467
860.7,0.108635,0.652842,-0.513428,0.133467
860.8,0.198126,0.670588,-0.449868,0.133467
860.9,0.283172,0.68029,-0.384053,0.133467
861,0.363672,0.682001,-0.316628,0.133467
861.1,0.439645,0.675775,-0.248178,0.133467
861.2,0.51119,0.661665,-0.179228,0.133467
861.3,0.578458,0.639715,-0.110238,0.133467
861.4,0.641621,0.609952,-0.0416129,0.133467
861.5,0.700847,0.572387,0.026301,0.0307524
861.6,0.756278,0.527018,0.0932037,0.102343
861.7,0.808013,0.473826,0.158835,0.164675
861.8,0.856093,0.412789,0.222967,0.219342
861.9,0.900493,0.343878,0.285395,0.267604
862,0.941111,0.267072,0.345924,0.310447
862.1,0.977764,0.182363,0.404369,0.348643
862.2,1.01018,0.0897653,0.460538,0.382799
862.3,1.038,-0.010674,0.514227,0.413388
862.4,1.06076,-0.118863,0.565214,0.440779
862.5,1.07792,-0.234653,0.613249,0.465253
862.6,1.08881,-0.357827,0.658048,0.487019
862.7,1.09269,-0.488083,0.699287,0.506228
862.8,1.08869,-0.625022,0.736597,0.522973
862.9,1.07587,-0.768133,0.769557,0.537296
863,1.05314,-0.916771,0.79769,0.549193
863.1,1.01937,-1.07015,0.820458,0.55861
863.2,0.973317,-1.22731,0.837262,0.565443
863.3,0.913666,-1.38714,0.847437,0.569534
863.4,0.839063,-1.54829,0.850255,0.570661
863.5,0.748141,-1.70923,0.844926,0.568528
863.6,0.639564,-1.86822,0.830609,0.562749
863.7,0.51209,-2.02327,0.806416,0.552824
863.8,0.364655,-2.17219,0.771437,0.538101
863.9,0.196469,-2.31258,0.724758,0.517722
864,0.00714345,-2.44185,0.665494,0.490545
864.1,-0.203167,-2.55727,0.592834,0.455
864.2,-0.433595,-2.656,0.506092,0.408871
864.3,-0.68239,-2.73521,0.40477,0.348895
864.4,-0.946736,-2.79215,0.288634,0.269989
864.5,-1.22259,-2.82428,0.157801,0.163745
864.6,-1.50459,-2.8294,0.0128211,0.0151864
864.7,-1.78596,-2.80584,-0.145226,0.0151864
864.8,-2.05865,-2.75259,-0.314658,0.0151864
864.9,-2.31347,-2.66947,-0.493127,0.0151864
865,-2.54054,-2.55728,-0.6776,0.0151864
865.1,-2.72978,-2.41789,-0.864376,0.0151864
865.2,-2.87168,-2.25429,-1.04917,0.0151864
865.3,-2.95808,-2.0705,-1.22725,0.0151864
865.4,-2.98301,-1.87152,-1.39367,0.0151864
865.5,-2.94347,-1.66305,-1.54352,0.0151864
865.6,-2.8399,-1.45121,-1.67223,0.0151864
865.7,-2.67642,-1.24224,-1.77589,0.0151864
865.8,-2.46066,-1.04205,-1.85152,0.0151864
865.9,-2.20311,-0.85594,-1.89732,0.0151864
866,-1.91628,-0.688304,-1.91272,0.0151864
866.1,-1.61357,-0.542407,-1.89849,0.0151864
866.2,-1.30815,-0.420316,-1.85657,0.0151864
866.3,-1.01195,-0.32291,-1.78994,0.0151864
866.4,-0.734879,-0.249986,-1.70231,0.0151864
866.5,-0.484434,-0.200433,-1.5979,0.0151864
866.6,-0.265527,-0.172448,-1.48109,0.0151864
866.7,-0.0806604,-0.163757,-1.35619,0.0151864
866.8,0.0697309,-0.17182,-1.22727,0.0151864
866.9,0.186824,-0.194009,-1.09792,0.0151864
867,0.272924,-0.227744,-0.971261,0.0151864
867.1,0.331011,-0.270586,-0.849842,0.0151864
867.2,0.364363,-0.320295,-0.735673,0.0151864
867.3,0.376269,-0.374854,-0.630257,0.0151864
867.4,0.369823,-0.432473,-0.534651,0.0151864
867.5,0.347815,-0.491572,-0.449531,0.0151864
867.6,0.312672,-0.550757,-0.375258,0.0151864
867.7,0.266457,-0.608794,-0.311948,0.0151864
867.8,0.210901,-0.66458,-0.259525,0.0151864
867.9,0.147454,-0.717116,-0.21777,0.0151864
868,0.0773422,-0.765491,-0.186357,0.0151864
868.1,0.00163918,-0.808863,-0.164885,0.0151864
868.2,-0.0786767,-0.846455,-0.15289,0.0151864
868.3,-0.162664,-0.877543,-0.149865,0.0151864
868.4,-0.249369,-0.901466,-0.15526,0.0151864
868.5,-0.33779,-0.917629,-0.168483,0.0151864
868.6,-0.426842,-0.925512,-0.188902,0.0151864
868.7,-0.515345,-0.924685,-0.215836,0.0151864
868.8,-0.602017,-0.914822,-0.24855,0.0151864
868.9,-0.68548,-0.895716,-0.286256,0.0151864
869,-0.764276,-0.867298,-0.328102,0.0151864
869.1,-0.836904,-0.829642,-0.373177,0.0151864
869.2,-0.901853,-0.782987,-0.420515,0.0151864
869.3,-0.957659,-0.727732,-0.469098,0.0151864
869.4,-1.00296,-0.664445,-0.517871,0.0151864
869.5,-1.03654,-0.593854,-0.565755,0.0151864
869.6,-1.05742,-0.516839,-0.61167,0.0151864
869.7,-1.06489,-0.43441,-0.654559,0.0151864
869.8,-1.05854,-0.347691,-0.69341,0.0151864
869.9,-1.0383,-0.257883,-0.727287,0.0151864
870,-1.00448,-0.166241,-0.755354,0.0151864
870.1,-0.957709,-0.0740336,-0.776898,0.0151864
870.2,-0.898943,0.0174859,-0.791353,0.0151864
870.3,-0.829415,0.107113,-0.798308,0.0151864
870.4,-0.750573,0.193719,-0.797522,0.0151864
870.5,-0.664012,0.276275,-0.788921,0.0151864
870.6,-0.5714,0.353864,-0.772596,0.0151864
870.7,-0.474408,0.425699,-0.748786,0.0151864
870.8,-0.374643,0.491117,-0.717865,0.0151864
870.9,-0.273589,0.549581,-0.680319,0.0151864
871,-0.17257,0.600671,-0.636722,0.0151864
871.1,-0.0727149,0.644072,-0.587709,0.0151864
871.2,0.0250516,0.679559,-0.533951,0.0151864
871.3,0.120012,0.706977,-0.476137,0.0151864
871.4,0.211645,0.726229,-0.414945,0.0151864
871.5,0.299606,0.737257,-0.351032,0.0151864
871.6,0.383699,0.740025,-0.285017,0.0151864
871.7,0.46385,0.734513,-0.217471,0.0151864
871.8,0.540078,0.720699,-0.148917,0.0151864
871.9,0.612459,0.698557,-0.0798188,0.0151864
872,0.681103,0.668048,-0.0105902,0.0151864
872.1,0.746129,0.629121,0.058407,0.066228
872.2,0.80764,0.58171,0.126855,0.135187
872.3,0.865706,0.525736,0.194477,0.195746
872.4,0.920349,0.461112,0.261023,0.249291
872.5,0.97153,0.387747,0.32627,0.296925
872.6,1.01914,0.305553,0.390006,0.339521
872.7,1.06298,0.214452,0.452028,0.377773
872.8,1.10279,0.114387,0.512127,0.412227
872.9,1.13818,0.00533016,0.570085,0.443317
873,1.16868,-0.112702,0.625662,0.471382
873.1,1.19372,-0.239642,0.678594,0.496685
873.2,1.2126,-0.375351,0.728579,0.519423
873.3,1.22452,-0.519608,0.775275,0.539738
873.4,1.22856,-0.67209,0.818289,0.557721
873.5,1.22365,-0.83236,0.857169,0.573414
873.6,1.20862,-0.999839,0.891402,0.586818
873.7,1.18214,-1.17379,0.920405,0.597887
873.8,1.14279,-1.35331,0.943517,0.606527
873.9,1.08899,-1.53728,0.959998,0.612595
874,1.01908,-1.72435,0.969026,0.615885
874.1,0.931329,-1.91296,0.969693,0.616128
874.2,0.823958,-2.10125,0.961011,0.612964
874.3,0.695214,-2.28712,0.941917,0.605934
874.4,0.543453,-2.46816,0.911287,0.594435
874.5,0.367242,-2.64169,0.867958,0.577679
874.6,0.165502,-2.80475,0.810755,0.55462
874.7,-0.0623195,-2.95417,0.738538,0.523828
874.8,-0.316037,-3.08656,0.650255,0.483302
874.9,-0.59449,-3.19845,0.545019,0.430112
875,-0.895287,-3.28636,0.422193,0.359737
875.1,-1.21454,-3.34695,0.281502,0.264722
875.2,-1.54665,-3.37721,0.123143,0.131658
875.3,-1.88414,-3.37461,-0.0520764,0.131658
875.4,-2.21759,-3.3374,-0.242625,0.131658
875.5,-2.53585,-3.26475,-0.446132,0.131658
875.6,-2.82637,-3.15704,-0.659321,0.131658
875.7,-3.07585,-3.01599,-0.87799,0.131658
875.8,-3.27116,-2.84477,-1.09707,0.131658
875.9,-3.40049,-2.64801,-1.31078,0.131658
876,-3.4546,-2.43166,-1.51289,0.131658
876.1,-3.42795,-2.20274,-1.69703,0.131658
876.2,-3.31973,-1.96899,-1.85715,0.131658
876.3,-3.13426,-1.73833,-1.98794,0.131658
876.4,-2.88093,-1.51841,-2.08526,0.131658
876.5,-2.57346,-1.31608,-2.14647,0.131658
876.6,-2.22863,-1.13696,-2.17065,0.131658
876.7,-1.86465,-0.985148,-2.15864,0.131658
876.8,-1.49949,-0.863081,-2.11294,0.131658
876.9,-1.14933,-0.771564,-2.03745,0.131658
877,-0.827418,-0.709925,-1.93709,0.131658
877.1,-0.543461,-0.676271,-1.81743,0.131658
877.2,-0.303471,-0.66781,-1.68422,0.131658
877.3,-0.110058,-0.681166,-1.5431,0.131658
877.4,0.0370014,-0.71267,-1.39925,0.131658
877.5,0.140049,-0.758605,-1.25725,0.131658
877.6,0.20283,-0.815378,-1.12094,0.131658
877.7,0.229848,-0.879641,-0.993397,0.131658
877.8,0.225854,-0.948352,-0.876956,0.131658
877.9,0.195488,-1.0188,-0.773287,0.131658
878,0.143053,-1.08858,-0.683473,0.131658
878.1,0.072407,-1.15561,-0.608106,0.131658
878.2,-0.0130531,-1.21806,-0.547376,0.131658
878.3,-0.110351,-1.27431,-0.501152,0.131658
878.4,-0.216856,-1.32298,-0.469051,0.131658
878.5,-0.330185,-1.36286,-0.450489,0.131658
878.6,-0.448117,-1.39292,-0.444717,0.131658
878.7,-0.568502,-1.41227,-0.450853,0.131658
878.8,-0.6892,-1.42024,-0.467894,0.131658
878.9,-0.80803,-1.41632,-0.494726,0.131658
879,-0.922758,-1.4002,-0.530132,0.131658
879.1,-1.03109,-1.3718,-0.572796,0.131658
879.2,-1.13073,-1.33125,-0.621307,0.131658
879.3,-1.21939,-1.27895,-0.67417,0.131658
879.4,-1.29492,-1.21552,-0.729821,0.131658
879.5,-1.35536,-1.14185,-0.786648,0.131658
879.6,-1.39904,-1.05904,-0.843019,0.131658
879.7,-1.42468,-0.968413,-0.897319,0.131658
879.8,-1.4315,-0.871465,-0.947985,0.131658
879.9,-1.41925,-0.769817,-0.993556,0.131658
880,-1.38824,-0.665173,-1.03271,0.131658
880.1,-1.33938,-0.55926,-1.06432,0.131658
880.2,-1.2741,-0.453778,-1.08746,0.131658
880.3,-1.19433,-0.350335,-1.10147,0.131658
880.4,-1.10234,-0.250412,-1.10594,0.131658
880.5,-1.00066,-0.155312,-1.10075,0.131658
880.6,-0.891962,-0.0661435,-1.08601,0.131658
880.7,-0.778875,0.0162057,-1.0621,0.131658
880.8,-0.663915,0.091065,-1.02959,0.131658
880.9,-0.549366,0.157977,-0.989238,0.131658
881,-0.437206,0.216679,-0.941927,0.131658
881.1,-0.329068,0.267082,-0.888628,0.131658
881.2,-0.226219,0.30924,-0.830357,0.131658
881.3,-0.129566,0.343322,-0.768139,0.131658
881.4,-0.0396878,0.369581,-0.702967,0.131658
881.5,0.0431304,0.388328,-0.635785,0.131658
881.6,0.118842,0.399905,-0.567459,0.131658
881.7,0.187586,0.404669,-0.498769,0.131658
881.8,0.249638,0.40297,-0.430401,0.131658
881.9,0.305359,0.395147,-0.362942,0.131658
882,0.355151,0.381514,-0.296891,0.131658
882.1,0.399426,0.36236,-0.232657,0.131658
882.2,0.438573,0.337948,-0.170574,0.131658
882.3,0.472942,0.308516,-0.110906,0.131658
882.4,0.502823,0.274281,-0.0538658,0.131658
882.5,0.528442,0.235445,0.000382555,0.131658
882.6,0.549951,0.1922,0.0517067,0.0590015
882.7,0.567431,0.144739,0.0999983,0.109135
882.8,0.580889,0.0932551,0.145163,0.152267
882.9,0.590265,0.0379587,0.187115,0.189474
883,0.595431,-0.0209216,0.225763,0.221602
883.1,0.596204,-0.0831288,0.261015,0.249285
883.2,0.592344,-0.148371,0.292764,0.273015
883.3,0.58357,-0.216316,0.320888,0.293159
883.4,0.569563,-0.286581,0.345251,0.309989
883.5,0.549974,-0.358732,0.365695,0.323694
883.6,0.52444,-0.432275,0.382045,0.334393
883.7,0.492588,-0.506651,0.394106,0.342142
883.8,0.454055,-0.581238,0.401669,0.346941
883.9,0.408499,-0.655344,0.404507,0.34873
884,0.355619,-0.728207,0.402388,0.347395
884.1,0.295172,-0.799001,0.395074,0.342759
884.2,0.226998,-0.866835,0.382331,0.334578
884.3,0.151043,-0.93076,0.363936,0.322529
884.4,0.0673881,-0.989781,0.339691,0.306197
884.5,-0.0237237,-1.04287,0.309428,0.285046
884.6,-0.121856,-1.08897,0.273031,0.258395
884.7,-0.22635,-1.12705,0.230445,0.225365
884.8,-0.336298,-1.15607,0.181695,0.18481
884.9,-0.450522,-1.17509,0.126905,0.135233
885,-0.567558,-1.1832,0.0663094,0.0746349
885.1,-0.685651,-1.17966,0.000276972,0.0746349
885.2,-0.802768,-1.16387,-0.0706796,0.0746349
885.3,-0.916626,-1.13539,-0.14589,0.0746349
885.4,-1.02473,-1.09406,-0.224521,0.0746349
885.5,-1.12447,-1.03992,-0.305573,0.0746349
885.6,-1.21315,-0.973317,-0.387889,0.0746349
885.7,-1.28819,-0.894878,-0.470172,0.0746349
885.8,-1.34715,-0.805521,-0.551005,0.0746349
885.9,-1.38794,-0.706444,-0.628893,0.0746349
886,-1.40887,-0.599102,-0.702301,0.0746349
886.1,-1.40884,-0.485169,-0.769708,0.0746349
886.2,-1.38737,-0.366487,-0.829661,0.0746349
886.3,-1.34466,-0.245006,-0.880833,0.0746349
886.4,-1.28161,-0.122722,-0.922078,0.0746349
886.5,-1.19978,-0.00160317,-0.952475,0.0746349
886.6,-1.10128,0.116466,-0.971366,0.0746349
886.7,-0.988688,0.229749,-0.978383,0.0746349
886.8,-0.864872,0.336699,-0.973451,0.0746349
886.9,-0.732835,0.435992,-0.956785,0.0746349
887,-0.595562,0.526545,-0.928863,0.0746349
887.1,-0.455867,0.607518,-0.890396,0.0746349
887.2,-0.316284,0.678304,-0.842283,0.0746349
887.3,-0.178971,0.738505,-0.785559,0.0746349
887.4,-0.0456693,0.787903,-0.721349,0.0746349
887.5,0.0823155,0.826426,-0.650812,0.0746349
887.6,0.204099,0.854109,-0.575103,0.0746349
887.7,0.319176,0.871062,-0.495331,0.0746349
887.8,0.42737,0.877433,-0.412532,0.0746349
887.9,0.528764,0.873384,-0.327647,0.0746349
888,0.623636,0.859065,-0.241509,0.0746349
888.1,0.712394,0.834598,-0.154839,0.0746349
888.2,0.795517,0.800066,-0.0682473,0.0746349
888.3,0.873504,0.755506,0.0177621,0.0209303
888.4,0.946833,0.700904,0.102779,0.11189
888.5,1.01593,0.636202,0.186476,0.188927
888.6,1.08113,0.561299,0.268592,0.255048
888.7,1.14268,0.476056,0.348921,0.312477
888.8,1.20071,0.380311,0.427292,0.362866
888.9,1.25524,0.273883,0.503558,0.407461
889,1.30614,0.156591,0.577582,0.447198
889.1,1.35317,0.028259,0.649221,0.482807
889.2,1.39594,-0.111262,0.718315,0.514841
889.3,1.43391,-0.262084,0.784677,0.543727
889.4,1.46641,-0.42426,0.848078,0.569791
889.5,1.4926,-0.597771,0.908241,0.593276
889.6,1.51148,-0.782501,0.964826,0.614357
889.7,1.52186,-0.978216,1.01742,0.633149
889.8,1.52237,-1.18454,1.06553,0.649711
889.9,1.51146,-1.40093,1.10858,0.664053
890,1.48735,-1.62664,1.14586,0.676136
890.1,1.44803,-1.8607,1.17659,0.685865
890.2,1.3913,-2.10186,1.19982,0.693092
890.3,1.31473,-2.34858,1.21451,0.697603
890.4,1.21569,-2.59897,1.21944,0.69911
890.5,1.0914,-2.85079,1.21328,0.697229
890.6,0.938977,-3.10138,1.19455,0.691461
890.7,0.755569,-3.34762,1.16161,0.681147
890.8,0.538462,-3.586,1.11275,0.665419
890.9,0.285313,-3.81252,1.04614,0.643105
891,-0.00558974,-4.02278,0.959972,0.612585
891.1,-0.334972,-4.21204,0.852458,0.57154
891.2,-0.702152,-4.37529,0.721989,0.516486
891.3,-1.10455,-4.50745,0.567262,0.441847
891.4,-1.53716,-4.60352,0.387454,0.337883
891.5,-1.99205,-4.65894,0.182435,0.185449
891.6,-2.45795,-4.66989,-0.046999,0.185449
891.7,-2.92007,-4.63368,-0.298884,0.185449
891.8,-3.36026,-4.54916,-0.56987,0.185449
891.9,-3.75765,-4.41717,-0.855061,0.185449
892,-4.08995,-4.24078,-1.14796,0.185449
892.1,-4.33523,-4.02551,-1.44056,0.185449
892.2,-4.47434,-3.77931,-1.72366,0.185449
892.3,-4.49342,-3.51224,-1.98734,0.185449
892.4,-4.3863,-3.23592,-2.22164,0.185449
892.5,-4.15616,-2.96274,-2.41744,0.185449
892.6,-3.81596,-2.70489,-2.56724,0.185449
892.7,-3.38758,-2.47342,-2.66595,0.185449
892.8,-2.89949,-2.2773,-2.71136,0.185449
892.9,-2.38357,-2.12288,-2.70439,0.185449
893,-1.87149,-2.0135,-2.64894,0.185449
893.1,-1.39145,-1.94961,-2.55138,0.185449
893.2,-0.965827,-1.92907,-2.41991,0.185449
893.3,-0.609966,-1.94767,-2.26372,0.185449
893.4,-0.332087,-1.9998,-2.09227,0.185449
893.5,-0.134131,-2.07902,-1.91456,0.185449
893.6,-0.0131244,-2.17865,-1.73869,0.185449
893.7,0.0372731,-2.29213,-1.57152,0.185449
893.8,0.0253331,-2.41336,-1.41854,0.185449
893.9,-0.0398971,-2.5368,-1.2839,0.185449
894,-0.149401,-2.65754,-1.1705,0.185449
894.1,-0.294663,-2.77136,-1.08011,0.185449
894.2,-0.46786,-2.87464,-1.01355,0.185449
894.3,-0.661862,-2.96434,-0.970866,0.185449
894.4,-0.870099,-3.03796,-0.951446,0.185449
894.5,-1.08639,-3.09354,-0.954128,0.185449
894.6,-1.30477,-3.12964,-0.977285,0.185449
894.7,-1.51934,-3.14534,-1.01888,0.185449
894.8,-1.72426,-3.14028,-1.07652,0.185449
894.9,-1.9137,-3.11469,-1.14747,0.185449
895,-2.08203,-3.06939,-1.22872,0.185449
895.1,-2.22396,-3.0058,-1.31702,0.185449
895.2,-2.33487,-2.92594,-1.40895,0.185449
895.3,-2.41108,-2.83235,-1.50104,0.185449
895.4,-2.45014,-2.72802,-1.58983,0.185449
895.5,-2.45113,-2.61627,-1.67205,0.185449
895.6,-2.41478,-2.5006,-1.74472,0.185449
895.7,-2.34354,-2.38453,-1.8053,0.185449
895.8,-2.24147,-2.27142,-1.85181,0.185449
895.9,-2.11399,-2.16433,-1.8829,0.185449
896,-1.96754,-2.06584,-1.89793,0.185449
896.1,-1.80911,-1.97798,-1.89696,0.185449
896.2,-1.64578,-1.90218,-1.88071,0.185449
896.3,-1.48427,-1.8392,-1.8505,0.185449
896.4,-1.33059,-1.7892,-1.80813,0.185449
896.5,-1.18972,-1.75178,-1.75575,0.185449
896.6,-1.06549,-1.72607,-1.69573,0.185449
896.7,-0.960508,-1.71082,-1.63052,0.185449
896.8,-0.876238,-1.70451,-1.56252,0.185449
896.9,-0.813101,-1.70544,-1.49399,0.185449
897,-0.770648,-1.71183,-1.42698,0.185449
897.1,-0.747736,-1.7219,-1.36326,0.185449
897.2,-0.74271,-1.73391,-1.30431,0.185449
897.3,-0.753558,-1.74622,-1.25127,0.185449
897.4,-0.778048,-1.75734,-1.205,0.185449
897.5,-0.81383,-1.76593,-1.16602,0.185449
897.6,-0.858519,-1.77081,-1.1346,0.185449
897.7,-0.909746,-1.77101,-1.11077,0.185449
897.8,-0.965205,-1.76573,-1.09429,0.185449
897.9,-1.02267,-1.75438,-1.08478,0.185449
898,-1.08005,-1.73653,-1.08166,0.185449
898.1,-1.13535,-1.71198,-1.0842,0.185449
898.2,-1.18677,-1.68068,-1.09159,0.185449
898.3,-1.23266,-1.64276,-1.10292,0.185449
898.4,-1.27159,-1.59855,-1.11721,0.185449
898.5,-1.30238,-1.54848,-1.13346,0.185449
898.6,-1.32407,-1.49313,-1.15066,0.185449
898.7,-1.33603,-1.43322,-1.16782,0.185449
898.8,-1.33789,-1.36952,-1.184,0.185449
898.9,-1.3296,-1.30289,-1.19832,0.185449
899,-1.3114,-1.23419,-1.21001,0.185449
899.1,-1.28383,-1.16432,-1.2184,0.185449
899.2,-1.24767,-1.09414,-1.22294,0.185449
899.3,-1.20391,-1.02446,-1.22323,0.185449
899.4,-1.15371,-0.956036,-1.21901,0.185449
899.5,-1.09835,-0.889525,-1.21015,0.185449
899.6,-1.03917,-0.825486,-1.19668,0.185449
899.7,-0.977483,-0.764372,-1.17872,0.185449
899.8,-0.914582,-0.706522,-1.15653,0.185449
899.9,-0.851652,-0.652167,-1.13046,0.185449
900,-0.789758,-0.601434,-1.10092,0.185449
900.1,-0.729811,-0.554354,-1.06839,0.185449
900.2,-0.672559,-0.510877,-1.03338,0.185449
900.3,-0.618578,-0.470879,-0.996401,0.185449
900.4,-0.568282,-0.434181,-0.957983,0.185449
900.5,-0.521929,-0.400561,-0.918624,0.185449
900.6,-0.479638,-0.369763,-0.878795,0.185449
900.7,-0.441407,-0.341516,-0.838929,0.185449
900.8,-0.407132,-0.315539,-0.799411,0.185449
900.9,-0.37663,-0.291551,-0.760576,0.185449
901,-0.349657,-0.269279,-0.722707,0.185449
901.1,-0.325923,-0.248464,-0.686034,0.185449
901.2,-0.305112,-0.228864,-0.650737,0.185449
901.3,-0.286892,-0.210258,-0.616946,0.185449
901.4,-0.270928,-0.192449,-0.584748,0.185449
901.5,-0.256887,-0.175264,-0.554191,0.185449
901.6,-0.244451,-0.158552,-0.525286,0.185449
901.7,-0.233314,-0.142191,-0.498013,0.185449
901.8,-0.223194,-0.126079,-0.472327,0.185449
901.9,-0.213828,-0.110138,-0.448161,0.185449
902,-0.204977,-0.0943119,-0.42543,0.185449
902.1,-0.196425,-0.0785651,-0.404036,0.185449
902.2,-0.187981,-0.0628809,-0.38387,0.185449
902.3,-0.179478,-0.0472601,-0.364819,0.185449
902.4,-0.17077,-0.0317196,-0.346762,0.185449
902.5,-0.161736,-0.0162909,-0.32958,0.185449
902.6,-0.152273,-0.00101847,-0.313154,0.185449
902.7,-0.142303,0.0140414,-0.297366,0.185449
902.8,-0.131763,0.0288226,-0.282104,0.185449
902.9,-0.12061,0.0432499,-0.267263,0.185449
903,-0.108821,0.0572411,-0.252742,0.185449
903.1,-0.0963862,0.0707079,-0.23845,0.185449
903.2,-0.0833127,0.0835575,-0.224303,0.185449
903.3,-0.0696218,0.0956937,-0.210229,0.185449
903.4,-0.0553485,0.107018,-0.196162,0.185449
903.5,-0.0405399,0.117432,-0.18205,0.185449
903.6,-0.025255,0.126837,-0.167847,0.185449
903.7,-0.00956275,0.135135,-0.153522,0.185449
903.8,0.00645805,0.142232,-0.139049,0.185449
903.9,0.0227201,0.148037,-0.124417,0.185449
904,0.0391285,0.152464,-0.109622,0.185449
904.1,0.0555813,0.155432,-0.094671,0.185449
904.2,0.0719704,0.156867,-0.0795788,0.185449
904.3,0.0881826,0.156704,-0.0643709,0.185449
904.4,0.1041,0.154883,-0.0490807,0.185449
904.5,0.1196,0.151357,-0.0337501,0.185449
904.6,0.134557,0.146088,-0.0184286,0.185449
904.7,0.148842,0.139048,-0.0031732,0.185449
904.8,0.162324,0.130221,0.011952,0.0141742
904.9,0.17487,0.119607,0.0268767,0.0314182
905,0.186345,0.107214,0.0415242,0.047844
905.1,0.196612,0.09307,0.0558125,0.0634413
905.2,0.205536,0.077215,0.0696543,0.0781561
905.3,0.21298,0.059706,0.0829575,0.091948
905.4,0.218809,0.0406171,0.0956261,0.104775
905.5,0.222888,0.0200395,0.10756,0.116596
905.6,0.225087,-0.00191697,0.118657,0.127364
905.7,0.225279,-0.0251236,0.128811,0.137036
905.8,0.223342,-0.0494326,0.137915,0.145566
905.9,0.21916,-0.074676,0.14586,0.152902
906,0.212628,-0.100666,0.152538,0.158994
906.1,0.203651,-0.127196,0.157842,0.163783
906.2,0.192147,-0.154037,0.161665,0.167209
906.3,0.178052,-0.180943,0.163905,0.169206
906.4,0.16132,-0.20765,0.164463,0.169702
906.5,0.141928,-0.233876,0.163247,0.16862
906.6,0.11988,-0.259322,0.160172,0.165873
906.7,0.0952113,-0.283678,0.155165,0.161371
906.8,0.0679888,-0.306623,0.148163,0.155012
906.9,0.0383193,-0.327828,0.139117,0.146683
907,0.00635068,-0.346959,0.127996,0.136266
907.1,-0.0277236,-0.363683,0.114787,0.123632
907.2,-0.063662,-0.377675,0.0995008,0.108641
907.3,-0.101173,-0.388615,0.0821705,0.0911402
907.4,-0.139911,-0.396205,0.0628574,0.0709785
907.5,-0.179483,-0.400165,0.041652,0.0479863
907.6,-0.21944,-0.400247,0.0186765,0.0220034
907.7,-0.25929,-0.396237,-0.00591394,0.0220034
907.8,-0.298495,-0.387963,-0.0319297,0.0220034
907.9,-0.336483,-0.375302,-0.0591464,0.0220034
908,-0.372652,-0.358183,-0.087305,0.0220034
908.1,-0.406388,-0.336596,-0.116113,0.0220034
908.2,-0.437069,-0.310593,-0.145247,0.0220034
908.3,-0.464088,-0.280292,-0.174356,0.0220034
908.4,-0.486859,-0.245878,-0.203065,0.0220034
908.5,-0.504844,-0.207603,-0.230982,0.0220034
908.6,-0.51756,-0.165786,-0.257702,0.0220034
908.7,-0.524597,-0.120806,-0.282818,0.0220034
908.8,-0.525632,-0.073102,-0.305925,0.0220034
908.9,-0.520441,-0.0231606,-0.326631,0.0220034
909,-0.508905,0.028487,-0.344567,0.0220034
909.1,-0.491014,0.0812762,-0.359391,0.0220034
909.2,-0.466869,0.134618,-0.370797,0.0220034
909.3,-0.436679,0.187909,-0.378526,0.0220034
909.4,-0.400749,0.240542,-0.382366,0.0220034
909.5,-0.359474,0.291914,-0.38216,0.0220034
909.6,-0.313324,0.341435,-0.377805,0.0220034
909.7,-0.262823,0.388537,-0.369258,0.0220034
909.8,-0.20854,0.432678,-0.356531,0.0220034
909.9,-0.151064,0.473349,-0.339691,0.0220034
910,-0.0909906,0.510073,-0.318853,0.0220034
910.1,-0.0289086,0.542414,-0.294179,0.0220034
910.2,0.0346166,0.569969,-0.265872,0.0220034
910.3,0.0990509,0.592371,-0.234165,0.0220034
910.4,0.1639,0.60929,-0.199319,0.0220034
910.5,0.228712,0.620425,-0.161617,0.0220034
910.6,0.293081,0.625505,-0.121354,0.0220034
910.7,0.356644,0.624282,-0.0788325,0.0220034
910.8,0.419078,0.616533,-0.0343611,0.0220034
910.9,0.480095,0.602054,0.0117533,0.0139409
911,0.539434,0.58066,0.0592067,0.0670857
911.1,0.59685,0.55218,0.1077,0.116731
911.2,0.652113,0.516459,0.15694,0.162971
911.3,0.70499,0.473359,0.20664,0.205948
911.4,0.755242,0.422759,0.256517,0.245833
911.5,0.802612,0.364556,0.306292,0.2828
911.6,0.846817,0.29867,0.355688,0.317032
911.7,0.887536,0.225047,0.404424,0.348678
911.8,0.924409,0.143666,0.452214,0.377883
911.9,0.957022,0.0545447,0.498762,0.40477
912,0.984903,-0.042254,0.54376,0.429439
912.1,1.00752,-0.146612,0.586878,0.451968
912.2,1.02425,-0.258345,0.627766,0.472413
912.3,1.03442,-0.377196,0.666043,0.490804
912.4,1.03726,-0.502818,0.701298,0.507146
912.5,1.03192,-0.634764,0.73308,0.521419
912.6,1.01747,-0.772472,0.760895,0.533573
912.7,0.992869,-0.915251,0.784206,0.543528
912.8,0.957033,-1.06227,0.802423,0.551166
912.9,0.908793,-1.21253,0.814906,0.55633
913,0.84693,-1.36486,0.820961,0.558816
913.1,0.770201,-1.51791,0.819843,0.558358
913.2,0.677371,-1.67014,0.810761,0.554622
913.3,0.567263,-1.81978,0.792882,0.547181
913.4,0.438822,-1.96488,0.765348,0.53549
913.5,0.291196,-2.10328,0.727288,0.518849
913.6,0.123833,-2.23264,0.67785,0.496339
913.7,-0.0633956,-2.35046,0.616228,0.46673
913.8,-0.27006,-2.45412,0.541707,0.42834
913.9,-0.495016,-2.54097,0.453713,0.378772
914,-0.73625,-2.60835,0.351879,0.314473
914.1,-0.990725,-2.65375,0.23611,0.22988
914.2,-1.25425,-2.67487,0.106665,0.115717
914.3,-1.52141,-2.66982,-0.0357625,0.115717
914.4,-1.78554,-2.63721,-0.189971,0.115717
914.5,-2.03887,-2.57632,-0.354183,0.115717
914.6,-2.27271,-2.48725,-0.526005,0.115717
914.7,-2.47789,-2.37101,-0.702415,0.115717
914.8,-2.64526,-2.22961,-0.879805,0.115717
914.9,-2.76638,-2.06609,-1.05407,0.115717
915,-2.83425,-1.88442,-1.22074,0.115717
915.1,-2.84404,-1.6894,-1.37523,0.115717
915.2,-2.7937,-1.48643,-1.51305,0.115717
915.3,-2.68439,-1.28124,-1.63009,0.115717
915.4,-2.52052,-1.07956,-1.7229,0.115717
915.5,-2.30958,-0.886809,-1.78894,0.115717
915.6,-2.06147,-0.707792,-1.82673,0.115717
915.7,-1.78777,-0.546443,-1.83598,0.115717
915.8,-1.50066,-0.405672,-1.81756,0.115717
915.9,-1.212,-0.287302,-1.77341,0.115717
916,-0.932398,-0.192085,-1.70635,0.115717
916.1,-0.670664,-0.119815,-1.61987,0.115717
916.2,-0.433381,-0.0694824,-1.51784,0.115717
916.3,-0.224852,-0.0394655,-1.40432,0.115717
916.4,-0.0472462,-0.0277305,-1.28324,0.115717
916.5,0.0990904,-0.0320124,-1.15829,0.115717
916.6,0.21523,-0.0499701,-1.03279,0.115717
916.7,0.303238,-0.0793066,-0.909551,0.115717
916.8,0.365776,-0.117853,-0.790923,0.115717
916.9,0.40577,-0.163616,-0.678747,0.115717
917,0.42615,-0.214805,-0.574411,0.115717
917.1,0.429677,-0.269829,-0.478901,0.115717
917.2,0.418826,-0.327285,-0.392859,0.115717
917.3,0.395745,-0.385935,-0.316644,0.115717
917.4,0.362239,-0.444682,-0.250396,0.115717
917.5,0.319795,-0.502538,-0.194083,0.115717
917.6,0.269628,-0.558607,-0.147551,0.115717
917.7,0.212726,-0.612057,-0.110554,0.115717
917.8,0.149913,-0.662105,-0.0827843,0.115717
917.9,0.0819003,-0.708008,-0.0638917,0.115717
918,0.00934126,-0.749053,-0.0534942,0.115717
918.1,-0.0671211,-0.784559,-0.0511851,0.115717
918.2,-0.146813,-0.813874,-0.0565338,0.115717
918.3,-0.228997,-0.836387,-0.069084,0.115717
918.4,-0.312842,-0.851535,-0.0883481,0.115717
918.5,-0.39741,-0.858816,-0.113801,0.115717
918.6,-0.481643,-0.857807,-0.144872,0.115717
918.7,-0.564363,-0.848175,-0.180938,0.115717
918.8,-0.644285,-0.829698,-0.221319,0.115717
918.9,-0.720036,-0.802278,-0.265273,0.115717
919,-0.790183,-0.765957,-0.311993,0.115717
919.1,-0.853277,-0.720927,-0.360613,0.115717
919.2,-0.907897,-0.667537,-0.410211,0.115717
919.3,-0.952704,-0.606298,-0.459822,0.115717
919.4,-0.986498,-0.537874,-0.508452,0.115717
919.5,-1.00828,-0.46308,-0.555097,0.115717
919.6,-1.01728,-0.382862,-0.598762,0.115717
919.7,-1.01304,-0.298279,-0.63849,0.115717
919.8,-0.995408,-0.210475,-0.673386,0.115717
919.9,-0.964563,-0.120652,-0.702642,0.115717
920,-0.921022,-0.0300378,-0.725558,0.115717
920.1,-0.865607,0.0601453,-0.741569,0.115717
920.2,-0.799414,0.148712,-0.750251,0.115717
920.3,-0.723759,0.234538,-0.751339,0.115717
920.4,-0.640115,0.316588,-0.744725,0.115717
920.5,-0.550047,0.393927,-0.730458,0.115717
920.6,-0.455142,0.465736,-0.708731,0.115717
920.7,-0.356942,0.531315,-0.679868,0.115717
920.8,-0.256896,0.590081,-0.644307,0.115717
920.9,-0.156307,0.641563,-0.602574,0.115717
921,-0.0563105,0.685391,-0.55526,0.115717
921.1,0.0421517,0.721284,-0.503,0.115717
921.2,0.13833,0.74903,-0.446449,0.115717
921.3,0.231664,0.768477,-0.386261,0.115717
921.4,0.321762,0.779513,-0.323072,0.115717
921.5,0.408383,0.78205,-0.25749,0.115717
921.6,0.49141,0.776018,-0.190078,0.115717
921.7,0.570818,0.761347,-0.121356,0.115717
921.8,0.646647,0.737963,-0.051791,0.115717
921.9,0.718977,0.705784,0.0182005,0.0214531
922,0.787901,0.664712,0.0882489,0.097344
922.1,0.853501,0.614636,0.158029,0.16395
922.2,0.915835,0.555432,0.227253,0.222801
922.3,0.974911,0.486966,0.295664,0.275129
922.4,1.03068,0.4091,0.363027,0.321927
922.5,1.08304,0.321694,0.429124,0.363985
922.6,1.13177,0.224621,0.493739,0.401938
922.7,1.17661,0.117769,0.556657,0.436287
922.8,1.21716,0.00105473,0.61765,0.467435
922.9,1.25294,-0.125563,0.676472,0.495696
923,1.28335,-0.262075,0.732846,0.521315
923.1,1.30767,-0.408401,0.786461,0.54448
923.2,1.32507,-0.56438,0.836961,0.565322
923.3,1.33455,-0.729746,0.883936,0.583927
923.4,1.33499,-0.904113,0.926915,0.600337
923.5,1.32511,-1.08695,0.965358,0.614551
923.6,1.30347,-1.27757,0.998645,0.626525
923.7,1.26849,-1.47507,1.02607,0.63617
923.8,1.21842,-1.67837,1.04685,0.643347
923.9,1.15134,-1.8861,1.06007,0.64786
924,1.06526,-2.09666,1.06475,0.649447
924.1,0.958038,-2.30813,1.05979,0.647764
924.2,0.827547,-2.51828,1.04399,0.642365
924.3,0.671682,-2.72456,1.01606,0.632672
924.4,0.488505,-2.92405,0.974651,0.617924
924.5,0.276388,-3.11353,0.918362,0.597116
924.6,0.0342105,-3.28945,0.845796,0.568877
924.7,-0.238399,-3.44801,0.755617,0.53129
924.8,-0.540774,-3.58523,0.646627,0.481562
924.9,-0.87088,-3.69703,0.51787,0.415397
925,-1.22498,-3.77946,0.368754,0.325713
925.1,-1.59728,-3.82882,0.199196,0.199728
925.2,-1.97971,-3.84194,0.0097815,0.0116272
925.3,-2.36173,-3.81644,-0.198075,0.0116272
925.4,-2.73049,-3.75101,-0.421974,0.0116272
925.5,-3.0711,-3.64572,-0.658421,0.0116272
925.6,-3.36744,-3.5022,-0.90277,0.0116272
925.7,-3.60322,-3.32389,-1.14926,0.0116272
925.8,-3.76342,-3.11598,-1.39119,0.0116272
925.9,-3.83595,-2.88535,-1.62118,0.0116272
926,-3.81323,-2.64026,-1.83161,0.0116272
926.1,-3.69354,-2.38988,-2.01516,0.0116272
926.2,-3.48179,-2.14369,-2.16533,0.0116272
926.3,-3.18939,-1.91081,-2.27704,0.0116272
926.4,-2.83345,-1.69937,-2.34707,0.0116272
926.5,-2.43499,-1.51594,-2.37433,0.0116272
926.6,-2.01683,-1.36517,-2.35994,0.0116272
926.7,-1.60131,-1.24959,-2.30708,0.0116272
926.8,-1.20825,-1.16971,-2.22065,0.0116272
926.9,-0.853517,-1.1242,-2.1068,0.0116272
927,-0.548278,-1.1103,-1.97234,0.0116272
927.1,-0.298922,-1.12417,-1.8243,0.0116272
927.2,-0.107565,-1.16138,-1.66943,0.0116272
927.3,0.0271171,-1.21722,-1.51385,0.0116272
927.4,0.108911,-1.287,-1.36285,0.0116272
927.5,0.143124,-1.36627,-1.22078,0.0116272
927.6,0.135781,-1.45095,-1.09104,0.0116272
927.7,0.0930301,-1.53737,-0.976103,0.0116272
927.8,0.0207491,-1.62229,-0.877646,0.0116272
927.9,-0.0756672,-1.70287,-0.796645,0.0116272
928,-0.191372,-1.77669,-0.733497,0.0116272
928.1,-0.322035,-1.84162,-0.688126,0.0116272
928.2,-0.46375,-1.8959,-0.66007,0.0116272
928.3,-0.612913,-1.93801,-0.648558,0.0116272
928.4,-0.766106,-1.96676,-0.652558,0.0116272
928.5,-0.91999,-1.9812,-0.670815,0.0116272
928.6,-1.07123,-1.98072,-0.701878,0.0116272
928.7,-1.21648,-1.96497,-0.744114,0.0116272
928.8,-1.35237,-1.93398,-0.795727,0.0116272
928.9,-1.47555,-1.88807,-0.85477,0.0116272
929,-1.58282,-1.82797,-0.919173,0.0116272
929.1,-1.67124,-1.75472,-0.986764,0.0116272
929.2,-1.73826,-1.66971,-1.05532,0.0116272
929.3,-1.78188,-1.57465,-1.12261,0.0116272
929.4,-1.80083,-1.47149,-1.18647,0.0116272
929.5,-1.79463,-1.36237,-1.24483,0.0116272
929.6,-1.76367,-1.24956,-1.29584,0.0116272
929.7,-1.70928,-1.13535,-1.33791,0.0116272
929.8,-1.63359,-1.02197,-1.36975,0.0116272
929.9,-1.5395,-0.911493,-1.39044,0.0116272
930,-1.43045,-0.805795,-1.39945,0.0116272
930.1,-1.31028,-0.706459,-1.39666,0.0116272
930.2,-1.18294,-0.614751,-1.38232,0.0116272
930.3,-1.05233,-0.531598,-1.35704,0.0116272
930.4,-0.922095,-0.457585,-1.32173,0.0116272
930.5,-0.795446,-0.392974,-1.27753,0.0116272
930.6,-0.675076,-0.337739,-1.22577,0.0116272
930.7,-0.563094,-0.291605,-1.16788,0.0116272
930.8,-0.461019,-0.254094,-1.1053,0.0116272
930.9,-0.369804,-0.224581,-1.03949,0.0116272
931,-0.289901,-0.202335,-0.971805,0.0116272
931.1,-0.221336,-0.186564,-0.903508,0.0116272
931.2,-0.163797,-0.176451,-0.835721,0.0116272
931.3,-0.116718,-0.171181,-0.769422,0.0116272
931.4,-0.0793643,-0.169968,-0.705428,0.0116272
931.5,-0.0508957,-0.172064,-0.644406,0.0116272
931.6,-0.0304276,-0.176772,-0.586876,0.0116272
931.7,-0.0170729,-0.183452,-0.533224,0.0116272
931.8,-0.00997341,-0.191518,-0.483716,0.0116272
931.9,-0.00832004,-0.200442,-0.438513,0.0116272
932,-0.011364,-0.209748,-0.397688,0.0116272
932.1,-0.0184212,-0.219009,-0.361236,0.0116272
932.2,-0.0288708,-0.227844,-0.329094,0.0116272
932.3,-0.0421514,-0.235912,-0.301146,0.0116272
932.4,-0.0577537,-0.24291,-0.277238,0.0116272
932.5,-0.075213,-0.248568,-0.257183,0.0116272
932.6,-0.0941015,-0.25265,-0.24077,0.0116272
932.7,-0.11402,-0.254949,-0.22777,0.0116272
932.8,-0.134593,-0.255287,-0.217936,0.0116272
932.9,-0.155461,-0.253514,-0.211014,0.0116272
933,-0.176277,-0.24951,-0.206736,0.0116272
933.1,-0.196704,-0.243184,-0.20483,0.0116272
933.2,-0.216414,-0.234472,-0.205017,0.0116272
933.3,-0.235087,-0.223343,-0.207014,0.0116272
933.4,-0.25241,-0.209794,-0.210536,0.0116272
933.5,-0.268082,-0.193855,-0.215293,0.0116272
933.6,-0.281817,-0.175588,-0.220997,0.0116272
933.7,-0.293345,-0.155087,-0.227361,0.0116272
933.8,-0.302417,-0.132475,-0.2341,0.0116272
933.9,-0.30881,-0.107908,-0.240932,0.0116272
934,-0.31233,-0.0815699,-0.247586,0.0116272
934.1,-0.312817,-0.0536738,-0.253795,0.0116272
934.2,-0.310148,-0.0244571,-0.259308,0.0116272
934.3,-0.304239,0.00581965,-0.263886,0.0116272
934.4,-0.29505,0.0368762,-0.267308,0.0116272
934.5,-0.282581,0.0684159,-0.26937,0.0116272
934.6,-0.266876,0.100129,-0.269893,0.0116272
934.7,-0.248022,0.131697,-0.268719,0.0116272
934.8,-0.226143,0.162794,-0.265714,0.0116272
934.9,-0.201402,0.193096,-0.260773,0.0116272
935,-0.173993,0.222277,-0.253818,0.0116272
935.1,-0.144141,0.250017,-0.244796,0.0116272
935.2,-0.112091,0.276004,-0.233683,0.0116272
935.3,-0.0781094,0.299937,-0.220483,0.0116272
935.4,-0.0424758,0.321525,-0.205222,0.0116272
935.5,-0.00547819,0.340495,-0.187955,0.0116272
935.6,0.0325907,0.356587,-0.168756,0.0116272
935.7,0.0714372,0.369558,-0.147721,0.0116272
935.8,0.11077,0.379183,-0.124965,0.0116272
935.9,0.150302,0.385256,-0.10062,0.0116272
936,0.189754,0.387589,-0.0748315,0.0116272
936.1,0.22885,0.386011,-0.0477578,0.0116272
936.2,0.267324,0.380373,-0.0195679,0.0116272
936.3,0.304915,0.370543,0.00955991,0.0116272
936.4,0.341366,0.35641,0.03944,0.0455293
936.5,0.376424,0.337884,0.06988,0.0783968
936.6,0.409835,0.314895,0.100682,0.109813
936.7,0.441345,0.287395,0.131642,0.139703
936.8,0.470692,0.255362,0.162552,0.168
936.9,0.497611,0.218798,0.193198,0.194662
937,0.521822,0.177734,0.22336,0.21966
937.1,0.543036,0.132233,0.252814,0.242975
937.2,0.560947,0.0823882,0.281326,0.264591
937.3,0.575232,0.0283328,0.308657,0.284496
937.4,0.585551,-0.0297602,0.334557,0.30267
937.5,0.591543,-0.0916729,0.358768,0.319092
937.6,0.59283,-0.157139,0.38102,0.333729
937.7,0.589016,-0.225837,0.401034,0.34654
937.8,0.579689,-0.297389,0.418517,0.357469
937.9,0.564427,-0.371356,0.433165,0.366446
938,0.542801,-0.44723,0.444662,0.37338
938.1,0.514385,-0.524435,0.452683,0.378161
938.2,0.478763,-0.602322,0.45689,0.380651
938.3,0.435546,-0.680166,0.456942,0.380682
938.4,0.384381,-0.757168,0.452496,0.37805
938.5,0.324977,-0.832456,0.443206,0.372507
938.6,0.257121,-0.905083,0.42874,0.363751
938.7,0.180709,-0.974042,0.40878,0.351412
938.8,0.0957684,-1.03827,0.383035,0.335033
938.9,0.00249487,-1.09665,0.35125,0.31405
939,-0.0987175,-1.14805,0.313227,0.28775
939.1,-0.207241,-1.19133,0.26883,0.255228
939.2,-0.322185,-1.22536,0.218012,0.215313
939.3,-0.442362,-1.24908,0.160828,0.166461
939.4,-0.566274,-1.26149,0.0974557,0.106603
939.5,-0.692098,-1.26171,0.0282139,0.032929
939.6,-0.817691,-1.24903,-0.0464194,0.032929
939.7,-0.940615,-1.22294,-0.125793,0.032929
939.8,-1.05818,-1.18315,-0.209075,0.032929
939.9,-1.16753,-1.12966,-0.295244,0.032929
940,-1.26569,-1.06276,-0.383102,0.032929
940.1,-1.34977,-0.983055,-0.471282,0.032929
940.2,-1.41701,-0.891475,-0.558278,0.032929
940.3,-1.46499,-0.789265,-0.642479,0.032929
940.4,-1.49175,-0.67796,-0.722221,0.032929
940.5,-1.49592,-0.559344,-0.795835,0.032929
940.6,-1.47685,-0.435397,-0.86172,0.032929
940.7,-1.43466,-0.308231,-0.918397,0.032929
940.8,-1.37024,-0.180013,-0.96458,0.032929
940.9,-1.28525,-0.0528896,-0.999227,0.032929
941,-1.18199,0.0710854,-1.02158,0.032929
941.1,-1.06332,0.190019,-1.03122,0.032929
941.2,-0.932412,0.302231,-1.02802,0.032929
941.3,-0.792634,0.406293,-1.01222,0.032929
941.4,-0.647328,0.501048,-0.984326,0.032929
941.5,-0.499651,0.585614,-0.94512,0.032929
941.6,-0.352434,0.659375,-0.895593,0.032929
941.7,-0.208083,0.721948,-0.83689,0.032929
941.8,-0.0685253,0.773157,-0.770256,0.032929
941.9,0.0648138,0.812987,-0.696974,0.032929
942,0.190987,0.841545,-0.618317,0.032929
942.1,0.309481,0.859016,-0.535508,0.032929
942.2,0.420149,0.86563,-0.449681,0.032929
942.3,0.523139,0.861628,-0.361864,0.032929
942.4,0.618813,0.847236,-0.27296,0.032929
942.5,0.707672,0.822647,-0.183747,0.032929
942.6,0.790293,0.788007,-0.0948732,0.032929
942.7,0.867269,0.743411,-0.00687239,0.032929
942.8,0.939164,0.688898,0.0798292,0.0887355
942.9,1.00648,0.624455,0.164896,0.170091
943,1.06961,0.550021,0.248069,0.239288
943.1,1.12887,0.465496,0.329145,0.298926
943.2,1.18441,0.370751,0.407965,0.350901
943.3,1.23629,0.265638,0.484393,0.396625
943.4,1.28441,0.150005,0.558304,0.437155
943.5,1.32853,0.023711,0.62957,0.473295
943.6,1.36828,-0.113364,0.698044,0.505661
943.7,1.40311,-0.261298,0.763552,0.534718
943.8,1.43237,-0.420112,0.825877,0.560824
943.9,1.4552,-0.589749,0.884751,0.584243
944,1.47061,-0.770058,0.939845,0.605165
944.1,1.47743,-0.960765,0.990757,0.623715
944.2,1.4743,-1.16145,1.037,0.63996
944.3,1.45966,-1.37154,1.07801,0.653912
944.4,1.43179,-1.59024,1.11309,0.665533
944.5,1.38873,-1.81655,1.14146,0.674726
944.6,1.32832,-2.04917,1.16222,0.68134
944.7,1.24823,-2.28655,1.17432,0.685153
944.8,1.14596,-2.52678,1.17659,0.685866
944.9,1.01886,-2.7676,1.16773,0.683082
945,0.864262,-3.00636,1.14632,0.676281
945.1,0.679542,-3.24,1.11079,0.664779
945.2,0.462279,-3.46504,1.05951,0.647668
945.3,0.210469,-3.6776,0.990773,0.623721
945.4,-0.0772111,-3.87342,0.902888,0.591233
945.5,-0.401067,-4.04794,0.794238,0.547749
945.6,-0.759984,-4.1964,0.663397,0.489554
945.7,-1.15097,-4.314,0.509267,0.41064
945.8,-1.5687,-4.39612,0.331251,0.300386
945.9,-2.00504,-4.43858,0.129447,0.137638
946,-2.44879,-4.438,-0.0951362,0.137638
946.1,-2.8855,-4.3921,-0.340362,0.137638
946.2,-3.2978,-4.30015,-0.602778,0.137638
946.3,-3.66604,-4.16327,-0.877488,0.137638
946.4,-3.96956,-3.98473,-1.15813,0.137638
946.5,-4.18842,-3.77006,-1.43701,0.137638
946.6,-4.30562,-3.52697,-1.70537,0.137638
946.7,-4.30931,-3.26511,-1.95392,0.137638
946.8,-4.19492,-2.99544,-2.17347,0.137638
946.9,-3.96643,-2.72955,-2.35565,0.137638
947,-3.63672,-2.47874,-2.49372,0.137638
947.1,-3.22651,-2.25319,-2.58318,0.137638
947.2,-2.7623,-2.06112,-2.62226,0.137638
947.3,-2.2734,-1.90832,-2.61201,0.137638
947.4,-1.78871,-1.79784,-2.5562,0.137638
947.5,-1.3339,-1.73007,-2.46084,0.137638
947.6,-0.929334,-1.70306,-2.33356,0.137638
947.7,-0.588979,-1.71298,-2.18292,0.137638
947.8,-0.320411,-1.7547,-2.01766,0.137638
947.9,-0.125529,-1.82234,-1.84614,0.137638
948,-0.00177726,-1.90978,-1.67587,0.137638
948.1,0.0564786,-2.01101,-1.51325,0.137638
948.2,0.0566656,-2.12038,-1.36343,0.137638
948.3,0.00695692,-2.23276,-1.23033,0.137638
948.4,-0.0844704,-2.34363,-1.11671,0.137638
948.5,-0.209881,-2.44901,-1.02431,0.137638
948.6,-0.362178,-2.54551,-0.953987,0.137638
948.7,-0.534919,-2.63025,-0.905887,0.137638
948.8,-0.722216,-2.70083,-0.879552,0.137638
948.9,-0.918583,-2.75532,-0.874028,0.137638
949,-1.11877,-2.79222,-0.887942,0.137638
949.1,-1.31763,-2.81052,-0.919559,0.137638
949.2,-1.51005,-2.80964,-0.96682,0.137638
949.3,-1.69092,-2.78954,-1.02738,0.137638
949.4,-1.85521,-2.75065,-1.09862,0.137638
949.5,-1.99811,-2.69398,-1.17772,0.137638
949.6,-2.11523,-2.62102,-1.26167,0.137638
949.7,-2.20284,-2.53378,-1.34739,0.137638
949.8,-2.25814,-2.43471,-1.43173,0.137638
949.9,-2.27948,-2.32661,-1.51168,0.137638
950,-2.26656,-2.21252,-1.58439,0.137638
950.1,-2.22055,-2.0956,-1.64734,0.137638
950.2,-2.14404,-1.97899,-1.69841,0.137638
950.3,-2.04093,-1.86564,-1.73602,0.137638
950.4,-1.91622,-1.75819,-1.75916,0.137638
950.5,-1.77565,-1.65888,-1.7674,0.137638
950.6,-1.62531,-1.56944,-1.76097,0.137638
950.7,-1.47132,-1.49107,-1.74062,0.137638
950.8,-1.31939,-1.42441,-1.7076,0.137638
950.9,-1.17457,-1.36959,-1.66358,0.137638
951,-1.04104,-1.32626,-1.61048,0.137638
951.1,-0.921988,-1.2937,-1.55041,0.137638
951.2,-0.819589,-1.27084,-1.48551,0.137638
951.3,-0.735061,-1.25641,-1.41791,0.137638
951.4,-0.66877,-1.24898,-1.34958,0.137638
951.5,-0.620365,-1.24705,-1.28231,0.137638
951.6,-0.588934,-1.24911,-1.21767,0.137638
951.7,-0.573147,-1.25369,-1.15695,0.137638
951.8,-0.571392,-1.2594,-1.10121,0.137638
951.9,-0.581881,-1.26495,-1.05121,0.137638
952,-0.602742,-1.26915,-1.00748,0.137638
952.1,-0.632078,-1.27099,-0.970322,0.137638
952.2,-0.668018,-1.26956,-0.939828,0.137638
952.3,-0.70874,-1.26412,-0.915901,0.137638
952.4,-0.752497,-1.25405,-0.898286,0.137638
952.5,-0.797627,-1.23889,-0.886591,0.137638
952.6,-0.842561,-1.21833,-0.880306,0.137638
952.7,-0.885835,-1.19217,-0.878826,0.137638
952.8,-0.926099,-1.16038,-0.88147,0.137638
952.9,-0.962128,-1.12304,-0.887498,0.137638
953,-0.99284,-1.08035,-0.896132,0.137638
953.1,-1.01731,-1.03263,-0.906571,0.137638
953.2,-1.03477,-0.98031,-0.918012,0.137638
953.3,-1.04466,-0.923895,-0.929663,0.137638
953.4,-1.0466,-0.863974,-0.940765,0.137638
953.5,-1.04043,-0.801195,-0.950602,0.137638
953.6,-1.02616,-0.736242,-0.958523,0.137638
953.7,-1.00403,-0.669825,-0.96395,0.137638
953.8,-0.974448,-0.602655,-0.96639,0.137638
953.9,-0.937993,-0.53543,-0.965445,0.137638
954,-0.895374,-0.468815,-0.960817,0.137638
954.1,-0.84741,-0.403435,-0.952308,0.137638
954.2,-0.794989,-0.339856,-0.939821,0.137638
954.3,-0.73904,-0.278579,-0.923357,0.137638
954.4,-0.680495,-0.220038,-0.903001,0.137638
954.5,-0.62026,-0.164592,-0.878923,0.137638
954.6,-0.559185,-0.112529,-0.851357,0.137638
954.7,-0.498049,-0.0640696,-0.820593,0.137638
954.8,-0.437537,-0.0193682,-0.786965,0.137638
954.9,-0.378238,0.0214772,-0.750832,0.137638
955,-0.320636,0.0584187,-0.712573,0.137638
955.1,-0.265113,0.0914505,-0.672572,0.137638
955.2,-0.211956,0.120601,-0.631206,0.137638
955.3,-0.161362,0.145923,-0.588841,0.137638
955.4,-0.113453,0.167492,-0.545822,0.137638
955.5,-0.0682887,0.185394,-0.50247,0.137638
955.6,-0.0258743,0.199722,-0.459078,0.137638
955.7,0.0138222,0.210573,-0.415912,0.137638
955.8,0.0508601,0.218047,-0.373205,0.137638
955.9,0.0853149,0.222237,-0.331163,0.137638
956,0.117269,0.223238,-0.289964,0.137638
956.1,0.146805,0.221136,-0.249763,0.137638
956.2,0.173996,0.216018,-0.210691,0.137638
956.3,0.198905,0.207966,-0.172861,0.137638
956.4,0.221578,0.197061,-0.136368,0.137638
956.5,0.242042,0.183384,-0.101298,0.137638
956.6,0.260306,0.167019,-0.0677236,0.137638
956.7,0.276356,0.148055,-0.0357134,0.137638
956.8,0.290157,0.126587,-0.00533048,0.137638
956.9,0.301657,0.102719,0.0233637,0.0273976
957,0.310783,0.0765685,0.0503075,0.0574835
957.1,0.317445,0.0482657,0.0754372,0.0841831
957.2,0.321537,0.0179584,0.098686,0.10783
957.3,0.322943,-0.014187,0.119983,0.128637
957.4,0.321535,-0.0479827,0.139252,0.146808
957.5,0.317179,-0.0832181,0.156412,0.162496
957.6,0.309739,-0.119658,0.171376,0.175814
957.7,0.299077,-0.15704,0.184053,0.186844
957.8,0.285064,-0.195076,0.194348,0.195636
957.9,0.267578,-0.23345,0.202163,0.202216
958,0.246516,-0.271818,0.207398,0.206578
958.1,0.221794,-0.309807,0.209954,0.208695
958.2,0.193358,-0.34702,0.209735,0.208513
958.3,0.161188,-0.383036,0.20665,0.205957
958.4,0.125307,-0.41741,0.200617,0.200921
958.5,0.0857888,-0.449682,0.191567,0.193276
958.6,0.0427644,-0.479376,0.179447,0.182863
958.7,-0.00356887,-0.506011,0.164224,0.169489
958.8,-0.052941,-0.529103,0.14589,0.15293
958.9,-0.105002,-0.548177,0.12447,0.132922
959,-0.159318,-0.562771,0.100022,0.109158
959.1,-0.215366,-0.57245,0.0726424,0.0812829
959.2,-0.272534,-0.576816,0.0424755,0.0488954
959.3,-0.330121,-0.575516,0.00971295,0.0488954
959.4,-0.387344,-0.568256,-0.0254009,0.0488954
959.5,-0.443346,-0.554811,-0.0625666,0.0488954
959.6,-0.497209,-0.535034,-0.101429,0.0488954
959.7,-0.54797,-0.508869,-0.141576,0.0488954
959.8,-0.594645,-0.476357,-0.182544,0.0488954
959.9,-0.636253,-0.437641,-0.223817,0.0488954
960,-0.671846,-0.392972,-0.264839,0.0488954
960.1,-0.700538,-0.342706,-0.305017,0.0488954
960.2,-0.721535,-0.287306,-0.343735,0.0488954
960.3,-0.734168,-0.227333,-0.380367,0.0488954
960.4,-0.73792,-0.163437,-0.414289,0.0488954
960.5,-0.732444,-0.0963468,-0.444896,0.0488954
960.6,-0.717583,-0.0268554,-0.471616,0.0488954
960.7,-0.693377,0.0441987,-0.493925,0.0488954
960.8,-0.660062,0.115948,-0.511365,0.0488954
960.9,-0.618059,0.187513,-0.52355,0.0488954
961,-0.567961,0.258023,-0.530182,0.0488954
961.1,-0.510502,0.32663,-0.531052,0.0488954
961.2,-0.44653,0.392524,-0.52605,0.0488954
961.3,-0.376969,0.454944,-0.515158,0.0488954
961.4,-0.302789,0.513189,-0.498452,0.0488954
961.5,-0.224963,0.566619,-0.476093,0.0488954
961.6,-0.144442,0.614664,-0.448317,0.0488954
961.7,-0.0621206,0.656816,-0.415428,0.0488954
961.8,0.0211778,0.692631,-0.377782,0.0488954
961.9,0.104722,0.721723,-0.335774,0.0488954
962,0.187877,0.743755,-0.289827,0.0488954
962.1,0.270112,0.758432,-0.24038,0.0488954
962.2,0.35099,0.765494,-0.187876,0.0488954
962.3,0.430169,0.764709,-0.132751,0.0488954
962.4,0.50738,0.755862,-0.0754308,0.0488954
962.5,0.582421,0.738754,-0.0163211,0.0488954
962.6,0.655139,0.71319,0.0441933,0.0508155
962.7,0.725413,0.678982,0.105752,0.11482
962.8,0.793139,0.635944,0.168017,0.172853
962.9,0.858212,0.583887,0.230675,0.225547
963,0.920515,0.522629,0.293429,0.273501
963.1,0.979903,0.451988,0.356001,0.317242
963.2,1.03619,0.371791,0.418121,0.357225
963.3,1.08914,0.281878,0.479527,0.393836
963.4,1.13844,0.182108,0.539955,0.4274
963.5,1.18373,0.0723681,0.599133,0.458187
963.6,1.22454,-0.0474192,0.656776,0.486415
963.7,1.26032,-0.177282,0.712579,0.512261
963.8,1.2904,-0.317188,0.766206,0.535859
963.9,1.31401,-0.467031,0.817287,0.557309
964,1.33026,-0.626611,0.865405,0.576673
964.1,1.33811,-0.795622,0.910093,0.593981
964.2,1.33637,-0.973626,0.950821,0.609226
964.3,1.32373,-1.16004,0.986991,0.622367
964.4,1.29867,-1.35409,1.01793,0.633326
964.5,1.25957,-1.55482,1.04287,0.641982
964.6,1.2046,-1.76105,1.06097,0.648164
964.7,1.13181,-1.97132,1.07126,0.651646
964.8,1.03915,-2.18392,1.07271,0.652132
964.9,0.924449,-2.39681,1.06415,0.649243
965,0.785553,-2.60765,1.04434,0.642486
965.1,0.620376,-2.81373,1.01194,0.631224
965.2,0.427031,-3.01203,0.965552,0.614622
965.3,0.204004,-3.19917,0.903756,0.591565
965.4,-0.0496362,-3.37148,0.825141,0.560524
965.5,-0.333979,-3.52505,0.728381,0.519335
965.6,-0.647958,-3.65582,0.612323,0.464792
965.7,-0.989017,-3.75969,0.476093,0.391858
965.8,-1.35275,-3.83271,0.319231,0.291994
965.9,-1.7326,-3.87129,0.141842,0.149205
966,-2.11958,-3.87245,-0.0552404,0.149205
966.1,-2.50226,-3.8341,-0.270286,0.149205
966.2,-2.86686,-3.75534,-0.500526,0.149205
966.3,-3.19779,-3.63672,-0.742053,0.149205
966.4,-3.47851,-3.4805,-0.989791,0.149205
966.5,-3.69272,-3.29073,-1.23757,0.149205
966.6,-3.82599,-3.07327,-1.47835,0.149205
966.7,-3.86738,-2.83559,-1.70452,0.149205
966.8,-3.81108,-2.58642,-1.9084,0.149205
966.9,-3.65755,-2.33523,-2.08279,0.149205
967,-3.41407,-2.09157,-2.22154,0.149205
967.1,-3.09437,-1.86439,-2.32009,0.149205
967.2,-2.7174,-1.66145,-2.37591,0.149205
967.3,-2.30542,-1.48873,-2.38866,0.149205
967.4,-1.88169,-1.3502,-2.36025,0.149205
967.5,-1.46822,-1.24767,-2.29454,0.149205
967.6,-1.08385,-1.18095,-2.19702,0.149205
967.7,-0.743047,-1.1481,-2.07421,0.149205
967.8,-0.455375,-1.14588,-1.93317,0.149205
967.9,-0.225671,-1.17012,-1.78096,0.149205
968,-0.0546969,-1.21616,-1.62422,0.149205
968.1,0.059936,-1.2792,-1.46889,0.149205
968.2,0.12276,-1.35454,-1.31997,0.149205
968.3,0.139535,-1.4378,-1.18153,0.149205
968.4,0.116502,-1.52497,-1.05663,0.149205
968.5,0.0598536,-1.61248,-0.947493,0.149205
968.6,-0.0245899,-1.69722,-0.855517,0.149205
968.7,-0.131538,-1.77645,-0.781459,0.149205
968.8,-0.256252,-1.84783,-0.72552,0.149205
968.9,-0.394484,-1.90936,-0.687459,0.149205
969,-0.542367,-1.95936,-0.666671,0.149205
969.1,-0.696292,-1.99641,-0.662254,0.149205
969.2,-0.852789,-2.01942,-0.673057,0.149205
969.3,-1.00843,-2.02757,-0.69771,0.149205
969.4,-1.1598,-2.02038,-0.734649,0.149205
969.5,-1.30341,-1.99765,-0.78213,0.149205
969.6,-1.43584,-1.95958,-0.838245,0.149205
969.7,-1.5537,-1.90668,-0.900943,0.149205
969.8,-1.65382,-1.83986,-0.968057,0.149205
969.9,-1.73337,-1.76038,-1.03734,0.149205
970,-1.79,-1.66981,-1.1065,0.149205
970.1,-1.82202,-1.57003,-1.17329,0.149205
970.2,-1.82852,-1.46314,-1.23555,0.149205
970.3,-1.80948,-1.35141,-1.29126,0.149205
970.4,-1.76579,-1.23716,-1.33865,0.149205
970.5,-1.69926,-1.12272,-1.37625,0.149205
970.6,-1.61252,-1.01029,-1.40294,0.149205
970.7,-1.50887,-0.901881,-1.41799,0.149205
970.8,-1.39208,-0.799242,-1.42108,0.149205
970.9,-1.26619,-0.703814,-1.41228,0.149205
971,-1.13527,-0.616692,-1.39207,0.149205
971.1,-1.0032,-0.538618,-1.36124,0.149205
971.2,-0.873495,-0.469992,-1.32086,0.149205
971.3,-0.749176,-0.410897,-1.27222,0.149205
971.4,-0.632676,-0.361141,-1.21674,0.149205
971.5,-0.525817,-0.320303,-1.15591,0.149205
971.6,-0.429823,-0.287784,-1.09121,0.149205
971.7,-0.345363,-0.262858,-1.0241,0.149205
971.8,-0.272634,-0.244719,-0.955895,0.149205
971.9,-0.211439,-0.232518,-0.887824,0.149205
972,-0.161285,-0.225399,-0.820946,0.149205
972.1,-0.121465,-0.222527,-0.756166,0.149205
972.2,-0.0911362,-0.2231,-0.694228,0.149205
972.3,-0.0693834,-0.226368,-0.635719,0.149205
972.4,-0.0552706,-0.231639,-0.581086,0.149205
972.5,-0.0478778,-0.238277,-0.530641,0.149205
972.6,-0.0463258,-0.245709,-0.484582,0.149205
972.7,-0.0497918,-0.25342,-0.443007,0.149205
972.8,-0.0575164,-0.260948,-0.40593,0.149205
972.9,-0.0688043,-0.267883,-0.373295,0.149205
973,-0.0830215,-0.273862,-0.344986,0.149205
973.1,-0.0995892,-0.278565,-0.320841,0.149205
973.2,-0.117977,-0.281714,-0.300664,0.149205
973.3,-0.137695,-0.283067,-0.284224,0.149205
973.4,-0.158287,-0.282419,-0.271271,0.149205
973.5,-0.179322,-0.279601,-0.261534,0.149205
973.6,-0.200394,-0.274475,-0.254732,0.149205
973.7,-0.221112,-0.266941,-0.250567,0.149205
973.8,-0.241103,-0.25693,-0.248738,0.149205
973.9,-0.260007,-0.244408,-0.248936,0.149205
974,-0.277478,-0.229375,-0.250848,0.149205
974.1,-0.29319,-0.211867,-0.254157,0.149205
974.2,-0.306833,-0.191953,-0.258549,0.149205
974.3,-0.31812,-0.169736,-0.26371,0.149205
974.4,-0.326789,-0.145353,-0.269329,0.149205
974.5,-0.332611,-0.118975,-0.275102,0.149205
974.6,-0.335389,-0.0908001,-0.280734,0.149205
974.7,-0.334963,-0.0610578,-0.28594,0.149205
974.8,-0.331216,-0.0300022,-0.290451,0.149205
974.9,-0.324074,0.00208917,-0.294012,0.149205
975,-0.313507,0.0349195,-0.296388,0.149205
975.1,-0.299534,0.0681761,-0.297368,0.149205
975.2,-0.282215,0.101534,-0.296763,0.149205
975.3,-0.261655,0.13466,-0.294409,0.149205
975.4,-0.238002,0.167218,-0.290172,0.149205
975.5,-0.211439,0.198871,-0.283944,0.149205
975.6,-0.18218,0.229283,-0.27565,0.149205
975.7,-0.150471,0.258127,-0.265239,0.149205
975.8,-0.116576,0.285085,-0.252694,0.149205
975.9,-0.0807794,0.309851,-0.238023,0.149205
976,-0.0433746,0.332131,-0.221262,0.149205
976.1,-0.00466275,0.351649,-0.20247,0.149205
976.2,0.0350531,0.368145,-0.181732,0.149205
976.3,0.0754716,0.381375,-0.159151,0.149205
976.4,0.116296,0.391116,-0.134851,0.149205
976.5,0.157236,0.397162,-0.10897,0.149205
976.6,0.198011,0.399326,-0.0816626,0.149205
976.7,0.238346,0.39744,-0.0530925,0.149205
976.8,0.277975,0.391354,-0.0234348,0.149205
976.9,0.316641,0.38094,0.00712726,0.149205
977,0.35409,0.366087,0.0384036,0.0443804
977.1,0.39007,0.346704,0.0701983,0.0787193
977.2,0.424332,0.322724,0.10231,0.111426
977.3,0.456623,0.294099,0.134533,0.142413
977.4,0.486685,0.260806,0.166657,0.171649
977.5,0.514249,0.222848,0.198466,0.199114
977.6,0.539037,0.180256,0.229739,0.224798
977.7,0.560755,0.133092,0.260249,0.248699
977.8,0.579095,0.081452,0.289761,0.270817
977.9,0.593725,0.0254695,0.318033,0.29115
978,0.604297,-0.0346803,0.344814,0.309692
978.1,0.610441,-0.0987762,0.369841,0.326469
978.2,0.611765,-0.166547,0.392841,0.341336
978.3,0.607856,-0.237665,0.413528,0.354375
978.4,0.598287,-0.311745,0.431605,0.365497
978.5,0.582615,-0.388336,0.446759,0.374634
978.6,0.560388,-0.466916,0.458666,0.381698
978.7,0.531157,-0.546895,0.466989,0.386576
978.8,0.494481,-0.627601,0.471382,0.389131
978.9,0.449943,-0.708289,0.47149,0.389194
979,0.397166,-0.78813,0.466953,0.386555
979.1,0.335832,-0.86622,0.457414,0.38096
979.2,0.265706,-0.94158,0.442522,0.372097
979.3,0.186661,-1.01316,0.421943,0.359583
979.4,0.0987125,-1.07985,0.395368,0.342946
979.5,0.00204952,-1.1405,0.36253,0.321596
979.6,-0.10293,-1.19391,0.323211,0.294788
979.7,-0.21558,-1.2389,0.277266,0.261568
979.8,-0.334976,-1.2743,0.224639,0.220694
979.9,-0.45988,-1.29898,0.165381,0.170516
980,-0.58872,-1.31189,0.0996707,0.108817
980.1,-0.719575,-1.31214,0.0278392,0.0325008
980.2,-0.850184,-1.29898,-0.0496165,0.0325008
980.3,-0.977969,-1.27186,-0.132015,0.0325008
980.4,-1.10008,-1.23052,-0.218483,0.0325008
980.5,-1.21349,-1.17495,-0.307946,0.0325008
980.6,-1.31506,-1.10548,-0.39914,0.0325008
980.7,-1.40172,-1.02276,-0.490623,0.0325008
980.8,-1.47056,-0.927804,-0.580808,0.0325008
980.9,-1.51904,-0.821931,-0.667994,0.0325008
981,-1.54512,-0.706782,-0.750427,0.0325008
981.1,-1.54743,-0.584255,-0.826356,0.0325008
981.2,-1.52533,-0.456448,-0.8941,0.0325008
981.3,-1.47905,-0.32559,-0.952119,0.0325008
981.4,-1.40963,-0.193957,-0.999082,0.0325008
981.5,-1.31895,-0.063794,-1.03392,0.0325008
981.6,-1.20954,0.062768,-1.05589,0.0325008
981.7,-1.08452,0.183778,-1.06458,0.0325008
981.8,-0.947312,0.297522,-1.05992,0.0325008
981.9,-0.80153,0.402561,-1.0422,0.0325008
982,-0.650717,0.497752,-1.01203,0.0325008
982.1,-0.498189,0.582245,-0.970271,0.0325008
982.2,-0.346889,0.655468,-0.918007,0.0325008
982.3,-0.199284,0.7171,-0.85648,0.0325008
982.4,-0.0573135,0.767028,-0.787021,0.0325008
982.5,0.0776226,0.805306,-0.710993,0.0325008
982.6,0.204633,0.832107,-0.629737,0.0325008
982.7,0.323281,0.847682,-0.54453,0.0325008
982.8,0.433508,0.852318,-0.456548,0.0325008
982.9,0.535552,0.846308,-0.366849,0.0325008
983,0.629862,0.829924,-0.276353,0.0325008
983.1,0.717019,0.803398,-0.185844,0.0325008
983.2,0.797667,0.766911,-0.0959754,0.0325008
983.3,0.872455,0.720587,-0.00727224,0.0325008
983.4,0.941986,0.664491,0.0798478,0.0887547
983.5,1.00679,0.598633,0.165061,0.170235
983.6,1.06728,0.522977,0.248122,0.239329
983.7,1.12378,0.437443,0.328839,0.298713
983.8,1.17643,0.341927,0.407064,0.350337
983.9,1.22529,0.236307,0.482673,0.395641
984,1.27023,0.12046,0.555548,0.435702
984.1,1.311,-0.00572567,0.625565,0.471335
984.2,1.34719,-0.142333,0.692582,0.503157
984.3,1.37825,-0.2894,0.756422,0.531639
984.4,1.40348,-0.446904,0.816867,0.557137
984.5,1.42201,-0.614737,0.873644,0.579912
984.6,1.43282,-0.792691,0.926417,0.60015
984.7,1.4347,-0.980435,0.974774,0.617969
984.8,1.42628,-1.17749,1.01822,0.633429
984.9,1.406,-1.38319,1.05617,0.646534
985,1.37213,-1.59668,1.08794,0.657231
985.1,1.32271,-1.81688,1.11273,0.665413
985.2,1.25565,-2.04241,1.12961,0.670908
985.3,1.16865,-2.27164,1.13757,0.673474
985.4,1.05931,-2.50259,1.13542,0.672783
985.5,0.925134,-2.73293,1.1219,0.668405
985.6,0.763636,-2.95995,1.09558,0.65977
985.7,0.572452,-3.18055,1.05499,0.646131
985.8,0.3495,-3.39127,0.998546,0.62649
985.9,0.0931987,-3.58824,0.924652,0.599486
986,-0.19726,-3.76729,0.831749,0.563212
986.1,-0.521576,-3.92401,0.718401,0.51488
986.2,-0.877953,-4.05386,0.583405,0.450192
986.3,-1.26268,-4.15234,0.425932,0.362034
986.4,-1.66969,-4.21522,0.245697,0.237434
986.5,-2.09025,-4.23881,0.0431446,0.0496354
986.6,-2.5127,-4.22028,-0.18035,0.0496354
986.7,-2.9225,-4.15799,-0.422291,0.0496354
986.8,-3.3026,-4.05184,-0.678913,0.0496354
986.9,-3.63427,-3.90356,-0.945095,0.0496354
987,-3.8984,-3.71695,-1.21439,0.0496354
987.1,-4.07722,-3.49788,-1.4792,0.0496354
987.2,-4.15635,-3.25421,-1.7311,0.0496354
987.3,-4.12682,-2.99541,-1.96134,0.0496354
987.4,-3.98673,-2.73201,-2.1615,0.0496354
987.5,-3.74221,-2.47486,-2.32415,0.0496354
987.6,-3.40729,-2.23435,-2.44354,0.0496354
987.7,-3.00276,-2.01959,-2.51614,0.0496354
987.8,-2.55397,-1.83779,-2.54098,0.0496354
987.9,-2.08807,-1.69378,-2.51971,0.0496354
988,-1.63122,-1.58992,-2.45636,0.0496354
988.1,-1.20611,-1.52613,-2.35694,0.0496354
988.2,-0.830313,-1.50029,-2.2288,0.0496354
988.3,-0.515573,-1.50863,-2.07998,0.0496354
988.4,-0.26788,-1.54629,-1.91858,0.0496354
988.5,-0.0882587,-1.60781,-1.75227,0.0496354
988.6,0.0261056,-1.68754,-1.58789,0.0496354
988.7,0.0806346,-1.78,-1.43121,0.0496354
988.8,0.0822263,-1.88003,-1.28687,0.0496354
988.9,0.0383501,-1.98298,-1.15838,0.0496354
989,-0.043589,-2.08471,-1.04819,0.0496354
989.1,-0.156628,-2.18161,-0.957833,0.0496354
989.2,-0.294409,-2.27059,-0.888081,0.0496354
989.3,-0.451188,-2.34898,-0.83904,0.0496354
989.4,-0.62174,-2.41458,-0.810292,0.0496354
989.5,-0.801222,-2.46555,-0.800979,0.0496354
989.6,-0.985025,-2.50047,-0.809877,0.0496354
989.7,-1.16864,-2.51831,-0.835447,0.0496354
989.8,-1.3476,-2.51844,-0.875866,0.0496354
989.9,-1.51741,-2.50064,-0.929062,0.0496354
990,-1.67363,-2.46518,-0.992733,0.0496354
990.1,-1.81194,-2.41275,-1.06438,0.0496354
990.2,-1.92832,-2.34453,-1.14134,0.0496354
990.3,-2.01924,-2.26215,-1.22084,0.0496354
990.4,-2.08186,-2.16764,-1.30008,0.0496354
990.5,-2.11426,-2.06339,-1.37629,0.0496354
990.6,-2.11563,-1.95205,-1.44683,0.0496354
990.7,-2.08635,-1.83642,-1.50929,0.0496354
990.8,-2.02807,-1.71936,-1.56161,0.0496354
990.9,-1.94363,-1.60364,-1.60211,0.0496354
991,-1.83689,-1.49181,-1.6296,0.0496354
991.1,-1.71253,-1.38613,-1.64343,0.0496354
991.2,-1.57572,-1.28847,-1.64347,0.0496354
991.3,-1.43181,-1.20023,-1.63009,0.0496354
991.4,-1.28601,-1.12237,-1.60417,0.0496354
991.5,-1.14311,-1.05535,-1.56694,0.0496354
991.6,-1.00728,-0.999223,-1.51996,0.0496354
991.7,-0.881885,-0.953643,-1.46501,0.0496354
991.8,-0.769455,-0.917942,-1.40397,0.0496354
991.9,-0.67167,-0.891207,-1.33874,0.0496354
992,-0.589428,-0.872341,-1.27116,0.0496354
992.1,-0.522938,-0.860141,-1.20294,0.0496354
992.2,-0.471842,-0.853344,-1.13564,0.0496354
992.3,-0.435345,-0.850689,-1.07059,0.0496354
992.4,-0.412333,-0.850943,-1.00893,0.0496354
992.5,-0.401481,-0.85294,-0.951537,0.0496354
992.6,-0.401342,-0.855594,-0.899106,0.0496354
992.7,-0.410419,-0.857918,-0.85211,0.0496354
992.8,-0.427211,-0.859025,-0.810834,0.0496354
992.9,-0.450252,-0.858137,-0.775398,0.0496354
993,-0.478129,-0.854583,-0.745772,0.0496354
993.1,-0.509496,-0.847799,-0.721798,0.0496354
993.2,-0.543078,-0.837328,-0.703206,0.0496354
993.3,-0.577674,-0.822815,-0.689638,0.0496354
993.4,-0.612158,-0.804007,-0.680657,0.0496354
993.5,-0.64548,-0.780749,-0.675763,0.0496354
993.6,-0.676666,-0.752982,-0.674411,0.0496354
993.7,-0.704828,-0.72074,-0.676015,0.0496354
993.8,-0.729163,-0.684146,-0.679967,0.0496354
993.9,-0.748968,-0.643404,-0.685645,0.0496354
994,-0.76364,-0.598799,-0.692424,0.0496354
994.1,-0.772695,-0.550685,-0.699685,0.0496354
994.2,-0.775764,-0.499477,-0.70683,0.0496354
994.3,-0.77261,-0.445644,-0.713287,0.0496354
994.4,-0.763122,-0.389695,-0.718524,0.0496354
994.5,-0.747322,-0.332173,-0.722053,0.0496354
994.6,-0.725354,-0.273637,-0.723443,0.0496354
994.7,-0.697481,-0.214655,-0.722322,0.0496354
994.8,-0.664074,-0.155793,-0.718385,0.0496354
994.9,-0.625591,-0.0976003,-0.711393,0.0496354
995,-0.582566,-0.040606,-0.70118,0.0496354
995.1,-0.535584,0.0146921,-0.687649,0.0496354
995.2,-0.485265,0.0678328,-0.670768,0.0496354
995.3,-0.432243,0.118395,-0.650569,0.0496354
995.4,-0.377145,0.166002,-0.627141,0.0496354
995.5,-0.320579,0.210321,-0.600624,0.0496354
995.6,-0.263115,0.251061,-0.571199,0.0496354
995.7,-0.20528,0.287974,-0.539084,0.0496354
995.8,-0.147546,0.32085,-0.504523,0.0496354
995.9,-0.0903298,0.349515,-0.467779,0.0496354
996,-0.0339893,0.373824,-0.429126,0.0496354
996.1,0.0211732,0.39366,-0.388845,0.0496354
996.2,0.0749075,0.408927,-0.347215,0.0496354
996.3,0.127009,0.419548,-0.304511,0.0496354
996.4,0.177313,0.425462,-0.260998,0.0496354
996.5,0.225685,0.426617,-0.216931,0.0496354
996.6,0.272014,0.422974,-0.172553,0.0496354
996.7,0.316205,0.414502,-0.128092,0.0496354
996.8,0.358167,0.401177,-0.0837637,0.0496354
996.9,0.397813,0.382983,-0.0397718,0.0496354
997,0.435047,0.359912,0.00369057,0.0496354
997.1,0.46976,0.331967,0.0464392,0.0532574
997.2,0.501826,0.299164,0.0882962,0.0973894
997.3,0.531098,0.261531,0.129088,0.137298
997.4,0.557403,0.219117,0.168641,0.173407
997.5,0.580537,0.171989,0.206781,0.206066
997.6,0.600269,0.120244,0.243331,0.235581
997.7,0.616334,0.0640073,0.278106,0.262195
997.8,0.628435,0.00343825,0.310911,0.286103
997.9,0.636239,-0.0612616,0.34154,0.307462
998,0.639386,-0.129845,0.369775,0.326385
998.1,0.637481,-0.202015,0.395382,0.342955
998.2,0.630104,-0.277415,0.418109,0.357216
998.3,0.61681,-0.355627,0.437688,0.369187
998.4,0.597136,-0.436165,0.453835,0.378844
998.5,0.570612,-0.518472,0.466245,0.386142
998.6,0.536762,-0.60191,0.474599,0.390995
998.7,0.495128,-0.685762,0.478564,0.393282
998.8,0.445277,-0.769231,0.477796,0.392839
998.9,0.386821,-0.851433,0.471943,0.389457
999,0.319445,-0.931404,0.460655,0.382868
999.1,0.242926,-1.0081,0.443589,0.372737
999.2,0.157171,-1.08042,0.420418,0.358643
999.3,0.062245,-1.14718,0.390847,0.34006
999.4,-0.0415882,-1.20718,0.354622,0.316317
999.5,-0.153829,-1.25917,0.311552,0.286561
999.6,-0.2737,-1.30192,0.261523,0.249674
999.7,-0.400115,-1.33423,0.204522,0.204185
999.8,-0.531643,-1.35495,0.140654,0.148107
999.9,-0.666489,-1.36307,0.0701719,0.0786998
1000,-0.80249,-1.3577,-0.00650998,0.0786998
