time,x,y,z,L
0,-1,0,-1,0
0.1,-0.905588,0.00449432,-0.995182,-1.04095
0.2,-0.824103,0.0159482,-0.98155,0.795162
0.3,-0.756906,0.031418,-0.96048,-1.61896
0.4,-0.703891,0.0482525,-0.933406,-0.117141
0.5,-0.663802,0.064227,-0.90169,0.737002
0.6,-0.63456,0.0776073,-0.866528,-0.504943
0.7,-0.613581,0.087159,-0.828878,0.435941
0.8,-0.598054,0.0921174,-0.789426,-0.949426
0.9,-0.585174,0.0921335,-0.748577,-1.63722
1,-0.572326,0.0872073,-0.706462,0.803112
1.1,-0.557214,0.0776192,-0.662966,0.840526
1.2,-0.537946,0.0638642,-0.617765,0.799771
1.3,-0.513089,0.046596,-0.570369,0.478909
1.4,-0.481685,0.0265811,-0.520165,0.727204
1.5,-0.443251,0.00466678,-0.466471,0.699971
1.6,-0.397772,-0.018238,-0.408579,-0.181925
1.7,-0.345675,-0.0411696,-0.345804,0.0476269
1.8,-0.287825,-0.0631055,-0.277522,-1.02676
1.9,-0.225502,-0.0829539,-0.203219,-3.56214
2,-0.160407,-0.0995394,-0.12253,-1.67655
2.1,-0.0946581,-0.111593,-0.0352785,-1.56345
2.2,-0.0308008,-0.117753,0.0584761,-0.547538
2.3,0.0281952,-0.116581,0.1584,0.366823
2.4,0.0789486,-0.106608,0.263841,0.263827
2.5,0.117709,-0.0864145,0.37379,-1.25042
2.6,0.140442,-0.0547484,0.486848,-1.1082
2.7,0.142974,-0.0106887,0.601205,-1.32386
2.8,0.121211,0.0461562,0.714633,-0.814311
2.9,0.0714341,0.115424,0.824512,-0.444855
3,-0.00932056,0.195777,0.927886,-1.12553
3.1,-0.122823,0.284712,1.02155,0.394744
3.2,-0.269179,0.378455,1.10222,-0.0261817
3.3,-0.446383,0.471989,1.16669,0.0158522
3.4,-0.649967,0.559249,1.21206,-0.92618
3.5,-0.872829,0.633525,1.23605,-0.848237
3.6,-1.10531,0.688053,1.23718,-0.0403368
3.7,-1.33558,0.716748,1.21506,-1.30206
3.8,-1.55037,0.71499,1.17058,0.201707
3.9,-1.73597,0.680327,1.10596,-0.0134409
4,-1.87944,0.612968,1.02479,0.447768
4.1,-1.96986,0.515953,0.931843,0.0575761
4.2,-1.99944,0.394937,0.832848,0.307484
4.3,-1.96435,0.257624,0.734115,-3.25187
4.4,-1.86511,0.112938,0.642121,-0.621524
4.5,-1.70656,-0.029904,0.563074,0.0817721
4.6,-1.49734,-0.162245,0.502502,-0.130031
4.7,-1.24915,-0.276631,0.464907,-0.238346
4.8,-0.975714,-0.367143,0.453515,0.14173
4.9,-0.691917,-0.429436,0.47011,-0.0176194
5,-0.412939,-0.460528,0.51497,-0.129388
5.1,-0.153671,-0.458478,0.586865,-0.385974
5.2,0.0716767,-0.422078,0.683105,-0.0641812
5.3,0.249814,-0.350702,0.799625,-0.735026
5.4,0.368568,-0.244384,0.931086,0.336486
5.5,0.417169,-0.104182,1.071,-1.13639
5.6,0.386741,0.0672151,1.21188,-1.52799
5.7,0.27108,0.264734,1.3455,-1.94194
5.8,0.0677072,0.480211,1.46317,-0.172572
5.9,-0.220888,0.70195,1.55619,0.660455
6,-0.586042,0.914823,1.61643,-0.251348
6.1,-1.01204,1.10111,1.63695,-1.11989
6.2,-1.47594,1.2422,1.61275,-0.242213
6.3,-1.94835,1.32093,1.54147,0.568896
6.4,-2.39547,1.32445,1.42393,-0.0867766
6.5,-2.78213,1.24668,1.2644,-2.29852
6.6,-3.07564,1.09009,1.07061,0.419055
6.7,-3.24977,0.865941,0.853261,-2.96441
6.8,-3.28802,0.593009,0.625201,-0.38858
6.9,-3.18566,0.294795,0.400358,-0.486169
7,-2.95005,-0.00400778,0.192523,-1.18232
7.1,-2.59915,-0.281056,0.0142,0.396627
7.2,-2.1587,-0.519068,-0.124317,-0.759255
7.3,-1.65868,-0.707202,-0.215553,-1.02211
7.4,-1.12981,-0.840982,-0.255093,-0.153493
7.5,-0.600712,-0.921011,-0.241511,0.282051
7.6,-0.0961755,-0.950987,-0.176059,0.427225
7.7,0.363449,-0.935554,-0.0622476,0.258855
7.8,0.761809,-0.878499,0.0945853,-0.546494
7.9,1.08545,-0.781602,0.287622,-0.0775565
8,1.32249,-0.644328,0.508789,-0.243462
8.1,1.46144,-0.464389,0.748851,-0.538509
8.2,1.49068,-0.23911,0.99742,-1.61513
8.3,1.3987,0.0325703,1.24294,-1.78949
8.4,1.17547,0.347732,1.47278,-0.224637
8.5,0.814714,0.69715,1.67345,0.702185
8.6,0.317066,1.06357,1.83115,0.452557
8.7,-0.30664,1.42127,1.93264,0.168459
8.8,-1.03255,1.73746,1.9664,0.42636
8.9,-1.82249,1.976,1.92398,0.120271
9,-2.625,2.10309,1.80147,-1.51202
9.1,-3.3794,2.09404,1.60058,-0.734745
9.2,-4.02253,1.93956,1.32931,0.0200997
9.3,-4.49739,1.64962,1.0017,0.502669
9.4,-4.7619,1.25337,0.636865,-0.825923
9.5,-4.79567,0.79476,0.257044,-0.571608
9.6,-4.60319,0.324653,-0.114701,-1.06312
9.7,-4.21257,-0.108279,-0.45697,-0.850339
9.8,-3.67016,-0.465628,-0.752143,0.865421
9.9,-3.03263,-0.724233,-0.987829,0.673432
10,-2.35828,-0.877347,-1.15745,-1.98287
10.1,-1.6995,-0.932391,-1.26002,0.910396
10.2,-1.09758,-0.906586,-1.29926,0.964043
10.3,-0.58036,-0.821959,-1.28237,0.288317
10.4,-0.162279,-0.700953,-1.21865,-2.64145
10.5,0.153714,-0.563317,-1.11824,0.93496
10.6,0.373335,-0.424446,-0.991125,0.896192
10.7,0.507916,-0.294937,-0.84641,0.483483
10.8,0.571664,-0.18099,-0.691903,0.839094
10.9,0.579484,-0.0852437,-0.53394,-0.702075
11,0.545457,-0.00776058,-0.377399,0.715125
11.1,0.481916,0.0530649,-0.22583,-1.10931
11.2,0.39901,0.0997521,-0.0816589,0.448069
11.3,0.30462,0.135172,0.0535912,-0.439942
11.4,0.204506,0.162161,0.179076,-0.474038
11.5,0.102592,0.183276,0.294434,-1.08821
11.6,0.00130973,0.200652,0.399617,-0.506622
11.7,-0.0980425,0.215944,0.494761,-0.0372788
11.8,-0.194955,0.230303,0.58009,-0.55547
11.9,-0.289396,0.2444,0.655853,0.0509411
12,-0.381548,0.258459,0.722287,-1.84042
12.1,-0.471584,0.272318,0.779614,-0.551429
12.2,-0.559506,0.285496,0.828041,0.277828
12.3,-0.645027,0.297278,0.867792,0.302037
12.4,-0.727504,0.306803,0.899136,0.0274999
12.5,-0.805936,0.313168,0.922426,0.122549
12.6,-0.878995,0.315527,0.938128,-0.418182
12.7,-0.945112,0.313191,0.946858,-0.117637
12.8,-1.00259,0.305712,0.949394,0.000772311
12.9,-1.04977,0.292954,0.946683,-1.18272
13,-1.08514,0.275134,0.939834,-0.192416
13.1,-1.10756,0.252839,0.930087,-1.69543
13.2,-1.11633,0.227001,0.918778,-0.550565
13.3,-1.11137,0.198859,0.90728,0.0574481
13.4,-1.09322,0.169878,0.896945,0.256749
13.5,-1.06313,0.141667,0.889035,-0.465537
13.6,-1.023,0.115877,0.884655,0.082199
13.7,-0.975327,0.0941039,0.884688,-4.66467
13.8,-0.923101,0.0777959,0.889742,-0.220317
13.9,-0.869659,0.0681725,0.900108,-2.03752
14,-0.818534,0.0661536,0.915733,-0.45973
14.1,-0.773274,0.072302,0.936206,-0.11538
14.2,-0.737263,0.0867764,0.960769,-2.17127
14.3,-0.713531,0.109294,0.988343,0.0750099
14.4,-0.704575,0.139105,1.01757,-1.9838
14.5,-0.712181,0.174979,1.04688,-0.247366
14.6,-0.737264,0.215215,1.07455,-0.0333384
14.7,-0.779736,0.25768,1.09884,-0.0180355
14.8,-0.838412,0.299877,1.11806,-5.45924
14.9,-0.910967,0.339072,1.1307,-0.241314
15,-0.99397,0.372445,1.13552,0.445632
15.1,-1.083,0.397302,1.1317,0.360958
15.2,-1.17283,0.411293,1.11889,-0.314929
15.3,-1.25777,0.412646,1.0973,0.549216
15.4,-1.332,0.400365,1.06769,-0.0173526
15.5,-1.38999,0.37438,1.03144,0.421839
15.6,-1.42695,0.335613,0.990399,-1.10978
15.7,-1.43922,0.285948,0.946873,-0.203864
15.8,-1.42459,0.228115,0.903453,0.0215258
15.9,-1.38253,0.165482,0.862871,1.75064e-05
16,-1.31427,0.101809,0.827823,0.359216
16.1,-1.22274,0.0409732,0.800796,-1.33558
16.2,-1.11242,-0.0132803,0.783904,-1.46996
16.3,-0.989074,-0.0575501,0.778747,-0.761345
16.4,-0.859416,-0.0889317,0.7863,-0.30659
16.5,-0.730762,-0.105117,0.806831,-0.947771
16.6,-0.610674,-0.104451,0.839862,0.275517
16.7,-0.506613,-0.0859786,0.884161,0.283627
16.8,-0.425611,-0.0494834,0.93777,0.466038
16.9,-0.373939,0.00443985,0.99806,0.501485
17,-0.356772,0.074293,1.06183,-0.00522238
17.1,-0.377843,0.157567,1.12543,0.530493
17.2,-0.43907,0.250649,1.18492,-1.67674
17.3,-0.540195,0.348792,1.23628,-0.793333
17.4,-0.678464,0.446197,1.27564,-0.758792
17.5,-0.848416,0.536245,1.29953,-0.809249
17.6,-1.04184,0.611919,1.30517,0.435863
17.7,-1.248,0.666399,1.29074,-0.66365
17.8,-1.45412,0.693776,1.25557,-0.11832
17.9,-1.64618,0.689796,1.20038,-1.40117
18,-1.81005,0.652505,1.12728,-0.163006
18.1,-1.93262,0.582664,1.03975,-0.543972
18.2,-2.00308,0.483836,0.942493,-0.320893
18.3,-2.014,0.362099,0.841122,-0.460428
18.4,-1.96199,0.225427,0.741796,0.0608948
18.5,-1.84811,0.0828421,0.650792,-1.96263
18.6,-1.67765,-0.0565024,0.574065,-1.61293
18.7,-1.45962,-0.184135,0.516851,0.166281
18.8,-1.20594,-0.292847,0.483331,0.0411475
18.9,-0.930423,-0.376979,0.476392,-3.15421
19,-0.647901,-0.432405,0.49748,-0.59968
19.1,-0.373427,-0.456311,0.546543,-0.132702
19.2,-0.121706,-0.446876,0.622036,0.0874809
19.3,0.0932729,-0.403003,0.720976,0.200612
19.4,0.258478,-0.324207,0.83903,0.195893
19.5,0.362059,-0.210762,0.970616,0.252876
19.6,0.393684,-0.0641082,1.10904,0.404715
19.7,0.345098,0.112515,1.24668,-0.756483
19.8,0.210956,0.313331,1.3752,-0.167094
19.9,-0.0100803,0.529379,1.48596,-2.19747
20,-0.314114,0.7482,1.57041,-0.6673
20.1,-0.690885,0.954102,1.62071,-1.77477
20.2,-1.12305,1.12919,1.63038,-3.36218
20.3,-1.58623,1.25521,1.59506,-0.0830553
20.4,-2.0501,1.31604,1.51311,-0.745272
20.5,-2.48058,1.3004,1.38615,0.442484
20.6,-2.84318,1.20424,1.21926,-0.142281
20.7,-3.10678,1.03207,1.02082,0.327362
20.8,-3.24747,0.796944,0.802013,-1.1922
20.9,-3.25159,0.518724,0.575896,-0.00638531
21,-3.11728,0.221175,0.356323,-2.36348
21.1,-2.85441,-0.0716103,0.156736,-0.269114
21.2,-2.48276,-0.33855,-0.0109262,-2.45055
21.3,-2.02901,-0.563962,-0.137076,0.480964
21.4,-1.52323,-0.73858,-0.214994,-2.51944
21.5,-0.995541,-0.859174,-0.240995,-0.6364
21.6,-0.473549,-0.927087,-0.214297,0.530042
21.7,0.0191027,-0.946201,-0.136688,-0.692018
21.8,0.46306,-0.920878,-0.0121035,-1.70949
21.9,0.842655,-0.85431,0.153776,0.385093
22,1.14475,-0.747595,0.353843,-0.549367
22.1,1.35742,-0.599643,0.579744,-0.313018
22.2,1.46898,-0.407953,0.821956,0.400445
22.3,1.46764,-0.170151,1.06978,0.465984
22.4,1.34202,0.11389,1.31134,0.28149
22.5,1.08281,0.439661,1.53372,-0.0659605
22.6,0.685306,0.795804,1.72328,0.731972
22.7,0.152627,1.16268,1.86627,-0.714649
22.8,-0.50102,1.51236,1.94976,-0.574777
22.9,-1.24787,1.81072,1.96294,0.253685
23,-2.04585,2.02162,1.89847,-0.342683
23.1,-2.84046,2.11311,1.75387,0.686336
23.2,-3.56956,2.06423,1.53256,0.438235
23.3,-4.17084,1.87076,1.24423,0.59952
23.4,-4.59059,1.54813,0.904463,0.396672
23.5,-4.79218,1.13016,0.533412,-2.74963
23.6,-4.76193,0.66352,0.153784,-0.659589
23.7,-4.51113,0.19935,-0.211597,0.648578
23.8,-4.07353,-0.215855,-0.542197,-4.48198
23.9,-3.49914,-0.547577,-0.821735,0.664987
24,-2.84586,-0.77723,-1.0394,0.868514
24.1,-2.17096,-0.902302,-1.19019,-1.80709
24.2,-1.52413,-0.933379,-1.27454,-2.22867
24.3,-0.943061,-0.889467,-1.29723,-0.95806
24.4,-0.451785,-0.793063,-1.26616,0.943876
24.5,-0.0613445,-0.66608,-1.19096,0.910803
24.6,0.227977,-0.527144,-1.08181,0.29932
24.7,0.423703,-0.390294,-0.948488,-0.619607
24.8,0.538161,-0.264821,-0.799776,-0.513293
24.9,0.58588,-0.155817,-0.64308,-1.10716
25,0.581593,-0.0650865,-0.484332,0.634722
25.1,0.538894,0.00787936,-0.32804,-0.71006
25.2,0.469464,0.0650248,-0.177442,-1.42486
25.3,0.382743,0.109026,-0.0347208,-0.939074
25.4,0.285931,0.142775,0.0987725,-0.411242
25.5,0.184189,0.169038,0.222303,0.0466217
25.6,0.0809464,0.190232,0.335562,-0.140721
25.7,-0.0217363,0.208316,0.438512,-0.555486
25.8,-0.122803,0.224739,0.531269,-1.63912
25.9,-0.221863,0.240432,0.614019,-0.328242
26,-0.318886,0.255842,0.686965,-0.127981
26.1,-0.413949,0.270975,0.750307,0.355717
26.2,-0.507032,0.285469,0.804241,-2.32249
26.3,-0.597872,0.298673,0.848975,-2.02854
26.4,-0.68587,0.309743,0.88476,0.384789
26.5,-0.770056,0.317744,0.911927,-2.35727
26.6,-0.849109,0.321763,0.93092,-1.31066
26.7,-0.921426,0.321014,0.94233,-1.19351
26.8,-0.985232,0.314935,0.946919,-0.885279
26.9,-1.03873,0.303272,0.945627,-0.236038
27,-1.08024,0.286132,0.939573,-0.815248
27.1,-1.10842,0.264013,0.930024,-0.0367589
27.2,-1.12236,0.237789,0.918364,-1.55548
27.3,-1.12174,0.208674,0.906038,0.088478
27.4,-1.10692,0.178152,0.89449,-0.601551
27.5,-1.07899,0.147886,0.885091,-0.377957
27.6,-1.03972,0.119614,0.87907,-1.62199
27.7,-0.991573,0.0950498,0.877443,0.132074
27.8,-0.937539,0.0757786,0.880952,-0.54711
27.9,-0.881039,0.0631698,0.890018,-0.0096228
28,-0.825752,0.0583008,0.904704,-0.685908
28.1,-0.775436,0.061893,0.924702,0.103708
28.2,-0.733736,0.0742605,0.949329,-0.655627
28.3,-0.703993,0.0952674,0.977555,-0.0323929
28.4,-0.68905,0.124296,1.00804,-1.9075
28.5,-0.691066,0.160227,1.03918,-0.00385038
28.6,-0.711337,0.201438,1.06921,-0.777774
28.7,-0.75015,0.245828,1.09629,0.185577
28.8,-0.806657,0.29088,1.11859,-0.929853
28.9,-0.878816,0.333767,1.13444,0.293611
29,-0.963387,0.371506,1.14241,-0.214285
29.1,-1.05603,0.401164,1.14149,0.37208
29.2,-1.15146,0.42009,1.13112,-0.217744
29.3,-1.24378,0.426163,1.1113,0.355298
29.4,-1.3268,0.418027,1.08267,-1.29115
29.5,-1.39452,0.39527,1.04645,0.114628
29.6,-1.44153,0.358527,1.00446,0.0910748
29.7,-1.46352,0.309482,0.958983,-1.04682
29.8,-1.45762,0.250773,0.912686,-0.10301
29.9,-1.42269,0.185789,0.868428,-2.55487
30,-1.35942,0.118419,0.829095,-0.829576
30.1,-1.27037,0.0527548,0.797406,0.0302209
30.2,-1.15978,-0.00718157,0.775741,-0.380929
30.3,-1.03334,-0.0576815,0.76598,-0.285652
30.4,-0.897844,-0.0955257,0.769376,-0.282464
30.5,-0.760841,-0.118099,0.786462,0.0635026
30.6,-0.630236,-0.123457,0.816995,0.348106
30.7,-0.51394,-0.110359,0.859937,0.0149563
30.8,-0.419523,-0.0783101,0.913476,-0.0536437
30.9,-0.353877,-0.0276204,0.975073,-0.773006
31,-0.322882,0.0405049,1.04154,-0.169589
31.1,-0.33104,0.123844,1.10919,0.040056
31.2,-0.381101,0.219039,1.17394,0.534079
31.3,-0.473661,0.321523,1.23155,-1.84602
31.4,-0.606799,0.425547,1.27785,-0.489978
31.5,-0.775785,0.524356,1.30899,0.128793
31.6,-0.972956,0.610568,1.32175,-5.26228
31.7,-1.18783,0.676753,1.31381,-0.0416818
31.8,-1.40751,0.71617,1.28402,-0.428125
31.9,-1.61747,0.723578,1.23263,-2.26427
32,-1.80258,0.695998,1.16136,-0.990186
32.1,-1.94839,0.633259,1.07343,-1.09904
32.2,-2.04249,0.538223,0.973407,0.306735
32.3,-2.0757,0.416598,0.866962,-0.843027
32.4,-2.04304,0.276367,0.760467,-3.17243
32.5,-1.94414,0.126917,0.660568,0.287607
32.6,-1.78329,-0.021958,0.573709,-0.593214
32.7,-1.56895,-0.160998,0.505696,0.156603
32.8,-1.31288,-0.282193,0.461312,0.0967276
32.9,-1.02915,-0.379182,0.444042,-0.162959
33,-0.733101,-0.447305,0.455893,-0.104611
33.1,-0.440458,-0.483392,0.497308,-3.75743
33.2,-0.166671,-0.485403,0.567172,-1.07181
33.3,0.0735067,-0.452067,0.662853,-0.314248
33.4,0.266265,-0.382679,0.780291,0.0480792
33.5,0.398907,-0.277134,0.9141,0.434816
33.6,0.460106,-0.136275,1.05769,-5.84441e-05
33.7,0.440364,0.0374866,1.20342,-0.774771
33.8,0.332774,0.239371,1.34283,-0.584902
33.9,0.134096,0.461438,1.46693,0.447618
34,-0.153943,0.692048,1.56666,-0.429689
34.1,-0.523326,0.915849,1.63343,-0.704214
34.2,-0.95874,1.11455,1.65979,-0.800505
34.3,-1.43723,1.26857,1.64023,-0.794207
34.4,-1.92889,1.35953,1.5719,-0.150932
34.5,-2.39879,1.3732,1.45518,-0.0856461
34.6,-2.81013,1.30224,1.29409,0.614991
34.7,-3.12822,1.14822,1.09627,-1.04101
34.8,-3.32471,0.922112,0.872516,0.0198674
34.9,-3.38121,0.643034,0.636008,0.213111
35,-3.29163,0.335459,0.401158,0.0832804
35.1,-3.06261,0.0254457,0.182343,-0.736904
35.2,-2.7122,-0.26319,-0.00730864,-1.44828
35.3,-2.26685,-0.511884,-0.156926,0.344866
35.4,-1.75772,-0.708929,-0.258551,0.675446
35.5,-1.21687,-0.849507,-0.307416,0.124216
35.6,-0.674193,-0.934402,-0.30187,-0.725148
35.7,-0.155403,-0.967898,-0.243056,-0.645053
35.8,0.318635,-0.955477,-0.134447,-0.434576
35.9,0.73153,-0.901829,0.018629,-0.404663
36,1.07021,-0.809535,0.209383,-2.08863
36.1,1.32345,-0.67861,0.429822,-0.694059
36.2,1.48055,-0.506936,0.670868,-0.761525
36.3,1.53055,-0.291521,0.922362,-0.578439
36.4,1.46227,-0.0304386,1.17303,0.574927
36.5,1.26542,0.274819,1.41053,-0.0694666
36.6,0.932716,0.616931,1.62158,0.72501
36.7,0.462854,0.980816,1.79249,0.246736
36.8,-0.136083,1.34281,1.90984,0.789834
36.9,-0.843603,1.67163,1.96164,0.769905
37,-1.62502,1.93149,1.93864,0.775335
37.1,-2.43186,2.08741,1.83577,0.741282
37.2,-3.20518,2.1119,1.65338,0.683271
37.3,-3.88171,1.99153,1.39797,0.314757
37.4,-4.4022,1.73152,1.08225,0.543749
37.5,-4.72033,1.3567,0.724295,-2.75771
37.6,-4.81013,0.908134,0.345824,-1.36046
37.7,-4.67018,0.4359,-0.0300456,0.531105
37.8,-4.32336,-0.00996753,-0.381294,-0.138629
37.9,-3.81241,-0.388006,-0.689233,-2.87175
38,-3.19242,-0.671167,-0.940137,-1.60844
38.1,-2.52209,-0.848898,-1.12604,0.837791
38.2,-1.85585,-0.925609,-1.2447,0.835743
38.3,-1.23799,-0.916668,-1.29884,0.757879
38.4,-0.699641,-0.843431,-1.29497,0.0283984
38.5,-0.258303,-0.728615,-1.24202,0.839285
38.6,0.080593,-0.592854,-1.15005,-0.869799
38.7,0.321018,-0.452703,-1.02919,0.861919
38.8,0.47329,-0.319933,-0.888792,0.848242
38.9,0.551228,-0.201772,-0.737008,-0.541655
39,0.569819,-0.101665,-0.580524,-2.75355
39.1,0.543548,-0.0202455,-0.424538,-0.166712
39.2,0.48533,0.0437337,-0.272876,0.689024
39.3,0.405971,0.092605,-0.128174,-0.421853
39.4,0.313998,0.129186,0.0078997,0.289042
39.5,0.215759,0.156356,0.134419,-1.36832
39.6,0.115671,0.176788,0.250992,-0.0386514
39.7,0.01654,0.192787,0.357586,0.105491
39.8,-0.0800825,0.206211,0.454384,0.0540457
39.9,-0.173564,0.218446,0.541675,0.179493
40,-0.263879,0.230411,0.619777,-1.40042
40.1,-0.351332,0.242586,0.688995,-1.07267
40.2,-0.436331,0.255055,0.749593,0.314653
40.3,-0.519199,0.267562,0.801799,-0.119443
40.4,-0.600039,0.279576,0.84582,-1.13316
40.5,-0.678639,0.290368,0.881866,-0.00375324
40.6,-0.754428,0.299094,0.910185,0.0260193
40.7,-0.826482,0.304886,0.931104,0.407326
40.8,-0.89356,0.306942,0.945055,0.470602
40.9,-0.954195,0.304618,0.952607,-0.244405
41,-1.00681,0.297503,0.954483,0.0172652
41.1,-1.04984,0.285479,0.951565,-0.584852
41.2,-1.0819,0.26876,0.944882,-4.31164
41.3,-1.10193,0.247901,0.935587,-0.650059
41.4,-1.10929,0.223783,0.924919,-2.33322
41.5,-1.10392,0.197564,0.914153,-1.36359
41.6,-1.08636,0.170618,0.904541,-0.0245315
41.7,-1.05777,0.144445,0.89725,-0.84892
41.8,-1.01994,0.120587,0.893296,-1.32957
41.9,-0.97523,0.10053,0.893491,-0.448416
42,-0.926424,0.0856239,0.898387,-1.57942
42.1,-0.87665,0.0769989,0.908239,0.0129483
42.2,-0.829206,0.0755028,0.922979,0.0178057
42.3,-0.787399,0.0816443,0.94221,0.398115
42.4,-0.754373,0.095549,0.965207,-0.201171
42.5,-0.732934,0.116925,0.990948,0.494205
42.6,-0.725373,0.145039,1.01816,-0.177268
42.7,-0.733309,0.17871,1.04536,-0.314947
42.8,-0.757537,0.216322,1.07095,0.432291
42.9,-0.797907,0.255858,1.09331,-0.366964
43,-0.853246,0.294982,1.11087,-0.6698
43.1,-0.921321,0.331145,1.12223,-0.607432
43.2,-0.998881,0.361739,1.12629,-1.58447
43.3,-1.08176,0.384289,1.12228,-0.711182
43.4,-1.1651,0.396652,1.10992,-0.78792
43.5,-1.24359,0.39723,1.08942,0.54856
43.6,-1.31184,0.385146,1.06154,0.293202
43.7,-1.36476,0.36038,1.02757,0.511924
43.8,-1.39796,0.323821,0.989249,0.343788
43.9,-1.40809,0.277242,0.948745,0.475504
44,-1.39317,0.223188,0.908469,0.166919
44.1,-1.35277,0.164792,0.870962,-0.0401552
44.2,-1.28808,0.105549,0.838727,0.117553
44.3,-1.20188,0.0490673,0.814066,-0.874564
44.4,-1.09839,-0.00116281,0.798929,-3.95356
44.5,-0.983011,-0.0419618,0.794785,-0.82349
44.6,-0.862041,-0.0706094,0.802514,-0.32855
44.7,-0.74234,-0.084944,0.822335,-4.59059
44.8,-0.630996,-0.083426,0.853767,-3.41501
44.9,-0.534994,-0.0651856,0.895624,-0.619394
45,-0.460897,-0.0300717,0.946037,0.349738
45.1,-0.414529,0.0212828,1.00252,-0.375555
45.2,-0.400651,0.0873773,1.06205,-0.714539
45.3,-0.422632,0.165754,1.12119,-0.0223218
45.4,-0.4821,0.252929,1.17627,-0.732696
45.5,-0.578621,0.344382,1.22353,-1.19479
45.6,-0.709419,0.434653,1.2594,-0.236499
45.7,-0.869199,0.517578,1.28068,0.303247
45.8,-1.05014,0.586684,1.28485,-0.365493
45.9,-1.24214,0.635744,1.27028,0.579435
46,-1.43325,0.659416,1.23645,-1.0679
46.1,-1.61049,0.653916,1.18409,-0.524969
46.2,-1.76081,0.617577,1.11525,-3.11982
46.3,-1.87219,0.551213,1.03323,-0.765832
46.4,-1.93476,0.45818,0.942445,-0.212504
46.5,-1.94176,0.344111,0.848137,-3.18436
46.6,-1.89019,0.216361,0.75605,-0.0463574
46.7,-1.78111,0.0832462,0.672021,-0.0682978
46.8,-1.61949,-0.0467695,0.601584,-0.272245
46.9,-1.41375,-0.165801,0.549597,-0.995201
47,-1.17501,-0.267069,0.519935,0.0185484
47.1,-0.916218,-0.345172,0.515264,-0.96443
47.2,-0.651333,-0.396093,0.536895,-0.367152
47.3,-0.394589,-0.417032,0.584726,-0.172511
47.4,-0.159952,-0.406155,0.65724,-1.43856
47.5,0.0392529,-0.362384,0.751553,0.357905
47.6,0.190625,-0.285332,0.863495,-0.0925033
47.7,0.282953,-0.175458,0.987709,-0.233025
47.8,0.306586,-0.0344457,1.11779,0.0818101
47.9,0.254001,0.13423,1.24648,-0.25783
48,0.12061,0.324666,1.3659,0.596314
48.1,-0.0942344,0.528006,1.46788,-0.187939
48.2,-0.386138,0.732236,1.54447,-0.842636
48.3,-0.7447,0.92252,1.58843,-0.307468
48.4,-1.15296,1.08222,1.59387,0.468806
48.5,-1.58756,1.19465,1.55695,0.718342
48.6,-2.01985,1.24532,1.47643,-0.101485
48.7,-2.41807,1.22437,1.35412,0.270972
48.8,-2.7503,1.12865,1.19502,-1.00266
48.9,-2.98808,0.962814,1.00721,-0.566604
49,-3.10972,0.739194,0.801288,0.360019
49.1,-3.10304,0.476192,0.589558,-0.37339
49.2,-2.96671,0.195632,0.385014,-1.12069
49.3,-2.71011,-0.0804234,0.200235,-0.197945
49.4,-2.35167,-0.33262,0.0463936,0.189132
49.5,-1.91616,-0.546411,-0.0675261,-0.776085
49.6,-1.43157,-0.712938,-0.135203,0.270312
49.7,-0.926093,-0.828676,-0.153146,-0.668603
49.8,-0.425888,-0.894132,-0.120601,-0.546106
49.9,0.04623,-0.912037,-0.0392644,-0.0358584
50,0.471086,-0.885531,0.0870662,0.437677
50.1,0.83262,-0.816742,0.25284,-1.75315
50.2,1.1169,-0.70602,0.451014,-0.370793
50.3,1.31105,-0.551992,0.673215,-0.0916963
50.4,1.40251,-0.352411,0.909801,-1.31518
50.5,1.37893,-0.105752,1.14988,0.308856
50.6,1.22903,0.186686,1.38137,0.393408
50.7,0.944343,0.518477,1.59119,0.336923
50.8,0.521937,0.876076,1.76564,-0.135261
50.9,-0.032429,1.23773,1.89116,-2.15916
51,-0.701268,1.57396,1.95533,-1.83585
51.1,-1.45334,1.85013,1.94812,-1.90484
51.2,-2.24356,2.03115,1.86337,0.651321
51.3,-3.01557,2.08775,1.70001,-0.112052
51.4,-3.70723,2.00309,1.46294,-0.207681
51.5,-4.25836,1.77779,1.16326,0.253297
51.6,-4.6195,1.43184,0.817621,-2.49404
51.7,-4.75969,1.00224,0.446752,-0.393367
51.8,-4.67144,0.5367,0.0733258,0.174718
51.9,-4.37154,0.0850865,-0.280457,0.19933
52,-3.89765,-0.30928,-0.595167,-0.601646
52.1,-3.3015,-0.616086,-0.855905,-0.00414752
52.2,-2.64049,-0.820979,-1.05331,0.915799
52.3,-1.96964,-0.924857,-1.18369,0.802393
52.4,-1.33524,-0.940426,-1.24846,-1.25697
52.5,-0.771243,-0.887433,-1.2531,0.911726
52.6,-0.298247,-0.787958,-1.20576,0.34486
52.7,0.0754112,-0.662702,-1.11607,-0.0443784
52.8,0.351206,-0.528668,-0.993947,0.521584
52.9,0.537445,-0.39818,-0.848815,-2.26335
53,0.64637,-0.278924,-0.689037,0.660333
53.1,0.691723,-0.174624,-0.52166,0.431744
53.2,0.686941,-0.0859921,-0.352362,0.56117
53.3,0.643997,-0.0117256,-0.185542,-1.20842
53.4,0.572796,0.0506209,-0.0245018,-0.453479
53.5,0.481007,0.103929,0.128334,0.374187
53.6,0.374202,0.150993,0.271201,-1.78655
53.7,0.256191,0.194161,0.402802,0.0100886
53.8,0.129458,0.235114,0.522149,-0.652567
53.9,-0.00436212,0.274742,0.628458,0.261273
54,-0.144015,0.313127,0.721083,-0.0291551
54.1,-0.288217,0.349586,0.799503,-0.166007
54.2,-0.43532,0.382789,0.863342,-0.857954
54.3,-0.583078,0.410936,0.912416,-0.191505
54.4,-0.728532,0.431975,0.946802,0.451432
54.5,-0.868018,0.443864,0.966908,0.466822
54.6,-0.997309,0.444837,0.973538,-0.755155
54.7,-1.11185,0.433655,0.967938,-2.61178
54.8,-1.20712,0.409818,0.95181,-0.745064
54.9,-1.27898,0.373696,0.927295,-0.0530224
55,-1.32408,0.326579,0.896908,-0.586577
55.1,-1.34023,0.270621,0.863446,-0.408669
55.2,-1.32665,0.208702,0.829855,-1.96509
55.3,-1.28414,0.144215,0.799082,0.0104729
55.4,-1.2151,0.0808185,0.773913,0.324629
55.5,-1.12348,0.0221847,0.756815,-0.0172801
55.6,-1.01454,-0.0282257,0.749794,-4.32281
55.7,-0.894603,-0.0673408,0.754274,0.249955
55.8,-0.770726,-0.0926026,0.771005,-1.26654
55.9,-0.650378,-0.102045,0.800011,-0.0263576
56,-0.541097,-0.0943445,0.840561,-5.88132
56.1,-0.450169,-0.0688626,0.891179,-1.92592
56.2,-0.384315,-0.0257045,0.94969,0.472321
56.3,-0.349366,0.0341986,1.01328,-1.09759
56.4,-0.34994,0.108984,1.07863,-1.0803
56.5,-0.389078,0.195749,1.14201,-2.16503
56.6,-0.467883,0.290478,1.19949,-0.396632
56.7,-0.585172,0.388043,1.24715,-0.0316184
56.8,-0.737191,0.482348,1.2813,-0.0723669
56.9,-0.917466,0.566625,1.29876,0.154693
57,-1.11685,0.633926,1.29716,-0.0503308
57.1,-1.32385,0.677769,1.27514,0.625504
57.2,-1.52523,0.692862,1.23258,0.307281
57.3,-1.70695,0.675826,1.17075,0.550541
57.4,-1.85526,0.62575,1.0923,0.548385
57.5,-1.95796,0.544484,1.00122,0.285437
57.6,-2.00554,0.436584,0.902553,-2.17529
57.7,-1.99216,0.308892,0.802146,-0.624789
57.8,-1.91619,0.169818,0.706211,-0.0562225
57.9,-1.78036,0.0284551,0.620907,-2.51633
58,-1.59146,-0.106297,0.551912,0.163064
58.1,-1.35965,-0.226469,0.504049,0.131849
58.2,-1.0976,-0.325478,0.480992,0.0855076
58.3,-0.819554,-0.398299,0.485062,-1.16587
58.4,-0.540397,-0.441359,0.517118,-1.12109
58.5,-0.27502,-0.452264,0.576523,-0.94123
58.6,-0.0378045,-0.4295,0.661175,-0.0415806
58.7,0.157676,-0.37221,0.76757,0.0269882
58.8,0.298887,-0.280186,0.890899,0.0119518
58.9,0.374588,-0.154112,1.02516,-1.68216
59,0.375246,0.00393258,1.16331,-1.04211
59.1,0.293699,0.18979,1.29747,-1.77249
59.2,0.126094,0.39651,1.41918,0.675966
59.3,-0.126958,0.613812,1.51983,-0.641504
59.4,-0.459175,0.827981,1.59114,-0.0963789
59.5,-0.857609,1.02242,1.62578,-1.48584
59.6,-1.30221,1.17898,1.61807,0.122239
59.7,-1.76623,1.2801,1.56469,0.629153
59.8,-2.2178,1.31139,1.46524,-0.368948
59.9,-2.62251,1.26426,1.32269,-0.0831787
60,-2.947,1.13797,1.14342,-0.0309945
60.1,-3.16279,0.940402,0.936923,0.00629729
60.2,-3.24987,0.687406,0.715161,-0.915938
60.3,-3.19917,0.40057,0.491554,0.143732
60.4,-3.0135,0.103985,0.279838,0.240466
60.5,-2.70675,-0.179283,0.0929003,0.417852
60.6,-2.30158,-0.430197,-0.0582244,0.287063
60.7,-1.8262,-0.635613,-0.165073,-0.145882
60.8,-1.31081,-0.788728,-0.222131,-1.33675
60.9,-0.784618,-0.888235,-0.226878,-0.644404
61,-0.273671,-0.9366,-0.179568,-0.0505726
61.1,0.20013,-0.937982,-0.0828553,0.448719
61.2,0.618956,-0.896313,0.058622,-1.40973
61.3,0.9682,-0.813928,0.238614,0.26355
61.4,1.23523,-0.690964,0.449521,-0.0817219
61.5,1.4082,-0.525631,0.682525,0.0475185
61.6,1.47525,-0.315301,0.92763,-1.22795
61.7,1.42458,-0.0583023,1.17365,-0.649598
61.8,1.24538,0.243807,1.40826,0.662996
61.9,0.929876,0.583871,1.61818,-0.231722
62,0.476223,0.947176,1.78962,0.764026
62.1,-0.108223,1.31053,1.90905,0.649687
62.2,-0.803836,1.64307,1.96425,0.639547
62.3,-1.57687,1.90923,1.94568,-0.0728327
62.4,-2.37972,2.07382,1.84787,-0.0947719
62.5,-3.15399,2.10868,1.67069,0.715628
62.6,-3.8365,1.99925,1.42014,0.415963
62.7,-4.36748,1.74934,1.10845,-1.68875
62.8,-4.69941,1.38241,0.753298,0.198647
62.9,-4.80469,0.938441,0.376152,0.211365
63,-4.68002,0.467022,5.29796e-05,-0.405176
63.1,-4.34653,0.0183512,-0.352869,0.256536
63.2,-3.84557,-0.36537,-0.663656,0.450293
63.3,-3.23143,-0.656007,-0.918205,-0.891104
63.4,-2.56265,-0.841842,-1.10813,-0.088727
63.5,-1.89401,-0.926275,-1.23075,0.535859
63.6,-1.27054,-0.923971,-1.28845,-5.19871
63.7,-0.724304,-0.855916,-1.28745,-0.28552
63.8,-0.273736,-0.744748,-1.23651,-1.72809
63.9,0.0748959,-0.611218,-1.1456,-1.17799
64,0.324892,-0.472096,-1.02483,-1.68365
64.1,0.486072,-0.339386,-0.883591,-1.28477
64.2,0.571903,-0.220507,-0.730125,-2.75656
64.3,0.597135,-0.119035,-0.571229,-1.78664
64.4,0.576081,-0.0356712,-0.412239,0.753231
64.5,0.521524,0.0308117,-0.257128,0.563289
64.6,0.444149,0.0827527,-0.108692,0.42859
64.7,0.352372,0.122977,0.0312245,0.0763575
64.8,0.252441,0.154351,0.161512,0.0300479
64.9,0.148695,0.179493,0.281587,-0.31965
65,0.0439118,0.200599,0.391218,-0.539098
65.1,-0.0603185,0.21936,0.490389,0.102871
65.2,-0.163233,0.236928,0.579199,-0.515851
65.3,-0.264562,0.253934,0.657795,-1.55711
65.4,-0.364243,0.27053,0.726341,-5.39072
65.5,-0.46219,0.286449,0.785004,-3.28685
65.6,-0.55811,0.301092,0.83397,0.0083737
65.7,-0.651396,0.313621,0.87347,-0.904101
65.8,-0.74106,0.323072,0.903812,-0.677925
65.9,-0.825745,0.328469,0.925423,-0.177666
66,-0.903779,0.328944,0.938884,-0.0206851
66.1,-0.973285,0.323842,0.944952,-0.0594392
66.2,-1.03232,0.312817,0.944576,-1.11093
66.3,-1.07906,0.295899,0.938897,-1.08105
66.4,-1.11196,0.273526,0.929225,-0.775317
66.5,-1.12993,0.246547,0.917004,0.181725
66.6,-1.13247,0.216183,0.903755,-6.67569
66.7,-1.11981,0.183957,0.891017,-0.197672
66.8,-1.09292,0.151606,0.880268,-0.743408
66.9,-1.05354,0.120967,0.87285,-1.21377
67,-1.00411,0.0938703,0.869897,0.407268
67.1,-0.947695,0.0720322,0.872262,-0.774262
67.2,-0.887843,0.0569574,0.880473,0.415332
67.3,-0.828402,0.049858,0.89468,-1.9717
67.4,-0.773348,0.0515854,0.914646,0.0244661
67.5,-0.726587,0.0625744,0.939734,-3.80054
67.6,-0.691749,0.0827977,0.96893,-0.569549
67.7,-0.671986,0.111728,1.00088,-0.12075
67.8,-0.669773,0.148313,1.03395,0.195466
67.9,-0.686719,0.190965,1.06629,-0.558251
68,-0.723398,0.237578,1.09594,-1.92989
68.1,-0.779211,0.285577,1.12097,-2.43556
68.2,-0.852297,0.332021,1.13953,0.319363
68.3,-0.939514,0.373751,1.15004,-2.63024
68.4,-1.0365,0.4076,1.1513,0.472628
68.5,-1.13786,0.430636,1.14259,-0.875031
68.6,-1.23742,0.440432,1.12378,-0.685837
68.7,-1.3286,0.435327,1.09538,-1.60079
68.8,-1.40492,0.414637,1.05856,-1.28846
68.9,-1.46042,0.378787,1.0151,-0.166938
69,-1.49021,0.329344,0.967334,0.48042
69.1,-1.49086,0.268925,0.918028,-0.0974468
69.2,-1.46073,0.201004,0.870191,-1.12903
69.3,-1.40016,0.129645,0.826899,-1.16108
69.4,-1.31144,0.0591845,0.791099,-1.854
69.5,-1.19873,-0.00607433,0.765413,-0.390808
69.6,-1.06777,-0.0621268,0.751964,0.11089
69.7,-0.925544,-0.105467,0.752236,-2.49002
69.8,-0.779906,-0.133217,0.766969,-1.43833
69.9,-0.63915,-0.143191,0.796092,-0.267377
70,-0.511652,-0.133932,0.838697,-0.210356
70.1,-0.405503,-0.104734,0.893049,-0.317564
70.2,-0.328167,-0.0557012,0.956635,-0.124001
70.3,-0.286135,0.0121672,1.02624,-2.04906
70.4,-0.284564,0.0968426,1.09806,0.551915
70.5,-0.326875,0.195125,1.16786,-0.09165
70.6,-0.414334,0.302532,1.23117,-0.685138
70.7,-0.545639,0.413278,1.28353,0.176739
70.8,-0.716563,0.520408,1.32072,-0.919333
70.9,-0.919758,0.616147,1.33914,-1.20597
71,-1.14479,0.692468,1.33604,0.13709
71.1,-1.37848,0.741861,1.30989,-0.116294
71.2,-1.60565,0.758221,1.26056,0.539214
71.3,-1.81017,0.737706,1.18951,-0.0584094
71.4,-1.97629,0.679411,1.09981,0.391329
71.5,-2.09014,0.585704,0.996001,-1.45937
71.6,-2.14107,0.462119,0.883882,0.031308
71.7,-2.12273,0.316812,0.770101,-0.378257
71.8,-2.03372,0.159651,0.661697,-0.462248
71.9,-1.87766,0.00112468,0.565597,-0.435553
72,-1.66273,-0.14872,0.488132,-0.31227
72.1,-1.40087,-0.281125,0.434618,0.0256204
72.2,-1.1066,-0.38911,0.409039,-0.481321
72.3,-0.795918,-0.467588,0.413846,-1.23018
72.4,-0.485318,-0.513143,0.449853,0.0987588
72.5,-0.191017,-0.523624,0.516238,0.156143
72.6,0.0715006,-0.497702,0.610589,0.00278201
72.7,0.287723,-0.434559,0.728994,-4.18683
72.8,0.444242,-0.333851,0.866142,-3.78784
72.9,0.528922,-0.195985,1.01545,-0.0599624
73,0.53128,-0.0227429,1.16918,-1.81692
73.1,0.443182,0.181866,1.31868,0.294863
73.2,0.2599,0.410682,1.45464,-0.596344
73.3,-0.01852,0.652667,1.56748,-0.246752
73.4,-0.385783,0.892665,1.64796,0.650153
73.5,-0.828078,1.11195,1.68782,-0.689389
73.6,-1.32342,1.28975,1.68057,0.721641
73.7,-1.84204,1.40572,1.62235,-1.4464
73.8,-2.34801,1.44307,1.51258,0.277666
73.9,-2.8024,1.39176,1.35447,0.0327155
74,-3.1673,1.25092,1.15509,-0.0349452
74.1,-3.41052,1.02995,0.925076,-2.71847
74.2,-3.50969,0.747552,0.677804,-1.06923
74.3,-3.45524,0.429077,0.428274,-0.0721955
74.4,-3.25138,0.102527,0.191751,0.27924
74.5,-2.915,-0.205721,-0.0175731,-3.1516
74.6,-2.47281,-0.474491,-0.187716,-3.90038
74.7,-1.95732,-0.68994,-0.30969,0.508211
74.8,-1.40265,-0.845948,-0.377877,-2.21251
74.9,-0.840932,-0.942958,-0.389991,-0.785106
75,-0.299853,-0.985804,-0.346757,0.115794
75.1,0.198367,-0.981172,-0.251396,0.0530837
75.2,0.636784,-0.935306,-0.109082,-0.397459
75.3,1.00258,-0.852366,0.0735368,0.132447
75.4,1.28545,-0.733653,0.288669,-1.89064
75.5,1.47603,-0.577768,0.527551,0.164312
75.6,1.5647,-0.38163,0.780479,-2.61555
75.7,1.54123,-0.142213,1.03675,-0.058336
75.8,1.39539,0.141195,1.28464,0.41704
75.9,1.11863,0.464544,1.51146,-0.0738909
76,0.706765,0.816811,1.70386,0.64224
76.1,0.163232,1.17862,1.84842,-0.462299
76.2,-0.497596,1.52233,1.93258,-1.39544
76.3,-1.24794,1.81414,1.9459,0.531718
76.4,-2.04594,2.01843,1.88139,0.0917304
76.5,-2.83751,2.10383,1.73691,0.729648
76.6,-3.56122,2.05,1.51615,0.633718
76.7,-4.15566,1.85328,1.22899,-0.260463
76.8,-4.56817,1.52945,0.891101,0.404531
76.9,-4.76313,1.11231,0.522632,0.0964542
77,-4.72771,0.648208,0.146182,0.384156
77.1,-4.47373,0.187655,-0.2156,-0.15026
77.2,-4.03508,-0.223601,-0.54239,-0.362343
77.3,-3.46155,-0.55176,-0.818111,0.209212
77.4,-2.81053,-0.778793,-1.03212,0.863612
77.5,-2.13863,-0.902496,-1.17953,-0.0131096
77.6,-1.49485,-0.933512,-1.2608,-0.880939
77.7,-0.916286,-0.890696,-1.28069,0.353928
77.8,-0.426526,-0.796256,-1.24703,-1.44032
77.9,-0.0363844,-0.671749,-1.16933,0.939777
78,0.253895,-0.535435,-1.05764,0.289392
78.1,0.4517,-0.40101,-0.921637,0.755645
78.2,0.569084,-0.277461,-0.769985,-0.534928
78.3,0.620191,-0.169623,-0.610029,0.0732644
78.4,0.619296,-0.0790846,-0.447679,0.694518
78.5,0.579489,-0.00517038,-0.287465,-0.66539
78.6,0.511923,0.0541804,-0.132704,-0.392817
78.7,0.425522,0.101701,0.0142942,0.500108
78.8,0.32701,0.140269,0.151999,-0.239304
78.9,0.22114,0.17255,0.279453,-0.41035
79,0.111046,0.200769,0.396088,-0.324575
79.1,-0.00136514,0.226589,0.501586,-1.18705
79.2,-0.115009,0.251061,0.595774,0.108057
79.3,-0.229256,0.274627,0.678564,-0.250466
79.4,-0.343614,0.297175,0.749919,-0.286402
79.5,-0.457459,0.318115,0.809858,-0.628824
79.6,-0.569858,0.336491,0.858475,-0.571965
79.7,-0.679448,0.35112,0.895979,-2.60443
79.8,-0.784407,0.360739,0.922739,0.0478929
79.9,-0.8825,0.364163,0.939326,-0.525163
80,-0.971191,0.360442,0.946552,-0.303135
80.1,-1.04782,0.348997,0.94549,-0.836933
80.2,-1.1098,0.329721,0.937477,-0.950514
80.3,-1.1549,0.303044,0.924093,-0.307186
80.4,-1.18142,0.269944,0.907117,0.0493974
80.5,-1.18839,0.231906,0.888462,0.329953
80.6,-1.17579,0.190833,0.870092,-0.173921
80.7,-1.14455,0.148931,0.853927,0.294598
80.8,-1.09662,0.108559,0.84174,-0.76371
80.9,-1.0349,0.0720885,0.835063,-0.21553
81,-0.963093,0.0417583,0.835097,-0.101026
81.1,-0.885584,0.0195581,0.842635,-0.899659
81.2,-0.807194,0.00712839,0.85801,-0.31564
81.3,-0.732968,0.00568179,0.881058,-0.0379457
81.4,-0.66793,0.0159408,0.91111,0.022771
81.5,-0.616841,0.0380836,0.947006,0.186914
81.6,-0.583953,0.0716942,0.987134,-0.079078
81.7,-0.57276,0.115717,1.02949,-2.84996
81.8,-0.585761,0.168421,1.07177,0.40383
81.9,-0.624225,0.227384,1.11149,-0.357309
82,-0.687988,0.289525,1.14608,-0.564242
82.1,-0.775289,0.351187,1.1731,-3.59489
82.2,-0.882688,0.4083,1.19035,0.442714
82.3,-1.00508,0.45663,1.19607,-1.71946
82.4,-1.13587,0.492102,1.18906,0.341958
82.5,-1.26725,0.511173,1.16887,-0.623742
82.6,-1.39068,0.511216,1.13587,0.317249
82.7,-1.49748,0.490855,1.09129,-0.340126
82.8,-1.57948,0.450201,1.0372,0.46202
82.9,-1.62973,0.390937,0.976453,-0.392044
83,-1.64312,0.31623,0.912488,-0.798314
83.1,-1.61682,0.230476,0.849155,-0.125506
83.2,-1.5506,0.138926,0.790458,0.0923216
83.3,-1.44685,0.0472253,0.740289,-0.156919
83.4,-1.31045,-0.0390201,0.702178,-5.83602
83.5,-1.14838,-0.114629,0.679056,-0.36827
83.6,-0.969246,-0.175108,0.673072,0.00885847
83.7,-0.782801,-0.216799,0.685451,-0.843263
83.8,-0.599387,-0.236915,0.716411,-0.0103433
83.9,-0.429482,-0.233519,0.765123,0.0399641
84,-0.283291,-0.20549,0.829723,0.311918
84.1,-0.170382,-0.152536,0.907355,-0.303075
84.2,-0.0993365,-0.0752876,0.99425,-0.88448
84.3,-0.0773565,0.0245144,1.08585,0.546454
84.4,-0.109813,0.143764,1.17696,0.466206
84.5,-0.199703,0.277725,1.26197,0.179053
84.6,-0.347048,0.419841,1.3351,0.613094
84.7,-0.548305,0.561739,1.39076,0.22171
84.8,-0.795895,0.69352,1.42389,0.673804
84.9,-1.07801,0.804403,1.43042,-0.614055
85,-1.3788,0.883728,1.40766,-0.694992
85.1,-1.67917,0.922219,1.35468,0.652493
85.2,-1.95799,0.913318,1.27255,0.0437511
85.3,-2.19394,0.854338,1.16451,-1.00796
85.4,-2.36756,0.747167,1.03584,0.199221
85.5,-2.46323,0.598318,0.893602,-0.64985
85.6,-2.47095,0.418262,0.746135,-1.87324
85.7,-2.38734,0.220136,0.602463,-0.262279
85.8,-2.21591,0.0181041,0.471601,0.0941253
85.9,-1.96648,-0.174315,0.361887,-0.278784
86,-1.65395,-0.345587,0.280412,-1.39597
86.1,-1.2966,-0.486959,0.232593,-0.164694
86.2,-0.91446,-0.592612,0.221918,0.289528
86.3,-0.527759,-0.659259,0.249852,0.277176
86.4,-0.155912,-0.685378,0.31587,-0.0574023
86.5,0.183041,-0.670348,0.417572,0.0608589
86.6,0.472547,-0.613731,0.550828,-0.0576046
86.7,0.697388,-0.514923,0.709924,-0.259414
86.8,0.843478,-0.37329,0.88768,0.443442
86.9,0.897894,-0.188844,1.07556,0.534493
87,0.849324,0.0366251,1.26382,-0.0870761
87.1,0.6891,0.298125,1.4417,-0.140889
87.2,0.412818,0.586054,1.59777,-0.0951498
87.3,0.0223924,0.885209,1.72045,-0.611587
87.4,-0.471808,1.17466,1.79877,0.736504
87.5,-1.04927,1.42892,1.8233,-6.69066
87.6,-1.67869,1.6206,1.78718,0.775837
87.7,-2.31906,1.72434,1.68719,-0.117049
87.8,-2.92261,1.72147,1.52459,0.618426
87.9,-3.43976,1.6043,1.30555,-0.238584
88,-3.82522,1.37879,1.04104,-0.340083
88.1,-4.04425,1.06472,0.746073,-0.252424
88.2,-4.07765,0.69294,0.438398,-0.371322
88.3,-3.92442,0.300283,0.136784,-0.816715
88.4,-3.60138,-0.0766641,-0.140809,-1.6452
88.5,-3.13988,-0.407294,-0.378865,0.721949
88.6,-2.5806,-0.67092,-0.565522,0.35015
88.7,-1.96742,-0.858198,-0.693192,-2.7096
88.8,-1.34192,-0.97012,-0.758603,-1.1311
88.9,-0.739295,-1.01527,-0.762348,0.615488
89,-0.186164,-1.00628,-0.708122,0.798139
89.1,0.299673,-0.956461,-0.601833,-1.06891
89.2,0.708056,-0.877154,-0.450775,0.326827
89.3,1.03436,-0.776115,-0.262961,-0.736924
89.4,1.27709,-0.656994,-0.04669,-0.443998
89.5,1.43572,-0.51969,0.189655,-0.324327
89.6,1.509,-0.361423,0.437611,0.12437
89.7,1.49413,-0.178273,0.688518,-1.7608
89.8,1.38683,0.0329725,0.933356,-0.331641
89.9,1.18223,0.272881,1.16264,-0.0394435
90,0.876703,0.537573,1.36643,0.360416
90.1,0.470142,0.817365,1.5346,0.549048
90.2,-0.0313907,1.09621,1.65729,-0.915292
90.3,-0.613339,1.35235,1.72563,-1.28174
90.4,-1.25117,1.56031,1.73275,-0.861431
90.5,-1.91036,1.69442,1.67468,0.285412
90.6,-2.54828,1.73315,1.55138,0.606579
90.7,-3.11803,1.66371,1.3673,0.46526
90.8,-3.57398,1.48551,1.13157,0.504636
90.9,-3.8778,1.21157,0.857587,-1.20723
91,-4.00413,0.867191,0.561947,0.205343
91.1,-3.94424,0.485949,0.262988,-0.0246007
91.2,-3.70708,0.104078,-0.0209735,0.530633
91.3,-3.31743,-0.245486,-0.273332,-0.382227
91.4,-2.81158,-0.537845,-0.480579,-0.0549363
91.5,-2.23171,-0.758699,-0.63318,-1.80975
91.6,-1.62016,-0.904446,-0.72587,-0.538607
91.7,-1.01471,-0.980235,-0.757424,0.435838
91.8,-0.445637,-0.996818,-0.730035,-2.78537
91.9,0.0654657,-0.967122,-0.648493,0.750582
92,0.505109,-0.903296,-0.519331,-4.12899
92.1,0.866248,-0.814658,-0.350093,0.707851
92.2,1.14603,-0.706684,-0.148796,-1.43233
92.3,1.34353,-0.580951,0.0763707,-0.494021
92.4,1.45783,-0.435866,0.317138,-3.43965
92.5,1.48686,-0.267957,0.565097,0.0901743
92.6,1.42696,-0.0735523,0.811548,-0.552835
92.7,1.27338,0.149356,1.04737,0.4928
92.8,1.02167,0.399253,1.26295,-0.966227
92.9,0.669708,0.669518,1.44835,-1.73207
93,0.22016,0.947455,1.59363,-0.453587
93.1,-0.317025,1.21429,1.68945,-0.513431
93.2,-0.922672,1.44648,1.72793,0.520433
93.3,-1.56759,1.61838,1.7036,-1.99543
93.4,-2.21345,1.70624,1.61438,0.63266
93.5,-2.81563,1.69263,1.46236,-1.0251
93.6,-3.32781,1.57054,1.25425,-0.165159
93.7,-3.70786,1.34594,1.00122,-0.456157
93.8,-3.92368,1.03778,0.718173,-1.1107
93.9,-3.95792,0.675453,0.422552,-0.941269
94,-3.81043,0.293907,0.132666,-2.2576
94.1,-3.49787,-0.0721792,-0.134015,-1.28045
94.2,-3.05064,-0.393789,-0.362408,-1.03189
94.3,-2.50789,-0.651257,-0.540955,0.803482
94.4,-1.91182,-0.835599,-0.662212,-0.913042
94.5,-1.30246,-0.947571,-0.722883,-0.0966948
94.6,-0.713822,-0.995085,-0.723404,0.218611
94.7,-0.171837,-0.989891,-0.667212,0.831105
94.8,0.305876,-0.944367,-0.559922,0.644605
94.9,0.708898,-0.869012,-0.408533,-1.44653
95,1.03201,-0.770922,-0.220809,0.662462
95.1,1.27292,-0.653277,-0.00487181,-1.28503
95.2,1.43018,-0.515705,0.230987,-0.113845
95.3,1.50165,-0.35534,0.478307,0.160121
95.4,1.48373,-0.168367,0.72834,-0.228468
95.5,1.37148,0.048127,0.971909,-0.00442169
95.6,1.15967,0.294204,1.19932,-0.476937
95.7,0.844592,0.565269,1.4004,0.0585839
95.8,0.426488,0.850734,1.56479,-0.0735701
95.9,-0.0878143,1.13355,1.68248,-0.252214
96,-0.682588,1.39095,1.74454,-0.343455
96.1,-1.33181,1.59671,1.74413,0.711528
96.2,-1.99934,1.72478,1.67755,0.539613
96.3,-2.64103,1.75386,1.54512,-0.102041
96.4,-3.2089,1.67204,1.35181,-0.329993
96.5,-3.65688,1.48019,1.10735,-0.469102
96.6,-3.94705,1.1931,0.82571,-0.118699
96.7,-4.05525,0.837836,0.524022,-2.03345
96.8,-3.97461,0.449382,0.220976,-1.22532
96.9,-3.7163,0.0647055,-0.0649592,-2.10711
97,-3.30726,-0.283267,-0.317247,-1.51497
97.1,-2.78556,-0.570314,-0.52265,-0.992833
97.2,-2.19455,-0.783253,-0.67205,-2.28052
97.3,-1.57706,-0.919762,-0.760683,-0.827151
97.4,-0.970711,-0.98618,-0.787842,0.401706
97.5,-0.405113,-0.994192,-0.756194,0.647574
97.6,0.0990885,-0.957339,-0.670921,-2.27865
97.7,0.529494,-0.888093,-0.538844,0.468174
97.8,0.88014,-0.795879,-0.367685,-1.46973
97.9,1.14917,-0.686162,-0.165538,-0.557558
98,1.33655,-0.560476,0.0594277,0.402413
98.1,1.44214,-0.417197,0.299047,-0.823056
98.2,1.46458,-0.252854,0.545086,-0.147538
98.3,1.40082,-0.0637817,0.78909,-0.255336
98.4,1.24672,0.152076,1.02224,0.240931
98.5,0.99828,0.393382,1.23529,-0.544676
98.6,0.653657,0.653911,1.41868,0.619747
98.7,0.215531,0.921631,1.56289,-0.275368
98.8,-0.306526,1.17871,1.65898,-4.13479
98.9,-0.894185,1.40275,1.69939,0.262446
99,-1.51959,1.56932,1.67888,-1.46643
99.1,-2.14614,1.65568,1.59543,-2.51316
99.2,-2.73118,1.64496,1.45103,0.59695
99.3,-3.23031,1.53012,1.25206,-2.54653
99.4,-3.6029,1.31629,1.0092,-1.33098
99.5,-3.81766,1.02099,0.736757,0.283892
99.6,-3.8572,0.671773,0.451523,0.0874337
99.7,-3.72042,0.301742,0.171213,0.359013
99.8,-3.42234,-0.0559253,-0.0871688,-3.13649
99.9,-2.99127,-0.373095,-0.308812,-0.0281658
100,-2.46425,-0.630259,-0.482221,0.784417
100.1,-1.88165,-0.817935,-0.599811,0.823722
100.2,-1.2822,-0.935906,-0.657994,0.785864
100.3,-0.699265,-0.990862,-0.65681,0.56421
100.4,-0.158815,-0.993285,-0.599272,-0.497131
100.5,0.320937,-0.954384,-0.490603,-0.770058
100.6,0.728507,-0.883655,-0.337496,-0.846001
100.7,1.05728,-0.787374,-0.147532,-1.52535
100.8,1.30336,-0.668078,0.0712028,0.246777
100.9,1.46359,-0.524936,0.31028,-0.526879
101,1.53408,-0.354837,0.560931,-0.904702
101.1,1.50964,-0.154016,0.813934,0.377992
101.2,1.384,0.0799779,1.05949,-4.46022
101.3,1.15104,0.346202,1.28715,0.0975219
101.4,0.806928,0.638416,1.48598,-0.17261
101.5,0.352696,0.943745,1.64486,0.3122
101.6,-0.20288,1.24235,1.75313,-0.779235
101.7,-0.840933,1.50854,1.80152,-0.12207
101.8,-1.53128,1.71354,1.78319,0.680161
101.9,-2.233,1.82976,1.69488,0.574371
102,-2.89728,1.83598,1.53784,0.625658
102.1,-3.47242,1.72227,1.3184,-0.0404395
102.2,-3.91035,1.49327,1.04794,0.527396
102.3,-4.17348,1.16879,0.742173,-1.69031
102.4,-4.24043,0.781111,0.419803,-0.0696535
102.5,-4.10916,0.36959,0.100716,-2.90925
102.6,-3.79691,-0.0261168,-0.195979,0.23449
102.7,-3.33688,-0.372509,-0.453729,0.5219
102.8,-2.7726,-0.64677,-0.659876,0.741084
102.9,-2.1513,-0.838558,-0.806351,-1.21763
103,-1.51777,-0.949068,-0.889736,0.159089
103.1,-0.90975,-0.988134,-0.910767,-3.58273
103.2,-0.35536,-0.970424,-0.873485,0.844805
103.3,0.127328,-0.911741,-0.784239,-2.64704
103.4,0.529149,-0.826116,-0.650723,0.724705
103.5,0.847673,-0.724012,-0.48119,-1.48706
103.6,1.08465,-0.611619,-0.283908,-0.202897
103.7,1.24362,-0.491055,-0.0668596,-1.76657
103.8,1.32794,-0.361207,0.162329,-0.534984
103.9,1.3396,-0.218975,0.396308,-0.446307
104,1.27873,-0.0607293,0.627833,-2.41185
104.1,1.14392,0.116174,0.84959,-0.472117
104.2,0.933142,0.31195,1.05408,-0.301316
104.3,0.645313,0.523175,1.23365,0.0667219
104.4,0.28213,0.741991,1.38063,0.167019
104.5,-0.150012,0.955953,1.48777,-0.0794032
104.6,-0.638416,1.14871,1.54874,0.702997
104.7,-1.16318,1.30162,1.55886,0.720208
104.8,-1.69735,1.39627,1.51579,-0.135898
104.9,-2.20847,1.41747,1.42016,-0.0892915
105,-2.66129,1.35628,1.27604,0.621823
105.1,-3.02172,1.2123,1.09099,0.0476974
105.2,-3.26095,0.994535,0.875745,0.391802
105.3,-3.35937,0.720572,0.643503,-0.132367
105.4,-3.30917,0.414009,0.408839,0.164617
105.5,-3.11525,0.100819,0.186473,-1.07036
105.6,-2.79418,-0.194562,-0.00996312,-1.96116
105.7,-2.37153,-0.452494,-0.168972,-0.498939
105.8,-1.87818,-0.660057,-0.28191,-2.33835
105.9,-1.34651,-0.811394,-0.343332,-0.101539
106,-0.807102,-0.906655,-0.35096,0.700075
106.1,-0.286468,-0.950006,-0.305384,-0.669368
106.2,0.193873,-0.947308,-0.209602,-1.49612
106.3,0.617216,-0.904021,-0.0685137,-0.932294
106.4,0.970626,-0.823694,0.111508,0.408436
106.5,1.24347,-0.707284,0.322925,-0.231148
106.6,1.42598,-0.553328,0.557191,0.124397
106.7,1.50821,-0.358949,0.804779,0.266045
106.8,1.47979,-0.121533,1.05514,-0.0482658
106.9,1.33058,0.15909,1.29671,-1.37694
107,1.05241,0.478315,1.51696,-0.204037
107.1,0.641646,0.824677,1.70276,0.377321
107.2,0.102393,1.17862,1.84099,-0.668543
107.3,-0.550372,1.51269,1.91944,0.264932
107.4,-1.28853,1.79376,1.92805,0.674721
107.5,-2.07034,1.98727,1.86027,0.759738
107.6,-2.8424,2.06323,1.7143,-1.20934
107.7,-3.54457,2.00268,1.49412,-0.189703
107.8,-4.1172,1.80302,1.20972,-0.242708
107.9,-4.5096,1.48045,0.876704,-0.663351
108,-4.68791,1.06842,0.51496,-0.39129
108.1,-4.64059,0.61218,0.146669,-0.113036
108.2,-4.37992,0.160628,-0.206023,-0.928489
108.3,-3.93943,-0.242245,-0.523304,-0.216372
108.4,-3.36775,-0.56416,-0.789528,-1.24628
108.5,-2.72064,-0.788102,-0.994341,0.9064
108.6,-2.0529,-0.912253,-1.13298,0.00494176
108.7,-1.41184,-0.947051,-1.20582,0.939704
108.8,-0.83326,-0.910692,-1.21744,0.862493
108.9,-0.339953,-0.824445,-1.17533,0.77969
109,0.0575017,-0.7088,-1.08864,0.781475
109.1,0.358556,-0.580926,-0.967053,-0.12371
109.2,0.569811,-0.453472,-0.819927,0.702018
109.3,0.702126,-0.334443,-0.655724,0.0509999
109.4,0.768117,-0.227772,-0.481713,0.598148
109.5,0.780272,-0.134253,-0.303894,-1.55553
109.6,0.749712,-0.0525455,-0.12708,0.145347
109.7,0.685542,0.0198762,0.0449308,0.260027
109.8,0.594673,0.0859442,0.209141,0.205068
109.9,0.48199,0.148383,0.36314,0.224335
110,0.350763,0.209265,0.504922,-1.37969
110.1,0.203181,0.269725,0.632748,-0.459251
110.2,0.0409481,0.329798,0.74507,-0.155311
110.3,-0.134138,0.388396,0.840508,0.0366023
110.4,-0.319677,0.443401,0.917892,-0.571373
110.5,-0.512282,0.491881,0.976336,-3.22324
110.6,-0.707358,0.530404,1.01535,0.286893
110.7,-0.899078,0.555455,1.03498,-0.0137476
110.8,-1.08056,0.563881,1.03588,-0.655938
110.9,-1.24427,0.553352,1.01946,-0.0739838
111,-1.38255,0.522742,0.987871,-0.0213082
111.1,-1.48829,0.472394,0.944031,0.472433
111.2,-1.55559,0.404214,0.891496,-0.336333
111.3,-1.58039,0.321575,0.834332,-0.208071
111.4,-1.56091,0.229043,0.776897,-0.00229987
111.5,-1.49795,0.13198,0.723601,-1.88009
111.6,-1.39484,0.0360806,0.678648,-1.20177
111.7,-1.25733,-0.053075,0.645782,-0.295704
111.8,-1.09317,-0.13039,0.628072,-0.050378
111.9,-0.911598,-0.191495,0.62773,-1.44815
112,-0.722883,-0.232873,0.645991,-0.444038
112.1,-0.537764,-0.251866,0.683034,-0.0990853
112.2,-0.367026,-0.246638,0.737958,0.253352
112.3,-0.221111,-0.21613,0.8088,-0.0200264
112.4,-0.109782,-0.16008,0.892582,-0.0381519
112.5,-0.0417847,-0.0791289,0.985398,-0.589344
112.6,-0.0244691,0.0249642,1.08253,-0.0813014
112.7,-0.0633188,0.149031,1.17863,-3.01645
112.8,-0.161387,0.288198,1.26789,-0.19284
112.9,-0.318657,0.43567,1.34437,0.387489
113,-0.531411,0.582725,1.40231,0.646155
113.1,-0.791721,0.719017,1.4365,-1.07638
113.2,-1.08723,0.833268,1.44278,0.0241862
113.3,-1.40138,0.914333,1.41843,0.452996
113.4,-1.71417,0.952554,1.36255,-0.0858236
113.5,-2.00359,0.941175,1.27637,-0.0617337
113.6,-2.24742,0.877567,1.16336,-2.84239
113.7,-2.4255,0.763945,1.02909,-0.122859
113.8,-2.52182,0.607391,0.880987,-1.51697
113.9,-2.52629,0.419103,0.727792,0.0683935
114,-2.43586,0.212984,0.5789,-0.436152
114.1,-2.25465,0.00387609,0.443654,0.108891
114.2,-1.99333,-0.194204,0.330647,-0.134265
114.3,-1.66774,-0.369469,0.247134,-1.07147
114.4,-1.2971,-0.513151,0.198602,-0.383525
114.5,-0.902199,-0.619609,0.188523,-0.00542931
114.6,-0.503877,-0.685846,0.218275,-1.14931
114.7,-0.121939,-0.710654,0.287199,-0.273114
114.8,0.225356,-0.693668,0.392731,-0.107702
114.9,0.521357,-0.634597,0.530559,-0.0893809
115,0.75079,-0.532847,0.694782,-1.44313
115.1,0.899498,-0.387675,0.878025,-0.204768
115.2,0.954417,-0.198902,1.07155,-0.739061
115.3,0.90401,0.0318841,1.26539,-0.828921
115.4,0.739326,0.29982,1.44854,0.195571
115.5,0.45568,0.595263,1.60929,-0.267162
115.6,0.0548074,0.902722,1.73576,0.303701
115.7,-0.452878,1.20069,1.81668,-0.352341
115.8,-1.04648,1.46285,1.84231,-1.85923
115.9,-1.69391,1.66078,1.80558,-1.41347
116,-2.35295,1.76813,1.70313,-0.69197
116.1,-2.97431,1.76549,1.53624,-0.23769
116.2,-3.5068,1.64488,1.31124,-0.240534
116.3,-3.90367,1.41259,1.03941,-1.68019
116.4,-4.12916,1.08934,0.736233,-0.876379
116.5,-4.16374,0.70736,0.419965,-0.128538
116.6,-4.00679,0.305038,0.10989,-0.331798
116.7,-3.6762,-0.0796338,-0.175589,0.261622
116.8,-3.20489,-0.415069,-0.420649,-1.8799
116.9,-2.63523,-0.680175,-0.613285,-2.23112
117,-2.01273,-0.865784,-0.745937,0.494559
117.1,-1.38024,-0.973534,-0.815506,-1.26554
117.2,-0.773689,-1.01295,-0.82286,0.46448
117.3,-0.219892,-0.997751,-0.772013,0.8493
117.4,0.263698,-0.942328,-0.669188,-2.97722
117.5,0.667729,-0.85902,-0.521932,0.642233
117.6,0.988762,-0.756483,-0.338413,0.0649869
117.7,1.22678,-0.639139,-0.126948,0.524702
117.8,1.38291,-0.507514,0.104214,-0.643977
117.9,1.45766,-0.359254,0.346923,-0.152461
118,1.44997,-0.190579,0.593001,-2.80316
118.1,1.35709,0.00200842,0.834079,0.341717
118.2,1.17527,0.219928,1.06145,0.482846
118.3,0.901317,0.460847,1.26606,-0.475428
118.4,0.534623,0.717367,1.43862,-1.69881
118.5,0.0795366,0.976362,1.57003,-0.314868
118.6,-0.452421,1.21931,1.65195,-0.0840596
118.7,-1.04099,1.4238,1.67765,0.69501
118.8,-1.65677,1.56635,1.64284,-0.968471
118.9,-2.26248,1.62614,1.54662,0.638621
119,-2.81595,1.58906,1.39209,0.064387
119.1,-3.27465,1.45116,1.1866,-1.0671
119.2,-3.60107,1.22045,0.941577,-0.265419
119.3,-3.76796,0.916489,0.671718,0.293929
119.4,-3.76222,0.56755,0.393758,0.0298091
119.5,-3.58665,0.205999,0.124953,-1.41282
119.6,-3.2591,-0.136951,-0.118492,0.483529
119.7,-2.80935,-0.435861,-0.322786,0.653173
119.8,-2.27439,-0.674022,-0.477519,0.235003
119.9,-1.69334,-0.844285,-0.576131,-0.476848
120,-1.10289,-0.94791,-0.615881,0.779863
120.1,-0.534054,-0.992081,-0.597437,0.508149
120.2,-0.0106994,-0.986871,-0.524216,-0.243662
120.3,0.450503,-0.942396,-0.401655,-0.112861
120.4,0.83884,-0.866671,-0.236549,-0.304793
120.5,1.14765,-0.764394,-0.0365402,-2.72439
120.6,1.37229,-0.636687,0.190176,-0.210551
120.7,1.5083,-0.481699,0.434964,-0.229691
120.8,1.55032,-0.295895,0.688705,-2.96014
120.9,1.49176,-0.075856,0.941677,-0.0402878
121,1.32549,0.179621,1.18347,-0.0792298
121.1,1.04543,0.467382,1.40298,-0.21956
121.2,0.649037,0.778096,1.58867,-1.85289
121.3,0.140177,1.09521,1.72903,-0.0947556
121.4,-0.468046,1.39513,1.81338,0.774272
121.5,-1.15119,1.64913,1.83291,-0.240792
121.6,-1.87292,1.82693,1.78184,-0.661391
121.7,-2.58658,1.90176,1.65858,-0.200055
121.8,-3.23921,1.85591,1.46656,-0.712222
121.9,-3.7776,1.68536,1.21456,-1.59313
122,-4.15555,1.40214,0.916402,-0.648099
122.1,-4.34077,1.03348,0.589893,0.203932
122.2,-4.31986,0.617504,0.255142,-0.13639
122.3,-4.10016,0.196646,-0.0674314,-0.730785
122.4,-3.70805,-0.189649,-0.359126,-0.730031
122.5,-3.18419,-0.511016,-0.604641,0.0185218
122.6,-2.57684,-0.749699,-0.793181,0.474854
122.7,-1.93489,-0.901051,-0.918862,0.213782
122.8,-1.30203,-0.971437,-0.980472,-2.10255
122.9,-0.712806,-0.974575,-0.980734,-1.41889
123,-0.191008,-0.927452,-0.925292,-1.37195
123.1,0.249975,-0.846772,-0.821639,-0.64325
123.2,0.605376,-0.746437,-0.678157,-1.82571
123.3,0.876529,-0.636234,-0.503376,0.230771
123.4,1.06823,-0.521545,-0.305501,-1.0611
123.5,1.18639,-0.403852,-0.0921811,0.260783
123.6,1.23634,-0.281722,0.129506,-0.381429
123.7,1.22174,-0.152049,0.352938,-1.48579
123.8,1.1443,-0.0113895,0.571762,-0.00557531
123.9,1.00411,0.142737,0.779707,-0.0525729
124,0.800535,0.310678,0.97047,-0.0826633
124.1,0.533566,0.489719,1.1377,-0.103959
124.2,0.205335,0.67352,1.27514,-0.324343
124.3,-0.17831,0.852067,1.37691,0.613925
124.4,-0.606529,1.01226,1.43798,-0.245682
124.5,-1.06279,1.13924,1.45467,-1.32383
124.6,-1.525,1.21826,1.42522,-3.90373
124.7,-1.96666,1.23705,1.35035,-0.749712
124.8,-2.35903,1.18811,1.23353,-0.0277958
124.9,-2.67405,1.07044,1.08112,-0.436773
125,-2.88762,0.890381,0.902111,0.120525
125.1,-2.98263,0.661052,0.707563,-0.23541
125.2,-2.95118,0.400646,0.509812,-0.496375
125.3,-2.79545,0.129779,0.321481,-0.221512
125.4,-2.52725,-0.131431,0.15448,-0.253093
125.5,-2.16616,-0.365923,0.0191327,-0.377119
125.6,-1.73691,-0.561352,-0.0764774,-6.22885
125.7,-1.26651,-0.710617,-0.126878,-0.524974
125.8,-0.781591,-0.81129,-0.129298,0.503367
125.9,-0.306527,-0.864285,-0.0835288,-0.575315
126,0.137517,-0.872156,0.00835836,-0.00910923
126.1,0.532677,-0.837503,0.142342,-2.24325
126.2,0.863788,-0.761793,0.312757,-0.997352
126.3,1.11743,-0.644848,0.512517,-0.325087
126.4,1.28102,-0.485088,0.733241,-0.51843
126.5,1.34226,-0.280532,0.965308,0.131385
126.6,1.2893,-0.0304243,1.19788,-0.0897761
126.7,1.11178,0.262703,1.41901,-0.133587
126.8,0.802744,0.590905,1.61585,-0.192697
126.9,0.361363,0.939126,1.77514,0.261327
127,-0.204074,1.28451,1.88397,-1.40619
127.1,-0.873456,1.59736,1.93084,-1.21023
127.2,-1.61334,1.84402,1.90692,0.443544
127.3,-2.37747,1.99181,1.80736,-0.126326
127.4,-3.10989,2.0151,1.63248,0.642641
127.5,-3.75071,1.90133,1.38844,0.664932
127.6,-4.24384,1.65517,1.08727,0.245333
127.7,-4.54518,1.29944,0.746083,-1.56855
127.8,-4.62951,0.872032,0.385494,-0.855102
127.9,-4.49443,0.419346,0.0275198,-0.371029
128,-4.16024,-0.011948,-0.306735,-0.727061
128.1,-3.66594,-0.382785,-0.599178,0.738607
128.2,-3.06241,-0.667175,-0.836277,0.1678
128.3,-2.40439,-0.854273,-1.00985,0.782934
128.4,-1.74312,-0.947117,-1.11706,0.702365
128.5,-1.12085,-0.959044,-1.15978,-1.89045
128.6,-0.567898,-0.909111,-1.14355,-1.56935
128.7,-0.102135,-0.817749,-1.07628,0.459749
128.8,0.269623,-0.703466,-0.967122,0.582592
128.9,0.549128,-0.580867,-0.82544,0.462663
129,0.743795,-0.459913,-0.660127,0.435265
129.1,0.863978,-0.346113,-0.479164,0.547048
129.2,0.920736,-0.241288,-0.289445,-0.873983
129.3,0.924255,-0.144592,-0.0967896,-1.17426
129.4,0.882922,-0.0535858,0.0939137,0.226301
129.5,0.802979,0.0347871,0.27851,-0.107893
129.6,0.688645,0.123358,0.453365,-0.384678
129.7,0.542584,0.214069,0.615182,0.232838
129.8,0.366596,0.307489,0.760884,-0.554252
129.9,0.162438,0.402515,0.887562,0.424203
130,-0.0673509,0.496289,0.992516,-0.960353
130.1,-0.318711,0.584329,1.07337,-0.00410267
130.2,-0.585514,0.660909,1.12826,0.477094
130.3,-0.859309,0.719663,1.15603,0.294427
130.4,-1.12942,0.754364,1.15652,-2.58714
130.5,-1.38344,0.759805,1.13068,0.560947
130.6,-1.60807,0.732632,1.08081,0.0204128
130.7,-1.79028,0.672007,1.01049,0.00729522
130.8,-1.91857,0.579952,0.924552,0.386068
130.9,-1.98417,0.4613,0.828866,-0.235259
131,-1.98205,0.323244,0.729981,0.0278908
131.1,-1.91151,0.174562,0.634741,-2.16252
131.2,-1.77627,0.0246677,0.54984,-0.197882
131.3,-1.58415,-0.117325,0.481387,-0.695828
131.4,-1.34631,-0.243365,0.434537,-0.814702
131.5,-1.07635,-0.346925,0.413197,-1.52222
131.6,-0.789255,-0.423133,0.419839,0.0924201
131.7,-0.500544,-0.468621,0.4554,-1.24573
131.8,-0.225558,-0.481188,0.519272,-0.151068
131.9,0.0209826,-0.459441,0.609339,-1.60556
132,0.225233,-0.402527,0.722057,-0.573141
132.1,0.37438,-0.310106,0.852548,0.142553
132.2,0.456833,-0.182595,0.994708,-0.0703721
132.3,0.462593,-0.0217099,1.14136,-1.71739
132.4,0.383893,0.168781,1.28441,0.202977
132.5,0.216157,0.382246,1.41516,-0.758132
132.6,-0.0407649,0.60854,1.52466,0.708976
132.7,-0.381279,0.833782,1.60421,-1.37414
132.8,-0.792891,1.04083,1.64603,0.690459
132.9,-1.2556,1.21059,1.64392,-1.21623
133,-1.74219,1.32423,1.5941,-1.81744
133.1,-2.21967,1.36591,1.49579,-0.791346
133.2,-2.65198,1.3257,1.35168,-2.70433
133.3,-3.00368,1.20186,1.16808,0.171343
133.4,-3.24409,1.0019,0.95466,-0.74214
133.5,-3.35118,0.741979,0.723723,-0.253961
133.6,-3.3144,0.444694,0.489234,-0.568032
133.7,-3.13578,0.135594,0.265585,-0.153187
133.8,-2.82928,-0.160637,0.0663522,-0.290157
133.9,-2.41837,-0.423515,-0.0967834,-0.832675
134,-1.93255,-0.638881,-0.214822,-0.868809
134.1,-1.40357,-0.799489,-0.281856,0.679681
134.2,-0.8621,-0.90417,-0.295124,0.152372
134.3,-0.335308,-0.956,-0.25477,-1.11086
134.4,0.154245,-0.960046,-0.163432,-1.79271
134.5,0.588604,-0.921257,-0.0257653,-0.606956
134.6,0.953517,-0.842895,0.151972,0.384794
134.7,1.23706,-0.725784,0.362225,0.14293
134.8,1.42827,-0.568428,0.596306,-0.164441
134.9,1.5161,-0.368,0.844433,0.417552
135,1.48927,-0.122056,1.0957,0.395515
135.1,1.33691,0.169225,1.3381,-0.528264
135.2,1.05041,0.500605,1.55861,-0.350191
135.3,0.626163,0.859645,1.74358,-0.607788
135.4,0.0688134,1.22544,1.87939,-0.426675
135.5,-0.605449,1.56895,1.95343,0.196787
135.6,-1.36663,1.85537,1.95539,0.456721
135.7,-2.17052,2.04877,1.87867,0.721094
135.8,-2.96105,2.11848,1.72172,-0.324402
135.9,-3.67551,2.04584,1.489,-0.0736729
136,-4.25236,1.82969,1.19122,-0.567892
136.1,-4.64013,1.48862,0.844847,-2.04079
136.2,-4.80557,1.05902,0.47063,-0.456195
136.3,-4.73903,0.588948,0.0914938,0.0896034
136.4,-4.45576,0.129457,-0.269927,0.470557
136.5,-3.99269,-0.27441,-0.593648,-0.363458
136.6,-3.4018,-0.590494,-0.864197,0.780963
136.7,-2.74152,-0.802872,-1.0717,0.843571
136.8,-2.06842,-0.911417,-1.21208,-1.75621
136.9,-1.43053,-0.928441,-1.28657,-4.68193
137,-0.86344,-0.873878,-1.30057,-2.59289
137.1,-0.389002,-0.77043,-1.26236,-0.0480789
137.2,-0.0163349,-0.639682,-1.18177,0.579049
137.3,0.255783,-0.499633,-1.06899,0.809382
137.4,0.435911,-0.363611,-0.933685,0.392379
137.5,0.53698,-0.240239,-0.784442,-1.50764
137.6,0.573781,-0.134076,-0.628431,0.805398
137.7,0.561067,-0.0465489,-0.471335,-1.73178
137.8,0.512305,0.0230875,-0.317417,0.0346053
137.9,0.438976,0.0768983,-0.16969,-0.884233
138,0.350305,0.117604,-0.0301305,-0.239102
138.1,0.253288,0.148099,0.100095,-0.694445
138.2,0.152901,0.171136,0.220417,-0.94358
138.3,0.0524114,0.189133,0.330673,-2.4811
138.4,-0.0462685,0.204068,0.43096,-0.504437
138.5,-0.142237,0.217443,0.521511,-1.02659
138.6,-0.235275,0.230277,0.602611,-0.281245
138.7,-0.325557,0.243131,0.674548,-0.0168085
138.8,-0.413406,0.256154,0.737581,0.194814
138.9,-0.499095,0.269131,0.791938,0.351248
139,-0.582697,0.281558,0.837831,-5.1299
139.1,-0.66398,0.292717,0.875476,0.435186
139.2,-0.742361,0.30176,0.905131,-0.0264932
139.3,-0.816896,0.307808,0.927132,-2.13411
139.4,-0.886323,0.310042,0.941922,0.474581
139.5,-0.949146,0.307799,0.950087,-0.438961
139.6,-1.00375,0.300649,0.952367,-0.450652
139.7,-1.04853,0.288461,0.949665,0.419964
139.8,-1.08207,0.271443,0.943036,-0.889153
139.9,-1.10326,0.250154,0.933663,-0.00904786
140,-1.11144,0.225486,0.922818,-0.326575
140.1,-1.10653,0.19862,0.911812,0.0255216
140.2,-1.08904,0.170957,0.901932,-4.39364
140.3,-1.06018,0.144033,0.894383,-0.0508851
140.4,-1.02175,0.119429,0.890216,-0.0738676
140.5,-0.976139,0.0986723,0.890273,0.0216366
140.6,-0.92621,0.0831495,0.895133,-2.23294
140.7,-0.875153,0.0740282,0.905069,-0.229837
140.8,-0.826348,0.0721881,0.920027,-3.37978
140.9,-0.783188,0.0781648,0.939611,-1.51899
141,-0.748908,0.092104,0.963093,-0.301749
141.1,-0.726401,0.113726,0.989437,-0.211459
141.2,-0.718043,0.142301,1.01734,-0.0398634
141.3,-0.725527,0.176641,1.0453,-0.638148
141.4,-0.749711,0.215108,1.07168,-1.40431
141.5,-0.790487,0.255652,1.0948,-1.27035
141.6,-0.846699,0.295887,1.11306,0.554106
141.7,-0.916106,0.333201,1.12502,-0.803038
141.8,-0.995413,0.364913,1.12951,0.294659
141.9,-1.08039,0.388466,1.12575,0.528558
142,-1.16605,0.401635,1.11341,0.321747
142.1,-1.24696,0.402748,1.0927,-0.871539
142.2,-1.31758,0.39087,1.06436,-0.139126
142.3,-1.37265,0.365943,1.0297,-0.8187
142.4,-1.40763,0.328848,0.990505,0.300301
142.5,-1.41903,0.281379,0.948965,-1.00463
142.6,-1.40476,0.226131,0.907557,0.0497459
142.7,-1.36432,0.166308,0.868888,-1.03844
142.8,-1.29887,0.105491,0.835529,-0.436828
142.9,-1.21123,0.0473848,0.809855,0.390344
143,-1.10566,-0.00442716,0.793883,-1.24526
143.1,-0.987678,-0.0466785,0.789138,0.239913
143.2,-0.863709,-0.0765726,0.796547,-0.442785
143.3,-0.740764,-0.0918827,0.816362,0.363072
143.4,-0.626097,-0.0910149,0.848118,-2.25175
143.5,-0.526868,-0.0730533,0.890628,-1.23785
143.6,-0.449815,-0.0378085,0.942005,-2.35225
143.7,-0.400941,0.0141174,0.999724,0.0194148
143.8,-0.385178,0.0812433,1.06071,-2.97877
143.9,-0.406055,0.161113,1.12147,-0.423073
144,-0.465343,0.25022,1.17822,-1.61232
144.1,-0.562716,0.343984,1.22712,0.401224
144.2,-0.695456,0.436843,1.26449,0.266271
144.3,-0.858262,0.522486,1.28703,-0.183452
144.4,-1.04323,0.594253,1.2921,0.374195
144.5,-1.24008,0.645695,1.27798,-0.140547
144.6,-1.4366,0.671249,1.24409,0.365226
144.7,-1.61947,0.666926,1.19112,-0.307887
144.8,-1.77524,0.630912,1.1211,-0.304705
144.9,-1.89148,0.563945,1.03739,-0.760036
145,-1.95794,0.4694,0.94447,0.476237
145.1,-1.96754,0.353022,0.847702,-0.0234299
145.2,-1.91707,0.22235,0.752968,0.0585384
145.3,-1.80749,0.0859321,0.666262,-0.99224
145.4,-1.64381,-0.0475196,0.593277,-0.751433
145.5,-1.43459,-0.169896,0.539021,-0.057542
145.6,-1.19116,-0.274238,0.507502,0.0616763
145.7,-0.926752,-0.35502,0.50149,0.141577
145.8,-0.655625,-0.408154,0.522376,0.111681
145.9,-0.392298,-0.430808,0.570105,-3.27031
146,-0.151015,-0.421129,0.643181,0.0526005
146.1,0.0546465,-0.378016,0.738713,-2.69168
146.2,0.212033,-0.301032,0.852499,-0.704306
146.3,0.309675,-0.190549,0.979127,-1.63085
146.4,0.33764,-0.0481353,1.11211,-0.818007
146.5,0.288093,0.122855,1.24407,0.167003
146.6,0.156107,0.316615,1.36698,-2.17572
146.7,-0.0592985,0.524311,1.4725,-0.580578
146.8,-0.354015,0.733833,1.55247,-0.288106
146.9,-0.717818,0.930087,1.59939,-1.08414
147,-1.13374,1.09602,1.60716,-1.3027
147.1,-1.57819,1.21436,1.57168,-0.468308
147.2,-2.022,1.26999,1.49154,-2.61836
147.3,-2.43264,1.25243,1.36839,0.190836
147.4,-2.77726,1.15805,1.20721,-0.0219316
147.5,-3.02633,0.991318,1.01613,-0.505758
147.6,-3.15723,0.764647,0.805897,-0.71582
147.7,-3.15704,0.496857,0.589066,0.197895
147.8,-3.02401,0.210407,0.378929,-0.403931
147.9,-2.76748,-0.0719024,0.188391,-0.255418
148,-2.40617,-0.330031,0.0289337,0.420713
148.1,-1.96544,-0.54892,-0.0901917,0.460013
148.2,-1.47395,-0.719445,-0.162462,-0.0293177
148.3,-0.960601,-0.838079,-0.184255,-0.214801
148.4,-0.452124,-0.905546,-0.154748,0.624327
148.5,0.0282956,-0.924944,-0.0756196,-0.473118
148.6,0.461333,-0.899838,0.0493277,-3.85046
148.7,0.830995,-0.832745,0.214532,-0.178501
148.8,1.12357,-0.724302,0.412956,0.139118
148.9,1.32648,-0.573241,0.636257,-1.64431
149,1.42742,-0.377211,0.874852,-0.429892
149.1,1.41419,-0.134335,1.11793,-0.377249
149.2,1.27539,0.154681,1.3535,0.325045
149.3,1.00213,0.484211,1.56852,0.51693
149.4,0.590673,0.841611,1.74931,-0.777169
149.5,0.0456367,1.20599,1.88219,-0.501289
149.6,-0.616895,1.54848,1.95451,0.316048
149.7,-1.36713,1.83457,1.95587,0.397043
149.8,-2.16121,2.02867,1.87961,-0.574769
149.9,-2.94347,2.1003,1.72402,0.750454
150,-3.65166,2.0308,1.49338,-0.925777
150.1,-4.22459,1.81876,1.19821,-0.538334
150.2,-4.6109,1.48227,0.854705,-0.120751
150.3,-4.77718,1.05705,0.483387,-1.71448
150.4,-4.71331,0.590495,0.106969,-0.0918576
150.5,-4.43379,0.133102,-0.252061,-1.10016
150.6,-3.97471,-0.27039,-0.573786,-2.04253
150.7,-3.38717,-0.587855,-0.842714,-0.166296
150.8,-2.72889,-0.803157,-1.04887,0.876987
150.9,-2.0559,-0.915792,-1.18801,0.390229
151,-1.41598,-0.937626,-1.26116,-0.479369
151.1,-0.844676,-0.888149,-1.27351,-2.73097
151.2,-0.36402,-0.78967,-1.23313,-0.0771412
151.3,0.0165414,-0.663441,-1.14966,0.919395
151.4,0.297786,-0.527181,-1.03314,-0.560872
151.5,0.487745,-0.393957,-0.893152,-1.70837
151.6,0.598752,-0.272146,-0.738227,-0.262218
151.7,0.644939,-0.166058,-0.575562,0.0751076
151.8,0.640344,-0.0768755,-0.410931,-1.56137
151.9,0.597675,-0.00362967,-0.24876,0.415386
152,0.527634,0.0559176,-0.0923055,0.541457
152.1,0.438674,0.104575,0.0561383,-0.0453059
152.2,0.337079,0.145206,0.19501,-0.201577
152.3,0.227233,0.180377,0.323281,0.251519
152.4,0.111999,0.212138,0.440279,-0.646016
152.5,-0.00685665,0.241907,0.545561,0.161873
152.6,-0.128249,0.270431,0.638823,0.087951
152.7,-0.251391,0.297805,0.719852,0.33385
152.8,-0.375473,0.32354,0.788513,-0.492955
152.9,-0.499409,0.346674,0.844762,0.382305
153,-0.621672,0.365912,0.888687,0.433335
153.1,-0.740218,0.379798,0.920551,-0.289285
153.2,-0.852502,0.386896,0.940851,-0.517804
153.3,-0.955583,0.385982,0.950357,0.391815
153.4,-1.0463,0.376213,0.950147,-0.989298
153.5,-1.12152,0.357269,0.941614,-0.0825669
153.6,-1.17839,0.329442,0.926455,-0.166947
153.7,-1.21464,0.293674,0.906624,0.438093
153.8,-1.22881,0.251521,0.884263,-0.73244
153.9,-1.22044,0.205066,0.861614,-1.87073
154,-1.19021,0.156783,0.840905,-1.0754
154.1,-1.13999,0.109367,0.82424,0.145311
154.2,-1.07275,0.0655652,0.813476,-0.092692
154.3,-0.992482,0.0280071,0.810124,-0.106016
154.4,-0.903976,-0.000936009,0.815255,0.0367742
154.5,-0.812618,-0.0192653,0.829425,0.331906
154.6,-0.724121,-0.0254407,0.852636,0.405805
154.7,-0.644263,-0.0184467,0.884312,-0.113534
154.8,-0.578618,0.00215091,0.923309,0.326913
154.9,-0.532283,0.0361507,0.967944,-0.223531
155,-0.509611,0.0826576,1.01606,-2.90363
155.1,-0.513932,0.140027,1.06512,-2.49518
155.2,-0.54729,0.205821,1.11231,-0.938454
155.3,-0.610178,0.276805,1.15468,-1.03822
155.4,-0.701321,0.349003,1.18933,0.395254
155.5,-0.817521,0.417837,1.21357,0.438695
155.6,-0.953608,0.478383,1.22516,0.590177
155.7,-1.10255,0.525719,1.22242,-0.145508
155.8,-1.25572,0.555364,1.20451,-0.457669
155.9,-1.4034,0.563753,1.17146,-0.279179
156,-1.5354,0.54868,1.12435,-0.300267
156.1,-1.64185,0.509647,1.06523,-1.07833
156.2,-1.71404,0.448031,0.997123,-0.686514
156.3,-1.74521,0.367048,0.923797,-0.742669
156.4,-1.73113,0.271492,0.849593,-0.153484
156.5,-1.67058,0.1673,0.779124,-2.14364
156.6,-1.56545,0.061001,0.716966,-1.79687
156.7,-1.42057,-0.0408411,0.667362,0.279548
156.8,-1.24334,-0.132118,0.633933,0.0940933
156.9,-1.0432,-0.207525,0.619459,-0.221411
157,-0.830951,-0.262745,0.625698,0.0986305
157.1,-0.618198,-0.294482,0.653286,-0.186821
157.2,-0.416761,-0.300396,0.701681,0.065
157.3,-0.23824,-0.279004,0.769169,-0.273397
157.4,-0.0936448,-0.229631,0.852901,-0.159577
157.5,0.00694973,-0.152466,0.948972,0.393087
157.6,0.0547593,-0.0487479,1.05253,-0.522051
157.7,0.0427416,0.0789172,1.15793,-0.118998
157.8,-0.0338294,0.226182,1.25892,0.575868
157.9,-0.176668,0.38661,1.34895,-0.0429374
158,-0.383717,0.551505,1.42144,-0.692495
158.1,-0.648451,0.710048,1.47028,-0.657623
158.2,-0.95941,0.849862,1.49021,0.670734
158.3,-1.30016,0.958064,1.4774,0.407128
158.4,-1.64987,1.02271,1.42987,-0.361642
158.5,-1.98457,1.0345,1.34792,-0.648111
158.6,-2.2791,0.988318,1.2343,0.350509
158.7,-2.50955,0.884424,1.09424,-0.788543
158.8,-2.65578,0.728812,0.935204,0.190352
158.9,-2.70372,0.532669,0.766371,-1.58351
159,-2.64694,0.310966,0.597961,0.0734246
159.1,-2.48727,0.0804524,0.440422,-0.0392205
159.2,-2.23432,-0.142506,0.303624,-1.06379
159.3,-1.90411,-0.343788,0.196138,-0.189017
159.4,-1.51703,-0.512713,0.1247,0.402378
159.5,-1.09569,-0.642411,0.0938747,0.424498
159.6,-0.662984,-0.729417,0.105939,-0.126988
159.7,-0.240622,-0.772713,0.160931,-1.03841
159.8,0.151613,-0.772531,0.256808,0.285268
159.9,0.496007,-0.729272,0.389657,-0.0531126
160,0.776611,-0.642785,0.553882,-0.299882
160.1,0.978742,-0.512221,0.742362,0.33332
160.2,1.08863,-0.336524,0.946555,-1.77938
160.3,1.09348,-0.115554,1.15659,0.287914
160.4,0.982189,0.148324,1.36138,-3.68696
160.5,0.746793,0.448433,1.54888,0.29637
160.6,0.384652,0.772183,1.7065,-4.11245
160.7,-0.0990034,1.10018,1.82175,0.786552
160.8,-0.688612,1.4066,1.88316,0.798221
160.9,-1.35663,1.66124,1.8814,-0.360674
161,-2.06344,1.83335,1.81053,-0.0391812
161.1,-2.75947,1.89677,1.66906,-1.2676
161.2,-3.38964,1.83545,1.46083,0.570449
161.3,-3.89986,1.64784,1.19514,-0.0610512
161.4,-4.2444,1.34881,0.886395,-3.55282
161.5,-4.39269,0.968134,0.552828,0.0427084
161.6,-4.33394,0.545735,0.214783,-0.268093
161.7,-4.07846,0.124704,-0.107381,-2.52638
161.8,-3.65533,-0.256033,-0.395307,0.461525
161.9,-3.10715,-0.567548,-0.634272,0.295813
162,-2.48313,-0.794005,-0.81421,0.293425
162.1,-1.8321,-0.932681,-0.930006,-1.0187
162.2,-1.19684,-0.99149,-0.981167,0.830379
162.3,-0.610483,-0.985106,-0.971017,0.0920369
162.4,-0.0952323,-0.930845,-0.905646,0.791861
162.5,0.336973,-0.845198,-0.792841,0.388645
162.6,0.682482,-0.741491,-0.641147,0.773308
162.7,0.94331,-0.62873,-0.45917,0.463504
162.8,1.12448,-0.51149,-0.255141,-0.549917
162.9,1.23176,-0.390531,-0.0367359,-0.172031
163,1.27002,-0.263884,0.188912,0.194739
163.1,1.24233,-0.128164,0.415072,0.145611
163.2,1.14979,0.0200451,0.635218,0.0507259
163.3,0.992048,0.182856,0.842856,-0.320174
163.4,0.768333,0.359896,1.03143,-0.630312
163.5,0.478911,0.547408,1.19433,-5.85655
163.6,0.126743,0.737764,1.32511,-0.264151
163.7,-0.280937,0.919571,1.41782,-1.23518
163.8,-0.731398,1.07847,1.46749,-1.68332
163.9,-1.20588,1.19871,1.47074,0.687134
164,-1.67998,1.26529,1.42633,0.679292
164.1,-2.1252,1.26648,1.3357,-5.78156
164.2,-2.51143,1.19616,1.20325,0.174609
164.3,-2.81021,1.05542,1.03634,-0.33706
164.4,-2.9982,0.85308,0.844913,-0.359418
164.5,-3.06016,0.60469,0.640907,0.275259
164.6,-2.99092,0.330394,0.437266,0.0871936
164.7,-2.79589,0.0519492,0.246926,-0.148468
164.8,-2.49011,-0.210344,0.0817876,-0.0427422
164.9,-2.09593,-0.440115,-0.0481435,0.413774
165,-1.64015,-0.626339,-0.135344,0.611954
165.1,-1.15088,-0.763503,-0.175058,0.337234
165.2,-0.655029,-0.850708,-0.165304,0.0147909
165.3,-0.176564,-0.890065,-0.106648,0.110734
165.4,0.264187,-0.884866,-0.00187735,0.165305
165.5,0.650349,-0.837981,0.144367,-0.646897
165.6,0.967684,-0.750771,0.325896,-0.236118
165.7,1.20351,-0.622748,0.535186,-0.780512
165.8,1.34573,-0.452012,0.763478,-0.0255648
165.9,1.38241,-0.236442,1.00081,0.481129
166,1.30201,0.024501,1.23606,-0.936677
166.1,1.09468,0.327611,1.45698,-0.181546
166.2,0.754353,0.663795,1.65055,-0.975391
166.3,0.281643,1.01648,1.80343,0.48348
166.4,-0.313081,1.36118,1.9028,-0.714018
166.5,-1.0071,1.6668,1.93749,-0.308259
166.6,-1.7641,1.89903,1.89927,0.1477
166.7,-2.53518,2.02564,1.78419,0.326083
166.8,-3.26249,2.02274,1.59369,-0.483899
166.9,-3.88562,1.88076,1.33517,0.637945
167,-4.34957,1.6081,1.02188,-0.975435
167.1,-4.61307,1.2313,0.671958,-0.341976
167.2,-4.65506,0.791114,0.306679,-0.128827
167.3,-4.47792,0.335371,-0.0517247,-0.150347
167.4,-4.10653,-0.0895546,-0.38241,-0.0719545
167.5,-3.58355,-0.446387,-0.667967,-4.90407
167.6,-2.96204,-0.71187,-0.895834,-0.862527
167.7,-2.29732,-0.878138,-1.05894,0.21758
167.8,-1.63983,-0.950853,-1.15555,0.698866
167.9,-1.02998,-0.945241,-1.18851,0.571604
168,-0.495763,-0.881393,-1.16408,0.875916
168.1,-0.0526246,-0.780038,-1.09071,-1.60465
168.2,0.294819,-0.65946,-0.977806,0.912999
168.3,0.550125,-0.533779,-0.834822,0.490637
168.4,0.722099,-0.412423,-0.670561,-0.773826
168.5,0.822114,-0.300467,-0.492801,-0.734482
168.6,0.861986,-0.19946,-0.308142,-0.15835
168.7,0.852495,-0.108453,-0.122047,-0.802536
168.8,0.802551,-0.0250247,0.0610109,-0.976135
168.9,0.718895,0.0538116,0.237342,0.109214
169,0.606219,0.130863,0.403824,-1.9268
169.1,0.4676,0.208184,0.557722,-0.644551
169.2,0.305109,0.286671,0.696549,0.228669
169.3,0.120523,0.365832,0.818007,-0.459803
169.4,-0.0839583,0.443714,0.919989,-0.0784836
169.5,-0.305085,0.517014,1.00066,-0.687407
169.6,-0.538071,0.58137,1.05858,-0.628285
169.7,-0.776344,0.631817,1.09287,-2.87274
169.8,-1.01157,0.663379,1.10341,-0.943279
169.9,-1.23396,0.671744,1.09098,-0.877384
170,-1.43292,0.653914,1.05739,-0.272211
170.1,-1.59786,0.608747,1.00553,0.4741
170.2,-1.71916,0.537287,0.93928,0.398898
170.3,-1.78918,0.442813,0.86341,-0.0949951
170.4,-1.80305,0.330588,0.783319,-1.45705
170.5,-1.75924,0.20735,0.704727,0.282165
170.6,-1.65983,0.0806427,0.633328,-1.11934
170.7,-1.51029,-0.0419038,0.574436,0.176118
170.8,-1.31914,-0.1532,0.53266,0.109698
170.9,-1.09719,-0.247148,0.511637,-0.0157635
171,-0.856874,-0.318866,0.513835,-2.57934
171.1,-0.611443,-0.36469,0.540432,-1.79568
171.2,-0.374368,-0.382039,0.591267,-0.378205
171.3,-0.158847,-0.369201,0.66484,-0.197389
171.4,0.0225418,-0.325187,0.758359,-0.420186
171.5,0.15811,-0.249699,0.86782,-0.589473
171.6,0.237341,-0.143307,0.988102,0.322794
171.7,0.251269,-0.00781742,1.11311,-0.0723103
171.8,0.193043,0.153213,1.23595,-0.247901
171.9,0.058696,0.333909,1.34918,-0.288026
172,-0.151914,0.525645,1.44514,-0.0889347
172.1,-0.43411,0.716914,1.5164,-0.059804
172.2,-0.777554,0.893709,1.55627,0.706716
172.3,-1.16581,1.04052,1.55939,-0.626862
172.4,-1.57659,1.14198,1.52235,-0.0637658
172.5,-1.98284,1.18492,1.44422,-1.32985
172.6,-2.35483,1.16058,1.32692,0.285839
172.7,-2.66292,1.06642,1.17539,-0.130398
172.8,-2.88078,0.907069,0.997355,-0.493646
172.9,-2.98855,0.694126,0.80291,0.0462659
173,-2.97515,0.444691,0.603696,-3.20991
173.1,-2.83957,0.17894,0.411964,-1.62333
173.2,-2.59066,-0.082729,0.239569,-0.365696
173.3,-2.24562,-0.322348,0.0970438,-1.06199
173.4,-1.8276,-0.526248,-0.00711879,0.493838
173.5,-1.36282,-0.685849,-0.0669175,-0.622333
173.6,-0.877896,-0.79735,-0.0790135,0.52756
173.7,-0.397787,-0.860566,-0.0426605,-3.69245
173.8,0.0553829,-0.877317,0.0405276,-1.40065
173.9,0.462619,-0.849823,0.166882,0.25906
174,0.807621,-0.779451,0.330975,-0.0508435
174.1,1.07595,-0.666097,0.525849,0.173545
174.2,1.25413,-0.508322,0.743159,-0.993879
174.3,1.32916,-0.30426,0.973237,-0.0555104
174.4,1.28857,-0.053206,1.20514,0.535552
174.5,1.12143,0.242331,1.42673,-2.04433
174.6,0.820284,0.574464,1.62495,-1.50587
174.7,0.383795,0.928148,1.78626,0.390604
174.8,-0.180165,1.28041,1.89744,0.163553
174.9,-0.851757,1.60119,1.94663,0.44832
175,-1.59756,1.85625,1.9246,-2.40729
175.1,-2.37098,2.01204,1.82618,-1.24574
175.2,-3.11532,2.04199,1.65137,0.708581
175.3,-3.76959,1.93262,1.40613,0.0200632
175.4,-4.27631,1.68803,1.10239,-4.36842
175.5,-4.58997,1.33091,0.75732,-0.180423
175.6,-4.68415,0.89954,0.391735,0.0197867
175.7,-4.55564,0.441208,0.0279397,-1.06856
175.8,-4.22452,0.00372493,-0.312617,-0.0461128
175.9,-3.73017,-0.372688,-0.611509,0.0210247
176,-3.12428,-0.661107,-0.854928,-4.19882
176.1,-2.4627,-0.850126,-1.03451,0.821483
176.2,-1.79785,-0.942648,-1.14737,0.688268
176.3,-1.17299,-0.952247,-1.19543,0.146912
176.4,-0.619191,-0.898482,-1.18435,-0.765473
176.5,-0.154715,-0.80245,-1.12226,-1.05741
176.6,0.2136,-0.683382,-1.01851,0.758796
176.7,0.48783,-0.556601,-0.882681,0.489365
176.8,0.67602,-0.432751,-0.723816,0.403832
176.9,0.789405,-0.317972,-0.549972,-1.43709
177,0.840122,-0.21464,-0.368023,-2.38242
177.1,0.839581,-0.122379,-0.183654,-1.1654
177.2,0.797468,-0.039088,-0.00148965,0.497144
177.3,0.72132,0.0381295,0.174708,-0.500627
177.4,0.616549,0.112192,0.341822,-2.71014
177.5,0.486779,0.185446,0.497186,-0.269045
177.6,0.334403,0.259237,0.638425,-0.560159
177.7,0.161244,0.333644,0.763373,-1.48574
177.8,-0.0307548,0.407373,0.870045,-0.237134
177.9,-0.238897,0.477814,0.956683,-0.273062
178,-0.459219,0.541254,1.02186,0.313093
178.1,-0.686179,0.593257,1.06462,0.351325
178.2,-0.912575,0.629173,1.08464,-0.178652
178.3,-1.12975,0.644736,1.08241,-0.304312
178.4,-1.32804,0.636681,1.05932,0.513185
178.5,-1.49754,0.603286,1.01776,0.0476692
178.6,-1.62889,0.54475,0.961084,0.165376
178.7,-1.71423,0.463342,0.893517,-0.530551
178.8,-1.74799,0.363279,0.81996,-0.639442
178.9,-1.72757,0.25035,0.745728,-0.20768
179,-1.65361,0.131359,0.676235,-1.95179
179.1,-1.53005,0.013474,0.616663,-0.0299548
179.2,-1.36384,-0.0963853,0.57165,-0.0215868
179.3,-1.16438,-0.192035,0.545006,-1.27709
179.4,-0.942894,-0.268328,0.539509,0.00495993
179.5,-0.711699,-0.321249,0.556751,0.122945
179.6,-0.483593,-0.347858,0.597066,-3.30666
179.7,-0.271321,-0.346134,0.659505,-0.303209
179.8,-0.0871878,-0.314838,0.741863,-0.38342
179.9,0.0572593,-0.253451,0.840743,0.292175
180,0.151516,-0.162276,0.95164,-2.26975
180.1,0.186471,-0.0427119,1.06907,-1.77723
180.2,0.154897,0.102324,1.18671,-0.0971254
180.3,0.0521089,0.267898,1.29767,0.632479
180.4,-0.123209,0.446638,1.39471,-0.509909
180.5,-0.368101,0.628526,1.4707,-2.73198
180.6,-0.674517,0.801108,1.51904,0.692096
180.7,-1.0288,0.95023,1.5342,0.624764
180.8,-1.41169,1.06136,1.51232,-2.7692
180.9,-1.79912,1.12137,1.4517,0.550501
181,-2.16382,1.12055,1.35325,0.369024
181.1,-2.47768,1.05438,1.22064,-0.0472583
181.2,-2.71462,0.924756,1.06028,0.470769
181.3,-2.85359,0.740166,0.880987,-0.0273415
181.4,-2.88098,0.514764,0.693295,-3.93627
181.5,-2.79222,0.266456,0.508673,-0.0099374
181.6,-2.5921,0.0144023,0.338573,0.0578386
181.7,-2.29385,-0.223516,0.193532,-0.248968
181.8,-1.91724,-0.432708,0.0824195,-0.863922
181.9,-1.48603,-0.60299,0.0119059,-0.396544
182,-1.02547,-0.728696,-0.0138089,-0.227645
182.1,-0.560157,-0.80791,0.00696781,-1.26008
182.2,-0.112603,-0.841143,0.0735647,0.0957852
182.3,0.297345,-0.829855,0.183191,0.177094
182.4,0.652393,-0.775197,0.331201,-3.03244
182.5,0.937199,-0.677255,0.511327,-0.515045
182.6,1.13763,-0.534961,0.715828,-1.52987
182.7,1.24024,-0.346756,0.935592,-0.663609
182.8,1.23224,-0.111918,1.16019,0.339595
182.9,1.1023,0.167593,1.37797,0.0353449
183,0.842167,0.485087,1.5763,-0.0183776
183.1,0.449058,0.827338,1.74196,0.769754
183.2,-0.0714337,1.1736,1.86186,0.794392
183.3,-0.702615,1.49606,1.92397,0.798058
183.4,-1.41486,1.76213,1.91862,0.170891
183.5,-2.16554,1.93876,1.83971,0.332694
183.6,-2.9014,1.99817,1.68599,-1.79031
183.7,-3.56353,1.92396,1.46189,0.690796
183.8,-4.0946,1.71577,1.17767,0.186805
183.9,-4.44688,1.39122,0.848946,-0.0312783
184,-4.58961,0.983959,0.495302,-1.52184
184.1,-4.51377,0.538054,0.138336,-0.249675
184.2,-4.23313,0.100187,-0.200602,0.312752
184.3,-3.78133,-0.288391,-0.50257,0.169301
184.4,-3.20584,-0.598037,-0.752739,-1.12676
184.5,-2.5602,-0.813734,-0.941401,0.270462
184.6,-1.89651,-0.934719,-1.06419,0.819157
184.7,-1.25936,-0.971499,-1.1216,-1.96237
184.8,-0.682266,-0.941489,-1.11807,-1.66563
184.9,-0.186502,-0.864577,-1.06078,-1.94574
185,0.217995,-0.759528,-0.958427,0.395894
185.1,0.53039,-0.64164,-0.820255,0.868346
185.2,0.756132,-0.521694,-0.655241,0.836799
185.3,0.904164,-0.405907,-0.471621,-0.975878
185.4,0.984554,-0.296584,-0.276662,0.469341
185.5,1.00676,-0.193108,-0.0766474,-1.08381
185.6,0.978563,-0.0930614,0.123012,-0.380576
185.7,0.905642,0.00669904,0.317577,-1.27612
185.8,0.791659,0.109084,0.502773,-2.0913
185.9,0.638763,0.215975,0.674612,-0.278579
186,0.448378,0.327619,0.829276,-0.451615
186.1,0.222156,0.442238,0.963092,-0.492985
186.2,-0.0370406,0.555893,1.07261,0.482913
186.3,-0.324252,0.662652,1.15475,0.0963353
186.4,-0.631775,0.755064,1.20707,-0.953461
186.5,-0.948883,0.824955,1.22807,-0.815652
186.6,-1.26201,0.864466,1.21743,-0.0177479
186.7,-1.55546,0.867211,1.17632,-1.84484
186.8,-1.81256,0.82937,1.10755,-0.0474526
186.9,-2.01721,0.750505,1.01556,0.494792
187,-2.15553,0.633928,0.906321,0.0252382
187.1,-2.21743,0.486504,0.787007,-0.596031
187.2,-2.19774,0.317907,0.665561,-0.15152
187.3,-2.09686,0.139476,0.550171,0.086606
187.4,-1.92067,-0.0371066,0.448705,-1.2157
187.5,-1.67989,-0.201044,0.368194,-0.0663124
187.6,-1.38895,-0.343329,0.314402,-0.108106
187.7,-1.06464,-0.457193,0.291518,-1.90768
187.8,-0.724848,-0.538081,0.30199,-0.33585
187.9,-0.387465,-0.583256,0.346468,-0.0118068
188,-0.0696544,-0.591199,0.423844,-0.401706
188.1,0.212499,-0.561013,0.531347,-1.24641
188.2,0.444079,-0.492026,0.664656,-0.322769
188.3,0.6113,-0.383718,0.818016,-0.0919403
188.4,0.701542,-0.236078,0.984349,-0.51304
188.5,0.703647,-0.0503405,1.15538,-1.86063
188.6,0.608616,0.169955,1.32184,-1.16457
188.7,0.410781,0.417819,1.47368,0.506291
188.8,0.109378,0.681854,1.60053,-0.512529
188.9,-0.2897,0.94584,1.69229,-0.141404
189,-0.772312,1.18924,1.7398,0.664905
189.1,-1.31515,1.38881,1.73581,-2.81303
189.2,-1.88598,1.52147,1.67583,-0.384925
189.3,-2.44539,1.56786,1.55899,-0.653196
189.4,-2.95017,1.51613,1.38857,-0.77516
189.5,-3.35808,1.36495,1.17219,-0.533997
189.6,-3.63305,1.12475,0.921399,-0.0454339
189.7,-3.75015,0.816768,0.650856,-0.157052
189.8,-3.69892,0.469904,0.376997,0.0477178
189.9,-3.48457,0.115999,0.116525,-2.44611
190,-3.12663,-0.215195,-0.115117,0.484879
190.1,-2.65557,-0.500219,-0.305023,0.216037
190.2,-2.10805,-0.724358,-0.443681,0.259546
190.3,-1.522,-0.882021,-0.525351,0.513103
190.4,-0.932491,-0.975306,-0.547973,0.768588
190.5,-0.368869,-1.01142,-0.51272,0.676463
190.6,0.14635,-0.999685,-0.423367,-1.89663
190.7,0.597207,-0.948927,-0.285602,0.597216
190.8,0.972923,-0.865526,-0.106434,-2.94977
190.9,1.26598,-0.752487,0.106226,0.41389
191,1.47019,-0.609454,0.343801,-0.037525
191.1,1.57911,-0.433584,0.597089,0.071377
191.2,1.58527,-0.221121,0.856199,-0.270908
191.3,1.48033,0.030523,1.11044,-2.57538
191.4,1.25625,0.320439,1.34829,0.492343
191.5,0.90749,0.641981,1.55753,-1.21909
191.6,0.433963,0.981084,1.72562,-0.37407
191.7,-0.155789,1.31568,1.84043,0.660157
191.8,-0.841779,1.61678,1.89124,0.101576
191.9,-1.59103,1.85152,1.86995,0.773237
192,-2.35809,1.98809,1.77243,-0.262227
192.1,-3.08817,2.00179,1.59956,-0.279401
192.2,-3.7229,1.88093,1.35798,-0.931588
192.3,-4.20789,1.63083,1.05999,-0.520374
192.4,-4.50079,1.27451,0.722823,-0.812645
192.5,-4.57798,0.849559,0.367046,-0.806565
192.6,-4.43819,0.40163,0.0144854,0.0330507
192.7,-4.10234,-0.0236613,-0.314035,-0.706978
192.8,-3.60947,-0.388377,-0.600736,-1.31653
192.9,-3.00998,-0.667501,-0.832372,-1.16626
193,-2.35777,-0.85084,-1.00098,0.885972
193.1,-1.70312,-0.941717,-1.10386,-0.4242
193.2,-1.08735,-0.953405,-1.14291,0.0329284
193.3,-0.540031,-0.904644,-1.12362,-1.81404
193.4,-0.0785593,-0.815408,-1.05379,0.862786
193.5,0.290456,-0.703698,-0.942423,0.363991
193.6,0.568714,-0.58364,-0.798732,-2.08702
193.7,0.763367,-0.464776,-0.631471,0.605906
193.8,0.884352,-0.352273,-0.448515,0.743927
193.9,0.942207,-0.247687,-0.256703,0.0257065
194,0.946536,-0.149985,-0.0618558,-1.12781
194.1,0.905131,-0.0566144,0.131082,-0.261896
194.2,0.823664,0.0355007,0.317837,-0.144233
194.3,0.705852,0.12911,0.494605,-1.3847
194.4,0.553971,0.225952,0.657873,-0.921848
194.5,0.369603,0.326249,0.804316,-0.303191
194.6,0.154506,0.428408,0.930768,0.44725
194.7,-0.0885133,0.528948,1.03428,-1.14923
194.8,-0.354831,0.622672,1.11229,-0.194435
194.9,-0.637462,0.703113,1.16277,0.276754
195,-0.926835,0.763229,1.18457,0.11313
195.1,-1.21098,0.796293,1.17758,0.586925
195.2,-1.47614,0.796869,1.143,-0.22646
195.3,-1.70777,0.761724,1.08347,-0.0779914
195.4,-1.89186,0.690504,1.00304,0.376961
195.5,-2.01633,0.586044,0.907086,-2.53453
195.6,-2.07235,0.454214,0.802055,-2.46479
195.7,-2.05533,0.303322,0.695055,-0.243769
195.8,-1.9655,0.143182,0.593421,-2.37685
195.9,-1.80785,-0.0159749,0.504221,-0.57151
196,-1.59168,-0.164521,0.433806,-2.19056
196.1,-1.32967,-0.294212,0.387415,0.111985
196.2,-1.03679,-0.398607,0.368901,-3.63164
196.3,-0.729191,-0.473108,0.380548,-1.44966
196.4,-0.423281,-0.514697,0.423006,0.190333
196.5,-0.13505,-0.521496,0.495301,0.151967
196.6,0.120326,-0.492333,0.5949,-0.0945196
196.7,0.328666,-0.426458,0.717798,-0.732893
196.8,0.476876,-0.323529,0.858627,0.415749
196.9,0.553104,-0.183944,1.01077,0.0404689
197,0.547118,-0.0094844,1.16651,0.125095
197.1,0.451017,0.195805,1.31719,0.312546
197.2,0.260314,0.424687,1.45355,-0.0601931
197.3,-0.0246818,0.666019,1.5661,-0.112448
197.4,-0.397389,0.904541,1.64568,0.275953
197.5,-0.843695,1.12147,1.68416,0.524821
197.6,-1.34134,1.29606,1.67522,-0.0101247
197.7,-1.86033,1.40814,1.61517,-0.388679
197.8,-2.36469,1.4412,1.50364,0.103204
197.9,-2.81555,1.3856,1.34402,-0.0480926
198,-3.17532,1.24093,1.14357,-0.189408
198.1,-3.41226,1.01702,0.913061,0.0205325
198.2,-3.50464,0.732874,0.665953,0.048894
198.3,-3.44354,0.41398,0.417265,-2.33823
198.4,-3.23376,0.0882726,0.182216,-6.4134
198.5,-2.89269,-0.218111,-0.0251005,-0.421833
198.6,-2.44733,-0.484346,-0.19284,-0.580065
198.7,-1.93025,-0.696965,-0.312174,0.393137
198.8,-1.3755,-0.850175,-0.377638,0.21766
198.9,-0.81498,-0.944644,-0.387088,-0.916239
199,-0.276112,-0.985305,-0.341362,-0.907459
199.1,0.219154,-0.97883,-0.243769,0.652165
199.2,0.654083,-0.931361,-0.0995467,-1.0536
199.3,1.01599,-0.84691,0.0846105,0.381199
199.4,1.29462,-0.72663,0.300874,-0.410359
199.5,1.48057,-0.569015,0.540445,-0.185164
199.6,1.56418,-0.37095,0.793578,-0.186997
199.7,1.53519,-0.129482,1.04953,-1.7915
199.8,1.38338,0.155914,1.29652,-0.765253
199.9,1.10034,0.480884,1.52182,0.211539
200,0.682194,0.834019,1.71208,0.700855
200.1,0.13283,1.19553,1.85388,-0.00303254
200.2,-0.532771,1.5374,1.93475,-0.157796
200.3,-1.28615,1.82567,1.94438,0.533394
200.4,-2.0848,2.02476,1.876,0.568243
200.5,-2.87417,2.10371,1.72772,0.342613
200.6,-3.59265,2.04291,1.50353,-1.20829
200.7,-4.17909,1.83959,1.2136,0.589869
200.8,-4.5815,1.51045,0.873864,-2.91003
200.9,-4.76528,1.09006,0.504617,0.0436362
201,-4.71877,0.625133,0.128513,-0.297241
201.1,-4.45494,0.166127,-0.231868,0.00306827
201.2,-4.00861,-0.241672,-0.556374,-0.415536
201.3,-3.4301,-0.565187,-0.829176,-2.21826
201.4,-2.7769,-0.787188,-1.03991,0.0738873
201.5,-2.10537,-0.906175,-1.18395,0.667432
201.6,-1.46399,-0.933289,-1.262,0.658087
201.7,-0.889195,-0.887639,-1.27899,0.0103034
201.8,-0.403929,-0.791465,-1.24284,0.714928
201.9,-0.0184359,-0.666197,-1.16311,-3.55435
202,0.267467,-0.529873,-1.04985,-1.82027
202.1,0.461439,-0.395945,-0.912687,-0.856423
202.2,0.575665,-0.273164,-0.760225,-0.139614
202.3,0.624305,-0.166172,-0.59974,-1.30835
202.4,0.621571,-0.0764134,-0.437075,-1.29494
202.5,0.580433,-0.00311547,-0.276704,-2.13123
202.6,0.511904,0.0558388,-0.121899,-0.541449
202.7,0.424763,0.103204,0.0250589,-0.715148
202.8,0.325597,0.141855,0.162655,-0.240441
202.9,0.219044,0.17443,0.289934,-0.240898
203,0.108148,0.203113,0.40632,0.176287
203.1,-0.00523912,0.229512,0.511481,-0.493998
203.2,-0.120056,0.254612,0.605225,0.245706
203.3,-0.235662,0.278786,0.687444,0.0735703
203.4,-0.351518,0.301847,0.758084,-0.730465
203.5,-0.466926,0.323132,0.817155,0.394586
203.6,-0.58085,0.341624,0.864748,0.410732
203.7,-0.691808,0.356088,0.901083,-0.305588
203.8,-0.797851,0.365228,0.92655,-0.220457
203.9,-0.89662,0.367853,0.941755,-0.593882
204,-0.985467,0.363032,0.947557,0.264751
204.1,-1.06165,0.350232,0.945084,-0.263766
204.2,-1.12254,0.329418,0.935737,-1.47407
204.3,-1.16589,0.301113,0.921161,0.0238934
204.4,-1.19005,0.266398,0.903199,0.00279659
204.5,-1.19415,0.226866,0.883822,-0.194276
204.6,-1.17828,0.184524,0.865037,0.193243
204.7,-1.14356,0.141665,0.848796,-1.88548
204.8,-1.09211,0.100721,0.836884,-0.541688
204.9,-1.02703,0.0641067,0.830829,0.132121
205,-0.952236,0.0340853,0.831803,0.0411261
205.1,-0.872276,0.0126456,0.840554,0.349501
205.2,-0.792135,0.00140621,0.857354,0.409804
205.3,-0.716987,0.00153975,0.881961,0.0134764
205.4,-0.651949,0.0137115,0.913619,-2.19216
205.5,-0.601837,0.038026,0.951073,0.359627
205.6,-0.57091,0.0739762,0.992611,0.0102116
205.7,-0.562625,0.120397,1.03613,-0.0179734
205.8,-0.579385,0.175428,1.07925,-2.78832
205.9,-0.622313,0.236504,1.11938,-3.23409
206,-0.691036,0.300385,1.15393,0.106767
206.1,-0.78353,0.363252,1.18038,0.391462
206.2,-0.896042,0.420891,1.19655,-1.90486
206.3,-1.02313,0.46895,1.20069,0.52657
206.4,-1.15782,0.503287,1.19167,0.380525
206.5,-1.29198,0.520361,1.16914,-1.01376
206.6,-1.41679,0.51762,1.13359,-0.324876
206.7,-1.52334,0.493849,1.08639,-0.258807
206.8,-1.6034,0.449385,1.0298,0.33806
206.9,-1.65003,0.386185,0.966828,-0.0509211
207,-1.6583,0.30771,0.901077,-3.12957
207.1,-1.62568,0.218636,0.836533,0.401507
207.2,-1.55231,0.124448,0.777302,0.195021
207.3,-1.44105,0.0309624,0.727337,0.0414029
207.4,-1.29722,-0.0561187,0.69018,-0.718551
207.5,-1.12826,-0.131588,0.668732,-4.30971
207.6,-0.943202,-0.190985,0.665066,0.0509729
207.7,-0.752121,-0.23072,0.680293,-0.256374
207.8,-0.565636,-0.248096,0.714488,0.331113
207.9,-0.394426,-0.241272,0.766656,-0.139371
208,-0.248833,-0.209223,0.834748,0.0390817
208.1,-0.138501,-0.151762,0.915713,-0.303655
208.2,-0.0720233,-0.0696446,1.00558,-1.26911
208.3,-0.0565482,0.0352192,1.09961,0.547416
208.4,-0.0973004,0.159493,1.1924,0.493969
208.5,-0.197017,0.298132,1.27818,-0.46851
208.6,-0.355321,0.444204,1.35104,-0.18131
208.7,-0.568116,0.588906,1.40529,-0.244653
208.8,-0.827114,0.72191,1.43587,0.507166
208.9,-1.11967,0.832074,1.43875,-0.826483
209,-1.42906,0.908521,1.41137,-0.093454
209.1,-1.7353,0.941971,1.35304,-1.16869
209.2,-2.01657,0.926128,1.26514,-2.65992
209.3,-2.25107,0.85883,1.15128,-0.446974
209.4,-2.41923,0.742697,1.01714,0.497847
209.5,-2.50572,0.585085,0.870167,-0.83258
209.6,-2.50117,0.397285,0.719043,-0.0483244
209.7,-2.40316,0.193109,0.573057,-0.352067
209.8,-2.21632,-0.0128541,0.441379,-0.478873
209.9,-1.95163,-0.206944,0.332393,-0.613845
210,-1.62502,-0.377751,0.253121,-0.595427
210.1,-1.25561,-0.516845,0.208818,-0.621127
210.2,-0.863991,-0.618821,0.202739,-0.231592
210.3,-0.470718,-0.680807,0.236073,-3.33071
210.4,-0.0953119,-0.701607,0.307998,-2.11328
210.5,0.244215,-0.680802,0.415813,-0.287512
210.6,0.531399,-0.618023,0.555095,-0.405131
210.7,0.75111,-0.512646,0.719843,-0.675286
210.8,0.889324,-0.36399,0.902599,-1.53851
210.9,0.933162,-0.172078,1.09456,-1.70857
211,0.87139,0.0611393,1.28571,0.518654
211.1,0.695535,0.330297,1.46503,-0.286199
211.2,0.40161,0.625169,1.62087,0.66121
211.3,-0.0077412,0.9297,1.7415,0.58079
211.4,-0.52105,1.22199,1.81585,-0.114283
211.5,-1.11634,1.47563,1.83454,0.177807
211.6,-1.76064,1.6626,1.79093,0.439521
211.7,-2.4112,1.75741,1.6822,-0.200077
211.8,-3.01881,1.74198,1.51012,0.269378
211.9,-3.53301,1.60988,1.28155,0.611875
212,-3.9085,1.3689,1.00816,-0.0832873
212.1,-4.11141,1.04085,0.705624,0.276821
212.2,-4.12432,0.658419,0.392231,-1.18272
212.3,-3.94857,0.259708,0.0870688,-0.162397
212.4,-3.60348,-0.118228,-0.191822,0.430597
212.5,-3.12274,-0.445142,-0.429096,0.756537
212.6,-2.54875,-0.701358,-0.61326,0.252109
212.7,-1.92641,-0.878908,-0.737238,-0.673076
212.8,-1.29752,-0.980212,-0.798331,0.739867
212.9,-0.696835,-1.01509,-0.797693,0.563605
213,-0.15007,-0.997096,-0.739506,0.645628
213.1,0.326151,-0.940118,-0.630067,0.82611
213.2,0.722933,-0.855782,-0.47693,-1.24559
213.3,1.03689,-0.751961,-0.288244,-0.713914
213.4,1.26768,-0.632333,-0.0723254,0.108053
213.5,1.41581,-0.496818,0.162537,-0.782831
213.6,1.481,-0.34267,0.408073,0.0519697
213.7,1.46135,-0.166002,0.65591,-0.0878987
213.8,1.35336,0.0364329,0.897399,0.396674
213.9,1.15288,0.265397,1.1235,-0.0663652
214,0.856702,0.517476,1.32478,0.419756
214.1,0.464851,0.783797,1.49164,-0.290097
214.2,-0.0169877,1.04951,1.61474,0.531967
214.3,-0.57525,1.29436,1.68569,-0.994939
214.4,-1.18706,1.49452,1.6979,-1.04239
214.5,-1.82013,1.62577,1.64756,-0.381295
214.6,-2.43447,1.66758,1.53449,0.620895
214.7,-2.98584,1.60729,1.36276,-0.0415981
214.8,-3.43082,1.44345,1.14088,-1.03007
214.9,-3.73246,1.18727,0.881392,0.212304
215,-3.8656,0.861592,0.600018,-1.22289
215.1,-3.82045,0.497351,0.314233,-0.102933
215.2,-3.60384,0.128501,0.0416602,-0.371762
215.3,-3.23769,-0.213514,-0.201538,0.425445
215.4,-2.75527,-0.504286,-0.401996,0.740415
215.5,-2.19598,-0.72903,-0.550028,0.212255
215.6,-1.60011,-0.882913,-0.639977,0.0725554
215.7,-1.00429,-0.96943,-0.67006,0.606354
215.8,-0.438555,-0.997562,-0.641847,-2.45336
215.9,0.0748828,-0.978582,-0.559522,-2.32207
216,0.521245,-0.923226,-0.429113,0.408885
216.1,0.891714,-0.839666,-0.257808,-0.992881
216.2,1.18135,-0.732478,-0.0534664,-1.04574
216.3,1.38695,-0.60256,0.175661,0.196425
216.4,1.5053,-0.44786,0.421017,0.0628392
216.5,1.53206,-0.26474,0.67367,0.279766
216.6,1.46155,-0.0497759,0.924188,-0.0732573
216.7,1.28746,0.1982,1.16253,-0.831349
216.8,1.00448,0.476069,1.37805,0.55863
216.9,0.610686,0.774748,1.55972,-0.191539
217,0.110312,1.07826,1.69662,0.307
217.1,-0.483574,1.36401,1.77866,0.705748
217.2,-1.14714,1.60465,1.79757,-0.178903
217.3,-1.84532,1.77152,1.74806,0.474115
217.4,-2.53338,1.83944,1.62884,-0.227679
217.5,-3.16078,1.79188,1.44341,0.663179
217.6,-3.67689,1.62524,1.2004,-1.07633
217.7,-4.03783,1.35107,0.913218,-0.171868
217.8,-4.21293,0.995124,0.599048,-0.3588
217.9,-4.18936,0.593398,0.277277,-0.917851
218,-3.97393,0.185969,-0.0324083,-0.465078
218.1,-3.59145,-0.189821,-0.311926,0.687078
218.2,-3.08028,-0.50505,-0.546401,0.100019
218.3,-2.48614,-0.74254,-0.725215,0.099251
218.4,-1.85556,-0.897363,-0.842419,-1.2338
218.5,-1.23039,-0.97493,-0.896517,0.830661
218.6,-0.644083,-0.987566,-0.889803,0.166357
218.7,-0.120165,-0.95068,-0.827424,0.770242
218.8,0.327462,-0.87938,-0.716388,-2.93872
218.9,0.692823,-0.78606,-0.56468,0.411113
219,0.975472,-0.679119,-0.380584,-0.608197
219.1,1.17796,-0.562697,-0.172258,-1.7451
219.2,1.30364,-0.437197,0.0524491,-1.43129
219.3,1.35502,-0.300347,0.285995,-0.0830347
219.4,1.33294,-0.148579,0.521007,-0.570168
219.5,1.23644,0.0214515,0.750104,-0.675982
219.6,1.06343,0.211331,0.965744,-0.454708
219.7,0.811966,0.419508,1.16017,-1.82108
219.8,0.482027,0.640232,1.32552,-0.629831
219.9,0.077452,0.863029,1.45408,-0.601058
220,-0.392188,1.07295,1.53883,-0.2186
220.1,-0.910256,1.25174,1.57402,0.703848
220.2,-1.45263,1.38002,1.55596,0.0381738
220.3,-1.98858,1.44016,1.4837,-0.366528
220.4,-2.48296,1.4195,1.35963,0.0728755
220.5,-2.89975,1.31319,1.1897,0.33645
220.6,-3.20631,1.12581,0.983363,-1.03206
220.7,-3.37762,0.871474,0.752962,-0.469404
220.8,-3.39969,0.571901,0.512829,0.143436
220.9,-3.27141,0.253136,0.278051,0.28642
221,-3.00439,-0.0585097,0.0631841,-1.177
221.1,-2.62093,-0.340257,-0.118937,-2.1109
221.2,-2.15062,-0.575558,-0.258103,0.471762
221.3,-1.62636,-0.755223,-0.347263,-4.14407
221.4,-1.08053,-0.876954,-0.382659,-3.62761
221.5,-0.542226,-0.943656,-0.363626,-0.101884
221.6,-0.0355761,-0.961123,-0.292166,0.685167
221.7,0.420559,-0.935693,-0.17243,-0.734908
221.8,0.811868,-0.872367,-0.0102184,-0.701013
221.9,1.12721,-0.773674,0.18741,0.185373
222,1.35703,-0.63941,0.412373,-0.10558
222.1,1.49206,-0.467234,0.655657,-0.343386
222.2,1.5225,-0.254033,0.907298,-0.112319
222.3,1.43824,0.00212719,1.15633,0.412857
222.4,1.22993,0.299702,1.39081,-1.81761
222.5,0.891176,0.631379,1.59796,-0.248665
222.6,0.421434,0.982315,1.76467,0.774204
222.7,-0.170742,1.32947,1.87816,-0.264871
222.8,-0.864834,1.64264,1.92711,-0.134172
222.9,-1.62677,1.88762,1.90291,-0.171326
223,-2.40947,2.03125,1.80105,0.727261
223.1,-3.15607,2.04779,1.62222,-0.339782
223.2,-3.80596,1.92508,1.37306,-0.843188
223.3,-4.30269,1.6687,1.06615,0.502742
223.4,-4.60238,1.3028,0.719115,0.117608
223.5,-4.68068,0.866694,0.353076,-0.417067
223.6,-4.53662,0.408042,-0.00958253,0.496661
223.7,-4.19229,-0.0256802,-0.34755,-0.713871
223.8,-3.68859,-0.395184,-0.642715,0.790507
223.9,-3.07803,-0.674818,-0.881702,-1.67748
224,-2.41659,-0.854488,-1.05663,0.914572
224.1,-1.75622,-0.938202,-1.16507,0.85123
224.2,-1.13932,-0.940286,-1.20934,0.618107
224.3,-0.595896,-0.880682,-1.19539,-1.03964
224.4,-0.143164,-0.780558,-1.13155,0.101157
224.5,0.212978,-0.659019,-1.02726,0.879657
224.6,0.475368,-0.53118,-0.892088,0.104751
224.7,0.65264,-0.407483,-0.735024,-0.521518
224.8,0.756481,-0.293924,-0.564008,0.683729
224.9,0.799389,-0.192823,-0.385758,-0.755359
225,0.79309,-0.103819,-0.205769,-2.10193
225.1,0.747575,-0.0248704,-0.0284449,-2.17747
225.2,0.670692,0.0468555,0.142703,0.18344
225.3,0.568152,0.114258,0.30484,-1.87899
225.4,0.443841,0.179752,0.455609,-2.29286
225.5,0.300326,0.244883,0.592969,-0.858873
225.6,0.139453,0.310085,0.715096,-0.0240992
225.7,-0.0370197,0.374586,0.820339,-0.652005
225.8,-0.226848,0.436443,0.907246,0.452262
225.9,-0.426827,0.492716,0.97463,-0.619729
226,-0.632473,0.539769,1.02169,0.516266
226.1,-0.837916,0.573686,1.04814,-0.122483
226.2,-1.03601,0.590755,1.05435,0.429184
226.3,-1.21867,0.587988,1.04145,-0.950565
226.4,-1.37744,0.563585,1.01141,-1.22618
226.5,-1.50418,0.517287,0.967033,-1.36642
226.6,-1.59179,0.450558,0.911884,-0.155286
226.7,-1.63497,0.366549,0.85016,-0.132072
226.8,-1.6308,0.269853,0.786471,-0.109584
226.9,-1.57907,0.166093,0.725587,0.0671849
227,-1.48243,0.0614156,0.672156,0.299705
227.1,-1.3462,-0.0380324,0.630424,-0.00585859
227.2,-1.17805,-0.126547,0.603983,0.000362088
227.3,-0.987445,-0.199182,0.595564,-0.732354
227.4,-0.785092,-0.251915,0.606886,-0.795128
227.5,-0.58236,-0.281666,0.638558,0.179325
227.6,-0.390782,-0.286243,0.690042,-0.803342
227.7,-0.221643,-0.264255,0.759653,0.0488979
227.8,-0.0856289,-0.215081,0.844608,-0.804488
227.9,0.00749333,-0.138935,0.941096,-3.80009
228,0.0492273,-0.0370653,1.04439,-0.175776
228.1,0.0327895,0.0879385,1.149,-0.0490811
228.2,-0.0463275,0.23178,1.24886,0.577554
228.3,-0.189677,0.38813,1.33759,-0.0387416
228.4,-0.395124,0.548473,1.40885,-0.38876
228.5,-0.656182,0.70226,1.45671,-0.0917875
228.6,-0.961572,0.837471,1.47613,0.240109
228.7,-1.29521,0.941636,1.46344,-0.485059
228.8,-1.63679,1.00325,1.41682,-2.76088
228.9,-1.96301,1.01336,1.3366,-0.891903
229,-2.24946,0.967138,1.22554,-0.709023
229.1,-2.47299,0.864896,1.08881,0.443363
229.2,-2.61412,0.71249,0.933698,0.31953
229.3,-2.65929,0.520768,0.769191,-3.47914
229.4,-2.6023,0.304219,0.605255,-1.45602
229.5,-2.44496,0.0790546,0.452084,-0.0135616
229.6,-2.19662,-0.138863,0.319303,-0.0487764
229.7,-1.87281,-0.335794,0.21528,-0.194524
229.8,-1.49338,-0.501278,0.146597,-1.14848
229.9,-1.08038,-0.628487,0.117723,-0.118021
230,-0.656179,-0.713857,0.130893,-0.524194
230.1,-0.242126,-0.756173,0.186147,-0.537787
230.2,0.142237,-0.75545,0.281476,-1.21797
230.3,0.479319,-0.711901,0.413017,-0.749606
230.4,0.753207,-0.625275,0.575232,0.124084
230.5,0.949231,-0.494734,0.761062,0.355917
230.6,1.05367,-0.319358,0.962025,-0.337978
230.7,1.05386,-0.0992504,1.16832,0.338238
230.8,0.938956,0.162911,1.36896,-0.775138
230.9,0.70138,0.460129,1.55202,0.528897
231,0.338978,0.779572,1.70506,0.266017
231.1,-0.142502,1.10177,1.81583,-1.62481
231.2,-0.727057,1.40109,1.87311,-0.239854
231.3,-1.3869,1.64782,1.8679,-2.39883
231.4,-2.0825,1.81196,1.79453,0.426195
231.5,-2.76478,1.86834,1.65183,0.677712
231.6,-3.37958,1.80186,1.44383,-0.0589465
231.7,-3.87405,1.61174,1.17994,-0.592474
231.8,-4.20386,1.31319,0.874522,-0.491507
231.9,-4.33976,0.935807,0.545653,0.0781485
232,-4.27191,0.518822,0.213385,-0.410933
232.1,-4.01108,0.104277,-0.102276,-1.00701
232.2,-3.58621,-0.270065,-0.383348,-1.08462
232.3,-3.03927,-0.576313,-0.615443,-1.28218
232.4,-2.41845,-0.799336,-0.788741,0.0186929
232.5,-1.77145,-0.936699,-0.898268,-1.95582
232.6,-1.13995,-0.99619,-0.943558,-0.184854
232.7,-0.556281,-0.992025,-0.927864,0.862755
232.8,-0.0421706,-0.94084,-0.857144,-1.73697
232.9,0.390514,-0.85833,-0.739021,0.805778
233,0.737796,-0.756992,-0.581894,0.497554
233.1,1.00101,-0.645036,-0.394267,0.0361013
233.2,1.18419,-0.526302,-0.18436,-0.684824
233.3,1.29189,-0.400932,0.0400559,0.399476
233.4,1.32764,-0.266499,0.271622,-0.767376
233.5,1.29309,-0.119399,0.503242,-0.513022
233.6,1.18809,0.0436735,0.727894,0.0328306
233.7,1.01126,0.224281,0.938466,-0.215308
233.8,0.761295,0.420976,1.12771,0.400675
233.9,0.438643,0.628362,1.2883,-0.040514
234,0.0473237,0.83666,1.41314,0.450473
234.1,-0.403352,1.03199,1.49578,0.675156
234.2,-0.897579,1.19752,1.53101,-0.587187
234.3,-1.41271,1.31542,1.51556,0.214726
234.4,-1.92006,1.36956,1.44872,0.261927
234.5,-2.387,1.34836,1.33289,0.494814
234.6,-2.78013,1.24737,1.17379,-0.606498
234.7,-3.06917,1.07077,0.980342,-0.369349
234.8,-3.23082,0.831346,0.764209,0.0550641
234.9,-3.25186,0.548914,0.538879,0.108237
235,-3.13091,0.247318,0.318583,-0.662785
235.1,-2.87827,-0.0491737,0.117098,-1.47454
235.2,-2.51423,-0.319296,-0.0533498,-3.7887
235.3,-2.066,-0.547258,-0.182938,-1.53642
235.4,-1.56416,-0.723827,-0.264763,-1.74696
235.5,-1.03921,-0.845977,-0.295002,0.591657
235.6,-0.518975,-0.91543,-0.272767,0.691538
235.7,-0.0270845,-0.936588,-0.199747,0.62265
235.8,0.417402,-0.914431,-0.0797682,-0.288954
235.9,0.799386,-0.852798,0.0816466,-4.48292
236,1.10653,-0.753376,0.277613,0.126317
236.1,1.32792,-0.615504,0.500094,-0.0151938
236.2,1.45287,-0.43682,0.739982,0.262538
236.3,1.47048,-0.214658,0.98709,-0.202624
236.4,1.36994,0.0519713,1.23014,0.409093
236.5,1.14183,0.360088,1.45682,0.688882
236.6,0.7805,0.700525,1.65406,-0.0472351
236.7,0.287015,1.05633,1.80851,-0.108734
236.8,-0.327603,1.40243,1.90741,0.473364
236.9,-1.03973,1.70704,1.93972,0.817888
237,-1.81195,1.93536,1.89744,0.696318
237.1,-2.59418,2.05496,1.77698,-1.9319
237.2,-3.32758,2.04236,1.58023,-0.754847
237.3,-3.95112,1.88894,1.31514,0.574677
237.4,-4.40987,1.60454,0.995518,0.0513576
237.5,-4.66334,1.21733,0.64003,-4.72459
237.6,-4.69192,0.769555,0.270374,0.170669
237.7,-4.49994,0.31007,-0.0909771,0.570004
237.8,-4.11437,-0.114399,-0.423142,0.631119
237.9,-3.57973,-0.466903,-0.708871,-0.46954
238,-2.95049,-0.725033,-0.935933,-0.883011
238.1,-2.2828,-0.882048,-1.09769,0.693682
238.2,-1.62724,-0.94476,-1.19291,-0.176433
238.3,-1.02388,-0.929375,-1.2249,-0.564805
238.4,-0.499972,-0.856714,-1.20035,0.591825
238.5,-0.0700227,-0.747987,-1.12804,0.925692
238.6,0.26239,-0.621773,-1.01761,0.920282
238.7,0.501873,-0.492384,-0.878661,-1.26025
238.8,0.658267,-0.369422,-0.720011,0.857335
238.9,0.743968,-0.258159,-0.549364,-1.44347
239,0.771821,-0.160383,-0.373145,0.578725
239.1,0.75366,-0.075406,-0.196532,-0.231522
239.2,0.699465,-0.00103431,-0.0236112,0.361688
239.3,0.617032,0.0655901,0.142422,-0.418464
239.4,0.51203,0.127328,0.299045,-1.89728
239.5,0.388333,0.186553,0.444207,-0.0458435
239.6,0.248502,0.244815,0.576175,0.199498
239.7,0.0943605,0.302646,0.69343,-0.487299
239.8,-0.0724346,0.35949,0.794624,0.363878
239.9,-0.249862,0.413751,0.878588,0.436522
240,-0.435112,0.462952,0.94439,-0.153784
240.1,-0.624303,0.504005,0.991433,-1.61554
240.2,-0.812375,0.533562,1.01957,-0.411279
240.3,-0.993181,0.548442,1.0292,0.518185
240.4,-1.15977,0.546055,1.0214,-0.270658
240.5,-1.30485,0.52481,0.997962,0.504287
240.6,-1.42136,0.484411,0.961386,-0.0446699
240.7,-1.50314,0.426027,0.914849,-0.674462
240.8,-1.54551,0.352274,0.862074,-2.82999
240.9,-1.5458,0.267036,0.807152,-0.0371534
241,-1.50369,0.175138,0.75433,-0.165322
241.1,-1.42133,0.0819274,0.707759,0.198629
241.2,-1.30323,-0.00715596,0.671258,-0.0888881
241.3,-1.15604,-0.0869706,0.648084,-3.65804
241.4,-0.988058,-0.152964,0.640744,0.198822
241.5,-0.808784,-0.201345,0.65085,-0.0378222
241.6,-0.628426,-0.22915,0.679023,-0.944653
241.7,-0.457428,-0.234232,0.724852,0.0616642
241.8,-0.306072,-0.215227,0.786883,-1.30082
241.9,-0.184123,-0.171548,0.862657,-0.550238
242,-0.100495,-0.103457,0.948779,-1.00169
242.1,-0.0628945,-0.0122239,1.04102,-0.0605164
242.2,-0.0773987,0.099633,1.13446,-0.0125238
242.3,-0.147949,0.228067,1.22367,-1.0674
242.4,-0.275769,0.367273,1.30296,-0.196197
242.5,-0.458756,0.509603,1.36667,0.640448
242.6,-0.69095,0.645733,1.40956,0.378109
242.7,-0.962211,0.765169,1.42718,0.675198
242.8,-1.25826,0.857119,1.41629,-0.254369
242.9,-1.5612,0.911665,1.37529,0.487465
243,-1.8506,0.921095,1.3045,0.636051
243.1,-2.10509,0.881154,1.20634,-0.0487215
243.2,-2.30434,0.791941,1.08533,-1.18344
243.3,-2.43114,0.658226,0.94789,-0.129746
243.4,-2.47324,0.489052,0.80193,-0.0151609
243.5,-2.42469,0.29667,0.656272,-1.95621
243.6,-2.28642,0.094998,0.51999,-0.0104754
243.7,-2.06593,-0.102071,0.401734,-0.574258
243.8,-1.77632,-0.282159,0.309112,0.262604
243.9,-1.43473,-0.435428,0.248206,0.304976
244,-1.06066,-0.554968,0.22325,0.0681508
244.1,-0.674367,-0.636599,0.23648,-0.486594
244.2,-0.295614,-0.678218,0.288123,0.130644
244.3,0.0570282,-0.678943,0.376485,-1.27853
244.4,0.366474,-0.63832,0.498087,0.0824735
244.5,0.617038,-0.555816,0.647816,-2.09001
244.6,0.794236,-0.430763,0.819048,-0.917868
244.7,0.884693,-0.262827,1.00377,-0.0254578
244.8,0.876418,-0.0529799,1.19269,0.23505
244.9,0.759605,0.195169,1.37543,0.318292
245,0.52803,0.473919,1.54078,0.190408
245.1,0.180969,0.770286,1.67718,-0.291549
245.2,-0.274657,1.0655,1.77335,-0.450633
245.3,-0.822354,1.33563,1.81917,-1.00952
245.4,-1.43496,1.5537,1.8067,-2.90797
245.5,-2.075,1.69311,1.73125,-1.3939
245.6,-2.6969,1.7322,1.5923,-1.16853
245.7,-3.25124,1.65871,1.39413,-1.1006
245.8,-3.69046,1.47322,1.1459,-0.995338
245.9,-3.97524,1.19038,0.861197,0.366551
246,-4.08005,0.837229,0.556871,0.111116
246.1,-3.99687,0.44889,0.251474,-0.143502
246.2,-3.73589,0.0626597,-0.0365578,-1.75051
246.3,-3.32337,-0.288093,-0.29064,-0.848136
246.4,-2.79702,-0.578653,-0.497432,-1.77252
246.5,-2.20004,-0.795367,-0.64769,-2.41847
246.6,-1.57537,-0.935508,-0.736523,-0.891897
246.7,-0.960899,-1.0051,-0.763113,-2.93903
246.8,-0.386605,-1.01557,-0.730052,-1.45915
246.9,0.12642,-0.980256,-0.642485,-1.24868
247,0.565273,-0.911396,-0.507247,0.78913
247.1,0.923415,-0.818153,-0.332126,-0.176362
247.2,1.19833,-0.705673,-0.12534,-0.454756
247.3,1.38923,-0.575136,0.104741,-0.337374
247.4,1.49513,-0.42458,0.349674,0.190385
247.5,1.51374,-0.250296,0.600859,-2.3643
247.6,1.44114,-0.0485892,0.849382,-0.19272
247.7,1.27242,0.18228,1.08588,0.365128
247.8,1.00319,0.440204,1.30051,-2.60902
247.9,0.631704,0.71765,1.4831,-0.137987
248,0.161513,1.00077,1.62355,0.734514
248.1,-0.396079,1.26955,1.71248,0.652601
248.2,-1.0201,1.49934,1.74211,0.742069
248.3,-1.67932,1.66387,1.70728,-0.865384
248.4,-2.3334,1.73942,1.60641,-0.509775
248.5,-2.93612,1.70944,1.44231,-4.17276
248.6,-3.44037,1.56866,1.22248,-1.73391
248.7,-3.80423,1.32532,0.958928,-0.198817
248.8,-3.99698,1.00084,0.667352,0.074667
248.9,-4.0036,0.62669,0.365756,-0.242767
249,-3.82686,0.239157,0.0727632,0.451809
249.1,-3.48649,-0.126755,-0.194147,-1.54094
249.2,-3.01556,-0.442677,-0.420174,-1.56488
249.3,-2.45513,-0.690319,-0.594273,-4.11967
249.4,-1.8484,-0.862426,-0.70966,0.388414
249.5,-1.23544,-0.961464,-0.763753,-2.26526
249.6,-0.649574,-0.996759,-0.757661,0.373721
249.7,-0.115535,-0.981035,-0.695405,-1.88129
249.8,0.350505,-0.927209,-0.583043,-1.98326
249.9,0.739594,-0.845961,-0.427875,0.511381
250,1.04787,-0.744356,-0.237821,-1.23329
250.1,1.27424,-0.625449,-0.0210312,-0.477386
250.2,1.41827,-0.488762,0.214284,-1.50761
250.3,1.47869,-0.331378,0.459838,-0.871844
250.4,1.4527,-0.14949,0.707143,-2.09154
250.5,1.33608,0.0597998,0.947357,-4.43132
250.6,1.12424,0.296624,1.17118,0.0960125
250.7,0.813992,0.556649,1.36892,0.606305
250.8,0.405837,0.829843,1.53071,-0.061966
250.9,-0.0935038,1.10006,1.64704,0.61788
251,-0.668913,1.34579,1.70946,-1.37938
251.1,-1.29557,1.54223,1.71154,-0.597205
251.2,-1.93912,1.66477,1.64978,0.745317
251.3,-2.55762,1.69322,1.52454,0.0451894
251.4,-3.10551,1.61611,1.34061,-0.793123
251.5,-3.53887,1.43391,1.10727,-0.00769256
251.6,-3.82137,1.16018,0.83788,-4.24523
251.7,-3.92949,0.820021,0.548827,0.0812282
251.8,-3.85594,0.446184,0.258057,0.212089
251.9,-3.61045,0.0735532,-0.016612,-0.413447
252,-3.2178,-0.266467,-0.259115,-1.19801
252.1,-2.71356,-0.550369,-0.456446,-3.14839
252.2,-2.1387,-0.764842,-0.599474,0.0542311
252.3,-1.53411,-0.90673,-0.683201,0.106528
252.4,-0.936204,-0.981072,-0.706527,0.699466
252.5,-0.374163,-0.998048,-0.671647,-1.22358
252.6,0.131032,-0.969699,-0.583263,0.432673
252.7,0.565989,-0.907119,-0.447788,0.643493
252.8,0.923236,-0.818543,-0.27266,0.41102
252.9,1.19903,-0.70844,-0.0658575,0.392662
253,1.39121,-0.577554,0.16436,-4.30443
253.1,1.49739,-0.42371,0.409519,-0.527473
253.2,1.51398,-0.243221,0.660854,-0.0732517
253.3,1.43595,-0.0326716,0.909163,-1.43273
253.4,1.25758,0.209091,1.1447,0.563476
253.5,0.974121,0.479018,1.35717,-2.01562
253.6,0.584044,0.768272,1.53596,-0.061831
253.7,0.0917762,1.06139,1.67057,0.746443
253.8,-0.489757,1.33661,1.75133,-0.0383567
253.9,-1.13731,1.56765,1.7704,0.69418
254,-1.81692,1.7271,1.72279,-2.27785
254.1,-2.48541,1.79092,1.60738,-0.077412
254.2,-3.09411,1.74334,1.4277,-0.124102
254.3,-3.59434,1.58098,1.19218,0.488731
254.4,-3.94388,1.31482,0.91387,0.184123
254.5,-4.11314,0.969382,0.609436,-0.886442
254.6,-4.08957,0.579003,0.297691,-0.136544
254.7,-3.87937,0.181956,-0.00223721,0.200565
254.8,-3.50601,-0.185948,-0.272729,-0.688835
254.9,-3.00603,-0.496779,-0.49921,0.586816
255,-2.42318,-0.733677,-0.671171,0.62202
255.1,-1.80223,-0.891391,-0.78258,-1.16072
255.2,-1.18372,-0.974514,-0.831708,0.882724
255.3,-0.60037,-0.99426,-0.820507,-4.87732
255.4,-0.0756159,-0.964814,-0.753745,0.523379
255.5,0.376142,-0.900074,-0.638071,-1.71089
255.6,0.747921,-0.811319,-0.481188,-1.69522
255.7,1.03786,-0.705945,-0.291218,-0.172181
255.8,1.24679,-0.587217,-0.0763169,0.570605
255.9,1.37611,-0.454816,0.155487,-0.626269
256,1.42628,-0.305963,0.396268,-1.65295
256.1,1.39612,-0.136904,0.638068,-0.0377763
256.2,1.28284,0.055415,0.872723,-0.913573
256.3,1.08301,0.271649,1.09175,-0.279216
256.4,0.794096,0.508525,1.28635,-0.385547
256.5,0.416545,0.757724,1.44761,0.469936
256.6,-0.0439487,1.00546,1.56689,-0.588563
256.7,-0.574444,1.23305,1.63648,-1.61341
256.8,-1.15348,1.41862,1.65037,0.733205
256.9,-1.75103,1.54001,1.60516,0.195952
257,-2.33002,1.5784,1.50078,-0.604196
257.1,-2.84956,1.52211,1.34113,0.353762
257.2,-3.26944,1.36958,1.1342,0.0582479
257.3,-3.55528,1.13069,0.891725,-0.373154
257.4,-3.68333,0.825895,0.628416,-0.19232
257.5,-3.64378,0.483166,0.360663,-0.191509
257.6,-3.44201,0.133476,0.105083,-1.58128
257.7,-3.09734,-0.194122,-0.122963,-1.50131
257.8,-2.63976,-0.476612,-0.310614,-1.63496
257.9,-2.10533,-0.69945,-0.448352,0.267268
258,-1.53148,-0.856993,-0.53037,-0.889299
258.1,-0.952792,-0.951162,-0.554493,-1.68802
258.2,-0.398349,-0.988947,-0.521744,-0.945523
258.3,0.109522,-0.979537,-0.435722,0.475574
258.4,0.554981,-0.931713,-0.301926,0.701339
258.5,0.927375,-0.85196,-0.127165,0.549849
258.6,1.21938,-0.7435,0.0808678,-1.23046
258.7,1.42509,-0.606253,0.313835,-0.107678
258.8,1.53847,-0.437631,0.56281,0.0731762
258.9,1.5525,-0.234013,0.818218,-0.201519
259,1.45926,0.0072861,1.06973,-0.473046
259.1,1.25097,0.285795,1.30623,0.282067
259.2,0.922024,0.595715,1.5159,-1.26387
259.3,0.471757,0.924244,1.68658,0.566394
259.4,-0.0924865,1.2509,1.80644,-0.914941
259.5,-0.752591,1.54835,1.86488,0.525624
259.6,-1.47802,1.78516,1.85373,-0.245873
259.7,-2.22607,1.93028,1.76851,0.744853
259.8,-2.94456,1.95878,1.6095,-0.0876926
259.9,-3.5771,1.85756,1.38246,-0.881484
260,-4.07012,1.62944,1.09874,-0.211445
260.1,-4.3807,1.29433,0.774542,0.3644
260.2,-4.48314,0.886699,0.429563,-0.109669
260.3,-4.37298,0.449725,0.085025,-0.92364
260.4,-4.06733,0.0277062,-0.238497,-0.220554
260.5,-3.60146,-0.34141,-0.523088,-0.0766568
260.6,-3.02266,-0.631435,-0.75502,-1.17713
260.7,-2.38281,-0.830248,-0.925588,0.751194
260.8,-1.7313,-0.938977,-1.0312,-0.870221
260.9,-1.10973,-0.968848,-1.07286,0.569375
261,-0.548778,-0.936957,-1.05518,-3.96717
261.1,-0.0675027,-0.862108,-0.985282,0.464848
261.2,0.325516,-0.761539,-0.871634,-0.73531
261.3,0.629903,-0.648873,-0.723139,0.707698
261.4,0.850731,-0.533263,-0.548442,-1.58667
261.5,0.99587,-0.41949,-0.355517,-1.68304
261.6,1.07379,-0.308673,-0.151507,-0.608161
261.7,1.09202,-0.199325,0.0572545,0.303173
261.8,1.05627,-0.0885107,0.265101,-2.10783
261.9,0.97017,0.0270057,0.466832,0.116976
262,0.835631,0.149729,0.657521,-1.85054
262.1,0.653537,0.280557,0.832373,0.345792
262.2,0.424786,0.418124,0.986672,0.279935
262.3,0.151472,0.558428,1.11584,-0.081799
262.4,-0.161953,0.694798,1.21563,-0.617367
262.5,-0.507716,0.818299,1.28237,-1.36665
262.6,-0.874145,0.91857,1.31339,0.460528
262.7,-1.24565,0.985071,1.30737,-0.199206
262.8,-1.60336,1.00859,1.26472,0.619532
262.9,-1.92648,0.982814,1.18785,-0.344734
263,-2.19413,0.905563,1.08127,-2.10919
263.1,-2.38755,0.779565,0.951501,-0.379407
263.2,-2.49226,0.612403,0.806726,0.331546
263.3,-2.4998,0.415681,0.656296,-4.32743
263.4,-2.40871,0.203547,0.510061,-0.112745
263.5,-2.22463,-0.00914215,0.377661,0.00279009
263.6,-1.95957,-0.208587,0.26784,-0.154672
263.7,-1.63039,-0.383418,0.187888,-4.46695
263.8,-1.25703,-0.525414,0.143236,-0.662191
263.9,-0.860664,-0.629527,0.137248,-0.256823
264,-0.462174,-0.693315,0.171173,0.294557
264.1,-0.0811781,-0.716032,0.244228,-1.45077
264.2,0.264425,-0.697637,0.353755,-0.0990634
264.3,0.558427,-0.638014,0.495392,0.00016349
264.4,0.786006,-0.536605,0.663226,0.0593462
264.5,0.933398,-0.392567,0.849919,0.302331
264.6,0.987814,-0.205505,1.0468,-0.253567
264.7,0.937846,0.0233048,1.244,-0.335497
264.8,0.774486,0.289385,1.43059,0.0355225
264.9,0.492805,0.583525,1.59495,0.33626
265,0.0941101,0.890657,1.72524,-0.382686
265.1,-0.41176,1.18963,1.81018,-1.12196
265.2,-1.00456,1.45434,1.83998,-0.222079
265.3,-1.65286,1.65634,1.80741,-1.18654
265.4,-2.31494,1.76901,1.70894,0.204267
265.5,-2.94178,1.7724,1.54559,-0.36564
265.6,-3.48211,1.65777,1.32347,-1.99324
265.7,-3.88876,1.43062,1.05364,-0.583172
265.8,-4.12519,1.11096,0.751411,0.317271
265.9,-4.17091,0.730604,0.43498,-1.35849
266,-4.02431,0.327828,0.123661,-0.293764
266.1,-3.70241,-0.0591106,-0.164021,-1.25517
266.2,-3.23754,-0.398099,-0.412044,0.755855
266.3,-2.67185,-0.667394,-0.608165,0.218002
266.4,-2.05093,-0.857198,-0.744576,0.53543
266.5,-1.41796,-0.968668,-0.817957,-1.76281
266.6,-0.809383,-1.01105,-0.828992,-0.328039
266.7,-0.252539,-0.998012,-0.781568,-0.917606
266.8,0.234659,-0.944056,-0.681831,0.845355
266.9,0.642534,-0.861766,-0.537287,-1.06083
267,0.967482,-0.760101,-0.356092,-0.11728
267.1,1.20948,-0.643782,-0.146557,0.566947
267.2,1.36979,-0.513592,0.0830826,0.438909
267.3,1.44915,-0.367353,0.324705,-0.594776
267.4,1.44674,-0.201343,0.570189,0.197866
267.5,1.36005,-0.011993,0.811245,-2.07254
267.6,1.18547,0.202344,1.03927,-0.0416504
267.7,0.919784,0.439717,1.2453,0.536203
267.8,0.562145,0.69324,1.42016,-3.75818
267.9,0.116424,0.950385,1.55479,-0.0932835
268,-0.406577,1.19322,1.64086,-0.853962
268.1,-0.987502,1.3998,1.67153,-0.362221
268.2,-1.59795,1.54688,1.64236,0.535219
268.3,-2.20156,1.61348,1.55216,0.706571
268.4,-2.75682,1.58496,1.40366,-0.35543
268.5,-3.22145,1.45644,1.20382,0.59246
268.6,-3.55768,1.23482,0.96366,-1.43785
268.7,-3.73747,0.938504,0.697516,-0.0151029
268.8,-3.74648,0.594833,0.421876,-0.597986
268.9,-3.58608,0.23565,0.153883,-0.800181
269,-3.27267,-0.107876,-0.0902264,0.480812
269.1,-2.8348,-0.409907,-0.296494,0.703537
269.2,-2.30863,-0.653023,-0.45424,0.64831
269.3,-1.7329,-0.829234,-0.55657,-0.0397693
269.4,-1.14434,-0.939011,-0.600397,-1.04222
269.5,-0.574385,-0.988918,-0.586066,0.0763654
269.6,-0.0474679,-0.988639,-0.516717,-1.00386
269.7,0.419073,-0.948126,-0.397578,0.517928
269.8,0.813889,-0.875403,-0.235298,-3.56052
269.9,1.12978,-0.77528,-0.0374336,0.399082
270,1.36167,-0.649027,0.187859,-0.514687
270.1,1.5048,-0.494915,0.431944,0.0112105
270.2,1.55355,-0.309466,0.685674,0.251411
270.3,1.50112,-0.0892384,0.939282,-1.7239
270.4,1.34015,0.167062,1.18228,-0.617737
270.5,1.06432,0.456419,1.40348,0.410251
270.6,0.670779,0.769634,1.59121,0.458194
270.7,0.163074,1.09022,1.73382,-1.30351
270.8,-0.445979,1.39452,1.82044,-1.44999
270.9,-1.13214,1.65357,1.84204,-1.3639
271,-1.85908,1.83667,1.79264,0.782211
271.1,-2.57992,1.91648,1.67042,-0.136339
271.2,-3.24121,1.87466,1.47864,0.688665
271.3,-3.78901,1.70664,1.22597,-0.964953
271.4,-4.17624,1.42412,0.926203,-0.0177424
271.5,-4.36974,1.05428,0.597199,-1.68599
271.6,-4.35536,0.635571,0.259208,-0.544599
271.7,-4.14,0.210988,-0.067152,0.0983314
271.8,-3.74995,-0.179316,-0.362953,0.735999
271.9,-3.22612,-0.504292,-0.612674,-3.758
272,-2.61728,-0.745658,-0.805343,-0.334157
272.1,-1.973,-0.898476,-0.934956,-0.474059
272.2,-1.33764,-0.969081,-1.00025,-1.4496
272.3,-0.746317,-0.971381,-1.00396,0.456019
272.4,-0.223204,-0.922714,-0.951801,0.759656
272.5,0.218151,-0.840222,-0.851341,0.870616
272.6,0.573059,-0.738285,-0.711059,0.714333
272.7,0.843149,-0.627158,-0.53956,-1.35081
272.8,1.0337,-0.512658,-0.345082,-0.209467
272.9,1.15126,-0.396647,-0.135252,-1.19531
273,1.20189,-0.277985,0.0829417,-1.75319
273.1,1.19003,-0.153749,0.303045,-2.37522
273.2,1.11813,-0.0205161,0.518948,-1.04762
273.3,0.986936,0.124387,0.724695,-0.699403
273.4,0.796244,0.281766,0.914351,-1.00925
273.5,0.546132,0.449659,1.08196,-1.7337
273.6,0.238394,0.622771,1.22165,-0.0276192
273.7,-0.121988,0.792363,1.32788,-0.336238
273.8,-0.525594,0.94671,1.39581,0.613981
273.9,-0.957811,1.0722,1.4218,-0.629721
274,-1.39881,1.15501,1.40395,-0.0170141
274.1,-1.82444,1.1832,1.34255,0.324992
274.2,-2.20806,1.14883,1.24046,-0.937764
274.3,-2.52311,1.04969,1.10323,-0.149599
274.4,-2.74612,0.890239,0.938913,-0.750519
274.5,-2.85953,0.681385,0.757665,-0.896215
274.6,-2.85399,0.439121,0.570983,-0.910844
274.7,-2.7294,0.182283,0.390846,-0.0563181
274.8,-2.49482,-0.0700885,0.228778,-1.39999
274.9,-2.16703,-0.301189,0.0949952,-3.08714
275,-1.76831,-0.49818,-0.00226032,-1.01862
275.1,-1.32378,-0.652921,-0.0571389,0.42326
275.2,-0.858982,-0.761694,-0.0663427,-0.663767
275.3,-0.397898,-0.824136,-0.0290622,-1.30252
275.4,0.038103,-0.841771,0.0532383,0.36207
275.5,0.430564,-0.816525,0.177104,-0.383683
275.6,0.763556,-0.749573,0.337367,-0.183441
275.7,1.02291,-0.640771,0.52736,0.135333
275.8,1.19544,-0.488789,0.739055,0.0653718
275.9,1.26845,-0.291962,0.963131,0.167595
276,1.22986,-0.04978,1.18902,-0.644649
276.1,1.06917,0.235191,1.40503,-3.95329
276.2,0.779259,0.555281,1.59854,-0.466703
276.3,0.358907,0.896058,1.75652,-0.40588
276.4,-0.184305,1.2356,1.86622,0.215833
276.5,-0.831405,1.5453,1.91619,0.315083
276.6,-1.5505,1.79254,1.89752,-1.38777
276.7,-2.29713,1.9453,1.80516,0.568046
276.8,-3.01717,1.97798,1.63898,0.530637
276.9,-3.65218,1.87721,1.40456,0.545674
277,-4.14682,1.64612,1.11323,0.391769
277.1,-4.45676,1.30541,0.781372,-0.119223
277.2,-4.55556,0.890737,0.428943,-3.57568
277.3,-4.43869,0.446662,0.0774744,-0.321315
277.4,-4.12383,0.0187298,-0.252175,-5.86448
277.5,-3.6473,-0.354203,-0.541889,0.0356552
277.6,-3.05763,-0.645512,-0.777858,0.869214
277.7,-2.40795,-0.84312,-0.951419,-3.61702
277.8,-1.74865,-0.948574,-1.05914,0.897389
277.9,-1.12196,-0.973747,-1.10225,-0.302184
278,-0.558802,-0.936453,-1.08566,-1.5838
278.1,-0.0781375,-0.856174,-1.01677,0.905806
278.2,0.311858,-0.750727,-0.90432,-0.6111
278.3,0.611417,-0.634197,-0.75742,-2.50991
278.4,0.82636,-0.516105,-0.58486,0.485067
278.5,0.965387,-0.401521,-0.394679,0.106146
278.6,1.03785,-0.291807,-0.194,-0.568497
278.7,1.05216,-0.185663,0.0109542,-0.553468
278.8,1.01492,-0.080274,0.214716,-0.543164
278.9,0.930606,0.0275822,0.412372,0.0229743
279,0.801838,0.140558,0.599357,-0.0637438
279.1,0.630039,0.259917,0.771305,-0.598715
279.2,0.416356,0.384925,0.923968,-1.53263
279.3,0.162736,0.512492,1.05324,0.251128
279.4,-0.126999,0.637121,1.15531,-3.61785
279.5,-0.446249,0.751214,1.22686,-1.67876
279.6,-0.785052,0.845762,1.2654,-0.73338
279.7,-1.12997,0.911388,1.26964,0.619981
279.8,-1.46455,0.939636,1.23975,-0.0541747
279.9,-1.77037,0.924321,1.17769,0.403588
280,-2.02864,0.862705,1.08726,0.547535
280.1,-2.22202,0.75624,0.974125,-0.743386
280.2,-2.33657,0.610695,0.845493,0.414161
280.3,-2.36339,0.435602,0.709742,-0.0333625
280.4,-2.29962,0.243101,0.575842,0.118365
280.5,-2.14878,0.0464327,0.452727,0.0632677
280.6,-1.92033,-0.141623,0.348678,-1.24619
280.7,-1.6285,-0.310029,0.270777,0.291266
280.8,-1.29084,-0.450287,0.224507,0.00532411
280.9,-0.926598,-0.556634,0.213496,-1.54532
281,-0.555339,-0.625714,0.239421,0.291681
281.1,-0.195908,-0.655902,0.302032,-0.201556
281.2,0.134125,-0.646494,0.399257,-0.204665
281.3,0.418607,-0.597032,0.527337,-1.18947
281.4,0.642679,-0.506934,0.680964,-0.585292
281.5,0.7926,-0.375585,0.8534,0.371517
281.6,0.855742,-0.202913,1.03659,0.52316
281.7,0.820978,0.00957907,1.22128,-0.700943
281.8,0.679597,0.257506,1.39723,0.669219
281.9,0.426775,0.532252,1.55348,-0.148464
282,0.0634857,0.81998,1.67889,0.745599
282.1,-0.401475,1.10139,1.76278,-1.34716
282.2,-0.949805,1.35264,1.79581,-2.35601
282.3,-1.55294,1.54767,1.77098,0.538624
282.4,-2.17279,1.66173,1.68465,-2.24998
282.5,-2.76432,1.67575,1.53736,-1.4129
282.6,-3.27992,1.58045,1.33432,-2.07733
282.7,-3.67509,1.37923,1.0854,-0.0448873
282.8,-3.91439,1.08867,0.804516,-0.328933
282.9,-3.9765,0.736503,0.50845,-0.256403
283,-3.85712,0.357079,0.215285,-1.54826
283.1,-3.56915,-0.014337,-0.0573376,-1.50947
283.2,-3.14014,-0.347155,-0.293833,0.484729
283.3,-2.60756,-0.619545,-0.481909,-1.83444
283.4,-2.01315,-0.820244,-0.613285,0.804654
283.5,-1.39758,-0.948025,-0.68384,0.509157
283.6,-0.796227,-1.00936,-0.693284,-0.731723
283.7,-0.236822,-1.01518,-0.644493,-3.15934
283.8,0.261149,-0.977578,-0.542704,0.459713
283.9,0.685527,-0.907111,-0.394722,0.147604
284,1.0296,-0.811114,-0.208279,-0.594217
284.1,1.28985,-0.692997,0.0084027,-0.0844665
284.2,1.46379,-0.552519,0.246815,-1.46606
284.3,1.54839,-0.386799,0.498185,-0.788149
284.4,1.53917,-0.191905,0.753367,0.0590619
284.5,1.43039,0.0352016,1.0027,-0.0696761
284.6,1.21601,0.294564,1.23592,-1.41861
284.7,0.891699,0.581268,1.44223,-2.31853
284.8,0.457375,0.883959,1.61059,-0.24732
284.9,-0.079933,1.18429,1.73027,-0.33627
285,-0.703573,1.45771,1.79171,-1.47274
285.1,-1.38576,1.67591,1.78759,-0.620053
285.2,-2.08775,1.81082,1.71389,-1.11697
285.3,-2.7622,1.83966,1.57095,-0.192666
285.4,-3.35776,1.74997,1.36408,0.616763
285.5,-3.82532,1.54334,1.10367,-0.683505
285.6,-4.12489,1.23656,0.804634,0.046797
285.7,-4.23161,0.85963,0.485147,0.116703
285.8,-4.13952,0.450817,0.164961,-0.481418
285.9,-3.8621,0.0500685,-0.136561,0.210735
286,-3.42959,-0.307603,-0.402276,-1.50076
286.1,-2.88379,-0.597105,-0.618697,0.827361
286.2,-2.27151,-0.805617,-0.776819,0.850837
286.3,-1.63827,-0.932163,-0.872307,0.676411
286.4,-1.02337,-0.98505,-0.905096,0.170804
286.5,-0.456895,-0.97817,-0.878607,0.554188
286.6,0.0411322,-0.927238,-0.798767,-1.21318
286.7,0.459854,-0.846702,-0.673032,-0.897219
286.8,0.795585,-0.747719,-0.509568,0.119928
286.9,1.0493,-0.637251,-0.316652,-1.87108
287,1.22418,-0.518102,-0.102336,-0.857503
287.1,1.32355,-0.389653,0.125668,-0.604942
287.2,1.34954,-0.249049,0.35993,-0.218991
287.3,1.30248,-0.0926353,0.593143,-0.184678
287.4,1.18103,0.0825124,0.817947,0.238345
287.5,0.983053,0.277108,1.0268,-1.94783
287.6,0.707106,0.488369,1.21196,0.135185
287.7,0.354225,0.709119,1.36565,-0.183358
287.8,-0.070099,0.927503,1.48041,0.675304
287.9,-0.55421,1.12751,1.54963,-0.734546
288,-1.07922,1.29047,1.5682,-0.0658671
288.1,-1.61899,1.39745,1.53328,-0.265689
288.2,-2.14139,1.43226,1.44498,-0.191585
288.3,-2.61094,1.38459,1.30677,0.619279
288.4,-2.9926,1.25252,1.12572,-0.0337679
288.5,-3.25604,1.04365,0.912198,-0.819455
288.6,-3.37965,0.774573,0.679188,-1.08028
288.7,-3.35351,0.468494,0.441275,-2.69308
288.8,-3.18056,0.151667,0.213394,0.259692
288.9,-2.87591,-0.15063,0.00956331,-2.05059
289,-2.46426,-0.417568,-0.158215,-0.602426
289.1,-1.97633,-0.634973,-0.280743,0.267887
289.2,-1.44491,-0.795927,-0.352033,0.0306765
289.3,-0.901347,-0.899879,-0.369325,-3.49374
289.4,-0.373107,-0.950725,-0.332819,0.548713
289.5,0.117412,-0.95446,-0.24521,0.670772
289.6,0.55285,-0.916971,-0.111177,-0.780429
289.7,0.919927,-0.842388,0.0630789,-0.79416
289.8,1.20798,-0.732239,0.270173,0.174334
289.9,1.40743,-0.585476,0.501721,0.0413054
290,1.50868,-0.39934,0.748386,-1.80703
290.1,1.50159,-0.170935,0.999846,-0.0208233
290.2,1.37602,0.100665,1.24475,0.543672
290.3,1.12329,0.412074,1.47081,-1.19598
290.4,0.738658,0.753429,1.66501,-0.176554
290.5,0.224395,1.10693,1.81421,0.734756
290.6,-0.406984,1.44672,1.90597,0.744867
290.7,-1.13022,1.74062,1.92973,-0.724546
290.8,-1.90635,1.95403,1.87815,0.314415
290.9,-2.68421,2.05557,1.7484,0.764846
291,-3.40465,2.0236,1.54322,0.142617
291.1,-4.0074,1.85186,1.2714,-0.775123
291.2,-4.43939,1.55267,0.947447,-0.359147
291.3,-4.66288,1.1562,0.590492,-0.36969
291.4,-4.66151,0.705749,0.222393,-0.614314
291.5,-4.44275,0.250058,-0.134539,-0.695096
291.6,-4.03608,-0.165357,-0.459874,0.2099
291.7,-3.48754,-0.505494,-0.737015,0.580826
291.8,-2.85198,-0.750135,-0.954481,0.906729
291.9,-2.18484,-0.8945,-1.10637,-2.99169
292,-1.5353,-0.946804,-1.19205,0.915662
292.1,-0.941644,-0.923977,-1.2153,0.948887
292.2,-0.429308,-0.846931,-1.1831,0.678312
292.3,-0.0112459,-0.736491,-1.10432,0.86799
292.4,0.310111,-0.610575,-0.988583,0.569939
292.5,0.540065,-0.482736,-0.84535,-1.23547
292.6,0.688727,-0.361842,-0.683282,0.846951
292.7,0.768413,-0.252541,-0.509904,-1.30539
292.8,0.79163,-0.156139,-0.331481,-0.232406
292.9,0.769714,-0.0716114,-0.15308,0.477813
293,0.712072,0.00342368,0.0212736,-0.379317
293.1,0.625919,0.0718833,0.188386,-0.5567
293.2,0.516408,0.136564,0.345681,-0.157428
293.3,0.386996,0.199656,0.491006,-2.38098
293.4,0.239986,0.262422,0.622494,-0.50523
293.5,0.0771285,0.325006,0.738475,-0.987959
293.6,-0.0997814,0.386385,0.837451,-0.772923
293.7,-0.288361,0.444444,0.918128,-1.54907
293.8,-0.485226,0.496185,0.979501,-0.517149
293.9,-0.685731,0.538039,1.02096,-1.10765
294,-0.883926,0.566294,1.04243,0.206105
294.1,-1.07272,0.577561,1.04449,-3.6022
294.2,-1.24425,0.569262,1.02846,-0.689138
294.3,-1.39048,0.540047,0.996482,0.47761
294.4,-1.50383,0.490092,0.951463,-1.77907
294.5,-1.57795,0.421216,0.897025,-0.0413422
294.6,-1.60832,0.336798,0.837334,0.0207627
294.7,-1.5928,0.241511,0.776893,-0.703197
294.8,-1.5319,0.140896,0.720289,0.0617003
294.9,-1.42883,0.0408851,0.671922,-1.05712
295,-1.28931,-0.0526873,0.635741,-2.06183
295.1,-1.1212,-0.134476,0.615014,0.0962764
295.2,-0.933968,-0.199894,0.612139,0.0935058
295.3,-0.73815,-0.245246,0.628507,0.0828194
295.4,-0.544824,-0.267733,0.664426,0.0460667
295.5,-0.365138,-0.265401,0.719088,-3.89124
295.6,-0.209915,-0.237081,0.790582,-0.64688
295.7,-0.0893187,-0.182388,0.875949,-0.614622
295.8,-0.0125208,-0.101818,0.971257,-0.436421
295.9,0.012671,0.00303305,1.07172,-1.11442
296,-0.0197226,0.129166,1.17187,0.0440011
296.1,-0.113277,0.271845,1.26574,-0.119436
296.2,-0.268499,0.424336,1.34715,0.499202
296.3,-0.482142,0.57785,1.41008,0.30821
296.4,-0.746633,0.721798,1.44903,0.39593
296.5,-1.04977,0.844457,1.45946,-0.194604
296.6,-1.37488,0.934048,1.43833,-0.370202
296.7,-1.70153,0.980143,1.38443,0.638371
296.8,-2.00689,0.975178,1.29874,0.477924
296.9,-2.26771,0.915799,1.18454,0.510825
297,-2.46254,0.803716,1.0474,-0.186245
297.1,-2.57404,0.645815,0.894819,-0.451838
297.2,-2.59095,0.453452,0.735752,-1.1634
297.3,-2.50925,0.241013,0.579924,-0.57621
297.4,-2.33254,0.0240438,0.437077,0.0687548
297.5,-2.07134,-0.182648,0.31624,-1.39703
297.6,-1.74172,-0.366546,0.225095,-0.891298
297.7,-1.36344,-0.518326,0.169519,-0.263721
297.8,-0.957976,-0.632032,0.153313,0.381878
297.9,-0.546869,-0.704595,0.178111,-1.94843
298,-0.150556,-0.734922,0.243444,0.310531
298.1,0.21222,-0.722862,0.34688,-0.358151
298.2,0.524472,-0.668331,0.484202,-0.0486399
298.3,0.770699,-0.570829,0.649572,-3.74575
298.4,0.936537,-0.429508,0.835661,-0.0330563
298.5,1.00863,-0.243833,1.03375,-2.27169
298.6,0.974927,-0.0147799,1.23386,0.548893
298.7,0.825694,0.253604,1.42488,0.191028
298.8,0.555106,0.552572,1.59494,-0.0673163
298.9,0.163462,0.867422,1.73186,-0.16436
299,-0.340424,1.1771,1.82388,-1.1093
299.1,-0.937182,1.45512,1.86067,-0.093416
299.2,-1.59587,1.6722,1.83437,-1.55879
299.3,-2.27466,1.80029,1.74081,0.324219
299.4,-2.9237,1.81769,1.58043,0.326762
299.5,-3.49009,1.71388,1.35883,-0.354477
299.6,-3.92437,1.49291,1.08682,-0.114651
299.7,-4.18746,1.17406,0.779682,-1.17537
299.8,-4.2564,0.789311,0.455826,-0.254223
299.9,-4.12767,0.378021,0.135013,-1.34652
300,-3.81723,-0.0198516,-0.163633,-0.708124
300.1,-3.35734,-0.370251,-0.423439,-0.679428
300.2,-2.79097,-0.649671,-0.631547,0.525048
300.3,-2.16519,-0.847069,-0.779655,-0.978572
300.4,-1.52496,-0.963035,-0.864111,-1.60631
300.5,-0.908401,-1.00694,-0.885447,-1.3445
300.6,-0.344205,-0.99313,-0.847548,-2.74328
300.7,0.148936,-0.93718,-0.756666,-0.14402
300.8,0.561196,-0.852936,-0.620464,-2.01592
300.9,0.889457,-0.750661,-0.447232,0.584419
301,1.13474,-0.636296,-0.245341,0.53136
301.1,1.29979,-0.511664,-0.0229577,0.515036
301.2,1.3871,-0.375338,0.212027,-0.483136
301.3,1.39775,-0.223962,0.451909,-3.0496
301.4,1.33095,-0.0537995,0.688997,-2.20284
301.5,1.18446,0.137626,0.915444,-2.03941
301.6,0.955671,0.349972,1.12314,-0.395559
301.7,0.643368,0.578773,1.30379,-0.774531
301.8,0.249738,0.814625,1.4491,0.516533
301.9,-0.217538,1.04311,1.55127,0.529887
302,-0.743596,1.24571,1.60362,-0.46378
302.1,-1.30555,1.40173,1.60135,-0.750821
302.2,-1.87293,1.4913,1.54233,0.348565
302.3,-2.40956,1.49874,1.42779,0.228721
302.4,-2.87697,1.41593,1.26272,0.345826
302.5,-3.2388,1.24458,1.05592,-0.597495
302.6,-3.46553,0.996893,0.81948,-1.0552
302.7,-3.53851,0.694103,0.567953,-1.08784
302.8,-3.45256,0.363285,0.317091,-2.21312
302.9,-3.21642,0.0330279,0.0824608,0.181722
303,-2.85105,-0.270908,-0.121875,-2.37587
303.1,-2.38631,-0.528957,-0.284431,-0.11388
303.2,-1.85663,-0.729481,-0.396972,0.392394
303.3,-1.29676,-0.868699,-0.454754,0.587654
303.4,-0.73834,-0.949141,-0.456378,-0.844311
303.5,-0.207747,-0.977235,-0.403357,0.450873
303.6,0.274624,-0.960693,-0.299541,-1.93304
303.7,0.693835,-0.906286,-0.150542,-0.511228
303.8,1.03904,-0.818337,0.0367563,-0.783249
303.9,1.30175,-0.698124,0.254516,-0.804112
304,1.47421,-0.544159,0.494099,-0.238732
304.1,1.5482,-0.353278,0.746076,-1.41436
304.2,1.51474,-0.122376,1.00016,0.0277191
304.3,1.36467,0.149418,1.24514,-1.09402
304.4,1.0903,0.458421,1.46894,0.518559
304.5,0.687937,0.794339,1.65892,-0.529448
304.6,0.161035,1.13899,1.80237,0.669704
304.7,-0.476719,1.46643,1.88742,-0.208453
304.8,-1.19907,1.7449,1.90419,-0.108112
304.9,-1.96652,1.94085,1.84609,-2.16143
305,-2.72805,2.02459,1.71108,0.0326565
305.1,-3.42558,1.97656,1.50261,-0.0222731
305.2,-4.00082,1.79261,1.23004,-0.338845
305.3,-4.40338,1.48668,0.908222,0.448514
305.4,-4.59851,1.08966,0.556307,-0.644951
305.5,-4.57267,0.644476,0.195911,-0.640666
305.6,-4.33541,0.198456,-0.151156,-0.626883
305.7,-3.91725,-0.204977,-0.465124,0.357377
305.8,-3.36412,-0.533098,-0.730099,-1.69414
305.9,-2.72972,-0.767668,-0.935239,-1.35637
306,-2.06766,-0.905241,-1.07513,0.829555
306.1,-1.42503,-0.954585,-1.14943,0.708381
306.2,-0.838129,-0.932456,-1.16201,0.901199
306.3,-0.330829,-0.859034,-1.11972,-2.38112
306.4,0.0848951,-0.754068,-1.03124,-1.45629
306.5,0.40694,-0.634246,-0.905876,0.541632
306.6,0.640316,-0.511879,-0.752808,-0.37262
306.7,0.794288,-0.394673,-0.580461,-0.923851
306.8,0.87989,-0.286241,-0.396229,0.616602
306.9,0.908012,-0.187015,-0.206397,0.367405
307,0.888158,-0.0953046,-0.0162237,-1.09335
307.1,0.827818,-0.00830694,0.169887,-0.83376
307.2,0.73235,0.0769931,0.348171,0.0944796
307.3,0.605268,0.163091,0.515305,0.0715959
307.4,0.448807,0.251402,0.668246,-1.75266
307.5,0.264658,0.341877,0.804143,0.343307
307.6,0.0547717,0.432812,0.920319,0.0236717
307.7,-0.177873,0.520852,1.01434,-0.829704
307.8,-0.428627,0.601223,1.08414,-0.0250367
307.9,-0.690755,0.668179,1.12823,0.114492
308,-0.955321,0.71565,1.1459,-0.0422838
308.1,-1.21143,0.738023,1.13745,0.3688
308.2,-1.44683,0.730971,1.10431,0.266295
308.3,-1.64885,0.692184,1.04919,-2.76712
308.4,-1.8055,0.621894,0.976053,-0.530613
308.5,-1.90672,0.523055,0.889945,-0.134059
308.6,-1.94544,0.40116,0.796796,-1.22708
308.7,-1.91839,0.263697,0.703054,0.0588723
308.8,-1.82648,0.119342,0.615286,0.100111
308.9,-1.67478,-0.022933,0.539756,0.0920935
309,-1.47205,-0.154698,0.482034,-1.03539
309.1,-1.22996,-0.268687,0.44666,-0.0094593
309.2,-0.962163,-0.359125,0.436901,-0.675119
309.3,-0.683405,-0.421768,0.454594,0.173177
309.4,-0.408704,-0.453693,0.500084,-0.20402
309.5,-0.152786,-0.45299,0.572226,-0.0649454
309.6,0.0702968,-0.418457,0.668431,0.126945
309.7,0.247395,-0.349445,0.784751,0.0535114
309.8,0.366444,-0.245936,0.915974,-1.43449
309.9,0.416738,-0.108891,1.05575,-0.845827
310,0.389399,0.059152,1.19673,-0.643724
310.1,0.278133,0.253343,1.33082,0.152808
310.2,0.0802559,0.465811,1.44946,0.682414
310.3,-0.202082,0.685208,1.54405,0.715988
310.4,-0.560696,0.896778,1.6065,-1.29553
310.5,-0.980478,1.08314,1.62987,0.695346
310.6,-1.43916,1.22589,1.6091,-1.414
310.7,-1.90805,1.30794,1.54169,0.715226
310.8,-2.35392,1.31623,1.42825,-0.185227
310.9,-2.742,1.24428,1.27283,0.445753
311,-3.03971,1.09394,1.08287,0.173071
311.1,-3.22056,0.875773,0.868798,-0.48553
311.2,-3.26753,0.607851,0.643237,-2.03095
311.3,-3.1751,0.313161,0.419953,-2.226
311.4,-2.94973,0.016114,0.21266,-0.963955
311.5,-2.6085,-0.260951,0.0338782,-1.37971
311.6,-2.1764,-0.500513,-0.106005,-0.796582
311.7,-1.68291,-0.691331,-0.199354,0.367802
311.8,-1.15849,-0.828465,-0.241558,0.182191
311.9,-0.631756,-0.912093,-0.23098,0.483429
312,-0.12765,-0.945587,-0.168669,0.211229
312.1,0.333198,-0.933399,-0.0579561,-0.155093
312.2,0.734128,-0.87925,0.0959703,-0.571299
312.3,1.0614,-0.784953,0.286413,-1.18175
312.4,1.3029,-0.65006,0.505391,-0.149912
312.5,1.447,-0.472371,0.743747,0.352392
312.6,1.48194,-0.249259,0.991152,0.376667
312.7,1.39612,0.0203731,1.23611,-0.25775
312.8,1.17938,0.333739,1.46601,-0.438155
312.9,0.825257,0.681848,1.6674,0.399947
313,0.334049,1.04775,1.82648,-0.415186
313.1,-0.283841,1.40604,1.92997,-0.227601
313.2,-1.0051,1.7242,1.96625,0.496655
313.3,-1.7921,1.96615,1.92674,-1.26493
313.4,-2.59391,2.09793,1.80732,0.542018
313.5,-3.35014,2.09444,1.60948,-0.897651
313.6,-3.99764,1.94571,1.34093,-0.257418
313.7,-4.47909,1.66094,1.0155,-0.318648
313.8,-4.75172,1.26854,0.652095,-0.0732556
313.9,-4.79423,0.811918,0.272856,-0.611115
314,-4.61013,0.341775,-0.0991704,0.0992183
314.1,-4.22659,-0.0930615,-0.442501,0.687439
314.2,-3.68933,-0.453726,-0.739353,-0.28611
314.3,-3.05467,-0.716451,-0.977118,0.722261
314.4,-2.38088,-0.873867,-1.14899,0.892039
314.5,-1.72061,-0.932888,-1.25376,-0.420787
314.6,-1.11562,-0.910397,-1.29497,0.905765
314.7,-0.594234,-0.828267,-1.27968,-0.0436608
314.8,-0.171396,-0.708933,-1.21711,0.941849
314.9,0.149516,-0.572235,-1.11737,0.56208
315,0.373882,-0.433701,-0.990435,-0.0644026
315.1,0.512799,-0.304061,-0.845445,-1.27247
315.2,0.580318,-0.189626,-0.690256,0.744221
315.3,0.591248,-0.0931119,-0.531267,-3.23483
315.4,0.559611,-0.0146231,-0.373423,-0.775768
315.5,0.497701,0.047428,-0.220351,0.657828
315.6,0.415634,0.0955578,-0.0745524,-1.12011
315.7,0.321265,0.132637,0.0623681,-0.384008
315.8,0.220329,0.161495,0.189484,-0.343957
315.9,0.116737,0.184661,0.306347,-1.24578
316,0.0129244,0.204226,0.412825,0.0623608
316.1,-0.0897775,0.221769,0.50897,-2.1604
316.2,-0.190788,0.238345,0.594926,0.10934
316.3,-0.289959,0.254502,0.670874,0.210674
316.4,-0.387305,0.270326,0.736995,0.347707
316.5,-0.482782,0.285513,0.793475,-0.177953
316.6,-0.576124,0.299441,0.84051,0.363534
316.7,-0.66674,0.311274,0.87834,0.337698
316.8,-0.753666,0.320066,0.907284,0.449765
316.9,-0.835575,0.324871,0.927774,-0.848381
317,-0.910839,0.324857,0.940391,-0.410299
317.1,-0.977639,0.319411,0.945888,0.424719
317.2,-1.03411,0.308225,0.945207,0.165169
317.3,-1.0785,0.291358,0.93947,-0.38363
317.4,-1.10935,0.269266,0.92996,0.407598
317.5,-1.12565,0.242801,0.918086,0.0233696
317.6,-1.12699,0.213169,0.90533,0.101663
317.7,-1.11363,0.181866,0.89318,0.44738
317.8,-1.08659,0.150583,0.883061,-2.53609
317.9,-1.0476,0.121107,0.876261,-1.86202
318,-0.999089,0.0952078,0.873859,0.333782
318.1,-0.944077,0.0745369,0.876661,-1.3226
318.2,-0.886025,0.0605361,0.885146,0.0302675
318.3,-0.82869,0.0543567,0.899432,0.0246626
318.4,-0.77593,0.0567937,0.919255,0.0668564
318.5,-0.731521,0.0682318,0.943967,-0.0210614
318.6,-0.698954,0.0886014,0.972556,0.375146
318.7,-0.681235,0.117343,1.00368,-0.163768
318.8,-0.680696,0.153385,1.03574,-1.37775
318.9,-0.698812,0.195138,1.06692,0.23199
319,-0.736039,0.240511,1.09533,0.550821
319.1,-0.791683,0.286972,1.1191,-0.825058
319.2,-0.863826,0.331648,1.13645,-0.334626
319.3,-0.949311,0.371475,1.14588,0.569521
319.4,-1.04382,0.403404,1.14628,-0.437918
319.5,-1.14204,0.42464,1.137,-1.34638
319.6,-1.23796,0.432897,1.11795,-0.0212061
319.7,-1.32521,0.426649,1.08969,-2.44732
319.8,-1.39755,0.405324,1.05341,0.13491
319.9,-1.44928,0.369425,1.01087,-1.42929
320,-1.47579,0.320549,0.964392,-0.355501
320.1,-1.47389,0.261295,0.916662,-0.773638
320.2,-1.44214,0.195073,0.870611,-2.00116
320.3,-1.38101,0.125841,0.829216,-1.12085
320.4,-1.29288,0.0578036,0.795311,0.242869
320.5,-1.1819,-0.00487933,0.771404,-0.00731659
320.6,-1.05373,-0.0583471,0.759506,0.0552042
320.7,-0.915248,-0.0992281,0.761002,-0.254897
320.8,-0.774106,-0.124762,0.776545,-0.581419
320.9,-0.638393,-0.132868,0.806,0.0011185
321,-0.516243,-0.12218,0.848414,-0.236303
321.1,-0.41549,-0.0920783,0.902037,-0.0979606
321.2,-0.343323,-0.0427468,0.964362,-1.57814
321.3,-0.305948,0.0247359,1.03221,0.520919
321.4,-0.308228,0.108273,1.10185,-0.695705
321.5,-0.353289,0.204619,1.16914,-0.16192
321.6,-0.442121,0.309284,1.22973,0.374017
321.7,-0.573175,0.416533,1.2793,0.090407
321.8,-0.742052,0.519544,1.31383,-0.927851
321.9,-0.941328,0.610761,1.32988,0.55811
322,-1.16062,0.682461,1.32489,-0.0505936
322.1,-1.38698,0.727508,1.29751,-0.241627
322.2,-1.60559,0.740196,1.24776,0.576509
322.3,-1.80085,0.717059,1.17718,0.586357
322.4,-1.95767,0.65749,1.08887,-1.03594
322.5,-2.06286,0.564023,0.987366,0.498909
322.6,-2.10644,0.442204,0.878357,0.319635
322.7,-2.08263,0.300035,0.76833,-0.317459
322.8,-1.99044,0.147099,0.664116,-3.17528
322.9,-1.83369,-0.00648423,0.572399,-0.0115407
323,-1.6206,-0.151058,0.499259,-0.09636
323.1,-1.36291,-0.278216,0.449768,-0.85707
323.2,-1.07485,-0.381252,0.42769,-2.16321
323.3,-0.772034,-0.45525,0.43529,-0.244217
323.4,-0.470549,-0.496881,0.473239,0.127347
323.5,-0.186223,-0.504017,0.540608,-0.608943
323.6,0.0658175,-0.475334,0.634917,-3.069
323.7,0.271394,-0.410049,0.752221,-1.75384
323.8,0.417428,-0.307914,0.88721,0.379067
323.9,0.492152,-0.169526,1.03333,-0.0422677
324,0.485525,0.00306496,1.18293,-0.22437
324.1,0.389954,0.205529,1.32746,0.407889
324.2,0.201356,0.430399,1.45781,-0.370171
324.3,-0.0795155,0.666427,1.56465,0.422039
324.4,-0.445669,0.89845,1.63906,-0.516626
324.5,-0.882728,1.10803,1.67315,-0.591773
324.6,-1.36842,1.27501,1.66088,-0.14655
324.7,-1.87306,1.38,1.59882,-0.682801
324.8,-2.36137,1.40738,1.48681,0.683543
324.9,-2.79551,1.34829,1.32836,0.587569
325,-3.13914,1.20287,1.13073,-0.93795
325.1,-3.36182,0.981079,0.904573,0.414912
325.2,-3.44294,0.70164,0.663101,-0.150986
325.3,-3.37438,0.389336,0.420988,-0.0544261
325.4,-3.16127,0.0711556,0.193056,0.350617
325.5,-2.82078,-0.227762,-0.00700898,0.401746
325.6,-2.3793,-0.487436,-0.167728,-0.304
325.7,-1.86853,-0.694943,-0.280558,0.206441
325.8,-1.32152,-0.844663,-0.340229,-1.69861
325.9,-0.769306,-0.937083,-0.344694,-1.81966
326,-0.238668,-0.976673,-0.294815,0.691804
326.1,0.248753,-0.969476,-0.193874,-0.254922
326.2,0.676186,-0.920952,-0.0470682,0.520817
326.3,1.0306,-0.834483,0.138927,-0.926781
326.4,1.30115,-0.710742,0.356255,-1.19148
326.5,1.47774,-0.547962,0.596025,-0.801991
326.6,1.55002,-0.343062,0.848326,-0.24707
326.7,1.50717,-0.0934779,1.10219,-0.242831
326.8,1.33881,0.200533,1.34557,-0.854615
326.9,1.03681,0.533446,1.56549,0.709503
327,0.598184,0.892362,1.74837,-0.338609
327.1,0.0283887,1.25587,1.88074,0.0236503
327.2,-0.655431,1.5945,1.95023,-0.568875
327.3,-1.42228,1.87332,1.94687,-0.105911
327.4,-2.22709,2.05673,1.8645,-0.0308719
327.5,-3.01326,2.11488,1.70207,-0.0810353
327.6,-3.71815,2.0304,1.46456,0.370585
327.7,-4.28095,1.80365,1.16319,0.313525
327.8,-4.65157,1.45469,0.814797,0.32361
327.9,-4.79862,1.02096,0.440355,-0.872339
328,-4.71447,0.550898,0.0628084,-0.416189
328.1,-4.41621,0.0951926,-0.295379,0.532257
328.2,-3.94212,-0.302074,-0.614557,-1.13884
328.3,-3.3448,-0.610051,-0.879688,0.770126
328.4,-2.68266,-0.814153,-1.08136,0.679453
328.5,-2.01162,-0.915349,-1.21593,-0.081732
328.6,-1.37873,-0.926658,-1.28497,0.866271
328.7,-0.818408,-0.868302,-1.29411,0.0941194
328.8,-0.351445,-0.762918,-1.25178,-0.328618
328.9,0.0139275,-0.631786,-1.1678,-0.68824
329,0.279553,-0.492483,-1.05232,-0.691763
329.1,0.454343,-0.357886,-0.914922,0.676563
329.2,0.551342,-0.236214,-0.76405,0.412343
329.3,0.585267,-0.131698,-0.606756,0.723393
329.4,0.570669,-0.0455134,-0.448613,0.327312
329.5,0.520732,0.0232495,-0.293798,0.333137
329.6,0.446622,0.0767544,-0.14527,-0.909538
329.7,0.357244,0.117761,-0.00498024,-0.405249
329.8,0.259297,0.149155,0.125896,-0.356418
329.9,0.157505,0.173637,0.246753,-3.94185
330,0.0549439,0.193535,0.357373,0.19273
330.1,-0.0466015,0.210704,0.457776,0.0474747
330.2,-0.146275,0.22649,0.548115,-0.394202
330.3,-0.24382,0.241733,0.628593,0.124234
330.4,-0.339286,0.256799,0.699421,-0.969995
330.5,-0.43279,0.27163,0.760801,0.349941
330.6,-0.524318,0.285816,0.812928,0.0326912
330.7,-0.613596,0.298674,0.856012,0.230986
330.8,-0.700003,0.309342,0.890304,-0.0430432
330.9,-0.782546,0.316888,0.91614,-0.328782
331,-0.859884,0.320412,0.933968,0.421482
331.1,-0.930409,0.31915,0.94439,-0.537869
331.2,-0.992351,0.312576,0.948173,-0.74563
331.3,-1.04394,0.300472,0.946265,0.475059
331.4,-1.08354,0.282984,0.939785,-0.166612
331.5,-1.10985,0.260645,0.930001,0.0202134
331.6,-1.12202,0.234356,0.918288,0.44945
331.7,-1.11982,0.20535,0.906076,-3.37291
331.8,-1.10367,0.175117,0.894789,0.165459
331.9,-1.07471,0.145316,0.88577,0.441183
332,-1.03477,0.117669,0.880215,0.336478
332.1,-0.986345,0.0938632,0.8791,-2.68656
332.2,-0.932447,0.0754489,0.883129,-0.102914
332.3,-0.876495,0.063755,0.892679,-0.793009
332.4,-0.822144,0.0598132,0.907776,0.453552
332.5,-0.773108,0.0642972,0.928073,0.362634
332.6,-0.732973,0.0774711,0.952858,0.19155
332.7,-0.704999,0.0991499,0.981073,-0.501655
332.8,-0.691935,0.128668,1.01136,-0.322141
332.9,-0.695829,0.164861,1.04212,0.00252111
333,-0.717863,0.20607,1.07159,-6.78842
333.1,-0.758199,0.250167,1.09794,-0.0996871
333.2,-0.815872,0.294622,1.11937,-4.15035
333.3,-0.88873,0.336616,1.13425,-0.0185975
333.4,-0.973443,0.373196,1.14123,-1.5792
333.5,-1.0656,0.401482,1.13932,-1.00029
333.6,-1.15992,0.418901,1.12803,0.538458
333.7,-1.25049,0.423432,1.10746,-0.0100326
333.8,-1.33122,0.413828,1.07826,-1.37364
333.9,-1.39619,0.389789,1.04174,-1.14158
334,-1.44018,0.352056,0.999726,0.106827
334.1,-1.45906,0.302398,0.954541,-0.768591
334.2,-1.45015,0.243507,0.908842,-2.43027
334.3,-1.41252,0.1788,0.86547,0.381633
334.4,-1.34705,0.112152,0.827268,-0.105176
334.5,-1.25645,0.0476156,0.796899,-1.36095
334.6,-1.14509,-0.010852,0.776671,0.0946584
334.7,-1.01871,-0.059622,0.768383,0.0166161
334.8,-0.884138,-0.0955623,0.773203,-0.419997
334.9,-0.748902,-0.116147,0.791578,-0.624617
335,-0.620844,-0.11952,0.823184,-0.007377
335.1,-0.507778,-0.104527,0.866909,0.307644
335.2,-0.417146,-0.0707628,0.92088,0.454778
335.3,-0.355679,-0.0186294,0.982507,0.237933
335.4,-0.329067,0.0505682,1.04858,0.355143
335.5,-0.34159,0.134504,1.11539,-0.49631
335.6,-0.395748,0.229716,1.17887,0.0935647
335.7,-0.491866,0.33155,1.23484,0.199949
335.8,-0.627737,0.434191,1.27917,-1.76617
335.9,-0.798358,0.530876,1.30813,-0.235343
336,-0.995829,0.614276,1.3186,-0.240382
336.1,-1.20949,0.677094,1.30842,-0.0487928
336.2,-1.42639,0.712802,1.27659,-1.15975
336.3,-1.63203,0.716441,1.22352,0.270235
336.4,-1.81149,0.685351,1.15106,0.54746
336.5,-1.95065,0.619679,1.06256,-0.00192635
336.6,-2.03753,0.522563,0.962676,0.215056
336.7,-2.06347,0.399901,0.857093,0.122426
336.8,-2.024,0.259757,0.752167,0.0581334
336.9,-1.91926,0.111486,0.654473,-1.67335
337,-1.75392,-0.0352524,0.57034,0.209632
337.1,-1.53672,-0.171399,0.505421,-1.89465
337.2,-1.27958,-0.289174,0.464329,-0.334225
337.3,-0.996592,-0.382432,0.450368,-1.61706
337.4,-0.703025,-0.446694,0.465364,-0.598867
337.5,-0.414472,-0.478916,0.509595,-0.0212152
337.6,-0.146208,-0.477141,0.581792,-1.40137
337.7,0.0872027,-0.440156,0.679191,0.0491317
337.8,0.272146,-0.367318,0.797616,-6.10563
337.9,0.396143,-0.258622,0.931587,-0.122417
338,0.448125,-0.11508,1.07444,-0.903858
338.1,0.418929,0.0606497,1.2185,0.496779
338.2,0.302083,0.263467,1.3553,0.319468
338.3,0.0949092,0.485072,1.4759,-0.838489
338.4,-0.200188,0.713485,1.57135,-0.541069
338.5,-0.574444,0.933122,1.63322,0.53925
338.6,-1.0118,1.12566,1.65435,-1.13684
338.7,-1.48867,1.27175,1.62953,-0.609416
338.8,-1.97477,1.3536,1.5563,-0.525399
338.9,-2.43518,1.35777,1.43543,0.588354
339,-2.83353,1.27796,1.27133,-0.561462
339.1,-3.13601,1.11675,1.07193,-1.38745
339.2,-3.31554,0.885943,0.848242,0.265554
339.3,-3.35517,0.605129,0.613502,-1.60881
339.4,-3.25021,0.298808,0.382042,0.120837
339.5,-3.00854,-0.00736919,0.168029,-0.748956
339.6,-2.64898,-0.290308,-0.0157271,0.512921
339.7,-2.19834,-0.532308,-0.158726,0.625681
339.8,-1.68768,-0.722477,-0.253394,-0.328351
339.9,-1.14864,-0.856611,-0.295319,0.677827
340,-0.610479,-0.935819,-0.283155,0.628362
340.1,-0.0982928,-0.964411,-0.218286,0.118121
340.2,0.367586,-0.94765,-0.104362,-0.374359
340.3,0.771095,-0.889847,0.0531491,0.0458369
340.4,1.09926,-0.793162,0.247343,-0.273579
340.5,1.34077,-0.657255,0.470112,0.14705
340.6,1.4847,-0.479826,0.712245,-1.17161
340.7,1.51987,-0.257969,0.963427,0.077762
340.8,1.43502,0.00982619,1.21222,-1.8985
340.9,1.22006,0.321298,1.44609,-0.23748
341,0.868351,0.668035,1.65166,-2.31694
341.1,0.379735,1.03367,1.81519,0.411782
341.2,-0.236051,1.39328,1.92336,0.784872
341.3,-0.956477,1.71463,1.96447,0.484937
341.4,-1.74471,1.96165,1.92979,-1.62165
341.5,-2.55043,2.10001,1.81493,0.768774
341.6,-3.31355,2.10385,1.62112,0.582019
341.7,-3.97077,1.96227,1.35576,-1.52289
341.8,-4.46415,1.68339,1.03244,-2.11521
341.9,-4.7499,1.29478,0.669877,-0.620715
342,-4.80547,0.839356,0.290161,-2.08223
342.1,-4.63311,0.367807,-0.0835924,-0.743951
342.2,-4.25899,-0.0705661,-0.429714,0.617919
342.3,-3.7282,-0.436105,-0.730155,-1.45712
342.4,-3.09694,-0.704131,-0.972003,0.733844
342.5,-2.42377,-0.866451,-1.14815,0.713838
342.6,-1.76197,-0.92938,-1.25715,0.946065
342.7,-1.15402,-0.909493,-1.30236,0.962586
342.8,-0.629053,-0.828629,-1.29073,-2.12473
342.9,-0.202663,-0.709397,-1.23147,0.878304
343,0.121288,-0.571937,-1.13469,-2.18651
343.1,0.347903,-0.432129,-1.01046,-3.30972
343.2,0.488198,-0.301057,-0.867991,-2.67126
343.3,0.556308,-0.185344,-0.715227,0.380458
343.4,0.567256,-0.0879675,-0.558634,-1.37584
343.5,0.535367,-0.00923114,-0.403202,-0.7725
343.6,0.473289,0.052312,-0.252565,-2.65356
343.7,0.391513,0.0990971,-0.109198,-2.25403
343.8,0.298254,0.133973,0.0253574,-0.547798
343.9,0.199574,0.159805,0.150274,-0.921477
344,0.0996411,0.179224,0.265232,-1.99026
344.1,0.00106573,0.194481,0.370249,-0.0171255
344.2,-0.094755,0.207376,0.465538,-0.831114
344.3,-0.1873,0.21924,0.551408,0.140804
344.4,-0.276618,0.230942,0.628186,-0.0122678
344.5,-0.363062,0.242918,0.69618,0.00396725
344.6,-0.447062,0.25522,0.755655,-0.24074
344.7,-0.528949,0.267566,0.806838,0.394614
344.8,-0.608822,0.279408,0.849932,-0.784897
344.9,-0.68646,0.290009,0.885147,0.404821
345,-0.761284,0.298523,0.912733,-1.48504
345.1,-0.832358,0.304087,0.933015,-0.179732
345.2,-0.898441,0.305912,0.946428,-2.40509
345.3,-0.958068,0.303369,0.953542,0.000426717
345.4,-1.00967,0.296062,0.955082,0.15509
345.5,-1.0517,0.283891,0.951928,-0.255784
345.6,-1.08281,0.267088,0.945106,-0.879003
345.7,-1.10195,0.246219,0.935765,-1.20681
345.8,-1.10853,0.222175,0.925136,-0.0045963
345.9,-1.1025,0.196116,0.91448,-0.0415456
346,-1.08444,0.169412,0.905037,-0.0742343
346.1,-1.05553,0.143557,0.897955,-1.91457
346.2,-1.01759,0.120076,0.894233,-0.0839552
346.3,-0.972954,0.100442,0.894661,-0.418997
346.4,-0.92443,0.0859801,0.899772,0.445001
346.5,-0.875123,0.0777997,0.909802,-1.18694
346.6,-0.828308,0.0767246,0.924665,-0.616141
346.7,-0.787261,0.0832394,0.943947,-0.337517
346.8,-0.755084,0.0974463,0.966916,-0.118532
346.9,-0.734534,0.119031,0.992543,-1.26298
347,-0.727852,0.147243,1.01955,-0.887366
347.1,-0.736599,0.180883,1.04646,0.00446238
347.2,-0.761512,0.218326,1.07169,0.525656
347.3,-0.802388,0.257552,1.09362,-1.16236
347.4,-0.858004,0.29623,1.11072,-0.105557
347.5,-0.926087,0.331826,1.1216,-0.759232
347.6,-1.00336,0.361762,1.12519,0.515583
347.7,-1.08566,0.383595,1.12076,0.139159
347.8,-1.16812,0.395232,1.10805,0.219928
347.9,-1.24547,0.395124,1.08731,0.102369
348,-1.31239,0.382447,1.05931,-0.269844
348.1,-1.36386,0.35723,1.02535,-0.898758
348.2,-1.39557,0.320402,0.987195,0.42165
348.3,-1.40428,0.273763,0.947001,-0.373148
348.4,-1.3881,0.21987,0.907171,0.00752964
348.5,-1.34668,0.161852,0.870224,-0.862439
348.6,-1.2813,0.103183,0.838635,0.0439837
348.7,-1.1948,0.0474379,0.814669,-5.15036
348.8,-1.09141,-0.00193149,0.800239,-0.150022
348.9,-0.976556,-0.0417921,0.79677,-1.44773
349,-0.856515,-0.0694709,0.805101,-1.94046
349.1,-0.738114,-0.0828525,0.825413,-0.472915
349.2,-0.628386,-0.0804428,0.857189,-5.2622
349.3,-0.534247,-0.0614158,0.899215,0.0244287
349.4,-0.462176,-0.0256645,0.949603,0.309112
349.5,-0.417899,0.026134,1.00585,0.501599
349.6,-0.40607,0.0924351,1.06494,0.533566
349.7,-0.429935,0.17074,1.12345,-0.0153565
349.8,-0.491,0.257529,1.17771,-0.109253
349.9,-0.588703,0.348263,1.22402,0.377031
350,-0.720146,0.437481,1.25884,0.397489
350.1,-0.879933,0.519048,1.27905,-0.424863
350.2,-1.06018,0.586555,1.28217,-2.29495
350.3,-1.25074,0.63387,1.26667,-0.0387966
350.4,-1.43971,0.655778,1.23208,-1.41851
350.5,-1.6142,0.648639,1.17921,-0.228343
350.6,-1.76131,0.610933,1.11015,0.360824
350.7,-1.86923,0.543603,1.02825,-0.0745686
350.8,-1.92833,0.450098,0.937935,0.46453
350.9,-1.93209,0.336099,0.844436,-0.366652
351,-1.87775,0.20895,0.753459,-0.0186045
351.1,-1.76657,0.076913,0.670785,-0.0531503
351.2,-1.60366,-0.0516406,0.601873,-0.0153048
351.3,-1.39752,-0.168938,0.551496,-3.07069
351.4,-1.15929,-0.268313,0.52344,-0.0493896
351.5,-0.901872,-0.344464,0.520279,0.0415929
351.6,-0.63916,-0.393452,0.543242,-0.790643
351.7,-0.385283,-0.412534,0.592152,-0.684475
351.8,-0.154099,-0.399917,0.665428,-0.170625
351.9,0.0411908,-0.354562,0.760135,-0.0511407
352,0.188314,-0.276131,0.87206,-2.86816
352.1,0.276204,-0.165154,0.995821,0.495746
352.2,0.295383,-0.0234147,1.12501,0.409399
352.3,0.23854,0.145483,1.25236,0.229563
352.4,0.101339,0.335494,1.37003,-0.769857
352.5,-0.116565,0.537629,1.46993,-0.0795432
352.6,-0.410456,0.739784,1.54418,-0.930979
352.7,-0.769614,0.927113,1.58566,0.556897
352.8,-1.17681,1.08309,1.58865,-1.1714
352.9,-1.60853,1.19125,1.54947,-1.10628
353,-2.03614,1.23748,1.46708,-0.789914
353.1,-2.42805,1.21236,1.34343,-1.44689
353.2,-2.75275,1.1132,1.18371,-3.94507
353.3,-2.98233,0.945046,0.996063,-0.541055
353.4,-3.09578,0.72048,0.791126,-0.580999
353.5,-3.08158,0.457961,0.581175,-0.0779889
353.6,-2.939,0.179168,0.379102,-0.130974
353.7,-2.67784,-0.0941384,0.197338,-0.545516
353.8,-2.31673,-0.342996,0.0468725,-0.352698
353.9,-1.88047,-0.553253,-0.0635005,0.48696
354,-1.39685,-0.716369,-0.127643,0.458588
354.1,-0.89381,-0.829014,-0.142226,-1.11023
354.2,-0.397189,-0.891747,-0.106623,-0.792931
354.3,0.0704677,-0.907228,-0.0226333,0.133647
354.4,0.490175,-0.878443,0.105869,-0.314502
354.5,0.845963,-0.807327,0.273269,-0.863255
354.6,1.12389,-0.694068,0.472465,-0.434638
354.7,1.31102,-0.537206,0.69502,0.211438
354.8,1.3947,-0.334538,0.931221,0.290023
354.9,1.3626,-0.0847369,1.1701,-0.0263479
355,1.20355,0.210521,1.39951,-0.503193
355.1,0.909423,0.544283,1.6063,-0.356996
355.2,0.477871,0.902377,1.7768,-1.05551
355.3,-0.0845241,1.26244,1.8975,-1.44903
355.4,-0.759269,1.59454,1.95613,0.542525
355.5,-1.51407,1.8639,1.94296,-3.22896
355.6,-2.30292,2.03576,1.85217,-3.13468
355.7,-3.06893,2.08168,1.68313,-0.233207
355.8,-3.74996,1.98608,1.44122,-0.441613
355.9,-4.2865,1.75106,1.13797,0.432499
356,-4.63039,1.39798,0.790365,0.383955
356.1,-4.75241,0.964783,0.419315,-0.335656
356.2,-4.64695,0.499522,0.0474927,-0.347885
356.3,-4.33248,0.0516711,-0.303085,-0.806914
356.4,-3.84785,-0.336389,-0.613316,-1.12336
356.5,-3.24535,-0.635591,-0.868721,0.710283
356.6,-2.58229,-0.832829,-1.06037,0.84888
356.7,-1.91301,-0.930012,-1.18498,-1.79407
356.8,-1.28284,-0.940477,-1.24429,0.871231
356.9,-0.724677,-0.884206,-1.24397,-1.53197
357,-0.258087,-0.783177,-1.19229,-0.18939
357.1,0.109391,-0.657768,-1.0989,0.683808
357.2,0.379771,-0.524543,-0.973658,0.63966
357.3,0.561635,-0.395368,-0.825897,0.304054
357.4,0.667262,-0.277508,-0.663873,0.698288
357.5,0.710244,-0.174339,-0.494533,-5.46238
357.6,0.703735,-0.0863117,-0.323473,-0.724553
357.7,0.65935,-0.0119415,-0.155046,-0.673868
357.8,0.586604,0.0513146,0.00745461,-0.705314
357.9,0.492783,0.10636,0.161575,0.120633
358,0.383121,0.15594,0.305485,-0.0563241
358.1,0.261163,0.202278,0.437791,0.1125
358.2,0.12923,0.246862,0.557386,-1.05954
358.3,-0.0110837,0.290325,0.663357,-0.71189
358.4,-0.158424,0.332436,0.754935,-1.97171
358.5,-0.311257,0.372159,0.831489,0.407493
358.6,-0.467538,0.407803,0.892568,-0.0314885
358.7,-0.624493,0.437221,0.937958,0.471807
358.8,-0.77853,0.458076,0.967765,-1.77387
358.9,-0.925302,0.468132,0.982494,-0.935004
359,-1.0599,0.46556,0.983111,-0.0771251
359.1,-1.17716,0.449206,0.971092,0.36105
359.2,-1.27207,0.418809,0.948425,-1.03947
359.3,-1.34022,0.375117,0.917571,-0.498934
359.4,-1.37823,0.319907,0.881386,-1.6345
359.5,-1.38409,0.255878,0.842999,0.402764
359.6,-1.35747,0.186459,0.805654,-0.344327
359.7,-1.29984,0.115547,0.772541,0.0725955
359.8,-1.21441,0.0472142,0.746615,0.241965
359.9,-1.10603,-0.0145651,0.730425,-0.370738
360,-0.9809,-0.066147,0.725968,-1.33982
360.1,-0.846248,-0.104386,0.734563,0.0595319
360.2,-0.70997,-0.12674,0.756773,0.0603856
360.3,-0.580261,-0.131325,0.79235,0.00259363
360.4,-0.465266,-0.11695,0.84023,-0.00296687
360.5,-0.372749,-0.0831544,0.898547,-1.34895
360.6,-0.309762,-0.0302766,0.964695,-2.91346
360.7,-0.282313,0.0404436,1.03541,0.360839
360.8,-0.295004,0.126728,1.10689,-0.0116099
360.9,-0.350633,0.225128,1.17497,-1.32272
361,-0.449792,0.330932,1.23531,-0.233342
361.1,-0.590468,0.438191,1.28363,-0.808364
361.2,-0.767745,0.539901,1.31599,-0.637083
361.3,-0.973661,0.6284,1.32912,-0.146438
361.4,-1.19733,0.695976,1.32067,0.488442
361.5,-1.42536,0.735648,1.28951,-0.177053
361.6,-1.64269,0.742021,1.23595,-0.380398
361.7,-1.83366,0.712084,1.16185,-0.185649
361.8,-1.98335,0.645776,1.0706,-1.2322
361.9,-2.07901,0.546209,0.966985,0.471609
362,-2.11133,0.419452,0.856912,0.207863
362.1,-2.07534,0.273908,0.747002,-2.44896
362.2,-1.97095,0.119385,0.64413,0.0448225
362.3,-1.80286,-0.0339626,0.55494,-0.974249
362.4,-1.58004,-0.176612,0.485386,-7.22177
362.5,-1.31481,-0.300412,0.440348,0.0411195
362.6,-1.02181,-0.398968,0.423351,0.112188
362.7,-0.716863,-0.467672,0.436385,0.00793755
362.8,-0.416117,-0.503446,0.479838,-0.864708
362.9,-0.135344,-0.504343,0.552495,-1.76353
363,0.110445,-0.469154,0.651602,0.272943
363.1,0.307223,-0.397184,0.772949,-0.280538
363.2,0.442091,-0.288291,0.910981,-0.436027
363.3,0.503514,-0.143261,1.05892,-1.05848
363.4,0.481783,0.0355356,1.20891,0.590407
363.5,0.369791,0.243288,1.35226,-0.0587082
363.6,0.164166,0.471895,1.47974,-0.349836
363.7,-0.133369,0.709385,1.58202,-4.10388
363.8,-0.514601,0.939891,1.65027,-0.0748107
363.9,-0.96375,1.14445,1.67683,-0.365342
364,-1.4571,1.30273,1.65604,-0.331625
364.1,-1.9637,1.39567,1.58496,0.337878
364.2,-2.4474,1.40854,1.46406,-0.946125
364.3,-2.87015,1.33386,1.29752,-1.10032
364.4,-3.19613,1.1735,1.09326,0.546345
364.5,-3.39624,0.939133,0.862499,0.386849
364.6,-3.45184,0.650903,0.618845,-0.241288
364.7,-3.35709,0.334425,0.377157,-3.76913
364.8,-3.11944,0.0167951,0.152204,-2.12494
364.9,-2.75806,-0.277421,-0.0425973,-0.463534
365,-2.30071,-0.529313,-0.196205,0.16941
365.1,-1.77976,-0.727247,-0.300619,-0.923479
365.2,-1.22828,-0.866827,-0.351143,-0.522618
365.3,-0.676784,-0.949481,-0.34628,-0.717473
365.4,-0.151233,-0.980225,-0.287371,-0.990683
365.5,0.327633,-0.965239,-0.178089,0.603361
365.6,0.743843,-0.909797,-0.0239365,0.384833
365.7,1.08494,-0.816898,0.168174,-0.691191
365.8,1.34042,-0.686788,0.390197,-0.737349
365.9,1.50029,-0.51738,0.633071,0.222588
366,1.55419,-0.305516,0.886723,0.325041
366.1,1.49138,-0.0488868,1.14002,-0.401182
366.2,1.30169,0.251603,1.38077,0.5313
366.3,0.977658,0.589409,1.59587,0.726722
366.4,0.517398,0.950358,1.77175,-1.89831
366.5,-0.0719738,1.31171,1.89504,-0.221862
366.6,-0.771246,1.64294,1.95367,-0.193054
366.7,-1.54718,1.90868,1.93821,0.817194
366.8,-2.35268,2.07381,1.84324,0.50049
366.9,-3.12983,2.11005,1.66862,0.199141
367,-3.81576,2.00258,1.42032,-0.154142
367.1,-4.35081,1.75483,1.11051,-0.0289688
367.2,-4.68743,1.38985,0.756793,0.308633
367.3,-4.79776,0.947283,0.380594,-0.563747
367.4,-4.67814,0.476478,0.0049336,-1.21685
367.5,-4.3493,0.0275852,-0.348037,-0.903494
367.6,-3.85227,-0.357086,-0.659306,0.830726
367.7,-3.2411,-0.649176,-0.914682,0.775801
367.8,-2.57424,-0.83669,-1.10567,0.860395
367.9,-1.90654,-0.92277,-1.22951,0.228816
368,-1.2832,-0.921884,-1.28848,0.545334
368.1,-0.736475,-0.854905,-1.28872,-1.5404
368.2,-0.285047,-0.74444,-1.23896,-2.72749
368.3,0.0646162,-0.611275,-1.14914,0.919361
368.4,0.315651,-0.472253,-1.02933,0.237903
368.5,0.477773,-0.339473,-0.888973,0.771879
368.6,0.564401,-0.220447,-0.736296,0.250784
368.7,0.590283,-0.118839,-0.578117,-2.29901
368.8,0.56977,-0.035419,-0.419784,-3.10084
368.9,0.515706,0.030987,-0.265279,0.523958
369,0.438853,0.0826849,-0.1174,0.490516
369.1,0.347708,0.122485,0.0220176,0.494746
369.2,0.248593,0.153256,0.151878,-0.720909
369.3,0.145913,0.177637,0.271619,-1.05722
369.4,0.0424875,0.19786,0.381037,-0.639913
369.5,-0.0600745,0.215666,0.480146,-0.303285
369.6,-0.161021,0.232272,0.569077,-0.799517
369.7,-0.260124,0.248384,0.648004,-2.05632
369.8,-0.357399,0.264232,0.717113,0.0650931
369.9,-0.452863,0.27963,0.776584,-1.13657
370,-0.54636,0.294052,0.826605,-0.0204339
370.1,-0.637433,0.306723,0.867393,-0.217598
370.2,-0.725259,0.316718,0.899227,-0.134773
370.3,-0.808641,0.323078,0.922489,0.408888
370.4,-0.886052,0.324915,0.937697,0.294012
370.5,-0.955731,0.321528,0.945536,-0.287923
370.6,-1.01581,0.312488,0.946871,-1.82485
370.7,-1.06448,0.297716,0.942754,-0.67817
370.8,-1.10016,0.27752,0.934409,0.464143
370.9,-1.12165,0.252609,0.923196,-1.40604
371,-1.12832,0.224065,0.910573,-0.658289
371.1,-1.12017,0.193283,0.898026,-0.224072
371.2,-1.09794,0.161892,0.887008,-1.48311
371.3,-1.06309,0.13165,0.87886,-1.11472
371.4,-1.01781,0.10434,0.874738,-0.148459
371.5,-0.964898,0.0816651,0.875553,-2.24975
371.6,-0.907667,0.0651485,0.881903,-0.167205
371.7,-0.849774,0.0560518,0.894042,0.302694
371.8,-0.795052,0.0553037,0.911843,0.275462
371.9,-0.747317,0.0634419,0.934798,-1.6068
372,-0.710177,0.0805656,0.962026,-0.177915
372.1,-0.686825,0.106297,0.992303,-0.0157511
372.2,-0.679852,0.139753,1.02411,0.173722
372.3,-0.691058,0.179535,1.05573,0.10454
372.4,-0.72128,0.223735,1.08527,-2.99388
372.5,-0.770253,0.269978,1.11084,0.0855414
372.6,-0.836512,0.315508,1.13064,-0.314786
372.7,-0.917352,0.357318,1.14305,-1.76352
372.8,-1.00887,0.392339,1.14681,0.551382
372.9,-1.10611,0.417663,1.14109,0.373746
373,-1.20328,0.430799,1.12559,-0.233012
373.1,-1.29412,0.429926,1.10064,-0.144826
373.2,-1.37231,0.414112,1.06719,-0.452728
373.3,-1.43191,0.383462,1.0268,-1.66001
373.4,-1.4679,0.339175,0.981596,0.392113
373.5,-1.47652,0.283499,0.934136,-0.612906
373.6,-1.45569,0.219564,0.887276,0.368525
373.7,-1.40519,0.151151,0.843989,0.0360055
373.8,-1.32669,0.082398,0.807174,0.278384
373.9,-1.22371,0.0174995,0.779469,-0.771632
374,-1.1014,-0.0395606,0.763078,0.302133
374.1,-0.966203,-0.0852246,0.75962,-0.569363
374.2,-0.825518,-0.116507,0.770021,-0.116398
374.3,-0.687299,-0.131081,0.794435,-0.0598291
374.4,-0.559683,-0.12732,0.832208,-1.82825
374.5,-0.450632,-0.104332,0.881879,-0.255828
374.6,-0.367586,-0.0620022,0.941213,-0.793435
374.7,-0.31713,-0.00107243,1.00727,-2.51516
374.8,-0.304641,0.0767471,1.07652,-0.355367
374.9,-0.333908,0.168645,1.14495,0.556258
375,-0.406733,0.270597,1.20828,-0.0279596
375.1,-0.522525,0.377324,1.26217,-2.29951
375.2,-0.677955,0.482387,1.30245,-0.558587
375.3,-0.866712,0.578465,1.32546,0.629693
375.4,-1.07949,0.657842,1.32831,0.6317
375.5,-1.30423,0.713104,1.30917,-1.67518
375.6,-1.52674,0.737952,1.26754,0.575737
375.7,-1.73161,0.728041,1.20441,0.425761
375.8,-1.90347,0.681681,1.12231,-0.104917
375.9,-2.02831,0.600255,1.02528,-0.0521819
376,-2.09489,0.488242,0.918599,0.411032
376.1,-2.09585,0.352813,0.808496,-0.670926
376.2,-2.02843,0.203059,0.701714,-0.444156
376.3,-1.89472,0.0489921,0.605025,-0.314289
376.4,-1.7014,-0.0994899,0.524761,-0.328439
376.5,-1.45901,-0.23348,0.466383,-1.13763
376.6,-1.18096,-0.34564,0.434148,-1.43389
376.7,-0.882438,-0.430422,0.430874,-0.103039
376.8,-0.579416,-0.483959,0.457811,-1.8744
376.9,-0.287846,-0.503731,0.514608,-4.23348
377,-0.0231149,-0.488156,0.599346,-1.16574
377.1,0.200259,-0.436272,0.708606,0.00094255
377.2,0.368802,-0.34762,0.837569,-0.0356459
377.3,0.470263,-0.222445,0.980128,-0.734159
377.4,0.493933,-0.0621904,1.12903,0.127754
377.5,0.431255,0.129731,1.27603,-0.045977
377.6,0.276759,0.347076,1.41221,0.357401
377.7,0.0293081,0.580027,1.52828,-0.353569
377.8,-0.306507,0.814835,1.61512,0.6398
377.9,-0.719091,1.03416,1.66441,-1.02465
378,-1.18906,1.21829,1.66938,0.250563
378.1,-1.68935,1.3473,1.62558,-0.909649
378.2,-2.1865,1.40392,1.53161,-0.78061
378.3,-2.64327,1.37656,1.38963,-0.422974
378.4,-3.0224,1.26196,1.20555,-0.401461
378.5,-3.29092,1.06652,0.988844,-2.61645
378.6,-3.42436,0.805974,0.751881,-2.75092
378.7,-3.40991,0.503227,0.508916,-0.187407
378.8,-3.24793,0.18485,0.274831,-0.0561782
378.9,-2.95145,-0.123,0.063825,-0.383869
379,-2.54383,-0.398239,-0.111747,-2.38729
379.1,-2.05522,-0.625309,-0.242238,0.28498
379.2,-1.51851,-0.796016,-0.321188,0.114359
379.3,-0.965709,-0.908812,-0.345407,-0.412393
379.4,-0.425261,-0.966949,-0.314747,0.460624
379.5,0.0793302,-0.976109,-0.23166,-0.0557824
379.6,0.529614,-0.942113,-0.100696,-0.498364
379.7,0.911332,-0.869164,0.0719738,0.352301
379.8,1.21298,-0.75889,0.2789,-2.48513
379.9,1.42426,-0.610299,0.511557,-0.902918
380,1.53493,-0.420611,0.760399,0.0579377
380.1,1.53424,-0.186852,1.01483,-0.681284
380.2,1.41147,0.0919742,1.26318,-0.0595146
380.3,1.15738,0.412442,1.49274,-0.332642
380.4,0.766809,0.764418,1.6901,0.193686
380.5,0.241858,1.1295,1.84161,0.566414
380.6,-0.404744,1.48085,1.9344,0.816712
380.7,-1.14699,1.785,1.95746,-0.637331
380.8,-1.94459,2.00588,1.90314,0.731701
380.9,-2.74448,2.11082,1.76846,0.55364
381,-3.48532,2.07735,1.55621,-0.641049
381.1,-4.1046,1.89917,1.27545,0.521141
381.2,-4.54745,1.5895,0.941189,0.417984
381.3,-4.77513,1.18022,0.573162,-0.143085
381.4,-4.77134,0.716876,0.193907,-0.828382
381.5,-4.5447,0.250451,-0.173652,-4.58081
381.6,-4.1267,-0.171717,-0.508635,-0.591465
381.7,-3.56589,-0.513575,-0.794221,0.637348
381.8,-2.91967,-0.754724,-1.01896,-1.63338
381.9,-2.24571,-0.890967,-1.17724,0.756154
382,-1.59476,-0.931626,-1.26889,-1.96478
382.1,-1.00595,-0.894987,-1.29828,0.265164
382.2,-0.504809,-0.803354,-1.27301,0.860539
382.3,-0.103745,-0.678842,-1.20259,0.378645
382.4,0.195896,-0.54052,-1.09715,-0.295631
382.5,0.400911,-0.402967,-0.966567,0.911574
382.6,0.523228,-0.275995,-0.819729,0.148281
382.7,0.577244,-0.165146,-0.664199,0.79077
382.8,0.577764,-0.0725627,-0.506062,0.0952883
382.9,0.538582,0.00202723,-0.349967,-0.14638
383,0.471646,0.060426,-0.199268,0.467493
383.1,0.38669,0.105243,-0.0562359,-0.603938
383.2,0.291196,0.139363,0.0777207,0.259556
383.3,0.190572,0.165582,0.201834,-0.201005
383.4,0.0884487,0.186385,0.315787,0.258757
383.5,-0.0129681,0.203817,0.419549,0.0691211
383.6,-0.112536,0.219427,0.513256,-0.409073
383.7,-0.209838,0.234261,0.597118,-0.534832
383.8,-0.304872,0.24888,0.671364,0.221696
383.9,-0.3978,0.263406,0.736213,0.0445969
384,-0.488728,0.27758,0.79187,0.104404
384.1,-0.577553,0.290842,0.838537,-0.623543
384.2,-0.663861,0.302412,0.876443,0.414784
384.3,-0.746871,0.311391,0.905875,-0.0127405
384.4,-0.82544,0.316862,0.927217,0.449718
384.5,-0.898117,0.317997,0.940983,-0.0135962
384.6,-0.963235,0.314154,0.947845,0.478024
384.7,-1.01904,0.304961,0.948646,0.0187078
384.8,-1.06385,0.29038,0.944403,-0.041643
384.9,-1.09622,0.270744,0.936291,0.16469
385,-1.11508,0.24676,0.92561,0.464833
385.1,-1.11988,0.219483,0.913744,-1.69066
385.2,-1.11072,0.190258,0.9021,-0.974004
385.3,-1.08837,0.160639,0.89204,0.0254644
385.4,-1.05429,0.132297,0.884817,-0.153176
385.5,-1.01062,0.106914,0.881502,-0.227003
385.6,-0.960074,0.08609,0.882922,0.181593
385.7,-0.905821,0.0712455,0.889611,-4.69205
385.8,-0.851355,0.0635455,0.901765,-2.0244
385.9,-0.800314,0.0638309,0.919225,0.320806
386,-0.756299,0.0725637,0.941468,-2.37285
386.1,-0.722687,0.0897815,0.967618,-1.23396
386.2,-0.702444,0.115064,0.996484,0.480817
386.3,-0.697933,0.147506,1.0266,-0.502584
386.4,-0.710748,0.185714,1.05632,-0.386585
386.5,-0.741549,0.227819,1.08385,-3.10777
386.6,-0.789938,0.271522,1.10742,0.250788
386.7,-0.854374,0.314183,1.12533,-0.627975
386.8,-0.932152,0.352953,1.1361,-0.111822
386.9,-1.01945,0.384954,1.13858,-1.31925
387,-1.11148,0.407494,1.13205,-0.0702286
387.1,-1.20271,0.418305,1.11631,-0.221842
387.2,-1.28724,0.415774,1.09173,-1.34618
387.3,-1.35911,0.399137,1.05929,0.133215
387.4,-1.41284,0.368614,1.02052,-0.278391
387.5,-1.4438,0.325443,0.97748,0.388403
387.6,-1.44865,0.27183,0.93263,0.313393
387.7,-1.42559,0.210794,0.888682,0.0962907
387.8,-1.37462,0.145935,0.848444,-0.192095
387.9,-1.29749,0.081172,0.814633,0.322473
388,-1.19772,0.0204602,0.789702,0.155728
388.1,-1.0803,-0.032455,0.775678,-0.629733
388.2,-0.951448,-0.0742362,0.774024,-1.14223
388.3,-0.818245,-0.102093,0.785534,-0.0290317
388.4,-0.688283,-0.113863,0.810267,-0.199772
388.5,-0.569292,-0.108065,0.847511,-1.06289
388.6,-0.468802,-0.0839347,0.895791,-6.09073
388.7,-0.393806,-0.0414725,0.9529,-1.41104
388.8,-0.350432,0.0184754,1.01597,-0.0930041
388.9,-0.343596,0.0941139,1.08159,-1.76575
389,-0.37664,0.182585,1.14592,-0.650021
389.1,-0.450953,0.279882,1.20489,-0.0507535
389.2,-0.5656,0.380836,1.25439,-0.281207
389.3,-0.717019,0.479238,1.29054,-0.138708
389.4,-0.898834,0.568128,1.30997,-2.07676
389.5,-1.10188,0.640282,1.31006,-0.360885
389.6,-1.31448,0.688867,1.28927,-0.129372
389.7,-1.5231,0.708206,1.2473,0.185271
389.8,-1.71317,0.694529,1.18527,0.522317
389.9,-1.87036,0.646595,1.10576,0.554845
390,-1.98177,0.566029,1.01272,0.339491
390.1,-2.0372,0.4573,0.911276,0.127442
390.2,-2.03017,0.327319,0.807372,0.286893
390.3,-1.95853,0.184706,0.707402,-1.28611
390.4,-1.82471,0.0388665,0.617743,0.170826
390.5,-1.63533,-0.100939,0.544316,-0.5982
390.6,-1.40062,-0.226385,0.492192,-0.0878375
390.7,-1.13345,-0.330588,0.465277,-0.945395
390.8,-0.848361,-0.408299,0.4661,-0.269695
390.9,-0.560611,-0.455802,0.495693,-0.692259
391,-0.285467,-0.470628,0.553557,-0.0876131
391.1,-0.0376876,-0.451208,0.637687,-0.0472388
391.2,0.168792,-0.396625,0.744641,0.34586
391.3,0.321068,-0.306556,0.869637,0.215129
391.4,0.407494,-0.181501,1.00666,-1.24774
391.5,0.418062,-0.0232772,1.1486,-1.84019
391.6,0.345045,0.164271,1.28748,0.62623
391.7,0.183924,0.374501,1.41467,-0.566074
391.8,-0.0654184,0.597355,1.52132,-0.135015
391.9,-0.397427,0.819159,1.59883,-1.14557
392,-0.79977,1.02308,1.63948,-0.824625
392.1,-1.25276,1.19043,1.63717,0.681988
392.2,-1.72965,1.30275,1.58813,0.291829
392.3,-2.19807,1.34453,1.49152,0.568401
392.4,-2.62261,1.30601,1.34997,-2.22195
392.5,-2.96845,1.18538,1.16963,-1.39992
392.6,-3.2054,0.989836,0.959923,-0.594899
392.7,-3.31167,0.735054,0.732918,-0.275215
392.8,-3.27662,0.443003,0.502314,-1.08005
392.9,-3.10196,0.138629,0.282261,-0.0926163
393,-2.80108,-0.15387,0.0861397,-0.0167602
393.1,-2.39672,-0.414292,-0.0744986,-0.246286
393.2,-1.91767,-0.628525,-0.190711,-0.216697
393.3,-1.39507,-0.789161,-0.256582,0.639065
393.4,-0.859139,-0.894712,-0.269285,0.687955
393.5,-0.33682,-0.947859,-0.228869,-1.69267
393.6,0.149338,-0.953267,-0.13786,-1.40515
393.7,0.581212,-0.915533,-0.000814782,-0.398789
393.8,0.944249,-0.837656,0.176086,-0.289661
393.9,1.22616,-0.720298,0.38533,-0.296071
394,1.41557,-0.561921,0.618234,-3.59709
394.1,1.50113,-0.359772,0.864982,0.37081
394.2,1.47128,-0.111604,1.11461,-0.0589864
394.3,1.31507,0.182089,1.35502,-0.0849978
394.4,1.02399,0.51565,1.57312,-0.161401
394.5,0.594704,0.876145,1.75521,0.662338
394.6,0.0323852,1.24217,1.88762,-0.201389
394.7,-0.646095,1.58425,1.95779,0.476105
394.8,-1.40995,1.86734,1.95554,0.809242
394.9,-2.21425,2.0556,1.87444,0.625194
395,-3.00231,2.11874,1.71322,-1.46543
395.1,-3.71123,2.03887,1.47662,0.30085
395.2,-4.27966,1.81581,1.17567,-0.505756
395.3,-4.6568,1.46914,0.827086,-1.61481
395.4,-4.81045,1.03607,0.451788,0.0925719
395.5,-4.73221,0.565084,0.0727539,0.163225
395.6,-4.43852,0.107171,-0.287448,-0.967575
395.7,-3.96729,-0.293087,-0.609015,0.342161
395.8,-3.37108,-0.604279,-0.876734,-1.37531
395.9,-2.70846,-0.811311,-1.08102,-1.17136
396,-2.03573,-0.91479,-1.2181,-0.330915
396.1,-1.40042,-0.927553,-1.28943,0.703875
396.2,-0.837433,-0.869807,-1.30061,0.656285
396.3,-0.367948,-0.764302,-1.26005,0.784136
396.4,-0.000489575,-0.632509,-1.17761,-0.522666
396.5,0.266622,-0.492222,-1.0635,-2.5371
396.6,0.442255,-0.356534,-0.927341,-1.27195
396.7,0.53951,-0.233853,-0.777661,-1.29092
396.8,0.573238,-0.128561,-0.621557,-1.3047
396.9,0.558174,-0.0419552,-0.464638,0.12289
397,0.507719,0.0267916,-0.311099,-1.66352
397.1,0.433264,0.0797908,-0.163891,0.402376
397.2,0.343938,0.119781,-0.0249395,-0.180172
397.3,0.246643,0.149659,0.104633,0.164577
397.4,0.146277,0.172166,0.224289,0.323187
397.5,0.0460412,0.189708,0.333894,-0.0841577
397.6,-0.0522084,0.204248,0.433564,-0.155089
397.7,-0.147612,0.217277,0.523548,-1.67593
397.8,-0.239984,0.229806,0.604143,-1.19385
397.9,-0.329527,0.242393,0.675646,-0.0631838
398,-0.41659,0.255186,0.738321,-1.65361
398.1,-0.501469,0.267976,0.7924,0.0516836
398.2,-0.584259,0.280264,0.838096,-0.434906
398.3,-0.664756,0.29134,0.875624,-0.0451019
398.4,-0.742401,0.300365,0.90524,-0.755062
398.5,-0.816278,0.306464,0.92727,0.466582
398.6,-0.885152,0.308823,0.94215,-0.350999
398.7,-0.94755,0.306775,0.950455,0.440711
398.8,-1.00188,0.299886,0.952909,-0.939098
398.9,-1.04655,0.288013,0.950401,0.473856
399,-1.08015,0.27135,0.943969,0.00490733
399.1,-1.10157,0.250436,0.934778,-0.103125
399.2,-1.11014,0.226141,0.924084,-0.0510832
399.3,-1.10574,0.199623,0.913184,-0.357251
399.4,-1.08889,0.172262,0.903352,0.449
399.5,-1.06072,0.145575,0.895784,-0.390377
399.6,-1.02301,0.121124,0.891528,0.437748
399.7,-0.978105,0.100425,0.891423,0.00250064
399.8,-0.928816,0.084859,0.896053,0.242218
399.9,-0.878293,0.0755898,0.905701,0.442408
400,-0.829876,0.0735002,0.920324,-0.352845
400.1,-0.786925,0.0791336,0.939544,0.471614
400.2,-0.752651,0.0926483,0.96265,-1.36454
400.3,-0.72993,0.113782,0.988628,-0.495718
400.4,-0.721136,0.141828,1.0162,-1.37603
400.5,-0.72797,0.175624,1.04388,-1.00829
400.6,-0.751308,0.213563,1.07005,0.0773675
400.7,-0.791079,0.253632,1.09307,-0.012678
400.8,-0.846176,0.293477,1.11133,-0.266497
400.9,-0.914416,0.330523,1.12339,0.553438
401,-0.992575,0.362119,1.12811,0.533083
401.1,-1.07649,0.385729,1.12469,0.53658
401.2,-1.16127,0.399142,1.11278,-0.460462
401.3,-1.24155,0.400682,1.09258,-1.44114
401.4,-1.31184,0.389399,1.06481,-0.945524
401.5,-1.36693,0.3652,1.03072,-0.869405
401.6,-1.40229,0.328924,0.992079,-6.21335
401.7,-1.41444,0.282309,0.951038,0.437788
401.8,-1.40126,0.227892,0.910037,-0.237675
401.9,-1.36217,0.168821,0.871652,-0.824374
402,-1.29828,0.108629,0.838432,0.351963
402.1,-1.2123,0.0509764,0.812734,-0.246696
402.2,-1.10841,-0.000578756,0.796569,-2.38839
402.3,-0.992021,-0.0427868,0.791468,-0.518299
402.4,-0.869457,-0.0728561,0.798371,-0.348332
402.5,-0.747647,-0.088556,0.817552,0.0880027
402.6,-0.633773,-0.0882814,0.848577,0.0378178
402.7,-0.534932,-0.0710993,0.890296,-0.282178
402.8,-0.45782,-0.0367972,0.940866,0.104139
402.9,-0.408409,0.0140531,0.997808,-3.30077
403,-0.391625,0.0800104,1.05809,-0.101934
403.1,-0.41101,0.158671,1.11828,0.0953142
403.2,-0.468375,0.246591,1.17462,0.424017
403.3,-0.563465,0.339272,1.22334,-0.0785749
403.4,-0.693666,0.431241,1.26076,0.514074
403.5,-0.853818,0.516277,1.28361,-0.365919
403.6,-1.03618,0.587805,1.28925,-0.0906825
403.7,-1.23066,0.639442,1.27596,-0.64837
403.8,-1.42524,0.665656,1.24311,-0.0393492
403.9,-1.60679,0.662447,1.19135,-0.423763
404,-1.76198,0.627938,1.12264,-0.126827
404.1,-1.87849,0.562763,1.04024,-0.463319
404.2,-1.9461,0.470158,0.948572,-3.86239
404.3,-1.95765,0.35571,0.852897,-0.738245
404.4,-1.90984,0.226804,0.759025,-0.108308
404.5,-1.80344,0.0918597,0.672886,0.298061
404.6,-1.64324,-0.0405042,0.600134,0.213412
404.7,-1.43759,-0.162227,0.545756,-0.264162
404.8,-1.19759,-0.266358,0.513763,-3.37446
404.9,-0.936287,-0.347347,0.50695,-1.9268
405,-0.667776,-0.401064,0.526747,-0.142462
405.1,-0.406458,-0.424633,0.573155,0.0760086
405.2,-0.166483,-0.416163,0.644743,-1.78185
405.3,0.0386338,-0.374526,0.738695,0.322006
405.4,0.196292,-0.29927,0.850886,-0.214589
405.5,0.295059,-0.19075,0.975989,-0.0525606
405.6,0.325029,-0.0505101,1.1076,0.518809
405.7,0.27837,0.118156,1.23844,0.581925
405.8,0.15012,0.309543,1.36055,-0.375154
405.9,-0.0607943,0.514972,1.4657,-0.129353
406,-0.350435,0.722539,1.54576,0.447146
406.1,-0.70884,0.917393,1.59331,-0.0797296
406.2,-1.11939,1.08272,1.60225,-1.00862
406.3,-1.55893,1.20144,1.56846,0.357218
406.4,-1.99874,1.25853,1.49045,-0.177147
406.5,-2.4067,1.24347,1.36978,-0.43719
406.6,-2.75031,1.15245,1.21126,0.597177
406.7,-3.0002,0.989577,1.02285,-0.366551
406.8,-3.13372,0.766857,0.815109,-1.0942
406.9,-3.13771,0.502663,0.600431,-1.27259
407,-3.01001,0.219079,0.391969,0.173378
407.1,-2.75944,-0.0613422,0.202535,-1.36557
407.2,-2.40416,-0.318645,0.043579,0.448104
407.3,-1.96903,-0.537698,-0.075631,-0.663401
407.4,-1.48234,-0.709182,-0.148508,0.560072
407.5,-0.972727,-0.82931,-0.171337,-1.30522
407.6,-0.466848,-0.898541,-0.143182,-0.164629
407.7,0.0120783,-0.919743,-0.065609,-0.57858
407.8,0.444598,-0.896318,0.0576832,-0.349018
407.9,0.814542,-0.830696,0.221222,0.26096
408,1.10802,-0.723492,0.418041,-0.0979932
408.1,1.31228,-0.573473,0.639851,0.231352
408.2,1.4149,-0.378347,0.877109,-0.223545
408.3,1.40361,-0.1363,1.11903,0.35058
408.4,1.26694,0.151909,1.35365,0.286741
408.5,0.995998,0.480637,1.56794,0.709092
408.6,0.587019,0.837263,1.74824,0.533527
408.7,0.0445688,1.20096,1.88088,-0.168845
408.8,-0.615343,1.54297,1.95322,0.0465446
408.9,-1.36305,1.82889,1.95487,-0.23995
409,-2.15485,2.02322,1.87913,-1.7984
409.1,-2.93527,2.09553,1.72427,0.543052
409.2,-3.64222,2.02714,1.49452,0.621527
409.3,-4.21464,1.81651,1.20032,-0.0843529
409.4,-4.6012,1.48154,0.857812,-0.185738
409.5,-4.7684,1.05773,0.487423,-1.56581
409.6,-4.70596,0.59224,0.111814,-1.387
409.7,-4.42813,0.135419,-0.246565,0.63078
409.8,-3.97072,-0.268071,-0.567809,0.308106
409.9,-3.38455,-0.586084,-0.83641,0.685274
410,-2.72714,-0.80239,-1.04235,0.44457
410.1,-2.05437,-0.916345,-1.18134,0.107915
410.2,-1.41397,-0.939666,-1.25431,0.575685
410.3,-0.841522,-0.891703,-1.26641,0.237924
410.4,-0.359124,-0.794653,-1.22563,-3.24799
410.5,0.0236538,-0.669679,-1.14157,-0.512209
410.6,0.307445,-0.534431,-1.02421,-1.48581
410.7,0.50012,-0.401919,-0.88312,0.829701
410.8,0.61384,-0.280466,-0.726821,0.362222
410.9,0.662554,-0.174327,-0.562518,0.649734
411,0.660111,-0.0846231,-0.396013,0.313229
411.1,0.619017,-0.0103352,-0.231782,-0.0657741
411.2,0.54977,0.0508177,-0.0731459,-1.0737
411.3,0.460624,0.101665,0.0775111,-1.23522
411.4,0.357679,0.145057,0.218521,0.23815
411.5,0.24517,0.183505,0.34873,-0.719854
411.6,0.125862,0.218952,0.46733,-2.56012
411.7,0.00149995,0.252654,0.573734,0.148815
411.8,-0.126763,0.285142,0.6675,0.0261936
411.9,-0.257964,0.316247,0.748284,-0.0333017
412,-0.390997,0.345182,0.815845,0.08473
412.1,-0.524364,0.37068,0.870072,-0.933356
412.2,-0.656023,0.391153,0.911029,-0.246752
412.3,-0.783336,0.404906,0.939012,-3.30994
412.4,-0.903125,0.410342,0.954612,-1.96161
412.5,-1.01182,0.406185,0.958757,0.0780605
412.6,-1.10571,0.391666,0.952741,-0.696315
412.7,-1.18121,0.366668,0.938228,-0.483887
412.8,-1.2352,0.331811,0.917217,-0.0812015
412.9,-1.26535,0.288458,0.891983,-0.0649026
413,-1.27035,0.238648,0.864986,-1.10056
413.1,-1.25013,0.184962,0.838755,-0.722665
413.2,-1.20593,0.130347,0.815761,-3.52442
413.3,-1.14036,0.0779111,0.798282,-2.61049
413.4,-1.05723,0.0307237,0.788275,0.218937
413.5,-0.961417,-0.00836016,0.787259,-0.225094
413.6,-0.858595,-0.0368432,0.796226,-1.14612
413.7,-0.75499,-0.0526914,0.815567,0.0849244
413.8,-0.657074,-0.0544083,0.845038,-2.90575
413.9,-0.571272,-0.0410922,0.883748,-0.0746893
414,-0.503672,-0.0124901,0.930176,-0.156337
414.1,-0.459734,0.0309417,0.982224,-0.177525
414.2,-0.443995,0.0879656,1.03729,-0.0162933
414.3,-0.45977,0.15649,1.09237,-0.415476
414.4,-0.508841,0.233512,1.14422,-1.24317
414.5,-0.591171,0.315116,1.18949,-0.364248
414.6,-0.704657,0.396547,1.22495,0.570381
414.7,-0.844963,0.472405,1.24767,0.562503
414.8,-1.00551,0.536971,1.25528,0.586455
414.9,-1.17763,0.584661,1.24618,0.522454
415,-1.35097,0.610572,1.21971,-0.400849
415.1,-1.5141,0.611052,1.17632,0.193303
415.2,-1.65536,0.584202,1.11762,0.235462
415.3,-1.76379,0.530236,1.04635,-4.02524
415.4,-1.83012,0.451588,0.966268,0.120402
415.5,-1.84762,0.352759,0.881954,-0.969156
415.6,-1.81276,0.239905,0.798494,-0.33811
415.7,-1.72558,0.120234,0.72115,-5.28567
415.8,-1.58964,0.00131679,0.655007,-2.3119
415.9,-1.41171,-0.109563,0.604625,-2.09894
416,-1.20124,-0.205922,0.573751,0.0886141
416.1,-0.969575,-0.282384,0.565085,-0.448624
416.2,-0.72925,-0.334783,0.580125,-3.62308
416.3,-0.493317,-0.36009,0.619088,-2.24047
416.4,-0.274779,-0.356253,0.680882,-0.0208632
416.5,-0.0861757,-0.322042,0.763134,-0.633976
416.6,0.0607442,-0.25699,0.862256,-0.464437
416.7,0.155331,-0.161497,0.973536,-0.0277006
416.8,0.188405,-0.0371199,1.09127,-0.897729
416.9,0.152763,0.112991,1.20892,-0.367485
417,0.0438789,0.283582,1.31938,-1.34136
417.1,-0.139247,0.466871,1.41522,-0.076176
417.2,-0.393158,0.65236,1.48916,0.255863
417.3,-0.709117,0.827092,1.53451,0.161775
417.4,-1.07261,0.976462,1.54575,-3.71422
417.5,-1.46343,1.08562,1.51908,-1.00495
417.6,-1.85654,1.14137,1.45298,0.3422
417.7,-2.22383,1.13419,1.34863,-0.378631
417.8,-2.5366,1.0601,1.21003,0.540976
417.9,-2.76856,0.921754,1.04401,-0.935866
418,-2.89887,0.728563,0.85972,-0.0481647
418.1,-2.91453,0.495587,0.668065,-0.944291
418.2,-2.81197,0.241477,0.480765,-1.49751
418.3,-2.59713,-0.0141508,0.309423,-0.0629767
418.4,-2.28443,-0.253295,0.164608,0.215427
418.5,-1.89469,-0.461558,0.0551089,-0.646196
418.6,-1.45248,-0.629177,-0.0125798,0.424636
418.7,-0.983557,-0.751016,-0.0344985,-0.980459
418.8,-0.512695,-0.825675,-0.00922944,-0.420974
418.9,-0.0623694,-0.854076,0.0622747,0.348269
419,0.347776,-0.837936,0.176954,-1.48719
419.1,0.700712,-0.7785,0.329921,0.212277
419.2,0.981344,-0.675813,0.514685,0.0647782
419.3,1.17573,-0.528706,0.723314,0.0610902
419.4,1.27054,-0.335516,0.946512,-0.441955
419.5,1.25307,-0.0955091,1.17368,0.222104
419.6,1.11207,0.189217,1.393,-0.311653
419.7,0.839506,0.511633,1.5917,-0.175413
419.8,0.432984,0.857975,1.75643,0.410919
419.9,-0.101252,1.20681,1.87403,0.611312
420,-0.745579,1.5296,1.9325,-0.615918
420.1,-1.46921,1.79317,1.92225,-0.100292
420.2,-2.22826,1.96421,1.83746,0.256566
420.3,-2.96831,2.01519,1.67723,0.624251
420.4,-3.6297,1.93049,1.44642,-0.0123492
420.5,-4.15485,1.71105,1.15584,-0.995738
420.6,-4.49656,1.37605,0.821587,0.371406
420.7,-4.62525,0.960618,0.463655,-1.37045
420.8,-4.53361,0.509961,0.103908,0.424359
420.9,-4.23736,0.0712655,-0.236224,0.348651
421,-3.77197,-0.314377,-0.537911,-2.10288
421.1,-3.18635,-0.618046,-0.786605,-0.565144
421.2,-2.53492,-0.825777,-0.97299,0.766281
421.3,-1.87002,-0.937942,-1.09315,0.88473
421.4,-1.23598,-0.966043,-1.14804,0.790046
421.5,-0.665639,-0.928235,-1.14248,0.868425
421.6,-0.179384,-0.844871,-1.08398,0.869847
421.7,0.213814,-0.734945,-0.981471,0.158636
421.8,0.514066,-0.613843,-0.844322,-0.471748
421.9,0.727699,-0.49237,-0.681549,0.592122
422,0.864462,-0.37678,-0.501345,0.243234
422.1,0.935179,-0.269449,-0.310857,0.295741
422.2,0.950039,-0.169881,-0.116169,0.594131
422.3,0.917546,-0.0757881,0.0775746,-0.363008
422.4,0.844084,0.0158816,0.265977,-0.542544
422.5,0.733978,0.108053,0.445172,0.0580147
422.6,0.589928,0.202803,0.611642,0.160713
422.7,0.413708,0.300815,0.762085,-1.08895
422.8,0.207009,0.401039,0.893367,-0.184688
422.9,-0.0276895,0.500558,1.00255,-0.726111
423,-0.286323,0.594703,1.08703,-1.24813
423.1,-0.562637,0.677427,1.1447,-0.593435
423.2,-0.847884,0.741924,1.1742,-0.902193
423.3,-1.13089,0.781461,1.17519,-0.923031
423.4,-1.39855,0.79032,1.14853,0.401795
423.5,-1.63673,0.76472,1.09646,-0.510762
423.6,-1.83143,0.70355,1.02264,0.0580797
423.7,-1.97024,0.60877,0.932043,0.0944681
423.8,-2.04356,0.485386,0.830778,-0.144287
423.9,-2.04577,0.340976,0.725707,-0.919528
424,-1.97584,0.184856,0.624034,-0.440708
424.1,-1.83747,0.027042,0.532826,0.125305
424.2,-1.63874,-0.122774,0.458556,0.109881
424.3,-1.39133,-0.256066,0.406703,0.0531543
424.4,-1.10947,-0.36598,0.38144,-0.0392496
424.5,-0.808832,-0.447472,0.385436,0.146798
424.6,-0.505624,-0.497134,0.419759,0.0641924
424.7,-0.215797,-0.512799,0.483864,-2.33774
424.8,0.0453954,-0.493115,0.575644,-0.164316
424.9,0.263635,-0.437225,0.691511,-2.0719
425,0.425656,-0.344684,0.826496,0.0806129
425.1,0.519385,-0.215697,0.974364,0.0339846
425.2,0.534257,-0.0516772,1.12774,-0.0160019
425.3,0.461841,0.143943,1.2783,-1.94439
425.4,0.296809,0.36481,1.41702,-0.0477663
425.5,0.0382373,0.600876,1.53454,0.202089
425.6,-0.30896,0.838065,1.6217,-0.0538019
425.7,-0.73272,1.05865,1.67019,0.144775
425.8,-1.21305,1.24253,1.67326,-2.14049
425.9,-1.72218,1.36953,1.62661,0.630666
426,-2.22591,1.42228,1.529,-2.43529
426.1,-2.6864,1.38942,1.38287,-2.18831
426.2,-3.06596,1.26815,1.19443,0.105743
426.3,-3.33156,1.06559,0.973485,-1.19757
426.4,-3.45903,0.798287,0.732733,-0.0268475
426.5,-3.43621,0.489915,0.486704,-4.20699
426.6,-3.26437,0.167632,0.250474,0.0484261
426.7,-2.95759,-0.142114,0.0383399,-0.191855
426.8,-2.54024,-0.417266,-0.137351,0.612094
426.9,-2.04328,-0.642568,-0.267051,0.619045
427,-1.50018,-0.810309,-0.34447,-0.184582
427.1,-0.943183,-0.919488,-0.366628,0.642799
427.2,-0.40071,-0.97387,-0.333597,-0.0312802
427.3,0.103977,-0.979544,-0.248036,-0.254478
427.4,0.552813,-0.942601,-0.114668,-0.549996
427.5,0.931978,-0.867384,0.0602014,-2.16753
427.6,1.23041,-0.755558,0.269035,0.154782
427.7,1.43821,-0.606095,0.503262,0.0173077
427.8,1.54547,-0.416146,0.753327,-1.12239
427.9,1.5417,-0.182654,1.00865,-2.28702
428,1.41637,0.0954573,1.25761,-1.58529
428.1,1.16041,0.414843,1.48757,-0.0563041
428.2,0.768728,0.765454,1.68516,-0.281799
428.3,0.24347,1.12899,1.83685,-0.430018
428.4,-0.402658,1.47876,1.92981,-1.02907
428.5,-1.14374,1.78142,1.95314,0.54179
428.6,-1.93964,2.00111,1.89922,-0.961353
428.7,-2.73754,2.10531,1.76513,-0.76643
428.8,-3.47634,2.07164,1.55368,-0.684302
428.9,-4.09384,1.89387,1.27392,-0.0357558
429,-4.5354,1.58512,0.940799,-0.012073
429.1,-4.76244,1.17712,0.574014,0.0694811
429.2,-4.75872,0.715148,0.196031,-0.305983
429.3,-4.53276,0.249954,-0.170296,-1.10769
429.4,-4.11588,-0.17135,-0.504138,-2.93751
429.5,-3.55639,-0.512853,-0.788709,-0.0407237
429.6,-2.91139,-0.754203,-1.01257,0.912578
429.7,-2.23831,-0.891164,-1.17006,-1.85275
429.8,-1.58771,-0.932953,-1.26099,0.958959
429.9,-0.998607,-0.897721,-1.28967,0.65011
430,-0.496498,-0.807621,-1.26363,-0.242841
430.1,-0.0938227,-0.684632,-1.19229,0.936114
430.2,0.207971,-0.547695,-1.08576,-2.92638
430.3,0.415538,-0.411279,-0.953845,-0.936757
430.4,0.540625,-0.2851,-0.805406,0.866387
430.5,0.597422,-0.174605,-0.647996,-1.02531
430.6,0.600506,-0.0818569,-0.487711,-1.06289
430.7,0.563423,-0.00650877,-0.329232,0.664957
430.8,0.497871,0.0532992,-0.175973,0.58644
430.9,0.413331,0.10021,-0.0302882,-3.16677
431,0.317051,0.137109,0.106304,-1.58837
431.1,0.214236,0.16675,0.232906,-0.22741
431.2,0.108363,0.191525,0.349051,-1.50876
431.3,0.00155941,0.213332,0.454549,0.0154153
431.4,-0.105021,0.233515,0.549371,-0.933831
431.5,-0.21084,0.252861,0.63357,0.0961313
431.6,-0.315655,0.271634,0.707236,-0.0647653
431.7,-0.419256,0.289629,0.770479,-0.811706
431.8,-0.52126,0.306261,0.823438,-0.119735
431.9,-0.62097,0.320663,0.866304,-0.0330226
432,-0.717298,0.331805,0.899356,-0.0464846
432.1,-0.808756,0.338624,0.923006,0.0618504
432.2,-0.89351,0.340147,0.937828,-0.239846
432.3,-0.969484,0.335623,0.944596,-1.50886
432.4,-1.03452,0.324623,0.944296,-0.167538
432.5,-1.08655,0.307123,0.938126,0.242036
432.6,-1.12381,0.283547,0.927479,-0.511023
432.7,-1.145,0.254769,0.913901,0.000608711
432.8,-1.14948,0.222082,0.899036,-1.47559
432.9,-1.13736,0.187118,0.884558,-1.07791
433,-1.10958,0.151752,0.872087,-3.53845
433.1,-1.06793,0.117983,0.863105,0.363985
433.2,-1.01496,0.087812,0.858879,-1.01273
433.3,-0.953932,0.0631244,0.860382,0.309937
433.4,-0.888634,0.0455868,0.868235,-1.0971
433.5,-0.823216,0.0365582,0.88266,-0.481126
433.6,-0.761993,0.037018,0.903452,0.26743
433.7,-0.709228,0.0475067,0.929979,-1.92143
433.8,-0.668921,0.0680762,0.961191,-0.517976
433.9,-0.64459,0.0982487,0.995661,0.497414
434,-0.639055,0.136983,1.03165,-0.593294
434.1,-0.654231,0.182658,1.06716,-3.48379
434.2,-0.690941,0.233078,1.10008,-2.22147
434.3,-0.748754,0.285516,1.12827,0.34398
434.4,-0.825872,0.336811,1.14968,-0.273694
434.5,-0.919089,0.383522,1.16255,-0.597436
434.6,-1.02384,0.422147,1.16548,-0.267304
434.7,-1.13437,0.449389,1.15759,0.261224
434.8,-1.24402,0.462462,1.13863,-0.242276
434.9,-1.3456,0.459384,1.10906,-0.223019
435,-1.43194,0.43923,1.07002,-0.14375
435.1,-1.49637,0.402298,1.0234,-0.00354697
435.2,-1.53334,0.350155,0.971666,-1.37783
435.3,-1.53883,0.285556,0.917783,0.196133
435.4,-1.51079,0.212234,0.86502,-1.1573
435.5,-1.4493,0.134598,0.816743,-0.770809
435.6,-1.35664,0.0573839,0.776201,0.168382
435.7,-1.23711,-0.0146978,0.746312,0.35426
435.8,-1.0968,-0.0772591,0.729473,0.0245267
435.9,-0.94317,-0.12646,0.727397,0.303093
436,-0.784631,-0.159141,0.741003,-1.01804
436.1,-0.630127,-0.172891,0.770336,-3.13966
436.2,-0.488712,-0.166062,0.814541,-2.12888
436.3,-0.369173,-0.13778,0.871864,0.416782
436.4,-0.279684,-0.0879929,0.939703,-0.22546
436.5,-0.227447,-0.0175597,1.01468,0.434508
436.6,-0.218324,0.0716005,1.09277,-0.0647056
436.7,-0.25641,0.17633,1.16944,-0.374342
436.8,-0.343577,0.292075,1.23985,0.114475
436.9,-0.478998,0.412813,1.29912,-0.456112
437,-0.658715,0.531146,1.34257,0.228748
437.1,-0.875361,0.638632,1.36614,0.252716
437.2,-1.11811,0.726377,1.36663,0.591787
437.3,-1.37299,0.78587,1.34211,-0.969099
437.4,-1.62361,0.80999,1.29217,0.463626
437.5,-1.85229,0.794001,1.21812,-0.332736
437.6,-2.04151,0.736383,1.12303,0.523051
437.7,-2.17561,0.639274,1.01166,-0.155048
437.8,-2.24228,0.508431,0.890161,-0.122057
437.9,-2.23392,0.352643,0.765708,0.349795
438,-2.14836,0.18273,0.645956,-0.723548
438.1,-1.98902,0.0102875,0.538501,-0.153372
438.2,-1.76446,-0.153558,0.45033,-0.054226
438.3,-1.48738,-0.299143,0.387362,-2.16567
438.4,-1.1734,-0.41886,0.354086,-0.916426
438.5,-0.839725,-0.507291,0.353339,0.221841
438.6,-0.504033,-0.560947,0.386207,-0.133384
438.7,-0.183608,-0.577753,0.452022,-0.739781
438.8,0.105151,-0.556487,0.548429,-0.812559
438.9,0.346935,-0.496345,0.671485,-0.715914
439,0.527579,-0.396805,0.815777,-0.70524
439.1,0.634124,-0.257871,0.97453,0.210413
439.2,0.655096,-0.0807089,1.13975,-0.194916
439.3,0.581139,0.131396,1.30238,0.465235
439.4,0.406082,0.371953,1.4526,-0.0671075
439.5,0.128405,0.630304,1.58017,0.467241
439.6,-0.247075,0.891147,1.67501,-0.145014
439.7,-0.707644,1.13487,1.72791,-0.399939
439.8,-1.23169,1.339,1.73136,-0.404121
439.9,-1.78878,1.48072,1.68046,-0.268467
440,-2.3411,1.54036,1.57375,0.724425
440.1,-2.8466,1.50502,1.4138,-0.548722
440.2,-3.26336,1.37166,1.2074,0.587812
440.3,-3.55476,1.14861,0.965319,0.174319
440.4,-3.6943,0.855053,0.701524,-0.325865
440.5,-3.66922,0.518195,0.431963,-1.09036
440.6,-3.48202,0.16895,0.1731,-0.0205544
440.7,-3.14954,-0.162992,-0.0595851,-0.629602
440.8,-2.69999,-0.453433,-0.252898,0.605292
440.9,-2.16848,-0.686366,-0.396849,-1.0775
441,-1.59223,-0.854684,-0.485105,-0.0331597
441.1,-1.00635,-0.959056,-0.51498,-1.19745
441.2,-0.440876,-1.00555,-0.487063,0.684893
441.3,0.0806422,-1.0028,-0.404628,-1.23656
441.4,0.54105,-0.95926,-0.272977,-1.6052
441.5,0.928413,-0.881308,-0.0988561,0.140064
441.6,1.23421,-0.772102,0.109985,-0.386601
441.7,1.45141,-0.631499,0.345032,-2.44889
441.8,1.57294,-0.456829,0.597078,-0.0220016
441.9,1.59081,-0.244406,0.856166,-0.454651
442,1.49618,0.00840931,1.11149,-2.63918
442.1,1.28056,0.30085,1.35137,0.653708
442.2,0.937894,0.626444,1.56336,-1.09911
442.3,0.467557,0.97123,1.73468,-0.363285
442.4,-0.122398,1.31307,1.85287,-1.29908
442.5,-0.812331,1.62263,1.90685,-0.433408
442.6,-1.56934,1.86639,1.88816,-0.128513
442.7,-2.34767,2.01161,1.79226,-1.29938
442.8,-3.09176,2.03252,1.61976,-0.302066
442.9,-3.74204,1.91645,1.37704,-0.460263
443,-4.24264,1.66802,1.07635,0.370997
443.1,-4.54967,1.31011,0.734988,-0.322183
443.2,-4.63817,0.88076,0.37373,0.206648
443.3,-4.50603,0.42657,0.0147349,-0.44309
443.4,-4.17394,-0.00558723,-0.32079,0.716097
443.5,-3.68131,-0.3765,-0.614688,0.809449
443.6,-3.07946,-0.66012,-0.853406,-0.209562
443.7,-2.42352,-0.845638,-1.02878,0.162589
443.8,-1.76507,-0.936224,-1.13804,-0.0926742
443.9,-1.14654,-0.945412,-1.18314,0.310151
444,-0.598345,-0.892501,-1.1697,0.894623
444.1,-0.138306,-0.798204,-1.10576,0.924113
444.2,0.226949,-0.681333,-1.00053,-1.12878
444.3,0.499487,-0.556821,-0.863466,-1.26074
444.4,0.687175,-0.434983,-0.703468,0.852449
444.5,0.800946,-0.321695,-0.528495,0.773204
444.6,0.852556,-0.219142,-0.34535,-0.26542
444.7,0.852994,-0.126816,-0.159688,-0.70017
444.8,0.811513,-0.0425365,0.0238537,-0.776896
444.9,0.73524,0.0366137,0.201457,-0.498075
445,0.629212,0.113517,0.369912,-0.837957
445.1,0.496755,0.190414,0.52642,-0.500894
445.2,0.340055,0.268467,0.668455,-2.32187
445.3,0.160858,0.347488,0.793681,-0.125723
445.4,-0.0388163,0.425835,0.899943,0.364871
445.5,-0.256018,0.500483,0.985332,0.448785
445.6,-0.486349,0.567267,1.0483,-0.331788
445.7,-0.723657,0.621306,1.08783,-2.33663
445.8,-0.95999,0.657571,1.1036,-0.104567
445.9,-1.18586,0.67154,1.09618,-1.47805
446,-1.39077,0.659863,1.06713,0.537619
446.1,-1.56407,0.620942,1.01908,-1.57032
446.2,-1.69582,0.555308,0.955699,0.453134
446.3,-1.77787,0.465742,0.881573,-0.0844034
446.4,-1.80465,0.35709,0.801972,0.33823
446.5,-1.77384,0.235804,0.722567,-0.352423
446.6,-1.68669,0.109303,0.649085,-1.47753
446.7,-1.54794,-0.0147459,0.586952,-0.043792
446.8,-1.36544,-0.129089,0.540958,-2.6077
446.9,-1.14956,-0.227378,0.514978,-2.20729
447,-0.912407,-0.304448,0.511756,-0.892425
447.1,-0.667101,-0.356369,0.532769,-0.383947
447.2,-0.427106,-0.38033,0.578159,-0.369492
447.3,-0.205709,-0.37444,0.646727,0.00548128
447.4,-0.0156487,-0.337551,0.735971,-2.10379
447.5,0.131168,-0.269205,0.842155,-0.192788
447.6,0.223935,-0.169751,0.960402,0.392076
447.7,0.253301,-0.0406733,1.08483,-0.0224073
447.8,0.21188,0.114914,1.2087,-0.551544
447.9,0.0949817,0.291706,1.32468,0.280679
448,-0.098486,0.481728,1.42514,-0.555472
448.1,-0.365017,0.674118,1.50254,0.110516
448.2,-0.695613,0.855377,1.54999,-1.2258
448.3,-1.07523,1.01023,1.56178,-0.152796
448.4,-1.48285,1.12312,1.53401,0.338946
448.5,-1.89239,1.18019,1.46514,0.690757
448.6,-2.27449,1.17152,1.35644,-1.4732
448.7,-2.59925,1.09305,1.21216,-0.965756
448.8,-2.83934,0.947756,1.03942,-0.945169
448.9,-2.9732,0.745736,0.84784,-0.390946
449,-2.98763,0.503015,0.648774,-0.873482
449.1,-2.87929,0.239301,0.454418,-0.0742039
449.2,-2.65489,-0.0248286,0.276795,0.15103
449.3,-2.32991,-0.270672,0.1268,0.399433
449.4,-1.92639,-0.483484,0.0134343,-1.39244
449.5,-1.47007,-0.65353,-0.0567169,-1.52174
449.6,-0.987667,-0.775998,-0.0797117,-1.44297
449.7,-0.504645,-0.850009,-0.0542327,0.532318
449.8,-0.043815,-0.877069,0.018616,-0.825059
449.9,0.375139,-0.859423,0.135605,-0.383583
450,0.735369,-0.798704,0.291684,-0.875338
450.1,1.02209,-0.695151,0.480227,-0.824588
450.2,1.22167,-0.547575,0.693197,0.0690104
450.3,1.32102,-0.354093,0.921221,0.458094
450.4,1.30747,-0.113577,1.15364,-0.262068
450.5,1.16965,0.172371,1.37857,0.138378
450.6,0.899079,0.497246,1.58313,-0.794952
450.7,0.492805,0.847725,1.75385,0.279891
450.8,-0.0436328,1.20261,1.87734,-0.646597
450.9,-0.693282,1.53327,1.94134,0.499014
451,-1.42582,1.80604,1.93591,0.733431
451.1,-2.19747,1.98674,1.85486,-0.0942158
451.2,-2.95339,2.04665,1.69693,-2.38145
451.3,-3.63294,1.9689,1.46673,0.609496
451.4,-4.17715,1.7534,1.17487,-0.428449
451.5,-4.53713,1.41879,0.837456,-0.699377
451.6,-4.68168,1.00028,0.474649,-2.49228
451.7,-4.60223,0.543826,0.108615,0.306521
451.8,-4.31383,0.0978666,-0.238809,-1.1054
451.9,-3.85203,-0.295084,-0.548355,-0.942155
452,-3.26643,-0.604801,-0.805081,0.743105
452.1,-2.61265,-0.816387,-0.999371,-2.57897
452.2,-1.94442,-0.929778,-1.12714,0.240318
452.3,-1.30741,-0.956534,-1.18931,0.8253
452.4,-0.735565,-0.915271,-1.19081,0.0423712
452.5,-0.249956,-0.82707,-1.13931,0.2286
452.6,0.140197,-0.711794,-1.04399,0.249389
452.7,0.435208,-0.585743,-0.914449,0.0907078
452.8,0.642022,-0.460613,-0.759894,-1.6132
452.9,0.771359,-0.343496,-0.588629,0.814738
453,0.835299,-0.237521,-0.407801,-1.3437
453.1,0.8455,-0.14283,-0.223359,-1.16193
453.2,0.812066,-0.057616,-0.0401534,0.495058
453.3,0.743003,0.0209154,0.137869,-1.35499
453.4,0.644156,0.095737,0.307457,0.234976
453.5,0.519488,0.169361,0.465841,-1.27596
453.6,0.371599,0.243375,0.610581,-0.149986
453.7,0.202372,0.318138,0.73945,-1.74237
453.8,0.0136721,0.392638,0.850405,0.0100885
453.9,-0.192002,0.46451,0.941617,-0.119259
454,-0.410971,0.530223,1.01156,-1.74132
454.1,-0.63801,0.585423,1.05915,-0.718967
454.2,-0.866216,0.62542,1.08392,0.131561
454.3,-1.08715,0.645783,1.08615,-1.0271
454.4,-1.29126,0.642957,1.06705,-3.39945
454.5,-1.46853,0.614839,1.02879,-0.255806
454.6,-1.60934,0.5612,0.974559,-0.328291
454.7,-1.7054,0.483889,0.90842,-0.272851
454.8,-1.75054,0.386763,0.83518,0.371019
454.9,-1.74148,0.275365,0.760123,-0.477854
455,-1.67816,0.156383,0.688698,-0.260971
455.1,-1.56387,0.0370107,0.626194,-1.94079
455.2,-1.405,-0.0756927,0.577413,-1.88278
455.3,-1.21055,-0.175324,0.546383,0.123018
455.4,-0.991471,-0.256482,0.536126,-0.736083
455.5,-0.759981,-0.314902,0.548503,-0.00194102
455.6,-0.528882,-0.347425,0.584117,-0.0816589
455.7,-0.311026,-0.35185,0.642285,-0.394999
455.8,-0.118889,-0.32678,0.721054,0.0702279
455.9,0.0357503,-0.271539,0.817256,-0.631
456,0.142095,-0.186232,0.926592,-1.08754
456.1,0.19066,-0.0719868,1.04375,-0.0124769
456.2,0.173727,0.068646,1.16254,-4.86205
456.3,0.0859666,0.231199,1.27613,-1.34306
456.4,-0.0747556,0.408824,1.3773,-1.4236
456.5,-0.306477,0.592023,1.4588,-1.99327
456.6,-0.602274,0.768754,1.51386,-0.401613
456.7,-0.949649,0.925045,1.53662,0.564678
456.8,-1.33041,1.04621,1.52281,-0.0682844
456.9,-1.72128,1.11855,1.4702,0.200443
457,-2.09532,1.13139,1.37911,-1.22511
457.1,-2.42419,1.07893,1.25264,-0.229921
457.2,-2.68098,0.961658,1.09668,-0.0325733
457.3,-2.84318,0.786756,0.919608,-2.53461
457.4,-2.89535,0.56741,0.731723,0.343361
457.5,-2.83091,0.321062,0.544437,0.192682
457.6,-2.65274,0.0669637,0.369343,-2.88392
457.7,-2.37253,-0.176421,0.217298,-0.213826
457.8,-2.00899,-0.393595,0.097619,-0.591279
457.9,-1.5854,-0.573365,0.0175031,-0.67997
458,-1.12705,-0.709159,-0.0183034,0.272862
458.1,-0.65893,-0.79841,-0.0075841,0.0446074
458.2,-0.204143,-0.841306,0.0494629,-1.01742
458.3,0.21685,-0.839296,0.150458,-0.44193
458.4,0.586253,-0.793738,0.291111,-0.029256
458.5,0.888394,-0.70501,0.465465,0.0812169
458.6,1.10897,-0.572267,0.66607,0.0159556
458.7,1.23444,-0.39394,0.884088,-1.68858
458.8,1.25184,-0.168934,1.10935,-2.91661
458.9,1.14939,0.101603,1.33046,0.511634
459,0.917944,0.412234,1.53493,0.647106
459.1,0.553233,0.751319,1.7096,-1.58323
459.2,0.0587121,1.09978,1.84123,0.60932
459.3,-0.551601,1.43117,1.91746,-0.0989225
459.4,-1.251,1.71356,1.92793,0.65777
459.5,-1.99953,1.91342,1.86561,-1.17053
459.6,-2.74584,2.00117,1.72809,-0.278724
459.7,-3.43153,1.95728,1.51847,-1.28726
459.8,-3.99804,1.77753,1.24577,0.572662
459.9,-4.39468,1.47564,0.924539,0.0717211
460,-4.58627,1.08217,0.573689,0.113696
460.1,-4.55873,0.639695,0.214615,-0.426576
460.2,-4.32094,0.19521,-0.131026,-1.77053
460.3,-3.90272,-0.208036,-0.443542,0.419237
460.4,-3.34929,-0.537337,-0.707054,-2.35994
460.5,-2.71373,-0.774313,-0.910662,-2.99923
460.6,-2.04926,-0.915254,-1.04884,0.508398
460.7,-1.40266,-0.968596,-1.12112,-1.37057
460.8,-0.810197,-0.950729,-1.13119,-0.593164
460.9,-0.295842,-0.881468,-1.08578,0.34196
461,0.128146,-0.780196,-0.993386,-1.37698
461.1,0.459238,-0.66323,-0.863253,0.811164
461.2,0.701879,-0.542495,-0.704492,-2.03621
461.3,0.864633,-0.425287,-0.525542,0.73024
461.4,0.957699,-0.314794,-0.333888,-0.371221
461.5,0.991012,-0.211039,-0.135992,0.541913
461.6,0.973031,-0.111977,0.0626074,-0.0944063
461.7,0.910154,-0.0145769,0.25712,-0.978798
461.8,0.806693,0.0842044,0.443287,-0.332156
461.9,0.665265,0.186604,0.617194,-3.73583
462,0.487501,0.293418,0.775129,0.369573
462.1,0.274939,0.403571,0.913533,-1.58017
462.2,0.0299801,0.51392,1.02904,0.120983
462.3,-0.243219,0.619334,1.11859,-0.01591
462.4,-0.538044,0.713062,1.17967,0.391892
462.5,-0.845034,0.787413,1.21057,0.354111
462.6,-1.15193,0.834686,1.21066,-1.24349
462.7,-1.44419,0.848245,1.18067,-0.0299148
462.8,-1.70597,0.823601,1.12284,-2.10624
462.9,-1.92151,0.759282,1.04102,-0.204229
463,-2.07667,0.657325,0.940553,0.474062
463.1,-2.16051,0.523266,0.828065,0.381768
463.2,-2.16649,0.365597,0.711052,-0.808683
463.3,-2.09326,0.194788,0.597413,0.0021812
463.4,-1.94482,0.0220687,0.494912,0.140894
463.5,-1.73007,-0.141781,0.410663,-1.93508
463.6,-1.46186,-0.28741,0.350683,0.106143
463.7,-1.15582,-0.407471,0.319553,-1.22117
463.8,-0.829058,-0.496756,0.320209,-3.02762
463.9,-0.499055,-0.551933,0.353849,-0.0024064
464,-0.182868,-0.571043,0.419937,-0.515494
464.1,0.103357,-0.552937,0.516275,-0.369986
464.2,0.344567,-0.49684,0.639106,0.251985
464.3,0.526822,-0.402191,0.783222,-1.45774
464.4,0.637335,-0.268867,0.942078,-0.136011
464.5,0.664693,-0.0977855,1.10792,-1.36056
464.6,0.599443,0.108171,1.27193,0.624617
464.7,0.435095,0.343071,1.4245,-1.86036
464.8,0.169541,0.596963,1.55557,-0.119044
464.9,-0.193295,0.855324,1.65515,0.72313
465,-0.641874,1.09929,1.71404,-1.12578
465.1,-1.15596,1.30691,1.72458,-1.39703
465.2,-1.70653,1.45559,1.68162,0.645247
465.3,-2.25705,1.52531,1.58327,0.53048
465.4,-2.76631,1.50234,1.43159,-0.0670469
465.5,-3.19265,1.38228,1.23278,-0.16319
465.6,-3.49896,1.17191,0.997069,-0.537587
465.7,-3.65754,0.888817,0.73793,-2.74331
465.8,-3.65388,0.559001,0.470986,-0.398082
465.9,-3.48843,0.212723,0.212563,-0.789652
466,-3.17606,-0.120311,-0.02179,0.499704
466.1,-2.74332,-0.415292,-0.218628,0.555329
466.2,-2.22422,-0.655204,-0.367572,-0.493843
466.3,-1.65552,-0.831784,-0.46182,0.638771
466.4,-1.07245,-0.944645,-0.498203,0.432245
466.5,-0.505594,-0.999065,-0.476858,-1.2905
466.6,0.0207075,-1.0032,-0.40068,-1.39752
466.7,0.488443,-0.965393,-0.274675,-1.02641
466.8,0.884898,-0.892113,-0.105372,-0.903921
466.9,1.20093,-0.786765,0.099622,-0.913573
467,1.4291,-0.649478,0.331886,-1.01628
467.1,1.56204,-0.477782,0.582268,-0.311754
467.2,1.59157,-0.268049,0.840847,-1.59689
467.3,1.5087,-0.0175141,1.09684,-0.396862
467.4,1.30463,0.273374,1.33854,0.00870488
467.5,0.972894,0.598614,1.5535,0.387142
467.6,0.512212,0.944789,1.72882,-0.131439
467.7,-0.0701904,1.29025,1.85187,-0.128397
467.8,-0.755612,1.60593,1.91133,0.683392
467.9,-1.51205,1.85822,1.89837,-2.51868
468,-2.2944,2.01383,1.80804,-0.0982142
468.1,-3.04732,2.04596,1.64046,0.116577
468.2,-3.71086,1.94057,1.40156,-1.18547
468.3,-4.22812,1.70086,1.10318,-0.449254
468.4,-4.55365,1.34851,0.76235,-2.11757
468.5,-4.66061,0.920889,0.399763,-0.0502255
468.6,-4.54508,0.464633,0.0376703,0.432123
468.7,-4.22623,0.0272987,-0.302454,-0.790163
468.8,-3.74259,-0.350745,-0.602068,-0.0587189
468.9,-3.14529,-0.642121,-0.847178,-1.8242
469,-2.48988,-0.83481,-1.02919,-0.560777
469.1,-1.82881,-0.931103,-1.14498,0.767317
469.2,-1.20565,-0.944086,-1.19623,0.940858
469.3,-0.651944,-0.89302,-1.18844,0.394019
469.4,-0.186457,-0.7989,-1.12957,0.563784
469.5,0.183503,-0.681018,-1.02892,-1.51718
469.6,0.459645,-0.55488,-0.896008,0.753106
469.7,0.649787,-0.43137,-0.739863,0.537669
469.8,0.765078,-0.316885,-0.568546,0.653608
469.9,0.817701,-0.214043,-0.388935,0.278129
470,0.819205,-0.122669,-0.206708,0.14931
470.1,0.77949,-0.0408042,-0.0264657,-4.68499
470.2,0.706339,0.0343704,0.148078,-3.0299
470.3,0.605401,0.105774,0.313878,0.229079
470.4,0.4805,0.175835,0.468361,-0.037091
470.5,0.334146,0.246067,0.609264,0.0219829
470.6,0.168168,0.316801,0.734536,0.233714
470.7,-0.0156229,0.387067,0.842303,-0.0140586
470.8,-0.214815,0.454627,0.930897,-3.52909
470.9,-0.425888,0.516158,0.998942,0.436347
471,-0.64388,0.567584,1.04549,0.300354
471.1,-0.862268,0.604538,1.07015,0.398263
471.2,-1.07311,0.622905,1.07328,0.430351
471.3,-1.26745,0.619403,1.05608,-0.511673
471.4,-1.43591,0.592104,1.02066,0.456037
471.5,-1.56952,0.540824,0.970059,0.441392
471.6,-1.66054,0.467307,0.908174,0.00371732
471.7,-1.70323,0.375165,0.839566,0.396197
471.8,-1.69453,0.269581,0.769245,0.0290496
471.9,-1.63442,0.156819,0.702378,-2.35821
472,-1.52601,0.0436396,0.643975,-0.0636617
472.1,-1.37531,-0.0632864,0.598588,-0.916719
472.2,-1.19085,-0.157866,0.57004,0.0634051
472.3,-0.98299,-0.234908,0.5612,0.205668
472.4,-0.763354,-0.290271,0.573835,-0.46229
472.5,-0.544168,-0.320849,0.608514,-1.5167
472.6,-0.337744,-0.324462,0.664576,-0.0663614
472.7,-0.15606,-0.299732,0.74014,-0.678038
472.8,-0.010431,-0.246028,0.832161,-0.31165
472.9,0.0887977,-0.163534,0.936506,0.279218
473,0.132591,-0.0534743,1.04807,-0.389797
473.1,0.11368,0.0815196,1.16093,-0.412086
473.2,0.0271702,0.236969,1.26855,-1.51683
473.3,-0.128709,0.406151,1.36405,-0.347035
473.4,-0.351766,0.579883,1.44056,0.678971
473.5,-0.635076,0.746667,1.49168,0.587024
473.6,-0.966455,0.893304,1.51194,0.373885
473.7,-1.32841,1.00604,1.49737,-0.467249
473.8,-1.69874,1.07216,1.44597,-0.56974
473.9,-2.05196,1.08185,1.35819,-0.426106
474,-2.36135,1.02988,1.23705,0.578647
474.1,-2.60167,0.916882,1.08822,0.547514
474.2,-2.75185,0.749668,0.919723,0.210699
474.3,-2.79747,0.5406,0.741347,0.247247
474.4,-2.73238,0.305969,0.56393,0.204158
474.5,-2.55931,0.0637637,0.39848,-0.907494
474.6,-2.28917,-0.168694,0.255312,0.246356
474.7,-1.93953,-0.376743,0.143301,-0.589575
474.8,-1.53233,-0.549611,0.0693271,-0.348409
474.9,-1.09155,-0.680726,0.0379544,0.260022
475,-0.641074,-0.767173,0.0513388,0.317716
475.1,-0.203249,-0.80858,0.109315,0.408822
475.2,0.20188,-0.805778,0.209597,-0.237728
475.3,0.55661,-0.759597,0.348009,-1.28183
475.4,0.845146,-0.67008,0.518711,-6.19893
475.5,1.05298,-0.536326,0.714348,-0.797541
475.6,1.16643,-0.357013,0.92616,-0.114493
475.7,1.17259,-0.131588,1.14406,0.0828212
475.8,1.06006,0.138034,1.35672,0.0622596
475.9,0.820437,0.445531,1.55183,-1.22509
476,0.450523,0.778436,1.71645,-0.41478
476.1,-0.0449097,1.11712,1.83773,-4.84578
476.2,-0.650499,1.43507,1.90379,0.796335
476.3,-1.33845,1.701,1.90487,0.722838
476.4,-2.06834,1.88274,1.83469,-1.3202
476.5,-2.78913,1.9527,1.6915,0.756411
476.6,-3.44384,1.89369,1.47906,-0.272245
476.7,-3.9762,1.70361,1.20682,-0.763115
476.8,-4.33849,1.39764,0.88951,0.327916
476.9,-4.49868,1.0067,0.545886,-0.265459
477,-4.44537,0.572509,0.196916,-0.399759
477.1,-4.18923,0.140196,-0.136404,-0.282361
477.2,-3.76065,-0.249448,-0.435166,-0.799095
477.3,-3.20416,-0.566176,-0.684263,-1.04785
477.4,-2.57116,-0.793576,-0.873448,-1.78308
477.5,-1.91257,-0.929091,-0.997649,-0.164177
477.6,-1.27282,-0.981417,-1.0566,0.921276
477.7,-0.686051,-0.966406,-1.05399,0.680446
477.8,-0.174776,-0.902754,-0.996341,-0.758567
477.9,0.249468,-0.808379,-0.891859,-0.747487
478,0.584061,-0.697989,-0.749443,-1.82212
478.1,0.832592,-0.581897,-0.577919,-1.6673
478.2,1.00211,-0.465885,-0.385559,-1.89945
478.3,1.10075,-0.351792,-0.179859,-1.15444
478.4,1.13601,-0.23853,0.0324803,-2.67503
478.5,1.11367,-0.12327,0.245426,0.310327
478.6,1.03745,-0.00266077,0.45342,-3.42481
478.7,0.909213,0.12605,0.651182,-1.39273
478.8,0.729704,0.264032,0.833554,0.411247
478.9,0.499564,0.410112,0.995434,0.212755
479,0.220608,0.560297,1.13184,0.146717
479.1,-0.102911,0.707672,1.23807,-3.5082
479.2,-0.463212,0.842758,1.31002,-0.0890486
479.3,-0.848285,0.954366,1.34459,0.641053
479.4,-1.24179,1.03092,1.34008,0.468404
479.5,-1.62366,1.06212,1.29662,-0.409122
479.6,-1.97151,1.04066,1.21648,-0.202522
479.7,-2.26263,0.963702,1.10421,0.424239
479.8,-2.47641,0.833758,0.966539,0.328073
479.9,-2.5967,0.658735,0.812054,0.267924
480,-2.61379,0.451056,0.650649,-2.07387
480.1,-2.52561,0.226032,0.492813,-0.104702
480.2,-2.33784,-0.00017616,0.348853,0.13136
480.3,-2.06309,-0.212566,0.22815,0.251377
480.4,-1.71933,-0.398853,0.138539,-0.687432
480.5,-1.3278,-0.550304,0.0858776,-1.42865
480.6,-0.910989,-0.661775,0.0738214,-0.401292
480.7,-0.490967,-0.731076,0.103785,-1.06001
480.8,-0.0882219,-0.757918,0.17505,-2.64766
480.9,0.278792,-0.742769,0.284948,-0.25008
481,0.593585,-0.685919,0.429066,-1.75806
481.1,0.841221,-0.586976,0.601425,0.242497
481.2,1.00784,-0.444952,0.794608,0.377974
481.3,1.08041,-0.258959,0.999856,-0.656914
481.4,1.04698,-0.0294683,1.20715,-0.140026
481.5,0.897648,0.24005,1.40539,-1.70146
481.6,0.626143,0.541411,1.58261,0.584803
481.7,0.232135,0.860346,1.72652,-0.875597
481.8,-0.276289,1.17599,1.82521,-0.374557
481.9,-0.880428,1.46173,1.86806,0.0209364
482,-1.54978,1.68771,1.84693,0.703023
482.1,-2.24258,1.82501,1.75731,-0.19174
482.2,-2.90851,1.85076,1.59931,-1.63048
482.3,-3.49371,1.75327,1.3783,0.394399
482.4,-3.94733,1.53566,1.10497,0.14194
482.5,-4.22871,1.21676,0.794598,0.0309783
482.6,-4.31335,0.82867,0.465804,-0.422721
482.7,-4.19659,0.411499,0.138664,-2.48146
482.8,-3.89379,0.00635239,-0.167293,0.59339
482.9,-3.43728,-0.351415,-0.434958,-0.932439
483,-2.87067,-0.637139,-0.651074,0.70523
483.1,-2.24212,-0.838973,-0.80703,0.73
483.2,-1.59779,-0.95717,-0.898979,-1.38012
483.3,-0.976981,-1.00123,-0.927383,-0.261472
483.4,-0.409272,-0.985995,-0.896157,0.83269
483.5,0.0861409,-0.927813,-0.811657,-1.76638
483.6,0.499379,-0.841424,-0.681676,0.832363
483.7,0.827714,-0.738025,-0.514617,-2.20533
483.8,1.07296,-0.624454,-0.318905,-0.628057
483.9,1.23898,-0.503323,-0.102665,-0.748095
484,1.32962,-0.373828,0.126379,-0.799531
484.1,1.34742,-0.232989,0.360832,-0.22656
484.2,1.29302,-0.0771019,0.593458,0.207389
484.3,1.16535,0.096736,0.816995,-0.210897
484.4,0.962594,0.289169,1.02403,-0.442318
484.5,0.683564,0.497345,1.20697,-1.08055
484.6,0.329589,0.714067,1.35823,-0.688879
484.7,-0.0935924,0.927563,1.47057,-0.394761
484.8,-0.574181,1.12206,1.53759,-0.612354
484.9,-1.09331,1.27927,1.55444,-1.38275
485,-1.62506,1.38078,1.51851,-0.0642461
485.1,-2.13779,1.41102,1.43006,0.340852
485.2,-2.59676,1.36024,1.29274,0.432043
485.3,-2.96781,1.22692,1.11365,-0.00861559
485.4,-3.22154,1.01886,0.903099,-1.17224
485.5,-3.33722,0.752479,0.673953,0.222035
485.6,-3.30556,0.450587,0.44058,-0.360292
485.7,-3.12987,0.138812,0.217655,0.262397
485.8,-2.82519,-0.158256,0.0189172,-2.83387
485.9,-2.41592,-0.420408,-0.14389,-0.248572
486,-1.93223,-0.633906,-0.261784,-0.113084
486.1,-1.40624,-0.792027,-0.328928,-0.479072
486.2,-0.868689,-0.89417,-0.342651,-1.30409
486.3,-0.346548,-0.943979,-0.303185,0.537526
486.4,0.13807,-0.947066,-0.213217,-0.645231
486.5,0.567867,-0.908881,-0.0774025,-5.44203
486.6,0.92941,-0.833137,0.0980785,-0.337878
486.7,1.21172,-0.721034,0.305837,-0.53246
486.8,1.40482,-0.571332,0.537449,-1.45439
486.9,1.49867,-0.381264,0.783493,0.0631302
487,1.48282,-0.148147,1.03353,0.49295
487.1,1.34697,0.128489,1.27605,-0.509913
487.2,1.08261,0.444563,1.49863,-0.135424
487.3,0.685496,0.789319,1.68814,0.6406
487.4,0.158827,1.14398,1.8314,0.602823
487.5,-0.483595,1.48176,1.91604,-0.903979
487.6,-1.21497,1.76991,1.9317,-1.08372
487.7,-1.9948,1.97372,1.87141,-0.722582
487.8,-2.77062,2.06244,1.73286,-0.202902
487.9,-3.48259,2.01574,1.51942,0.637512
488,-4.07058,1.82925,1.24049,0.174445
488.1,-4.4826,1.51733,0.911183,-1.02478
488.2,-4.68284,1.11198,0.551052,-0.651299
488.3,-4.65738,0.657659,0.182166,-0.465717
488.4,-4.41626,0.203337,-0.173211,-0.943589
488.5,-3.99116,-0.206124,-0.494935,-1.365
488.6,-3.42963,-0.537059,-0.766886,-0.744323
488.7,-2.78714,-0.770895,-0.978164,0.896787
488.8,-2.11895,-0.904425,-1.12347,0.723465
488.9,-1.47335,-0.947091,-1.20272,-0.901313
489,-0.8874,-0.916566,-1.22014,-0.833552
489.1,-0.385167,-0.834033,-1.183,0.859566
489.2,0.0216621,-0.720217,-1.10036,-0.655033
489.3,0.331695,-0.592706,-0.981906,0.183192
489.4,0.550991,-0.464632,-0.837055,0.880431
489.5,0.690141,-0.344451,-0.674382,-1.2327
489.6,0.761719,-0.236474,-0.501279,-0.642194
489.7,0.778327,-0.141768,-0.323869,0.491133
489.8,0.751299,-0.0591711,-0.147066,0.530441
489.9,0.689992,0.0137582,0.0252507,-0.0300616
490,0.601568,0.079939,0.19003,-0.719796
490.1,0.491131,0.142142,0.344832,-0.206985
490.2,0.362114,0.202533,0.487639,-0.281059
490.3,0.216804,0.26237,0.616713,-1.27262
490.4,0.0569252,0.321834,0.730514,-0.276638
490.5,-0.115775,0.379992,0.82767,0.330254
490.6,-0.299018,0.434873,0.907006,-0.055757
490.7,-0.489589,0.483672,0.967621,-0.572335
490.8,-0.683103,0.523049,1.00899,-0.0100843
490.9,-0.873953,0.549524,1.03109,0.116203
491,-1.05546,0.559926,1.03451,-1.41986
491.1,-1.22025,0.551835,1.02055,-0.0621411
491.2,-1.36076,0.52398,0.991268,-1.12964
491.3,-1.46985,0.476511,0.949449,0.304637
491.4,-1.54155,0.411118,0.898546,-1.20622
491.5,-1.57158,0.330955,0.84253,-0.126497
491.6,-1.55791,0.2404,0.785689,-0.511522
491.7,-1.50098,0.14467,0.732393,0.0665564
491.8,-1.4038,0.049372,0.686837,-0.0104759
491.9,-1.27176,-0.0399406,0.652797,0.0243178
492,-1.11228,-0.118146,0.633402,-1.67758
492.1,-0.934366,-0.180813,0.630956,0.267272
492.2,-0.748069,-0.22434,0.646808,0.0598053
492.3,-0.563991,-0.245979,0.681269,0.181
492.4,-0.392834,-0.243803,0.733579,-0.143926
492.5,-0.245008,-0.216664,0.801924,-1.60069
492.6,-0.130288,-0.164206,0.883473,0.0675316
492.7,-0.0574829,-0.0869575,0.974467,0.012149
492.8,-0.0340569,0.0134702,1.07033,-1.59101
492.9,-0.065681,0.134104,1.16582,-0.0850233
493,-0.155682,0.270315,1.25524,-0.0604172
493.1,-0.304421,0.415602,1.33272,0.572555
493.2,-0.508665,0.561552,1.3925,-0.0904161
493.3,-0.76107,0.698106,1.42938,0.183259
493.4,-1.04993,0.814192,1.43907,-0.0307459
493.5,-1.35932,0.898738,1.4187,-1.51431
493.6,-1.66986,0.941971,1.36717,-0.46304
493.7,-1.95992,0.936822,1.28541,-0.311117
493.8,-2.2075,0.880154,1.1766,-1.40258
493.9,-2.39232,0.773549,1.04601,-1.14529
494,-2.49795,0.623419,0.900781,-1.50097
494.1,-2.51365,0.440354,0.749424,-0.0184106
494.2,-2.43546,0.237818,0.601189,0.0471989
494.3,-2.2666,0.0304332,0.465362,-1.0122
494.4,-2.01682,-0.167772,0.350572,0.171989
494.5,-1.70121,-0.344799,0.264196,0.194981
494.6,-1.33842,-0.491543,0.211905,0.318985
494.7,-0.948935,-0.601988,0.197402,-1.4272
494.8,-0.553461,-0.672801,0.222317,-0.152075
494.9,-0.171832,-0.702531,0.286246,-0.699502
495,0.177582,-0.690686,0.386875,0.0315069
495.1,0.477992,-0.636945,0.520128,0.0102598
495.2,0.714002,-0.540742,0.680325,-0.0029093
495.3,0.871358,-0.401356,0.860305,0.181427
495.4,0.936902,-0.218547,1.05153,-0.387285
495.5,0.898954,0.00629742,1.24423,0.3532
495.6,0.748289,0.268707,1.42756,0.606894
495.7,0.479741,0.559629,1.58995,0.165023
495.8,0.0942895,0.864315,1.71961,-0.0824262
495.9,-0.398706,1.16205,1.80522,0.424267
496,-0.97965,1.42716,1.83692,0.611767
496.1,-1.61789,1.63157,1.80736,-0.104015
496.2,-2.27252,1.74878,1.71279,0.749903
496.3,-2.89527,1.75861,1.55392,-0.412466
496.4,-3.43531,1.65175,1.3365,-2.68971
496.5,-3.84553,1.43279,1.0712,0.318038
496.6,-4.08898,1.1207,0.772966,-1.04704
496.7,-4.1443,0.746289,0.459693,-0.260581
496.8,-4.00867,0.347125,0.150492,-0.482571
496.9,-3.69778,-0.03886,-0.136182,0.421066
497,-3.2427,-0.37944,-0.384246,-1.21161
497.1,-2.68458,-0.652394,-0.581282,-0.657652
497.2,-2.0684,-0.847227,-0.719229,-1.13631
497.3,-1.43716,-0.964337,-0.794468,-0.747385
497.4,-0.827457,-1.01229,-0.807389,0.772724
497.5,-0.26707,-1.00422,-0.761614,-1.85096
497.6,0.225476,-0.954266,-0.663074,0.70645
497.7,0.639816,-0.874801,-0.519132,-3.59855
497.8,0.971646,-0.774661,-0.337865,-2.55715
497.9,1.22027,-0.658492,-0.127578,0.592664
498,1.3863,-0.527014,0.103437,0.184558
498.1,1.46986,-0.377981,0.346935,-0.201488
498.2,1.46955,-0.207627,0.594615,-2.08432
498.3,1.38231,-0.0123888,0.837948,-1.55347
498.4,1.20409,0.209251,1.06804,-0.46679
498.5,0.931343,0.455031,1.27561,-0.429937
498.6,0.563157,0.717516,1.45113,0.68437
498.7,0.103652,0.983378,1.58519,0.462593
498.8,-0.435708,1.23367,1.66918,-0.11678
498.9,-1.03446,1.44536,1.69606,-0.15459
499,-1.66269,1.59417,1.6613,-3.1379
499.1,-2.28224,1.65845,1.56381,-0.711122
499.2,-2.84981,1.62343,1.40658,-0.361757
499.3,-3.32156,1.48475,1.19704,-0.225239
499.4,-3.65875,1.2505,0.946768,0.251614
499.5,-3.83312,0.94075,0.670736,-1.55907
499.6,-3.83103,0.584653,0.386044,-0.0177274
499.7,-3.65524,0.215668,0.110337,-1.33319
499.8,-3.32411,-0.133928,-0.139812,0.0247602
499.9,-2.86831,-0.437872,-0.35032,-0.51356
500,-2.32598,-0.679004,-0.510588,-0.881124
500.1,-1.73737,-0.850134,-0.613977,0.827938
500.2,-1.1401,-0.952849,-0.65778,0.789748
500.3,-0.565847,-0.994929,-0.642773,-0.831633
500.4,-0.0387229,-0.987183,-0.572529,0.276724
500.5,0.424735,-0.940509,-0.452647,0.747173
500.6,0.814297,-0.863659,-0.29005,0.436158
500.7,1.12408,-0.761975,-0.0924489,-1.44902
500.8,1.35039,-0.63709,0.131983,0.319935
500.9,1.48987,-0.487486,0.374736,-1.25369
501,1.53825,-0.309726,0.626923,-0.106194
501.1,1.48987,-0.100189,0.879161,-5.93093
501.2,1.33829,0.14291,1.12146,-0.103144
501.3,1.07767,0.417442,1.34318,-0.125097
501.4,0.705079,0.715555,1.53325,-0.967917
501.5,0.223232,1.02254,1.68055,0.617897
501.6,-0.356732,1.31681,1.77461,-0.11287
501.7,-1.01308,1.57144,1.80664,-0.492545
501.8,-1.71264,1.75735,1.77055,0.00585421
501.9,-2.41197,1.84794,1.66411,0.0914674
502,-3.06076,1.82432,1.48984,0.699584
502.1,-3.60734,1.67997,1.25537,0.499622
502.2,-4.00546,1.42351,0.97333,-0.392923
502.3,-4.22103,1.07841,0.660385,-2.13742
502.4,-4.23733,0.679512,0.335789,0.234739
502.5,-4.0574,0.267143,0.019482,-1.40165
502.6,-3.70309,-0.11986,-0.269862,0.15264
502.7,-3.21103,-0.450239,-0.516535,-3.03585
502.8,-2.62653,-0.704231,-0.708984,0.800596
502.9,-1.99698,-0.87462,-0.840344,-1.55146
503,-1.3659,-0.965205,-0.908338,0.708737
503.1,-0.768847,-0.987542,-0.91467,-0.382452
503.2,-0.231398,-0.957056,-0.864106,0.21924
503.3,0.230837,-0.889478,-0.763466,-1.14031
503.4,0.610735,-0.798195,-0.62069,-0.980878
503.5,0.907327,-0.692736,-0.4441,-0.332097
503.6,1.12323,-0.578321,-0.241915,-0.674134
503.7,1.2623,-0.456245,-0.0220146,0.486618
503.8,1.32791,-0.324835,0.208098,0.339427
503.9,1.32183,-0.180757,0.44118,-0.852385
504,1.24399,-0.0204821,0.670074,0.2947
504.1,1.09287,0.158224,0.887536,0.0301371
504.2,0.866672,0.35492,1.08614,0.172777
504.3,0.564826,0.565374,1.25835,0.605594
504.4,0.189901,0.780915,1.39667,-0.0691526
504.5,-0.250563,0.988442,1.49413,-0.122189
504.6,-0.742598,1.17129,1.54483,0.716304
504.7,-1.26512,1.31101,1.54459,-0.57033
504.8,-1.79034,1.38997,1.49171,-0.165746
504.9,-2.28554,1.39431,1.38752,0.0244256
505,-2.71602,1.31685,1.23676,0.606158
505.1,-3.049,1.15905,1.04757,0.460637
505.2,-3.25776,0.931549,0.831112,-0.00245745
505.3,-3.32518,0.652962,0.600746,-0.0173609
505.4,-3.24604,0.347174,0.370975,-0.214224
505.5,-3.02752,0.0396317,0.156196,-2.68548
505.6,-2.68783,-0.246394,-0.0304819,-0.435323
505.7,-2.25337,-0.492772,-0.178207,-1.45514
505.8,-1.75507,-0.688088,-0.279028,-0.660835
505.9,-1.22465,-0.827706,-0.328153,-0.904343
506,-0.691665,-0.912509,-0.323877,-2.27325
506.1,-0.181461,-0.946867,-0.267251,0.689984
506.2,0.28547,-0.936373,-0.161617,-1.5934
506.3,0.693144,-0.88589,-0.0121359,-1.66794
506.4,1.02895,-0.798234,0.174614,-4.8274
506.5,1.2822,-0.673679,0.390902,-1.25035
506.6,1.44282,-0.510329,0.627967,0.0307143
506.7,1.50045,-0.305272,0.876032,-0.0856728
506.8,1.44447,-0.0563986,1.12427,-2.33283
506.9,1.2649,0.235364,1.3608,-2.41078
507,0.954352,0.563735,1.57288,-0.998446
507.1,0.510844,0.915151,1.74723,0.143002
507.2,-0.0590003,1.26785,1.87082,0.795418
507.3,-0.736942,1.59253,1.93181,-0.844928
507.4,-1.49123,1.85509,1.92087,-0.101821
507.5,-2.27667,2.02147,1.83252,-0.273594
507.6,-3.03743,2.06381,1.66635,0.463852
507.7,-3.71255,1.96693,1.42789,-0.689047
507.8,-4.24371,1.73297,1.12866,-0.534351
507.9,-4.58374,1.38299,0.785538,0.0477983
508,-4.70411,0.954235,0.419255,-0.00783573
508.1,-4.59941,0.493866,0.0522448,0.370724
508.2,-4.28788,0.0504317,-0.29371,0.60534
508.3,-3.80773,-0.334458,-0.599695,0.443946
508.4,-3.21039,-0.632214,-0.851344,0.888336
508.5,-2.55223,-0.829876,-1.03975,-0.208073
508.6,-1.88676,-0.92919,-1.16156,-2.53931
508.7,-1.25869,-0.943118,-1.21836,0.301924
508.8,-0.700551,-0.891152,-1.21564,0.883916
508.9,-0.231834,-0.794756,-1.16147,-1.81852
509,0.139752,-0.67382,-1.06526,-1.12627
509.1,0.415851,-0.544475,-0.936707,0.698973
509.2,0.604513,-0.418203,-0.785005,-1.66853
509.3,0.717368,-0.301933,-0.618332,-0.871113
509.4,0.767265,-0.198737,-0.443629,-3.28989
509.5,0.766557,-0.108802,-0.266564,-0.645763
509.6,0.726014,-0.0304299,-0.091643,-0.606066
509.7,0.654303,0.0390583,0.0776023,-0.457682
509.8,0.557906,0.10259,0.238397,0.0578269
509.9,0.441354,0.162781,0.388513,-0.464293
510,0.307658,0.221538,0.526097,0.137718
510.1,0.158862,0.279809,0.649542,0.039533
510.2,-0.00337808,0.337464,0.757421,-1.36466
510.3,-0.17724,0.393296,0.848478,0.301296
510.4,-0.360259,0.445135,0.921667,0.398379
510.5,-0.548985,0.490078,0.976235,0.223812
510.6,-0.738801,0.524811,1.01183,-1.16232
510.7,-0.923933,0.546013,1.02863,0.464332
510.8,-1.09766,0.550791,1.02743,-0.00276394
510.9,-1.25273,0.5371,1.00972,-0.547947
511,-1.38186,0.504099,0.977745,0.0483939
511.1,-1.47841,0.452369,0.934435,-1.20988
511.2,-1.53703,0.383981,0.883329,-0.501778
511.3,-1.55416,0.302368,0.828415,0.391665
511.4,-1.52854,0.212055,0.773924,-3.18165
511.5,-1.46132,0.118266,0.724096,-0.472506
511.6,-1.35614,0.0264815,0.682928,-0.108835
511.7,-1.21887,-0.0579722,0.65394,-1.63909
511.8,-1.05724,-0.130262,0.639968,-1.40644
511.9,-0.880387,-0.186268,0.643,0.276933
512,-0.698337,-0.222689,0.664064,-0.176771
512.1,-0.521536,-0.237051,0.703158,0.322136
512.2,-0.360416,-0.22768,0.759234,-2.33924
512.3,-0.225024,-0.193676,0.830216,-0.719902
512.4,-0.124691,-0.134947,0.913059,-1.20412
512.5,-0.0676804,-0.0523342,1.00383,0.0456485
512.6,-0.0608039,0.0521714,1.09785,-0.192862
512.7,-0.108944,0.175157,1.18984,-0.89532
512.8,-0.214495,0.311521,1.27414,-2.09103
512.9,-0.376754,0.454319,1.34504,-0.636477
513,-0.591338,0.594811,1.39704,-0.396221
513.1,-0.849757,0.722832,1.42531,-0.251018
513.2,-1.13929,0.827521,1.42605,-0.196339
513.3,-1.44329,0.898394,1.39696,0.668324
513.4,-1.74208,0.926648,1.33757,0.285837
513.5,-2.01432,0.906485,1.24943,0.238095
513.6,-2.23891,0.83619,1.13629,0.505566
513.7,-2.39705,0.718707,1.00387,-0.0342073
513.8,-2.47427,0.561527,0.859587,0.346158
513.9,-2.46196,0.375865,0.712011,-0.374213
514,-2.3583,0.175263,0.570248,-0.135556
514.1,-2.16832,-0.0260965,0.443235,-1.76006
514.2,-1.90314,-0.215017,0.339095,-0.747803
514.3,-1.57858,-0.380528,0.26459,-0.0238827
514.4,-1.21351,-0.514535,0.224731,-0.323308
514.5,-0.828148,-0.611843,0.222564,0.311812
514.6,-0.442637,-0.669644,0.259105,-0.241319
514.7,-0.0761348,-0.686706,0.333401,0.158871
514.8,0.253645,-0.662511,0.442652,-0.878841
514.9,0.530464,-0.596607,0.582363,0.110597
515,0.739366,-0.488351,0.74648,-0.0800073
515.1,0.866509,-0.337169,0.92751,-0.000464717
515.2,0.899262,-0.14334,1.11663,0.370782
515.3,0.826772,0.090785,1.30385,0.212075
515.4,0.641135,0.359327,1.47821,-0.536697
515.5,0.33913,0.651521,1.62819,-0.179536
515.6,-0.0756669,0.950873,1.74227,-2.34397
515.7,-0.590787,1.23529,1.8097,0.212995
515.8,-1.18335,1.47854,1.82152,0.507501
515.9,-1.81975,1.65327,1.77156,0.054583
516,-2.45711,1.73514,1.65753,0.341247
516.1,-3.04675,1.70752,1.48173,0.404116
516.2,-3.53939,1.56553,1.25142,-0.677393
516.3,-3.89148,1.31826,0.978549,-2.15832
516.4,-4.07127,0.988272,0.678885,0.278555
516.5,-4.06341,0.608279,0.370571,0.219091
516.6,-3.87094,0.215661,0.072376,0.433358
516.7,-3.51427,-0.153799,-0.198128,-0.229557
516.8,-3.02735,-0.471366,-0.426128,-1.5558
516.9,-2.45214,-0.718785,-0.600653,0.148027
517,-1.83251,-0.889139,-0.715078,-0.436277
517.1,-1.20901,-0.985382,-0.767035,0.629056
517.2,-0.615069,-1.01733,-0.757875,-4.53571
517.3,-0.0753745,-0.998086,-0.691866,-0.42237
517.4,0.394109,-0.940765,-0.575299,-2.09952
517.5,0.784663,-0.85606,-0.415681,-1.46751
517.6,1.0926,-0.750883,-0.221123,0.520996
517.7,1.31689,-0.628038,5.08458e-05,-1.37704
517.8,1.45701,-0.486754,0.239451,-0.568199
517.9,1.5115,-0.323868,0.4886,0.156119
518,1.47727,-0.135453,0.738795,-0.0148797
518.1,1.34986,0.0813102,0.980949,0.385467
518.2,1.12454,0.326209,1.2055,-0.272395
518.3,0.798222,0.594267,1.40249,-1.70406
518.4,0.371899,0.874529,1.56181,-0.167495
518.5,-0.146786,1.14973,1.67378,0.146033
518.6,-0.741332,1.39721,1.72991,0.754268
518.7,-1.38516,1.59123,1.72386,-0.139109
518.8,-2.04196,1.70668,1.65244,-1.03663
518.9,-2.668,1.7236,1.51649,-0.228051
519,-3.21632,1.6315,1.32143,0.579224
519.1,-3.64244,1.43258,1.07731,-0.00377568
519.2,-3.91044,1.14251,0.798227,-0.637104
519.3,-3.99821,0.78858,0.501245,-0.265603
519.4,-3.90067,0.405256,0.204783,-1.38393
519.5,-3.63022,0.0284141,-0.0731081,-0.50149
519.6,-3.21428,-0.310453,-0.316399,-6.48268
519.7,-2.69069,-0.588568,-0.51237,-1.17132
519.8,-2.10193,-0.79391,-0.652366,0.506492
519.9,-1.48962,-0.924848,-0.731978,0.408659
520,-0.89007,-0.987887,-0.750724,-0.311858
520.1,-0.33176,-0.9944,-0.711376,-1.07337
520.2,0.16546,-0.957264,-0.619121,-1.40463
520.3,0.589534,-0.888081,-0.480729,-1.12462
520.4,0.934374,-0.795334,-0.303859,-1.09759
520.5,1.19757,-0.683596,-0.0965771,-0.142855
520.6,1.37819,-0.553649,0.132903,0.393443
520.7,1.47499,-0.403349,0.376269,-0.145921
520.8,1.48541,-0.229021,0.625024,-0.0985527
520.9,1.40535,-0.0272047,0.870336,0.432471
521,1.2299,0.203456,1.10291,-0.0174026
521.1,0.954835,0.460372,1.31299,-0.0948112
521.2,0.578854,0.735524,1.49051,-0.0563494
521.3,0.106076,1.01467,1.62553,-0.258408
521.4,-0.451512,1.27759,1.70889,-1.36678
521.5,-1.07232,1.49979,1.73311,-0.0821312
521.6,-1.72467,1.65544,1.69336,0.522145
521.7,-2.36816,1.72166,1.58846,0.70684
521.8,-2.95697,1.68297,1.42155,0.234635
521.9,-3.44485,1.5352,1.20044,-0.977341
522,-3.7912,1.28752,0.937313,-0.115217
522.1,-3.9668,0.961872,0.647907,-0.0382328
522.2,-3.9581,0.589715,0.350116,-3.37861
522.3,-3.76913,0.206793,0.0623142,-0.881592
522.4,-3.42034,-0.152819,-0.198368,0.563434
522.5,-2.94496,-0.461846,-0.417525,-4.50581
522.6,-2.38373,-0.703012,-0.584497,-2.1552
522.7,-1.77909,-0.869809,-0.692829,-1.42651
522.8,-1.1702,-0.965075,-0.740182,0.659981
522.9,-0.589421,-0.998118,-0.727815,0.828192
523,-0.0607544,-0.981325,-0.659813,-0.317238
523.1,0.400089,-0.927045,-0.542235,-0.135593
523.2,0.784274,-0.845283,-0.382355,-0.941003
523.3,1.08772,-0.742407,-0.188074,0.385139
523.4,1.30879,-0.620851,0.0324417,-0.705385
523.5,1.44633,-0.479652,0.2709,-3.0284
523.6,1.49823,-0.315626,0.518855,-0.434149
523.7,1.46084,-0.124981,0.767571,0.0212984
523.8,1.3293,0.0948152,1.00788,-1.05415
523.9,1.09869,0.343118,1.23013,-0.100701
524,0.76599,0.614396,1.42422,-0.050671
524.1,0.332532,0.897056,1.57996,0.408118
524.2,-0.19342,1.17319,1.68763,0.710917
524.3,-0.794511,1.41956,1.73876,0.73218
524.4,-1.44318,1.61012,1.72713,0.00829307
524.5,-2.10213,1.71976,1.64977,-0.171071
524.6,-2.72684,1.72891,1.50784,0.583282
524.7,-3.26996,1.62791,1.30713,0.575906
524.8,-3.68708,1.42004,1.05806,0.499089
524.9,-3.94291,1.12216,0.775103,-0.821752
525,-4.01643,0.762557,0.475574,0.124196
525.1,-3.90397,0.376378,0.178036,-0.524237
525.2,-3.61937,-0.000344028,-0.099465,0.500311
525.3,-3.19136,-0.336428,-0.341047,-0.791342
525.4,-2.65869,-0.60977,-0.534244,-0.274634
525.5,-2.06429,-0.809199,-0.670728,-0.957665
525.6,-1.44979,-0.933923,-0.746439,0.864103
525.7,-0.851152,-0.991124,-0.761224,0.419183
525.8,-0.296256,-0.992622,-0.718137,0.420826
525.9,0.195733,-0.9515,-0.622581,-1.92932
526,0.61343,-0.879367,-0.481473,-1.46014
526.1,0.951327,-0.784596,-0.302559,-0.276494
526.2,1.20747,-0.671593,-0.0939344,-0.717231
526.3,1.38125,-0.540987,0.136191,-1.41628
526.4,1.47168,-0.390534,0.379539,-0.475269
526.5,1.47638,-0.21653,0.627671,0.176716
526.6,1.39142,-0.0155578,0.871828,0.250469
526.7,1.21207,0.213643,1.10281,0.358303
526.8,0.934358,0.468373,1.31096,0.581754
526.9,0.55721,0.740534,1.48636,-1.73075
527,0.0849946,1.01589,1.61922,0.659211
527.1,-0.470115,1.27437,1.70058,-1.36716
527.2,-1.08646,1.49175,1.72315,0.438059
527.3,-1.73248,1.64267,1.68229,0.65118
527.4,-2.36813,1.70477,1.57699,-3.21931
527.5,-2.94813,1.66311,1.41052,-0.0522725
527.6,-3.427,1.51394,1.19074,-0.245844
527.7,-3.76495,1.26662,0.929833,0.0169659
527.8,-3.93352,0.94299,0.643418,-0.435771
527.9,-3.91977,0.574142,0.349225,-0.0705506
528,-3.728,0.195237,0.0654153,-0.855655
528.1,-3.37861,-0.160303,-0.191107,-1.61691
528.2,-2.90453,-0.465797,-0.406143,0.286921
528.3,-2.34594,-0.704388,-0.569195,-2.41399
528.4,-1.74463,-0.869753,-0.673911,-0.637646
528.5,-1.13917,-0.964676,-0.71799,-2.13027
528.6,-0.561438,-0.998216,-0.702678,-1.31711
528.7,-0.0351662,-0.982377,-0.632002,0.542903
528.8,0.423984,-0.929055,-0.511956,-2.44385
528.9,0.806998,-0.847788,-0.349749,0.567584
529,1.10941,-0.74451,-0.153245,0.0564836
529.1,1.32908,-0.621284,0.0693757,-0.490645
529.2,1.46418,-0.476874,0.309753,0.193719
529.3,1.51194,-0.307958,0.559302,-1.2484
529.4,1.46809,-0.110788,0.809089,-0.8081
529.5,1.32724,0.116887,1.04969,0.240449
529.6,1.08425,0.373864,1.27113,0.624428
529.7,0.736183,0.653755,1.46303,0.258711
529.8,0.284965,0.943842,1.61492,0.0979587
529.9,-0.260046,1.22493,1.71688,-0.226474
530,-0.87989,1.47256,1.7604,-1.97005
530.1,-1.54502,1.6597,1.73939,0.623612
530.2,-2.21602,1.76088,1.6512,0.47709
530.3,-2.84646,1.75693,1.49753,-2.37833
530.4,-3.38765,1.63947,1.28488,-2.07671
530.5,-3.79476,1.41375,1.02448,-0.55456
530.6,-4.03318,1.099,0.731572,0.216297
530.7,-4.08363,0.725788,0.424132,-1.27424
530.8,-3.94496,0.330963,0.121171,-0.445703
530.9,-3.63394,-0.0486033,-0.159098,0.595903
531,-3.18205,-0.381874,-0.400911,-0.121272
531.1,-2.63029,-0.647719,-0.592176,0.546081
531.2,-2.02303,-0.836465,-0.725122,0.653946
531.3,-1.40241,-0.948983,-0.796344,-0.090816
531.4,-0.804092,-0.993975,-0.806356,-1.70226
531.5,-0.255049,-0.984452,-0.758815,-2.08813
531.6,0.226856,-0.934298,-0.659613,0.703788
531.7,0.631712,-0.85558,-0.516019,-0.457158
531.8,0.955495,-0.75689,-0.335977,0.58384
531.9,1.19767,-0.642725,-0.127641,0.580774
532,1.35893,-0.513766,0.10086,0.43104
532.1,1.43951,-0.367824,0.341457,-0.117013
532.2,1.43814,-0.201243,0.586033,-0.161124
532.3,1.35193,-0.0105694,0.826259,0.373064
532.4,1.177,0.205671,1.05346,0.526714
532.5,0.91,0.445303,1.25859,-0.353056
532.6,0.550066,0.701163,1.43236,-0.0567954
532.7,0.101202,0.960404,1.56563,-0.205249
532.8,-0.425514,1.20475,1.64999,0.450919
532.9,-1.01032,1.41195,1.67858,0.181274
533,-1.6243,1.55851,1.64695,0.53258
533.1,-2.23057,1.62338,1.55397,-0.0629597
533.2,-2.78712,1.59198,1.40249,-0.19969
533.3,-3.25134,1.45975,1.19963,-0.034017
533.4,-3.58531,1.23402,0.956577,-1.08902
533.5,-3.76111,0.93375,0.687856,0.0189207
533.6,-3.76479,0.58679,0.41011,-1.04894
533.7,-3.59823,0.225382,0.14059,-0.530619
533.8,-3.27849,-0.119099,-0.104416,-5.46799
533.9,-2.83475,-0.420824,-0.310967,-0.165244
534,-2.30369,-0.662569,-0.468453,0.312699
534.1,-1.72437,-0.836658,-0.570098,-0.561084
534.2,-1.1337,-0.943924,-0.612956,0.579775
534.3,-0.563039,-0.99127,-0.597513,0.803839
534.4,-0.0366624,-0.988651,-0.527048,0.694894
534.5,0.42837,-0.94621,-0.406897,0.703123
534.6,0.821028,-0.872082,-0.243791,-0.548897
534.7,1.13444,-0.771132,-0.0453352,-0.598962
534.8,1.36383,-0.644645,0.180297,0.266741
534.9,1.50473,-0.490888,0.424483,-0.244729
535,1.55178,-0.306369,0.678116,-0.704886
535.1,1.49838,-0.0876159,0.931491,-0.787648
535.2,1.33735,0.166719,1.1742,-0.797591
535.3,1.06251,0.453717,1.39516,-0.526627
535.4,0.671048,0.764339,1.58281,0.400104
535.5,0.166471,1.08232,1.72559,-1.1935
535.6,-0.438574,1.38432,1.81274,-0.448725
535.7,-1.12014,1.64168,1.83531,0.613351
535.8,-1.84234,1.82401,1.78735,-0.207248
535.9,-2.5588,1.9042,1.66703,-0.035148
536,-3.21659,1.86396,1.47754,0.590748
536.1,-3.76223,1.69855,1.22746,-0.0371587
536.2,-4.14895,1.41935,0.93041,-1.12388
536.3,-4.34363,1.05303,0.60409,0.0544176
536.4,-4.33193,0.637502,0.268587,0.126583
536.5,-4.12033,0.215278,-0.0556112,0.551658
536.6,-3.73454,-0.173808,-0.349656,-0.0556305
536.7,-3.21484,-0.498816,-0.598047,-0.512714
536.8,-2.60943,-0.741374,-0.789766,-0.708222
536.9,-1.96746,-0.896298,-0.91872,-1.7824
537,-1.33303,-0.96959,-0.98352,-0.543604
537.1,-0.741197,-0.974803,-0.986758,-1.92968
537.2,-0.216254,-0.928946,-0.934001,0.897307
537.3,0.228013,-0.848881,-0.832708,-0.423822
537.4,0.586568,-0.748749,-0.691262,0.203926
537.5,0.860626,-0.638604,-0.518215,0.521378
537.6,1.055,-0.524086,-0.321794,0.572395
537.7,1.17574,-0.406887,-0.109669,-0.639128
537.8,1.22836,-0.285728,0.111084,-0.308099
537.9,1.21677,-0.15758,0.333864,-0.549167
538,1.14291,-0.0189923,0.552364,-0.0280121
538.1,1.00706,0.132617,0.760381,0.27529
538.2,0.808688,0.297796,0.951692,-0.666183
538.3,0.547738,0.474123,1.12003,-3.27304
538.4,0.226159,0.655628,1.25921,0.618957
538.5,-0.150558,0.832703,1.36342,-0.838704
538.6,-0.572088,0.992648,1.4276,-0.195185
538.7,-1.02254,1.12089,1.44803,0.444648
538.8,-1.48049,1.20285,1.42284,0.504061
538.9,-1.9201,1.22618,1.35254,-0.872492
539,-2.3131,1.18305,1.24037,0.601165
539.1,-2.63165,1.07194,1.09241,0.253255
539.2,-2.85157,0.898471,0.917339,0.0160894
539.3,-2.95534,0.675067,0.725975,-0.750571
539.4,-2.93433,0.419296,0.530441,0.134492
539.5,-2.78987,0.151359,0.343234,0.113984
539.6,-2.5328,-0.108777,0.17623,-2.16952
539.7,-2.18185,-0.343937,0.0398098,-0.351789
539.8,-1.76112,-0.541463,-0.0578114,-0.925323
539.9,-1.29716,-0.693822,-0.110974,-0.87865
540,-0.816446,-0.798147,-0.116688,0.127091
540.1,-0.343393,-0.854975,-0.0745218,-0.714336
540.2,0.100645,-0.866609,0.0136628,-0.340276
540.3,0.497547,-0.835526,0.144033,-0.28017
540.4,0.831883,-0.763189,0.311085,-4.31139
540.5,1.09002,-0.649491,0.507869,-0.391259
540.6,1.2592,-0.492945,0.726122,-3.36563
540.7,1.32703,-0.291625,0.956329,-1.4073
540.8,1.28158,-0.044748,1.18775,-2.04111
540.9,1.11237,0.245306,1.40852,0.172437
541,0.812215,0.570883,1.60585,-2.08437
541.1,0.379931,0.917334,1.76655,-0.0874985
541.2,-0.176734,1.26228,1.87768,0.789558
541.3,-0.838376,1.57642,1.92768,0.815157
541.4,-1.57236,1.82641,1.90758,0.203831
541.5,-2.33322,1.97951,1.81231,-3.29034
541.6,-3.06562,2.00973,1.64188,0.17517
541.7,-3.70997,1.90374,1.40212,-1.73823
541.8,-4.21,1.66522,1.10471,0.0246885
541.9,-4.52096,1.31593,0.766444,-0.943891
542,-4.61658,0.892838,0.40772,-0.351899
542.1,-4.49315,0.441838,0.0504543,0.377456
542.2,-4.16964,0.00953005,-0.284219,0.212187
542.3,-3.68394,-0.364644,-0.578054,-1.45026
542.4,-3.08617,-0.654008,-0.817267,-1.54493
542.5,-2.43077,-0.846899,-0.99337,-1.82877
542.6,-1.76907,-0.945595,-1.10322,0.635499
542.7,-1.14374,-0.962845,-1.14841,0.870933
542.8,-0.585693,-0.917333,-1.13423,-2.30447
542.9,-0.113468,-0.829333,-1.06842,-0.559309
543,0.265476,-0.717343,-0.960039,-2.06061
543.1,0.55233,-0.596043,-0.818403,-1.29225
543.2,0.754045,-0.475493,-0.652414,-0.34359
543.3,0.880598,-0.361283,-0.470101,-0.875579
543.4,0.942736,-0.25527,-0.278441,-2.53303
543.5,0.950369,-0.156606,-0.0833681,-0.684718
543.6,0.911627,-0.0628168,0.11009,-1.20042
543.7,0.832501,0.0291825,0.297613,-0.163315
543.8,0.716977,0.122224,0.475379,0.12613
543.9,0.567518,0.218183,0.639879,-0.646813
544,0.385801,0.317468,0.787807,-0.299708
544.1,0.173573,0.418696,0.916021,-0.0447759
544.2,-0.0664709,0.518608,1.02159,0.465733
544.3,-0.329914,0.612215,1.10194,0.550814
544.4,-0.610048,0.693223,1.15505,-0.197697
544.5,-0.89762,0.754697,1.17968,0.546944
544.6,-1.18098,0.789927,1.17566,-0.36033
544.7,-1.44663,0.793392,1.14408,0.402106
544.8,-1.68023,0.761672,1.08741,0.489695
544.9,-1.86781,0.694143,1.00957,0.365592
545,-1.99719,0.593321,0.915788,0.445246
545.1,-2.0593,0.464751,0.812375,-1.57206
545.2,-2.0492,0.316459,0.70634,-0.184898
545.3,-1.96665,0.158058,0.604956,-0.481941
545.4,-1.8162,-0.000320164,0.515278,-1.84461
545.5,-1.60668,-0.149044,0.443688,-0.454932
545.6,-1.35039,-0.279782,0.395503,0.00345028
545.7,-1.062,-0.385955,0.374681,-0.584444
545.8,-0.757469,-0.46281,0.383642,0.0183035
545.9,-0.453108,-0.507187,0.423182,-0.319292
546,-0.164869,-0.517105,0.492482,-0.267899
546.1,0.092064,-0.491328,0.589163,-2.77351
546.2,0.303482,-0.429068,0.709376,-0.346014
546.3,0.456246,-0.329951,0.847903,0.388081
546.4,0.538443,-0.194312,0.998271,-1.24384
546.5,0.539745,-0.0238058,1.15289,-0.0850511
546.6,0.452079,0.177737,1.30325,-0.635135
546.7,0.27068,0.403396,1.44018,0.213356
546.8,-0.00457042,0.642431,1.55425,-0.664172
546.9,-0.36768,0.880026,1.63633,0.656073
547,-0.805278,1.0978,1.67822,-0.215107
547.1,-1.29594,1.2753,1.67349,-1.63574
547.2,-1.8105,1.39237,1.61823,0.668897
547.3,-2.31368,1.43224,1.51177,0.640907
547.4,-2.76704,1.38468,1.35716,-0.528985
547.5,-3.13303,1.24846,1.16128,0.534233
547.6,-3.37952,1.0324,0.934547,-1.41369
547.7,-3.48395,0.754606,0.690127,-0.670535
547.8,-3.43626,0.439879,0.442843,-0.0530247
547.9,-3.24,0.115818,0.207842,-0.299514
548,-2.91134,-0.191376,-0.00073147,0.495764
548.1,-2.47629,-0.460476,-0.170872,-1.07384
548.2,-1.96683,-0.677395,-0.293508,0.69098
548.3,-1.4167,-0.835656,-0.362884,0.217671
548.4,-0.857906,-0.935317,-0.376564,0.741976
548.5,-0.31819,-0.980862,-0.335108,-0.0572813
548.6,0.180037,-0.978716,-0.241591,-0.934738
548.7,0.619556,-0.93496,-0.101062,-0.554366
548.8,0.987245,-0.853682,0.0799236,0.21101
548.9,1.27252,-0.736185,0.293639,-0.820197
549,1.46574,-0.581111,0.531359,-0.0307675
549.1,1.55711,-0.385433,0.783393,-0.754034
549.2,1.53622,-0.146179,1.03904,-0.0273284
549.3,1.39273,0.137329,1.28655,0.0196561
549.4,1.11799,0.461021,1.5132,-2.07977
549.5,0.707728,0.813869,1.70562,0.728185
549.6,0.165315,1.17649,1.85033,0.0310539
549.7,-0.494933,1.52121,1.93474,-1.70076
549.8,-1.24528,1.81419,1.94833,0.733638
549.9,-2.04384,2.0197,1.88406,-0.09604
550,-2.83651,2.10626,1.73975,0.269066
550.1,-3.56172,2.05339,1.51901,0.708584
550.2,-4.15789,1.85732,1.23171,-0.914638
550.3,-4.57218,1.53372,0.893514,-0.0196674
550.4,-4.76877,1.11641,0.52456,-0.645106
550.5,-4.73465,0.651791,0.147478,-1.50158
550.6,-4.48154,0.190494,-0.215045,-0.784011
550.7,-4.0433,-0.221574,-0.542641,0.548551
550.8,-3.46977,-0.550464,-0.819187,-1.20599
550.9,-2.81845,-0.778026,-1.034,0.75692
551,-2.14609,-0.901991,-1.18218,-2.45179
551.1,-1.50183,-0.932987,-1.26417,0.861429
551.2,-0.922908,-0.889899,-1.28474,0.925841
551.3,-0.433002,-0.794999,-1.25173,-0.0689994
551.4,-0.0429773,-0.669923,-1.17469,-0.458798
551.5,0.246916,-0.533012,-1.06368,-0.0325481
551.6,0.444098,-0.398045,-0.928399,0.719604
551.7,0.560687,-0.27408,-0.777546,0.799964
551.8,0.610921,-0.166017,-0.618473,0.707784
551.9,0.609187,-0.0754994,-0.457092,-1.48212
552,0.568699,-0.00189548,-0.297925,-0.947014
552.1,0.500741,0.0568243,-0.144266,0.0216354
552.2,0.414367,0.103377,0.00161124,0.168319
552.3,0.31642,0.140646,0.138224,0.0449943
552.4,0.211755,0.171322,0.264673,-1.09808
552.5,0.103579,0.197683,0.380459,0.137864
552.6,-0.00616676,0.221472,0.485337,0.0921322
552.7,-0.116412,0.243847,0.57921,0.132879
552.8,-0.226597,0.265385,0.662057,-0.133436
552.9,-0.33636,0.28612,0.733904,-0.0727417
553,-0.445271,0.305624,0.794813,-0.706189
553.1,-0.552643,0.323096,0.844901,0.414947
553.2,-0.657411,0.337489,0.884371,-1.20275
553.3,-0.75808,0.347645,0.913555,0.0249513
553.4,-0.852745,0.352434,0.932955,0.301434
553.5,-0.939183,0.350901,0.94328,-0.235575
553.6,-1.015,0.342398,0.945472,0.143286
553.7,-1.07781,0.326681,0.940714,-0.0321607
553.8,-1.12546,0.303987,0.930416,-0.691964
553.9,-1.15623,0.275054,0.916186,0.112274
554,-1.16903,0.241103,0.899771,-0.778635
554.1,-1.16357,0.203772,0.88299,0.224215
554.2,-1.14044,0.165016,0.867647,0.0331129
554.3,-1.10116,0.126981,0.855442,0.422979
554.4,-1.04813,0.0918718,0.847875,-0.0899768
554.5,-0.984595,0.0618176,0.846166,-2.60716
554.6,-0.914422,0.0387543,0.851178,-1.66964
554.7,-0.841982,0.0243228,0.863358,-3.89756
554.8,-0.771921,0.0197864,0.882702,0.40927
554.9,-0.708937,0.0259648,0.908737,0.0263203
555,-0.657553,0.0431786,0.940528,0.454361
555.1,-0.621885,0.0712014,0.976702,-2.98789
555.2,-0.605406,0.109217,1.01551,0.418768
555.3,-0.610722,0.155787,1.05489,-0.774208
555.4,-0.639353,0.208835,1.09259,-0.489681
555.5,-0.691534,0.26567,1.12624,-0.699006
555.6,-0.766062,0.323049,1.15353,-0.0453832
555.7,-0.860198,0.377315,1.17237,0.477553
555.8,-0.969661,0.4246,1.18098,0.0738329
555.9,-1.08874,0.4611,1.17811,0.528961
556,-1.21055,0.483404,1.16314,-0.0294996
556.1,-1.32738,0.488833,1.13617,-0.0131476
556.2,-1.43125,0.475765,1.0981,-1.21947
556.3,-1.51444,0.443869,1.05061,0.513137
556.4,-1.57018,0.394233,0.996125,-1.06336
556.5,-1.59318,0.329329,0.937666,-1.73819
556.6,-1.58014,0.252843,0.878692,0.386599
556.7,-1.53007,0.169364,0.822875,-0.834115
556.8,-1.44437,0.0840035,0.773869,-3.03419
556.9,-1.32682,0.00198688,0.735065,-0.289269
557,-1.18325,-0.0717114,0.709374,-1.05298
557.1,-1.0212,-0.132652,0.699032,-0.297067
557.2,-0.849435,-0.177112,0.705458,0.0692458
557.3,-0.677451,-0.202166,0.729153,0.0318824
557.4,-0.515051,-0.205699,0.769648,-1.38388
557.5,-0.37191,-0.186399,0.8255,-1.57082
557.6,-0.257215,-0.143763,0.894317,-0.55949
557.7,-0.179309,-0.0781643,0.97283,-0.211722
557.8,-0.145324,0.00900154,1.05699,-0.0289424
557.9,-0.160762,0.115117,1.14212,-1.33144
558,-0.229015,0.236118,1.22307,-0.0462161
558.1,-0.350832,0.366323,1.29452,-0.184334
558.2,-0.523784,0.498404,1.3512,-0.352925
558.3,-0.741827,0.623589,1.38826,0.274998
558.4,-0.995064,0.732169,1.40166,-0.333046
558.5,-1.26985,0.814306,1.38852,-0.188182
558.6,-1.54934,0.861111,1.34753,-0.401676
558.7,-1.81453,0.86582,1.27913,0.621723
558.8,-2.04576,0.824882,1.18575,0.569214
558.9,-2.22446,0.738715,1.07173,0.499119
559,-2.33506,0.611935,0.943137,-0.102004
559.1,-2.36664,0.452966,0.807363,-0.407385
559.2,-2.31402,0.273072,0.672623,-1.08253
559.3,-2.17832,0.0849846,0.547335,0.0800269
559.4,-1.96664,-0.0985832,0.439498,0.0898794
559.5,-1.6912,-0.266243,0.356136,-0.261989
559.6,-1.36795,-0.408822,0.302854,-0.295534
559.7,-1.01507,-0.519713,0.283535,-0.262869
559.8,-0.651568,-0.594709,0.300193,-0.404531
559.9,-0.296159,-0.631457,0.35295,-3.39295
560,0.0334033,-0.628739,0.440099,-0.102921
560.1,0.320614,-0.585826,0.558218,-0.443595
560.2,0.550224,-0.502089,0.7023,-0.470489
560.3,0.708157,-0.377021,0.865872,-2.55461
560.4,0.781554,-0.210727,1.04111,-0.0574925
560.5,0.759156,-0.00484487,1.21899,0.564198
560.6,0.632169,0.236238,1.38945,-0.0500206
560.7,0.395646,0.504122,1.54176,0.622265
560.8,0.0502869,0.785429,1.66495,-0.160166
560.9,-0.395639,1.06155,1.74846,-1.73595
561,-0.924673,1.30949,1.78304,-0.362008
561.1,-1.50941,1.50397,1.76166,-0.492626
561.2,-2.11315,1.62083,1.68051,-2.46835
561.3,-2.69228,1.64115,1.53984,-2.5172
561.4,-3.20044,1.55525,1.34442,-0.237175
561.5,-3.5939,1.36552,1.10359,-0.083931
561.6,-3.83736,1.08714,0.83066,-0.561073
561.7,-3.90886,0.746223,0.541866,0.148758
561.8,-3.8028,0.375667,0.254825,-1.56796
561.9,-3.53032,0.00971721,-0.0131301,-0.453307
562,-3.117,-0.321454,-0.246533,-1.47606
562.1,-2.5985,-0.595809,-0.433019,-1.00707
562.2,-2.01517,-0.801377,-0.564073,0.409988
562.3,-1.4068,-0.935917,-0.635225,-0.995322
562.4,-0.808518,-1.0048,-0.645778,0.745524
562.5,-0.248316,-1.01794,-0.598207,0.821359
562.6,0.253626,-0.986572,-0.497391,0.473456
562.7,0.68417,-0.920615,-0.349867,-0.38441
562.8,1.03545,-0.826927,-0.163203,0.28708
562.9,1.30272,-0.708587,0.0544215,-3.01662
563,1.48225,-0.565121,0.294417,-0.0745435
563.1,1.56977,-0.393524,0.547806,-0.193306
563.2,1.55972,-0.189886,0.80512,0.0381872
563.3,1.44537,0.0485906,1.05627,-0.139273
563.4,1.22001,0.32139,1.29049,-0.187268
563.5,0.879053,0.622633,1.49642,-1.39813
563.6,0.422762,0.93956,1.66245,-0.813504
563.7,-0.140767,1.25203,1.77738,-0.563846
563.8,-0.793007,1.53354,1.83132,-0.0690439
563.9,-1.50356,1.75393,1.81682,-1.84204
564,-2.23056,1.88389,1.73006,-0.0834677
564.1,-2.92348,1.90036,1.57184,-0.199466
564.2,-3.52825,1.79189,1.3483,0.583858
564.3,-3.99409,1.56232,1.07084,-0.0922678
564.4,-4.28081,1.23161,0.755471,0.0314545
564.5,-4.36499,0.833227,0.421448,0.0267447
564.6,-4.24353,0.408523,0.0893515,0.0655094
564.7,-3.93375,-0.000517739,-0.220961,0.643904
564.8,-3.47003,-0.358203,-0.492255,0.200588
564.9,-2.89787,-0.640101,-0.711347,0.444345
565,-2.26687,-0.835072,-0.86987,-1.91983
565.1,-1.62414,-0.944371,-0.964339,0.262518
565.2,-1.00927,-0.978616,-0.995638,-1.37818
565.3,-0.451604,-0.95376,-0.968111,0.305098
565.4,0.030398,-0.887165,-0.888491,0.547915
565.5,0.427982,-0.794512,-0.764854,-1.14348
565.6,0.739871,-0.687882,-0.605757,0.707842
565.7,0.969609,-0.574975,-0.419621,0.653667
565.8,1.12302,-0.459253,-0.214379,-0.637527
565.9,1.20614,-0.340703,0.00264156,-1.30653
566,1.22382,-0.216976,0.224669,-0.216913
566.1,1.179,-0.0846676,0.445324,0.108384
566.2,1.07277,0.0593655,0.658424,0.109505
566.3,0.904893,0.216784,0.857823,0.168507
566.4,0.67497,0.386716,1.03733,-0.0186713
566.5,0.383814,0.565006,1.19077,-0.998229
566.6,0.0350124,0.743872,1.31217,-0.49731
566.7,-0.363641,0.91214,1.39611,-0.110477
566.8,-0.799123,1.05612,1.43821,0.662254
566.9,-1.25283,1.16115,1.43567,-0.343419
567,-1.70111,1.21368,1.38782,-0.854948
567.1,-2.11689,1.20353,1.29653,-0.327739
567.2,-2.47202,1.126,1.16646,-0.0495667
567.3,-2.74045,0.983144,1.00502,-0.549611
567.4,-2.90127,0.784066,0.821971,-0.0292457
567.5,-2.94142,0.543875,0.6288,0.259507
567.6,-2.85732,0.281586,0.437839,-0.684379
567.7,-2.65518,0.0173895,0.26128,-0.106969
567.8,-2.34993,-0.230096,0.110247,-0.188416
567.9,-1.96312,-0.445973,-0.00598228,0.413851
568,-1.52017,-0.620228,-0.0805035,-0.953753
568.1,-1.04765,-0.747774,-0.109032,-0.850222
568.2,-0.570974,-0.827567,-0.0898975,-0.680605
568.3,-0.112971,-0.861117,-0.0238524,0.419702
568.4,0.306719,-0.850858,0.0862279,0.430648
568.5,0.671412,-0.798751,0.235656,-1.66465
568.6,0.966641,-0.705407,0.418193,-0.0528347
568.7,1.17923,-0.569925,0.626229,0.249919
568.8,1.29656,-0.390468,0.850864,0.00664565
568.9,1.30638,-0.165551,1.08196,-0.0747865
569,1.19732,0.10413,1.30818,0.571757
569.1,0.960389,0.413593,1.51715,0.0753284
569.2,0.591262,0.751617,1.69584,-0.571781
569.3,0.0931497,1.09947,1.83109,0.283442
569.4,-0.520289,1.43097,1.91061,0.641397
569.5,-1.22276,1.71428,1.92405,-0.0688565
569.6,-1.97471,1.91584,1.8644,-0.480866
569.7,-2.72506,2.00585,1.72916,-0.386103
569.8,-3.41556,1.96446,1.52138,0.643317
569.9,-3.98759,1.78704,1.25,-0.315044
570,-4.3902,1.48691,0.929525,-0.119721
570.1,-4.58784,1.09436,0.57882,-0.879217
570.2,-4.56597,0.651829,0.2193,0.0842974
570.3,-4.33307,0.20641,-0.127317,-0.531808
570.4,-3.91866,-0.198418,-0.441247,-0.804278
570.5,-3.36783,-0.529614,-0.706493,0.817411
570.6,-2.73373,-0.768456,-0.912038,-0.757665
570.7,-2.06975,-0.910952,-1.05225,-0.518964
570.8,-1.42297,-0.965368,-1.12657,0.866786
570.9,-0.829955,-0.948041,-1.13865,-2.1292
571,-0.314968,-0.878841,-1.09518,0.823785
571.1,0.109532,-0.777287,-1.00467,-0.989681
571.2,0.440908,-0.659882,-0.876384,0.817215
571.3,0.683599,-0.538754,-0.719451,0.842893
571.4,0.846264,-0.421401,-0.542333,0.630359
571.5,0.939278,-0.311198,-0.35252,0.339768
571.6,0.97282,-0.208326,-0.156458,-0.0636585
571.7,0.955634,-0.110853,0.0403558,0.00365974
571.8,0.894417,-0.0158107,0.233203,-2.45207
571.9,0.793766,0.0798515,0.417927,-2.11057
572,0.656532,0.178462,0.590738,0.22812
572.1,0.484492,0.281007,0.748073,-3.25939
572.2,0.2792,0.386699,0.886527,0.434229
572.3,0.042912,0.492781,1.00288,-0.578003
572.4,-0.22055,0.594579,1.0942,0.472612
572.5,-0.505098,0.685826,1.15806,-0.122933
572.6,-0.801978,0.759284,1.19277,-1.94341
572.7,-1.09976,0.807596,1.19763,-0.132366
572.8,-1.38477,0.824297,1.17324,-0.110158
572.9,-1.64199,0.804837,1.12161,0.0749193
573,-1.8563,0.747433,1.04627,-0.807126
573.1,-2.01396,0.653586,0.952239,0.479066
573.2,-2.10406,0.528135,0.84574,-1.5863
573.3,-2.11978,0.378814,0.733912,-0.437826
573.4,-2.05912,0.215391,0.624336,0.0605571
573.5,-1.92522,0.0485424,0.524535,0.0535857
573.6,-1.72598,-0.111291,0.441474,-2.8229
573.7,-1.47324,-0.254866,0.381126,-1.29249
573.8,-1.18172,-0.374743,0.348121,-0.133284
573.9,-0.867768,-0.465485,0.34553,-2.15154
574,-0.548327,-0.523479,0.37475,-0.767303
574.1,-0.240083,-0.546503,0.435491,0.180525
574.2,0.0410435,-0.533219,0.525829,-1.11503
574.3,0.280132,-0.482757,0.642297,-3.47355
574.4,0.463344,-0.394549,0.779991,0.359633
574.5,0.577987,-0.268499,0.932679,-0.268293
574.6,0.612746,-0.105522,1.09292,-0.157828
574.7,0.558229,0.0916171,1.25225,0.576659
574.8,0.407903,0.3173,1.40137,-0.718028
574.9,0.159411,0.562131,1.53055,0.644447
575,-0.183872,0.812395,1.63009,0.200159
575.1,-0.611338,1.05022,1.69096,0.0994046
575.2,-1.10409,1.25471,1.70563,0.396206
575.3,-1.63477,1.40414,1.66887,-0.0770341
575.4,-2.1687,1.479,1.57856,-0.712056
575.5,-2.66645,1.46543,1.43634,-0.722941
575.6,-3.08774,1.35828,1.24783,-1.55991
575.7,-3.39619,1.16289,1.02256,-0.155848
575.8,-3.56397,0.895022,0.773293,0.330071
575.9,-3.57555,0.578778,0.514987,-1.51636
576,-3.42962,0.242823,0.263449,-0.0127487
576.1,-3.13881,-0.0841414,0.0339059,-1.91957
576.2,-2.72737,-0.377572,-0.160284,-1.56612
576.3,-2.22727,-0.62002,-0.30861,0.334709
576.4,-1.67376,-0.802268,-0.403959,-2.03199
576.5,-1.10122,-0.922699,-0.442731,0.00335266
576.6,-0.540075,-0.985339,-0.424588,-3.44735
576.7,-0.0151067,-0.997247,-0.351959,-0.817691
576.8,0.454838,-0.965932,-0.22945,0.651107
576.9,0.855953,-0.8973,-0.0632894,0.0410646
577,1.1779,-0.794444,0.1391,0.39901
577.1,1.41205,-0.657373,0.369364,-0.232001
577.2,1.54997,-0.483642,0.618304,-1.1966
577.3,1.58252,-0.269775,0.875847,-0.00919151
577.4,1.49995,-0.0132871,1.13097,0.567164
577.5,1.29298,0.284928,1.37169,0.656537
577.6,0.954916,0.618224,1.58519,0.619801
577.7,0.484674,0.972316,1.75825,0.392438
577.8,-0.109903,1.32451,1.87797,0.265434
577.9,-0.80903,1.64461,1.93277,-1.14852
578,-1.5792,1.89799,1.91378,0.681712
578.1,-2.37354,2.05069,1.81612,0.65087
578.2,-3.13494,2.07584,1.64016,-0.238648
578.3,-3.80195,1.96005,1.39228,-1.03541
578.4,-4.31685,1.70789,1.08486,-0.388301
578.5,-4.63419,1.3429,0.735516,-0.978916
578.6,-4.72808,0.904411,0.365494,-0.281629
578.7,-4.59633,0.440749,-0.00255249,-0.619209
578.8,-4.26035,0.000501134,-0.346943,-0.562809
578.9,-3.76097,-0.375732,-0.649162,-1.39267
579,-3.15134,-0.661087,-0.895458,0.878346
579.1,-2.48845,-0.844586,-1.07766,-1.92461
579.2,-1.82549,-0.929798,-1.19316,0.0520144
579.3,-1.20611,-0.931061,-1.24422,0.154296
579.4,-0.661322,-0.86869,-1.23688,-1.06962
579.5,-0.209021,-0.764472,-1.17958,-0.141577
579.6,0.14461,-0.638257,-1.08198,0.738469
579.7,0.402521,-0.505942,-0.953859,-3.6946
579.8,0.573815,-0.37873,-0.804369,-1.18646
579.9,0.67095,-0.263324,-0.641569,-1.16755
580,0.707444,-0.16267,-0.4722,-2.532
580.1,0.696216,-0.076932,-0.301669,-1.09549
580.2,0.648561,-0.0044657,-0.134169,0.178849
580.3,0.573654,0.0573365,0.027137,-0.548358
580.4,0.478461,0.11137,0.179888,-0.856373
580.5,0.367944,0.160323,0.32232,0.224621
580.6,0.245434,0.206334,0.453079,-0.688178
580.7,0.113104,0.250788,0.57108,0.0928523
580.8,-0.0275315,0.294212,0.675423,0.245882
580.9,-0.175145,0.33627,0.765341,-1.05039
581,-0.32818,0.375838,0.840212,0.401446
581.1,-0.484529,0.411149,0.899594,0.347699
581.2,-0.641333,0.440008,0.943291,0.192109
581.3,-0.794908,0.460058,0.971434,-0.380367
581.4,-0.940823,0.469075,0.984564,-0.45209
581.5,-1.0741,0.465272,0.983691,-2.07078
581.6,-1.18955,0.447565,0.970338,0.354161
581.7,-1.28217,0.415783,0.946543,-0.58338
581.8,-1.3476,0.370779,0.914813,-2.16208
581.9,-1.38255,0.31443,0.878042,-0.203739
582,-1.38517,0.249526,0.839383,-0.43075
582.1,-1.35528,0.179569,0.802094,-1.29766
582.2,-1.29452,0.108499,0.769358,0.0950118
582.3,-1.20629,0.0404063,0.744107,0.332332
582.4,-1.09558,-0.0207439,0.728851,-1.51083
582.5,-0.968731,-0.0713378,0.72553,-0.437381
582.6,-0.833071,-0.108275,0.735399,-1.71331
582.7,-0.696565,-0.129069,0.758944,-0.433429
582.8,-0.567441,-0.131896,0.79584,-0.0983839
582.9,-0.453849,-0.115629,0.844938,-1.22454
583,-0.363518,-0.0798802,0.904294,-0.453733
583.1,-0.303438,-0.0250668,0.971224,-0.214885
583.2,-0.279518,0.0474769,1.0424,0.509904
583.3,-0.296219,0.135363,1.11396,-0.40167
583.4,-0.356161,0.235016,1.18171,-0.34678
583.5,-0.459707,0.341591,1.24128,0.282057
583.6,-0.604576,0.449009,1.28839,0.615588
583.7,-0.785552,0.550157,1.31915,-2.29736
583.8,-0.99436,0.637311,1.33035,-0.0752126
583.9,-1.21981,0.702759,1.31972,0.25429
584,-1.44828,0.739606,1.28628,-1.11888
584.1,-1.66452,0.742631,1.23048,-0.39304
584.2,-1.85282,0.709071,1.15431,0.125542
584.3,-1.99838,0.639167,1.06134,-1.71452
584.4,-2.08866,0.536345,0.956483,-0.620651
584.5,-2.1147,0.406959,0.845754,0.373431
584.6,-2.07198,0.259627,0.735841,0.3387
584.7,-1.96088,0.104277,0.633643,-0.19144
584.8,-1.78655,-0.0489194,0.545778,-0.0962709
584.9,-1.55839,-0.190513,0.478131,-2.55932
585,-1.28902,-0.31249,0.435477,-0.0675337
585.1,-0.99329,-0.408621,0.421207,-3.02875
585.2,-0.687145,-0.474458,0.437166,-1.08241
585.3,-0.386756,-0.507056,0.483586,-0.43774
585.4,-0.107874,-0.504559,0.559097,-0.157103
585.5,0.13455,-0.465818,0.660794,-1.35145
585.6,0.326563,-0.390181,0.784325,-2.01273
585.7,0.45536,-0.27757,0.923998,0.0654296
585.8,0.509528,-0.128875,1.07291,0.0508667
585.9,0.479535,0.0533494,1.2231,-0.0424763
586,0.358549,0.264019,1.36578,0.496848
586.1,0.143591,0.494678,1.49167,0.144394
586.2,-0.163074,0.732952,1.59143,-0.530283
586.3,-0.552554,0.962586,1.65628,-0.377194
586.4,-1.00829,1.16433,1.6787,0.280391
586.5,-1.50577,1.31779,1.65323,-1.83623
586.6,-2.01336,1.40408,1.57721,0.443561
586.7,-2.49445,1.40898,1.45143,-0.527396
586.8,-2.91087,1.32579,1.28047,0.627107
586.9,-3.22715,1.15733,1.07261,-0.514513
587,-3.41491,0.916208,0.83934,-0.214722
587.1,-3.4566,0.623324,0.594507,-0.219394
587.2,-3.34766,0.30472,0.353055,-0.00384772
587.3,-3.09679,-0.0124735,0.129719,0.322803
587.4,-2.7242,-0.304026,-0.0622355,0.402101
587.5,-2.2584,-0.551624,-0.212009,-1.60881
587.6,-1.7321,-0.744336,-0.311899,0.406174
587.7,-1.17836,-0.878424,-0.357518,-1.27895
587.8,-0.62738,-0.955814,-0.347668,-2.22246
587.9,-0.10469,-0.981804,-0.283943,0.664895
588,0.369467,-0.962644,-0.170229,0.479738
588.1,0.77955,-0.9035,-0.0121895,-0.417364
588.2,1.11342,-0.80717,0.183139,-0.349294
588.3,1.36074,-0.673676,0.407609,0.141336
588.4,1.5116,-0.500774,0.652072,0.249739
588.5,1.55565,-0.285276,0.906369,-1.61311
588.6,1.48219,-0.0250282,1.15928,0.24826
588.7,1.28121,0.27871,1.39855,-0.0579799
588.8,0.945616,0.61885,1.61103,0.36197
588.9,0.474139,0.980546,1.78314,-0.145489
589,-0.125216,1.34038,1.90158,-0.417655
589.1,-0.832145,1.66733,1.95449,0.10813
589.2,-1.61225,1.92583,1.9327,-0.0894198
589.3,-2.41743,2.08112,1.83119,0.736617
589.4,-3.18914,2.10579,1.65032,-0.209561
589.5,-3.86449,1.9864,1.39658,0.461878
589.6,-4.38455,1.72799,1.08262,-0.101283
589.7,-4.70315,1.35514,0.726409,0.30615
589.8,-4.79433,0.90854,0.349595,-0.352656
589.9,-4.65648,0.437921,-0.0247948,-1.98552
590,-4.3122,-0.00695151,-0.374798,-1.21376
590.1,-3.80383,-0.38476,-0.681751,0.236851
590.2,-3.1861,-0.668469,-0.931915,0.748562
590.3,-2.51738,-0.847417,-1.11728,-1.77216
590.4,-1.8519,-0.925835,-1.23551,0.0980759
590.5,-1.23384,-0.918887,-1.28925,0.401991
590.6,-0.694321,-0.847728,-1.28491,-0.586503
590.7,-0.250956,-0.734908,-1.23133,-1.20198
590.8,0.0906767,-0.600927,-1.1385,-0.32074
590.9,0.33435,-0.462234,-1.01647,0.901716
591,0.490161,-0.330515,-0.874567,-0.346771
591.1,0.571686,-0.212921,-0.720916,-0.139589
591.2,0.593661,-0.112824,-0.562214,-2.59478
591.3,0.570307,-0.0307887,-0.403693,-0.175788
591.4,0.514273,0.0344917,-0.249239,-4.5817
591.5,0.436096,0.0853925,-0.101574,0.0534115
591.6,0.344046,0.124746,0.0375199,0.298551
591.7,0.244244,0.155407,0.166979,-0.462123
591.8,0.14092,0.179974,0.286253,-0.0314106
591.9,0.0367629,0.200623,0.395136,-0.0125334
592,-0.0667072,0.219021,0.493629,-1.30463
592.1,-0.168781,0.236306,0.581842,-0.344985
592.2,-0.269231,0.253096,0.659928,0.0669584
592.3,-0.36803,0.269534,0.728051,-0.456752
592.4,-0.465115,0.285351,0.786378,-1.73887
592.5,-0.56022,0.299943,0.835093,-2.27571
592.6,-0.652756,0.312475,0.87442,-0.117191
592.7,-0.741757,0.321983,0.904659,-0.0580308
592.8,-0.825882,0.32749,0.92623,-1.12261
592.9,-0.903475,0.328125,0.939701,-0.432531
593,-0.972668,0.323228,0.945815,0.416428
593.1,-1.03153,0.312445,0.945511,-0.54572
593.2,-1.07823,0.295793,0.939915,-0.0568625
593.3,-1.11122,0.273697,0.930322,-0.598621
593.4,-1.12941,0.246991,0.918164,-0.704653
593.5,-1.13228,0.216878,0.904952,-0.235421
593.6,-1.12002,0.184868,0.892214,-0.391289
593.7,-1.09358,0.152683,0.881422,-0.13073
593.8,-1.05468,0.122148,0.873914,0.236966
593.9,-1.00571,0.0950884,0.870823,-0.810247
594,-0.949723,0.0732142,0.873006,0.342633
594.1,-0.890216,0.0580301,0.880996,-1.05961
594.2,-0.831019,0.0507511,0.894953,-0.0711792
594.3,-0.776084,0.0522348,0.91465,-0.643401
594.4,-0.729302,0.0629253,0.939464,-1.50891
594.5,-0.694291,0.0828073,0.968396,-0.0955817
594.6,-0.674202,0.111369,1.00011,-0.406057
594.7,-0.671516,0.147576,1.03297,-0.0159559
594.8,-0.687856,0.189863,1.06517,-0.00137824
594.9,-0.723821,0.236145,1.09475,-1.43706
595,-0.778844,0.283874,1.11977,0.547818
595.1,-0.851106,0.330132,1.1384,-3.16042
595.2,-0.937514,0.371782,1.14907,-0.0539831
595.3,-1.03376,0.405674,1.15057,-0.677378
595.4,-1.1345,0.428883,1.14217,0.53084
595.5,-1.23361,0.438985,1.12373,-1.10034
595.6,-1.32457,0.434304,1.09572,-1.09618
595.7,-1.4009,0.414134,1.0593,-2.19387
595.8,-1.45668,0.378869,1.01623,0.491551
595.9,-1.48702,0.330033,0.968813,-0.187449
596,-1.48844,0.270202,0.919789,-1.78476
596.1,-1.45929,0.20281,0.872146,-0.458611
596.2,-1.39982,0.131883,0.828944,0.00738883
596.3,-1.31227,0.0617283,0.79312,-0.259631
596.4,-1.20074,-0.00336812,0.767291,0.355754
596.5,-1.07088,-0.059411,0.753585,-0.236977
596.6,-0.929628,-0.102895,0.753496,0.059415
596.7,-0.78476,-0.130936,0.76778,-0.36371
596.8,-0.64453,-0.141337,0.796389,-0.0776963
596.9,-0.517274,-0.132626,0.838441,-1.15464
597,-0.411056,-0.104084,0.892233,0.443852
597.1,-0.333325,-0.0557907,0.95528,0.00696042
597.2,-0.290568,0.0112775,1.0244,-1.08268
597.3,-0.287952,0.0951252,1.09583,-0.86169
597.4,-0.328925,0.192595,1.16535,-0.108971
597.5,-0.414801,0.299255,1.22854,-4.21372
597.6,-0.544345,0.40938,1.28094,0.330976
597.7,-0.713425,0.516081,1.31835,0.52298
597.8,-0.914806,0.611645,1.33717,-0.550215
597.9,-1.13818,0.688092,1.33465,-0.884194
598,-1.37052,0.737943,1.30923,-0.130116
598.1,-1.59676,0.755088,1.26075,-1.31278
598.2,-1.80088,0.735644,1.19062,-0.183591
598.3,-1.96721,0.678631,1.10184,-1.23402
598.4,-2.08189,0.586312,0.998902,-1.95615
598.5,-2.13423,0.464105,0.887542,0.288396
598.6,-2.1178,0.320048,0.774353,-1.08579
598.7,-2.03105,0.16391,0.666332,0.0509405
598.8,-1.87746,0.00610902,0.570376,-0.955668
598.9,-1.66503,-0.14334,0.492806,-0.0776082
599,-1.40554,-0.275678,0.438942,-0.146879
599.1,-1.11337,-0.383896,0.412788,-0.339387
599.2,-0.804417,-0.462863,0.416828,-2.9033
599.3,-0.495094,-0.509119,0.451917,-0.121252
599.4,-0.201573,-0.520472,0.517281,0.124158
599.5,0.0606894,-0.495566,0.610559,0.183532
599.6,0.277198,-0.433573,0.727893,-0.500259
599.7,0.434552,-0.334139,0.864026,0.0352773
599.8,0.520624,-0.197664,1.01243,-0.00268016
599.9,0.524927,-0.0259039,1.16542,0.548574
600,0.439305,0.177184,1.31441,0.092537
600.1,0.258979,0.404532,1.45012,0.659162
600.2,-0.016105,0.645227,1.56304,-0.349228
600.3,-0.37981,0.884271,1.64394,0.483208
600.4,-0.818548,1.10311,1.68457,0.608344
600.5,-1.31061,1.28111,1.67844,0.591577
600.6,-1.82653,1.39802,1.62164,0.560052
600.7,-2.3307,1.43706,1.51352,0.131921
600.8,-2.7844,1.38803,1.35719,-1.10857
600.9,-3.14989,1.24989,1.15959,-0.703677
601,-3.39494,1.03168,0.931233,0.328661
601.1,-3.49705,0.751808,0.68538,0.0164507
601.2,-3.44633,0.435318,0.436933,-0.113635
601.3,-3.24662,0.110015,0.201094,-1.21657
601.4,-2.9144,-0.197797,-0.00796329,-0.148224
601.5,-2.47598,-0.466894,-0.178239,0.619323
601.6,-1.9636,-0.683282,-0.300693,0.34015
601.7,-1.41119,-0.840632,-0.369627,-1.09428
601.8,-0.850818,-0.939171,-0.38267,0.196668
601.9,-0.310229,-0.983541,-0.340456,0.583702
602,0.188243,-0.980288,-0.246126,0.673469
602.1,0.627491,-0.935573,-0.104786,-1.86514
602.2,0.994522,-0.85352,0.0769623,-2.33334
602.3,1.27887,-0.735433,0.291361,-0.072295
602.4,1.47103,-0.579935,0.529664,-0.0702515
602.5,1.56126,-0.383973,0.78217,-0.366863
602.6,1.53923,-0.144548,1.03817,-0.247626
602.7,1.39466,0.139037,1.28593,-0.480995
602.8,1.11892,0.46272,1.51273,-0.791266
602.9,0.707782,0.815473,1.70519,-2.98982
603,0.164643,1.1779,1.84987,-2.04091
603.1,-0.496149,1.52234,1.93418,0.377277
603.2,-1.24683,1.81493,1.94763,0.818089
603.3,-2.04549,2.01998,1.8832,-0.24497
603.4,-2.83801,2.10604,1.73873,0.245578
603.5,-3.56286,2.05269,1.51786,0.614646
603.6,-4.15848,1.8562,1.23047,-3.50941
603.7,-4.57211,1.53231,0.892248,-0.287084
603.8,-4.76799,1.11486,0.523337,-0.624011
603.9,-4.73321,0.650272,0.146368,-0.12537
604,-4.47954,0.189154,-0.215983,-0.70294
604.1,-4.04093,-0.222632,-0.543358,0.705283
604.2,-3.4672,-0.551192,-0.819656,-1.32584
604.3,-2.81586,-0.778432,-1.03421,-0.946886
604.4,-2.14362,-0.902125,-1.18214,-0.85733
604.5,-1.49958,-0.932925,-1.26389,-0.972758
604.6,-0.92093,-0.889726,-1.28425,0.894431
604.7,-0.431306,-0.794792,-1.25106,0.838306
604.8,-0.0415367,-0.669743,-1.17385,-1.79838
604.9,0.248149,-0.532902,-1.06271,0.861142
605,0.445182,-0.398024,-0.927316,-0.483092
605.1,0.56168,-0.274149,-0.776359,-0.77305
605.2,0.611872,-0.166161,-0.61719,0.478429
605.3,0.610129,-0.0756917,-0.455715,-2.95633
605.4,0.569647,-0.00210037,-0.296453,0.440149
605.5,0.501691,0.0566479,-0.142698,-0.107304
605.6,0.415295,0.103273,0.00327282,0.204763
605.7,0.317283,0.140656,0.139976,-0.297532
605.8,0.212496,0.171486,0.266505,0.0938202
605.9,0.104127,0.198033,0.382357,-0.620088
606,-0.0058872,0.222031,0.487277,-0.367863
606.1,-0.116478,0.244626,0.581161,0.175691
606.2,-0.22708,0.266378,0.663981,-0.298138
606.3,-0.337317,0.287307,0.735757,-1.5619
606.4,-0.446741,0.306964,0.796545,-0.0327894
606.5,-0.554637,0.324534,0.846459,0.0674363
606.6,-0.659909,0.338953,0.885704,-0.489793
606.7,-0.761026,0.349052,0.914615,0.441848
606.8,-0.856049,0.353695,0.933702,0.371391
606.9,-0.94272,0.351928,0.943684,-0.295391
607,-1.01861,0.343108,0.945517,-0.795522
607.1,-1.08133,0.327007,0.9404,-0.681972
607.2,-1.12869,0.303883,0.929763,0.324762
607.3,-1.159,0.274499,0.915231,-0.883603
607.4,-1.17116,0.240105,0.89857,-0.36747
607.5,-1.16492,0.202368,0.881613,-0.58323
607.6,-1.14091,0.16327,0.866178,0.25215
607.7,-1.10069,0.12498,0.853972,-0.349238
607.8,-1.04672,0.0897219,0.8465,-0.172577
607.9,-0.982279,0.059637,0.844978,-0.860897
608,-0.911306,0.0366671,0.850263,-0.00938742
608.1,-0.838217,0.0224531,0.862788,-0.736874
608.2,-0.767701,0.0182528,0.882534,-0.888714
608.3,-0.704492,0.024875,0.909004,-0.162742
608.4,-0.65314,0.0426247,0.941239,-0.636383
608.5,-0.617772,0.0712544,0.977843,-0.0616866
608.6,-0.601866,0.109922,1.01704,-0.436351
608.7,-0.608016,0.157156,1.05673,-3.48916
608.8,-0.637712,0.210845,1.09465,0.533606
608.9,-0.691148,0.268253,1.1284,-0.358763
609,-0.76706,0.326095,1.15567,0.357838
609.1,-0.862631,0.380669,1.17433,-0.257567
609.2,-0.973495,0.428068,1.18263,-0.0249113
609.3,-1.09385,0.464459,1.17931,0.263688
609.4,-1.21669,0.486415,1.16377,-0.514965
609.5,-1.33424,0.491264,1.13615,0.381375
609.6,-1.43843,0.477408,1.09737,0.139841
609.7,-1.5215,0.444565,1.04917,0.440152
609.8,-1.57664,0.393884,0.994005,-1.37175
609.9,-1.5986,0.327914,0.934949,-0.155913
610,-1.58413,0.250417,0.875501,0.358041
610.1,-1.5323,0.166055,0.819371,-2.6723
610.2,-1.44464,0.0799983,0.770239,-0.573816
610.3,-1.32503,-0.00248534,0.731511,0.100307
610.4,-1.17945,-0.0763969,0.7061,-0.869878
610.5,-1.01553,-0.13729,0.696234,0.145
610.6,-0.842159,-0.181448,0.70331,-0.582376
610.7,-0.668927,-0.20596,0.727798,-0.984428
610.8,-0.505708,-0.208732,0.769191,0.259433
610.9,-0.362237,-0.188474,0.825997,-1.22281
611,-0.247743,-0.144706,0.895776,-0.776044
611.1,-0.170593,-0.0778331,0.975203,-0.255862
611.2,-0.137926,0.010711,1.06017,-1.1156
611.3,-0.155226,0.118255,1.14595,-0.774054
611.4,-0.225841,0.240662,1.22735,0.595345
611.5,-0.35044,0.372156,1.29898,-0.417495
611.6,-0.526473,0.505297,1.35554,-0.117673
611.7,-0.747729,0.631194,1.39217,0.0731517
611.8,-1.0041,0.740022,1.40482,-1.21613
611.9,-1.28171,0.821856,1.39064,-2.64031
612,-1.56348,0.867763,1.34834,0.625963
612.1,-1.83015,0.870998,1.27845,-0.0895467
612.2,-2.0619,0.828101,1.18347,0.470592
612.3,-2.24005,0.739645,1.06786,-0.924961
612.4,-2.34903,0.610449,0.937773,0.419475
612.5,-2.378,0.449158,0.800725,-0.307226
612.6,-2.32198,0.267242,0.665013,-0.251881
612.7,-2.18235,0.0775915,0.539122,-1.57794
612.8,-1.96651,-0.106985,0.431089,-0.223983
612.9,-1.68695,-0.275077,0.347949,-3.05645
613,-1.35991,-0.417549,0.295284,-1.47927
613.1,-1.00376,-0.527875,0.276938,-2.06384
613.2,-0.637664,-0.601947,0.294863,-2.04579
613.3,-0.280414,-0.6375,0.349109,-0.904166
613.4,0.0501942,-0.633384,0.43789,0.125812
613.5,0.337644,-0.588905,0.557707,0.121424
613.6,0.566688,-0.50344,0.703471,-2.67193
613.7,0.723245,-0.376474,0.868627,-1.02985
613.8,0.794451,-0.208106,1.04527,-0.585179
613.9,0.769045,3.65647e-06,1.22429,-0.54787
614,0.638252,0.243396,1.39557,-0.74775
614.1,0.397194,0.513534,1.54826,0.383874
614.2,0.0467113,0.796835,1.67135,-0.0146492
614.3,-0.404684,1.07443,1.75423,-0.0896456
614.4,-0.939184,1.32304,1.78763,0.589868
614.5,-1.52895,1.51716,1.76454,-0.0971004
614.6,-2.13678,1.63249,1.68123,-1.21734
614.7,-2.71861,1.65014,1.53805,0.675943
614.8,-3.22769,1.56065,1.33994,0.420833
614.9,-3.62015,1.36681,1.09641,0.228368
615,-3.86071,1.08431,0.820986,-0.457619
615.1,-3.92775,0.739812,0.530069,-1.97419
615.2,-3.81617,0.366656,0.24141,-1.26263
615.3,-3.53775,-0.000641783,-0.0275863,-0.555121
615.4,-3.11873,-0.33185,-0.261442,-2.52805
615.5,-2.59536,-0.605078,-0.447849,-0.533829
615.6,-2.00837,-0.808646,-0.578394,0.805188
615.7,-1.39778,-0.940678,-0.648742,0.477295
615.8,-0.798734,-1.00691,-0.658344,0.7846
615.9,-0.239074,-1.01756,-0.609811,0.755133
616,0.26128,-0.984091,-0.508144,-0.0837913
616.1,0.689514,-0.916577,-0.359965,-1.48432
616.2,1.03812,-0.821964,-0.172899,-0.0699505
616.3,1.30268,-0.703375,0.044856,-2.12435
616.4,1.47981,-0.56036,0.284724,-0.937621
616.5,1.56556,-0.389922,0.537774,-0.782463
616.6,1.55461,-0.188138,0.794614,-0.398143
616.7,1.4405,0.0478335,1.04526,-0.00497217
616.8,1.21668,0.317581,1.27905,-0.0762342
616.9,0.878672,0.615412,1.48478,0.354026
617,0.4267,0.92885,1.65098,-0.250073
617.1,-0.131317,1.23814,1.76658,-0.379061
617.2,-0.777219,1.51721,1.82178,-0.795416
617.3,-1.48115,1.73635,1.80919,0.275309
617.4,-2.20192,1.86659,1.72498,0.000291165
617.5,-2.88974,1.88501,1.5699,0.619717
617.6,-3.49121,1.78003,1.34991,-1.08739
617.7,-3.95601,1.55506,1.07622,-0.800596
617.8,-4.24412,1.22942,0.764615,-0.305777
617.9,-4.33194,0.835828,0.434096,-0.200278
618,-4.21582,0.414899,0.105048,0.402796
618.1,-3.91233,0.00810337,-0.202804,0.292963
618.2,-3.45493,-0.349109,-0.472275,0.733325
618.3,-2.8883,-0.632249,-0.690144,0.259548
618.4,-2.26135,-0.829875,-0.847927,-1.23964
618.5,-1.62077,-0.942789,-0.941968,-0.911236
618.6,-1.006,-0.981108,-0.972952,-2.69703
618.7,-0.446469,-0.960307,-0.945021,-0.412947
618.8,0.0390614,-0.897342,-0.864723,0.822531
618.9,0.441394,-0.807562,-0.73999,0.513177
619,0.758708,-0.702778,-0.579284,0.68193
619.1,0.993937,-0.590459,-0.390988,-2.2265
619.2,1.15225,-0.473857,-0.183061,-1.32754
619.3,1.23899,-0.352771,0.0370781,0.355858
619.4,1.25831,-0.224694,0.262493,-1.30993
619.5,1.21245,-0.0861425,0.486569,-0.594272
619.6,1.10185,0.0659801,0.702826,-1.72608
619.7,0.925768,0.233095,0.904756,-0.570979
619.8,0.683513,0.413841,1.08577,-0.0382803
619.9,0.375933,0.603287,1.23928,-0.566838
620,0.00708777,0.792604,1.35891,-0.349854
620.1,-0.414255,0.969369,1.43894,-1.8448
620.2,-0.873572,1.11859,1.47479,-0.429149
620.3,-1.35031,1.22447,1.46364,-0.253685
620.4,-1.81863,1.27271,1.405,0.589439
620.5,-2.2492,1.25303,1.30117,-4.90359
620.6,-2.61203,1.16132,1.15742,0.550853
620.7,-2.87981,1.00099,0.981938,-1.19308
620.8,-3.0313,0.783027,0.785347,0.228298
620.9,-3.05412,0.52464,0.579978,-0.587228
621,-2.94624,0.24679,0.378891,0.182099
621.1,-2.71612,-0.0288842,0.194815,0.155074
621.2,-2.38125,-0.283027,0.0391664,-0.593091
621.3,-1.96564,-0.500762,-0.078739,0.283533
621.4,-1.49679,-0.672738,-0.152186,-0.729865
621.5,-1.0027,-0.794953,-0.177258,-0.588725
621.6,-0.509538,-0.867591,-0.152761,0.455229
621.7,-0.0402256,-0.893303,-0.0799642,-0.332474
621.8,0.385988,-0.875408,0.0377541,-0.538214
621.9,0.753116,-0.816407,0.195261,-0.733661
622,1.04749,-0.717111,0.385951,-0.509255
622.1,1.25669,-0.576527,0.60192,-0.202517
622.2,1.36869,-0.392532,0.834049,-1.31858
622.3,1.37157,-0.163266,1.07202,-0.483447
622.4,1.25414,0.110925,1.30435,0.540068
622.5,1.0074,0.425288,1.51853,-0.252648
622.6,0.626964,0.768616,1.70137,-1.42183
622.7,0.116042,1.12194,1.83956,-0.328655
622.8,-0.51153,1.45856,1.92067,-1.17115
622.9,-1.229,1.74595,1.93425,-0.112431
623,-1.99607,1.9498,1.8732,0.704762
623.1,-2.76061,2.03967,1.73511,-0.87273
623.2,-3.46323,1.9954,1.52314,0.454939
623.3,-4.04422,1.81254,1.24652,-0.668238
623.4,-4.45186,1.5051,0.920096,-0.743684
623.5,-4.65034,1.10446,0.563148,0.123468
623.6,-4.62546,0.654376,0.1975,-0.548212
623.7,-4.38662,0.203163,-0.154787,-0.212483
623.8,-3.96469,-0.204806,-0.473702,-1.15743
623.9,-3.4063,-0.536076,-0.743167,0.745691
624,-2.76606,-0.772009,-0.952234,0.893661
624.1,-2.09852,-0.909108,-1.09548,0.695187
624.2,-1.45156,-0.956383,-1.17264,0.226668
624.3,-0.862025,-0.931017,-1.18772,0.721876
624.4,-0.354061,-0.853706,-1.14777,-3.12789
624.5,0.0603623,-0.744724,-1.06166,0.420182
624.6,0.379388,-0.621242,-0.93889,0.325743
624.7,0.608463,-0.495997,-0.788785,-3.20724
624.8,0.757439,-0.377061,-0.61987,0.0570264
624.9,0.83804,-0.268365,-0.439576,-1.73908
625,0.86192,-0.170608,-0.254151,-0.666863
625.1,0.83939,-0.0823063,-0.0687366,-0.555126
625.2,0.778748,-0.000786727,0.112459,0.329572
625.3,0.686119,0.0769532,0.285949,-0.8866
625.4,0.565682,0.153552,0.448758,-0.547088
625.5,0.420158,0.230763,0.59825,-0.964977
625.6,0.251463,0.309107,0.732017,0.0656586
625.7,0.061424,0.387681,0.84783,0.0284767
625.8,-0.147527,0.464146,0.94367,-1.37723
625.9,-0.371757,0.534888,1.01781,-2.16361
626,-0.606017,0.595354,1.06898,-0.00367701
626.1,-0.843261,0.64055,1.09651,-0.353026
626.2,-1.07475,0.66566,1.10052,-0.0134881
626.3,-1.29048,0.666713,1.08208,-1.00416
626.4,-1.47981,0.641214,1.0433,-0.0872193
626.5,-1.63243,0.588629,0.987346,-1.16428
626.6,-1.73924,0.510633,0.918349,-0.190565
626.7,-1.79337,0.411077,0.841258,-0.33273
626.8,-1.79088,0.295661,0.761566,0.0592053
626.9,-1.73128,0.171374,0.684989,-1.22766
627,-1.61759,0.0458037,0.617117,-1.02828
627.1,-1.45619,-0.0735626,0.563064,0.148124
627.2,-1.25625,-0.179918,0.527165,0.0261517
627.3,-1.02907,-0.26752,0.512723,-0.512247
627.4,-0.787293,-0.331855,0.521838,-0.838214
627.5,-0.544237,-0.369588,0.555307,0.188236
627.6,-0.313277,-0.378406,0.612587,-0.030267
627.7,-0.107411,-0.356813,0.691814,0.114291
627.8,0.0610609,-0.304014,0.789857,-1.15718
627.9,0.1808,-0.219941,0.902401,-0.840441
628,0.241732,-0.10548,1.02406,-0.3917
628.1,0.235477,0.0371105,1.1485,0.386143
628.2,0.155964,0.203664,1.2687,-0.213981
628.3,0.000256509,0.387568,1.37715,-0.213218
628.4,-0.230486,0.579402,1.46625,-1.0356
628.5,-0.530045,0.766941,1.52876,0.104816
628.6,-0.886395,0.935706,1.55834,0.39209
628.7,-1.28145,1.07014,1.55018,-1.93913
628.8,-1.69153,1.1554,1.50154,-0.0924294
628.9,-2.08874,1.17945,1.4123,-0.64692
629,-2.44324,1.13522,1.28522,-1.85973
629.1,-2.72619,1.02218,1.12604,-5.16977
629.2,-2.913,0.846977,0.943195,-2.3184
629.3,-2.98619,0.622885,0.74724,-0.663104
629.4,-2.93757,0.368019,0.550029,-0.597296
629.5,-2.76898,0.102761,0.363735,0.0626374
629.6,-2.49176,-0.153076,0.199862,-0.125714
629.7,-2.12494,-0.3827,0.0683761,-1.36446
629.8,-1.69268,-0.573912,-0.0229416,0.149287
629.9,-1.22141,-0.719564,-0.0688601,-0.476005
630,-0.737317,-0.816986,-0.0667986,-0.671795
630.1,-0.264546,-0.866661,-0.0167043,-0.591347
630.2,0.175718,-0.870599,0.0792051,0.440573
630.3,0.565318,-0.830803,0.216748,-0.32365
630.4,0.888547,-0.748203,0.390055,-0.232406
630.5,1.13128,-0.622244,0.591773,-2.32865
630.6,1.28016,-0.451254,0.813181,-1.16986
630.7,1.32226,-0.233559,1.04424,0.0391346
630.8,1.24544,0.0307692,1.27367,-2.13131
630.9,1.03956,0.337801,1.48903,0.42367
631,0.69872,0.677649,1.67707,-0.858428
631.1,0.224026,1.03293,1.8243,0.34662
631.2,-0.37332,1.37843,1.91778,0.506714
631.3,-1.06954,1.68251,1.94632,0.765853
631.4,-1.82719,1.91065,1.90181,-0.0989746
631.5,-2.59631,2.03081,1.78049,0.734433
631.6,-3.31836,2.01979,1.58411,0.494303
631.7,-3.93265,1.86908,1.32042,-1.01982
631.8,-4.38457,1.58835,1.00301,-1.48032
631.9,-4.63374,1.20535,0.650287,-1.46451
632,-4.66046,0.761713,0.283702,-0.228208
632.1,-4.46861,0.305648,-0.0744949,-0.31171
632.2,-4.0845,-0.116676,-0.403592,-0.554091
632.3,-3.55181,-0.468656,-0.686431,0.484466
632.4,-2.92418,-0.727975,-0.910787,-0.151038
632.5,-2.25698,-0.887741,-1.06995,0.574373
632.6,-1.60024,-0.954432,-1.16254,0.370156
632.7,-0.993719,-0.943817,-1.19169,0.821089
632.8,-0.464583,-0.876242,-1.16388,-1.88774
632.9,-0.0275024,-0.772439,-1.08769,-1.80532
633,0.313572,-0.650527,-0.97259,0.619528
633.1,0.562701,-0.524374,-0.828043,-0.562886
633.2,0.729014,-0.403144,-0.662813,0.827059
633.3,0.824064,-0.291676,-0.484616,0.730204
633.4,0.859725,-0.191341,-0.299979,-1.45008
633.5,0.846765,-0.101079,-0.114289,0.146139
633.6,0.794041,-0.0184093,0.0680513,-1.66306
633.7,0.708232,0.059662,0.243418,-0.886026
633.8,0.593978,0.135918,0.408751,0.189882
633.9,0.454324,0.212371,0.561368,0.110283
634,0.291337,0.289873,0.698839,-0.393429
634.1,0.106808,0.367895,0.818917,-0.378015
634.2,-0.0970411,0.44447,0.919555,0.383993
634.3,-0.316935,0.516311,0.998972,-0.24031
634.4,-0.548083,0.579104,1.05579,0.360681
634.5,-0.783941,0.627966,1.0892,-0.444543
634.6,-1.01624,0.658032,1.09912,-1.51944
634.7,-1.23533,0.665113,1.08639,0.161842
634.8,-1.43076,0.646334,1.05284,-0.223851
634.9,-1.59215,0.600657,1.00137,0.501683
635,-1.71012,0.529196,0.935862,-0.0798904
635.1,-1.77726,0.435248,0.861045,-0.102646
635.2,-1.78889,0.324046,0.782264,-3.07647
635.3,-1.74366,0.202254,0.705167,0.273704
635.4,-1.64371,0.0773015,0.63536,-0.716928
635.5,-1.49459,-0.0433053,0.578067,-0.214077
635.6,-1.30474,-0.152603,0.537803,-0.517017
635.7,-1.08493,-0.244602,0.518119,-1.6905
635.8,-0.847434,-0.314504,0.521408,-0.00488551
635.9,-0.605378,-0.358703,0.548785,-0.887985
636,-0.372076,-0.374654,0.60004,0.167185
636.1,-0.160573,-0.360674,0.673642,-2.40332
636.2,0.0167028,-0.315803,0.766783,-0.0658589
636.3,0.14822,-0.239788,0.875456,-2.41526
636.4,0.223627,-0.133264,0.994555,0.142819
636.5,0.234145,0.00187904,1.11802,0.119349
636.6,0.173133,0.161989,1.239,0.61188
636.7,0.0368582,0.341109,1.35013,-1.28368
636.8,-0.174576,0.530562,1.44386,-0.126541
636.9,-0.456263,0.718862,1.51287,0.57565
637,-0.797686,0.892109,1.55061,-3.19172
637.1,-1.18233,1.03502,1.55188,-0.06293
637.2,-1.58795,1.13253,1.51344,-0.143423
637.3,-1.98774,1.17187,1.43448,0.413873
637.4,-2.35232,1.14467,1.31706,-0.559627
637.5,-2.6526,1.04875,1.16617,-0.0216623
637.6,-2.86288,0.888952,0.98955,-0.048779
637.7,-2.96389,0.67692,0.797243,-3.26722
637.8,-2.94513,0.429614,0.600776,-0.0270492
637.9,-2.80594,0.166916,0.412242,-0.251934
638,-2.55536,-0.0911712,0.24331,0.0997729
638.1,-2.21056,-0.32708,0.104317,-0.369217
638.2,-1.79449,-0.527482,0.0035762,-1.30011
638.3,-1.33304,-0.684017,-0.0530677,-3.79104
638.4,-0.852454,-0.792962,-0.0623953,0.303884
638.5,-0.377378,-0.854078,-0.0237452,0.34627
638.6,0.070321,-0.869037,0.0612131,-0.134316
638.7,0.471788,-0.839859,0.188775,-0.589754
638.8,0.810756,-0.767723,0.353485,-0.0911297
638.9,1.07274,-0.652396,0.548359,-0.454696
639,1.24418,-0.492413,0.765014,0.121362
639.1,1.31202,-0.286018,0.993741,0.100011
639.2,1.26384,-0.0327708,1.22355,0.552876
639.3,1.0889,0.264414,1.44228,-1.55596
639.4,0.780149,0.597134,1.63686,-0.632194
639.5,0.336865,0.9498,1.79382,0.494601
639.6,-0.232273,1.29897,1.90003,0.367947
639.7,-0.906525,1.61435,1.94384,0.0746999
639.8,-1.65162,1.86179,1.91635,0.293439
639.9,-2.42033,2.0083,1.81272,0.111845
640,-3.15579,2.02824,1.63338,-1.30973
640.1,-3.79733,1.90941,1.3847,0.644337
640.2,-4.28843,1.65719,1.07895,-0.00441922
640.3,-4.58498,1.29534,0.733518,-0.429324
640.4,-4.66226,0.862688,0.369286,-0.299606
640.5,-4.51868,0.406466,0.00845483,0.161041
640.6,-4.17563,-0.0261828,-0.32778,-0.705739
640.7,-3.67323,-0.396109,-0.621347,-1.64227
640.8,-3.06329,-0.677599,-0.858837,-1.29762
640.9,-2.40124,-0.860328,-1.03227,0.672977
641,-1.73863,-0.947965,-1.13908,-1.00795
641.1,-1.1177,-0.954454,-1.1814,0.75461
641.2,-0.568502,-0.899353,-1.16502,0.406011
641.3,-0.108451,-0.803468,-1.09809,-0.251619
641.4,0.256197,-0.685558,-0.989903,-2.56249
641.5,0.527795,-0.560403,-0.849955,-0.583223
641.6,0.714379,-0.438099,-0.687181,0.546685
641.7,0.826923,-0.324287,-0.509548,0.758059
641.8,0.877115,-0.220925,-0.323874,0.595765
641.9,0.875775,-0.127314,-0.135841,-0.562607
642,0.831931,-0.0411376,0.0498668,-3.47491
642.1,0.752452,0.040592,0.22936,-1.06774
642.2,0.642134,0.120743,0.399331,-0.896244
642.3,0.504105,0.201451,0.556864,-0.40359
642.4,0.340454,0.283675,0.699298,0.0764898
642.5,0.152955,0.366927,0.82416,-0.625192
642.6,-0.0561841,0.449186,0.929167,-1.37868
642.7,-0.283646,0.526989,1.01231,0.420813
642.8,-0.524489,0.595725,1.07199,-1.43885
642.9,-0.771862,0.650109,1.10719,-1.27376
643,-1.01701,0.684815,1.11769,-0.134592
643.1,-1.24963,0.695186,1.10421,-2.35453
643.2,-1.45845,0.677948,1.06856,-0.276211
643.3,-1.63222,0.631797,1.01369,0.088375
643.4,-1.76066,0.557765,0.943626,-1.66499
643.5,-1.83555,0.459276,0.863342,-0.717021
643.6,-1.85163,0.341885,0.778479,0.133421
643.7,-1.80717,0.212728,0.695038,-0.789835
643.8,-1.70425,0.0797916,0.618998,-0.315362
643.9,-1.54859,-0.0488637,0.55595,-0.920122
644,-1.34909,-0.165783,0.510744,0.0523869
644.1,-1.1171,-0.264601,0.487216,0.0386309
644.2,-0.865588,-0.34027,0.487976,-0.0366538
644.3,-0.608387,-0.389053,0.514288,-0.114895
644.4,-0.3595,-0.408345,0.566021,-0.264813
644.5,-0.132613,-0.396431,0.641654,0.0676664
644.6,0.059247,-0.352289,0.73833,0.168633
644.7,0.203962,-0.275548,0.851931,-1.53033
644.8,0.290576,-0.166655,0.977184,0.106694
644.9,0.309661,-0.027259,1.10779,0.447354
645,0.253875,0.139219,1.23662,0.587797
645.1,0.118755,0.326963,1.35592,-0.438964
645.2,-0.0962776,0.527246,1.4577,-0.0706419
645.3,-0.386845,0.728237,1.53414,-0.108281
645.4,-0.74266,0.915345,1.57815,0.71858
645.5,-1.147,1.07222,1.58398,-2.2392
645.6,-1.57685,1.18249,1.54789,0.717246
645.7,-2.00403,1.23192,1.4687,-0.500802
645.8,-2.3973,1.21086,1.34822,0.129804
645.9,-2.7253,1.1162,1.19142,-1.01776
646,-2.96001,0.952521,1.00627,-1.06363
646.1,-3.08012,0.731878,0.803245,-0.415902
646.2,-3.0736,0.472312,0.594482,-2.07182
646.3,-2.93907,0.195232,0.392805,-0.0749749
646.4,-2.68569,-0.0776796,0.210639,0.249544
646.5,-2.33152,-0.327355,0.0590325,0.166935
646.6,-1.90089,-0.539395,-0.0531129,-2.46982
646.7,-1.42136,-0.704945,-0.119515,-0.769647
646.8,-0.920754,-0.820361,-0.136684,0.593781
646.9,-0.424995,-0.885951,-0.103831,-0.560363
647,0.0432292,-0.904219,-0.022605,-1.01803
647.1,0.464745,-0.878092,0.103254,-0.288094
647.2,0.823407,-0.809532,0.268247,0.142702
647.3,1.10514,-0.698801,0.46537,-0.563407
647.4,1.29692,-0.544514,0.686276,0.304064
647.5,1.38607,-0.344505,0.921334,-0.781116
647.6,1.36019,-0.0974027,1.15965,0.531505
647.7,1.20802,0.195275,1.38916,-1.33412
647.8,0.921276,0.526851,1.59677,-0.120824
647.9,0.49727,0.883532,1.76883,-0.0844668
648,-0.0578958,1.24337,1.89184,-0.833018
648.1,-0.726365,1.57683,1.95346,-0.12421
648.2,-1.47656,1.84936,1.94382,-1.1767
648.3,-2.2632,2.02616,1.85692,-0.0988262
648.4,-3.02992,2.07843,1.69184,-0.248792
648.5,-3.7148,1.98988,1.45366,-0.391056
648.6,-4.25818,1.76171,1.15361,-1.35459
648.7,-4.61127,1.4143,0.808391,-0.113025
648.8,-4.74387,0.984804,0.438731,-1.00429
648.9,-4.64915,0.520808,0.0672222,-0.416838
649,-4.3444,0.0717727,-0.284075,0.69405
649.1,-3.86749,-0.319533,-0.595904,-0.165811
649.2,-3.27006,-0.623377,-0.85355,0.88244
649.3,-2.60919,-0.825886,-1.0478,-2.75144
649.4,-1.93938,-0.928268,-1.1751,-2.21836
649.5,-1.30639,-0.943335,-1.23692,0.32803
649.6,-0.743692,-0.890763,-1.23874,0.83069
649.7,-0.271481,-0.792429,-1.18869,-0.718494
649.8,0.102128,-0.668752,-1.09633,0.694292
649.9,0.378673,-0.536423,-0.971508,0.905714
650,0.566369,-0.407457,-0.823561,0.573636
650.1,0.677233,-0.289251,-0.660796,-2.18443
650.2,0.724674,-0.185273,-0.490228,0.234807
650.3,0.721716,-0.0960256,-0.31754,0.0805399
650.4,0.679867,-0.0200402,-0.147179,0.285474
650.5,0.60855,0.0452319,0.0174539,-2.4332
650.6,0.514964,0.102702,0.173791,-0.697976
650.7,0.404265,0.155106,0.319878,-0.466728
650.8,0.279934,0.204628,0.454191,-0.870939
650.9,0.144268,0.252671,0.575488,0.135672
651,-0.00110777,0.29973,0.682721,0.288296
651.1,-0.154735,0.345381,0.774991,-0.035038
651.2,-0.314881,0.388353,0.851556,-0.52446
651.3,-0.479201,0.426686,0.911875,0.339853
651.4,-0.644517,0.457961,0.955682,-0.502596
651.5,-0.806751,0.47959,0.983073,-0.153687
651.6,-0.961008,0.489149,0.994597,-2.29989
651.7,-1.10181,0.484702,0.99132,-0.418405
651.8,-1.22346,0.465106,0.974874,-1.69577
651.9,-1.32049,0.430227,0.94745,-0.162339
652,-1.38818,0.381064,0.911755,-1.82121
652.1,-1.42298,0.319734,0.870912,-0.128877
652.2,-1.42296,0.249343,0.828321,0.0477549
652.3,-1.38803,0.173745,0.787485,-0.11749
652.4,-1.32005,0.0972384,0.751819,-2.54442
652.5,-1.22282,0.0242423,0.724452,0.0421123
652.6,-1.10182,-0.0410018,0.708048,-0.113155
652.7,-0.963951,-0.0946684,0.704651,-1.95995
652.8,-0.817136,-0.13351,0.715557,0.220358
652.9,-0.669931,-0.154947,0.741237,-0.122656
653,-0.531139,-0.157105,0.78129,0.377742
653.1,-0.409438,-0.138832,0.834439,-0.0402905
653.2,-0.31305,-0.0997356,0.898558,-0.420191
653.3,-0.249402,-0.0402564,0.970736,-1.352
653.4,-0.224781,0.0382089,1.04738,-0.588858
653.5,-0.243945,0.133143,1.12432,0.372626
653.6,-0.309698,0.240742,1.19703,-0.0340991
653.7,-0.422432,0.355811,1.26081,-0.597599
653.8,-0.579692,0.471779,1.31106,-0.257959
653.9,-0.775838,0.580914,1.34357,0.650626
654,-1.00189,0.674783,1.35489,-0.922585
654.1,-1.24569,0.744954,1.3426,-0.233319
654.2,-1.49239,0.783894,1.30565,0.522656
654.3,-1.7254,0.785938,1.24458,-0.039082
654.4,-1.92762,0.748166,1.1616,-0.520446
654.5,-2.08302,0.671011,1.06061,0.532999
654.6,-2.17812,0.558436,0.947008,-0.203239
654.7,-2.20344,0.417613,0.827321,0.256595
654.8,-2.15442,0.258142,0.708804,-0.867176
654.9,-2.03187,0.0909516,0.598895,-4.26291
655,-1.84181,-0.0729106,0.504686,0.148817
655.1,-1.59475,-0.223354,0.432436,-0.907889
655.2,-1.30459,-0.352002,0.387175,0.0474241
655.3,-0.987426,-0.452531,0.37242,0.0297214
655.4,-0.660325,-0.520601,0.390021,-0.0370315
655.5,-0.340392,-0.553479,0.440115,-0.359079
655.6,-0.0441203,-0.549522,0.521153,-1.19674
655.7,0.212951,-0.507711,0.629983,-0.234212
655.8,0.41637,-0.427394,0.761954,-0.956321
655.9,0.552846,-0.308357,0.911024,0.00977122
656,0.610439,-0.151274,1.06989,-0.511066
656.1,0.579037,0.0415058,1.23014,-2.63828
656.2,0.451212,0.264961,1.38248,0.10706
656.3,0.22348,0.510413,1.51705,-0.0291163
656.4,-0.10215,0.764858,1.62391,-1.64792
656.5,-0.516605,1.01094,1.69365,0.576891
656.6,-1.00253,1.22789,1.71819,0.75734
656.7,-1.5339,1.39351,1.69162,0.650352
656.8,-2.07685,1.48715,1.61102,0.113927
656.9,-2.59197,1.49321,1.47717,0.505496
657,-3.03809,1.40439,1.29493,-0.218552
657.1,-3.37697,1.22387,1.07314,0.414388
657.2,-3.57818,0.965698,0.824137,-1.62645
657.3,-3.62314,0.652997,0.562729,0.00463919
657.4,-3.5076,0.314434,0.304876,0.265327
657.5,-3.24173,-0.0203703,0.0662344,0.341279
657.6,-2.84816,-0.325298,-0.139204,-0.531624
657.7,-2.35826,-0.581052,-0.300182,-1.2743
657.8,-1.80755,-0.776704,-0.408829,0.17689
657.9,-1.23142,-0.909373,-0.460849,-0.868963
658,-0.661632,-0.982431,-0.45533,-0.887106
658.1,-0.124339,-1.00291,-0.394266,0.736515
658.2,0.360473,-0.978782,-0.281954,0.695491
658.3,0.778285,-0.916759,-0.124409,-0.537928
658.4,1.11853,-0.820829,0.0711154,0.45153
658.5,1.37277,-0.691791,0.29643,-0.127922
658.6,1.53306,-0.527692,0.542539,-5.16377
658.7,1.59085,-0.325082,0.799627,-0.154787
658.8,1.53676,-0.080918,1.05698,0.458099
658.9,1.36145,0.205119,1.30294,0.0735871
659,1.05743,0.528212,1.52497,0.709105
659.1,0.621919,0.876362,1.71003,-0.0814551
659.2,0.0600733,1.22927,1.84513,-0.968633
659.3,-0.611807,1.55875,1.91836,-0.117618
659.4,-1.36412,1.83122,1.92008,-0.489745
659.5,-2.15367,2.01222,1.84428,0.777405
659.6,-2.926,2.07259,1.68991,-0.320256
659.7,-3.62055,1.99493,1.46168,-0.773428
659.8,-4.1782,1.77876,1.17037,-0.0363926
659.9,-4.54978,1.44248,0.83226,0.0880268
660,-4.70382,1.02144,0.467694,0.118795
660.1,-4.6316,0.561945,0.0990651,0.421267
660.2,-4.34829,0.112958,-0.251567,-1.28639
660.3,-3.88977,-0.28242,-0.564736,-1.08854
660.4,-3.30623,-0.593475,-0.825346,0.88226
660.5,-2.654,-0.805012,-1.02369,-0.718556
660.6,-1.98756,-0.916897,-1.15568,-0.690654
660.7,-1.35321,-0.940837,-1.22229,-1.94839
660.8,-0.785361,-0.895774,-1.22856,0.788386
660.9,-0.305329,-0.80323,-1.1823,0.64381
661,0.0776843,-0.68359,-1.09287,0.701723
661.1,0.364265,-0.553708,-0.969988,0.489369
661.2,0.561874,-0.425859,-0.822984,0.715563
661.3,0.681973,-0.307709,-0.660199,0.479023
661.4,0.737586,-0.202948,-0.488738,0.711754
661.5,0.741479,-0.112232,-0.314404,-0.690611
661.6,0.704983,-0.0341775,-0.141786,-1.19096
661.7,0.637387,0.033732,0.0255585,-2.67257
661.8,0.545777,0.0944015,0.184893,0.330822
661.9,0.435208,0.150559,0.334084,-0.800979
662,0.309082,0.204356,0.471417,-2.19619
662.1,0.169649,0.257104,0.595457,-0.250986
662.2,0.0185498,0.309145,0.704958,-0.827839
662.3,-0.142648,0.359828,0.79883,0.0139833
662.4,-0.311992,0.40758,0.876156,-2.37208
662.5,-0.486776,0.450088,0.936249,0.350376
662.6,-0.663325,0.484556,0.978741,0.334978
662.7,-0.836932,0.508039,1.00368,-2.21164
662.8,-1.00197,0.517813,1.01164,-0.239474
662.9,-1.1522,0.511755,1.00378,-0.285571
663,-1.28116,0.488675,0.981909,-1.75796
663.1,-1.38271,0.448561,0.948464,-0.175967
663.2,-1.45163,0.392693,0.906456,0.229229
663.3,-1.48409,0.323611,0.859355,-0.985224
663.4,-1.4781,0.244935,0.810922,0.257977
663.5,-1.43382,0.161075,0.765013,-0.552152
663.6,-1.35356,0.0768656,0.72536,-0.522985
663.7,-1.24178,-0.00280441,0.695354,0.0767476
663.8,-1.10477,-0.0733239,0.677847,0.148508
663.9,-0.950295,-0.130607,0.674984,-0.0538623
664,-0.78717,-0.17125,0.688077,-0.460687
664.1,-0.624807,-0.192592,0.717525,-0.00825946
664.2,-0.472808,-0.192735,0.76277,-0.475405
664.3,-0.340579,-0.170536,0.822303,-0.50438
664.4,-0.23699,-0.12563,0.893699,0.402541
664.5,-0.170035,-0.0585183,0.973683,-0.800363
664.6,-0.146471,0.0292799,1.05824,0.470995
664.7,-0.171401,0.135023,1.14277,0.266316
664.8,-0.247799,0.254534,1.22224,0.455777
664.9,-0.375988,0.382048,1.29148,0.557726
665,-0.553132,0.510223,1.34541,-0.97383
665.1,-0.772829,0.630372,1.37943,0.474222
665.2,-1.02493,0.732996,1.38976,-0.513027
665.3,-1.29571,0.808615,1.37382,-1.8196
665.4,-1.56842,0.848821,1.33055,0.519796
665.5,-1.82445,0.847417,1.26069,-0.0291151
665.6,-2.04469,0.801429,1.16686,-0.20732
665.7,-2.21142,0.711781,1.05354,0.263178
665.8,-2.31,0.583437,0.92685,0.0762953
665.9,-2.33044,0.42496,0.79415,0.380379
666,-2.26846,0.247514,0.663517,0.221976
666.1,-2.12586,0.0635285,0.543153,0.0866093
666.2,-1.91022,-0.114725,0.440785,-1.41101
666.3,-1.6339,-0.276351,0.363135,-1.00507
666.4,-1.31282,-0.412636,0.315499,-0.850517
666.5,-0.964879,-0.517328,0.301468,-0.128571
666.6,-0.608726,-0.586437,0.322797,-0.570213
666.7,-0.262673,-0.617697,0.379385,-0.406967
666.8,0.0559082,-0.609886,0.469345,-2.57915
666.9,0.330846,-0.562234,0.58911,0.157187
667,0.547182,-0.474113,0.733559,-0.187831
667.1,0.691121,-0.345118,0.896132,-4.20012
667.2,0.750146,-0.175607,1.06895,-0.584083
667.3,0.713467,0.0323572,1.24297,0.541882
667.4,0.572955,0.273821,1.40818,-0.116656
667.5,0.324553,0.539746,1.55396,-0.215605
667.6,-0.029936,0.816174,1.66955,-1.78886
667.7,-0.481015,1.08413,1.74474,-0.240223
667.8,-1.01003,1.32065,1.77073,-0.0650291
667.9,-1.58863,1.50101,1.74107,-1.48923
668,-2.17967,1.60219,1.65259,-0.241326
668.1,-2.73978,1.60687,1.50617,0.561303
668.2,-3.22367,1.50722,1.30717,-1.05666
668.3,-3.58945,1.30737,1.06538,0.263887
668.4,-3.80418,1.02373,0.794335,0.385201
668.5,-3.84848,0.682911,0.510243,-0.239646
668.6,-3.71908,0.317405,0.230448,0.262948
668.7,-3.42887,-0.0397076,-0.0281978,-2.88963
668.8,-3.00429,-0.359886,-0.250837,-0.486534
668.9,-2.48101,-0.622813,-0.425762,0.73789
669,-1.8986,-0.817965,-0.54507,0.714607
669.1,-1.29557,-0.944029,-0.6048,0.823486
669.2,-0.7056,-1.00669,-0.604626,0.110589
669.3,-0.155387,-1.01559,-0.547253,0.742506
669.4,0.335843,-0.981254,-0.437677,-2.48061
669.5,0.755397,-0.912636,-0.282479,0.589054
669.6,1.09533,-0.815539,-0.0892549,-2.45997
669.7,1.35033,-0.692073,0.133755,-0.799555
669.8,1.51574,-0.541034,0.377825,0.124382
669.9,1.58622,-0.35905,0.63374,-0.0621212
670,1.55513,-0.142338,0.891685,-0.0656332
670.1,1.41501,0.111174,1.14113,-0.0776484
670.2,1.15897,0.399587,1.37082,-2.15476
670.3,0.783089,0.714994,1.56892,-0.501024
670.4,0.289305,1.04212,1.7235,-1.29021
670.5,-0.311504,1.35817,1.82321,0.600628
670.6,-0.997088,1.63429,1.85836,-0.958513
670.7,-1.73277,1.83896,1.8221,-0.141619
670.8,-2.47253,1.94299,1.71166,0.732618
670.9,-3.16255,1.92532,1.52925,-0.0646917
671,-3.7472,1.77828,1.28267,-0.293105
671.1,-4.17641,1.51074,0.98501,0.385316
671.2,-4.41315,1.14794,0.653821,-1.12381
671.3,-4.43917,0.727752,0.309429,0.0015155
671.4,-4.25777,0.294143,-0.0270762,-0.81722
671.5,-3.89276,-0.110564,-0.335987,0.721115
671.6,-3.384,-0.452478,-0.600826,-2.20705
671.7,-2.7807,-0.710473,-0.809634,-0.0192102
671.8,-2.13408,-0.87734,-0.955528,0.892126
671.9,-1.49083,-0.958045,-1.03657,-0.272591
672,-0.888618,-0.966117,-1.05508,-0.615867
672.1,-0.353869,-0.919369,-1.01656,-0.496983
672.2,0.0982087,-0.836035,-0.928615,-1.06217
672.3,0.462036,-0.731931,-0.799865,-0.53928
672.4,0.739158,-0.618854,-0.639103,-2.02967
672.5,0.935498,-0.504105,-0.454729,-0.849763
672.6,1.05886,-0.390832,-0.254436,0.0426596
672.7,1.11697,-0.278903,-0.0451303,-1.08946
672.8,1.11618,-0.166029,0.166996,0.20165
672.9,1.06088,-0.0489658,0.376291,-2.24175
673,0.953489,0.0753436,0.577437,0.148394
673.1,0.795012,0.208737,0.765286,-2.61741
673.2,0.585944,0.350993,0.934752,-1.2678
673.3,0.327464,0.499243,1.08083,-0.548209
673.4,0.0227022,0.647718,1.1987,0.582078
673.5,-0.322088,0.787919,1.28403,-0.382214
673.6,-0.696666,0.909273,1.33328,-0.948443
673.7,-1.08645,1.00026,1.34418,-0.068011
673.8,-1.47286,1.04998,1.3161,-0.0616637
673.9,-1.83435,1.04981,1.25044,-0.905143
674,-2.14825,0.995049,1.15082,0.554106
674.1,-2.39299,0.886056,1.0231,-0.468883
674.2,-2.55052,0.728607,0.875135,-0.474111
674.3,-2.60851,0.533399,0.716321,0.315919
674.4,-2.56179,0.314703,0.556933,0.014744
674.5,-2.413,0.0884578,0.407373,0.120891
674.6,-2.17208,-0.129778,0.27741,-0.0909027
674.7,-1.85495,-0.32659,0.175503,-0.142301
674.8,-1.48165,-0.491833,0.108295,-0.0524958
674.9,-1.07428,-0.618987,0.0803079,0.395246
675,-0.655111,-0.704765,0.0938303,0.435079
675.1,-0.245248,-0.748204,0.148973,-1.3719
675.2,0.136079,-0.749541,0.243827,-0.0582784
675.3,0.471657,-0.709173,0.374662,0.0104998
675.4,0.745994,-0.626971,0.536116,-2.03657
675.5,0.944842,-0.502135,0.721344,-0.0471708
675.6,1.05484,-0.333647,0.922122,0.463075
675.7,1.06358,-0.121321,1.12894,-0.46551
675.8,0.960219,0.132689,1.3311,-0.220571
675.9,0.736906,0.422173,1.51697,-0.0165397
676,0.390785,0.735322,1.67438,-0.184901
676.1,-0.0735513,1.05384,1.79118,-0.652294
676.2,-0.6417,1.3532,1.85619,0.704553
676.3,-1.2878,1.60453,1.86023,-0.556357
676.4,-1.97434,1.77815,1.79727,-1.67832
676.5,-2.65401,1.84835,1.66558,-1.83222
676.6,-3.27384,1.79874,1.46847,-0.575659
676.7,-3.78121,1.62649,1.21457,-0.352061
676.8,-4.13097,1.34442,0.917495,-3.19564
676.9,-4.29194,0.979855,0.594693,-0.592211
677,-4.25166,0.570386,0.265838,-1.0827
677.1,-4.01789,0.157341,-0.0491685,0.367066
677.2,-3.61682,-0.221207,-0.332148,-0.403256
677.3,-3.08824,-0.536198,-0.568274,0.608923
677.4,-2.47912,-0.770841,-0.747111,-1.62305
677.5,-1.83683,-0.920938,-0.862998,0.126728
677.6,-1.20359,-0.992751,-0.914788,-1.5569
677.7,-0.612807,-0.999401,-0.905142,-0.538503
677.8,-0.087615,-0.956906,-0.839547,-0.544105
677.9,0.358668,-0.880751,-0.725304,-2.63556
678,0.720723,-0.783496,-0.570627,-3.81691
678.1,0.998732,-0.67354,-0.383964,0.650635
678.2,1.19579,-0.554922,-0.17358,0.484545
678.3,1.31568,-0.427915,0.052623,0.374522
678.4,1.36126,-0.290125,0.287082,-1.44365
678.5,1.33359,-0.137908,0.522435,0.170415
678.6,1.23194,0.0320989,0.751335,-0.679356
678.7,1.05439,0.221452,0.966293,-0.0405947
678.8,0.799216,0.428536,1.15962,-0.29726
678.9,0.466587,0.64753,1.32355,0.407923
679,0.0605635,0.867925,1.45049,0.509374
679.1,-0.409088,1.07481,1.53353,-2.68693
679.2,-0.925593,1.25007,1.5671,0.380971
679.3,-1.4648,1.37457,1.54765,-0.785511
679.4,-1.99609,1.43102,1.4744,-1.28494
679.5,-2.48461,1.40718,1.34986,0.431761
679.6,-2.89478,1.29853,1.18009,-1.12596
679.7,-3.19451,1.10999,0.974592,-0.0560853
679.8,-3.35938,0.855759,0.745699,0.0622991
679.9,-3.37598,0.557497,0.507672,-1.43311
680,-3.24362,0.241003,0.275482,-0.067103
680.1,-2.97415,-0.0677762,0.0635297,-1.13765
680.2,-2.5899,-0.346467,-0.115515,0.417121
680.3,-2.12031,-0.578885,-0.251602,-0.387452
680.4,-1.59795,-0.756095,-0.337818,0.724491
680.5,-1.0549,-0.875908,-0.370507,0.68945
680.6,-0.519893,-0.941201,-0.349072,0.555477
680.7,-0.0167998,-0.957621,-0.275555,-2.4458
680.8,0.435663,-0.931288,-0.154125,0.0768444
680.9,0.823204,-0.866958,0.00941014,0.336566
681,1.13459,-0.766938,0.207976,-0.18676
681.1,1.36009,-0.630859,0.433465,-0.960998
681.2,1.4902,-0.456317,0.676815,-0.0533209
681.3,1.51495,-0.24026,0.927993,-0.913652
681.4,1.4241,0.0190344,1.17595,-2.71345
681.5,1.20834,0.31965,1.40865,0.147381
681.6,0.861528,0.653768,1.61324,0.652604
681.7,0.383595,1.00594,1.77657,-1.46495
681.8,-0.216168,1.35253,1.88589,-0.186969
681.9,-0.916326,1.66289,1.92998,0.755415
682,-1.68182,1.9026,1.90043,-0.0997674
682.1,-2.46467,2.03875,1.79302,-2.45264
682.2,-3.20745,2.04627,1.60883,-0.483583
682.3,-3.84942,1.91406,1.3549,-0.217447
682.4,-4.33462,1.64901,1.04419,-1.89006
682.5,-4.62019,1.2765,0.694651,-0.0215537
682.6,-4.68327,0.836746,0.32759,-1.72059
682.7,-4.52451,0.377776,-0.0345824,-3.36663
682.8,-4.1675,-0.0531533,-0.370683,-0.749587
682.9,-3.65426,-0.41747,-0.662862,-0.163446
683,-3.03792,-0.69052,-0.898095,0.777764
683.1,-2.37452,-0.863247,-1.06888,0.453779
683.2,-1.71557,-0.940527,-1.17316,-1.17552
683.3,-1.10277,-0.937273,-1.21355,-0.336057
683.4,-0.565278,-0.873699,-1.19624,-1.96699
683.5,-0.119461,-0.770986,-1.12967,-0.700016
683.6,0.229494,-0.648069,-1.02337,0.801615
683.7,0.484968,-0.519808,-0.886897,-1.04241
683.8,0.655957,-0.396373,-0.729193,0.334284
683.9,0.754354,-0.283526,-0.558126,-1.21818
684,0.792748,-0.183411,-0.380322,-0.795031
684.1,0.782875,-0.095556,-0.201183,-0.979972
684.2,0.734701,-0.017865,-0.025021,-0.143486
684.3,0.656034,0.0525056,0.144743,-0.605132
684.4,0.55255,0.118442,0.305361,-0.332375
684.5,0.428114,0.182339,0.454556,0.10013
684.6,0.285279,0.245729,0.590371,-0.0155393
684.7,0.125885,0.309056,0.71106,-0.0384876
684.8,-0.0483325,0.371586,0.815053,-1.17041
684.9,-0.235174,0.431453,0.900972,-1.89573
685,-0.43152,0.485823,0.9677,-1.18183
685.1,-0.633022,0.531196,1.01449,-0.783907
685.2,-0.833999,0.563802,1.04111,-0.926695
685.3,-1.02754,0.580073,1.04794,-0.0302151
685.4,-1.20586,0.577135,1.03611,-1.06967
685.5,-1.36079,0.553259,1.00755,0.48277
685.6,-1.48447,0.508197,0.964995,0.301744
685.7,-1.57006,0.443357,0.911927,-0.232746
685.8,-1.61245,0.361772,0.852426,-0.349235
685.9,-1.60882,0.267865,0.790974,-1.76757
686,-1.55895,0.167066,0.732207,-1.45394
686.1,-1.46539,0.0653177,0.680643,-1.03016
686.2,-1.33331,-0.031413,0.640415,-0.416939
686.3,-1.17012,-0.11757,0.61502,-2.19639
686.4,-0.985023,-0.188316,0.607122,0.0626659
686.5,-0.788422,-0.23969,0.618399,0.123136
686.6,-0.591403,-0.268652,0.649451,-2.31523
686.7,-0.40523,-0.273025,0.699757,-0.623238
686.8,-0.240933,-0.251435,0.767676,0.280148
686.9,-0.108962,-0.203278,0.850492,-0.184857
687,-0.0188587,-0.128796,0.944486,-0.880003
687.1,0.0210968,-0.0292621,1.04505,-0.832773
687.2,0.00432563,0.0927268,1.14681,-0.271657
687.3,-0.0734995,0.232906,1.24387,-0.370164
687.4,-0.213799,0.385046,1.33003,0.144918
687.5,-0.414387,0.540818,1.3991,0.621548
687.6,-0.668842,0.689961,1.44535,0.405123
687.7,-0.966105,0.820829,1.4639,-0.245727
687.8,-1.29049,0.921388,1.45122,-0.278297
687.9,-1.62223,0.98056,1.40555,-0.121834
688,-1.93875,0.989767,1.32728,-0.0583121
688.1,-2.21642,0.944377,1.2191,-0.101898
688.2,-2.43282,0.844725,1.08604,-1.74565
688.3,-2.56913,0.696451,0.93521,-1.35159
688.4,-2.61218,0.509996,0.775331,0.342468
688.5,-2.55596,0.299305,0.616092,0.254394
688.6,-2.40212,0.0800096,0.467402,-0.640911
688.7,-2.15964,-0.132545,0.33863,-0.0737147
688.8,-1.84348,-0.324995,0.237935,-2.52931
688.9,-1.47285,-0.487071,0.171752,0.209669
689,-1.06916,-0.611954,0.144468,-0.740968
689.1,-0.654262,-0.695939,0.158293,-0.482192
689.2,-0.249102,-0.73759,0.213289,-1.62401
689.3,0.127024,-0.736684,0.307503,0.142745
689.4,0.456643,-0.693246,0.437142,-0.0918407
689.5,0.72388,-0.606931,0.59675,-1.11333
689.6,0.914086,-0.476931,0.779349,-0.122042
689.7,1.0136,-0.302479,0.976543,0.480209
689.8,1.00992,-0.0839287,1.17863,-0.200219
689.9,0.892467,0.175737,1.37473,-2.48934
690,0.654058,0.469239,1.55308,-2.52284
690.1,0.293006,0.783566,1.70145,-0.466213
690.2,-0.184481,1.09927,1.80779,-0.176253
690.3,-0.762051,1.39102,1.8612,0.494278
690.4,-1.41182,1.62967,1.85296,-0.0987057
690.5,-2.09452,1.7861,1.77773,-0.747121
690.6,-2.76173,1.83611,1.63457,0.12445
690.7,-3.36039,1.76553,1.42767,-0.887306
690.8,-3.83899,1.57422,1.1665,0.524763
690.9,-4.15462,1.27754,0.86532,-1.67848
691,-4.27925,0.904715,0.541967,-0.10582
691.1,-4.20387,0.494116,0.21616,0.128496
691.2,-3.93946,0.0866212,-0.0924857,0.255357
691.3,-3.51462,-0.281209,-0.36637,-0.714429
691.4,-2.97047,-0.582471,-0.591427,-0.968814
691.5,-2.35405,-0.802644,-0.758056,0.342109
691.6,-1.71182,-0.939447,-0.861383,-0.918383
691.7,-1.08441,-1.00041,-0.900925,0.822966
691.8,-0.503357,-0.999158,-0.879822,-0.683201
691.9,0.00996907,-0.951559,-0.803864,0.353525
692,0.443637,-0.872439,-0.680492,0.481036
692.1,0.793197,-0.773416,-0.517946,-2.29013
692.2,1.05914,-0.661864,-0.324642,-1.05553
692.3,1.24437,-0.540878,-0.108808,-1.63572
692.4,1.35209,-0.409974,0.12165,0.105043
692.5,1.38432,-0.266293,0.359095,-0.430707
692.6,1.34126,-0.106074,0.596005,-0.327345
692.7,1.22142,0.073754,0.824789,-0.519033
692.8,1.02244,0.27402,1.03765,-0.571321
692.9,0.742638,0.491944,1.22658,-0.212777
693,0.382891,0.720175,1.38351,0.497666
693.1,-0.0513263,0.946458,1.50067,-0.513699
693.2,-0.548126,1.15416,1.57115,-0.434
693.3,-1.08807,1.32379,1.5896,0.727639
693.4,-1.6441,1.43555,1.55299,-1.23748
693.5,-2.18287,1.47249,1.46135,-0.133983
693.6,-2.6675,1.42381,1.31822,-0.0368315
693.7,-3.06155,1.28752,1.13087,-0.277208
693.8,-3.33347,1.07164,0.909994,0.456613
693.9,-3.46092,0.793635,0.669008,-0.153062
694,-3.43378,0.477896,0.422978,-0.643934
694.1,-3.25542,0.151909,0.187306,-0.26519
694.2,-2.94184,-0.157985,-0.0235874,0.362651
694.3,-2.51902,-0.430258,-0.197413,-0.346264
694.4,-2.01907,-0.65049,-0.324819,0.267338
694.5,-1.47599,-0.811958,-0.399791,-0.396754
694.6,-0.922087,-0.914656,-0.41966,-0.301908
694.7,-0.385368,-0.963232,-0.384787,0.692842
694.8,0.111665,-0.964502,-0.298063,0.551363
694.9,0.551935,-0.925125,-0.164352,-0.657726
695,0.922757,-0.849869,0.0100059,-2.24163
695.1,1.21427,-0.740721,0.217555,-0.161408
695.2,1.41779,-0.596874,0.449926,-0.382967
695.3,1.52456,-0.415564,0.697888,-2.01897
695.4,1.52519,-0.19362,0.951301,-0.196121
695.5,1.40996,0.0704626,1.19906,-0.613984
695.6,1.17025,0.374193,1.42914,-0.370015
695.7,0.800847,0.708884,1.62878,-0.881932
695.8,0.303021,1.05809,1.78502,-1.25627
695.9,-0.312293,1.39731,1.88546,0.587809
696,-1.02185,1.69545,1.9194,-2.21274
696.1,-1.78889,1.91838,1.87916,0.486602
696.2,-2.56428,2.03436,1.76134,-0.796314
696.3,-3.2903,2.02041,1.56794,0.579402
696.4,-3.90711,1.86806,1.30692,-0.404669
696.5,-4.36083,1.58693,0.991974,0.00297427
696.6,-4.61171,1.20458,0.641542,-0.296021
696.7,-4.64047,0.762326,0.277063,-0.661285
696.8,-4.45123,0.30801,-0.0792609,-0.437218
696.9,-4.07033,-0.112548,-0.406776,-0.588778
697,-3.54133,-0.463019,-0.688379,0.843858
697.1,-2.91766,-0.721251,-0.911884,0.900948
697.2,-2.25445,-0.880399,-1.0706,0.550441
697.3,-1.60151,-0.946898,-1.16313,0.794689
697.4,-0.998428,-0.936418,-1.19258,0.74684
697.5,-0.472286,-0.86919,-1.16539,-0.637985
697.6,-0.0377196,-0.76585,-1.0901,-0.152662
697.7,0.301316,-0.644455,-0.97613,0.120461
697.8,0.548854,-0.518858,-0.832891,0.82245
697.9,0.714006,-0.398244,-0.669108,0.696112
698,0.808323,-0.287505,-0.492451,-1.84834
698.1,0.843709,-0.188083,-0.309406,0.203861
698.2,0.830994,-0.0989848,-0.125311,0.359172
698.3,0.779119,-0.0177929,0.0554896,-2.34293
698.4,0.694863,0.0584553,0.229436,-1.44789
698.5,0.582966,0.132547,0.393543,-0.133016
698.6,0.446547,0.206548,0.545213,-0.802811
698.7,0.287703,0.281417,0.682105,-0.430589
698.8,0.108188,0.356787,0.802064,-1.42185
698.9,-0.0898994,0.430904,0.903122,0.104674
699,-0.303507,0.500727,0.983565,-2.7698
699.1,-0.528166,0.562199,1.04205,-3.62672
699.2,-0.75774,0.610672,1.07777,-0.0310323
699.3,-0.984433,0.641459,1.0906,-0.280616
699.4,-1.19908,0.650459,1.08128,-0.225754
699.5,-1.39169,0.634766,1.05152,-0.852601
699.6,-1.55225,0.593186,1.00401,0.376299
699.7,-1.67161,0.526558,0.942442,-1.7033
699.8,-1.74241,0.43782,0.871312,-1.70484
699.9,-1.75984,0.3318,0.795743,-0.103266
700,-1.72224,0.214764,0.721182,0.0872492
700.1,-1.63129,0.0938084,0.653077,0.0874328
700.2,-1.49196,-0.0238083,0.59654,-1.5189
700.3,-1.31214,-0.13126,0.556037,0.00517675
700.4,-1.10198,-0.222593,0.535125,-2.08002
700.5,-0.873269,-0.292965,0.53626,-0.0152628
700.6,-0.638674,-0.338685,0.560668,-3.46048
700.7,-0.411167,-0.357105,0.608289,0.0250415
700.8,-0.203522,-0.346456,0.677772,-0.057106
700.9,-0.0279564,-0.30571,0.766514,0.0580308
701,0.104159,-0.234569,0.870731,-1.06141
701.1,0.182595,-0.133611,0.985555,-0.259758
701.2,0.198652,-0.00462835,1.10517,-0.265436
701.3,0.145692,0.14891,1.22298,-0.0344909
701.4,0.019871,0.321352,1.33187,0.619188
701.5,-0.178988,0.504465,1.42452,-0.179531
701.6,-0.446476,0.687335,1.49378,-0.386048
701.7,-0.77282,0.856716,1.53325,-1.12489
701.8,-1.14249,0.99796,1.53777,0.683381
701.9,-1.53441,1.09651,1.50401,0.702175
702,-1.923,1.13985,1.43099,-0.171459
702.1,-2.28007,1.1195,1.32046,-0.03874
702.2,-2.57738,1.03274,1.17698,-0.0160983
702.3,-2.78973,0.883547,1.00782,0.25143
702.4,-2.89779,0.682448,0.822516,0.0172923
702.5,-2.89044,0.445246,0.632121,0.0974085
702.6,-2.76599,0.190821,0.448342,0.0539628
702.7,-2.53209,-0.0614962,0.282581,0.000508236
702.8,-2.20446,-0.294408,0.145055,0.39057
702.9,-1.8047,-0.494449,0.0440965,0.152696
703,-1.35762,-0.652811,-0.0143068,-0.472256
703.1,-0.888778,-0.765147,-0.0267039,-2.38901
703.2,-0.422464,-0.830564,0.00785041,0.492558
703.3,0.0194583,-0.850178,0.0879871,-0.551267
703.4,0.417917,-0.825623,0.21029,-0.729849
703.5,0.756314,-0.757893,0.369566,-0.280689
703.6,1.01982,-0.646749,0.559056,0.113402
703.7,1.1946,-0.490855,0.770572,-0.177177
703.8,1.26742,-0.288646,0.994576,-0.707656
703.9,1.2258,-0.0398454,1.22024,-4.3467
704,1.05899,0.252562,1.43556,-0.207051
704.1,0.759927,0.580274,1.62762,-0.116967
704.2,0.327795,0.928008,1.7831,-0.388293
704.3,-0.229024,1.27283,1.88901,-0.837469
704.4,-0.89033,1.58509,1.9338,-0.132569
704.5,-1.62266,1.83131,1.90856,-0.856074
704.6,-2.37981,1.97901,1.80843,-0.652671
704.7,-3.106,2.00275,1.63363,-0.752516
704.8,-3.74155,1.89007,1.39025,-0.542104
704.9,-4.23059,1.64562,1.09022,0.547469
705,-4.52915,1.29204,0.750504,-0.462176
705.1,-4.61204,0.866898,0.391601,-1.48085
705.2,-4.47669,0.416264,0.0353962,-0.864015
705.3,-4.14311,-0.0135324,-0.297109,0.705145
705.4,-3.64989,-0.383662,-0.587891,0.663511
705.5,-3.04746,-0.668241,-0.823442,-2.65868
705.6,-2.39013,-0.856388,-0.995557,0.0108789
705.7,-1.72881,-0.950999,-1.10135,-1.4274
705.8,-1.10553,-0.965187,-1.1426,0.929412
705.9,-0.550508,-0.917752,-1.12474,-0.320342
706,-0.0816853,-0.828859,-1.05559,-0.763337
706.1,0.293958,-0.716756,-0.944193,0.198079
706.2,0.577892,-0.595792,-0.799859,-0.917338
706.3,0.777164,-0.475682,-0.63144,0.128601
706.4,0.901675,-0.361694,-0.446919,-0.083661
706.5,0.961962,-0.255416,-0.253245,0.308114
706.6,0.967635,-0.155796,-0.0563453,0.311661
706.7,0.92647,-0.060237,0.138723,-1.47041
706.8,0.844103,0.0343825,0.327577,-0.0548974
706.9,0.724205,0.130833,0.506295,-0.20801
707,0.569006,0.230825,0.671243,-0.776213
707.1,0.38008,0.334489,0.818971,-0.0694788
707.2,0.159236,0.440067,0.946193,-4.86511
707.3,-0.0905747,0.543835,1.04985,0.466103
707.4,-0.364469,0.640301,1.12727,-0.0393767
707.5,-0.655077,0.722677,1.1764,-0.250891
707.6,-0.952331,0.783616,1.19603,0.316291
707.7,-1.24368,0.816155,1.18613,-0.532982
707.8,-1.51475,0.814743,1.14797,-1.09349
707.9,-1.75044,0.776181,1.08435,0.230248
708,-1.93628,0.700323,0.999548,-0.2792
708.1,-2.05989,0.590362,0.899178,0.324581
708.2,-2.11239,0.452632,0.789945,-0.110795
708.3,-2.0894,0.295944,0.679221,-0.466642
708.4,-1.99151,0.130579,0.574568,-0.623398
708.5,-1.82431,-0.0328582,0.483234,0.134341
708.6,-1.59775,-0.184508,0.411688,-0.201764
708.7,-1.32516,-0.316043,0.365222,-0.0378442
708.8,-1.02212,-0.421063,0.347673,-0.456013
708.9,-0.705302,-0.495099,0.361257,0.00598714
709,-0.391505,-0.535292,0.406511,-0.134039
709.1,-0.0969975,-0.53991,0.482312,-0.505625
709.2,0.162851,-0.507879,0.585955,-0.0783386
709.3,0.373715,-0.43848,0.713249,-0.568778
709.4,0.522371,-0.331354,0.858623,-0.0182314
709.5,0.596834,-0.186856,1.01525,0.236383
709.6,0.586735,-0.00675559,1.17517,-0.622873
709.7,0.484066,0.204829,1.32951,0.230958
709.8,0.284306,0.440446,1.46874,-0.0601215
709.9,-0.012119,0.688557,1.58314,0.674064
710,-0.39829,0.933322,1.66332,-0.278861
710.1,-0.859478,1.15524,1.70097,-2.69327
710.2,-1.37251,1.33283,1.68968,-3.07967
710.3,-1.90622,1.44523,1.62577,0.0984265
710.4,-2.42333,1.47559,1.50899,-3.33189
710.5,-2.8837,1.41427,1.343,-1.33405
710.6,-3.24872,1.26139,1.13543,0.454343
710.7,-3.48608,1.02767,0.897521,-0.138558
710.8,-3.57404,0.733364,0.643214,0.214562
710.9,-3.50426,0.405206,0.387988,-0.114784
711,-3.28267,0.072207,0.147437,-1.67868
711.1,-2.92807,-0.238808,-0.0641022,0.406915
711.2,-2.46895,-0.506803,-0.234688,-0.0860319
711.3,-1.93925,-0.71856,-0.355539,-0.781923
711.4,-1.374,-0.868883,-0.421357,0.754019
711.5,-0.805685,-0.959232,-0.430243,0.287745
711.6,-0.261855,-0.995369,-0.383317,-1.14963
711.7,0.235805,-0.984712,-0.284159,0.235129
711.8,0.671117,-0.933998,-0.138239,-1.48293
711.9,1.03214,-0.847653,0.0475849,-0.35456
712,1.30944,-0.727067,0.265398,-0.221779
712.1,1.49446,-0.570809,0.506398,-0.889878
712.2,1.57826,-0.375687,0.760916,0.352518
712.3,1.55117,-0.138512,1.01835,0.514591
712.4,1.40337,0.141643,1.26712,-0.856175
712.5,1.12658,0.461006,1.49472,0.698877
712.6,0.716688,0.808922,1.688,-0.270025
712.7,0.177007,1.16648,1.83372,0.760064
712.8,-0.47844,1.50656,1.91952,-0.0986665
712.9,-1.22246,1.79595,1.93507,0.63125
713,-2.01397,1.99949,1.87343,0.664897
713.1,-2.79979,2.0861,1.73245,0.233228
713.2,-3.51935,2.03544,1.51568,-1.76792
713.3,-4.11194,1.84347,1.23282,-0.15611
713.4,-4.52528,1.52525,0.899289,-2.29094
713.5,-4.7237,1.11369,0.534957,0.1767
713.6,-4.69386,0.65421,0.162186,-0.0194954
713.7,-4.44674,0.196588,-0.196547,0.521084
713.8,-4.01519,-0.21385,-0.520996,0.615628
713.9,-3.44796,-0.543356,-0.795055,0.847499
714,-2.80152,-0.773625,-1.00795,0.0646483
714.1,-2.13186,-0.901963,-1.15459,0.270301
714.2,-1.48768,-0.938436,-1.23518,-1.61287
714.3,-0.906064,-0.901339,-1.25423,-1.98702
714.4,-0.410863,-0.81241,-1.21929,-1.8167
714.5,-0.0133035,-0.692835,-1.13967,-2.60729
714.6,0.285835,-0.560587,-1.02524,-0.420182
714.7,0.493335,-0.429135,-0.88556,-1.51721
714.8,0.620599,-0.307259,-0.729249,-1.13976
714.9,0.681087,-0.199592,-0.563666,-0.147214
715,0.688358,-0.10752,-0.394804,-3.84407
715.1,0.654758,-0.0301769,-0.227354,-2.22818
715.2,0.590686,0.034651,-0.0648656,-1.21874
715.3,0.504327,0.0897769,0.0900425,-0.120648
715.4,0.401723,0.138048,0.23546,0.0724795
715.5,0.28706,0.181947,0.369987,-0.842489
715.6,0.163087,0.223338,0.492563,-0.474141
715.7,0.0315855,0.26332,0.602354,0.0289693
715.8,-0.10616,0.302182,0.698672,-0.324428
715.9,-0.248931,0.339429,0.780954,-3.1274
716,-0.395222,0.37388,0.848768,-0.316366
716.1,-0.542969,0.403829,0.90186,0.343816
716.2,-0.689412,0.427254,0.940217,-0.238118
716.3,-0.831064,0.442068,0.964137,-1.8739
716.4,-0.963812,0.446386,0.9743,0.125186
716.5,-1.08314,0.438785,0.971821,-0.513497
716.6,-1.18446,0.418533,0.958273,-0.0790324
716.7,-1.26344,0.385741,0.935675,0.00161422
716.8,-1.31645,0.341442,0.906452,0.281888
716.9,-1.34094,0.287564,0.873337,-2.01652
717,-1.33567,0.226811,0.839258,-0.724208
717.1,-1.301,0.162468,0.807185,-0.457926
717.2,-1.23887,0.0981598,0.779975,0.0293151
717.3,-1.15281,0.0375925,0.760211,0.0520966
717.4,-1.04775,-0.0156791,0.750049,-3.07985
717.5,-0.929763,-0.0584466,0.751093,0.0301777
717.6,-0.805758,-0.0879875,0.764297,-0.072726
717.7,-0.683144,-0.102155,0.789895,-0.229044
717.8,-0.569494,-0.0994336,0.827369,-3.5501
717.9,-0.472224,-0.0789822,0.87545,-0.350192
718,-0.398268,-0.040685,0.932147,0.309135
718.1,-0.353767,0.0147722,0.994813,-0.0284221
718.2,-0.343737,0.0858014,1.06024,-0.103201
718.3,-0.37172,0.169801,1.1248,-0.40514
718.4,-0.439418,0.263066,1.18457,-0.0272725
718.5,-0.546337,0.360766,1.2356,-1.15284
718.6,-0.689473,0.457034,1.27409,-0.980626
718.7,-0.863113,0.545228,1.29669,-0.89895
718.8,-1.05883,0.618362,1.30073,-0.066303
718.9,-1.2657,0.669718,1.28455,-0.0352531
719,-1.47087,0.693564,1.24765,-0.592502
719.1,-1.66035,0.685889,1.1909,0.0589099
719.2,-1.82013,0.645026,1.11657,-1.55166
719.3,-1.9374,0.572033,1.02829,-1.2695
719.4,-2.00172,0.470742,0.93086,-0.827241
719.5,-2.00612,0.347435,0.82995,-0.626203
719.6,-1.94771,0.210196,0.731735,0.00334054
719.7,-1.828,0.0680569,0.642456,-1.88763
719.8,-1.65272,-0.0699092,0.567991,-2.19224
719.9,-1.43118,-0.195379,0.513457,-0.538737
720,-1.17551,-0.301329,0.482894,-0.575961
720.1,-0.899605,-0.38228,0.479031,0.160901
720.2,-0.618319,-0.434266,0.503153,-0.312834
720.3,-0.346637,-0.454594,0.555047,-1.30512
720.4,-0.0991593,-0.441529,0.633018,-0.763985
720.5,0.110254,-0.394041,0.733945,0.262212
720.6,0.26872,-0.311718,0.853369,0.293741
720.7,0.364568,-0.194943,0.9856,-0.566308
720.8,0.387692,-0.0453232,1.12386,-0.227095
720.9,0.330137,0.133659,1.26045,-0.916275
721,0.186967,0.335916,1.38703,-1.3667
721.1,-0.0426319,0.552137,1.49495,0.60254
721.2,-0.354121,0.769532,1.57576,0.718259
721.3,-0.73652,0.972168,1.62176,0.170437
721.4,-1.17176,1.14209,1.62669,0.657317
721.5,-1.63485,1.26124,1.58647,0.511384
721.6,-2.09503,1.31396,1.49981,-0.514833
721.7,-2.51817,1.28971,1.3687,-1.42337
721.8,-2.87008,1.18534,1.19856,-0.118399
721.9,-3.12039,1.00628,0.998078,0.419142
722,-3.24626,0.766351,0.778639,-1.09325
722.1,-3.23529,0.485882,0.553401,0.101816
722.2,-3.0869,0.188725,0.336175,-0.752627
722.3,-2.81206,-0.101317,0.140247,0.2114
722.4,-2.43134,-0.363733,-0.0227002,0.52505
722.5,-1.97183,-0.583548,-0.143392,-3.13662
722.6,-1.46361,-0.752183,-0.215443,-0.339835
722.7,-0.93655,-0.866942,-0.235489,-1.56572
722.8,-0.417797,-0.929479,-0.203034,-3.47491
722.9,0.0694949,-0.943745,-0.120102,-0.0978628
723,0.506401,-0.913973,0.00918098,0.264807
723.1,0.877545,-0.843102,0.178983,0.196082
723.2,1.16992,-0.731945,0.382063,-0.591909
723.3,1.3716,-0.579195,0.609944,0.170529
723.4,1.47085,-0.382295,0.852969,-1.21783
723.5,1.4558,-0.139045,1.1003,-0.244728
723.6,1.31522,0.15023,1.33994,0.604537
723.7,1.04018,0.480288,1.55886,0.328125
723.8,0.626726,0.838824,1.74336,-0.0917052
723.9,0.0791444,1.20517,1.87972,-1.13929
724,-0.586844,1.55052,1.95522,-1.35632
724.1,-1.34176,1.84024,1.95937,-0.10341
724.2,-2.14192,2.03838,1.88535,-0.184698
724.3,-2.93161,2.11396,1.73133,-0.12102
724.4,-3.64826,2.04774,1.50146,-0.556345
724.5,-4.23013,1.83779,1.20618,-1.47474
724.6,-4.62517,1.50187,0.861683,0.426478
724.7,-4.79924,1.07566,0.488537,-0.0382409
724.8,-4.74161,0.606821,0.109586,-0.653597
724.9,-4.46645,0.146365,-0.252509,-0.746554
725,-4.00979,-0.260333,-0.577636,-1.35277
725.1,-3.42301,-0.580534,-0.850122,-1.86107
725.2,-2.76432,-0.797636,-1.05984,-1.75753
725.3,-2.09039,-0.910882,-1.20249,0.621103
725.4,-1.44962,-0.932107,-1.27904,-2.2361
725.5,-0.878109,-0.880963,-1.29474,-0.294012
725.6,-0.398256,-0.780047,-1.25773,0.769579
725.7,-0.0196946,-0.650975,-1.17777,0.297156
725.8,0.258367,-0.511849,-1.06503,0.548952
725.9,0.444154,-0.376117,-0.929182,0.266675
726,0.550353,-0.252514,-0.778853,-3.02268
726.1,0.591575,-0.145675,-0.621277,0.810363
726.2,0.58244,-0.057061,-0.462215,0.719021
726.3,0.536302,0.0140621,-0.30602,-0.358465
726.4,0.464542,0.0697688,-0.155806,0.412025
726.5,0.376287,0.11279,-0.0136592,0.451848
726.6,0.278443,0.146017,0.119134,0.381284
726.7,0.175913,0.172172,0.241875,-0.309919
726.8,0.0719195,0.193608,0.354269,-0.256067
726.9,-0.0316238,0.212195,0.456275,-1.14108
727,-0.133752,0.229282,0.547992,-1.04081
727.1,-0.234105,0.245695,0.629584,0.00355176
727.2,-0.332633,0.261772,0.701232,-0.733759
727.3,-0.429341,0.277416,0.763118,-1.69106
727.4,-0.524099,0.292169,0.815429,-0.81437
727.5,-0.6165,0.305302,0.858376,-1.51091
727.6,-0.705784,0.315913,0.892232,-0.391505
727.7,-0.790817,0.323041,0.917361,-0.0753648
727.8,-0.87012,0.325777,0.934259,-2.41229
727.9,-0.941961,0.323374,0.943585,-0.204251
728,-1.00447,0.315346,0.946178,-1.47166
728.1,-1.05582,0.301542,0.943063,-0.19045
728.2,-1.09435,0.282201,0.935442,-0.0341607
728.3,-1.1188,0.257961,0.924663,0.0353749
728.4,-1.1284,0.229841,0.912177,-0.40731
728.5,-1.12304,0.199191,0.899482,-4.66626
728.6,-1.10331,0.167612,0.888049,-0.0264037
728.7,-1.07056,0.136854,0.879255,0.0344458
728.8,-1.02685,0.108713,0.874303,-3.75291
728.9,-0.974903,0.0849214,0.874159,-2.04737
729,-0.91795,0.0670507,0.87949,-0.0281195
729.1,-0.859619,0.0564233,0.890615,-1.64192
729.2,-0.803744,0.0540394,0.907484,0.25594
729.3,-0.754178,0.0605169,0.929656,0.364972
729.4,-0.714602,0.0760414,0.956315,-0.471044
729.5,-0.688319,0.100327,0.986292,-0.198447
729.6,-0.678061,0.132583,1.01812,-5.62456
729.7,-0.685802,0.171503,1.05008,-0.579434
729.8,-0.712578,0.215265,1.08032,0.492535
729.9,-0.758342,0.261565,1.10693,-0.0449748
730,-0.821855,0.307696,1.12806,0.379331
730.1,-0.900631,0.35067,1.14205,0.56664
730.2,-0.99097,0.387397,1.14755,-0.589297
730.3,-1.08807,0.414901,1.14363,-0.600821
730.4,-1.18625,0.43058,1.1299,0.565409
730.5,-1.27927,0.432455,1.10655,0.248644
730.6,-1.36074,0.419406,1.07443,-0.696165
730.7,-1.4246,0.391335,1.03499,-0.380666
730.8,-1.46558,0.349244,0.990271,0.187694
730.9,-1.47963,0.295205,0.942774,0.00887181
731,-1.46434,0.232217,0.895325,-0.427405
731.1,-1.4191,0.163981,0.850906,0.357787
731.2,-1.34527,0.0946147,0.81246,-0.0964917
731.3,-1.24603,0.0283451,0.782701,-0.722771
731.4,-1.12629,-0.0307664,0.763939,-0.433612
731.5,-0.992292,-0.0790532,0.75792,-1.16348
731.6,-0.851333,-0.113402,0.765713,-1.43305
731.7,-0.711329,-0.131349,0.787622,0.220602
731.8,-0.580446,-0.131129,0.823143,-0.575124
731.9,-0.466742,-0.111705,0.87096,-0.287486
732,-0.377816,-0.0728081,0.928968,-0.0185417
732.1,-0.320472,-0.015012,0.994343,-0.0783726
732.2,-0.300369,0.060163,1.06363,-0.642287
732.3,-0.321649,0.150116,1.13289,0.0401225
732.4,-0.386535,0.251042,1.19784,-0.253177
732.5,-0.494923,0.357877,1.25413,0.0897224
732.6,-0.644013,0.464353,1.2975,0.505167
732.7,-0.828044,0.563245,1.32416,-0.0379979
732.8,-1.03822,0.64682,1.33102,0.537743
732.9,-1.26291,0.707498,1.31603,0.390607
733,-1.48819,0.738663,1.27841,0.604187
733.1,-1.6987,0.735511,1.21888,-0.0757002
733.2,-1.87886,0.695795,1.13969,-0.126335
733.3,-2.01424,0.620313,1.0446,-0.197735
733.4,-2.0929,0.513008,0.938734,-1.52403
733.5,-2.10664,0.38064,0.828193,-0.081088
733.6,-2.0518,0.232071,0.719697,-0.320375
733.7,-1.92957,0.0772803,0.620085,0.212151
733.8,-1.74586,-0.0736814,0.535837,-1.29952
733.9,-1.51062,-0.211623,0.472634,-2.42635
734,-1.23686,-0.328857,0.434999,-1.71185
734.1,-0.939614,-0.419488,0.426046,-1.89357
734.2,-0.634837,-0.479354,0.447328,-0.589433
734.3,-0.338596,-0.505721,0.498793,-0.0816154
734.4,-0.0664655,-0.496871,0.578804,-0.616716
734.5,0.166815,-0.451743,0.684204,0.218821
734.6,0.347526,-0.369779,0.810413,0.341981
734.7,0.463127,-0.251047,0.951537,0.4799
734.8,0.502543,-0.0966988,1.1005,-0.0558867
734.9,0.456705,0.0903062,1.2492,-0.538027
735,0.319426,0.30433,1.38879,-1.83994
735.1,0.0886078,0.536255,1.50996,-0.15281
735.2,-0.232368,0.773035,1.60349,-0.15777
735.3,-0.633304,0.997868,1.66081,0.490403
735.4,-1.09626,1.19125,1.67476,-0.256734
735.5,-1.59547,1.33298,1.64035,0.253927
735.6,-2.09836,1.40492,1.55554,-0.392828
735.7,-2.56798,1.39409,1.42178,-2.59578
735.8,-2.96654,1.29547,1.24431,-0.743082
735.9,-3.25974,1.11363,1.03199,0.516413
736,-3.42108,0.862724,0.796771,-3.04326
736.1,-3.43529,0.56469,0.552698,-0.0103372
736.2,-3.30023,0.245882,0.314704,-0.130761
736.3,-3.02676,-0.0670005,0.0972772,-2.17718
736.4,-2.63667,-0.350746,-0.0867522,-1.16748
736.5,-2.15932,-0.588384,-0.227144,0.345343
736.6,-1.62756,-0.770334,-0.316803,-1.19722
736.7,-1.07395,-0.893961,-0.351931,0.724993
736.8,-0.527852,-0.961872,-0.331848,-0.528065
736.9,-0.0137995,-0.979584,-0.258575,0.672747
737,0.448862,-0.953157,-0.136326,0.287971
737.1,0.84524,-0.887294,0.0289843,-0.368632
737.2,1.16353,-0.784213,0.230117,0.315076
737.3,1.39342,-0.64342,0.458743,0.0956276
737.4,1.52484,-0.462375,0.70552,-0.42664
737.5,1.54722,-0.237953,0.960077,-0.568403
737.6,1.44982,0.0314783,1.21097,-3.495
737.7,1.22295,0.343641,1.44572,0.554282
737.8,0.860375,0.689985,1.65103,0.706499
737.9,0.362428,1.05392,1.81327,0.67542
738,-0.260634,1.41032,1.91933,-0.0986478
738.1,-0.985732,1.72687,1.95773,-0.553539
738.2,-1.77555,1.96765,1.92001,-0.502977
738.3,-2.57946,2.09875,1.80214,-0.186796
738.4,-3.33739,2.09507,1.60565,0.71113
738.5,-3.98645,1.94658,1.33829,-0.310427
738.6,-4.4695,1.66235,1.01391,-0.153863
738.7,-4.74388,1.27062,0.651375,-1.38301
738.8,-4.78829,0.814658,0.272826,-2.21752
738.9,-4.60618,0.34501,-0.0987059,0.212373
739,-4.22464,-0.0895677,-0.441742,0.737701
739.1,-3.68923,-0.45023,-0.738493,-0.786591
739.2,-3.0562,-0.713172,-0.976332,-0.364598
739.3,-2.38374,-0.870957,-1.14842,0.883002
739.4,-1.72448,-0.930413,-1.25353,0.302446
739.5,-1.12019,-0.908351,-1.29517,0.806336
739.6,-0.599252,-0.82659,-1.28036,-1.98052
739.7,-0.176662,-0.707538,-1.21831,-0.789147
739.8,0.144137,-0.571032,-1.1191,-1.64481
739.9,0.368473,-0.432616,-0.992705,-1.70629
740,0.507408,-0.303051,-0.848255,0.757073
740.1,0.574974,-0.188679,-0.693603,0.477073
740.2,0.585983,-0.092255,-0.535144,-0.940901
740.3,0.554471,-0.0139124,-0.377821,-0.378632
740.4,0.492763,0.0479106,-0.225254,-2.91673
740.5,0.411012,0.0957139,-0.0799344,0.528302
740.6,0.317109,0.132361,0.0565458,-2.90949
740.7,0.216825,0.160684,0.183277,-0.197639
740.8,0.1141,0.183228,0.299831,-0.173791
740.9,0.0113837,0.202108,0.406098,-0.19881
741,-0.089992,0.21894,0.502153,-0.705332
741.1,-0.189466,0.234822,0.588164,-2.50256
741.2,-0.286932,0.250354,0.664327,-2.39133
741.3,-0.382466,0.265679,0.730842,-2.21662
741.4,-0.476106,0.280544,0.787897,-0.267198
741.5,-0.567687,0.29438,0.835689,0.0198432
741.6,-0.656729,0.306388,0.874444,-0.928671
741.7,-0.742384,0.315646,0.904455,-0.312412
741.8,-0.823436,0.321214,0.92612,-0.0506045
741.9,-0.898357,0.322242,0.939972,-0.601791
742,-0.965402,0.318076,0.946711,0.42711
742.1,-1.02275,0.308345,0.947215,0.284434
742.2,-1.06865,0.293025,0.942544,-0.0100595
742.3,-1.1016,0.27248,0.933918,-0.716545
742.4,-1.12053,0.247459,0.922692,0.352298
742.5,-1.12488,0.219071,0.9103,-0.654965
742.6,-1.11478,0.188723,0.898199,-1.53508
742.7,-1.09104,0.158034,0.8878,0.349813
742.8,-1.05524,0.128738,0.880393,0.0917797
742.9,-1.00959,0.102577,0.877081,0.361504
743,-0.956928,0.0811989,0.87871,-1.26045
743.1,-0.900565,0.0660647,0.88582,0.441424
743.2,-0.844123,0.0583664,0.8986,-0.613274
743.3,-0.791368,0.0589597,0.916872,-0.505976
743.4,-0.746024,0.0683078,0.940079,0.47132
743.5,-0.711574,0.0864363,0.967304,-0.110002
743.6,-0.691071,0.112897,0.997299,0.00947446
743.7,-0.686943,0.146743,1.02854,-1.00208
743.8,-0.700815,0.186519,1.05931,-0.651279
743.9,-0.733343,0.230279,1.08776,-1.11689
744,-0.784084,0.275629,1.11203,0.536688
744.1,-0.85141,0.319822,1.13039,0.540034
744.2,-0.932479,0.359895,1.14129,0.129723
744.3,-1.0233,0.392855,1.14356,0.337018
744.4,-1.11886,0.41591,1.13647,0.561361
744.5,-1.21342,0.426714,1.11982,-0.785194
744.6,-1.30081,0.423613,1.09403,0.20447
744.7,-1.37487,0.405843,1.06011,-0.384558
744.8,-1.42991,0.373672,1.01969,0.00528409
744.9,-1.46117,0.328434,0.97492,-2.13253
745,-1.46522,0.272465,0.928364,-0.0059093
745.1,-1.44029,0.208936,0.882844,0.0253021
745.2,-1.38643,0.141615,0.841272,-1.50163
745.3,-1.30557,0.0745774,0.806459,0.337115
745.4,-1.20141,0.0119173,0.780936,-0.725094
745.5,-1.07919,-0.0425076,0.766781,-1.05758
745.6,-0.945394,-0.0852782,0.765485,-0.236881
745.7,-0.80739,-0.11355,0.777843,0.344893
745.8,-0.67303,-0.125132,0.803886,0.0761649
745.9,-0.550298,-0.118531,0.84285,0.315776
746,-0.446954,-0.0929843,0.89318,-5.5633
746.1,-0.370195,-0.0485112,0.952572,-0.307329
746.2,-0.32632,0.014007,1.01804,0.4455
746.3,-0.320376,0.0927127,1.08604,-2.32588
746.4,-0.355788,0.184648,1.15259,0.549135
746.5,-0.433957,0.285656,1.21346,-0.0913793
746.6,-0.55388,0.390364,1.2644,-2.27435
746.7,-0.711819,0.492307,1.30141,-1.65048
746.8,-0.901107,0.584228,1.32099,-5.37375
746.9,-1.11217,0.658595,1.32046,0.111168
747,-1.33283,0.708294,1.29823,-0.394154
747.1,-1.54894,0.727435,1.25404,-0.0279573
747.2,-1.74538,0.712151,1.1891,-0.339752
747.3,-1.90722,0.661243,1.10612,-0.00747667
747.4,-2.02113,0.576528,1.00926,0.505743
747.5,-2.07662,0.4628,0.903849,0.328882
747.6,-2.06715,0.327384,0.796103,-0.470173
747.7,-1.99071,0.179342,0.692657,0.313925
747.8,-1.85003,0.0284946,0.600108,-0.742192
747.9,-1.65224,-0.11557,0.524559,-0.429856
748,-1.40812,-0.244312,0.471207,0.0903863
748.1,-1.13113,-0.35075,0.444032,-0.132804
748.2,-0.83634,-0.429639,0.445576,-0.0415406
748.3,-0.539497,-0.477331,0.476832,0.117104
748.4,-0.256257,-0.491442,0.537222,-1.20062
748.5,-0.00169545,-0.470475,0.624624,-0.778949
748.6,0.20999,-0.413539,0.735453,-0.192284
748.7,0.365658,-0.32029,0.864753,0.424863
748.8,0.453428,-0.191171,1.00632,0.303483
748.9,0.463055,-0.0279484,1.15283,-0.680709
749,0.38658,0.16553,1.29606,-0.530245
749.1,0.219305,0.382505,1.42712,0.302083
749.2,-0.0389605,0.612637,1.53688,0.713688
749.3,-0.382543,0.841779,1.61647,-1.99316
749.4,-0.798734,1.05244,1.65794,-2.65594
749.5,-1.26716,1.22516,1.65498,0.349052
749.6,-1.76009,1.34071,1.60368,-1.05823
749.7,-2.2439,1.38295,1.50326,-2.34711
749.8,-2.68184,1.34179,1.35643,-4.14985
749.9,-3.03783,1.21555,1.16963,0.308895
750,-3.28068,1.012,0.952649,-0.191457
750.1,-3.38807,0.74776,0.718019,-0.0763667
750.2,-3.34943,0.445969,0.479917,-2.3036
750.3,-3.16706,0.132736,0.252938,-3.44941
750.4,-2.85538,-0.166806,0.050826,0.409734
750.5,-2.43847,-0.431902,-0.114624,0.0664302
750.6,-1.94644,-0.64833,-0.234362,0.628731
750.7,-1.41161,-0.80897,-0.302488,-2.28108
750.8,-0.865013,-0.91292,-0.316296,0.701593
750.9,-0.33405,-0.963592,-0.276017,-0.310862
751,0.158692,-0.9664,-0.184385,0.00915919
751.1,0.595391,-0.926592,-0.046151,0.105746
751.2,0.962038,-0.847659,0.132355,0.103269
751.3,1.24702,-0.730559,0.343533,-0.141791
751.4,1.43968,-0.573836,0.578682,-0.771917
751.5,1.52927,-0.374599,0.828033,-0.134117
751.6,1.50469,-0.130247,1.08073,0.302011
751.7,1.35518,0.159291,1.32481,0.121874
751.8,1.07207,0.48911,1.54731,0.123926
751.9,0.651498,0.847154,1.73463,-0.735086
752,0.0977365,1.21291,1.87315,-0.389911
752.1,-0.573558,1.55765,1.95024,-0.131317
752.2,-1.33298,1.84675,1.95549,0.718181
752.3,-2.13691,2.04422,1.88215,-2.12375
752.4,-2.92968,2.11904,1.72847,-2.26609
752.5,-3.64873,2.05199,1.49867,0.641078
752.6,-4.23236,1.84112,1.20325,-0.22053
752.7,-4.62855,1.50428,0.858467,0.300802
752.8,-4.80324,1.07724,0.484949,-0.0278825
752.9,-4.74582,0.607771,0.105584,-0.610627
753,-4.47061,0.146961,-0.256931,0.625374
753.1,-4.01382,-0.259755,-0.582468,0.230199
753.2,-3.427,-0.579628,-0.855353,0.654894
753.3,-2.76851,-0.796088,-1.06548,0.810965
753.4,-2.09512,-0.90844,-1.20857,0.797206
753.5,-1.45532,-0.928601,-1.28564,-2.36721
753.6,-0.885207,-0.876304,-1.30197,0.964191
753.7,-0.407177,-0.774231,-1.26576,-1.18855
753.8,-0.0308011,-0.644073,-1.1868,0.13213
753.9,0.244799,-0.504008,-1.07529,-1.97592
754,0.427963,-0.367561,-0.940931,0.72895
754.1,0.531518,-0.243544,-0.792354,0.59147
754.2,0.570239,-0.136669,-0.636788,-0.882609
754.3,0.558932,-0.0484799,-0.479972,-0.954716
754.4,0.511157,0.0216901,-0.326215,-0.764733
754.5,0.438508,0.0758595,-0.178567,-0.706278
754.6,0.350329,0.116728,-0.0390289,-0.108424
754.7,0.253726,0.147191,0.09122,-1.93646
754.8,0.153774,0.170016,0.211607,0.304673
754.9,0.053817,0.187649,0.321976,0.250533
755,-0.0441791,0.202108,0.422437,0.15166
755.1,-0.139284,0.214939,0.513238,-0.375381
755.2,-0.231276,0.227213,0.594684,-0.066152
755.3,-0.320352,0.239548,0.66708,-1.2348
755.4,-0.406884,0.252145,0.730698,0.0564222
755.5,-0.491213,0.264848,0.785776,-0.702208
755.6,-0.573499,0.277197,0.832524,0.0405559
755.7,-0.65361,0.28851,0.871149,-0.0574519
755.8,-0.731066,0.297965,0.90189,0.351748
755.9,-0.805023,0.304687,0.925052,0.412798
756,-0.874309,0.307844,0.941041,-0.611392
756.1,-0.937496,0.306735,0.950393,-0.416133
756.2,-0.993007,0.300876,0.953797,0.265088
756.3,-1.03925,0.290064,0.952101,-0.195894
756.4,-1.07477,0.274423,0.946305,-2.19386
756.5,-1.09839,0.254422,0.937544,-0.417484
756.6,-1.10934,0.230863,0.92705,0.430442
756.7,-1.1074,0.204848,0.916105,-0.784298
756.8,-1.09294,0.177709,0.905987,-0.121468
756.9,-1.06697,0.150935,0.897902,-2.08388
757,-1.03113,0.126079,0.892923,-0.130348
757.1,-0.987651,0.104665,0.891931,0.404241
757.2,-0.93924,0.0880975,0.895557,-0.493978
757.3,-0.888973,0.0775833,0.904145,0.409188
757.4,-0.840147,0.07406,0.917715,-0.585985
757.5,-0.796113,0.0781377,0.935956,0.0174828
757.6,-0.760103,0.0900518,0.958224,0.000573513
757.7,-0.735057,0.109625,0.983569,-0.583544
757.8,-0.723445,0.136242,1.01076,-0.0141344
757.9,-0.727098,0.168834,1.03837,-2.65082
758,-0.74706,0.205888,1.0648,-0.0784025
758.1,-0.78345,0.245475,1.08841,-1.22978
758.2,-0.83537,0.285315,1.10759,0.330651
758.3,-0.900859,0.322882,1.12088,0.365579
758.4,-0.976908,0.355541,1.12707,-1.25655
758.5,-1.05955,0.380736,1.12528,0.354464
758.6,-1.14405,0.396191,1.11509,0.405657
758.7,-1.22512,0.400122,1.09658,-0.00935567
758.8,-1.29733,0.391431,1.07037,-0.430937
758.9,-1.35541,0.369853,1.03759,0.524044
759,-1.39469,0.336039,0.999912,0.262807
759.1,-1.41148,0.291546,0.959404,-0.678945
759.2,-1.40338,0.238749,0.918448,-0.503194
759.3,-1.36953,0.180675,0.879588,0.365229
759.4,-1.31068,0.120777,0.845377,-0.0384063
759.5,-1.22922,0.0626882,0.818208,0.22179
759.6,-1.12905,0.0099836,0.800158,-0.77633
759.7,-1.0153,-0.0340312,0.792852,-1.94265
759.8,-0.894134,-0.0664795,0.797346,0.111137
759.9,-0.772338,-0.0850256,0.814046,0.24224
760,-0.657032,-0.0879456,0.842662,-0.780868
760.1,-0.555318,-0.0741766,0.882186,0.402752
760.2,-0.473958,-0.0433636,0.930919,-1.08071
760.3,-0.419056,0.00408074,0.986512,0.226271
760.4,-0.39574,0.0668953,1.04605,0.395989
760.5,-0.407822,0.142879,1.10618,-0.0183062
760.6,-0.457464,0.228809,1.16323,-0.339536
760.7,-0.544829,0.320411,1.21343,-0.0249277
760.8,-0.667791,0.412419,1.25308,-0.94161
760.9,-0.821715,0.498771,1.27884,0.593013
761,-0.999398,0.572967,1.28794,0.297086
761.1,-1.19123,0.628583,1.27848,0.0422328
761.2,-1.38559,0.659909,1.24961,-0.444912
761.3,-1.56958,0.662628,1.20171,0.366596
761.4,-1.72993,0.634428,1.13648,-1.35046
761.5,-1.85409,0.575435,1.05693,-1.65481
761.6,-1.93141,0.48836,0.967229,-0.124484
761.7,-1.95415,0.378327,0.872473,-0.109324
761.8,-1.91821,0.252369,0.778359,-0.0153604
761.9,-1.82356,0.11871,0.690793,-0.122831
762,-1.67419,-0.0140627,0.615476,-2.11433
762.1,-1.47774,-0.137777,0.557528,0.110716
762.2,-1.24479,-0.245267,0.521147,0.074318
762.3,-0.987995,-0.330719,0.509365,-0.265546
762.4,-0.721221,-0.389741,0.523881,-1.97158
762.5,-0.458793,-0.419229,0.564976,-1.23029
762.6,-0.214886,-0.417118,0.631504,-0.356925
762.7,-0.00310743,-0.38214,0.720927,0.00121921
762.8,0.163794,-0.313712,0.829386,-0.0408255
762.9,0.274181,-0.212021,0.9518,-2.261
763,0.317865,-0.0783492,1.082,-2.20475
763.1,0.286602,0.0843897,1.21287,-0.0460412
763.2,0.174845,0.271011,1.33663,-0.069804
763.3,-0.0192851,0.47347,1.44509,-0.855455
763.4,-0.292896,0.680532,1.53012,0.452672
763.5,-0.637276,0.877946,1.58414,0.636146
763.6,-1.03718,1.04927,1.6008,0.718787
763.7,-1.47078,1.17743,1.57558,0.700477
763.8,-1.91046,1.24694,1.50644,-1.59376
763.9,-2.32474,1.2463,1.39433,-0.0578901
764,-2.68114,1.17031,1.24342,0.456243
764.1,-2.94958,1.02149,1.06104,-0.288648
764.2,-3.10602,0.810293,0.857251,0.199522
764.3,-3.13536,0.553896,0.644087,-0.254433
764.4,-3.03327,0.273743,0.434572,-1.79212
764.5,-2.80643,-0.00761345,0.241602,-2.50696
764.6,-2.47124,-0.269636,0.0769052,-3.53456
764.7,-2.05132,-0.496214,-0.0498172,-1.46302
764.8,-1.57435,-0.676901,-0.131456,0.183345
764.9,-1.06897,-0.806873,-0.163741,-0.0854224
765,-0.562241,-0.885818,-0.145208,-1.7765
765.1,-0.0780478,-0.916191,-0.0769451,-0.425453
765.2,0.363451,-0.901326,0.0377553,-0.0555173
765.3,0.745481,-0.843851,0.19376,-0.443029
765.4,1.05373,-0.744708,0.384391,-0.228179
765.5,1.27524,-0.602967,0.601615,0.0923469
765.6,1.3975,-0.416461,0.836131,-0.656913
765.7,1.40812,-0.183191,1.07739,0.102928
765.8,1.29539,0.0966733,1.31364,-0.394071
765.9,1.04977,0.418496,1.53204,0.565108
766,0.666377,0.771016,1.71899,-1.52805
766.1,0.148048,1.13491,1.8608,-1.18277
766.2,-0.491455,1.48277,1.94455,0.3168
766.3,-1.22502,1.78099,1.95936,0.711696
766.4,-2.01143,1.9939,1.89777,0.617737
766.5,-2.79708,2.08974,1.75709,-0.488514
766.6,-3.52068,2.0473,1.54042,-1.67995
766.7,-4.12041,1.86169,1.25709,-0.225338
766.8,-4.54266,1.54732,0.922274,-2.09065
766.9,-4.75028,1.13678,0.55574,-1.05003
767,-4.72859,0.675624,0.17989,0.0677548
767.1,-4.4875,0.214194,-0.182639,-0.638942
767.2,-4.05926,-0.201328,-0.511353,-1.00151
767.3,-3.49247,-0.536244,-0.789863,0.52615
767.4,-2.84396,-0.771405,-1.00712,0.159546
767.5,-2.17035,-0.903523,-1.15783,-0.0472897
767.6,-1.52113,-0.942373,-1.24202,0.939603
767.7,-0.934177,-0.906242,-1.26414,0.129771
767.8,-0.433985,-0.817069,-1.23176,0.645552
767.9,-0.0322531,-0.696367,-1.15424,-0.310418
768,0.269985,-0.562475,-1.04154,0.918244
768.1,0.479454,-0.42921,-0.903336,0.885549
768.2,0.607657,-0.305654,-0.748358,-1.3427
768.3,0.668277,-0.196677,-0.584057,0.65891
768.4,0.675172,-0.103845,-0.416492,0.750679
768.5,0.641028,-0.0264119,-0.250388,-1.21017
768.6,0.576598,0.0377655,-0.0892937,0.565008
768.7,0.49041,0.0914781,0.0642084,0.324449
768.8,0.388813,0.137599,0.208277,0.189419
768.9,0.276248,0.178688,0.341607,-0.0757101
769,0.155644,0.216741,0.46326,-0.625754
769.1,0.0288709,0.253042,0.572531,-0.227638
769.2,-0.10281,0.288123,0.66887,-0.977731
769.3,-0.238327,0.321772,0.751841,0.0610424
769.4,-0.376449,0.353125,0.821118,0.232762
769.5,-0.515518,0.380798,0.876519,0.433725
769.6,-0.653286,0.403069,0.918057,0.0239505
769.7,-0.786861,0.418095,0.946001,-2.27807
769.8,-0.912766,0.424146,0.96094,0.468095
769.9,-1.02711,0.419842,0.963833,-3.21466
770,-1.12584,0.404354,0.956039,0.0975316
770.1,-1.20506,0.377568,0.939316,-0.331991
770.2,-1.26139,0.34017,0.915791,-0.497705
770.3,-1.29228,0.293652,0.887888,-0.0178937
770.4,-1.29633,0.240232,0.858232,-0.865898
770.5,-1.27346,0.18271,0.829522,-0.232681
770.6,-1.22504,0.124263,0.804393,-3.17714
770.7,-1.15387,0.0682272,0.785273,-0.288619
770.8,-1.06407,0.0178815,0.774241,0.364606
770.9,-0.960846,-0.023743,0.772908,0.272708
771,-0.850295,-0.0540085,0.782317,-0.0344439
771.1,-0.739054,-0.070776,0.802872,-1.40386
771.2,-0.634016,-0.0724759,0.834299,-0.812099
771.3,-0.542013,-0.0581611,0.875634,-2.21635
771.4,-0.46952,-0.0275588,0.925246,-0.531931
771.5,-0.422347,0.0188649,0.980885,0.48004
771.6,-0.405336,0.0798254,1.03977,0.456855
771.7,-0.422043,0.153132,1.09869,-0.00665971
771.8,-0.474405,0.235619,1.15417,-1.01134
771.9,-0.562431,0.323123,1.20262,0.572975
772,-0.683917,0.410558,1.24057,-0.0573988
772.1,-0.834263,0.492113,1.26487,-0.363468
772.2,-1.00644,0.561608,1.27298,-0.286511
772.3,-1.19114,0.612982,1.26316,0.590093
772.4,-1.37723,0.640904,1.23471,-0.598395
772.5,-1.55238,0.641401,1.18808,-0.0664779
772.6,-1.70401,0.612421,1.12502,-0.157868
772.7,-1.8203,0.554226,1.04846,0.518168
772.8,-1.89126,0.469513,0.962471,-0.321676
772.9,-1.90971,0.363231,0.871964,-2.83153
773,-1.87195,0.242113,0.782408,-0.403302
773.1,-1.77813,0.113992,0.699448,-0.238939
773.2,-1.63225,-0.0129669,0.628521,-0.781907
773.3,-1.44171,-0.130983,0.57449,0.0540241
773.4,-1.21671,-0.233216,0.54133,-2.60691
773.5,-0.969459,-0.314081,0.531891,-0.13769
773.6,-0.713313,-0.369325,0.547735,-0.503559
773.7,-0.462089,-0.395912,0.589064,-1.77835
773.8,-0.229481,-0.391811,0.654696,-0.778793
773.9,-0.0286456,-0.355793,0.742108,-1.41052
774,0.128102,-0.287348,0.847496,-0.102587
774.1,0.229567,-0.186788,0.965884,0.426799
774.2,0.266027,-0.0555687,1.09124,0.468606
774.3,0.229752,0.103213,1.21666,-1.15186
774.4,0.115738,0.284229,1.3346,0.554887
774.5,-0.0773599,0.479402,1.43717,-0.10779
774.6,-0.346192,0.677661,1.51659,0.7017
774.7,-0.681769,0.865162,1.5657,-0.825708
774.8,-1.06886,1.02615,1.57852,-0.188349
774.9,-1.48602,1.14448,1.55092,0.705454
775,-1.90648,1.20571,1.4812,-1.25926
775.1,-2.30003,1.19938,1.37052,-0.425076
775.2,-2.63575,1.12106,1.22312,0.342673
775.3,-2.88527,0.973675,1.04625,0.340404
775.4,-3.02617,0.767536,0.849697,-0.0437675
775.5,-3.04461,0.519179,0.645106,-0.424442
775.6,-2.937,0.249005,0.444988,-0.477849
775.7,-2.71013,-0.0216591,0.261692,-0.469844
775.8,-2.37994,-0.273449,0.106414,0.225912
775.9,-1.9691,-0.491156,-0.0116028,0.33198
776,-1.50413,-0.664832,-0.0856005,-1.27504
776.1,-1.01248,-0.789713,-0.111542,-1.72542
776.2,-0.520194,-0.865166,-0.0880792,0.32809
776.3,-0.0504536,-0.893064,-0.0163359,0.510172
776.4,0.376897,-0.876053,0.100414,0.184244
776.5,0.745049,-0.816107,0.257068,-1.1793
776.6,1.03939,-0.713693,0.446962,-0.236068
776.7,1.24651,-0.567676,0.662038,0.104872
776.8,1.35349,-0.376034,0.892925,-1.02275
776.9,1.34774,-0.137305,1.12898,0.46538
777,1.2177,0.147421,1.35833,0.638783
777.1,0.9545,0.472272,1.56807,0.720036
777.2,0.554479,0.824578,1.74466,0.161907
777.3,0.0222675,1.18369,1.87455,-0.23144
777.4,-0.626208,1.52123,1.94522,0.214316
777.5,-1.36159,1.80342,1.9464,-0.0994594
777.6,-2.14077,1.99538,1.87143,-1.27482
777.7,-2.90909,2.06726,1.7186,0.551486
777.8,-3.60543,2.00067,1.49201,0.614231
777.9,-4.16963,1.79399,1.20192,-0.565219
778,-4.55106,1.46459,0.864197,-0.243926
778.1,-4.71649,1.04709,0.498939,-0.674987
778.2,-4.65541,0.587584,0.128477,0.239362
778.3,-4.38136,0.135386,-0.22502,-1.11076
778.4,-3.92909,-0.265601,-0.541838,-0.935052
778.5,-3.34816,-0.58361,-0.806542,-1.30151
778.6,-2.69488,-0.802383,-1.00906,-0.668754
778.7,-2.02415,-0.920911,-1.14494,-3.28706
778.8,-1.38303,-0.95033,-1.21489,0.631104
778.9,-0.806789,-0.909322,-1.22373,-1.01539
779,-0.317581,-0.81941,-1.17916,-2.28065
779.1,0.0746747,-0.701143,-1.09049,-0.10952
779.2,0.370014,-0.571609,-0.967466,-4.12353
779.3,0.575512,-0.443308,-0.819484,-1.20871
779.4,0.702377,-0.324078,-0.654987,0.525344
779.5,0.763467,-0.217709,-0.481201,0.380765
779.6,0.771431,-0.124888,-0.304063,-6.28465
779.7,0.737495,-0.0442152,-0.128309,0.607058
779.8,0.670837,0.0268644,0.042348,0.402372
779.9,0.578427,0.0912881,0.205002,0.222519
780,0.465207,0.15178,0.357342,-0.550292
780.1,0.334491,0.210424,0.497462,0.013298
780.2,0.1885,0.26839,0.623731,-2.47383
780.3,0.0289421,0.325786,0.734709,-0.434276
780.4,-0.142428,0.381639,0.829125,-0.44501
780.5,-0.323313,0.433989,0.905906,-2.97646
780.6,-0.510504,0.480092,0.964251,-1.61216
780.7,-0.69966,0.516727,1.00374,-0.0391392
780.8,-0.885283,0.540579,1.02444,0.121501
780.9,-1.06088,0.54867,1.02701,-2.16123
781,-1.21934,0.538781,1.01283,0.393358
781.1,-1.35342,0.50982,0.983959,-0.114842
781.2,-1.45638,0.462071,0.943184,-0.178052
781.3,-1.5226,0.397292,0.89391,-0.463496
781.4,-1.54819,0.318627,0.840021,-0.742404
781.5,-1.5314,0.230369,0.785687,0.0449072
781.6,-1.47291,0.137584,0.735134,0.0155457
781.7,-1.37584,0.04569,0.692394,-0.10588
781.8,-1.24558,-0.0399717,0.661074,0.0294869
781.9,-1.08948,-0.114483,0.64414,-0.90531
782,-0.916345,-0.173596,0.643747,-0.132848
782.1,-0.736,-0.213857,0.661112,-0.835385
782.2,-0.558767,-0.232642,0.696443,0.0469534
782.3,-0.395042,-0.228126,0.748908,-0.676968
782.4,-0.254909,-0.199257,0.816648,-0.498915
782.5,-0.147807,-0.14578,0.896824,-0.0334512
782.6,-0.0821835,-0.0683414,0.985702,-1.32168
782.7,-0.0651193,0.0313169,1.07877,-0.654356
782.8,-0.101876,0.150094,1.17088,0.367944
782.9,-0.195354,0.283265,1.2565,0.601427
783,-0.345497,0.424293,1.32992,0.524732
783.1,-0.548703,0.564841,1.38563,0.581026
783.2,-0.797362,0.695065,1.41866,0.010571
783.3,-1.07967,0.804268,1.42503,-0.810114
783.4,-1.37983,0.8819,1.40213,0.224233
783.5,-1.67883,0.918813,1.3491,-0.844105
783.6,-1.95573,0.908584,1.2671,-0.632876
783.7,-2.1894,0.848649,1.15939,-0.680615
783.8,-2.36061,0.740985,1.0313,0.280706
783.9,-2.45398,0.592147,0.889873,-1.87686
784,-2.45975,0.412585,0.743432,0.351059
784.1,-2.37471,0.21537,0.600958,-0.498937
784.2,-2.20249,0.0145508,0.471404,-0.0381763
784.3,-1.95298,-0.176479,0.363041,-0.597555
784.4,-1.64105,-0.346312,0.282892,-0.941605
784.5,-1.28493,-0.486293,0.236306,-0.358737
784.6,-0.904529,-0.590669,0.226715,-0.617848
784.7,-0.519978,-0.656179,0.255538,0.303633
784.8,-0.150584,-0.681299,0.322213,0.214519
784.9,0.185703,-0.665385,0.424316,0.178514
785,0.472401,-0.607978,0.557699,-1.78652
785.1,0.694344,-0.508468,0.716636,-3.20886
785.2,0.837505,-0.366244,0.893941,0.418639
785.3,0.889027,-0.181379,1.08108,-0.60109
785.4,0.8377,0.0442392,1.26831,0.380823
785.5,0.674999,0.305495,1.4449,-0.057902
785.6,0.396715,0.592656,1.59945,0.170267
785.7,0.00499357,0.89041,1.72046,-0.366562
785.8,-0.48955,1.17779,1.79701,-0.870162
785.9,-1.06618,1.42935,1.8198,0.45687
786,-1.69345,1.61787,1.78208,-1.12882
786.1,-2.33031,1.71828,1.68078,0.750758
786.2,-2.92914,1.7123,1.51728,-1.38857
786.3,-3.44067,1.59262,1.29787,-0.54005
786.4,-3.82006,1.36553,1.03357,-0.513663
786.5,-4.03311,1.05101,0.739418,-3.34379
786.6,-4.06117,0.679903,0.433132,-1.18316
786.7,-3.90367,0.28886,0.13339,0.236805
786.8,-3.57768,-0.0858607,-0.141969,-1.0967
786.9,-3.11466,-0.414046,-0.377569,0.550137
787,-2.55513,-0.67538,-0.561681,-3.21599
787.1,-1.94273,-0.860793,-0.686836,-0.327657
787.2,-1.31868,-0.971417,-0.749846,-3.98984
787.3,-0.717845,-1.01583,-0.751355,0.195041
787.4,-0.16657,-1.00656,-0.695077,0.847327
787.5,0.317519,-0.956691,-0.586917,0.272411
787.6,0.724303,-0.877322,-0.434156,-0.609328
787.7,1.04907,-0.775952,-0.244794,0.579858
787.8,1.29015,-0.655991,-0.0271319,-0.44324
787.9,1.44672,-0.517151,0.210421,-1.58938
788,1.5172,-0.356535,0.459344,-0.940486
788.1,1.49849,-0.170207,0.71089,-2.9162
788.2,1.38602,0.0449346,0.955918,-1.50744
788.3,1.17477,0.289197,1.1848,-0.985572
788.4,0.861116,0.558281,1.38745,-0.363182
788.5,0.445218,0.841932,1.55361,-0.582306
788.6,-0.0663373,1.12345,1.6733,0.730254
788.7,-0.658197,1.38038,1.73765,-1.08262
788.8,-1.30482,1.58675,1.73982,0.466737
788.9,-1.97056,1.71661,1.67604,-0.849482
789,-2.61176,1.74859,1.54652,0.148551
789.1,-3.18078,1.67047,1.3561,0.419957
789.2,-3.63167,1.48268,1.11431,-0.0956493
789.3,-3.92638,1.19948,0.834985,0.408368
789.4,-4.04038,0.847383,0.535082,-0.743188
789.5,-3.96625,0.460971,0.233199,-0.473509
789.6,-3.71447,0.0770041,-0.0522286,-1.03727
789.7,-3.31136,-0.271568,-0.304638,-0.182213
789.8,-2.79447,-0.560304,-0.510702,-0.920642
789.9,-2.20681,-0.775677,-0.661173,0.827415
790,-1.59109,-0.914977,-0.751134,-2.15464
790.1,-0.984997,-0.984191,-0.779721,-1.30811
790.2,-0.418359,-0.994737,-0.749459,0.857386
790.3,0.0878905,-0.959988,-0.665415,0.808475
790.4,0.521029,-0.892336,-0.534325,-0.808464
790.5,0.874779,-0.801194,-0.36386,0.561512
790.6,1.14701,-0.692047,-0.162089,-0.52305
790.7,1.33743,-0.566459,0.0628149,-0.385189
790.8,1.44572,-0.422827,0.302661,-0.113421
790.9,1.47032,-0.257687,0.549171,-0.410476
791,1.40803,-0.067368,0.793829,-0.658224
791.1,1.25456,0.150183,1.02774,0.00489991
791.2,1.00578,0.393602,1.24156,-0.140311
791.3,0.659753,0.65659,1.42565,0.60493
791.4,0.219132,0.926972,1.57035,-1.09163
791.5,-0.306455,1.1867,1.66663,-0.77383
791.6,-0.898508,1.41309,1.70683,-3.84096
791.7,-1.52887,1.58142,1.68564,0.134972
791.8,-2.16055,1.66863,1.60101,-0.614797
791.9,-2.75037,1.6577,1.45493,-2.09111
792,-3.25345,1.54151,1.25383,-1.03118
792.1,-3.62873,1.32536,1.00851,0.00784086
792.2,-3.84465,1.02707,0.733412,-1.44173
792.3,-3.88372,0.67462,0.44549,0.0527765
792.4,-3.74503,0.301584,0.162611,-0.921595
792.5,-3.44393,-0.0584591,-0.0980876,-0.193458
792.6,-3.0092,-0.377105,-0.32171,0.578336
792.7,-2.47841,-0.63475,-0.496722,0.702452
792.8,-1.8924,-0.821989,-0.615554,0.755707
792.9,-1.29025,-0.938808,-0.67467,-1.77589
793,-0.705544,-0.992185,-0.674194,-1.07237
793.1,-0.164277,-0.99292,-0.617236,-4.57761
793.2,0.315447,-0.952526,-0.509109,0.788066
793.3,0.722384,-0.880772,-0.356578,-0.432303
793.4,1.05026,-0.78416,-0.16727,0.623476
793.5,1.29557,-0.665409,0.0507205,-1.93976
793.6,1.4556,-0.523813,0.289002,0.241722
793.7,1.52691,-0.356323,0.538885,0.0982184
793.8,1.5047,-0.159151,0.791269,-3.93884
793.9,1.38304,0.0702975,1.03651,-0.966809
794,1.15601,0.331369,1.26436,-0.137189
794.1,0.81977,0.61828,1.46407,0.542869
794.2,0.375098,0.91878,1.62469,-0.831331
794.3,-0.169792,1.21377,1.73574,-0.527951
794.4,-0.796899,1.4783,1.78798,0.0288041
794.5,-1.47715,1.68421,1.77457,-1.04316
794.6,-2.17087,1.80424,1.69209,-0.394142
794.7,-2.83042,1.81706,1.54153,0.596596
794.8,-3.40498,1.71211,1.32885,-0.252437
794.9,-3.84685,1.49296,1.06497,-1.19892
795,-4.11824,1.17806,0.765176,-0.958392
795.1,-4.19687,0.79836,0.44777,-0.0154777
795.2,-4.07936,0.392139,0.132362,-1.3969
795.3,-3.7813,-0.00153341,-0.162065,0.478287
795.4,-3.33427,-0.349181,-0.418921,0.741097
795.5,-2.78045,-0.627512,-0.625355,-1.09027
795.6,-2.16616,-0.825368,-0.772997,0.621034
795.7,-1.5358,-0.943,-0.858059,0.302484
795.8,-0.927175,-0.989344,-0.880892,-0.64876
795.9,-0.368895,-0.978335,-0.845183,0.64638
796,0.120249,-0.925243,-0.756985,-0.279757
796.1,0.530231,-0.843753,-0.623779,-2.58718
796.2,0.857709,-0.744108,-0.453694,-5.13307
796.3,1.10352,-0.632345,-0.254962,-1.92012
796.4,1.27031,-0.510454,-0.0356229,-1.71266
796.5,1.36058,-0.377194,0.196552,0.222858
796.6,1.37547,-0.229361,0.433983,-2.17646
796.7,1.31433,-0.0632916,0.669114,-1.23948
796.8,1.17503,0.123546,0.894245,-0.160084
796.9,0.955012,0.331021,1.10143,-1.03914
797,0.652956,0.555056,1.28251,0.217866
797.1,0.270733,0.786787,1.42934,-0.505145
797.2,-0.184545,1.01244,1.53421,-0.914623
797.3,-0.698845,1.21414,1.59046,-0.555958
797.4,-1.25032,1.37174,1.5932,-0.553029
797.5,-1.80961,1.4656,1.54013,-0.058193
797.6,-2.34161,1.47994,1.43218,0.601805
797.7,-2.80864,1.40608,1.27397,-0.260084
797.8,-3.1747,1.24479,1.07382,-1.29355
797.9,-3.41007,1.00707,0.843398,0.165613
798,-3.49535,0.712972,0.596828,-1.16449
798.1,-3.42414,0.388549,0.34956,0.108997
798.2,-3.20368,0.0617861,0.116989,-0.833511
798.3,-2.85344,-0.241682,-0.0868406,-0.911874
798.4,-2.40193,-0.501965,-0.250318,-1.20554
798.5,-1.88264,-0.706772,-0.364967,-0.85584
798.6,-1.3298,-0.851507,-0.425731,0.023006
798.7,-0.774978,-0.9379,-0.430866,-0.97207
798.8,-0.244845,-0.971707,-0.381556,0.0313491
798.9,0.239672,-0.960173,-0.281362,-2.31428
799,0.662979,-0.909803,-0.135666,0.42218
799.1,1.01356,-0.824831,0.0488068,0.438595
799.2,1.28229,-0.706553,0.264316,-0.206393
799.3,1.46088,-0.553559,0.502261,-0.153432
799.4,1.54067,-0.362774,0.753199,0.0576091
799.5,1.51231,-0.131166,1.00679,0.00449553
799.6,1.36633,0.142082,1.25174,-0.169015
799.7,1.09479,0.453242,1.47587,-0.18761
799.8,0.693816,0.791948,1.66637,0.482692
799.9,0.166713,1.13989,1.81041,0.543431
800,-0.472866,1.4709,1.89595,0.140238
800.1,-1.19857,1.75291,1.91295,0.55627
800.2,-1.97066,1.95197,1.85468,0.761761
800.3,-2.73768,2.038,1.71898,-0.543578
800.4,-3.441,1.99109,1.50927,0.704222
800.5,-4.02168,1.80692,1.23488,0.558819
800.6,-4.42874,1.49948,0.910736,-0.453282
800.7,-4.62698,1.09994,0.556117,-0.116242
800.8,-4.6026,0.651721,0.192788,-0.541295
800.9,-4.36519,0.202704,-0.157277,0.155513
801,-3.94561,-0.203151,-0.47416,0.193075
801.1,-3.39025,-0.532722,-0.741864,-0.336759
801.2,-2.75342,-0.767574,-0.949495,-2.03756
801.3,-2.08933,-0.904267,-1.09165,0.807664
801.4,-1.44551,-0.951747,-1.16805,0.18445
801.5,-0.858611,-0.927059,-1.18266,0.832474
801.6,-0.352627,-0.850726,-1.14248,0.483027
801.7,0.0605072,-0.742851,-1.05629,0.903152
801.8,0.378895,-0.620464,-0.933547,0.637696
801.9,0.607889,-0.496193,-0.783498,-1.2069
802,0.757211,-0.378041,-0.614627,0.797031
802.1,0.838442,-0.26989,-0.434326,0.748609
802.2,0.86309,-0.172419,-0.248823,-2.30101
802.3,0.841325,-0.0841326,-0.0632527,0.557502
802.4,0.781316,-0.00235748,0.11817,-0.287076
802.5,0.689076,0.0758992,0.291938,-2.26297
802.6,0.568684,0.153256,0.455048,-0.329789
802.7,0.422789,0.231433,0.604826,-1.99241
802.8,0.253258,0.310899,0.738818,0.214733
802.9,0.0619046,0.390683,0.854749,-3.39058
803,-0.148815,0.468358,0.950552,-0.932565
803.1,-0.3752,0.540204,1.02446,-1.50785
803.2,-0.611887,0.601556,1.07517,-0.00988906
803.3,-0.851673,0.64731,1.10198,-0.177098
803.4,-1.08563,0.672558,1.10502,0.247279
803.5,-1.30354,0.67327,1.08539,-0.348495
803.6,-1.49457,0.646935,1.04521,-0.694274
803.7,-1.6482,0.593052,0.987721,-0.241835
803.8,-1.75523,0.513382,0.917128,-0.975733
803.9,-1.80868,0.411901,0.838465,0.0162079
804,-1.80465,0.294461,0.757312,-0.600373
804.1,-1.74268,0.168204,0.679471,-0.239874
804.2,-1.62596,0.0408601,0.610605,0.103908
804.3,-1.46105,-0.0799743,0.555888,-0.844695
804.4,-1.25731,-0.18742,0.519692,0.12446
804.5,-1.02628,-0.275703,0.505337,-0.27347
804.6,-0.780791,-0.340306,0.514919,-0.19915
804.7,-0.534348,-0.377913,0.549211,-0.604002
804.8,-0.300474,-0.386234,0.60763,-2.53902
804.9,-0.0922933,-0.363792,0.688259,-1.20947
805,0.0777855,-0.309801,0.7879,-2.3855
805.1,0.198328,-0.224191,0.902163,-0.500161
805.2,0.259172,-0.107847,1.02557,-0.54435
805.3,0.251859,0.0369643,1.15172,0.0981252
805.4,0.170259,0.206034,1.27347,-0.698958
805.5,0.0114102,0.392663,1.3832,0.457755
805.6,-0.223492,0.587278,1.47321,-0.532399
805.7,-0.52811,0.777444,1.53617,-0.246017
805.8,-0.890199,0.948419,1.56566,-0.156915
805.9,-1.29134,1.08437,1.55682,-2.21091
806,-1.70743,1.17019,1.50689,-1.13185
806.1,-2.11007,1.19368,1.41578,-1.55703
806.2,-2.46894,1.14772,1.28634,-1.10076
806.3,-2.75476,1.0319,1.12443,-0.452527
806.4,-2.94263,0.853153,0.93866,0.234911
806.5,-3.015,0.625119,0.739766,-0.195475
806.6,-2.96375,0.366355,0.539792,0.128231
806.7,-2.79102,0.0976504,0.351076,0.222515
806.8,-2.50858,-0.160877,0.185254,0.0473768
806.9,-2.13598,-0.392273,0.0523718,0.273416
807,-1.69788,-0.584329,-0.0397566,0.23826
807.1,-1.22112,-0.730024,-0.0859161,-2.13366
807.2,-0.73219,-0.826896,-0.0835773,0.108906
807.3,-0.255401,-0.875673,-0.0327623,-0.571143
807.4,0.188036,-0.87859,0.0642272,-1.82853
807.5,0.580027,-0.837828,0.203127,-3.11822
807.6,0.904995,-0.754418,0.377997,-0.647032
807.7,1.14896,-0.627826,0.581425,-0.217809
807.8,1.29869,-0.456332,0.804647,-0.0695921
807.9,1.34133,-0.238153,1.03759,-0.421596
808,1.26474,0.0267868,1.26894,-3.02913
808.1,1.05872,0.334711,1.48622,-0.924605
808.2,0.717224,0.675865,1.67616,0.406417
808.3,0.241205,1.03294,1.82517,0.612507
808.4,-0.358309,1.38069,1.92027,-0.101876
808.5,-1.05765,1.68737,1.95017,0.51478
808.6,-1.8194,1.91819,1.90664,-2.6263
808.7,-2.59346,2.04079,1.78587,0.480895
808.8,-3.321,2.03163,1.5895,0.567361
808.9,-3.94094,1.88188,1.32526,0.364805
809,-4.39818,1.60106,1.00675,-0.927984
809.1,-4.65188,1.21697,0.652432,0.0909173
809.2,-4.68197,0.771462,0.283854,0.233235
809.3,-4.49218,0.313126,-0.0766076,0.546145
809.4,-4.10882,-0.111428,-0.408109,-1.13918
809.5,-3.57586,-0.46519,-0.693374,0.25011
809.6,-2.94731,-0.725548,-0.920093,-1.43865
809.7,-2.27899,-0.885473,-1.08152,-0.291916
809.8,-1.62137,-0.951461,-1.17626,0.919379
809.9,-1.01457,-0.939426,-1.2075,0.34419
810,-0.485989,-0.869943,-1.1818,-0.454017
810.1,-0.0503789,-0.76402,-1.10781,-0.87304
810.2,0.288364,-0.640064,-0.995109,0.0912752
810.3,0.534485,-0.512227,-0.853228,-1.53921
810.4,0.697419,-0.389942,-0.690988,-1.93495
810.5,0.789112,-0.278299,-0.51612,0.780238
810.6,0.821911,-0.178894,-0.335127,0.591424
810.7,0.807111,-0.0908551,-0.153322,-0.555786
810.8,0.754121,-0.0118376,0.0250243,-0.360715
810.9,0.670167,0.0610976,0.196472,-0.460082
811,0.560387,0.130784,0.358199,0.222991
811.1,0.428219,0.199422,0.507805,-0.731052
811.2,0.275959,0.268208,0.643173,-1.06503
811.3,0.1054,0.33713,0.762386,-0.45237
811.4,-0.0815185,0.404894,0.863707,0.428929
811.5,-0.282131,0.469013,0.945625,-0.509219
811.6,-0.492595,0.526027,1.00695,-1.88036
811.7,-0.707624,0.571873,1.04695,-0.296214
811.8,-0.920452,0.602358,1.0655,0.040155
811.9,-1.12304,0.613707,1.0632,-0.752246
812,-1.30652,0.603105,1.04153,-1.01971
812.1,-1.46188,0.569177,1.00284,-0.458383
812.2,-1.58071,0.512304,0.950371,-0.101809
812.3,-1.65603,0.434732,0.888147,0.427345
812.4,-1.68305,0.340449,0.820777,0.0194479
812.5,-1.65966,0.234836,0.75322,0.302421
812.6,-1.58677,0.124167,0.690498,0.0536039
812.7,-1.46826,0.0150343,0.637391,-0.487921
812.8,-1.31077,-0.0861932,0.598148,0.196478
812.9,-1.12319,-0.1738,0.576241,-1.71632
813,-0.916061,-0.242991,0.574163,0.0295134
813.1,-0.700958,-0.28999,0.593296,-0.284972
813.2,-0.489912,-0.312005,0.633836,-1.2229
813.3,-0.294922,-0.307119,0.694777,-1.07952
813.4,-0.127565,-0.274191,0.77393,-0.660216
813.5,0.00132421,-0.212846,0.867981,-1.14556
813.6,0.0819665,-0.123582,0.972585,-0.662479
813.7,0.106014,-0.00803934,1.08249,0.54162
813.8,0.0670417,0.130629,1.19168,0.325664
813.9,-0.0388095,0.287335,1.29366,-0.350329
814,-0.212075,0.454731,1.38167,0.645168
814.1,-0.449168,0.623105,1.44911,0.132839
814.2,-0.741698,0.780664,1.48998,-1.66054
814.3,-1.0761,0.914295,1.49937,-0.162389
814.4,-1.4338,1.01082,1.47398,-0.291085
814.5,-1.792,1.05863,1.41259,-1.35599
814.6,-2.12533,1.04947,1.31641,-0.408436
814.7,-2.40801,0.979961,1.18922,0.484108
814.8,-2.61649,0.852543,1.03729,-1.29033
814.9,-2.73207,0.675552,0.869023,-0.149328
815,-2.74305,0.46227,0.694368,-0.51675
815.1,-2.64603,0.22918,0.524022,-0.215175
815.2,-2.44608,-0.00626851,0.368601,-0.0647099
815.3,-2.15589,-0.227859,0.23782,-0.0672674
815.4,-1.79398,-0.422329,0.139818,0.398041
815.5,-1.38252,-0.580299,0.0806773,-1.33864
815.6,-0.945055,-0.696321,0.0641797,-2.59891
815.7,-0.504658,-0.76818,0.091762,0.268165
815.8,-0.0827132,-0.79574,0.162631,-5.44739
815.9,0.301612,-0.779677,0.273963,-0.244091
816,0.631275,-0.720442,0.421129,0.0431992
816.1,0.890887,-0.617689,0.597882,-1.38882
816.2,1.06617,-0.470343,0.796494,0.31297
816.3,1.14364,-0.277336,1.00785,-0.501851
816.4,1.11087,-0.038947,1.22155,-0.261974
816.5,0.957414,0.241433,1.426,0.31052
816.6,0.676566,0.555444,1.60878,-0.686399
816.7,0.267758,0.888258,1.75704,-0.333286
816.8,-0.260763,1.218,1.85832,0.794768
816.9,-0.889561,1.5166,1.90153,0.312571
817,-1.58671,1.75254,1.87812,-0.253979
817.1,-2.30836,1.89523,1.78336,-2.00292
817.2,-3.00159,1.92059,1.61739,-0.972203
817.3,-3.60981,1.81654,1.38588,-0.072662
817.4,-4.07976,1.58687,1.10005,0.0273101
817.5,-4.36917,1.2521,0.775965,-0.906543
817.6,-4.45311,0.846837,0.433089,-0.245719
817.7,-4.32777,0.413908,0.0923435,0.0852054
817.8,-4.01056,-0.00315456,-0.226048,-0.274979
817.9,-3.53662,-0.367355,-0.504531,0.541647
818,-2.95265,-0.653414,-0.7297,0.37297
818.1,-2.30964,-0.849877,-0.893097,0.475723
818.2,-1.65594,-0.958178,-0.991281,-0.822983
818.3,-1.03213,-0.989464,-1.02529,0.922563
818.4,-0.468112,-0.960407,-0.999714,-1.51001
818.5,0.0174938,-0.889124,-0.921542,-0.0447427
818.6,0.416133,-0.79199,-0.799123,0.849945
818.7,0.727015,-0.681664,-0.641246,0.774146
818.8,0.954367,-0.566305,-0.456506,-1.9885
818.9,1.10483,-0.449717,-0.252936,0.241117
819,1.1853,-0.332135,-0.0378728,0.45658
819.1,1.20151,-0.211357,0.181984,0.345963
819.2,1.15727,-0.0840251,0.400417,0.022655
819.3,1.0544,0.053101,0.611486,0.0937756
819.4,0.893266,0.201957,0.809355,-3.90803
819.5,0.673821,0.362172,0.988194,0.353947
819.6,0.396904,0.530334,1.1422,-0.0591373
819.7,0.0657103,0.699645,1.26576,-0.145101
819.8,-0.312834,0.860082,1.35376,-2.26153
819.9,-0.727055,0.999151,1.402,-4.28469
820,-1.16011,1.10325,1.40772,0.673038
820.1,-1.59038,1.15951,1.37007,-0.788345
820.2,-1.9928,1.15793,1.29057,0.202771
820.3,-2.34101,1.09328,1.17332,-0.458486
820.4,-2.61012,0.966462,1.02501,-1.06014
820.5,-2.77962,0.784909,0.85462,0.410081
820.6,-2.83594,0.561831,0.672864,0.0510823
820.7,-2.77415,0.314447,0.491378,0.114343
820.8,-2.59846,0.0615627,0.32184,-2.90168
820.9,-2.32148,-0.178968,0.17507,-0.631246
821,-1.96248,-0.392331,0.0602819,-1.71165
821.1,-1.54492,-0.568001,-0.0154722,-0.552388
821.2,-1.09392,-0.699983,-0.0475877,0.104548
821.3,-0.634092,-0.786158,-0.0339636,-1.00292
821.4,-0.188035,-0.827027,0.0251319,-0.395156
821.5,0.22439,-0.824236,0.127305,0.390728
821.6,0.585996,-0.779267,0.268314,-0.116545
821.7,0.881709,-0.692572,0.442307,-0.213022
821.8,1.0978,-0.563347,0.642001,-0.0331325
821.9,1.22123,-0.390024,0.858777,-0.838318
822,1.23952,-0.171434,1.08274,0.188894
822.1,1.14124,0.0914873,1.30279,-0.28828
822.2,0.917396,0.39371,1.5068,-0.0286636
822.3,0.563631,0.724243,1.68193,0.267321
822.4,0.0829394,1.06491,1.81528,0.246916
822.5,-0.511549,1.39034,1.89471,-0.0894485
822.6,-1.19446,1.6697,1.91001,-0.324375
822.7,-1.92754,1.87038,1.85414,0.380002
822.8,-2.66128,1.96322,1.72447,0.763326
822.9,-3.33902,1.92844,1.52375,0.691893
823,-3.90346,1.76083,1.26045,-0.162967
823.1,-4.3044,1.47245,0.948522,-0.519756
823.2,-4.50625,1.09183,0.606233,-0.134565
823.3,-4.49353,0.659589,0.25445,-4.13142
823.4,-4.27308,0.221261,-0.0855251,-2.11248
823.5,-3.87233,-0.180643,-0.394138,0.730518
823.6,-3.33418,-0.513324,-0.655401,-2.02968
823.7,-2.70985,-0.757621,-0.8581,-3.60757
823.8,-2.05134,-0.908614,-0.996238,0.833809
823.9,-1.40497,-0.97339,-1.06878,-2.32381
824,-0.807186,-0.967088,-1.07887,-0.31433
824.1,-0.282702,-0.908491,-1.03268,0.176251
824.2,0.155146,-0.816204,-0.938304,-0.77545
824.3,0.502529,-0.705967,-0.804671,-2.00646
824.4,0.762471,-0.589247,-0.640717,-1.00162
824.5,0.942051,-0.472927,-0.454857,0.772536
824.6,1.04992,-0.359782,-0.254697,0.299807
824.7,1.09443,-0.249421,-0.0469822,0.134501
824.8,1.08241,-0.139432,0.162308,-1.19112
824.9,1.01863,-0.0265586,0.367776,-2.1632
825,0.905884,0.0922017,0.564403,-0.316542
825.1,0.745542,0.218639,0.747367,-1.47134
825.2,0.538433,0.35257,0.911952,0.0256884
825.3,0.285981,0.491319,1.05354,-0.248702
825.4,-0.00859906,0.629526,1.16774,-1.50167
825.5,-0.339231,0.759336,1.25061,-0.6616
825.6,-0.696192,0.871028,1.29901,-1.10359
825.7,-1.06582,0.954071,1.31095,-1.36857
825.8,-1.43081,0.998521,1.286,0.618115
825.9,-1.77124,0.996576,1.22561,-1.36597
826,-2.06619,0.943999,1.13327,-0.898346
826.1,-2.29578,0.841138,1.01455,0.353675
826.2,-2.44338,0.693267,0.876853,-2.94447
826.3,-2.49759,0.510133,0.728995,0.282776
826.4,-2.45357,0.304768,0.580617,-0.267176
826.5,-2.31359,0.0917988,0.441488,-0.58089
826.6,-2.08669,-0.114381,0.320803,-0.702171
826.7,-1.78752,-0.301193,0.226563,-1.04944
826.8,-1.43465,-0.458913,0.165091,-1.5247
826.9,-1.04873,-0.581023,0.140734,-0.057739
827,-0.650831,-0.663913,0.155742,-0.603829
827.1,-0.261168,-0.706107,0.210291,0.336894
827.2,0.101574,-0.707296,0.302609,-0.256568
827.3,0.420438,-0.667437,0.429142,-0.187377
827.4,0.680003,-0.586179,0.584719,-0.18238
827.5,0.866042,-0.462764,0.76269,-0.539737
827.6,0.965304,-0.29649,0.955033,-0.0197733
827.7,0.965672,-0.0877088,1.15245,-0.819163
827.8,0.856882,0.160771,1.34453,-0.724751
827.9,0.631895,0.44212,1.51995,-0.369609
828,0.288847,0.744134,1.66696,0.108459
828.1,-0.166679,1.04854,1.77396,0.256991
828.2,-0.71953,1.33142,1.83037,0.758568
828.3,-1.34361,1.56515,1.82767,-1.53808
828.4,-2.00195,1.72186,1.76049,-0.898448
828.5,-2.64865,1.778,1.62766,-0.103779
828.6,-3.23305,1.71916,1.43284,-0.582033
828.7,-3.70547,1.54395,1.18479,-0.0694276
828.8,-4.02381,1.26565,0.896899,-1.66286
828.9,-4.15965,0.910837,0.586132,-0.690338
829,-4.10237,0.515305,0.271428,-0.94886
829.1,-3.86036,0.117892,-0.0281646,-0.170349
829.2,-3.45915,-0.245945,-0.295323,0.70438
829.3,-2.93677,-0.549355,-0.515949,-2.30182
829.4,-2.3377,-0.776937,-0.680122,-1.66777
829.5,-1.70668,-0.924909,-0.78243,0.620622
829.6,-1.08353,-0.999024,-0.821729,0.222269
829.7,-0.499956,-1.01118,-0.800466,0.645488
829.8,0.0217754,-0.975705,-0.723792,0.260227
829.9,0.468255,-0.906196,-0.598628,-1.07903
830,0.833168,-0.81329,-0.432865,-0.566793
830.1,1.11491,-0.703566,-0.234769,0.414971
830.2,1.31412,-0.579448,-0.0126342,-0.69777
830.3,1.43169,-0.439895,0.225336,-1.70046
830.4,1.4673,-0.281653,0.470974,0.111981
830.5,1.41892,-0.100858,0.715997,0.330043
830.6,1.28307,0.105181,0.951842,-0.266456
830.7,1.05597,0.336214,1.16957,-0.403985
830.8,0.735372,0.587498,1.35992,-0.0615912
830.9,0.322778,0.848761,1.51357,-0.858078
831,-0.174145,1.10398,1.62165,-1.20484
831.1,-0.73961,1.33229,1.67644,-0.0632023
831.2,-1.34865,1.51017,1.67227,0.740078
831.3,-1.96747,1.61475,1.60638,-2.48342
831.4,-2.55564,1.62792,1.47979,0.358432
831.5,-3.06985,1.54019,1.29772,-0.181127
831.6,-3.46913,1.35347,1.06966,-0.353907
831.7,-3.72024,1.08184,0.808848,-0.92137
831.8,-3.80247,0.749879,0.531259,-0.388328
831.9,-3.71058,0.3888,0.254176,-0.529505
832,-3.45524,0.031288,-0.00539312,0.248331
832.1,-3.06094,-0.293626,-0.232228,0.576962
832.2,-2.56198,-0.564495,-0.414087,0.716605
832.3,-1.99729,-0.769377,-0.542433,0.623152
832.4,-1.40552,-0.905622,-0.612648,0.465999
832.5,-0.820997,-0.977935,-0.623787,0.812969
832.6,-0.271349,-0.995487,-0.578018,0.320586
832.7,0.223248,-0.96887,-0.479899,0.760457
832.8,0.649389,-0.907534,-0.335656,0.433184
832.9,0.998799,-0.818078,-0.152582,-1.10541
833,1.26627,-0.703513,0.0613717,-0.341804
833.1,1.44769,-0.563443,0.297804,-2.12528
833.2,1.53848,-0.395019,0.54789,0.12982
833.3,1.53287,-0.1945,0.802288,0.0387036
833.4,1.42403,0.0407879,1.05102,-0.0158928
833.5,1.20521,0.310309,1.28343,-0.0534219
833.6,0.871727,0.608295,1.48824,-0.134176
833.7,0.423694,0.922239,1.65394,0.479819
833.8,-0.131084,1.23238,1.76941,-0.22022
833.9,-0.774543,1.51264,1.82476,-0.234658
834,-1.4769,1.73329,1.81252,-0.301941
834.1,-2.19703,1.86525,1.72878,-0.198702
834.2,-2.88513,1.88549,1.57418,-1.61298
834.3,-3.48769,1.78224,1.3546,-2.29967
834.4,-3.95424,1.55872,1.08119,-0.467646
834.5,-4.24453,1.23409,0.769651,-1.7264
834.6,-4.33465,0.840936,0.438976,0.0901503
834.7,-4.2207,0.419882,0.109546,-0.525172
834.8,-3.91898,0.0124668,-0.198886,-1.00623
834.9,-3.4628,-0.345715,-0.469088,-1.15092
835,-2.89676,-0.63,-0.687779,0.254892
835.1,-2.2698,-0.828773,-0.846413,-2.10222
835.2,-1.62868,-0.942706,-0.941276,0.723028
835.3,-1.013,-0.981832,-0.973008,0.873488
835.4,-0.452308,-0.9616,-0.94572,-1.0274
835.5,0.0344851,-0.89898,-0.865944,0.88887
835.6,0.438079,-0.809365,-0.741605,0.5754
835.7,0.756579,-0.70462,-0.58117,-0.144313
835.8,0.992881,-0.592267,-0.393032,-0.798326
835.9,1.15214,-0.475602,-0.185162,-1.84263
836,1.23971,-0.354453,0.0350081,-0.367192
836.1,1.25974,-0.226328,0.260531,-0.734547
836.2,1.21452,-0.0877402,0.484783,-0.319802
836.3,1.10447,0.0644193,0.701275,-1.49842
836.4,0.92887,0.231595,0.903492,0.348647
836.5,0.687009,0.412453,1.08484,-1.88826
836.6,0.379715,0.602089,1.23871,-0.835692
836.7,0.0110134,0.791696,1.35873,-1.74533
836.8,-0.410362,0.968858,1.43915,-0.920993
836.9,-0.869923,1.11858,1.47538,0.320815
837,-1.34714,1.22503,1.46457,-0.0862589
837.1,-1.81617,1.27386,1.40622,0.470108
837.2,-2.24766,1.25474,1.30259,-0.585173
837.3,-2.61156,1.16349,1.15894,-0.0864208
837.4,-2.88051,1.00348,0.983447,-1.41271
837.5,-3.03316,0.785649,0.786727,-0.150378
837.6,-3.05703,0.527196,0.581119,0.211199
837.7,-2.95004,0.249103,0.379694,-1.04735
837.8,-2.72058,-0.0269506,0.195203,-0.315028
837.9,-2.38609,-0.281555,0.0390873,0.0437782
838,-1.9706,-0.49978,-0.0793104,-1.25577
838.1,-1.50163,-0.672229,-0.15325,0.178079
838.2,-1.00722,-0.794869,-0.178791,-1.17136
838.3,-0.513575,-0.867876,-0.154723,0.59709
838.4,-0.0436634,-0.893911,-0.0823008,0.571527
838.5,0.383239,-0.876314,0.0351075,-0.368138
838.6,0.751132,-0.817612,0.192377,0.176404
838.7,1.04635,-0.718644,0.38291,-0.0686031
838.8,1.25648,-0.578432,0.59881,-2.3516
838.9,1.36949,-0.394853,0.830968,-0.213651
839,1.37351,-0.166025,1.06908,-0.790373
839.1,1.25731,0.107751,1.30166,-0.227588
839.2,1.01186,0.421788,1.51622,0.355402
839.3,0.632714,0.764963,1.69957,0.0216884
839.4,0.122969,1.11839,1.8384,0.794352
839.5,-0.503668,1.45545,1.92025,0.743414
839.6,-1.2206,1.74366,1.93464,0.547139
839.7,-1.98764,1.94867,1.87445,-0.139248
839.8,-2.75278,2.03995,1.73717,-2.40472
839.9,-3.45665,1.99721,1.52593,0.696307
840,-4.03948,1.81577,1.24988,-0.573369
840.1,-4.4494,1.50947,0.923819,-1.37896
840.2,-4.65038,1.10952,0.566993,-0.0456806
840.3,-4.62796,0.659598,0.201216,-0.334861
840.4,-4.3913,0.208039,-0.151434,0.0428365
840.5,-3.97108,-0.20068,-0.470907,-7.61891
840.6,-3.41381,-0.532947,-0.741072,-1.15852
840.7,-2.77408,-0.769951,-0.95092,0.828205
840.8,-2.10652,-0.908041,-1.09497,0.874569
840.9,-1.4591,-0.95612,-1.17291,0.331752
841,-0.868825,-0.931322,-1.18871,0.758138
841.1,-0.35998,-0.85434,-1.1494,0.718745
841.2,0.0553451,-0.745482,-1.06383,0.274739
841.3,0.375207,-0.621976,-0.941522,0.736209
841.4,0.605005,-0.496622,-0.791797,-0.531642
841.5,0.754575,-0.377553,-0.623198,-4.57972
841.6,0.835655,-0.26875,-0.443165,-1.1352
841.7,0.859933,-0.170954,-0.257958,0.681763
841.8,0.837766,-0.0827061,-0.0727246,0.568183
841.9,0.777503,-0.00134734,0.108327,-1.81616
842,0.68532,0.0761236,0.281714,-1.54598
842.1,0.565439,0.152356,0.44447,0.166095
842.2,0.42061,0.229129,0.593971,-0.504856
842.3,0.252765,0.306995,0.727825,-0.98643
842.4,0.0637216,0.385099,0.843817,0.00511909
842.5,-0.144117,0.461154,0.939941,-0.431933
842.6,-0.367171,0.531603,1.01448,0.436252
842.7,-0.600266,0.591943,1.06617,-0.849724
842.8,-0.836446,0.637226,1.09433,-0.271236
842.9,-1.06707,0.662661,1.09906,-1.78209
843,-1.28223,0.664281,1.08143,-0.555412
843.1,-1.47138,0.639569,1.04349,-1.16758
843.2,-1.62424,0.58794,0.988362,0.0312239
843.3,-1.73175,0.511001,0.920153,0.436136
843.4,-1.78703,0.41252,0.843757,0.119488
843.5,-1.78608,0.298111,0.764625,-3.20308
843.6,-1.72832,0.174688,0.688438,0.0642885
843.7,-1.61666,0.0497774,0.620761,0.0901832
843.8,-1.45735,-0.069168,0.566698,-5.34654
843.9,-1.25944,-0.175355,0.53058,0.109249
844,-1.03411,-0.263036,0.515725,-0.584797
844.1,-0.793927,-0.327676,0.524253,-1.05751
844.2,-0.552113,-0.365917,0.556994,-0.144425
844.3,-0.321991,-0.37542,0.613441,-3.77226
844.4,-0.116519,-0.35467,0.691773,0.228484
844.5,0.0520328,-0.302857,0.788905,-0.331408
844.6,0.172345,-0.219899,0.90057,0.0278874
844.7,0.234355,-0.106666,1.02143,-0.010215
844.8,0.22968,0.0346159,1.14522,-0.0343023
844.9,0.15223,0.199832,1.26494,-0.157226
845,-0.000983469,0.382448,1.37313,-1.66105
845.1,-0.228889,0.573149,1.46224,0.539588
845.2,-0.525405,0.759837,1.52506,0.703796
845.3,-0.878693,0.928166,1.55526,-1.86789
845.4,-1.27089,1.0627,1.54802,-0.10633
845.5,-1.67858,1.14865,1.50056,-0.190041
845.6,-2.0741,1.17399,1.41271,-1.65477
845.7,-2.42782,1.13158,1.28714,-0.264811
845.8,-2.71103,1.02073,1.1295,-1.4488
845.9,-2.89914,0.847852,0.94811,0.171946
846,-2.97462,0.62598,0.753434,-0.0119102
846.1,-2.92905,0.372997,0.557233,-0.605342
846.2,-2.76399,0.109111,0.371618,-1.47927
846.3,-2.49047,-0.145955,0.208059,-0.93537
846.4,-2.12723,-0.37541,0.07652,-0.941593
846.5,-1.69816,-0.566976,-0.01519,-1.33496
846.6,-1.22949,-0.71338,-0.0617918,-0.343086
846.7,-0.747339,-0.811803,-0.0606414,-2.23873
846.8,-0.275812,-0.862598,-0.0116171,-1.42641
846.9,0.163867,-0.867672,0.0831313,-0.225478
847,0.553469,-0.828971,0.219484,-2.17009
847.1,0.877207,-0.747408,0.391628,-0.353966
847.2,1.12088,-0.622443,0.592256,0.225203
847.3,1.27108,-0.452435,0.812688,0.374424
847.4,1.31486,-0.235742,1.04292,-3.83541
847.5,1.24002,0.0275556,1.2717,-0.0398067
847.6,1.03644,0.333549,1.48663,0.361467
847.7,0.69816,0.672415,1.67449,0.285395
847.8,0.226217,1.02688,1.8218,-0.172131
847.9,-0.368318,1.37186,1.91564,0.793688
848,-1.06185,1.67586,1.94482,-0.343846
848.1,-1.81716,1.90448,1.90119,-0.738586
848.2,-2.58453,2.0257,1.78097,0.36816
848.3,-3.30564,2.01628,1.58583,0.518471
848.4,-3.91993,1.86753,1.32341,0.642456
848.5,-4.37282,1.58887,1.00724,-0.00396281
848.6,-4.62383,1.20774,0.655602,-2.88417
848.7,-4.653,0.76552,0.28989,-0.27652
848.8,-4.46388,0.3102,-0.0676962,-1.7608
848.9,-4.08241,-0.112121,-0.396455,0.692732
849,-3.55195,-0.464795,-0.679201,-0.544136
849.1,-2.92585,-0.725362,-0.903654,-1.32324
849.2,-2.25936,-0.886734,-1.06303,0.450791
849.3,-1.60246,-0.955183,-1.15586,0.936335
849.4,-0.994942,-0.946299,-1.18518,0.945352
849.5,-0.46412,-0.880294,-1.15742,0.932023
849.6,-0.0248262,-0.777806,-1.08107,-0.464625
849.7,0.318804,-0.656898,-0.96558,-0.504728
849.8,0.570639,-0.531401,-0.820374,0.68144
849.9,0.739622,-0.410444,-0.654216,-2.10917
850,0.837119,-0.298832,-0.474833,0.648946
850.1,0.874815,-0.197893,-0.288785,-1.69981
850.2,0.86329,-0.10652,-0.101509,0.557541
850.3,0.811205,-0.0221975,0.0825239,-0.838485
850.4,0.72505,0.0580901,0.259599,0.0402937
850.5,0.609297,0.137109,0.426549,-0.159178
850.6,0.466851,0.216804,0.58057,-3.30907
850.7,0.299704,0.2979,0.719096,0.180008
850.8,0.109654,0.379669,0.839746,0.30163
850.9,-0.100957,0.459878,0.94034,-0.157898
851,-0.328607,0.53492,1.01899,-0.200856
851.1,-0.568124,0.600138,1.07422,-1.10007
851.2,-0.812451,0.650314,1.1052,-0.0961452
851.3,-1.05271,0.68031,1.11186,-0.014456
851.4,-1.2786,0.685769,1.09513,-1.15364
851.5,-1.47903,0.663792,1.05699,-2.35221
851.6,-1.64306,0.613486,1.00054,0.505308
851.7,-1.76094,0.536264,0.929922,-0.142666
851.8,-1.82506,0.435856,0.850149,0.337652
851.9,-1.83082,0.318,0.766859,-0.179938
852,-1.77716,0.189868,0.68597,-0.0596598
852.1,-1.66675,0.0593485,0.613322,-0.897917
852.2,-1.50577,-0.0657081,0.554309,-1.74969
852.3,-1.30339,-0.178124,0.513551,-1.05545
852.4,-1.07109,-0.271826,0.49463,0.0783772
852.5,-0.821832,-0.342035,0.499899,-0.172923
852.6,-0.569305,-0.385234,0.530373,0.137364
852.7,-0.3273,-0.398979,0.585687,-0.223778
852.8,-0.109245,-0.381678,0.664114,0.246319
852.9,0.0721222,-0.332424,0.762614,-1.79063
853,0.205004,-0.250988,0.876921,0.432557
853.1,0.278818,-0.138025,1.00164,-3.08038
853.2,0.284596,0.00451474,1.13041,-1.95974
853.3,0.215573,0.172819,1.25607,-1.33626
853.4,0.068019,0.360617,1.37091,-0.678432
853.5,-0.15777,0.55873,1.46706,-0.550632
853.6,-0.456425,0.754976,1.53692,-0.391409
853.7,-0.816643,0.934619,1.57371,0.63077
853.8,-1.22078,1.08149,1.57212,0.688076
853.9,-1.64518,1.17977,1.52888,-0.448459
854,-2.06145,1.21619,1.44335,0.285531
854.1,-2.43864,1.18234,1.31789,-4.12916
854.2,-2.74634,1.07649,1.15794,0.00477561
854.3,-2.958,0.904443,0.971831,-0.617897
854.4,-3.05414,0.679162,0.770204,0.26557
854.5,-3.02471,0.41906,0.565201,-1.33067
854.6,-2.87017,0.145341,0.369444,-0.0354891
854.7,-2.60109,-0.121016,0.194994,-1.9475
854.8,-2.23639,-0.361964,0.0524192,0.231286
854.9,-1.8007,-0.56421,-0.049915,-0.626796
855,-1.32129,-0.719858,-0.106263,-0.442301
855.1,-0.825411,-0.825919,-0.113627,0.566146
855.2,-0.338177,-0.88298,-0.0716377,0.560882
855.3,0.118465,-0.893467,0.017714,-1.30132
855.4,0.525915,-0.85997,0.150412,-0.239044
855.5,0.868352,-0.783997,0.320728,-3.60044
855.6,1.13178,-0.665394,0.521448,0.00839213
855.7,1.30309,-0.502561,0.744013,0.340789
855.8,1.3695,-0.293459,0.978569,0.24524
855.9,1.31869,-0.037284,1.214,0.568628
856,1.13987,0.263396,1.43804,-0.177969
856.1,0.825742,0.600426,1.63746,-0.223384
856.2,0.375332,0.958274,1.79863,-1.5184
856.3,-0.202897,1.31331,1.90825,-2.04643
856.4,-0.88824,1.63477,1.95447,0.605579
856.5,-1.64618,1.88781,1.92817,-1.1877
856.6,-2.4289,2.03862,1.82439,0.263448
856.7,-3.1786,2.06082,1.64349,0.489196
856.8,-3.8335,1.94169,1.39184,0.653863
856.9,-4.33591,1.68656,1.08188,0.153365
857,-4.64076,1.31962,0.731264,-0.570024
857.1,-4.72277,0.880593,0.361186,-1.21306
857.2,-4.58036,0.417864,-0.00578306,-2.0693
857.3,-4.23548,-0.0202562,-0.348115,-0.048945
857.4,-3.72926,-0.393677,-0.647488,0.124251
857.5,-3.11481,-0.676137,-0.890356,0.632435
857.6,-2.44885,-0.85721,-1.06874,0.246759
857.7,-1.78408,-0.940855,-1.18018,0.0227697
857.8,-1.16354,-0.941585,-1.22704,0.777022
857.9,-0.617724,-0.879682,-1.21539,-1.85696
858,-0.164064,-0.776722,-1.15367,-0.0527601
858.1,0.191523,-0.652223,-1.05148,-0.0648298
858.2,0.45205,-0.521682,-0.918543,-0.504654
858.3,0.626482,-0.395872,-0.763947,0.710911
858.4,0.726948,-0.281072,-0.595713,-1.55961
858.5,0.766471,-0.179836,-0.420588,-0.0329982
858.6,0.75735,-0.0919886,-0.244038,0.354913
858.7,0.710174,-0.0156232,-0.0703837,-0.324287
858.8,0.633377,0.052025,0.0970115,-1.2951
858.9,0.533214,0.113874,0.255515,0.301927
859,0.41403,0.17247,0.403022,-0.573602
859.1,0.278711,0.229618,0.537784,-0.0577387
859.2,0.129236,0.286162,0.658293,0.0954987
859.3,-0.0327496,0.341884,0.763214,0.0588999
859.4,-0.2054,0.395527,0.851386,-1.44685
859.5,-0.386219,0.444921,0.921861,-2.82934
859.6,-0.571738,0.487216,0.973985,-0.137174
859.7,-0.757366,0.519214,1.00751,-0.62148
859.8,-0.937418,0.537753,1.0227,-1.22952
859.9,-1.10534,0.54013,1.02043,0.234157
860,-1.25411,0.524504,1.00227,0.402801
860.1,-1.37678,0.490218,0.970477,-0.522484
860.2,-1.46706,0.437996,0.927992,-0.310528
860.3,-1.51997,0.369986,0.878313,-2.20783
860.4,-1.53234,0.289628,0.825352,-0.330914
860.5,-1.5032,0.201378,0.773232,-0.934136
860.6,-1.43395,0.110327,0.726052,0.158481
860.7,-1.32837,0.021782,0.687655,-0.188545
860.8,-1.19235,-0.0591265,0.661395,-0.151576
860.9,-1.03358,-0.127759,0.649945,-0.963358
861,-0.861044,-0.180171,0.655139,-0.202505
861.1,-0.684565,-0.213211,0.677868,0.0482719
861.2,-0.514335,-0.224533,0.718018,-0.509395
861.3,-0.360502,-0.212575,0.774454,-0.73513
861.4,-0.232804,-0.176545,0.845045,0.368659
861.5,-0.140236,-0.116472,0.926721,-0.799952
861.6,-0.0906999,-0.0333334,1.01556,-0.81904
861.7,-0.0906079,0.070729,1.10693,-0.885436
861.8,-0.144411,0.192154,1.19564,-0.0715676
861.9,-0.25405,0.325725,1.27618,-0.389798
862,-0.418368,0.464446,1.343,0.557887
862.1,-0.632574,0.59964,1.39084,0.664823
862.2,-0.887874,0.721351,1.41512,-1.57416
862.3,-1.17141,0.819088,1.41232,0.106481
862.4,-1.46662,0.882892,1.38044,0.57463
862.5,-1.75419,0.90459,1.31925,-1.12608
862.6,-2.01342,0.879041,1.23055,-0.0524168
862.7,-2.22408,0.805115,1.11819,-0.785637
862.8,-2.36841,0.686164,0.987948,0.470712
862.9,-2.43298,0.529845,0.847172,0.310292
863,-2.41019,0.347259,0.704271,-1.75116
863.1,-2.29898,0.151587,0.568089,-1.70235
863.2,-2.10485,-0.0435256,0.447246,0.0246923
863.3,-1.83908,-0.225485,0.349513,-0.529619
863.4,-1.51736,-0.38388,0.281299,-0.0936144
863.5,-1.15819,-0.511051,0.24729,-0.573243
863.6,-0.7813,-0.602057,0.25025,-0.304683
863.7,-0.406303,-0.654173,0.290966,-3.09727
863.8,-0.0518781,-0.666115,0.368303,-1.28025
863.9,0.264651,-0.63725,0.479325,0.127917
864,0.527346,-0.567033,0.619437,-0.502517
864.1,0.721502,-0.45483,0.782509,-0.65126
864.2,0.833544,-0.300241,0.960999,0.325346
864.3,0.851214,-0.103922,1.14607,-0.507226
864.4,0.764227,0.131207,1.32775,-1.541
864.5,0.565493,0.398568,1.49518,-0.0750744
864.6,0.252873,0.686684,1.63704,0.65285
864.7,-0.168769,0.978505,1.74212,-3.00447
864.8,-0.685615,1.25174,1.80011,-0.550828
864.9,-1.27359,1.4805,1.80261,-0.778708
865,-1.89833,1.63841,1.74415,0.568319
865.1,-2.51689,1.70273,1.62314,-1.13946
865.2,-3.08139,1.65885,1.44258,0.626385
865.3,-3.54428,1.50395,1.21026,0.504689
865.4,-3.86447,1.2488,0.938491,0.396317
865.5,-4.01307,0.916874,0.643105,0.0641063
865.6,-3.97751,0.540795,0.342036,-3.66991
865.7,-3.76305,0.156882,0.0535849,-1.4154
865.8,-3.39144,-0.200842,-0.205322,-1.80478
865.9,-2.8969,-0.505676,-0.420598,0.753822
866,-2.32071,-0.741227,-0.58198,-0.0540843
866.1,-1.70536,-0.901916,-0.683439,0.778684
866.2,-1.08964,-0.991331,-0.723048,0.554194
866.3,-0.505319,-1.01921,-0.702424,-0.603625
866.4,0.0242796,-0.997976,-0.625945,-1.51052
866.5,0.483976,-0.939682,-0.499906,0.302197
866.6,0.865203,-0.853753,-0.331771,-1.25098
866.7,1.1638,-0.745826,-0.129622,-0.35511
866.8,1.37772,-0.617573,0.098167,-0.467803
866.9,1.50507,-0.467382,0.343038,-2.05436
867,1.54282,-0.291665,0.596196,0.167361
867.1,1.48641,-0.0866209,0.848465,0.0382041
867.2,1.33024,0.149762,1.09015,-0.425311
867.3,1.06914,0.415693,1.31101,-2.0522
867.4,0.700569,0.703837,1.50039,-0.200333
867.5,0.227277,1.00025,1.64763,0.132163
867.6,-0.339971,1.28437,1.74271,0.28686
867.7,-0.980323,1.53048,1.77718,-0.700817
867.8,-1.66201,1.71075,1.74525,0.624277
867.9,-2.3434,1.79961,1.64478,-1.14715
868,-2.9762,1.77872,1.47819,-0.126649
868.1,-3.51068,1.64146,1.25283,0.293889
868.2,-3.90212,1.39555,0.980834,-0.210194
868.3,-4.11719,1.0629,0.678301,-0.414782
868.4,-4.13904,0.676453,0.363859,-3.14758
868.5,-3.96967,0.274635,0.0568874,-0.0114408
868.6,-3.62917,-0.105198,-0.224355,-0.886589
868.7,-3.152,-0.432608,-0.464381,-0.0459227
868.8,-2.58136,-0.6879,-0.651638,0.130134
868.9,-1.9628,-0.863274,-0.77906,-1.8783
869,-1.33861,-0.961489,-0.844019,-0.158395
869.1,-0.743769,-0.992846,-0.847772,-1.27596
869.2,-0.203954,-0.97149,-0.794618,0.159413
869.3,0.264552,-0.911977,-0.690948,-0.0203803
869.4,0.653492,-0.826663,-0.544366,0.407525
869.5,0.960418,-0.724195,-0.362988,-0.485098
869.6,1.18621,-0.609029,-0.154988,0.251315
869.7,1.33285,-0.481811,0.0716174,0.454738
869.8,1.40168,-0.340368,0.308991,-0.29288
869.9,1.39251,-0.181095,0.549356,-0.48745
870,1.30339,-0.0005598,0.784828,-0.28753
870.1,1.13132,0.20284,1.00727,-0.175587
870.2,0.873599,0.427332,1.20824,-0.0480649
870.3,0.529666,0.666552,1.37911,0.291536
870.4,0.103317,0.90891,1.51141,-0.0586559
870.5,-0.39527,1.13782,1.59736,-1.74307
870.6,-0.948019,1.33299,1.63055,-1.36794
870.7,-1.5285,1.47285,1.60682,0.722746
870.8,-2.10286,1.53785,1.52504,0.571317
870.9,-2.63243,1.5141,1.38774,-0.601136
871,-3.07761,1.39658,1.20138,-0.121588
871.1,-3.40276,1.191,0.976229,-2.81984
871.2,-3.58096,0.9137,0.725737,-0.966407
871.3,-3.59781,0.589448,0.465431,-0.472833
871.4,-3.4533,0.247502,0.211569,0.314004
871.5,-3.1615,-0.0830561,-0.0203061,-0.333342
871.6,-2.74805,-0.377608,-0.216667,-0.100847
871.7,-2.24615,-0.618955,-0.366964,0.37832
871.8,-1.69197,-0.798411,-0.464155,-1.9525
871.9,-1.12041,-0.91509,-0.504783,-1.15934
872,-0.562018,-0.973848,-0.488684,-0.462715
872.1,-0.0412366,-0.982603,-0.418448,-0.288096
872.2,0.423763,-0.949691,-0.298796,-1.28063
872.3,0.820177,-0.881788,-0.135986,0.45371
872.4,1.13892,-0.78267,0.0626481,-1.42332
872.5,1.3728,-0.652899,0.28897,0.237143
872.6,1.51487,-0.490377,0.534149,-0.176889
872.7,1.55748,-0.29166,0.78863,-0.0756659
872.8,1.4921,-0.0538243,1.04205,-1.0585
872.9,1.3102,0.223297,1.28316,-0.423399
873,1.0051,0.534853,1.49997,0.0629642
873.1,0.574683,0.869095,1.68,-0.127722
873.2,0.0245143,1.20641,1.81091,-0.916449
873.3,-0.629211,1.51983,1.88143,0.804617
873.4,-1.35767,1.77744,1.88256,-0.307591
873.5,-2.11925,1.94671,1.80878,-0.257036
873.6,-2.86181,2.0003,1.65934,0.635825
873.7,-3.52768,1.92206,1.43898,-1.16332
873.8,-4.06067,1.71177,1.15824,0.550977
873.9,-4.41414,1.38697,0.832848,-0.183312
874,-4.55822,0.980965,0.482415,0.122185
874.1,-4.48447,0.537379,0.12849,-0.830569
874.2,-4.20697,0.102342,-0.207666,-2.66384
874.3,-3.75938,-0.283417,-0.507219,0.148488
874.4,-3.18895,-0.590663,-0.755441,-0.108089
874.5,-2.54888,-0.804618,-0.94269,-1.17507
874.6,-1.89087,-0.924593,-1.06463,0.373564
874.7,-1.25918,-0.961031,-1.12175,0.0239078
874.8,-0.687061,-0.931204,-1.11846,-2.62374
874.9,-0.195614,-0.85484,-1.06187,0.764885
875,0.205298,-0.750563,-0.960614,0.758309
875.1,0.51485,-0.633584,-0.823861,0.851436
875.2,0.738479,-0.514651,-0.660512,0.829931
875.3,0.885111,-0.40001,-0.478733,0.379491
875.4,0.964822,-0.292026,-0.28572,-0.683409
875.5,0.987115,-0.190167,-0.0876804,0.343128
875.6,0.959851,-0.0920936,0.110053,-0.680632
875.7,0.88881,0.00528203,0.302833,-0.391127
875.8,0.777765,0.104863,0.486484,-1.98567
875.9,0.628953,0.208588,0.657128,-3.30143
876,0.443832,0.316838,0.811064,-0.68646
876.1,0.224001,0.428052,0.944736,0.417619
876.2,-0.0278485,0.538585,1.05479,0.470756
876.3,-0.307063,0.642847,1.13825,-0.288311
876.4,-0.606387,0.733746,1.19271,-0.132858
876.5,-0.91566,0.803428,1.21664,0.602199
876.6,-1.22196,0.844257,1.20967,-1.49215
876.7,-1.51025,0.849925,1.17285,0.538738
876.8,-1.76444,0.816501,1.10876,0.481317
876.9,-1.96887,0.743249,1.02162,0.00793487
877,-2.10985,0.633022,0.917105,-0.0219104
877.1,-2.17725,0.492122,0.802106,0.245159
877.2,-2.16556,0.32965,0.684298,0.222911
877.3,-2.07464,0.156439,0.571641,0.0790621
877.4,-1.90965,-0.016197,0.471844,-0.0600492
877.5,-1.68053,-0.17765,0.391853,-0.398204
877.6,-1.40095,-0.318928,0.337423,-0.273344
877.7,-1.08708,-0.433139,0.312807,-0.22418
877.8,-0.756278,-0.515518,0.320572,-0.781474
877.9,-0.426089,-0.563101,0.361531,-0.701384
878,-0.113461,-0.574173,0.434768,-2.32207
878.1,0.165639,-0.547716,0.53772,-0.0153988
878.2,0.396364,-0.483006,0.666282,-0.898823
878.3,0.564982,-0.379542,0.814921,-4.40942
878.4,0.658937,-0.237341,0.976788,-0.882659
878.5,0.667134,-0.057636,1.14385,-3.19344
878.6,0.58061,0.156142,1.30705,0.0404504
878.7,0.393641,0.397269,1.45662,-0.681872
878.8,0.105241,0.6548,1.58239,0.233834
878.9,-0.279159,0.913154,1.67446,0.42196
879,-0.746173,1.15255,1.7238,-0.272097
879.1,-1.27354,1.35051,1.7232,0.73912
879.2,-1.83031,1.48454,1.6681,-1.0633
879.3,-2.37843,1.53554,1.55742,0.719546
879.4,-2.87595,1.49146,1.3941,-0.0691443
879.5,-3.28151,1.35023,1.1853,0.550917
879.6,-3.55943,1.12112,0.942068,-0.0915997
879.7,-3.68448,0.823992,0.678528,0.0818951
879.8,-3.64525,0.486351,0.410665,-1.21118
879.9,-3.44553,0.138976,0.154843,-0.0700617
880,-3.10316,-0.188962,-0.073674,-0.0743738
880.1,-2.64693,-0.474033,-0.261987,-1.66806
880.2,-2.11209,-0.701056,-0.400438,-0.123457
880.3,-1.53562,-0.863641,-0.48302,0.221261
880.4,-0.952129,-0.962945,-0.507334,-0.258932
880.5,-0.391011,-1.00525,-0.474199,-2.22894
880.6,0.124776,-0.99913,-0.387055,-2.84105
880.7,0.578549,-0.952807,-0.251317,-1.49485
880.8,0.95865,-0.872284,-0.0738042,0.556668
880.9,1.25662,-0.760346,0.137674,-0.419185
881,1.46535,-0.616535,0.374546,-1.61583
881.1,1.57753,-0.43801,0.627527,-1.11283
881.2,1.58494,-0.221115,0.88656,-0.530775
881.3,1.47864,0.0365144,1.14072,-4.86411
881.4,1.25017,0.333579,1.37821,-0.0635303
881.5,0.893881,0.662838,1.58649,0.684215
881.6,0.40989,1.00941,1.75272,-0.16486
881.7,-0.192622,1.35022,1.8645,-0.139316
881.8,-0.892598,1.65523,1.91093,0.65852
881.9,-1.6556,1.8906,1.88387,0.803314
882,-2.43449,2.02395,1.77927,0.558062
882.1,-3.1728,2.03056,1.59832,-0.847946
882.2,-3.81078,1.89942,1.34806,-3.73778
882.3,-4.29331,1.6372,1.04136,-1.21536
882.4,-4.57814,1.26873,0.696012,-0.496488
882.5,-4.6426,0.833451,0.333104,-0.694438
882.6,-4.48717,0.378597,-0.0251533,-1.05887
882.7,-4.13489,-0.0492953,-0.357748,-0.767591
882.8,-3.62702,-0.41212,-0.646933,-1.14444
882.9,-3.01583,-0.685392,-0.879704,0.876215
883,-2.35659,-0.859938,-1.0485,0.880155
883.1,-1.70022,-0.94031,-1.15113,0.0897542
883.2,-1.08806,-0.940977,-1.19003,0.890815
883.3,-0.54917,-0.88169,-1.1712,-1.13099
883.4,-0.100054,-0.783188,-1.10287,-2.75164
883.5,0.253794,-0.664028,-0.994392,0.594367
883.6,0.515305,-0.538743,-0.855197,-1.9832
883.7,0.692927,-0.41722,-0.694131,-0.527052
883.8,0.797926,-0.304967,-0.519033,-2.74615
883.9,0.842209,-0.203891,-0.336568,0.608984
884,0.836789,-0.113314,-0.152246,-1.77242
884.1,0.790889,-0.0309783,0.0294428,-0.468381
884.2,0.711586,0.046044,0.204821,0.250671
884.3,0.60388,0.120603,0.370815,-0.260527
884.4,0.47108,0.194899,0.524762,0.170334
884.5,0.315376,0.270066,0.664268,-0.724541
884.6,0.138519,0.345934,0.787132,-1.97289
884.7,-0.0574853,0.420931,0.891333,0.285091
884.8,-0.269751,0.492167,0.975091,-0.337198
884.9,-0.494016,0.555676,1.03698,0.0245031
885,-0.724359,0.606824,1.07608,-0.409976
885.1,-0.953161,0.640847,1.09216,-1.29958
885.2,-1.17135,0.653477,1.0858,-0.0135915
885.3,-1.36895,0.641566,1.05857,-0.343621
885.4,-1.53581,0.603626,1.01304,0.181984
885.5,-1.6625,0.540187,0.952753,0.151648
885.6,-1.74128,0.453906,0.882139,0.219106
885.7,-1.76688,0.349394,0.806274,0.369381
885.8,-1.73712,0.232793,0.730612,-1.56539
885.9,-1.65322,0.111173,0.660658,0.149272
886,-1.5197,-0.00813644,0.601626,0.0950446
886.1,-1.3441,-0.118167,0.558124,-0.167006
886.2,-1.13636,-0.212783,0.53388,0.159746
886.3,-0.90814,-0.286951,0.531536,0.177747
886.4,-0.672099,-0.336805,0.552513,-3.57855
886.5,-0.441265,-0.359549,0.596943,-0.14314
886.6,-0.228531,-0.353293,0.663656,0.176063
886.7,-0.0462748,-0.316906,0.75022,-0.326511
886.8,0.0939363,-0.249969,0.852999,-0.308841
886.9,0.181631,-0.152904,0.967255,0.488395
887,0.207799,-0.0272844,1.08727,-5.98083
887.1,0.165404,0.123707,1.20653,0.345891
887.2,0.0500867,0.294766,1.31792,0.608276
887.3,-0.138967,0.478032,1.41408,0.404842
887.4,-0.398096,0.662927,1.48778,0.664473
887.5,-0.718341,0.836427,1.53242,0.530056
887.6,-1.08497,0.983901,1.54256,-0.0803827
887.7,-1.47756,1.09055,1.51455,0.0968919
887.8,-1.87097,1.1433,1.44702,0.589373
887.9,-2.23702,1.13286,1.34127,-0.195119
888,-2.54711,1.05554,1.20148,0.594818
888.1,-2.77518,0.914301,1.03459,0.290446
888.2,-2.90073,0.718848,0.849873,0.398287
888.3,-2.91122,0.484447,0.658289,0.0657188
888.4,-2.80351,0.229843,0.47158,-1.22309
888.5,-2.584,-0.0253794,0.301322,0.176092
888.6,-2.26747,-0.263356,0.15802,-0.231836
888.7,-1.87496,-0.469895,0.050365,-1.13432
888.8,-1.43115,-0.635465,-0.0152603,0.455029
888.9,-0.961784,-0.755131,-0.0350141,-0.411115
889,-0.491559,-0.827638,-0.00759109,0.293973
889.1,-0.0428126,-0.853982,0.0659549,-1.10232
889.2,0.364951,-0.835886,0.182477,-0.299639
889.3,0.714817,-0.774555,0.337013,-0.053654
889.4,0.991773,-0.669977,0.523009,-0.590942
889.5,1.18193,-0.520939,0.732474,-0.0740962
889.6,1.27197,-0.325787,0.956057,-0.0325175
889.7,1.24927,-0.0838648,1.18311,-0.149795
889.8,1.10267,0.20256,1.40178,0.59972
889.9,0.82433,0.526203,1.59925,0.691614
890,0.412174,0.872988,1.76217,0.465635
890.1,-0.127114,1.22116,1.87743,-0.909147
890.2,-0.775376,1.54193,1.9331,-0.374357
890.3,-1.50126,1.80203,1.91975,-1.2493
890.4,-2.26036,1.9683,1.83173,0.0381372
890.5,-2.99796,2.01361,1.66839,-0.122596
890.6,-3.65433,1.92298,1.43485,-0.156158
890.7,-4.17223,1.69813,1.14215,0.201329
890.8,-4.50507,1.359,0.806593,-0.479749
890.9,-4.6242,0.941256,0.448286,-0.404679
891,-4.52331,0.490335,0.0891127,-0.154159
891.1,-4.21903,0.0532907,-0.249574,-0.630932
891.2,-3.74754,-0.329228,-0.549105,0.0060136
891.3,-3.15812,-0.628924,-0.795145,-0.560032
891.4,-2.50521,-0.832487,-0.978615,0.394641
891.5,-1.84089,-0.940839,-1.09582,0.917043
891.6,-1.20902,-0.965847,-1.14789,0.0578055
891.7,-0.641913,-0.925831,-1.13979,-0.782714
891.8,-0.159416,-0.841128,-1.0791,0.922749
891.9,0.229929,-0.730595,-0.974792,-1.30126
892,0.526543,-0.609417,-0.836216,0.0969955
892.1,0.736931,-0.488178,-0.672362,-1.5109
892.2,0.870904,-0.372934,-0.491378,-4.88773
892.3,0.939255,-0.265903,-0.300367,-0.713047
892.4,0.952081,-0.166474,-0.105376,-1.39449
892.5,0.917762,-0.0722984,0.0884798,-0.304101
892.6,0.842551,0.0196923,0.276816,-0.283167
892.7,0.730656,0.112398,0.455769,-0.195113
892.8,0.584694,0.207832,0.621812,-1.0124
892.9,0.4064,0.306586,0.77163,-1.78215
893,0.19748,0.407492,0.902071,-1.78368
893.1,-0.0395121,0.507504,1.01019,-0.474513
893.2,-0.300383,0.601825,1.09337,-0.544009
893.3,-0.578705,0.684295,1.14953,-4.23631
893.4,-0.865528,0.748032,1.17734,-0.29755
893.5,-1.14947,0.786279,1.17652,-0.349792
893.6,-1.41725,0.793359,1.14799,-1.40696
893.7,-1.65457,0.765595,1.09408,0.278013
893.8,-1.84743,0.702038,1.01856,0.510591
893.9,-1.9834,0.60485,0.926496,-1.51974
894,-2.05306,0.479248,0.82409,-0.409725
894.1,-2.05098,0.333001,0.71828,0.00667236
894.2,-1.97642,0.175568,0.616315,-1.37205
894.3,-1.83338,0.0170512,0.525283,-0.38412
894.4,-1.63024,-0.132846,0.451647,0.0230523
894.5,-1.37895,-0.265638,0.400843,-1.39054
894.6,-1.09393,-0.374553,0.376982,0.138753
894.7,-0.791022,-0.454647,0.382653,-1.19952
894.8,-0.486498,-0.502601,0.418831,-0.213302
894.9,-0.196351,-0.516323,0.484873,-0.249953
895,0.0641593,-0.494509,0.578572,0.108224
895.1,0.280729,-0.436328,0.696239,0.20199
895.2,0.440113,-0.341354,0.83281,-1.21196
895.3,0.530271,-0.209829,0.981953,-2.08754
895.4,0.540691,-0.0432326,1.1362,-0.999604
895.5,0.463035,0.154878,1.28715,-2.02612
895.6,0.292136,0.37796,1.4257,-1.02754
895.7,0.0273159,0.61572,1.54244,-3.07366
895.8,-0.326157,0.853797,1.6282,0.626731
895.9,-0.755768,1.07419,1.67466,-0.256718
896,-1.241,1.2566,1.67518,0.74883
896.1,-1.75353,1.38077,1.62555,-0.109612
896.2,-2.25869,1.42946,1.52472,-0.499051
896.3,-2.7183,1.39163,1.37533,-1.66516
896.4,-3.09458,1.26498,1.18384,0.0794546
896.5,-3.35468,1.05725,0.960294,0.143436
896.6,-3.47488,0.785583,0.717582,-0.116249
896.7,-3.4437,0.474141,0.47038,-0.804467
896.8,-3.26322,0.150354,0.233833,-0.37669
896.9,-2.94829,-0.159303,0.0222291,-0.22751
897,-2.52395,-0.432979,-0.15217,-0.780338
897.1,-2.02164,-0.65578,-0.279959,-0.0795675
897.2,-1.47505,-0.820426,-0.355024,0.177363
897.3,-0.916421,-0.92632,-0.374572,-2.54321
897.4,-0.374018,-0.977543,-0.338855,-0.77763
897.5,0.129174,-0.980373,-0.250689,-0.942842
897.6,0.575397,-0.940975,-0.114924,0.217275
897.7,0.95112,-0.863665,0.0620376,-0.585501
897.8,1.24551,-0.750026,0.272588,-0.0960626
897.9,1.44885,-0.598942,0.508105,-0.032591
898,1.55132,-0.407495,0.758996,-2.97635
898.1,1.54254,-0.172626,1.01466,0.100301
898.2,1.41207,0.106668,1.26345,-1.36511
898.3,1.15096,0.426886,1.49271,-0.606192
898.4,0.754356,0.77776,1.68911,-0.632216
898.5,0.224707,1.14075,1.83914,0.700733
898.6,-0.424892,1.48893,1.93004,-0.12656
898.7,-1.16809,1.7889,1.95102,-1.02272
898.8,-1.96436,2.00483,1.89464,-0.106622
898.9,-2.7606,2.10449,1.75814,0.704338
899,-3.49565,2.06601,1.54456,0.626226
899.1,-4.10752,1.88376,1.26313,-0.943567
899.2,-4.54206,1.57147,0.928983,0.0185417
899.3,-4.7614,1.16137,0.561914,0.112003
899.4,-4.75012,0.698984,0.184417,-0.302081
899.5,-4.51752,0.234973,-0.180707,-2.54324
899.6,-4.09552,-0.183886,-0.512754,-2.16404
899.7,-3.53275,-0.522195,-0.795109,-2.45007
899.8,-2.88637,-0.760164,-1.01652,-0.846329
899.9,-2.2136,-0.89404,-1.17151,-1.78736
900,-1.56461,-0.933375,-1.26004,0.831346
900.1,-0.977939,-0.896478,-1.28653,-2.13078
900.2,-0.47863,-0.805505,-1.25856,-0.664844
900.3,-0.0787328,-0.68232,-1.18558,0.344233
900.4,0.220583,-0.545689,-1.07767,0.688066
900.5,0.426134,-0.409882,-0.944593,-2.71355
900.6,0.549723,-0.284429,-0.795174,-0.537267
900.7,0.605505,-0.174616,-0.636909,-0.297441
900.8,0.607957,-0.0823831,-0.475849,-0.836943
900.9,0.57049,-0.00729161,-0.316646,-3.16389
901,0.504636,0.0525744,-0.162695,-0.20669
901.1,0.419715,0.0998854,-0.0163516,0.472584
901.2,0.322816,0.137526,0.120851,-0.995007
901.3,0.219008,0.168226,0.247983,0.299593
901.4,0.111668,0.194327,0.364536,0.220014
901.5,0.0028556,0.217651,0.470269,-0.229267
901.6,-0.106292,0.239448,0.565097,0.122396
901.7,-0.215202,0.26039,0.649018,0.0818973
901.8,-0.323544,0.280613,0.722075,-0.287111
901.9,-0.430963,0.299777,0.78434,0.316814
902,-0.536883,0.317167,0.835932,-1.35737
902.1,-0.640374,0.331798,0.877044,-0.0832245
902.2,-0.740085,0.342551,0.907983,-0.373577
902.3,-0.834259,0.348309,0.929211,0.00304192
902.4,-0.920801,0.348098,0.941385,-0.593952
902.5,-0.997413,0.341213,0.945382,-0.671796
902.6,-1.06177,0.327328,0.942311,-2.02387
902.7,-1.11172,0.306572,0.933509,-0.669284
902.8,-1.14549,0.279558,0.920507,0.332107
902.9,-1.1619,0.247379,0.90499,-1.78828
903,-1.16048,0.211547,0.888723,0.337387
903.1,-1.14163,0.173909,0.873477,-0.316097
903.2,-1.10664,0.136524,0.860937,-1.43619
903.3,-1.05769,0.10154,0.852615,0.404608
903.4,-0.99776,0.0710574,0.849765,-0.022499
903.5,-0.930515,0.0470155,0.853307,0.414465
903.6,-0.860131,0.0310842,0.863767,-0.0926451
903.7,-0.791102,0.0245809,0.881236,0.0259478
903.8,-0.728017,0.0284015,0.905349,0.45438
903.9,-0.675345,0.042963,0.935285,-0.025999
904,-0.637201,0.068155,0.969795,0.305261
904.1,-0.617119,0.103298,1.00724,-3.99071
904.2,-0.617829,0.147108,1.04568,-3.1729
904.3,-0.64104,0.197682,1.08292,0.513095
904.4,-0.687247,0.252511,1.1167,0.282587
904.5,-0.755565,0.308535,1.14474,-0.901519
904.6,-0.843628,0.362263,1.16493,-0.0395863
904.7,-0.947566,0.409957,1.17548,-0.38119
904.8,-1.06209,0.447888,1.17506,-0.13583
904.9,-1.1807,0.47264,1.16293,-0.73672
905,-1.29603,0.481445,1.13903,-0.443562
905.1,-1.40034,0.472497,1.10409,-0.577564
905.2,-1.48602,0.445202,1.05958,-0.224799
905.3,-1.54625,0.400322,1.00773,-0.240475
905.4,-1.57554,0.339982,0.951367,-0.869738
905.5,-1.57025,0.267529,0.893779,-1.36554
905.6,-1.52892,0.187257,0.83852,-0.512985
905.7,-1.45241,0.104058,0.78917,0.382725
905.8,-1.34392,0.0230255,0.749106,-1.26349
905.9,-1.20873,-0.0509113,0.721278,-0.0192346
906,-1.05386,-0.113282,0.708017,-0.125173
906.1,-0.887624,-0.160278,0.710886,-0.58666
906.2,-0.719201,-0.188852,0.730566,-0.484121
906.3,-0.558136,-0.196755,0.766801,-0.64607
906.4,-0.413948,-0.182528,0.818376,-0.376837
906.5,-0.295753,-0.145514,0.883144,-0.27625
906.6,-0.211908,-0.0859081,0.958079,-1.75117
906.7,-0.169652,-0.00488277,1.03937,-0.126073
906.8,-0.174704,0.0952295,1.12257,-0.20342
906.9,-0.230809,0.210726,1.20273,-0.943612
907,-0.339221,0.336362,1.27466,-2.17733
907.1,-0.498195,0.465294,1.3332,0.599773
907.2,-0.702534,0.589235,1.37351,-0.524373
907.3,-0.943324,0.698885,1.39147,-1.11357
907.4,-1.20797,0.784658,1.38404,-1.40666
907.5,-1.48065,0.837674,1.3496,0.567424
907.6,-1.7432,0.850884,1.28825,-0.107112
907.7,-1.97652,0.820149,1.20194,-0.136909
907.8,-2.16222,0.745041,1.09453,-0.251227
907.9,-2.28443,0.629185,0.971617,0.12991
908,-2.33146,0.480008,0.840161,0.108029
908.1,-2.29704,0.307919,0.708047,-1.63278
908.2,-2.18091,0.125062,0.583484,-0.158435
908.3,-1.98875,-0.0561072,0.474406,0.124331
908.4,-1.73143,-0.224134,0.387912,0.0339845
908.5,-1.42379,-0.369522,0.329801,-0.10265
908.6,-1.08321,-0.485194,0.304253,-0.806198
908.7,-0.728186,-0.566443,0.31364,-0.147681
908.8,-0.377204,-0.610488,0.35848,0.223752
908.9,-0.0479852,-0.615823,0.437473,-0.425445
909,0.242896,-0.581569,0.547603,0.0703073
909.1,0.480087,-0.507062,0.684261,-0.0543764
909.2,0.649407,-0.391788,0.841357,-0.753519
909.3,0.737891,-0.235772,1.01145,0.502482
909.4,0.734105,-0.0403966,1.18586,0.291945
909.5,0.628914,0.190474,1.35488,0.567155
909.6,0.416739,0.449274,1.50807,-1.16312
909.7,0.0972378,0.72374,1.63465,-0.264085
909.8,-0.322833,0.996531,1.72415,0.717375
909.9,-0.827982,1.24584,1.76723,-0.231148
910,-1.39308,1.44725,1.75655,-0.446207
910.1,-1.98375,1.57678,1.68775,0.724824
910.2,-2.55834,1.6148,1.56033,-0.256038
910.3,-3.07172,1.55,1.37813,0.656738
910.4,-3.48029,1.38238,1.14949,0.492321
910.5,-3.74763,1.12437,0.886791,-0.285317
910.6,-3.84949,0.799537,0.605494,0.091215
910.7,-3.77712,0.438913,0.322719,0.117172
910.8,-3.53817,0.0759331,0.0556395,-0.340673
910.9,-3.15497,-0.258909,-0.180095,-0.0559736
911,-2.66061,-0.542311,-0.371643,0.609287
911.1,-2.09388,-0.760469,-0.509804,-0.88428
911.2,-1.49408,-0.909179,-0.589321,0.687473
911.3,-0.896788,-0.992084,-0.608711,0.0878187
911.4,-0.331115,-1.01782,-0.569741,0.729068
911.5,0.181272,-0.996903,-0.476718,-0.620873
911.6,0.625654,-0.938973,-0.33576,0.472453
911.7,0.992701,-0.850955,-0.154169,-0.124676
911.8,1.27641,-0.736158,0.0600011,0.0276084
911.9,1.47203,-0.59436,0.298176,-2.57588
912,1.5745,-0.422731,0.551303,-2.96357
912.1,1.57755,-0.217404,0.809763,-0.539424
912.2,1.47384,0.0244899,1.06325,0.536185
912.3,1.25604,0.302571,1.30073,0.590187
912.4,0.918934,0.611055,1.51048,-0.467113
912.5,0.462218,0.937111,1.68052,-1.55359
912.6,-0.106431,1.26025,1.79918,0.343403
912.7,-0.768615,1.55325,1.8561,-0.623633
912.8,-1.49362,1.78489,1.84335,0.576666
912.9,-2.23873,1.92455,1.75669,0.712066
913,-2.95202,1.94785,1.59666,0.63185
913.1,-3.57754,1.8423,1.36922,-0.173399
913.2,-4.0625,1.61128,1.08585,-0.382176
913.3,-4.36482,1.27504,0.762827,-0.464837
913.4,-4.45968,0.86808,0.419824,-0.108564
913.5,-4.34339,0.433331,0.0779535,-0.477013
913.6,-4.03351,0.0145738,-0.24238,-0.640007
913.7,-3.56549,-0.350887,-0.523464,-2.41528
913.8,-2.98645,-0.637486,-0.751773,-0.97651
913.9,-2.34785,-0.833591,-0.918773,0.874884
914,-1.69854,-0.940606,-1.021,0.91936
914.1,-1.07952,-0.969812,-1.0595,0.0790926
914.2,-0.520951,-0.938167,-1.03893,0.339133
914.3,-0.0415515,-0.864208,-0.966344,0.91162
914.4,0.35028,-0.76483,-0.850166,0.740517
914.5,0.654159,-0.653291,-0.699225,-0.581548
914.6,0.874976,-0.538394,-0.522106,0.740483
914.7,1.02028,-0.424601,-0.326748,-0.174508
914.8,1.09811,-0.31277,-0.120298,0.403733
914.9,1.11549,-0.201217,0.0908616,-1.08682
915,1.07761,-0.0868983,0.300961,-0.43604
915.1,0.987601,0.03342,0.504648,0.00870339
915.2,0.846951,0.162102,0.696794,0.0538735
915.3,0.65627,0.299741,0.87237,0.0161948
915.4,0.416396,0.44449,1.02641,-0.180028
915.5,0.129642,0.591688,1.15408,0.56211
915.6,-0.198999,0.733881,1.25093,0.615447
915.7,-0.56087,0.86129,1.31317,-0.122746
915.8,-0.943111,0.962776,1.33808,0.641771
915.9,-1.32872,1.02721,1.32443,0.151998
916,-1.69737,1.04515,1.2729,-1.17611
916.1,-2.02691,1.01044,1.18626,-0.0457517
916.2,-2.29542,0.921571,1.06955,0.527872
916.3,-2.48365,0.782299,0.92986,-0.76663
916.4,-2.57721,0.601502,0.775986,-0.140831
916.5,-2.56835,0.392126,0.617841,0.0254759
916.6,-2.45688,0.169475,0.465744,-0.0486223
916.7,-2.25005,-0.0507831,0.329652,-0.403073
916.8,-1.96159,-0.254491,0.218461,-0.265592
916.9,-1.61,-0.43036,0.139442,0.397955
917,-1.21658,-0.5706,0.0978563,-0.00646026
917.1,-0.803435,-0.670792,0.0967827,-1.5411
917.2,-0.392019,-0.729162,0.13711,-1.22433
917.3,-0.00215155,-0.745527,0.217658,0.319924
917.4,0.348311,-0.720221,0.335364,0.0771957
917.5,0.643322,-0.653283,0.485471,-0.183137
917.6,0.868232,-0.544119,0.661691,-0.429924
917.7,1.00938,-0.391739,0.856324,-0.0793153
917.8,1.05401,-0.195598,1.06035,-0.257653
917.9,0.990676,0.0430551,1.26352,0.609427
918,0.810391,0.319527,1.45458,0.620585
918.1,0.508423,0.624056,1.62154,-0.130232
918.2,0.0866049,0.940671,1.75226,-0.272527
918.3,-0.444241,1.24702,1.83521,-3.30748
918.4,-1.06237,1.51567,1.86049,0.702044
918.5,-1.7344,1.71701,1.82093,0.483432
918.6,-2.41635,1.82373,1.71327,0.630934
918.7,-3.05707,1.81592,1.53903,-0.169714
918.8,-3.60355,1.68586,1.305,-0.0765395
918.9,-4.00774,1.44089,1.02308,-2.96234
919,-4.23337,1.10342,0.709427,-0.330009
919.1,-4.26136,0.707762,0.383016,-0.821839
919.2,-4.09248,0.294264,0.0637386,0.406559
919.3,-3.74669,-0.097587,-0.229566,-0.0238331
919.4,-3.25935,-0.435455,-0.480871,-0.415669
919.5,-2.67517,-0.698311,-0.678205,-0.950706
919.6,-2.04161,-0.877735,-0.814263,0.820123
919.7,-1.40276,-0.976576,-0.88636,0.350966
919.8,-0.795065,-1.00577,-0.895865,-0.19075
919.9,-0.245135,-0.980423,-0.84731,0.453235
920,0.230407,-0.916201,-0.747382,0.178215
920.1,0.62352,-0.826532,-0.603983,-0.135207
920.2,0.932429,-0.72101,-0.425488,-0.353187
920.3,1.15904,-0.604866,-0.220242,0.660676
920.4,1.30657,-0.479322,0.00368445,-0.0922906
920.5,1.37773,-0.342565,0.238529,0.223459
920.6,1.37365,-0.191103,0.476725,-0.533527
920.7,1.29358,-0.0213146,0.710727,-2.7298
920.8,1.13542,0.168957,0.932838,0.468496
920.9,0.89691,0.378915,1.13513,-3.00017
921,0.577344,0.603611,1.30951,0.313077
921.1,0.179591,0.833255,1.44799,-1.55862
921.2,-0.287915,1.05328,1.5431,-0.246377
921.3,-0.809636,1.24533,1.58859,-0.30134
921.4,-1.36227,1.38936,1.58013,0.714053
921.5,-1.91535,1.46648,1.51611,0.699408
921.6,-2.43326,1.46231,1.39823,-0.224857
921.7,-2.87869,1.3701,1.23188,0.457828
921.8,-3.21696,1.19275,1.02608,0.449437
921.9,-3.42047,0.943156,0.792993,0.311053
922,-3.47257,0.642663,0.547044,0.0414515
922.1,-3.36973,0.317792,0.303659,-2.23597
922.2,-3.12181,-0.00393228,0.0779471,-0.582196
922.3,-2.7502,-0.298083,-0.11657,-0.278088
922.4,-2.2845,-0.546404,-0.268952,0.176098
922.5,-1.75836,-0.738284,-0.371456,-0.881556
922.6,-1.20541,-0.870525,-0.419734,-0.839993
922.7,-0.656144,-0.945752,-0.412667,0.330571
922.8,-0.13595,-0.970043,-0.351938,0.660751
922.9,0.335415,-0.950454,-0.24149,0.570025
923,0.743235,-0.892932,-0.0869776,0.20557
923.1,1.07647,-0.800975,0.104668,-0.314566
923.2,1.32608,-0.675171,0.325528,-0.927715
923.3,1.48354,-0.51361,0.566813,-0.569263
923.4,1.53986,-0.313091,0.818865,0.334112
923.5,1.4854,-0.0709492,1.07109,-0.95232
923.6,1.31079,0.212699,1.31194,0.502714
923.7,1.00871,0.532637,1.52899,-0.45664
923.8,0.576698,0.876592,1.70934,-1.34981
923.9,0.0202864,1.2242,1.84018,0.749879
924,-0.643925,1.54749,1.90979,-0.124925
924.1,-1.38623,1.81337,1.90877,0.807717
924.2,-2.16366,1.98816,1.83136,-2.80603
924.3,-2.92231,2.04354,1.67666,-5.06985
924.4,-3.60259,1.96292,1.44951,-0.771864
924.5,-4.1465,1.74632,1.1607,-0.240999
924.6,-4.5061,1.41224,0.826374,0.370842
924.7,-4.65089,0.995567,0.466665,-0.139331
924.8,-4.57274,0.541752,0.103655,-2.09394
924.9,-4.28686,0.0986572,-0.240936,-0.857137
925,-3.82864,-0.291715,-0.547957,-2.73668
925.1,-3.24737,-0.599518,-0.802556,-1.5218
925.2,-2.59821,-0.81005,-0.99517,0.9153
925.3,-1.93444,-0.92326,-1.12172,0.919965
925.4,-1.30138,-0.950579,-1.1831,0.46762
925.5,-0.732687,-0.910417,-1.18416,-2.05452
925.6,-0.249329,-0.823623,-1.13249,-1.21693
925.7,0.139487,-0.709849,-1.03718,-0.356315
925.8,0.433991,-0.585223,-0.907744,0.610736
925.9,0.64098,-0.461322,-0.753306,0.684749
926,0.770996,-0.345158,-0.582115,-0.408591
926.1,0.835928,-0.239817,-0.401276,-1.38555
926.2,0.847247,-0.145418,-0.216715,0.0649454
926.3,0.814877,-0.0601474,-0.0332806,0.472599
926.4,0.746668,0.0187856,0.145068,0.078099
926.5,0.648321,0.0943392,0.31505,-0.104198
926.6,0.523683,0.168998,0.473858,0.107664
926.7,0.375263,0.244305,0.618995,0.254809
926.8,0.204893,0.320551,0.748179,0.213046
926.9,0.014424,0.396634,0.859303,0.306721
927,-0.193605,0.470074,0.950477,-2.98337
927.1,-0.41542,0.537204,1.02012,-0.344239
927.2,-0.645643,0.593527,1.06711,0.507042
927.3,-0.877166,0.634215,1.09095,-1.00438
927.4,-1.1013,0.654722,1.09192,-1.62113
927.5,-1.30822,0.651421,1.07126,-1.46791
927.6,-1.48766,0.622191,1.03119,0.27207
927.7,-1.62977,0.566852,0.974973,-1.03628
927.8,-1.72605,0.487364,0.906771,-0.332672
927.9,-1.77029,0.387745,0.831501,0.352734
928,-1.75918,0.27373,0.754561,-0.477261
928.1,-1.69278,0.152203,0.681511,-0.345887
928.2,-1.57454,0.0305353,0.617737,-1.29217
928.3,-1.4111,-0.084073,0.568113,-0.0309435
928.4,-1.21171,-0.185127,0.536718,0.133941
928.5,-0.987624,-0.267181,0.526596,0.0407197
928.6,-0.7513,-0.325964,0.539601,-0.800695
928.7,-0.515781,-0.358333,0.576309,-0.391953
928.8,-0.294118,-0.362112,0.635983,-1.07715
928.9,-0.0989596,-0.335922,0.716601,0.135649
929,0.0577678,-0.279096,0.814909,-0.424333
929.1,0.165135,-0.191735,0.926508,0.0537468
929.2,0.213535,-0.0749689,1.04597,-1.19988
929.3,0.195142,0.0686335,1.16699,-0.410451
929.4,0.104552,0.234541,1.28259,-0.683988
929.5,-0.0603963,0.415778,1.38541,-1.19742
929.6,-0.297682,0.60264,1.46809,0.68962
929.7,-0.600212,0.782795,1.52369,0.625841
929.8,-0.955182,0.941929,1.54629,0.607893
929.9,-1.34395,1.06499,1.53153,0.25329
930,-1.74268,1.13796,1.47717,0.124751
930.1,-2.12377,1.14995,1.38358,0.452195
930.2,-2.45826,1.09513,1.25397,-0.431505
930.3,-2.71866,0.974161,1.0944,-0.0437757
930.4,-2.88212,0.794572,0.913475,-0.318355
930.5,-2.93306,0.570058,0.721736,-0.225983
930.6,-2.86505,0.318618,0.530839,0.0682464
930.7,-2.68135,0.0600138,0.352593,-1.48205
930.8,-2.39421,-0.186907,0.198025,-1.97085
930.9,-2.023,-0.406449,0.0765588,-1.03077
931,-1.59163,-0.587414,-0.00456691,-1.7418
931.1,-1.12592,-0.723389,-0.0406226,0.0708498
931.2,-0.651249,-0.812067,-0.0294547,-0.667246
931.3,-0.190931,-0.853936,0.0286459,-3.92449
931.4,0.234525,-0.850717,0.131194,0.16707
931.5,0.607389,-0.80397,0.273795,-1.5254
931.6,0.912124,-0.714178,0.450399,0.100285
931.7,1.13458,-0.580497,0.653477,-0.935902
931.8,1.2613,-0.401267,0.874123,0.409767
931.9,1.27939,-0.175233,1.10211,0.175039
932,1.17701,0.0966516,1.32598,-0.0932976
932.1,0.944867,0.409138,1.53319,-0.452186
932.2,0.578492,0.750713,1.71047,0.7532
932.3,0.0811191,1.10232,1.84451,0.293119
932.4,-0.533408,1.43739,1.92278,0.726724
932.5,-1.23844,1.7237,1.93479,-0.428641
932.6,-1.99391,1.92729,1.8734,-0.370699
932.7,-2.74812,2.01808,1.73604,-0.265468
932.8,-3.44215,1.97606,1.52578,-0.327941
932.9,-4.01675,1.79669,1.2516,-2.64922
933,-4.42049,1.49362,0.92814,0.298079
933.1,-4.61762,1.09763,0.574417,-0.800153
933.2,-4.59366,0.651769,0.212012,-0.888075
933.3,-4.35741,0.203687,-0.137215,0.400931
933.4,-3.93896,-0.202716,-0.45338,0.725357
933.5,-3.38403,-0.534196,-0.720449,-2.84897
933.6,-2.7464,-0.772052,-0.92743,-2.27234
933.7,-2.07996,-0.912498,-1.06878,-2.01237
933.8,-1.43213,-0.964114,-1.14405,0.217929
933.9,-0.839602,-0.9436,-1.15706,-1.02344
934,-0.326595,-0.871175,-1.11464,-0.293002
934.1,0.0946331,-0.766667,-1.02545,0.583914
934.2,0.421762,-0.646841,-0.898857,0.45813
934.3,0.659634,-0.524054,-0.744077,0.852952
934.4,0.817376,-0.40601,-0.569603,0.814279
934.5,0.905879,-0.296273,-0.382909,-0.268446
934.6,0.935878,-0.1952,-0.190375,-1.28936
934.7,0.916693,-0.101006,0.00262947,-0.430326
934.8,0.855608,-0.010816,0.191569,0.309102
934.9,0.757767,0.078417,0.372528,-0.0137
935,0.626494,0.169148,0.542009,-1.52695
935.1,0.463893,0.262654,0.696783,0.262056
935.2,0.271627,0.358639,0.833799,-0.287807
935.3,0.0517709,0.455033,0.950187,0.432804
935.4,-0.192388,0.548019,1.04334,-0.517265
935.5,-0.455684,0.632296,1.11107,0.185115
935.6,-0.73066,0.701588,1.15181,-0.744311
935.7,-1.00749,0.749362,1.16487,-0.184473
935.8,-1.27428,0.769695,1.15065,0.409542
935.9,-1.51778,0.758167,1.11079,-1.06778
936,-1.72443,0.712644,1.04832,-0.273127
936.1,-1.88162,0.633795,0.967559,-0.00514505
936.2,-1.97894,0.525239,0.873997,-0.116001
936.3,-2.00939,0.39327,0.774005,-0.454389
936.4,-1.97014,0.246199,0.674448,0.0832565
936.5,-1.86288,0.0934407,0.582249,-1.0108
936.6,-1.69371,-0.0554758,0.503939,-0.497787
936.7,-1.47251,-0.191793,0.445244,-0.197963
936.8,-1.21206,-0.308147,0.410747,-0.433559
936.9,-0.927053,-0.398855,0.403651,-0.696855
937,-0.633054,-0.459875,0.425636,-0.953213
937.1,-0.345744,-0.488528,0.476816,0.134761
937.2,-0.0803286,-0.483109,0.555757,0.17063
937.3,0.148782,-0.442544,0.65954,-0.742108
937.4,0.328157,-0.366232,0.783854,-0.134273
937.5,0.445485,-0.254148,0.923101,-3.53941
937.6,0.489833,-0.107262,1.07052,0.302465
937.7,0.452145,0.0717765,1.21833,0.161775
937.8,0.326061,0.277811,1.35799,-0.166305
937.9,0.109047,0.502388,1.48051,-0.0283834
938,-0.19626,0.733279,1.57685,-0.230014
938.1,-0.580749,0.954575,1.63861,-0.128335
938.2,-1.02788,1.1476,1.65861,-1.26455
938.3,-1.51349,1.29273,1.63174,-0.220388
938.4,-2.00666,1.37199,1.55565,-0.557008
938.5,-2.47184,1.37203,1.43134,0.313609
938.6,-2.87222,1.28682,1.26345,-1.2784
938.7,-3.17377,1.11948,1.0602,-1.09076
938.8,-3.3495,0.882486,0.832898,0.265745
938.9,-3.38287,0.596134,0.595057,-2.00603
939,-3.2699,0.285522,0.361217,0.224375
939.1,-3.01932,-0.0233125,0.145677,-0.297299
939.2,-2.65086,-0.30716,-0.0387087,0.464478
939.3,-2.19213,-0.548465,-0.181482,-2.33305
939.4,-1.67481,-0.736679,-0.275182,-1.91756
939.5,-1.13088,-0.868048,-0.31556,-5.43128
939.6,-0.589718,-0.944143,-0.301455,-3.57763
939.7,-0.0762955,-0.969673,-0.234434,-0.635558
939.8,0.389318,-0.95019,-0.118313,0.116747
939.9,0.791411,-0.89018,0.041309,-0.87601
940,1.11739,-0.791871,0.23743,0.0579192
940.1,1.35628,-0.65491,0.461883,-0.670088
940.2,1.49747,-0.476941,0.705429,-0.238266
940.3,1.53001,-0.254975,0.957755,-0.0969731
940.4,1.44281,0.0125878,1.20744,-0.343692
940.5,1.22591,0.323565,1.44199,0.307141
940.6,0.872723,0.669622,1.64807,0.029332
940.7,0.383124,1.03447,1.81198,-0.171676
940.8,-0.233161,1.39324,1.92046,0.0319736
940.9,-0.95365,1.7138,1.96185,-1.76716
941,-1.74159,1.96015,1.92746,-0.664993
941.1,-2.54677,2.09803,1.81295,-2.99909
941.2,-3.30923,2.10166,1.61953,-0.407713
941.3,-3.96582,1.96013,1.35464,-0.67554
941.4,-4.45872,1.68157,1.03184,-0.70914
941.5,-4.74423,1.29345,0.669832,-0.307755
941.6,-4.79985,0.838613,0.290683,-1.95513
941.7,-4.62781,0.367624,-0.0825227,-1.56496
941.8,-4.25422,-0.0703156,-0.42814,0.105148
941.9,-3.72407,-0.435622,-0.728136,-0.0438747
942,-3.09344,-0.703647,-0.969602,0.912111
942.1,-2.42079,-0.866192,-1.14543,0.266862
942.2,-1.7593,-0.929532,-1.25414,0.692338
942.3,-1.15141,-0.910189,-1.29909,-1.54609
942.4,-0.626211,-0.829938,-1.2872,-1.05922
942.5,-0.199317,-0.711329,-1.22762,0.806038
942.6,0.125378,-0.57445,-1.13048,-0.0809291
942.7,0.352924,-0.435138,-1.00579,-0.363308
942.8,0.494268,-0.304437,-0.86277,0.692107
942.9,0.563466,-0.188936,-0.709345,0.831787
943,0.575455,-0.0915814,-0.551983,0.636554
943.1,0.544468,-0.0126516,-0.395684,0.391752
943.2,0.483056,0.0493233,-0.244101,-0.14634
943.3,0.401618,0.0967926,-0.0997381,0.568325
943.4,0.308277,0.132609,0.0358278,0.334161
943.5,0.209014,0.159627,0.161722,0.0519433
943.6,0.107936,0.18045,0.277572,-1.767
943.7,0.00761215,0.197283,0.383335,-2.13734
943.8,-0.0905686,0.211859,0.479166,-0.0479035
943.9,-0.186057,0.225423,0.565312,-0.0567784
944,-0.278832,0.238742,0.642046,-0.0374374
944.1,-0.36913,0.25214,0.709628,-0.991957
944.2,-0.457223,0.265548,0.768293,0.356399
944.3,-0.54324,0.27857,0.818253,-0.581251
944.4,-0.627047,0.290557,0.859718,-1.16822
944.5,-0.708169,0.300694,0.892932,-0.182668
944.6,-0.785767,0.308091,0.918202,-0.126137
944.7,-0.858661,0.311885,0.935936,-0.761136
944.8,-0.9254,0.311336,0.946675,-1.07666
944.9,-0.984362,0.305909,0.951115,-0.417253
945,-1.03389,0.295357,0.950117,0.141539
945.1,-1.07246,0.279761,0.944702,-2.17452
945.2,-1.0988,0.259563,0.936032,-3.15121
945.3,-1.11206,0.235551,0.925378,-1.16085
945.4,-1.11193,0.208829,0.914066,0.331371
945.5,-1.09872,0.180754,0.903428,-0.413271
945.6,-1.07338,0.15285,0.894728,-0.252948
945.7,-1.03754,0.126724,0.889103,0.444726
945.8,-0.993431,0.103959,0.887496,-0.170425
945.9,-0.943804,0.0860313,0.890601,-0.238322
946,-0.891802,0.0742182,0.898815,-0.993808
946.1,-0.840817,0.0695297,0.912207,-2.13644
946.2,-0.794321,0.0726452,0.930502,-0.67199
946.3,-0.755688,0.0838643,0.95308,0.416641
946.4,-0.728015,0.103066,0.978998,0.351537
946.5,-0.713936,0.129682,1.00702,0.0572743
946.6,-0.715454,0.162675,1.03569,0.522642
946.7,-0.733775,0.200546,1.06337,0.202993
946.8,-0.769167,0.241358,1.08836,-0.219345
946.9,-0.82086,0.282794,1.10899,-4.77483
947,-0.886979,0.32226,1.12371,0.277025
947.1,-0.964558,0.357028,1.13121,-1.73889
947.2,-1.04961,0.384412,1.13055,-0.0259008
947.3,-1.13732,0.401991,1.1212,-5.65001
947.4,-1.22227,0.407822,1.10318,-0.0713999
947.5,-1.2988,0.400652,1.07703,-0.281774
947.6,-1.36139,0.380081,1.04388,-0.00956549
947.7,-1.40508,0.346656,1.00538,-2.05308
947.8,-1.42589,0.301877,0.963629,-0.00376957
947.9,-1.42114,0.248114,0.921058,-0.022025
948,-1.38969,0.188439,0.880294,-1.26088
948.1,-1.33211,0.126395,0.843993,0.365656
948.2,-1.25069,0.0657436,0.814668,-0.228269
948.3,-1.14924,0.010205,0.794525,-0.543178
948.4,-1.03297,-0.0367597,0.785315,0.274881
948.5,-0.908113,-0.0721207,0.788217,-0.396067
948.6,-0.781632,-0.0933983,0.803747,-1.36568
948.7,-0.660858,-0.0987353,0.831701,0.0957969
948.8,-0.553148,-0.086945,0.871139,0.38493
948.9,-0.46555,-0.0575546,0.9204,-0.282836
949,-0.404486,-0.0108638,0.977144,-0.662426
949.1,-0.375418,0.0519737,1.03843,0.501735
949.2,-0.382514,0.128851,1.10085,0.153966
949.3,-0.428294,0.216613,1.16064,-4.96632
949.4,-0.513271,0.311009,1.21389,-0.104089
949.5,-0.635626,0.406728,1.25674,0.451965
949.6,-0.790963,0.497579,1.28566,-0.394808
949.7,-0.972213,0.576832,1.29768,-0.242848
949.8,-1.16975,0.63774,1.29067,-0.650169
949.9,-1.37177,0.674189,1.26358,-0.175163
950,-1.56499,0.681422,1.21661,-0.0232289
950.1,-1.73561,0.656698,1.15133,-0.737408
950.2,-1.87039,0.599787,1.07068,-0.0450473
950.3,-1.95793,0.51317,0.978834,0.494338
950.4,-1.98971,0.401898,0.880961,0.440403
950.5,-1.96098,0.273102,0.782913,0.0497709
950.6,-1.87115,0.135253,0.690807,-1.96449
950.7,-1.7239,-0.00271665,0.610602,-1.1993
950.8,-1.52673,-0.13224,0.547694,0.108149
950.9,-1.2903,-0.245775,0.506566,-0.59048
951,-1.02748,-0.337187,0.490516,0.018122
951.1,-0.752487,-0.40185,0.501477,-2.35626
951.2,-0.480052,-0.436505,0.539933,-0.07866
951.3,-0.224767,-0.438985,0.604894,-0.423826
951.4,-0.000663567,-0.407942,0.693939,-0.401202
951.5,0.179082,-0.342682,0.803282,-1.32948
951.6,0.302379,-0.243218,0.927872,-0.0705299
951.7,0.358526,-0.110575,1.06152,-0.28364
951.8,0.338674,0.0526664,1.19704,-0.532881
951.9,0.236557,0.241693,1.32651,-0.301292
952,0.0494755,0.448793,1.44152,0.213202
952.1,-0.220552,0.662936,1.53363,-0.275097
952.2,-0.565646,0.869826,1.5949,-0.880911
952.3,-0.971219,1.05264,1.61848,-0.316062
952.4,-1.41575,1.19357,1.59935,-0.151089
952.5,-1.87149,1.276,1.53495,-0.0931652
952.6,-2.30623,1.28711,1.42575,-1.40853
952.7,-2.68616,1.22037,1.27553,0.330784
952.8,-2.97947,1.07716,1.09141,-1.83671
952.9,-3.16005,0.867319,0.883405,-1.63533
953,-3.21083,0.60796,0.663736,-2.93984
953.1,-3.12579,0.321096,0.445779,-1.70161
953.2,-2.91048,0.030327,0.242932,-0.594771
953.3,-2.58086,-0.242521,0.0675016,-2.36749
953.4,-2.16073,-0.48008,-0.0702177,-3.5135
953.5,-1.67852,-0.670914,-0.162573,-0.940621
953.6,-1.1639,-0.809634,-0.204844,0.130267
953.7,-0.645018,-0.895829,-0.195216,-3.071
953.8,-0.146681,-0.932262,-0.134537,-0.456354
953.9,0.310326,-0.922854,-0.0259339,-0.436537
954,0.70898,-0.870932,0.12558,0.0943595
954.1,1.03507,-0.778076,0.313442,0.257037
954.2,1.27598,-0.643767,0.529755,-2.34141
954.3,1.41962,-0.465882,0.765396,-0.34954
954.4,1.45391,-0.241991,1.01003,-0.265108
954.5,1.36705,0.0287009,1.25214,-3.01516
954.6,1.14887,0.343039,1.47906,-0.898621
954.7,0.793079,0.691627,1.67732,-2.50675
954.8,0.300336,1.05713,1.8331,-4.49617
954.9,-0.31848,1.41385,1.93317,-0.405362
955,-1.03951,1.72911,1.96598,-1.62074
955.1,-1.82462,1.96693,1.92311,-0.147764
955.2,-2.62252,2.09371,1.80062,-0.136271
955.3,-3.37272,2.08489,1.6002,0.666378
955.4,-4.01232,1.93126,1.32977,0.595771
955.5,-4.48452,1.64272,1.00333,0.504356
955.6,-4.74739,1.24822,0.63987,-0.0836737
955.7,-4.78053,0.791424,0.261539,0.298214
955.8,-4.5883,0.322892,-0.108697,0.550495
955.9,-4.19853,-0.108984,-0.449516,0.642364
956,-3.65724,-0.465975,-0.743342,0.00876281
956.1,-3.02071,-0.724988,-0.977788,0.90807
956.2,-2.34689,-0.879225,-1.14625,-1.69224
956.3,-1.6879,-0.935973,-1.24767,0.588108
956.4,-1.08489,-0.91227,-1.28571,0.515647
956.5,-0.56562,-0.829941,-1.26746,-1.64371
956.6,-0.144585,-0.711231,-1.20212,0.811923
956.7,0.175136,-0.575703,-1.09976,0.933982
956.8,0.399052,-0.438581,-0.970292,0.152882
956.9,0.538232,-0.310299,-0.822778,0.568536
957,0.606567,-0.1969,-0.665008,-0.106626
957.1,0.618604,-0.100876,-0.50334,0.261816
957.2,0.588033,-0.0221534,-0.342706,-1.34482
957.3,0.526774,0.0409825,-0.186754,0.422541
957.4,0.444559,0.0911217,-0.0380468,-0.447289
957.5,0.348872,0.131149,0.101712,-3.71983
957.6,0.245123,0.163843,0.231461,-0.184483
957.7,0.136967,0.191613,0.350591,0.224106
957.8,0.0266869,0.216356,0.458785,-0.212049
957.9,-0.0844172,0.239385,0.555901,-2.08288
958,-0.195649,0.261422,0.641897,-0.0791479
958.1,-0.306584,0.282629,0.716781,0.050877
958.2,-0.416794,0.302677,0.780604,0.376649
958.3,-0.525635,0.320842,0.833468,-1.77263
958.4,-0.632106,0.336115,0.875556,0.333173
958.5,-0.734781,0.347346,0.907173,-3.10285
958.6,-0.831817,0.353382,0.928787,0.46747
958.7,-0.921025,0.353214,0.94107,-1.23753
958.8,-1.00001,0.346116,0.944923,-1.69462
958.9,-1.06635,0.331751,0.94149,0.400742
959,-1.1178,0.310256,0.93215,-0.0235069
959.1,-1.15252,0.282271,0.918489,0.227069
959.2,-1.16927,0.248933,0.902247,0.451764
959.3,-1.16758,0.211816,0.885251,0.339334
959.4,-1.14786,0.172835,0.869333,-2.142
959.5,-1.11145,0.134128,0.856236,-0.627072
959.6,-1.0606,0.0979156,0.847526,0.038951
959.7,-0.998401,0.0663718,0.844496,0.245938
959.8,-0.928653,0.0414971,0.848098,-0.200937
959.9,-0.855676,0.0250136,0.858874,-2.37527
960,-0.784112,0.018279,0.876916,0.0421337
960.1,-0.718708,0.0222169,0.901846,0.393481
960.2,-0.664081,0.0372596,0.932814,-1.88388
960.3,-0.624486,0.0632982,0.968528,-1.58863
960.4,-0.603579,0.0996387,1.00729,-0.15195
960.5,-0.604191,0.144966,1.04709,0.314045
960.6,-0.628103,0.197322,1.08568,-0.242859
960.7,-0.67584,0.25412,1.12068,-0.519261
960.8,-0.746505,0.312197,1.14974,-0.898387
960.9,-0.837663,0.367936,1.17069,-1.16767
961,-0.945319,0.417454,1.18166,0.350593
961.1,-1.064,0.456872,1.18126,-0.00965714
961.2,-1.18697,0.482631,1.16871,0.464533
961.3,-1.30658,0.491841,1.14398,-0.197365
961.4,-1.41479,0.482618,1.10778,-0.0128859
961.5,-1.5037,0.454342,1.06166,-1.60708
961.6,-1.56622,0.40781,1.00792,-1.50868
961.7,-1.59666,0.345244,0.949488,0.195396
961.8,-1.59124,0.270135,0.889784,-0.0130002
961.9,-1.54845,0.186961,0.832489,0.389527
962,-1.46923,0.100808,0.781312,0.0541495
962.1,-1.3569,0.0169578,0.739749,-0.124957
962.2,-1.21696,-0.0594937,0.710854,-0.371294
962.3,-1.0567,-0.123945,0.697035,-0.315363
962.4,-0.884727,-0.172489,0.699905,-0.839548
962.5,-0.710514,-0.202017,0.720165,-0.324214
962.6,-0.543909,-0.210236,0.757549,-0.35241
962.7,-0.394719,-0.19566,0.810802,-0.488811
962.8,-0.272328,-0.15761,0.877711,-0.198317
962.9,-0.18535,-0.0962636,0.955155,-1.72631
963,-0.141259,-0.0127864,1.03921,0.177563
963.1,-0.145987,0.0904728,1.12527,0.550906
963.2,-0.203453,0.209753,1.20825,-0.0510105
963.3,-0.315028,0.339686,1.28278,-0.588084
963.4,-0.478993,0.473228,1.3435,-0.335162
963.5,-0.690061,0.601804,1.3854,0.600368
963.6,-0.939079,0.715746,1.40421,0.203527
963.7,-1.21305,0.805061,1.39675,-0.474555
963.8,-1.49558,0.86046,1.36132,-2.86195
963.9,-1.76783,0.874555,1.29798,-1.49923
964,-2.00994,0.842999,1.20876,-0.249038
964.1,-2.20278,0.765339,1.09763,0.532764
964.2,-2.32985,0.645374,0.970396,-0.145361
964.3,-2.37902,0.490894,0.834268,0.0403963
964.4,-2.34381,0.312802,0.697413,-8.3469e-05
964.5,-2.22406,0.123785,0.56833,-0.689348
964.6,-2.02576,-0.0631907,0.455225,-0.86136
964.7,-1.76029,-0.236271,0.365422,-1.05649
964.8,-1.44311,-0.385712,0.304894,-0.536773
964.9,-1.09223,-0.504352,0.277925,-3.64955
965,-0.72672,-0.587535,0.286936,-0.0821919
965.1,-0.36556,-0.632614,0.332435,0.247199
965.2,-0.0268251,-0.638235,0.413075,0.0560694
965.3,0.272648,-0.603642,0.52576,0.0775029
965.4,0.51731,-0.528211,0.665776,-0.738059
965.5,0.6928,-0.411371,0.826915,-0.546617
965.6,0.785938,-0.252998,1.00159,-0.46866
965.7,0.785008,-0.0542647,1.18096,0.45139
965.8,0.680518,0.181175,1.35514,-2.83275
965.9,0.466481,0.445886,1.51341,-1.18207
966,0.142161,0.72757,1.64475,-0.792454
966.1,-0.285972,1.00862,1.73837,-0.0674141
966.2,-0.802486,1.26666,1.7846,0.614293
966.3,-1.38198,1.47646,1.77576,-1.54584
966.4,-1.98938,1.61305,1.70726,-2.80999
966.5,-2.58196,1.65582,1.57838,0.215018
966.6,-3.11314,1.59268,1.39292,-0.912909
966.7,-3.53778,1.42328,1.15931,0.516539
966.8,-3.81801,1.16025,0.890189,0.0194729
966.9,-3.92851,0.827901,0.601384,0.210902
967,-3.86,0.458432,0.310474,-0.287487
967.1,-3.62029,0.0866165,0.0351078,0.422847
967.2,-3.23245,-0.255819,-0.208634,0.571053
967.3,-2.73077,-0.544682,-0.407581,0.539128
967.4,-2.15542,-0.765759,-0.552332,-0.627064
967.5,-1.54705,-0.914932,-0.637569,0.832214
967.6,-0.942274,-0.996356,-0.66187,0.00326604
967.7,-0.370849,-1.01947,-0.627145,-3.03231
967.8,0.145402,-0.995705,-0.537887,0.729341
967.9,0.592075,-0.93569,-0.40039,0.658635
968,0.960569,-0.847237,-0.222082,0.11182
968.1,1.24593,-0.734418,-0.011049,-0.461732
968.2,1.4447,-0.597588,0.224218,-0.610153
968.3,1.55318,-0.434243,0.474883,-0.0879909
968.4,1.56642,-0.240514,0.731681,0.332733
968.5,1.47816,-0.0130944,0.984783,-0.261772
968.6,1.28174,0.248602,1.22371,-0.67282
968.7,0.971949,0.540343,1.43735,-0.832749
968.8,0.547576,0.851415,1.61427,-0.72308
968.9,0.0143949,1.16383,1.74323,0.559846
969,-0.612136,1.45288,1.81402,0.243212
969.1,-1.30508,1.68942,1.81857,-0.552966
969.2,-2.02589,1.84384,1.75207,0.0569602
969.3,-2.72652,1.89124,1.61406,-0.0749505
969.4,-3.35388,1.81682,1.40921,-0.707432
969.5,-3.85627,1.62014,1.14746,-1.17696
969.6,-4.19051,1.31668,0.843575,0.375566
969.7,-4.32854,0.936288,0.51592,0.152361
969.8,-4.26166,0.518239,0.184721,0.208904
969.9,-4.00164,0.104455,-0.129953,-0.730468
970,-3.57826,-0.267598,-0.410147,-1.38596
970.1,-3.03403,-0.570442,-0.64157,0.624829
970.2,-2.41747,-0.789406,-0.814543,-1.21383
970.3,-1.77631,-0.922496,-0.924251,-1.39588
970.4,-1.15212,-0.977878,-0.970382,0.903246
970.5,-0.576909,-0.970083,-0.95632,-0.22806
970.6,-0.0720076,-0.916016,-0.888119,-1.7111
970.7,0.351206,-0.831633,-0.773454,0.85455
970.8,0.689328,-0.729717,-0.62072,-1.00555
970.9,0.944357,-0.618814,-0.438361,0.428947
971,1.12111,-0.503148,-0.234458,-3.35318
971.1,1.22502,-0.383263,-0.0165659,0.481532
971.2,1.2606,-0.257092,0.20827,-1.0241
971.3,1.23057,-0.121261,0.433369,-2.29263
971.4,1.13574,0.0275433,0.652226,-2.65294
971.5,0.975556,0.191258,0.858339,-1.6805
971.6,0.749173,0.369278,1.04513,-0.164529
971.7,0.456907,0.557575,1.20597,0.477195
971.8,0.101896,0.748245,1.33441,-0.0462509
971.9,-0.30834,0.929641,1.42451,0.297314
972,-0.760706,1.08723,1.47133,-0.0863919
972.1,-1.23604,1.20518,1.47159,-1.83211
972.2,-1.70962,1.26857,1.42418,0.545808
972.3,-2.15266,1.2659,1.33069,0.284032
972.4,-2.53499,1.19141,1.19567,-0.0768594
972.5,-2.82829,1.04665,1.02666,-0.404455
972.6,-3.00952,0.840867,0.833761,-0.889425
972.7,-3.06395,0.59001,0.628995,-0.419853
972.8,-2.987,0.314447,0.425362,-0.53725
972.9,-2.78471,0.035985,0.235783,-0.41448
973,-2.47262,-0.225197,0.072088,0.313232
973.1,-2.07349,-0.45298,-0.0558345,0.555358
973.2,-1.61433,-0.636652,-0.140608,0.614847
973.3,-1.12328,-0.771007,-0.177639,0.614019
973.4,-0.627174,-0.855385,-0.165099,0.449746
973.5,-0.149794,-0.892041,-0.103702,-2.16832
973.6,0.288731,-0.884312,0.0036427,0.0510374
973.7,0.671708,-0.835022,0.152189,-2.95106
973.8,0.985031,-0.745447,0.335661,-1.19173
973.9,1.21609,-0.615,0.546453,0.191234
974,1.35282,-0.441726,0.775734,-0.319117
974.1,1.3833,-0.223528,1.01347,-0.523237
974.2,1.29604,0.0399992,1.24847,-0.834089
974.3,1.08133,0.345391,1.46843,-1.62751
974.4,0.733389,0.683182,1.66028,0.66985
974.5,0.253277,1.03636,1.81069,0.41472
974.6,-0.348023,1.38001,1.90689,-0.796436
974.7,-1.04705,1.68273,1.93781,-0.20993
974.8,-1.80675,1.91015,1.89544,0.774833
974.9,-2.57755,2.03029,1.77608,-0.0986525
975,-3.30125,2.01988,1.5815,0.726109
975.1,-3.91746,1.87026,1.31942,-2.74965
975.2,-4.3717,1.59086,1.00342,0.136845
975.3,-4.62362,1.20917,0.65185,-0.221654
975.4,-4.65339,0.766583,0.286127,-0.102432
975.5,-4.4647,0.311121,-0.0715211,-0.236399
975.6,-4.0836,-0.111116,-0.40038,0.414715
975.7,-3.55356,-0.463495,-0.683265,0.209313
975.8,-2.92805,-0.723587,-0.907908,-0.0364559
975.9,-2.26233,-0.884346,-1.06754,0.196599
976,-1.60645,-0.952096,-1.16071,0.641106
976.1,-1.0002,-0.942477,-1.1905,-5.90337
976.2,-0.470871,-0.87575,-1.16333,-1.77449
976.3,-0.0332595,-0.772607,-1.08774,0.898329
976.4,0.308564,-0.651167,-0.973186,0.78845
976.5,0.558554,-0.525323,-0.829097,-4.92179
976.6,0.725762,-0.404277,-0.664237,-1.09747
976.7,0.821687,-0.29291,-0.486321,-0.214296
976.8,0.858176,-0.19263,-0.301879,0.705282
976.9,0.845986,-0.102401,-0.116306,-0.0564761
977,0.793973,-0.0197646,0.0659928,-0.888231
977.1,0.708824,0.0582696,0.241387,-0.780255
977.2,0.595186,0.134486,0.40681,-2.62999
977.3,0.456106,0.210908,0.559577,-1.13749
977.4,0.293649,0.288402,0.697252,0.290017
977.5,0.109593,0.366458,0.817586,-3.27795
977.6,-0.0938563,0.443126,0.918523,-0.217071
977.7,-0.313451,0.515136,0.998275,0.368114
977.8,-0.544429,0.57818,1.05545,0.160057
977.9,-0.780273,0.627376,1.08923,-2.44501
978,-1.01274,0.657848,1.09951,-1.73765
978.1,-1.23218,0.665386,1.08711,-0.217281
978.2,-1.42815,0.647082,1.05385,-0.224062
978.3,-1.59026,0.601864,1.00261,-3.50537
978.4,-1.70909,0.530806,0.937247,-3.22487
978.5,-1.77717,0.43717,0.862487,-1.22109
978.6,-1.78978,0.326164,0.783666,-2.10131
978.7,-1.74549,0.204435,0.706432,-1.20097
978.8,-1.6464,0.0794118,0.636399,-0.0147525
978.9,-1.49797,-0.0413915,0.578801,0.105618
979,-1.30865,-0.150993,0.53817,-0.268035
979.1,-1.08913,-0.243383,0.518079,-1.6261
979.2,-0.851715,-0.313737,0.520941,0.0371148
979.3,-0.609498,-0.358431,0.547896,0.0966629
979.4,-0.375808,-0.374901,0.598757,-1.83211
979.5,-0.163705,-0.361452,0.672014,-1.78322
979.6,0.0143674,-0.31711,0.764881,-0.601792
979.7,0.146855,-0.24161,0.873367,-0.0432406
979.8,0.223377,-0.135568,0.992384,-0.318279
979.9,0.235119,-0.00084576,1.11588,-0.383487
980,0.175394,0.15894,1.23702,-1.28786
980.1,0.0404067,0.337874,1.34845,0.602416
980.2,-0.169818,0.52733,1.44259,-1.0291
980.3,-0.450465,0.71586,1.51213,-0.71872
980.4,-0.79112,0.889596,1.55049,-0.233675
980.5,-1.17536,1.03325,1.55245,0.519064
980.6,-1.58104,1.13174,1.5147,0.565208
980.7,-1.98138,1.17222,1.43641,-1.00446
980.8,-2.34703,1.14623,1.31958,-1.14803
980.9,-2.64883,1.05145,1.16914,-0.804739
981,-2.86099,0.892611,0.992809,0.0757489
981.1,-2.9641,0.681258,0.800586,0.319957
981.2,-2.94748,0.434287,0.603991,-0.438146
981.3,-2.8103,0.171563,0.41512,0.102189
981.4,-2.56144,-0.0868758,0.245663,-0.412474
981.5,-2.21797,-0.323392,0.105992,0.42703
981.6,-1.80277,-0.524567,0.0044629,-1.24163
981.7,-1.34171,-0.681955,-0.0530322,-0.552439
981.8,-0.861071,-0.791763,-0.0632277,0.138987
981.9,-0.385543,-0.85371,-0.0254198,0.20933
982,0.0629496,-0.869455,0.0587591,0.418219
982.1,0.4655,-0.841031,0.185636,0.327542
982.2,0.805805,-0.769644,0.349782,0.22365
982.3,1.06935,-0.655087,0.544237,-1.53132
982.4,1.2426,-0.495912,0.760643,-0.785543
982.5,1.31246,-0.290352,0.98931,-0.103701
982.6,1.26649,-0.0379189,1.21927,-3.52119
982.7,1.09393,0.258556,1.43838,-0.0564262
982.8,0.787614,0.590792,1.63359,-3.34922
982.9,0.346682,0.943345,1.79141,0.669751
983,-0.220392,1.29291,1.89871,0.775904
983.1,-0.893108,1.6093,1.94379,0.347933
983.2,-1.63744,1.85837,1.91769,-1.9895
983.3,-2.40639,2.00706,1.81547,-3.0485
983.4,-3.14318,2.02952,1.63748,0.734751
983.5,-3.78715,1.91326,1.38994,-0.034939
983.6,-4.28162,1.6633,1.08504,-0.366176
983.7,-4.58216,1.30309,0.7401,-0.77465
983.8,-4.66362,0.871252,0.375941,0.114384
983.9,-4.524,0.414944,0.014772,-0.242351
984,-4.18429,-0.0185983,-0.322168,0.498331
984.1,-3.68433,-0.390005,-0.616731,-0.960891
984.2,-3.07582,-0.67328,-0.855412,-2.48574
984.3,-2.41419,-0.857816,-1.03013,-1.62024
984.4,-1.75114,-0.947057,-1.13821,0.459598
984.5,-1.12914,-0.954806,-1.18174,0.00795182
984.6,-0.578455,-0.900569,-1.16643,0.816227
984.7,-0.116746,-0.80517,-1.10041,-2.94885
984.8,0.249555,-0.68744,-0.992972,-2.42295
984.9,0.522679,-0.562249,-0.85361,0.443198
985,0.710593,-0.43979,-0.69128,0.239752
985.1,0.824255,-0.325786,-0.513967,-1.51998
985.2,0.875373,-0.222264,-0.328512,-3.30658
985.3,0.874812,-0.128569,-0.140613,-1.01922
985.4,0.831656,-0.04241,0.0450328,0.382593
985.5,0.752836,0.0391917,0.224531,0.29342
985.6,0.643199,0.119115,0.394575,0.188192
985.7,0.505915,0.199519,0.552251,-1.08875
985.8,0.343093,0.281399,0.694907,-0.0407497
985.9,0.156508,0.364315,0.820077,0.0763827
986,-0.0516553,0.446297,0.925488,-0.95725
986.1,-0.278128,0.523936,1.00913,-0.421582
986.2,-0.518035,0.59267,1.06941,-1.89012
986.3,-0.764608,0.647253,1.1053,0.424265
986.4,-1.00918,0.682377,1.11656,-0.0168097
986.5,-1.24153,0.693383,1.10387,-0.52795
986.6,-1.45046,0.676968,1.06903,-0.087813
986.7,-1.62475,0.631774,1.01494,0.509555
986.8,-1.75413,0.55876,0.945579,0.469018
986.9,-1.83037,0.461268,0.865884,-0.0566075
987,-1.84811,0.344771,0.78146,0.16443
987.1,-1.80554,0.216335,0.698277,-2.17286
987.2,-1.70461,0.0838943,0.622302,0.209138
987.3,-1.55094,-0.0445152,0.559116,-0.260119
987.4,-1.3533,-0.161442,0.513581,-1.2908
987.5,-1.12292,-0.260505,0.489549,-0.385701
987.6,-0.872703,-0.336627,0.48966,-0.0892732
987.7,-0.616413,-0.38604,0.515211,-0.477998
987.8,-0.368013,-0.406108,0.566114,-0.00766718
987.9,-0.141167,-0.395092,0.64089,0.0784796
988,0.0511089,-0.351953,0.736727,-2.89233
988.1,0.196699,-0.276305,0.849554,0.0206052
988.2,0.284644,-0.168573,0.974144,-1.99013
988.3,0.305495,-0.0303753,1.10424,-0.121339
988.4,0.251876,0.134919,1.23276,-0.341685
988.5,0.119262,0.32157,1.35198,-0.192349
988.6,-0.0930249,0.520952,1.45395,-0.527288
988.7,-0.380749,0.721352,1.53086,-0.297521
988.8,-0.73381,0.908296,1.57561,-0.0705865
988.9,-1.1357,1.06554,1.58246,0.431889
989,-1.56365,1.17674,1.5476,0.386929
989.1,-1.9897,1.22767,1.46979,0.629706
989.2,-2.38277,1.20857,1.35076,0.645838
989.3,-2.7116,1.11616,1.19538,-0.461083
989.4,-2.94816,0.954785,1.01152,-0.116784
989.5,-3.07099,0.736248,0.80955,-0.374565
989.6,-3.06784,0.47837,0.601535,0.242627
989.7,-2.93704,0.202401,0.400249,-0.336979
989.8,-2.68741,-0.0700417,0.218098,0.261596
989.9,-2.33669,-0.319866,0.0661437,0.439152
990,-1.90899,-0.53257,-0.0466705,0.309383
990.1,-1.43169,-0.699151,-0.114001,-0.507579
990.2,-0.93257,-0.81581,-0.132284,-2.0338
990.3,-0.437534,-0.882718,-0.100655,-1.25535
990.4,0.0306603,-0.902282,-0.0206896,-0.0474185
990.5,0.45275,-0.877381,0.103937,-0.456625
990.6,0.812496,-0.809969,0.26778,-0.13806
990.7,1.09574,-0.700332,0.463885,-2.18488
990.8,1.28941,-0.547118,0.683942,-1.99169
990.9,1.38077,-0.348184,0.918356,-1.95966
991,1.3574,-0.102155,1.15627,0.00334084
991.1,1.20801,0.189494,1.38563,0.661896
991.2,0.924243,0.520178,1.59339,-0.314537
991.3,0.503294,0.876238,1.7659,-0.210687
991.4,-0.0489083,1.23589,1.88966,-0.147067
991.5,-0.714739,1.56973,1.95231,-0.287324
991.6,-1.4629,1.84333,1.94395,0.768948
991.7,-2.24836,2.02188,1.85848,-1.75706
991.8,-3.01499,2.07646,1.6949,-0.276879
991.9,-3.701,1.99055,1.45817,0.486154
992,-4.24665,1.76501,1.15939,0.579488
992.1,-4.60297,1.41984,0.815171,-0.502693
992.2,-4.73939,0.991872,0.446153,-0.0727145
992.3,-4.64865,0.52851,0.0748922,-1.71246
992.4,-4.34758,0.0791738,-0.276543,0.0256189
992.5,-3.87365,-0.313248,-0.588846,0.804106
992.6,-3.27823,-0.618789,-0.847217,-0.699511
992.7,-2.61829,-0.823293,-1.04234,-2.79202
992.8,-1.94835,-0.9277,-1.17055,0.908516
992.9,-1.31433,-0.944613,-1.23323,-0.104319
993,-0.749875,-0.893578,-1.23575,0.955348
993.1,-0.275439,-0.796413,-1.18622,-1.77642
993.2,0.100651,-0.67354,-1.09413,0.747063
993.3,0.379741,-0.541682,-0.969326,0.575834
993.4,0.569891,-0.412893,-0.821149,0.779706
993.5,0.682998,-0.294608,-0.657917,0.586018
993.6,0.732373,-0.190321,-0.486673,0.763087
993.7,0.730963,-0.100539,-0.313133,-0.747898
993.8,0.690207,-0.0237916,-0.141789,0.397669
993.9,0.619459,0.0424779,0.0239108,0.491976
994,0.525856,0.101186,0.181343,0.206124
994.1,0.414494,0.155061,0.328492,-0.296602
994.2,0.288813,0.206262,0.463766,-0.325218
994.3,0.151086,0.256138,0.585854,-0.773818
994.4,0.00295119,0.305103,0.693636,0.274081
994.5,-0.154075,0.352623,0.786147,0.367223
994.6,-0.31815,0.397294,0.862585,0.364466
994.7,-0.486762,0.437005,0.922365,-0.107377
994.8,-0.65651,0.469189,0.965194,0.475648
994.9,-0.823046,0.491125,0.991169,-2.57073
995,-0.981174,0.500289,1.00086,0.504921
995.1,-1.12511,0.494699,0.995407,-0.0316668
995.2,-1.24887,0.473226,0.976515,0.256833
995.3,-1.34676,0.435821,0.946496,-0.39423
995.4,-1.41389,0.383627,0.90819,-0.146759
995.5,-1.44667,0.318959,0.864864,-2.97999
995.6,-1.4432,0.245147,0.820065,-0.226563
995.7,-1.40354,0.166276,0.777432,-0.293602
995.8,-1.32982,0.0868591,0.740495,0.330053
995.9,-1.22612,0.0114934,0.71247,-0.0784866
996,-1.0983,-0.0554475,0.696077,-3.1285
996.1,-0.953631,-0.110054,0.693374,-0.489139
996.2,-0.800411,-0.149038,0.705637,0.0557218
996.3,-0.647539,-0.169809,0.73328,-0.205955
996.4,-0.504128,-0.170507,0.775813,0.374371
996.5,-0.379129,-0.150008,0.83184,-0.257347
996.6,-0.280994,-0.107958,0.899091,0.311243
996.7,-0.217337,-0.0448526,0.974491,0.000316527
996.8,-0.194578,0.0378255,1.05426,-0.00965127
996.9,-0.217548,0.137428,1.13405,-1.1211
997,-0.289038,0.249957,1.20913,0.11566
997.1,-0.409319,0.369948,1.27461,-1.07063
997.2,-0.575681,0.490489,1.32573,-0.28483
997.3,-0.782074,0.603449,1.35814,0.44361
997.4,-1.01896,0.699978,1.36829,-1.6936
997.5,-1.27346,0.771261,1.35375,-0.353207
997.6,-1.52994,0.809482,1.31353,-0.0593912
997.7,-1.77097,0.808856,1.24828,-1.0394
997.8,-1.97874,0.766552,1.16045,-3.57742
997.9,-2.1366,0.683309,1.0542,-1.18153
998,-2.23076,0.563586,0.935254,-0.12895
998.1,-2.25169,0.415178,0.810495,-1.23826
998.2,-2.19511,0.248345,0.687507,0.0592951
998.3,-2.0624,0.0746098,0.574017,-0.529942
998.4,-1.86033,-0.0945288,0.477343,-0.119783
998.5,-1.60025,-0.248715,0.403888,-0.0494741
998.6,-1.29692,-0.379501,0.358737,-1.85916
998.7,-0.967196,-0.480651,0.345384,0.0217672
998.8,-0.628764,-0.548007,0.365588,0.201643
998.9,-0.299198,-0.579047,0.419335,-0.0681569
999,0.00468108,-0.572309,0.504891,-0.25121
999.1,0.267107,-0.526877,0.618888,-0.0255007
999.2,0.47345,-0.442114,0.756441,-1.87198
999.3,0.610247,-0.317756,0.911259,-1.11347
999.4,0.665373,-0.154407,1.07577,-0.0260234
999.5,0.628522,0.0456062,1.24126,-4.58566
999.6,0.492108,0.277158,1.39815,-0.0909021
999.7,0.252601,0.531265,1.53624,-0.999716
999.8,-0.0878314,0.794375,1.6453,0.741234
999.9,-0.51965,1.04835,1.71562,0.682511
1000,-1.02466,1.27145,1.73892,0.272846
