time,x,y,z,L
0,3,1,-7,0
0.1,2.98012,0.584218,-7.27811,0.0974502
0.2,2.92131,0.144112,-7.40611,-3.30619
0.3,2.82549,-0.308752,-7.37749,-0.0117022
0.4,2.69558,-0.762123,-7.18992,-1.19072
0.5,2.53537,-1.2034,-6.84542,0.376565
0.6,2.3495,-1.61997,-6.35043,-1.15643
0.7,2.14338,-1.9996,-5.71576,0.0613803
0.8,1.923,-2.33076,-4.95637,-0.0717272
0.9,1.69485,-2.603,-4.0911,-0.521206
1,1.46573,-2.80725,-3.14221,-0.356506
1.1,1.24257,-2.93614,-2.13483,0.361117
1.2,1.03226,-2.98423,-1.09635,-1.11556
1.3,0.827503,-2.94862,-0.0556562,-1.06942
1.4,0.609797,-2.83121,0.958138,-0.605604
1.5,0.385562,-2.63708,1.91723,-0.305191
1.6,0.161833,-2.37332,2.79596,-0.949815
1.7,-0.0544564,-2.04872,3.57145,-1.69842
1.8,-0.256644,-1.67354,4.22416,-1.14116
1.9,-0.438508,-1.25916,4.73835,0.192173
2,-0.594409,-0.817717,5.10241,-0.35381
2.1,-0.719419,-0.36178,5.30906,-0.376086
2.2,-0.809419,0.0960331,5.35544,-0.390223
2.3,-0.861169,0.543405,5.24306,0.252073
2.4,-0.872357,0.968659,4.97764,0.200496
2.5,-0.841606,1.36108,4.56884,-1.88402
2.6,-0.768461,1.71118,4.02983,0.352875
2.7,-0.653342,2.01095,3.37689,-0.383654
2.8,-0.49747,2.25407,2.62878,0.0199974
2.9,-0.302768,2.43602,1.80618,-1.07927
3,-0.0717351,2.55421,0.931014,0.199682
3.1,0.192692,2.60799,0.0257579,-0.969562
3.2,0.487302,2.59865,-0.887209,-1.32007
3.3,0.808778,2.52937,-1.7863,0.25402
3.4,1.14727,2.40498,-2.65134,-0.58209
3.5,1.44917,2.22893,-3.46376,0.033746
3.6,1.70315,2.00281,-4.20574,-3.1469
3.7,1.90913,1.72973,-4.86024,-1.39911
3.8,2.06745,1.41444,-5.41162,-0.587001
3.9,2.1789,1.06323,-5.84615,-2.87585
4,2.24488,0.683743,-6.15257,-0.46571
4.1,2.26747,0.284794,-6.3225,0.0441966
4.2,2.24938,-0.123895,-6.35079,-0.379992
4.3,2.19407,-0.531951,-6.23584,0.256919
4.4,2.10566,-0.928644,-5.97975,0.380668
4.5,1.9889,-1.3032,-5.58838,-0.444842
4.6,1.8491,-1.64512,-5.07132,0.00970037
4.7,1.69205,-1.94447,-4.44177,0.312286
4.8,1.52389,-2.19223,-3.71622,-0.185092
4.9,1.35097,-2.38054,-2.91415,-0.314802
5,1.17973,-2.50299,-2.05753,0.380878
5.1,1.01651,-2.55481,-1.1703,0.0180576
5.2,0.855,-2.53346,-0.277722,-0.152529
5.3,0.682673,-2.44039,0.594746,-0.164392
5.4,0.505555,-2.27963,1.42265,-0.421523
5.5,0.329976,-2.05695,2.18326,-0.190799
5.6,0.162245,-1.77965,2.85613,-0.554296
5.7,0.008497,-1.45632,3.42364,-1.94734
5.8,-0.125444,-1.09656,3.8713,-0.0699853
5.9,-0.234192,-0.710671,4.18818,-1.13813
6,-0.312901,-0.309366,4.36698,-0.67777
6.1,-0.357349,0.0965628,4.40419,0.358897
6.2,-0.363996,0.496548,4.30008,-0.672917
6.3,-0.330017,0.880548,4.05848,0.16493
6.4,-0.253306,1.23932,3.68664,-1.85528
6.5,-0.132457,1.56469,3.19486,-0.41117
6.6,0.0332909,1.84973,2.59607,-3.06596
6.7,0.244123,2.089,1.90539,-1.28876
6.8,0.499752,2.27862,1.13957,-0.671473
6.9,0.79954,2.41642,0.316412,-2.37678
7,1.13705,2.50188,-0.545816,-1.63384
7.1,1.45922,2.5333,-1.42861,0.352588
7.2,1.75095,2.50695,-2.31238,-0.636268
7.3,2.00952,2.42057,-3.17646,-0.71298
7.4,2.23233,2.27373,-3.99972,-3.26009
7.5,2.4171,2.06788,-4.76118,0.351139
7.6,2.56196,1.80632,-5.44073,-1.78327
7.7,2.66565,1.49411,-6.01969,-0.0253364
7.8,2.72758,1.13802,-6.48148,-0.285637
7.9,2.74794,0.74632,-6.81215,-0.713137
8,2.72774,0.328566,-7.00086,-0.79297
8.1,2.66888,-0.104615,-7.04034,-0.406132
8.2,2.57411,-0.541831,-6.92716,-0.203946
8.3,2.44703,-0.971232,-6.66197,0.0480365
8.4,2.29205,-1.38084,-6.24961,0.142536
8.5,2.11427,-1.75889,-5.69907,0.0735974
8.6,1.91941,-2.09419,-5.02337,-0.298704
8.7,1.71368,-2.37643,-4.23932,-2.79706
8.8,1.50361,-2.59653,-3.36712,0.179692
8.9,1.2959,-2.74689,-2.4299,-1.3269
9,1.09727,-2.8217,-1.45312,-0.0577944
9.1,0.909998,-2.81719,-0.463974,0.382488
9.2,0.713067,-2.73342,0.50965,-0.594673
9.3,0.508174,-2.57434,1.44063,-0.412996
9.4,0.302107,-2.34597,2.3036,-0.367103
9.5,0.101642,-2.05605,3.07562,0.114449
9.6,-0.0866222,-1.71381,3.73672,0.194558
9.7,-0.256431,-1.32966,4.27039,-0.472284
9.8,-0.402011,-0.914885,4.66391,-0.236179
9.9,-0.518201,-0.481269,4.90861,-1.78634
10,-0.600548,-0.0407892,5,-0.154071
10.1,-0.645383,0.394747,4.93774,-2.69325
10.2,-0.649872,0.814027,4.72558,0.200503
10.3,-0.612033,1.20655,4.37105,-0.0973853
10.4,-0.530726,1.5629,3.88522,-0.46198
10.5,-0.405614,1.875,3.28219,0.0332157
10.6,-0.237096,2.13631,2.57865,-0.0478676
10.7,-0.0262143,2.34199,1.79327,0.109051
10.8,0.225463,2.48902,0.946103,-1.02715
10.9,0.515982,2.57623,0.0579393,-2.25631
11,0.843156,2.60436,-0.85036,0.200133
11.1,1.19368,2.57574,-1.7585,0.353302
11.2,1.51187,2.49084,-2.64681,-0.27252
11.3,1.78894,2.34871,-3.4954,-1.07889
11.4,2.02336,2.15012,-4.28432,-0.828798
11.5,2.21395,1.89769,-4.9942,0.0256475
11.6,2.35995,1.59582,-5.60693,-0.0280821
11.7,2.46117,1.25059,-6.10621,-0.418804
11.8,2.51811,0.869586,-6.47816,-0.156329
11.9,2.53201,0.461756,-6.71178,-6.86558
12,2.50487,0.0371321,-6.79942,-0.846621
12.1,2.43954,-0.393425,-6.73708,-0.993578
12.2,2.33962,-0.818524,-6.52466,0.176291
12.3,2.20948,-1.22657,-6.16611,0.188916
12.4,2.0542,-1.60608,-5.6694,0.135525
12.5,1.8794,-1.94605,-5.04647,0.154229
12.6,1.69121,-2.23625,-4.31298,-2.27992
12.7,1.4961,-2.46758,-3.48797,-0.838832
12.8,1.30071,-2.63231,-2.59345,0.155533
12.9,1.11171,-2.7244,-1.65383,-0.579433
13,0.933148,-2.73971,-0.695334,-0.301324
13.1,0.745698,-2.6775,0.254903,0.227521
13.2,0.548954,-2.54106,1.17025,-0.590216
13.3,0.349483,-2.33575,2.0256,0.0077671
13.4,0.15389,-2.06868,2.79806,-6.79205
13.5,-0.0313567,-1.74846,3.46748,-0.0956382
13.6,-0.200076,-1.38491,4.01692,-0.52009
13.7,-0.346524,-0.988789,4.43311,-0.14363
13.8,-0.465515,-0.571437,4.7066,-2.10127
13.9,-0.552527,-0.144447,4.83199,-3.05836
14,-0.60378,0.280663,4.80793,0.198127
14.1,-0.616292,0.692778,4.63704,-0.0838864
14.2,-0.587899,1.08149,4.32572,-0.115222
14.3,-0.517259,1.4374,3.88383,-0.173266
14.4,-0.403812,1.75231,3.32433,0.30375
14.5,-0.247729,2.01952,2.66279,0.00725088
14.6,-0.0498223,2.2339,1.91684,-0.68972
14.7,0.188562,2.39209,1.10562,-0.800428
14.8,0.465673,2.49252,0.249119,-1.25754
14.9,0.779506,2.53544,-0.632431,-2.43864
15,1.12349,2.52286,-1.51921,-1.57112
15.1,1.44417,2.45581,-2.39209,0.325302
15.2,1.72527,2.33307,-3.23178,-2.92275
15.3,1.96525,2.15489,-4.01876,-0.25901
15.4,2.16283,1.92334,-4.73397,-2.70158
15.5,2.31714,1.64222,-5.35932,-2.45014
15.6,2.42783,1.317,-5.87837,-0.590144
15.7,2.49518,0.95469,-6.27688,-1.02428
15.8,2.52019,0.563655,-6.5433,0.365394
15.9,2.50459,0.153401,-6.6692,-2.27341
16,2.45092,-0.265683,-6.64965,-0.215514
16.1,2.3625,-0.682611,-6.48347,-3.59524
16.2,2.24337,-1.0861,-6.17339,-0.14758
16.3,2.09829,-1.4649,-5.72608,-0.160795
16.4,1.93261,-1.80812,-5.15211,0.270898
16.5,1.75217,-2.10554,-4.46574,0.384326
16.6,1.56319,-2.34796,-3.68465,0.0414884
16.7,1.37211,-2.52744,-2.82952,-0.4631
16.8,1.18544,-2.6376,-1.92354,-0.635173
16.9,1.00961,-2.67383,-0.991838,0.356109
17,0.835915,-2.63396,-0.0607627,-1.11687
17.1,0.652072,-2.52005,0.843291,-0.795565
17.2,0.46451,-2.33676,1.69517,0.08477
17.3,0.279818,-2.09053,2.47167,-0.582167
17.4,0.104514,-1.78935,3.15212,-0.350292
17.5,-0.0551019,-1.44247,3.71888,-0.683306
17.6,-0.193097,-1.06014,4.15772,-0.241622
17.7,-0.304028,-0.653265,4.45812,-3.51817
17.8,-0.383048,-0.233099,4.61345,-0.631162
17.9,-0.425987,0.18909,4.62105,-0.439077
18,-0.429408,0.602344,4.48213,-0.635775
18.1,-0.390636,0.99632,4.20166,-0.0254412
18.2,-0.307759,1.36158,3.78806,-0.0804985
18.3,-0.179597,1.68984,3.25288,0.199527
18.4,-0.0056498,1.97418,2.61031,-1.65147
18.5,0.213988,2.20925,1.87671,-0.194948
18.6,0.478736,2.39139,1.07001,-0.502756
18.7,0.787655,2.51867,0.209143,-0.651648
18.8,1.13437,2.59095,-0.686637,-0.123841
18.9,1.46454,2.60697,-1.59797,0.0453656
19,1.76196,2.56333,-2.50455,-0.664073
19.1,2.02394,2.45814,-3.38511,-0.202697
19.2,2.24801,2.29142,-4.21806,-1.40694
19.3,2.43197,2.06509,-4.98214,0.256775
19.4,2.57416,1.78296,-5.65711,-1.15004
19.5,2.67349,1.45066,-6.22436,-1.18922
19.6,2.72961,1.07549,-6.66757,-5.23344
19.7,2.74296,0.666234,-6.97322,-2.15828
19.8,2.71484,0.23298,-7.13113,-0.34185
19.9,2.64746,-0.213187,-7.1348,-0.894389
20,2.54388,-0.660466,-6.98176,-1.75365
20.1,2.40804,-1.09667,-6.67376,-0.303595
20.2,2.24464,-1.50956,-6.21682,-1.56215
20.3,2.05911,-1.88721,-5.62118,-0.0441623
20.4,1.85746,-2.21836,-4.9012,-1.03885
20.5,1.64616,-2.49274,-4.07496,0.198777
20.6,1.43197,-2.70139,-3.16395,-0.162901
20.7,1.22179,-2.83698,-2.19252,-0.551184
20.8,1.02247,-2.89404,-1.18723,-1.28388
20.9,0.825899,-2.86959,-0.176221,-0.18593
21,0.615671,-2.76533,0.812161,-1.57377
21.1,0.398234,-2.58593,1.75073,-1.52925
21.2,0.180404,-2.33805,2.61432,0.380505
21.3,-0.0310765,-2.03003,3.38035,-0.702589
21.4,-0.229709,-1.67167,4.02946,0.0978434
21.5,-0.409405,-1.27387,4.54591,0.382408
21.6,-0.564624,-0.848368,4.91794,0.0248719
21.7,-0.690506,-0.407306,5.13795,-0.47419
21.8,-0.782962,0.0370552,5.20267,0.360531
21.9,-0.838755,0.472709,5.11303,0.264765
22,-0.855542,0.888232,4.87412,0.36354
22.1,-0.831891,1.27309,4.49485,0.192708
22.2,-0.767271,1.61792,3.98763,-0.75859
22.3,-0.662007,1.91477,3.36791,-1.74333
22.4,-0.517214,2.15727,2.65364,-0.274987
22.5,-0.334705,2.34082,1.86471,0.088012
22.6,-0.116872,2.46266,1.02228,-0.157364
22.7,0.133448,2.52193,0.148153,-0.489712
22.8,0.413128,2.51963,-0.735884,-0.290651
22.9,0.718911,2.45862,-1.60873,-0.0293226
23,1.04692,2.34346,-2.4506,-0.373557
23.1,1.35305,2.17867,-3.24339,-0.388739
23.2,1.61202,1.96603,-3.97008,-0.728385
23.3,1.82391,1.70824,-4.61434,0.300402
23.4,1.98909,1.40964,-5.16108,-1.08086
23.5,2.10838,1.07601,-5.59699,-3.22888
23.6,2.18316,0.714495,-5.91103,-0.687339
23.7,2.21541,0.333363,-6.09484,-2.25459
23.8,2.20774,-0.0582022,-6.14316,-1.56849
23.9,2.16342,-0.450358,-6.05403,0.383627
24,2.08639,-0.832882,-5.82903,0.00783292
24.1,1.98117,-1.19547,-5.47334,-0.678965
24.2,1.85284,-1.52802,-4.99571,-2.01993
24.3,1.70691,-1.82097,-4.40835,-0.34442
24.4,1.54927,-2.06555,-3.72668,-3.76776
24.5,1.386,-2.2541,-2.96901,-0.950741
24.6,1.22331,-2.38029,-2.15609,-0.186441
24.7,1.0673,-2.43935,-1.31065,-1.07758
24.8,0.919635,-2.42833,-0.456739,0.171827
24.9,0.764539,-2.34761,0.381043,-0.180239
25,0.605083,-2.2007,1.17886,-1.13909
25.1,0.447512,-1.99284,1.91441,0.105062
25.2,0.298098,-1.73079,2.56752,-1.00484
25.3,0.162991,-1.42257,3.12058,-2.5257
25.4,0.0480939,-1.07723,3.55899,0.151841
25.5,-0.0410636,-0.704503,3.87144,0.0987353
25.6,-0.0994188,-0.314587,4.05013,-1.65907
25.7,-0.122458,0.0822144,4.09085,-0.477113
25.8,-0.106268,0.475775,3.99296,-1.08986
25.9,-0.047569,0.856442,3.75931,-1.44102
26,0.0562848,1.2153,3.396,-5.57121
26.1,0.207331,1.54445,2.91207,-0.616344
26.2,0.407048,1.83717,2.31914,0.0602451
26.3,0.656438,2.08816,1.63093,0.122532
26.4,0.956127,2.29365,0.86274,-0.541327
26.5,1.2812,2.45078,0.0309865,0.316443
26.6,1.58827,2.55395,-0.846505,-0.0827278
26.7,1.87309,2.59753,-1.74982,-0.159149
26.8,2.13191,2.57759,-2.65736,-0.856362
26.9,2.36103,2.49206,-3.54647,0.0647505
27,2.55702,2.34078,-4.39412,0.105768
27.1,2.71685,2.12558,-5.17756,0.0604282
27.2,2.83805,1.85022,-5.875,0.294975
27.3,2.91882,1.52038,-6.46635,-0.0857708
27.4,2.95817,1.14347,-6.93377,-2.43397
27.5,2.95599,0.728505,-7.26233,-0.652882
27.6,2.91311,0.285861,-7.44049,-2.55129
27.7,2.8313,-0.172994,-7.46054,-0.787376
27.8,2.71332,-0.6358,-7.31893,-3.47228
27.9,2.56285,-1.08983,-7.0165,-2.77585
28,2.38444,-1.52227,-6.55857,-0.0179289
28.1,2.18341,-1.92055,-5.9549,-0.65218
28.2,1.96574,-2.27273,-5.21956,0.327502
28.3,1.73795,-2.56786,-4.37065,0.384002
28.4,1.50691,-2.79631,-3.42984,-1.10905
28.5,1.27967,-2.95009,-2.42195,0.254863
28.6,1.06329,-3.02308,-1.37422,-0.536306
28.7,0.85491,-3.01154,-0.315674,-0.266929
28.8,0.632299,-2.91638,0.724096,0.126069
28.9,0.400423,-2.74215,1.71656,-0.883069
29,0.166294,-2.49552,2.63515,-1.87988
29.1,-0.0631332,-2.18497,3.45596,-0.280756
29.2,-0.281148,-1.82053,4.15833,-0.449715
29.3,-0.481455,-1.41346,4.72535,0.121934
29.4,-0.658332,-0.97591,5.1442,-0.0665604
29.5,-0.806761,-0.520562,5.40641,0.359613
29.6,-0.922542,-0.0602497,5.50801,0.276942
29.7,-1.00237,0.392389,5.44948,-0.911438
29.8,-1.03882,0.825458,5.23563,0.375963
29.9,-1.03196,1.22831,4.87519,-0.643851
30,-0.989096,1.59082,4.38052,0.195487
30.1,-0.909156,1.90389,3.76739,-0.111577
30.2,-0.790753,2.16042,3.0544,-0.136655
30.3,-0.636074,2.35519,2.26231,-0.832643
30.4,-0.447987,2.48489,1.41337,-1.7264
30.5,-0.229911,2.54814,0.530652,-0.680465
30.6,0.0143348,2.54555,-0.362639,-2.90273
30.7,0.28069,2.47962,-1.24384,0.349733
30.8,0.565027,2.35464,-2.09148,-0.375223
30.9,0.863318,2.17657,-2.88589,-0.427113
31,1.1625,1.95265,-3.60974,-0.139755
31.1,1.41554,1.68833,-4.24803,-0.55836
31.2,1.61755,1.38775,-4.78733,0.0441536
31.3,1.7702,1.05642,-5.21587,-0.25504
31.4,1.87557,0.701059,-5.52402,-1.98694
31.5,1.93625,0.329489,-5.70472,-1.06173
31.6,1.95535,-0.0496298,-5.75378,0.369735
31.7,1.93657,-0.427034,-5.67017,-1.29821
31.8,1.88413,-0.793123,-5.45617,-0.00732242
31.9,1.80278,-1.13824,-5.11743,-1.50644
32,1.69773,-1.45298,-4.66295,-1.39901
32.1,1.57455,-1.72844,-4.10493,0.144107
32.2,1.43912,-1.95652,-3.45857,-0.702877
32.3,1.29745,-2.13019,-2.74172,-0.719268
32.4,1.15561,-2.2437,-1.97447,-1.85354
32.5,1.01954,-2.29281,-1.17865,-0.665312
32.6,0.885637,-2.27522,-0.377302,-3.02125
32.7,0.743233,-2.19203,0.406337,-0.230959
32.8,0.597851,-2.04674,1.14987,-2.61586
32.9,0.455458,-1.84442,1.8324,-1.04639
33,0.322044,-1.59153,2.43506,-1.9096
33.1,0.203487,-1.29572,2.94146,-1.64669
33.2,0.105429,-0.965526,3.33805,-1.29351
33.3,0.0331675,-0.610173,3.61439,0.0203433
33.4,-0.0084303,-0.239242,3.76335,-0.193107
33.5,-0.0150018,0.137604,3.78117,-0.239878
33.6,0.0172665,0.510899,3.66744,0.111327
33.7,0.0916158,0.871655,3.425,-1.46962
33.8,0.210719,1.21162,3.05971,-0.088826
33.9,0.376709,1.52349,2.58015,-0.831213
34,0.591236,1.80116,1.99726,-0.570479
34.1,0.855547,2.03984,1.3239,0.15553
34.2,1.16197,2.23605,0.574329,0.198305
34.3,1.4621,2.38474,-0.235798,0.377734
34.4,1.74526,2.47932,-1.08867,-0.173611
34.5,2.00763,2.5146,-1.9644,-0.395665
34.6,2.24538,2.4871,-2.84156,-0.4387
34.7,2.45477,2.39512,-3.69783,0.329929
34.8,2.63236,2.23887,-4.51064,-0.358624
34.9,2.77516,2.02049,-5.25779,-0.0576088
35,2.88073,1.744,-5.91819,-1.23147
35.1,2.94737,1.41524,-6.47248,-1.35025
35.2,2.97414,1.04175,-6.90364,-0.652448
35.3,2.96103,0.632588,-7.19754,0.0561053
35.4,2.90891,0.198085,-7.34349,0.159743
35.5,2.81963,-0.2504,-7.33457,-1.41387
35.6,2.69599,-0.700788,-7.16798,-0.767913
35.7,2.54166,-1.14061,-6.84525,0.0778769
35.8,2.36117,-1.55737,-6.37225,-2.61756
35.9,2.15982,-1.93885,-5.75921,0.374884
36,1.9435,-2.27355,-5.02051,0.00250225
36.1,1.71861,-2.55096,-4.17441,-0.284553
36.2,1.49187,-2.76191,-3.2426,-0.662505
36.3,1.27015,-2.8989,-2.24971,0.379248
36.4,1.06032,-2.95629,-1.22267,-0.811875
36.5,0.85951,-2.93078,-0.190002,-0.527101
36.6,0.646516,-2.82361,0.819341,-0.367912
36.7,0.426419,-2.63955,1.77755,-0.324048
36.8,0.206225,-2.38539,2.65884,-0.0250499
36.9,-0.00713137,-2.06965,3.44013,-1.59025
37,-0.20696,-1.70234,4.10158,0.187825
37.1,-0.386982,-1.2946,4.62705,0.381911
37.2,-0.541476,-0.858411,5.00448,0.383139
37.3,-0.665405,-0.406182,5.22607,-0.222217
37.4,-0.754515,0.049569,5.2884,-1.17579
37.5,-0.805411,0.496586,5.19239,-0.344737
37.6,-0.815602,0.923211,4.94317,-2.72298
37.7,-0.783518,1.3187,4.54978,-1.07311
37.8,-0.708491,1.67351,4.02483,0.0501438
37.9,-0.590717,1.97953,3.38402,-0.445991
38,-0.43118,2.2303,2.64561,0.0817416
38.1,-0.231555,2.42117,1.82981,0.0182015
38.2,0.00591368,2.54935,0.958113,0.311632
38.3,0.278552,2.61402,0.0526757,-0.686129
38.4,0.583421,2.61629,-0.864415,-0.00108718
38.5,0.917484,2.55912,-1.77178,0.069647
38.6,1.25725,2.44677,-2.64938,-0.881467
38.7,1.55316,2.28081,-3.47826,-1.01182
38.8,1.80258,2.06244,-4.23983,0.306126
38.9,2.00505,1.79463,-4.9162,-1.06178
39,2.16057,1.48204,-5.49084,-0.058564
39.1,2.26961,1.13091,-5.94913,-0.431888
39.2,2.33331,0.748914,-6.27887,0.210263
39.3,2.35345,0.344943,-6.4708,-0.418575
39.4,2.33257,-0.071126,-6.51892,-1.2971
39.5,2.27392,-0.488708,-6.42083,-0.582327
39.6,2.18149,-0.896804,-6.17793,-0.10303
39.7,2.05992,-1.28431,-5.79547,-1.43531
39.8,1.91449,-1.64036,-5.28258,-1.27231
39.9,1.75095,-1.95461,-4.6521,-2.17282
40,1.57548,-2.21761,-3.92034,-0.952753
40.1,1.3945,-2.42104,-3.10673,-0.65335
40.2,1.21456,-2.55802,-2.23337,0.383875
40.3,1.04213,-2.62336,-1.32448,-2.31832
40.4,0.87448,-2.61393,-0.405761,-0.354061
40.5,0.695216,-2.53058,0.496638,0.0504328
40.6,0.509531,-2.37716,1.35746,-0.478857
40.7,0.323838,-2.15935,2.15313,-0.58457
40.8,0.144546,-1.88444,2.86234,0.384364
40.9,-0.0221018,-1.56106,3.46658,-0.187393
41,-0.170174,-1.19894,3.95056,-1.81377
41.1,-0.294179,-0.808581,4.30254,0.372809
41.2,-0.389183,-0.400966,4.51455,-0.163408
41.3,-0.450894,0.0127965,4.5825,0.199775
41.4,-0.475733,0.421771,4.50616,-0.685463
41.5,-0.460871,0.815509,4.28904,-2.0728
41.6,-0.404243,1.18434,3.93821,-0.455712
41.7,-0.304535,1.51962,3.46392,-1.35552
41.8,-0.161134,1.81399,2.87925,0.20002
41.9,0.02593,2.06153,2.1996,-0.86659
42,0.256089,2.25794,1.44215,-0.978836
42.1,0.528346,2.4006,0.625319,-0.395303
42.2,0.841418,2.48869,-0.231895,0.0536128
42.3,1.18377,2.52293,-1.11049,-0.211941
42.4,1.50098,2.50229,-1.99154,-0.985087
42.5,1.78328,2.42423,-2.85538,-2.81275
42.6,2.02846,2.28788,-3.68169,-0.304046
42.7,2.23455,2.0942,-4.4502,-4.74219
42.8,2.39993,1.84597,-5.14127,-0.448573
42.9,2.52348,1.54774,-5.73654,-0.701407
43,2.60473,1.2057,-6.21956,-1.01049
43.1,2.64388,0.827577,-6.57631,0.0962283
43.2,2.64194,0.42242,-6.79571,-0.718163
43.3,2.60072,0.000351951,-6.87003,-1.37229
43.4,2.52288,-0.427689,-6.79526,-0.259476
43.5,2.41189,-0.850251,-6.57129,-1.6085
43.6,2.27199,-1.25569,-6.20208,-0.459199
43.7,2.10811,-1.63249,-5.69565,-1.60064
43.8,1.92581,-1.96963,-5.06397,-0.0277975
43.9,1.7311,-2.25688,-4.32273,-2.16044
44,1.53038,-2.48514,-3.49104,0.196606
44.1,1.33021,-2.64671,-2.59092,0.0647313
44.2,1.13718,-2.73557,-1.64683,-0.799088
44.3,0.95672,-2.7476,-0.684994,-2.40574
44.4,0.771102,-2.6818,0.267388,-0.174517
44.5,0.576779,-2.5414,1.18355,-0.00300384
44.6,0.380416,-2.33185,2.0383,-3.53931
44.7,0.188715,-2.06032,2.80861,-1.01601
44.8,0.0082474,-1.7355,3.4743,-0.890344
44.9,-0.154704,-1.36729,4.0184,0.170181
45,-0.294284,-0.966484,4.42759,-0.688939
45.1,-0.405194,-0.544483,4.69246,0.166248
45.2,-0.482789,-0.112914,4.80762,-0.113229
45.3,-0.523159,0.316686,4.77173,0.372696
45.4,-0.523175,0.733197,4.58747,-2.51476
45.5,-0.480515,1.12623,4.26124,0.168338
45.6,-0.393654,1.48641,3.80294,-1.10691
45.7,-0.261831,1.80562,3.22554,-0.802511
45.8,-0.0849847,2.0772,2.54457,-1.83671
45.9,0.136338,2.29615,1.77765,0.21148
46,0.401096,2.45921,0.943797,-1.03669
46.1,0.707889,2.56496,0.0628909,-1.2686
46.2,1.05429,2.61381,-0.845031,0.101887
46.3,1.39311,2.60619,-1.76021,0.271128
46.4,1.69613,2.53963,-2.66248,0.175448
46.5,1.96107,2.41277,-3.53091,0.108806
46.6,2.18582,2.22615,-4.34444,-0.457059
46.7,2.36862,1.98217,-5.08252,-1.93971
46.8,2.5082,1.68509,-5.72576,-0.560002
46.9,2.60389,1.34094,-6.25658,-0.0954361
47,2.65575,0.957348,-6.65981,-0.0296801
47.1,2.66463,0.543362,-6.92317,-2.24353
47.2,2.6322,0.109223,-7.03781,-0.832841
47.3,2.56102,-0.333918,-6.99858,-1.63798
47.4,2.45449,-0.774297,-6.80438,-1.55933
47.5,2.3168,-1.19987,-6.4583,0.147082
47.6,2.15292,-1.59865,-5.9676,-0.521923
47.7,1.96845,-1.95905,-5.34373,-0.707079
47.8,1.76954,-2.27025,-4.60201,0.124945
47.9,1.56273,-2.52251,-3.76143,-1.63592
48,1.35478,-2.70747,-2.84412,-0.0027533
48.1,1.15255,-2.81845,-1.87484,0.02927
48.2,0.962027,-2.85068,-0.880398,0.343277
48.3,0.76519,-2.80251,0.111228,-2.9257
48.4,0.556764,-2.6768,1.0723,0.0872534
48.5,0.343432,-2.47876,1.97654,-1.3422
48.6,0.131938,-2.21544,2.79981,0.383709
48.7,-0.0710988,-1.89554,3.52074,-0.28596
48.8,-0.259342,-1.52904,4.12125,-0.0659175
48.9,-0.426898,-1.12697,4.58692,-1.82304
49,-0.568451,-0.701015,4.90734,0.381805
49.1,-0.679375,-0.263222,5.07625,0.3191
49.2,-0.755827,0.174387,5.09162,-0.377224
49.3,-0.794809,0.600134,4.95556,0.14143
49.4,-0.794205,1.00301,4.67419,0.283742
49.5,-0.752785,1.37297,4.2573,-0.168075
49.6,-0.670187,1.7012,3.71799,0.190984
49.7,-0.546862,1.98034,3.07219,-0.113175
49.8,-0.384003,2.20464,2.33815,-0.85722
49.9,-0.183438,2.37015,1.53581,0.169377
50,0.0524855,2.47472,0.686166,0.224312
50.1,0.32105,2.51811,-0.189349,-0.660159
50.2,0.619318,2.5019,-1.06955,0.0662507
50.3,0.944307,2.42947,-1.93411,0.374042
50.4,1.26952,2.30522,-2.76415,-0.853349
50.5,1.55036,2.13078,-3.54191,0.0393552
50.6,1.78551,1.90771,-4.25002,-0.200397
50.7,1.97482,1.63923,-4.872,-1.59304
50.8,2.11855,1.33013,-5.39274,-0.68284
50.9,2.21748,0.98671,-5.79908,0.0758137
51,2.27295,0.616537,-6.08031,-0.205604
51.1,2.28698,0.228293,-6.22855,-1.26587
51.2,2.26223,-0.168478,-6.23912,-0.280947
51.3,2.20207,-0.563633,-6.1108,0.383648
51.4,2.11053,-0.946716,-5.84598,-0.614147
51.5,1.99226,-1.30726,-5.45073,-1.37018
51.6,1.85244,-1.6351,-4.93472,-1.66554
51.7,1.6967,-1.92066,-4.3111,-0.327401
51.8,1.531,-2.15527,-3.59621,-0.0940283
51.9,1.36152,-2.33142,-2.80923,0.128881
52,1.19448,-2.44304,-1.97175,0.369768
52.1,1.03603,-2.48568,-1.10716,0.107452
52.2,0.883486,-2.45692,-0.240119,-0.014031
52.3,0.722519,-2.35806,0.604498,-0.945981
52.4,0.558479,-2.19316,1.40281,0.335173
52.5,0.397702,-1.96798,2.13267,-1.81335
52.6,0.246514,-1.68972,2.7742,0.165024
52.7,0.111076,-1.36683,3.31026,-0.288786
52.8,-0.00274051,-1.00871,3.72687,0.353557
52.9,-0.0894725,-0.625438,4.01343,-0.575747
53,-0.144163,-0.227426,4.16295,-0.649929
53.1,-0.162434,0.174852,4.17213,0.102468
53.2,-0.140538,0.571181,4.04125,0.181875
53.3,-0.0753838,0.951893,3.77413,0.102161
53.4,0.0354711,1.30814,3.37779,-0.535493
53.5,0.193848,1.63215,2.86219,0.0703748
53.6,0.401004,1.91742,2.23981,-1.46756
53.7,0.657722,2.15889,1.52512,-1.34167
53.8,0.964415,2.3531,0.734105,-0.610312
53.9,1.29394,2.49747,-0.116265,0.378718
54,1.60357,2.5866,-1.00767,0.382458
54.1,1.88932,2.61516,-1.91981,0.0167612
54.2,2.14752,2.57962,-2.8308,-2.18396
54.3,2.37459,2.47827,-3.71786,-0.315627
54.4,2.56722,2.31138,-4.55794,-2.82843
54.5,2.72255,2.0812,-5.32843,-2.2913
54.6,2.8383,1.79192,-6.00787,0.212883
54.7,2.91288,1.44961,-6.57658,-1.77378
54.8,2.94553,1.06205,-7.01731,-0.809536
54.9,2.93638,0.638599,-7.31583,-2.27566
55,2.88649,0.189906,-7.46138,0.189241
55.1,2.7979,-0.27234,-7.44718,-1.64822
55.2,2.6736,-0.735724,-7.27061,-2.99765
55.3,2.51749,-1.18745,-6.93353,-0.737269
55.4,2.33433,-1.61469,-6.44226,0.0475437
55.5,2.12963,-2.00497,-5.80756,-0.460408
55.6,1.90955,-2.3465,-5.04447,-0.237629
55.7,1.6807,-2.62859,-4.17195,0.382061
55.8,1.45004,-2.84191,-3.21248,0.336334
55.9,1.22468,-2.97885,-2.19153,-0.233808
56,1.01166,-3.03375,-1.13687,-0.0988552
56.1,0.799737,-3.00368,-0.0778464,-0.624108
56.2,0.573081,-2.8907,0.956025,-1.85236
56.3,0.338547,-2.6999,1.93656,0.0400536
56.4,0.103141,-2.43836,2.83769,0.0954419
56.5,-0.126232,-2.11495,3.63618,-0.200901
56.6,-0.342955,-1.74004,4.31215,0.151091
56.7,-0.540868,-1.32511,4.84954,0.0764132
56.8,-0.714415,-0.882507,5.23649,-0.835961
56.9,-0.858781,-0.424991,5.46555,-1.58015
57,-0.969995,0.0345864,5.53375,-1.4817
57.1,-1.04194,0.48372,5.44257,-1.42175
57.2,-1.06619,0.911196,5.19767,-1.15341
57.3,-1.04892,1.30659,4.80848,-3.12922
57.4,-0.997619,1.65986,4.28798,0.188771
57.5,-0.911867,1.96197,3.65255,-1.23102
57.6,-0.788272,2.20607,2.92137,0.23125
57.7,-0.629223,2.38729,2.11565,-1.17514
57.8,-0.437774,2.5027,1.25796,-0.644873
57.9,-0.217505,2.55133,0.371559,-0.471404
58,0.0276243,2.53416,-0.520289,-1.71437
58.1,0.293441,2.45406,-1.395,-0.42998
58.2,0.575729,2.31568,-2.23132,-0.25051
58.3,0.870399,2.12528,-3.0099,-2.57431
58.4,1.16398,1.89037,-3.71383,0.160546
58.5,1.41048,1.6166,-4.32863,-1.02389
58.6,1.60576,1.30843,-4.84144,-2.19978
58.7,1.7517,0.971594,-5.24118,-0.0168025
58.8,1.85058,0.613033,-5.51901,0.378922
58.9,1.9052,0.240706,-5.6687,-0.980911
59,1.91888,-0.136645,-5.68692,0.174673
59.1,1.89548,-0.509748,-5.57354,0.10004
59.2,1.83939,-0.869062,-5.33171,-0.895024
59.3,1.75549,-1.20507,-4.96792,-0.0022488
59.4,1.64911,-1.50855,-4.49195,-2.06766
59.5,1.52589,-1.77089,-3.91673,0.0390006
59.6,1.39175,-1.9843,-3.25804,-0.794435
59.7,1.2527,-2.14214,-2.53421,-0.944383
59.8,1.11477,-2.23907,-1.76566,-0.411774
59.9,0.983648,-2.27132,-0.974412,-0.827846
60,0.849401,-2.23738,-0.183472,-2.77014
60.1,0.707956,-2.13915,0.584249,-0.0565982
60.2,0.565132,-1.98049,1.30688,0.0725412
60.3,0.426873,-1.76678,1.96416,-1.39488
60.4,0.299114,-1.50472,2.53798,-0.895907
60.5,0.187647,-1.20212,3.01274,-1.77162
60.6,0.0980099,-0.867643,3.37574,0.0366864
60.7,0.0353765,-0.510518,3.61744,-2.55914
60.8,0.00447719,-0.140277,3.73157,-1.40798
60.9,0.00953448,0.233538,3.71522,-2.12468
61,0.0542228,0.601655,3.56876,-0.81446
61.1,0.141653,0.955339,3.29575,0.154131
61.2,0.274385,1.28664,2.90264,0.0870356
61.3,0.454458,1.58862,2.39853,0.229406
61.4,0.683462,1.85554,1.7947,-0.0946012
61.5,0.962615,2.08304,1.10425,-1.67187
61.6,1.26843,2.2675,0.341576,-0.905436
61.7,1.56079,2.4027,-0.477245,-1.82825
61.8,1.83555,2.48236,-1.33383,-2.69392
61.9,2.08886,2.50175,-2.20786,-0.0884708
62,2.31686,2.45786,-3.07766,-1.68484
62.1,2.51587,2.34951,-3.92083,-0.99868
62.2,2.68254,2.17742,-4.71488,-5.38986
62.3,2.81399,1.94424,-5.43789,0.19946
62.4,2.90795,1.65445,-6.06923,-0.294819
62.5,2.96291,1.31436,-6.59013,-0.844349
62.6,2.97815,0.931908,-6.98434,0.203791
62.7,2.95388,0.516475,-7.23862,-3.42671
62.8,2.89121,0.0786711,-7.34326,-0.0105522
62.9,2.79222,-0.369959,-7.29242,0.0777857
63,2.65993,-0.817237,-7.08444,0.283903
63.1,2.49823,-1.25069,-6.72197,0.380185
63.2,2.31184,-1.65789,-6.21202,-0.86605
63.3,2.1062,-2.02682,-5.56591,-2.17555
63.4,1.88733,-2.34624,-4.79903,0.341353
63.5,1.6617,-2.606,-3.93051,-2.09363
63.6,1.43607,-2.79736,-2.98282,-0.308276
63.7,1.2173,-2.91332,-1.98116,0.00301782
63.8,1.01218,-2.94879,-0.952892,-0.321124
63.9,0.810149,-2.90139,0.0732941,0.187019
64,0.596137,-2.77353,1.06869,0.351252
64.1,0.377006,-2.57053,2.00599,0.0491338
64.2,0.159759,-2.29964,2.86013,-1.0909
64.3,-0.048711,-1.96978,3.60886,-2.35738
64.4,-0.241802,-1.59125,4.2333,-0.645136
64.5,-0.413358,-1.17541,4.71838,-0.0634694
64.6,-0.557811,-0.734356,5.05314,-0.471712
64.7,-0.6703,-0.280518,5.23093,0.112357
64.8,-0.746762,0.173659,5.24947,0.157108
64.9,-0.784004,0.616085,5.11075,-2.88114
65,-0.779734,1.03535,4.82091,-0.544163
65.1,-0.732571,1.42104,4.38992,-0.074466
65.2,-0.642019,1.76401,3.83117,0.0170953
65.3,-0.508419,2.05659,3.161,-0.441389
65.4,-0.332865,2.29283,2.39814,-5.63339
65.5,-0.117103,2.46858,1.56309,0.131544
65.6,0.136603,2.58161,0.677459,-2.31899
65.7,0.425613,2.63162,-0.23668,-1.0118
65.8,0.747083,2.62025,-1.15751,0.336411
65.9,1.0955,2.55097,-2.0641,-0.272315
66,1.41876,2.42665,-2.93678,0.145258
66.1,1.69676,2.24763,-3.75636,-0.639502
66.2,1.9287,2.0156,-4.50393,-0.285356
66.3,2.11404,1.73403,-5.1615,-0.77903
66.4,2.25277,1.4081,-5.71257,-0.0848718
66.5,2.34539,1.04456,-6.14278,-1.1466
66.6,2.39312,0.651555,-6.44033,0.322607
66.7,2.39784,0.238404,-6.59651,-1.81574
66.8,2.36224,-0.184631,-6.60605,-2.60989
66.9,2.28973,-0.606644,-6.46739,-1.20901
67,2.18447,-1.01639,-6.18283,0.112476
67.1,2.05128,-1.40259,-5.75866,0.0739461
67.2,1.8956,-1.7543,-5.20505,0.182339
67.3,1.72335,-2.06118,-4.53589,-1.57359
67.4,1.54084,-2.31387,-3.76855,-1.19298
67.5,1.35461,-2.50425,-2.92346,-0.154387
67.6,1.17127,-2.62572,-2.02362,-0.855389
67.7,0.997354,-2.67341,-1.09407,-4.62779
67.8,0.821887,-2.64501,-0.161136,-1.64777
67.9,0.634818,-2.54242,0.748773,-0.582046
68,0.442519,-2.37007,1.61041,-1.68345
68.1,0.251469,-2.13418,2.4004,0.0278939
68.2,0.0680928,-1.84253,3.09783,-0.550724
68.3,-0.101399,-1.50422,3.68473,-1.65942
68.4,-0.251154,-1.12938,4.14652,-0.541426
68.5,-0.375812,-0.72885,4.4723,-1.79212
68.6,-0.470609,-0.313861,4.65503,-0.260875
68.7,-0.531469,0.10429,4.69163,0.230323
68.8,-0.555065,0.514567,4.58295,-1.47349
68.9,-0.538853,0.906501,4.33358,0.240877
69,-0.481082,1.27048,3.95166,-0.263655
69.1,-0.380772,1.59799,3.4485,-0.372123
69.2,-0.237667,1.88188,2.83816,-4.07825
69.3,-0.052161,2.11647,2.13695,-1.98002
69.4,0.1748,2.29778,1.36286,-1.73918
69.5,0.441839,2.42355,0.534986,-0.533091
69.6,0.747288,2.49329,-0.327085,-0.402849
69.7,1.08713,2.5083,-1.20393,0.0803195
69.8,1.41125,2.46938,-2.07662,-0.444586
69.9,1.69814,2.37476,-2.92599,-2.32871
70,1.946,2.22394,-3.73239,-1.25312
70.1,2.15325,2.01821,-4.47633,0.352991
70.2,2.31866,1.76064,-5.13908,-1.5857
70.3,2.44149,1.45599,-5.70328,0.184841
70.4,2.52162,1.11066,-6.15352,-0.815186
70.5,2.55961,0.73244,-6.4769,-0.49275
70.6,2.55676,0.330401,-6.66345,-1.0034
70.7,2.51517,-0.0854054,-6.70657,-2.15081
70.8,2.43774,-0.504192,-6.60332,-1.54208
70.9,2.32813,-0.914741,-6.3546,-0.44489
71,2.19074,-1.30572,-5.96528,0.189852
71.1,2.03062,-1.66601,-5.44417,-0.38798
71.2,1.85337,-1.98503,-4.80389,-0.542031
71.3,1.66501,-2.25305,-4.06061,-0.000279752
71.4,1.4719,-2.46151,-3.23371,-2.42374
71.5,1.2805,-2.6033,-2.34534,-0.517231
71.6,1.09727,-2.67297,-1.41982,-0.830516
71.7,0.925298,-2.667,-0.483092,-0.104755
71.8,0.745692,-2.58538,0.438238,0.239753
71.9,0.559543,-2.43181,1.31827,-0.755897
72,0.37345,-2.212,2.13277,0.031331
72.1,0.194021,-1.93327,2.85979,-1.27648
72.2,0.0277125,-1.60436,3.4802,-1.08693
72.3,-0.11932,-1.23513,3.97813,0.343567
72.4,-0.241354,-0.836254,4.34133,0.147701
72.5,-0.333219,-0.418903,4.56135,0.132143
72.6,-0.390383,0.00560371,4.63372,-1.62927
72.7,-0.409024,0.426107,4.5579,-2.74325
72.8,-0.386069,0.831932,4.33717,-0.163306
72.9,-0.319207,1.21319,3.97842,0.241597
73,-0.206872,1.56103,3.49184,-0.391989
73.1,-0.048198,1.8679,2.89049,0.114077
73.2,0.157051,2.12772,2.18981,-2.47011
73.3,0.408582,2.33608,1.40709,-0.747838
73.4,0.705695,2.49026,0.560879,-2.59937
73.5,1.0468,2.5894,-0.329663,-0.00168532
73.6,1.38648,2.63269,-1.24521,-0.835259
73.7,1.6951,2.61645,-2.16559,-3.3026
73.8,1.9698,2.53801,-3.06946,-1.657
73.9,2.20786,2.39658,-3.93485,-1.30675
74,2.40679,2.19332,-4.73985,-0.635294
74.1,2.56458,1.93132,-5.46331,-0.721996
74.2,2.67977,1.61553,-6.08549,-0.364612
74.3,2.75161,1.2527,-6.58869,-0.354575
74.4,2.78014,0.851143,-6.95785,0.356
74.5,2.76625,0.420606,-7.1811,-0.531424
74.6,2.71176,-0.0280371,-7.25016,-0.236453
74.7,2.61935,-0.483052,-7.16073,0.195907
74.8,2.49262,-0.932168,-6.91271,-1.4096
74.9,2.336,-1.36292,-6.51036,0.0812723
75,2.15468,-1.763,-5.96225,-0.00692775
75.1,1.95451,-2.12063,-5.28121,-0.129199
75.2,1.74185,-2.42488,-4.48404,-0.87999
75.3,1.52346,-2.66606,-3.59116,-0.72061
75.4,1.30628,-2.83597,-2.62612,-1.03217
75.5,1.09732,-2.92822,-1.61505,-0.616822
75.6,0.898355,-2.9385,-0.585945,0.165871
75.7,0.686801,-2.8666,0.432301,0.144913
75.8,0.464656,-2.71634,1.41152,0.163122
75.9,0.238756,-2.49367,2.32528,-0.470831
76,0.0159304,-2.20641,3.14955,-2.07319
76.1,-0.197175,-1.86394,3.86333,0.179646
76.2,-0.394272,-1.47692,4.44911,-0.744478
76.3,-0.569588,-1.05697,4.89332,0.107556
76.4,-0.717995,-0.616311,5.18657,0.200429
76.5,-0.835131,-0.167416,5.32378,-2.10735
76.6,-0.917482,0.27735,5.30425,-1.63121
76.7,-0.962446,0.706072,5.13151,-1.12734
76.8,-0.968362,1.10761,4.81317,-1.29785
76.9,-0.934514,1.47188,4.36054,-0.974611
77,-0.861104,1.79014,3.78823,-1.2315
77.1,-0.749199,2.05518,3.11366,0.171361
77.2,-0.600645,2.2615,2.35646,-2.98609
77.3,-0.417972,2.40543,1.53789,0.179398
77.4,-0.204259,2.48521,0.680151,0.231131
77.5,0.0370013,2.50097,-0.194279,-1.65922
77.6,0.302061,2.45473,-1.06329,-1.04992
77.7,0.587083,2.35028,-1.90579,-9.60771
77.8,0.888313,2.19306,-2.70232,-0.325109
77.9,1.18962,1.98974,-3.43557,0.134194
78,1.44456,1.74486,-4.09029,-0.264377
78.1,1.65006,1.46203,-4.65254,-0.138705
78.2,1.80745,1.14626,-5.10986,-2.1914
78.3,1.91848,0.80385,-5.45181,-2.42932
78.4,1.98536,0.442238,-5.67032,-0.0430471
78.5,2.01087,0.0697736,-5.76011,-0.703045
78.6,1.99835,-0.304509,-5.71894,-0.510905
78.7,1.95169,-0.671149,-5.54784,0.0474539
78.8,1.87534,-1.02054,-5.25115,0.353286
78.9,1.77423,-1.3432,-4.83658,-0.263101
79,1.6537,-1.63009,-4.31509,-0.226168
79.1,1.51941,-1.87284,-3.70067,-0.55228
79.2,1.37723,-2.06406,-3.01012,0.185889
79.3,1.23314,-2.19758,-2.26257,-1.26292
79.4,1.09304,-2.26862,-1.47911,0.142826
79.5,0.961546,-2.27403,-0.682199,0.19996
79.6,0.826081,-2.21327,0.10498,-1.26706
79.7,0.686073,-2.08905,0.85968,-0.744762
79.8,0.5475,-1.90587,1.56043,-0.917915
79.9,0.416417,-1.66967,2.1876,-0.283933
80,0.298827,-1.38765,2.72385,-0.121416
80.1,0.200551,-1.06801,3.15456,-0.719126
80.2,0.12712,-0.719709,3.46812,0.19456
80.3,0.0836756,-0.352155,3.65611,-0.574419
80.4,0.0749015,0.0250479,3.7135,0.354046
80.5,0.104965,0.402406,3.63856,-0.34039
80.6,0.177493,0.770807,3.43286,-0.534597
80.7,0.295562,1.12179,3.10103,-1.01124
80.8,0.461732,1.44777,2.65053,0.131541
80.9,0.678086,1.74229,2.09127,-0.0288291
81,0.946313,2.00014,1.43521,0.179151
81.1,1.24688,2.21702,0.69593,0.109304
81.2,1.53812,2.38611,-0.111122,-2.82339
81.3,1.81512,2.50029,-0.967933,-0.103842
81.4,2.07374,2.55395,-1.85426,-3.19618
81.5,2.30977,2.54318,-2.74817,-1.42403
81.6,2.51909,2.46589,-3.62671,-0.465679
81.7,2.69792,2.32193,-4.46651,-0.0216989
81.8,2.84286,2.1131,-5.24448,-0.810917
81.9,2.95115,1.84318,-5.93854,-0.573534
82,3.02071,1.51781,-6.52823,-0.00567051
82.1,3.0503,1.14443,-6.9954,0.043951
82.2,3.03958,0.732044,-7.32478,-0.950665
82.3,2.98916,0.291057,-7.50449,-0.0579818
82.4,2.90066,-0.167031,-7.52652,-0.816812
82.5,2.77665,-0.62991,-7.38701,0.32422
82.6,2.62068,-1.0848,-7.08651,-1.27485
82.7,2.43717,-1.51879,-6.63009,-0.112281
82.8,2.23135,-1.91924,-6.02727,-1.11764
82.9,2.00912,-2.2741,-5.29194,-1.49252
83,1.77693,-2.57232,-4.44202,-0.459779
83.1,1.54159,-2.80412,-3.49907,-0.178487
83.2,1.31014,-2.9614,-2.48783,0.174625
83.3,1.08961,-3.03793,-1.43552,-1.32384
83.4,0.880216,-3.02972,-0.371186,-2.35681
83.5,0.658212,-2.9372,0.675431,-2.04896
83.6,0.426767,-2.76485,1.67553,-2.65475
83.7,0.192959,-2.51927,2.60228,-0.802085
83.8,-0.0361786,-2.20891,3.43146,-0.989232
83.9,-0.253849,-1.84379,4.14212,-2.98142
84,-0.453659,-1.43519,4.71703,-0.117422
84.1,-0.629783,-0.995288,5.1431,-0.346351
84.2,-0.777093,-0.53682,5.41157,-0.322413
84.3,-0.891272,-0.0726869,5.51821,-2.96104
84.4,-0.968901,0.384396,5.46327,-0.459244
84.5,-1.00727,0.822256,5.25138,0.181088
84.6,-1.0035,1.2297,4.89125,-2.65245
84.7,-0.960287,1.59657,4.39533,-0.0995129
84.8,-0.876485,1.91406,3.77942,-0.253086
84.9,-0.753344,2.17509,3.06208,-1.21691
85,-0.592955,2.37436,2.26407,-0.314751
85.1,-0.398086,2.50851,1.40763,0.0320792
85.2,-0.172051,2.57613,0.515879,-0.597843
85.3,0.0814448,2.57779,-0.387955,-0.0188311
85.4,0.358463,2.51597,-1.28116,-0.995194
85.5,0.655008,2.39497,-2.14222,0.197183
85.6,0.967205,2.22078,-2.95143,0.35457
85.7,1.26619,2.00008,-3.69137,0.254179
85.8,1.51395,1.73685,-4.34652,-1.14693
85.9,1.71117,1.43518,-4.90267,-0.495405
86,1.85929,1.10063,-5.34731,-0.864016
86.1,1.96015,0.74007,-5.67008,-1.12886
86.2,2.01616,0.361477,-5.86325,0.197201
86.3,2.0303,-0.0262607,-5.92204,-3.14529
86.4,2.00614,-0.413614,-5.84491,-1.79068
86.5,1.94784,-0.790681,-5.63371,-1.24678
86.6,1.8601,-1.14748,-5.2938,-0.0551261
86.7,1.74813,-1.47423,-4.83399,-0.213863
86.8,1.61756,-1.76167,-4.26643,-0.351649
86.9,1.4743,-2.00134,-3.60639,0.20049
87,1.32449,-2.18583,-2.87193,-0.024426
87.1,1.17429,-2.30904,-2.08347,-0.305904
87.2,1.02983,-2.36641,-1.26329,-0.492679
87.3,0.888524,-2.3553,-0.434988,-0.564322
87.4,0.737753,-2.27657,0.377519,-2.21341
87.5,0.582761,-2.13368,1.15112,-0.65057
87.6,0.4296,-1.93175,1.8642,-0.71226
87.7,0.284346,-1.67733,2.49721,-1.78828
87.8,0.152957,-1.37821,3.03311,-0.580945
87.9,0.0411459,-1.04317,3.45777,-3.1761
88,-0.0457347,-0.681677,3.76025,0.349664
88.1,-0.102789,-0.303604,3.93301,-3.04035
88.2,-0.125654,0.0810448,3.972,-0.726434
88.3,-0.110553,0.46245,3.87666,-0.771792
88.4,-0.0543241,0.831249,3.64976,-0.144883
88.5,0.0455789,1.1788,3.29727,-0.759344
88.6,0.191109,1.49744,2.82798,0.199974
88.7,0.383676,1.78067,2.25319,-0.413127
88.8,0.624224,2.02334,1.58625,-1.81414
88.9,0.913333,2.22181,0.842016,-0.514381
89,1.23374,2.37357,0.0364129,0.108356
89.1,1.53782,2.47376,-0.813462,-0.673724
89.2,1.81976,2.51686,-1.68855,-0.118174
89.3,2.07606,2.49899,-2.56814,0.190121
89.4,2.30322,2.41805,-3.43048,-0.211237
89.5,2.49799,2.27378,-4.25338,-0.0118177
89.6,2.65749,2.06784,-5.01492,-0.162399
89.7,2.77937,1.80378,-5.69408,-2.53654
89.8,2.86193,1.48698,-6.27141,0.142057
89.9,2.90421,1.12452,-6.72964,-2.57902
90,2.9061,0.725007,-7.05424,-0.419466
90.1,2.8684,0.298401,-7.23397,-0.444792
90.2,2.79283,-0.144285,-7.26125,0.18202
90.3,2.68201,-0.591253,-7.13247,0.199265
90.4,2.5395,-1.03025,-6.8483,-1.08705
90.5,2.36965,-1.4489,-6.41367,0.342611
90.6,2.17761,-1.83508,-5.83786,-0.65472
90.7,1.96913,-2.17724,-5.13425,-0.238381
90.8,1.7505,-2.46476,-4.32017,0.0740988
90.9,1.52833,-2.6883,-3.41639,-2.58912
91,1.30946,-2.84006,-2.44674,-0.314075
91.1,1.10069,-2.91409,-1.43743,0.19636
91.2,0.904085,-2.90654,-0.416407,-0.417267
91.3,0.697388,-2.81754,0.587634,0.256686
91.4,0.482352,-2.65131,1.54685,0.00738596
91.5,0.265917,-2.41411,2.43526,-1.73402
91.6,0.0549951,-2.11403,3.22939,0.194525
91.7,-0.143704,-1.76065,3.90886,-1.44647
91.8,-0.323839,-1.36477,4.45689,-0.280201
91.9,-0.479584,-0.938045,4.8606,0.234278
92,-0.605757,-0.492682,5.11134,-0.666369
92.1,-0.697928,-0.0410432,5.20475,-0.429844
92.2,-0.752494,0.404686,5.14076,-1.52354
92.3,-0.766731,0.832843,4.92352,-1.39758
92.4,-0.738813,1.23261,4.56109,-1.26152
92.5,-0.667806,1.59428,4.06514,0.0757615
92.6,-0.553627,1.90955,3.45051,-0.821057
92.7,-0.396977,2.1717,2.73466,0.156517
92.8,-0.199252,2.37574,1.93711,0.19946
92.9,0.0375808,2.51855,1.0788,0.152983
93,0.311115,2.59893,0.181417,-3.42376
93.1,0.618666,2.61761,-0.73325,-0.67274
93.2,0.957439,2.57719,-1.64401,-0.824194
93.3,1.29723,2.48124,-2.53083,-1.7359
93.4,1.59337,2.33044,-3.37447,0.194925
93.5,1.84435,2.12559,-4.15582,-0.330799
93.6,2.04943,1.86931,-4.85638,0.163324
93.7,2.20829,1.56593,-5.45884,0.129778
93.8,2.32112,1.22145,-5.94773,0.167425
93.9,2.38874,0.84333,-6.30993,0.0991342
94,2.41267,0.440327,-6.53515,-1.11897
94.1,2.39515,0.0222544,-6.61639,-0.778575
94.2,2.33922,-0.400284,-6.55021,-0.493356
94.3,2.24863,-0.816193,-6.33697,-1.15538
94.4,2.12786,-1.2142,-5.98096,-2.16894
94.5,1.98202,-1.58316,-5.49042,0.020705
94.6,1.81679,-1.91243,-4.87738,-1.62673
94.7,1.63827,-2.19216,-4.1575,-0.804738
94.8,1.45288,-2.41357,-3.34968,-0.787049
94.9,1.26718,-2.56932,-2.47567,-0.0630069
95,1.08775,-2.65365,-1.5595,-0.670387
95.1,0.917058,-2.66276,-0.626898,-1.13671
95.2,0.736243,-2.59637,0.295614,0.337749
95.3,0.547163,-2.45786,1.18214,0.184955
95.4,0.35627,-2.25258,2.00832,-2.61719
95.5,0.17005,-1.98754,2.75197,-1.62146
95.6,-0.00514989,-1.67121,3.39361,-2.41548
95.7,-0.163264,-1.31323,3.91696,-2.80711
95.8,-0.298651,-0.924091,4.30924,-1.74028
95.9,-0.406214,-0.514856,4.56148,-1.0949
96,-0.481495,-0.0968029,4.66861,0.00318511
96.1,-0.520751,0.31889,4.62951,-0.125171
96.2,-0.521004,0.721463,4.44692,0.0522735
96.3,-0.480058,1.10087,4.1272,-0.0471053
96.4,-0.396495,1.44806,3.68007,-1.60059
96.5,-0.269637,1.75521,3.11823,-0.227256
96.6,-0.0994873,2.0159,2.45685,0.383929
96.7,0.11336,2.22535,1.71308,-0.811188
96.8,0.36783,2.38045,0.905453,-0.456041
96.9,0.662498,2.47987,0.0532702,0.114464
97,0.995746,2.52406,-0.824004,0.0247716
97.1,1.33146,2.51411,-1.70728,0.0631522
97.2,1.63159,2.44814,-2.57734,-1.9176
97.3,1.89411,2.32481,-3.41428,0.0735014
97.4,2.11715,2.14457,-4.19806,0.192787
97.5,2.29914,1.90968,-4.9091,-0.0264881
97.6,2.43897,1.62421,-5.52893,-0.886048
97.7,2.53611,1.29387,-6.0408,-1.1976
97.8,2.59069,0.925937,-6.43025,-0.0181579
97.9,2.60359,0.529043,-6.68558,-0.90192
98,2.57647,0.11296,-6.79834,-0.351098
98.1,2.51185,-0.311662,-6.76365,0.384375
98.2,2.413,-0.733588,-6.58049,-0.337113
98.3,2.28401,-1.14131,-6.2518,0.231616
98.4,2.12964,-1.52337,-5.78456,-0.246837
98.5,1.9553,-1.8687,-5.18973,-1.8511
98.6,1.76688,-2.16696,-4.48197,-0.88145
98.7,1.57067,-2.40882,-3.67944,0.323811
98.8,1.37318,-2.5863,-2.80332,-1.21016
98.9,1.18096,-2.693,-1.8773,-1.66644
99,1.0005,-2.72436,-0.927012,-0.545482
99.1,0.820909,-2.67836,0.0207056,-0.062111
99.2,0.631178,-2.55736,0.939082,0.182844
99.3,0.437893,-2.36626,1.80267,-1.40432
99.4,0.247724,-2.11175,2.58806,-1.8233
99.5,0.0672523,-1.80208,3.27445,-2.52313
99.6,-0.0971835,-1.44677,3.84418,0.00495995
99.7,-0.239632,-1.05631,4.28309,-0.0562279
99.8,-0.354657,-0.641871,4.5808,-1.07275
99.9,-0.437445,-0.21493,4.73094,0.293599
100,-0.483886,0.213038,4.73113,0.35424
100.1,-0.490629,0.630895,4.58299,-0.151745
100.2,-0.455111,1.02815,4.29191,-0.422302
100.3,-0.375558,1.39525,3.86681,0.125934
100.4,-0.250955,1.72384,3.31974,-0.293835
100.5,-0.0809869,2.00695,2.66544,-1.79922
100.6,0.134043,2.23922,1.92081,-0.189807
100.7,0.393322,2.417,1.10435,-0.0104633
100.8,0.695662,2.53844,0.235495,-0.457037
100.9,1.03922,2.60353,-0.665977,0.129378
101,1.37929,2.61243,-1.58045,0.177603
101.1,1.68502,2.56239,-2.4878,0.136365
101.2,1.95397,2.45159,-3.36702,-1.58056
101.3,2.18383,2.28012,-4.19682,-2.77397
101.4,2.37264,2.04997,-4.95626,-4.83336
101.5,2.51888,1.76499,-5.6254,-1.7607
101.6,2.62167,1.43084,-6.186,-2.78276
101.7,2.68078,1.05482,-6.6221,-0.18029
101.8,2.69681,0.645729,-6.92052,-1.75361
101.9,2.67118,0.21361,-7.07142,-2.7249
102,2.6062,-0.230503,-7.06864,-0.448683
102.1,2.50504,-0.674885,-6.91003,-0.29581
102.2,2.37169,-1.10744,-6.5976,-0.327731
102.3,2.21093,-1.51606,-6.13761,-0.648011
102.4,2.02822,-1.88894,-5.54053,-1.20743
102.5,1.82959,-2.21496,-4.82083,-1.77267
102.6,1.62152,-2.48402,-3.99671,-3.79975
102.7,1.41076,-2.68732,-3.08969,0.168809
102.8,1.2042,-2.81771,-2.1241,-0.291922
102.9,1.00863,-2.86987,-1.12643,0.0685218
103,0.813616,-2.84109,-0.124662,0.129103
103.1,0.605283,-2.73332,0.853105,-0.242358
103.2,0.390261,-2.55133,1.78,-0.865393
103.3,0.175325,-2.30179,2.63115,0.10228
103.4,-0.032832,-1.99308,3.38434,-0.0315683
103.5,-0.227768,-1.63496,4.02054,-3.85709
103.6,-0.403449,-1.2383,4.52431,-2.13591
103.7,-0.554395,-0.814758,4.88421,-1.53993
103.8,-0.6758,-0.376397,5.09291,-1.67835
103.9,-0.763626,0.064639,5.14737,-0.703351
104,-0.814678,0.496472,5.04874,0.0371482
104.1,-0.826647,0.907822,4.80224,0.256302
104.2,-0.798122,1.28831,4.41687,-0.303668
104.3,-0.728579,1.62872,3.9051,0.233638
104.4,-0.618333,1.92127,3.28236,-1.1291
104.5,-0.468474,2.15975,2.56653,-0.655151
104.6,-0.280769,2.3397,1.77737,-0.244676
104.7,-0.0575446,2.4585,0.935881,-0.342327
104.8,0.19845,2.51543,0.0636442,-1.85035
104.9,0.484197,2.51161,-0.817826,0.252911
105,0.79657,2.44998,-1.68773,-0.657419
105.1,1.12748,2.33513,-2.5266,0.2
105.2,1.42516,2.17051,-3.31653,-1.20878
105.3,1.67648,1.95752,-4.04031,0.0777141
105.4,1.88139,1.69896,-4.68147,-1.98919
105.5,2.04016,1.39923,-5.22477,-0.380994
105.6,2.15354,1.06423,-5.65681,-0.785761
105.7,2.22283,0.701187,-5.96646,0.281222
105.8,2.24996,0.318462,-6.14534,-1.35962
105.9,2.23751,-0.07467,-6.18816,-0.0151679
106,2.18872,-0.468279,-6.09301,-1.72923
106.1,2.10751,-0.852061,-5.86152,-1.17374
106.2,1.99841,-1.21564,-5.49893,-1.02563
106.3,1.86648,-1.54885,-5.01412,0.177071
106.4,1.71725,-1.84207,-4.4194,-0.139965
106.5,1.55662,-2.08651,-3.73036,-4.30794
106.6,1.39069,-2.27447,-2.96544,-0.591485
106.7,1.22566,-2.3996,-2.14557,-3.70715
106.8,1.06766,-2.45714,-1.29361,0.09346
106.9,0.918259,-2.44417,-0.433809,0.219836
107,0.761471,-2.36112,0.409119,-2.81697
107.1,0.600406,-2.21156,1.21121,0.382921
107.2,0.441347,-2.00084,1.95007,0.160842
107.3,0.290597,-1.73579,2.60545,0.168265
107.4,0.154334,-1.42452,3.15972,-2.21457
107.5,0.0384781,-1.07615,3.59828,0.0252517
107.6,-0.0514269,-0.700538,3.90985,-0.3565
107.7,-0.110314,-0.307931,4.08668,0.254189
107.8,-0.133671,0.0912871,4.12463,-0.893147
107.9,-0.117595,0.486926,4.0232,0.094475
108,-0.0588242,0.86928,3.78534,0.291264
108.1,0.045265,1.2294,3.4173,-1.6287
108.2,0.196679,1.55934,2.92828,-0.888916
108.3,0.396863,1.85237,2.33007,-1.00337
108.4,0.646776,2.1032,1.63655,0.0542558
108.5,0.947001,2.30806,0.863202,0.38435
108.6,1.27402,2.46416,0.0265801,-1.28492
108.7,1.58299,2.56604,-0.855376,0.054979
108.8,1.86939,2.60808,-1.76266,0.185791
108.9,2.12948,2.58638,-2.67359,0.322834
109,2.35958,2.49889,-3.56544,-0.0803472
109.1,2.55626,2.3455,-4.41512,-0.832078
109.2,2.7165,2.12807,-5.19982,-0.0715498
109.3,2.83786,1.85044,-5.89774,-0.766079
109.4,2.91856,1.51831,-6.48876,-0.742771
109.5,2.95763,1.13917,-6.95506,-0.124473
109.6,2.95499,0.722087,-7.28174,-1.69028
109.7,2.91149,0.277496,-7.45731,-0.485247
109.8,2.82896,-0.183082,-7.47412,-0.484681
109.9,2.71017,-0.647334,-7.32872,0.191672
110,2.55885,-1.1025,-7.02205,-1.31218
110.1,2.37957,-1.53571,-6.55954,-0.151069
110.2,2.1777,-1.93437,-5.95109,-0.203629
110.3,1.95926,-2.28654,-5.2109,-0.16752
110.4,1.73079,-2.58125,-4.35721,-0.0164902
110.5,1.49919,-2.80887,-3.41186,-0.186222
110.6,1.27155,-2.96143,-2.39977,0.0822998
110.7,1.05494,-3.03284,-1.34834,-0.0638658
110.8,0.845268,-3.01944,-0.286701,0.00576808
110.9,0.620915,-2.9223,0.755489,-0.374754
111,0.387322,-2.74607,1.74967,-0.178481
111.1,0.151506,-2.49746,2.66928,0.131794
111.2,-0.0795821,-2.18503,3.49044,-1.03062
111.3,-0.299244,-1.81888,4.19254,-1.8889
111.4,-0.501202,-1.41032,4.75871,0.141032
111.5,-0.67976,-0.971559,5.17623,-1.77544
111.6,-0.829936,-0.515318,5.43676,-0.659317
111.7,-0.947572,-0.0544753,5.53642,-0.865316
111.8,-1.02817,0.398317,5.47584,-0.160669
111.9,-1.0616,0.83149,5.25989,-0.123207
112,-1.052,1.23452,4.89731,-3.32738
112.1,-1.00682,1.59726,4.40043,-1.29937
112.2,-0.927983,1.91038,3.78503,0.0964776
112.3,-0.810889,2.16662,3.06981,-2.16319
112.4,-0.657706,2.36074,2.27565,-0.186608
112.5,-0.47136,2.48942,1.42493,-0.841107
112.6,-0.255332,2.55133,0.540853,-2.51812
112.7,-0.0135089,2.54706,-0.353268,-0.485174
112.8,0.249975,2.47912,-1.23465,-1.06901
112.9,0.530912,2.35185,-2.08172,-1.84961
113,0.825191,2.17121,-2.87471,-0.761686
113.1,1.12362,1.94457,-3.5962,-0.192573
113.2,1.37948,1.67801,-4.23126,-0.958701
113.3,1.58386,1.37582,-4.76665,-0.25006
113.4,1.73852,1.0435,-5.19082,-0.220919
113.5,1.84566,0.687801,-5.49437,0.171557
113.6,1.90793,0.316517,-5.67046,-0.312934
113.7,1.92853,-0.0617101,-5.71512,-1.1103
113.8,1.91122,-0.437653,-5.62752,-0.149427
113.9,1.86027,-0.801763,-5.41014,-1.18467
114,1.78049,-1.14445,-5.06879,-0.820863
114.1,1.6771,-1.45638,-4.61262,-0.0360658
114.2,1.55571,-1.72874,-4.05394,-0.780697
114.3,1.4222,-1.95352,-3.40806,0.17073
114.4,1.28259,-2.1238,-2.69285,-0.53901
114.5,1.14293,-2.23393,-1.92842,-0.302181
114.6,1.00917,-2.27978,-1.1366,-2.41213
114.7,0.875943,-2.25922,-0.340338,-1.02573
114.8,0.734334,-2.17357,0.437256,-1.65963
114.9,0.590061,-2.02636,1.17397,0.187698
115,0.449066,-1.82271,1.84912,-0.430077
115.1,0.317307,-1.56909,2.44403,0.11831
115.2,0.200624,-1.27315,2.94254,-1.9252
115.3,0.104618,-0.943431,3.3313,0.375562
115.4,0.0345464,-0.589108,3.60007,-0.58072
115.5,-0.0047664,-0.219717,3.74191,-0.1262
115.6,-0.00899842,0.155137,3.75324,0.27442
115.7,0.0256257,0.526063,3.63378,-0.805245
115.8,0.102314,0.884156,3.38649,-1.04936
115.9,0.223709,1.22125,3.01732,-1.14339
116,0.391925,1.53015,2.53491,0.344478
116.1,0.608597,1.80482,1.95022,0.220301
116.2,0.874967,2.04058,1.27608,-1.54438
116.3,1.18112,2.234,0.526742,-1.03838
116.4,1.4791,2.37979,-0.282163,-0.473875
116.5,1.76002,2.47143,-1.13279,-1.62743
116.6,2.0201,2.50381,-2.00524,0.122277
116.7,2.25549,2.47356,-2.87814,-2.33095
116.8,2.46251,2.37906,-3.72923,0.0727988
116.9,2.63773,2.22063,-4.53602,0.0677528
117,2.77819,2.00046,-5.27646,-0.269859
117.1,2.8815,1.72265,-5.92961,-0.389452
117.2,2.94599,1.3931,-6.47627,-3.11514
117.3,2.97077,1.01938,-6.89962,-2.04004
117.4,2.95586,0.610581,-7.18574,-1.32369
117.5,2.90219,0.177041,-7.32414,0.190535
117.6,2.81162,-0.269888,-7.30811,-1.75403
117.7,2.68698,-0.718155,-7.13506,-0.484777
117.8,2.53197,-1.15534,-6.80669,-0.535222
117.9,2.35116,-1.56898,-6.32907,-1.17237
118,2.14982,-1.94697,-5.71257,-0.328146
118.1,1.93386,-2.27787,-4.97169,0.159226
118.2,1.70967,-2.55127,-4.12477,-1.15042
118.3,1.48394,-2.75813,-3.19357,-1.10154
118.4,1.26354,-2.89103,-2.20272,0.118091
118.5,1.05528,-2.94446,-1.17913,-0.288167
118.6,0.855684,-2.91527,-0.151258,0.0755974
118.7,0.644092,-2.80484,0.852071,0.136471
118.8,0.425863,-2.618,1.80321,-0.0864048
118.9,0.207997,-2.36161,2.67655,-0.655686
119,-0.00258059,-2.04421,3.44921,-0.536043
119.1,-0.199194,-1.67583,4.10154,-0.474517
119.2,-0.375582,-1.26761,4.61764,0.38433
119.3,-0.526037,-0.831495,4.98561,-0.0407742
119.4,-0.645538,-0.379858,5.19787,0.36033
119.5,-0.72984,0.0748425,5.25116,0.0165079
119.6,-0.775555,0.520425,5.14655,-1.78443
119.7,-0.780187,0.945319,4.88928,0.0395554
119.8,-0.742151,1.33888,4.48849,-0.32382
119.9,-0.660755,1.69167,3.95683,0.322289
120,-0.536155,1.99569,3.31001,-0.44457
120.1,-0.369277,2.24462,2.56628,-0.593997
120.2,-0.161721,2.43389,1.74575,0.382754
120.3,0.0843624,2.56086,0.869832,0.0294296
120.4,0.36642,2.62481,-0.0394913,-1.39629
120.5,0.681653,2.62697,-0.96032,0.178114
120.6,1.02699,2.57041,-1.87151,-1.83241
120.7,1.35921,2.45853,-2.75318,-1.51386
120.8,1.64652,2.29175,-3.58607,0.0208969
120.9,1.888,2.07135,-4.35114,-0.0196465
121,2.08305,1.80044,-5.03012,-1.71045
121.1,2.23151,1.48382,-5.60611,0.0989692
121.2,2.33374,1.12791,-6.0642,-3.96536
121.3,2.3908,0.74057,-6.39198,-4.13994
121.4,2.4044,0.330889,-6.57999,-1.59479
121.5,2.37705,-0.0910488,-6.62217,-8.2773
121.6,2.31199,-0.514446,-6.51609,-1.53158
121.7,2.21321,-0.928095,-6.26319,-2.24543
121.8,2.0854,-1.32069,-5.86888,-0.642478
121.9,1.93386,-1.68117,-5.34246,-0.0294735
122,1.76441,-1.99904,-4.69703,-0.611914
122.1,1.5833,-2.26467,-3.94923,0.185113
122.2,1.39701,-2.46964,-3.11885,-0.432304
122.3,1.21218,-2.60698,-2.22838,-1.07019
122.4,1.03535,-2.67143,-1.30247,0.384019
122.5,0.862399,-2.65989,-0.36726,-0.974843
122.6,0.677184,-2.57341,0.550706,0.379354
122.7,0.485299,-2.41597,1.42584,-1.25182
122.8,0.293216,-2.19341,2.23428,-0.202818
122.9,0.107391,-1.9132,2.9545,-1.00029
123,-0.0659002,-1.58418,3.56782,0.177466
123.1,-0.220712,-1.21628,4.05889,-0.450805
123.2,-0.351561,-0.820221,4.41594,-0.881339
123.3,-0.453539,-0.40718,4.63106,-0.246244
123.4,-0.522411,0.0115208,4.7003,-2.29285
123.5,-0.554679,0.424751,4.62364,0.1914
123.6,-0.547623,0.821883,4.40486,0.0308825
123.7,-0.499317,1.19308,4.05135,-0.159794
123.8,-0.408615,1.52956,3.57376,-0.704801
123.9,-0.275108,1.82385,2.98558,-0.222748
124,-0.0990572,2.06992,2.30269,-0.645421
124.1,0.1187,2.2634,1.54278,-0.428426
124.2,0.376866,2.40162,0.72477,0.173458
124.3,0.673818,2.48373,-0.1318,0.200419
124.4,1.00775,2.51063,-1.00739,-3.5913
124.5,1.34022,2.48373,-1.88299,-0.52974
124.6,1.63583,2.40148,-2.73954,-0.860515
124.7,1.89276,2.26299,-3.55746,-1.29056
124.8,2.10937,2.06914,-4.31716,0.199586
124.9,2.28435,1.82261,-4.9997,-1.14729
125,2.41683,1.52781,-5.58735,-1.29028
125.1,2.50656,1.19078,-6.06424,-0.00288065
125.2,2.55393,0.819012,-6.41684,0.106421
125.3,2.56009,0.421321,-6.63452,-0.120664
125.4,2.52695,0.00756266,-6.70989,-0.0110476
125.5,2.45725,-0.411613,-6.63918,-2.66593
125.6,2.35447,-0.825054,-6.42243,0.339408
125.7,2.22287,-1.22143,-6.06363,-0.0393482
125.8,2.06735,-1.58953,-5.57073,-0.16991
125.9,1.89341,-1.91863,-4.95551,-0.201835
126,1.70699,-2.1988,-4.2334,0.29039
126.1,1.51439,-2.42118,-3.4231,0.0443444
126.2,1.32205,-2.57831,-2.54619,0.126249
126.3,1.13646,-2.66436,-1.62658,-3.11766
126.4,0.963161,-2.67533,-0.689909,0.123677
126.5,0.785799,-2.61024,0.237254,-0.642401
126.6,0.600441,-2.47218,1.12874,-0.615011
126.7,0.413661,-2.26646,1.95988,-0.598687
126.8,0.232079,-2.00006,2.70818,0.131809
126.9,0.0621967,-1.68144,3.35383,-0.436037
127,-0.089752,-1.32024,3.88022,0.192457
127.1,-0.21794,-0.926975,4.27425,-1.66591
127.2,-0.317066,-0.512735,4.52665,-1.76074
127.3,-0.382453,-0.0888378,4.63204,-0.995787
127.4,-0.410119,0.33349,4.58902,-3.08889
127.5,-0.396826,0.74344,4.40005,-3.29732
127.6,-0.340098,1.13092,4.07124,0.33956
127.7,-0.23821,1.48683,3.61209,-0.727085
127.8,-0.0901506,1.8033,3.03507,-2.01678
127.9,0.104442,2.07393,2.35514,0.197487
128,0.345378,2.2939,1.58923,-0.819494
128.1,0.632028,2.46012,0.755685,-1.91985
128.2,0.963464,2.57131,-0.126422,-0.334611
128.3,1.3096,2.62714,-1.0378,-0.168081
128.4,1.62565,2.62434,-1.95858,-1.52119
128.5,1.90839,2.55984,-2.86763,-0.103043
128.6,2.15505,2.43241,-3.74311,-0.988982
128.7,2.36308,2.24279,-4.56306,-0.466242
128.8,2.53036,1.99362,-5.30611,-1.15126
128.9,2.65531,1.68946,-5.95217,-1.99814
129,2.73701,1.33665,-6.48305,-0.898469
129.1,2.77533,0.943171,-6.88308,-2.04575
129.2,2.77096,0.518462,-7.13962,-0.00126162
129.3,2.72551,0.0731582,-7.24359,-0.639666
129.4,2.64148,-0.381178,-7.18978,-0.241493
129.5,2.52226,-0.832377,-6.97713,0.203341
129.6,2.3721,-1.268,-6.60893,-0.0661873
129.7,2.19603,-1.67567,-6.0928,-2.2792
129.8,1.99976,-2.04348,-5.44062,-0.251361
129.9,1.78955,-2.3603,-4.66831,0.200357
130,1.57207,-2.61612,-3.79553,-1.15269
130.1,1.35424,-2.80241,-2.84515,-0.164606
130.2,1.14306,-2.91235,-1.84275,-1.41782
130.3,0.94384,-2.9411,-0.815983,0.384004
130.4,0.735854,-2.88731,0.206365,-2.42653
130.5,0.515794,-2.75416,1.19587,-1.42476
130.6,0.290469,-2.54715,2.12565,-0.147136
130.7,0.0667276,-2.27369,2.97111,-0.0347274
130.8,-0.148732,-1.94284,3.71053,-0.761521
130.9,-0.34953,-1.56499,4.32561,-1.4708
131,-0.529764,-1.15157,4.80188,-1.2845
131.1,-0.684152,-0.714685,5.12897,-0.311786
131.2,-0.80815,-0.266771,5.30087,-1.98626
131.3,-0.898045,0.179762,5.31588,-0.0784155
131.4,-0.951023,0.61288,5.1766,-2.07772
131.5,-0.965206,1.02125,4.88975,0.0155227
131.6,-0.93966,1.39454,4.46583,-1.47826
131.7,-0.874377,1.7237,3.91873,0.190371
131.8,-0.770224,2.00116,3.26527,0.161996
131.9,-0.62887,2.22104,2.52464,-0.999919
132,-0.452685,2.37927,1.71775,0.0503719
132.1,-0.244621,2.47364,0.86661,-0.401283
132.2,-0.00807113,2.50389,-0.00631418,-0.469662
132.3,0.253283,2.47161,-0.878809,-0.5921
132.4,0.535634,2.38021,-1.72954,0.373481
132.5,0.835223,2.23479,-2.53865,-2.78321
132.6,1.14167,2.04186,-3.28835,-0.183093
132.7,1.40659,1.80643,-3.96299,0.131297
132.8,1.62198,1.53191,-4.54828,-1.11848
132.9,1.78904,1.22297,-5.03131,-0.264947
133,1.90938,0.885672,-5.40105,-0.189491
133.1,1.98508,0.527218,-5.64881,0.0108503
133.2,2.01877,0.155796,-5.76859,-0.847322
133.3,2.01365,-0.219669,-5.75739,-0.726941
133.4,1.97346,-0.589761,-5.61544,-0.71127
133.5,1.90253,-0.944848,-5.34631,-0.693288
133.6,1.80567,-1.27537,-4.95692,-3.22664
133.7,1.68814,-1.57212,-4.45749,-0.355533
133.8,1.55553,-1.82652,-3.86138,-0.382463
133.9,1.4137,-2.03091,-3.18477,0.22456
134,1.26861,-2.17878,-2.44634,0.250586
134.1,1.12619,-2.26499,-1.66683,-0.738174
134.2,0.992214,-2.28599,-0.868464,0.316079
134.3,0.857924,-2.24042,-0.0744163,-0.746519
134.4,0.717665,-2.1304,0.692306,0.181528
134.5,0.577388,-1.96007,1.40982,-4.06409
134.6,0.443154,-1.73507,2.05797,-0.101383
134.7,0.320999,-1.46236,2.6188,0.214944
134.8,0.216806,-1.14994,3.07699,-0.147099
134.9,0.136188,-0.806649,3.42016,-0.995836
135,0.0843923,-0.441852,3.63913,-3.05337
135.1,0.0662142,-0.0651614,3.72806,0.181588
135.2,0.0859439,0.313847,3.68447,0.0358925
135.3,0.14733,0.685918,3.50918,-0.390247
135.4,0.253568,1.04238,3.20616,0.116779
135.5,0.407322,1.37541,2.78225,-0.779751
135.6,0.610764,1.67824,2.24689,-0.092511
135.7,0.865645,1.94533,1.61166,-0.697623
135.8,1.1643,2.17241,0.889826,-0.686356
135.9,1.45972,2.35354,0.0963309,0.195651
136,1.74173,2.48136,-0.751428,-0.166899
136.1,2.00625,2.54987,-1.6337,0.00875924
136.2,2.24906,2.55472,-2.5289,0.035469
136.3,2.46603,2.49336,-3.41427,-0.610077
136.4,2.65328,2.36518,-4.26645,-0.536274
136.5,2.80733,2.1715,-5.06224,0.156982
136.6,2.92525,1.91562,-5.77924,-0.584879
136.7,3.00479,1.60275,-6.39653,-1.49832
136.8,3.0445,1.2399,-6.89533,-0.555433
136.9,3.04383,0.835726,-7.25963,-1.51028
137,3.00317,0.400319,-7.47669,-0.495041
137.1,2.92389,-0.0550537,-7.53752,-0.881672
137.2,2.80833,-0.518242,-7.43724,-3.64819
137.3,2.65983,-0.976541,-7.17532,-0.776185
137.4,2.48261,-1.41704,-6.75574,-1.60063
137.5,2.28171,-1.82698,-6.18696,-0.487874
137.6,2.0629,-2.19414,-5.48185,-2.69147
137.7,1.8325,-2.50717,-4.65738,-0.704576
137.8,1.59727,-2.75598,-3.73432,-0.374407
137.9,1.3642,-2.93202,-2.73669,-2.12491
138,1.14037,-3.02858,-1.69119,-1.3804
138.1,0.930389,-3.04103,-0.626511,-0.925968
138.2,0.711427,-2.96855,0.427604,-0.528238
138.3,0.481299,-2.81493,1.442,0.116739
138.4,0.247067,-2.58627,2.38929,0.373235
138.5,0.0157914,-2.29063,3.24457,-1.37964
138.6,-0.20566,-1.93767,3.98604,0.131012
138.7,-0.410785,-1.53841,4.59553,-0.291904
138.8,-0.593611,-1.10485,5.05892,-3.85841
138.9,-0.748834,-0.649629,5.3664,-0.355462
139,-0.87194,-0.185646,5.51264,0.206404
139.1,-0.959293,0.274297,5.49682,-0.399749
139.2,-1.008,0.717858,5.32255,-1.029
139.3,-1.01371,1.13364,4.99757,-2.28526
139.4,-0.980264,1.51128,4.53345,-1.13266
139.5,-0.906892,1.84148,3.94522,-0.747143
139.6,-0.793858,2.11672,3.25083,-0.0282098
139.7,-0.643085,2.33127,2.4706,-0.483821
139.8,-0.457203,2.48127,1.62648,-0.442121
139.9,-0.239425,2.56483,0.741468,-0.288594
140,0.00660507,2.58203,-0.161148,-0.297713
140.1,0.276967,2.53491,-1.05844,-0.748685
140.2,0.56764,2.42732,-1.92852,0.138968
140.3,0.874674,2.26486,-2.75116,0.36757
140.4,1.1829,2.0544,-3.50834,-0.469632
140.5,1.44422,1.80082,-4.18421,-1.17749
140.6,1.65461,1.5079,-4.76431,-1.28994
140.7,1.8154,1.18085,-5.23575,0.11443
140.8,1.92837,0.826221,-5.58769,-1.07393
140.9,1.99582,0.451733,-5.81179,-2.96306
141,2.0206,0.066052,-5.90259,-0.11833
141.1,2.00616,-0.32145,-5.85781,-0.131754
141.2,1.95652,-0.700964,-5.67851,0.381433
141.3,1.87628,-1.06253,-5.36923,0.00615111
141.4,1.77054,-1.39633,-4.93798,-1.816
141.5,1.64481,-1.693,-4.39613,-1.89657
141.6,1.50497,-1.94386,-3.75823,-3.2469
141.7,1.3571,-2.14129,-3.04166,-0.253495
141.8,1.20735,-2.27888,-2.26631,-5.09514
141.9,1.06187,-2.35171,-1.45401,0.168779
142,0.922377,-2.35659,-0.628056,-0.245704
142.1,0.774216,-2.29352,0.187661,0.0921934
142.2,0.620497,-2.16552,0.969827,0.382726
142.3,0.467236,-1.97729,1.69649,-0.348486
142.4,0.320504,-1.73507,2.34763,-0.587
142.5,0.18629,-1.44636,2.90562,-0.53416
142.6,0.0703666,-1.11969,3.35565,-5.15577
142.7,-0.0218263,-0.764356,3.68605,-1.48491
142.8,-0.085282,-0.390151,3.88849,0.181608
142.9,-0.115508,-0.00703613,3.95812,-0.742422
143,-0.108584,0.375133,3.89353,-0.354659
143.1,-0.0611962,0.746893,3.69674,-0.670567
143.2,0.0293537,1.09944,3.37295,-0.156109
143.3,0.165168,1.4249,2.9303,0.0419336
143.4,0.347798,1.71649,2.37948,0.0567694
143.5,0.57831,1.96877,1.73334,-2.31575
143.6,0.857388,2.17775,1.0064,-0.367336
143.7,1.17562,2.34081,0.214273,-2.32462
143.8,1.4827,2.45361,-0.626307,-0.11693
143.9,1.76863,2.51039,-1.49671,-0.424529
144,2.02987,2.50686,-2.37654,0.163782
144.1,2.26288,2.44052,-3.24418,-1.22226
144.2,2.46433,2.31069,-4.07748,0.0264486
144.3,2.63122,2.11861,-4.85439,-1.34928
144.4,2.76107,1.86741,-5.55361,0.154019
144.5,2.85198,1.56206,-6.15526,0.0159022
144.6,2.90284,1.20927,-6.64151,-0.62771
144.7,2.91331,0.817337,-6.99718,-0.730701
144.8,2.88399,0.39593,-7.2102,0.299792
144.9,2.81636,-0.0441441,-7.27215,-1.51355
145,2.71285,-0.491233,-7.17848,0.205777
145.1,2.5768,-0.933154,-6.92888,-0.903145
145.2,2.41239,-1.35753,-6.52732,-0.432933
145.3,2.22459,-1.75213,-5.98209,0.198271
145.4,2.01902,-2.10524,-5.30568,0.357112
145.5,1.80187,-2.40602,-4.51453,-0.626174
145.6,1.57968,-2.64478,-3.62871,-1.01609
145.7,1.35926,-2.81338,-2.67138,0.194977
145.8,1.14742,-2.90539,-1.66828,0.291003
145.9,0.949594,-2.91644,-0.647057,-0.404398
146,0.745698,-2.84553,0.363643,-0.0500977
146.1,0.531914,-2.6962,1.33566,-1.64236
146.2,0.315164,-2.47429,2.24251,-0.594828
146.3,0.102385,-2.18751,3.06009,-0.24643
146.4,-0.0996477,-1.84512,3.76727,0.092573
146.5,-0.284493,-1.45768,4.34641,-1.70456
146.6,-0.446192,-1.0367,4.78373,-0.707887
146.7,-0.579405,-0.594278,5.0696,-2.06659
146.8,-0.679522,-0.142786,5.19867,0.360421
146.9,-0.742743,0.305517,5.16992,-1.19783
147,-0.766139,0.73882,4.98656,-0.0127908
147.1,-0.74768,1.14608,4.65579,0.159929
147.2,-0.686227,1.51732,4.18851,-0.110307
147.3,-0.581508,1.8439,3.59888,-2.67487
147.4,-0.434052,2.11871,2.90383,-0.913295
147.5,-0.245101,2.33636,2.12246,-1.44922
147.6,-0.0165033,2.49331,1.27547,0.360064
147.7,0.249426,2.58793,0.384426,-1.12551
147.8,0.550054,2.6205,-0.528837,0.354064
147.9,0.882603,2.59321,-1.44293,0.259572
148,1.22851,2.5097,-2.33754,-0.0925815
148.1,1.5345,2.37128,-3.19332,-1.44634
148.2,1.79555,2.17838,-3.99107,0.176037
148.3,2.01085,1.93321,-4.71207,0.315593
148.4,2.17995,1.63974,-5.33868,-2.00797
148.5,2.30292,1.30361,-5.85491,0.0602882
148.6,2.38042,0.931965,-6.24705,-0.590571
148.7,2.4138,0.533314,-6.50413,-0.94802
148.8,2.40514,0.117263,-6.61834,-0.670496
148.9,2.3573,-0.305723,-6.5854,-2.80998
149,2.27386,-0.724619,-6.40481,-2.08524
149.1,2.15916,-1.12814,-6.07996,0.119993
149.2,2.01817,-1.50509,-5.61821,0.383279
149.3,1.85644,-1.84465,-5.03077,-0.49899
149.4,1.68002,-2.13675,-4.3325,0.0875392
149.5,1.49525,-2.37233,-3.54164,-2.2469
149.6,1.3087,-2.5437,-2.67936,-0.0482813
149.7,1.12696,-2.64471,-1.76927,0.0663923
149.8,0.955323,-2.67105,-0.836787,-0.88932
149.9,0.776786,-2.62145,0.0915876,-2.46535
150,0.588506,-2.49871,0.989686,-0.430005
150.1,0.396911,-2.30776,1.83272,-3.24985
150.2,0.208495,-2.05527,2.59793,0.215572
150.3,0.0296547,-1.74942,3.26518,-0.935156
150.4,-0.133468,-1.39962,3.8174,-2.77277
150.5,-0.275126,-1.01621,4.24099,-0.145885
150.6,-0.390091,-0.610177,4.52611,0.20009
150.7,-0.473757,-0.192785,4.66679,-0.156814
150.8,-0.522222,0.224718,4.66104,-0.30479
150.9,-0.532339,0.631436,4.51075,-2.68348
151,-0.501746,1.01712,4.2215,0.197669
151.1,-0.428866,1.37246,3.80231,-0.909244
151.2,-0.312874,1.68932,3.26527,-1.54334
151.3,-0.153645,1.96094,2.62507,-2.88024
151.4,0.0483282,2.18215,1.8985,-0.0248173
151.5,0.292042,2.34943,1.10386,0.0907673
151.6,0.57611,2.46104,0.260398,-0.457784
151.7,0.898909,2.51704,-0.612372,-0.872209
151.8,1.24103,2.51883,-1.49522,-0.139555
151.9,1.55081,2.46536,-2.3691,0.213231
152,1.82328,2.35489,-3.21432,-0.302691
152.1,2.05654,2.18746,-4.01087,0.178761
152.2,2.24899,1.96494,-4.73911,0.156599
152.3,2.39942,1.69094,-5.38032,0.131133
152.4,2.50717,1.37081,-5.91738,-1.68805
152.5,2.57226,1.01145,-6.3353,-0.969143
152.6,2.59538,0.621185,-6.62178,-1.14986
152.7,2.57805,0.209514,-6.76763,-0.737406
152.8,2.52258,-0.213121,-6.76716,0.142549
152.9,2.43208,-0.635625,-6.61846,0.187824
153,2.31046,-1.04656,-6.32357,-0.378002
153.1,2.16233,-1.43446,-5.88856,-1.51154
153.2,1.99295,-1.78817,-5.32344,-0.0248346
153.3,1.80811,-2.09719,-4.64206,0.305488
153.4,1.61401,-2.35197,-3.86174,-2.54923
153.5,1.4171,-2.54421,-3.00298,-0.568376
153.6,1.22394,-2.66717,-2.08889,0.191944
153.7,1.04101,-2.71585,-1.14463,0.193621
153.8,0.864602,-2.68748,-0.196799,-1.09455
153.9,0.677621,-2.58345,0.727766,-2.48556
154,0.485646,-2.4082,1.6033,-0.176922
154.1,0.295331,-2.16804,2.40593,0.105532
154.2,0.113284,-1.87082,3.11426,-1.36804
154.3,-0.0540921,-1.5258,3.70992,-0.0552579
154.4,-0.20075,-1.14323,4.17794,-0.873624
154.5,-0.321125,-0.734115,4.50708,0.159244
154.6,-0.410251,-0.309869,4.69005,-1.87062
154.7,-0.463842,0.118044,4.72356,-2.21172
154.8,-0.478359,0.538416,4.6083,-0.583094
154.9,-0.451042,0.940616,4.34879,0.139601
155,-0.379915,1.31489,3.95313,-0.138426
155.1,-0.263767,1.6526,3.43265,0.185181
155.2,-0.102094,1.94649,2.80144,0.197827
155.3,0.104972,2.19083,2.07589,-0.0448167
155.4,0.356771,2.38161,1.27411,-0.178042
155.5,0.652242,2.51656,0.415285,-0.218333
155.6,0.990068,2.59528,-0.480917,-0.479122
155.7,1.33468,2.61806,-1.39491,-1.00073
155.8,1.64587,2.58219,-2.30671,-1.0501
155.9,1.92111,2.48546,-3.19534,-1.80811
156,2.15798,2.32755,-4.03939,-1.4775
156.1,2.35438,2.11003,-4.81766,-1.48719
156.2,2.50864,1.83636,-5.50985,-0.384763
156.3,2.61967,1.51184,-6.09718,-0.46683
156.4,2.68707,1.14346,-6.56302,-0.466589
156.5,2.71121,0.739727,-6.89347,-0.0479961
156.6,2.69332,0.310478,-7.07784,-0.436815
156.7,2.63549,-0.133401,-7.10909,-1.47333
156.8,2.54068,-0.580264,-6.98411,-2.01534
156.9,2.41271,-1.01802,-6.70397,-1.10293
157,2.25619,-1.43447,-6.27399,-0.157632
157.1,2.07646,-1.81767,-5.70372,0.197312
157.2,1.87943,-2.15627,-5.00682,-0.188746
157.3,1.67152,-2.43987,-4.20075,-0.493669
157.4,1.45944,-2.65931,-3.30641,0.172821
157.5,1.25007,-2.80702,-2.34761,-0.0459843
157.6,1.05028,-2.87722,-1.35054,-0.29505
157.7,0.856538,-2.86643,-0.343025,-1.78472
157.8,0.649166,-2.77561,0.646615,-0.112877
157.9,0.4335,-2.60906,1.59106,0.017679
158,0.216319,-2.3731,2.46485,-0.735172
158.1,0.00436453,-2.07578,3.24506,-0.339298
158.2,-0.195842,-1.72661,3.91184,-0.695512
158.3,-0.378157,-1.33631,4.44889,-0.556872
158.4,-0.536964,-0.916421,4.84381,-0.631883
158.5,-0.667299,-0.479007,5.08834,-0.857154
158.6,-0.764958,-0.036274,5.17849,-0.806769
158.7,-0.826567,0.39976,5.11451,-1.51659
158.8,-0.849641,0.817605,4.90078,0.186213
158.9,-0.832598,1.20661,4.54556,0.119808
159,-0.774759,1.55723,4.06064,-3.03606
159.1,-0.676303,1.86131,3.46093,-0.0364054
159.2,-0.538209,2.11223,2.76393,-0.147544
159.3,-0.362168,2.30512,1.98915,0.377064
159.4,-0.150467,2.43692,1.15748,0.254054
159.5,0.0941421,2.50645,0.290575,-1.29507
159.6,0.368592,2.51441,-0.589844,0.169572
159.7,0.66966,2.46334,-1.46262,-1.46194
159.8,0.994146,2.35752,-2.30779,-0.391938
159.9,1.30706,2.20177,-3.10709,-3.19994
160,1.57304,1.99805,-3.84343,-1.75944
160.1,1.7921,1.74878,-4.5004,0.367029
160.2,1.96455,1.45799,-5.06272,-0.0778901
160.3,2.09112,1.13122,-5.51679,-1.84636
160.4,2.17308,0.775363,-5.85118,0.32187
160.5,2.2123,0.398465,-6.05709,-0.0672481
160.6,2.21126,0.00954216,-6.1287,-4.00558
160.7,2.17312,-0.381696,-6.0635,-3.21741
160.8,2.10167,-0.765112,-5.86243,0.187958
160.9,2.00133,-1.13043,-5.53003,-2.84783
161,1.87706,-1.46754,-5.07442,-1.13709
161.1,1.73429,-1.7668,-4.50717,-1.76382
161.2,1.57882,-2.01931,-3.84312,-0.0497377
161.3,1.4167,-2.21724,-3.10003,-0.461962
161.4,1.25409,-2.35403,-2.29819,-6.61834
161.5,1.0971,-2.42466,-1.45993,-1.43509
161.6,0.949979,-2.42581,-0.609045,-0.70541
161.7,0.797715,-2.35711,0.22997,-0.441168
161.8,0.64015,-2.22165,1.03314,-0.991529
161.9,0.483508,-2.02437,1.7779,-0.251286
162,0.334064,-1.77176,2.44373,0.00801582
162.1,0.198002,-1.4716,3.01258,-0.214461
162.2,0.0812809,-1.13274,3.46933,-0.0315827
162.3,-0.0104863,-0.764781,3.8021,0.243556
162.4,-0.0721345,-0.377825,4.00246,-0.77091
162.5,-0.0990282,0.0178648,4.06556,-2.14534
162.6,-0.0871202,0.412154,3.99012,0.191456
162.7,-0.0329845,0.795326,3.77835,-0.723601
162.8,0.0661774,1.15836,3.43575,-0.821259
162.9,0.212557,1.4932,2.97079,-0.522004
163,0.407787,1.79295,2.3946,-0.686449
163.1,0.653017,2.05208,1.72047,-3.74766
163.2,0.94901,2.26658,0.96336,-0.304763
163.3,1.27245,2.43337,0.139411,-0.0167152
163.4,1.57919,2.54673,-0.733759,0.196793
163.5,1.86469,2.60076,-1.63637,-1.51258
163.6,2.12512,2.59129,-2.54688,0.216714
163.7,2.35669,2.51594,-3.44258,-0.697865
163.8,2.55584,2.3743,-4.30029,-0.155236
163.9,2.71941,2.1679,-5.09703,-0.895305
164,2.84477,1.90027,-5.81067,-0.0648352
164.1,2.92998,1.57684,-6.4207,-1.04512
164.2,2.9739,1.20482,-6.90878,-0.208637
164.3,2.97623,0.793056,-7.25943,-1.9381
164.4,2.93764,0.351803,-7.46048,-0.329429
164.5,2.85977,-0.107552,-7.50357,-0.177744
164.6,2.74521,-0.572772,-7.38451,-0.0545398
164.7,2.59751,-1.03111,-7.10344,-1.83685
164.8,2.4211,-1.46967,-6.66504,-0.796304
164.9,2.22122,-1.87574,-6.07846,-2.4132
165,2.00378,-2.23721,-5.35723,-1.0373
165.1,1.77525,-2.54289,-4.51893,-1.22233
165.2,1.54249,-2.78289,-3.58487,0.181737
165.3,1.31255,-2.9489,-2.57955,0.226676
165.4,1.09255,-3.03448,-1.53004,-0.26441
165.5,0.883073,-3.03544,-0.4653,-1.51825
165.6,0.6603,-2.95193,0.584905,-3.08053
165.7,0.427075,-2.7882,1.59168,0.356042
165.8,0.190424,-2.55064,2.52802,-0.251584
165.9,-0.0426639,-2.24755,3.36948,-0.360242
166,-0.265419,-1.88881,4.09481,-1.06145
166.1,-0.471468,-1.48558,4.68646,0.0636284
166.2,-0.654997,-1.04997,5.13094,-2.73337
166.3,-0.810883,-0.594683,5.41914,0.0196538
166.4,-0.934818,-0.132623,5.54643,-0.862195
166.5,-1.02266,0.323454,5.51268,0.136997
166.6,-1.0635,0.761764,5.32209,-1.18801
166.7,-1.06003,1.17169,4.98275,0.18797
166.8,-1.01967,1.54297,4.50642,0.15614
166.9,-0.94676,1.86602,3.90831,0.320013
167,-0.835752,2.13311,3.20674,-3.30305
167.1,-0.68812,2.33868,2.42232,-2.03911
167.2,-0.506689,2.47906,1.57728,-0.09173
167.3,-0.294864,2.55256,0.694789,0.333783
167.4,-0.0564863,2.55946,-0.201735,-2.41641
167.5,0.20433,2.50196,-1.08931,-0.998256
167.6,0.483366,2.3841,-1.94606,0.0268392
167.7,0.776469,2.2116,-2.7518,-0.708108
167.8,1.07768,1.99165,-3.48864,-1.67378
167.9,1.34267,1.73086,-4.14121,0.253428
168,1.55582,1.43348,-4.69597,-0.00964834
168.1,1.71883,1.10482,-5.14099,-0.438979
168.2,1.8338,0.751435,-5.46645,-0.083966
168.3,1.9033,0.381003,-5.665,-2.03056
168.4,1.93046,0.00206668,-5.73216,-0.456444
168.5,1.91894,-0.376195,-5.66653,0.333619
168.6,1.87293,-0.744235,-5.47001,-2.95692
168.7,1.79716,-1.09241,-5.14788,-4.94707
168.8,1.69681,-1.41129,-4.70874,-1.18462
168.9,1.57745,-1.69193,-4.16444,-1.3299
169,1.44492,-1.92612,-3.52982,0.382339
169.1,1.30527,-2.10671,-2.82241,0.0349218
169.2,1.16455,-2.22782,-2.06206,-0.22082
169.3,1.02876,-2.28501,-1.27041,-0.710164
169.4,0.89584,-2.27571,-0.470333,-2.16285
169.5,0.754032,-2.20071,0.314919,0.163193
169.6,0.608461,-2.06329,1.06288,-0.449964
169.7,0.465058,-1.86832,1.7525,-0.704443
169.8,0.32979,-1.62209,2.36472,-0.269159
169.9,0.208525,-1.33209,2.88286,-0.528782
170,0.106911,-1.00676,3.29305,-1.21781
170.1,0.030262,-0.655226,3.58453,-0.456536
170.2,-0.0165302,-0.287018,3.74977,-2.10815
170.3,-0.0290713,0.0882141,3.78462,-1.99295
170.4,-0.00351348,0.460987,3.68831,-2.4332
170.5,0.063419,0.822259,3.46328,-1.08315
170.6,0.174429,1.16369,3.11504,-0.5545
170.7,0.331674,1.47786,2.65188,0.198819
170.8,0.536815,1.75852,2.08446,-1.30729
170.9,0.791095,2.0007,1.42541,-1.44323
171,1.09266,2.20088,0.688872,0.163546
171.1,1.39629,2.35485,-0.109824,0.243374
171.2,1.68317,2.45611,-0.953367,0.10417
171.3,1.94962,2.49928,-1.82232,-1.18101
171.4,2.19185,2.48062,-2.69564,0.17234
171.5,2.40618,2.39818,-3.5513,-2.11997
171.6,2.58917,2.25188,-4.36691,-2.23809
171.7,2.7378,2.04356,-5.12038,0.157288
171.8,2.8496,1.77692,-5.79059,0.144513
171.9,2.92279,1.4575,-6.35806,-0.0219149
172,2.95634,1.09254,-6.80552,-0.146694
172.1,2.95013,0.690821,-7.11854,-1.32554
172.2,2.90489,0.262415,-7.28598,-1.39106
172.3,2.82236,-0.181536,-7.30042,-0.881356
172.4,2.70515,-0.629136,-7.15848,-1.68499
172.5,2.55683,-1.06805,-6.86103,-1.84954
172.6,2.38177,-1.48586,-6.41331,0.186154
172.7,2.18513,-1.87038,-5.82482,-0.364347
172.8,1.97269,-2.21008,-5.10927,-0.373998
172.9,1.75074,-2.49436,-4.28423,-1.83704
173,1.52593,-2.71392,-3.37078,-0.466659
173.1,1.30506,-2.86105,-2.39295,-2.70003
173.2,1.09496,-2.92988,-1.37718,-1.05073
173.3,0.897018,-2.91668,-0.351617,0.381179
173.4,0.688812,-2.82185,0.654956,-2.7283
173.5,0.472725,-2.64975,1.61466,0.242736
173.6,0.255739,-2.40683,2.50151,-0.190418
173.7,0.0447962,-2.10131,3.29213,0.108434
173.8,-0.153374,-1.74291,3.96626,-0.0160256
173.9,-0.332423,-1.34254,4.50727,-0.0362616
174,-0.486527,-0.911972,4.90251,0.196368
174.1,-0.610521,-0.463483,5.14356,-0.964553
174.2,-0.699993,-0.00949463,5.22631,-0.688494
174.3,-0.751372,0.437777,5.15099,-0.347429
174.4,-0.761966,0.866663,4.92201,-1.58849
174.5,-0.729987,1.26636,4.54774,0.363687
174.6,-0.654537,1.62721,4.0401,-0.221721
174.7,-0.535571,1.94098,3.41419,-0.09048
174.8,-0.373822,2.20101,2.68769,-1.93352
174.9,-0.17071,2.40243,1.88032,-0.350385
175,0.0717796,2.54225,1.01318,-0.627464
175.1,0.351237,2.61939,0.108068,-0.61257
175.2,0.664986,2.63472,-0.813174,-0.132707
175.3,1.01023,2.59098,-1.72934,-0.057938
175.4,1.3466,2.49141,-2.62037,0.00985416
175.5,1.63881,2.33624,-3.46683,-0.341462
175.6,1.88578,2.12642,-4.24935,0.279428
175.7,2.08674,1.86474,-4.94927,-0.668296
175.8,2.24134,1.55571,-5.54914,-0.673006
175.9,2.34978,1.2055,-6.03345,-1.17131
176,2.41288,0.821756,-6.38907,-0.403285
176.1,2.43219,0.41343,-6.60581,0.085209
176.2,2.41002,-0.00948782,-6.67677,-1.83692
176.3,2.34944,-0.436229,-6.59872,0.0437455
176.4,2.25429,-0.855545,-6.37228,0.19406
176.5,2.12911,-1.25603,-6.00204,-1.02672
176.6,1.97909,-1.62645,-5.49656,0.115406
176.7,1.81,-1.95606,-4.86829,-0.149152
176.8,1.628,-2.23497,-4.13324,-1.74094
176.9,1.4396,-2.45441,-3.31075,-0.384703
177,1.25142,-2.60702,-2.42296,0.285529
177.1,1.0701,-2.68712,-1.4943,-0.559621
177.2,0.896077,-2.69104,-0.550877,-0.261594
177.3,0.710375,-2.61893,0.380543,0.091775
177.4,0.516511,-2.4744,1.27392,-1.83209
177.5,0.320973,-2.26298,2.10481,0.0422943
177.6,0.13026,-1.9919,2.85104,0.33252
177.7,-0.049282,-1.66982,3.49319,-0.58355
177.8,-0.211613,-1.30656,4.01511,-1.61801
177.9,-0.351139,-0.912795,4.40422,0.0983489
178,-0.462828,-0.499738,4.65181,-1.3027
178.1,-0.542315,-0.0788048,4.75312,0.0752234
178.2,-0.585971,0.338712,4.70737,0.1521
178.3,-0.590953,0.741964,4.51769,-1.18254
178.4,-0.555225,1.12084,4.19085,-1.20088
178.5,-0.477548,1.46625,3.73701,0.0745492
178.6,-0.357448,1.77035,3.1693,0.314795
178.7,-0.195152,2.02675,2.50333,-0.173406
178.8,0.00849991,2.23068,1.7567,-1.35083
178.9,0.252164,2.37907,0.948348,-0.813729
179,0.534128,2.47065,0.0979879,-0.533982
179.1,0.852455,2.50596,-0.774538,-1.28711
179.2,1.19378,2.48707,-1.64987,0.0737186
179.3,1.50408,2.41412,-2.50918,0.262785
179.4,1.77525,2.28592,-3.3333,-0.928513
179.5,2.00575,2.10297,-4.10293,-0.802736
179.6,2.19434,1.86753,-4.79925,0.309539
179.7,2.34019,1.5836,-5.40454,-0.466979
179.8,2.44302,1.2568,-5.90277,-0.786368
179.9,2.50318,0.894258,-6.28013,-0.0840329
180,2.52172,0.504422,-6.52556,-1.40194
180.1,2.50045,0.0968275,-6.63115,-1.16138
180.2,2.44198,-0.318145,-6.59247,-1.65743
180.3,2.34967,-0.729563,-6.40886,-1.17627
180.4,2.22762,-1.12625,-6.0835,-0.563139
180.5,2.0806,-1.49708,-5.6235,-0.341517
180.6,1.91396,-1.83135,-5.03981,-0.571661
180.7,1.73355,-2.11907,-4.34699,0.0548056
180.8,1.54554,-2.35125,-3.56295,-0.627761
180.9,1.35634,-2.52024,-2.70849,-0.723189
181,1.17236,-2.61993,-1.80687,-0.484747
181.1,0.999947,-2.64602,-0.883136,-2.1498
181.2,0.828723,-2.59667,0.036518,-3.44288
181.3,0.648494,-2.47428,0.926003,-0.866109
181.4,0.465758,-2.28369,1.76055,-0.943449
181.5,0.2871,-2.03147,2.51739,-2.53584
181.6,0.119023,-1.7257,3.17633,-0.398765
181.7,-0.0321976,-1.37568,3.72021,-3.21122
181.8,-0.160658,-0.991637,4.13533,-0.568675
181.9,-0.260944,-0.584435,4.41166,-0.751935
182,-0.328233,-0.16523,4.54303,0.358182
182.1,-0.358369,0.254853,4.52722,-0.215624
182.2,-0.347913,0.665036,4.3658,-0.410448
182.3,-0.294169,1.05519,4.06403,-0.143946
182.4,-0.195175,1.41612,3.63058,-0.539673
182.5,-0.0496713,1.73982,3.07709,-0.0805015
182.6,0.142962,2.01965,2.41783,-0.495961
182.7,0.382793,2.25056,1.66905,0.263686
182.8,0.66945,2.42919,0.848537,-2.16689
182.9,1.00226,2.55393,-0.0250876,0.19231
183,1.34407,2.62378,-0.932839,-2.34289
183.1,1.65719,2.63474,-1.85486,-1.52339
183.2,1.93856,2.58342,-2.76989,-1.0187
183.3,2.18519,2.46829,-3.6558,-0.6932
183.4,2.39432,2.28977,-4.49029,-0.633962
183.5,2.56358,2.05021,-5.25151,0.132943
183.6,2.69114,1.75392,-5.91881,-0.317164
183.7,2.77587,1.40701,-6.47334,-0.136462
183.8,2.81738,1.01729,-6.89872,-0.637378
183.9,2.81616,0.594076,-7.18153,-0.707537
184,2.77358,0.147926,-7.31189,-0.478823
184.1,2.69195,-0.309601,-7.28375,-0.39876
184.2,2.57449,-0.766279,-7.09527,-2.69189
184.3,2.4253,-1.20955,-6.74892,-0.196094
184.4,2.24928,-1.62686,-6.25161,-0.987913
184.5,2.05205,-2.00606,-5.61457,0.0504442
184.6,1.83982,-2.33572,-4.85316,-0.0615963
184.7,1.61922,-2.6055,-3.98656,-2.54203
184.8,1.39721,-2.80647,-3.03734,-1.08403
184.9,1.18083,-2.93142,-2.03091,0.281169
185,0.976785,-2.97508,-0.99484,-0.00922803
185.1,0.767957,-2.93523,0.0418803,-1.34122
185.2,0.545577,-2.81451,1.05038,-2.97176
185.3,0.316471,-2.61812,2.0032,-0.633846
185.4,0.0875364,-2.35327,2.87507,-1.13786
185.5,-0.134455,-2.02882,3.64353,-0.100868
185.6,-0.343027,-1.65509,4.28949,-1.95424
185.7,-0.532167,-1.24348,4.79767,-0.385697
185.8,-0.696469,-0.806131,5.15692,-1.26471
185.9,-0.831262,-0.355599,5.36042,-1.34348
186,-0.932709,0.0955368,5.40577,0.198352
186.1,-0.997876,0.535012,5.29491,-0.137545
186.2,-1.02195,0.951313,5.03397,-0.426498
186.3,-1.00568,1.33409,4.6329,-1.19691
186.4,-0.953059,1.67372,4.10515,0.357268
186.5,-0.861875,1.96212,3.46728,-0.724262
186.6,-0.733695,2.193,2.73839,-0.188578
186.7,-0.570929,2.36188,1.93943,0.0213602
186.8,-0.376609,2.46616,1.09262,-0.805671
186.9,-0.154262,2.50518,0.220737,0.169568
187,0.0922431,2.48018,-0.653532,0.16537
187.1,0.358859,2.39424,-1.50827,-1.22492
187.2,0.641525,2.25217,-2.32295,-1.3849
187.3,0.936342,2.06032,-3.07898,-0.670135
187.4,1.22137,1.82594,-3.76022,-0.16988
187.5,1.45635,1.5538,-4.35272,-1.05747
187.6,1.64142,1.24837,-4.844,0.034187
187.7,1.77842,0.915418,-5.22337,0.150239
187.8,1.86965,0.561874,-5.48239,-0.876563
187.9,1.91788,0.195648,-5.6152,-2.81729
188,1.9264,-0.174606,-5.61887,-0.0615163
188.1,1.89904,-0.53974,-5.49357,-3.54475
188.2,1.84018,-0.890374,-5.24274,-1.1709
188.3,1.75462,-1.21718,-4.87309,-0.525372
188.4,1.64763,-1.51115,-4.39455,-0.434864
188.5,1.52477,-1.76389,-3.8201,-0.382596
188.6,1.39186,-1.96788,-3.16552,0.384368
188.7,1.2548,-2.1167,-2.44903,-0.124443
188.8,1.11951,-2.20527,-1.69086,-0.606511
188.9,0.991667,-2.23005,-0.912784,-0.913757
189,0.862947,-2.18964,-0.137451,-0.723792
189.1,0.728237,-2.086,0.612582,-0.942219
189.2,0.593368,-1.92304,1.31582,0.371623
189.3,0.464293,-1.70619,1.95242,-0.411961
189.4,0.346955,-1.44213,2.50464,-0.0835216
189.5,0.24716,-1.13861,2.9573,-0.384812
189.6,0.170466,-0.804197,3.29806,-0.436475
189.7,0.122085,-0.447999,3.5177,0.0106685
189.8,0.106801,-0.0793777,3.61021,0.152167
189.9,0.128919,0.29232,3.5729,0.384305
190,0.192223,0.658046,3.40629,-0.699323
190.1,0.299972,1.00931,3.11396,0.191004
190.2,0.454914,1.33843,2.70236,-0.843631
190.3,0.659328,1.63873,2.18043,-0.441582
190.4,0.915095,1.90478,1.55925,-0.108044
190.5,1.20863,2.13213,0.851582,-0.142383
190.6,1.49604,2.31416,0.0720454,-1.50811
190.7,1.77092,2.4435,-0.762178,-0.782391
190.8,2.02915,2.51418,-1.63156,-0.258715
190.9,2.26652,2.52186,-2.51475,-0.317185
191,2.47887,2.46399,-3.3892,-0.56853
191.1,2.6623,2.33989,-4.23181,0.0838423
191.2,2.8133,2.15084,-5.01954,0.292139
191.3,2.92892,1.90004,-5.73018,-0.441736
191.4,3.00689,1.59259,-6.34295,-0.0879345
191.5,3.04571,1.2354,-6.83919,-1.08056
191.6,3.04478,0.836992,-7.20292,-0.0127274
191.7,3.00442,0.407306,-7.42143,-0.0393125
191.8,2.92595,-0.0425337,-7.48568,-0.800793
191.9,2.81165,-0.500523,-7.3907,-0.170463
192,2.66475,-0.954097,-7.13583,0.198524
192.1,2.4894,-1.39048,-6.72484,-2.0424
192.2,2.29056,-1.79703,-6.16598,-1.04324
192.3,2.07388,-2.16164,-5.47181,-1.80518
192.4,1.84561,-2.47305,-4.65904,-0.809851
192.5,1.61242,-2.72122,-3.74806,0.0521628
192.6,1.38121,-2.89763,-2.76256,-0.206159
192.7,1.15897,-2.99558,-1.72889,0.361039
192.8,0.951403,-3.01043,-0.675365,-1.16982
192.9,0.737716,-2.94099,0.368555,-0.465421
193,0.513076,-2.79083,1.3739,-1.68887
193.1,0.284529,-2.56592,2.31341,-0.0879123
193.2,0.0591335,-2.27416,3.16224,0.282229
193.3,-0.156228,-1.92506,3.89862,0.246526
193.4,-0.355022,-1.52949,4.50436,-0.890545
193.5,-0.531221,-1.09928,4.96522,0.0776592
193.6,-0.679449,-0.646919,5.27127,-1.72691
193.7,-0.795095,-0.185176,5.41697,-0.466583
193.8,-0.874401,0.273283,5.40127,-0.0635492
193.9,-0.914529,0.716231,5.22748,-0.583142
194,-0.913591,1.13222,4.90306,-0.629501
194.1,-0.870648,1.51088,4.43929,-3.50446
194.2,-0.78569,1.84319,3.85086,-1.04388
194.3,-0.659571,2.12171,3.15534,-0.616342
194.4,-0.493928,2.34075,2.37261,-0.167652
194.5,-0.291077,2.4965,1.52421,0.187322
194.6,-0.0538724,2.58709,0.632668,-0.254332
194.7,0.214433,2.61262,-0.279158,0.200509
194.8,0.510356,2.57514,-1.18881,0.191542
194.9,0.830361,2.47852,-2.07485,0.197147
195,1.16274,2.32824,-2.91751,-0.477063
195.1,1.45468,2.12812,-3.6988,-1.33182
195.2,1.69748,1.88039,-4.40164,0.181077
195.3,1.89143,1.58881,-5.00996,-0.302124
195.4,2.03727,1.25872,-5.50931,-0.648075
195.5,2.13623,0.896888,-5.88735,-2.22277
195.6,2.19012,0.511361,-6.13436,-0.115893
195.7,2.20141,0.111215,-6.2436,0.361828
195.8,2.17323,-0.293683,-6.21165,-0.258047
195.9,2.1094,-0.692953,-6.03867,-1.82629
196,2.01435,-1.076,-5.72848,-0.0686917
196.1,1.8931,-1.43233,-5.28859,-0.826243
196.2,1.75118,-1.75183,-4.73015,-0.144827
196.3,1.59453,-2.02514,-4.0677,-1.0023
196.4,1.42935,-2.24387,-3.31892,-1.07554
196.5,1.26201,-2.40093,-2.50419,-0.0319282
196.6,1.09887,-2.49072,-1.64613,-2.50806
196.7,0.944127,-2.50942,-0.768992,0.382485
196.8,0.781632,-2.45623,0.102064,-0.313425
196.9,0.611248,-2.33397,0.942305,0.294735
197,0.439177,-2.14739,1.72833,0.075513
197.1,0.271693,-1.90284,2.43871,-0.073867
197.2,0.114981,-1.6081,3.05446,-0.551932
197.3,-0.0249966,-1.27209,3.55956,0.156308
197.4,-0.142639,-0.904564,3.94125,-2.49541
197.5,-0.232815,-0.515875,4.19029,-1.26436
197.6,-0.290956,-0.116612,4.30112,0.178326
197.7,-0.313128,0.282686,4.27191,-1.48292
197.8,-0.296076,0.67184,4.10443,0.187325
197.9,-0.237239,1.04131,3.80392,-0.443487
198,-0.13475,1.38248,3.37882,0.348278
198.1,0.0126076,1.68784,2.84037,-4.64134
198.2,0.205457,1.95126,2.20223,-0.0166512
198.3,0.443918,2.16809,1.47993,-1.34143
198.4,0.727715,2.3353,0.690359,-2.71537
198.5,1.05541,2.45154,-0.148829,0.177026
198.6,1.38211,2.5154,-1.01963,-1.68317
198.7,1.6811,2.52269,-1.903,-0.1978
198.8,1.94946,2.47026,-2.77854,-0.299947
198.9,2.18434,2.35673,-3.62505,-2.0879
199,2.38312,2.18259,-4.42118,-3.31225
199.1,2.54357,1.95022,-5.14606,-0.0359877
199.2,2.66398,1.66379,-5.78001,0.188776
199.3,2.7433,1.32927,-6.3051,-0.174078
199.4,2.7812,0.954201,-6.70577,-1.8256
199.5,2.77821,0.547566,-6.96935,-1.00519
199.6,2.73568,0.119536,-7.08656,-0.0981605
199.7,2.65588,-0.318785,-7.05183,-0.600544
199.8,2.54193,-0.755671,-6.86358,-1.24893
199.9,2.39781,-1.17909,-6.52443,-0.475234
200,2.22825,-1.57704,-6.04119,-0.372993
200.1,2.03866,-1.9379,-5.42483,-0.628866
200.2,1.83501,-2.25079,-4.69026,-1.27131
200.3,1.62368,-2.50588,-3.85603,-0.637524
200.4,1.41134,-2.6947,-2.94388,0.0670538
200.5,1.20472,-2.81042,-1.97827,0.0401607
200.6,1.0105,-2.84809,-0.985706,-1.4867
200.7,0.818684,-2.80537,0.00598526,0.282747
200.8,0.615326,-2.68451,0.968931,-2.79443
200.9,0.407126,-2.49053,1.8766,0.101995
201,0.20092,-2.23035,2.70457,-1.06607
201.1,0.00345382,-1.91252,3.43112,-2.2515
201.2,-0.178793,-1.54693,4.03776,-1.20218
201.3,-0.339753,-1.14451,4.50967,-0.48693
201.4,-0.473912,-0.716912,4.83598,0.00948222
201.5,-0.576422,-0.276127,5.00997,-0.139206
201.6,-0.643191,0.165825,5.02914,-0.16901
201.7,-0.670946,0.597253,4.89513,-2.69994
201.8,-0.657267,1.00712,4.61358,-0.150019
201.9,-0.600597,1.38534,4.19384,-2.2252
202,-0.500213,1.72304,3.64857,-0.835077
202.1,-0.356176,2.0128,2.99331,-1.38136
202.2,-0.169251,2.24882,2.24589,-2.15412
202.3,0.0591957,2.42709,1.42588,-0.106446
202.4,0.327329,2.54543,0.553927,0.323503
202.5,0.632989,2.60356,-0.348889,0.122821
202.6,0.973858,2.60309,-1.26172,-0.363519
202.7,1.31676,2.54647,-2.16453,-0.129928
202.8,1.61908,2.43317,-3.03763,-3.38984
202.9,1.87909,2.263,-3.8611,-1.56696
203,2.09547,2.03762,-4.61528,0.292073
203.1,2.26728,1.76049,-5.28139,-1.37332
203.2,2.39406,1.43681,-5.84219,-0.676009
203.3,2.476,1.07339,-6.28252,0.193056
203.4,2.51395,0.678473,-6.58988,0.0233345
203.5,2.50958,0.261539,-6.75487,-2.09212
203.6,2.46529,-0.166971,-6.7716,-1.71069
203.7,2.38433,-0.595929,-6.63794,-4.34636
203.8,2.2707,-1.01383,-6.35574,-0.261732
203.9,2.12911,-1.40911,-5.9309,0.314861
204,1.96494,-1.77051,-5.37332,-2.09278
204.1,1.78407,-2.08737,-4.69674,-2.16033
204.2,1.59281,-2.35,-3.91849,0.0193916
204.3,1.39772,-2.54993,-3.05906,0.383445
204.4,1.2055,-2.68024,-2.14167,-0.870546
204.5,1.02276,-2.73576,-1.19163,0.355966
204.6,0.842734,-2.71367,-0.235717,-1.3999
204.7,0.650393,-2.61548,0.69905,-1.14297
204.8,0.451905,-2.44556,1.58674,-0.543948
204.9,0.253863,-2.21011,2.40329,-0.702527
205,0.062813,-1.91699,3.12708,-0.27266
205.1,-0.11491,-1.5754,3.73952,0.18159
205.2,-0.273332,-1.19564,4.22541,-0.537044
205.3,-0.406974,-0.788764,4.57331,0.191534
205.4,-0.510969,-0.366242,4.77572,-0.0818499
205.5,-0.581153,0.0603453,4.8292,-0.206739
205.6,-0.614133,0.479659,4.73433,-0.428175
205.7,-0.607324,0.880911,4.49555,-0.718109
205.8,-0.558964,1.25416,4.12096,0.156418
205.9,-0.468096,1.59058,3.62194,-3.36487
206,-0.334523,1.88268,3.01273,-0.66191
206.1,-0.158735,2.12451,2.30994,-1.22703
206.2,0.0581823,2.31178,1.53195,-0.766694
206.3,0.314673,2.442,0.698356,-0.348147
206.4,0.608846,2.51446,-0.170702,-0.200787
206.5,0.938632,2.5303,-1.05515,0.160797
206.6,1.27801,2.49175,-1.93559,-1.13937
206.7,1.57975,2.39827,-2.79296,0.109774
206.8,1.8412,2.24918,-3.60788,-0.730023
206.9,2.06092,2.0456,-4.36103,-0.587065
207,2.23784,1.79041,-5.03378,-2.08947
207.1,2.37132,1.48822,-5.60883,-0.620797
207.2,2.46131,1.14523,-6.07077,-1.10017
207.3,2.50843,0.769107,-6.40662,0.0901572
207.4,2.51402,0.368753,-6.60631,-0.174219
207.5,2.48021,-0.0458971,-6.66307,0.128195
207.6,2.4099,-0.464164,-6.57376,-0.438602
207.7,2.30674,-0.874914,-6.33904,-1.15994
207.8,2.17514,-1.26687,-5.96351,-1.18042
207.9,2.02012,-1.62896,-5.45571,0.286615
208,1.84727,-1.95059,-4.82797,-3.14577
208.1,1.66262,-2.22202,-4.09616,-0.52918
208.2,1.47249,-2.43464,-3.27942,-1.18219
208.3,1.28336,-2.58127,-2.39962,0.111797
208.4,1.1017,-2.65635,-1.48089,-1.66633
208.5,0.931051,-2.65624,-0.54896,0.0748974
208.6,0.752868,-2.5807,0.369666,-0.150718
208.7,0.567647,-2.43328,1.24914,-0.236096
208.8,0.38194,-2.21948,2.06521,-0.86801
208.9,0.202317,-1.94649,2.79586,-0.0388814
209,0.0352095,-1.62292,3.42185,0.239877
209.1,-0.11324,-1.25849,3.92714,0.128759
209.2,-0.237313,-0.863769,4.29925,-0.564582
209.3,-0.33183,-0.449845,4.52953,-1.77698
209.4,-0.392246,-0.0279818,4.61322,-1.20176
209.5,-0.414716,0.390697,4.54949,0.19221
209.6,-0.396143,0.795525,4.34135,-0.385082
209.7,-0.334186,1.17659,3.9954,0.260396
209.8,-0.227252,1.525,3.52155,-0.424341
209.9,-0.0744512,1.83314,2.93261,-6.94022
210,0.124473,2.09484,2.24378,-0.41686
210.1,0.369238,2.30556,1.47217,-0.365809
210.2,0.659142,2.46248,0.636173,0.15378
210.3,0.993205,2.56458,-0.245159,-0.7526
210.4,1.33577,2.61152,-1.15263,0.282445
210.5,1.64742,2.59997,-2.06639,0.152459
210.6,1.92536,2.5271,-2.96544,-0.186207
210.7,2.1669,2.39195,-3.82809,-2.09819
210.8,2.36962,2.1955,-4.63265,-1.86324
210.9,2.53149,1.94062,-5.35812,-2.7648
211,2.65106,1.63206,-5.98481,-0.0857743
211.1,2.72755,1.27632,-6.49505,0.109848
211.2,2.76095,0.881514,-6.87368,0.198376
211.3,2.75209,0.457158,-7.10865,0.0783771
211.4,2.70269,0.013925,-7.19148,-0.128133
211.5,2.61536,-0.436636,-7.11754,-2.20695
211.6,2.4936,-0.882416,-6.88639,-0.0614869
211.7,2.34173,-1.31108,-6.50185,-2.37927
211.8,2.16485,-1.71043,-5.97206,-1.61254
211.9,1.96869,-2.06873,-5.30934,-2.64158
212,1.75953,-2.3751,-4.53001,-0.735046
212.1,1.54403,-2.61981,-3.65397,-0.0326881
212.2,1.32907,-2.79461,-2.7043,-0.71783
212.3,1.12159,-2.89301,-1.70666,-0.00791977
212.4,0.925592,-2.91051,-0.688646,-0.854985
212.5,0.71945,-2.84632,0.321144,0.0401675
212.6,0.502463,-2.70396,1.29465,-0.567028
212.7,0.281434,-2.48913,2.20546,-0.415056
212.8,0.0631825,-2.20939,3.02946,-0.00420435
212.9,-0.145632,-1.87389,3.74552,-1.14629
213,-0.338684,-1.49308,4.33589,0.179779
213.1,-0.510134,-1.07838,4.78672,-0.39836
213.2,-0.654764,-0.641849,5.08821,-0.0552921
213.3,-0.768095,-0.195812,5.2349,-0.220133
213.4,-0.846472,0.247474,5.2256,-0.0280875
213.5,-0.887123,0.676171,5.06337,-0.908184
213.6,-0.888199,1.07918,4.75529,-0.646763
213.7,-0.84877,1.44643,4.31213,-2.17002
213.8,-0.7688,1.76917,3.74798,-0.647875
213.9,-0.649099,2.04012,3.07976,-0.3617
214,-0.491236,2.25374,2.32659,0.0393791
214.1,-0.297439,2.40625,1.50928,0.138721
214.2,-0.0704682,2.4958,0.649571,0.140706
214.3,0.186528,2.5224,-0.230431,-0.144941
214.4,0.470168,2.48795,-1.10898,-0.42399
214.5,0.777012,2.39615,-1.9653,-0.373127
214.6,1.10054,2.25231,-2.78021,-0.00281197
214.7,1.39158,2.06093,-3.53639,-0.753996
214.8,1.6345,1.82424,-4.21757,-0.692852
214.9,1.82972,1.54573,-4.80847,-1.57336
215,1.97804,1.2304,-5.29528,-1.06444
215.1,2.0807,0.88463,-5.6662,0.153673
215.2,2.13952,0.516019,-5.91185,-0.71925
215.3,2.15691,0.133177,-6.02575,0.133287
215.4,2.13589,-0.254521,-6.00451,0.265536
215.5,2.08015,-0.637197,-5.84817,-0.991385
215.6,1.99395,-1.00475,-5.56024,-2.61795
215.7,1.88211,-1.34716,-5.14778,0.337782
215.8,1.74993,-1.65476,-4.62129,-2.92354
215.9,1.60312,-1.91857,-3.99456,0.280526
216,1.44761,-2.13055,-3.28434,0.114444
216.1,1.28953,-2.28386,-2.51002,-1.19091
216.2,1.13496,-2.37311,-1.69312,-0.49394
216.3,0.989786,-2.39453,-0.856766,0.139687
216.4,0.843919,-2.34671,-0.0250466,0.132579
216.5,0.691233,-2.23194,0.778116,-0.388563
216.6,0.537842,-2.05458,1.53,0.0413821
216.7,0.389958,-1.82059,2.20971,-0.096709
216.8,0.253749,-1.53729,2.79866,-2.04715
216.9,0.135204,-1.21308,3.28103,-0.0619368
217,0.0400083,-0.857239,3.64412,-2.55008
217.1,-0.0265599,-0.47959,3.87856,0.0825845
217.2,-0.0597165,-0.0902134,3.97847,0.362824
217.3,-0.0552348,0.300849,3.94151,-1.35592
217.4,-0.00948543,0.683889,3.76881,-0.338723
217.5,0.0805513,1.04981,3.46479,-0.202927
217.6,0.217298,1.39038,3.0369,-1.96686
217.7,0.402623,1.69848,2.49531,-0.826013
217.8,0.637906,1.96826,1.85245,-1.26002
217.9,0.92413,2.19534,1.12252,0.0011083
218,1.24291,2.37644,0.321053,-1.3026
218.1,1.5478,2.50581,-0.534949,-1.04459
218.2,1.83322,2.57718,-1.42624,0.141658
218.3,2.09528,2.58595,-2.33167,-0.650329
218.4,2.33008,2.52928,-3.22876,-1.60259
218.5,2.53394,2.40623,-4.09441,-2.73654
218.6,2.70351,2.21786,-4.9055,-0.624515
218.7,2.83597,1.96716,-5.63963,-0.209769
218.8,2.92914,1.65908,-6.27581,-0.467408
218.9,2.98162,1.30037,-6.79507,-2.11077
219,2.99286,0.899459,-7.18114,-0.628652
219.1,2.96323,0.466232,-7.42092,-0.854442
219.2,2.89407,0.0117952,-7.50502,-0.0481904
219.3,2.78771,-0.451827,-7.4281,-2.79267
219.4,2.64741,-0.91201,-7.18914,-2.79311
219.5,2.47736,-1.35588,-6.7916,-0.721906
219.6,2.28256,-1.77066,-6.24343,-1.46996
219.7,2.06873,-2.14407,-5.55697,-0.737102
219.8,1.84218,-2.46467,-4.74874,-0.251608
219.9,1.60966,-2.7222,-3.83907,0.0942818
220,1.37817,-2.90792,-2.85159,-1.28013
220.1,1.1548,-3.01489,-1.81272,0.34075
220.2,0.945082,-3.03824,-0.750932,0.184547
220.3,0.727393,-2.97665,0.304118,-0.613514
220.4,0.497544,-2.83355,1.32321,-0.343681
220.5,0.262544,-2.61479,2.27877,0.190109
220.6,0.029421,-2.32818,3.14564,-0.737416
220.7,-0.194969,-1.98319,3.90168,-2.56738
220.8,-0.404116,-1.59065,4.52832,-0.063575
220.9,-0.592023,-1.16244,5.01097,0.188322
221,-0.753351,-0.711121,5.33933,0.326832
221.1,-0.883537,-0.249551,5.50756,0.307876
221.2,-0.978893,0.209458,5.51432,-2.41223
221.3,-1.03393,0.653571,5.36268,-1.91801
221.4,-1.04319,1.07171,5.05985,-0.603147
221.5,-1.01346,1.45352,4.61673,-3.24466
221.6,-0.948972,1.78929,4.04776,-1.345
221.7,-0.845527,2.07098,3.37054,0.130134
221.8,-0.704638,2.2926,2.6051,0.358537
221.9,-0.528915,2.45002,1.77322,-0.922771
222,-0.321578,2.54106,0.897836,-1.75743
222.1,-0.0863087,2.56553,0.00225604,-0.420847
222.2,0.1729,2.52515,-0.89046,-0.201263
222.3,0.451917,2.42351,-1.75819,-0.844017
222.4,0.746642,2.26593,-2.58038,-1.46317
222.5,1.05228,2.05928,-3.33862,0.18432
222.6,1.32671,1.81016,-4.01695,-0.554446
222.7,1.54942,1.52265,-4.60125,0.379804
222.8,1.72191,1.20168,-5.07889,0.383204
222.9,1.84608,0.853552,-5.43925,-0.0764742
223,1.92428,0.485702,-5.67408,-1.59391
223.1,1.95942,0.106526,-5.77792,-1.45543
223.2,1.95495,-0.274869,-5.74838,-1.04665
223.3,1.91489,-0.648928,-5.58636,-1.79447
223.4,1.84379,-1.00592,-5.29613,-1.48634
223.5,1.7467,-1.33624,-4.88533,-1.42521
223.6,1.62908,-1.63068,-4.36495,0.028302
223.7,1.49672,-1.88072,-3.74904,-0.900996
223.8,1.35562,-2.07881,-3.05451,-0.0741101
223.9,1.21187,-2.2186,-2.30068,0.314556
224,1.07152,-2.29519,-1.50887,-0.0685666
224.1,0.937594,-2.3053,-0.701815,0.384026
224.2,0.796106,-2.24862,0.0970385,-0.635523
224.3,0.649042,-2.1279,0.86474,-1.81374
224.4,0.502334,-1.94761,1.57961,-3.88815
224.5,0.361987,-1.71372,2.22181,-1.48671
224.6,0.233944,-1.43345,2.7738,-0.736694
224.7,0.123958,-1.11507,3.22078,-0.265063
224.8,0.0374747,-0.767619,3.55096,-0.328791
224.9,-0.0204667,-0.400616,3.75583,-0.935066
225,-0.0453107,-0.0237948,3.83025,0.342248
225.1,-0.0330448,0.353199,3.77247,-0.527111
225.2,0.0197679,0.721085,3.58407,-1.3559
225.3,0.11598,1.07121,3.26978,-0.25826
225.4,0.257878,1.39581,2.8372,-2.30785
225.5,0.447226,1.68821,2.29648,-0.94509
225.6,0.685335,1.94298,1.65985,0.0190861
225.7,0.973159,2.15617,0.941246,-0.203706
225.8,1.28437,2.32449,0.155747,-3.88977
225.9,1.57979,2.44198,-0.679962,0.345716
226,1.85557,2.50276,-1.54702,-1.15518
226.1,2.10797,2.50255,-2.42477,-0.0140764
226.2,2.33327,2.43886,-3.29139,-1.08987
226.3,2.52797,2.31103,-4.12449,-0.18202
226.4,2.68891,2.1203,-4.90177,0.139846
226.5,2.81347,1.86982,-5.60172,-0.126683
226.6,2.89964,1.56462,-6.20425,0.35008
226.7,2.94618,1.21143,-6.69134,0.122934
226.8,2.9527,0.818613,-7.04762,-0.881734
226.9,2.91969,0.395899,-7.26088,-0.903282
227,2.84858,-0.0458382,-7.32253,-0.717037
227.1,2.74175,-0.49487,-7.22794,0.0879058
227.2,2.6025,-0.938931,-6.9767,-1.32966
227.3,2.43499,-1.36556,-6.57272,-0.699353
227.4,2.24416,-1.76244,-6.02428,0.0432471
227.5,2.03565,-2.11777,-5.34387,-0.273168
227.6,1.81561,-2.42061,-4.54797,-2.30878
227.7,1.59064,-2.66122,-3.65671,-0.779986
227.8,1.36753,-2.83136,-2.69335,0.179356
227.9,1.15314,-2.92455,-1.68374,-1.29447
228,0.953085,-2.93635,-0.655667,-1.35403
228.1,0.747445,-2.86569,0.36206,0.290468
228.2,0.531734,-2.71608,1.3411,-0.548833
228.3,0.31291,-2.49341,2.25478,-0.843578
228.4,0.0979431,-2.2054,3.07885,-3.05728
228.5,-0.106358,-1.86139,3.79203,0.344527
228.6,-0.293521,-1.47199,4.37653,-0.228931
228.7,-0.457561,-1.04878,4.81847,-0.779249
228.8,-0.593117,-0.603938,5.10815,-2.42342
228.9,-0.695562,-0.149925,5.24016,-0.59939
229,-0.761089,0.300918,5.21347,-0.329535
229.1,-0.78677,0.736692,5.03128,0.193979
229.2,-0.770583,1.14627,4.70084,-1.80082
229.3,-0.711409,1.5196,4.23312,-0.715328
229.4,-0.609004,1.84795,3.64238,-1.5084
229.5,-0.463936,2.12416,2.94565,0.313031
229.6,-0.277501,2.34278,2.16219,-4.06864
229.7,-0.0516059,2.50022,1.31285,-1.09912
229.8,0.21136,2.59479,0.41938,-0.2994
229.9,0.508682,2.62677,-0.496198,-1.03886
230,0.837484,2.59832,-1.4123,-0.0905248
230.1,1.18472,2.51325,-2.30843,0.163661
230.2,1.49514,2.37353,-3.16521,-0.267399
230.3,1.7601,2.17967,-3.96357,0.157442
230.4,1.97886,1.93386,-4.68491,-0.726927
230.5,2.15106,1.64006,-5.31167,-0.339434
230.6,2.2768,1.30388,-5.828,0.0499134
230.7,2.35682,0.932436,-6.22027,-0.395345
230.8,2.39251,0.53421,-6.47758,-2.86441
230.9,2.38599,0.118775,-6.5922,-0.600823
231,2.34015,-0.303443,-6.55992,-0.334317
231.1,2.2586,-0.721455,-6.38028,0.0313158
231.2,2.1457,-1.12402,-6.05671,0.197642
231.3,2.00643,-1.49998,-5.59657,0.0693367
231.4,1.84636,-1.83856,-5.01109,-0.456059
231.5,1.67152,-2.12973,-4.31511,-0.0263777
231.6,1.48827,-2.36448,-3.52686,-2.52258
231.7,1.30317,-2.53514,-2.66746,-0.696578
231.8,1.12279,-2.63559,-1.76046,0.378536
231.9,0.95227,-2.66157,-0.831242,-0.41515
232,0.774417,-2.61185,0.0937871,-0.661019
232.1,0.586891,-2.48926,0.988546,-1.08842
232.2,0.396101,-2.29871,1.82833,-0.0471744
232.3,0.208521,-2.04686,2.59049,-2.73056
232.4,0.0305268,-1.74185,3.25493,-0.417576
232.5,-0.131759,-1.39307,3.80467,-0.0299127
232.6,-0.272608,-1.01083,4.22617,-0.0305328
232.7,-0.386807,-0.606074,4.50962,0.199785
232.8,-0.469766,-0.190029,4.64911,0.00759051
232.9,-0.517592,0.226097,4.64264,0.180921
233,-0.527148,0.63145,4.4921,-0.773076
233.1,-0.496077,1.01582,4.20307,-3.01726
233.2,-0.422801,1.36994,3.78456,-0.221117
233.3,-0.306495,1.68569,3.2486,-4.12737
233.4,-0.147027,1.95637,2.60984,-1.28265
233.5,0.0551201,2.17681,1.88501,-0.19148
233.6,0.298956,2.34352,1.09235,-1.67676
233.7,0.583109,2.45479,0.251019,-0.128563
233.8,0.905977,2.51066,-0.619533,0.195544
233.9,1.24719,2.51252,-1.50016,-0.127053
234,1.55579,2.45922,-2.37186,-0.659712
234.1,1.82721,2.34902,-3.21497,-0.517753
234.2,2.05956,2.18198,-4.00953,-1.79019
234.3,2.25122,1.95994,-4.73593,-0.620075
234.4,2.40099,1.68654,-5.37549,-0.848143
234.5,2.50821,1.36709,-5.91113,-0.435914
234.6,2.57288,1.0085,-6.32788,0.1656
234.7,2.5957,0.619068,-6.61348,0.156296
234.8,2.57818,0.20828,-6.75874,-0.103835
234.9,2.52262,-0.213441,-6.75799,-2.7984
235,2.43214,-0.635024,-6.60934,0.114508
235.1,2.31061,-1.04505,-6.31483,0.340927
235.2,2.16265,-1.43208,-5.88049,-2.16023
235.3,1.99351,-1.78499,-5.31635,0.158859
235.4,1.80896,-2.09329,-4.6362,-0.143716
235.5,1.61517,-2.34746,-3.85736,-2.08237
235.6,1.4186,-2.53921,-3.00027,-2.38882
235.7,1.22579,-2.66182,-2.08799,-1.6466
235.8,1.04321,-2.71031,-1.14565,0.0503722
235.9,0.8675,-2.68188,-0.199765,-0.0123688
236,0.68141,-2.57791,0.722848,-3.20891
236.1,0.490408,-2.40283,1.59647,-0.907909
236.2,0.301147,-2.16291,2.39726,-0.59712
236.3,0.120235,-1.86601,3.10385,-0.225933
236.4,-0.0459231,-1.52135,3.69789,0.181097
236.5,-0.191275,-1.13918,4.16442,-1.79764
236.6,-0.31025,-0.730474,4.49222,-0.0814214
236.7,-0.397868,-0.306613,4.67399,-0.1947
236.8,-0.449833,0.120957,4.70642,-0.714568
236.9,-0.462586,0.541053,4.59019,-1.27427
237,-0.433343,0.943069,4.32979,-0.639094
237.1,-0.360101,1.31727,3.93329,-2.20662
237.2,-0.241615,1.65505,3.41196,-0.292947
237.3,-0.0773443,1.94917,2.77986,-0.756041
237.4,0.132627,2.19393,2.05331,-2.07261
237.5,0.387689,2.38531,1.25034,-0.00135146
237.6,0.686841,2.52109,0.390081,-0.454241
237.7,1.02861,2.60087,-0.507885,-0.0845151
237.8,1.37015,2.62455,-1.42401,-1.99535
237.9,1.67861,2.58906,-2.33816,0.350492
238,1.95138,2.49222,-3.22918,0.188774
238.1,2.18599,2.33372,-4.07551,-0.622687
238.2,2.38027,2.11517,-4.85577,-1.02249
238.3,2.53249,1.8401,-5.54953,0.0199576
238.4,2.64152,1.51384,-6.13786,-0.247078
238.5,2.70694,1.14345,-6.60406,-4.58991
238.6,2.72908,0.737515,-6.93413,0.0199104
238.7,2.70917,0.305939,-7.11732,-0.263812
238.8,2.64928,-0.140314,-7.14657,0.0705107
238.9,2.55239,-0.589514,-7.01876,0.382794
239,2.42231,-1.02949,-6.73499,-1.19522
239.1,2.26369,-1.44798,-6.30062,-0.0313625
239.2,2.08187,-1.83295,-5.72531,-0.454837
239.3,1.8828,-2.173,-5.02281,-1.43221
239.4,1.67292,-2.45765,-4.21068,-0.499156
239.5,1.45898,-2.67773,-3.30999,0.1999
239.6,1.24789,-2.8256,-2.34471,-0.648728
239.7,1.04656,-2.89549,-1.34117,-0.40581
239.8,0.850752,-2.88391,-0.327391,-4.82598
239.9,0.640991,-2.79192,0.668172,-0.146053
240,0.422823,-2.62388,1.61807,-0.186282
240.1,0.20305,-2.38617,2.49675,-1.4559
240.2,-0.0115751,-2.08689,3.2812,-0.139678
240.3,-0.214521,-1.73566,3.95151,-2.51541
240.4,-0.399644,-1.34325,4.49136,-1.19633
240.5,-0.561334,-0.921304,4.88834,0.0873321
240.6,-0.694644,-0.481947,5.13424,0.199989
240.7,-0.795395,-0.0374707,5.22511,-1.36336
240.8,-0.860253,0.400033,5.16129,-2.93205
240.9,-0.886779,0.819003,4.94725,0.375005
241,-0.873455,1.20873,4.5914,-0.472714
241.1,-0.819671,1.55961,4.10568,0.106847
241.2,-0.725697,1.86344,3.50517,0.0657901
241.3,-0.59261,2.11357,2.80755,-0.713658
241.4,-0.422216,2.30509,2.03252,0.00731219
241.5,-0.216931,2.43492,1.20119,-0.386588
241.6,0.0203495,2.50186,0.335419,0.2005
241.7,0.286395,2.50661,-0.54285,0.129213
241.8,0.577806,2.45171,-1.41224,-0.0490984
241.9,0.891183,2.34143,-2.25258,-0.468107
242,1.20882,2.18132,-3.04544,-0.698215
242.1,1.48205,1.97468,-3.77407,0.152649
242.2,1.70747,1.72399,-4.42257,-0.756925
242.3,1.8856,1.43325,-4.97619,-1.2279
242.4,2.01739,1.10793,-5.42181,0.0407188
242.5,2.10428,0.754835,-5.74849,-0.11841
242.6,2.14827,0.381903,-5.94788,-1.45402
242.7,2.15198,-0.00200251,-6.01454,-0.0725877
242.8,2.11866,-0.387344,-5.94631,-2.26458
242.9,2.05217,-0.764178,-5.74439,0.164821
243,1.95697,-1.12244,-5.41355,-2.04673
243.1,1.83803,-1.45226,-4.962,-1.77842
243.2,1.70078,-1.74421,-4.40139,-0.999308
243.3,1.551,-1.98965,-3.74649,0.196849
243.4,1.39468,-2.18097,-3.01495,-0.0791565
243.5,1.2379,-2.31183,-2.22687,0.304104
243.6,1.08672,-2.37742,-1.40429,0.0955272
243.7,0.944852,-2.37463,-0.570657,-0.0240951
243.8,0.797581,-2.30327,0.249939,-1.20156
243.9,0.645745,-2.16649,1.03399,-0.0794889
244,0.495503,-1.96922,1.75942,0.0446074
244.1,0.353065,-1.71787,2.40613,-0.333827
244.2,0.224553,-1.42013,2.95652,-0.112875
244.3,0.115867,-1.08471,3.39583,0.384339
244.4,0.032574,-0.721039,3.71251,-0.46843
244.5,-0.0201961,-0.339033,3.89842,-1.24517
244.6,-0.0378238,0.0512583,3.94887,-3.49797
244.7,-0.0162566,0.439926,3.86273,-1.31136
244.8,0.0479617,0.817492,3.64222,-0.192942
244.9,0.157688,1.17518,3.2928,-0.0740949
245,0.315204,1.50516,2.82283,-2.23656
245.1,0.522267,1.80078,2.2432,-0.710952
245.2,0.780185,2.05673,1.56692,0.169587
245.3,1.08751,2.26917,0.808574,-1.65284
245.4,1.39865,2.43371,-0.0159292,-0.371521
245.5,1.69325,2.54355,-0.888638,-0.586347
245.6,1.96738,2.59302,-1.78937,-0.604639
245.7,2.21704,2.57814,-2.69624,-0.593101
245.8,2.43833,2.49679,-3.5863,0.182319
245.9,2.62758,2.34881,-4.43621,0.28882
246,2.78158,2.136,-5.2229,0.0617535
246.1,2.89769,1.86213,-5.92428,0.258164
246.2,2.97395,1.53288,-6.51992,-1.26027
246.3,3.00924,1.1557,-6.9917,-1.04187
246.4,3.00332,0.739655,-7.32437,-0.568888
246.5,2.95691,0.295176,-7.50613,-0.732375
246.6,2.87171,-0.166183,-7.52902,0.344252
246.7,2.75039,-0.632066,-7.38927,-1.0547
246.8,2.59658,-1.08964,-7.08754,-0.503788
246.9,2.41479,-1.52596,-6.62901,-0.261898
247,2.21032,-1.92833,-6.02333,-0.403283
247.1,1.98915,-2.28468,-5.28455,0.273425
247.2,1.7578,-2.58391,-4.43073,-0.146345
247.3,1.52315,-2.81626,-3.48362,-0.166011
247.4,1.29229,-2.9736,-2.4681,-1.9949
247.5,1.07232,-3.04969,-1.41159,-1.26036
247.6,0.86135,-3.04066,-0.343269,-0.780589
247.7,0.636259,-2.94721,0.707014,0.00124136
247.8,0.401503,-2.77389,1.71045,0.37624
247.9,0.164138,-2.52736,2.64019,-0.0627188
248,-0.068837,-2.21614,3.47205,0.146725
248.1,-0.290664,-1.85031,4.18511,-2.96329
248.2,-0.495005,-1.44121,4.76221,-0.122991
248.3,-0.676095,-1.00106,5.19033,0.33422
248.4,-0.828884,-0.542673,5.46083,-0.298318
248.5,-0.949145,-0.0789871,5.56959,-0.037295
248.6,-1.03201,0.377251,5.51699,-0.110198
248.7,-1.06689,0.814425,5.30774,-0.652564
248.8,-1.05819,1.22193,4.95036,-3.52231
248.9,-1.0134,1.58953,4.45704,-1.34765
249,-0.935565,1.90771,3.84346,-1.1222
249.1,-0.819287,2.16901,3.12829,-1.77779
249.2,-0.66648,2.36804,2.33243,0.137231
249.3,-0.480045,2.50138,1.47833,-1.07539
249.4,-0.263449,2.56754,0.589308,-1.18389
249.5,-0.0205746,2.56704,-0.311163,-0.112299
249.6,0.24444,2.50232,-1.20012,0.151024
249.7,0.527373,2.37762,-2.05578,-0.288752
249.8,0.824094,2.19887,-2.85814,-2.9749
249.9,1.12529,1.97343,-3.58954,0.26031
250,1.38376,1.70732,-4.23481,-0.518023
250.1,1.59052,1.40482,-4.78042,-0.735246
250.2,1.74726,1.07139,-5.21457,-0.317066
250.3,1.85613,0.713802,-5.52757,-0.197234
250.4,1.91976,0.339876,-5.71232,-0.0463053
250.5,1.9413,-0.0416939,-5.76459,-0.271114
250.6,1.92449,-0.421606,-5.68333,-0.392009
250.7,1.8736,-0.790218,-5.47078,-0.831842
250.8,1.79341,-1.13783,-5.13262,0.156884
250.9,1.68917,-1.45497,-4.67786,-0.205681
251,1.56651,-1.7327,-4.11874,-0.836729
251.1,1.43133,-1.96286,-3.47052,-0.424738
251.2,1.28971,-2.13838,-2.75112,-0.510797
251.3,1.14774,-2.25346,-1.98072,-0.385427
251.4,1.01144,-2.30382,-1.18126,0.32913
251.5,0.87568,-2.28717,-0.375881,-0.479754
251.6,0.730931,-2.20474,0.412081,-1.36658
251.7,0.582887,-2.06001,1.16016,-0.367537
251.8,0.437503,-1.85807,1.84741,0.165305
251.9,0.300753,-1.6054,2.45489,0.231767
252,0.178493,-1.30967,2.96616,-0.0765097
252.1,0.0763381,-0.979465,3.36763,-0.149834
252.2,-0.000445248,-0.624041,3.64884,-0.514366
252.3,-0.0470324,-0.253028,3.80264,0.0963635
252.4,-0.059111,0.123856,3.82528,-0.577427
252.5,-0.0329295,0.497093,3.71637,-0.40027
252.6,0.0346793,0.857634,3.4788,-0.0689888
252.7,0.146299,1.19716,3.11848,-0.13544
252.8,0.30396,1.50832,2.6441,-0.102847
252.9,0.509188,1.78492,2.0667,0.14557
253,0.76309,2.02212,1.39926,0.117761
253.1,1.0651,2.21651,0.656212,-0.150453
253.2,1.37255,2.36442,-0.146898,-0.87936
253.3,1.66231,2.45963,-0.992729,0.19942
253.4,1.93078,2.49685,-1.86187,0.370645
253.5,2.1743,2.4725,-2.73333,-1.35111
253.6,2.38926,2.38475,-3.58521,-0.287871
253.7,2.57234,2.23364,-4.39526,-1.80555
253.8,2.72063,2.02113,-5.14159,0.00950917
253.9,2.83176,1.75103,-5.80332,-0.678865
254,2.90405,1.42898,-6.36124,-0.447101
254.1,2.93658,1.0623,-6.7984,-0.146281
254.2,2.92932,0.659793,-7.10066,-0.972544
254.3,2.88312,0.231588,-7.25725,-0.932323
254.4,2.79977,-0.211176,-7.26107,-0.0841164
254.5,2.68199,-0.656624,-7.10911,-2.72246
254.6,2.53339,-1.09247,-6.80256,0.343055
254.7,2.35843,-1.50636,-6.34694,-0.429933
254.8,2.16228,-1.88623,-5.75207,-0.793765
254.9,1.95076,-2.22065,-5.03189,0.0359107
255,1.73016,-2.49917,-4.20414,-1.49194
255.1,1.50714,-2.71265,-3.29006,0.108583
255.2,1.28848,-2.85354,-2.31377,0.00425252
255.3,1.08098,-2.91614,-1.30172,-3.61592
255.4,0.884613,-2.89697,-0.282025,0.382415
255.5,0.67746,-2.79675,0.716685,-1.08643
255.6,0.463067,-2.62,1.66676,-1.01499
255.7,0.248398,-2.37327,2.54252,-0.400246
255.8,0.0403715,-2.06485,3.32085,0.0813702
255.9,-0.15432,-1.7045,3.98185,-2.93131
256,-0.329369,-1.30315,4.50921,-1.13206
256.1,-0.479,-0.872551,4.89064,0.142872
256.2,-0.598093,-0.424941,5.11801,0.00451001
256.3,-0.682288,0.0273311,5.18755,-1.19299
256.4,-0.728052,0.472145,5.09975,-1.93632
256.5,-0.732733,0.897948,4.85927,0.170058
256.6,-0.69457,1.29407,4.47466,-2.64807
256.7,-0.612682,1.65102,3.958,-0.386856
256.8,-0.48702,1.9607,3.32446,-1.4928
256.9,-0.318304,2.21664,2.59179,-0.010161
257,-0.107914,2.41413,1.77964,0.25654
257.1,0.142221,2.55036,0.909048,-0.0653491
257.2,0.429774,2.62441,0.00165485,-0.224874
257.3,0.752178,2.6373,-0.920896,0.198605
257.4,1.10372,2.5919,-1.83765,-2.34934
257.5,1.4312,2.49039,-2.7287,-0.670882
257.6,1.71513,2.33247,-3.57434,0.180952
257.7,1.95432,2.11923,-4.35496,0.193436
257.8,2.14788,1.85361,-5.05168,-0.906601
257.9,2.29541,1.54032,-5.64692,-0.36305
258,2.39702,1.18568,-6.12507,-0.594267
258.1,2.45353,0.797547,-6.47299,0.255902
258.2,2.46646,0.385022,-6.68051,-0.841304
258.3,2.43814,-0.0417281,-6.74084,-0.425314
258.4,2.37165,-0.471778,-6.65091,-0.559832
258.5,2.27087,-0.893738,-6.41154,-1.57052
258.6,2.14038,-1.29608,-6.02758,0.0621208
258.7,1.98542,-1.66747,-5.5079,-2.03924
258.8,1.81181,-1.99709,-4.86523,-0.749588
258.9,1.62578,-2.27501,-4.11597,0.22679
259,1.43387,-2.49243,-3.27979,-0.0299902
259.1,1.24276,-2.64202,-2.37919,-1.5986
259.2,1.05912,-2.71814,-1.43896,0.357771
259.3,0.881831,-2.71724,-0.485496,-0.155449
259.4,0.692146,-2.63979,0.454174,-0.288288
259.5,0.494462,-2.48958,1.35386,-1.88417
259.6,0.29531,-2.27233,2.18905,-2.10325
259.7,0.101217,-1.99543,2.93753,-0.485914
259.8,-0.0814581,-1.66774,3.57993,-2.29207
259.9,-0.246679,-1.29923,4.10018,0.295774
260,-0.388873,-0.900759,4.48589,0.186582
260.1,-0.50305,-0.483669,4.72854,-0.223792
260.2,-0.584903,-0.0595054,4.82363,-4.2149
260.3,-0.63088,0.360336,4.7707,0.136252
260.4,-0.638232,0.764924,4.57318,-3.19923
260.5,-0.605037,1.14409,4.23822,0.134634
260.6,-0.530185,1.48872,3.77635,-0.245269
260.7,-0.413345,1.79094,3.20107,-1.59613
260.8,-0.254905,2.0444,2.52839,-6.69668
260.9,-0.0558785,2.24434,1.77624,-0.728291
261,0.182204,2.38777,0.963948,-1.14728
261.1,0.457429,2.47348,0.111546,-2.14064
261.2,0.767646,2.50207,-0.760815,-0.908588
261.3,1.10723,2.47589,-1.63351,0.194494
261.4,1.42439,2.39651,-2.48774,0.196665
261.5,1.7012,2.26311,-3.30475,0.0259906
261.6,1.93637,2.07628,-4.06568,-0.0938417
261.7,2.12889,1.83831,-4.75218,-0.948023
261.8,2.27813,1.55323,-5.347,-0.130231
261.9,2.38398,1.22667,-5.83459,0.0418085
262,2.44695,0.865702,-6.20165,0.265462
262.1,2.46825,0.478713,-6.43754,-1.17291
262.2,2.44981,0.075142,-6.53481,0.00604522
262.3,2.39434,-0.334762,-6.4894,-0.243583
262.4,2.30526,-0.740221,-6.30099,-3.51514
262.5,2.18674,-1.13023,-5.97305,-0.0518548
262.6,2.04357,-1.49389,-5.5129,0.185599
262.7,1.88112,-1.8207,-4.93163,0.0520306
262.8,1.70521,-2.10089,-4.24385,-0.753277
262.9,1.52199,-2.32572,-3.46747,-2.39639
263,1.33779,-2.48775,-2.62318,0.0463153
263.1,1.15899,-2.58112,-1.73406,-1.55908
263.2,0.99177,-2.60171,-0.824897,0.0291123
263.3,0.824585,-2.54796,0.0784442,0.346917
263.4,0.649216,-2.42243,0.950295,-0.365264
263.5,0.472117,-2.22998,1.76633,-1.17023
263.6,0.299817,-1.97719,2.50424,-0.651663
263.7,0.138764,-1.67206,3.14425,-1.4037
263.8,-0.00482201,-1.32382,3.66965,0.200524
263.9,-0.125087,-0.942589,4.06708,-2.80555
264,-0.216657,-0.539062,4.32686,-0.684036
264.1,-0.274736,-0.124221,4.4431,0.144758
264.2,-0.29518,0.291009,4.41377,0.0785789
264.3,-0.27454,0.696068,4.24058,-2.15999
264.4,-0.210083,1.08106,3.92886,-1.93298
264.5,-0.0997853,1.43702,3.48723,-0.128427
264.6,0.0577088,1.75617,2.92725,0.218452
264.7,0.263148,2.03213,2.26296,-0.0639808
264.8,0.516768,2.26006,1.51037,0.302327
264.9,0.818406,2.4368,0.686898,-3.66509
265,1.16007,2.56083,-0.189241,0.17377
265.1,1.48746,2.6292,-1.0992,-0.809605
265.2,1.78732,2.63712,-2.02262,-3.74575
265.3,2.05633,2.58139,-2.93775,-0.277643
265.4,2.2913,2.46073,-3.82201,0.192346
265.5,2.4893,2.2758,-4.65275,-1.49167
265.6,2.64786,2.02924,-5.40787,0.369894
265.7,2.76506,1.72563,-6.06656,-1.08865
265.8,2.8397,1.37137,-6.6099,-2.59962
265.9,2.8714,0.974554,-7.02154,-0.69303
266,2.86065,0.544763,-7.28824,0.186748
266.1,2.80885,0.0928263,-7.40029,-0.080307
266.2,2.71839,-0.369465,-7.352,-0.568657
266.3,2.59253,-0.829679,-7.14191,0.0158546
266.4,2.43548,-1.27508,-6.77296,-0.273636
266.5,2.25221,-1.693,-6.25256,0.309001
266.6,2.04845,-2.07117,-5.5925,-0.316746
266.7,1.83047,-2.39815,-4.80871,-0.1965
266.8,1.60502,-2.6636,-3.92098,-1.14079
266.9,1.37911,-2.85866,-2.95241,-1.91349
267,1.15983,-2.97621,-1.92896,-0.0698177
267.1,0.953135,-3.01114,-0.878712,-1.07474
267.2,0.738515,-2.96177,0.168978,-0.691902
267.3,0.510757,-2.83114,1.18504,0.255955
267.4,0.276757,-2.62479,2.14193,0.176837
267.5,0.0434508,-2.3502,3.01442,-0.721097
267.6,-0.182372,-2.01653,3.78017,-0.311156
267.7,-0.394246,-1.63436,4.42033,0.197467
267.8,-0.586199,-1.21534,4.91992,-4.7441
267.9,-0.752893,-0.771822,5.26821,0.0567593
268,-0.889754,-0.316539,5.45883,-0.570177
268.1,-0.993065,0.137789,5.4899,-2.51222
268.2,-1.05423,0.578986,5.36391,-4.129
268.3,-1.06872,0.996262,5.0874,-0.482714
268.4,-1.04369,1.37936,4.67052,-5.43439
268.5,-0.986384,1.71847,4.12698,-0.0781908
268.6,-0.894082,2.005,3.47374,0.0925468
268.7,-0.764936,2.23262,2.73036,-2.63024
268.8,-0.601513,2.39694,1.91829,0.121376
268.9,-0.407009,2.49548,1.06018,-0.429131
269,-0.185117,2.52773,0.179198,-1.35673
269.1,0.0601266,2.49508,-0.701648,-0.430701
269.2,0.324506,2.40081,-1.56016,-0.75596
269.3,0.603796,2.24989,-2.3756,-2.02678
269.4,0.893932,2.04887,-3.12923,-1.68422
269.5,1.1792,1.80541,-3.80487,0.149285
269.6,1.41584,1.52509,-4.38872,-0.277573
269.7,1.60168,1.2126,-4.86867,-1.70806
269.8,1.73877,0.873877,-5.23447,-0.0679879
269.9,1.8296,0.515994,-5.47815,0.350327
270,1.87712,0.146975,-5.59437,-0.870979
270.1,1.88482,-0.224452,-5.58075,0.111519
270.2,1.85669,-0.589099,-5.43804,-0.142767
270.3,1.79724,-0.937594,-5.17026,-0.350562
270.4,1.71145,-1.26065,-4.7847,0.271033
270.5,1.60467,-1.54936,-4.29182,-1.97423
270.6,1.48257,-1.79546,-3.70512,-0.360893
270.7,1.35104,-1.9916,-3.04083,-1.81293
270.8,1.21604,-2.13157,-2.31756,-0.4324
270.9,1.08348,-2.21054,-1.55585,-1.51985
271,0.957694,-2.22524,-0.777687,-0.519717
271.1,0.826422,-2.17499,-0.0057784,-1.06247
271.2,0.689891,-2.06224,0.737507,-0.323621
271.3,0.553917,-1.89115,1.43098,-0.316338
271.4,0.424418,-1.66735,2.05516,-0.867373
271.5,0.307271,-1.39771,2.59277,0.36355
271.6,0.208198,-1.09012,3.02913,-0.0936637
271.7,0.132648,-0.753236,3.35244,0.185222
271.8,0.085706,-0.396211,3.55404,-0.727795
271.9,0.0720148,-0.0284183,3.62853,-0.366432
272,0.0957207,0.340833,3.57377,-0.159793
272.1,0.160442,0.702571,3.39083,-0.611145
272.2,0.269263,1.04842,3.08382,-0.544886
272.3,0.424753,1.37084,2.65967,-2.43393
272.4,0.629008,1.66333,2.12773,-2.4799
272.5,0.88373,1.92065,1.49945,-1.05566
272.6,1.17929,2.1387,0.787849,0.126054
272.7,1.46967,2.31152,0.00763071,0.0690094
272.8,1.74637,2.43199,-0.824103,0.200186
272.9,2.00544,2.49432,-1.68797,-0.547825
273,2.2428,2.49439,-2.56285,0.195228
273.1,2.45446,2.42982,-3.42649,-0.443525
273.2,2.63668,2.30013,-4.25613,-0.427918
273.3,2.78612,2.10673,-5.02915,-0.629071
273.4,2.89997,1.85295,-5.72378,-0.368221
273.5,2.97613,1.544,-6.31977,-0.342461
273.6,3.01324,1.18682,-6.79895,-0.0734748
273.7,3.01084,0.78995,-7.14591,-1.07386
273.8,2.96937,0.36332,-7.34844,-0.779765
273.9,2.89026,-0.0820169,-7.39804,-2.02205
274,2.77587,-0.534162,-7.29023,0.068657
274.1,2.62951,-0.980697,-7.02478,-1.58804
274.2,2.45536,-1.40902,-6.60587,-3.29723
274.3,2.25841,-1.80672,-6.04204,-0.0409874
274.4,2.04432,-2.16191,-5.34612,0.154617
274.5,1.81931,-2.4636,-4.53495,0.299861
274.6,1.58999,-2.70202,-3.62899,0.194219
274.7,1.36321,-2.86894,-2.65188,-4.14517
274.8,1.14585,-2.95794,-1.62983,0.0321122
274.9,0.943057,-2.96465,-0.590932,-1.20172
275,0.733678,-2.88824,0.43571,0.211033
275.1,0.514464,-2.73246,1.42157,0.190647
275.2,0.29243,-2.50338,2.33988,0.196112
275.3,0.0745941,-2.20893,3.16631,0.296114
275.4,-0.132205,-1.85861,3.8796,0.194432
275.5,-0.321481,-1.46323,4.46207,-1.8854
275.6,-0.487252,-1.03453,4.89997,0.359383
275.7,-0.624176,-0.584864,5.1838,-0.471311
275.8,-0.727665,-0.126805,5.3084,0.227496
275.9,-0.793966,0.327187,5.27304,0.111919
276,-0.820221,0.765127,5.08125,-2.84537
276.1,-0.804494,1.17583,4.74063,-0.0215883
276.2,-0.745766,1.5492,4.26253,-0.546983
276.3,-0.643905,1.87652,3.66157,-2.62969
276.4,-0.499602,2.15063,2.95518,-2.33123
276.5,-0.314286,2.36614,2.16297,0.200344
276.6,-0.0900055,2.51951,1.30613,-0.351136
276.7,0.170704,2.60916,0.406753,-1.13706
276.8,0.464972,2.63545,-0.512879,0.119008
276.9,0.789768,2.60065,-1.43093,0.321784
277,1.13657,2.50881,-2.32668,0.011931
277.1,1.45084,2.36276,-3.18078,0.382309
277.2,1.71871,2.16329,-3.97437,0.215324
277.3,1.93962,1.91269,-4.68911,-2.26512
277.4,2.11333,1.61502,-5.30776,0.371902
277.5,2.24014,1.27597,-5.81479,0.224159
277.6,2.32089,0.902721,-6.19694,0.00124126
277.7,2.35713,0.503789,-6.4437,-0.281508
277.8,2.3511,0.0887593,-6.54771,-0.863827
277.9,2.30578,-0.331955,-6.50516,0.304079
278,2.22491,-0.74741,-6.31596,-0.00778555
278.1,2.1129,-1.14644,-5.98389,0.199243
278.2,1.97483,-1.51797,-5.51666,0.178226
278.3,1.8163,-1.85136,-4.92577,-1.40506
278.4,1.64338,-2.13672,-4.22632,0.188126
278.5,1.46244,-2.36521,-3.4367,0.00309336
278.6,1.28005,-2.52932,-2.57819,-0.109088
278.7,1.10275,-2.62315,-1.67439,-0.776905
278.8,0.934449,-2.64263,-0.750668,-0.141741
278.9,0.757027,-2.58699,0.166676,-0.608151
279,0.570559,-2.45927,1.05181,0.132855
279.1,0.381433,-2.2645,1.88034,0.0939544
279.2,0.196084,-2.00942,2.62992,0.137135
279.3,0.0208399,-1.70225,3.28085,-0.461351
279.4,-0.138235,-1.35239,3.81651,-1.66459
279.5,-0.275477,-0.970154,4.22374,-1.82668
279.6,-0.385745,-0.566439,4.49311,-0.787575
279.7,-0.46452,-0.152416,4.61905,-0.294143
279.8,-0.507982,0.260804,4.5999,-0.153335
279.9,-0.513061,0.66248,4.43783,-0.0234493
280,-0.477462,1.04254,4.13869,0.131774
280.1,-0.399663,1.39187,3.71165,-0.162298
280.2,-0.278879,1.70251,3.1689,-0.786686
280.3,-0.115009,1.96794,2.52517,-0.594015
280.4,0.0914517,2.18316,1.79721,-0.993925
280.5,0.339514,2.34485,1.00321,0.10434
280.6,0.62783,2.45148,0.162239,-2.12037
280.7,0.954834,2.50324,-0.706416,0.17439
280.8,1.29231,2.50133,-1.58379,-0.173388
280.9,1.59537,2.44412,-2.45089,-0.729113
281,1.8614,2.32999,-3.28803,-1.21574
281.1,2.0885,2.15916,-4.07526,-0.526227
281.2,2.27506,1.93361,-4.79305,0.197817
281.3,2.4199,1.6571,-5.42284,-0.924702
281.4,2.52239,1.3351,-5.9477,-1.5837
281.5,2.58257,0.974621,-6.35291,-0.680883
281.6,2.60118,0.584043,-6.62642,-0.388817
281.7,2.57979,0.172928,-6.75934,-2.07367
281.8,2.52073,-0.248255,-6.7463,0.243183
281.9,2.42717,-0.668412,-6.58568,0.0138647
282,2.30305,-1.07613,-6.27986,-1.76566
282.1,2.153,-1.46001,-5.83517,-0.0619534
282.2,1.9823,-1.80897,-5.26193,0.178882
282.3,1.79675,-2.11261,-4.57419,-0.977772
282.4,1.60254,-2.36151,-3.7895,-0.376799
282.5,1.40611,-2.54752,-2.92848,0.384201
282.6,1.21399,-2.66406,-2.01434,-0.725918
282.7,1.03262,-2.7063,-1.07231,-1.15075
282.8,0.857041,-2.67169,-0.128917,0.356356
282.9,0.671228,-2.56189,0.789095,0.320839
283,0.481122,-2.38147,1.65616,-1.29823
283.1,0.29338,-2.13684,2.44863,-0.741578
283.2,0.114605,-1.83596,3.14538,-1.44073
283.3,-0.0488135,-1.48813,3.72832,-1.71762
283.4,-0.190847,-1.10364,4.18279,0.199724
283.5,-0.305957,-0.693493,4.49787,0.0125489
283.6,-0.389198,-0.269074,4.66657,-1.12757
283.7,-0.436311,0.158203,4.68589,0.363724
283.8,-0.443774,0.577212,4.55679,0.0767026
283.9,-0.408837,0.977428,4.28404,0.188653
284,-0.329524,1.34922,3.87591,0.0387055
284.1,-0.204609,1.68409,3.3439,-0.757184
284.2,-0.0335576,1.97495,2.70219,-0.383582
284.3,0.183552,2.21625,1.96722,-1.14115
284.4,0.446135,2.40412,1.15706,0.288274
284.5,0.753235,2.5365,0.290818,0.354397
284.6,1.10077,2.61313,-0.611983,-0.284857
284.7,1.43645,2.63312,-1.53178,-2.1763
284.8,1.7392,2.59307,-2.44816,-0.993047
284.9,2.00634,2.49097,-3.33969,-0.845933
285,2.23532,2.32669,-4.18457,-0.715786
285.1,2.42394,2.10205,-4.96132,0.12334
285.2,2.57046,1.82077,-5.64939,-0.980153
285.3,2.67374,1.48841,-6.22989,-0.393439
285.4,2.73338,1.11223,-6.68616,-0.0564913
285.5,2.74978,0.701016,-7.00435,0.198355
285.6,2.7242,0.264869,-7.17395,-0.679888
285.7,2.65879,-0.185079,-7.18815,-0.0644358
285.8,2.55659,-0.636954,-7.04417,-0.397319
285.9,2.42152,-1.07846,-6.74349,0.197196
286,2.25829,-1.49725,-6.2919,-0.541877
286.1,2.07233,-1.88125,-5.69948,0.184001
286.2,1.86967,-2.21901,-4.98042,-0.498118
286.3,1.65682,-2.50011,-4.15278,0.0643284
286.4,1.44059,-2.71541,-3.23803,-0.310797
286.5,1.22795,-2.85739,-2.26056,-0.520254
286.6,1.02581,-2.92038,-1.24708,0.215613
286.7,0.82645,-2.90123,-0.2259,0.0546437
286.8,0.612713,-2.80146,0.774365,0.10754
286.9,0.390969,-2.62569,1.72625,-0.177577
287,0.168044,-2.38052,2.60425,0.153905
287.1,-0.049303,-2.07428,3.38548,0.210511
287.2,-0.254558,-1.71677,4.05025,-0.0594048
287.3,-0.441617,-1.31895,4.58251,-2.74833
287.4,-0.604929,-0.89262,4.97019,-1.17493
287.5,-0.73963,-0.450031,5.20545,0.167088
287.6,-0.841642,-0.00356857,5.28476,-0.311991
287.7,-0.907751,0.434614,5.20892,0.375428
287.8,-0.935658,0.852927,4.98285,0.165184
287.9,-0.923998,1.24066,4.61544,-1.23765
288,-0.872331,1.58825,4.11908,-0.95148
288.1,-0.781106,1.88754,3.50931,0.381577
288.2,-0.651597,2.13199,2.80421,-0.403221
288.3,-0.485809,2.31677,2.02388,-0.0397807
288.4,-0.286372,2.43893,1.18978,-1.17804
288.5,-0.0564042,2.49741,0.324069,-0.90091
288.6,0.200635,2.49305,-0.551066,-1.50616
288.7,0.481107,2.42852,-1.41404,-0.230396
288.8,0.781358,2.30821,-2.24451,-1.67846
288.9,1.09496,2.1381,-3.02397,0.21122
289,1.37451,1.92336,-3.73599,-1.47932
289.1,1.60497,1.66692,-4.36546,-0.190296
289.2,1.78725,1.37287,-4.89844,0.0828134
289.3,1.92259,1.04674,-5.32272,-0.220419
289.4,2.01274,0.695305,-5.62821,-1.06192
289.5,2.05996,0.32643,-5.80739,0.183866
289.6,2.06708,-0.0511533,-5.85569,-1.26556
289.7,2.03755,-0.428099,-5.77166,-0.0541791
289.8,1.97538,-0.794713,-5.55722,-0.85276
289.9,1.88514,-1.14123,-5.21771,0.16344
290,1.77187,-1.45811,-4.76182,-0.494028
290.1,1.64102,-1.73633,-4.20154,-1.64066
290.2,1.49836,-1.96763,-3.55187,0.025731
290.3,1.34982,-2.14483,-2.83052,-0.813117
290.4,1.20142,-2.26204,-2.05749,0.149653
290.5,1.05908,-2.31485,-1.25461,-0.339204
290.6,0.924347,-2.3006,-0.444936,-1.78426
290.7,0.783212,-2.21978,0.348034,-0.0712178
290.8,0.639039,-2.07577,1.10153,-0.292782
290.9,0.497907,-1.8736,1.79428,-1.30818
291,0.365932,-1.6197,2.40701,0.153942
291.1,0.249129,-1.32173,2.92293,0.0653346
291.2,0.153294,-0.988285,3.32808,-0.375239
291.3,0.0838867,-0.628631,3.61167,0.313338
291.4,0.0459462,-0.25243,3.76619,-0.503367
291.5,0.0440169,0.130557,3.78758,-0.438355
291.6,0.082102,0.510759,3.67513,-1.40591
291.7,0.163641,0.879074,3.43144,0.179592
291.8,0.291514,1.22713,3.06215,-0.618786
291.9,0.46807,1.54752,2.57568,-0.108406
292,0.695186,1.83402,1.98284,-2.15412
292.1,0.974351,2.08174,1.2964,-3.08307
292.2,1.28013,2.28649,0.530615,0.220351
292.3,1.57414,2.44138,-0.298323,-2.26321
292.4,1.85222,2.53963,-1.17174,-0.398157
292.5,2.11023,2.57602,-2.06884,-1.82989
292.6,2.34401,2.54706,-2.96732,-1.04602
292.7,2.54955,2.45114,-3.84396,-0.122429
292.8,2.72317,2.28862,-4.67534,0.197118
292.9,2.86166,2.06181,-5.43849,-1.97088
293,2.96245,1.775,-6.1116,-0.619944
293.1,3.0237,1.43433,-6.6747,-1.54133
293.2,3.0444,1.0477,-7.11027,-0.0742707
293.3,3.02449,0.624542,-7.40382,-5.39847
293.4,2.96487,0.175612,-7.54443,0.112855
293.5,2.86743,-0.287296,-7.52512,0.188129
293.6,2.73504,-0.751664,-7.34316,-1.20167
293.7,2.57151,-1.20459,-7.00029,-1.65183
293.8,2.38152,-1.63314,-6.50279,-0.42506
293.9,2.17051,-2.02474,-5.8614,-0.862275
294,1.94459,-2.36752,-5.09117,-0.842603
294.1,1.71036,-2.65067,-4.2111,-0.619337
294.2,1.47474,-2.8648,-3.24376,-2.0456
294.3,1.24482,-3.00222,-2.2147,-0.762682
294.4,1.02765,-3.05722,-1.15183,0.18525
294.5,0.814626,-3.02671,-0.0846455,-0.920519
294.6,0.587167,-2.91257,0.957104,-0.823691
294.7,0.351905,-2.71991,1.94498,-1.98393
294.8,0.115923,-2.45589,2.85271,-0.936251
294.9,-0.113796,-2.12943,3.65682,-0.595932
295,-0.330556,-1.75098,4.33724,-0.206453
295.1,-0.528115,-1.33212,4.87779,0.11414
295.2,-0.700842,-0.885284,5.26646,-1.73062
295.3,-0.843845,-0.423327,5.49572,0.142786
295.4,-0.953078,0.0407981,5.56254,-0.171255
295.5,-1.02433,0.494441,5.46839,-0.0725493
295.6,-1.04903,0.926021,5.21901,-1.12602
295.7,-1.03181,1.32497,4.82398,-1.6816
295.8,-0.979624,1.68119,4.29651,-0.122103
295.9,-0.889605,1.98577,3.65318,-0.490275
296,-0.761053,2.23197,2.91329,-0.326807
296.1,-0.596326,2.41492,2.09819,0.200418
296.2,-0.398437,2.5317,1.23058,-1.39575
296.3,-0.170925,2.58136,0.33384,-1.24319
296.4,0.0823033,2.56495,-0.568658,-1.39193
296.5,0.357138,2.48538,-1.45425,-1.3526
296.6,0.649439,2.34738,-2.3016,-3.54637
296.7,0.955214,2.15732,-3.09133,-3.5372
296.8,1.24832,1.92233,-3.8065,0.196672
296.9,1.48976,1.64692,-4.43224,-1.01362
297,1.68025,1.33556,-4.95515,-1.35324
297.1,1.82147,0.994116,-5.36362,-0.719383
297.2,1.91558,0.629689,-5.64834,-0.257213
297.3,1.96527,0.250432,-5.80267,-2.4254
297.4,1.97379,-0.134692,-5.82296,0.352392
297.5,1.94494,-0.516163,-5.70881,0.200236
297.6,1.88312,-0.88418,-5.46322,-0.71709
297.7,1.7932,-1.22895,-5.0926,-1.12723
297.8,1.68054,-1.54098,-4.60677,-1.70212
297.9,1.55085,-1.81135,-4.01878,-1.27364
298,1.41012,-2.03205,-3.34463,0.138591
298.1,1.26447,-2.19617,-2.60295,-0.541874
298.2,1.12003,-2.29815,-1.81456,-0.603777
298.3,0.982573,-2.33403,-1.00196,-0.310855
298.4,0.841498,-2.30217,-0.188667,-0.918864
298.5,0.692366,-2.20449,0.60187,-1.62144
298.6,0.541066,-2.0449,1.34725,0.318561
298.7,0.39361,-1.8289,2.02671,-5.05975
298.8,0.255991,-1.56333,2.62169,-0.643615
298.9,0.134052,-1.25619,3.11619,-1.54884
299,0.033362,-0.916358,3.4972,0.195644
299.1,-0.0408915,-0.553309,3.75493,-1.55449
299.2,-0.0839916,-0.176838,3.88295,-1.53478
299.3,-0.0917592,0.203236,3.8783,-0.408365
299.4,-0.060597,0.577356,3.74139,0.325383
299.5,0.0124908,0.936503,3.4759,0.114703
299.6,0.129905,1.27245,3.08855,-0.657058
299.7,0.293486,1.57798,2.58874,-0.388864
299.8,0.504568,1.84712,1.98821,-1.57603
299.9,0.764068,2.07524,1.30055,-0.323351
300,1.07101,2.25925,0.540691,0.38247
300.1,1.38141,2.39568,-0.275398,-1.95826
300.2,1.67271,2.47853,-1.13003,-0.359936
300.3,1.94137,2.50283,-2.00353,-3.11504
300.4,2.18381,2.4653,-2.87479,-1.42287
300.5,2.39655,2.36445,-3.72185,-0.114599
300.6,2.57639,2.20069,-4.52256,-0.466092
300.7,2.72058,1.9763,-5.25525,-1.67533
300.8,2.82691,1.69544,-5.89938,0.145184
300.9,2.89391,1.36407,-6.43616,-0.630444
301,2.92085,0.989786,-6.84922,-0.881949
301.1,2.9079,0.581648,-7.12506,-0.335557
301.2,2.85611,0.149971,-7.25362,-0.796035
301.3,2.76749,-0.293959,-7.22861,0.0294269
301.4,2.64494,-0.738187,-7.04781,-0.58999
301.5,2.49227,-1.17041,-6.71328,-0.732176
301.6,2.31407,-1.57832,-6.23136,-0.0987819
301.7,2.11567,-1.94998,-5.61268,-0.396754
301.8,1.903,-2.27413,-4.87192,-2.36505
301.9,1.68244,-2.54057,-4.02753,-1.29723
302,1.46066,-2.74046,-3.1013,0.184813
302.1,1.24449,-2.8666,-2.11782,0.0952511
302.2,1.04067,-2.9137,-1.10391,0.0718809
302.3,0.843828,-2.87886,-0.0878192,-1.19888
302.4,0.635067,-2.76379,0.901924,0.0631102
302.5,0.420397,-2.57345,1.83805,-1.90376
302.6,0.206774,-2.3147,2.69535,0.0619594
302.7,0.00107158,-1.99614,3.45135,0.186746
302.8,-0.190092,-1.62775,4.08683,-0.236546
302.9,-0.360513,-1.22064,4.58626,-0.359036
303,-0.504546,-0.786646,4.93814,-0.172766
303.1,-0.617218,-0.338038,5.1352,0.155746
303.2,-0.694334,0.112873,5.1745,-0.522711
303.3,-0.732537,0.554072,5.05733,-0.141468
303.4,-0.729351,0.974173,4.78911,-2.08553
303.5,-0.683192,1.36273,4.37909,0.186146
303.6,-0.593348,1.7105,3.83997,-1.57049
303.7,-0.459928,2.00972,3.18741,-1.35779
303.8,-0.283789,2.25425,2.43955,-2.23538
303.9,-0.066432,2.43973,1.61633,-3.19516
304,0.190126,2.56373,0.738917,0.113235
304.1,0.483496,2.62569,-0.171029,-1.06533
304.2,0.811079,2.62699,-1.09198,0.236528
304.3,1.16252,2.57076,-2.00321,-1.0893
304.4,1.48188,2.45861,-2.885,0.321698
304.5,1.75745,2.29032,-3.71768,-0.723858
304.6,1.98813,2.06735,-4.48183,-2.53189
304.7,2.17311,1.79296,-5.15882,-0.61583
304.8,2.31208,1.47215,-5.73148,-0.0106983
304.9,2.40532,1.11154,-6.18468,0.195524
305,2.45376,0.71919,-6.50585,-0.493866
305.1,2.45909,0.304405,-6.68549,-1.37535
305.2,2.42377,-0.122521,-6.71752,-1.9288
305.3,2.35104,-0.550588,-6.59959,-1.10917
305.4,2.2449,-0.968395,-6.3333,-0.0783508
305.5,2.11007,-1.36446,-5.92425,0.1762
305.6,1.95188,-1.72757,-5.38203,-1.48186
305.7,1.77621,-2.04708,-4.72004,-2.26921
305.8,1.58937,-2.31328,-3.9553,-3.07487
305.9,1.3979,-2.51766,-3.10797,0.0303857
306,1.20848,-2.65323,-2.20097,0.283968
306.1,1.02774,-2.71472,-1.25936,-3.4165
306.2,0.849961,-2.69912,-0.309681,-1.37383
306.3,0.65956,-2.60772,0.621177,-1.28438
306.4,0.462497,-2.44469,1.50736,-1.28413
306.5,0.265307,-2.21605,2.3248,-0.399049
306.6,0.074494,-1.92947,3.05183,-1.81191
306.7,-0.103634,-1.594,3.66972,-1.11652
306.8,-0.263119,-1.21979,4.16311,-0.92209
306.9,-0.398483,-0.817744,4.52032,0.199949
307,-0.504848,-0.399253,4.73361,-0.8412
307.1,-0.578031,0.024188,4.79922,-0.634032
307.2,-0.614608,0.441288,4.71742,-0.768214
307.3,-0.611958,0.841278,4.49232,-2.13771
307.4,-0.568279,1.21421,4.13168,-1.65015
307.5,-0.48257,1.55121,3.64657,0.165983
307.6,-0.354592,1.84473,3.05092,0.101629
307.7,-0.1848,2.08872,2.36104,-0.114892
307.8,0.0257527,2.2788,1.59511,-1.86025
307.9,0.275531,2.41231,0.77249,-1.40554
308,0.562651,2.48843,-0.0868097,-1.36022
308.1,0.885039,2.5081,-0.962818,-1.48651
308.2,1.22505,2.47372,-1.83619,0.0251741
308.3,1.53036,2.38535,-2.68812,-0.829474
308.4,1.79556,2.24218,-3.49953,-0.400659
308.5,2.01927,2.04515,-4.25136,-0.489963
308.6,2.20044,1.79695,-4.92516,0.384016
308.7,2.33845,1.50195,-5.50375,0.225432
308.8,2.43322,1.16613,-5.97176,-0.73696
308.9,2.48534,0.796942,-6.31615,-2.11095
309,2.4961,0.403058,-6.52673,-1.63975
309.1,2.46754,-0.00579978,-6.59654,0.178559
309.2,2.4025,-0.419148,-6.52215,-0.825301
309.3,2.30453,-0.826028,-6.30389,-1.61226
309.4,2.17793,-1.21532,-5.94598,-0.98066
309.5,2.02762,-1.57604,-5.4565,-1.13258
309.6,1.85911,-1.89771,-4.84731,-3.57414
309.7,1.6783,-2.17061,-4.1338,0.041443
309.8,1.49144,-2.38615,-3.33458,0.300611
309.9,1.30492,-2.53708,-2.47104,-0.147024
310,1.12516,-2.61779,-1.56683,0.168161
310.1,0.957279,-2.62448,-0.647235,0.23375
310.2,0.784814,-2.55637,0.261562,-2.28083
310.3,0.605115,-2.41666,1.13386,-0.952811
310.4,0.424694,-2.21062,1.94548,-4.06585
310.5,0.250105,-1.94519,2.67437,0.0894198
310.6,0.0877877,-1.62873,3.30116,-0.400989
310.7,-0.0560827,-1.27074,3.80963,0.161067
310.8,-0.175729,-0.881584,4.18704,-0.354433
310.9,-0.265886,-0.472165,4.42437,-0.449047
311,-0.321895,-0.0535925,4.51648,0.199323
311.1,-0.339773,0.363137,4.4621,0.356576
311.2,-0.316256,0.767451,4.26374,0.380587
311.3,-0.248813,1.1495,3.92749,-0.449878
311.4,-0.135633,1.50042,3.46273,-1.40557
311.5,0.0244154,1.8126,2.88172,-0.962621
311.6,0.231852,2.07984,2.19915,0.140256
311.7,0.486682,2.29755,1.43161,-1.45468
311.8,0.788516,2.46283,0.596991,0.193612
311.9,1.13166,2.57452,-0.286115,-2.9431
312,1.46245,2.63038,-1.19867,-0.219788
312.1,1.7642,2.626,-2.12034,-1.29921
312.2,2.03378,2.55849,-3.0295,-0.139453
312.3,2.26818,2.42685,-3.9038,-0.760044
312.4,2.46467,2.23201,-4.72091,-0.451954
312.5,2.62097,1.97689,-5.45916,-1.03212
312.6,2.7354,1.66628,-6.09825,-0.541032
312.7,2.80695,1.30681,-6.61985,-2.51457
312.8,2.83545,0.906709,-7.00827,0.380589
312.9,2.82158,0.475691,-7.25094,-0.529702
313,2.76696,0.0246397,-7.33891,-1.20201
313.1,2.67412,-0.434648,-7.26722,-0.271802
313.2,2.54651,-0.88979,-7.03514,-2.09274
313.3,2.38843,-1.32816,-6.64633,-0.0507017
313.4,2.20501,-1.73725,-6.10885,-1.06064
313.5,2.00201,-2.10503,-5.43507,-1.00019
313.6,1.78579,-2.42031,-4.64145,-1.63269
313.7,1.5631,-2.67306,-3.74816,-0.673535
313.8,1.34091,-2.85476,-2.77861,-0.126788
313.9,1.1263,-2.95867,-1.75891,0.151728
314,0.923334,-2.9801,-0.717175,-0.523135
314.1,0.709506,-2.91814,0.317411,-0.137317
314.2,0.483879,-2.7763,1.31619,-0.116431
314.3,0.25333,-2.56038,2.25217,0.33117
314.4,0.0247501,-2.27805,3.10071,0.136942
314.5,-0.195137,-1.93864,3.84014,0.250786
314.6,-0.399953,-1.5528,4.45233,0.19112
314.7,-0.583828,-1.13219,4.92304,-1.14313
314.8,-0.741535,-0.689135,5.24224,-0.822382
314.9,-0.868613,-0.236266,5.40429,0.332124
315,-0.96146,0.213858,5.40795,-0.743125
315.1,-1.01669,0.649093,5.25633,-0.557975
315.2,-1.02845,1.05833,4.95662,0.189419
315.3,-1.00182,1.43143,4.51972,-0.343308
315.4,-0.939253,1.75899,3.95994,-0.516259
315.5,-0.83836,2.03333,3.29464,-1.0404
315.6,-0.701015,2.2486,2.54351,-0.3979
315.7,-0.529818,2.40081,1.72799,-1.23358
315.8,-0.327968,2.48786,0.870556,0.167156
315.9,-0.0991189,2.50959,-0.00588743,0.107817
316,0.152774,2.46775,-0.878734,0.37789
316.1,0.423614,2.36588,-1.7263,-0.0716347
316.2,0.70934,2.20922,-2.52845,0.184929
316.3,1.00608,2.00454,-3.26715,-2.39734
316.4,1.27984,1.75885,-3.92687,-0.892144
316.5,1.50237,1.47651,-4.49406,-0.634933
316.6,1.67526,1.16234,-4.95671,0.0606539
316.7,1.80051,0.822459,-5.3047,0.169752
316.8,1.88054,0.464083,-5.53027,-0.0131405
316.9,1.91828,0.0953563,-5.62835,-1.19457
317,1.9172,-0.274901,-5.59684,-0.614116
317.1,1.88128,-0.637445,-5.43681,-0.688378
317.2,1.81504,-0.982876,-5.15262,-2.54528
317.3,1.72343,-1.30192,-4.75188,-0.966366
317.4,1.61181,-1.58571,-4.24539,-0.121802
317.5,1.48585,-1.82605,-3.64696,0.189002
317.6,1.35141,-2.01569,-2.97308,-0.93909
317.7,1.21441,-2.14858,-2.2426,-0.652025
317.8,1.08075,-2.22002,-1.47625,-0.472313
317.9,0.954483,-2.22694,-0.696122,-0.906396
318,0.823098,-2.16888,0.0750137,0.15171
318.1,0.687256,-2.04851,0.81482,0.318913
318.2,0.552828,-1.87017,1.5022,-0.792514
318.3,0.425774,-1.63965,2.11785,0.144554
318.4,0.312003,-1.36397,2.64468,-0.211756
318.5,0.217255,-1.05112,3.06829,-1.23271
318.6,0.146993,-0.70987,3.37716,-1.58028
318.7,0.106306,-0.349414,3.56295,0.146476
318.8,0.0998393,0.020848,3.6206,-1.00337
318.9,0.13174,0.391618,3.5483,0.211722
319,0.20563,0.753968,3.34745,-0.0514731
319.1,0.324604,1.0996,3.02248,-0.601543
319.2,0.491254,1.42107,2.58056,0.176476
319.3,0.707712,1.71204,2.03129,0.186141
319.4,0.975735,1.9674,1.38629,-0.704501
319.5,1.27101,2.18268,0.658764,-0.56063
319.6,1.55662,2.35078,-0.136076,-0.238157
319.7,1.82849,2.46467,-0.980451,0.137937
319.8,2.08246,2.5188,-1.85437,-0.751921
319.9,2.31437,2.50929,-2.73618,-1.06802
320,2.52013,2.43406,-3.6032,0.354144
320.1,2.69595,2.29294,-4.43233,-2.48371
320.2,2.8385,2.0877,-5.20077,-0.673119
320.3,2.94498,1.82204,-5.88666,-0.321058
320.4,3.01335,1.50152,-6.46979,0.367861
320.5,3.04234,1.13346,-6.93218,0.190584
320.6,3.03161,0.726761,-7.2587,-1.06054
320.7,2.98173,0.291665,-7.43759,0.0678501
320.8,2.89428,-0.160473,-7.46087,-0.626896
320.9,2.77179,-0.617503,-7.32469,-1.37432
321,2.61773,-1.0668,-7.02952,-1.18028
321.1,2.43647,-1.49563,-6.58032,-2.74115
321.2,2.23315,-1.89148,-5.98643,0.0987044
321.3,2.01358,-2.24246,-5.26152,0.327293
321.4,1.78413,-2.53761,-4.42323,-0.301258
321.5,1.55152,-2.76731,-3.49283,-0.489024
321.6,1.32269,-2.92349,-2.4947,0.137425
321.7,1.10459,-2.99999,-1.4557,0.0251782
321.8,0.899143,-2.9928,-0.404486,-2.82371
321.9,0.682926,-2.90208,0.629503,0.293303
322,0.457654,-2.73214,1.61772,-0.242646
322.1,0.230388,-2.48948,2.53351,-0.184801
322.2,0.00815128,-2.18241,3.35284,-0.353655
322.3,-0.202251,-1.82081,4.05483,-1.83831
322.4,-0.394403,-1.41578,4.62233,-0.700837
322.5,-0.562434,-0.979342,5.04221,-0.723673
322.6,-0.701152,-0.524062,5.30567,-0.146774
322.7,-0.806149,-0.0626773,5.40834,-0.13234
322.8,-0.87389,0.392258,5.3503,-1.42517
322.9,-0.901762,0.828719,5.13592,-0.191801
323,-0.888102,1.23554,4.77366,-2.3873
323.1,-0.832188,1.60271,4.27567,0.37274
323.2,-0.734204,1.92163,3.6574,0.187275
323.3,-0.595177,2.18531,2.93699,0.213711
323.4,-0.416884,2.38857,2.13473,-0.365066
323.5,-0.201737,2.52811,1.27243,0.187736
323.6,0.0473518,2.60259,0.372656,-1.07597
323.7,0.327125,2.61264,-0.541863,-0.0680232
323.8,0.634149,2.5608,-1.44897,-0.248568
323.9,0.964989,2.45142,-2.3277,-3.23391
324,1.28902,2.28971,-3.15888,-0.446578
324.1,1.56472,2.07801,-3.92466,-1.65009
324.2,1.79172,1.81885,-4.60794,-0.484869
324.3,1.97032,1.51643,-5.1928,0.381622
324.4,2.10128,1.17652,-5.66506,-3.61142
324.5,2.1859,0.806282,-6.01282,0.147595
324.6,2.2261,0.414112,-6.2269,0.198435
324.7,2.22448,0.00938943,-6.30123,-0.386105
324.8,2.18429,-0.397775,-6.23318,0.376533
324.9,2.10949,-0.796827,-6.02374,0.107353
325,2.00466,-1.17707,-5.6776,0.233439
325.1,1.87495,-1.52797,-5.20322,0.36399
325.2,1.72603,-1.83948,-4.61262,-0.505529
325.3,1.56391,-2.10236,-3.92126,-0.536011
325.4,1.3949,-2.30844,-3.1476,-0.30414
325.5,1.22539,-2.45088,-2.31278,-0.105909
325.6,1.06175,-2.52445,-1.44003,0.0701213
325.7,0.904553,-2.52581,-0.554104,-2.35128
325.8,0.737078,-2.45516,0.319626,-1.62246
325.9,0.563005,-2.31592,1.1565,-0.545926
326,0.388599,-2.11327,1.93336,-1.153
326.1,0.220157,-1.85403,2.62918,-1.17016
326.2,0.0638463,-1.54632,3.22553,-0.76987
326.3,-0.0744282,-1.19938,3.70703,-1.27835
326.4,-0.189157,-0.823248,4.06169,0.267152
326.5,-0.275334,-0.428438,4.28112,0.183319
326.6,-0.328546,-0.0256585,4.36066,-0.768715
326.7,-0.345038,0.374513,4.29939,-0.533698
326.8,-0.32175,0.761931,4.1,0.0733279
326.9,-0.256337,1.12716,3.76863,-1.63458
327,-0.147148,1.46176,3.31456,-0.622924
327.1,0.00681251,1.75845,2.74983,-0.806472
327.2,0.20595,2.01138,2.08876,-1.88481
327.3,0.450177,2.21622,1.34748,0.33613
327.4,0.739023,2.3703,0.543335,-0.620707
327.5,1.07032,2.47265,-0.305689,-0.699073
327.6,1.39692,2.52203,-1.18136,0.182734
327.7,1.69442,2.51454,-2.06447,-0.841455
327.8,1.96002,2.44739,-2.93457,-0.229404
327.9,2.19102,2.31961,-3.77056,0.240286
328,2.38498,2.13209,-4.55132,-0.514462
328.1,2.53985,1.88757,-5.25637,-0.190535
328.2,2.65413,1.5906,-5.8665,-2.45496
328.3,2.72698,1.24745,-6.3644,-0.715963
328.4,2.75833,0.865969,-6.73524,-0.209177
328.5,2.7489,0.455347,-6.96717,-0.148218
328.6,2.7003,0.0259231,-7.05178,-6.43716
328.7,2.61499,-0.411105,-6.98443,0.380665
328.8,2.49633,-0.843986,-6.76449,-1.38659
328.9,2.34844,-1.26074,-6.39552,-0.819598
329,2.17624,-1.6495,-5.88524,-2.21621
329.1,1.98524,-1.99885,-5.24547,-1.66035
329.2,1.78151,-2.29817,-4.49189,0.167679
329.3,1.5715,-2.53798,-3.6437,0.251514
329.4,1.36186,-2.71019,-2.7232,0.327187
329.5,1.15932,-2.80842,-1.75521,0.0708134
329.6,0.969987,-2.82822,-0.766463,-0.256708
329.7,0.77697,-2.76815,0.215202,-1.01175
329.8,0.573982,-2.63127,1.16227,-0.181183
329.9,0.367787,-2.42302,2.04876,-0.535615
330,0.165194,-2.15066,2.8509,0.0708737
330.1,-0.027117,-1.82298,3.54776,-1.15488
330.2,-0.20276,-1.45007,4.1217,0.145444
330.3,-0.355789,-1.043,4.55882,-1.1877
330.4,-0.480833,-0.613429,4.84918,-0.0350362
330.5,-0.573201,-0.173328,4.98699,-0.604301
330.6,-0.628964,0.265407,4.97067,-0.590757
330.7,-0.645017,0.691278,4.80271,-1.04754
330.8,-0.619101,1.0935,4.48953,-2.37528
330.9,-0.549806,1.4623,4.04116,-0.566434
331,-0.436535,1.78917,3.47082,0.104778
331.1,-0.279451,2.06708,2.79446,-1.97839
331.2,-0.0793878,2.29067,2.03021,-1.05542
331.3,0.162261,2.45636,1.19775,-0.546226
331.4,0.443672,2.56242,0.31772,0.328822
331.5,0.76275,2.60901,-0.588994,-0.613254
331.6,1.11359,2.59811,-1.50187,0.158413
331.7,1.44239,2.53089,-2.40111,-1.06929
331.8,1.73072,2.40613,-3.26678,0.148756
331.9,1.97696,2.22407,-4.07871,-0.00473462
332,2.17975,1.98678,-4.81717,-1.23213
332.1,2.33813,1.69817,-5.46346,-0.505474
332.2,2.45172,1.36386,-6.00056,0.0537161
332.3,2.52076,0.991058,-6.41367,-1.73499
332.4,2.54624,0.588366,-6.69081,0.121099
332.5,2.52991,0.165579,-6.82318,-0.239855
332.6,2.47437,-0.266594,-6.80561,-1.13286
332.7,2.38298,-0.696819,-6.63679,-0.542348
332.8,2.25992,-1.11346,-6.31942,-0.259264
332.9,2.11004,-1.50489,-5.86031,-1.48539
333,1.93886,-1.85985,-5.27026,0.35283
333.1,1.75238,-2.1678,-4.56391,-0.303382
333.2,1.55701,-2.41918,-3.75941,-2.88682
333.3,1.35938,-2.60579,-2.87804,-0.619865
333.4,1.16621,-2.721,-1.94369,0.150834
333.5,0.983965,-2.76001,-0.982243,-0.563621
333.6,0.798523,-2.7208,-0.0208362,-1.2988
333.7,0.601657,-2.60576,0.913464,-2.40281
333.8,0.399909,-2.41971,1.7949,-2.55455
333.9,0.199903,-2.1693,2.59974,-1.24169
334,0.00817906,-1.86276,3.30686,-0.45761
334.1,-0.168974,-1.50966,3.89824,0.381366
334.2,-0.325665,-1.12057,4.35942,-0.10456
334.3,-0.456535,-0.70675,4.67975,0.372843
334.4,-0.556867,-0.279828,4.85262,-0.80985
334.5,-0.622674,0.148547,4.87547,0.10811
334.6,-0.650764,0.567033,4.74979,-1.61525
334.7,-0.638771,0.964913,4.48095,-0.251912
334.8,-0.585163,1.33238,4.0779,-0.96802
334.9,-0.489219,1.6608,3.55284,-0.924978
335,-0.35098,1.94295,2.92075,-0.246155
335.1,-0.171173,2.17315,2.19885,0.0977284
335.2,0.0488924,2.34746,1.40607,0.373074
335.3,0.307444,2.46373,0.562407,0.123859
335.4,0.602392,2.52163,-0.31172,0.137345
335.5,0.931489,2.52266,-1.19609,-1.66287
335.6,1.26986,2.46947,-2.07128,-0.668191
335.7,1.56957,2.36199,-2.91838,-0.333842
335.8,1.8279,2.1999,-3.71829,-1.19465
335.9,2.04362,1.98469,-4.45211,-0.81584
336,2.21589,1.71956,-5.10174,-0.212139
336.1,2.34432,1.40942,-5.65054,-0.853941
336.2,2.42908,1.06072,-6.08383,-0.684403
336.3,2.47105,0.681302,-6.38946,-1.7315
336.4,2.47179,0.280225,-6.55822,-1.27268
336.5,2.43364,-0.132519,-6.58425,0.198552
336.6,2.35971,-0.546255,-6.46533,0.194039
336.7,2.25385,-0.949925,-6.20305,-1.50578
336.8,2.12058,-1.33241,-5.80286,-0.0727466
336.9,1.96506,-1.68283,-5.2741,0.291138
337,1.79297,-1.99091,-4.62982,-1.46909
337.1,1.61036,-2.24725,-3.88651,-1.61884
337.2,1.42358,-2.44363,-3.06375,-0.11452
337.3,1.23907,-2.5733,-2.18375,-0.0763341
337.4,1.06322,-2.63118,-1.27082,-0.89816
337.5,0.895924,-2.61421,-0.350677,0.28178
337.6,0.719285,-2.52312,0.550471,0.104531
337.7,0.537318,-2.36192,1.40732,-0.198245
337.8,0.35655,-2.13642,2.19631,-0.852677
337.9,0.183498,-1.85406,2.89618,-3.0323
338,0.0245112,-1.5236,3.48853,-0.0611606
338.1,-0.114373,-1.15487,3.95823,-0.50097
338.2,-0.227558,-0.758453,4.29371,-1.01268
338.3,-0.309994,-0.345355,4.4872,0.0369062
338.4,-0.35727,0.0732948,4.53482,0.0560451
338.5,-0.365671,0.486583,4.43653,0.0276063
338.6,-0.332217,0.884118,4.19605,-0.2263
338.7,-0.254666,1.25632,3.8206,0.166836
338.8,-0.131495,1.59467,3.32058,-0.199668
338.9,0.0381486,1.89197,2.70913,-1.65424
339,0.254525,2.14248,2.00167,-1.26696
339.1,0.517403,2.34213,1.21533,-3.82376
339.2,0.826185,2.48854,0.368396,-0.928545
339.3,1.17141,2.58101,-0.520355,0.18903
339.4,1.49809,2.61723,-1.43175,-0.582566
339.5,1.79424,2.59318,-2.34538,0.13108
339.6,2.0569,2.50653,-3.23967,-0.358971
339.7,2.28327,2.3568,-4.09258,-0.754163
339.8,2.47085,2.14548,-4.88224,-1.05122
339.9,2.61762,1.87597,-5.58762,-0.89926
340,2.72216,1.55353,-6.18923,-1.99546
340.1,2.78379,1.18517,-6.66973,-0.711615
340.2,2.80262,0.779447,-7.01449,-1.07687
340.3,2.77964,0.346306,-7.21214,-0.815025
340.4,2.71674,-0.103221,-7.25499,-1.1562
340.5,2.61673,-0.557295,-7.13935,-0.00792236
340.6,2.48331,-1.00359,-6.86579,-1.37027
340.7,2.32099,-1.42965,-6.4392,-1.05415
340.8,2.13505,-1.82322,-5.86883,-0.269992
340.9,1.9314,-2.17265,-5.1681,-0.475975
341,1.71645,-2.46717,-4.35438,-1.33313
341.1,1.49697,-2.69731,-3.4486,-0.0350625
341.2,1.27992,-2.85514,-2.47471,-0.365463
341.3,1.07226,-2.93456,-1.45915,-0.353041
341.4,0.872953,-2.9317,-0.430133,-0.768041
341.5,0.660109,-2.84702,0.583479,-0.159243
341.6,0.437845,-2.68474,1.55372,-0.334519
341.7,0.213025,-2.45111,2.45447,0.0456083
341.8,-0.00751859,-2.15421,3.26211,-0.660167
341.9,-0.217165,-1.80362,3.95614,-0.147206
342,-0.409675,-1.41019,4.51964,0.0683298
342.1,-0.579339,-0.985654,4.93965,-0.693816
342.2,-0.721115,-0.542282,5.2074,-0.188937
342.3,-0.830734,-0.09255,5.3185,-1.66983
342.4,-0.904784,0.35123,5.27288,-0.272397
342.5,-0.940768,0.777251,5.07472,-1.35581
342.6,-0.937125,1.17453,4.73217,-0.463976
342.7,-0.893234,1.53318,4.25706,0.361071
342.8,-0.809376,1.8447,3.66445,-0.475076
342.9,-0.686677,2.10216,2.97208,-0.044678
343,-0.527024,2.30035,2.19985,-0.775449
343.1,-0.332953,2.43593,1.36915,-0.140307
343.2,-0.107521,2.50743,0.502189,-1.9277
343.3,0.145838,2.51533,-0.378625,-0.676868
343.4,0.423477,2.46195,-1.25139,-1.76893
343.5,0.721702,2.3514,-2.09531,-0.508292
343.6,1.03652,2.18939,-2.89135,-0.677552
343.7,1.32686,1.98167,-3.62258,-1.43708
343.8,1.56771,1.73128,-4.27354,-0.723965
343.9,1.7599,1.44204,-4.82994,-1.4778
344,1.9046,1.11926,-5.27905,0.0940736
344.1,2.00346,0.769555,-5.61027,-1.03854
344.2,2.05864,0.400648,-5.8155,-0.936292
344.3,2.07288,0.0211957,-5.88949,0.0514972
344.4,2.04952,-0.359482,-5.83019,-2.40803
344.5,1.99248,-0.731657,-5.63885,-2.1085
344.6,1.90627,-1.08548,-5.32017,0.313283
344.7,1.79588,-1.41127,-4.88229,-1.76975
344.8,1.66671,-1.69979,-4.33664,0.196199
344.9,1.52453,-1.94257,-3.69777,-0.97335
345,1.3753,-2.13214,-2.98305,-0.531755
345.1,1.22506,-2.26228,-2.21221,0.0848828
345.2,1.07981,-2.32826,-1.40694,-0.236912
345.3,0.942991,-2.327,-0.590283,-0.905718
345.4,0.800401,-2.25838,0.214091,0.0313341
345.5,0.653393,-2.12543,0.983073,-0.388825
345.6,0.508034,-1.93294,1.69494,0.0423636
345.7,0.370449,-1.68715,2.32991,-1.41483
345.8,0.246684,-1.39555,2.8706,-1.83982
345.9,0.142575,-1.06667,3.30244,-0.943163
346,0.0636407,-0.709724,3.61399,0.192146
346.1,0.0149805,-0.334415,3.7971,-0.883892
346.2,0.00120093,0.0494148,3.84708,-0.146709
346.3,0.0263622,0.432056,3.76265,-2.75428
346.4,0.0939494,0.804218,3.54587,0.140738
346.5,0.20687,1.15729,3.20193,-0.0598366
346.6,0.367478,1.4836,2.73889,0.173501
346.7,0.577625,1.7766,2.16731,-1.90597
346.8,0.838736,2.03108,1.49978,-5.31039
346.9,1.14505,2.2432,0.75049,0.154909
347,1.44825,2.40774,-0.0649198,-1.87636
347.1,1.73566,2.51773,-0.928559,-0.721713
347.2,2.00331,2.56756,-1.82031,0.132019
347.3,2.24717,2.55333,-2.71837,-0.0997984
347.4,2.46327,2.47295,-3.59991,-0.502631
347.5,2.64794,2.32628,-4.44169,-1.66331
347.6,2.79794,2.11513,-5.22078,-1.13954
347.7,2.9106,1.84329,-5.9152,-0.54453
347.8,2.98395,1.5164,-6.50465,-0.0828842
347.9,3.01685,1.1419,-6.97112,-1.62657
348,3.00903,0.728797,-7.29947,-0.0393067
348.1,2.96119,0.287476,-7.47798,-0.770061
348.2,2.87501,-0.170576,-7.49875,-0.43457
348.3,2.75312,-0.633076,-7.35805,-2.99999
348.4,2.59912,-1.08727,-7.05656,-0.640185
348.5,2.41747,-1.52029,-6.59944,-0.244697
348.6,2.21344,-1.91954,-5.9963,-0.386726
348.7,1.99295,-2.27301,-5.2611,0.296248
348.8,1.76247,-2.5697,-4.41182,-0.62466
348.9,1.52884,-2.7999,-3.47008,-0.392443
349,1.29908,-2.95555,-2.4606,-0.83886
349.1,1.08024,-3.03049,-1.41062,-1.47159
349.2,0.871519,-3.02081,-0.349149,0.156865
349.3,0.6496,-2.92712,0.694136,-0.11008
349.4,0.418356,-2.75394,1.69055,-0.176839
349.5,0.18484,-2.50787,2.61338,-2.46886
349.6,-0.0439441,-2.19739,3.43854,-2.81493
349.7,-0.26123,-1.83252,4.14521,-0.425516
349.8,-0.46066,-1.42453,4.71627,-0.391425
349.9,-0.636445,-0.985569,5.13876,0.133338
350,-0.783495,-0.52835,5.40404,-2.81083
350.1,-0.897534,-0.0657413,5.50798,-0.191327
350.2,-0.97518,0.389581,5.45091,-0.63108
350.3,-1.01326,0.825498,5.23754,-0.23814
350.4,-1.0087,1.23096,4.87662,-0.0726947
350.5,-0.965766,1.59583,4.38061,0.174537
350.6,-0.882722,1.91129,3.76531,-0.436721
350.7,-0.760633,2.17029,3.0493,0.13868
350.8,-0.601618,2.36759,2.25331,-0.217061
350.9,-0.408471,2.49984,1.39958,-1.19348
351,-0.184533,2.56568,0.511178,0.0294424
351.1,0.066464,2.56569,-0.388706,-0.74429
351.2,0.340555,2.50238,-1.27741,-0.513721
351.3,0.633717,2.38005,-2.13348,-0.00872444
351.4,0.942043,2.20468,-2.93725,-2.28404
351.5,1.24118,1.98315,-3.67139,-1.12857
351.6,1.48969,1.71975,-4.32056,-0.692852
351.7,1.68762,1.41859,-4.8708,0.0436461
351.8,1.83645,1.08519,-5.30981,-1.85667
351.9,1.93809,0.726388,-5.62746,-1.33282
352,1.99501,0.350122,-5.81624,0.0560489
352.1,2.01022,-0.034795,-5.87154,-1.69918
352.2,1.98731,-0.418914,-5.79197,-0.862428
352.3,1.93046,-0.792427,-5.57953,-0.419778
352.4,1.84439,-1.14545,-5.23966,-0.277285
352.5,1.7343,-1.46833,-4.78124,-0.486487
352.6,1.60579,-1.7519,-4.21642,-0.0354123
352.7,1.46477,-1.98783,-3.56047,-0.742919
352.8,1.31732,-2.16882,-2.83136,-3.34752
352.9,1.16958,-2.28889,-2.04941,-1.25263
353,1.02761,-2.34357,-1.23677,-0.0402622
353.1,0.888686,-2.33031,-0.416854,-0.139865
353.2,0.740643,-2.25007,0.386625,0.147442
353.3,0.588793,-2.1063,1.15078,-0.701196
353.4,0.439165,-1.90411,1.85421,-0.0728225
353.5,0.297811,-1.65002,2.47759,-1.07052
353.6,0.17067,-1.35179,3.00407,0.0659172
353.7,0.0634344,-1.01811,3.4197,-0.281306
353.8,-0.0185537,-0.658373,3.71371,-1.17699
353.9,-0.0704035,-0.282376,3.87867,-0.482894
354,-0.0877466,0.099993,3.91063,-0.458117
354.1,-0.0667887,0.479023,3.80906,-0.947993
354.2,-0.00433603,0.845471,3.57678,-2.09275
354.3,0.102204,1.19082,3.2197,-0.338226
354.4,0.25485,1.50752,2.74655,-0.0289055
354.5,0.455096,1.78919,2.16853,-1.96471
354.6,0.703992,2.03081,1.4988,-4.71823
354.7,1.00224,2.22883,0.752057,0.34538
354.8,1.31701,2.38017,-0.0559567,-0.678003
354.9,1.61372,2.47897,-0.907926,-0.855687
355,1.88884,2.51979,-1.78446,-0.345445
355.1,2.1387,2.49888,-2.66457,-1.15438
355.2,2.35971,2.41427,-3.52624,0.350717
355.3,2.54855,2.26586,-4.34711,0.255312
355.4,2.70228,2.05548,-5.10511,-2.32607
355.5,2.8185,1.78685,-5.77914,0.220753
355.6,2.8955,1.4655,-6.34974,-1.29852
355.7,2.93232,1.09868,-6.79968,-1.39567
355.8,2.92889,0.695189,-7.11453,-0.736708
355.9,2.88601,0.265114,-7.2832,0.0929635
356,2.80545,-0.180384,-7.29831,-1.47293
356.1,2.68989,-0.629391,-7.15653,0.160196
356.2,2.54294,-1.06955,-6.85877,-0.908187
356.3,2.36901,-1.48843,-6.41032,-0.359841
356.4,2.17329,-1.87384,-5.82078,0.198964
356.5,1.96162,-2.21421,-5.10389,-0.944001
356.6,1.7403,-2.49895,-4.27732,0.26625
356.7,1.51603,-2.71876,-3.36221,-0.939814
356.8,1.29564,-2.86591,-2.38268,-1.63041
356.9,1.08598,-2.93454,-1.36524,-0.0911033
357,0.887502,-2.92097,-0.338104,-1.09148
357.1,0.677865,-2.82574,0.669901,0.0362287
357.2,0.460237,-2.65326,1.6309,-1.05489
357.3,0.241588,-2.40999,2.51892,-1.19383
357.4,0.0288413,-2.10417,3.31058,-3.13586
357.5,-0.171297,-1.74557,3.98567,0.215358
357.6,-0.352504,-1.34511,4.5276,0.22997
357.7,-0.508993,-0.914591,4.92374,-3.48201
357.8,-0.635633,-0.466308,5.16574,-1.23889
357.9,-0.728063,-0.0127069,5.24954,-0.00238904
358,-0.782759,0.433978,5.17544,-0.0204955
358.1,-0.797094,0.862058,4.94793,0.161996
358.2,-0.769345,1.26071,4.57544,-2.54482
358.3,-0.698694,1.62027,4.07,-2.66337
358.4,-0.58518,1.93247,3.44678,-0.953175
358.5,-0.429636,2.19066,2.72357,-0.60049
358.6,-0.233591,2.38994,1.9202,-0.569035
358.7,0.000847463,2.52729,1.05785,-1.88794
358.8,0.27113,2.60164,0.158451,-0.525693
358.9,0.574427,2.61381,-0.756035,0.0560942
359,0.907796,2.56653,-1.66427,-2.82697
359.1,1.24921,2.46383,-2.54616,-0.772422
359.2,1.54797,2.30717,-3.38265,0.176408
359.3,1.80081,2.0975,-4.15498,-1.00269
359.4,2.00718,1.83753,-4.84503,-1.84405
359.5,2.16691,1.53168,-5.4359,-0.443636
359.6,2.28035,1.186,-5.91255,-0.598128
359.7,2.34847,0.807965,-6.26232,-0.298551
359.8,2.37292,0.406333,-6.47537,-2.79111
359.9,2.35607,-0.00912311,-6.54513,-3.99133
360,2.30104,-0.427873,-6.4686,0.171615
360.1,2.21169,-0.838924,-6.24652,-0.836818
360.2,2.09254,-1.23113,-5.88355,-0.627395
360.3,1.94877,-1.59353,-5.38821,-0.836262
360.4,1.78606,-1.91565,-4.77278,-0.36889
360.5,1.61052,-2.18782,-4.05309,-0.336733
360.6,1.42855,-2.40153,-3.24813,-0.232234
360.7,1.24669,-2.54962,-2.37968,-0.0652326
360.8,1.07144,-2.62659,-1.4717,-2.7388
360.9,0.903795,-2.62887,-0.549796,0.272053
361,0.725462,-2.55661,0.359798,-1.00946
361.1,0.539686,-2.41333,1.23154,0.166847
361.2,0.352887,-2.20446,2.04147,-1.25346
361.3,0.171504,-1.93707,2.76783,-1.02344
361.4,0.00183418,-1.61963,3.39158,-2.68749
361.5,-0.150115,-1.26175,3.89685,-0.230379
361.6,-0.278761,-0.87387,4.2713,-0.66541
361.7,-0.37906,-0.466947,4.50634,-0.0770557
361.8,-0.446607,-0.0521305,4.59724,-0.783188
361.9,-0.477697,0.35956,4.54319,-0.303368
362,-0.469377,0.757546,4.34715,-0.627854
362.1,-0.419461,1.13198,4.01566,-2.485
362.2,-0.326519,1.47403,3.55855,-0.323015
362.3,-0.189835,1.77608,2.98851,0.0571897
362.4,-0.00934915,2.03197,2.32068,-2.28914
362.5,0.214439,2.2371,1.57206,-0.847022
362.6,0.48058,2.38859,0.760978,0.123926
362.7,0.787816,2.48533,-0.0935561,-0.521681
362.8,1.12977,2.5279,-0.972432,-0.208797
362.9,1.453,2.51582,-1.85672,0.182888
363,1.74158,2.44647,-2.72682,-0.0335876
363.1,1.99326,2.31869,-3.56243,-0.525195
363.2,2.20603,2.13317,-4.34316,0.104599
363.3,2.3782,1.8924,-5.04919,-0.838031
363.4,2.50857,1.60069,-5.66189,-0.423551
363.5,2.59654,1.264,-6.16442,0.11251
363.6,2.64222,0.88986,-6.54232,0.197905
363.7,2.64649,0.487145,-6.78399,-3.02001
363.8,2.61105,0.0658579,-6.88115,0.306493
363.9,2.53844,-0.363139,-6.82919,-1.49289
364,2.43199,-0.788421,-6.62738,-0.0223709
364.1,2.29586,-1.19832,-6.27909,-0.23012
364.2,2.13488,-1.58125,-5.79171,-0.596332
364.3,1.95455,-1.92607,-5.17666,-1.31063
364.4,1.76083,-2.22237,-4.44912,-0.295902
364.5,1.56007,-2.46083,-3.62775,-0.402775
364.6,1.35885,-2.63351,-2.73422,0.0609129
364.7,1.1638,-2.7341,-1.79271,-0.69208
364.8,0.981208,-2.75814,-0.829288,0.0165202
364.9,0.796447,-2.70401,0.128846,-0.0647376
365,0.601883,-2.57449,1.05472,0.22813
365.1,0.404164,-2.37473,1.92279,0.0887734
365.2,0.209999,-2.11169,2.70964,-1.05771
365.3,0.0259922,-1.79386,3.39457,-0.279495
365.4,-0.141523,-1.43101,3.96009,-0.918199
365.5,-0.286622,-1.03385,4.39227,-1.36286
365.6,-0.403925,-0.613736,4.6811,0.187281
365.7,-0.488692,-0.182314,4.82057,-0.842791
365.8,-0.536917,0.248811,4.80876,0.252067
365.9,-0.545372,0.668404,4.64775,-0.0267139
366,-0.511641,1.06591,4.34346,0.162066
366.1,-0.434114,1.43176,3.90531,-1.02994
366.2,-0.311958,1.7576,3.3459,-1.87964
366.3,-0.14506,2.03651,2.68047,-0.221097
366.4,0.0660634,2.2632,1.92644,-0.601209
366.5,0.320372,2.43412,1.10275,0.164706
366.6,0.616436,2.54755,0.229269,-0.265669
366.7,0.952592,2.60361,-0.67384,-0.356788
366.8,1.2999,2.60347,-1.58673,-1.70703
366.9,1.61194,2.54539,-2.4895,-0.490364
367,1.88587,2.42771,-3.36154,0.0394763
367.1,2.11966,2.25064,-4.18197,0.0704593
367.2,2.31155,2.01626,-4.9303,0.154898
367.3,2.46026,1.7285,-5.58711,-0.299595
367.4,2.56508,1.39307,-6.13468,0.38438
367.5,2.62598,1.01728,-6.55755,-1.49496
367.6,2.64372,0.609897,-6.84308,-0.925562
367.7,2.61988,0.180911,-6.98195,-0.574694
367.8,2.55688,-0.258742,-6.96848,-0.737115
367.9,2.45798,-0.697466,-6.80094,0.168471
368,2.32728,-1.12333,-6.48175,-0.158521
368.1,2.16959,-1.52442,-6.0175,-0.0862912
368.2,1.99041,-1.88915,-5.4189,-0.455491
368.3,1.79577,-2.20664,-4.70061,-0.767249
368.4,1.59213,-2.46704,-3.88092,-3.27205
368.5,1.3862,-2.66181,-2.98134,-1.36229
368.6,1.1848,-2.78406,-2.02612,-1.83421
368.7,0.994628,-2.82872,-1.04156,-2.17516
368.8,0.802861,-2.79346,-0.0553657,-0.389503
368.9,0.598687,-2.6805,0.904784,0.193714
369,0.388735,-2.49471,1.81248,0.267071
369.1,0.17973,-2.24279,2.64336,-2.04239
369.2,-0.0216976,-1.93313,3.37569,-0.44661
369.3,-0.209167,-1.57543,3.99094,0.0126563
369.4,-0.376711,-1.18051,4.47415,0.181144
369.5,-0.518909,-0.759875,4.8143,-2.62398
369.6,-0.631004,-0.325434,5.00445,0.33509
369.7,-0.708997,0.110857,5.04189,-1.09268
369.8,-0.749716,0.537339,4.928,-1.23172
369.9,-0.750848,0.942966,4.66818,0.153562
370,-0.710958,1.31761,4.27154,-0.630205
370.1,-0.629463,1.65232,3.75052,-0.476117
370.2,-0.50659,1.93956,3.12046,-4.06318
370.3,-0.343303,2.1734,2.39907,-0.238597
370.4,-0.1412,2.34961,1.60581,3.26858e-05
370.5,0.0976021,2.46584,0.761342,-6.61976
370.6,0.370609,2.52154,-0.113205,0.282619
370.7,0.675107,2.51806,-0.996826,0.0788452
370.8,1.00831,2.45853,-1.8693,-1.6205
370.9,1.33164,2.34651,-2.7117,-1.61529
371,1.61102,2.18266,-3.50581,0.0320511
371.1,1.84577,1.96828,-4.23366,0.31541
371.2,2.03544,1.70636,-4.87805,-1.14494
371.3,2.18002,1.40156,-5.4231,0.19629
371.4,2.28001,1.06004,-5.85485,-0.386022
371.5,2.3365,0.68931,-6.16172,-2.14951
371.6,2.35128,0.298061,-6.33497,-0.830182
371.7,2.3268,-0.104096,-6.36909,-0.840189
371.8,2.26628,-0.506888,-6.26203,-0.49204
371.9,2.17358,-0.899664,-6.01543,-1.92615
372,2.05324,-1.2717,-5.63468,-4.8308
372.1,1.91038,-1.61253,-5.12888,-0.998861
372.2,1.7506,-1.91222,-4.51071,-0.050964
372.3,1.57986,-2.16171,-3.79619,-0.552447
372.4,1.40438,-2.35306,-3.00431,0.332218
372.5,1.23047,-2.47978,-2.15659,-0.349628
372.6,1.06439,-2.53695,-1.27658,-0.681661
372.7,0.906814,-2.52161,-0.389205,-1.26511
372.8,0.74088,-2.43436,0.480142,-1.33356
372.9,0.570234,-2.27899,1.30689,-0.418616
373,0.401272,-2.06106,2.06813,-0.452644
373.1,0.240394,-1.78771,2.74316,0.353348
373.2,0.093855,-1.46735,3.31404,0.325152
373.3,-0.0323743,-1.10943,3.76592,-0.339981
373.4,-0.132729,-0.724126,4.08744,0.00750314
373.5,-0.202155,-0.322059,4.27086,-0.5681
373.6,-0.23619,0.0860542,4.31218,-0.373777
373.7,-0.231024,0.489696,4.21114,0.196532
373.8,-0.183527,0.878852,3.97108,-1.39341
373.9,-0.0912576,1.24429,3.59872,-1.3968
374,0.0475658,1.57781,3.10381,-0.754169
374.1,0.234112,1.87248,2.49879,-0.908427
374.2,0.469017,2.12282,1.79825,-0.0192277
374.3,0.752488,2.32491,1.01845,-0.883094
374.4,1.08242,2.47654,0.176709,-0.347069
374.5,1.41062,2.57506,-0.708947,-0.0455196
374.6,1.71418,2.61524,-1.61902,-2.95795
374.7,1.98969,2.59305,-2.53233,-0.348159
374.8,2.23375,2.50629,-3.42661,-0.336741
374.9,2.44319,2.35471,-4.27916,-0.396741
375,2.61519,2.13999,-5.06753,-1.83201
375.1,2.74749,1.86578,-5.77021,-0.140726
375.2,2.83843,1.53759,-6.36727,0.191018
375.3,2.88717,1.16271,-6.84107,0.384379
375.4,2.89369,0.750009,-7.17675,0.199893
375.5,2.85889,0.309711,-7.36285,0.293034
375.6,2.78462,-0.146852,-7.39165,-1.24975
375.7,2.67368,-0.607551,-7.25957,-1.47932
375.8,2.52976,-1.05979,-6.96735,-0.260812
375.9,2.35742,-1.49085,-6.52019,-0.257749
376,2.162,-1.88826,-5.92769,-5.03267
376.1,1.94946,-2.24017,-5.20372,-0.521487
376.2,1.72631,-2.53568,-4.36615,-0.235832
376.3,1.49939,-2.76519,-3.43645,-3.78827
376.4,1.27575,-2.92072,-2.43916,-0.119967
376.5,1.06242,-2.99617,-1.4013,-0.5763
376.6,0.856656,-2.98775,-0.351644,-0.850268
376.7,0.636545,-2.89628,0.680431,0.099888
376.8,0.407018,-2.7262,1.66657,0.172073
376.9,0.17503,-2.48406,2.58036,-0.0982834
377,-0.0525138,-2.17819,3.39797,0.381145
377.1,-0.268944,-1.81849,4.09881,-0.40019
377.2,-0.467997,-1.4161,4.66593,-1.56455
377.3,-0.643969,-0.983025,5.08649,-0.852568
377.4,-0.791854,-0.531831,5.35194,0.149628
377.5,-0.90745,-0.075244,5.45815,-1.43976
377.6,-0.987444,0.374194,5.40544,0.188904
377.7,-1.02693,0.804545,5.19844,-3.13497
377.8,-1.02332,1.20508,4.84574,-0.995513
377.9,-0.983268,1.56578,4.35954,-1.73553
378,-0.905415,1.87768,3.7554,0.192046
378.1,-0.789406,2.13373,3.05169,-0.190367
378.2,-0.637388,2.3287,2.26892,-2.94943
378.3,-0.452188,2.45924,1.42912,-0.249202
378.4,-0.237181,2.52394,0.555144,-0.512039
378.5,0.0038522,2.52333,-0.330006,-0.0668491
378.6,0.26689,2.45982,-1.20384,-1.00756
378.7,0.547833,2.33762,-2.04503,-1.92461
378.8,0.842681,2.16259,-2.83401,-0.492707
378.9,1.14073,1.9419,-3.55352,-1.21471
379,1.39499,1.68125,-4.18868,0.0834478
379.1,1.59848,1.38473,-4.7262,0.38417
379.2,1.75286,1.05771,-5.15443,-0.00572666
379.3,1.86022,0.706812,-5.46381,-0.773599
379.4,1.92312,0.339711,-5.6473,-1.2193
379.5,1.94466,-0.0350638,-5.70071,-0.045124
379.6,1.92848,-0.40838,-5.62293,-0.989916
379.7,1.87877,-0.770767,-5.41612,-1.10645
379.8,1.80022,-1.11269,-5.08578,0.150737
379.9,1.69797,-1.42484,-4.64071,-2.49212
380,1.57755,-1.69842,-4.09289,0.110833
380.1,1.44475,-1.92539,-3.45726,-0.803687
380.2,1.30552,-2.09879,-2.75137,-2.36475
380.3,1.16588,-2.21289,-1.99503,0.164936
380.4,1.03171,-2.26347,-1.20977,-2.02641
380.5,0.901517,-2.24811,-0.41831,0.105789
380.6,0.763496,-2.16767,0.356309,-0.925681
380.7,0.622645,-2.02554,1.09186,-1.77581
380.8,0.484913,-1.82667,1.76756,-0.121124
380.9,0.35628,-1.57737,2.36464,0.173811
381,0.242626,-1.28515,2.86671,0.154344
381.1,0.149614,-0.958436,3.26022,-1.71709
381.2,0.0825761,-0.606293,3.53465,-1.12692
381.3,0.0464332,-0.238175,3.68276,-0.376605
381.4,0.0456203,0.136378,3.70062,-0.484416
381.5,0.0840436,0.508016,3.58763,0.178334
381.6,0.165059,0.867855,3.34639,-1.38655
381.7,0.291474,1.20773,2.98247,-0.575075
381.8,0.465582,1.52042,2.50415,-1.10369
381.9,0.689215,1.79986,1.92206,-0.885875
382,0.96383,2.04133,1.24869,0.329446
382.1,1.26631,2.24082,0.498004,0.160184
382.2,1.55708,2.39173,-0.314214,-0.0397484
382.3,1.83192,2.48741,-1.16976,-1.53457
382.4,2.08683,2.52273,-2.04836,0.157864
382.5,2.31777,2.49427,-2.92822,-1.00016
382.6,2.52088,2.40043,-3.78671,-0.562862
382.7,2.69256,2.24153,-4.60092,-0.380215
382.8,2.82972,2.01983,-5.34844,0.376459
382.9,2.92986,1.73949,-6.00796,-0.237224
383,2.99119,1.4065,-6.55993,-1.05033
383.1,3.01275,1.02857,-6.98726,-0.408327
383.2,2.99449,0.614902,-7.27576,0.0368394
383.3,2.93729,0.176004,-7.41474,-1.02579
383.4,2.84301,-0.276608,-7.39736,-0.898426
383.5,2.71446,-0.730703,-7.22094,-0.634082
383.6,2.55537,-1.17367,-6.88716,0.383372
383.7,2.37031,-1.59288,-6.40214,0.176472
383.8,2.16462,-1.97603,-5.77636,-0.847413
383.9,1.94426,-2.31151,-5.02448,-2.59832
384,1.71568,-2.58876,-4.1651,0.0418435
384.1,1.48567,-2.79859,-3.22022,-1.4565
384.2,1.26115,-2.93347,-2.21483,-3.43443
384.3,1.04902,-2.9878,-1.1762,0.0938325
384.4,0.844595,-2.95841,-0.133163,0.192618
384.5,0.627352,-2.8468,0.885087,-1.71543
384.6,0.403047,-2.65792,1.85058,0.378982
384.7,0.178723,-2.3987,2.73742,-3.12968
384.8,-0.038661,-2.07786,3.52247,-0.823455
384.9,-0.242408,-1.70554,4.18591,0.157966
385,-0.426248,-1.29309,4.71167,-1.33303
385.1,-0.584486,-0.852599,5.0878,-0.521884
385.2,-0.712129,-0.396649,5.30668,-0.687937
385.3,-0.804988,0.062119,5.36512,-0.260652
385.4,-0.859751,0.511336,5.26431,0.278888
385.5,-0.874031,0.93925,5.00968,0.191549
385.6,-0.84638,1.33505,4.61059,-1.95208
385.7,-0.776274,1.68912,4.08002,-0.913242
385.8,-0.66407,1.99335,3.43403,-0.837895
385.9,-0.510933,2.24125,2.69125,-0.107081
386,-0.318739,2.42817,1.87227,-0.576788
386.1,-0.0899524,2.55137,0.998975,-4.10691
386.2,0.172514,2.61004,0.093853,-0.485036
386.3,0.46546,2.60534,-0.820653,-3.48652
386.4,0.785567,2.54032,-1.72284,-0.352791
386.5,1.12487,2.41972,-2.59239,-0.255932
386.6,1.43048,2.24723,-3.4106,-0.96101
386.7,1.68814,2.0244,-4.15957,-1.12647
386.8,1.89776,1.75422,-4.82216,-2.80678
386.9,2.0596,1.44134,-5.38254,-3.06838
387,2.17445,1.09194,-5.82683,-0.954535
387.1,2.24366,0.713599,-6.14352,0.20744
387.2,2.26922,0.315059,-6.32399,-0.413363
387.3,2.25384,-0.0939948,-6.36283,-0.675243
387.4,2.2009,-0.503205,-6.25817,-1.88967
387.5,2.11449,-0.901838,-6.01182,-1.14626
387.6,1.99931,-1.27909,-5.62938,0.064138
387.7,1.86066,-1.62441,-5.12019,-2.5793
387.8,1.70429,-1.92779,-4.49719,-1.83138
387.9,1.53633,-2.18012,-3.77669,0.12279
388,1.36314,-2.37343,-2.978,0.0834735
388.1,1.19116,-2.50117,-2.12295,0.193164
388.2,1.02677,-2.55845,-1.23541,0.25553
388.3,0.865366,-2.54249,-0.3406,-0.277534
388.4,0.692914,-2.45449,0.535926,0.367779
388.5,0.515147,-2.29833,1.36958,-0.293701
388.6,0.338395,-2.0797,2.13746,0.157885
388.7,0.168974,-1.8058,2.81892,0.382964
388.8,0.0130382,-1.48515,3.39607,0.163135
388.9,-0.123564,-1.12731,3.85419,-0.473476
389,-0.235413,-0.74255,4.18204,-1.01388
389.1,-0.317627,-0.341591,4.37208,-1.33412
389.2,-0.365947,0.0647479,4.42053,-0.0892233
389.3,-0.376792,0.465851,4.32737,-1.39219
389.4,-0.347302,0.851606,4.09623,-0.30955
389.5,-0.275339,1.21268,3.73413,-1.46077
389.6,-0.159469,1.5408,3.2512,0.192204
389.7,0.00108204,1.82892,2.66024,0.126486
389.8,0.206506,2.07146,1.97628,-0.274762
389.9,0.456506,2.26442,1.21601,-1.33513
390,0.750422,2.40547,0.397252,0.368927
390.1,1.08523,2.49403,-0.461687,-0.801445
390.2,1.41176,2.52902,-1.34234,-1.04582
390.3,1.70779,2.50682,-2.22532,-0.0859835
390.4,1.97068,2.42502,-3.09015,0.135178
390.5,2.19784,2.28304,-3.91581,-0.445437
390.6,2.38702,2.08216,-4.6814,0.153479
390.7,2.53634,1.82551,-5.3668,-0.689593
390.8,2.64453,1.51799,-5.95331,-1.40214
390.9,2.71095,1.16621,-6.42423,-0.160037
391,2.73576,0.778277,-6.76544,-2.5006
391.1,2.71992,0.363617,-6.9659,-1.97113
391.2,2.66525,-0.067267,-7.01807,0.194841
391.3,2.57445,-0.503081,-6.91824,-2.80806
391.4,2.45106,-0.93205,-6.66671,-1.90537
391.5,2.2994,-1.34224,-6.26799,-0.656851
391.6,2.12452,-1.72192,-5.73071,-1.29196
391.7,1.93209,-2.05986,-5.06752,-0.0181455
391.8,1.72825,-2.34573,-4.29488,-1.35341
391.9,1.5195,-2.57037,-3.43266,0.129172
392,1.31252,-2.72608,-2.50367,0.193636
392.1,1.114,-2.80693,-1.53314,-4.66525
392.2,0.92769,-2.80896,-0.548031,-0.548495
392.3,0.733144,-2.7318,0.42387,-2.38517
392.4,0.530196,-2.57918,1.35542,0.0764265
392.5,0.325616,-2.35693,2.22117,0.1501
392.6,0.126176,-2.07262,2.99802,-0.961318
392.7,-0.0615137,-1.73533,3.66581,0.170706
392.8,-0.231168,-1.35536,4.20777,0.113306
392.9,-0.376971,-0.943851,4.61088,-0.341403
393,-0.493702,-0.512537,4.86616,-5.0237
393.1,-0.576836,-0.0733341,4.96874,-1.57969
393.2,-0.622621,0.361973,4.91795,0.183982
393.3,-0.62813,0.78207,4.71714,-0.685606
393.4,-0.591279,1.17642,4.3735,0.030954
393.5,-0.510822,1.53556,3.89775,0.320895
393.6,-0.386309,1.85133,3.30368,0.105507
393.7,-0.218026,2.11709,2.60766,-0.0287706
393.8,-0.00690065,2.3279,1.82813,-1.37139
393.9,0.245615,2.4806,0.984918,0.0472616
394,0.537678,2.57389,0.098649,0.362703
394.1,0.867215,2.60837,-0.809936,-0.0264401
394.2,1.21801,2.58616,-1.72061,0.293315
394.3,1.53517,2.50721,-2.61363,-0.548518
394.4,1.81184,2.37038,-3.46889,-0.126252
394.5,2.04637,2.17633,-4.26621,0.10319
394.6,2.23745,1.92755,-4.98593,-0.88666
394.7,2.38419,1.62836,-5.60961,-0.134506
394.8,2.48629,1.28474,-6.12059,-0.596509
394.9,2.54413,0.904254,-6.50462,-1.41064
395,2.55882,0.495816,-6.7503,-3.22694
395.1,2.5323,0.0694665,-6.8496,0.0614688
395.2,2.4673,-0.363896,-6.79811,-1.29478
395.3,2.36737,-0.792814,-6.59539,-0.513812
395.4,2.23683,-1.20559,-6.24502,-1.1493
395.5,2.08067,-1.59064,-5.75471,-0.553143
395.6,1.90453,-1.93679,-5.13612,-1.56802
395.7,1.71451,-2.23365,-4.40471,-0.57176
395.8,1.5171,-2.47194,-3.5794,0.0326409
395.9,1.31895,-2.64374,-2.68211,-0.0320749
396,1.12679,-2.74279,-1.73728,-1.49505
396.1,0.94556,-2.76472,-0.77117,-0.922873
396.2,0.75647,-2.70846,0.188887,0.0305617
396.3,0.557333,-2.57709,1.11598,-0.946734
396.4,0.354734,-2.37586,1.98469,-1.28293
396.5,0.155309,-2.11182,2.77175,-0.759512
396.6,-0.0344355,-1.79354,3.45663,0.0115632
396.7,-0.208273,-1.43084,4.02204,-0.314742
396.8,-0.360412,-1.0345,4.45429,0.333631
396.9,-0.485616,-0.615932,4.7436,-1.89033
397,-0.579319,-0.186816,4.88421,0.161603
397.1,-0.637702,0.24121,4.8745,-0.44414
397.2,-0.657751,0.656885,4.71681,-1.51501
397.3,-0.637289,1.04964,4.41735,0.137554
397.4,-0.574969,1.40989,3.98586,-0.687681
397.5,-0.470255,1.72926,3.43521,-0.320965
397.6,-0.323356,2.00083,2.78096,-1.67154
397.7,-0.135154,2.21929,2.04083,-0.136366
397.8,0.0929093,2.38107,1.23407,-3.17877
397.9,0.358959,2.48441,0.380901,-1.25577
398,0.660829,2.52938,-0.498196,0.177318
398.1,0.996233,2.51786,-1.38307,-0.832187
398.2,1.32862,2.45237,-2.25443,0.348186
398.3,1.62051,2.33243,-3.09337,-0.313246
398.4,1.87058,2.15812,-3.88078,-0.185305
398.5,2.0777,1.9313,-4.59792,0.0027012
398.6,2.24112,1.65556,-5.22698,-2.60684
398.7,2.3606,1.33615,-5.75171,-0.582832
398.8,2.43646,0.979834,-6.15797,0.193261
398.9,2.46973,0.594759,-6.43423,-5.44143
399,2.46217,0.190192,-6.57202,-2.43661
399.1,2.4163,-0.2237,-6.56628,-2.71661
399.2,2.33539,-0.636137,-6.4156,0.199811
399.3,2.22345,-1.03602,-6.12245,-0.367709
399.4,2.08516,-1.41227,-5.69314,0.376302
399.5,1.92581,-1.75412,-5.13787,-1.79633
399.6,1.75117,-2.05145,-4.47046,0.11089
399.7,1.56738,-2.29511,-3.70812,-0.408169
399.8,1.38082,-2.4772,-2.87107,-1.38101
399.9,1.19793,-2.59131,-1.98202,-0.819283
400,1.02506,-2.63277,-1.06564,-0.0106214
400.1,0.856639,-2.59917,-0.147859,0.11602
400.2,0.678281,-2.49218,0.745212,-0.245114
400.3,0.496029,-2.31626,1.58862,-0.0240125
400.4,0.316417,-2.07759,2.35927,-1.25328
400.5,0.145933,-1.78393,3.03651,-1.32795
400.6,-0.00913471,-1.4443,3.60265,-0.556811
400.7,-0.142841,-1.0687,4.04332,-1.35678
400.8,-0.249706,-0.667849,4.34779,-1.07192
400.9,-0.324819,-0.2528,4.50916,0.0238423
401,-0.363925,0.165345,4.52439,-2.22272
401.1,-0.363474,0.575765,4.39432,-0.53149
401.2,-0.320654,0.96823,4.12346,-0.364338
401.3,-0.233389,1.33338,3.71975,0.275526
401.4,-0.100315,1.66297,3.19425,-0.269404
401.5,0.0792763,1.95011,2.56063,-0.988849
401.6,0.305522,2.18943,1.83476,-0.643066
401.7,0.578091,2.37721,1.03405,-0.737292
401.8,0.896319,2.5115,0.176955,-0.754157
401.9,1.24182,2.5917,-0.717702,0.353756
402,1.56219,2.6148,-1.63057,-0.786568
402.1,1.85135,2.57706,-2.54096,0.251746
402.2,2.10637,2.47655,-3.42718,-0.740585
402.3,2.32452,2.31321,-4.2672,-5.54631
402.4,2.50339,2.08896,-5.03932,0.200496
402.5,2.6411,1.80761,-5.72281,-1.25399
402.6,2.73639,1.4748,-6.29863,-0.414716
402.7,2.78874,1.09788,-6.75002,-0.0877811
402.8,2.79846,0.685738,-7.06304,-1.87838
402.9,2.76674,0.248553,-7.22711,-0.549924
403,2.69568,-0.202451,-7.23541,-1.28755
403.1,2.58827,-0.655316,-7.08518,-2.91999
403.2,2.44839,-1.09768,-6.77791,-1.32236
403.3,2.28075,-1.5171,-6.31948,-0.339086
403.4,2.09074,-1.90146,-5.72003,-1.83049
403.5,1.8844,-2.23928,-4.99389,0.186014
403.6,1.66823,-2.52007,-4.1592,0.287874
403.7,1.44905,-2.73467,-3.23757,0.374617
403.8,1.23382,-2.87556,-2.25354,-0.72944
403.9,1.02946,-2.93707,-1.23395,-1.29114
404,0.828713,-2.91603,-0.207246,-0.193816
404.1,0.613772,-2.81398,0.79781,-1.13094
404.2,0.390955,-2.63561,1.75363,-2.10341
404.3,0.167131,-2.3876,2.63461,-3.17136
404.4,-0.0509019,-2.07834,3.41779,0.00894477
404.5,-0.256592,-1.71773,4.08345,-1.26388
404.6,-0.443805,-1.31681,4.6155,0.0923761
404.7,-0.606964,-0.887445,5.00189,0.361602
404.8,-0.741184,-0.441976,5.23483,-0.46866
404.9,-0.842372,0.0071504,5.31085,0.348604
405,-0.907304,0.447723,5.23082,-0.89276
405.1,-0.933676,0.868103,4.9998,0.174286
405.2,-0.92012,1.25754,4.62677,-2.73383
405.3,-0.866197,1.60646,4.12426,0.342385
405.4,-0.772361,1.90669,3.50793,-1.27043
405.5,-0.639886,2.15167,2.79603,-0.571516
405.6,-0.470784,2.33663,2.00877,-0.949755
405.7,-0.267685,2.45861,1.16774,-2.59473
405.8,-0.0337041,2.51662,0.295214,-0.0198523
405.9,0.227707,2.51152,-0.586521,-1.28293
406,0.512921,2.44606,-1.4558,-0.924273
406.1,0.818311,2.32472,-2.29224,-5.24966
406.2,1.13448,2.15347,-3.07728,0.138869
406.3,1.41165,1.93697,-3.79439,0.155389
406.4,1.63977,1.67806,-4.42821,-0.371305
406.5,1.81964,1.38092,-4.96457,-1.19131
406.6,1.9525,1.05117,-5.39104,-1.20216
406.7,2.04003,0.69571,-5.69739,0.118552
406.8,2.08448,0.322527,-5.87597,-2.14654
406.9,2.08869,-0.0595118,-5.92212,-1.59204
407,2.05609,-0.44092,-5.83438,-2.22648
407.1,1.99073,-0.811861,-5.6147,0.197068
407.2,1.89719,-1.16243,-5.26846,-0.358942
407.3,1.78057,-1.48296,-4.8045,0.293399
407.4,1.64638,-1.76428,-4.23496,-3.1995
407.5,1.50042,-1.99805,-3.57506,-1.81168
407.6,1.34871,-2.17698,-2.84273,0.155739
407.7,1.1973,-2.29511,-2.05827,0.160421
407.8,1.05219,-2.34796,-1.24378,-1.87787
407.9,0.913946,-2.33291,-0.422632,-0.674726
408,0.768394,-2.25056,0.381395,-0.401813
408.1,0.619532,-2.1044,1.14531,-0.69842
408.2,0.473472,-1.89955,1.84762,0.0868742
408.3,0.336353,-1.64258,2.46891,-1.35292
408.4,0.214204,-1.34127,2.99225,-0.895753
408.5,0.112821,-1.00434,3.40364,-0.141407
408.6,0.0376494,-0.641199,3.69223,-0.296615
408.7,-0.00630143,-0.261665,3.85056,-1.2422
408.8,-0.0145364,0.124365,3.87464,0.191961
408.9,0.0168789,0.50718,3.76388,-2.36477
409,0.0912936,0.877546,3.52107,-0.414633
409.1,0.211474,1.22697,3.15205,0.158384
409.2,0.379632,1.54793,2.66551,-2.25917
409.3,0.597482,1.8341,2.07256,0.0336119
409.4,0.866322,2.08053,1.38628,-1.03642
409.5,1.17695,2.28354,0.621251,-1.31902
409.6,1.48045,2.43772,-0.2065,-0.186
409.7,1.76711,2.53629,-1.07866,0.14947
409.8,2.03295,2.57392,-1.97479,-0.162389
409.9,2.27397,2.54703,-2.87287,-1.81418
410,2.48631,2.45388,-3.74997,-0.989629
410.1,2.66636,2.29469,-4.58287,-2.49478
410.2,2.81102,2.07163,-5.34879,-0.732304
410.3,2.91776,1.78883,-6.02604,-0.833423
410.4,2.98477,1.45227,-6.5947,-0.467713
410.5,3.01108,1.06969,-7.03726,-0.355478
410.6,2.99662,0.65037,-7.33919,-0.455369
410.7,2.94229,0.20491,-7.48946,0.362377
410.8,2.84993,-0.255035,-7.48093,-1.43152
410.9,2.7224,-0.717069,-7.31069,-1.87525
411,2.56344,-1.1684,-6.98023,-0.906137
411.1,2.37771,-1.59618,-6.49556,-1.08507
411.2,2.17059,-1.98788,-5.86712,0.0430824
411.3,1.94812,-2.33169,-5.10964,0.255184
411.4,1.71687,-2.6168,-4.24179,-0.515725
411.5,1.48373,-2.8338,-3.28583,-0.84148
411.6,1.25573,-2.97495,-2.26699,0.0406935
411.7,1.03991,-3.03447,-1.2129,-0.501475
411.8,0.829857,-3.00907,-0.1528,-0.843683
411.9,0.605578,-2.90034,0.883716,-0.610762
412,0.373253,-2.71321,1.86828,0.28471
412.1,0.139936,-2.45467,2.77463,-0.335655
412.2,-0.0874055,-2.13349,3.57924,0.199001
412.3,-0.302074,-1.75995,4.26196,0.384368
412.4,-0.497814,-1.3455,4.80643,-0.0105472
412.5,-0.668962,-0.902427,5.20047,-0.615189
412.6,-0.810578,-0.443492,5.43628,-1.07228
412.7,-0.918554,0.0184459,5.51056,-0.0445037
412.8,-0.989691,0.470788,5.42449,0.160567
412.9,-1.01978,0.901597,5.18353,-0.364316
413,-1.00769,1.3001,4.79714,-0.712393
413.1,-0.957911,1.6563,4.2784,0.103873
413.2,-0.868193,1.96166,3.64367,-0.685373
413.3,-0.73985,2.20945,2.91196,0.016273
413.4,-0.575144,2.39477,2.10435,-0.512399
413.5,-0.376994,2.51462,1.24327,-1.84152
413.6,-0.148836,2.56801,0.351871,0.136939
413.7,0.105528,2.55587,-0.546687,0.200522
413.8,0.382092,2.48103,-1.42992,-1.50746
413.9,0.676821,2.34813,-2.27663,0.22788
414,0.985828,2.16341,-3.06755,-1.01697
414.1,1.27738,1.93366,-3.78579,-0.398253
414.2,1.51737,1.66293,-4.41633,-0.764738
414.3,1.70695,1.35557,-4.94556,-0.769253
414.4,1.8477,1.01736,-5.36162,-1.23571
414.5,1.94165,0.655319,-5.65492,-1.20763
414.6,1.99138,0.277553,-5.81851,-2.86468
414.7,2.00003,-0.107017,-5.84842,-0.977047
414.8,1.97131,-0.488887,-5.74391,-2.73308
414.9,1.90951,-0.858246,-5.50765,-0.0904816
415,1.81944,-1.20527,-5.14575,0.347668
415.1,1.7064,-1.5204,-4.66769,0.0558399
415.2,1.57603,-1.79465,-4.08624,-0.22296
415.3,1.43427,-2.0199,-3.41716,0.102332
415.4,1.28724,-2.1891,-2.67886,-0.0764487
415.5,1.14104,-2.29657,-1.892,-0.6968
415.6,1.00168,-2.33818,-1.07895,-1.84871
415.7,0.861886,-2.31194,-0.263203,-0.728603
415.8,0.713599,-2.21943,0.531674,-1.50651
415.9,0.562718,-2.06442,1.2831,-2.60052
416,0.415278,-1.8523,1.9701,-1.15885
416.1,0.27731,-1.58981,2.57383,-0.738565
416.2,0.154706,-1.28488,3.07801,-0.765174
416.3,0.0530964,-0.946333,3.46932,0.19978
416.4,-0.02226,-0.583625,3.73763,0.0743598
416.5,-0.0665662,-0.206553,3.87618,0.0735786
416.6,-0.0755557,0.175037,3.88169,-0.167579
416.7,-0.0455391,0.551539,3.75425,-0.145217
416.8,0.0265748,0.913862,3.49727,-1.63803
416.9,0.143284,1.25369,3.11718,-0.258253
417,0.306526,1.56371,2.62317,-0.781895
417.1,0.517732,1.83781,2.02678,0.185453
417.2,0.777911,2.07128,1.34145,0.128989
417.3,1.08545,2.26085,0.582011,-0.256031
417.4,1.3949,2.40274,-0.2356,0.364689
417.5,1.68584,2.49074,-1.09361,-0.379501
417.6,1.95465,2.51976,-1.97223,-0.113587
417.7,2.19764,2.48639,-2.85016,-0.35445
417.8,2.41124,2.38904,-3.70523,-0.31538
417.9,2.59216,2.22801,-4.51505,0.148514
418,2.73754,2.00552,-5.25766,-1.22167
418.1,2.8451,1.72566,-5.91221,-0.481186
418.2,2.91325,1.39435,-6.45961,-0.0917787
418.3,2.9412,1.01918,-6.88313,-3.98732
418.4,2.92903,0.609223,-7.16897,0.094425
418.5,2.87773,0.174827,-7.30673,-0.486014
418.6,2.78925,-0.272658,-7.28982,-1.02894
418.7,2.66646,-0.721189,-7.11575,0.199535
418.8,2.51312,-1.15835,-6.78632,-1.52201
418.9,2.33382,-1.57172,-6.30768,0.0783265
419,2.1339,-1.94918,-5.69031,-2.143
419.1,1.91928,-2.27935,-4.94878,-1.68658
419.2,1.69637,-2.55183,-4.1015,0.324338
419.3,1.47191,-2.75762,-3.17028,-0.097383
419.4,1.25276,-2.88935,-2.17981,0.0963462
419.5,1.04574,-2.94155,-1.15702,-0.997202
419.6,0.846038,-2.91114,-0.130388,0.148885
419.7,0.63392,-2.79969,0.871313,-1.27722
419.8,0.415205,-2.61207,1.8205,0.276975
419.9,0.196872,-2.35514,2.69167,0.170228
420,-0.0141797,-2.03748,3.46201,0.384238
420.1,-0.211305,-1.66913,4.11199,-1.84916
420.2,-0.388274,-1.26122,4.62578,-0.866538
420.3,-0.539421,-0.8257,4.99162,-0.116726
420.4,-0.659762,-0.374938,5.20199,-0.0121088
420.5,-0.7451,0.0786222,5.25375,-0.640169
420.6,-0.792092,0.522818,5.14805,0.0064585
420.7,-0.798293,0.9461,4.89022,-1.14877
420.8,-0.762171,1.33785,4.48947,-0.0239083
420.9,-0.683091,1.68865,3.95851,-0.675682
421,-0.561266,1.99054,3.31313,-1.13566
421.1,-0.397686,2.23721,2.57158,-0.875645
421.2,-0.194019,2.42412,1.75406,-0.0910627
421.3,0.0475154,2.54866,0.881983,-0.214197
421.4,0.324285,2.61011,-0.0226334,0.338078
421.5,0.63341,2.60971,-0.937872,-1.17709
421.6,0.971929,2.55055,-1.84257,-0.873885
421.7,1.30719,2.43657,-2.71689,0.0541082
421.8,1.5973,2.26874,-3.54188,-1.34218
421.9,1.84127,2.04838,-4.29887,-0.136927
422,2.03862,1.77853,-4.96997,-0.390297
422.1,2.18931,1.46397,-5.53862,0.0970406
422.2,2.29381,1.11103,-5.99026,-0.539646
422.3,2.35324,0.727486,-6.31277,0.352535
422.4,2.36938,0.322299,-6.49697,-2.63536
422.5,2.34479,-0.0945817,-6.53701,0.197688
422.6,2.28272,-0.512512,-6.43064,-0.464862
422.7,2.18719,-0.920449,-6.17942,-8.0104
422.8,2.06286,-1.30727,-5.78879,-1.56811
422.9,1.91502,-1.66208,-5.26807,-0.119501
423,1.74945,-1.97456,-4.63028,-0.121688
423.1,1.57233,-2.23528,-3.89192,0.185704
423.2,1.3901,-2.43595,-3.0726,0.364235
423.3,1.2093,-2.56977,-2.19456,-1.33306
423.4,1.03642,-2.63159,-1.28217,0.14571
423.5,0.8678,-2.61842,-0.361218,-0.591485
423.6,0.687558,-2.53127,0.542087,-0.0541784
423.7,0.501188,-2.37412,1.4025,-1.90529
423.8,0.315124,-2.15274,2.19647,-0.072537
423.9,0.135786,-1.8745,2.90278,-0.537451
424,-0.0305814,-1.54814,3.50301,-0.369076
424.1,-0.178049,-1.18343,3.982,-0.854399
424.2,-0.301139,-0.790964,4.32817,-0.526535
424.3,-0.394934,-0.381742,4.53372,0.19858
424.4,-0.455168,0.0330902,4.59474,-1.45778
424.5,-0.47829,0.442586,4.51118,-2.78434
424.6,-0.461504,0.836301,4.28677,-2.32256
424.7,-0.402781,1.20458,3.92874,-0.749025
424.8,-0.300839,1.53883,3.44754,-0.396266
424.9,-0.155103,1.83171,2.8564,-0.643077
425,0.0343663,2.07739,2.17085,-0.974967
425.1,0.26697,2.27163,1.40823,-0.906424
425.2,0.541689,2.41188,0.58702,0.186674
425.3,0.857219,2.49741,-0.273698,-0.319689
425.4,1.2001,2.52899,-1.15488,-0.204097
425.5,1.51619,2.50539,-2.03755,-0.751983
425.6,1.79718,2.42415,-2.90192,-1.40882
425.7,2.04088,2.28449,-3.72763,-0.492304
425.8,2.2453,2.08746,-4.49437,-1.59964
425.9,2.40885,1.83593,-5.18249,-0.802577
426,2.53045,1.53456,-5.7737,-0.141482
426.1,2.60964,1.18965,-6.2516,0.172319
426.2,2.64667,0.809009,-6.60228,0.0684323
426.3,2.64259,0.401766,-6.8148,-0.571742
426.4,2.59926,-0.0218803,-6.8816,-0.317462
426.5,2.5194,-0.45093,-6.79885,-0.756037
426.6,2.4065,-0.873886,-6.56666,-0.0767513
426.7,2.26487,-1.27907,-6.1892,-1.16776
426.8,2.09948,-1.65497,-5.67473,-0.927989
426.9,1.91593,-1.99056,-5.03543,-0.354863
427,1.72027,-2.27564,-4.28723,0.000944567
427.1,1.51892,-2.50115,-3.44943,-0.103975
427.2,1.31847,-2.65947,-2.54427,-0.166187
427.3,1.12553,-2.74464,-1.59635,-2.36502
427.4,0.944869,-2.75263,-0.632035,-1.44656
427.5,0.757687,-2.68274,0.32139,-0.715792
427.6,0.562062,-2.53836,1.23718,0.196487
427.7,0.364669,-2.32504,2.09019,-5.18284
427.8,0.172208,-2.05008,2.85751,-2.74929
427.9,-0.00875824,-1.72224,3.51907,0.161239
428,-0.171969,-1.35151,4.05808,0.359801
428.1,-0.3116,-0.948762,4.46139,-0.913041
428.2,-0.422393,-0.525427,4.71981,-0.825876
428.3,-0.499751,-0.0931707,4.82815,0.353061
428.4,-0.539822,0.336454,4.78534,-0.136463
428.5,-0.539538,0.752332,4.59424,-1.79245
428.6,-0.496647,1.14409,4.26152,-0.00719922
428.7,-0.409696,1.50239,3.79729,-1.78785
428.8,-0.278002,1.81915,3.2147,-1.43085
428.9,-0.10158,2.0878,2.5295,-0.602644
429,0.118941,2.30338,1.75944,0.360664
429.1,0.38244,2.46272,0.923704,-0.356776
429.2,0.687434,2.56447,0.0422648,-1.8342
429.3,1.03196,2.60913,-0.864756,0.200266
429.4,1.37226,2.59748,-1.77758,-1.70871
429.5,1.67626,2.52733,-2.67616,-0.340342
429.6,1.94176,2.39739,-3.53973,-0.468952
429.7,2.16676,2.20825,-4.34742,-1.51993
429.8,2.34957,1.96239,-5.07888,-0.648865
429.9,2.48902,1.66412,-5.71497,-0.135797
430,2.58451,1.31949,-6.23835,0.173436
430.1,2.63619,0.936151,-6.63409,-1.24408
430.2,2.64495,0.52314,-6.89019,-1.06023
430.3,2.61255,0.0906754,-6.99802,0.027413
430.4,2.54158,-0.350132,-6.95269,0.20013
430.5,2.43549,-0.787579,-6.75332,-0.788813
430.6,2.29851,-1.2097,-6.40317,-1.35103
430.7,2.13562,-1.60459,-5.90971,-0.289328
430.8,1.95243,-1.9608,-5.28447,-0.301579
430.9,1.75509,-2.26759,-4.54292,0.0393463
431,1.55012,-2.51537,-3.70405,-1.26276
431.1,1.34427,-2.6959,-2.79001,-2.492
431.2,1.14435,-2.80264,-1.82554,0.19749
431.3,0.956036,-2.83093,-0.837328,0.0934468
431.4,0.760828,-2.77935,0.146772,-1.52532
431.5,0.554529,-2.65084,1.09923,-2.58789
431.6,0.34381,-2.45067,1.99399,-0.779876
431.7,0.135389,-2.18592,2.80716,0.144914
431.8,-0.064136,-1.86529,3.51761,-0.0333707
431.9,-0.248457,-1.49874,4.1075,0.116227
432,-0.411708,-1.09727,4.56265,-0.134833
432.1,-0.548597,-0.672511,4.87287,-0.606081
432.2,-0.654519,-0.236422,5.03209,0.229427
432.3,-0.725645,0.199064,5.03844,-6.06586
432.4,-0.758982,0.622373,4.89417,-0.225469
432.5,-0.752405,1.02261,4.60547,-0.651197
432.6,-0.704668,1.38987,4.18219,-0.750752
432.7,-0.615369,1.71545,3.63743,-0.450261
432.8,-0.48491,1.99213,2.98709,-0.764098
432.9,-0.314408,2.21431,2.2493,-0.0997656
433,-0.1056,2.37813,1.44389,0.30078
433.1,0.139288,2.48161,0.591659,-2.56246
433.2,0.417678,2.52459,-0.286174,-0.647221
433.3,0.726804,2.50878,-1.16869,-1.15478
433.4,1.06272,2.43765,-2.03586,0.196388
433.5,1.37834,2.31446,-2.86899,-1.004
433.6,1.6497,2.13978,-3.64997,-0.598875
433.7,1.87618,1.91525,-4.36101,0.0465949
433.8,2.05747,1.6442,-4.98521,-0.0283336
433.9,2.19365,1.33161,-5.5071,-0.231378
434,2.28537,0.983893,-5.91323,0.0594552
434.1,2.33388,0.608821,-6.19263,0.114517
434.2,2.34112,0.215263,-6.33725,0.14918
434.3,2.30971,-0.187038,-6.34229,-0.641721
434.4,2.243,-0.587733,-6.20651,-0.69104
434.5,2.14501,-0.976165,-5.93231,-2.6132
434.6,2.02041,-1.34167,-5.52587,-0.970814
434.7,1.87442,-1.67389,-4.99703,-0.97766
434.8,1.71271,-1.96308,-4.35917,0.0981188
434.9,1.54132,-2.20042,-3.62893,-0.0878187
435,1.36647,-2.37828,-2.82582,0.278243
435.1,1.19446,-2.49049,-1.9718,-2.05927
435.2,1.03151,-2.53254,-1.09067,0.104963
435.3,0.873889,-2.50201,-0.207504,-0.759586
435.4,0.707306,-2.40036,0.652434,-0.914434
435.5,0.537401,-2.23176,1.46493,-0.648974
435.6,0.370574,-2.00212,2.20754,-0.261913
435.7,0.213197,-1.71883,2.86015,-0.375299
435.8,0.0714721,-1.39051,3.40546,0.155477
435.9,-0.0487101,-1.02677,3.82937,-0.656261
436,-0.141885,-0.637881,4.12126,0.0409844
436.1,-0.203113,-0.234466,4.27419,-1.30128
436.2,-0.228062,0.172801,4.28494,-4.26246
436.3,-0.213052,0.573515,4.154,-5.2699
436.4,-0.155084,0.957831,3.8854,-0.663218
436.5,-0.0518408,1.31674,3.48648,-0.0939263
436.6,0.0983486,1.64232,2.96757,-0.24182
436.7,0.296561,1.92795,2.34153,-0.427586
436.8,0.543367,2.16848,1.62327,-0.0461647
436.9,0.838934,2.36038,0.829267,-0.105251
437,1.17401,2.50164,-0.0230907,-0.404391
437.1,1.49534,2.58863,-0.915555,-0.745724
437.2,1.79152,2.61609,-1.82818,0.190621
437.3,2.0591,2.58039,-2.73944,-1.08332
437.4,2.29468,2.47975,-3.62687,-0.0135748
437.5,2.49512,2.31433,-4.4677,-0.918548
437.6,2.65769,2.08627,-5.23958,-1.16304
437.7,2.78022,1.79963,-5.92125,-1.25712
437.8,2.8612,1.46034,-6.49317,-0.880712
437.9,2.89995,1.07606,-6.93823,-1.92668
438,2.89663,0.655984,-7.24223,-0.561906
438.1,2.85234,0.210633,-7.39446,-1.94062
438.2,2.76913,-0.248446,-7.38807,0.384329
438.3,2.64998,-0.708972,-7.22038,-0.946991
438.4,2.49878,-1.15827,-6.8931,-0.307294
438.5,2.32028,-1.58363,-6.41239,-2.5465
438.6,2.11994,-1.97265,-5.7888,-3.60188
438.7,1.90389,-2.31365,-5.03714,-1.81749
438.8,1.6787,-2.59596,-4.1761,-0.795603
438.9,1.4513,-2.8103,-3.2279,-0.359733
439,1.22874,-2.94905,-2.21772,-0.893735
439.1,1.01805,-3.00654,-1.17306,-0.0446517
439.2,0.809391,-2.97975,-0.122999,-0.928128
439.3,0.586075,-2.87056,0.903148,0.320436
439.4,0.354814,-2.68391,1.87735,0.199759
439.5,0.122576,-2.42676,2.77365,-2.40913
439.6,-0.103764,-2.10784,3.56886,-0.269041
439.7,-0.317607,-1.73736,4.24312,-0.293062
439.8,-0.512794,-1.32669,4.78032,-1.65649
439.9,-0.683761,-0.888014,5.16853,-0.0828886
440,-0.825667,-0.433987,5.40014,0.176597
440.1,-0.934502,0.0226545,5.47202,0.199141
440.2,-1.00707,0.469436,5.38543,-1.05238
440.3,-1.0361,0.894708,5.14593,-0.363136
440.4,-1.02336,1.28801,4.76287,0.169982
440.5,-0.975385,1.63941,4.24921,-1.96207
440.6,-0.889518,1.94024,3.62119,-0.505293
440.7,-0.765891,2.18382,2.89773,-0.375215
440.8,-0.606822,2.3653,2.09977,-1.4752
440.9,-0.415282,2.48175,1.24962,0.247029
441,-0.194765,2.53216,0.370258,-0.65866
441.1,0.0508629,2.51748,-0.515298,-0.955997
441.2,0.317527,2.44052,-1.38471,-1.18417
441.3,0.60111,2.30585,-2.21692,-0.825737
441.4,0.897631,2.11967,-2.99279,-0.140369
441.5,1.19026,1.88928,-3.69554,0.257448
441.6,1.43437,1.61984,-4.31072,-0.3008
441.7,1.62788,1.31567,-4.82537,-1.27296
441.8,1.77258,0.982437,-5.2283,-0.675369
441.9,1.87067,0.627001,-5.51049,-1.38106
442,1.92483,0.25725,-5.66552,-1.47982
442.1,1.93832,-0.118134,-5.6899,-0.686656
442.2,1.91489,-0.489926,-5.58325,0.341007
442.3,1.85888,-0.848618,-5.34848,0.355334
442.4,1.77508,-1.18471,-4.99185,0.22533
442.5,1.66873,-1.48898,-4.5229,-1.58775
442.6,1.54545,-1.75278,-3.95429,-2.84053
442.7,1.41107,-1.96831,-3.30159,-0.34981
442.8,1.27158,-2.12885,-2.5829,-0.088343
442.9,1.13297,-2.22902,-1.81844,0.0102854
443,1.0011,-2.26493,-1.03009,-0.935409
443.1,0.869163,-2.23478,-0.24072,0.186467
443.2,0.729879,-2.14021,0.526737,-2.33212
443.3,0.589069,-1.98497,1.25034,-0.627254
443.4,0.452694,-1.77433,1.90975,-0.389454
443.5,0.326717,-1.51489,2.48668,-0.0387174
443.6,0.216971,-1.21438,2.96538,-0.543653
443.7,0.129045,-0.881399,3.33295,-0.434055
443.8,0.0681798,-0.525115,3.57963,-0.132627
443.9,0.0391814,-0.155023,3.69892,-0.0127979
444,0.0463606,0.219357,3.68765,-0.602452
444.1,0.0934907,0.58876,3.54596,0.103714
444.2,0.183792,0.944444,3.27712,-0.860404
444.3,0.319943,1.27844,2.88738,-0.204026
444.4,0.504113,1.58377,2.38556,-2.23403
444.5,0.738029,1.85466,1.78276,0.351379
444.6,1.02289,2.08669,1.09184,0.383889
444.7,1.32395,2.27563,0.32708,-2.1385
444.8,1.61199,2.41455,-0.49526,-0.0957196
444.9,1.88315,2.49711,-1.35652,-0.0769916
445,2.13344,2.51856,-2.2361,-1.13605
445.1,2.35886,2.47587,-3.11203,0.0352693
445.2,2.55562,2.36785,-3.96158,0.20033
445.3,2.72023,2.19524,-4.76198,0.131138
445.4,2.84972,1.96071,-5.49102,-0.0780512
445.5,2.94176,1.66881,-6.12778,-0.173858
445.6,2.99474,1.32592,-6.65323,-0.58764
445.7,3.00789,0.940049,-7.0509,-2.22435
445.8,2.98137,0.520703,-7.30736,-1.61104
445.9,2.91628,0.0786055,-7.41273,0.0183292
446,2.81469,-0.374566,-7.36109,-3.51645
446.1,2.67959,-0.826496,-7.15068,0.175855
446.2,2.51492,-1.26456,-6.78416,0.152447
446.3,2.32541,-1.6762,-6.26857,-0.131148
446.4,2.11653,-2.04925,-5.61532,-0.158113
446.5,1.89436,-2.37233,-4.83993,0.158172
446.6,1.66543,-2.63516,-3.96173,-0.951161
446.7,1.43655,-2.82891,-3.00339,-2.83389
446.8,1.21465,-2.94647,-1.99039,-0.500175
446.9,1.00658,-2.98269,-0.950358,-0.0442007
447,0.800448,-2.93521,0.0877022,-0.0237502
447.1,0.581897,-2.80651,1.0948,-0.39615
447.2,0.357871,-2.602,2.04341,-1.2188
447.3,0.135408,-2.329,2.90821,-1.25327
447.4,-0.0785809,-1.99654,3.66677,-0.8811
447.5,-0.277477,-1.61504,4.30006,-2.70619
447.6,-0.455123,-1.196,4.79291,-0.531461
447.7,-0.605963,-0.751642,5.13431,-1.19177
447.8,-0.725165,-0.294552,5.31758,0.197098
447.9,-0.808713,0.162679,5.34048,-0.0587755
448,-0.853482,0.607814,5.20512,-1.25118
448.1,-0.857269,1.0293,4.91777,-0.53515
448.2,-0.818807,1.41659,4.4886,-0.253823
448.3,-0.737741,1.76041,3.93123,-0.393085
448.4,-0.61458,2.05297,3.2623,-0.775745
448.5,-0.450614,2.28822,2.50085,0.025562
448.6,-0.247817,2.46193,1.66773,0.190357
448.7,-0.0087129,2.57176,0.784957,-0.0844404
448.8,0.263763,2.61738,-0.125003,0.0723986
448.9,0.566432,2.60036,-1.03989,0.342354
449,0.896044,2.52414,-1.93834,-0.274762
449.1,1.23253,2.39351,-2.80046,0.361651
449.2,1.52491,2.21084,-3.60772,0.196731
449.3,1.76962,1.97779,-4.34216,-0.186513
449.4,1.96657,1.69773,-4.98668,0.182386
449.5,2.11604,1.3757,-5.52567,-0.704133
449.6,2.21887,1.01823,-5.94553,0.370829
449.7,2.2765,0.633204,-6.23521,-0.340283
449.8,2.29103,0.22966,-6.38661,-2.84476
449.9,2.26528,-0.182483,-6.39497,-1.05725
450,2.20277,-0.592691,-6.2591,-0.191475
450.1,2.1077,-0.990109,-5.98157,0.357537
450.2,1.98492,-1.36388,-5.56878,-0.0195896
450.3,1.83983,-1.70345,-5.03085,-0.641088
450.4,1.67828,-1.99891,-4.38152,-1.32839
450.5,1.5065,-2.24129,-3.63781,-1.64386
450.6,1.33088,-2.42282,-2.81972,-0.14995
450.7,1.15791,-2.53723,-1.94967,-0.199405
450.8,0.993924,-2.57995,-1.05203,-0.439734
450.9,0.828084,-2.54887,-0.152341,-0.246695
451,0.651816,-2.44594,0.723792,-1.34376
451.1,0.471373,-2.27549,1.55193,-1.02643
451.2,0.293117,-2.04356,2.30945,-1.19238
451.3,0.123366,-1.75772,2.97613,0.195282
451.4,-0.0317613,-1.42678,3.53459,-0.207113
451.5,-0.166485,-1.06055,3.97076,-0.291046
451.6,-0.275483,-0.669504,4.27408,-0.306454
451.7,-0.353999,-0.264475,4.43778,-2.38576
451.8,-0.397921,0.143648,4.45886,-0.915012
451.9,-0.403838,0.544248,4.3381,0.338909
452,-0.369069,0.927274,4.07994,-0.164619
452.1,-0.291669,1.28352,3.69214,-0.253268
452.2,-0.1704,1.60487,3.18555,-1.18841
452.3,-0.00468465,1.88452,2.5736,0.0495063
452.4,0.205479,2.11714,1.87188,0.189937
452.5,0.459612,2.29903,1.09753,-4.37259
452.6,0.756886,2.42819,0.268716,0.0569683
452.7,1.09369,2.50434,-0.596013,-0.0755878
452.8,1.41977,2.52662,-1.47805,-3.15996
452.9,1.7142,2.49169,-2.35797,-2.25339
453,1.97443,2.39748,-3.21532,-0.578961
453.1,2.19805,2.24374,-4.02925,-1.69822
453.2,2.38293,2.03208,-4.77917,-0.326056
453.3,2.52741,1.76594,-5.44535,-0.572197
453.4,2.63038,1.45051,-6.00957,0.288374
453.5,2.69142,1.09264,-6.45575,-0.334747
453.6,2.71087,0.700645,-6.77044,-0.45855
453.7,2.6899,0.284109,-6.94334,-0.385802
453.8,2.63053,-0.146367,-6.96768,-4.23895
453.9,2.53562,-0.579454,-6.84057,-0.1052
454,2.40888,-1.0034,-6.56313,0.0818737
454.1,2.25478,-1.40638,-6.14064,-1.90066
454.2,2.07847,-1.77679,-5.58247,-0.561416
454.3,1.88572,-2.10364,-4.90197,0.0241586
454.4,1.68273,-2.37687,-4.11618,-0.550117
454.5,1.47601,-2.58762,-3.24546,-0.525132
454.6,1.27223,-2.7286,-2.31299,-0.788746
454.7,1.07804,-2.79424,-1.34423,-1.48049
454.8,0.893938,-2.78111,-0.366228,-3.12469
454.9,0.699517,-2.68972,0.593399,-2.1392
455,0.498136,-2.52426,1.50793,-0.573992
455.1,0.296552,-2.29085,2.35245,-0.380133
455.2,0.101499,-1.99733,3.10451,0.14724
455.3,-0.0804809,-1.65295,3.74464,-1.22971
455.4,-0.243195,-1.26812,4.25685,-1.22691
455.5,-0.380936,-0.854062,4.62891,-0.770609
455.6,-0.488607,-0.422472,4.85265,-0.9032
455.7,-0.561813,0.0148106,4.92398,-1.09081
455.8,-0.596936,0.446149,4.84297,-0.310946
455.9,-0.591176,0.860434,4.61367,0.320909
456,-0.542567,1.24739,4.24386,0.0227213
456.1,-0.449962,1.59785,3.74476,0.200123
456.2,-0.312989,1.90399,3.13055,0.231599
456.3,-0.131982,2.15954,2.41788,-0.742217
456.4,0.0921197,2.35994,1.62531,-0.722447
456.5,0.357887,2.50242,0.772682,-1.11057
456.6,0.663547,2.58607,-0.119514,0.121762
456.7,1.00713,2.61185,-1.03081,-0.964149
456.8,1.34914,2.58128,-1.94126,-0.665602
456.9,1.6529,2.49284,-2.83094,0.376893
457,1.9165,2.34571,-3.6794,-0.514889
457.1,2.13822,2.14092,-4.46621,-0.19979
457.2,2.31666,1.88138,-5.17165,0.0327319
457.3,2.45096,1.57178,-5.77733,0.355115
457.4,2.54085,1.2185,-6.26679,-1.83371
457.5,2.58677,0.829467,-6.6261,0.310578
457.6,2.58993,0.413917,-6.84432,-0.612448
457.7,2.55238,-0.0178123,-6.91395,0.0197402
457.8,2.47699,-0.454578,-6.83127,-0.216918
457.9,2.36743,-0.884735,-6.59652,0.133258
458,2.22816,-1.29646,-6.2141,-0.225008
458.1,2.06433,-1.6781,-5.69251,-0.412371
458.2,1.88168,-2.0185,-5.04425,-1.1362
458.3,1.68643,-2.30735,-4.28558,0.328109
458.4,1.48515,-2.5355,-3.43619,-0.567858
458.5,1.28456,-2.69526,-2.51871,-0.0896991
458.6,1.09142,-2.78065,-1.55819,-0.732177
458.7,0.90778,-2.78768,-0.581415,-0.612496
458.8,0.71309,-2.7162,0.384013,-0.880301
458.9,0.509355,-2.56984,1.31118,-0.568146
459,0.303221,-2.35429,2.17482,-0.724319
459.1,0.101344,-2.07698,2.95197,-1.13893
459.2,-0.0897839,-1.74682,3.62254,-0.147396
459.3,-0.263989,-1.37398,4.16976,0.0680196
459.4,-0.415566,-0.969465,4.58062,-3.4436
459.5,-0.539401,-0.544892,4.84605,0.382502
459.6,-0.631077,-0.11208,4.96109,0.200034
459.7,-0.686954,0.31726,4.92491,-0.288229
459.8,-0.70422,0.731861,4.74073,-0.150487
459.9,-0.680916,1.12121,4.41556,-3.19737
460,-0.61593,1.47583,3.95994,0.384222
460.1,-0.508969,1.78752,3.38749,0.33603
460.2,-0.360493,2.04956,2.71447,-2.09268
460.3,-0.171633,2.25691,1.95919,-0.104295
460.4,0.0559189,2.40628,1.14141,-0.439361
460.5,0.320043,2.4962,0.281734,-2.29401
460.6,0.618337,2.52707,-0.599039,-1.30298
460.7,0.948282,2.50109,-1.48058,-1.55364
460.8,1.28224,2.42149,-2.34357,-2.20686
460.9,1.57498,2.28867,-3.1694,0.191101
461,1.82465,2.10303,-3.93947,0.104647
461.1,2.03043,1.86671,-4.63561,-1.8749
461.2,2.19183,1.58355,-5.2407,-0.933165
461.3,2.30887,1.25901,-5.73926,0.0692599
461.4,2.38216,0.900011,-6.11798,-2.9462
461.5,2.41298,0.514782,-6.3662,0.0742268
461.6,2.40331,0.112623,-6.47634,-1.21296
461.7,2.35588,-0.296339,-6.44424,-3.87235
461.8,2.27414,-0.701431,-6.26936,0.0680688
461.9,2.16226,-1.09173,-5.95496,-0.592183
462,2.02504,-1.4564,-5.50814,0.0840494
462.1,1.86784,-1.78496,-4.9397,-0.541315
462.2,1.69648,-2.06766,-4.26402,-0.90372
462.3,1.5171,-2.29575,-3.49871,-1.08165
462.4,1.33604,-2.46173,-2.66425,0.17017
462.5,1.15966,-2.55968,-1.78344,-0.851095
462.6,0.994195,-2.5854,-0.880903,-0.702726
462.7,0.828697,-2.53718,0.017687,0.179547
462.8,0.654599,-2.41739,0.886765,0.155868
462.9,0.478294,-2.23077,1.70206,-1.8447
463,0.306262,-1.98372,2.44125,-0.475294
463.1,0.144912,-1.68411,3.08453,0.200222
463.2,0.000434799,-1.34103,3.61505,-0.761382
463.3,-0.121333,-0.964471,4.01934,-1.24637
463.4,-0.215027,-0.565036,4.28751,0.130036
463.5,-0.27585,-0.153622,4.41347,-1.2543
463.6,-0.29965,0.258902,4.39492,-0.375397
463.7,-0.282964,0.662011,4.23334,-0.211523
463.8,-0.223043,1.04582,3.93377,-0.525908
463.9,-0.117843,1.40134,3.50457,-0.455976
464,0.0340079,1.72077,2.95705,-0.986131
464.1,0.233274,1.99765,2.305,0.179512
464.2,0.480197,2.22706,1.56424,-1.41266
464.3,0.774615,2.40573,0.751989,-0.157511
464.4,1.11239,2.53212,-0.113672,-0.450553
464.5,1.44174,2.60386,-1.01414,0.20862
464.6,1.74374,2.61624,-1.92944,-0.460677
464.7,2.01517,2.56592,-2.83818,-0.0075488
464.8,2.25288,2.45147,-3.7181,-0.0234375
464.9,2.45398,2.27337,-4.54678,-1.28514
465,2.61601,2.03405,-5.30231,-0.329316
465.1,2.73706,1.73787,-5.96397,-0.297873
465.2,2.81589,1.39102,-6.5129,-0.879419
465.3,2.85208,1.00136,-6.93268,-0.237694
465.4,2.84604,0.578244,-7.20994,0.178384
465.5,2.79912,0.132297,-7.33479,-0.542939
465.6,2.71359,-0.324893,-7.30123,-3.33827
465.7,2.59264,-0.781068,-7.10748,-2.11027
465.8,2.44035,-1.22365,-6.75607,-0.162598
465.9,2.2616,-1.64007,-6.25398,-0.0877577
466,2.06199,-2.01817,-5.6125,-0.718162
466.1,1.84771,-2.34652,-4.84707,0.357409
466.2,1.62541,-2.61481,-3.97694,-0.587541
466.3,1.40201,-2.81413,-3.02475,-1.00704
466.4,1.18453,-2.93728,-2.01595,-0.00428654
466.5,0.979726,-2.97902,-0.978166,-1.9664
466.6,0.770897,-2.93715,0.0595823,0.383783
466.7,0.548731,-2.81433,1.06839,0.334668
466.8,0.320086,-2.61583,2.02078,-0.0346534
466.9,0.0918811,-2.34887,2.89147,-0.251055
467,-0.129085,-2.02239,3.65804,-0.24523
467.1,-0.336315,-1.64673,4.30141,-1.58512
467.2,-0.523776,-1.23333,4.80634,0.166388
467.3,-0.686044,-0.794368,5.16175,0.245093
467.4,-0.818428,-0.342407,5.36088,-0.915076
467.5,-0.917072,0.109957,5.40139,-2.08627
467.6,-0.979023,0.550457,5.2853,-0.855438
467.7,-1.00221,0.967487,5.01882,0.170783
467.8,-0.985561,1.35043,4.61204,0.180236
467.9,-0.929216,1.68988,4.07859,0.194657
468,-0.833841,1.97794,3.43513,-0.307918
468.1,-0.701073,2.20836,2.70077,0.0816526
468.2,-0.533287,2.37671,1.89652,0.0804422
468.3,-0.333475,2.48048,1.04461,-1.02963
468.4,-0.105108,2.51906,0.167799,-0.0859492
468.5,0.14801,2.49377,-0.711274,0.134604
468.6,0.421915,2.40776,-1.57075,-0.541162
468.7,0.712643,2.2659,-2.39018,0.191026
468.8,1.01632,2.07464,-3.15111,-0.515005
468.9,1.29636,1.84059,-3.83746,-0.868028
469,1.52557,1.56768,-4.43499,-0.731878
469.1,1.70529,1.26045,-4.93083,0.290488
469.2,1.83724,0.924743,-5.31397,-0.924941
469.3,1.92359,0.567631,-5.57565,0.140959
469.4,1.96703,0.197156,-5.70975,-0.381231
469.5,1.97079,-0.177875,-5.71312,-0.226686
469.6,1.93866,-0.548147,-5.58579,-0.0957117
469.7,1.87496,-0.904106,-5.33109,0.248384
469.8,1.78453,-1.23624,-4.9557,0.0200793
469.9,1.67262,-1.53536,-4.46958,-1.21692
470,1.54485,-1.7929,-3.8858,-0.560766
470.1,1.40705,-2.00116,-3.2203,0.0992705
470.2,1.2652,-2.15357,-2.49151,-0.223172
470.3,1.12527,-2.24493,-1.71993,0.00410817
470.4,0.993028,-2.27156,-0.927618,-1.22822
470.5,0.860034,-2.23197,-0.137584,0.103546
470.6,0.720568,-2.12812,0.627257,0.384268
470.7,0.580515,-1.96399,1.34506,-0.954868
470.8,0.445881,-1.74507,1.99565,-1.54489
470.9,0.322659,-1.47815,2.56101,-0.694166
471,0.216696,-1.17112,3.02568,-1.55527
471.1,0.133583,-0.832691,3.37713,-0.642816
471.2,0.0785494,-0.472132,3.60598,-0.605493
471.3,0.0563828,-0.0989825,3.70615,-0.21407
471.4,0.0713703,0.27723,3.67491,-1.04732
471.5,0.127261,0.647272,3.51281,-1.27905
471.6,0.227252,1.00247,3.22355,-1.41532
471.7,0.374007,1.33497,2.81373,0.376809
471.8,0.569693,1.63794,2.29252,0.171298
471.9,0.81605,1.90577,1.67128,0.128016
472,1.11041,2.13419,0.963086,-0.0545324
472.1,1.40744,2.318,0.182543,0.00425315
472.2,1.69123,2.44989,-0.653449,-1.51772
472.3,1.95781,2.52377,-1.52561,-5.17597
472.4,2.20305,2.53512,-2.41279,-0.699074
472.5,2.42289,2.48122,-3.29257,-1.53492
472.6,2.61349,2.36122,-4.14192,-0.227235
472.7,2.77136,2.17623,-4.93784,-1.29312
472.8,2.89358,1.92927,-5.65804,0.366046
472.9,2.97786,1.62529,-6.28167,-2.93276
473,3.0227,1.27104,-6.78988,-0.908425
473.1,3.02747,0.874907,-7.1665,-1.70971
473.2,2.99245,0.446728,-7.39857,-1.35252
473.3,2.91891,-0.00246789,-7.47676,-0.396965
473.4,2.80908,-0.460742,-7.39578,0.162897
473.5,2.66616,-0.915568,-7.15464,-3.84602
473.6,2.49424,-1.35418,-6.75677,-1.081
473.7,2.29824,-1.76391,-6.21008,-0.202972
473.8,2.0838,-2.1326,-5.52683,0.353231
473.9,1.85712,-2.44891,-4.72338,-0.533593
474,1.62486,-2.7027,-3.81989,-1.44285
474.1,1.39394,-2.88532,-2.8398,-2.25769
474.2,1.17134,-2.98991,-1.80927,-0.47358
474.3,0.963286,-3.01166,-0.756533,-0.501392
474.4,0.750365,-2.94905,0.28902,0.159035
474.5,0.525868,-2.80538,1.29834,-1.07461
474.6,0.29682,-2.58648,2.244,0.108042
474.7,0.0702708,-2.30009,3.10099,-0.315004
474.8,-0.146893,-1.95561,3.84728,-0.246975
474.9,-0.348119,-1.56379,4.46439,-0.484623
475,-0.527355,-1.13642,4.93779,-2.97581
475.1,-0.679188,-0.68593,5.25719,-1.76813
475.2,-0.798964,-0.225081,5.41673,0.186409
475.3,-0.882879,0.23344,5.41502,-1.1933
475.4,-0.928046,0.677359,5.25503,-0.11008
475.5,-0.932531,1.09515,4.94392,-0.229669
475.6,-0.895354,1.47635,4.4927,0.167145
475.7,-0.816467,1.81182,3.91581,0.143436
475.8,-0.696699,2.09397,3.23065,-1.89464
475.9,-0.537677,2.31697,2.45694,-0.483594
476,-0.341716,2.47682,1.61615,-1.01253
476.1,-0.111695,2.5715,0.730779,-0.694778
476.2,0.149094,2.60094,-0.176284,0.0841066
476.3,0.437105,2.567,-1.08248,0.194862
476.4,0.748711,2.4734,-1.96622,-0.0411263
476.5,1.0785,2.32557,-2.80753,0.383559
476.6,1.37834,2.12846,-3.58838,0.283557
476.7,1.62861,1.88449,-4.29197,0.138995
476.8,1.82971,1.59725,-4.90247,-0.627792
476.9,1.98246,1.2719,-5.40559,-1.08194
477,2.08812,0.91504,-5.78912,-0.179448
477.1,2.14856,0.534507,-6.04336,-1.22446
477.2,2.16624,0.139193,-6.16155,0.138839
477.3,2.1443,-0.26122,-6.1402,0.258124
477.4,2.0865,-0.656526,-5.97929,0.0942111
477.5,1.99726,-1.03629,-5.68244,-0.533252
477.6,1.88154,-1.39015,-5.25691,-0.861966
477.7,1.74482,-1.70813,-4.71352,-0.66398
477.8,1.59296,-1.98094,-4.06649,-1.09133
477.9,1.43212,-2.20026,-3.33311,-0.027906
478,1.2686,-2.35901,-2.53338,0.0540401
478.1,1.10869,-2.45162,-1.68953,-0.742564
478.2,0.957348,-2.47419,-0.825428,-0.101983
478.3,0.799714,-2.42567,0.0340957,0.0770779
478.4,0.634178,-2.30866,0.864544,-0.911699
478.5,0.466891,-2.12773,1.64269,-0.174356
478.6,0.304086,-1.88905,2.34721,-0.30722
478.7,0.151927,-1.6002,2.95917,0.327928
478.8,0.016367,-1.2699,3.46252,-1.61232
478.9,-0.0969768,-0.907739,3.84439,-0.486921
479,-0.182939,-0.523874,4.0954,-0.772511
479.1,-0.236896,-0.128738,4.20978,-1.10175
479.2,-0.254836,0.267276,4.18541,-0.135686
479.3,-0.233401,0.654112,4.02376,-0.61281
479.4,-0.169912,1.02233,3.72971,-0.204981
479.5,-0.0623542,1.36339,3.3113,-1.52168
479.6,0.0906562,1.66985,2.77938,-0.373086
479.7,0.289931,1.9356,2.14716,-0.440066
479.8,0.535802,2.15598,1.42976,-0.937378
479.9,0.828225,2.32797,0.643626,-1.21225
480,1.15918,2.45006,-0.194001,0.374641
480.1,1.47614,2.51927,-1.06525,-0.525396
480.2,1.76676,2.53088,-1.95076,-1.69362
480.3,2.02792,2.4817,-2.82977,-0.297653
480.4,2.25653,2.37036,-3.6807,-2.79023
480.5,2.4498,2.19735,-4.48182,0.179488
480.6,2.60532,1.96507,-5.21192,-2.95263
480.7,2.72124,1.67775,-5.85094,-0.841288
480.8,2.79635,1.34141,-6.38062,-0.582017
480.9,2.83024,0.963698,-6.7851,0.379274
481,2.82333,0.55369,-7.05144,-0.804992
481.1,2.7769,0.121685,-7.17011,0.229968
481.2,2.69317,-0.321078,-7.13536,-0.602457
481.3,2.57523,-0.762719,-6.94548,-1.4302
481.4,2.42703,-1.19105,-6.60301,0.0741372
481.5,2.25331,-1.5939,-6.11472,0.351673
481.6,2.0595,-1.9595,-5.49163,0.0860838
481.7,1.85159,-2.2768,-4.74871,0.200523
481.8,1.63602,-2.53581,-3.90467,0.116982
481.9,1.41949,-2.72792,-2.98146,-3.75874
482,1.20881,-2.84619,-2.00375,0.0366001
482.1,1.01071,-2.88556,-0.998342,-0.217275
482.2,0.814918,-2.84362,0.00662548,-0.554481
482.3,0.607142,-2.72261,0.982958,0.362123
482.4,0.394118,-2.52763,1.90382,-0.542434
482.5,0.18273,-2.26565,2.74447,-0.550143
482.6,-0.0202382,-1.94531,3.48295,-0.311495
482.7,-0.20827,-1.57664,4.10055,0.0248776
482.8,-0.375275,-1.17069,4.58225,-0.00317624
482.9,-0.515727,-0.739259,4.91706,-0.187754
483,-0.624781,-0.294504,5.09818,-1.78422
483.1,-0.698363,0.151392,5.12308,-1.5655
483.2,-0.733242,0.586574,4.99345,-0.372958
483.3,-0.727059,0.99984,4.71504,-1.10944
483.4,-0.67834,1.38094,4.29732,-0.561716
483.5,-0.586473,1.72086,3.75319,0.104182
483.6,-0.451657,2.01203,3.09842,-0.939292
483.7,-0.274822,2.24853,2.35115,-0.576063
483.8,-0.0575294,2.42622,1.53132,-2.09191
483.9,0.198159,2.54285,0.659932,-0.699486
484,0.489821,2.59804,-0.241502,-0.610212
484.1,0.814844,2.59333,-1.1517,-0.279995
484.2,1.16276,2.53196,-2.05023,-1.2774
484.3,1.47819,2.41563,-2.91766,-1.71355
484.4,1.74987,2.24428,-3.73474,0.199167
484.5,1.97678,2.01948,-4.48242,0.0966672
484.6,2.15825,1.74456,-5.14252,-3.45951
484.7,2.29406,1.42458,-5.69835,-0.807914
484.8,2.38458,1.06616,-6.13524,-1.18413
484.9,2.43084,0.677344,-6.44111,0.0746826
485,2.4346,0.267363,-6.60691,0.384099
485.1,2.39836,-0.153591,-6.62698,0.0288016
485.2,2.32542,-0.574659,-6.49938,0.170356
485.3,2.21981,-0.98461,-6.22602,-0.110954
485.4,2.08622,-1.37217,-5.81277,-5.70381
485.5,1.93,-1.72633,-5.2694,-1.34399
485.6,1.75698,-2.03672,-4.60945,0.324281
485.7,1.57339,-2.29386,-3.84992,-2.12761
485.8,1.38571,-2.48951,-3.01093,-0.663737
485.9,1.20054,-2.61692,-2.11523,-0.235783
486,1.02437,-2.67108,-1.18763,0.000306664
486.1,0.851256,-2.64923,-0.254361,-0.304988
486.2,0.66651,-2.55279,0.658116,-0.0328928
486.3,0.476159,-2.38603,1.52438,-1.14686
486.4,0.286711,-2.15499,2.32083,-1.04412
486.5,0.104639,-1.86731,3.02626,-1.59301
486.6,-0.0637793,-1.532,3.62239,0.379676
486.7,-0.212609,-1.15908,4.09427,-1.08612
486.8,-0.336388,-0.759352,4.43062,-0.353717
486.9,-0.430238,-0.344009,4.62399,0.367785
487,-0.489955,0.0756517,4.67092,-1.91326
487.1,-0.51207,0.488567,4.57183,-0.619925
487.2,-0.493888,0.884217,4.33094,-0.664587
487.3,-0.433496,1.25291,3.95602,0.206928
487.4,-0.329744,1.58606,3.45805,-0.0270992
487.5,-0.1822,1.87639,2.85078,-1.13642
487.6,0.00892559,2.11812,2.15026,-0.0708162
487.7,0.242878,2.30714,1.37425,-0.392619
487.8,0.518479,2.44105,0.541694,-0.714821
487.9,0.834266,2.51927,-0.327979,-0.00468455
488,1.17911,2.54284,-1.21543,0.275545
488.1,1.49813,2.51105,-2.10151,-0.927051
488.2,1.78098,2.42166,-2.96644,-3.30058
488.3,2.0256,2.27407,-3.78988,-0.56241
488.4,2.23011,2.06952,-4.55163,-0.0644589
488.5,2.39307,1.81109,-5.23225,-0.784325
488.6,2.5135,1.50358,-5.81366,-0.921668
488.7,2.59109,1.15347,-6.27978,0.183431
488.8,2.62623,0.768723,-6.61705,0.198148
488.9,2.62012,0.358582,-6.81492,-2.91747
489,2.57473,-0.0666599,-6.86629,-3.1277
489.1,2.49292,-0.495944,-6.76779,-1.53429
489.2,2.3783,-0.917747,-6.52,-2.68292
489.3,2.23529,-1.32041,-6.1276,-0.608519
489.4,2.06896,-1.69245,-5.59929,-1.14019
489.5,1.88498,-2.02295,-4.94773,-2.22543
489.6,1.68948,-2.30182,-4.18925,-0.646827
489.7,1.48891,-2.52016,-3.34353,-0.456258
489.8,1.28989,-2.67053,-2.43308,-1.52663
489.9,1.09902,-2.7472,-1.48276,-0.205352
490,0.919176,-2.7464,-0.519093,-0.200802
490.1,0.730391,-2.66802,0.430651,-0.141531
490.2,0.533855,-2.5158,1.3399,-0.868806
490.3,0.336237,-2.29549,2.18376,0.147479
490.4,0.144214,-2.01455,2.93966,-1.12593
490.5,-0.035701,-1.6819,3.58791,-1.13425
490.6,-0.197308,-1.30764,4.11214,-4.18028
490.7,-0.334864,-0.902695,4.49967,0.183439
490.8,-0.443205,-0.478551,4.74178,-0.986616
490.9,-0.51784,-0.0468636,4.83378,-1.08123
491,-0.555029,0.380857,4.77505,-0.157621
491.1,-0.551828,0.793571,4.56893,-0.00485613
491.2,-0.506106,1.18102,4.2225,-0.124656
491.3,-0.416535,1.53398,3.74625,-1.34638
491.4,-0.28255,1.84456,3.15367,0.209558
491.5,-0.104285,2.10634,2.46076,0.0636817
491.6,0.117525,2.31456,1.68549,-3.65162
491.7,0.381657,2.46625,0.84717,-0.414103
491.8,0.68654,2.56025,-0.0341489,-1.61109
491.9,1.03016,2.59726,-0.938349,-0.679024
492,1.36914,2.57827,-1.84572,-3.18463
492.1,1.67128,2.50127,-2.73636,-0.201308
492.2,1.93447,2.36519,-3.58972,-1.06946
492.3,2.15684,2.17079,-4.38519,-1.47922
492.4,2.33682,1.92071,-5.10277,-0.276319
492.5,2.47335,1.61938,-5.7237,0.381817
492.6,2.56598,1.27296,-6.23107,-0.809316
492.7,2.61496,0.889177,-6.61041,-0.089437
492.8,2.6213,0.477107,-6.85019,0.384084
492.9,2.58687,0.0469679,-6.94227,-0.28692
493,2.51436,-0.390168,-6.88225,-0.43894
493.1,2.40728,-0.822674,-6.66969,-0.0929006
493.2,2.26993,-1.23869,-6.3083,-0.594517
493.3,2.10734,-1.62648,-5.8059,-0.924216
493.4,1.92514,-1.97475,-5.17437,0.187637
493.5,1.72948,-2.273,-4.42941,-0.325979
493.6,1.52686,-2.51183,-3.59021,-0.420831
493.7,1.32399,-2.68327,-2.679,-0.209677
493.8,1.12764,-2.78103,-1.72053,-0.561322
493.9,0.942657,-2.80074,-0.741395,-0.219374
494,0.749628,-2.74137,0.230748,-0.292456
494.1,0.546503,-2.60614,1.16871,0.177982
494.2,0.339936,-2.40044,2.04682,0.0235254
494.3,0.136621,-2.13146,2.84163,0.142233
494.4,-0.0568849,-1.80793,3.53247,0.161738
494.5,-0.234321,-1.43986,4.10198,0.0631451
494.6,-0.38987,-1.03818,4.53645,-2.93487
494.7,-0.51829,-0.614466,4.82613,-1.26856
494.8,-0.615024,-0.180571,4.96539,-5.71631
494.9,-0.67628,0.251722,4.95272,-1.00075
495,-0.699088,0.671017,4.7907,-0.733691
495.1,-0.681331,1.06663,4.48578,-0.476466
495.2,-0.621746,1.42887,4.04796,-1.72797
495.3,-0.519892,1.74929,3.49045,-1.39473
495.4,-0.376096,2.02092,2.82916,-0.495838
495.5,-0.19137,2.23841,2.08213,0.126522
495.6,0.0326972,2.39818,1.26901,0.367398
495.7,0.294065,2.49848,0.410355,-0.0687215
495.8,0.59039,2.5394,-0.472987,0.139529
495.9,0.91919,2.5229,-1.36052,-0.859785
496,1.25741,2.45212,-2.23271,0.0031962
496.1,1.55583,2.3276,-3.07073,-1.29227
496.2,1.8114,2.14948,-3.85577,-0.946506
496.3,2.02318,1.91965,-4.56933,-2.07446
496.4,2.19057,1.64174,-5.19391,-2.12965
496.5,2.31347,1.321,-5.71355,-0.333343
496.6,2.39234,0.964219,-6.1144,0.165965
496.7,2.42834,0.5795,-6.38524,0.336723
496.8,2.42332,0.176082,-6.51787,0.00799007
496.9,2.37989,-0.23592,-6.50749,-0.138372
497,2.3014,-0.645798,-6.35297,-0.185486
497.1,2.19192,-1.04255,-6.05696,0.14436
497.2,2.05619,-1.41518,-5.626,-0.848891
497.3,1.89951,-1.75305,-5.0704,0.15727
497.4,1.72767,-2.04617,-4.40409,0.0973826
497.5,1.54683,-2.28552,-3.64436,-1.55815
497.6,1.36334,-2.46332,-2.81141,-1.0834
497.7,1.18363,-2.57332,-1.92795,-0.640973
497.8,1.01403,-2.61098,-1.01854,0.00428368
497.9,0.8472,-2.57408,-0.108985,-0.97641
498,0.670627,-2.46452,0.774835,0.377842
498.1,0.490579,-2.28679,1.60822,-0.843001
498.2,0.313552,-2.04711,2.36836,0.195287
498.3,0.145992,-1.75322,3.03487,-0.425537
498.4,-0.00586063,-1.41412,3.59033,0.051386
498.5,-0.136107,-1.03978,4.02064,-1.46479
498.6,-0.239315,-0.640835,4.3153,-0.046427
498.7,-0.310619,-0.228266,4.46763,-0.301021
498.8,-0.3458,0.186929,4.47478,-0.966311
498.9,-0.341341,0.594042,4.33773,-0.614349
499,-0.294452,0.982964,4.06108,-1.00599
499.1,-0.20307,1.34446,3.65286,0.166979
499.2,-0.0658306,1.67043,3.12411,-0.484599
499.3,0.117991,1.95411,2.48849,-0.516665
499.4,0.348561,2.19025,1.76178,0.304666
499.5,0.625596,2.37526,0.961292,-1.09708
499.6,0.948494,2.5073,0.105287,-1.45768
499.7,1.29069,2.58556,-0.787569,-0.434965
499.8,1.60572,2.60642,-1.6979,-2.79558
499.9,1.88982,2.5662,-2.60493,-0.133675
500,2.14003,2.4631,-3.4869,-1.21969
500.1,2.35356,2.29718,-4.32176,-1.89767
500.2,2.52802,2.07045,-5.08782,-0.467056
500.3,2.66152,1.78683,-5.76443,-1.25491
500.4,2.75279,1.45207,-6.33263,0.0223872
500.5,2.80134,1.07361,-6.77578,-0.958742
500.6,2.8075,0.660404,-7.0801,-1.37545
500.7,2.77248,0.222696,-7.2352,0.0100178
500.8,2.6984,-0.228244,-7.23444,-3.68312
500.9,2.58831,-0.68043,-7.07528,0.345178
501,2.4461,-1.12148,-6.75944,0.187414
501.1,2.27649,-1.53899,-6.29299,-0.492544
501.2,2.08492,-1.92084,-5.68631,-0.186541
501.3,1.87744,-2.2556,-4.9539,-0.278894
501.4,1.66055,-2.53286,-4.11411,0.305342
501.5,1.44107,-2.74354,-3.18868,-0.618432
501.6,1.22595,-2.8802,-2.20227,-0.766054
501.7,1.02211,-2.93729,-1.18183,-0.754524
501.8,0.821011,-2.91181,-0.155825,-1.9055
501.9,0.605926,-2.8055,0.847004,-0.683258
502,0.383383,-2.62316,1.79915,0.193249
502.1,0.160261,-2.37156,2.67513,-0.573483
502.2,-0.0566411,-2.05918,3.45214,-0.201833
502.3,-0.260782,-1.69599,4.11062,-0.728634
502.4,-0.44604,-1.29307,4.6347,-1.78793
502.5,-0.60686,-0.862319,5.01252,-1.09529
502.6,-0.738382,-0.41609,5.23651,-0.804239
502.7,-0.83654,0.0331799,5.30343,-1.03202
502.8,-0.89814,0.473304,5.21436,-0.0215492
502.9,-0.920904,0.89269,4.97454,0.137153
503,-0.903491,1.28065,4.59315,0.356958
503.1,-0.845484,1.62768,4.08287,-0.0974905
503.2,-0.74735,1.92569,3.4595,-3.88151
503.3,-0.610371,2.16824,2.74136,-0.183009
503.4,-0.436555,2.35063,1.94875,-0.913816
503.5,-0.228515,2.47006,1.10327,-2.05625
503.6,0.0106609,2.5256,0.227174,0.147191
503.7,0.277565,2.51827,-0.657307,0.114818
503.8,0.56863,2.4509,-1.5286,-0.14169
503.9,0.880308,2.32808,-2.36646,-6.05502
504,1.19638,2.1557,-3.15249,-1.12814
504.1,1.46779,1.93755,-3.87011,0.31985
504.2,1.69052,1.67642,-4.50376,0.151839
504.3,1.86528,1.37659,-5.03909,0.175941
504.4,1.99324,1.0438,-5.46352,-0.868009
504.5,2.07603,0.685069,-5.76671,-0.0601931
504.6,2.11588,0.308528,-5.94098,0.371663
504.7,2.11561,-0.0768328,-5.98165,-0.227752
504.8,2.07864,-0.4614,-5.88729,-0.0270946
504.9,2.00904,-0.835213,-5.65992,-0.433594
505,1.91142,-1.18826,-5.30507,-0.0125163
505.1,1.79089,-1.51075,-4.83171,-0.449939
505.2,1.653,-1.79346,-4.25219,-0.42743
505.3,1.50359,-2.02795,-3.58192,-1.56793
505.4,1.34873,-2.20688,-2.83911,-0.728169
505.5,1.1945,-2.32427,-2.04429,-0.379419
505.6,1.04695,-2.37563,-1.21983,-0.465774
505.7,0.90579,-2.35836,-0.38937,-0.625864
505.8,0.756842,-2.27324,0.423097,-0.104085
505.9,0.604542,-2.12386,1.1944,0.0840228
506,0.45504,-1.91546,1.90291,-0.166474
506.1,0.314504,-1.65472,2.5291,0.0859728
506.2,0.188981,-1.34955,3.05602,-0.380661
506.3,0.0842717,-1.0088,3.46963,0.0675363
506.4,0.00581836,-0.64203,3.75914,0.367928
506.5,-0.0413917,-0.259155,3.91717,0.0706727
506.6,-0.0528977,0.129802,3.93984,-2.30603
506.7,-0.0248156,0.515025,3.82675,-0.00737312
506.8,0.0461378,0.887188,3.58085,-0.665595
506.9,0.162647,1.23772,3.20825,-1.88483
507,0.326825,1.55903,2.71786,-0.494587
507.1,0.540272,1.84475,2.12109,-1.17845
507.2,0.804156,2.08988,1.43128,-0.382517
507.3,1.11512,2.29089,0.66332,-3.27155
507.4,1.42512,2.44331,-0.166682,-2.30592
507.5,1.7175,2.54052,-1.04055,-0.0145268
507.6,1.98842,2.5772,-1.93798,-0.0940749
507.7,2.23396,2.54971,-2.83709,0.143277
507.8,2.45034,2.4563,-3.71508,0.0689937
507.9,2.63405,2.29715,-4.54883,-0.708332
508,2.78203,2.07439,-5.31565,-0.795549
508.1,2.89181,1.7921,-5.99394,-0.925124
508.2,2.96163,1.45624,-6.56386,0.381669
508.3,2.99056,1.07449,-7.00795,-0.140144
508.4,2.97856,0.656078,-7.31172,-2.88019
508.5,2.92653,0.211569,-7.46416,-2.28891
508.6,2.83636,-0.247433,-7.45813,0.158952
508.7,2.71088,-0.708579,-7.2907,-0.745075
508.8,2.55387,-1.15911,-6.96336,0.0136856
508.9,2.36996,-1.58624,-6.48205,-0.129548
509,2.16454,-1.97746,-5.85718,-0.0833086
509.1,1.94367,-2.32098,-5.1034,-0.448187
509.2,1.71386,-2.60603,-4.23933,-0.499402
509.3,1.48202,-2.8232,-3.28711,0.270567
509.4,1.25518,-2.96477,-2.27191,0.284047
509.5,1.04035,-3.02496,-1.22127,-0.284189
509.6,0.831273,-3.00047,-0.164345,0.0968326
509.7,0.607991,-2.89285,0.869351,-0.786346
509.8,0.376643,-2.70699,1.85151,-0.0144404
509.9,0.144266,-2.44985,2.75592,-1.09051
510,-0.0821882,-2.13013,3.5591,-0.607163
510.1,-0.296033,-1.75809,4.24091,-1.91925
510.2,-0.491019,-1.34513,4.78499,-0.833418
510.3,-0.661487,-0.903482,5.17915,-0.419773
510.4,-0.802498,-0.445875,5.41556,-0.0784994
510.5,-0.909937,0.014876,5.49089,0.281198
510.6,-0.980597,0.466206,5.40625,-1.55434
510.7,-1.01147,0.896167,5.16705,-1.79196
510.8,-1.00072,1.29388,4.7827,0.33394
510.9,-0.951096,1.64944,4.26625,0.123593
511,-0.861407,1.95439,3.634,-0.484473
511.1,-0.733126,2.20201,2.90488,0.183783
511.2,-0.568493,2.38742,2.09986,-0.0330852
511.3,-0.370401,2.50762,1.2413,-0.796379
511.4,-0.142258,2.56158,0.352261,-0.0695546
511.5,0.112162,2.55025,-0.544183,-1.52554
511.6,0.388883,2.47643,-1.42562,-0.701001
511.7,0.683902,2.34472,-2.27092,-0.933272
511.8,0.993364,2.16135,-3.06088,-1.02434
511.9,1.28412,1.93301,-3.77864,-0.0734689
512,1.52347,1.66364,-4.4092,0.177378
512.1,1.7126,1.35756,-4.9389,0.166906
512.2,1.85305,1.02052,-5.35587,0.123307
512.3,1.94685,0.65952,-5.65047,-0.270792
512.4,1.99653,0.282637,-5.81568,-0.50529
512.5,2.00521,-0.101228,-5.8475,-0.639995
512.6,1.97657,-0.482588,-5.74511,0.198515
512.7,1.91489,-0.851648,-5.51112,0.159908
512.8,1.82494,-1.19859,-5.15154,-1.54585
512.9,1.712,-1.51386,-4.6758,-2.33668
513,1.58171,-1.78847,-4.09659,-0.804609
513.1,1.43998,-2.01429,-3.42957,-0.513686
513.2,1.2929,-2.18425,-2.69311,-0.805674
513.3,1.14657,-2.29267,-1.90778,-1.79907
513.4,1.00701,-2.33538,-1.09591,-1.33433
513.5,0.86797,-2.31031,-0.28094,-0.889655
513.6,0.720435,-2.21894,0.513568,-0.317285
513.7,0.570266,-2.06503,1.26502,0.12001
513.8,0.423503,-1.85391,1.95241,-0.374156
513.9,0.286184,-1.5923,2.55686,-0.163852
514,0.164212,-1.2881,3.06205,-0.733068
514.1,0.0632329,-0.95011,3.45459,-0.00972381
514.2,-0.0114751,-0.587761,3.72429,-2.17152
514.3,-0.0550915,-0.210837,3.86432,0.0797702
514.4,-0.0633228,0.170827,3.87132,-1.4212
514.5,-0.0324491,0.54763,3.74531,-0.861199
514.6,0.0406557,0.910481,3.48961,-0.070313
514.7,0.158528,1.25106,3.11058,-1.01166
514.8,0.323145,1.56205,2.61732,-0.238761
514.9,0.535983,1.83734,2.02131,-0.952191
515,0.798101,2.07217,1.33591,-0.041325
515.1,1.10662,2.26328,0.575897,0.200065
515.2,1.41435,2.40654,-0.242812,-1.88572
515.3,1.70386,2.49562,-1.10235,-0.425286
515.4,1.97146,2.52541,-1.98282,-1.22968
515.5,2.21341,2.4925,-2.86282,-3.58179
515.6,2.42611,2.39531,-3.72006,-2.31937
515.7,2.60621,2.23413,-4.53206,0.143748
515.8,2.75081,2.0112,-5.27674,0.163062
515.9,2.85762,1.73063,-5.93317,-1.49556
516,2.92501,1.39836,-6.48215,0.138545
516.1,2.95216,1.02201,-6.90687,-0.217456
516.2,2.93915,0.610686,-7.19347,-2.85236
516.3,2.88696,0.174792,-7.33148,0.123071
516.4,2.79752,-0.274283,-7.31428,-0.764523
516.5,2.67371,-0.724445,-7.13935,-0.00151803
516.6,2.51929,-1.16323,-6.8085,-1.7986
516.7,2.33887,-1.57816,-6.32788,-1.18996
516.8,2.13777,-1.95708,-5.70799,-0.196211
516.9,1.92197,-2.28853,-4.96346,-0.161399
517,1.69788,-2.56211,-4.11277,-0.633695
517.1,1.47226,-2.76875,-3.1778,-0.416547
517.2,1.25198,-2.90105,-2.18333,-0.370549
517.3,1.0439,-2.95353,-1.15639,-0.355906
517.4,0.842847,-2.9231,-0.125554,-0.693157
517.5,0.629149,-2.81135,0.880286,-0.260047
517.6,0.408732,-2.62319,1.83347,-0.510904
517.7,0.188585,-2.36551,2.7084,-0.0134605
517.8,-0.0243828,-2.04693,3.48222,-0.104503
517.9,-0.223521,-1.67751,4.13532,-1.6176
518,-0.402598,-1.26846,4.65185,-2.21726
518.1,-0.555952,-0.831755,5.02001,-0.0430676
518.2,-0.678608,-0.379823,5.2323,-0.718376
518.3,-0.766383,0.0748424,5.28557,0.171743
518.4,-0.815958,0.520024,5.18102,0.199894
518.5,-0.824919,0.944124,4.92402,-2.31481
518.6,-0.791772,1.33647,4.52384,-0.595112
518.7,-0.71593,1.68761,3.9933,-0.279513
518.8,-0.597663,1.98954,3.34826,-0.0602333
518.9,-0.438028,2.23591,2.60711,0.199754
519,-0.238772,2.42215,1.79015,-1.07551
519.1,-0.00220306,2.54562,0.918937,-0.0413364
519.2,0.268945,2.60558,0.0156322,-0.10386
519.3,0.571677,2.60325,-0.897696,-0.187257
519.4,0.902905,2.54171,-1.79973,-0.841592
519.5,1.24149,2.42534,-2.67051,-1.94983
519.6,1.5367,2.25606,-3.49129,-0.310846
519.7,1.7852,2.03515,-4.24372,0.185757
519.8,1.98664,1.76565,-4.91022,-0.239631
519.9,2.1411,1.45227,-5.47455,-1.92269
520,2.24917,1.1013,-5.92242,-2.51549
520.1,2.31204,0.720397,-6.24196,-0.0164863
520.2,2.33158,0.318446,-6.42424,-0.0732985
520.3,2.31039,-0.0947241,-6.46356,-2.13765
520.4,2.25178,-0.508597,-6.35785,-0.0929816
520.5,2.15977,-0.912267,-6.10874,-2.00504
520.6,2.03904,-1.29475,-5.72173,-1.80779
520.7,1.89486,-1.6453,-5.20614,-0.591887
520.8,1.733,-1.95374,-4.57494,-0.338495
520.9,1.55961,-2.21076,-3.84453,-0.296738
521,1.38109,-2.40823,-3.03436,0.181728
521.1,1.20391,-2.53944,-2.1665,-1.95109
521.2,1.03453,-2.59937,-1.26508,-1.62973
521.3,0.869238,-2.58508,-0.355626,0.375836
521.4,0.692677,-2.49764,0.535935,0.384345
521.5,0.510364,-2.34098,1.38464,-1.75721
521.6,0.328694,-2.12082,2.1672,-2.04386
521.7,0.154047,-1.84447,2.86265,-0.591964
521.8,-0.00736285,-1.52055,3.45278,-2.74673
521.9,-0.149635,-1.15876,3.92262,-0.414383
522,-0.267307,-0.769533,4.26071,-2.1658
522.1,-0.355466,-0.363749,4.45936,-1.62894
522.2,-0.409838,0.0475907,4.51469,0.267126
522.3,-0.426845,0.453685,4.42666,0.297493
522.4,-0.403648,0.844234,4.19893,-0.992176
522.5,-0.338153,1.20973,3.83862,-0.499905
522.6,-0.228995,1.5417,3.35603,-2.00422
522.7,-0.0754908,1.83297,2.76418,-0.638255
522.8,0.122432,2.07779,2.07838,0.184828
522.9,0.364332,2.27203,1.31564,0.376858
523,0.649374,2.41326,0.494146,-1.5101
523.1,0.97647,2.5008,-0.367376,-1.07152
523.2,1.31379,2.53478,-1.2502,-0.898853
523.3,1.61968,2.5124,-2.13514,-1.43868
523.4,1.8915,2.43116,-3.002,0.372585
523.5,2.12684,2.29038,-3.83,-0.995443
523.6,2.32355,2.09122,-4.59845,0.121169
523.7,2.47988,1.8367,-5.28739,-0.898323
523.8,2.59461,1.53161,-5.87823,-0.558285
523.9,2.66721,1.1824,-6.35436,-1.87046
524,2.69785,0.797073,-6.70169,-1.83488
524.1,2.68753,0.384931,-6.90918,0.0483404
524.2,2.63808,-0.0436437,-6.96923,-2.85499
524.3,2.55222,-0.477466,-6.87802,-0.0999772
524.4,2.43346,-0.904861,-6.63575,-0.0109967
524.5,2.28612,-1.31398,-6.24675,0.13778
524.6,2.11522,-1.69316,-5.71946,-4.69262
524.7,1.92641,-2.03123,-5.06633,-1.47233
524.8,1.7258,-2.31788,-4.3036,-2.18747
524.9,1.51987,-2.54396,-3.45089,-0.253137
525,1.31527,-2.70179,-2.5308,-1.8266
525.1,1.11867,-2.78539,-1.56831,-0.0666296
525.2,0.934262,-2.79074,-0.590166,-0.0428142
525.3,0.742133,-2.71731,0.376001,-0.644144
525.4,0.54145,-2.5687,1.30317,0.195079
525.5,0.338941,-2.3506,2.16598,-0.146125
525.6,0.141352,-2.07047,2.94135,-1.62972
525.7,-0.0447276,-1.73726,3.60911,0.30557
525.8,-0.213022,-1.36115,4.15242,-3.74337
525.9,-0.357712,-0.953185,4.55819,-1.63792
526,-0.473564,-0.524986,4.81729,0.120709
526.1,-0.556029,-0.088387,4.9247,-1.63939
526.2,-0.601318,0.344899,4.87955,-0.0551862
526.3,-0.60646,0.763614,4.68498,0.0991096
526.4,-0.569314,1.15726,4.34795,-1.86683
526.5,-0.488568,1.51639,3.87893,-0.893995
526.6,-0.363702,1.83285,3.29146,-2.52357
526.7,-0.194919,2.1,2.60169,-0.820714
526.8,0.0169379,2.31284,1.8278,0.0499335
526.9,0.270508,2.46818,0.989419,-0.359402
527,0.564045,2.56469,0.106948,-0.840253
527.1,0.895575,2.60287,-0.79905,-0.49573
527.2,1.24511,2.58465,-1.7085,0.198164
527.3,1.55973,2.50949,-2.60166,-0.141785
527.4,1.83445,2.37615,-3.45835,-0.630902
527.5,2.06754,2.18522,-4.25824,-0.566582
527.6,2.25758,1.93913,-4.98156,-0.260262
527.7,2.40362,1.64213,-5.60969,-0.398478
527.8,2.50527,1.30018,-6.1258,0.384335
527.9,2.56282,0.920775,-6.51544,-0.506563
528,2.57734,0.512823,-6.76701,-0.321542
528.1,2.55067,0.0863494,-6.87225,0.353339
528.2,2.4855,-0.347741,-6.82656,-0.622463
528.3,2.38532,-0.777972,-6.62928,-0.707733
528.4,2.25439,-1.19261,-6.2838,-4.72819
528.5,2.09769,-1.58002,-5.79763,-0.355409
528.6,1.92081,-1.92896,-5.18228,0.343043
528.7,1.72984,-2.22898,-4.45306,-0.866672
528.8,1.53124,-2.47069,-3.6288,-0.0257567
528.9,1.33169,-2.64608,-2.73132,0.28583
529,1.13792,-2.7488,-1.78502,0.0420394
529.1,0.955421,-2.77435,-0.816177,-0.473052
529.2,0.76618,-2.72142,0.147843,0.198977
529.3,0.566547,-2.59295,1.08,-1.23398
529.4,0.363119,-2.39415,1.9547,-0.605409
529.5,0.162549,-2.132,2.7485,-0.565578
529.6,-0.0286283,-1.81502,3.44069,0.187457
529.7,-0.204157,-1.45303,4.01376,0.321128
529.8,-0.358208,-1.05682,4.45382,-0.811988
529.9,-0.485509,-0.637791,4.75087,-0.764689
530,-0.581453,-0.20767,4.89898,-0.00314522
530.1,-0.642179,0.221859,4.89631,-0.216385
530.2,-0.664638,0.639477,4.74507,-0.0816205
530.3,-0.646614,1.03454,4.45131,-2.04359
530.4,-0.586732,1.39738,4.02466,0.182309
530.5,-0.484427,1.71954,3.4779,0.0820375
530.6,-0.339893,1.99399,2.82655,0.197372
530.7,-0.154,2.21535,2.08831,-0.104926
530.8,0.0718132,2.37993,1.28244,0.20032
530.9,0.335661,2.48589,0.429202,0.0502861
531,0.635362,2.53321,-0.450833,0.146775
531.1,0.968596,2.52369,-1.33741,-1.83007
531.2,1.304,2.46003,-2.21113,-1.37781
531.3,1.59906,2.34197,-3.05308,-0.360382
531.4,1.85217,2.16953,-3.84416,-1.09131
531.5,2.06221,1.94446,-4.5656,-0.888457
531.6,2.22844,1.67031,-5.19955,0.12319
531.7,2.35059,1.35223,-5.72968,-0.0979818
531.8,2.42899,0.996965,-6.14177,-1.44244
531.9,2.46464,0.612579,-6.42416,-0.154211
532,2.45928,0.208307,-6.56825,-0.727059
532.1,2.4154,-0.205712,-6.56883,-0.564279
532.2,2.33627,-0.618715,-6.42437,-2.67143
532.3,2.22585,-1.01961,-6.13714,-0.594513
532.4,2.08883,-1.3973,-5.71335,-0.996842
532.5,1.93047,-1.741,-5.163,-0.346805
532.6,1.75653,-2.04056,-4.4998,-0.546005
532.7,1.57315,-2.28678,-3.74083,0.350369
532.8,1.38669,-2.47168,-2.90621,0.0919889
532.9,1.20362,-2.5888,-2.01857,0.0785297
533,1.0303,-2.63339,-1.10252,-0.916266
533.1,0.862013,-2.60292,-0.183975,-0.329284
533.2,0.683669,-2.49893,0.71094,-1.1268
533.3,0.501128,-2.32577,1.5572,-0.629853
533.4,0.320922,-2.08958,2.33162,-1.48652
533.5,0.149537,-1.79805,3.01344,-0.00661172
533.6,-0.00673116,-1.46017,3.58484,0.381967
533.7,-0.141926,-1.0859,4.03131,0.0937863
533.8,-0.250553,-0.685933,4.34197,0.0301243
533.9,-0.327684,-0.27133,4.50976,-1.57573
534,-0.369045,0.146802,4.53149,-3.00274
534.1,-0.371065,0.557622,4.40785,-0.717332
534.2,-0.330914,0.950862,4.14321,-2.77858
534.3,-0.2465,1.31711,3.7454,-1.2309
534.4,-0.116447,1.64809,3.22535,0.100826
534.5,0.0599637,1.93682,2.59667,-0.174749
534.6,0.282869,2.17787,1.87515,0.0980486
534.7,0.551932,2.36744,1.07818,-1.23236
534.8,0.866474,2.5035,0.224188,-1.16212
534.9,1.21221,2.58552,-0.66798,0.200015
535,1.53492,2.61084,-1.57906,-5.17362
535.1,1.82642,2.5757,-2.48851,0.240059
535.2,2.08383,2.47806,-3.37475,0.123715
535.3,2.30441,2.3178,-4.21584,-1.04334
535.4,2.48578,2.0967,-4.99011,-0.0825877
535.5,2.62606,1.81848,-5.67686,-0.499322
535.6,2.72396,1.48868,-6.25702,-1.5016
535.7,2.77895,1.11455,-6.71375,-0.160301
535.8,2.79131,0.704883,-7.03305,0.176332
535.9,2.7622,0.269765,-7.2042,-1.18695
536,2.69366,-0.179657,-7.22021,0.0930803
536.1,2.58867,-0.631488,-7.07816,-0.319994
536.2,2.45105,-1.07341,-6.77933,-1.15824
536.3,2.28546,-1.49303,-6.32937,0.371252
536.4,2.09726,-1.87824,-5.73822,-0.317398
536.5,1.89244,-2.21754,-5.01996,-1.05755
536.6,1.67748,-2.50044,-4.19253,-0.246368
536.7,1.45916,-2.71773,-3.27732,-2.24204
536.8,1.24442,-2.86183,-2.29866,-0.0695783
536.9,1.04019,-2.927,-1.28325,-1.55984
537,0.841006,-2.90991,-0.259382,-0.138451
537.1,0.627796,-2.81185,0.744232,0.19411
537.2,0.406475,-2.63737,1.69999,-0.188865
537.3,0.183905,-2.39305,2.58224,-0.528599
537.4,-0.0331152,-2.08718,3.36794,0.14981
537.5,-0.238024,-1.72956,4.03722,-1.70382
537.6,-0.424663,-1.33116,4.57387,-1.32581
537.7,-0.587424,-0.90376,4.96565,-3.92423
537.8,-0.721381,-0.459653,5.20455,-3.38303
537.9,-0.822389,-0.0112498,5.2869,-0.600627
538,-0.887164,0.429257,5.21335,0.190375
538.1,-0.913334,0.850234,4.98871,-0.175297
538.2,-0.899459,1.24092,4.62172,-2.31288
538.3,-0.845021,1.5917,4.12472,-0.104151
538.4,-0.750388,1.89438,3.51315,-0.720103
538.5,-0.616748,2.14234,2.80505,-0.02988
538.6,-0.446021,2.33072,2.02047,-1.13061
538.7,-0.240742,2.45654,1.18085,-0.300735
538.8,-0.00393325,2.5187,0.308326,-1.07296
538.9,0.261053,2.51801,-0.574901,-0.893356
539,0.550692,2.45712,-1.44725,-0.107146
539.1,0.861458,2.34044,-2.28837,0.00991956
539.2,1.17938,2.17378,-3.07973,-0.883886
539.3,1.4544,1.96104,-3.80464,-0.17787
539.4,1.68088,1.70486,-4.44739,-0.965071
539.5,1.85948,1.40937,-4.99345,0.112695
539.6,1.99129,1.08016,-5.43001,-0.203331
539.7,2.07787,0.724122,-5.74642,-0.505134
539.8,2.12135,0.349282,-5.93469,-2.71158
539.9,2.12447,-0.0354493,-5.98977,-0.743652
540,2.09059,-0.420508,-5.90984,-0.960755
540.1,2.02367,-0.795951,-5.69653,0.190376
540.2,1.92827,-1.15175,-5.35497,-1.04494
540.3,1.80943,-1.47808,-4.89375,-0.680538
540.4,1.67266,-1.76562,-4.32484,-0.516982
540.5,1.52376,-2.00583,-3.66334,0.3351
540.6,1.36877,-2.19125,-2.92715,-0.18694
540.7,1.21379,-2.31569,-2.13659,0.177135
540.8,1.06486,-2.37453,-1.31383,-0.714233
540.9,0.923791,-2.36487,-0.482419,0.200411
541,0.775669,-2.28705,0.333617,-3.27793
541.1,0.623542,-2.14444,1.11095,-0.363612
541.2,0.473553,-1.9421,1.82775,0.294612
541.3,0.331883,-1.68658,2.46422,0.196006
541.4,0.204607,-1.38566,3.00306,-3.79563
541.5,0.0975687,-1.04811,3.4299,0.196334
541.6,0.0162622,-0.683419,3.73357,0.121374
541.7,-0.0342612,-0.301488,3.90629,-0.251386
541.8,-0.0494697,0.0876525,3.94377,-0.395724
541.9,-0.0254036,0.474145,3.84524,0.315551
542,0.0412981,0.84859,3.61328,-0.974206
542.1,0.153396,1.20232,3.25365,-1.65975
542.2,0.313078,1.52762,2.77498,0.301449
542.3,0.522011,1.81797,2.1884,0.0163401
542.4,0.781419,2.06822,1.50708,-1.64929
542.5,1.08965,2.27469,0.745757,-1.21104
542.6,1.40082,2.43311,-0.079609,-0.266524
542.7,1.69486,2.53682,-0.951033,-0.577995
542.8,1.9679,2.58031,-1.84835,-0.305218
542.9,2.21603,2.55977,-2.74977,0.151287
543,2.43541,2.47323,-3.63248,-0.372439
543.1,2.62247,2.32067,-4.47332,-0.857368
543.2,2.77409,2.10403,-5.24947,-0.746006
543.3,2.88772,1.82721,-5.93912,-1.83211
543.4,2.9615,1.49598,-6.52216,0.217439
543.5,2.99441,1.11787,-6.98083,0.148695
543.6,2.9863,0.701974,-7.30026,-0.373278
543.7,2.93798,0.25876,-7.46902,-0.0122707
543.8,2.85121,-0.200237,-7.47954,0.193074
543.9,2.72876,-0.662704,-7.32845,-1.37896
544,2.5743,-1.11588,-7.01673,-0.768982
544.1,2.39238,-1.54693,-6.54991,0.0205223
544.2,2.18833,-1.94328,-5.93793,-0.583672
544.3,1.96815,-2.29302,-5.19505,-1.34798
544.4,1.73834,-2.58523,-4.33953,-0.344438
544.5,1.50577,-2.81032,-3.39323,-0.064734
544.6,1.27748,-2.96038,-2.38107,-1.38928
544.7,1.06052,-3.02938,-1.33043,-1.9084
544.8,0.851584,-3.01368,-0.270407,-0.363396
544.9,0.628616,-2.91433,0.769378,-0.378923
545,0.39678,-2.73601,1.7604,-0.835195
545.1,0.163119,-2.48547,2.67615,-0.937259
545.2,-0.0653942,-2.17129,3.4928,-0.552083
545.3,-0.282035,-1.80358,4.1898,-0.334889
545.4,-0.480504,-1.39368,4.75038,-2.20237
545.5,-0.655074,-0.953783,5.16188,-2.43053
545.6,-0.800734,-0.496605,5.41601,-0.0734871
545.7,-0.91329,-0.0350007,5.50898,-0.0283396
545.8,-0.989453,0.418393,5.44147,-0.489566
545.9,-1.02446,0.851577,5.21847,0.383814
546,-1.01651,1.25375,4.84899,-1.71422
546.1,-0.971583,1.61482,4.34565,-1.726
546.2,-0.887374,1.92595,3.72445,-1.23903
546.3,-0.764474,2.18022,3.00412,-0.235698
546.4,-0.605076,2.37249,2.20554,-0.0236654
546.5,-0.412045,2.49956,1.351,-2.19698
546.6,-0.188782,2.56019,0.463601,-0.715619
546.7,0.0609255,2.55509,-0.433462,-0.47987
546.8,0.333063,2.48687,-1.31759,-0.806225
546.9,0.623565,2.35994,-2.16741,-1.87493
547,0.928488,2.18037,-2.9634,0.159495
547.1,1.2259,1.95521,-3.68837,0.187368
547.2,1.47306,1.68903,-4.32726,-0.99117
547.3,1.66955,1.38601,-4.86639,0.0941483
547.4,1.81695,1.05175,-5.29382,-0.213001
547.5,1.91727,0.693119,-5.59977,-0.235682
547.6,1.97305,0.318057,-5.77708,-1.20169
547.7,1.9874,-0.0646359,-5.82152,-0.745199
547.8,1.96396,-0.445559,-5.73204,-0.677586
547.9,1.90699,-0.814979,-5.51097,-0.364796
548,1.82124,-1.16312,-5.16404,-0.0257468
548.1,1.71194,-1.48043,-4.70039,-0.0643009
548.2,1.58469,-1.75792,-4.13239,0.383496
548.3,1.44542,-1.9874,-3.47545,-0.243299
548.4,1.30017,-2.16176,-2.74764,-5.38167
548.5,1.15506,-2.27521,-1.96932,-0.341206
548.6,1.01608,-2.32346,-1.16261,-3.01929
548.7,0.878776,-2.30424,-0.350791,-1.71048
548.8,0.732709,-2.21878,0.442627,-0.0510665
548.9,0.583549,-2.07065,1.19504,0.370416
549,0.437304,-1.86504,1.88537,-1.25015
549.1,0.299999,-1.60852,2.49462,0.120632
549.2,0.177533,-1.30887,3.0063,0.129368
549.3,0.0755633,-0.974781,3.40681,0.0981956
549.4,-0.000612883,-0.615595,3.68572,0.103935
549.5,-0.0461435,-0.241032,3.83593,0.271172
549.6,-0.0566955,0.139113,3.85379,-0.00856297
549.7,-0.0285018,0.515255,3.73902,-0.999587
549.8,0.0416155,0.878292,3.49464,-0.312388
549.9,0.156248,1.21987,3.12672,-2.57021
550,0.317429,1.53261,2.6441,-0.362191
550.1,0.52669,1.81033,2.05799,0.1245
550.2,0.785141,2.04817,1.38153,-0.911591
550.3,1.09094,2.24278,0.629315,0.384371
550.4,1.3984,2.39013,-0.182916,0.10254
550.5,1.68809,2.48387,-1.03751,0.11881
550.6,1.95631,2.51877,-1.91475,-3.9599
550.7,2.19934,2.49129,-2.79337,-0.372642
550.8,2.41353,2.3997,-3.65117,0.198617
550.9,2.59551,2.24413,-4.46568,-0.0715145
551,2.74236,2.02667,-5.21483,0.314228
551.1,2.85169,1.75127,-5.87759,0.125867
551.2,2.92184,1.42371,-6.43463,-1.71378
551.3,2.95191,1.05147,-6.86896,-0.129414
551.4,2.9419,0.643526,-7.16649,0.381513
551.5,2.8927,0.210164,-7.31646,-0.643502
551.6,2.80616,-0.237318,-7.31195,-0.657239
551.7,2.68508,-0.686896,-7.15009,-0.698468
551.8,2.53314,-1.12615,-6.83233,-0.332326
551.9,2.35486,-1.5426,-6.36445,0.195979
552,2.15552,-1.9241,-5.75659,-3.87267
552.1,1.941,-2.25913,-5.02301,0.131775
552.2,1.71769,-2.5372,-4.18185,-0.428811
552.3,1.49229,-2.74916,-3.25468,0.353882
552.4,1.27169,-2.88747,-2.26603,0.0570657
552.5,1.06272,-2.94648,-1.24271,-0.183275
552.6,0.862933,-2.92286,-0.213156,0.378338
552.7,0.651028,-2.81773,0.793767,0.200451
552.8,0.431914,-2.63582,1.75029,0.195161
552.9,0.212577,-2.38384,2.63066,-2.02272
553,-6.07863e-05,-2.07026,3.41179,0.0449742
553.1,-0.199318,-1.70502,4.07381,-0.740276
553.2,-0.37892,-1.29922,4.60057,-1.62811
553.3,-0.533144,-0.864765,4.97992,-0.882597
553.4,-0.656944,-0.414031,5.204,-0.0847789
553.5,-0.746055,0.0405063,5.2693,0.328842
553.6,-0.797065,0.486619,5.17663,0.112035
553.7,-0.807459,0.912672,4.93101,0.145129
553.8,-0.775642,1.30793,4.54136,-0.478208
553.9,-0.700916,1.66286,4.02017,0.379859
554,-0.583444,1.96934,3.38302,-0.557519
554.1,-0.424175,2.2209,2.64804,-0.306146
554.2,-0.224747,2.41286,1.83535,-0.829863
554.3,0.0126312,2.54241,0.966329,-0.551939
554.4,0.285328,2.60869,0.0630465,0.231813
554.5,0.59044,2.61276,-0.852489,-1.26011
554.6,0.92497,2.55756,-1.75896,-1.65311
554.7,1.26428,2.44724,-2.63637,-0.0934539
554.8,1.55967,2.28324,-3.46577,-0.800566
554.9,1.80879,2.06671,-4.22851,-0.417233
555,2.01116,1.80056,-4.90667,-1.22158
555.1,2.16672,1.48942,-5.48364,-0.633961
555.2,2.27595,1.13949,-5.94473,-1.72694
555.3,2.3399,0.758428,-6.27765,0.167351
555.4,2.36036,0.355084,-6.47302,0.374959
555.5,2.3398,-0.060681,-6.52476,0.375992
555.6,2.28146,-0.478291,-6.43033,0.256502
555.7,2.18929,-0.88675,-6.19102,-0.792903
555.8,2.0679,-1.27495,-5.81197,-1.56364
555.9,1.92255,-1.632,-5.30219,-0.184212
556,1.75899,-1.94755,-4.67441,-1.8071
556.1,1.58335,-2.21209,-3.94486,-1.20771
556.2,1.40206,-2.41729,-3.13288,-1.05022
556.3,1.22166,-2.55621,-2.2605,-0.445624
556.4,1.04863,-2.6236,-1.35188,-2.18176
556.5,0.88115,-2.61624,-0.432717,-3.34844
556.6,0.702242,-2.53485,0.470839,-2.50699
556.7,0.516753,-2.38321,1.33348,-2.20565
556.8,0.3311,-2.16696,2.13154,-0.982143
556.9,0.151702,-1.89334,2.84365,0.152156
557,-0.0151841,-1.57096,3.45119,-0.710744
557.1,-0.163609,-1.20953,3.93877,-0.969899
557.2,-0.288059,-0.819531,4.29453,-1.34144
557.3,-0.383575,-0.411938,4.51039,-0.958837
557.4,-0.445837,0.00213209,4.58213,-0.0106186
557.5,-0.471236,0.411731,4.50942,0.0225299
557.6,-0.456912,0.806388,4.29566,-0.694982
557.7,-0.400768,1.1764,3.94782,-1.02959
557.8,-0.301457,1.51311,3.47607,-0.504984
557.9,-0.158337,1.80909,2.89341,0.103698
558,0.0285963,2.05839,2.21516,-0.265971
558.1,0.258801,2.25667,1.45849,-0.208653
558.2,0.531309,2.40126,0.641767,-0.749951
558.3,0.844862,2.49128,-0.216015,-1.27525
558.4,1.18753,2.52742,-1.09585,0.200249
558.5,1.50489,2.50854,-1.97879,-0.931106
558.6,1.78749,2.43204,-2.8451,0.376849
558.7,2.03309,2.29702,-3.67439,-4.25592
558.8,2.23966,2.10439,-4.44628,-0.828146
558.9,2.40556,1.85691,-5.14105,0.0886695
559,2.52964,1.55909,-5.74024,-0.799069
559.1,2.61139,1.21712,-6.22726,-1.35877
559.2,2.65098,0.838719,-6.58797,0.0490244
559.3,2.64939,0.432934,-6.81116,-0.867396
559.4,2.60842,0.00990115,-6.889,0.309174
559.5,2.5307,-0.41942,-6.81736,-1.30256
559.6,2.41968,-0.843546,-6.59602,0.269308
559.7,2.27959,-1.25079,-6.22884,-0.462061
559.8,2.11536,-1.6296,-5.72378,-0.215234
559.9,1.93254,-1.96889,-5.09274,0.183218
560,1.73716,-2.25838,-4.35137,-1.36136
560.1,1.5356,-2.4889,-3.51876,-2.9289
560.2,1.33447,-2.65269,-2.61694,-1.59288
560.3,1.14037,-2.74366,-1.67038,-0.3031
560.4,0.95884,-2.75763,-0.705366,-1.66886
560.5,0.7723,-2.69351,0.250829,-0.766573
560.6,0.576798,-2.55449,1.17134,-0.428774
560.7,0.379003,-2.34599,2.03086,-0.492738
560.8,0.185626,-2.07518,2.80626,-0.0814285
560.9,0.00324822,-1.75073,3.47722,-1.65629
561,-0.161836,-1.38256,4.02667,-0.926741
561.1,-0.303762,-0.981496,4.44118,-1.55102
561.2,-0.417221,-0.55895,4.71121,0.194085
561.3,-0.497564,-0.126595,4.8313,0.146114
561.4,-0.540878,0.303983,4.80004,-1.66993
561.5,-0.544036,0.721613,4.62002,0.26522
561.6,-0.504727,1.11585,4.29764,-0.148746
561.7,-0.421441,1.47724,3.84277,-0.223196
561.8,-0.293444,1.79762,3.26836,-2.59881
561.9,-0.120708,2.07025,2.59001,-3.21689
562,0.096174,2.29007,1.82536,0.199628
562.1,0.356103,2.45375,0.993518,0.382584
562.2,0.657608,2.55981,0.11446,-3.65405
562.3,0.999005,2.60859,-0.791658,0.179849
562.4,1.34259,2.60111,-1.70502,-0.263348
562.5,1.64997,2.53533,-2.60563,-1.33432
562.6,1.91895,2.40981,-3.47277,0.383575
562.7,2.14751,2.22503,-4.28557,-0.137254
562.8,2.33396,1.98329,-5.02364,-0.668809
562.9,2.47706,1.68878,-5.66771,0.0874229
563,2.5762,1.34741,-6.20031,-4.17718
563.1,2.63146,0.966717,-6.60631,-0.280343
563.2,2.64368,0.555638,-6.87347,-0.394182
563.3,2.61455,0.124309,-6.99289,-0.811724
563.4,2.54662,-0.316223,-6.95941,-0.49389
563.5,2.44325,-0.75429,-6.77182,0.187971
563.6,2.30863,-1.17794,-6.43309,-0.274585
563.7,2.14769,-1.57525,-5.95034,-1.80716
563.8,1.966,-1.93473,-5.33483,0.307707
563.9,1.76966,-2.24558,-4.6017,-1.81241
564,1.56517,-2.49811,-3.76973,0.148457
564.1,1.35927,-2.68398,-2.86081,-0.052307
564.2,1.15878,-2.79649,-1.89951,0.280121
564.3,0.969933,-2.83086,-0.912393,-1.37127
564.4,0.775881,-2.78529,0.0727416,-1.4907
564.5,0.570241,-2.66251,1.02829,-0.631008
564.6,0.359669,-2.46761,1.92808,-0.185441
564.7,0.150886,-2.20756,2.74801,-0.534728
564.8,-0.049498,-1.89093,3.46676,-0.0419728
564.9,-0.23515,-1.5276,4.06621,-1.11187
565,-0.400166,-1.12849,4.5319,-3.18483
565.1,-0.539208,-0.705197,4.85333,0.382265
565.2,-0.647617,-0.269668,5.02411,0.153822
565.3,-0.721504,0.166155,5.04207,-0.110588
565.4,-0.757811,0.590664,4.90913,0.197875
565.5,-0.75435,0.992908,4.6312,-0.257067
565.6,-0.709806,1.36289,4.21786,0.176436
565.7,-0.623717,1.69182,3.68198,-0.393715
565.8,-0.496427,1.97235,3.03924,-1.3671
565.9,-0.329001,2.19875,2.30765,-2.4806
566,-0.123133,2.36706,1.5069,-0.994846
566.1,0.118982,2.4751,0.657752,-0.876698
566.2,0.394788,2.52262,-0.218602,0.206693
566.3,0.701527,2.51116,-1.10119,-1.36017
566.4,1.03603,2.44409,-1.96992,0.265371
566.5,1.35499,2.32486,-2.806,0.24077
566.6,1.62976,2.1541,-3.5913,0.0975103
566.7,1.85969,1.93334,-4.30803,0.313385
566.8,2.04443,1.66578,-4.93918,0.204051
566.9,2.18406,1.35626,-5.46917,-1.19319
567,2.27917,1.0111,-5.8844,-1.54986
567.1,2.33096,0.637972,-6.17368,0.201426
567.2,2.34131,0.245655,-6.32873,-0.200823
567.3,2.31281,-0.156163,-6.34453,-3.04743
567.4,2.24873,-0.557177,-6.21951,-0.0774581
567.5,2.15306,-0.946747,-5.95584,-0.78076
567.6,2.03041,-1.3142,-5.55937,-0.187978
567.7,1.88595,-1.64916,-5.03969,-0.19973
567.8,1.72534,-1.94182,-4.4099,-0.68422
567.9,1.55457,-2.18328,-3.68639,-0.133085
568,1.37986,-2.36583,-2.88848,-0.812922
568.1,1.20752,-2.48317,-2.03793,-0.75237
568.2,1.04377,-2.53066,-1.15842,-0.0365444
568.3,0.886701,-2.50567,-0.274942,0.0160876
568.4,0.720803,-2.40934,0.587217,-3.52306
568.5,0.551112,-2.24572,1.40374,0.383381
568.6,0.384022,-2.02056,2.15203,-0.475092
568.7,0.225913,-1.74116,2.8118,0.354243
568.8,0.0830045,-1.41605,3.36551,0.147096
568.9,-0.0387849,-1.05477,3.79881,-0.283489
569,-0.133953,-0.667538,4.10082,-0.809408
569.1,-0.197517,-0.264964,4.2643,-0.594395
569.2,-0.225094,0.14228,4.28575,-0.0872451
569.3,-0.212948,0.54376,4.16538,-0.0387746
569.4,-0.158027,0.929586,3.90695,0.159226
569.5,-0.0579561,1.29068,3.51755,0.00353209
569.6,0.0889882,1.61904,3.00729,-0.62703
569.7,0.283932,1.90793,2.38884,-0.181393
569.8,0.527489,2.1521,1.67697,0.369127
569.9,0.819862,2.34788,0.888022,-1.49196
570,1.15385,2.4932,0.0393382,-0.715624
570.1,1.4765,2.5846,-0.850932,0.136685
570.2,1.77432,2.61676,-1.76296,0.16046
570.3,2.04383,2.58591,-2.67531,-1.09985
570.4,2.28163,2.49014,-3.56552,-1.58862
570.5,2.48453,2.32947,-4.41083,-0.0312599
570.6,2.64977,2.10587,-5.1888,-0.152109
570.7,2.77512,1.82329,-5.87805,-0.00592411
570.8,2.85901,1.48752,-6.45889,-0.589847
570.9,2.9007,1.1061,-6.91398,-0.138447
571,2.90028,0.688138,-7.2289,0.327906
571.1,2.85877,0.244054,-7.39263,-1.11586
571.2,2.77815,-0.214656,-7.39802,-0.0425789
571.3,2.66134,-0.675745,-7.24209,-1.606
571.4,2.51216,-1.12655,-6.9262,-2.46185
571.5,2.33529,-1.55434,-6.45619,-0.400558
571.6,2.13616,-1.94667,-5.84231,-1.27441
571.7,1.92084,-2.29179,-5.09903,-0.308463
571.8,1.69589,-2.57893,-4.24482,-0.22826
571.9,1.46821,-2.7987,-3.30165,0.0297303
572,1.24487,-2.94334,-2.29451,-2.16161
572.1,1.03289,-3.00702,-1.25077,-3.20601
572.2,0.82501,-2.98645,-0.199448,-1.5532
572.3,0.602324,-2.88315,0.830086,-0.489081
572.4,0.371163,-2.70192,1.80966,0.0118485
572.5,0.138496,-2.44957,2.71312,-0.84835
572.6,-0.0887877,-2.13473,3.51706,-0.820492
572.7,-0.30406,-1.76751,4.20132,-0.647704
572.8,-0.501124,-1.35921,4.74952,-1.30896
572.9,-0.674368,-0.921986,5.14939,-0.347597
573,-0.818894,-0.468463,5.39301,-0.9915
573.1,-0.930627,-0.0113979,5.47691,0.127391
573.2,-1.00633,0.436695,5.40204,-0.387126
573.3,-1.03845,0.864104,5.17364,-2.63091
573.4,-1.02827,1.26033,4.80081,-0.618182
573.5,-0.98277,1.61538,4.29622,-0.674325
573.6,-0.899993,1.92042,3.67588,-0.180186
573.7,-0.779319,2.16859,2.95857,-1.05639
573.8,-0.623014,2.35491,2.16509,-0.303703
573.9,-0.434015,2.4763,1.31771,0.112301
574,-0.215788,2.5316,0.439403,0.0701978
574.1,0.0278141,2.5216,-0.446782,-2.51116
574.2,0.292716,2.449,-1.31841,-3.26338
574.3,0.574789,2.31823,-2.15429,-3.82131
574.4,0.870021,2.13538,-2.93509,-0.99767
574.5,1.16494,1.90775,-3.64384,0.191377
574.6,1.41334,1.64083,-4.26593,-0.132573
574.7,1.61096,1.33886,-4.78832,-0.313303
574.8,1.75957,1.00742,-5.19969,-0.405903
574.9,1.86134,0.653287,-5.49087,-1.07062
575,1.91893,0.284274,-5.65525,-1.49359
575.1,1.93556,-0.0909891,-5.68913,0.194572
575.2,1.91496,-0.463308,-5.5919,-2.10252
575.3,1.86142,-0.823192,-5.36626,-1.77034
575.4,1.77971,-1.16113,-5.01823,0.378221
575.5,1.67506,-1.46789,-4.55711,0.319043
575.6,1.55303,-1.73477,-3.99536,-2.9977
575.7,1.41947,-1.95389,-3.34835,0.031385
575.8,1.28036,-2.11848,-2.63401,-0.955825
575.9,1.14169,-2.22303,-1.87243,-0.386704
576,1.00934,-2.26356,-1.08536,0.12441
576.1,0.8781,-2.23808,-0.295651,0.192656
576.2,0.739174,-2.14801,0.473755,-1.20023
576.3,0.598302,-1.99697,1.20084,-2.8185
576.4,0.461434,-1.79014,1.86512,-0.139123
576.5,0.334536,-1.53404,2.44819,-0.458088
576.6,0.223449,-1.23631,2.93409,-0.861372
576.7,0.133781,-0.905497,3.30974,-0.755875
576.8,0.0707943,-0.550732,3.56514,-1.43163
576.9,0.0393266,-0.181495,3.69357,-0.238259
577,0.0437214,0.192693,3.69161,-1.55159
577.1,0.0877874,0.562543,3.55919,-0.447138
577.2,0.174781,0.91927,3.29937,-0.474859
577.3,0.307413,1.25485,2.91817,-1.67493
577.4,0.487887,1.56222,2.42427,0.189142
577.5,0.717952,1.83554,1.8286,-0.311514
577.6,0.998996,2.07026,1.1439,-0.0564183
577.7,1.30092,2.26232,0.384364,-0.474354
577.8,1.59005,2.40493,-0.43395,0.37514
577.9,1.86258,2.49165,-1.29256,0.108976
578,2.11452,2.51759,-2.17101,-2.79175
578.1,2.34188,2.4796,-3.04741,-1.99728
578.2,2.54084,2.37636,-3.8991,0.0858466
578.3,2.70789,2.20846,-4.70331,-0.0401042
578.4,2.84004,1.97844,-5.43777,-0.364669
578.5,2.93489,1.6907,-6.08147,0.375967
578.6,2.99079,1.35149,-6.61525,0.312505
578.7,3.0069,0.968705,-7.02243,0.300712
578.8,2.98333,0.551739,-7.28935,-0.162048
578.9,2.92109,0.111228,-7.40589,-2.0358
579,2.82218,-0.34122,-7.36582,-2.8954
579.1,2.68955,-0.793331,-7.16708,-1.00572
579.2,2.52703,-1.23251,-6.81199,-0.772689
579.3,2.33933,-1.64617,-6.3073,-0.650852
579.4,2.13185,-2.02214,-5.66408,0.190658
579.5,1.91063,-2.34896,-4.89754,0.199141
579.6,1.68216,-2.61628,-4.02675,-0.0405389
579.7,1.45324,-2.81516,-3.07413,-0.183597
579.8,1.23079,-2.93836,-2.06497,-1.14027
579.9,1.02167,-2.98058,-1.02674,0.24842
580,0.816797,-2.93917,0.0116514,-1.18524
580.1,0.599245,-2.81629,1.02117,-1.78239
580.2,0.375733,-2.61717,1.97415,0.193118
580.3,0.153296,-2.34901,2.84513,-2.10248
580.4,-0.0611376,-2.02071,3.61144,-1.16977
580.5,-0.260924,-1.6426,4.25381,-1.51595
580.6,-0.439866,-1.22609,4.75678,-2.0044
580.7,-0.592359,-0.783364,5.10901,-3.22073
580.8,-0.71351,-0.326978,5.30354,0.374462
580.9,-0.799239,0.130475,5.33778,0.383648
581,-0.846348,0.57673,5.21351,0.323344
581.1,-0.85256,1.00018,4.93673,0.178047
581.2,-0.81653,1.39021,4.51729,-0.187024
581.3,-0.737828,1.73745,3.96858,-0.10769
581.4,-0.616888,2.03401,3.307,-0.319301
581.5,-0.454934,2.2737,2.55141,0.344487
581.6,-0.253874,2.45216,1.72256,-0.442022
581.7,-0.0161789,2.56695,0.842336,-0.981939
581.8,0.255264,2.61756,-0.0668128,-0.253274
581.9,0.557312,2.60544,-0.982628,-0.102612
582,0.886744,2.5339,-1.88368,-0.290366
582.1,1.22472,2.40766,-2.74999,-1.31556
582.2,1.51939,2.2291,-3.56294,-1.10559
582.3,1.76655,1.99975,-4.30443,0.199438
582.4,1.96604,1.72289,-4.95721,-0.438662
582.5,2.11808,1.40342,-5.50547,-1.1347
582.6,2.22346,1.0478,-5.93539,-1.15631
582.7,2.28352,0.663852,-6.23563,-1.81045
582.8,2.30032,0.260545,-6.39782,0.18927
582.9,2.2766,-0.152225,-6.4169,-0.466928
583,2.21582,-0.563927,-6.29139,-0.873414
583.1,2.12215,-0.963687,-6.02355,-0.197284
583.2,2.00036,-1.3406,-5.61947,-0.938014
583.3,1.85583,-1.68405,-5.08903,-0.649175
583.4,1.6944,-1.98404,-4.44571,0.370834
583.5,1.52225,-2.23147,-3.70634,-0.606588
583.6,1.34581,-2.41846,-2.89074,0.0614952
583.7,1.17156,-2.53858,-2.02123,-0.410752
583.8,1.00589,-2.58712,-1.12209,-2.26453
583.9,0.840231,-2.56167,-0.218904,0.164162
584,0.663622,-2.46394,0.662635,0.250517
584.1,0.482282,-2.29812,1.4979,0.165668
584.2,0.302582,-2.07015,2.26406,-1.39313
584.3,0.130857,-1.78751,2.94063,0.384315
584.4,-0.0267471,-1.45896,3.50996,-3.32716
584.5,-0.164414,-1.09426,3.95768,-0.0680834
584.6,-0.276782,-0.703885,4.27295,-1.44777
584.7,-0.35905,-0.298683,4.44867,-1.86051
584.8,-0.407057,0.110417,4.48157,0.378958
584.9,-0.417346,0.512731,4.37217,-5.16961
585,-0.387196,0.898123,4.12464,0.200508
585.1,-0.314622,1.25728,3.74655,-0.24192
585.2,-0.198357,1.58197,3.24857,-1.27199
585.3,-0.0378047,1.86524,2.64401,-0.353125
585.4,0.167043,2.10165,1.94837,0.162778
585.5,0.415701,2.28732,1.17878,-1.51295
585.6,0.707316,2.42012,0.353425,-1.08958
585.7,1.04034,2.49963,-0.509075,-2.24821
585.8,1.37122,2.52558,-1.39009,-0.616664
585.9,1.67037,2.49482,-2.27036,-0.371655
586,1.93529,2.40514,-3.12958,-0.694637
586.1,2.16358,2.25613,-3.94702,-0.0137098
586.2,2.35316,2.04924,-4.70211,0.366809
586.3,2.50233,1.78773,-5.37511,-0.565764
586.4,2.60997,1.47664,-5.94774,-1.19182
586.5,2.67563,1.12267,-6.40375,-0.303769
586.6,2.69961,0.733974,-6.72955,-2.0145
586.7,2.68301,0.320021,-6.91458,-1.04206
586.8,2.6278,-0.108698,-6.95184,-0.530518
586.9,2.53679,-0.540942,-6.83808,-0.897123
587,2.4136,-0.965019,-6.57413,-2.18072
587.1,2.26266,-1.36913,-6.1649,-0.245532
587.2,2.08905,-1.74168,-5.61942,-0.169536
587.3,1.8985,-2.07165,-4.9507,0.187711
587.4,1.69714,-2.34892,-4.17542,-0.783941
587.5,1.49148,-2.56457,-3.31365,0.146158
587.6,1.28816,-2.71116,-2.38829,-0.439613
587.7,1.09381,-2.78301,-1.42456,-0.867077
587.8,0.91063,-2.77648,-0.449339,-2.66117
587.9,0.718109,-2.69168,0.509825,-0.765083
588,0.518147,-2.53257,1.42616,-1.58273
588.1,0.317482,-2.3051,2.27464,-1.30559
588.2,0.122848,-2.01696,3.03265,-0.548107
588.3,-0.0592005,-1.67726,3.68049,-2.15611
588.4,-0.22244,-1.29629,4.20191,-1.70084
588.5,-0.361123,-0.885184,4.58438,-0.594499
588.6,-0.470094,-0.455571,4.81938,0.229074
588.7,-0.544892,-0.0192541,4.9025,-3.44408
588.8,-0.581825,0.412137,4.83344,-2.4036
588.9,-0.578007,0.827473,4.61588,-0.278234
589,-0.531384,1.21643,4.25729,-0.79665
589.1,-0.440716,1.56978,3.76854,0.11222
589.2,-0.305539,1.8796,3.16352,-0.29947
589.3,-0.126092,2.13952,2.45864,0.367683
589.4,0.0967728,2.34484,1.67223,0.364668
589.5,0.361715,2.49266,0.823967,-1.76891
589.6,0.667041,2.58194,-0.0657941,-0.138104
589.7,1.01084,2.61349,-0.97665,-0.441157
589.8,1.35292,2.58865,-1.88869,-1.06095
589.9,1.6573,2.50571,-2.78192,-0.80396
590,1.92196,2.36371,-3.63579,-0.891715
590.1,2.14509,2.16356,-4.42973,-0.1699
590.2,2.32524,1.90802,-5.14381,-0.914047
590.3,2.46142,1.60166,-5.7594,-0.632436
590.4,2.55328,1.25078,-6.25977,-0.162143
590.5,2.60116,0.863217,-6.63067,0.163697
590.6,2.6062,0.44815,-6.86081,-3.96054
590.7,2.57034,0.0158878,-6.94236,-0.458107
590.8,2.49638,-0.422431,-6.87123,-0.358562
590.9,2.38792,-0.855135,-6.64732,0.200334
591,2.24936,-1.27035,-6.27467,-0.378167
591.1,2.08579,-1.65634,-5.76148,-1.67895
591.2,1.90292,-2.00185,-5.11996,-2.22918
591.3,1.70697,-2.29644,-4.36613,-0.170333
591.4,1.50447,-2.53081,-3.51948,-0.148927
591.5,1.30218,-2.69709,-2.60251,-0.0693375
591.6,1.10686,-2.78913,-1.64019,0.145667
591.7,0.921905,-2.80273,-0.659289,-0.458669
591.8,0.726798,-2.73733,0.312488,0.0366992
591.9,0.521995,-2.5964,1.24802,-1.8294
592,0.314149,-2.38549,2.1218,-0.169352
592.1,0.109938,-2.11193,2.91055,-0.411522
592.2,-0.0841153,-1.78457,3.59387,-1.29765
592.3,-0.261796,-1.41352,4.15465,-1.26192
592.4,-0.417351,-1.0098,4.57952,-0.0385639
592.5,-0.545614,-0.585026,4.85905,0.341473
592.6,-0.642113,-0.151076,4.98797,-1.12215
592.7,-0.703156,0.280264,4.96511,-0.0770205
592.8,-0.72588,0.697628,4.79341,-4.38122
592.9,-0.708283,1.09038,4.47965,0.200143
593,-0.649221,1.44889,4.03415,0.145508
593.1,-0.548377,1.76481,3.4704,0.181549
593.2,-0.406206,2.03127,2.80456,-0.00321026
593.3,-0.22385,2.24303,2.0549,-0.0589844
593.4,-0.00302926,2.39663,1.24123,-1.02705
593.5,0.254084,2.49043,0.384248,-0.494461
593.6,0.545014,2.52467,-0.495113,-0.284432
593.7,0.867142,2.50139,-1.37631,0.299659
593.8,1.20491,2.42412,-2.2398,-0.0633479
593.9,1.5054,2.29427,-3.06706,-0.0972595
594,1.76239,2.11216,-3.83969,-1.17444
594.1,1.97515,1.87976,-4.5397,-0.0873749
594.2,2.14325,1.60075,-5.15008,0.251136
594.3,2.26676,1.28041,-5.65539,0.118805
594.4,2.34629,0.925507,-6.04233,0.0865304
594.5,2.38314,0.54409,-6.30015,-1.23208
594.6,2.37926,0.14531,-6.42116,0.0768702
594.7,2.33737,-0.260848,-6.40101,0.384073
594.8,2.26088,-0.663837,-6.23894,-2.14735
594.9,2.15391,-1.05284,-5.93795,0.101861
595,2.02121,-1.41709,-5.50484,-0.942193
595.1,1.8681,-1.74619,-4.95009,-0.316026
595.2,1.70034,-2.03039,-4.28775,-0.931103
595.3,1.52403,-2.26094,-3.53508,-0.315017
595.4,1.34546,-2.43033,-2.71223,0.194337
595.5,1.17097,-2.53257,-1.84169,-0.568975
595.6,1.00679,-2.56335,-0.947773,-0.0860638
595.7,0.844619,-2.52074,-0.0559267,-0.706293
595.8,0.673622,-2.40683,0.808422,-0.0276174
595.9,0.500122,-2.22615,1.62106,-1.77039
596,0.330569,-1.98493,2.35966,0.186763
596.1,0.171357,-1.69089,3.00434,-1.37721
596.2,0.0286787,-1.35294,3.53815,-0.564703
596.3,-0.0916123,-0.980932,3.94742,0.200389
596.4,-0.184117,-0.585343,4.22205,-0.0682242
596.5,-0.243989,-0.176961,4.35567,0.287222
596.6,-0.267011,0.233432,4.34569,-0.640799
596.7,-0.249641,0.63537,4.19326,0.199337
596.8,-0.189035,1.019,3.90307,0.159594
596.9,-0.0830439,1.37536,3.48314,-1.86427
597,0.0698207,1.69662,2.94442,-0.571132
597.1,0.270449,1.97629,2.30036,-2.28979
597.2,0.51922,2.20939,1.56645,0.0400387
597.3,0.816111,2.3926,0.759618,0.13212
597.4,1.15378,2.52419,-0.102343,-1.53939
597.5,1.4787,2.60108,-1.00094,-0.206997
597.6,1.77715,2.6183,-1.91613,-2.01329
597.7,2.04581,2.57245,-2.82639,-0.291863
597.8,2.28143,2.462,-3.7093,-1.30504
597.9,2.48099,2.28734,-4.54229,-0.108917
598,2.64192,2.05085,-5.30322,-0.105072
598.1,2.76221,1.75683,-5.97117,-0.297717
598.2,2.84053,1.4114,-6.527,-1.94161
598.3,2.87635,1.02241,-6.95406,0.143273
598.4,2.87001,0.599205,-7.23869,0.175944
598.5,2.82277,0.152401,-7.37074,-0.543606
598.6,2.73683,-0.306383,-7.34397,-1.01538
598.7,2.61532,-0.764847,-7.15631,-4.88778
598.8,2.46228,-1.21034,-6.81009,-0.444835
598.9,2.28254,-1.63023,-6.31206,-0.148087
599,2.08169,-2.01226,-5.67335,-0.623933
599.1,1.8659,-2.34488,-4.90925,0.11286
599.2,1.64181,-2.61766,-4.03892,-0.221313
599.3,1.41635,-2.82156,-3.08493,-0.335583
599.4,1.19658,-2.94924,-2.07273,-1.73179
599.5,0.989427,-2.99535,-1.02999,-0.832573
599.6,0.779692,-2.95743,0.0141842,-1.09361
599.7,0.556141,-2.83795,1.03069,-7.05502
599.8,0.325645,-2.64214,1.99184,-0.199525
599.9,0.0951496,-2.37716,2.87211,-0.994668
600,-0.128518,-2.05191,3.64881,-0.770583
600.1,-0.338826,-1.67675,4.30262,-0.561862
600.2,-0.529702,-1.26312,4.81805,-1.61076
600.3,-0.695685,-0.823249,5.18375,-0.139686
600.4,-0.832047,-0.369753,5.39273,0.0968032
600.5,-0.934896,0.0846928,5.44246,0.326975
600.6,-1.00125,0.527726,5.33478,-1.18012
600.7,-1.02553,0.947769,5.07574,0.367349
600.8,-1.00906,1.33441,4.67524,-0.614099
600.9,-0.956421,1.67791,4.1467,-0.536815
601,-0.864954,1.97005,3.5067,-0.338753
601.1,-0.736081,2.20443,2.77441,-1.96339
601.2,-0.572195,2.3765,1.97088,-0.481404
601.3,-0.376321,2.4836,1.11844,-0.281985
601.4,-0.151981,2.52501,0.240026,-0.308746
601.5,0.0969536,2.50193,-0.641534,0.0994273
601.6,0.36643,2.41741,-1.50415,-0.368856
601.7,0.652382,2.27626,-2.32711,0.186266
601.8,0.9509,2.08484,-3.09166,0.114218
601.9,1.23739,1.85031,-3.78149,0.370741
602,1.47312,1.57727,-4.38238,-3.82348
602.1,1.65875,1.27018,-4.8816,-0.247413
602.2,1.79607,0.934844,-5.2682,-0.294952
602.3,1.88733,0.578262,-5.5335,-6.21054
602.4,1.93526,0.208413,-5.67143,0.300269
602.5,1.94315,-0.165955,-5.67886,0.196558
602.6,1.91481,-0.535586,-5.55582,-0.743916
602.7,1.8546,-0.890978,-5.30562,-0.744489
602.8,1.76738,-1.22267,-4.9349,0.159895
602.9,1.65841,-1.52152,-4.45358,-0.0353899
603,1.53331,-1.77898,-3.87467,0.371599
603.1,1.39793,-1.9874,-3.21402,-0.0668893
603.2,1.25825,-2.14023,-2.48998,0.120802
603.3,1.12021,-2.23226,-1.72296,-1.61233
603.4,0.989566,-2.25983,-0.934925,-1.98117
603.5,0.857382,-2.22148,-0.148788,0.200304
603.6,0.718664,-2.11915,0.612638,0.139413
603.7,0.579264,-1.95679,1.32761,0.288807
603.8,0.445157,-1.73982,1.97601,0.359157
603.9,0.322303,-1.475,2.53989,-0.443714
604,0.216523,-1.17015,3.00384,-0.512806
604.1,0.13338,-0.833923,3.35534,0.200383
604.2,0.0780816,-0.47554,3.585,0.29957
604.3,0.055398,-0.104487,3.68674,-1.14687
604.4,0.0695999,0.269756,3.65777,-2.16792
604.5,0.124423,0.637998,3.49861,-2.4917
604.6,0.223056,0.991602,3.21288,-0.557445
604.7,0.368154,1.32273,2.80711,0.129828
604.8,0.561877,1.62458,2.29039,0.174891
604.9,0.805959,1.89154,1.67399,-0.250652
605,1.09856,2.11936,0.970884,-1.74409
605.1,1.39529,2.30301,0.195572,-0.0411886
605.2,1.67883,2.43524,-0.635219,-2.20536
605.3,1.94522,2.50994,-1.50238,-0.925522
605.4,2.19041,2.52259,-2.38493,-2.2373
605.5,2.41034,2.47043,-3.26063,-1.67323
605.6,2.6012,2.35256,-4.10656,-0.320069
605.7,2.75954,2.17002,-4.89986,-0.855059
605.8,2.88242,1.9258,-5.61837,-2.14609
605.9,2.96758,1.62476,-6.24129,0.071737
606,3.01349,1.27357,-6.74985,-4.07016
606.1,3.01953,0.880517,-7.1279,-0.426936
606.2,2.98594,0.455358,-7.36246,-0.704068
606.3,2.91398,0.00903229,-7.44418,-5.99915
606.4,2.80585,-0.446609,-7.36769,-2.57206
606.5,2.6647,-0.899123,-7.13191,0.371023
606.6,2.49458,-1.33581,-6.74015,-1.64647
606.7,2.30037,-1.7441,-6.20016,-0.598556
606.8,2.08765,-2.11185,-5.52402,0.162908
606.9,1.86261,-2.42778,-4.72792,-3.33194
607,1.63184,-2.68176,-3.83181,-0.413194
607.1,1.40221,-2.86517,-2.85892,-1.97256
607.2,1.18067,-2.97114,-1.83523,-1.02429
607.3,0.973749,-2.99482,-0.788734,-0.558756
607.4,0.763581,-2.93453,0.251324,0.0766623
607.5,0.541871,-2.79341,1.256,-0.956139
607.6,0.315627,-2.5772,2.19794,-0.419103
607.7,0.0918905,-2.29354,3.05216,-1.2732
607.8,-0.122449,-1.95174,3.79663,-0.531365
607.9,-0.32083,-1.56245,4.41283,-0.990528
608,-0.497176,-1.13737,4.88617,0.0458865
608.1,-0.64604,-0.688848,5.20625,-2.93983
608.2,-0.762722,-0.229564,5.3671,-0.857735
608.3,-0.843357,0.227866,5.36717,-0.567064
608.4,-0.884988,0.671228,5.20924,-4.1343
608.5,-0.885593,1.08905,4.90029,0.366682
608.6,-0.844094,1.47089,4.45111,-1.20482
608.7,-0.760328,1.80766,3.87593,-0.126396
608.8,-0.634998,2.09177,3.1919,0.282946
608.9,-0.469588,2.31739,2.41852,-0.57089
609,-0.266257,2.48055,1.57702,-2.55278
609.1,-0.027708,2.57919,0.689672,-1.51281
609.2,0.242956,2.61324,-0.220871,-0.500829
609.3,0.542397,2.58454,-1.13227,0.223098
609.4,0.867219,2.4968,-2.02316,-1.23306
609.5,1.20141,2.35518,-2.87375,0.181551
609.6,1.49262,2.16274,-3.66585,-0.152017
609.7,1.73542,1.92145,-4.38196,0.199497
609.8,1.92993,1.63491,-5.00558,-0.804961
609.9,2.07667,1.30831,-5.52172,0.0938259
610,2.1767,0.948353,-5.9175,-0.968088
610.1,2.23166,0.563009,-6.1826,-1.12742
610.2,2.24385,0.161342,-6.3097,0.346325
610.3,2.21627,-0.24675,-6.29479,-0.991587
610.4,2.15259,-0.650814,-6.13744,-1.60002
610.5,2.05714,-1.04014,-5.84094,-1.74809
610.6,1.93487,-1.40406,-5.41231,-0.182891
610.7,1.79126,-1.73229,-4.86226,-0.40475
610.8,1.63219,-2.0152,-4.205,-0.643471
610.9,1.46389,-2.24416,-3.45792,0.163268
611,1.29272,-2.41178,-2.64125,-1.16256
611.1,1.12511,-2.51218,-1.77753,-1.53003
611.2,0.966612,-2.54118,-0.891063,0.062417
611.3,0.802646,-2.4974,-0.00721019,-2.39485
611.4,0.629706,-2.38332,0.84891,-0.832228
611.5,0.454025,-2.20349,1.65344,-0.145452
611.6,0.281917,-1.96416,2.38441,0.082693
611.7,0.119632,-1.67301,3.0223,-0.545013
611.8,-0.0267969,-1.33891,3.5505,0.0163579
611.9,-0.151685,-0.971654,3.95567,0.200428
612,-0.249813,-0.58165,4.228,0.197935
612.1,-0.316528,-0.179603,4.36142,0.31713
612.2,-0.347813,0.223796,4.35357,-0.686557
612.3,-0.34034,0.618173,4.20581,-0.235819
612.4,-0.291494,0.993766,3.92304,-0.264158
612.5,-0.199366,1.34169,3.51341,-3.04686
612.6,-0.062726,1.6542,2.98799,-1.28579
612.7,0.119036,1.92484,2.36036,-1.76289
612.8,0.345995,2.14869,1.64607,-0.139452
612.9,0.617797,2.32243,0.862128,-2.66689
613,0.933787,2.44443,0.0264124,-0.894059
613.1,1.27049,2.51419,-0.842896,0.380309
613.2,1.58032,2.52852,-1.72705,-1.06845
613.3,1.8592,2.48398,-2.60598,0.0926066
613.4,2.10438,2.37891,-3.45876,-0.32303
613.5,2.3133,2.21348,-4.26417,-0.502918
613.6,2.48375,1.98973,-5.00138,-1.18254
613.7,2.61402,1.71154,-5.65062,0.368529
613.8,2.70301,1.38457,-6.19377,-0.382891
613.9,2.75034,1.01607,-6.61497,-0.0464598
614,2.75643,0.614769,-6.90118,-2.73589
614.1,2.72257,0.190616,-7.04264,-1.57627
614.2,2.6509,-0.245472,-7.03322,0.123931
614.3,2.54445,-0.681902,-6.87077,-0.354184
614.4,2.40705,-1.10673,-6.55724,-2.15636
614.5,2.24335,-1.50798,-6.09881,-0.639215
614.6,2.05866,-1.87403,-5.50576,-0.702575
614.7,1.85886,-2.19389,-4.79238,-0.850833
614.8,1.65028,-2.45761,-3.9766,0.0304167
614.9,1.43952,-2.65652,-3.07962,-0.160405
615,1.23331,-2.78357,-2.12542,-0.330745
615.1,1.03834,-2.83353,-1.14013,-1.24806
615.2,0.84952,-2.80352,-0.151307,-0.460104
615.3,0.648952,-2.69511,0.813182,-0.261497
615.4,0.442553,-2.51299,1.72666,-0.518201
615.5,0.237136,-2.26376,2.56444,-1.14216
615.6,0.0394488,-1.95568,3.30442,-1.88036
615.7,-0.143994,-1.59841,3.92767,0.269197
615.8,-0.307069,-1.20267,4.41882,-1.18084
615.9,-0.444178,-0.77998,4.7664,-2.36792
616,-0.550367,-0.342234,4.96305,-0.0452856
616.1,-0.621424,0.0985873,5.0056,-0.104196
616.2,-0.653937,0.53078,4.89505,-2.16017
616.3,-0.645343,0.943239,4.63636,0.123278
616.4,-0.593929,1.32576,4.23828,-2.3621
616.5,-0.498819,1.66932,3.71288,-0.426395
616.6,-0.359923,1.96629,3.0752,0.172223
616.7,-0.177862,2.21065,2.34262,-1.44268
616.8,0.0461341,2.39812,1.53439,0.218325
616.9,0.310349,2.52625,0.670873,-0.937558
617,0.612728,2.59449,-0.226994,0.184659
617.1,0.951035,2.60414,-1.13843,0.158762
617.2,1.29626,2.55758,-2.04336,-0.589304
617.3,1.60207,2.45426,-2.9221,-0.826539
617.4,1.86617,2.29372,-3.75466,-1.34347
617.5,2.08715,2.07733,-4.52119,-0.987709
617.6,2.26393,1.80828,-5.20264,-1.05219
617.7,2.39592,1.49152,-5.78141,-0.0906685
617.8,2.48317,1.13363,-6.2419,-0.51285
617.9,2.52638,0.742683,-6.57109,0.0848415
618,2.52705,0.327986,-6.759,-0.189519
618.1,2.48746,-0.100119,-6.79911,-0.124019
618.2,2.4107,-0.53056,-6.68864,-0.126767
618.3,2.30063,-0.951835,-6.42879,-0.575095
618.4,2.16186,-1.35234,-6.02478,-0.505979
618.5,1.99964,-1.7207,-5.4859,0.146726
618.6,1.81981,-2.04612,-4.82531,-0.214041
618.7,1.6286,-2.31868,-4.05979,0.124983
618.8,1.43257,-2.52969,-3.20942,0.352384
618.9,1.23838,-2.67192,-2.29704,0.356238
619,1.0527,-2.7399,-1.34774,-1.90209
619.1,0.873356,-2.73029,-0.388181,-1.09726
619.2,0.681871,-2.64387,0.554489,-2.68365
619.3,0.483142,-2.4847,1.45403,-0.210793
619.4,0.283767,-2.25871,2.28598,0.0411627
619.5,0.0903247,-1.97354,3.02822,0.0655811
619.6,-0.0907929,-1.63823,3.6616,-0.130877
619.7,-0.253532,-1.26293,4.17031,-1.36778
619.8,-0.392319,-0.858634,4.54227,-5.19001
619.9,-0.502173,-0.436809,4.76931,0.199954
620,-0.57881,-0.00906942,4.84735,-0.235403
620.1,-0.618708,0.413151,4.77631,-3.91873
620.2,-0.619155,0.818922,4.56006,-0.507939
620.3,-0.578263,1.19812,4.20617,-0.000120638
620.4,-0.494958,1.54169,3.72554,-0.325068
620.5,-0.368939,1.84189,3.13205,-0.244077
620.6,-0.200611,2.0925,2.44201,-2.32617
620.7,0.00900797,2.28894,1.67362,-1.10679
620.8,0.258403,2.42839,0.846405,0.171816
620.9,0.545696,2.50987,-0.01948,-1.31463
621,0.868804,2.53421,-0.903833,0.0852885
621.1,1.21199,2.50375,-1.78705,-1.54926
621.2,1.52156,2.41865,-2.65008,-1.97526
621.3,1.79089,2.27802,-3.47362,0.275951
621.4,2.01855,2.08268,-4.23831,-1.32224
621.5,2.20341,1.83523,-4.92541,0.37333
621.6,2.34477,1.54,-5.51739,-0.306444
621.7,2.44251,1.20295,-5.99852,0.152507
621.8,2.49715,0.831506,-6.35543,-0.0359516
621.9,2.50992,0.434392,-6.57758,-1.21004
622,2.48284,0.0213858,-6.65765,-0.465489
622.1,2.41869,-0.396942,-6.59192,-0.583019
622.2,2.32102,-0.809516,-6.38046,0.1935
622.3,2.19413,-1.20507,-6.02725,-2.76344
622.4,2.04293,-1.57249,-5.54019,-1.27548
622.5,1.87296,-1.90108,-4.93104,-0.017703
622.6,1.69018,-2.18097,-4.21513,-2.60237
622.7,1.50087,-2.40335,-3.41108,-0.308857
622.8,1.3115,-2.56079,-2.54037,0.125706
622.9,1.12856,-2.64747,-1.62679,0.160747
623,0.957295,-2.65944,-0.695862,-0.483376
623.1,0.780919,-2.59574,0.225969,-0.28942
623.2,0.596482,-2.4595,1.11268,-0.460439
623.3,0.41051,-2.25595,1.93976,0.194265
623.4,0.229577,-1.99201,2.6848,-0.339808
623.5,0.0601404,-1.67608,3.3281,0.125867
623.6,-0.0916067,-1.31772,3.8531,-2.81311
623.7,-0.219876,-0.927384,4.24677,-0.113764
623.8,-0.319401,-0.516078,4.49983,-0.545843
623.9,-0.385534,-0.0950558,4.60689,-0.354086
624,-0.414322,0.324521,4.56653,-0.0912228
624.1,-0.402549,0.731901,4.38115,-0.910279
624.2,-0.347759,1.11704,4.0568,-2.4154
624.3,-0.248245,1.47088,3.60288,-0.3233
624.4,-0.103013,1.78558,3.03176,0.0791577
624.5,0.0882852,2.05475,2.35829,0.228651
624.6,0.325443,2.27358,1.59931,-0.126604
624.7,0.607813,2.43897,0.77303,-0.542444
624.8,0.934447,2.54961,-0.10157,-0.900607
624.9,1.2805,2.60536,-1.00532,-1.7223
625,1.59728,2.60332,-1.91858,-1.12268
625.1,1.88079,2.54037,-2.82053,0.293593
625.2,2.12832,2.41527,-3.68958,0.34841
625.3,2.3374,2.22866,-4.50403,-1.66099
625.4,2.50596,1.98312,-5.24275,-0.976787
625.5,2.63242,1.68309,-5.88585,-0.812488
625.6,2.71591,1.33479,-6.41528,-0.439953
625.7,2.75629,0.946085,-6.81548,-2.93169
625.8,2.75425,0.526266,-7.0739,-0.531507
625.9,2.71137,0.0858249,-7.18146,-0.977316
626,2.63011,-0.363824,-7.1329,-0.572217
626.1,2.51384,-0.810655,-6.92711,-0.051143
626.2,2.36674,-1.24236,-6.56721,-0.170429
626.3,2.19379,-1.64672,-6.06065,-0.591635
626.4,2.00062,-2.0119,-5.41908,-0.793543
626.5,1.79343,-2.32689,-4.65817,-0.488635
626.6,1.57881,-2.58176,-3.79727,-2.72381
626.7,1.36362,-2.76802,-2.85895,-0.838799
626.8,1.15479,-2.87888,-1.86846,-1.86985
626.9,0.958234,-2.90949,-0.853106,-0.283477
627,0.754957,-2.85828,0.158614,-0.36871
627.1,0.539802,-2.72824,1.13849,-1.41672
627.2,0.31955,-2.52475,2.0598,-2.03642
627.3,0.101028,-2.25508,2.89808,-0.625383
627.4,-0.109068,-1.92814,3.63167,-0.637233
627.5,-0.30435,-1.55417,4.24229,-0.243191
627.6,-0.478887,-1.14445,4.71542,0.0489897
627.7,-0.627353,-0.710928,5.04062,0.186592
627.8,-0.745137,-0.265909,5.21173,-0.828614
627.9,-0.828438,0.178336,5.22685,-2.08821
628,-0.874333,0.609897,5.08837,-0.160448
628.1,-0.880808,1.01755,4.80272,-0.455943
628.2,-0.846773,1.39106,4.38008,-1.00209
628.3,-0.772032,1.72145,3.83401,0.145363
628.4,-0.657242,2.00122,3.18097,-2.40722
628.5,-0.503832,2.22454,2.43975,-0.994656
628.6,-0.313901,2.38737,1.63086,-2.94105
628.7,-0.0900996,2.48753,0.77591,-3.99514
628.8,0.164513,2.52476,-0.103062,-0.995105
628.9,0.446625,2.50066,-0.984259,0.377461
629,0.752841,2.41866,-1.84676,-0.0357796
629.1,1.07797,2.28383,-2.67115,0.192086
629.2,1.37456,2.10077,-3.43983,0.0999164
629.3,1.62327,1.87159,-4.1363,-0.182186
629.4,1.82438,1.59951,-4.74493,0.141792
629.5,1.97858,1.28932,-5.25151,0.00782967
629.6,2.08699,0.947209,-5.64373,0.053934
629.7,2.15128,0.580642,-5.9117,0.302472
629.8,2.17373,0.198113,-6.04831,-1.14223
629.9,2.15723,-0.191059,-6.0496,-0.27285
630,2.10535,-0.577005,-5.91494,-0.377551
630.1,2.02225,-0.94958,-5.64725,-0.287127
630.2,1.91266,-1.29867,-5.25298,-0.412368
630.3,1.78181,-1.61446,-4.74207,0.382966
630.4,1.63534,-1.88779,-4.12781,0.0121868
630.5,1.47919,-2.11038,-3.42654,-1.14814
630.6,1.31947,-2.27511,-2.65731,0.204624
630.7,1.16231,-2.3763,-1.84139,0.0805351
630.8,1.01372,-2.40985,-1.00179,-1.17829
630.9,0.868,-2.3738,-0.162631,0.174106
631,0.714429,-2.26986,0.651938,-0.138139
631.1,0.558978,-2.10218,1.41883,0.263358
631.2,0.40787,-1.87646,2.11669,0.0793282
631.3,0.267309,-1.59985,2.72641,-0.54934
631.4,0.143335,-1.28065,3.23161,-1.23683
631.5,0.0417046,-0.928052,3.61897,0.149251
631.6,-0.0322235,-0.551859,3.87849,-1.363
631.7,-0.0735763,-0.162192,4.0037,-1.97304
631.8,-0.0780357,0.230817,3.99164,-1.71891
631.9,-0.041883,0.617322,3.84289,-0.362391
632,0.037983,0.988046,3.56136,-0.481548
632.1,0.164055,1.33454,3.15409,0.0287857
632.2,0.338251,1.64941,2.63088,-0.101858
632.3,0.561979,1.92655,2.00391,-0.626001
632.4,0.836226,2.16128,1.28724,0.087564
632.5,1.15417,2.35036,0.496332,-0.00692757
632.6,1.46546,2.4891,-0.352141,-0.617823
632.7,1.75764,2.57109,-1.23941,-3.49018
632.8,2.02686,2.59138,-2.1447,0.08258
632.9,2.26927,2.54677,-3.0458,-1.02777
633,2.48117,2.43596,-3.9197,-0.960901
633.1,2.65917,2.25961,-4.74331,0.3084
633.2,2.80038,2.02033,-5.49408,-0.0324134
633.3,2.90252,1.7227,-6.15073,-1.13025
633.4,2.96404,1.37312,-6.69391,-0.162737
633.5,2.98425,0.979698,-7.1068,0.24293
633.6,2.96336,0.552045,-7.3757,0.0849294
633.7,2.90254,0.10104,-7.4905,0.0307461
633.8,2.80394,-0.361462,-7.44508,-0.864482
633.9,2.67065,-0.822939,-7.23759,-0.0371772
634,2.5067,-1.27055,-6.87064,-1.55817
634.1,2.31695,-1.6915,-6.35132,-1.7898
634.2,2.10699,-2.0734,-5.69115,-0.72962
634.3,1.88303,-2.40463,-4.90585,-0.278193
634.4,1.65174,-2.67469,-4.01505,-1.66224
634.5,1.4201,-2.87455,-3.04177,-0.308492
634.6,1.19517,-2.99691,-2.01191,-2.0149
634.7,0.983857,-3.03649,-0.953598,-0.639131
634.8,0.76959,-2.99104,0.103679,-0.582744
634.9,0.541863,-2.8633,1.13052,0.106798
635,0.30765,-2.65873,2.09902,0.35604
635.1,0.073982,-2.38475,2.98352,-4.97271
635.2,-0.152245,-2.05054,3.76131,-2.00092
635.3,-0.36445,-1.66667,4.4131,-1.44378
635.4,-0.556533,-1.24485,4.92355,0.200473
635.5,-0.723022,-0.797504,5.28152,-0.0858235
635.6,-0.859203,-0.337451,5.48032,-0.0741971
635.7,-0.961217,0.122475,5.51775,-1.82982
635.8,-1.02484,0.569806,5.39606,-0.210013
635.9,-1.0427,0.993184,5.12169,-2.87759
636,-1.02016,1.3822,4.70484,0.0851878
636.1,-0.962841,1.72696,4.15932,0.0846463
636.2,-0.866881,2.01907,3.50212,-0.469494
636.3,-0.73311,2.2522,2.75285,-0.602742
636.4,-0.564003,2.42185,1.933,0.0695493
636.5,-0.362669,2.52547,1.06527,-0.209501
636.6,-0.13271,2.5625,0.172944,-1.76146
636.7,0.121936,2.5343,-0.72086,-2.64466
636.8,0.397154,2.4441,-1.59382,0.336011
636.9,0.688833,2.2969,-2.42507,0.384333
637,0.993036,2.09929,-3.19577,-0.478395
637.1,1.27729,1.85827,-3.88954,-2.77673
637.2,1.50964,1.57815,-4.49199,-0.950856
637.3,1.69152,1.2636,-4.99022,0.198882
637.4,1.82473,0.920636,-5.37319,-3.50985
637.5,1.91154,0.556494,-5.63219,-0.163667
637.6,1.95474,0.179388,-5.76122,-1.03239
637.7,1.95768,-0.201709,-5.75729,0.379959
637.8,1.92426,-0.57732,-5.62066,0.174612
637.9,1.85894,-0.937747,-5.35494,-0.272476
638,1.76665,-1.27335,-4.96714,-0.550081
638.1,1.65279,-1.57483,-4.46758,0.3023
638.2,1.52308,-1.83355,-3.86975,-0.104952
638.3,1.38348,-2.04176,-3.18999,-4.0984
638.4,1.24006,-2.19288,-2.44718,0.196163
638.5,1.09889,-2.28171,-1.66225,-2.58473
638.6,0.964955,-2.30463,-0.85768,-1.69856
638.7,0.825756,-2.26061,-0.0568316,0.150283
638.8,0.679918,-2.15196,0.717202,-0.152002
638.9,0.53334,-1.98284,1.44248,0.13413
639,0.392021,-1.75892,2.09879,-0.530537
639.1,0.261928,-1.48721,2.66815,-0.599199
639.2,0.148859,-1.17576,3.1352,-0.634855
639.3,0.0583293,-0.833468,3.48758,-1.29889
639.4,-0.00453224,-0.469782,3.71613,-0.119879
639.5,-0.0350654,-0.0943951,3.81506,0.161724
639.6,-0.0291409,0.283028,3.78197,-1.67333
639.7,0.0168019,0.653132,3.6178,-1.59558
639.8,0.105742,1.00715,3.32666,0.0922884
639.9,0.240091,1.33713,2.9156,-0.527675
640,0.421731,1.63618,2.39428,0.0469814
640.1,0.652078,1.89867,1.77455,-0.886071
640.2,0.932177,2.12034,1.06998,-0.475371
640.3,1.24317,2.29794,0.295431,-1.07959
640.4,1.54048,2.42577,-0.532768,-1.22564
640.5,1.81899,2.49769,-1.39608,-1.75604
640.6,2.07495,2.50911,-2.27408,-0.344798
640.7,2.30459,2.45721,-3.14506,-1.52174
640.8,2.50433,2.341,-3.98662,-3.12334
640.9,2.67091,2.16138,-4.77636,-1.10432
641,2.80159,1.92117,-5.49251,-0.160739
641.1,2.89423,1.62506,-6.11465,0.363313
641.2,2.94743,1.27952,-6.62428,-0.93082
641.3,2.96061,0.89264,-7.00548,-0.416824
641.4,2.93409,0.473936,-7.24541,-0.889144
641.5,2.86915,0.0341179,-7.33477,-0.554251
641.6,2.76798,-0.415194,-7.26818,-2.54619
641.7,2.63371,-0.861784,-7.04445,-0.863142
641.8,2.47036,-1.29317,-6.66671,-0.252334
641.9,2.28273,-1.69698,-6.14245,-0.0196748
642,2.07636,-2.06125,-5.48344,0.358587
642.1,1.85733,-2.37485,-4.70549,0.10861
642.2,1.63215,-2.62777,-3.82813,-0.417412
642.3,1.40763,-2.81146,-2.87414,-0.652778
642.4,1.19062,-2.91911,-1.86899,0.197853
642.5,0.98783,-2.94587,-0.840208,0.0722223
642.6,0.78408,-2.88983,0.183432,-3.00434
642.7,0.568967,-2.75387,1.17334,-1.63699
642.8,0.349433,-2.54354,2.10246,-0.586551
642.9,0.132464,-2.26626,2.946,-0.33874
643,-0.0750826,-1.93112,3.68209,-1.44288
643.1,-0.266661,-1.54853,4.29225,-2.64517
643.2,-0.436185,-1.12996,4.76186,-0.125688
643.3,-0.578174,-0.687519,5.08043,0.0926109
643.4,-0.687866,-0.233673,5.24179,-0.489934
643.5,-0.761307,0.219169,5.24412,0.123233
643.6,-0.795417,0.658979,5.08989,-3.4389
643.7,-0.788022,1.07445,4.78568,-0.734184
643.8,-0.737861,1.45528,4.34183,-1.39088
643.9,-0.644556,1.79248,3.77208,-1.23514
644,-0.508559,2.07856,3.09306,-2.38241
644.1,-0.33107,2.30775,2.32373,-0.447595
644.2,-0.113931,2.47609,1.48474,0.375157
644.3,0.140508,2.58156,0.597809,-4.14768
644.4,0.429535,2.62405,-0.314992,-3.66434
644.5,0.750241,2.60539,-1.23188,-0.481737
644.6,1.09697,2.52921,-2.13205,-0.113239
644.7,1.4177,2.39854,-2.99599,-0.343627
644.8,1.69285,2.21388,-3.80472,0.208084
644.9,1.92171,1.97708,-4.53962,-0.576153
645,2.10387,1.69179,-5.18301,-3.08834
645.1,2.2394,1.36329,-5.71882,-0.595484
645.2,2.32896,0.998427,-6.13307,0.187681
645.3,2.37385,0.605411,-6.41443,0.33912
645.4,2.37607,0.193596,-6.55466,-0.92872
645.5,2.3384,-0.226769,-6.54895,-1.45707
645.6,2.26433,-0.644823,-6.39619,0.164947
645.7,2.15809,-1.0494,-6.09914,-0.410018
645.8,2.02456,-1.42935,-5.66448,-0.997351
645.9,1.86922,-1.77387,-5.10273,-1.18229
646,1.69799,-2.07282,-4.42809,-0.625827
646.1,1.5172,-2.31703,-3.65815,-0.687087
646.2,1.33334,-2.49862,-2.81348,-0.178155
646.3,1.15299,-2.61122,-1.91717,-1.94521
646.4,0.982435,-2.65023,-0.994224,-2.00681
646.5,0.808262,-2.61373,-0.0708444,0.111334
646.6,0.62343,-2.50396,0.826832,-0.132103
646.7,0.434304,-2.32551,1.67391,0.193999
646.8,0.247342,-2.0847,2.44741,-1.2699
646.9,0.0689345,-1.78941,3.12684,0.18611
647,-0.0947505,-1.44878,3.6947,-0.0346273
647.1,-0.237912,-1.07293,4.13688,-0.739008
647.2,-0.355243,-0.672668,4.44291,-1.43299
647.3,-0.442034,-0.259143,4.6062,-0.295548
647.4,-0.494256,0.156466,4.62406,-0.141262
647.5,-0.508623,0.56327,4.4977,0.0218326
647.6,-0.482618,0.950979,4.23201,-0.784688
647.7,-0.414498,1.31018,3.83534,-3.08523
647.8,-0.303271,1.6326,3.31918,-0.0696125
647.9,-0.148644,1.9113,2.69763,0.199864
648,0.049056,2.14086,1.98701,-1.82761
648.1,0.288983,2.31754,1.2052,-3.35043
648.2,0.569896,2.43932,0.371138,-0.952744
648.3,0.890303,2.50597,-0.495883,0.295739
648.4,1.23222,2.51864,-1.37676,0.196417
648.5,1.54335,2.47612,-2.25249,-0.916982
648.6,1.81808,2.37642,-3.10336,0.380465
648.7,2.05439,2.21928,-3.90928,-0.788619
648.8,2.25053,2.00627,-4.65034,-0.0633186
648.9,2.40516,1.74074,-5.30753,0.194918
649,2.51747,1.42777,-5.86331,-2.86643
649.1,2.58728,1.07405,-6.30221,-0.0932598
649.2,2.61514,0.687712,-6.61134,-2.67599
649.3,2.60237,0.278112,-6.78089,-0.37641
649.4,2.55114,-0.144406,-6.80451,-0.171304
649.5,2.46439,-0.568791,-6.67958,-0.478428
649.6,2.34588,-0.983594,-6.40747,-0.0246573
649.7,2.20011,-1.37729,-5.99353,0.050558
649.8,2.03222,-1.7386,-5.44715,-1.4671
649.9,1.84793,-2.05684,-4.78154,-0.270624
650,1.65337,-2.32225,-4.01353,-1.12258
650.1,1.45498,-2.52625,-3.16314,0.347274
650.2,1.25932,-2.6618,-2.25315,-3.36582
650.3,1.07291,-2.72355,-1.3085,-0.551016
650.4,0.896155,-2.70824,-0.355666,-0.118548
650.5,0.709666,-2.61647,0.578338,-0.753043
650.6,0.517002,-2.45234,1.46741,0.186712
650.7,0.324828,-2.22188,2.28723,-0.924531
650.8,0.139788,-1.93274,3.01588,-0.402109
650.9,-0.0316527,-1.59397,3.63435,0.11644
651,-0.183362,-1.21573,4.12705,-1.15835
651.1,-0.309673,-0.808978,4.48204,-2.34467
651.2,-0.405504,-0.385105,4.69133,0.144668
651.3,-0.466445,0.0443576,4.75096,-0.983488
651.4,-0.488827,0.468091,4.66095,0.182407
651.5,-0.469762,0.875304,4.42523,-2.82435
651.6,-0.407151,1.25603,4.05133,-2.37786
651.7,-0.29967,1.60139,3.55014,-1.9082
651.8,-0.146722,1.90385,2.93537,-0.77091
651.9,0.0516371,2.15738,2.22316,-0.0964532
652,0.294798,2.35765,1.43143,0.323832
652.1,0.581722,2.50208,0.579324,-0.706
652.2,0.911085,2.58992,-0.313419,-0.125125
652.3,1.26112,2.62177,-1.22711,0.382895
652.4,1.58013,2.59559,-2.14188,-0.0486904
652.5,1.86338,2.50888,-3.03695,-0.437745
652.6,2.10846,2.36098,-3.89095,-2.84275
652.7,2.31323,2.15312,-4.68263,-0.742829
652.8,2.47595,1.88846,-5.3915,0.0367682
652.9,2.59544,1.57197,-5.9985,-0.235245
653,2.67121,1.21035,-6.48661,-0.842428
653.1,2.70349,0.81188,-6.84144,-1.33136
653.2,2.69339,0.386169,-7.05174,-0.0168739
653.3,2.64285,-0.0560613,-7.10983,0.150468
653.4,2.55469,-0.503277,-7.01192,-0.277467
653.5,2.43262,-0.943444,-6.75836,-2.80445
653.6,2.28111,-1.36437,-6.35375,-0.136723
653.7,2.10537,-1.75404,-5.80695,-0.525089
653.8,1.91126,-2.10098,-5.13091,-4.41216
653.9,1.70511,-2.39462,-4.34248,-1.1247
654,1.49359,-2.62557,-3.462,0.175673
654.1,1.28358,-2.78596,-2.51283,-0.546242
654.2,1.08196,-2.8697,-1.52078,-0.546662
654.3,0.889268,-2.87283,-0.513455,0.091207
654.4,0.683964,-2.79547,0.480798,-0.350151
654.5,0.469206,-2.64155,1.43443,-1.53216
654.6,0.251761,-2.41704,2.32164,0.10326
654.7,0.038381,-2.12973,3.11903,-1.17759
654.8,-0.164368,-1.78889,3.8062,0.0653201
654.9,-0.350273,-1.40504,4.36623,-3.07669
655,-0.513625,-0.989621,4.78604,-0.392045
655.1,-0.649347,-0.554614,5.05668,-1.53267
655.2,-0.753105,-0.112224,5.17341,-0.031377
655.3,-0.821386,0.325481,5.13578,0.18931
655.4,-0.851559,0.7469,4.94748,0.226552
655.5,-0.841894,1.14122,4.61612,0.323859
655.6,-0.791566,1.4987,4.15292,-0.48984
655.7,-0.700622,1.81093,3.57231,-2.13706
655.8,-0.569918,2.07102,2.89136,-2.0846
655.9,-0.401041,2.27379,2.12929,-0.45748
656,-0.196195,2.41585,1.3068,0.104092
656.1,0.0419245,2.49572,0.445457,0.300479
656.2,0.310279,2.51377,-0.432984,-0.955229
656.3,0.605646,2.47222,-1.30722,-0.716433
656.4,0.92479,2.37506,-2.15704,-1.06553
656.5,1.24481,2.22738,-2.96389,0.255561
656.6,1.51955,2.0317,-3.71061,0.0559671
656.7,1.74728,1.79016,-4.38072,-0.726172
656.8,1.92828,1.50652,-4.9588,-0.830346
656.9,2.06323,1.18605,-5.43098,0.384364
657,2.15333,0.835399,-5.78551,-0.811759
657.1,2.20034,0.462411,-6.01315,-2.83089
657.2,2.20665,0.0759214,-6.10762,-1.13012
657.3,2.17532,-0.314493,-6.06584,-0.183795
657.4,2.11003,-0.698783,-5.88819,-0.307525
657.5,2.01509,-1.06671,-5.5786,-0.570455
657.6,1.89538,-1.40816,-5.14458,0.362831
657.7,1.75624,-1.71342,-4.59711,0.0817423
657.8,1.60341,-1.97348,-3.95047,-3.30748
657.9,1.44289,-2.18035,-3.22189,-2.41706
658,1.28081,-2.32726,-2.43122,0.382053
658.1,1.1233,-2.40894,-1.60042,-1.10955
658.2,0.975909,-2.42178,-0.753001,0.130931
658.3,0.82619,-2.36475,0.0866551,-0.372664
658.4,0.670232,-2.24048,0.894473,-0.373432
658.5,0.514226,-2.05363,1.64769,-1.98298
658.6,0.364438,-1.81041,2.32544,-0.470304
658.7,0.227073,-1.51838,2.90928,-1.93946
658.8,0.108131,-1.18618,3.38361,-0.215804
658.9,0.0132907,-0.823294,3.73602,-0.796238
659,-0.0522001,-0.439709,3.9575,0.13713
659.1,-0.0836052,-0.045647,4.0426,-0.179471
659.2,-0.0767642,0.348751,3.98942,-0.741867
659.3,-0.028129,0.733718,3.79957,-0.747198
659.4,0.0652256,1.10014,3.47798,0.0926386
659.5,0.205619,1.4398,3.0326,-1.45802
659.6,0.394807,1.74563,2.47407,-3.29045
659.7,0.634056,2.0119,1.81528,-0.39388
659.8,0.924234,2.23434,1.07086,-0.918804
659.9,1.24647,2.40982,0.256702,-1.0637
660,1.55389,2.53269,-0.609868,-0.0294733
660.1,1.84095,2.59685,-1.50932,-0.138214
660.2,2.10377,2.59782,-2.42028,-0.718782
660.3,2.3385,2.53298,-3.32011,0.196306
660.4,2.5415,2.40159,-4.18559,-1.10669
660.5,2.70951,2.20491,-4.9936,0.262374
660.6,2.83977,1.94617,-5.72178,-1.43696
660.7,2.93022,1.63054,-6.34927,-1.92727
660.8,2.97954,1.26497,-6.85733,-0.526658
660.9,2.98731,0.858113,-7.22993,0.113772
661,2.95403,0.420024,-7.45436,-0.805287
661.1,2.88117,-0.0380302,-7.52162,0.0589998
661.2,2.77117,-0.503898,-7.42682,0.0306246
661.3,2.62744,-0.964863,-7.16946,-0.307222
661.4,2.45428,-1.40799,-6.7535,-2.32152
661.5,2.25682,-1.82051,-6.18744,-1.60125
661.6,2.04087,-2.19015,-5.48415,-0.925523
661.7,1.81283,-2.50556,-4.66066,0.0769094
661.8,1.57951,-2.75658,-3.73778,-1.22308
661.9,1.34798,-2.93464,-2.73958,0.373014
662,1.12535,-3.03298,-1.69284,-0.206667
662.1,0.915234,-3.04699,-0.62634,-0.795114
662.2,0.693974,-2.97601,0.430122,-0.923183
662.3,0.461149,-2.82387,1.44739,0.316311
662.4,0.223783,-2.59668,2.39807,-0.0767544
662.5,-0.0111106,-2.30247,3.25724,0.368051
662.6,-0.23671,-1.95092,4.0031,0.072037
662.7,-0.446566,-1.55305,4.61747,-2.47053
662.8,-0.634766,-1.12088,5.08623,-2.95894
662.9,-0.796075,-0.667048,5.39956,-1.20001
663,-0.926055,-0.204497,5.55215,0.384379
663.1,-1.0206,0.253949,5.54319,-0.72741
663.2,-1.06807,0.69637,5.37626,-2.55353
663.3,-1.07012,1.11208,5.05885,-0.344732
663.4,-1.03413,1.49074,4.60213,-1.09254
663.5,-0.966328,1.82256,4.0208,-0.225025
663.6,-0.861454,2.09934,3.33277,-1.22633
663.7,-0.71955,2.31517,2.55838,-1.4531
663.8,-0.543351,2.4661,1.71973,-1.22478
663.9,-0.3362,2.55011,0.839926,-0.135456
664,-0.101898,2.56716,-0.0575321,-0.62809
664.1,0.155451,2.51918,-0.949493,-3.47068
664.2,0.43161,2.40991,-1.8138,-1.39439
664.3,0.72238,2.24483,-2.62991,-0.600896
664.4,1.02359,2.03097,-3.37949,-1.41046
664.5,1.29773,1.77542,-4.04675,-0.667762
664.6,1.51963,1.48263,-4.61793,0.187678
664.7,1.69095,1.15769,-5.08084,-0.175861
664.8,1.81374,0.806988,-5.42531,-0.714885
664.9,1.89052,0.43805,-5.6436,-0.965834
665,1.92435,0.0593129,-5.73079,-0.649009
665.1,1.91881,-0.320117,-5.68504,-1.59519
665.2,1.87803,-0.69072,-5.50774,0.123243
665.3,1.80669,-1.04285,-5.20369,-0.387212
665.4,1.70991,-1.36701,-4.78101,-2.13735
665.5,1.59321,-1.65416,-4.2511,-0.299743
665.6,1.46242,-1.89596,-3.6284,-2.01262
665.7,1.32356,-2.0851,-2.93008,-0.298189
665.8,1.18271,-2.21546,-2.17569,-0.766759
665.9,1.0459,-2.2824,-1.38666,0.145356
666,0.913492,-2.28301,-0.58576,0.182919
666.1,0.772274,-2.21757,0.203732,-0.632448
666.2,0.62638,-2.0891,0.959177,-1.74508
666.3,0.481718,-1.90226,1.65929,-2.08957
666.4,0.344255,-1.66315,2.28466,-0.355089
666.5,0.219874,-1.3791,2.81825,0.118418
666.6,0.114256,-1.05844,3.24575,-0.318658
666.7,0.0327613,-0.710212,3.55594,0.14008
666.8,-0.0196621,-0.343914,3.74079,-0.352899
666.9,-0.0385554,0.0307967,3.7957,-0.947709
667,-0.0200028,0.404385,3.71937,0.191111
667.1,0.0393388,0.76772,3.51382,-3.55713
667.2,0.142236,1.11233,3.18415,-0.507818
667.3,0.2909,1.43065,2.73827,-0.647625
667.4,0.487035,1.71622,2.18653,-0.524548
667.5,0.73191,1.96387,1.54134,0.314869
667.6,1.02624,2.16987,0.816684,0.285167
667.7,1.33355,2.33067,0.027684,-0.406315
667.8,1.62449,2.43999,-0.808773,-1.93698
667.9,1.89542,2.4922,-1.67364,-0.157429
668,2.1426,2.4833,-2.54618,0.379197
668.1,2.36236,2.41104,-3.40455,-0.964839
668.2,2.55124,2.27504,-4.22646,-0.621692
668.3,2.70617,2.07682,-4.98981,0.200115
668.4,2.82462,1.81976,-5.67336,0.231642
668.5,2.90469,1.50911,-6.25738,-0.142359
668.6,2.94526,1.15181,-6.72429,-1.56503
668.7,2.94606,0.75638,-7.0592,-1.6116
668.8,2.90769,0.33267,-7.25045,-0.0932706
668.9,2.83173,-0.108366,-7.29004,-4.01372
669,2.72066,-0.55497,-7.17394,0.192233
669.1,2.57788,-0.994893,-6.90234,-0.761907
669.2,2.40765,-1.41574,-6.47974,-1.60771
669.3,2.215,-1.80532,-5.91497,-1.05382
669.4,2.00558,-2.15198,-5.22103,-0.0331642
669.5,1.78562,-2.44501,-4.41485,0.28403
669.6,1.56169,-2.6749,-3.5169,-0.278582
669.7,1.34058,-2.83368,-2.55072,-0.226405
669.8,1.1291,-2.9152,-1.54234,0.380371
669.9,0.931538,-2.91533,-0.519589,-0.818765
670,0.726421,-2.83363,0.488825,-3.14899
670.1,0.512399,-2.674,1.45485,-0.473759
670.2,0.296433,-2.44254,2.35224,-0.0833403
670.3,0.085477,-2.14718,3.15717,0.0854156
670.4,-0.113699,-1.79739,3.84891,-1.6773
670.5,-0.294676,-1.40388,4.41024,-1.23709
670.6,-0.451535,-0.97827,4.82788,-1.06142
670.7,-0.578992,-0.532732,5.0927,-3.05251
670.8,-0.672496,-0.0796535,5.19991,0.305084
670.9,-0.728321,0.368733,5.14901,-1.86113
671,-0.743611,0.800686,4.94372,-1.09356
671.1,-0.716402,1.20528,4.59173,0.0740724
671.2,-0.645623,1.57269,4.10437,-0.319293
671.3,-0.531052,1.89446,3.49618,-1.52061
671.4,-0.373253,2.1637,2.78438,-2.72081
671.5,-0.173487,2.37527,1.98832,-0.710917
671.6,0.066408,2.52589,1.12881,-0.455871
671.7,0.344155,2.61418,0.227479,-4.21184
671.8,0.657191,2.64072,-0.693905,0.200472
671.9,1.00284,2.60797,-1.6141,-1.19858
672,1.34206,2.51896,-2.51295,0.301577
672.1,1.6378,2.37371,-3.37081,-0.789905
672.2,1.88887,2.17289,-4.16805,-0.127612
672.3,2.09435,1.91901,-4.88563,0.155173
672.4,2.25371,1.61635,-5.50566,0.25848
672.5,2.36698,1.27087,-6.01207,-0.291681
672.6,2.43483,0.890064,-6.39114,-1.97028
672.7,2.45862,0.482748,-6.63202,-0.0993874
672.8,2.4405,0.0588481,-6.72713,-0.143314
672.9,2.38339,-0.370884,-6.67253,-0.026644
673,2.291,-0.795159,-6.46815,-0.242903
673.1,2.16776,-1.20248,-6.1179,0.0836757
673.2,2.01876,-1.58145,-5.62972,0.190253
673.3,1.84969,-1.92113,-5.01547,0.197187
673.4,1.66671,-2.21138,-4.2907,0.317349
673.5,1.47628,-2.44312,-3.47434,0.0465042
673.6,1.28506,-2.60869,-2.58824,-0.917841
673.7,1.09974,-2.70204,-1.65669,-0.168598
673.8,0.92359,-2.71906,-0.705731,-0.25407
673.9,0.737193,-2.65915,0.237665,-1.34771
674,0.541342,-2.52554,1.14707,-0.686548
674.1,0.342536,-2.32353,1.99756,0.0589512
674.2,0.147311,-2.06013,2.76637,-0.105967
674.3,-0.0379303,-1.74385,3.43347,-3.1142
674.4,-0.20707,-1.38444,3.98203,0.368055
674.5,-0.354422,-0.992533,4.39879,0.207462
674.6,-0.474854,-0.579379,4.67433,-3.05998
674.7,-0.563896,-0.156484,4.80322,-0.965247
674.8,-0.617816,0.264717,4.78406,0.188128
674.9,-0.633672,0.673181,4.6194,-0.77619
675,-0.609344,1.05856,4.31553,-0.620867
675.1,-0.543528,1.41148,3.8822,-1.70622
675.2,-0.435707,1.72381,3.33224,-0.282983
675.3,-0.286093,1.98881,2.68107,0.12966
675.4,-0.0955485,2.20137,1.9462,-1.32267
675.5,0.134526,2.3581,1.14663,-0.758205
675.6,0.402317,2.45737,0.302238,0.128063
675.7,0.705741,2.49937,-0.566843,-0.173628
675.8,1.0421,2.4861,-1.44087,0.270283
675.9,1.36704,2.4196,-2.30093,-0.289811
676,1.65213,2.29908,-3.12828,-3.7966
676.1,1.89601,2.12471,-3.90399,-0.0868979
676.2,2.09755,1.89841,-4.60951,-0.578546
676.3,2.25601,1.62381,-5.22724,-0.390904
676.4,2.37112,1.30618,-5.74115,0.189805
676.5,2.44324,0.952301,-6.13733,0.150735
676.6,2.47339,0.570271,-6.40448,-2.09376
676.7,2.46333,0.169323,-6.53431,-0.725643
676.8,2.41556,-0.240441,-6.52197,-2.16943
676.9,2.33334,-0.648324,-6.36622,-0.227388
677,2.22067,-1.04333,-6.06965,-0.390846
677.1,2.0822,-1.4145,-5.63867,-0.660545
677.2,1.92317,-1.75117,-5.08353,0.0443052
677.3,1.74931,-2.04338,-4.41804,0.284437
677.4,1.5667,-2.2821,-3.6594,-0.58428
677.5,1.38167,-2.45957,-2.82772,-0.569758
677.6,1.20058,-2.5695,-1.94559,-0.142603
677.7,1.02972,-2.60736,-1.03749,0.380936
677.8,0.864438,-2.57079,-0.129145,-1.0646
677.9,0.690011,-2.46148,0.753569,0.193089
678,0.512314,-2.28387,1.58591,-1.5664
678.1,0.33788,-2.04417,2.34503,-0.0357406
678.2,0.173196,-1.75009,3.01048,-0.00546669
678.3,0.0245514,-1.4106,3.56479,-2.75553
678.4,-0.102099,-1.03567,3.99377,0.008996
678.5,-0.201256,-0.635888,4.28685,-0.0967392
678.6,-0.267983,-0.222226,4.43727,0.0603185
678.7,-0.297976,0.194337,4.44207,-1.11533
678.8,-0.287625,0.603111,4.30214,-1.32781
678.9,-0.234034,0.994004,4.02199,-1.6546
679,-0.135021,1.3578,3.60951,-1.03713
679.1,0.0109125,1.68642,3.07564,0.10788
679.2,0.204639,1.97311,2.43391,-0.381196
679.3,0.446493,2.21266,1.69997,-0.257721
679.4,0.736379,2.4015,0.890974,-4.86376
679.5,1.07239,2.53781,0.0250524,-2.38149
679.6,1.40657,2.6195,-0.879139,-0.195948
679.7,1.71389,2.64178,-1.80166,-0.251103
679.8,1.99105,2.60104,-2.72103,0.137475
679.9,2.23484,2.49553,-3.61482,-0.561777
680,2.44225,2.32544,-4.46036,0.133767
680.1,2.61069,2.09296,-5.23535,-1.35354
680.2,2.73813,1.8022,-5.91862,-2.03571
680.3,2.82318,1.45915,-6.49078,0.154518
680.4,2.86527,1.07152,-6.93482,-0.0448923
680.5,2.86467,0.64856,-7.23672,0.200368
680.6,2.8226,0.200824,-7.38592,0.0288627
680.7,2.74119,-0.260099,-7.37576,-0.226688
680.8,2.62352,-0.721899,-7.20375,0.0679473
680.9,2.47358,-1.17188,-6.8718,0.17964
681,2.29616,-1.59734,-6.38629,-4.91105
681.1,2.09684,-1.98588,-5.75798,0.199242
681.2,1.88177,-2.32583,-5.00185,-2.65893
681.3,1.6576,-2.60656,-4.13681,-0.414711
681.4,1.43129,-2.81885,-3.18525,-0.575322
681.5,1.20994,-2.95515,-2.17249,-0.929556
681.6,1.00059,-3.00984,-1.12617,-1.34599
681.7,0.790079,-2.98015,-0.0754737,-0.127255
681.8,0.564832,-2.86824,0.950332,-0.602171
681.9,0.331709,-2.67915,1.92328,0.0463988
682,0.0976534,-2.4199,2.81754,0.357075
682.1,-0.130497,-2.09931,3.61005,-0.121407
682.2,-0.346187,-1.72763,4.28109,-0.585701
682.3,-0.543317,-1.31629,4.81476,-1.22835
682.4,-0.716391,-0.877513,5.19929,-2.67317
682.5,-0.860644,-0.423969,5.4273,0.177811
682.6,-0.972154,0.0315898,5.49584,-0.719716
682.7,-1.04451,0.47677,5.4064,0.19909
682.8,-1.06936,0.900489,5.1646,-0.274167
682.9,-1.05298,1.29242,4.77977,-0.402059
683,-1.0028,1.64263,4.26478,-1.38723
683.1,-0.919529,1.9421,3.63586,0.200273
683.2,-0.798948,2.18398,2.91203,-0.212223
683.3,-0.643441,2.36342,2.11436,-0.670474
683.4,-0.456069,2.47751,1.26527,0.167235
683.5,-0.240423,2.52526,0.387855,0.174955
683.6,-0.000472903,2.50763,-0.494777,-2.1909
683.7,0.259592,2.42746,-1.36018,0.0871798
683.8,0.535532,2.28932,-2.18723,-0.184783
683.9,0.823228,2.09943,-2.95667,0.189285
684,1.11417,1.86532,-3.65167,-1.38124
684.1,1.36311,1.59334,-4.25798,0.199876
684.2,1.56082,1.28801,-4.76312,0.350104
684.3,1.70926,0.954973,-5.15636,-2.26607
684.4,1.81082,0.601049,-5.42916,-0.713673
684.5,1.86834,0.234054,-5.57556,0.158096
684.6,1.88517,-0.137432,-5.59247,-1.04771
684.7,1.8652,-0.504313,-5.4799,-2.17614
684.8,1.81282,-0.857241,-5.24108,-0.229386
684.9,1.73288,-1.18689,-4.88254,-1.13392
685,1.63068,-1.48425,-4.41403,0.173327
685.1,1.51181,-1.74087,-3.84833,-2.70567
685.2,1.38212,-1.94919,-3.20106,-0.845349
685.3,1.24754,-2.1027,-2.49029,0.121376
685.4,1.11403,-2.19626,-1.73617,-1.64249
685.5,0.987248,-2.22618,-0.960345,0.146077
685.6,0.8582,-2.19102,-0.185451,-1.15432
685.7,0.722575,-2.09263,0.565984,0.350207
685.8,0.586144,-1.93483,1.27245,-0.468134
685.9,0.454813,-1.72291,1.91405,-0.981889
686,0.334478,-1.46345,2.47294,0.377703
686.1,0.230906,-1.16414,2.93381,-0.665253
686.2,0.149621,-0.833453,3.28417,-0.817331
686.3,0.0958,-0.480462,3.51462,-0.186807
686.4,0.0741957,-0.114501,3.61898,-1.29781
686.5,0.0890763,0.255087,3.59435,-5.84299
686.6,0.144188,0.619234,3.44106,0.0986229
686.7,0.242743,0.969407,3.16252,-0.386325
686.8,0.387431,1.29786,2.76501,0.106655
686.9,0.580462,1.59783,2.25735,0.269692
687,0.823626,1.86378,1.6505,-0.562522
687.1,1.11398,2.09144,0.957168,-0.613092
687.2,1.40661,2.27553,0.191568,-1.01133
687.3,1.6865,2.40879,-0.629768,0.289161
687.4,1.94972,2.48509,-1.48793,-1.20191
687.5,2.19221,2.49992,-2.36215,0.12309
687.6,2.40994,2.45048,-3.23037,-1.01493
687.7,2.5991,2.33584,-4.06988,-1.8265
687.8,2.75622,2.15697,-4.85796,-2.48553
687.9,2.87837,1.91677,-5.57259,-0.452689
688,2.96325,1.62002,-6.19309,-0.860201
688.1,3.00935,1.27327,-6.70077,-0.597717
688.2,3.01596,0.884722,-7.0795,0.111181
688.3,2.98333,0.463991,-7.31631,0.199389
688.4,2.91265,0.0219044,-7.4018,-0.311523
688.5,2.80606,-0.429807,-7.33052,-0.932442
688.6,2.66666,-0.878811,-7.10125,-2.07947
688.7,2.49844,-1.31252,-6.71714,-0.507328
688.8,2.3062,-1.71844,-6.18573,0.0203476
688.9,2.09546,-2.08452,-5.51888,-0.417269
689,1.87232,-2.39955,-4.73253,-0.520511
689.1,1.64332,-2.65343,-3.84634,-3.21365
689.2,1.41526,-2.83756,-2.88327,0.196574
689.3,1.19505,-2.94506,-1.86899,-0.798062
689.4,0.989416,-2.97107,-0.831243,-0.758114
689.5,0.783248,-2.91366,0.200996,0.0545175
689.6,0.565638,-2.77575,1.19892,-0.796285
689.7,0.343575,-2.56295,2.13528,-0.0623267
689.8,0.124096,-2.28278,2.98512,-3.10705
689.9,-0.085904,-1.94441,3.72643,0.351919
690,-0.279842,-1.55838,4.34064,-1.04152
690.1,-0.451604,-1.13624,4.81308,-0.805475
690.2,-0.595692,-0.690244,5.13323,-1.60661
690.3,-0.707332,-0.232941,5.29493,-2.32878
690.4,-0.782573,0.223146,5.29643,0.193233
690.5,-0.818347,0.665888,5.14029,0.148691
690.6,-0.812503,1.08389,4.8332,0.129228
690.7,-0.763813,1.46677,4.38567,-0.274959
690.8,-0.671945,1.80548,3.81162,-0.99988
690.9,-0.537409,2.09247,3.12788,0.177149
691,-0.361472,2.32193,2.35361,-0.883883
691.1,-0.146052,2.48989,1.50971,-1.39095
691.2,0.106411,2.59431,0.618106,-0.110871
691.3,0.39311,2.63509,-0.298879,-1.03231
691.4,0.711031,2.61408,-1.21924,0.0282552
691.5,1.05623,2.53497,-2.12195,0.309808
691.6,1.38124,2.40137,-2.98739,-1.30555
691.7,1.66,2.21408,-3.79664,-0.526795
691.8,1.89189,1.97497,-4.53119,0.372651
691.9,2.07659,1.68772,-5.1735,0.191223
692,2.21425,1.35763,-5.70759,-0.816601
692.1,2.30561,0.991576,-6.11964,-0.418247
692.2,2.35202,0.597771,-6.39845,-1.42134
692.3,2.35557,0.185575,-6.53593,-0.0301413
692.4,2.31908,-0.234765,-6.5274,-1.53887
692.5,2.24611,-0.652403,-6.37191,-0.215997
692.6,2.14092,-1.05619,-6.07234,-0.0409318
692.7,2.00843,-1.43502,-5.63549,0.12658
692.8,1.85415,-1.77811,-5.072,0.112113
692.9,1.68404,-2.07537,-4.39616,0.169445
693,1.50442,-2.31769,-3.62566,-0.367924
693.1,1.32181,-2.49724,-2.78111,0.108246
693.2,1.14279,-2.60773,-1.88565,0.218412
693.3,0.973401,-2.64462,-0.964293,0.111414
693.4,0.798973,-2.60615,-0.0432302,-0.229424
693.5,0.614051,-2.4947,0.851489,-0.941565
693.6,0.424985,-2.31489,1.69508,0.372918
693.7,0.238215,-2.07308,2.46467,0.188661
693.8,0.0601066,-1.77717,3.13991,0.10779
693.9,-0.103204,-1.43631,3.70344,-0.0792017
694,-0.245948,-1.06063,4.14127,-0.0457121
694.1,-0.362856,-0.660921,4.44308,0.150164
694.2,-0.449256,-0.248321,4.60241,-0.000886969
694.3,-0.501163,0.16602,4.6167,-0.0105825
694.4,-0.515331,0.57125,4.48726,-0.48452
694.5,-0.489284,0.957119,4.21909,-0.0238545
694.6,-0.421325,1.31426,3.82063,-0.00154291
694.7,-0.310501,1.63445,3.30342,-0.476475
694.8,-0.15656,1.9108,2.68164,0.181991
694.9,0.0401303,2.13795,1.97161,-1.62879
695,0.278686,2.31219,1.19125,0.141325
695.1,0.557829,2.43157,0.359482,-1.77489
695.2,0.876031,2.49589,-0.504417,-0.464826
695.3,1.21732,2.5064,-1.38138,-1.30339
695.4,1.52862,2.46217,-2.25251,0.00639331
695.5,1.80336,2.36125,-3.09828,-1.41309
695.6,2.03958,2.20342,-3.89874,-1.35809
695.7,2.23562,1.99025,-4.6342,-0.917099
695.8,2.39016,1.72511,-5.28584,0.384216
695.9,2.50245,1.41308,-5.8363,-0.725269
696,2.57236,1.06081,-6.2703,0.248076
696.1,2.60046,0.676404,-6.57512,-1.50795
696.2,2.58813,0.269163,-6.74111,-0.336727
696.3,2.53753,-0.15063,-6.76206,-0.153301
696.4,2.45162,-0.572,-6.63549,-0.504286
696.5,2.33418,-0.98358,-6.36281,-0.566949
696.6,2.18968,-1.37393,-5.94946,-0.532681
696.7,2.02327,-1.73189,-5.40483,-0.479729
696.8,1.84063,-2.04685,-4.74216,-0.406525
696.9,1.64787,-2.30915,-3.97819,-0.163265
697,1.45139,-2.51032,-3.13289,-0.597698
697.1,1.2577,-2.6434,-2.22891,-1.48686
697.2,1.0733,-2.70313,-1.29107,0.16014
697.3,0.898748,-2.68629,-0.345674,0.135668
697.4,0.714897,-2.59352,0.580459,0.112139
697.5,0.525226,-2.42892,1.4614,-0.654169
697.6,0.336382,-2.19848,2.27302,-1.86806
697.7,0.154996,-1.90983,2.99355,-0.417514
697.8,-0.0124802,-1.57198,3.60416,-3.24636
697.9,-0.159923,-1.19501,4.08936,-1.43663
698,-0.281668,-0.789811,4.43737,-0.161118
698.1,-0.372628,-0.367688,4.64026,-0.00711334
698.2,-0.428375,0.0599177,4.69411,0.382819
698.3,-0.445213,0.481787,4.59899,0.200318
698.4,-0.420213,0.887228,4.35878,0.200524
698.5,-0.35122,1.26638,3.981,-1.41512
698.6,-0.236838,1.61047,3.47641,-1.48099
698.7,-0.0763761,1.91205,2.85864,0.268485
698.8,0.13022,2.16521,2.14363,0.188279
698.9,0.382475,2.3657,1.34914,-0.0604
699,0.679506,2.51101,0.494086,-0.454747
699.1,1.02006,2.6005,-0.402049,-1.17362
699.2,1.36285,2.63391,-1.31975,-0.583639
699.3,1.67337,2.608,-2.23886,-0.00911179
699.4,1.94889,2.52031,-3.13813,0.156385
699.5,2.18682,2.37028,-3.99579,0.383991
699.6,2.38487,2.15929,-4.79021,-0.666307
699.7,2.54117,1.89063,-5.50056,-0.436663
699.8,2.65445,1.56943,-6.10751,-1.15406
699.9,2.7241,1.20258,-6.59383,0.218601
700,2.75035,0.798544,-6.94497,-0.528629
700.1,2.73424,0.367132,-7.14961,-1.69567
700.2,2.67773,-0.0807329,-7.20004,0.300616
700.3,2.58364,-0.533316,-7.09255,-0.199838
700.4,2.45571,-0.978389,-6.8276,-0.451687
700.5,2.29846,-1.40358,-6.40999,-1.2232
700.6,2.11718,-1.79671,-5.84884,-3.10046
700.7,1.91775,-2.14617,-5.1574,-1.01533
700.8,1.7066,-2.44125,-4.35287,-2.26713
700.9,1.49048,-2.6725,-3.45597,-0.0783542
701,1.27633,-2.832,-2.49049,-0.369672
701.1,1.07111,-2.91363,-1.48267,-0.961428
701.2,0.873805,-2.91347,-0.460513,-2.44113
701.3,0.662807,-2.83196,0.547262,-1.01107
701.4,0.442232,-2.67319,1.51284,-0.473179
701.5,0.218896,-2.44331,2.41019,-1.04156
701.6,-0.000409988,-2.1503,3.21578,-2.65053
701.7,-0.209101,-1.80363,3.90913,0.254443
701.8,-0.400963,-1.41404,4.47331,0.364121
701.9,-0.570306,-0.993153,4.89531,-0.152286
702,-0.712098,-0.553158,5.16629,-0.451279
702.1,-0.822072,-0.106442,5.28174,-0.606012
702.2,-0.89681,0.334755,5.24145,-0.43902
702.3,-0.9338,0.758682,5.04943,0.184188
702.4,-0.931463,1.1544,4.71366,-0.103382
702.5,-0.889151,1.51205,4.24579,-1.28419
702.6,-0.807113,1.82314,3.66067,0.178244
702.7,-0.686442,2.08072,2.97585,-0.361811
702.8,-0.528989,2.27958,2.21102,-2.40154
702.9,-0.337254,2.41631,1.3874,-0.0308654
703,-0.114258,2.48942,0.527033,0.186592
703.1,0.136598,2.49931,-0.347817,-0.0786924
703.2,0.411698,2.44823,-1.21537,-1.26128
703.3,0.70737,2.3402,-2.05493,-0.529863
703.4,1.01994,2.18086,-2.84751,0.172067
703.5,1.31118,1.97604,-3.57625,-0.13149
703.6,1.55314,1.72884,-4.22579,-0.500734
703.7,1.74665,1.44301,-4.78192,-2.8986
703.8,1.89287,1.12375,-5.23199,0.19919
703.9,1.99345,0.777556,-5.5654,-5.32571
704,2.0505,0.412068,-5.77403,-0.865125
704.1,2.06676,0.0358292,-5.85259,-2.41638
704.2,2.04552,-0.341938,-5.79893,-0.115591
704.3,1.99066,-0.711601,-5.61418,-1.20843
704.4,1.90663,-1.06339,-5.30289,-0.745547
704.5,1.79838,-1.3877,-4.87301,0.312309
704.6,1.67127,-1.67537,-4.33578,0.2356
704.7,1.531,-1.91794,-3.70552,0.341525
704.8,1.38347,-2.10798,-2.99935,-0.102101
704.9,1.23471,-2.23928,-2.23679,-0.261491
705,1.09064,-2.30707,-1.43927,-1.83122
705.1,0.955581,-2.30826,-0.62962,-1.99199
705.2,0.816143,-2.24247,0.168682,0.113365
705.3,0.672306,-2.11259,0.932628,-0.0314494
705.4,0.530122,-1.9233,1.64056,0.183627
705.5,0.395707,-1.68073,2.27272,-0.288117
705.6,0.27511,-1.39226,2.81171,-1.17543
705.7,0.174183,-1.0663,3.24292,-0.672522
705.8,0.098473,-0.711981,3.55481,-3.96597
705.9,0.0531201,-0.33889,3.73912,-2.3005
706,0.0427873,0.0432158,3.79098,-1.14764
706.1,0.0716053,0.424703,3.70894,0.384379
706.2,0.143145,0.796345,3.49484,0.384344
706.3,0.260414,1.14959,3.15365,0.230269
706.4,0.425882,1.47679,2.69318,-0.131492
706.5,0.641534,1.77143,2.1237,-0.589996
706.6,0.908942,2.02834,1.45758,-1.39564
706.7,1.21401,2.24339,0.708737,0.179483
706.8,1.51078,2.41031,-0.107175,-1.35288
706.9,1.79257,2.52198,-0.972026,-0.0752957
707,2.05527,2.57282,-1.86546,-1.56273
707.1,2.2947,2.55895,-2.76545,0.0996975
707.2,2.5068,2.47831,-3.64892,0.0508138
707.3,2.68781,2.33082,-4.49246,-1.47902
707.4,2.83439,2.11834,-5.27291,-1.13182
707.5,2.9438,1.84472,-5.96815,-4.19242
707.6,3.01403,1.51569,-6.55774,0.123011
707.7,3.04388,1.13876,-7.02354,0.167844
707.8,3.03306,0.723034,-7.35034,-1.30565
707.9,2.98226,0.278998,-7.52635,0.105495
708,2.89313,-0.181769,-7.54368,-1.61293
708.1,2.76833,-0.646884,-7.39861,-1.00378
708.2,2.61144,-1.1035,-7.09185,-0.0369659
708.3,2.42697,-1.53867,-6.62866,-0.759146
708.4,2.2202,-1.93969,-6.01877,0.0364917
708.5,1.99708,-2.2945,-5.27627,-1.17392
708.6,1.76412,-2.59204,-4.41931,-1.5988
708.7,1.52819,-2.82255,-3.46968,0.20044
708.8,1.29634,-2.97794,-2.4523,-0.293476
708.9,1.07567,-3.05202,-1.39461,-0.493825
709,0.864666,-3.04093,-0.325842,-0.197517
709.1,0.640003,-2.94539,0.724173,-2.14065
709.2,0.405939,-2.77,1.72661,-0.690534
709.3,0.169555,-2.52144,2.65463,-1.58164
709.4,-0.0621268,-2.20829,3.48408,-0.853073
709.5,-0.282328,-1.84066,4.19407,0.193026
709.6,-0.48469,-1.4299,4.7675,-0.477257
709.7,-0.66343,-0.988296,5.1914,-1.84057
709.8,-0.813476,-0.528628,5.4572,-0.57181
709.9,-0.930582,-0.063862,5.56085,-0.688507
710,-1.01121,0.393242,5.5028,-1.22431
710.1,-1.04652,0.830772,5.28787,-0.295499
710.2,-1.03821,1.23802,4.9248,-0.0417353
710.3,-0.993761,1.60476,4.42598,-0.834361
710.4,-0.912641,1.9217,3.80728,0.117283
710.5,-0.792552,2.18162,3.08745,0.196057
710.6,-0.63568,2.37923,2.28743,-0.141074
710.7,-0.444902,2.51117,1.42966,-1.86356
710.8,-0.223647,2.57605,0.537438,-1.32647
710.9,0.0242489,2.57445,-0.365813,-2.05268
711,0.294711,2.50889,-1.25721,-1.51377
711.1,0.583592,2.38369,-2.11507,-1.0894
711.2,0.886856,2.20485,-2.91953,0.159364
711.3,1.18827,1.97961,-3.65306,-0.334685
711.4,1.44132,1.71307,-4.30043,0.197977
711.5,1.64309,1.40941,-4.84787,-0.176863
711.6,1.79519,1.07419,-5.28333,-0.968422
711.7,1.89966,0.714257,-5.59692,-1.17569
711.8,1.95905,0.337543,-5.78135,-0.916255
711.9,1.97649,-0.0471477,-5.83227,-0.305296
712,1.95565,-0.430396,-5.74851,-0.395795
712.1,1.90079,-0.802436,-5.5323,-0.23271
712.2,1.81668,-1.15344,-5.18926,0.196164
712.3,1.70858,-1.47382,-4.72846,0.312952
712.4,1.58214,-1.75451,-4.16222,-0.394399
712.5,1.44327,-1.98725,-3.5059,-0.0860743
712.6,1.29808,-2.16485,-2.77758,-1.1537
712.7,1.15272,-2.28143,-1.99763,-2.50455
712.8,1.01324,-2.33265,-1.18821,0.175664
712.9,0.874588,-2.31616,-0.372698,-0.0477711
713,0.726698,-2.23317,0.425331,0.172809
713.1,0.575276,-2.08721,1.18317,-0.50452
713.2,0.426321,-1.88344,1.87963,-0.25687
713.3,0.285844,-1.62843,2.49559,0.0710841
713.4,0.159735,-1.32992,3.01445,0.347989
713.5,0.0536355,-0.99662,3.42248,-0.695742
713.6,-0.0271705,-0.637902,3.70912,-1.0546
713.7,-0.0778517,-0.263515,3.86718,-3.32993
713.8,-0.0941015,0.116697,3.8929,-0.022421
713.9,-0.0721877,0.493091,3.78594,-0.28015
714,-0.00897746,0.856497,3.54925,-0.280527
714.1,0.0980627,1.19848,3.18889,-1.65488
714.2,0.250894,1.51158,2.71369,-0.8279
714.3,0.45096,1.78952,2.13489,-0.499364
714.4,0.69926,2.02735,1.46571,-1.02479
714.5,0.996458,2.22162,0.720837,-0.955687
714.6,1.31091,2.3694,-0.0840223,-2.24627
714.7,1.60702,2.46496,-0.931644,0.11193
714.8,1.8813,2.50296,-1.80277,-1.51578
714.9,2.13016,2.47973,-2.67656,0.318423
715,2.35007,2.39335,-3.53121,-0.233943
715.1,2.53778,2.2438,-4.34453,-0.460761
715.2,2.6904,2.03294,-5.09471,0.197906
715.3,2.80561,1.7645,-5.76086,0.184435
715.4,2.88175,1.44403,-6.32378,-0.267544
715.5,2.91791,1.07877,-6.76645,-1.18225
715.6,2.91405,0.677468,-7.0747,-0.992049
715.7,2.87103,0.250178,-7.23764,-4.25714
715.8,2.79063,-0.192014,-7.24809,-0.252134
715.9,2.67556,-0.637277,-7.10287,-0.477647
716,2.52941,-1.07336,-6.80306,-0.689183
716.1,2.35661,-1.48792,-6.35404,0.070872
716.2,2.16234,-1.8689,-5.76544,-0.320587
716.3,1.95239,-2.20487,-5.05106,0.378923
716.4,1.73305,-2.48534,-4.22851,-0.02768
716.5,1.51096,-2.70114,-3.31887,-1.27344
716.6,1.29291,-2.84468,-2.34615,0.329575
716.7,1.08568,-2.91021,-1.3367,-3.63455
716.8,0.889844,-2.89413,-0.318543,0.168435
716.9,0.683378,-2.79703,0.679721,-2.98197
717,0.469418,-2.62335,1.63044,0.208679
717.1,0.254914,-2.37953,2.50787,-0.0304088
717.2,0.0467732,-2.07379,3.28888,-0.737724
717.3,-0.148313,-1.71585,3.95343,-1.73756
717.4,-0.324034,-1.31656,4.48514,-1.46147
717.5,-0.474604,-0.887633,4.87156,-0.4744
717.6,-0.594889,-0.441276,5.10445,0.135837
717.7,-0.680511,0.0101816,5.17986,0.195651
717.8,-0.727915,0.454627,5.09814,-0.763058
717.9,-0.734424,0.8805,4.86379,-0.85289
718,-0.698252,1.27711,4.48521,0.371841
718.1,-0.618493,1.63493,3.97435,-2.81074
718.2,-0.495074,1.94583,3.34624,-0.297048
718.3,-0.328693,2.20328,2.61851,-2.45132
718.4,-0.120713,2.40251,1.81075,-0.650812
718.5,0.126951,2.54064,0.943889,0.148712
718.6,0.411978,2.61667,0.0395527,0.189796
718.7,0.731801,2.63157,-0.880643,0.147822
718.8,1.08187,2.58813,-1.79574,-1.03983
718.9,1.41117,2.48878,-2.68583,-1.12716
719,1.69697,2.33324,-3.53132,-1.04629
719.1,1.93808,2.12255,-4.31266,-2.97807
719.2,2.13364,1.85957,-5.011,-1.79802
719.3,2.28321,1.5489,-5.60879,-0.0165534
719.4,2.38692,1.1968,-6.09039,-0.166135
719.5,2.44556,0.811021,-6.44262,0.0525126
719.6,2.46064,0.400596,-6.65523,-0.263229
719.7,2.43444,-0.0243854,-6.72133,-1.59237
719.8,2.37003,-0.453062,-6.63772,-0.405907
719.9,2.27123,-0.874099,-6.40508,-1.22763
720,2.1426,-1.27601,-6.02809,0.177531
720.1,1.98934,-1.64749,-5.51542,-0.416859
720.2,1.81723,-1.97775,-4.87965,0.125539
720.3,1.63247,-2.25683,-4.13698,-1.09984
720.4,1.44158,-2.47594,-3.30688,-2.01728
720.5,1.2512,-2.6277,-2.41168,-0.281506
720.6,1.06799,-2.70644,-1.47601,-2.17248
720.7,0.892018,-2.70851,-0.526134,-2.19974
720.8,0.704165,-2.63414,0.411015,-0.063153
720.9,0.508178,-2.48704,1.30927,0.00334298
721,0.310578,-2.27282,2.14411,-1.83527
721.1,0.117889,-1.9988,2.89326,-0.577185
721.2,-0.0635244,-1.67372,3.5373,-0.0311292
721.3,-0.22761,-1.30751,4.06007,-4.43207
721.4,-0.368771,-0.910931,4.44902,0.352857
721.5,-0.481982,-0.495283,4.69549,-0.0751351
721.6,-0.562894,-0.0720607,4.79483,-0.0138565
721.7,-0.607903,0.347372,4.74638,-1.267
721.8,-0.6142,0.752104,4.55339,-1.10399
721.9,-0.579794,1.13198,4.22281,-0.197655
722,-0.503501,1.47786,3.76498,-1.6124
722.1,-0.384908,1.78188,3.1932,-0.460258
722.2,-0.224316,2.03764,2.52329,-0.469174
722.3,-0.0226426,2.24037,1.77304,-1.39589
722.4,0.21868,2.38701,0.961588,-0.262144
722.5,0.497843,2.47631,0.108834,-0.664609
722.6,0.812809,2.50883,-0.765195,-2.67774
722.7,1.15434,2.48679,-1.64098,-1.49032
722.8,1.46823,2.41099,-2.49968,0.15012
722.9,1.74239,2.28038,-3.32227,-1.59375
723,1.97539,2.09548,-4.0896,0.138026
723.1,2.16608,1.85859,-4.78303,-0.117808
723.2,2.31372,1.5737,-5.38501,0.0604678
723.3,2.41811,1.24647,-5.87968,-0.0719671
723.4,2.47965,0.883995,-6.25342,0.175939
723.5,2.49947,0.494718,-6.49534,-3.0038
723.6,2.47945,0.088148,-6.5977,-1.08464
723.7,2.42222,-0.325375,-6.55623,-1.70822
723.8,2.33119,-0.734966,-6.3704,-0.266941
723.9,2.21048,-1.1295,-6.04351,-0.0765815
724,2.06489,-1.49794,-5.58279,-1.13497
724.1,1.89979,-1.82963,-4.99925,-0.987542
724.2,1.72102,-2.11467,-4.3075,-0.0725862
724.3,1.53476,-2.34417,-3.52546,-0.474501
724.4,1.34738,-2.51053,-2.67395,-0.983867
724.5,1.1653,-2.60776,-1.77616,0.184326
724.6,0.994811,-2.63161,-0.857089,-3.36777
724.7,0.824664,-2.58038,0.0571805,0.172769
724.8,0.645798,-2.45656,0.940701,-1.18715
724.9,0.464697,-2.265,1.76886,-0.496345
725,0.287922,-2.0123,2.51906,0.368097
725.1,0.121952,-1.70652,3.17127,-1.48305
725.2,-0.0269609,-1.35692,3.70851,-0.275645
725.3,-0.152939,-0.973729,4.1172,-0.635496
725.4,-0.25059,-0.567745,4.38746,0.283197
725.5,-0.315111,-0.15007,4.51326,-0.896042
725.6,-0.342362,0.268235,4.49244,-1.39541
725.7,-0.328915,0.676467,4.32667,-2.08244
725.8,-0.272076,1.06458,4.02126,0.124674
725.9,-0.169879,1.42345,3.58488,-0.706434
726,-0.021048,1.74515,3.02919,0.242889
726.1,0.17506,2.02315,2.36838,-0.308115
726.2,0.418548,2.25245,1.61867,0.0239332
726.3,0.709095,2.42978,0.797735,-1.32383
726.4,1.0455,2.55361,-0.0759253,-0.384281
726.5,1.38312,2.6225,-0.983407,-3.06771
726.6,1.69234,2.63214,-1.90475,-1.10913
726.7,1.97004,2.57921,-2.8186,0.0348505
726.8,2.21319,2.46227,-3.70273,0.293986
726.9,2.41899,2.2818,-4.53477,-0.361267
727,2.58504,2.04025,-5.29285,-1.8521
727.1,2.70952,1.742,-5.95632,-0.369805
727.2,2.79128,1.39325,-6.50636,0.383805
727.3,2.82993,1.00188,-6.92662,-0.213911
727.4,2.82598,0.577267,-7.20379,-0.740774
727.5,2.78081,0.130044,-7.32806,-1.25883
727.6,2.69675,-0.328183,-7.29353,-0.32102
727.7,2.57705,-0.785146,-7.09848,-0.13253
727.8,2.42583,-1.22825,-6.74555,-0.659005
727.9,2.24801,-1.64495,-6.24179,0.338853
728,2.04922,-2.02306,-5.59859,-2.16305
728.1,1.83571,-2.35118,-4.83149,-0.584545
728.2,1.61413,-2.61899,-3.95981,-1.37969
728.3,1.39143,-2.81762,-3.00627,-1.82552
728.4,1.17467,-2.93988,-1.99639,-4.30107
728.5,0.970375,-2.98058,-0.957879,-1.2842
728.6,0.760453,-2.93765,0.0802287,-0.754645
728.7,0.537188,-2.81386,1.08904,-0.0426955
728.8,0.307422,-2.61452,2.04111,-1.88041
728.9,0.0780599,-2.34688,2.91123,-0.0849356
729,-0.144123,-2.0199,3.677,0.0724297
729.1,-0.352657,-1.64396,4.31944,-1.09502
729.2,-0.54154,-1.23051,4.8234,-0.271447
729.3,-0.705388,-0.791746,5.17785,0.200491
729.4,-0.839552,-0.340241,5.37613,-1.06493
729.5,-0.940225,0.111402,5.416,-0.44384
729.6,-1.00446,0.550913,5.29957,0.0597046
729.7,-1.02643,0.966852,5.03312,0.163584
729.8,-1.00828,1.34892,4.62673,-2.25299
729.9,-0.954325,1.68749,4.09396,0.156827
730,-0.861895,1.97448,3.45151,0.115023
730.1,-0.732506,2.20363,2.71858,0.0283569
730.2,-0.568596,2.37053,1.91624,-0.224462
730.3,-0.373232,2.47264,1.06677,-0.851295
730.4,-0.149967,2.50936,0.193027,-0.672123
730.5,0.097308,2.482,-0.682293,-0.629551
730.6,0.364526,2.3937,-1.53726,-0.614238
730.7,0.647612,2.24934,-2.35134,-1.15963
730.8,0.942659,2.05534,-3.106,0.136864
730.9,1.22675,1.81895,-3.78515,-0.923094
731,1.46046,1.54493,-4.37487,-1.0421
731.1,1.64421,1.2378,-4.86274,-0.663157
731.2,1.77987,0.903375,-5.23814,0.172907
731.3,1.86976,0.548649,-5.49273,0.0560516
731.4,1.91667,0.18157,-5.62075,0.0601343
731.5,1.92394,-0.189174,-5.6194,-1.61601
731.6,1.89542,-0.554409,-5.48897,-0.160428
731.7,1.83551,-0.904743,-5.23305,-2.57974
731.8,1.74906,-1.23084,-4.85848,0.269166
731.9,1.64135,-1.52371,-4.37534,-1.34663
732,1.51796,-1.77498,-3.79674,0.195732
732.1,1.38473,-1.97714,-3.13859,0.182793
732.2,1.24757,-2.12384,-2.41921,-0.88693
732.3,1.1124,-2.21004,-1.65896,-0.372397
732.4,0.984773,-2.23226,-0.879659,-1.98226
732.5,0.855232,-2.18924,-0.104011,0.0598946
732.6,0.719884,-2.08308,0.645438,0.161874
732.7,0.584567,-1.91777,1.34724,-1.03604
732.8,0.455235,-1.69877,1.98161,-0.942835
732.9,0.337823,-1.43284,2.5309,-0.207272
733,0.238127,-1.12778,2.98003,-0.86755
733.1,0.161687,-0.792183,3.31678,-0.155283
733.2,0.11369,-0.435188,3.53206,-0.481093
733.3,0.0988955,-0.0661743,3.62001,-0.326068
733.4,0.121573,0.305509,3.57807,-1.3926
733.5,0.185473,0.670818,3.4069,-1.04759
733.6,0.293817,1.02128,3.11023,-0.0707331
733.7,0.449313,1.34923,2.69463,-2.54502
733.8,0.654201,1.64805,2.16917,0.363793
733.9,0.910319,1.91232,1.54503,-0.341498
734,1.20467,2.13768,0.835073,-0.0900932
734.1,1.49288,2.31763,0.0539548,-0.439956
734.2,1.76829,2.44482,-0.781107,-0.195308
734.3,2.02679,2.51335,-1.65057,-1.9691
734.4,2.2642,2.51893,-2.5331,-0.00134308
734.5,2.4764,2.45905,-3.40618,-0.427614
734.6,2.6595,2.33309,-4.24672,-0.334378
734.7,2.81004,2.14237,-5.03177,-0.58017
734.8,2.9251,1.89015,-5.73919,-0.162869
734.9,3.00243,1.58157,-6.34829,-0.924253
735,3.04058,1.22356,-6.84052,-1.19829
735.1,3.03898,0.824683,-7.20001,0.200465
735.2,2.998,0.394892,-7.41418,-0.200882
735.3,2.91897,-0.0546776,-7.47413,-2.71547
735.4,2.80421,-0.512024,-7.375,-1.73851
735.5,2.65697,-0.964595,-7.11627,0.0417673
735.6,2.48142,-1.39963,-6.70183,-1.27276
735.7,2.28254,-1.80454,-6.14004,0.153007
735.8,2.066,-2.16723,-5.44358,-0.689475
735.9,1.83806,-2.4765,-4.62922,-0.413368
736,1.60537,-2.72237,-3.71743,-2.15561
736.1,1.37484,-2.89638,-2.73195,-0.0702977
736.2,1.15344,-2.99191,-1.69913,-2.88325
736.3,0.946622,-3.00437,-0.647316,-1.7857
736.4,0.733187,-2.93271,0.394089,-1.46882
736.5,0.509045,-2.78058,1.39619,-1.38888
736.6,0.281241,-2.55401,2.3318,-2.03943
736.7,0.0568252,-2.2609,3.17622,0.233004
736.8,-0.157331,-1.91082,3.90778,-3.36938
736.9,-0.354707,-1.51462,4.50841,-2.70485
737,-0.529293,-1.08416,4.96402,-1.65838
737.1,-0.675731,-0.631904,5.26478,-0.668315
737.2,-0.789426,-0.170602,5.40529,0.377322
737.3,-0.86664,0.287109,5.38462,0.198612
737.4,-0.904548,0.729041,5.20616,0.0301237
737.5,-0.901275,1.14379,4.87747,-0.0767447
737.6,-0.855891,1.52105,4.40989,-4.03643
737.7,-0.768388,1.85186,3.81816,-0.269711
737.8,-0.639618,2.12883,3.11987,-0.233248
737.9,-0.471208,2.34634,2.33492,-3.19929
738,-0.265455,2.50064,1.48482,-0.100542
738.1,-0.0251889,2.58994,0.592064,-0.0468565
738.2,0.246375,2.6144,-0.320566,-0.260151
738.3,0.545801,2.57612,-1.23069,-0.226495
738.4,0.869609,2.47903,-2.11698,0.172236
738.5,1.2016,2.32853,-2.95979,0.321303
738.6,1.48985,2.12788,-3.7411,-2.0699
738.7,1.72923,1.87928,-4.4437,-3.17425
738.8,1.92001,1.58653,-5.05144,0.34069
738.9,2.06284,1.25504,-5.54975,0.383444
739,2.15894,0.891653,-5.92624,-1.2507
739.1,2.21009,0.504472,-6.17112,-0.652551
739.2,2.21874,0.102644,-6.27766,-1.45997
739.3,2.18803,-0.303894,-6.24242,-0.257091
739.4,2.12174,-0.704698,-6.0656,-1.7206
739.5,2.02432,-1.08911,-5.75105,-1.24759
739.6,1.90082,-1.44657,-5.30637,-1.42191
739.7,1.75677,-1.76694,-4.74278,0.0883579
739.8,1.59812,-2.04078,-4.07494,0.166262
739.9,1.4311,-2.2597,-3.32065,-0.940507
740,1.26209,-2.41656,-2.5004,-0.907142
740.1,1.09748,-2.50577,-1.63695,-0.0282949
740.2,0.941301,-2.5235,-0.754712,0.028647
740.3,0.777093,-2.46901,0.121053,0.383215
740.4,0.604966,-2.34518,0.965497,0.152333
740.5,0.431148,-2.1568,1.75514,0.311368
740.6,0.261928,-1.91031,2.46847,-0.507815
740.7,0.103508,-1.61354,3.08649,0.131504
740.8,-0.0381423,-1.27547,3.59313,-0.0705192
740.9,-0.157419,-0.90594,3.97565,-1.53416
741,-0.249195,-0.515356,4.22483,-0.722956
741.1,-0.308913,-0.114375,4.33518,0.353059
741.2,-0.332659,0.286407,4.30492,0.382645
741.3,-0.317205,0.676756,4.13592,-1.3406
741.4,-0.260026,1.04709,3.83353,0.0526724
741.5,-0.159297,1.38874,3.4063,0.383774
741.6,-0.0138532,1.6942,2.86564,-0.023597
741.7,0.176869,1.95729,2.22531,-0.572695
741.8,0.41292,2.17335,1.50103,-2.95541
741.9,0.693951,2.33934,0.709818,-3.55634
742,1.01924,2.45394,-0.13051,-0.0433383
742.1,1.34953,2.51617,-1.00186,-0.664488
742.2,1.65163,2.52213,-1.88526,-1.6144
742.3,1.92268,2.46868,-2.76041,-0.825104
742.4,2.15992,2.35444,-3.60623,-2.3191
742.5,2.36079,2.17989,-4.40148,-1.00277
742.6,2.5231,1.94739,-5.12539,-0.399097
742.7,2.64519,1.66112,-5.75837,-0.685743
742.8,2.72606,1.32701,-6.28259,-4.34635
742.9,2.76542,0.952579,-6.68257,-0.464923
743,2.76381,0.546779,-6.94573,-1.59894
743.1,2.72263,0.119748,-7.06283,0.0103583
743.2,2.64414,-0.31745,-7.02837,-1.70274
743.3,2.5315,-0.753128,-6.8408,-2.62477
743.4,2.38867,-1.1753,-6.50275,-1.56781
743.5,2.2204,-1.572,-6.02106,-0.580592
743.6,2.0321,-1.93167,-5.40668,-0.377079
743.7,1.82972,-2.24345,-4.67448,-0.909383
743.8,1.61964,-2.49756,-3.84299,0.376243
743.9,1.40852,-2.68557,-2.93391,0.000853118
744,1.20307,-2.80068,-1.97161,-0.289519
744.1,1.00995,-2.83797,-0.982519,-0.792835
744.2,0.819155,-2.79512,0.00559809,-1.43222
744.3,0.616921,-2.67436,0.964966,-2.8269
744.4,0.409939,-2.48074,1.86914,-0.0177936
744.5,0.205031,-2.22113,2.69378,0.187152
744.6,0.00892942,-1.90406,3.41723,-2.78271
744.7,-0.171897,-1.53938,4.02106,-2.29613
744.8,-0.33139,-1.138,4.49051,-1.01123
744.9,-0.464042,-0.711509,4.81473,0.265527
745,-0.565005,-0.271872,4.98703,0.277859
745.1,-0.630185,0.168938,5.00491,0.380322
745.2,-0.656301,0.599278,4.87,0.158333
745.3,-0.640922,1.00815,4.58792,0.259964
745.4,-0.582471,1.38552,4.16797,0.379388
745.5,-0.480198,1.72254,3.62277,-0.687637
745.6,-0.334135,2.01183,2.96777,-0.880131
745.7,-0.145009,2.24763,2.22074,0.156932
745.8,0.0858628,2.42595,1.40115,-0.500136
745.9,0.356696,2.54463,0.529542,0.0222939
746,0.665392,2.60342,-0.3731,-2.51504
746.1,1.00967,2.60393,-1.28605,-0.0986175
746.2,1.34947,2.54829,-2.18933,-1.03944
746.3,1.64888,2.4356,-3.06319,-0.72717
746.4,1.9063,2.26568,-3.88756,-0.124087
746.5,2.12035,2.04021,-4.64267,-1.80911
746.6,2.29002,1.76267,-5.30963,-0.916904
746.7,2.41481,1.43831,-5.87107,-0.488406
746.8,2.49487,1.07396,-6.31177,0.141459
746.9,2.53104,0.677912,-6.61914,0.159103
747,2.52492,0.25969,-6.78372,-0.349816
747.1,2.47893,-0.170216,-6.79956,0.239679
747.2,2.39629,-0.600624,-6.66451,0.195921
747.3,2.281,-1.01998,-6.38041,-0.437503
747.4,2.13779,-1.41666,-5.95317,-1.09267
747.5,1.972,-1.77936,-5.39272,0.378506
747.6,1.78956,-2.09737,-4.71284,0.347395
747.7,1.59678,-2.36096,-3.93091,0.14128
747.8,1.40024,-2.56161,-3.06751,0.0103146
747.9,1.20664,-2.69237,-2.14594,0.141571
748,1.02262,-2.74806,-1.19162,0.102455
748.1,0.841302,-2.72583,-0.231418,0.321997
748.2,0.647551,-2.62721,0.707538,-0.333459
748.3,0.447564,-2.4566,1.59922,-1.76668
748.4,0.247951,-2.22023,2.41948,-0.318371
748.5,0.0552709,-1.92599,3.14662,-1.32255
748.6,-0.124128,-1.58313,3.76199,-1.33107
748.7,-0.284262,-1.20201,4.25035,0.142219
748.8,-0.41965,-0.793711,4.60023,0.00623704
748.9,-0.525425,-0.369775,4.80412,0.0570794
749,-0.59743,0.05817,4.8586,0.19139
749.1,-0.632284,0.478733,4.76427,-0.375658
749.2,-0.627424,0.881077,4.52562,-0.448196
749.3,-0.581112,1.25521,4.15081,0.0332537
749.4,-0.492428,1.59227,3.6513,-0.694681
749.5,-0.361214,1.88472,3.04143,-0.723659
749.6,-0.188014,2.12659,2.3379,0.00698291
749.7,0.0260309,2.31356,1.55923,0.00033744
749.8,0.279295,2.4431,0.725119,-2.1314
749.9,0.569812,2.51451,-0.144152,-0.516529
750,0.895427,2.5289,-1.02838,-0.618612
750.1,1.23679,2.48877,-1.90804,-0.606061
750.2,1.54212,2.39416,-2.76416,-0.539094
750.3,1.80672,2.24443,-3.57751,0.188093
750.4,2.02926,2.04067,-4.32895,-0.600455
750.5,2.20873,1.78574,-5,-0.908619
750.6,2.34456,1.48421,-5.57352,0.194805
750.7,2.43676,1.14225,-6.03423,0.3405
750.8,2.486,0.767475,-6.36926,0.180365
750.9,2.49365,0.368736,-6.56866,-1.11307
751,2.46186,-0.0440949,-6.62573,-1.13745
751.1,2.39356,-0.460405,-6.53739,-3.9088
751.2,2.29242,-0.869128,-6.30433,-1.71503
751.3,2.16282,-1.25906,-5.93119,0.00904651
751.4,2.00981,-1.61919,-5.42647,0.277121
751.5,1.83896,-1.93901,-4.80246,-0.15941
751.6,1.65628,-2.20884,-4.075,-0.373018
751.7,1.46808,-2.42012,-3.26311,0.146183
751.8,1.2808,-2.56572,-2.38858,0.226946
751.9,1.1009,-2.64014,-1.47542,-3.45067
752,0.931929,-2.63977,-0.549222,-2.93565
752.1,0.755566,-2.56437,0.363651,0.0785935
752.2,0.572324,-2.41746,1.23749,-0.825263
752.3,0.38873,-2.20453,2.04816,-0.793062
752.4,0.211336,-1.93271,2.77378,-0.573018
752.5,0.0465547,-1.61056,3.39519,0.191265
752.6,-0.099484,-1.24775,3.89643,-2.02328
752.7,-0.22107,-0.85478,4.26509,0.16955
752.8,-0.313027,-0.442668,4.49254,-0.191036
752.9,-0.370804,-0.0226072,4.57403,-0.344275
753,-0.390545,0.394349,4.50873,-1.92155
753.1,-0.369128,0.797603,4.29959,0.166326
753.2,-0.304184,1.17731,3.95316,0.117851
753.3,-0.194077,1.52465,3.47925,-0.34717
753.4,-0.0378646,1.83206,2.89056,-1.77938
753.5,0.164773,2.09341,2.20219,-0.430878
753.6,0.413627,2.30423,1.43108,-0.490734
753.7,0.708085,2.46172,0.595456,-1.06421
753.8,1.04665,2.56491,-0.285786,-0.382448
753.9,1.38423,2.61286,-1.19356,0.0475037
754,1.69142,2.60181,-2.1079,0.181209
754.1,1.96535,2.52895,-3.00761,-0.893338
754.2,2.20325,2.39337,-3.87084,-1.87415
754.3,2.4026,2.19609,-4.67576,0.0425432
754.4,2.56134,1.94003,-5.40123,-1.02424
754.5,2.67795,1.63001,-6.02748,-0.590844
754.6,2.7516,1.2726,-6.53671,0.0542475
754.7,2.78227,0.875969,-6.91372,-0.175373
754.8,2.77076,0.449715,-7.14642,-1.93468
754.9,2.71878,0.00458428,-7.22631,-1.11502
755,2.62894,-0.447802,-7.14878,-0.0366019
755.1,2.50474,-0.895265,-6.91342,-0.376409
755.2,2.35052,-1.3254,-6.52412,0.14559
755.3,2.17138,-1.72595,-5.98909,-0.284761
755.4,1.97307,-2.08514,-5.32078,-0.958392
755.5,1.76191,-2.39203,-4.5356,-1.32203
755.6,1.54456,-2.63685,-3.65361,-0.789287
755.7,1.32795,-2.81135,-2.69802,-1.45092
755.8,1.11901,-2.90902,-1.69463,0.20371
755.9,0.921498,-2.92537,-0.671203,-1.41662
756,0.713438,-2.85969,0.343537,-0.467411
756.1,0.494502,-2.71557,1.32142,-4.30754
756.2,0.271515,-2.49876,2.23595,-1.41879
756.3,0.0513167,-2.2169,3.06296,0.112506
756.4,-0.159423,-1.87922,3.78126,-0.472992
756.5,-0.354373,-1.49623,4.37312,0.149868
756.6,-0.527694,-1.07943,4.82467,0.287595
756.7,-0.674178,-0.640941,5.12619,-0.984193
756.8,-0.789364,-0.193167,5.27224,-0.345556
756.9,-0.869621,0.251577,5.26176,-1.97764
757,-0.912215,0.681399,5.09788,0.345561
757.1,-0.915337,1.08515,4.78782,-0.82533
757.2,-0.878113,1.45273,4.3425,-0.500037
757.3,-0.80057,1.77534,3.77617,-0.0102544
757.4,-0.683588,2.0457,3.10587,-0.371777
757.5,-0.528817,2.25823,2.35093,-0.525461
757.6,-0.338577,2.40918,1.5323,0.316063
757.7,-0.115727,2.49667,0.671917,-0.264325
757.8,0.136474,2.52075,-0.207962,-0.292936
757.9,0.414527,2.48332,-1.08542,-0.832245
758,0.714857,2.38809,-1.93953,-1.61908
758.1,1.03364,2.24043,-2.75096,-0.949368
758.2,1.32975,2.04578,-3.50238,0.359996
758.3,1.577,1.80681,-4.17783,-2.23583
758.4,1.77596,1.52703,-4.76238,0.384187
758.5,1.92759,1.21143,-5.24257,0.160322
758.6,2.03328,0.866368,-5.60694,-1.01818
758.7,2.09495,0.499395,-5.84646,-0.974452
758.8,2.11511,0.119051,-5.95495,-1.33407
758.9,2.09688,-0.265379,-5.92932,-0.454212
759,2.044,-0.644127,-5.76985,-2.58257
759.1,1.96079,-1.00722,-5.48026,-1.50076
759.2,1.8521,-1.34477,-5.06777,-3.67816
759.3,1.72325,-1.64728,-4.54301,-0.557222
759.4,1.57994,-1.90592,-3.9198,-0.0995652
759.5,1.42809,-2.11281,-3.21491,0.0296448
759.6,1.27379,-2.26128,-2.44765,-0.681985
759.7,1.12308,-2.3461,-1.63944,-0.821039
759.8,0.981636,-2.36364,-0.81324,-0.280208
759.9,0.838329,-2.31272,0.00709871,-1.16571
760,0.688752,-2.19575,0.797952,-0.722602
760.1,0.53898,-2.01712,1.53692,-0.908119
760.2,0.395181,-1.78279,2.20343,0.0754962
760.3,0.263478,-1.50002,2.77922,-0.833125
760.4,0.149811,-1.17719,3.24877,-1.6259
760.5,0.0598219,-0.823475,3.59965,0.298835
760.6,-0.00124956,-0.448595,3.82273,-1.96962
760.7,-0.0286505,-0.0625081,3.91235,-1.33483
760.8,-0.018175,0.324884,3.86634,-1.2483
760.9,0.0337994,0.704024,3.6859,0.177538
761,0.130301,1.06597,3.37553,-6.34195
761.1,0.273778,1.40267,2.94267,-0.303155
761.2,0.466145,1.70715,2.39742,-1.43801
761.3,0.708849,1.97372,1.7521,-2.62926
761.4,1.00296,2.19818,1.02074,-1.55707
761.5,1.31606,2.37674,0.218699,0.0324417
761.6,1.61386,2.50283,-0.636853,-0.283438
761.7,1.89253,2.57036,-1.52644,-0.719408
761.8,2.14809,2.57486,-2.42875,-1.05372
761.9,2.3766,2.51366,-3.32117,0.109816
762,2.57432,2.38602,-4.18055,-0.173989
762.1,2.7379,2.19315,-4.98377,-0.881103
762.2,2.86453,1.93823,-5.7085,-2.07896
762.3,2.95204,1.62636,-6.33388,-0.952046
762.4,2.99907,1.26445,-6.84111,0.200501
762.5,3.0051,0.861062,-7.21415,0.251024
762.6,2.97057,0.426194,-7.44018,0.338989
762.7,2.89686,-0.0289591,-7.51011,0.150522
762.8,2.78636,-0.492309,-7.41895,0.34451
762.9,2.64239,-0.951197,-7.16602,-0.47868
763,2.46919,-1.39274,-6.75513,-1.52246
763.1,2.27181,-1.8042,-6.19461,0.185513
763.2,2.05602,-2.17334,-5.49713,-0.0612155
763.3,1.82814,-2.48882,-4.67954,-0.0411325
763.4,1.59493,-2.74048,-3.76241,-0.547456
763.5,1.36341,-2.91973,-2.76965,-1.82564
763.6,1.14065,-3.0198,-1.72785,-0.241647
763.7,0.931361,-3.03599,-0.665591,-1.30362
763.8,0.712832,-2.96736,0.387431,-0.00312021
763.9,0.482777,-2.8176,1.40209,-1.89781
764,0.248223,-2.59273,2.35098,0.118207
764.1,0.0162004,-2.3007,3.20916,0.143795
764.2,-0.206444,-1.95111,3.95475,-0.415614
764.3,-0.413225,-1.55488,4.56949,-0.192113
764.4,-0.59818,-1.12397,5.03912,-0.838021
764.5,-0.756012,-0.67096,5.35369,0.000862327
764.6,-0.882211,-0.208732,5.50772,0.169084
764.7,-0.973144,0.249929,5.50022,-0.141409
764.8,-1.0245,0.692708,5.33462,0.280893
764.9,-1.03104,1.10845,5.01848,0.199656
765,-0.999129,1.48683,4.56307,0.167108
765.1,-0.930248,1.81831,3.98318,-1.66506
765.2,-0.822027,2.09517,3.29663,-0.354958
765.3,-0.676388,2.31159,2.52362,-3.05176
765.4,-0.495975,2.46362,1.68604,-0.114029
765.5,-0.284021,2.54927,0.806834,0.00305203
765.6,-0.0442117,2.56851,-0.0906955,-0.419199
765.7,0.219482,2.52324,-0.983587,-1.28328
765.8,0.502966,2.41723,-1.84987,-1.01734
765.9,0.802202,2.25595,-2.6692,-1.25434
766,1.10935,2.04636,-3.4234,-1.43651
766.1,1.37697,1.79437,-4.09671,-0.0340711
766.2,1.59325,1.50387,-4.67496,-0.567747
766.3,1.75965,1.17995,-5.14551,-1.19455
766.4,1.87802,0.82904,-5.49777,-0.751798
766.5,1.95072,0.458698,-5.72357,-1.12836
766.6,1.98067,0.0774408,-5.81758,-0.755842
766.7,1.97133,-0.305523,-5.77758,-1.74872
766.8,1.92674,-0.68055,-5.60464,-1.3355
766.9,1.85149,-1.03784,-5.30326,-0.319426
767,1.75064,-1.36774,-4.88135,-0.327456
767.1,1.6297,-1.66101,-4.35012,-0.109005
767.2,1.49448,-1.90913,-3.72392,-0.65821
767.3,1.35101,-2.10457,-3.01989,0.065546
767.4,1.20541,-2.24103,-2.25761,-1.31244
767.5,1.06372,-2.31365,-1.45862,0.0172694
767.6,0.928136,-2.31929,-0.645875,-0.502158
767.7,0.784426,-2.25785,0.157048,0.152755
767.8,0.635414,-2.13227,0.927132,-0.47709
767.9,0.487064,-1.94714,1.64268,-1.191
768,0.345404,-1.70857,2.28389,-0.149538
768.1,0.216388,-1.42392,2.8333,0.384068
768.2,0.105768,-1.10158,3.27624,-1.54085
768.3,0.0189742,-0.750669,3.60107,-0.434785
768.4,-0.0389776,-0.380821,3.79949,-0.438931
768.5,-0.0635684,-0.00183429,3.86658,-1.65213
768.6,-0.0508322,0.376595,3.80084,0.377976
768.7,0.00261209,0.745156,3.60412,-0.0045456
768.8,0.0995534,1.09519,3.2814,0.200457
768.9,0.242207,1.41893,2.84056,0.0781392
769,0.432262,1.70973,2.292,-0.761702
769.1,0.670949,1.96223,1.64822,-0.452506
769.2,0.959139,2.17251,0.923369,-0.896947
769.3,1.27281,2.33749,0.132727,0.171081
769.4,1.57039,2.45143,-0.706917,-0.86671
769.5,1.84779,2.50851,-1.57664,-1.00116
769.6,2.1013,2.50455,-2.45575,-1.90834
769.7,2.32724,2.43712,-3.32241,-1.36006
769.8,2.52217,2.30564,-4.15425,-1.39809
769.9,2.68298,2.11147,-4.92904,0.0102817
770,2.80711,1.85783,-5.62533,-0.36062
770.1,2.8926,1.54982,-6.22317,0.257536
770.2,2.93829,1.19427,-6.70465,-2.41796
770.3,2.94383,0.799595,-7.05459,0.199647
770.4,2.90979,0.375587,-7.26094,0.308583
770.5,2.83765,-0.0668377,-7.31535,-0.828232
770.6,2.72986,-0.515925,-7.21338,0.193447
770.7,2.58976,-0.959397,-6.95485,0.380703
770.8,2.42156,-1.3848,-6.54391,0.179506
770.9,2.23027,-1.77983,-5.98904,-0.0252402
771,2.02153,-2.13275,-5.30294,0.0905242
771.1,1.80155,-2.43267,-4.5023,-0.834416
771.2,1.57693,-2.66991,-3.60739,-0.178818
771.3,1.35448,-2.83633,-2.64163,-0.81554
771.4,1.14105,-2.92554,-1.63098,-0.0628697
771.5,0.941647,-2.93323,-0.603274,-1.83301
771.6,0.73534,-2.85859,0.412657,0.110503
771.7,0.519296,-2.7053,1.38855,0.127031
771.8,0.300472,-2.47933,2.29788,-0.208207
771.9,0.0858276,-2.18851,3.11651,-0.363968
772,-0.117849,-1.84223,3.82336,-0.700007
772.1,-0.304112,-1.45115,4.40084,0.155791
772.2,-0.467014,-1.02687,4.83529,0.182141
772.3,-0.601234,-0.581622,5.11721,-1.39825
772.4,-0.702191,-0.127832,5.24143,0.278845
772.5,-0.76613,0.322171,5.20713,0.365904
772.6,-0.790174,0.756525,5.01774,-0.690933
772.7,-0.772355,1.16415,4.68069,-4.68789
772.8,-0.711608,1.53507,4.20712,-2.46984
772.9,-0.607739,1.86062,3.61144,-0.0176219
773,-0.461364,2.13373,2.91081,-0.450662
773.1,-0.273822,2.34903,2.12458,-0.0624801
773.2,-0.0470605,2.50303,1.27365,0.368368
773.3,0.2165,2.59414,0.379805,-0.529425
773.4,0.514117,2.62273,-0.534948,-0.374084
773.5,0.842896,2.59104,-1.44907,0.375962
773.6,1.18923,2.50294,-2.3421,-2.06987
773.7,1.49811,2.36043,-3.19478,-0.778699
773.8,1.76141,2.16407,-3.98811,-0.688029
773.9,1.97846,1.91614,-4.7036,-0.117732
774,2.14892,1.62066,-5.32386,-1.82078
774.1,2.27296,1.28331,-5.83317,-2.00316
774.2,2.35135,0.911246,-6.21812,-0.859649
774.3,2.38554,0.512984,-6.46799,-0.638644
774.4,2.37769,0.0981113,-6.57526,-0.121113
774.5,2.33072,-0.322945,-6.53594,0.186488
774.6,2.2483,-0.739216,-6.34976,0.216864
774.7,2.13479,-1.1395,-6.02035,-0.112225
774.8,1.99521,-1.51267,-5.55528,0.339785
774.9,1.83515,-1.84804,-4.9659,0.374501
775,1.66065,-2.13566,-4.26722,-0.183557
775.1,1.47805,-2.36659,-3.47756,0.168614
775.2,1.29391,-2.53328,-2.61811,0.180218
775.3,1.11479,-2.62972,-1.71246,-0.0299563
775.4,0.945364,-2.65175,-0.785993,-0.22222
775.5,0.76801,-2.59838,0.13495,-1.95944
775.6,0.5814,-2.47252,1.02441,-0.335072
775.7,0.391941,-2.27918,1.85784,-1.78201
775.8,0.2061,-2.02507,2.61274,-1.3539
775.9,0.0302352,-1.71836,3.26924,-2.00539
776,-0.129549,-1.36848,3.81055,-2.63567
776.1,-0.267547,-0.985725,4.22334,-0.0449122
776.2,-0.378572,-0.581028,4.498,-2.77605
776.3,-0.458057,-0.165587,4.62881,-0.552569
776.4,-0.502134,0.249444,4.61396,-0.973711
776.5,-0.507684,0.653272,4.45551,-1.66634
776.6,-0.472365,1.03577,4.15916,-3.45082
776.7,-0.394606,1.38775,3.73403,0.138027
776.8,-0.273579,1.70121,3.19224,-0.130709
776.9,-0.109139,1.96953,2.54846,0.383788
777,0.0982565,2.18766,1.81943,-1.10743
777.1,0.347657,2.35223,1.02335,0.114069
777.2,0.637749,2.46162,0.179312,-2.24665
777.3,0.967001,2.51599,-0.693356,0.176411
777.4,1.3049,2.51641,-1.57561,-5.39592
777.5,1.60829,2.46101,-2.44832,-0.917248
777.6,1.87476,2.34815,-3.29161,-1.30952
777.7,2.10235,2.17799,-4.08534,0.270313
777.8,2.28939,1.95251,-4.80974,-0.946928
777.9,2.43465,1.67547,-5.44607,-1.69702
778,2.53744,1.35232,-5.97719,-0.803446
778.1,2.59774,0.990109,-6.38814,-1.53912
778.2,2.61628,0.597266,-6.66669,-1.75249
778.3,2.59458,0.183405,-6.80377,-0.0521958
778.4,2.53496,-0.240933,-6.79384,0.104179
778.5,2.44058,-0.664569,-6.63519,0.0738937
778.6,2.31537,-1.076,-6.33007,-0.724975
778.7,2.16397,-1.46371,-5.88477,-1.69307
778.8,1.99169,-1.81652,-5.30955,-2.29567
778.9,1.80435,-2.12392,-4.6185,-2.02215
779,1.60817,-2.37637,-3.82922,-0.0901124
779.1,1.40963,-2.56562,-2.96243,-0.383167
779.2,1.21531,-2.68498,-2.04145,-0.781218
779.3,1.03171,-2.72953,-1.09168,-2.80498
779.4,0.853538,-2.69665,-0.139838,-2.33915
779.5,0.664668,-2.58799,0.787128,0.108012
779.6,0.471092,-2.40814,1.66344,0.200464
779.7,0.279485,-2.16351,2.46526,-3.11113
779.8,0.0964681,-1.8621,3.17127,-0.115433
779.9,-0.0715588,-1.51326,3.76319,-0.0124062
780,-0.218559,-1.12737,4.22623,0.378182
780.1,-0.338993,-0.715513,4.54932,0.19
780.2,-0.427926,-0.289161,4.7254,0.0946859
780.3,-0.481119,0.140166,4.75139,-0.483879
780.4,-0.495085,0.561227,4.62825,-2.26091
780.5,-0.467124,0.96338,4.36074,-0.237526
780.6,-0.395328,1.33687,3.95723,-1.78646
780.7,-0.278558,1.67311,3.42928,-1.39986
780.8,-0.116388,1.96486,2.79125,-0.610501
780.9,0.0909702,2.20647,2.05973,-0.534809
781,0.342776,2.39398,1.25304,0.154206
781.1,0.637887,2.52522,0.390523,0.0750789
781.2,0.974905,2.59986,-0.508004,-2.99762
781.3,1.32106,2.61843,-1.42286,0.190497
781.4,1.63338,2.57848,-2.33407,0.359625
781.5,1.90927,2.4779,-3.22072,-0.351987
781.6,2.14637,2.31643,-4.06149,-1.65243
781.7,2.34266,2.09574,-4.8353,0.192896
781.8,2.49654,1.81939,-5.52201,-0.192402
781.9,2.607,1.49273,-6.103,-0.205478
782,2.67371,1.12281,-6.56186,0.16109
782.1,2.69711,0.718185,-6.88491,-1.52986
782.2,2.67849,0.288724,-7.06169,0.136102
782.3,2.62002,-0.154677,-7.08539,-1.18904
782.4,2.52471,-0.600376,-6.95315,0.380426
782.5,2.39643,-1.03631,-6.66627,0.182174
782.6,2.23984,-1.45031,-6.23029,-2.2232
782.7,2.06029,-1.83051,-5.65499,-0.587407
782.8,1.86375,-2.16563,-4.9542,-0.594969
782.9,1.65662,-2.44536,-4.14552,0.109392
783,1.44563,-2.66064,-3.24997,0.0693532
783.1,1.23766,-2.80402,-2.29146,0.134963
783.2,1.03955,-2.86985,-1.29621,-2.34247
783.3,0.846218,-2.85482,-0.292024,-0.0656461
783.4,0.639186,-2.76013,0.692862,-0.741179
783.5,0.424276,-2.59022,1.63128,-0.0672357
783.6,0.208257,-2.35145,2.49798,-1.86579
783.7,-0.00214964,-2.05194,3.27021,-0.842882
783.8,-0.200449,-1.70124,3.92836,-1.2005
783.9,-0.380531,-1.31009,4.45636,-0.118786
784,-0.536815,-0.890033,4.84205,-2.05583
784.1,-0.66438,-0.453102,5.07741,-0.898734
784.2,-0.759058,-0.0114708,5.15867,0.189095
784.3,-0.81752,0.422902,5.08629,-0.249693
784.4,-0.837315,0.838599,4.86482,0.113363
784.5,-0.816898,1.22505,4.50269,0.0442917
784.6,-0.755612,1.57282,4.0118,-1.35135
784.7,-0.653659,1.87385,3.40717,-1.26884
784.8,-0.512026,2.12164,2.70632,-0.320426
784.9,-0.332404,2.31142,1.92879,-0.280731
785,-0.117066,2.44025,1.09545,-6.05222
785.1,0.131263,2.50706,0.227863,-0.515316
785.2,0.409554,2.51265,-0.652343,0.193537
785.3,0.714643,2.45967,-1.52415,-1.84838
785.4,1.04284,2.35248,-2.36778,-0.194651
785.5,1.35059,2.19543,-3.1651,-3.3435
785.6,1.61176,1.99014,-3.89895,-1.66213
785.7,1.82629,1.73911,-4.55285,-3.15087
785.8,1.99447,1.44646,-5.11147,-1.14713
785.9,2.11701,1.11782,-5.56117,-0.649133
786,2.19515,0.760162,-5.89055,-0.064599
786.1,2.23074,0.381627,-6.09084,0.165439
786.2,2.22627,-0.00869747,-6.15631,-3.99874
786.3,2.18491,-0.401032,-6.08452,-0.654592
786.4,2.11046,-0.78518,-5.87654,-0.327644
786.5,2.00735,-1.15082,-5.53705,-0.260589
786.6,1.88057,-1.4878,-5.07432,-0.798936
786.7,1.73556,-1.78645,-4.50007,-2.53167
786.8,1.57815,-2.03789,-3.82931,-0.77119
786.9,1.4144,-2.23427,-3.07997,0.380638
787,1.25048,-2.36907,-2.27251,-0.846599
787.1,1.09252,-2.43729,-1.4294,-0.471902
787.2,0.944382,-2.43569,-0.574561,-1.99263
787.3,0.790643,-2.36402,0.267395,-0.616646
787.4,0.631767,-2.22548,1.07244,-7.69082
787.5,0.474,-2.02512,1.81801,0.383114
787.6,0.323633,-1.7695,2.48358,-4.07295
787.7,0.18686,-1.4665,3.05113,0.166082
787.8,0.0696408,-1.12502,3.50563,-1.76266
787.9,-0.0224175,-0.754768,3.83529,-1.0972
788,-0.084164,-0.365881,4.0318,-0.661457
788.1,-0.110985,0.0313237,4.09044,-0.984295
788.2,-0.0988597,0.426672,4.01009,-0.444902
788.3,-0.0443975,0.810424,3.79312,0.178722
788.4,0.0551608,1.17355,3.4452,0.0662865
788.5,0.201963,1.50799,2.97499,-1.10749
788.6,0.397593,1.80687,2.39376,0.166739
788.7,0.643149,2.06467,1.71498,-1.21675
788.8,0.939342,2.27743,0.953752,-0.0503575
788.9,1.26434,2.44219,0.126355,-0.159187
789,1.57258,2.55336,-0.749522,-0.624129
789.1,1.85923,2.60512,-1.65406,-0.454522
789.2,2.12048,2.59331,-2.56568,-0.494358
789.3,2.35257,2.51563,-3.46169,0.0032928
789.4,2.55197,2.37169,-4.31889,-1.78872
789.5,2.71555,2.16311,-5.11432,-0.0502942
789.6,2.84073,1.89346,-5.82593,-0.461499
789.7,2.92559,1.56821,-6.43325,-0.178057
789.8,2.96902,1.19463,-6.91803,0.272479
789.9,2.97078,0.781615,-7.26488,-1.88589
790,2.93158,0.339447,-7.46176,0.136915
790.1,2.85308,-0.120453,-7.50042,0.138482
790.2,2.73791,-0.58583,-7.3768,0.296617
790.3,2.58967,-1.04393,-7.09119,-0.634901
790.4,2.41282,-1.48184,-6.6484,-0.959523
790.5,2.21262,-1.88689,-6.05774,-1.77422
790.6,1.995,-2.24697,-5.33283,-1.4282
790.7,1.76646,-2.55093,-4.49141,-0.259725
790.8,1.53386,-2.78892,-3.55488,-0.787478
790.9,1.30428,-2.95268,-2.54783,-0.804975
791,1.08482,-3.03585,-1.49741,-1.52186
791.1,0.875215,-3.0343,-0.43264,-2.03545
791.2,0.651861,-2.94837,0.616737,-1.33189
791.3,0.418241,-2.78239,1.62187,0.329612
791.4,0.181378,-2.54283,2.55582,0.149593
791.5,-0.0517478,-2.23802,3.39424,-0.888536
791.6,-0.27438,-1.87788,4.11597,-1.51779
791.7,-0.480165,-1.47361,4.7036,-0.390705
791.8,-0.663313,-1.03736,5.14377,-1.06998
791.9,-0.818731,-0.581816,5.4275,-1.10695
792,-0.942142,-0.119904,5.5503,0.176917
792.1,-1.02897,0.335643,5.51218,0.195283
792.2,-1.06808,0.773151,5.31746,0.20013
792.3,-1.06314,1.18203,4.97431,0.143827
792.4,-1.02156,1.55205,4.49457,-0.207659
792.5,-0.947845,1.87362,3.89354,-1.13408
792.6,-0.836236,2.13903,3.18959,-1.33565
792.7,-0.688126,2.34277,2.40341,-0.884058
792.8,-0.506364,2.48122,1.55728,0.305231
792.9,-0.294381,2.55273,0.67438,-0.337254
793,-0.0560366,2.55765,-0.221857,-0.514208
793.1,0.204536,2.49822,-1.10846,-0.70924
793.2,0.483103,2.37852,-1.96357,-0.696387
793.3,0.775502,2.20431,-2.76706,0.0843877
793.4,1.07585,1.98284,-3.50107,-1.16094
793.5,1.34012,1.72074,-4.15032,0.15439
793.6,1.5525,1.42234,-4.70135,-0.222461
793.7,1.71472,1.09297,-5.14234,-1.31951
793.8,1.82893,0.739213,-5.46358,0.348205
793.9,1.89774,0.368761,-5.65784,-0.880918
794,1.92428,-0.009835,-5.72076,-1.95474
794.1,1.91224,-0.387398,-5.65107,-1.63103
794.2,1.86585,-0.754392,-5.45081,-2.58539
794.3,1.78985,-1.1012,-5.12536,0.172972
794.4,1.68944,-1.41842,-4.68342,-0.177507
794.5,1.57019,-1.69714,-4.13695,-0.407944
794.6,1.43796,-1.92922,-3.50087,-2.61943
794.7,1.29878,-2.10755,-2.79278,-0.181746
794.8,1.15871,-2.22631,-2.03254,0.187886
794.9,1.02374,-2.28113,-1.24183,0.190855
795,0.891035,-2.26954,-0.443518,-2.18388
795.1,0.74948,-2.19245,0.339203,0.129301
795.2,0.604396,-2.05319,1.08394,-0.00820988
795.3,0.461711,-1.85667,1.76975,-0.240054
795.4,0.327382,-1.60922,2.37766,-2.08735
795.5,0.207266,-1.31834,2.89114,-0.150775
795.6,0.106995,-0.992488,3.29642,-1.71026
795.7,0.0318678,-0.640785,3.58286,-0.784007
795.8,-0.0132429,-0.272753,3.74306,-1.46754
795.9,-0.0239611,0.101981,3.77301,-1.20866
796,0.00354359,0.473963,3.672,-0.662425
796.1,0.072531,0.83419,3.44261,0.38315
796.2,0.185691,1.17437,3.09041,-1.43945
796.3,0.345172,1.48714,2.62375,0.20037
796.4,0.552631,1.76629,2.05334,-1.41716
796.5,0.809312,2.00693,1.39185,-0.435243
796.6,1.11206,2.20558,0.653389,-0.736812
796.7,1.41421,2.3578,-0.146654,0.0610472
796.8,1.69957,2.45706,-0.990885,0.29003
796.9,1.96444,2.49803,-1.85979,-0.00938094
797,2.20503,2.47706,-2.73227,-4.30688
797.1,2.41765,2.39226,-3.58627,-2.24168
797.2,2.59887,2.24365,-4.3994,0.174859
797.3,2.74569,2.03311,-5.1496,-0.632743
797.4,2.85565,1.76444,-5.81579,-2.95431
797.5,2.92698,1.44324,-6.37857,-2.03366
797.6,2.95871,1.07682,-6.82078,-0.998633
797.7,2.95072,0.674004,-7.12809,-2.88733
797.8,2.90379,0.244916,-7.28951,0.0847184
797.9,2.81968,-0.199271,-7.29777,-0.023078
798,2.70105,-0.646637,-7.14965,-0.176127
798.1,2.55148,-1.08484,-6.84619,-0.146452
798.2,2.37539,-1.50146,-6.39278,-0.955689
798.3,2.17795,-1.88435,-5.79911,-0.621233
798.4,1.96496,-2.22199,-5.07902,-3.91675
798.5,1.74272,-2.50385,-4.25023,0.244279
798.6,1.5179,-2.72066,-3.33392,-0.727673
798.7,1.2973,-2.86479,-2.35425,-0.485508
798.8,1.08773,-2.93045,-1.33773,0.341698
798.9,0.889843,-2.91403,-0.312525,-0.347458
799,0.681323,-2.81609,0.692569,-0.0949335
799.1,0.465207,-2.6411,1.64974,-0.231449
799.2,0.248478,-2.39558,2.5331,-0.19279
799.3,0.0380742,-2.08781,3.31938,-1.21516
799.4,-0.159284,-1.72757,3.98844,-1.52018
799.5,-0.337264,-1.32579,4.52383,-0.109476
799.6,-0.490064,-0.894291,4.91303,-1.34383
799.7,-0.612542,-0.445342,5.14779,0.192654
799.8,-0.700316,0.008633,5.22418,0.270614
799.9,-0.749842,0.455436,5.14259,-1.04971
800,-0.758461,0.883429,4.90758,-0.520612
800.1,-0.724413,1.28185,4.52764,-1.17164
800.2,-0.646829,1.6411,4.01486,-0.773345
800.3,-0.525687,1.95298,3.38441,0.179518
800.4,-0.361742,2.21094,2.65407,0.33124
800.5,-0.156429,2.41016,1.84361,-1.55196
800.6,0.0882588,2.54772,0.974163,-0.287713
800.7,0.369909,2.62263,0.0675279,-0.590216
800.8,0.685851,2.63584,-0.854473,-2.2951
800.9,1.03303,2.59015,-1.77068,0.211426
801,1.36706,2.48864,-2.66109,0.185535
801.1,1.65695,2.33138,-3.50622,-0.669035
801.2,1.90163,2.11943,-4.28667,-0.0124021
801.3,2.10032,1.85562,-4.98376,-1.59875
801.4,2.25266,1.54456,-5.58009,0.200106
801.5,2.35887,1.19248,-6.06016,-0.811221
801.6,2.41978,0.807102,-6.41093,-0.180585
801.7,2.43698,0.397439,-6.62229,0.383674
801.8,2.41278,-0.0264659,-6.68748,-1.12581
801.9,2.35029,-0.453797,-6.60337,-1.41215
802,2.25337,-0.873274,-6.37073,0.104214
802.1,2.1266,-1.27347,-5.99433,0.0767125
802.2,1.9752,-1.64314,-5.48287,-0.148594
802.3,1.80494,-1.97155,-4.84895,-0.515956
802.4,1.62203,-2.24881,-4.10876,0.00498669
802.5,1.43297,-2.4662,-3.28177,-0.573518
802.6,1.24442,-2.6164,-2.39026,-0.724664
802.7,1.063,-2.6938,-1.45879,-1.81362
802.8,0.888268,-2.69479,-0.513535,-0.476344
802.9,0.701502,-2.61974,0.418683,-1.07084
803,0.506769,-2.47233,1.31183,-1.19331
803.1,0.310568,-2.25818,2.14152,-1.03676
803.2,0.119397,-1.9846,2.88562,0.170103
803.3,-0.0604012,-1.6603,3.52482,0.0386561
803.4,-0.2228,-1.29517,4.04306,-0.787572
803.5,-0.362225,-0.899932,4.42792,0.324493
803.6,-0.473669,-0.485834,4.67081,-2.20767
803.7,-0.5528,-0.064315,4.76714,0.33255
803.8,-0.596024,0.353322,4.71629,-0.0402499
803.9,-0.600541,0.756228,4.52153,-3.43706
804,-0.564358,1.13431,4.18983,0.168985
804.1,-0.486285,1.47849,3.73148,0.179677
804.2,-0.365897,1.78098,3.15975,-1.14785
804.3,-0.203471,2.03541,2.49041,0.372445
804.4,0.000102287,2.23707,1.74113,0.105912
804.5,0.243428,2.38295,0.930971,0.311345
804.6,0.524743,2.47185,0.0797179,0.195099
804.7,0.842064,2.50434,-0.792735,-1.15878
804.8,1.1832,2.4826,-1.667,-2.78057
804.9,1.49396,2.407,-2.52427,-2.3753
805,1.76529,2.27643,-3.34548,-1.47376
805.1,1.99573,2.09144,-4.11142,0.0772591
805.2,2.1841,1.85435,-4.8034,0.0731057
805.3,2.32961,1.5692,-5.40385,-1.6776
805.4,2.43204,1.24165,-5.89689,-0.104106
805.5,2.49178,0.878846,-6.26889,-0.0268698
805.6,2.50994,0.489243,-6.50895,-0.338644
805.7,2.48839,0.0823789,-6.60934,-0.714579
805.8,2.42975,-0.331383,-6.56581,-0.418489
805.9,2.33742,-0.741139,-6.37784,-2.19311
806,2.21553,-1.13575,-6.04878,0.234087
806.1,2.06886,-1.50415,-5.58588,-1.45587
806.2,1.9028,-1.8357,-5.00018,-0.820464
806.3,1.72318,-2.12047,-4.30635,-2.42396
806.4,1.53617,-2.34957,-3.52235,-0.660869
806.5,1.34817,-2.51543,-2.66903,-0.447422
806.6,1.16558,-2.61203,-1.76964,-1.32029
806.7,0.994693,-2.63514,-0.849197,0.384293
806.8,0.824203,-2.5831,0.0661691,-1.71428
806.9,0.645049,-2.45839,0.950488,0.353001
807,0.463722,-2.26592,1.77913,-3.69639
807.1,0.286796,-2.01229,2.52949,0.211273
807.2,0.120757,-1.70558,3.18154,-0.0965417
807.3,-0.0281373,-1.3551,3.71829,-0.328378
807.4,-0.154004,-0.971082,4.12619,-0.410867
807.5,-0.251449,-0.564346,4.3954,-2.14117
807.6,-0.315668,-0.146013,4.51988,-1.08832
807.7,-0.342522,0.272845,4.49755,0.198524
807.8,-0.328584,0.681511,4.33008,-2.35033
807.9,-0.271162,1.06993,4.02285,0.179846
808,-0.168294,1.42899,3.58456,-0.974325
808.1,-0.018709,1.75076,3.02691,0.0913816
808.2,0.178233,2.02871,2.36415,-0.0131142
808.3,0.422633,2.25786,1.61252,-1.50915
808.4,0.714165,2.43494,0.789729,-0.326536
808.5,1.05146,2.55843,-0.0856783,-0.458504
808.6,1.38896,2.62685,-0.99477,-0.222588
808.7,1.698,2.63586,-1.91754,-0.681227
808.8,1.97549,2.58215,-2.83255,-2.12756
808.9,2.21835,2.46429,-3.71755,-0.399704
809,2.4238,2.28281,-4.55012,-0.0994307
809.1,2.58944,2.04018,-5.30838,-1.02509
809.2,2.71344,1.7408,-5.97162,0.374537
809.3,2.79465,1.39091,-6.52104,-0.0548114
809.4,2.83271,0.99843,-6.94029,-0.498189
809.5,2.82811,0.572763,-7.21606,-0.237951
809.6,2.78227,0.124577,-7.33859,-1.68783
809.7,2.69751,-0.334491,-7.302,-0.296107
809.8,2.5771,-0.792145,-7.10461,-1.00482
809.9,2.42518,-1.23577,-6.74913,-1.03282
810,2.24669,-1.65278,-6.24268,-0.189148
810.1,2.04728,-2.03101,-5.59671,0.107237
810.2,1.83319,-2.35903,-4.82683,-0.179269
810.3,1.61112,-2.62652,-3.95246,-0.414517
810.4,1.38802,-2.8246,-2.99637,-0.525592
810.5,1.17095,-2.94612,-1.98418,0.0263234
810.6,0.966336,-2.98587,-0.943641,-2.29464
810.7,0.755487,-2.94189,0.0961356,-1.34696
810.8,0.531311,-2.81698,1.10623,-2.16752
810.9,0.300658,-2.6165,2.0592,-0.330322
811,0.0704344,-2.34774,2.92981,0.0179451
811.1,-0.152586,-2.01971,3.6957,-0.597104
811.2,-0.361938,-1.64279,4.3379,-0.305829
811.3,-0.551629,-1.22849,4.84129,-0.158125
811.4,-0.716287,-0.789023,5.1949,0.126739
811.5,-0.851282,-0.336995,5.39214,-1.7557
811.6,-0.952829,0.114974,5.43081,-1.28543
811.7,-1.01742,0.554603,5.3131,0.382972
811.8,-1.03779,0.970615,5.04535,-0.539977
811.9,-1.0182,1.35278,4.63762,0.193612
812,-0.964213,1.6914,4.10349,-0.0890452
812.1,-0.872417,1.97825,3.45969,-0.501317
812.2,-0.743753,2.20707,2.72549,0.123337
812.3,-0.580691,2.37343,1.92203,0.380606
812.4,-0.386328,2.47482,1.07168,-2.71111
812.5,-0.164257,2.51063,0.197319,-0.279025
812.6,0.0815947,2.48218,-0.678261,0.178764
812.7,0.347116,2.39264,-1.53307,-0.160941
812.8,0.628189,2.24689,-2.34655,-0.640716
812.9,0.920857,2.05136,-3.10009,0.159983
813,1.20565,1.81346,-3.77757,-1.72688
813.1,1.44078,1.53827,-4.36515,0.248972
813.2,1.62572,1.23032,-4.85053,-1.89966
813.3,1.76241,0.895453,-5.22323,-2.41141
813.4,1.8532,0.540658,-5.47502,-0.41752
813.5,1.90094,0.173874,-5.60029,-0.483368
813.6,1.909,-0.196225,-5.59634,-0.0827871
813.7,1.88128,-0.560491,-5.46361,-3.2119
813.8,1.8222,-0.909563,-5.20577,-2.16604
813.9,1.73663,-1.23415,-4.82977,-0.293971
814,1.62986,-1.5253,-4.34577,0.186729
814.1,1.50751,-1.77468,-3.76694,-0.869869
814.2,1.37539,-1.97488,-3.10924,0.197857
814.3,1.23944,-2.11956,-2.39101,0.384372
814.4,1.10554,-2.20378,-1.6326,-0.473102
814.5,0.979091,-2.2241,-0.855824,-3.46473
814.6,0.849899,-2.17941,-0.0833325,-3.37998
814.7,0.715099,-2.07187,0.662424,-0.137474
814.8,0.580515,-1.9055,1.36011,-0.243411
814.9,0.452086,-1.6858,1.99005,-0.524788
815,0.335728,-1.41952,2.53473,0.349145
815.1,0.237216,-1.11446,2.97918,-3.16608
815.2,0.162066,-0.779206,3.31133,-0.486403
815.3,0.115443,-0.422875,3.52217,-0.719989
815.4,0.10208,-0.0548134,3.60597,-2.1875
815.5,0.126227,0.315665,3.56026,-0.106275
815.6,0.191614,0.679563,3.38577,-0.143904
815.7,0.301443,1.02846,3.08632,-1.28066
815.8,0.458411,1.35474,2.6685,-0.179029
815.9,0.664745,1.65184,2.14141,0.0367195
816,0.922282,1.91441,1.51624,-0.541443
816.1,1.21626,2.13806,0.80585,0.169333
816.2,1.50331,2.31619,0.0249143,-0.165889
816.3,1.7775,2.4415,-0.809316,-1.21705
816.4,2.03472,2.50813,-1.67728,-1.70487
816.5,2.27079,2.51187,-2.55766,0.021451
816.6,2.4816,2.45025,-3.42796,-1.02118
816.7,2.66329,2.32273,-4.26514,-0.550071
816.8,2.81242,2.13066,-5.04633,0.147914
816.9,2.92608,1.87737,-5.74946,-0.201231
817,3.00206,1.56802,-6.35394,-0.16311
817.1,3.03894,1.20959,-6.84134,-0.308297
817.2,3.03616,0.810649,-7.19592,-0.331823
817.3,2.99413,0.381176,-7.40523,-2.92522
817.4,2.91419,-0.0676962,-7.46048,-1.82114
817.5,2.79869,-0.523972,-7.35697,-0.129304
817.6,2.65091,-0.97512,-7.0943,-0.723173
817.7,2.47502,-1.40841,-6.67647,-0.136002
817.8,2.27601,-1.81129,-6.11196,-1.95853
817.9,2.05956,-2.17172,-5.41353,-0.630382
818,1.83191,-2.47855,-4.59802,-0.132957
818.1,1.59973,-2.72187,-3.68596,-1.35472
818.2,1.36991,-2.89329,-2.7011,-3.09579
818.3,1.1494,-2.98624,-1.66982,-0.290853
818.4,0.943458,-2.99624,-0.620422,-0.71878
818.5,0.730663,-2.92234,0.417738,0.383768
818.6,0.507451,-2.76825,1.41585,-0.717927
818.7,0.280864,-2.54003,2.34686,-0.390606
818.8,0.057948,-2.24564,3.18615,-0.342775
818.9,-0.154434,-1.89464,3.91219,-1.50537
819,-0.349772,-1.4979,4.50705,0.377529
819.1,-0.522068,-1.06726,4.95676,-0.628701
819.2,-0.665975,-0.615177,5.25163,0.380118
819.3,-0.776908,-0.154368,5.38637,0.105582
819.4,-0.851135,0.30257,5.36014,-0.458721
819.5,-0.885837,0.743498,5.17644,-1.90595
819.6,-0.879135,1.15707,4.84289,-2.84935
819.7,-0.830092,1.53304,4.37088,-1.54515
819.8,-0.738683,1.86252,3.77519,-0.175938
819.9,-0.605735,2.13819,3.07341,0.137904
820,-0.43284,2.35451,2.28539,0.157037
820.1,-0.222247,2.5078,1.43261,-1.10599
820.2,0.0232737,2.59633,0.537492,0.195067
820.3,0.300581,2.62036,-0.377289,0.167533
820.4,0.606329,2.58203,-1.28948,0.0271014
820.5,0.937141,2.48536,-2.17789,0.34569
820.6,1.26691,2.33542,-3.02303,-1.82151
820.7,1.5496,2.13458,-3.80675,-2.67507
820.8,1.78389,1.88501,-4.51155,0.136014
820.9,1.96993,1.59062,-5.12102,-1.61072
821,2.1083,1.25688,-5.62038,-1.77253
821.1,2.20012,0.890742,-5.99705,-0.657111
821.2,2.24712,0.500423,-6.24108,0.376695
821.3,2.2517,0.0951887,-6.3456,0.181335
821.4,2.21696,-0.314899,-6.30714,-0.290972
821.5,2.1467,-0.719266,-6.12584,-0.589828
821.6,2.04536,-1.10713,-5.80558,0.19863
821.7,1.91798,-1.4678,-5.35402,-2.27591
821.8,1.77013,-1.79102,-4.78249,0.200251
821.9,1.6078,-2.06724,-4.1058,-0.622915
822,1.43725,-2.28798,-3.3419,-1.98273
822.1,1.26491,-2.44602,-2.51153,-0.0651968
822.2,1.09719,-2.5357,-1.63767,0.146581
822.3,0.937996,-2.55315,-0.74498,-1.35916
822.4,0.770368,-2.49768,0.141011,-3.22205
822.5,0.594598,-2.37221,0.99522,0.112347
822.6,0.416956,-2.18163,1.79395,-1.58431
822.7,0.243767,-1.93245,2.51552,-1.62635
822.8,0.0812646,-1.63263,3.14076,-0.385179
822.9,-0.0645629,-1.29125,3.65351,-0.725485
823,-0.1881,-0.918276,4.04094,-2.16557
823.1,-0.284222,-0.524252,4.29384,0.0787934
823.2,-0.348387,-0.119958,4.40672,0.366461
823.3,-0.376711,0.283882,4.37787,0.0266709
823.4,-0.366012,0.676913,4.20927,0.141995
823.5,-0.313831,1.04944,3.90642,0.0327195
823.6,-0.218426,1.39269,3.47808,-2.27529
823.7,-0.0787336,1.69905,2.93585,-2.41223
823.8,0.105689,1.96227,2.29379,-1.45585
823.9,0.33475,2.17763,1.56785,-1.04469
824,0.607936,2.34204,0.775394,-1.04803
824.1,0.924444,2.45413,-0.065467,0.139925
824.2,1.26212,2.5137,-0.93639,-0.990595
824.3,1.5722,2.51793,-1.8186,0.307171
824.4,1.85037,2.46365,-2.69211,-0.0892114
824.5,2.09401,2.34942,-3.53615,0.364859
824.6,2.3007,2.17567,-4.32975,-2.60225
824.7,2.46839,1.94467,-5.05243,-1.09601
824.8,2.59553,1.66052,-5.68481,-0.0348141
824.9,2.68119,1.32903,-6.20926,0.199415
825,2.72516,0.957627,-6.61047,-0.868083
825.1,2.72802,0.555127,-6.87597,-0.66149
825.2,2.6912,0.131546,-6.9966,-1.44649
825.3,2.617,-0.302183,-6.96687,-0.170668
825.4,2.50855,-0.734502,-6.78523,-0.476863
825.5,2.36984,-1.15355,-6.45426,0.342214
825.6,2.20557,-1.54748,-5.98068,-1.64145
825.7,2.02112,-1.90484,-5.3753,-1.49705
825.8,1.82243,-2.21488,-4.65282,0.354462
825.9,1.61583,-2.46789,-3.83154,-0.294623
826,1.40791,-2.65549,-2.93293,0.356748
826.1,1.20537,-2.77094,-1.98112,-0.47536
826.2,1.01482,-2.80934,-1.00227,-0.930817
826.3,0.827384,-2.7683,-0.0238765,-0.236095
826.4,0.628717,-2.64995,0.92651,-1.38596
826.5,0.425397,-2.45922,1.82264,-1.21525
826.6,0.224212,-2.20289,2.6403,-1.01152
826.7,0.0318649,-1.88936,3.35798,-0.0258038
826.8,-0.145193,-1.52836,3.95731,0.250506
826.9,-0.300909,-1.13066,4.42355,-1.12821
827,-0.42977,-0.707739,4.74583,-0.320866
827.1,-0.526906,-0.27142,4.9174,-1.60252
827.2,-0.588188,0.166441,4.93565,0.120332
827.3,-0.610282,0.594313,4.80206,-0.682346
827.4,-0.590688,1.0013,4.52207,-0.474792
827.5,-0.527743,1.37745,4.10475,-1.3608
827.6,-0.420593,1.71401,3.56247,0.18937
827.7,-0.269148,2.00365,2.91042,-0.83209
827.8,-0.0739925,2.24064,2.16607,-0.16046
827.9,0.163713,2.42104,1.34858,-1.55874
828,0.442364,2.54271,0.478201,-0.214235
828.1,0.76006,2.60538,-0.424421,-0.158076
828.2,1.11124,2.61064,-1.33886,-0.073687
828.3,1.44222,2.55927,-2.24528,0.0994791
828.4,1.73401,2.44966,-3.12355,-0.0904072
828.5,1.98477,2.28162,-3.95321,-1.01272
828.6,2.19291,2.05684,-4.71406,0.375842
828.7,2.35724,1.77886,-5.38679,-0.527745
828.8,2.47712,1.45298,-5.95367,0.185791
828.9,2.55253,1.08612,-6.39909,0.276292
829,2.58421,0.686692,-6.71015,0.012433
829.1,2.57367,0.264335,-6.87709,0.124913
829.2,2.52326,-0.170309,-6.89374,-0.922246
829.3,2.43615,-0.605894,-6.75777,0.0029324
829.4,2.3163,-1.03069,-6.47088,-0.668182
829.5,2.16844,-1.4329,-6.03892,0.140312
829.6,1.99793,-1.80103,-5.47182,-0.681987
829.7,1.8107,-2.12419,-4.78345,0.111507
829.8,1.61312,-2.39246,-3.9913,-0.366175
829.9,1.41183,-2.59718,-3.11614,-0.500829
830,1.21358,-2.73124,-2.18152,0.211999
830.1,1.02508,-2.78932,-1.21315,-0.0499109
830.2,0.839531,-2.76848,-0.238228,-0.822393
830.3,0.641081,-2.6702,0.715745,-0.023283
830.4,0.435919,-2.49891,1.62239,-0.240707
830.5,0.230705,-2.26094,2.4572,-0.104995
830.6,0.0320503,-1.96425,3.19819,-0.201863
830.7,-0.153656,-1.61822,3.82641,0.149981
830.8,-0.320396,-1.23334,4.3264,0.0388308
830.9,-0.462667,-0.820869,4.68653,-1.67757
831,-0.575595,-0.39251,4.89916,-3.10641
831.1,-0.655035,0.0399241,4.96081,-1.48509
831.2,-0.697639,0.464857,4.87209,-1.49819
831.3,-0.700897,0.871263,4.63757,0.157484
831.4,-0.663156,1.24897,4.26556,0.100987
831.5,-0.583599,1.58894,3.7677,0.153751
831.6,-0.462208,1.88348,3.15861,0.380848
831.7,-0.299694,2.12645,2.45529,0.24457
831.8,-0.0973996,2.31341,1.67663,-0.76409
831.9,0.142815,2.44172,0.842753,-1.51661
832,0.418713,2.51056,-0.0256251,-0.971088
832.1,0.727829,2.52098,-0.907818,0.272681
832.2,1.06635,2.47579,-1.78382,-0.995422
832.3,1.38647,2.37757,-2.63471,-1.66978
832.4,1.66421,2.22619,-3.44191,-0.50505
832.5,1.89857,2.02265,-4.18694,-0.542652
832.6,2.08885,1.76971,-4.85199,-0.381602
832.7,2.23473,1.47176,-5.42049,0.196078
832.8,2.33643,1.1348,-5.87767,-1.2782
832.9,2.39479,0.766197,-6.21115,-1.29782
833,2.41133,0.374578,-6.41132,-0.322857
833.1,2.38831,-0.0304587,-6.47178,-0.188798
833.2,2.3287,-0.43858,-6.38964,-1.62103
833.3,2.23621,-0.839012,-6.16568,-1.10485
833.4,2.11522,-1.22085,-5.8045,-1.23803
833.5,1.97075,-1.57335,-5.31451,-2.75758
833.6,1.80832,-1.8863,-4.70777,0.12486
833.7,1.63387,-2.15027,-3.99982,-0.924391
833.8,1.4536,-2.35693,-3.20928,0.0144203
833.9,1.27388,-2.49934,-2.35747,-0.442815
834,1.10105,-2.57215,-1.46787,-0.876184
834.1,0.938973,-2.57187,-0.565499,-1.54435
834.2,0.770418,-2.49819,0.323864,-2.73124
834.3,0.595544,-2.3545,1.17506,-3.53325
834.4,0.420789,-2.14612,1.96446,-0.182398
834.5,0.252623,-1.88001,2.6706,-1.16689
834.6,0.0973936,-1.56445,3.27469,-3.38315
834.7,-0.0388193,-1.20888,3.76105,0.0202815
834.8,-0.150329,-0.82352,4.11743,0.197487
834.9,-0.231956,-0.419087,4.33529,-0.378936
835,-0.279116,-0.00648542,4.40984,0.334301
835.1,-0.287883,0.403525,4.34013,-0.718141
835.2,-0.255031,0.80063,4.12888,-2.1146
835.3,-0.178042,1.17525,3.78232,-0.0542588
835.4,-0.0550924,1.51882,3.30983,-0.0212955
835.5,0.114993,1.82398,2.72363,-0.304469
835.6,0.332815,2.08482,2.03822,-0.774836
835.7,0.598493,2.29702,1.26993,-2.64998
835.8,0.911793,2.45792,0.436302,0.319478
835.9,1.25283,2.56616,-0.444483,-1.57421
836,1.57111,2.61783,-1.35341,-0.0470228
836.1,1.86109,2.6085,-2.26984,0.145726
836.2,2.11952,2.53551,-3.17192,-0.260296
836.3,2.34329,2.39809,-4.03717,-0.530635
836.4,2.52962,2.19746,-4.8432,0.242768
836.5,2.67618,1.93675,-5.56838,0.106454
836.6,2.78128,1.62101,-6.1925,-1.02193
836.7,2.84393,1.25706,-6.69745,-2.49362
836.8,2.864,0.853371,-7.0678,-0.644854
836.9,2.84221,0.419803,-7.29132,0.0580011
837,2.78023,-0.0326089,-7.35946,-0.453156
837.1,2.68066,-0.491962,-7.26768,-2.11423
837.2,2.54702,-0.945806,-7.01573,-1.87914
837.3,2.38369,-1.38149,-6.60774,-0.674708
837.4,2.19583,-1.78651,-6.05227,0.0779067
837.5,1.98927,-2.14891,-5.36216,-1.88729
837.6,1.7704,-2.45757,-4.5543,-0.339949
837.7,1.54598,-2.70263,-3.64928,-0.738682
837.8,1.32303,-2.87573,-2.67086,0.232657
837.9,1.10857,-2.97035,-1.64543,-1.09005
838,0.905175,-2.98204,-0.60131,-0.682695
838.1,0.689735,-2.91042,0.432257,-0.223509
838.2,0.463324,-2.75931,1.4267,-0.548629
838.3,0.232853,-2.53475,2.3552,-2.8471
838.4,0.00522778,-2.24462,3.19337,-5.23269
838.5,-0.212836,-1.89843,3.91989,-3.03665
838.6,-0.414986,-1.507,4.51699,0.36374
838.7,-0.595391,-1.08209,4.97088,-0.683513
838.8,-0.748881,-0.6361,5.27199,0.0869802
838.9,-0.871062,-0.18169,5.41516,-0.0800025
839,-0.958407,0.268589,5.39966,-0.385516
839.1,-1.00811,0.702636,5.22905,-2.02979
839.2,-1.01571,1.10929,4.91101,-1.8221
839.3,-0.985135,1.47842,4.45693,0.14276
839.4,-0.916137,1.8009,3.88157,-0.885344
839.5,-0.808705,2.06933,3.20261,0.366823
839.6,-0.664786,2.2781,2.44001,0.0545606
839.7,-0.48703,2.42344,1.61535,-2.29636
839.8,-0.278663,2.50347,0.751226,-0.841991
839.9,-0.0433451,2.51829,-0.129466,0.103941
840,0.214984,2.46988,-1.00419,-0.158583
840.1,0.492275,2.362,-1.85144,0.384373
840.2,0.784537,2.20013,-2.65129,-1.27887
840.3,1.08551,1.99117,-3.38603,-1.1154
840.4,1.35025,1.74134,-4.04036,-2.28864
840.5,1.56419,1.4546,-4.60066,0.0994703
840.6,1.7289,1.13595,-5.05485,-0.607495
840.7,1.84632,0.791706,-5.39283,-0.690996
840.8,1.91887,0.429283,-5.60692,-0.500254
840.9,1.94948,0.0569955,-5.69218,-2.54628
841,1.94163,-0.316178,-5.64671,-2.54111
841.1,1.89935,-0.680852,-5.47184,-0.0506315
841.2,1.82718,-1.02751,-5.17222,0.0743749
841.3,1.73015,-1.34679,-4.75578,-4.65919
841.4,1.61366,-1.62976,-4.2337,-1.3053
841.5,1.48341,-1.86821,-3.62015,-2.87343
841.6,1.34532,-2.05488,-2.932,0.191593
841.7,1.20536,-2.18376,-2.18848,0.313727
841.8,1.06944,-2.25022,-1.41066,-0.307824
841.9,0.940599,-2.25132,-0.620958,-0.827609
842,0.805515,-2.18693,0.157614,-2.1058
842.1,0.666265,-2.05995,0.902586,0.118121
842.2,0.528772,-1.87493,1.5928,-1.47438
842.3,0.399028,-1.63785,2.20896,0.166605
842.4,0.28296,-1.35592,2.73406,-1.72404
842.5,0.186308,-1.03731,3.15382,-0.544345
842.6,0.114514,-0.690952,3.45694,0.329671
842.7,0.0726313,-0.326186,3.63534,-1.51582
842.8,0.0652498,0.0474717,3.68423,0.384378
842.9,0.096445,0.420628,3.60217,-0.0998481
843,0.169751,0.784289,3.39091,-3.06935
843.1,0.288162,1.13011,3.05525,0.0546127
843.2,0.454149,1.45066,2.60278,0.281455
843.3,0.669721,1.73959,2.04348,-2.10883
843.4,0.936495,1.99185,1.38935,0.135478
843.5,1.23658,2.2033,0.653932,-0.611789
843.6,1.52725,2.3674,-0.14743,0.174695
843.7,1.80329,2.47717,-0.996902,-2.11223
843.8,2.06065,2.52711,-1.87446,0.0122964
843.9,2.29522,2.51343,-2.75845,-0.97547
844,2.503,2.43412,-3.6262,-1.45774
844.1,2.68027,2.28908,-4.45466,-0.712694
844.2,2.82375,2.08018,-5.2211,-1.63254
844.3,2.93076,1.81119,-5.90377,-1.18362
844.4,2.99931,1.48776,-6.48257,0.200349
844.5,3.02821,1.11727,-6.9397,-0.379232
844.6,3.01718,0.708687,-7.26021,-0.0236314
844.7,2.96689,0.272302,-7.43254,0.198433
844.8,2.87897,-0.180494,-7.44891,0.190304
844.9,2.75602,-0.63753,-7.30569,-3.25331
845,2.60159,-1.08618,-7.00361,0.332187
845.1,2.42008,-1.51371,-6.54783,-2.93513
845.2,2.21668,-1.90765,-5.94794,-0.430465
845.3,1.99726,-2.25615,-5.21778,-0.523162
845.4,1.7682,-2.54833,-4.37521,0.109284
845.5,1.53625,-2.77461,-3.44165,-1.87566
845.6,1.30836,-2.92705,-2.4416,-0.899722
845.7,1.09147,-2.99957,-1.40204,0.01487
845.8,0.886216,-2.98833,-0.351692,-0.756697
845.9,0.669311,-2.89375,0.680049,-0.492943
846,0.443667,-2.72032,1.66473,0.200029
846.1,0.216337,-2.47459,2.57583,-0.444264
846.2,-0.00567346,-2.16496,3.38948,-2.35632
846.3,-0.215585,-1.80136,4.085,-0.0511618
846.4,-0.407019,-1.39497,4.64543,0.0651519
846.5,-0.574145,-0.957808,5.05788,-4.90264
846.6,-0.71182,-0.502459,5.31378,-0.205771
846.7,-0.815692,-0.0416502,5.40897,0.194448
846.8,-0.882281,0.412089,5.34376,-0.83372
846.9,-0.909038,0.846776,5.12273,0.0830842
847,-0.894358,1.2513,4.75454,-1.63937
847.1,-0.837583,1.61572,4.25151,-0.0503937
847.2,-0.738958,1.9315,3.62922,0.09903
847.3,-0.599568,2.19176,2.90594,0.199747
847.4,-0.421244,2.39139,2.10206,-1.0318
847.5,-0.206453,2.52718,1.23942,-0.565837
847.6,0.0418472,2.59789,0.340638,-1.07545
847.7,0.320355,2.60424,-0.571584,-0.443314
847.8,0.625597,2.54883,-1.47512,-0.504027
847.9,0.954103,2.4361,-2.34907,-0.891731
848,1.27733,2.2714,-3.17435,-1.02929
848.1,1.55228,2.05728,-3.93328,-0.0654305
848.2,1.77839,1.79634,-4.60897,0.259232
848.3,1.95606,1.49285,-5.18575,-0.48097
848.4,2.08611,1.15258,-5.64967,0.158306
848.5,2.16991,0.782745,-5.9891,0.0477179
848.6,2.20945,0.39172,-6.19512,-1.14633
848.7,2.20736,-0.0111334,-6.26192,-0.219154
848.8,2.16697,-0.415746,-6.18712,0.192732
848.9,2.09225,-0.811624,-5.97192,-2.53807
849,1.98783,-1.18815,-5.62124,-1.1048
849.1,1.85887,-1.53489,-5.14369,-0.100056
849.2,1.71103,-1.84192,-4.55145,-1.67595
849.3,1.55034,-2.1001,-3.86005,-0.380139
849.4,1.38306,-2.30139,-3.08803,0.180806
849.5,1.21557,-2.43911,-2.2565,-0.693143
849.6,1.05421,-2.50816,-1.38867,0.200505
849.7,0.898733,-2.50534,-0.50919,-0.861956
849.8,0.73299,-2.43108,0.356728,-0.447174
849.9,0.561179,-2.28887,1.18463,-1.88744
850,0.38955,-2.08395,1.95161,0.163904
850.1,0.224379,-1.82315,2.63687,-1.10552
850.2,0.0718093,-1.51461,3.22224,-0.338889
850.3,-0.0622806,-1.16756,3.69261,0.0486819
850.4,-0.172408,-0.791977,4.0362,-1.34946
850.5,-0.25359,-0.398334,4.24488,-1.99506
850.6,-0.301433,0.00274308,4.31417,-2.04543
850.7,-0.312193,0.400775,4.24332,-0.123493
850.8,-0.282814,0.785726,4.03516,-0.988842
850.9,-0.210941,1.14829,3.69593,-1.48195
851,-0.094897,1.48013,3.23494,-1.31437
851.1,0.0663517,1.77415,2.66425,-5.10852
851.2,0.273272,2.0246,1.99813,0.196919
851.3,0.525854,2.2273,1.25261,0.209709
851.4,0.823735,2.37972,0.444893,-0.476793
851.5,1.15872,2.48092,-0.407222,-0.115833
851.6,1.47761,2.52846,-1.2855,-1.21256
851.7,1.76791,2.51817,-2.17039,-0.197833
851.8,2.02669,2.44739,-3.04115,0.252659
851.9,2.25115,2.31531,-3.8764,0.0846413
852,2.43875,2.123,-4.65483,0.140796
852.1,2.58739,1.87338,-5.35581,0.200204
852.2,2.69554,1.57119,-5.96006,-0.245543
852.3,2.76236,1.2229,-6.45026,0.298829
852.4,2.78776,0.836528,-6.81164,-0.407531
852.5,2.77251,0.421458,-7.03248,-0.907548
852.6,2.71824,-0.0118037,-7.10454,0.174016
852.7,2.62749,-0.451908,-7.02342,-0.491751
852.8,2.50364,-0.886972,-6.78879,-2.11213
852.9,2.3509,-1.30491,-6.40454,-1.58402
853,2.17424,-1.69377,-5.87875,-1.48476
853.1,1.97926,-2.04211,-5.22363,-1.6086
853.2,1.77208,-2.33928,-4.45525,-1.31184
853.3,1.5592,-2.5758,-3.59321,-0.39738
853.4,1.34734,-2.74367,-2.6602,-0.0919801
853.5,1.14324,-2.83659,-1.68139,-0.0484592
853.6,0.952342,-2.85021,-0.683848,-1.01332
853.7,0.755497,-2.78349,0.304358,-0.800746
853.8,0.548989,-2.63979,1.25561,-1.03015
853.9,0.339621,-2.42477,2.14388,0.196333
854,0.134224,-2.14585,2.94548,-0.350034
854.1,-0.0605185,-1.81206,3.63957,-0.542191
854.2,-0.238235,-1.43364,4.20871,-4.72819
854.3,-0.393015,-1.02182,4.63922,0.165899
854.4,-0.519539,-0.588405,4.92147,-0.0910943
854.5,-0.61319,-0.145467,5.05,-3.43502
854.6,-0.670128,0.295011,5.02358,-0.379848
854.7,-0.687356,0.721476,4.84513,-0.480862
854.8,-0.662737,1.12312,4.52145,-0.325024
854.9,-0.594997,1.49016,4.06299,-0.110283
855,-0.483689,1.81413,3.48337,-1.28857
855.1,-0.329137,2.08804,2.79894,-0.638422
855.2,-0.132346,2.30662,2.0282,-2.64163
855.3,0.10511,2.46636,1.19118,-3.17045
855.4,0.38122,2.56565,0.308811,0.327086
855.5,0.693689,2.60477,-0.597747,-0.908697
855.6,1.03966,2.58586,-1.50775,-2.09276
855.7,1.37396,2.51121,-2.40137,0.00756465
855.8,1.66662,2.38019,-3.25901,0.3831
855.9,1.91624,2.19315,-4.06096,-0.706188
856,2.12168,1.95227,-4.78793,-1.3843
856.1,2.28219,1.66151,-5.42172,-1.45418
856.2,2.39757,1.32652,-5.94582,0.0761812
856.3,2.46824,0.954503,-6.34596,-1.08624
856.4,2.49533,0.554039,-6.61065,-0.263142
856.5,2.48074,0.134844,-6.7316,0.240001
856.6,2.42718,-0.292479,-6.70409,0.28907
856.7,2.3381,-0.716739,-6.52722,-0.398842
856.8,2.21774,-1.12647,-6.20407,-2.67641
856.9,2.071,-1.51024,-5.74172,-0.568174
857,1.90342,-1.85703,-5.15122,-1.30187
857.1,1.72099,-2.15651,-4.44732,-3.11978
857.2,1.53009,-2.3994,-3.64826,-1.40707
857.3,1.33731,-2.57774,-2.77528,-0.52495
857.4,1.14929,-2.68516,-1.85212,-0.0218002
857.5,0.972111,-2.71712,-0.904476,-0.544007
857.6,0.790254,-2.67194,0.0408362,-0.267163
857.7,0.597912,-2.55222,0.957176,-0.364953
857.8,0.401583,-2.36286,1.81926,-0.250567
857.9,0.207842,-2.11055,2.60383,-0.830308
858,0.0231701,-1.8035,3.29025,0.198241
858.1,-0.146204,-1.45121,3.861,-0.0791621
858.2,-0.294449,-1.06417,4.30204,-0.145003
858.3,-0.416257,-0.653483,4.60316,0.200362
858.4,-0.506954,-0.230626,4.75806,-1.1845
858.5,-0.56258,0.192955,4.76451,-0.632848
858.6,-0.57995,0.606141,4.62421,-2.16316
858.7,-0.556683,0.99845,4.34265,-1.22734
858.8,-0.491204,1.36033,3.92885,-1.00055
858.9,-0.382718,1.68341,3.39495,-1.31423
859,-0.231157,1.9607,2.75581,-1.35433
859.1,-0.0370999,2.18681,2.02844,0.36604
859.2,0.198333,2.35803,1.23145,0.00151358
859.3,0.473605,2.47243,0.384454,0.16767
859.4,0.786908,2.52991,-0.4926,-0.753411
859.5,1.13127,2.53209,-1.38003,-0.772418
859.6,1.45279,2.47951,-2.25868,-2.43495
859.7,1.73601,2.37057,-3.1091,-0.307746
859.8,1.97916,2.20516,-3.91149,0.178021
859.9,2.18076,1.98497,-4.64632,-3.27342
860,2.33971,1.7135,-5.29498,-3.81509
860.1,2.45542,1.39592,-5.84038,-1.7715
860.2,2.52794,1.03901,-6.26753,-1.3759
860.3,2.55801,0.650946,-6.56405,0.128958
860.4,2.54716,0.241107,-6.72065,-1.27736
860.5,2.49771,-0.180176,-6.73149,-2.6143
860.6,2.41276,-0.601901,-6.59447,-1.4229
860.7,2.29619,-1.0127,-6.31143,-0.453623
860.8,2.15262,-1.40117,-5.88819,0.174128
860.9,1.98728,-1.75619,-5.33452,-0.259817
861,1.80593,-2.06725,-4.66399,-0.194082
861.1,1.61475,-2.3248,-3.89369,0.356737
861.2,1.42019,-2.5205,-3.04385,-0.132752
861.3,1.2288,-2.64753,-2.13736,-1.35411
861.4,1.04707,-2.70083,-1.19919,-1.18759
861.5,0.872271,-2.67747,-0.255738,-1.36952
861.6,0.686882,-2.57863,0.666227,0.0810412
861.7,0.496118,-2.4086,1.54099,-1.21078
861.8,0.306597,-2.17354,2.34465,-2.09485
861.9,0.124903,-1.88118,3.05577,-0.568914
862,-0.0425763,-1.54063,3.65585,-0.00275339
862.1,-0.189794,-1.16206,4.12978,0.00871236
862.2,-0.31118,-0.756363,4.46613,-0.489486
862.3,-0.401749,-0.33488,4.65739,0.057899
862.4,-0.457189,0.090978,4.70003,-0.974656
862.5,-0.473927,0.510036,4.5945,-2.23551
862.6,-0.449164,0.911675,4.34504,-1.1715
862.7,-0.380881,1.28612,3.9595,-2.75659
862.8,-0.267819,1.62472,3.44894,0.246884
862.9,-0.109429,1.92015,2.82724,-0.0289047
863,0.0942006,2.16663,2.11056,0.102205
863.1,0.342452,2.36002,1.3168,0.198065
863.2,0.634299,2.49799,0.465014,-2.32172
863.3,0.968454,2.58001,-0.42526,-1.17677
863.4,1.31361,2.60646,-1.33454,-1.13875
863.5,1.62591,2.57475,-2.24299,-1.35868
863.6,1.90255,2.48257,-3.1298,-1.16102
863.7,2.14115,2.32946,-3.97367,-1.31962
863.8,2.33957,2.11686,-4.75348,-0.738273
863.9,2.49613,1.8481,-5.44892,-0.976302
864,2.60969,1.52831,-6.04119,0.0180177
864.1,2.67983,1.16435,-6.51358,-0.585198
864.2,2.70684,0.764592,-6.85205,-0.126611
864.3,2.6919,0.33874,-7.04574,-0.857307
864.4,2.63703,-0.102435,-7.08738,-0.206406
864.5,2.54512,-0.54738,-6.9736,-1.27105
864.6,2.41992,-0.984081,-6.70517,-0.647649
864.7,2.26596,-1.4004,-6.28712,-0.631685
864.8,2.08851,-1.78441,-5.72867,0.162199
864.9,1.89342,-2.12478,-5.04313,0.275898
865,1.68705,-2.41106,-4.24764,0.198275
865.1,1.47606,-2.63407,-3.36277,-0.24333
865.2,1.26731,-2.78613,-2.41207,-0.307867
865.3,1.06763,-2.86138,-1.42145,-1.239
865.4,0.875928,-2.85612,-0.418515,-0.856201
865.5,0.671389,-2.77091,0.568499,-1.44223
865.6,0.458267,-2.60988,1.51227,0.200439
865.7,0.243331,-2.37916,2.38728,-0.109311
865.8,0.0333271,-2.08665,3.17047,-1.3206
865.9,-0.165203,-1.74175,3.84182,0.358044
866,-0.34608,-1.35503,4.38481,0.134215
866.1,-0.503633,-0.937931,4.78679,0.166252
866.2,-0.632833,-0.502438,5.03921,0.305054
866.3,-0.72939,-0.0606992,5.13777,-4.05727
866.4,-0.789838,0.375306,5.08237,-1.14732
866.5,-0.81158,0.794098,4.87707,-2.69129
866.6,-0.792917,1.18501,4.52976,-0.901682
866.7,-0.733036,1.53849,4.05193,-0.473324
866.8,-0.631977,1.8463,3.45815,-0.947578
866.9,-0.490572,2.10177,2.76563,-1.40597
867,-0.310354,2.29995,1.9936,-1.168
867.1,-0.0934458,2.43769,1.16273,-0.607577
867.2,0.157572,2.5137,0.294432,0.382106
867.3,0.43981,2.5286,-0.589726,-1.13777
867.4,0.750236,2.48483,-1.46874,0.341483
867.5,1.08373,2.38656,-2.32274,0.0469017
867.6,1.39122,2.23744,-3.13341,-0.81847
867.7,1.65284,2.03862,-3.88315,-1.04278
867.8,1.86833,1.79244,-4.55491,-0.76644
867.9,2.03775,1.5029,-5.13279,-1.05396
868,2.16162,1.17552,-5.60252,-1.89678
868.1,2.24099,0.817244,-5.95205,-0.449891
868.2,2.27754,0.436208,-6.17194,-0.850809
868.3,2.27362,0.0415527,-6.2558,-0.814094
868.4,2.23225,-0.356838,-6.20059,0.149198
868.5,2.15714,-0.748616,-6.00678,-0.44833
868.6,2.05265,-1.12326,-5.67855,0.19838
868.7,1.9237,-1.47039,-5.22371,0.244988
868.8,1.77572,-1.78006,-4.65365,0.220761
868.9,1.61454,-2.04306,-3.98312,-0.735537
869,1.44626,-2.25125,-3.22991,0.105973
869.1,1.27712,-2.39775,-2.41445,-3.43765
869.2,1.11335,-2.47721,-1.55932,-0.139728
869.3,0.959936,-2.48605,-0.68865,-1.0998
869.4,0.802052,-2.42349,0.172572,0.0836726
869.5,0.637717,-2.29247,0.9998,-1.25633
869.6,0.473215,-2.0979,1.76988,-0.722687
869.7,0.31489,-1.84626,2.46167,-0.987054
869.8,0.168997,-1.54541,3.05652,-1.94542
869.9,0.0415659,-1.2043,3.53875,0.182096
870,-0.0617281,-0.832711,3.89597,-0.662847
870.1,-0.13567,-0.440939,4.1193,-1.06877
870.2,-0.175593,-0.0394926,4.2035,-2.90076
870.3,-0.177442,0.361219,4.14703,-0.596571
870.4,-0.137813,0.751182,3.9519,-1.22819
870.5,-0.0539639,1.12107,3.62355,-1.30684
870.6,0.0762017,1.46248,3.17048,0.199332
870.7,0.254176,1.76821,2.60398,0.383119
870.8,0.48092,2.03241,1.93758,-1.32233
870.9,0.756955,2.25074,1.18665,-0.289753
871,1.08054,2.4205,0.367739,-0.511232
871.1,1.40452,2.53857,-0.501689,0.315835
871.2,1.70618,2.59927,-1.40256,-0.916512
871.3,1.98194,2.59808,-2.31395,-0.808318
871.4,2.22823,2.53227,-3.21367,-0.770617
871.5,2.44166,2.40104,-4.0789,-0.748183
871.6,2.61916,2.20554,-4.88689,0.36352
871.7,2.75818,1.94886,-5.61563,-0.547998
871.8,2.85677,1.63603,-6.24454,-1.11449
871.9,2.91377,1.27387,-6.75509,0.362829
872,2.92883,0.87084,-7.13147,-0.838997
872.1,2.90252,0.436855,-7.36106,-0.728686
872.2,2.83636,-0.0170028,-7.43494,0.0663807
872.3,2.73283,-0.478751,-7.34824,-0.824443
872.4,2.59533,-0.93584,-7.10036,-0.475207
872.5,2.42817,-1.3755,-6.69518,-0.0152225
872.6,2.23642,-1.78509,-6.14102,-0.609148
872.7,2.0259,-2.1525,-5.45054,-0.0344904
872.8,1.80294,-2.46645,-4.64052,-1.0261
872.9,1.57433,-2.7169,-3.73145,-0.249897
873,1.34706,-2.89531,-2.7471,0.197979
873.1,1.1282,-2.99499,-1.71392,-1.4822
873.2,0.921762,-3.0113,-0.660342,-0.0264907
873.3,0.704785,-2.94346,0.384156,-0.650895
873.4,0.476328,-2.79516,1.39069,-0.129842
873.5,0.243352,-2.57238,2.33207,-0.110789
873.6,0.0128252,-2.283,3.18358,0.0867111
873.7,-0.20847,-1.93652,3.92351,-2.4204
873.8,-0.414107,-1.54379,4.53374,-1.34031
873.9,-0.598183,-1.11667,5.00015,-1.1478
874,-0.755453,-0.667636,5.31285,-1.97663
874.1,-0.881453,-0.209457,5.46643,-1.46106
874.2,-0.972591,0.24518,5.45989,-2.44368
874.3,-1.02461,0.684058,5.29664,-0.372945
874.4,-1.03214,1.09611,4.98418,-0.96905
874.5,-1.00146,1.47113,4.53369,-1.47828
874.6,-0.934633,1.79963,3.95982,-0.731292
874.7,-0.828973,2.07394,3.28027,-1.656
874.8,-0.68641,2.28827,2.51507,0.174502
874.9,-0.509591,2.43868,1.68595,-1.22053
875,-0.301756,2.5232,0.815684,-0.0658017
875.1,-0.0665906,2.54178,-0.0725936,0.245818
875.2,0.191924,2.4963,-0.956082,-0.422106
875.3,0.469683,2.39048,-1.81296,-0.391404
875.4,0.76263,2.22972,-2.623,-0.288667
875.5,1.06549,2.02094,-3.36816,0.192887
875.6,1.33494,1.77061,-4.03283,-1.24735
875.7,1.55308,1.48279,-4.60321,-0.262684
875.8,1.72146,1.16248,-5.06699,-0.401709
875.9,1.84201,0.815992,-5.41389,-0.449277
876,1.91714,0.450757,-5.636,-1.37117
876.1,1.9498,0.0751382,-5.7282,-1.40312
876.2,1.94347,-0.301821,-5.68843,-1.00715
876.3,1.90218,-0.670658,-5.51787,0.0320773
876.4,1.8305,-1.02176,-5.22104,-0.318116
876.5,1.73348,-1.34566,-4.80582,-0.545394
876.6,1.61655,-1.63331,-4.28331,-0.247018
876.7,1.48547,-1.87638,-3.6677,-0.316443
876.8,1.34619,-2.06749,-2.97591,-0.78027
876.9,1.20474,-2.2005,-2.22724,0.0201792
877,1.06711,-2.27068,-1.4429,-1.7075
877.1,0.936013,-2.27495,-0.645469,-0.0621984
877.2,0.79782,-2.2132,0.141851,0.287408
877.3,0.654888,-2.08827,0.896392,0.193448
877.4,0.51314,-1.90471,1.59679,-0.0638543
877.5,0.37857,-1.6685,2.22354,-1.44681
877.6,0.257105,-1.38688,2.75944,-0.0902487
877.7,0.154484,-1.06808,3.19001,-0.0195557
877.8,0.0761372,-0.721066,3.5038,-1.75588
877.9,0.0271012,-0.355283,3.69257,-0.825601
878,0.0119358,0.0196634,3.75143,-1.16116
878.1,0.0346733,0.39427,3.67885,-2.65279
878.2,0.0987884,0.75942,3.47655,-3.35551
878.3,0.207194,1.10665,3.14935,-0.287311
878.4,0.362261,1.42837,2.70487,-1.49647
878.5,0.565871,1.71812,2.15322,-0.219513
878.6,0.819485,1.97069,1.50653,-0.601011
878.7,1.11954,2.18225,0.778525,0.167685
878.8,1.4194,2.34794,-0.0157009,-0.545151
878.9,1.704,2.46085,-0.858869,-0.479659
879,1.96946,2.51534,-1.73148,-0.0438514
879.1,2.21186,2.5074,-2.61232,-0.936335
879.2,2.42731,2.43482,-3.47911,-0.811808
879.3,2.61221,2.29725,-4.3091,-0.0885034
879.4,2.76333,2.09629,-5.07978,-1.68049
879.5,2.87802,1.83545,-5.76952,0.193447
879.6,2.95428,1.52008,-6.35823,0.241625
879.7,2.99092,1.1573,-6.82804,-0.248887
879.8,2.9876,0.755797,-7.16382,-0.227745
879.9,2.94491,0.325612,-7.35374,-0.290608
880,2.86441,-0.122094,-7.3897,-0.721693
880.1,2.74861,-0.57535,-7.26763,0.381741
880.2,2.60092,-1.0217,-6.98776,0.0725674
880.3,2.42565,-1.44853,-6.55472,-0.590705
880.4,2.2279,-1.84345,-5.97751,0.116722
880.5,2.0134,-2.19464,-5.26941,0.308707
880.6,1.78846,-2.49121,-4.44764,-0.518048
880.7,1.55974,-2.72351,-3.53307,-1.24043
880.8,1.33412,-2.88347,-2.54963,-0.985687
880.9,1.11851,-2.96486,-1.52381,0.058653
881,0.916227,-2.96355,-0.483891,0.108321
881.1,0.704551,-2.8793,0.540982,-2.53719
881.2,0.483597,-2.7162,1.52241,-0.576953
881.3,0.260376,-2.48051,2.43385,0.181045
881.4,0.0418787,-2.18034,3.25125,-0.399604
881.5,-0.165103,-1.82534,3.95368,-0.190329
881.6,-0.354147,-1.42644,4.52386,-0.416537
881.7,-0.519355,-0.995461,4.94845,0.192271
881.8,-0.655484,-0.544809,5.21838,-1.11055
881.9,-0.758058,-0.0870777,5.32899,-0.628858
882,-0.82345,0.365292,5.27997,-1.96418
882.1,-0.848936,0.800364,5.0753,-0.116404
882.2,-0.832721,1.20703,4.72303,-0.755001
882.3,-0.773935,1.57531,4.23487,-0.573093
882.4,-0.672595,1.8966,3.6258,-1.06101
882.5,-0.529544,2.1639,2.91355,-0.516759
882.6,-0.346361,2.37197,2.11798,-0.394615
882.7,-0.125247,2.51743,1.26048,0.146959
882.8,0.131114,2.59886,0.363263,0.189961
882.9,0.419705,2.6168,-0.551305,-0.0293628
883,0.737345,2.57366,-1.46136,-0.110688
883.1,1.07904,2.47369,-2.34623,-0.630651
883.2,1.3951,2.32069,-3.18678,-1.81935
883.3,1.664,2.11587,-3.96466,-0.23445
883.4,1.8854,1.86165,-4.66212,-3.0911
883.5,2.05932,1.56218,-5.26253,0.306271
883.6,2.18622,1.22318,-5.75102,-0.189763
883.7,2.26717,0.85184,-6.11498,-1.81806
883.8,2.30384,0.456622,-6.34452,0.0316927
883.9,2.29864,0.0470149,-6.43293,-0.869501
884,2.25467,-0.366713,-6.37695,0.208873
884.1,2.17575,-0.773804,-6.17701,-1.54665
884.2,2.06636,-1.16332,-5.83734,-1.26057
884.3,1.93161,-1.52445,-5.366,-1.724
884.4,1.7771,-1.84685,-4.77474,-1.01564
884.5,1.60888,-2.12095,-4.07884,-0.0465462
884.6,1.43328,-2.33821,-3.29671,-0.0728648
884.7,1.25675,-2.49149,-2.44956,-4.39195
884.8,1.08576,-2.5752,-1.56079,0.369096
884.9,0.923054,-2.58561,-0.655481,-0.387511
885,0.750836,-2.52239,0.24053,-4.09474
885.1,0.570833,-2.38875,1.10197,-0.239372
885.2,0.389383,-2.18982,1.90503,-0.0671626
885.3,0.212862,-1.93237,2.62801,-0.035633
885.4,0.0475331,-1.62458,3.25181,-0.183123
885.5,-0.100606,-1.27577,3.76043,0.031147
885.6,-0.225954,-0.896123,4.14126,-2.32812
885.7,-0.32342,-0.496346,4.38537,-1.70191
885.8,-0.388522,-0.0873863,4.48763,0.174785
885.9,-0.417451,0.319906,4.44673,-0.640949
886,-0.407126,0.715084,4.26511,0.378027
886.1,-0.355202,1.08839,3.94873,-0.39555
886.2,-0.26007,1.43104,3.50681,-3.43651
886.3,-0.120813,1.73543,2.95147,-0.828279
886.4,0.0628508,1.99536,2.29721,-0.484142
886.5,0.290661,2.20616,1.56046,0.36647
886.6,0.561926,2.36487,0.758977,-0.584244
886.7,0.875655,2.47022,-0.0887214,0.289834
886.8,1.2165,2.52241,-0.963986,-0.114118
886.9,1.53141,2.51947,-1.84798,-1.12936
887,1.81327,2.45837,-2.72082,-0.555393
887.1,2.05963,2.33783,-3.56189,-0.550411
887.2,2.26821,2.15841,-4.35043,0.178804
887.3,2.43711,1.92249,-5.06618,0.345753
887.4,2.56491,1.63429,-5.69007,-0.485186
887.5,2.65083,1.29971,-6.20477,-0.532668
887.6,2.69479,0.926242,-6.59532,-1.11994
887.7,2.6975,0.522771,-6.84963,-1.18701
887.8,2.6605,0.0993293,-6.95892,-1.4145
887.9,2.5862,-0.33315,-6.9181,0.0311945
888,2.47785,-0.76314,-6.72601,0.142145
888.1,2.33948,-1.17883,-6.38557,0.226853
888.2,2.1759,-1.56849,-5.90387,-0.3993
888.3,1.99252,-1.92075,-5.292,0.262644
888.4,1.79531,-2.225,-4.56495,-1.3916
888.5,1.59062,-2.4717,-3.74122,-0.400957
888.6,1.38506,-2.65264,-2.84244,-1.71157
888.7,1.1853,-2.76128,-1.89281,-0.532056
888.8,0.997902,-2.79291,-0.918532,-0.0322278
888.9,0.810884,-2.74549,0.0529776,-0.850837
889,0.613179,-2.6215,0.994372,-0.337035
889.1,0.411472,-2.42599,1.87968,-0.936457
889.2,0.212523,-2.16585,2.68502,0.0828137
889.3,0.0229951,-1.84954,3.38921,-0.0313478
889.4,-0.150711,-1.48685,3.97428,-2.29574
889.5,-0.302602,-1.08855,4.42585,-1.00454
889.6,-0.427227,-0.666096,4.73345,-5.35137
889.7,-0.519784,-0.231257,4.89068,-2.29595
889.8,-0.57621,0.204195,4.89526,0.295013
889.9,-0.593234,0.628835,4.749,0.0487549
890,-0.568414,1.0319,4.4576,0.179141
890.1,-0.500134,1.40359,4.03034,0.200488
890.2,-0.387581,1.73531,3.47975,0.383476
890.3,-0.230683,2.0199,2.82113,-0.33703
890.4,-0.0300358,2.25183,2.07197,-1.49962
890.5,0.213213,2.42733,1.25144,-0.239881
890.6,0.497491,2.54442,0.379666,-0.123337
890.7,0.820951,2.60304,-0.52283,0.384375
890.8,1.17293,2.6048,-1.43583,0.200138
890.9,1.49731,2.54969,-2.33956,0.0913082
891,1.78275,2.43603,-3.21378,-1.12929
891.1,2.02737,2.2638,-4.03794,0.199172
891.2,2.22956,2.03485,-4.79181,0.194308
891.3,2.38812,1.75288,-5.45614,-0.139734
891.4,2.5024,1.42334,-6.01327,-1.00011
891.5,2.57243,1.05332,-6.44775,-2.44553
891.6,2.59896,0.651342,-6.74686,0.367715
891.7,2.58356,0.227174,-6.9011,-0.877413
891.8,2.52862,-0.208453,-6.90454,0.178356
891.9,2.43736,-0.644124,-6.75517,-0.868838
892,2.31379,-1.06806,-6.45503,-1.38738
892.1,2.16269,-1.46846,-6.01028,-2.70599
892.2,1.98947,-1.83384,-5.43119,0.349625
892.3,1.8001,-2.15334,-4.73195,0.240195
892.4,1.60097,-2.41712,-3.93036,-0.0434043
892.5,1.39873,-2.61661,-3.04747,-1.73626
892.6,1.20015,-2.74482,-2.10706,-1.39422
892.7,1.01194,-2.79659,-1.13502,0.369751
892.8,0.824882,-2.76922,-0.158703,-1.16924
892.9,0.625146,-2.66455,0.794406,-0.593048
893,0.41922,-2.48717,1.69799,0.0816727
893.1,0.213781,-2.24356,2.52769,-4.05631
893.2,0.0154402,-1.94183,3.2617,-1.9874
893.3,-0.169426,-1.5915,3.8813,-2.19871
893.4,-0.334827,-1.20313,4.37131,0.217003
893.5,-0.475296,-0.788073,4.72038,0.0208395
893.6,-0.58601,-0.35807,4.92122,-0.431375
893.7,-0.662879,0.0750467,4.97066,0.199388
893.8,-0.70262,0.499707,4.86967,0.165012
893.9,-0.702791,0.904922,4.62314,-0.92326
894,-0.661808,1.28058,4.23968,0.0304603
894.1,-0.578924,1.61772,3.73123,-0.841426
894.2,-0.45419,1.90877,3.11266,0.379419
894.3,-0.288379,2.14769,2.40119,-0.380584
894.4,-0.082888,2.33019,1.61586,-0.846183
894.5,0.160374,2.45376,0.776936,-1.16974
894.6,0.439133,2.51774,-0.0948058,0.370438
894.7,0.7509,2.52332,-0.97866,-0.603135
894.8,1.09072,2.47344,-1.85465,0.381868
894.9,1.40807,2.37051,-2.7039,-2.75597
895,1.68285,2.21437,-3.5078,-1.44376
895.1,1.91409,2.00619,-4.24788,-1.95865
895.2,2.1011,1.74886,-4.90639,-1.25841
895.3,2.24363,1.44692,-5.46687,-0.0817052
895.4,2.34195,1.10649,-5.91474,-0.716561
895.5,2.39695,0.735083,-6.2378,-0.851683
895.6,2.41022,0.341408,-6.4267,0.113414
895.7,2.38408,-0.064846,-6.47531,0.0765621
895.8,2.32158,-0.473284,-6.38105,0.0366903
895.9,2.22648,-0.873097,-6.14502,-1.89088
896,2.10325,-1.25336,-5.77216,0.110721
896.1,1.95694,-1.60337,-5.2712,-0.589478
896.2,1.79312,-1.91294,-4.65452,-2.45849
896.3,1.61777,-2.17271,-3.93795,-0.310531
896.4,1.43714,-2.37445,-3.1404,-1.43423
896.5,1.25758,-2.51134,-2.28341,-0.260862
896.6,1.08544,-2.57817,-1.39064,-0.634219
896.7,0.923301,-2.57163,-0.487264,-0.109072
896.8,0.753443,-2.4918,0.400931,-1.94447
896.9,0.57776,-2.34229,1.24886,-1.15156
897,0.4027,-2.12858,2.03304,0.0954856
897.1,0.234726,-1.85774,2.7322,-1.33918
897.2,0.0801684,-1.53821,3.32777,-0.179177
897.3,-0.0549247,-1.17948,3.80436,-1.26914
897.4,-0.164911,-0.791849,4.15003,-3.41868
897.5,-0.244663,-0.386086,4.35654,-0.750472
897.6,-0.289661,0.0268955,4.41945,-0.885046
897.7,-0.296047,0.436348,4.33813,0.197981
897.8,-0.260669,0.831995,4.11562,0.029929
897.9,-0.181086,1.20432,3.75846,-0.122199
898,-0.055551,1.54483,3.27631,-0.69768
898.1,0.117036,1.84629,2.68164,-0.338217
898.2,0.337204,2.10289,1.98915,-1.14844
898.3,0.605006,2.31044,1.21534,-0.0443673
898.4,0.920149,2.46642,0.377869,-0.0351535
898.5,1.26134,2.56956,-0.505004,0.295028
898.6,1.57887,2.61597,-1.4142,-1.81766
898.7,1.86768,2.60134,-2.32905,0.141957
898.8,2.12455,2.52317,-3.22772,0.00273234
898.9,2.34643,2.38083,-4.08778,-1.14246
899,2.53059,2.17567,-4.88696,-2.10722
899.1,2.67479,1.91097,-5.60379,-0.253527
899.2,2.7774,1.5919,-6.21829,-1.97783
899.3,2.83752,1.22539,-6.71258,-0.393274
899.4,2.85509,0.819982,-7.07152,-1.1755
899.5,2.83093,0.385622,-7.28319,-0.242193
899.6,2.76677,-0.0666164,-7.33936,-2.28626
899.7,2.6653,-0.524814,-7.23586,-1.69444
899.8,2.53009,-0.976529,-6.97275,-0.101954
899.9,2.36559,-1.40915,-6.55452,-0.710546
900,2.177,-1.81024,-5.99003,-0.621905
900.1,1.9702,-2.16792,-5.29242,-0.763005
900.2,1.75158,-2.47121,-4.47883,-0.556905
900.3,1.52794,-2.71036,-3.57006,0.127385
900.4,1.30627,-2.87719,-2.59003,0.0227102
900.5,1.09358,-2.96532,-1.56522,-0.240508
900.6,0.891033,-2.97054,-0.523993,-0.428215
900.7,0.675634,-2.89284,0.50447,0.0192539
900.8,0.449879,-2.73624,1.49178,0.178797
900.9,0.220675,-2.50688,2.41134,-2.55201
901,-0.00508804,-2.21278,3.23904,-0.493297
901.1,-0.220721,-1.86352,3.95385,-0.412603
901.2,-0.41991,-1.46996,4.53833,-0.528829
901.3,-0.59687,-1.04389,4.97903,0.24642
901.4,-0.74648,-0.59772,5.26671,0.154396
901.5,-0.864403,-0.144056,5.39656,0.27056
901.6,-0.947166,0.304604,5.36814,-1.14373
901.7,-0.992226,0.736245,5.18532,-0.644963
901.8,-0.997973,1.13965,4.85607,-0.201238
901.9,-0.963819,1.5047,4.39205,-2.52603
902,-0.890048,1.82262,3.80828,-0.187451
902.1,-0.777834,2.08623,3.12256,0.0689918
902.2,-0.629147,2.29005,2.3549,-1.48978
902.3,-0.446641,2.43049,1.52692,-0.189843
902.4,-0.233527,2.50587,0.661157,-0.59248
902.5,0.00656417,2.51642,-0.219613,-1.24247
902.6,0.269747,2.46428,-1.09302,-1.1251
902.7,0.552045,2.35336,-1.93774,-4.24089
902.8,0.849561,2.18926,-2.73416,0.206839
902.9,1.15073,1.97889,-3.46483,-3.19774
903,1.40802,1.72754,-4.1146,-0.238742
903.1,1.61507,1.43905,-4.66977,-0.176811
903.2,1.77337,1.11854,-5.11819,-1.08314
903.3,1.88481,0.77242,-5.44975,-0.641799
903.4,1.95177,0.40822,-5.65677,0.0692255
903.5,1.97716,0.0343505,-5.73438,-0.325874
903.6,1.96446,-0.340116,-5.68075,-0.733773
903.7,1.91768,-0.705714,-5.49733,0.0360556
903.8,1.84138,-1.05286,-5.1889,0.140136
903.9,1.74058,-1.37214,-4.76358,0.200503
904,1.6207,-1.65457,-4.23271,0.045164
904.1,1.48747,-1.89194,-3.61064,-1.8455
904.2,1.34681,-2.07698,-2.91446,-0.72741
904.3,1.20471,-2.20369,-2.16356,-0.551702
904.4,1.06708,-2.26749,-1.37922,-0.783962
904.5,0.936639,-2.26546,-0.584012,-0.17022
904.6,0.799826,-2.19764,0.198917,-2.5063
904.7,0.659039,-2.06701,0.947003,-0.851417
904.8,0.520237,-1.87824,1.63904,0.2003
904.9,0.389442,-1.63741,2.25569,-1.06788
905,0.272603,-1.35183,2.77999,-1.64512
905.1,0.175471,-1.02978,3.19771,-0.333134
905.2,0.103495,-0.680281,3.49764,-0.848781
905.3,0.0617227,-0.312747,3.6718,-2.43678
905.4,0.0547316,0.0632347,3.71558,0.259466
905.5,0.0865773,0.438217,3.62766,-1.97121
905.6,0.160767,0.803166,3.41,0.0927697
905.7,0.28026,1.14972,3.06759,-0.129495
905.8,0.447492,1.47043,2.60821,-1.00153
905.9,0.664427,1.75896,2.04205,-0.958111
906,0.932637,2.01028,1.38129,-1.31176
906.1,1.23463,2.22031,0.639658,-0.100645
906.2,1.52702,2.38259,-0.167352,-1.12091
906.3,1.80442,2.49016,-1.02177,-1.16872
906.4,2.06279,2.53758,-1.90344,-1.29132
906.5,2.29802,2.52108,-2.79061,0.371707
906.6,2.50611,2.43873,-3.66051,0.200299
906.7,2.68337,2.29052,-4.49003,-1.64626
906.8,2.82655,2.07837,-5.2564,-0.737979
906.9,2.93296,1.80615,-5.93787,-0.493773
907,3.00066,1.4796,-6.51436,-0.258286
907.1,3.02851,1.10618,-6.96812,-0.816989
907.2,3.01627,0.694929,-7.28427,-0.242491
907.3,2.96464,0.256236,-7.45136,-1.16343
907.4,2.87531,-0.198445,-7.46177,-0.288447
907.5,2.75093,-0.656881,-7.31201,0.012724
907.6,2.5951,-1.1064,-7.00299,-0.260673
907.7,2.41226,-1.53423,-6.54006,-1.27672
907.8,2.20767,-1.92787,-5.93302,0.0831052
907.9,1.98722,-2.27549,-5.19593,-2.04683
908,1.75734,-2.56619,-4.34683,-0.22889
908.1,1.52482,-2.79046,-3.40735,-0.132057
908.2,1.29662,-2.94036,-2.40219,-0.157139
908.3,1.07972,-3.00991,-1.35848,-0.418329
908.4,0.873376,-2.99534,-0.305085,0.131948
908.5,0.654557,-2.89739,0.72852,-0.807365
908.6,0.427153,-2.72062,1.71388,-0.15648
908.7,0.198219,-2.47172,2.62453,0.179214
908.8,-0.0252427,-2.15918,3.43666,0.106503
908.9,-0.236468,-1.79301,4.1297,-1.02064
909,-0.429103,-1.38445,4.68682,0.0926412
909.1,-0.597355,-0.945611,5.09528,-2.27422
909.2,-0.736124,-0.48912,5.34668,-1.74443
909.3,-0.841114,-0.0277437,5.43709,0.374345
909.4,-0.908911,0.425962,5.367,0.122564
909.5,-0.937037,0.860003,5.14122,-0.299717
909.6,-0.923971,1.26327,4.76859,-1.88558
909.7,-0.869142,1.62584,4.26168,-0.67731
909.8,-0.772892,1.93921,3.63625,-0.715631
909.9,-0.636408,2.19652,2.91078,-1.82919
910,-0.461632,2.39271,2.10583,0.112084
910.1,-0.251146,2.52463,1.24339,-0.442709
910.2,-0.00803146,2.59109,0.34623,-0.425576
910.3,0.26428,2.59285,-0.562816,-2.94662
910.4,0.562177,2.53258,-1.46152,-2.119
910.5,0.882043,2.41476,-2.3289,-1.61939
910.6,1.20657,2.24521,-3.14583,0.254525
910.7,1.48558,2.02756,-3.89493,-0.926682
910.8,1.7151,1.7645,-4.55981,0.149594
910.9,1.89572,1.4603,-5.12528,-0.513238
911,2.02844,1.12075,-5.5779,-0.165564
911.1,2.11479,0.753001,-5.90651,0.227102
911.2,2.15689,0.365353,-6.10267,-0.256205
911.3,2.15751,-0.0329414,-6.16101,0.370323
911.4,2.12005,-0.431954,-6.07953,-0.368523
911.5,2.04856,-0.821359,-5.85977,-0.879355
911.6,1.94771,-1.19073,-5.50691,-0.540837
911.7,1.82269,-1.52986,-5.02978,0.0531117
911.8,1.67915,-1.82903,-4.44068,-1.95782
911.9,1.5231,-2.07937,-3.75516,-0.453171
912,1.36076,-2.27306,-2.99173,-0.449616
912.1,1.19844,-2.40366,-2.17139,0.219775
912.2,1.0424,-2.4663,-1.31711,-1.06093
912.3,0.891128,-2.45805,-0.453265,-0.0983815
912.4,0.729787,-2.37961,0.395331,0.263061
912.5,0.563214,-2.23451,1.20468,0.35938
912.6,0.397607,-2.02805,1.95232,-2.342
912.7,0.239184,-1.76702,2.61794,-1.26415
912.8,0.094032,-1.45951,3.18382,0.0350685
912.9,-0.032029,-1.11464,3.63524,-0.724026
913,-0.133566,-0.742251,3.96085,-0.942244
913.1,-0.205636,-0.352656,4.15281,-1.16086
913.2,-0.24387,0.0437128,4.20692,0.191808
913.3,-0.244531,0.436589,4.12262,-1.28614
913.4,-0.204547,0.816167,3.90286,0.300968
913.5,-0.121518,1.17338,3.55392,-0.262344
913.6,0.00630253,1.50014,3.08505,0.0438881
913.7,0.180056,1.78958,2.50818,-0.0260615
913.8,0.400353,2.03621,1.83735,0.174677
913.9,0.667365,2.23607,1.0883,0.199787
914,0.980954,2.38684,0.277836,-0.8095
914.1,1.31023,2.48694,-0.576608,-2.38592
914.2,1.61516,2.5319,-1.45658,-1.00054
914.3,1.89252,2.51756,-2.34201,-0.582802
914.4,2.13914,2.4415,-3.21167,-3.112
914.5,2.35204,2.30318,-4.04379,-1.75565
914.6,2.52854,2.10391,-4.81677,-1.58251
914.7,2.66647,1.84691,-5.50978,0.0760575
914.8,2.76422,1.53722,-6.10345,-0.602113
914.9,2.82091,1.18159,-6.58047,-1.37092
915,2.83647,0.788315,-6.92617,0.260638
915.1,2.81169,0.367065,-7.12902,-0.519917
915.2,2.74826,-0.0714112,-7.1811,0.367763
915.3,2.64877,-0.515542,-7.07837,-4.97504
915.4,2.5167,-0.953259,-6.82097,-0.872877
915.5,2.35634,-1.37233,-6.41327,0.132099
915.6,2.17276,-1.76069,-5.86392,-1.11858
915.7,1.97164,-2.10684,-5.18571,-1.11121
915.8,1.7592,-2.40014,-4.3953,-2.1597
915.9,1.54201,-2.63115,-3.51289,-0.480601
916,1.32685,-2.79195,-2.5617,-0.613377
916.1,1.12051,-2.87639,-1.56744,-1.87829
916.2,0.926907,-2.88034,-0.557624,0.18825
916.3,0.724747,-2.80334,0.439339,0.270516
916.4,0.513458,-2.64918,1.3957,-0.189138
916.5,0.299903,-2.42381,2.28545,-1.27704
916.6,0.090948,-2.13497,3.08496,0.0560522
916.7,-0.106717,-1.79195,3.7736,-1.19771
916.8,-0.28674,-1.40527,4.33423,-0.363729
916.9,-0.443261,-0.986382,4.75353,-0.293955
917,-0.571036,-0.547282,5.02234,-0.295641
917.1,-0.665549,-0.100199,5.1357,-1.3068
917.2,-0.72309,0.342773,5.09296,-0.965752
917.3,-0.740809,0.770011,4.8976,-0.43585
917.4,-0.716743,1.17068,4.55705,-0.669903
917.5,-0.649804,1.53503,4.08236,0.168359
917.6,-0.539753,1.85463,3.48776,0.177954
917.7,-0.387131,2.12261,2.79015,0.101875
917.8,-0.193173,2.33381,2.00856,-0.863124
917.9,0.0403082,2.48489,1.1635,0.187327
918,0.311055,2.57441,0.276327,-1.72909
918.1,0.616521,2.60284,-0.63145,-0.283667
918.2,0.954035,2.57251,-1.5388,-0.460219
918.3,1.29412,2.48677,-2.42577,-4.86683
918.4,1.59157,2.34606,-3.27312,-1.59662
918.5,1.84468,2.15094,-4.06166,-4.09756
918.6,2.05259,1.90375,-4.77269,0.305062
918.7,2.21483,1.60857,-5.38867,-0.744967
918.8,2.33145,1.27116,-5.89376,0.0676016
918.9,2.40311,0.898759,-6.2744,0.0939057
919,2.43116,0.499954,-6.51981,-0.229923
919.1,2.41769,0.0844089,-6.62241,0.202934
919.2,2.36558,-0.337379,-6.57816,-0.77185
919.3,2.27843,-0.754368,-6.3868,-0.251695
919.4,2.16058,-1.15529,-6.05198,0.160547
919.5,2.01702,-1.52897,-5.58128,-0.518023
919.6,1.85332,-1.86466,-4.98613,-0.0709206
919.7,1.6755,-2.15236,-4.28162,-0.772329
919.8,1.48991,-2.38311,-3.48613,-2.48332
919.9,1.30309,-2.54932,-2.62098,0.191684
920,1.1216,-2.64497,-1.70985,0.0562855
920.1,0.950443,-2.6659,-0.778223,0.337172
920.2,0.772208,-2.61105,0.147424,0.198467
920.3,0.584799,-2.48335,1.04101,0.31527
920.4,0.394668,-2.28787,1.87786,-0.372088
920.5,0.208321,-2.03137,2.63539,-0.10673
920.6,0.0321581,-1.7221,3.29365,-0.861463
920.7,-0.127679,-1.36954,3.83581,-0.794493
920.8,-0.265451,-0.98406,4.24849,-2.95091
920.9,-0.37594,-0.576659,4.52209,-0.66393
921,-0.454553,-0.158597,4.65091,0.177026
921.1,-0.497396,0.258915,4.63317,-0.0852247
921.2,-0.501331,0.665037,4.471,-0.852056
921.3,-0.463998,1.0496,4.17017,-5.29167
921.4,-0.383809,1.40338,3.73987,-1.22085
921.5,-0.259921,1.71836,3.19233,-0.860516
921.6,-0.0921752,1.98791,2.54233,-0.667859
921.7,0.118989,2.20698,1.80669,-0.316604
921.8,0.372639,2.37222,1.00373,-0.51369
921.9,0.667483,2.48202,0.152615,-1.59891
922,1.00202,2.5366,-0.727236,-0.573134
922.1,1.33882,2.53673,-1.61668,-0.874693
922.2,1.64087,2.4802,-2.49633,0.339209
922.3,1.90598,2.3654,-3.34601,-0.227542
922.4,2.13212,2.19257,-4.14533,-0.928321
922.5,2.31756,1.96375,-4.87428,0.197536
922.6,2.46102,1.68281,-5.51387,-0.10859
922.7,2.56178,1.35531,-6.0468,-2.43688
922.8,2.61983,0.988439,-6.45799,-0.255267
922.9,2.63588,0.590754,-6.73511,-1.84732
923,2.61145,0.172019,-6.86906,-0.239198
923.1,2.54892,-0.257078,-6.85431,0.262924
923.2,2.45145,-0.685209,-6.68921,-1.33007
923.3,2.32304,-1.10073,-6.37614,0.0768865
923.4,2.16838,-1.49198,-5.92154,0.0161334
923.5,1.99285,-1.84768,-5.3359,-0.175598
923.6,1.80232,-2.1572,-4.63355,0.381208
923.7,1.6031,-2.41092,-3.83238,-0.184707
923.8,1.40173,-2.60053,-2.9534,-0.158446
923.9,1.20486,-2.7193,-2.02028,-0.392058
924,1.01905,-2.7623,-1.05873,0.314059
924.1,0.83663,-2.72702,-0.0958257,0.186379
924.2,0.642937,-2.61538,0.841264,-0.900479
924.3,0.44437,-2.43207,1.72657,0.0443229
924.4,0.247629,-2.18366,2.53611,-0.274835
924.5,0.0593458,-1.87829,3.24848,0.093403
924.6,-0.11408,-1.52545,3.84537,0.162457
924.7,-0.266632,-1.13568,4.31199,0.122127
924.8,-0.392806,-0.720212,4.63735,0.0208825
924.9,-0.487724,-0.290672,4.81449,-0.130311
925,-0.547223,0.141282,4.84054,-0.355884
925.1,-0.567917,0.564283,4.71664,-0.209139
925.2,-0.547228,0.967573,4.44784,-0.577241
925.3,-0.483395,1.3413,4.0428,-0.0127685
925.4,-0.375452,1.67678,3.5134,-1.31473
925.5,-0.223172,1.96671,2.87437,-0.709765
925.6,-0.0269907,2.20539,2.14269,0.00530007
925.7,0.212095,2.38882,1.33705,-1.10764
925.8,0.492657,2.5148,0.477229,-3.07664
925.9,0.812983,2.58299,-0.416556,0.0817158
926,1.16345,2.59476,-1.32428,-2.35771
926.1,1.48828,2.55,-2.2263,-0.938542
926.2,1.77511,2.44675,-3.10245,-0.0575837
926.3,2.02198,2.28474,-3.93216,-0.152139
926.4,2.22715,2.06555,-4.69509,0.0693026
926.5,2.3893,1.7926,-5.37177,-0.510381
926.6,2.50765,1.47107,-5.94424,-1.07961
926.7,2.58206,1.10782,-6.39665,-0.587727
926.8,2.61313,0.711155,-6.71581,-1.33333
926.9,2.60227,0.290665,-6.89167,-0.968874
927,2.55169,-0.143053,-6.91773,-2.94403
927.1,2.46447,-0.578677,-6.79131,-1.6951
927.2,2.34448,-1.00447,-6.5138,0.0220653
927.3,2.19634,-1.40862,-6.09071,-1.58236
927.4,2.02536,-1.77957,-5.53164,-2.06294
927.5,1.8374,-2.10636,-4.85016,-0.0716119
927.6,1.63877,-2.37897,-4.06351,-0.409015
927.7,1.43609,-2.58862,-3.19223,0.187656
927.8,1.23608,-2.72806,-2.25968,-0.911524
927.9,1.04547,-2.79183,-1.29143,-1.75012
928,0.860646,-2.77669,-0.314621,0.167892
928.1,0.663275,-2.68371,0.643168,0.179804
928.2,0.458776,-2.51716,1.55539,-1.2883
928.3,0.253831,-2.28324,2.39732,0.340668
928.4,0.0550862,-1.98981,3.14671,-0.801553
928.5,-0.131018,-1.64619,3.78432,-0.149383
928.6,-0.298404,-1.26278,4.29439,0.194694
928.7,-0.441493,-0.850835,4.66494,-1.7624
928.8,-0.555332,-0.42204,4.88801,-0.619388
928.9,-0.635684,0.0117706,4.95978,-0.117863
929,-0.679103,0.438974,4.88055,0.200323
929.1,-0.682981,0.848483,4.65457,-0.41254
929.2,-0.645558,1.23004,4.28987,0.200322
929.3,-0.565914,1.57451,3.79787,-0.276825
929.4,-0.443926,1.87408,3.19296,0.249796
929.5,-0.280198,2.1225,2.49199,0.0742283
929.6,-0.0759733,2.31521,1.71372,0.371951
929.7,0.166989,2.44943,0.878175,0.194508
929.8,0.446549,2.52424,0.0060523,-0.57176
929.9,0.760337,2.54057,-0.881965,-0.994064
930,1.10282,2.50109,-1.76583,-6.45136
930.1,1.42213,2.40779,-2.62646,-0.172262
930.2,1.69954,2.26023,-3.44495,-1.45693
930.3,1.93392,2.05931,-4.20239,-1.27126
930.4,2.12439,1.80771,-4.88055,-2.9131
930.5,2.27052,1.50981,-5.46238,-0.367227
930.6,2.37238,1.17159,-5.9327,0.361276
930.7,2.43071,0.800447,-6.27865,0.323133
930.8,2.44693,0.405077,-6.49019,-0.0557533
930.9,2.42319,-0.00482629,-6.56051,-0.34617
931,2.36242,-0.418801,-6.48633,-0.342608
931.1,2.26829,-0.825917,-6.26814,-0.905699
931.2,2.14515,-1.21508,-5.91028,-0.940059
931.3,1.998,-1.57536,-5.42096,-0.329499
931.4,1.8324,-1.8963,-4.81213,0.154212
931.5,1.65431,-2.16825,-4.09927,-1.22893
931.6,1.47002,-2.38265,-3.30107,-0.134164
931.7,1.28593,-2.53232,-2.43897,-2.16346
931.8,1.10849,-2.61169,-1.53666,-1.74686
931.9,0.941927,-2.61705,-0.619433,-0.804153
932,0.768688,-2.54787,0.286567,-1.45798
932.1,0.588226,-2.40747,1.15576,-2.43279
932.2,0.407014,-2.20113,1.9641,0.179862
932.3,0.231562,-1.93582,2.68967,0.197345
932.4,0.0682572,-1.61988,3.31326,-1.93332
932.5,-0.0767826,-1.26284,3.81879,0.127198
932.6,-0.197842,-0.875042,4.19366,-0.270499
932.7,-0.289723,-0.467362,4.429,-0.634361
932.8,-0.34784,-0.0508844,4.51978,-2.8886
932.9,-0.368284,0.363423,4.46487,0.0863367
933,-0.347874,0.765022,4.26687,0.353735
933.1,-0.284162,1.1441,3.93199,-0.661543
933.2,-0.175431,1.49184,3.46966,-0.549153
933.3,-0.0206445,1.80064,2.89225,0.209407
933.4,0.180614,2.06436,2.21448,-2.99593
933.5,0.428239,2.27842,1.453,0.370478
933.6,0.721721,2.43994,0.625725,-0.458333
933.7,1.05928,2.54783,-0.2487,-1.1108
933.8,1.39427,2.60089,-1.15138,-0.0149317
933.9,1.69963,2.59514,-2.06246,0.304252
934,1.9724,2.52767,-2.96077,0.375515
934.1,2.20977,2.39744,-3.82449,-3.11137
934.2,2.40914,2.20534,-4.63175,0.0316149
934.3,2.56837,1.95417,-5.36133,0.127784
934.4,2.68587,1.64861,-5.99332,0.296111
934.5,2.76074,1.29511,-6.50976,-0.10156
934.6,2.79284,0.901747,-6.89524,-3.52622
934.7,2.78291,0.47801,-7.13743,-1.14255
934.8,2.73256,0.0345681,-7.22754,-0.221866
934.9,2.6443,-0.417015,-7.16068,-1.40026
935,2.52157,-0.864595,-6.9361,-0.328348
935.1,2.36863,-1.29578,-6.55737,0.192841
935.2,2.19049,-1.6983,-6.0324,-0.227085
935.3,1.99287,-2.06034,-5.37329,-1.62886
935.4,1.78201,-2.37089,-4.59617,0.023455
935.5,1.56455,-2.62012,-3.72082,0.260128
935.6,1.34739,-2.79963,-2.77023,-0.495951
935.7,1.13746,-2.90278,-1.77,0.183418
935.8,0.939747,-2.92495,-0.747738,-1.38129
935.9,0.733353,-2.86499,0.267863,-0.15604
936,0.515672,-2.72625,1.24856,-0.485319
936.1,0.29353,-2.51435,2.16769,-1.1204
936.2,0.0737784,-2.23679,3.00093,-0.0305428
936.3,-0.136883,-1.90268,3.72684,-0.176679
936.4,-0.332081,-1.52246,4.32743,-0.976394
936.5,-0.505922,-1.10756,4.78852,0.354462
936.6,-0.653134,-0.670044,5.10008,-1.54742
936.7,-0.769177,-0.222308,5.25636,-0.344153
936.8,-0.850338,0.223327,5.25594,-2.54954
936.9,-0.89379,0.654937,5.10167,-0.471682
937,-0.897629,1.06132,4.80043,0.361651
937.1,-0.860879,1.4323,4.36288,-1.63583
937.2,-0.783465,1.759,3.80299,-0.756521
937.3,-0.666166,2.03402,3.13761,-0.575221
937.4,-0.51053,2.25168,2.38588,-0.990523
937.5,-0.318774,2.40811,1.56859,0.034316
937.6,-0.0936602,2.5013,0.707585,0.376496
937.7,0.161649,2.53118,-0.174931,-0.969381
937.8,0.443747,2.49955,-1.05706,0.16283
937.9,0.749153,2.41001,-1.91785,0.180145
938,1.07283,2.26782,-2.73792,-0.884984
938.1,1.36806,2.07783,-3.49977,-1.9123
938.2,1.61488,1.84235,-4.18709,0.0657037
938.3,1.81375,1.56479,-4.7845,-4.2704
938.4,1.96543,1.25009,-5.27811,-0.437483
938.5,2.07118,0.904585,-5.65597,0.188948
938.6,2.1328,0.535838,-5.9086,-0.223438
938.7,2.15269,0.152433,-6.02934,-7.99244
938.8,2.13387,-0.236266,-6.01468,-2.16967
938.9,2.07999,-0.620378,-5.86449,-0.250754
939,1.99531,-0.989785,-5.58214,-0.619566
939.1,1.88466,-1.33443,-5.17453,0.184034
939.2,1.75333,-1.64462,-4.65206,-3.66287
939.3,1.60702,-1.9113,-4.02838,-0.839579
939.4,1.45169,-2.12637,-3.32017,-0.747547
939.5,1.29346,-2.28292,-2.54675,-0.819579
939.6,1.13844,-2.37546,-1.72961,-3.43447
939.7,0.992594,-2.40015,-0.891855,-1.31597
939.8,0.846268,-2.35547,-0.0576142,-1.51787
939.9,0.692757,-2.24358,0.749125,-0.216789
940,0.538165,-2.06881,1.50555,-2.03136
940.1,0.3887,-1.83705,2.19064,-3.43428
940.2,0.250531,-1.55557,2.78568,-0.504158
940.3,0.129648,-1.23277,3.27471,-0.905354
940.4,0.0317428,-0.877896,3.64487,-1.37988
940.5,-0.0378988,-0.500784,3.88664,-1.06314
940.6,-0.0744867,-0.11153,3.994,-0.713349
940.7,-0.07379,0.279795,3.96447,0.179218
940.8,-0.0321779,0.663438,3.79904,-2.62876
940.9,0.0533649,1.03024,3.50203,-1.30951
941,0.18525,1.37192,3.08081,-0.398751
941.1,0.365326,1.68126,2.54547,-0.863828
941.2,0.594942,1.95234,1.9084,-2.25445
941.3,0.875039,2.18069,1.18382,-0.516906
941.4,1.19423,2.36317,0.387259,0.172815
941.5,1.50259,2.49468,-0.464451,-2.71678
941.6,1.79139,2.56894,-1.35233,-0.809416
941.7,2.05681,2.58121,-2.25547,-2.11573
941.8,2.29501,2.52853,-3.15159,-0.868733
941.9,2.50234,2.40986,-4.01774,-0.283107
942,2.67549,2.22608,-4.83089,-1.47686
942.1,2.81162,1.98006,-5.56872,-0.787033
942.2,2.90856,1.67657,-6.21022,-0.299296
942.3,2.96488,1.32222,-6.73638,-0.344602
942.4,2.97998,0.925287,-7.1308,-0.624254
942.5,2.95421,0.495527,-7.38025,0.170362
942.6,2.88884,0.0439151,-7.47512,-0.0663999
942.7,2.78614,-0.417631,-7.40983,-0.0952071
942.8,2.64931,-0.876574,-7.18308,-2.3789
942.9,2.48247,-1.3201,-6.79802,-0.377756
943,2.29057,-1.73549,-6.26229,-0.0461642
943.1,2.07926,-2.11047,-5.5879,-0.34297
943.2,1.85479,-2.43357,-4.79102,-0.679828
943.3,1.62387,-2.69451,-3.89165,-1.70668
943.4,1.39347,-2.88447,-2.91315,-0.12746
943.5,1.17064,-2.99642,-1.88163,-0.315851
943.6,0.961627,-3.02536,-0.825347,-0.354146
943.7,0.746732,-2.96961,0.226214,-0.981266
943.8,0.519357,-2.83232,1.24386,0.0111143
943.9,0.286486,-2.6192,2.19998,0.111532
944,0.0551403,-2.33787,3.06933,-0.132527
944.1,-0.167816,-1.99766,3.82962,-0.592197
944.2,-0.375851,-1.60928,4.46207,-1.49078
944.3,-0.562928,-1.18448,4.95186,-1.23855
944.4,-0.723654,-0.735726,5.28841,-0.790615
944.5,-0.853399,-0.275813,5.46557,-0.372645
944.6,-0.948391,0.182494,5.48167,-2.25668
944.7,-1.00571,0.626816,5.33946,-1.91346
944.8,-1.02017,1.04565,5.04588,0.182518
944.9,-0.995,1.42859,4.61169,-2.39253
945,-0.931513,1.76605,4.05118,-3.8714
945.1,-0.828554,2.0502,3.38168,0.176878
945.2,-0.687908,2.27496,2.62298,-0.716923
945.3,-0.512092,2.43613,1.79664,-0.170616
945.4,-0.304229,2.53144,0.925375,0.160671
945.5,-0.0679081,2.56059,0.032354,0.0726805
945.6,0.192972,2.52519,-0.859498,0.193519
945.7,0.474371,2.42874,-1.72815,-0.0104327
945.8,0.772281,2.27644,-2.55309,-1.10814
945.9,1.08074,2.07505,-3.31593,-1.79401
946,1.35419,1.83069,-4.00063,-4.29972
946.1,1.57644,1.54714,-4.59283,-1.42706
946.2,1.74885,1.22927,-5.07962,-1.23559
946.3,1.87319,0.883267,-5.45004,-0.732675
946.4,1.9517,0.516536,-5.69549,-0.797682
946.5,1.98718,0.137437,-5.81016,-2.8772
946.6,1.98297,-0.24493,-5.79131,-1.77986
946.7,1.943,-0.620987,-5.63945,0.196922
946.8,1.87175,-0.980957,-5.3585,-2.24986
946.9,1.77419,-1.31515,-4.95579,0.238076
947,1.65575,-1.61427,-4.44199,-0.176501
947.1,1.52216,-1.86966,-3.83091,-0.373096
947.2,1.3794,-2.07363,-3.13923,-0.783393
947.3,1.23358,-2.21968,-2.38613,0.0289207
947.4,1.09075,-2.3027,-1.59281,0.382945
947.5,0.955355,-2.31922,-0.782005,0.0470029
947.6,0.813957,-2.2685,0.0227819,0.0763274
947.7,0.6664,-2.15306,0.798386,-0.919926
947.8,0.518632,-1.97725,1.52287,0.134189
947.9,0.376689,-1.74694,2.1761,-0.125035
948,0.246556,-1.46927,2.7402,-0.0617489
948.1,0.134038,-1.15248,3.20002,-1.01314
948.2,0.0446434,-0.805575,3.54342,-0.512614
948.3,-0.0165206,-0.438105,3.76152,0.381375
948.4,-0.0448262,-0.0598422,3.84884,0.159439
948.5,-0.0361866,0.319497,3.80329,-0.976211
948.6,0.0129077,0.690538,3.62616,0.0426359
948.7,0.105379,1.04452,3.32191,-1.55733
948.8,0.243578,1.37353,2.89791,-0.490516
948.9,0.429324,1.67074,2.36415,-0.695337
949,0.663974,1.93059,1.73276,-1.18866
949.1,0.948516,2.14895,1.01758,-0.500245
949.2,1.26108,2.32258,0.233691,-0.550619
949.3,1.5588,2.44565,-0.602321,0.383883
949.4,1.8372,2.51212,-1.47166,-0.00298476
949.5,2.09252,2.51757,-2.35368,-1.00669
949.6,2.32098,2.4593,-3.22651,0.342989
949.7,2.51904,2.3365,-4.06765,0.311134
949.8,2.68348,2.15026,-4.85466,-2.77922
949.9,2.81159,1.90359,-5.56578,-3.86351
950,2.90131,1.60135,-6.18068,-0.572581
950.1,2.9513,1.25021,-6.68102,-0.385146
950.2,2.96107,0.858415,-7.05108,-0.652419
950.3,2.93106,0.435647,-7.27829,-0.41293
950.4,2.8626,-0.00724837,-7.35368,-1.30163
950.5,2.75801,-0.458541,-7.27223,-0.804584
950.6,2.62052,-0.905931,-7.03315,-0.387775
950.7,2.45423,-1.33689,-6.64,-2.1971
950.8,2.26405,-1.739,-6.1007,-0.0161455
950.9,2.05559,-2.10036,-5.42745,-0.281158
951,1.835,-2.40985,-4.6365,0.154226
951.1,1.60886,-2.65758,-3.74777,-0.300008
951.2,1.38401,-2.8351,-2.78439,0.298376
951.3,1.16733,-2.93575,-1.77217,-0.539642
951.4,0.964999,-2.95487,-0.738887,-0.603277
951.5,0.758306,-2.89102,0.286532,-3.50705
951.6,0.540752,-2.74748,1.27552,-0.952529
951.7,0.319297,-2.53001,2.20114,-3.44522
951.8,0.100925,-2.24623,3.03878,0.147823
951.9,-0.10753,-1.90539,3.76683,0.182909
952,-0.299561,-1.51808,4.36713,-1.07258
952.1,-0.469145,-1.09587,4.82542,-2.63026
952.2,-0.610878,-0.650973,5.13159,-0.146215
952.3,-0.720091,-0.195907,5.27991,-1.51886
952.4,-0.792941,0.256891,5.26899,-2.30323
952.5,-0.826467,0.695401,5.10176,0.274289
952.6,-0.818627,1.10835,4.7852,-0.332745
952.7,-0.768299,1.48551,4.33009,-0.104916
952.8,-0.675251,1.81798,3.75056,-0.743431
952.9,-0.540086,2.09839,3.06359,-0.444013
953,-0.364156,2.3211,2.28843,-1.17194
953.1,-0.149457,2.4823,1.446,-0.177451
953.2,0.101506,2.58011,0.558222,-0.115802
953.3,0.385866,2.61459,-0.352677,-1.17076
953.4,0.700561,2.58771,-1.26482,0.165807
953.5,1.042,2.5033,-2.15736,0.0210422
953.6,1.36513,2.36522,-3.0109,-0.00578175
953.7,1.64181,2.17451,-3.80686,-0.320335
953.8,1.87154,1.93317,-4.52714,-0.12252
953.9,2.05414,1.64492,-5.1546,0.200262
954,2.18988,1.31513,-5.67373,-2.60895
954.1,2.27957,0.950671,-6.07114,0.15494
954.2,2.3247,0.559745,-6.33611,-1.19712
954.3,2.32742,0.151649,-6.46096,-0.813555
954.4,2.29063,-0.263464,-6.44144,-1.3923
954.5,2.21792,-0.674875,-6.27696,0.220577
954.6,2.11361,-1.0716,-5.97074,-0.373718
954.7,1.98263,-1.4427,-5.52984,0.105044
954.8,1.83046,-1.77761,-4.96508,-3.33235
954.9,1.66306,-2.06648,-4.29088,-0.473364
955,1.48668,-2.30042,-3.52496,-0.189091
955.1,1.3078,-2.47184,-2.68789,-0.278466
955.2,1.13291,-2.57469,-1.80267,0.00408193
955.3,0.967734,-2.60467,-0.894115,-0.637135
955.4,0.797225,-2.5603,0.0119022,-3.1558
955.5,0.617197,-2.44411,0.88971,-0.963433
955.6,0.433976,-2.26078,1.71494,-0.265601
955.7,0.253969,-2.01672,2.46517,-1.41456
955.8,0.083507,-1.7198,3.12047,-3.50243
955.9,-0.0713089,-1.37914,3.66392,-0.996625
956,-0.204744,-1.00475,4.08193,-0.838654
956.1,-0.311552,-0.607327,4.36456,-0.455268
956.2,-0.387074,-0.197831,4.50565,-1.8434
956.3,-0.42732,0.212767,4.50291,-3.27071
956.4,-0.429017,0.613825,4.35783,-0.573456
956.5,-0.389641,0.995322,4.07552,-2.75959
956.6,-0.307409,1.34813,3.66446,-2.72675
956.7,-0.181255,1.66428,3.13611,-0.0334374
956.8,-0.0107701,1.93714,2.50451,0.144891
956.9,0.203876,2.1616,1.78576,0.195152
957,0.462046,2.3342,0.997452,-2.2423
957.1,0.762756,2.45321,0.158083,-1.16686
957.2,1.10179,2.51864,-0.713541,-1.31783
957.3,1.42793,2.52981,-1.59865,-0.171951
957.4,1.72135,2.48361,-2.47771,-1.10578
957.5,1.97959,2.37825,-3.33027,-3.73675
957.6,2.20036,2.2138,-4.13558,-1.24983
957.7,2.38168,1.99215,-4.87325,0.35549
957.8,2.52203,1.71702,-5.52384,-0.497014
957.9,2.62047,1.39389,-6.06956,-0.728455
958,2.67675,1.02982,-6.49478,-3.13244
958.1,2.69139,0.633341,-6.78664,0.381784
958.2,2.66573,0.214196,-6.93547,0.33458
958.3,2.60196,-0.216904,-6.93518,0.374366
958.4,2.50311,-0.64857,-6.78357,-0.520341
958.5,2.37304,-1.06905,-6.48249,-0.201844
958.6,2.21635,-1.46656,-6.03792,0.0227043
958.7,2.03832,-1.82962,-5.45992,-0.14916
958.8,1.84479,-2.14741,-4.76247,-0.913037
958.9,1.64202,-2.41007,-3.96317,-1.66316
959,1.43658,-2.60903,-3.08285,-0.292115
959.1,1.23513,-2.73727,-2.1451,-0.102608
959.2,1.04428,-2.78961,-1.17563,-0.75691
959.3,0.86022,-2.76308,-0.201599,-0.14768
959.4,0.664811,-2.65906,0.74948,0.210641
959.5,0.463612,-2.48206,1.65122,-0.370688
959.6,0.263373,-2.23852,2.47915,-0.171525
959.7,0.0707889,-1.9365,3.21136,-0.215337
959.8,-0.107662,-1.58544,3.82898,-1.41054
959.9,-0.265873,-1.19589,4.31667,0.150509
960,-0.398246,-0.779141,4.66293,-1.41587
960.1,-0.499806,-0.346898,4.86026,-1.01969
960.2,-0.566294,0.0890403,4.90533,-1.32174
960.3,-0.594233,0.517138,4.79885,0.347389
960.4,-0.580966,0.926439,4.54553,-0.315131
960.5,-0.524666,1.30687,4.15372,-0.335331
960.6,-0.424318,1.64949,3.63514,-1.63995
960.7,-0.279668,1.94676,3.00437,0.323692
960.8,-0.0911487,2.19272,2.27839,-0.246493
960.9,0.14022,2.38309,1.47596,0.234251
961,0.412957,2.51545,0.617005,-1.04191
961.1,0.725265,2.5892,-0.278009,-2.38337
961.2,1.07366,2.60562,-1.18874,-1.10176
961.3,1.40829,2.56571,-2.09539,-4.06484
961.4,1.70448,2.46772,-2.97795,-0.171275
961.5,1.96033,2.31115,-3.81596,-1.70018
961.6,2.17414,2.09736,-4.58908,0.373218
961.7,2.34461,1.82953,-5.27779,-4.00423
961.8,2.47096,1.51267,-5.86402,-1.35371
961.9,2.55302,1.1534,-6.33171,0.383299
962,2.59135,0.759874,-6.6674,-1.72992
962.1,2.58731,0.341525,-6.86072,0.119589
962.2,2.54306,-0.0911708,-6.90479,-0.528692
962.3,2.4616,-0.526981,-6.79654,-1.19385
962.4,2.34674,-0.954222,-6.5369,-0.168139
962.5,2.20305,-1.36109,-6.13096,-0.450356
962.6,2.03576,-1.73602,-5.58787,-1.50446
962.7,1.85072,-2.06797,-4.92076,-1.14987
962.8,1.65418,-2.34683,-4.14649,-0.910282
962.9,1.45275,-2.56369,-3.28522,-0.295341
963,1.25315,-2.71113,-2.36001,-1.05565
963.1,1.06211,-2.78349,-1.3962,-0.144183
963.2,0.878393,-2.77723,-0.420758,-0.123357
963.3,0.682379,-2.69295,0.538751,0.357115
963.4,0.478484,-2.53469,1.45567,-0.554652
963.5,0.273367,-2.30841,2.30509,-0.866122
963.6,0.0736682,-2.02182,3.06451,-0.182841
963.7,-0.114159,-1.68404,3.71439,-0.157951
963.8,-0.284007,-1.30537,4.23857,-0.00304803
963.9,-0.430254,-0.896944,4.62467,-1.76139
964,-0.547888,-0.470415,4.86431,0.157478
964.1,-0.632607,-0.03759,4.95323,-1.79436
964.2,-0.680891,0.38989,4.89125,-2.11365
964.3,-0.690053,0.800881,4.68223,-0.359553
964.4,-0.658255,1.18504,4.33377,0.358251
964.5,-0.584501,1.5331,3.85692,-0.374772
964.6,-0.468599,1.83712,3.26574,-2.17106
964.7,-0.311095,2.09066,2.57683,-1.10411
964.8,-0.113182,2.28897,1.80873,-0.713649
964.9,0.123411,2.42908,0.981351,-0.189501
965,0.396555,2.50985,0.115308,-0.576086
965.1,0.703875,2.53199,-0.768698,-2.18039
965.2,1.04239,2.49802,-1.65053,0.130603
965.3,1.36743,2.41051,-2.51109,0.181622
965.4,1.65061,2.26922,-3.33161,0.298871
965.5,1.89082,2.07484,-4.09335,-0.226164
965.6,2.08719,1.82982,-4.77809,-4.38084
965.7,2.23927,1.53832,-5.36879,-1.02184
965.8,2.34711,1.20609,-5.85016,-0.983092
965.9,2.4114,0.840343,-6.20914,-0.699216
966,2.43348,0.44956,-6.43547,-1.36178
966.1,2.41543,0.0432689,-6.52202,0.174232
966.2,2.36011,-0.368216,-6.46515,-1.22635
966.3,2.27108,-0.77408,-6.26492,0.328103
966.4,2.15262,-1.16331,-5.92524,-0.668163
966.5,2.00963,-1.52503,-5.45382,-2.26751
966.6,1.84759,-1.84877,-4.86215,0.218703
966.7,1.67239,-2.12487,-4.16524,-2.15168
966.8,1.49025,-2.34467,-3.38131,-1.94016
966.9,1.30754,-2.5009,-2.53139,-0.551468
967,1.13067,-2.58782,-1.63878,-0.553679
967.1,0.965142,-2.60153,-0.728467,0.351064
967.2,0.795531,-2.54097,0.173608,0.00019497
967.3,0.618175,-2.40909,1.04188,-0.588698
967.4,0.439516,-2.21094,1.85223,0.139339
967.5,0.266051,-1.95323,2.58259,0.200386
967.6,0.10418,-1.64414,3.21349,0.359948
967.7,-0.0399452,-1.29297,3.72857,0.0440419
967.8,-0.160555,-0.909927,4.11485,-1.0314
967.9,-0.252377,-0.505759,4.36306,-0.0740629
968,-0.310729,-0.0914643,4.4677,0.196371
968.1,-0.331592,0.322043,4.42717,0.108229
968.2,-0.311656,0.724241,4.2436,-2.41926
968.3,-0.248334,1.1053,3.92268,0.100656
968.4,-0.139756,1.45634,3.4734,-0.0903556
968.5,0.0152735,1.76969,2.90764,0.199739
968.6,0.217338,2.03908,2.23975,-0.734993
968.7,0.466504,2.25981,1.48597,-0.952815
968.8,0.762435,2.42886,0.663917,-2.48165
968.9,1.10153,2.54493,-0.208046,-0.734032
969,1.43263,2.60608,-1.11114,-1.50397
969.1,1.73519,2.6079,-2.02537,-1.58451
969.2,2.00614,2.54733,-2.92939,-0.609067
969.3,2.24247,2.42318,-3.80108,-1.7538
969.4,2.44143,2.23618,-4.61827,0.173666
969.5,2.60073,1.98902,-5.35938,-1.30654
969.6,2.71862,1.68628,-6.00409,-3.05314
969.7,2.79404,1.33434,-6.53403,0.200025
969.8,2.82673,0.941218,-6.93332,-0.55528
969.9,2.81728,0.5164,-7.18918,-0.00497837
970,2.76721,0.0705772,-7.29235,-0.0145481
970.1,2.67892,-0.384631,-7.23749,-0.269671
970.2,2.55575,-0.836989,-7.02344,0.180004
970.3,2.40191,-1.27399,-6.65339,-0.379014
970.4,2.22236,-1.68319,-6.13489,0.0692817
970.5,2.02279,-2.0526,-5.4798,0.0545757
970.6,1.80944,-2.37102,-4.70402,-2.73965
970.7,1.58897,-2.62838,-3.82721,0.120969
970.8,1.3683,-2.81607,-2.87229,-1.73218
970.9,1.15443,-2.9272,-1.8649,0.256236
971,0.953141,-2.95689,-0.832757,-0.790189
971.1,0.744442,-2.9036,0.19522,-0.0243226
971.2,0.523567,-2.77046,1.19044,-1.23528
971.3,0.297366,-2.56298,2.12586,-2.3833
971.4,0.0727291,-2.28858,2.97671,-0.0236574
971.5,-0.143599,-1.95636,3.72112,-0.699412
971.6,-0.345191,-1.57676,4.34063,-0.253227
971.7,-0.5261,-1.16124,4.82065,-2.11821
971.8,-0.680999,-0.72198,5.15073,0.154393
971.9,-0.8053,-0.271479,5.32473,-1.49585
972,-0.89525,0.177787,5.34091,-1.58939
972.1,-0.947997,0.613714,5.20184,-1.42506
972.2,-0.961628,1.0249,4.9142,-0.072195
972.3,-0.935177,1.40096,4.48851,-2.2627
972.4,-0.868609,1.73277,3.9387,-3.08393
972.5,-0.762766,2.01271,3.28163,-1.30901
972.6,-0.619294,2.23486,2.53655,-0.340454
972.7,-0.440542,2.3951,1.72446,0.194644
972.8,-0.229443,2.49122,0.867466,-0.15581
972.9,0.0106305,2.52293,-0.0118764,0.279679
973,0.276017,2.49182,-0.891249,-1.1433
973.1,0.562933,2.40131,-1.74921,-0.792181
973.2,0.867649,2.25654,-2.56583,-0.090269
973.3,1.17607,2.06393,-3.32322,0.0147207
973.4,1.4398,1.82801,-4.00553,0.048565
973.5,1.65403,1.55212,-4.59815,-2.27476
973.6,1.81986,1.241,-5.0879,-0.00631333
973.7,1.93884,0.900761,-5.46345,0.276019
973.8,2.01301,0.538694,-5.71588,-0.826374
973.9,2.04494,0.163093,-5.83896,0.153982
974,2.03779,-0.216992,-5.82952,0.187274
974.1,1.99533,-0.592012,-5.68765,-0.518557
974.2,1.92185,-0.95219,-5.41684,-1.90476
974.3,1.82221,-1.28781,-5.02399,-1.02623
974.4,1.70168,-1.58951,-4.51934,-0.806195
974.5,1.5659,-1.84857,-3.91631,-4.48313
974.6,1.42078,-2.05717,-3.23123,-0.404822
974.7,1.27233,-2.20866,-2.48296,-1.2455
974.8,1.12657,-2.29779,-1.69245,-0.69293
974.9,0.989288,-2.32089,-0.882215,-0.698558
975,0.850949,-2.27657,-0.0757104,-0.767336
975.1,0.706126,-2.16696,0.703759,0.284105
975.2,0.560803,-1.99625,1.43403,-1.78072
975.3,0.421071,-1.77013,2.09467,-0.250439
975.4,0.292993,-1.49564,2.66747,0.165685
975.5,0.182469,-1.1809,3.13692,0.223168
975.6,0.0951232,-0.834861,3.49045,0.200151
975.7,0.0361965,-0.467018,3.71878,-0.596334
975.8,0.0104673,-0.0871348,3.81596,-1.64846
975.9,0.0221886,0.295058,3.7795,0.0731673
976,0.0750512,0.670145,3.61025,0.18954
976.1,0.172172,1.0293,3.31226,-1.24235
976.2,0.316108,1.36453,2.89254,-0.554642
976.3,0.508899,1.66892,2.36069,-0.74768
976.4,0.752135,1.93679,1.72856,-1.27419
976.5,1.04635,2.16388,1.0097,0.0801792
976.6,1.35222,2.34589,0.21908,-1.25113
976.7,1.64383,2.47584,-0.626338,-1.13428
976.8,1.91728,2.54759,-1.50721,0.285363
976.9,2.16854,2.55664,-2.40233,0.0680903
977,2.39359,2.50024,-3.28921,-2.29765
977.1,2.58865,2.37756,-4.14476,-0.384253
977.2,2.75031,2.18972,-4.94589,-0.41811
977.3,2.87567,1.93979,-5.67031,0.134432
977.4,2.96251,1.63276,-6.29708,0.144065
977.5,3.00938,1.27543,-6.80736,0.0633718
977.6,3.01568,0.876237,-7.18499,-1.00101
977.7,2.98176,0.445083,-7.417,-1.06233
977.8,2.90895,-0.00693964,-7.49411,0.127375
977.9,2.79951,-0.467829,-7.4111,-1.55808
978,2.65671,-0.924998,-7.16706,-3.99607
978.1,2.4847,-1.36562,-6.76553,-0.16677
978.2,2.28844,-1.77699,-6.21454,-1.96646
978.3,2.07362,-2.14689,-5.52648,-1.23643
978.4,1.84651,-2.46395,-4.71789,0.119355
978.5,1.61381,-2.718,-3.80908,-0.417005
978.6,1.38249,-2.9004,-2.82366,-1.46165
978.7,1.15957,-3.00428,-1.78796,-1.1708
978.8,0.950822,-3.02484,-0.730389,-0.0101109
978.9,0.735276,-2.96077,0.319528,0.341792
979,0.508042,-2.8155,1.33267,-0.870118
979.1,0.276141,-2.59493,2.28159,-2.32019
979.2,0.046616,-2.30686,3.14124,-0.125198
979.3,-0.173662,-1.96076,3.88961,0.205871
979.4,-0.378168,-1.56747,4.50826,-1.33957
979.5,-0.560883,-1.13883,4.98271,0.159893
979.6,-0.716442,-0.687348,5.30277,0.358504
979.7,-0.840248,-0.225845,5.46269,-0.532232
979.8,-0.928568,0.232938,5.46118,-0.391199
979.9,-0.978599,0.676674,5.30139,-0.632714
980,-0.988503,1.0938,4.99062,-0.380491
980.1,-0.957411,1.4738,4.54007,-3.26766
980.2,-0.885404,1.80752,3.96436,-0.773771
980.3,-0.773455,2.08734,3.2811,-0.782372
980.4,-0.623349,2.3074,2.51021,-0.418825
980.5,-0.437583,2.4637,1.67337,-1.47208
980.6,-0.219235,2.5542,0.793302,-0.553361
980.7,0.0281801,2.57881,-0.106879,0.124277
980.8,0.300869,2.53939,-1.00439,-0.908719
980.9,0.594932,2.43964,-1.87741,-0.0478123
981,0.906536,2.28497,-2.70572,-2.0159
981.1,1.21609,2.08198,-3.47127,-2.40594
981.2,1.4772,1.83489,-4.15796,-2.44348
981.3,1.68795,1.54727,-4.75095,-0.918519
981.4,1.84952,1.22422,-5.23691,0.0486326
981.5,1.96351,0.872157,-5.60452,-1.386
981.6,2.03205,0.498742,-5.84493,-3.22668
981.7,2.05785,0.1126,-5.95215,-1.25649
981.8,2.0442,-0.276896,-5.92335,-0.606264
981.9,1.99503,-0.659895,-5.75908,0.056971
982,1.91481,-1.02636,-5.46336,-1.76623
982.1,1.80855,-1.36634,-5.04372,0.140966
982.2,1.68172,-1.67031,-4.51112,-0.533814
982.3,1.54013,-1.92942,-3.87974,0.18542
982.4,1.38986,-2.13579,-3.16669,0.199888
982.5,1.23707,-2.2828,-2.39162,-0.191224
982.6,1.08792,-2.36524,-1.57627,0.0133128
982.7,0.946383,-2.3796,-0.743904,0.0693482
982.8,0.797865,-2.32528,0.0814257,-1.42584
982.9,0.642885,-2.20499,0.876088,-0.361958
983,0.48748,-2.02327,1.61774,0.27455
983.1,0.337764,-1.7862,2.28591,-1.17545
983.2,0.199783,-1.5012,2.86249,-2.15131
983.3,0.0793836,-1.17673,3.33214,0.377434
983.4,-0.0179095,-0.822095,3.68268,-0.520199
983.5,-0.0869978,-0.447105,3.90524,-0.0409557
983.6,-0.123293,-0.0618025,3.99445,-2.0059
983.7,-0.122778,0.323843,3.94846,-1.25515
983.8,-0.0820483,0.700217,3.76884,-0.313346
983.9,0.00168015,1.05834,3.46044,-1.78711
984,0.130582,1.39011,3.03108,-0.294679
984.1,0.306266,1.68855,2.49126,-0.839036
984.2,0.529839,1.94795,1.85366,-1.84711
984.3,0.802001,2.16409,1.13274,-2.04659
984.4,1.11875,2.33422,0.344166,-1.14377
984.5,1.43098,2.45466,-0.495428,0.167757
984.6,1.72232,2.51955,-1.36761,-2.19183
984.7,1.98924,2.52438,-2.2521,-0.56603
984.8,2.22819,2.46635,-3.12733,-0.998508
984.9,2.43579,2.34455,-3.9711,-0.482796
985,2.60899,2.15994,-4.76118,-0.356313
985.1,2.74521,1.91539,-5.47605,0.151371
985.2,2.84248,1.61565,-6.09551,-1.69872
985.3,2.89956,1.26723,-6.60132,-3.52249
985.4,2.91602,0.878257,-6.97784,-0.515503
985.5,2.89231,0.458263,-7.21248,-1.05075
985.6,2.82983,0.0179633,-7.29625,0.33834
985.7,2.73087,-0.431035,-7.22404,0.186673
985.8,2.59867,-0.876545,-6.99493,0.119382
985.9,2.43733,-1.30614,-6.61231,0.133039
986,2.25173,-1.70749,-6.08393,-0.566983
986.1,2.04745,-2.06874,-5.42175,-0.0940765
986.2,1.83062,-2.37884,-4.64179,0.259111
986.3,1.60779,-2.6279,-3.7637,0.148682
986.4,1.38577,-2.80748,-2.81037,-0.315922
986.5,1.17143,-2.9109,-1.80735,-1.31974
986.6,0.971095,-2.93345,-0.782183,0.248698
986.7,0.767097,-2.87353,0.236415,-0.0493299
986.8,0.552088,-2.73428,1.22002,-0.343168
986.9,0.332982,-2.52131,2.1418,-0.168955
987,0.116728,-2.24211,2.97721,-1.90435
987.1,-0.0898674,-1.9058,3.70461,-0.11298
987.2,-0.280311,-1.52283,4.30582,0.0880151
987.3,-0.448582,-1.10465,4.76648,0.0683423
987.4,-0.589267,-0.663363,5.07638,-0.200909
987.5,-0.697675,-0.211379,5.22959,-4.22891
987.6,-0.769927,0.238947,5.22454,0.0541437
987.7,-0.803019,0.67566,5.06392,-0.498842
987.8,-0.794851,1.08754,4.75448,0.245158
987.9,-0.744235,1.46439,4.30673,0.180605
988,-0.65086,1.79731,3.73454,-0.325526
988.1,-0.515247,2.07894,3.05461,0.279261
988.2,-0.338657,2.30359,2.28594,-0.288626
988.3,-0.122986,2.46743,1.4492,-0.474304
988.4,0.129361,2.56851,0.566065,-1.29812
988.5,0.415624,2.60683,-0.341432,0.179558
988.6,0.732853,2.58429,-1.25161,-0.493295
988.7,1.07638,2.5046,-2.14376,-2.77809
988.8,1.39659,2.37112,-2.99858,-4.56
988.9,1.67104,2.18455,-3.79735,-0.336897
989,1.89913,1.9468,-4.52178,-1.13264
989.1,2.08055,1.66152,-5.15456,-1.30654
989.2,2.21546,1.33403,-5.67991,0.0983569
989.3,2.3046,0.97114,-6.08424,-0.0592169
989.4,2.34934,0.581023,-6.35653,-0.635964
989.5,2.35175,0.172959,-6.48886,-0.322034
989.6,2.31464,-0.242896,-6.47669,-0.186387
989.7,2.24154,-0.655802,-6.31917,-0.361081
989.8,2.1367,-1.05473,-6.01926,-0.214763
989.9,2.00499,-1.42869,-5.58378,-0.442915
990,1.85186,-1.76703,-5.02334,0.0548259
990.1,1.68324,-2.0598,-4.35217,0.100163
990.2,1.50538,-2.29802,-3.58784,-0.321194
990.3,1.32473,-2.47396,-2.75083,0.253303
990.4,1.1478,-2.58145,-1.86406,-0.358726
990.5,0.980752,-2.61605,-0.952327,-0.218514
990.6,0.81019,-2.57597,-0.0415645,0.0268151
990.7,0.629678,-2.46355,0.842403,-2.73663
990.8,0.445555,-2.28339,1.67501,0.0581102
990.9,0.264254,-2.04181,2.4336,-3.30243
991,0.0921379,-1.74665,3.09802,-2.66691
991.1,-0.0646524,-1.40698,3.65106,-1.22278
991.2,-0.200335,-1.03284,4.07888,0.357669
991.3,-0.309614,-0.634912,4.37128,0.347084
991.4,-0.387777,-0.224205,4.52183,0.336059
991.5,-0.430779,0.188255,4.52802,-0.498579
991.6,-0.435297,0.591752,4.3911,-0.383234
991.7,-0.398756,0.976176,4.11602,-0.108368
991.8,-0.319327,1.3323,3.71108,-0.657798
991.9,-0.195908,1.65204,3.18766,-3.66174
992,-0.0280584,1.92865,2.55969,-0.999328
992.1,0.184073,2.15689,1.84325,-1.76259
992.2,0.439857,2.3332,1.05593,0.185415
992.3,0.738313,2.45573,0.21629,-0.427993
992.4,1.07655,2.52438,-0.656787,0.044317
992.5,1.40579,2.53874,-1.54446,0.200419
992.6,1.70232,2.49572,-2.4272,0.363113
992.7,1.96367,2.39344,-3.28455,-1.25681
992.8,2.18754,2.23183,-4.09568,-0.232531
992.9,2.37192,2.01272,-4.84011,-0.227244
993,2.51527,1.73971,-5.49829,0.357909
993.1,2.61659,1.41819,-6.05224,-0.119422
993.2,2.67561,1.05517,-6.48617,-1.89007
993.3,2.6928,0.65912,-6.787,0.168657
993.4,2.66945,0.239747,-6.94483,-0.351881
993.5,2.60772,-0.192255,-6.95335,-0.686216
993.6,2.51059,-0.625496,-6.81011,-0.287987
993.7,2.3819,-1.0482,-6.51673,-1.73923
993.8,2.22622,-1.44854,-6.07897,0.155617
993.9,2.04881,-1.81499,-5.5067,-0.0787221
994,1.85549,-2.13663,-4.81371,-0.626634
994.1,1.65253,-2.40351,-4.01746,-1.57721
994.2,1.4465,-2.60696,-3.13866,-0.860716
994.3,1.24407,-2.73985,-2.20082,-0.0456036
994.4,1.0519,-2.79686,-1.22963,-1.29671
994.5,0.867216,-2.77485,-0.252263,-1.48995
994.6,0.671086,-2.675,0.703678,-0.436617
994.7,0.468674,-2.50171,1.61166,0.222812
994.8,0.266732,-2.26134,2.44704,-0.0766169
994.9,0.0719636,-1.96188,3.1877,0.326171
995,-0.109138,-1.61275,3.81456,0.00849586
995.1,-0.270447,-1.22445,4.31205,-0.787423
995.2,-0.40634,-0.808286,4.66842,-2.25817
995.3,-0.511819,-0.375986,4.87597,0.19498
995.4,-0.582601,0.0606162,4.93111,0.262203
995.5,-0.615186,0.489924,4.83439,-0.503641
995.6,-0.606902,0.900904,4.5903,-0.564325
995.7,-0.555912,1.28339,4.20708,-0.308183
995.8,-0.461201,1.62834,3.69632,-3.77681
995.9,-0.322526,1.92811,3.07252,-1.75024
996,-0.140345,2.17659,2.35263,-2.05948
996.1,0.0842804,2.3694,1.55541,-0.759174
996.2,0.349812,2.50398,0.700854,-0.172782
996.3,0.654372,2.57961,-0.190486,0.194865
996.4,0.995912,2.59744,-1.09812,-0.224541
996.5,1.33724,2.55929,-2.00219,-1.04162
996.6,1.6397,2.46394,-2.88295,-1.80425
996.7,1.90151,2.31074,-3.72019,0.316232
996.8,2.12107,2.10091,-4.49385,-0.141894
996.9,2.29714,1.8375,-5.18457,0.141377
997,2.42899,1.52532,-5.7744,-1.91564
997.1,2.51647,1.17083,-6.24735,-1.70238
997.2,2.56017,0.782027,-6.58998,0.173113
997.3,2.56142,0.368154,-6.79184,-2.2433
997.4,2.52237,-0.0604717,-6.84596,-2.78632
997.5,2.44598,-0.492771,-6.74908,-0.533396
997.6,2.336,-0.917199,-6.50194,-0.00634962
997.7,2.19696,-1.32207,-6.10932,-0.336666
997.8,2.03403,-1.69591,-5.58011,-0.0160712
997.9,1.85298,-2.02776,-4.92709,-0.853744
998,1.66002,-2.30755,-4.16675,-2.63548
998.1,1.46168,-2.52637,-3.31892,-0.30888
998.2,1.26464,-2.67679,-2.40628,-0.418762
998.3,1.0756,-2.7531,-1.45382,-1.23827
998.4,0.895112,-2.75163,-0.488199,-0.695734
998.5,0.703279,-2.67263,0.463263,-1.35404
998.6,0.503432,-2.51995,1.37404,-1.78916
998.7,0.302195,-2.29937,2.2193,-1.62143
998.8,0.106186,-2.01841,2.97655,-0.307603
998.9,-0.078145,-1.68602,3.62618,0.199048
999,-0.244677,-1.31234,4.15194,0.102228
999.1,-0.387755,-0.908341,4.54128,-0.0221969
999.2,-0.502317,-0.485525,4.78559,-0.0438598
999.3,-0.583989,-0.0555804,4.88032,-1.14462
999.4,-0.629161,0.369953,4.82501,-0.192843
999.5,-0.635036,0.780011,4.62316,-0.924643
999.6,-0.59965,1.16431,4.28201,-5.65328
999.7,-0.521859,1.51361,3.81223,-1.00028
999.8,-0.401307,1.81997,3.2275,0.107432
999.9,-0.238359,2.07697,2.54402,-2.82495
1000,-0.0340122,2.2798,1.77995,-2.05587
